index,time,lat,lon,east_cm,north_cm,quality
0,075207.55,37.303916,127.907184,2.146619384862989,-2.553361812857702,4
1,075207.65,37.303916,127.907184,2.146619384862989,-2.553361812857702,4
2,075207.75,37.303916,127.907184,2.146619384862989,-2.553361812857702,4
3,075207.85,37.303916,127.907184,2.146619384862989,-2.553361812857702,4
4,075207.95,37.303916,127.907184,2.146619384862989,-2.553361812857702,4
5,075208.05,37.303916,127.907184,2.146619384862989,-2.553361812857702,4
6,075208.15,37.303916,127.907184,2.146619384862989,-2.553361812857702,4
7,075208.25,37.303916,127.907184,2.146619384862989,-2.553361812857702,4
8,075208.35,37.303916,127.907184,2.146619384862989,-2.553361812857702,4
9,075208.45,37.303916,127.907184,2.146619384862989,-2.553361812857702,4
10,075208.55,37.303916,127.907184,2.146619384862989,-2.553361812857702,4
11,075208.65,37.303916,127.907184,2.146619384862989,-2.553361812857702,4
12,075208.75,37.303916,127.907184,2.146619384862989,-2.553361812857702,4
13,075208.85,37.303916,127.907184,2.146619384862989,-2.553361812857702,4
14,075208.95,37.303916,127.907184,2.146619384862989,-2.553361812857702,4
15,075209.05,37.303916,127.907184,2.146619384862989,-2.553361812857702,4
16,075209.15,37.303916,127.907184,2.146619384862989,-2.553361812857702,4
17,075209.25,37.303916,127.907184,2.146619384862989,-2.553361812857702,4
18,075209.35,37.303916,127.907184,2.146619384862989,-2.553361812857702,4
19,075209.45,37.303916,127.907184,2.146619384862989,-2.553361812857702,4
20,075209.55,37.303916,127.907184,2.146619384862989,-2.553361812857702,4
21,075209.65,37.303916,127.907184,2.146619384862989,-2.553361812857702,4
22,075209.75,37.303916,127.907184,2.146619384862989,-2.553361812857702,4
23,075209.85,37.303916,127.907184,2.146619384862989,-2.553361812857702,4
24,075209.95,37.303916,127.907184,2.146619384862989,-2.553361812857702,4
25,075210.05,37.303916,127.907184,2.146619384862989,-2.553361812857702,4
26,075210.15,37.303916,127.907184,2.146619384862989,-2.553361812857702,4
27,075210.25,37.303915833333335,127.907184,2.146619384862989,-4.408695141506769,4
28,075210.35,37.303915833333335,127.907184,2.146619384862989,-4.408695141506769,4
29,075210.45,37.303915833333335,127.907184,2.146619384862989,-4.408695141506769,4
30,075210.55,37.303915833333335,127.907184,2.146619384862989,-4.408695141506769,4
31,075210.65,37.303916,127.907184,2.146619384862989,-2.553361812857702,4
32,075210.75,37.303916,127.907184,2.146619384862989,-2.553361812857702,4
33,075210.85,37.303915833333335,127.907184,2.146619384862989,-4.408695141506769,4
34,075210.95,37.303915833333335,127.907184,2.146619384862989,-4.408695141506769,4
35,075211.05,37.303915833333335,127.907184,2.146619384862989,-4.408695141506769,4
36,075211.15,37.303916,127.907184,2.146619384862989,-2.553361812857702,4
37,075211.25,37.303915833333335,127.907184,2.146619384862989,-4.408695141506769,4
38,075211.35,37.303915833333335,127.907184,2.146619384862989,-4.408695141506769,4
39,075211.45,37.303915833333335,127.907184,2.146619384862989,-4.408695141506769,4
40,075211.55,37.303915833333335,127.907184,2.146619384862989,-4.408695141506769,4
41,075211.65,37.303915833333335,127.907184,2.146619384862989,-4.408695141506769,4
42,075211.75,37.303915833333335,127.907184,2.146619384862989,-4.408695141506769,4
43,075211.85,37.303915833333335,127.907184,2.146619384862989,-4.408695141506769,4
44,075211.95,37.303915833333335,127.907184,2.146619384862989,-4.408695141506769,4
45,075212.05,37.303915833333335,127.907184,2.146619384862989,-4.408695141506769,4
46,075212.15,37.303915833333335,127.907184,2.146619384862989,-4.408695141506769,4
47,075212.25,37.303915833333335,127.907184,2.146619384862989,-4.408695141506769,4
48,075212.35,37.303916,127.907184,2.146619384862989,-2.553361812857702,4
49,075212.45,37.303915833333335,127.907184,2.146619384862989,-4.408695141506769,4
50,075212.55,37.303915833333335,127.907184,2.146619384862989,-4.408695141506769,4
51,075212.65,37.303915833333335,127.907184,2.146619384862989,-4.408695141506769,4
52,075212.75,37.303915833333335,127.907184,2.146619384862989,-4.408695141506769,4
53,075212.85,37.303915833333335,127.907184,2.146619384862989,-4.408695141506769,4
54,075212.95,37.303915833333335,127.907184,2.146619384862989,-4.408695141506769,4
55,075213.05,37.303915833333335,127.907184,2.146619384862989,-4.408695141506769,4
56,075213.15,37.303916,127.907184,2.146619384862989,-2.553361812857702,4
57,075213.25,37.303915833333335,127.907184,2.146619384862989,-4.408695141506769,4
58,075213.35,37.303915833333335,127.907184,2.146619384862989,-4.408695141506769,4
59,075213.45,37.303915833333335,127.907184,2.146619384862989,-4.408695141506769,4
60,075213.55,37.303915833333335,127.907184,2.146619384862989,-4.408695141506769,4
61,075213.65,37.303915833333335,127.907184,2.146619384862989,-4.408695141506769,4
62,075213.75,37.303915833333335,127.907184,2.146619384862989,-4.408695141506769,4
63,075213.85,37.303915833333335,127.907184,2.146619384862989,-4.408695141506769,4
64,075213.95,37.303915833333335,127.907184,2.146619384862989,-4.408695141506769,4
65,075214.05,37.303915833333335,127.907184,2.146619384862989,-4.408695141506769,4
66,075214.15,37.303915833333335,127.907184,2.146619384862989,-4.408695141506769,4
67,075214.25,37.303915833333335,127.907184,2.146619384862989,-4.408695141506769,4
68,075214.35,37.303915833333335,127.907184,2.146619384862989,-4.408695141506769,4
69,075214.45,37.303915833333335,127.907184,2.146619384862989,-4.408695141506769,4
70,075214.55,37.303915833333335,127.907184,2.146619384862989,-4.408695141506769,4
71,075214.65,37.303915833333335,127.907184,2.146619384862989,-4.408695141506769,4
72,075214.75,37.303915833333335,127.907184,2.146619384862989,-4.408695141506769,4
73,075214.85,37.303915833333335,127.907184,2.146619384862989,-4.408695141506769,4
74,075214.95,37.303915833333335,127.907184,2.146619384862989,-4.408695141506769,4
75,075215.05,37.303915833333335,127.907184,2.146619384862989,-4.408695141506769,4
76,075215.15,37.303915833333335,127.907184,2.146619384862989,-4.408695141506769,4
77,075215.25,37.303915833333335,127.907184,2.146619384862989,-4.408695141506769,4
78,075215.35,37.303915833333335,127.907184,2.146619384862989,-4.408695141506769,4
79,075215.45,37.303915833333335,127.907184,2.146619384862989,-4.408695141506769,4
80,075215.55,37.303915833333335,127.907184,2.146619384862989,-4.408695141506769,4
81,075215.65,37.303916,127.907184,2.146619384862989,-2.553361812857702,4
82,075215.75,37.303916,127.907184,2.146619384862989,-2.553361812857702,4
83,075215.85,37.303916,127.907184,2.146619384862989,-2.553361812857702,4
84,075215.95,37.303916,127.907184,2.146619384862989,-2.553361812857702,4
85,075216.05,37.303916,127.907184,2.146619384862989,-2.553361812857702,4
86,075216.15,37.303916,127.907184,2.146619384862989,-2.553361812857702,4
87,075216.25,37.303916,127.907184,2.146619384862989,-2.553361812857702,4
88,075216.35,37.303916,127.907184,2.146619384862989,-2.553361812857702,4
89,075216.45,37.303916,127.907184,2.146619384862989,-2.553361812857702,4
90,075216.55,37.303916,127.907184,2.146619384862989,-2.553361812857702,4
91,075216.65,37.303916,127.907184,2.146619384862989,-2.553361812857702,4
92,075216.75,37.303916,127.907184,2.146619384862989,-2.553361812857702,4
93,075216.85,37.303916,127.907184,2.146619384862989,-2.553361812857702,4
94,075216.95,37.303916,127.907184,2.146619384862989,-2.553361812857702,4
95,075217.05,37.303915833333335,127.907184,2.146619384862989,-4.408695141506769,4
96,075217.15,37.303915833333335,127.907184,2.146619384862989,-4.408695141506769,4
97,075217.25,37.303916,127.907184,2.146619384862989,-2.553361812857702,4
98,075217.35,37.303916,127.907184,2.146619384862989,-2.553361812857702,4
99,075217.45,37.303916,127.907184,2.146619384862989,-2.553361812857702,4
100,075217.55,37.303916,127.907184,2.146619384862989,-2.553361812857702,4
101,075217.65,37.303916,127.907184,2.146619384862989,-2.553361812857702,4
102,075217.75,37.303916,127.907184,2.146619384862989,-2.553361812857702,4
103,075217.85,37.303916,127.907184,2.146619384862989,-2.553361812857702,4
104,075217.95,37.303916,127.907184,2.146619384862989,-2.553361812857702,4
105,075218.05,37.303916,127.907184,2.146619384862989,-2.553361812857702,4
106,075218.15,37.303916,127.907184,2.146619384862989,-2.553361812857702,4
107,075218.25,37.303916,127.907184,2.146619384862989,-2.553361812857702,4
108,075218.35,37.303916,127.907184,2.146619384862989,-2.553361812857702,4
109,075218.45,37.303915833333335,127.907184,2.146619384862989,-4.408695141506769,4
110,075218.55,37.303915833333335,127.907184,2.146619384862989,-4.408695141506769,4
111,075218.65,37.303916,127.907184,2.146619384862989,-2.553361812857702,4
112,075218.75,37.303916,127.907184,2.146619384862989,-2.553361812857702,4
113,075218.85,37.303916,127.907184,2.146619384862989,-2.553361812857702,4
114,075218.95,37.303916,127.907184,2.146619384862989,-2.553361812857702,4
115,075219.05,37.303915833333335,127.907184,2.146619384862989,-4.408695141506769,4
116,075219.15,37.303915833333335,127.907184,2.146619384862989,-4.408695141506769,4
117,075219.25,37.303915833333335,127.907184,2.146619384862989,-4.408695141506769,4
118,075219.35,37.303916,127.907184,2.146619384862989,-2.553361812857702,4
119,075219.45,37.303916,127.907184,2.146619384862989,-2.553361812857702,4
120,075219.55,37.303915833333335,127.907184,2.146619384862989,-4.408695141506769,4
121,075219.65,37.303915833333335,127.907184,2.146619384862989,-4.408695141506769,4
122,075219.75,37.303916,127.907184,2.146619384862989,-2.553361812857702,4
123,075219.85,37.303915833333335,127.907184,2.146619384862989,-4.408695141506769,4
124,075219.95,37.303915833333335,127.907184,2.146619384862989,-4.408695141506769,4
125,075220.05,37.303915833333335,127.907184,2.146619384862989,-4.408695141506769,4
126,075220.15,37.303915833333335,127.907184,2.146619384862989,-4.408695141506769,4
127,075220.25,37.303915833333335,127.907184,2.146619384862989,-4.408695141506769,4
128,075220.35,37.303916,127.907184,2.146619384862989,-2.553361812857702,4
129,075220.45,37.303915833333335,127.907184,2.146619384862989,-4.408695141506769,4
130,075220.55,37.303915833333335,127.907184,2.146619384862989,-4.408695141506769,4
131,075220.65,37.303915833333335,127.907184,2.146619384862989,-4.408695141506769,4
132,075220.75,37.303916,127.907184,2.146619384862989,-2.553361812857702,4
133,075220.85,37.303916,127.907184,2.146619384862989,-2.553361812857702,4
134,075220.95,37.303916,127.907184,2.146619384862989,-2.553361812857702,4
135,075221.05,37.303916,127.907184,2.146619384862989,-2.553361812857702,4
136,075221.15,37.303916,127.907184,2.146619384862989,-2.553361812857702,4
137,075221.25,37.303916,127.907184,2.146619384862989,-2.553361812857702,4
138,075221.35,37.303916,127.907184,2.146619384862989,-2.553361812857702,4
139,075221.45,37.303916,127.907184,2.146619384862989,-2.553361812857702,4
140,075221.55,37.303916,127.907184,2.146619384862989,-2.553361812857702,4
141,075221.65,37.30391616666667,127.90718383333333,0.670827775078046,-0.6980284842086348,4
142,075221.75,37.30391616666667,127.90718383333333,0.670827775078046,-0.6980284842086348,4
143,075221.85,37.30391616666667,127.90718366666667,-0.8049638347068965,-0.6980284842086348,4
144,075221.95,37.30391616666667,127.90718383333333,0.670827775078046,-0.6980284842086348,4
145,075222.05,37.30391616666667,127.90718383333333,0.670827775078046,-0.6980284842086348,4
146,075222.15,37.303916,127.90718383333333,0.670827775078046,-2.553361812857702,4
147,075222.25,37.30391616666667,127.90718383333333,0.670827775078046,-0.6980284842086348,4
148,075222.35,37.303916,127.90718383333333,0.670827775078046,-2.553361812857702,4
149,075222.45,37.303916,127.90718383333333,0.670827775078046,-2.553361812857702,4
150,075222.55,37.303916,127.90718383333333,0.670827775078046,-2.553361812857702,4
151,075222.65,37.303916,127.90718383333333,0.670827775078046,-2.553361812857702,4
152,075222.75,37.303916,127.90718366666667,-0.8049638347068965,-2.553361812857702,4
153,075222.85,37.303916,127.90718366666667,-0.8049638347068965,-2.553361812857702,4
154,075222.95,37.30391616666667,127.90718366666667,-0.8049638347068965,-0.6980284842086348,4
155,075223.05,37.30391616666667,127.90718366666667,-0.8049638347068965,-0.6980284842086348,4
156,075223.15,37.30391616666667,127.90718366666667,-0.8049638347068965,-0.6980284842086348,4
157,075223.25,37.30391616666667,127.90718366666667,-0.8049638347068965,-0.6980284842086348,4
158,075223.35,37.30391616666667,127.90718383333333,0.670827775078046,-0.6980284842086348,4
159,075223.45,37.30391616666667,127.90718383333333,0.670827775078046,-0.6980284842086348,4
160,075223.55,37.30391616666667,127.90718383333333,0.670827775078046,-0.6980284842086348,4
161,075223.65,37.30391616666667,127.90718383333333,0.670827775078046,-0.6980284842086348,4
162,075223.75,37.30391616666667,127.90718383333333,0.670827775078046,-0.6980284842086348,4
163,075223.85,37.30391616666667,127.90718383333333,0.670827775078046,-0.6980284842086348,4
164,075223.95,37.30391616666667,127.90718383333333,0.670827775078046,-0.6980284842086348,4
165,075224.05,37.30391616666667,127.90718383333333,0.670827775078046,-0.6980284842086348,4
166,075224.15,37.30391616666667,127.90718383333333,0.670827775078046,-0.6980284842086348,4
167,075224.25,37.30391616666667,127.90718383333333,0.670827775078046,-0.6980284842086348,4
168,075224.35,37.30391616666667,127.90718383333333,0.670827775078046,-0.6980284842086348,4
169,075224.45,37.30391616666667,127.90718383333333,0.670827775078046,-0.6980284842086348,4
170,075224.55,37.30391616666667,127.90718383333333,0.670827775078046,-0.6980284842086348,4
171,075224.65,37.30391616666667,127.90718383333333,0.670827775078046,-0.6980284842086348,4
172,075224.75,37.303916,127.90718383333333,0.670827775078046,-2.553361812857702,4
173,075224.85,37.303916,127.90718383333333,0.670827775078046,-2.553361812857702,4
174,075224.95,37.303916,127.90718383333333,0.670827775078046,-2.553361812857702,4
175,075225.05,37.303916,127.90718383333333,0.670827775078046,-2.553361812857702,4
176,075225.15,37.303916,127.90718383333333,0.670827775078046,-2.553361812857702,4
177,075225.25,37.303916,127.90718383333333,0.670827775078046,-2.553361812857702,4
178,075225.35,37.303916,127.90718383333333,0.670827775078046,-2.553361812857702,4
179,075225.45,37.303916,127.90718383333333,0.670827775078046,-2.553361812857702,4
180,075225.55,37.303916,127.90718383333333,0.670827775078046,-2.553361812857702,4
181,075225.65,37.303916,127.90718383333333,0.670827775078046,-2.553361812857702,4
182,075225.75,37.303916,127.90718383333333,0.670827775078046,-2.553361812857702,4
183,075225.85,37.303916,127.90718383333333,0.670827775078046,-2.553361812857702,4
184,075225.95,37.303916,127.90718383333333,0.670827775078046,-2.553361812857702,4
185,075226.05,37.303916,127.90718383333333,0.670827775078046,-2.553361812857702,4
186,075226.15,37.303916,127.90718383333333,0.670827775078046,-2.553361812857702,4
187,075226.25,37.303916,127.90718383333333,0.670827775078046,-2.553361812857702,4
188,075226.35,37.303916,127.90718383333333,0.670827775078046,-2.553361812857702,4
189,075226.45,37.303916,127.90718383333333,0.670827775078046,-2.553361812857702,4
190,075226.55,37.303916,127.90718383333333,0.670827775078046,-2.553361812857702,4
191,075226.65,37.303916,127.90718383333333,0.670827775078046,-2.553361812857702,4
192,075226.75,37.303916,127.90718383333333,0.670827775078046,-2.553361812857702,4
193,075226.85,37.303916,127.90718383333333,0.670827775078046,-2.553361812857702,4
194,075226.95,37.303916,127.90718383333333,0.670827775078046,-2.553361812857702,4
195,075227.05,37.303916,127.90718383333333,0.670827775078046,-2.553361812857702,4
196,075227.15,37.303916,127.90718383333333,0.670827775078046,-2.553361812857702,4
197,075227.25,37.303916,127.90718383333333,0.670827775078046,-2.553361812857702,4
198,075227.35,37.303916,127.90718383333333,0.670827775078046,-2.553361812857702,4
199,075227.45,37.30391616666667,127.90718383333333,0.670827775078046,-0.6980284842086348,4
200,075227.55,37.30391616666667,127.90718383333333,0.670827775078046,-0.6980284842086348,4
201,075227.65,37.30391616666667,127.90718383333333,0.670827775078046,-0.6980284842086348,4
202,075227.75,37.303916,127.90718383333333,0.670827775078046,-2.553361812857702,4
203,075227.85,37.30391616666667,127.90718383333333,0.670827775078046,-0.6980284842086348,4
204,075227.95,37.30391616666667,127.90718383333333,0.670827775078046,-0.6980284842086348,4
205,075228.05,37.30391616666667,127.90718383333333,0.670827775078046,-0.6980284842086348,4
206,075228.15,37.303916,127.90718383333333,0.670827775078046,-2.553361812857702,4
207,075228.25,37.303916,127.90718383333333,0.670827775078046,-2.553361812857702,4
208,075228.35,37.303916,127.90718383333333,0.670827775078046,-2.553361812857702,4
209,075228.45,37.303916,127.90718383333333,0.670827775078046,-2.553361812857702,4
210,075228.55,37.303916,127.90718383333333,0.670827775078046,-2.553361812857702,4
211,075228.65,37.303916,127.90718383333333,0.670827775078046,-2.553361812857702,4
212,075228.75,37.303916,127.90718383333333,0.670827775078046,-2.553361812857702,4
213,075228.85,37.303916,127.90718383333333,0.670827775078046,-2.553361812857702,4
214,075228.95,37.303916,127.90718383333333,0.670827775078046,-2.553361812857702,4
215,075229.05,37.303916,127.90718383333333,0.670827775078046,-2.553361812857702,4
216,075229.15,37.303916,127.90718383333333,0.670827775078046,-2.553361812857702,4
217,075229.25,37.303916,127.90718383333333,0.670827775078046,-2.553361812857702,4
218,075229.35,37.303916,127.90718383333333,0.670827775078046,-2.553361812857702,4
219,075229.45,37.303916,127.90718383333333,0.670827775078046,-2.553361812857702,4
220,075229.55,37.303916,127.90718383333333,0.670827775078046,-2.553361812857702,4
221,075229.65,37.303916,127.90718383333333,0.670827775078046,-2.553361812857702,4
222,075229.75,37.303916,127.90718383333333,0.670827775078046,-2.553361812857702,4
223,075229.85,37.30391616666667,127.90718383333333,0.670827775078046,-0.6980284842086348,4
224,075229.95,37.30391616666667,127.90718383333333,0.670827775078046,-0.6980284842086348,4
225,075230.05,37.303916,127.90718383333333,0.670827775078046,-2.553361812857702,4
226,075230.15,37.303916,127.90718383333333,0.670827775078046,-2.553361812857702,4
227,075230.25,37.303916,127.90718383333333,0.670827775078046,-2.553361812857702,4
228,075230.35,37.30391616666667,127.90718383333333,0.670827775078046,-0.6980284842086348,4
229,075230.45,37.30391616666667,127.90718383333333,0.670827775078046,-0.6980284842086348,4
230,075230.55,37.303916,127.90718383333333,0.670827775078046,-2.553361812857702,4
231,075230.65,37.303916,127.90718383333333,0.670827775078046,-2.553361812857702,4
232,075230.75,37.303916,127.90718383333333,0.670827775078046,-2.553361812857702,4
233,075230.85,37.303916,127.90718383333333,0.670827775078046,-2.553361812857702,4
234,075230.95,37.303916,127.90718383333333,0.670827775078046,-2.553361812857702,4
235,075231.05,37.303916,127.90718383333333,0.670827775078046,-2.553361812857702,4
236,075231.15,37.303916,127.90718383333333,0.670827775078046,-2.553361812857702,4
237,075231.25,37.303916,127.90718383333333,0.670827775078046,-2.553361812857702,4
238,075231.35,37.303916,127.90718383333333,0.670827775078046,-2.553361812857702,4
239,075231.45,37.303916,127.90718383333333,0.670827775078046,-2.553361812857702,4
240,075231.55,37.30391616666667,127.90718383333333,0.670827775078046,-0.6980284842086348,4
241,075231.65,37.30391616666667,127.90718383333333,0.670827775078046,-0.6980284842086348,4
242,075231.75,37.30391616666667,127.90718383333333,0.670827775078046,-0.6980284842086348,4
243,075231.85,37.30391616666667,127.90718383333333,0.670827775078046,-0.6980284842086348,4
244,075231.95,37.30391616666667,127.90718383333333,0.670827775078046,-0.6980284842086348,4
245,075232.05,37.30391616666667,127.90718383333333,0.670827775078046,-0.6980284842086348,4
246,075232.15,37.30391616666667,127.90718383333333,0.670827775078046,-0.6980284842086348,4
247,075232.25,37.30391616666667,127.90718383333333,0.670827775078046,-0.6980284842086348,4
248,075232.35,37.30391616666667,127.90718383333333,0.670827775078046,-0.6980284842086348,4
249,075232.45,37.30391616666667,127.90718383333333,0.670827775078046,-0.6980284842086348,4
250,075232.55,37.30391616666667,127.90718383333333,0.670827775078046,-0.6980284842086348,4
251,075232.65,37.30391616666667,127.90718383333333,0.670827775078046,-0.6980284842086348,4
252,075232.75,37.30391616666667,127.90718383333333,0.670827775078046,-0.6980284842086348,4
253,075232.85,37.30391616666667,127.90718383333333,0.670827775078046,-0.6980284842086348,4
254,075232.95,37.30391616666667,127.90718383333333,0.670827775078046,-0.6980284842086348,4
255,075233.05,37.30391616666667,127.90718383333333,0.670827775078046,-0.6980284842086348,4
256,075233.15,37.30391616666667,127.90718383333333,0.670827775078046,-0.6980284842086348,4
257,075233.25,37.30391616666667,127.90718383333333,0.670827775078046,-0.6980284842086348,4
258,075233.35,37.30391616666667,127.90718383333333,0.670827775078046,-0.6980284842086348,4
259,075233.45,37.30391616666667,127.90718383333333,0.670827775078046,-0.6980284842086348,4
260,075233.55,37.30391616666667,127.90718383333333,0.670827775078046,-0.6980284842086348,4
261,075233.65,37.30391616666667,127.90718383333333,0.670827775078046,-0.6980284842086348,4
262,075233.75,37.30391616666667,127.90718383333333,0.670827775078046,-0.6980284842086348,4
263,075233.85,37.30391616666667,127.90718383333333,0.670827775078046,-0.6980284842086348,4
264,075233.95,37.30391616666667,127.90718383333333,0.670827775078046,-0.6980284842086348,4
265,075234.05,37.30391616666667,127.90718383333333,0.670827775078046,-0.6980284842086348,4
266,075234.15,37.303916,127.90718383333333,0.670827775078046,-2.553361812857702,4
267,075234.25,37.303916,127.90718383333333,0.670827775078046,-2.553361812857702,4
268,075234.35,37.303916,127.90718383333333,0.670827775078046,-2.553361812857702,4
269,075234.45,37.303916,127.90718383333333,0.670827775078046,-2.553361812857702,4
270,075234.55,37.303916,127.90718383333333,0.670827775078046,-2.553361812857702,4
271,075234.65,37.303916,127.90718383333333,0.670827775078046,-2.553361812857702,4
272,075234.75,37.303916,127.90718383333333,0.670827775078046,-2.553361812857702,4
273,075234.85,37.303916,127.90718383333333,0.670827775078046,-2.553361812857702,4
274,075234.95,37.303916,127.90718383333333,0.670827775078046,-2.553361812857702,4
275,075235.05,37.303916,127.90718383333333,0.670827775078046,-2.553361812857702,4
276,075235.15,37.303916,127.90718383333333,0.670827775078046,-2.553361812857702,4
277,075235.25,37.303916,127.90718383333333,0.670827775078046,-2.553361812857702,4
278,075235.35,37.303916,127.90718383333333,0.670827775078046,-2.553361812857702,4
279,075235.45,37.303916,127.90718383333333,0.670827775078046,-2.553361812857702,4
280,075235.55,37.303916,127.90718383333333,0.670827775078046,-2.553361812857702,4
281,075235.65,37.303916,127.90718383333333,0.670827775078046,-2.553361812857702,4
282,075235.75,37.303916,127.90718383333333,0.670827775078046,-2.553361812857702,4
283,075235.85,37.303916,127.90718383333333,0.670827775078046,-2.553361812857702,4
284,075235.95,37.30391616666667,127.90718383333333,0.670827775078046,-0.6980284842086348,4
285,075236.05,37.30391616666667,127.90718383333333,0.670827775078046,-0.6980284842086348,4
286,075236.15,37.30391616666667,127.90718383333333,0.670827775078046,-0.6980284842086348,4
287,075236.25,37.30391616666667,127.90718383333333,0.670827775078046,-0.6980284842086348,4
288,075236.35,37.30391616666667,127.90718383333333,0.670827775078046,-0.6980284842086348,4
289,075236.45,37.30391616666667,127.90718383333333,0.670827775078046,-0.6980284842086348,4
290,075236.55,37.30391616666667,127.90718383333333,0.670827775078046,-0.6980284842086348,4
291,075236.65,37.30391616666667,127.90718383333333,0.670827775078046,-0.6980284842086348,4
292,075236.75,37.30391616666667,127.90718383333333,0.670827775078046,-0.6980284842086348,4
293,075236.85,37.30391616666667,127.90718383333333,0.670827775078046,-0.6980284842086348,4
294,075236.95,37.30391616666667,127.90718383333333,0.670827775078046,-0.6980284842086348,4
295,075237.05,37.303916,127.90718383333333,0.670827775078046,-2.553361812857702,4
296,075237.15,37.303916,127.90718383333333,0.670827775078046,-2.553361812857702,4
297,075237.25,37.303916,127.90718366666667,-0.8049638347068965,-2.553361812857702,4
298,075237.35,37.303916,127.90718383333333,0.670827775078046,-2.553361812857702,4
299,075237.45,37.303916,127.90718383333333,0.670827775078046,-2.553361812857702,4
300,075237.55,37.303916,127.90718366666667,-0.8049638347068965,-2.553361812857702,4
301,075237.65,37.303916,127.90718366666667,-0.8049638347068965,-2.553361812857702,4
302,075237.75,37.303916,127.90718366666667,-0.8049638347068965,-2.553361812857702,4
303,075237.85,37.303916,127.90718383333333,0.670827775078046,-2.553361812857702,4
304,075237.95,37.303916,127.90718383333333,0.670827775078046,-2.553361812857702,4
305,075238.05,37.303916,127.90718383333333,0.670827775078046,-2.553361812857702,4
306,075238.15,37.303916,127.90718383333333,0.670827775078046,-2.553361812857702,4
307,075238.25,37.303916,127.90718383333333,0.670827775078046,-2.553361812857702,4
308,075238.35,37.303916,127.90718383333333,0.670827775078046,-2.553361812857702,4
309,075238.45,37.303916,127.90718383333333,0.670827775078046,-2.553361812857702,4
310,075238.55,37.30391616666667,127.90718383333333,0.670827775078046,-0.6980284842086348,4
311,075238.65,37.30391616666667,127.90718383333333,0.670827775078046,-0.6980284842086348,4
312,075238.75,37.30391616666667,127.90718383333333,0.670827775078046,-0.6980284842086348,4
313,075238.85,37.30391616666667,127.90718366666667,-0.8049638347068965,-0.6980284842086348,4
314,075238.95,37.30391616666667,127.90718366666667,-0.8049638347068965,-0.6980284842086348,4
315,075239.05,37.30391616666667,127.90718366666667,-0.8049638347068965,-0.6980284842086348,4
316,075239.15,37.303916,127.90718383333333,0.670827775078046,-2.553361812857702,4
317,075239.25,37.303916,127.90718366666667,-0.8049638347068965,-2.553361812857702,4
318,075239.35,37.303916,127.90718383333333,0.670827775078046,-2.553361812857702,4
319,075239.45,37.303916,127.90718383333333,0.670827775078046,-2.553361812857702,4
320,075239.55,37.303916,127.90718383333333,0.670827775078046,-2.553361812857702,4
321,075239.65,37.303916,127.90718383333333,0.670827775078046,-2.553361812857702,4
322,075239.75,37.303916,127.90718383333333,0.670827775078046,-2.553361812857702,4
323,075239.85,37.303916,127.90718383333333,0.670827775078046,-2.553361812857702,4
324,075239.95,37.303916,127.90718366666667,-0.8049638347068965,-2.553361812857702,4
325,075240.05,37.303916,127.90718366666667,-0.8049638347068965,-2.553361812857702,4
326,075240.15,37.30391616666667,127.90718383333333,0.670827775078046,-0.6980284842086348,4
327,075240.25,37.30391616666667,127.90718383333333,0.670827775078046,-0.6980284842086348,4
328,075240.35,37.30391616666667,127.90718383333333,0.670827775078046,-0.6980284842086348,4
329,075240.45,37.30391616666667,127.90718383333333,0.670827775078046,-0.6980284842086348,4
330,075240.55,37.30391616666667,127.90718383333333,0.670827775078046,-0.6980284842086348,4
331,075240.65,37.30391616666667,127.90718383333333,0.670827775078046,-0.6980284842086348,4
332,075240.75,37.30391616666667,127.90718383333333,0.670827775078046,-0.6980284842086348,4
333,075240.85,37.30391616666667,127.90718383333333,0.670827775078046,-0.6980284842086348,4
334,075240.95,37.30391616666667,127.90718383333333,0.670827775078046,-0.6980284842086348,4
335,075241.05,37.30391616666667,127.90718383333333,0.670827775078046,-0.6980284842086348,4
336,075241.15,37.30391616666667,127.90718383333333,0.670827775078046,-0.6980284842086348,4
337,075241.25,37.30391616666667,127.90718383333333,0.670827775078046,-0.6980284842086348,4
338,075241.35,37.30391616666667,127.90718383333333,0.670827775078046,-0.6980284842086348,4
339,075241.45,37.30391616666667,127.90718383333333,0.670827775078046,-0.6980284842086348,4
340,075241.55,37.30391616666667,127.90718383333333,0.670827775078046,-0.6980284842086348,4
341,075241.65,37.30391616666667,127.90718383333333,0.670827775078046,-0.6980284842086348,4
342,075241.75,37.30391616666667,127.90718383333333,0.670827775078046,-0.6980284842086348,4
343,075241.85,37.30391616666667,127.90718383333333,0.670827775078046,-0.6980284842086348,4
344,075241.95,37.30391616666667,127.90718383333333,0.670827775078046,-0.6980284842086348,4
345,075242.05,37.30391616666667,127.90718383333333,0.670827775078046,-0.6980284842086348,4
346,075242.15,37.30391616666667,127.90718383333333,0.670827775078046,-0.6980284842086348,4
347,075242.25,37.303916,127.90718383333333,0.670827775078046,-2.553361812857702,4
348,075242.35,37.303916,127.90718383333333,0.670827775078046,-2.553361812857702,4
349,075242.45,37.30391616666667,127.90718383333333,0.670827775078046,-0.6980284842086348,4
350,075242.55,37.30391616666667,127.90718383333333,0.670827775078046,-0.6980284842086348,4
351,075242.65,37.30391616666667,127.90718383333333,0.670827775078046,-0.6980284842086348,4
352,075242.75,37.30391616666667,127.90718383333333,0.670827775078046,-0.6980284842086348,4
353,075242.85,37.30391616666667,127.90718383333333,0.670827775078046,-0.6980284842086348,4
354,075242.95,37.30391616666667,127.90718383333333,0.670827775078046,-0.6980284842086348,4
355,075243.05,37.303916,127.90718383333333,0.670827775078046,-2.553361812857702,4
356,075243.15,37.303916,127.90718383333333,0.670827775078046,-2.553361812857702,4
357,075243.25,37.303916,127.90718383333333,0.670827775078046,-2.553361812857702,4
358,075243.35,37.30391616666667,127.90718383333333,0.670827775078046,-0.6980284842086348,4
359,075243.45,37.30391616666667,127.90718383333333,0.670827775078046,-0.6980284842086348,4
360,075243.55,37.303916,127.90718383333333,0.670827775078046,-2.553361812857702,4
361,075243.65,37.303916,127.90718383333333,0.670827775078046,-2.553361812857702,4
362,075243.75,37.303916,127.90718383333333,0.670827775078046,-2.553361812857702,4
363,075243.85,37.303916,127.90718383333333,0.670827775078046,-2.553361812857702,4
364,075243.95,37.303916,127.90718383333333,0.670827775078046,-2.553361812857702,4
365,075244.05,37.303916,127.90718383333333,0.670827775078046,-2.553361812857702,4
366,075244.15,37.303916,127.90718383333333,0.670827775078046,-2.553361812857702,4
367,075244.25,37.303916,127.90718383333333,0.670827775078046,-2.553361812857702,4
368,075244.35,37.303916,127.90718383333333,0.670827775078046,-2.553361812857702,4
369,075244.45,37.303916,127.90718383333333,0.670827775078046,-2.553361812857702,4
370,075244.55,37.303916,127.90718383333333,0.670827775078046,-2.553361812857702,4
371,075244.65,37.303916,127.90718383333333,0.670827775078046,-2.553361812857702,4
372,075244.75,37.303916,127.90718383333333,0.670827775078046,-2.553361812857702,4
373,075244.85,37.303916,127.90718383333333,0.670827775078046,-2.553361812857702,4
374,075244.95,37.303916,127.90718383333333,0.670827775078046,-2.553361812857702,4
375,075245.05,37.303916,127.90718383333333,0.670827775078046,-2.553361812857702,4
376,075245.15,37.303916,127.90718383333333,0.670827775078046,-2.553361812857702,4
377,075245.25,37.303916,127.90718383333333,0.670827775078046,-2.553361812857702,4
378,075245.35,37.303916,127.90718383333333,0.670827775078046,-2.553361812857702,4
379,075245.45,37.303916,127.90718383333333,0.670827775078046,-2.553361812857702,4
380,075245.55,37.303916,127.90718383333333,0.670827775078046,-2.553361812857702,4
381,075245.65,37.303916,127.90718383333333,0.670827775078046,-2.553361812857702,4
382,075245.75,37.303916,127.90718383333333,0.670827775078046,-2.553361812857702,4
383,075245.85,37.303916,127.90718383333333,0.670827775078046,-2.553361812857702,4
384,075245.95,37.303916,127.90718383333333,0.670827775078046,-2.553361812857702,4
385,075246.05,37.303916,127.90718383333333,0.670827775078046,-2.553361812857702,4
386,075246.15,37.303916,127.90718383333333,0.670827775078046,-2.553361812857702,4
387,075246.25,37.303916,127.90718383333333,0.670827775078046,-2.553361812857702,4
388,075246.35,37.303916,127.90718383333333,0.670827775078046,-2.553361812857702,4
389,075246.45,37.303916,127.90718383333333,0.670827775078046,-2.553361812857702,4
390,075246.55,37.303916,127.90718383333333,0.670827775078046,-2.553361812857702,4
391,075246.65,37.30391616666667,127.90718383333333,0.670827775078046,-0.6980284842086348,4
392,075246.75,37.30391616666667,127.90718383333333,0.670827775078046,-0.6980284842086348,4
393,075246.85,37.30391616666667,127.90718383333333,0.670827775078046,-0.6980284842086348,4
394,075246.95,37.30391616666667,127.90718383333333,0.670827775078046,-0.6980284842086348,4
395,075247.05,37.30391616666667,127.90718383333333,0.670827775078046,-0.6980284842086348,4
396,075247.15,37.30391616666667,127.90718383333333,0.670827775078046,-0.6980284842086348,4
397,075247.25,37.30391616666667,127.90718383333333,0.670827775078046,-0.6980284842086348,4
398,075247.35,37.30391616666667,127.90718383333333,0.670827775078046,-0.6980284842086348,4
399,075247.45,37.30391616666667,127.90718366666667,-0.8049638347068965,-0.6980284842086348,4
400,075247.55,37.30391616666667,127.90718366666667,-0.8049638347068965,-0.6980284842086348,4
401,075247.65,37.30391616666667,127.90718366666667,-0.8049638347068965,-0.6980284842086348,4
402,075247.75,37.30391616666667,127.90718366666667,-0.8049638347068965,-0.6980284842086348,4
403,075247.85,37.30391616666667,127.90718383333333,0.670827775078046,-0.6980284842086348,4
404,075247.95,37.30391616666667,127.90718383333333,0.670827775078046,-0.6980284842086348,4
405,075248.05,37.30391616666667,127.90718383333333,0.670827775078046,-0.6980284842086348,4
406,075248.15,37.30391616666667,127.90718383333333,0.670827775078046,-0.6980284842086348,4
407,075248.25,37.30391616666667,127.90718383333333,0.670827775078046,-0.6980284842086348,4
408,075248.35,37.30391616666667,127.90718383333333,0.670827775078046,-0.6980284842086348,4
409,075248.45,37.30391616666667,127.90718366666667,-0.8049638347068965,-0.6980284842086348,4
410,075248.55,37.30391616666667,127.90718366666667,-0.8049638347068965,-0.6980284842086348,4
411,075248.65,37.30391616666667,127.90718366666667,-0.8049638347068965,-0.6980284842086348,4
412,075248.75,37.30391616666667,127.90718383333333,0.670827775078046,-0.6980284842086348,4
413,075248.85,37.303916,127.90718383333333,0.670827775078046,-2.553361812857702,4
414,075248.95,37.30391616666667,127.90718383333333,0.670827775078046,-0.6980284842086348,4
415,075249.05,37.30391616666667,127.90718383333333,0.670827775078046,-0.6980284842086348,4
416,075249.15,37.30391616666667,127.90718383333333,0.670827775078046,-0.6980284842086348,4
417,075249.25,37.30391616666667,127.90718383333333,0.670827775078046,-0.6980284842086348,4
418,075249.35,37.30391616666667,127.90718383333333,0.670827775078046,-0.6980284842086348,4
419,075249.45,37.30391616666667,127.90718383333333,0.670827775078046,-0.6980284842086348,4
420,075249.55,37.30391616666667,127.90718383333333,0.670827775078046,-0.6980284842086348,4
421,075249.65,37.30391616666667,127.90718383333333,0.670827775078046,-0.6980284842086348,4
422,075249.75,37.303916,127.90718383333333,0.670827775078046,-2.553361812857702,4
423,075249.85,37.303916,127.90718383333333,0.670827775078046,-2.553361812857702,4
424,075249.95,37.303916,127.90718383333333,0.670827775078046,-2.553361812857702,4
425,075250.05,37.303916,127.90718383333333,0.670827775078046,-2.553361812857702,4
426,075250.15,37.303916,127.90718383333333,0.670827775078046,-2.553361812857702,4
427,075250.25,37.303916,127.90718383333333,0.670827775078046,-2.553361812857702,4
428,075250.35,37.303916,127.90718383333333,0.670827775078046,-2.553361812857702,4
429,075250.45,37.30391616666667,127.90718383333333,0.670827775078046,-0.6980284842086348,4
430,075250.55,37.30391616666667,127.90718383333333,0.670827775078046,-0.6980284842086348,4
431,075250.65,37.30391616666667,127.90718383333333,0.670827775078046,-0.6980284842086348,4
432,075250.75,37.30391616666667,127.90718383333333,0.670827775078046,-0.6980284842086348,4
433,075250.85,37.30391616666667,127.90718383333333,0.670827775078046,-0.6980284842086348,4
434,075250.95,37.30391616666667,127.90718383333333,0.670827775078046,-0.6980284842086348,4
435,075251.05,37.30391616666667,127.90718383333333,0.670827775078046,-0.6980284842086348,4
436,075251.15,37.30391616666667,127.90718383333333,0.670827775078046,-0.6980284842086348,4
437,075251.25,37.30391616666667,127.90718383333333,0.670827775078046,-0.6980284842086348,4
438,075251.35,37.30391616666667,127.90718383333333,0.670827775078046,-0.6980284842086348,4
439,075251.45,37.30391616666667,127.90718383333333,0.670827775078046,-0.6980284842086348,4
440,075251.55,37.30391616666667,127.90718383333333,0.670827775078046,-0.6980284842086348,4
441,075251.65,37.30391616666667,127.90718383333333,0.670827775078046,-0.6980284842086348,4
442,075251.75,37.30391616666667,127.90718383333333,0.670827775078046,-0.6980284842086348,4
443,075251.85,37.30391616666667,127.90718383333333,0.670827775078046,-0.6980284842086348,4
444,075251.95,37.30391616666667,127.90718383333333,0.670827775078046,-0.6980284842086348,4
445,075252.05,37.30391616666667,127.90718383333333,0.670827775078046,-0.6980284842086348,4
446,075252.15,37.30391616666667,127.90718383333333,0.670827775078046,-0.6980284842086348,4
447,075252.25,37.30391616666667,127.90718383333333,0.670827775078046,-0.6980284842086348,4
448,075252.35,37.30391616666667,127.90718366666667,-0.8049638347068965,-0.6980284842086348,4
449,075252.45,37.30391616666667,127.90718366666667,-0.8049638347068965,-0.6980284842086348,4
450,075252.55,37.30391616666667,127.90718366666667,-0.8049638347068965,-0.6980284842086348,4
451,075252.65,37.30391616666667,127.90718366666667,-0.8049638347068965,-0.6980284842086348,4
452,075252.75,37.30391616666667,127.90718383333333,0.670827775078046,-0.6980284842086348,4
453,075252.85,37.30391616666667,127.90718383333333,0.670827775078046,-0.6980284842086348,4
454,075252.95,37.30391616666667,127.90718383333333,0.670827775078046,-0.6980284842086348,4
455,075253.05,37.30391616666667,127.90718383333333,0.670827775078046,-0.6980284842086348,4
456,075253.15,37.303916,127.90718383333333,0.670827775078046,-2.553361812857702,4
457,075253.25,37.303916,127.90718383333333,0.670827775078046,-2.553361812857702,4
458,075253.35,37.303916,127.90718383333333,0.670827775078046,-2.553361812857702,4
459,075253.45,37.303916,127.90718383333333,0.670827775078046,-2.553361812857702,4
460,075253.55,37.303916,127.90718383333333,0.670827775078046,-2.553361812857702,4
461,075253.65,37.303916,127.90718383333333,0.670827775078046,-2.553361812857702,4
462,075253.75,37.303916,127.90718383333333,0.670827775078046,-2.553361812857702,4
463,075253.85,37.303916,127.90718383333333,0.670827775078046,-2.553361812857702,4
464,075253.95,37.303916,127.90718383333333,0.670827775078046,-2.553361812857702,4
465,075254.05,37.303916,127.90718383333333,0.670827775078046,-2.553361812857702,4
466,075254.15,37.303916,127.90718383333333,0.670827775078046,-2.553361812857702,4
467,075254.25,37.303916,127.90718383333333,0.670827775078046,-2.553361812857702,4
468,075254.35,37.303916,127.90718383333333,0.670827775078046,-2.553361812857702,4
469,075254.45,37.303916,127.90718383333333,0.670827775078046,-2.553361812857702,4
470,075254.55,37.303916,127.90718383333333,0.670827775078046,-2.553361812857702,4
471,075254.65,37.303916,127.90718383333333,0.670827775078046,-2.553361812857702,4
472,075254.75,37.303916,127.90718383333333,0.670827775078046,-2.553361812857702,4
473,075254.85,37.30391616666667,127.90718383333333,0.670827775078046,-0.6980284842086348,4
474,075254.95,37.30391616666667,127.90718383333333,0.670827775078046,-0.6980284842086348,4
475,075255.05,37.30391616666667,127.90718383333333,0.670827775078046,-0.6980284842086348,4
476,075255.15,37.30391616666667,127.90718383333333,0.670827775078046,-0.6980284842086348,4
477,075255.25,37.30391616666667,127.90718383333333,0.670827775078046,-0.6980284842086348,4
478,075255.35,37.303916,127.90718383333333,0.670827775078046,-2.553361812857702,4
479,075255.45,37.303916,127.90718383333333,0.670827775078046,-2.553361812857702,4
480,075255.55,37.303916,127.90718383333333,0.670827775078046,-2.553361812857702,4
481,075255.65,37.303916,127.90718383333333,0.670827775078046,-2.553361812857702,4
482,075255.75,37.303916,127.90718383333333,0.670827775078046,-2.553361812857702,4
483,075255.85,37.303916,127.90718383333333,0.670827775078046,-2.553361812857702,4
484,075255.95,37.303916,127.90718383333333,0.670827775078046,-2.553361812857702,4
485,075256.05,37.303916,127.90718383333333,0.670827775078046,-2.553361812857702,4
486,075256.15,37.303916,127.90718383333333,0.670827775078046,-2.553361812857702,4
487,075256.25,37.303916,127.90718383333333,0.670827775078046,-2.553361812857702,4
488,075256.35,37.303916,127.90718383333333,0.670827775078046,-2.553361812857702,4
489,075256.45,37.303916,127.90718383333333,0.670827775078046,-2.553361812857702,4
490,075256.55,37.303916,127.90718383333333,0.670827775078046,-2.553361812857702,4
491,075256.65,37.30391616666667,127.90718383333333,0.670827775078046,-0.6980284842086348,4
492,075256.75,37.30391616666667,127.90718366666667,-0.8049638347068965,-0.6980284842086348,4
493,075256.85,37.30391616666667,127.90718366666667,-0.8049638347068965,-0.6980284842086348,4
494,075256.95,37.30391616666667,127.90718366666667,-0.8049638347068965,-0.6980284842086348,4
495,075257.05,37.30391616666667,127.90718366666667,-0.8049638347068965,-0.6980284842086348,4
496,075257.15,37.30391616666667,127.90718366666667,-0.8049638347068965,-0.6980284842086348,4
497,075257.25,37.30391616666667,127.90718366666667,-0.8049638347068965,-0.6980284842086348,4
498,075257.35,37.303916,127.90718366666667,-0.8049638347068965,-2.553361812857702,4
499,075257.45,37.303916,127.90718383333333,0.670827775078046,-2.553361812857702,4
500,075257.55,37.303916,127.90718366666667,-0.8049638347068965,-2.553361812857702,4
501,075257.65,37.303916,127.90718366666667,-0.8049638347068965,-2.553361812857702,4
502,075257.75,37.303916,127.90718366666667,-0.8049638347068965,-2.553361812857702,4
503,075257.85,37.30391616666667,127.90718366666667,-0.8049638347068965,-0.6980284842086348,4
504,075257.95,37.30391616666667,127.90718383333333,0.670827775078046,-0.6980284842086348,4
505,075258.05,37.30391616666667,127.90718366666667,-0.8049638347068965,-0.6980284842086348,4
506,075258.15,37.30391616666667,127.90718366666667,-0.8049638347068965,-0.6980284842086348,4
507,075258.25,37.30391616666667,127.90718366666667,-0.8049638347068965,-0.6980284842086348,4
508,075258.35,37.30391616666667,127.90718366666667,-0.8049638347068965,-0.6980284842086348,4
509,075258.45,37.30391616666667,127.90718366666667,-0.8049638347068965,-0.6980284842086348,4
510,075258.55,37.30391616666667,127.90718383333333,0.670827775078046,-0.6980284842086348,4
511,075258.65,37.30391616666667,127.90718366666667,-0.8049638347068965,-0.6980284842086348,4
512,075258.75,37.30391616666667,127.90718383333333,0.670827775078046,-0.6980284842086348,4
513,075258.85,37.30391616666667,127.90718383333333,0.670827775078046,-0.6980284842086348,4
514,075258.95,37.30391616666667,127.90718366666667,-0.8049638347068965,-0.6980284842086348,4
515,075259.05,37.30391616666667,127.90718366666667,-0.8049638347068965,-0.6980284842086348,4
516,075259.15,37.30391616666667,127.90718383333333,0.670827775078046,-0.6980284842086348,4
517,075259.25,37.30391616666667,127.90718383333333,0.670827775078046,-0.6980284842086348,4
518,075259.35,37.30391616666667,127.90718383333333,0.670827775078046,-0.6980284842086348,4
519,075259.45,37.30391616666667,127.90718383333333,0.670827775078046,-0.6980284842086348,4
520,075259.55,37.30391616666667,127.90718383333333,0.670827775078046,-0.6980284842086348,4
521,075259.65,37.30391616666667,127.90718383333333,0.670827775078046,-0.6980284842086348,4
522,075259.75,37.30391616666667,127.90718383333333,0.670827775078046,-0.6980284842086348,4
523,075259.85,37.30391616666667,127.90718383333333,0.670827775078046,-0.6980284842086348,4
524,075259.95,37.30391616666667,127.90718383333333,0.670827775078046,-0.6980284842086348,4
525,075300.05,37.30391616666667,127.90718383333333,0.670827775078046,-0.6980284842086348,4
526,075300.15,37.30391616666667,127.90718383333333,0.670827775078046,-0.6980284842086348,4
527,075300.25,37.30391616666667,127.90718383333333,0.670827775078046,-0.6980284842086348,4
528,075300.35,37.30391616666667,127.90718383333333,0.670827775078046,-0.6980284842086348,4
529,075300.45,37.30391616666667,127.90718383333333,0.670827775078046,-0.6980284842086348,4
530,075300.55,37.30391616666667,127.90718383333333,0.670827775078046,-0.6980284842086348,4
531,075300.65,37.30391616666667,127.90718383333333,0.670827775078046,-0.6980284842086348,4
532,075300.75,37.30391616666667,127.90718383333333,0.670827775078046,-0.6980284842086348,4
533,075300.85,37.30391616666667,127.90718383333333,0.670827775078046,-0.6980284842086348,4
534,075300.95,37.30391616666667,127.90718383333333,0.670827775078046,-0.6980284842086348,4
535,075301.05,37.30391616666667,127.90718383333333,0.670827775078046,-0.6980284842086348,4
536,075301.15,37.30391616666667,127.90718383333333,0.670827775078046,-0.6980284842086348,4
537,075301.25,37.30391616666667,127.90718383333333,0.670827775078046,-0.6980284842086348,4
538,075301.35,37.30391616666667,127.90718383333333,0.670827775078046,-0.6980284842086348,4
539,075301.45,37.30391616666667,127.90718383333333,0.670827775078046,-0.6980284842086348,4
540,075301.55,37.30391616666667,127.90718383333333,0.670827775078046,-0.6980284842086348,4
541,075301.65,37.30391616666667,127.90718383333333,0.670827775078046,-0.6980284842086348,4
542,075301.75,37.30391616666667,127.90718383333333,0.670827775078046,-0.6980284842086348,4
543,075301.85,37.30391616666667,127.90718383333333,0.670827775078046,-0.6980284842086348,4
544,075301.95,37.30391616666667,127.90718383333333,0.670827775078046,-0.6980284842086348,4
545,075302.05,37.30391616666667,127.90718383333333,0.670827775078046,-0.6980284842086348,4
546,075302.15,37.30391616666667,127.90718383333333,0.670827775078046,-0.6980284842086348,4
547,075302.25,37.30391616666667,127.90718383333333,0.670827775078046,-0.6980284842086348,4
548,075302.35,37.30391616666667,127.90718383333333,0.670827775078046,-0.6980284842086348,4
549,075302.45,37.30391616666667,127.90718383333333,0.670827775078046,-0.6980284842086348,4
550,075302.55,37.30391616666667,127.90718383333333,0.670827775078046,-0.6980284842086348,4
551,075302.65,37.30391616666667,127.90718383333333,0.670827775078046,-0.6980284842086348,4
552,075302.75,37.30391616666667,127.90718383333333,0.670827775078046,-0.6980284842086348,4
553,075302.85,37.30391616666667,127.90718383333333,0.670827775078046,-0.6980284842086348,4
554,075302.95,37.30391616666667,127.90718383333333,0.670827775078046,-0.6980284842086348,4
555,075303.05,37.30391616666667,127.90718383333333,0.670827775078046,-0.6980284842086348,4
556,075303.15,37.30391616666667,127.90718383333333,0.670827775078046,-0.6980284842086348,4
557,075303.25,37.30391616666667,127.90718383333333,0.670827775078046,-0.6980284842086348,4
558,075303.35,37.30391616666667,127.90718383333333,0.670827775078046,-0.6980284842086348,4
559,075303.45,37.30391616666667,127.90718383333333,0.670827775078046,-0.6980284842086348,4
560,075303.55,37.30391616666667,127.90718383333333,0.670827775078046,-0.6980284842086348,4
561,075303.65,37.30391616666667,127.90718383333333,0.670827775078046,-0.6980284842086348,4
562,075303.75,37.30391616666667,127.90718383333333,0.670827775078046,-0.6980284842086348,4
563,075303.85,37.30391616666667,127.90718383333333,0.670827775078046,-0.6980284842086348,4
564,075303.95,37.30391616666667,127.90718383333333,0.670827775078046,-0.6980284842086348,4
565,075304.05,37.30391616666667,127.90718383333333,0.670827775078046,-0.6980284842086348,4
566,075304.15,37.30391616666667,127.90718383333333,0.670827775078046,-0.6980284842086348,4
567,075304.25,37.30391616666667,127.90718383333333,0.670827775078046,-0.6980284842086348,4
568,075304.35,37.30391616666667,127.90718383333333,0.670827775078046,-0.6980284842086348,4
569,075304.45,37.30391616666667,127.90718383333333,0.670827775078046,-0.6980284842086348,4
570,075304.55,37.30391616666667,127.90718383333333,0.670827775078046,-0.6980284842086348,4
571,075304.65,37.30391616666667,127.90718383333333,0.670827775078046,-0.6980284842086348,4
572,075304.75,37.30391616666667,127.90718383333333,0.670827775078046,-0.6980284842086348,4
573,075304.85,37.303916,127.90718383333333,0.670827775078046,-2.553361812857702,4
574,075304.95,37.303916,127.90718383333333,0.670827775078046,-2.553361812857702,4
575,075305.05,37.303916,127.90718383333333,0.670827775078046,-2.553361812857702,4
576,075305.15,37.303916,127.90718383333333,0.670827775078046,-2.553361812857702,4
577,075305.25,37.303916,127.90718383333333,0.670827775078046,-2.553361812857702,4
578,075305.35,37.303916,127.90718383333333,0.670827775078046,-2.553361812857702,4
579,075305.45,37.303916,127.90718383333333,0.670827775078046,-2.553361812857702,4
580,075305.55,37.303916,127.90718383333333,0.670827775078046,-2.553361812857702,4
581,075305.65,37.303916,127.90718383333333,0.670827775078046,-2.553361812857702,4
582,075305.75,37.303916,127.90718383333333,0.670827775078046,-2.553361812857702,4
583,075305.85,37.303916,127.90718383333333,0.670827775078046,-2.553361812857702,4
584,075305.95,37.303916,127.90718383333333,0.670827775078046,-2.553361812857702,4
585,075306.05,37.303916,127.90718383333333,0.670827775078046,-2.553361812857702,4
586,075306.15,37.303916,127.90718383333333,0.670827775078046,-2.553361812857702,4
587,075306.25,37.303916,127.90718383333333,0.670827775078046,-2.553361812857702,4
588,075306.35,37.303916,127.90718383333333,0.670827775078046,-2.553361812857702,4
589,075306.45,37.303916,127.90718383333333,0.670827775078046,-2.553361812857702,4
590,075306.55,37.303916,127.90718383333333,0.670827775078046,-2.553361812857702,4
591,075306.65,37.303916,127.90718383333333,0.670827775078046,-2.553361812857702,4
592,075306.75,37.303916,127.90718383333333,0.670827775078046,-2.553361812857702,4
593,075306.85,37.303916,127.90718383333333,0.670827775078046,-2.553361812857702,4
594,075306.95,37.303916,127.90718383333333,0.670827775078046,-2.553361812857702,4
595,075307.05,37.303916,127.90718383333333,0.670827775078046,-2.553361812857702,4
596,075307.15,37.303916,127.90718383333333,0.670827775078046,-2.553361812857702,4
597,075307.25,37.30391616666667,127.90718383333333,0.670827775078046,-0.6980284842086348,4
598,075307.35,37.30391616666667,127.90718383333333,0.670827775078046,-0.6980284842086348,4
599,075307.45,37.30391616666667,127.90718383333333,0.670827775078046,-0.6980284842086348,4
600,075307.55,37.30391616666667,127.90718383333333,0.670827775078046,-0.6980284842086348,4
601,075307.65,37.30391616666667,127.90718383333333,0.670827775078046,-0.6980284842086348,4
602,075307.75,37.30391616666667,127.90718383333333,0.670827775078046,-0.6980284842086348,4
603,075307.85,37.30391616666667,127.90718383333333,0.670827775078046,-0.6980284842086348,4
604,075307.95,37.303916,127.90718383333333,0.670827775078046,-2.553361812857702,4
605,075308.05,37.303916,127.90718383333333,0.670827775078046,-2.553361812857702,4
606,075308.15,37.303916,127.90718383333333,0.670827775078046,-2.553361812857702,4
607,075308.25,37.303916,127.90718383333333,0.670827775078046,-2.553361812857702,4
608,075308.35,37.303916,127.90718383333333,0.670827775078046,-2.553361812857702,4
609,075308.45,37.303916,127.907184,2.146619384862989,-2.553361812857702,4
610,075308.55,37.303916,127.907184,2.146619384862989,-2.553361812857702,4
611,075308.65,37.303916,127.907184,2.146619384862989,-2.553361812857702,4
612,075308.75,37.303916,127.90718383333333,0.670827775078046,-2.553361812857702,4
613,075308.85,37.303916,127.90718383333333,0.670827775078046,-2.553361812857702,4
614,075308.95,37.303916,127.907184,2.146619384862989,-2.553361812857702,4
615,075309.05,37.303916,127.907184,2.146619384862989,-2.553361812857702,4
616,075309.15,37.303916,127.907184,2.146619384862989,-2.553361812857702,4
617,075309.25,37.303916,127.907184,2.146619384862989,-2.553361812857702,4
618,075309.35,37.303916,127.907184,2.146619384862989,-2.553361812857702,4
619,075309.45,37.303916,127.907184,2.146619384862989,-2.553361812857702,4
620,075309.55,37.303916,127.90718383333333,0.670827775078046,-2.553361812857702,4
621,075309.65,37.303916,127.907184,2.146619384862989,-2.553361812857702,4
622,075309.75,37.303916,127.907184,2.146619384862989,-2.553361812857702,4
623,075309.85,37.303916,127.90718383333333,0.670827775078046,-2.553361812857702,4
624,075309.95,37.303916,127.907184,2.146619384862989,-2.553361812857702,4
625,075310.05,37.303916,127.907184,2.146619384862989,-2.553361812857702,4
626,075310.15,37.303916,127.907184,2.146619384862989,-2.553361812857702,4
627,075310.25,37.303916,127.907184,2.146619384862989,-2.553361812857702,4
628,075310.35,37.303916,127.907184,2.146619384862989,-2.553361812857702,4
629,075310.45,37.303916,127.907184,2.146619384862989,-2.553361812857702,4
630,075310.55,37.303916,127.907184,2.146619384862989,-2.553361812857702,4
631,075310.65,37.303916,127.907184,2.146619384862989,-2.553361812857702,4
632,075310.75,37.303916,127.907184,2.146619384862989,-2.553361812857702,4
633,075310.85,37.303916,127.907184,2.146619384862989,-2.553361812857702,4
634,075310.95,37.303916,127.907184,2.146619384862989,-2.553361812857702,4
635,075311.05,37.303916,127.907184,2.146619384862989,-2.553361812857702,4
636,075311.15,37.303916,127.907184,2.146619384862989,-2.553361812857702,4
637,075311.25,37.303916,127.907184,2.146619384862989,-2.553361812857702,4
638,075311.35,37.303916,127.907184,2.146619384862989,-2.553361812857702,4
639,075311.45,37.303916,127.907184,2.146619384862989,-2.553361812857702,4
640,075311.55,37.303916,127.907184,2.146619384862989,-2.553361812857702,4
641,075311.65,37.303916,127.907184,2.146619384862989,-2.553361812857702,4
642,075311.75,37.303916,127.907184,2.146619384862989,-2.553361812857702,4
643,075311.85,37.303916,127.907184,2.146619384862989,-2.553361812857702,4
644,075311.95,37.303916,127.907184,2.146619384862989,-2.553361812857702,4
645,075312.05,37.303916,127.907184,2.146619384862989,-2.553361812857702,4
646,075312.15,37.303916,127.907184,2.146619384862989,-2.553361812857702,4
647,075312.25,37.303916,127.907184,2.146619384862989,-2.553361812857702,4
648,075312.35,37.303916,127.907184,2.146619384862989,-2.553361812857702,4
649,075312.45,37.303916,127.907184,2.146619384862989,-2.553361812857702,4
650,075312.55,37.303916,127.907184,2.146619384862989,-2.553361812857702,4
651,075312.65,37.303916,127.907184,2.146619384862989,-2.553361812857702,4
652,075312.75,37.303916,127.907184,2.146619384862989,-2.553361812857702,4
653,075312.85,37.303916,127.907184,2.146619384862989,-2.553361812857702,4
654,075312.95,37.303916,127.907184,2.146619384862989,-2.553361812857702,4
655,075313.05,37.303916,127.907184,2.146619384862989,-2.553361812857702,4
656,075313.15,37.303916,127.907184,2.146619384862989,-2.553361812857702,4
657,075313.25,37.303916,127.907184,2.146619384862989,-2.553361812857702,4
658,075313.35,37.303916,127.907184,2.146619384862989,-2.553361812857702,4
659,075313.45,37.303916,127.907184,2.146619384862989,-2.553361812857702,4
660,075313.55,37.303916,127.907184,2.146619384862989,-2.553361812857702,4
661,075313.65,37.303916,127.907184,2.146619384862989,-2.553361812857702,4
662,075313.75,37.303916,127.907184,2.146619384862989,-2.553361812857702,4
663,075313.85,37.303916,127.907184,2.146619384862989,-2.553361812857702,4
664,075313.95,37.303916,127.907184,2.146619384862989,-2.553361812857702,4
665,075314.05,37.303916,127.907184,2.146619384862989,-2.553361812857702,4
666,075314.15,37.303916,127.907184,2.146619384862989,-2.553361812857702,4
667,075314.25,37.303916,127.907184,2.146619384862989,-2.553361812857702,4
668,075314.35,37.303916,127.907184,2.146619384862989,-2.553361812857702,4
669,075314.45,37.303916,127.907184,2.146619384862989,-2.553361812857702,4
670,075314.55,37.303916,127.907184,2.146619384862989,-2.553361812857702,4
671,075314.65,37.303916,127.907184,2.146619384862989,-2.553361812857702,4
672,075314.75,37.303916,127.907184,2.146619384862989,-2.553361812857702,4
673,075314.85,37.303916,127.907184,2.146619384862989,-2.553361812857702,4
674,075314.95,37.303916,127.907184,2.146619384862989,-2.553361812857702,4
675,075315.05,37.303916,127.907184,2.146619384862989,-2.553361812857702,4
676,075315.15,37.303916,127.907184,2.146619384862989,-2.553361812857702,4
677,075315.25,37.303916,127.907184,2.146619384862989,-2.553361812857702,4
678,075315.35,37.303916,127.907184,2.146619384862989,-2.553361812857702,4
679,075315.45,37.303916,127.907184,2.146619384862989,-2.553361812857702,4
680,075315.55,37.303916,127.907184,2.146619384862989,-2.553361812857702,4
681,075315.65,37.303916,127.907184,2.146619384862989,-2.553361812857702,4
682,075315.75,37.303916,127.907184,2.146619384862989,-2.553361812857702,4
683,075315.85,37.303916,127.907184,2.146619384862989,-2.553361812857702,4
684,075315.95,37.303916,127.907184,2.146619384862989,-2.553361812857702,4
685,075316.05,37.303916,127.907184,2.146619384862989,-2.553361812857702,4
686,075316.15,37.303916,127.907184,2.146619384862989,-2.553361812857702,4
687,075316.25,37.303916,127.907184,2.146619384862989,-2.553361812857702,4
688,075316.35,37.303916,127.907184,2.146619384862989,-2.553361812857702,4
689,075316.45,37.303916,127.907184,2.146619384862989,-2.553361812857702,4
690,075316.55,37.303916,127.907184,2.146619384862989,-2.553361812857702,4
691,075316.65,37.303916,127.907184,2.146619384862989,-2.553361812857702,4
692,075316.75,37.30391616666667,127.907184,2.146619384862989,-0.6980284842086348,4
693,075316.85,37.30391616666667,127.907184,2.146619384862989,-0.6980284842086348,4
694,075316.95,37.30391616666667,127.907184,2.146619384862989,-0.6980284842086348,4
695,075317.05,37.30391616666667,127.907184,2.146619384862989,-0.6980284842086348,4
696,075317.15,37.30391616666667,127.907184,2.146619384862989,-0.6980284842086348,4
697,075317.25,37.30391616666667,127.907184,2.146619384862989,-0.6980284842086348,4
698,075317.35,37.30391616666667,127.907184,2.146619384862989,-0.6980284842086348,4
699,075317.45,37.303916,127.907184,2.146619384862989,-2.553361812857702,4
700,075317.55,37.303916,127.907184,2.146619384862989,-2.553361812857702,4
701,075317.65,37.303916,127.907184,2.146619384862989,-2.553361812857702,4
702,075317.75,37.303916,127.907184,2.146619384862989,-2.553361812857702,4
703,075317.85,37.303916,127.907184,2.146619384862989,-2.553361812857702,4
704,075317.95,37.303916,127.907184,2.146619384862989,-2.553361812857702,4
705,075318.05,37.303916,127.907184,2.146619384862989,-2.553361812857702,4
706,075318.15,37.303916,127.907184,2.146619384862989,-2.553361812857702,4
707,075318.25,37.303916,127.907184,2.146619384862989,-2.553361812857702,4
708,075318.35,37.303916,127.907184,2.146619384862989,-2.553361812857702,4
709,075318.45,37.303916,127.907184,2.146619384862989,-2.553361812857702,4
710,075318.55,37.303916,127.907184,2.146619384862989,-2.553361812857702,4
711,075318.65,37.303916,127.907184,2.146619384862989,-2.553361812857702,4
712,075318.75,37.303916,127.907184,2.146619384862989,-2.553361812857702,4
713,075318.85,37.303916,127.907184,2.146619384862989,-2.553361812857702,4
714,075318.95,37.303916,127.907184,2.146619384862989,-2.553361812857702,4
715,075319.05,37.303916,127.907184,2.146619384862989,-2.553361812857702,4
716,075319.15,37.303916,127.907184,2.146619384862989,-2.553361812857702,4
717,075319.25,37.303916,127.907184,2.146619384862989,-2.553361812857702,4
718,075319.35,37.303916,127.907184,2.146619384862989,-2.553361812857702,4
719,075319.45,37.303916,127.907184,2.146619384862989,-2.553361812857702,4
720,075319.55,37.303916,127.907184,2.146619384862989,-2.553361812857702,4
721,075319.65,37.303916,127.907184,2.146619384862989,-2.553361812857702,4
722,075319.75,37.303916,127.907184,2.146619384862989,-2.553361812857702,4
723,075319.85,37.303916,127.907184,2.146619384862989,-2.553361812857702,4
724,075319.95,37.303916,127.907184,2.146619384862989,-2.553361812857702,4
725,075320.05,37.303916,127.907184,2.146619384862989,-2.553361812857702,4
726,075320.15,37.303916,127.907184,2.146619384862989,-2.553361812857702,4
727,075320.25,37.303916,127.907184,2.146619384862989,-2.553361812857702,4
728,075320.35,37.303916,127.907184,2.146619384862989,-2.553361812857702,4
729,075320.45,37.303916,127.907184,2.146619384862989,-2.553361812857702,4
730,075320.55,37.303916,127.907184,2.146619384862989,-2.553361812857702,4
731,075320.65,37.303916,127.907184,2.146619384862989,-2.553361812857702,4
732,075320.75,37.303916,127.907184,2.146619384862989,-2.553361812857702,4
733,075320.85,37.303916,127.907184,2.146619384862989,-2.553361812857702,4
734,075320.95,37.303916,127.907184,2.146619384862989,-2.553361812857702,4
735,075321.05,37.303916,127.907184,2.146619384862989,-2.553361812857702,4
736,075321.15,37.303916,127.907184,2.146619384862989,-2.553361812857702,4
737,075321.25,37.303916,127.907184,2.146619384862989,-2.553361812857702,4
738,075321.35,37.30391616666667,127.90718383333333,0.670827775078046,-0.6980284842086348,4
739,075321.45,37.30391616666667,127.90718366666667,-0.8049638347068965,-0.6980284842086348,4
740,075321.55,37.303916,127.90718383333333,0.670827775078046,-2.553361812857702,4
741,075321.65,37.303916,127.90718383333333,0.670827775078046,-2.553361812857702,4
742,075321.75,37.30391616666667,127.90718383333333,0.670827775078046,-0.6980284842086348,4
743,075321.85,37.30391616666667,127.90718383333333,0.670827775078046,-0.6980284842086348,4
744,075321.95,37.30391616666667,127.90718383333333,0.670827775078046,-0.6980284842086348,4
745,075322.05,37.30391616666667,127.90718366666667,-0.8049638347068965,-0.6980284842086348,4
746,075322.15,37.30391616666667,127.90718366666667,-0.8049638347068965,-0.6980284842086348,4
747,075322.25,37.30391616666667,127.90718366666667,-0.8049638347068965,-0.6980284842086348,4
748,075322.35,37.30391616666667,127.90718366666667,-0.8049638347068965,-0.6980284842086348,4
749,075322.45,37.30391616666667,127.90718366666667,-0.8049638347068965,-0.6980284842086348,4
750,075322.55,37.30391616666667,127.90718366666667,-0.8049638347068965,-0.6980284842086348,4
751,075322.65,37.30391616666667,127.90718366666667,-0.8049638347068965,-0.6980284842086348,4
752,075322.75,37.30391616666667,127.90718366666667,-0.8049638347068965,-0.6980284842086348,4
753,075322.85,37.30391616666667,127.90718366666667,-0.8049638347068965,-0.6980284842086348,4
754,075322.95,37.30391616666667,127.90718366666667,-0.8049638347068965,-0.6980284842086348,4
755,075323.05,37.30391616666667,127.90718366666667,-0.8049638347068965,-0.6980284842086348,4
756,075323.15,37.30391616666667,127.90718366666667,-0.8049638347068965,-0.6980284842086348,4
757,075323.25,37.30391616666667,127.90718366666667,-0.8049638347068965,-0.6980284842086348,4
758,075323.35,37.30391616666667,127.90718366666667,-0.8049638347068965,-0.6980284842086348,4
759,075323.45,37.30391616666667,127.90718366666667,-0.8049638347068965,-0.6980284842086348,4
760,075323.55,37.30391616666667,127.90718366666667,-0.8049638347068965,-0.6980284842086348,4
761,075323.65,37.30391616666667,127.90718366666667,-0.8049638347068965,-0.6980284842086348,4
762,075323.75,37.30391616666667,127.90718366666667,-0.8049638347068965,-0.6980284842086348,4
763,075323.85,37.30391616666667,127.90718366666667,-0.8049638347068965,-0.6980284842086348,4
764,075323.95,37.30391616666667,127.90718366666667,-0.8049638347068965,-0.6980284842086348,4
765,075324.05,37.30391616666667,127.90718366666667,-0.8049638347068965,-0.6980284842086348,4
766,075324.15,37.30391616666667,127.90718366666667,-0.8049638347068965,-0.6980284842086348,4
767,075324.25,37.30391616666667,127.90718366666667,-0.8049638347068965,-0.6980284842086348,4
768,075324.35,37.30391616666667,127.90718366666667,-0.8049638347068965,-0.6980284842086348,4
769,075324.45,37.30391616666667,127.90718366666667,-0.8049638347068965,-0.6980284842086348,4
770,075324.55,37.30391633333333,127.90718366666667,-0.8049638347068965,1.1573048444404321,4
771,075324.65,37.30391633333333,127.90718366666667,-0.8049638347068965,1.1573048444404321,4
772,075324.75,37.30391633333333,127.90718366666667,-0.8049638347068965,1.1573048444404321,4
773,075324.85,37.30391616666667,127.90718366666667,-0.8049638347068965,-0.6980284842086348,4
774,075324.95,37.30391616666667,127.90718366666667,-0.8049638347068965,-0.6980284842086348,4
775,075325.05,37.30391616666667,127.90718366666667,-0.8049638347068965,-0.6980284842086348,4
776,075325.15,37.30391616666667,127.90718366666667,-0.8049638347068965,-0.6980284842086348,4
777,075325.25,37.30391616666667,127.90718366666667,-0.8049638347068965,-0.6980284842086348,4
778,075325.35,37.30391616666667,127.90718366666667,-0.8049638347068965,-0.6980284842086348,4
779,075325.45,37.30391616666667,127.90718366666667,-0.8049638347068965,-0.6980284842086348,4
780,075325.55,37.30391616666667,127.90718366666667,-0.8049638347068965,-0.6980284842086348,4
781,075325.65,37.30391616666667,127.90718366666667,-0.8049638347068965,-0.6980284842086348,4
782,075325.75,37.30391616666667,127.90718366666667,-0.8049638347068965,-0.6980284842086348,4
783,075325.85,37.30391616666667,127.90718366666667,-0.8049638347068965,-0.6980284842086348,4
784,075325.95,37.30391616666667,127.90718366666667,-0.8049638347068965,-0.6980284842086348,4
785,075326.05,37.30391616666667,127.90718366666667,-0.8049638347068965,-0.6980284842086348,4
786,075326.15,37.30391616666667,127.90718366666667,-0.8049638347068965,-0.6980284842086348,4
787,075326.25,37.30391616666667,127.90718366666667,-0.8049638347068965,-0.6980284842086348,4
788,075326.35,37.30391616666667,127.90718366666667,-0.8049638347068965,-0.6980284842086348,4
789,075326.45,37.30391616666667,127.90718366666667,-0.8049638347068965,-0.6980284842086348,4
790,075326.55,37.30391616666667,127.90718366666667,-0.8049638347068965,-0.6980284842086348,4
791,075326.65,37.30391616666667,127.90718366666667,-0.8049638347068965,-0.6980284842086348,4
792,075326.75,37.30391616666667,127.90718366666667,-0.8049638347068965,-0.6980284842086348,4
793,075326.85,37.30391616666667,127.90718366666667,-0.8049638347068965,-0.6980284842086348,4
794,075326.95,37.30391616666667,127.90718366666667,-0.8049638347068965,-0.6980284842086348,4
795,075327.05,37.30391616666667,127.90718366666667,-0.8049638347068965,-0.6980284842086348,4
796,075327.15,37.30391616666667,127.90718366666667,-0.8049638347068965,-0.6980284842086348,4
797,075327.25,37.30391616666667,127.90718366666667,-0.8049638347068965,-0.6980284842086348,4
798,075327.35,37.30391616666667,127.90718366666667,-0.8049638347068965,-0.6980284842086348,4
799,075327.45,37.30391616666667,127.90718366666667,-0.8049638347068965,-0.6980284842086348,4
800,075327.55,37.30391616666667,127.90718366666667,-0.8049638347068965,-0.6980284842086348,4
801,075327.65,37.30391616666667,127.90718366666667,-0.8049638347068965,-0.6980284842086348,4
802,075327.75,37.30391616666667,127.90718366666667,-0.8049638347068965,-0.6980284842086348,4
803,075327.85,37.30391616666667,127.90718366666667,-0.8049638347068965,-0.6980284842086348,4
804,075327.95,37.30391616666667,127.90718366666667,-0.8049638347068965,-0.6980284842086348,4
805,075328.05,37.30391633333333,127.90718366666667,-0.8049638347068965,1.1573048444404321,4
806,075328.15,37.30391633333333,127.90718366666667,-0.8049638347068965,1.1573048444404321,4
807,075328.25,37.30391633333333,127.90718366666667,-0.8049638347068965,1.1573048444404321,4
808,075328.35,37.30391633333333,127.90718366666667,-0.8049638347068965,1.1573048444404321,4
809,075328.45,37.30391633333333,127.90718366666667,-0.8049638347068965,1.1573048444404321,4
810,075328.55,37.30391633333333,127.90718366666667,-0.8049638347068965,1.1573048444404321,4
811,075328.65,37.30391616666667,127.90718366666667,-0.8049638347068965,-0.6980284842086348,4
812,075328.75,37.30391616666667,127.90718366666667,-0.8049638347068965,-0.6980284842086348,4
813,075328.85,37.30391616666667,127.90718366666667,-0.8049638347068965,-0.6980284842086348,4
814,075328.95,37.30391616666667,127.90718366666667,-0.8049638347068965,-0.6980284842086348,4
815,075329.05,37.30391616666667,127.90718366666667,-0.8049638347068965,-0.6980284842086348,4
816,075329.15,37.30391616666667,127.90718366666667,-0.8049638347068965,-0.6980284842086348,4
817,075329.25,37.30391616666667,127.90718366666667,-0.8049638347068965,-0.6980284842086348,4
818,075329.35,37.30391616666667,127.90718366666667,-0.8049638347068965,-0.6980284842086348,4
819,075329.45,37.30391616666667,127.90718366666667,-0.8049638347068965,-0.6980284842086348,4
820,075329.55,37.30391616666667,127.90718366666667,-0.8049638347068965,-0.6980284842086348,4
821,075329.65,37.30391616666667,127.90718366666667,-0.8049638347068965,-0.6980284842086348,4
822,075329.75,37.30391616666667,127.90718366666667,-0.8049638347068965,-0.6980284842086348,4
823,075329.85,37.30391616666667,127.90718366666667,-0.8049638347068965,-0.6980284842086348,4
824,075329.95,37.30391633333333,127.90718366666667,-0.8049638347068965,1.1573048444404321,4
825,075330.05,37.30391633333333,127.90718366666667,-0.8049638347068965,1.1573048444404321,4
826,075330.15,37.30391633333333,127.90718366666667,-0.8049638347068965,1.1573048444404321,4
827,075330.25,37.30391633333333,127.90718366666667,-0.8049638347068965,1.1573048444404321,4
828,075330.35,37.30391633333333,127.90718366666667,-0.8049638347068965,1.1573048444404321,4
829,075330.45,37.30391633333333,127.90718366666667,-0.8049638347068965,1.1573048444404321,4
830,075330.55,37.30391633333333,127.90718366666667,-0.8049638347068965,1.1573048444404321,4
831,075330.65,37.30391633333333,127.90718366666667,-0.8049638347068965,1.1573048444404321,4
832,075330.75,37.30391633333333,127.90718366666667,-0.8049638347068965,1.1573048444404321,4
833,075330.85,37.30391633333333,127.90718366666667,-0.8049638347068965,1.1573048444404321,4
834,075330.95,37.30391633333333,127.90718366666667,-0.8049638347068965,1.1573048444404321,4
835,075331.05,37.30391633333333,127.90718366666667,-0.8049638347068965,1.1573048444404321,4
836,075331.15,37.30391633333333,127.90718366666667,-0.8049638347068965,1.1573048444404321,4
837,075331.25,37.30391633333333,127.90718366666667,-0.8049638347068965,1.1573048444404321,4
838,075331.35,37.30391633333333,127.90718366666667,-0.8049638347068965,1.1573048444404321,4
839,075331.45,37.30391633333333,127.90718366666667,-0.8049638347068965,1.1573048444404321,4
840,075331.55,37.30391633333333,127.90718366666667,-0.8049638347068965,1.1573048444404321,4
841,075331.65,37.30391633333333,127.90718366666667,-0.8049638347068965,1.1573048444404321,4
842,075331.75,37.30391633333333,127.90718366666667,-0.8049638347068965,1.1573048444404321,4
843,075331.85,37.30391633333333,127.90718366666667,-0.8049638347068965,1.1573048444404321,4
844,075331.95,37.30391633333333,127.90718366666667,-0.8049638347068965,1.1573048444404321,4
845,075332.05,37.30391616666667,127.90718366666667,-0.8049638347068965,-0.6980284842086348,4
846,075332.15,37.30391633333333,127.90718366666667,-0.8049638347068965,1.1573048444404321,4
847,075332.25,37.30391633333333,127.90718366666667,-0.8049638347068965,1.1573048444404321,4
848,075332.35,37.30391633333333,127.90718366666667,-0.8049638347068965,1.1573048444404321,4
849,075332.45,37.30391633333333,127.90718366666667,-0.8049638347068965,1.1573048444404321,4
850,075332.55,37.30391633333333,127.90718366666667,-0.8049638347068965,1.1573048444404321,4
851,075332.65,37.30391633333333,127.90718366666667,-0.8049638347068965,1.1573048444404321,4
852,075332.75,37.30391633333333,127.90718366666667,-0.8049638347068965,1.1573048444404321,4
853,075332.85,37.30391633333333,127.90718366666667,-0.8049638347068965,1.1573048444404321,4
854,075332.95,37.30391633333333,127.90718366666667,-0.8049638347068965,1.1573048444404321,4
855,075333.05,37.30391633333333,127.90718366666667,-0.8049638347068965,1.1573048444404321,4
856,075333.15,37.30391633333333,127.90718366666667,-0.8049638347068965,1.1573048444404321,4
857,075333.25,37.30391633333333,127.90718366666667,-0.8049638347068965,1.1573048444404321,4
858,075333.35,37.30391633333333,127.90718366666667,-0.8049638347068965,1.1573048444404321,4
859,075333.45,37.30391633333333,127.90718366666667,-0.8049638347068965,1.1573048444404321,4
860,075333.55,37.30391633333333,127.90718366666667,-0.8049638347068965,1.1573048444404321,4
861,075333.65,37.30391633333333,127.90718366666667,-0.8049638347068965,1.1573048444404321,4
862,075333.75,37.30391633333333,127.90718366666667,-0.8049638347068965,1.1573048444404321,4
863,075333.85,37.30391633333333,127.90718366666667,-0.8049638347068965,1.1573048444404321,4
864,075333.95,37.30391633333333,127.90718366666667,-0.8049638347068965,1.1573048444404321,4
865,075334.05,37.30391633333333,127.90718366666667,-0.8049638347068965,1.1573048444404321,4
866,075334.15,37.30391633333333,127.90718366666667,-0.8049638347068965,1.1573048444404321,4
867,075334.25,37.30391633333333,127.90718366666667,-0.8049638347068965,1.1573048444404321,4
868,075334.35,37.30391633333333,127.90718366666667,-0.8049638347068965,1.1573048444404321,4
869,075334.45,37.30391633333333,127.90718366666667,-0.8049638347068965,1.1573048444404321,4
870,075334.55,37.30391633333333,127.90718366666667,-0.8049638347068965,1.1573048444404321,4
871,075334.65,37.30391633333333,127.90718366666667,-0.8049638347068965,1.1573048444404321,4
872,075334.75,37.30391633333333,127.90718366666667,-0.8049638347068965,1.1573048444404321,4
873,075334.85,37.30391633333333,127.90718366666667,-0.8049638347068965,1.1573048444404321,4
874,075334.95,37.30391633333333,127.90718366666667,-0.8049638347068965,1.1573048444404321,4
875,075335.05,37.30391633333333,127.90718366666667,-0.8049638347068965,1.1573048444404321,4
876,075335.15,37.30391633333333,127.90718366666667,-0.8049638347068965,1.1573048444404321,4
877,075335.25,37.30391633333333,127.90718366666667,-0.8049638347068965,1.1573048444404321,4
878,075335.35,37.30391633333333,127.90718366666667,-0.8049638347068965,1.1573048444404321,4
879,075335.45,37.30391633333333,127.90718366666667,-0.8049638347068965,1.1573048444404321,4
880,075335.55,37.30391633333333,127.90718366666667,-0.8049638347068965,1.1573048444404321,4
881,075335.65,37.30391633333333,127.90718366666667,-0.8049638347068965,1.1573048444404321,4
882,075335.75,37.30391633333333,127.90718366666667,-0.8049638347068965,1.1573048444404321,4
883,075335.85,37.30391633333333,127.90718366666667,-0.8049638347068965,1.1573048444404321,4
884,075335.95,37.30391633333333,127.90718366666667,-0.8049638347068965,1.1573048444404321,4
885,075336.05,37.30391633333333,127.90718383333333,0.670827775078046,1.1573048444404321,4
886,075336.15,37.30391633333333,127.90718366666667,-0.8049638347068965,1.1573048444404321,4
887,075336.25,37.30391633333333,127.90718366666667,-0.8049638347068965,1.1573048444404321,4
888,075336.35,37.30391633333333,127.90718366666667,-0.8049638347068965,1.1573048444404321,4
889,075336.45,37.30391633333333,127.90718366666667,-0.8049638347068965,1.1573048444404321,4
890,075336.55,37.30391616666667,127.90718366666667,-0.8049638347068965,-0.6980284842086348,4
891,075336.65,37.30391616666667,127.90718366666667,-0.8049638347068965,-0.6980284842086348,4
892,075336.75,37.30391616666667,127.9071835,-2.280755444491839,-0.6980284842086348,4
893,075336.85,37.30391616666667,127.9071835,-2.280755444491839,-0.6980284842086348,4
894,075336.95,37.30391616666667,127.9071835,-2.280755444491839,-0.6980284842086348,4
895,075337.05,37.30391616666667,127.9071835,-2.280755444491839,-0.6980284842086348,4
896,075337.15,37.30391616666667,127.9071835,-2.280755444491839,-0.6980284842086348,4
897,075337.25,37.30391633333333,127.9071835,-2.280755444491839,1.1573048444404321,4
898,075337.35,37.30391633333333,127.9071835,-2.280755444491839,1.1573048444404321,4
899,075337.45,37.30391633333333,127.9071835,-2.280755444491839,1.1573048444404321,4
900,075337.55,37.30391633333333,127.9071835,-2.280755444491839,1.1573048444404321,4
901,075337.65,37.30391633333333,127.9071835,-2.280755444491839,1.1573048444404321,4
902,075337.75,37.30391633333333,127.9071835,-2.280755444491839,1.1573048444404321,4
903,075337.85,37.30391633333333,127.9071835,-2.280755444491839,1.1573048444404321,4
904,075337.95,37.30391633333333,127.90718366666667,-0.8049638347068965,1.1573048444404321,4
905,075338.05,37.30391633333333,127.90718366666667,-0.8049638347068965,1.1573048444404321,4
906,075338.15,37.30391633333333,127.9071835,-2.280755444491839,1.1573048444404321,4
907,075338.25,37.30391633333333,127.9071835,-2.280755444491839,1.1573048444404321,4
908,075338.35,37.30391633333333,127.9071835,-2.280755444491839,1.1573048444404321,4
909,075338.45,37.30391633333333,127.90718366666667,-0.8049638347068965,1.1573048444404321,4
910,075338.55,37.30391633333333,127.90718366666667,-0.8049638347068965,1.1573048444404321,4
911,075338.65,37.30391633333333,127.9071835,-2.280755444491839,1.1573048444404321,4
912,075338.75,37.30391633333333,127.9071835,-2.280755444491839,1.1573048444404321,4
913,075338.85,37.30391633333333,127.90718366666667,-0.8049638347068965,1.1573048444404321,4
914,075338.95,37.30391633333333,127.90718366666667,-0.8049638347068965,1.1573048444404321,4
915,075339.05,37.30391633333333,127.9071835,-2.280755444491839,1.1573048444404321,4
916,075339.15,37.30391633333333,127.90718366666667,-0.8049638347068965,1.1573048444404321,4
917,075339.25,37.30391633333333,127.90718366666667,-0.8049638347068965,1.1573048444404321,4
918,075339.35,37.30391633333333,127.90718366666667,-0.8049638347068965,1.1573048444404321,4
919,075339.45,37.30391633333333,127.90718366666667,-0.8049638347068965,1.1573048444404321,4
920,075339.55,37.30391633333333,127.90718366666667,-0.8049638347068965,1.1573048444404321,4
921,075339.65,37.30391633333333,127.90718366666667,-0.8049638347068965,1.1573048444404321,4
922,075339.75,37.30391633333333,127.90718366666667,-0.8049638347068965,1.1573048444404321,4
923,075339.85,37.30391633333333,127.90718366666667,-0.8049638347068965,1.1573048444404321,4
924,075339.95,37.30391633333333,127.90718366666667,-0.8049638347068965,1.1573048444404321,4
925,075340.05,37.30391633333333,127.90718366666667,-0.8049638347068965,1.1573048444404321,4
926,075340.15,37.30391633333333,127.90718366666667,-0.8049638347068965,1.1573048444404321,4
927,075340.25,37.30391633333333,127.90718366666667,-0.8049638347068965,1.1573048444404321,4
928,075340.35,37.30391633333333,127.90718366666667,-0.8049638347068965,1.1573048444404321,4
929,075340.45,37.30391633333333,127.90718366666667,-0.8049638347068965,1.1573048444404321,4
930,075340.55,37.30391633333333,127.90718366666667,-0.8049638347068965,1.1573048444404321,4
931,075340.65,37.30391633333333,127.90718366666667,-0.8049638347068965,1.1573048444404321,4
932,075340.75,37.30391633333333,127.90718366666667,-0.8049638347068965,1.1573048444404321,4
933,075340.85,37.30391633333333,127.90718366666667,-0.8049638347068965,1.1573048444404321,4
934,075340.95,37.30391633333333,127.90718366666667,-0.8049638347068965,1.1573048444404321,4
935,075341.05,37.30391633333333,127.90718366666667,-0.8049638347068965,1.1573048444404321,4
936,075341.15,37.30391633333333,127.90718366666667,-0.8049638347068965,1.1573048444404321,4
937,075341.25,37.30391633333333,127.90718366666667,-0.8049638347068965,1.1573048444404321,4
938,075341.35,37.30391633333333,127.90718366666667,-0.8049638347068965,1.1573048444404321,4
939,075341.45,37.30391633333333,127.90718366666667,-0.8049638347068965,1.1573048444404321,4
940,075341.55,37.30391633333333,127.90718366666667,-0.8049638347068965,1.1573048444404321,4
941,075341.65,37.30391633333333,127.90718366666667,-0.8049638347068965,1.1573048444404321,4
942,075341.75,37.30391633333333,127.90718366666667,-0.8049638347068965,1.1573048444404321,4
943,075341.85,37.30391633333333,127.90718366666667,-0.8049638347068965,1.1573048444404321,4
944,075341.95,37.30391633333333,127.90718366666667,-0.8049638347068965,1.1573048444404321,4
945,075342.05,37.30391633333333,127.90718366666667,-0.8049638347068965,1.1573048444404321,4
946,075342.15,37.30391633333333,127.9071835,-2.280755444491839,1.1573048444404321,4
947,075342.25,37.30391633333333,127.90718366666667,-0.8049638347068965,1.1573048444404321,4
948,075342.35,37.30391633333333,127.9071835,-2.280755444491839,1.1573048444404321,4
949,075342.45,37.30391633333333,127.9071835,-2.280755444491839,1.1573048444404321,4
950,075342.55,37.30391633333333,127.90718366666667,-0.8049638347068965,1.1573048444404321,4
951,075342.65,37.30391633333333,127.90718366666667,-0.8049638347068965,1.1573048444404321,4
952,075342.75,37.30391633333333,127.90718366666667,-0.8049638347068965,1.1573048444404321,4
953,075342.85,37.30391633333333,127.90718366666667,-0.8049638347068965,1.1573048444404321,4
954,075342.95,37.30391633333333,127.90718366666667,-0.8049638347068965,1.1573048444404321,4
955,075343.05,37.30391633333333,127.90718366666667,-0.8049638347068965,1.1573048444404321,4
956,075343.15,37.30391633333333,127.90718366666667,-0.8049638347068965,1.1573048444404321,4
957,075343.25,37.30391633333333,127.90718366666667,-0.8049638347068965,1.1573048444404321,4
958,075343.35,37.30391633333333,127.90718366666667,-0.8049638347068965,1.1573048444404321,4
959,075343.45,37.30391633333333,127.90718366666667,-0.8049638347068965,1.1573048444404321,4
960,075343.55,37.30391633333333,127.90718366666667,-0.8049638347068965,1.1573048444404321,4
961,075343.65,37.30391633333333,127.90718366666667,-0.8049638347068965,1.1573048444404321,4
962,075343.75,37.30391633333333,127.90718366666667,-0.8049638347068965,1.1573048444404321,4
963,075343.85,37.30391633333333,127.90718366666667,-0.8049638347068965,1.1573048444404321,4
964,075343.95,37.30391633333333,127.90718366666667,-0.8049638347068965,1.1573048444404321,4
965,075344.05,37.30391633333333,127.90718366666667,-0.8049638347068965,1.1573048444404321,4
966,075344.15,37.30391633333333,127.90718366666667,-0.8049638347068965,1.1573048444404321,4
967,075344.25,37.30391633333333,127.90718366666667,-0.8049638347068965,1.1573048444404321,4
968,075344.35,37.30391633333333,127.90718366666667,-0.8049638347068965,1.1573048444404321,4
969,075344.45,37.30391633333333,127.90718366666667,-0.8049638347068965,1.1573048444404321,4
970,075344.55,37.30391633333333,127.90718366666667,-0.8049638347068965,1.1573048444404321,4
971,075344.65,37.30391633333333,127.90718366666667,-0.8049638347068965,1.1573048444404321,4
972,075344.75,37.30391633333333,127.90718366666667,-0.8049638347068965,1.1573048444404321,4
973,075344.85,37.30391633333333,127.90718366666667,-0.8049638347068965,1.1573048444404321,4
974,075344.95,37.30391633333333,127.90718366666667,-0.8049638347068965,1.1573048444404321,4
975,075345.05,37.30391633333333,127.90718366666667,-0.8049638347068965,1.1573048444404321,4
976,075345.15,37.30391633333333,127.90718366666667,-0.8049638347068965,1.1573048444404321,4
977,075345.25,37.30391633333333,127.90718366666667,-0.8049638347068965,1.1573048444404321,4
978,075345.35,37.30391633333333,127.90718366666667,-0.8049638347068965,1.1573048444404321,4
979,075345.45,37.30391633333333,127.90718366666667,-0.8049638347068965,1.1573048444404321,4
980,075345.55,37.30391633333333,127.90718366666667,-0.8049638347068965,1.1573048444404321,4
981,075345.65,37.30391633333333,127.90718366666667,-0.8049638347068965,1.1573048444404321,4
982,075345.75,37.30391633333333,127.90718366666667,-0.8049638347068965,1.1573048444404321,4
983,075345.85,37.30391633333333,127.90718366666667,-0.8049638347068965,1.1573048444404321,4
984,075345.95,37.30391633333333,127.90718366666667,-0.8049638347068965,1.1573048444404321,4
985,075346.05,37.30391633333333,127.90718366666667,-0.8049638347068965,1.1573048444404321,4
986,075346.15,37.30391633333333,127.90718366666667,-0.8049638347068965,1.1573048444404321,4
987,075346.25,37.30391633333333,127.90718366666667,-0.8049638347068965,1.1573048444404321,4
988,075346.35,37.30391633333333,127.90718366666667,-0.8049638347068965,1.1573048444404321,4
989,075346.45,37.30391633333333,127.90718366666667,-0.8049638347068965,1.1573048444404321,4
990,075346.55,37.30391633333333,127.90718366666667,-0.8049638347068965,1.1573048444404321,4
991,075346.65,37.3039165,127.90718366666667,-0.8049638347068965,3.012638173089499,4
992,075346.75,37.3039165,127.90718383333333,0.670827775078046,3.012638173089499,4
993,075346.85,37.3039165,127.90718383333333,0.670827775078046,3.012638173089499,4
994,075346.95,37.3039165,127.90718366666667,-0.8049638347068965,3.012638173089499,4
995,075347.05,37.3039165,127.90718366666667,-0.8049638347068965,3.012638173089499,4
996,075347.15,37.3039165,127.90718383333333,0.670827775078046,3.012638173089499,4
997,075347.25,37.3039165,127.90718383333333,0.670827775078046,3.012638173089499,4
998,075347.35,37.3039165,127.90718383333333,0.670827775078046,3.012638173089499,4
999,075347.45,37.3039165,127.90718383333333,0.670827775078046,3.012638173089499,4
1000,075347.55,37.3039165,127.90718383333333,0.670827775078046,3.012638173089499,4
1001,075347.65,37.3039165,127.90718383333333,0.670827775078046,3.012638173089499,4
1002,075347.75,37.3039165,127.90718383333333,0.670827775078046,3.012638173089499,4
1003,075347.85,37.3039165,127.90718383333333,0.670827775078046,3.012638173089499,4
1004,075347.95,37.3039165,127.90718383333333,0.670827775078046,3.012638173089499,4
1005,075348.05,37.3039165,127.90718366666667,-0.8049638347068965,3.012638173089499,4
1006,075348.15,37.3039165,127.90718366666667,-0.8049638347068965,3.012638173089499,4
1007,075348.25,37.3039165,127.90718366666667,-0.8049638347068965,3.012638173089499,4
1008,075348.35,37.3039165,127.90718366666667,-0.8049638347068965,3.012638173089499,4
1009,075348.45,37.3039165,127.90718366666667,-0.8049638347068965,3.012638173089499,4
1010,075348.55,37.3039165,127.90718366666667,-0.8049638347068965,3.012638173089499,4
1011,075348.65,37.3039165,127.90718366666667,-0.8049638347068965,3.012638173089499,4
1012,075348.75,37.3039165,127.90718366666667,-0.8049638347068965,3.012638173089499,4
1013,075348.85,37.3039165,127.90718366666667,-0.8049638347068965,3.012638173089499,4
1014,075348.95,37.3039165,127.90718366666667,-0.8049638347068965,3.012638173089499,4
1015,075349.05,37.3039165,127.90718366666667,-0.8049638347068965,3.012638173089499,4
1016,075349.15,37.3039165,127.90718366666667,-0.8049638347068965,3.012638173089499,4
1017,075349.25,37.3039165,127.90718366666667,-0.8049638347068965,3.012638173089499,4
1018,075349.35,37.3039165,127.90718366666667,-0.8049638347068965,3.012638173089499,4
1019,075349.45,37.3039165,127.90718366666667,-0.8049638347068965,3.012638173089499,4
1020,075349.55,37.3039165,127.90718366666667,-0.8049638347068965,3.012638173089499,4
1021,075349.65,37.3039165,127.90718366666667,-0.8049638347068965,3.012638173089499,4
1022,075349.75,37.3039165,127.90718366666667,-0.8049638347068965,3.012638173089499,4
1023,075349.85,37.3039165,127.90718383333333,0.670827775078046,3.012638173089499,4
1024,075349.95,37.3039165,127.90718366666667,-0.8049638347068965,3.012638173089499,4
1025,075350.05,37.3039165,127.90718366666667,-0.8049638347068965,3.012638173089499,4
1026,075350.15,37.3039165,127.90718366666667,-0.8049638347068965,3.012638173089499,4
1027,075350.25,37.3039165,127.90718366666667,-0.8049638347068965,3.012638173089499,4
1028,075350.35,37.30391633333333,127.90718366666667,-0.8049638347068965,1.1573048444404321,4
1029,075350.45,37.30391633333333,127.9071835,-2.280755444491839,1.1573048444404321,4
1030,075350.55,37.30391633333333,127.9071835,-2.280755444491839,1.1573048444404321,4
1031,075350.65,37.30391633333333,127.9071835,-2.280755444491839,1.1573048444404321,4
1032,075350.75,37.30391633333333,127.9071835,-2.280755444491839,1.1573048444404321,4
1033,075350.85,37.30391633333333,127.90718366666667,-0.8049638347068965,1.1573048444404321,4
1034,075350.95,37.30391633333333,127.9071835,-2.280755444491839,1.1573048444404321,4
1035,075351.05,37.30391633333333,127.9071835,-2.280755444491839,1.1573048444404321,4
1036,075351.15,37.30391633333333,127.9071835,-2.280755444491839,1.1573048444404321,4
1037,075351.25,37.30391633333333,127.90718366666667,-0.8049638347068965,1.1573048444404321,4
1038,075351.35,37.30391633333333,127.9071835,-2.280755444491839,1.1573048444404321,4
1039,075351.45,37.30391633333333,127.9071835,-2.280755444491839,1.1573048444404321,4
1040,075351.55,37.30391633333333,127.9071835,-2.280755444491839,1.1573048444404321,4
1041,075351.65,37.30391633333333,127.9071835,-2.280755444491839,1.1573048444404321,4
1042,075351.75,37.30391633333333,127.9071835,-2.280755444491839,1.1573048444404321,4
1043,075351.85,37.30391633333333,127.9071835,-2.280755444491839,1.1573048444404321,4
1044,075351.95,37.30391633333333,127.9071835,-2.280755444491839,1.1573048444404321,4
1045,075352.05,37.30391633333333,127.9071835,-2.280755444491839,1.1573048444404321,4
1046,075352.15,37.30391633333333,127.9071835,-2.280755444491839,1.1573048444404321,4
1047,075352.25,37.30391633333333,127.9071835,-2.280755444491839,1.1573048444404321,4
1048,075352.35,37.30391633333333,127.9071835,-2.280755444491839,1.1573048444404321,4
1049,075352.45,37.30391633333333,127.9071835,-2.280755444491839,1.1573048444404321,4
1050,075352.55,37.30391633333333,127.9071835,-2.280755444491839,1.1573048444404321,4
1051,075352.65,37.30391633333333,127.9071835,-2.280755444491839,1.1573048444404321,4
1052,075352.75,37.30391633333333,127.9071835,-2.280755444491839,1.1573048444404321,4
1053,075352.85,37.30391633333333,127.9071835,-2.280755444491839,1.1573048444404321,4
1054,075352.95,37.30391633333333,127.9071835,-2.280755444491839,1.1573048444404321,4
1055,075353.05,37.30391633333333,127.9071835,-2.280755444491839,1.1573048444404321,4
1056,075353.15,37.30391633333333,127.9071835,-2.280755444491839,1.1573048444404321,4
1057,075353.25,37.30391633333333,127.9071835,-2.280755444491839,1.1573048444404321,4
1058,075353.35,37.30391633333333,127.9071835,-2.280755444491839,1.1573048444404321,4
1059,075353.45,37.30391633333333,127.9071835,-2.280755444491839,1.1573048444404321,4
1060,075353.55,37.30391633333333,127.9071835,-2.280755444491839,1.1573048444404321,4
1061,075353.65,37.30391633333333,127.9071835,-2.280755444491839,1.1573048444404321,4
1062,075353.75,37.30391633333333,127.9071835,-2.280755444491839,1.1573048444404321,4
1063,075353.85,37.30391633333333,127.90718366666667,-0.8049638347068965,1.1573048444404321,4
1064,075353.95,37.30391633333333,127.9071835,-2.280755444491839,1.1573048444404321,4
1065,075354.05,37.30391633333333,127.9071835,-2.280755444491839,1.1573048444404321,4
1066,075354.15,37.30391633333333,127.9071835,-2.280755444491839,1.1573048444404321,4
1067,075354.25,37.30391633333333,127.9071835,-2.280755444491839,1.1573048444404321,4
1068,075354.35,37.30391633333333,127.90718366666667,-0.8049638347068965,1.1573048444404321,4
1069,075354.45,37.30391633333333,127.90718366666667,-0.8049638347068965,1.1573048444404321,4
1070,075354.55,37.30391633333333,127.9071835,-2.280755444491839,1.1573048444404321,4
1071,075354.65,37.30391633333333,127.9071835,-2.280755444491839,1.1573048444404321,4
1072,075354.75,37.30391633333333,127.9071835,-2.280755444491839,1.1573048444404321,4
1073,075354.85,37.30391633333333,127.90718366666667,-0.8049638347068965,1.1573048444404321,4
1074,075354.95,37.30391633333333,127.9071835,-2.280755444491839,1.1573048444404321,4
1075,075355.05,37.30391633333333,127.90718366666667,-0.8049638347068965,1.1573048444404321,4
1076,075355.15,37.30391633333333,127.90718366666667,-0.8049638347068965,1.1573048444404321,4
1077,075355.25,37.30391633333333,127.90718366666667,-0.8049638347068965,1.1573048444404321,4
1078,075355.35,37.30391633333333,127.90718366666667,-0.8049638347068965,1.1573048444404321,4
1079,075355.45,37.30391633333333,127.90718366666667,-0.8049638347068965,1.1573048444404321,4
1080,075355.55,37.30391633333333,127.90718366666667,-0.8049638347068965,1.1573048444404321,4
1081,075355.65,37.30391633333333,127.90718366666667,-0.8049638347068965,1.1573048444404321,4
1082,075355.75,37.30391633333333,127.90718366666667,-0.8049638347068965,1.1573048444404321,4
1083,075355.85,37.30391633333333,127.90718366666667,-0.8049638347068965,1.1573048444404321,4
1084,075355.95,37.30391633333333,127.90718366666667,-0.8049638347068965,1.1573048444404321,4
1085,075356.05,37.30391633333333,127.90718366666667,-0.8049638347068965,1.1573048444404321,4
1086,075356.15,37.30391633333333,127.90718366666667,-0.8049638347068965,1.1573048444404321,4
1087,075356.25,37.30391633333333,127.90718366666667,-0.8049638347068965,1.1573048444404321,4
1088,075356.35,37.30391633333333,127.90718366666667,-0.8049638347068965,1.1573048444404321,4
1089,075356.45,37.30391633333333,127.90718366666667,-0.8049638347068965,1.1573048444404321,4
1090,075356.55,37.30391633333333,127.90718366666667,-0.8049638347068965,1.1573048444404321,4
1091,075356.65,37.30391633333333,127.90718366666667,-0.8049638347068965,1.1573048444404321,4
1092,075356.75,37.30391633333333,127.90718366666667,-0.8049638347068965,1.1573048444404321,4
1093,075356.85,37.30391633333333,127.90718366666667,-0.8049638347068965,1.1573048444404321,4
1094,075356.95,37.30391633333333,127.90718366666667,-0.8049638347068965,1.1573048444404321,4
1095,075357.05,37.30391633333333,127.9071835,-2.280755444491839,1.1573048444404321,4
1096,075357.15,37.30391633333333,127.90718366666667,-0.8049638347068965,1.1573048444404321,4
1097,075357.25,37.30391633333333,127.90718366666667,-0.8049638347068965,1.1573048444404321,4
1098,075357.35,37.30391633333333,127.90718366666667,-0.8049638347068965,1.1573048444404321,4
1099,075357.45,37.30391633333333,127.90718366666667,-0.8049638347068965,1.1573048444404321,4
1100,075357.55,37.30391633333333,127.90718366666667,-0.8049638347068965,1.1573048444404321,4
1101,075357.65,37.30391633333333,127.90718366666667,-0.8049638347068965,1.1573048444404321,4
1102,075357.75,37.30391633333333,127.90718366666667,-0.8049638347068965,1.1573048444404321,4
1103,075357.85,37.30391633333333,127.90718366666667,-0.8049638347068965,1.1573048444404321,4
1104,075357.95,37.30391633333333,127.90718366666667,-0.8049638347068965,1.1573048444404321,4
1105,075358.05,37.30391633333333,127.90718366666667,-0.8049638347068965,1.1573048444404321,4
1106,075358.15,37.30391633333333,127.90718366666667,-0.8049638347068965,1.1573048444404321,4
1107,075358.25,37.3039165,127.90718366666667,-0.8049638347068965,3.012638173089499,4
1108,075358.35,37.3039165,127.90718366666667,-0.8049638347068965,3.012638173089499,4
1109,075358.45,37.3039165,127.90718366666667,-0.8049638347068965,3.012638173089499,4
1110,075358.55,37.30391633333333,127.90718366666667,-0.8049638347068965,1.1573048444404321,4
1111,075358.65,37.30391633333333,127.90718366666667,-0.8049638347068965,1.1573048444404321,4
1112,075358.75,37.30391633333333,127.90718366666667,-0.8049638347068965,1.1573048444404321,4
1113,075358.85,37.30391633333333,127.90718366666667,-0.8049638347068965,1.1573048444404321,4
1114,075358.95,37.30391633333333,127.90718366666667,-0.8049638347068965,1.1573048444404321,4
1115,075359.05,37.30391633333333,127.90718366666667,-0.8049638347068965,1.1573048444404321,4
1116,075359.15,37.30391633333333,127.90718366666667,-0.8049638347068965,1.1573048444404321,4
1117,075359.25,37.3039165,127.90718366666667,-0.8049638347068965,3.012638173089499,4
1118,075359.35,37.30391633333333,127.90718366666667,-0.8049638347068965,1.1573048444404321,4
1119,075359.45,37.3039165,127.90718366666667,-0.8049638347068965,3.012638173089499,4
1120,075359.55,37.3039165,127.90718366666667,-0.8049638347068965,3.012638173089499,4
1121,075359.65,37.3039165,127.90718366666667,-0.8049638347068965,3.012638173089499,4
1122,075359.75,37.3039165,127.90718366666667,-0.8049638347068965,3.012638173089499,4
1123,075359.85,37.30391633333333,127.90718366666667,-0.8049638347068965,1.1573048444404321,4
1124,075359.95,37.3039165,127.9071835,-2.280755444491839,3.012638173089499,4
1125,075400.05,37.3039165,127.90718366666667,-0.8049638347068965,3.012638173089499,4
1126,075400.15,37.3039165,127.90718366666667,-0.8049638347068965,3.012638173089499,4
1127,075400.25,37.3039165,127.90718366666667,-0.8049638347068965,3.012638173089499,4
1128,075400.35,37.3039165,127.90718366666667,-0.8049638347068965,3.012638173089499,4
1129,075400.45,37.3039165,127.9071835,-2.280755444491839,3.012638173089499,4
1130,075400.55,37.3039165,127.90718366666667,-0.8049638347068965,3.012638173089499,4
1131,075400.65,37.3039165,127.90718366666667,-0.8049638347068965,3.012638173089499,4
1132,075400.75,37.3039165,127.9071835,-2.280755444491839,3.012638173089499,4
1133,075400.85,37.3039165,127.9071835,-2.280755444491839,3.012638173089499,4
1134,075400.95,37.3039165,127.9071835,-2.280755444491839,3.012638173089499,4
1135,075401.05,37.3039165,127.9071835,-2.280755444491839,3.012638173089499,4
1136,075401.15,37.3039165,127.90718366666667,-0.8049638347068965,3.012638173089499,4
1137,075401.25,37.3039165,127.9071835,-2.280755444491839,3.012638173089499,4
1138,075401.35,37.3039165,127.9071835,-2.280755444491839,3.012638173089499,4
1139,075401.45,37.3039165,127.90718366666667,-0.8049638347068965,3.012638173089499,4
1140,075401.55,37.3039165,127.90718366666667,-0.8049638347068965,3.012638173089499,4
1141,075401.65,37.3039165,127.90718366666667,-0.8049638347068965,3.012638173089499,4
1142,075401.75,37.3039165,127.90718366666667,-0.8049638347068965,3.012638173089499,4
1143,075401.85,37.3039165,127.90718366666667,-0.8049638347068965,3.012638173089499,4
1144,075401.95,37.3039165,127.90718366666667,-0.8049638347068965,3.012638173089499,4
1145,075402.05,37.3039165,127.90718366666667,-0.8049638347068965,3.012638173089499,4
1146,075402.15,37.3039165,127.9071835,-2.280755444491839,3.012638173089499,4
1147,075402.25,37.3039165,127.90718366666667,-0.8049638347068965,3.012638173089499,4
1148,075402.35,37.3039165,127.90718366666667,-0.8049638347068965,3.012638173089499,4
1149,075402.45,37.3039165,127.90718366666667,-0.8049638347068965,3.012638173089499,4
1150,075402.55,37.3039165,127.90718366666667,-0.8049638347068965,3.012638173089499,4
1151,075402.65,37.3039165,127.90718366666667,-0.8049638347068965,3.012638173089499,4
1152,075402.75,37.3039165,127.90718366666667,-0.8049638347068965,3.012638173089499,4
1153,075402.85,37.3039165,127.90718366666667,-0.8049638347068965,3.012638173089499,4
1154,075402.95,37.303916666666666,127.90718366666667,-0.8049638347068965,4.867971501738566,4
1155,075403.05,37.3039165,127.90718366666667,-0.8049638347068965,3.012638173089499,4
1156,075403.15,37.3039165,127.90718366666667,-0.8049638347068965,3.012638173089499,4
1157,075403.25,37.3039165,127.90718366666667,-0.8049638347068965,3.012638173089499,4
1158,075403.35,37.3039165,127.90718366666667,-0.8049638347068965,3.012638173089499,4
1159,075403.45,37.3039165,127.90718366666667,-0.8049638347068965,3.012638173089499,4
1160,075403.55,37.3039165,127.90718366666667,-0.8049638347068965,3.012638173089499,4
1161,075403.65,37.3039165,127.90718366666667,-0.8049638347068965,3.012638173089499,4
1162,075403.75,37.3039165,127.90718366666667,-0.8049638347068965,3.012638173089499,4
1163,075403.85,37.3039165,127.90718366666667,-0.8049638347068965,3.012638173089499,4
1164,075403.95,37.3039165,127.90718366666667,-0.8049638347068965,3.012638173089499,4
1165,075404.05,37.3039165,127.90718366666667,-0.8049638347068965,3.012638173089499,4
1166,075404.15,37.3039165,127.90718366666667,-0.8049638347068965,3.012638173089499,4
1167,075404.25,37.3039165,127.9071835,-2.280755444491839,3.012638173089499,4
1168,075404.35,37.3039165,127.90718366666667,-0.8049638347068965,3.012638173089499,4
1169,075404.45,37.3039165,127.90718366666667,-0.8049638347068965,3.012638173089499,4
1170,075404.55,37.3039165,127.9071835,-2.280755444491839,3.012638173089499,4
1171,075404.65,37.3039165,127.9071835,-2.280755444491839,3.012638173089499,4
1172,075404.75,37.3039165,127.90718366666667,-0.8049638347068965,3.012638173089499,4
1173,075404.85,37.3039165,127.90718366666667,-0.8049638347068965,3.012638173089499,4
1174,075404.95,37.3039165,127.90718366666667,-0.8049638347068965,3.012638173089499,4
1175,075405.05,37.3039165,127.90718366666667,-0.8049638347068965,3.012638173089499,4
1176,075405.15,37.3039165,127.90718366666667,-0.8049638347068965,3.012638173089499,4
1177,075405.25,37.3039165,127.9071835,-2.280755444491839,3.012638173089499,4
1178,075405.35,37.3039165,127.9071835,-2.280755444491839,3.012638173089499,4
1179,075405.45,37.3039165,127.9071835,-2.280755444491839,3.012638173089499,4
1180,075405.60,37.30391633333333,127.9071835,-2.280755444491839,1.1573048444404321,4
1181,075405.70,37.30391633333333,127.9071835,-2.280755444491839,1.1573048444404321,4
1182,075405.80,37.30391633333333,127.9071835,-2.280755444491839,1.1573048444404321,4
1183,075405.90,37.30391633333333,127.9071835,-2.280755444491839,1.1573048444404321,4
1184,075406.00,37.30391633333333,127.9071835,-2.280755444491839,1.1573048444404321,4
1185,075406.10,37.30391633333333,127.9071835,-2.280755444491839,1.1573048444404321,4
1186,075406.20,37.30391633333333,127.9071835,-2.280755444491839,1.1573048444404321,4
1187,075406.30,37.30391633333333,127.9071835,-2.280755444491839,1.1573048444404321,4
1188,075406.40,37.3039165,127.9071835,-2.280755444491839,3.012638173089499,4
1189,075406.50,37.3039165,127.9071835,-2.280755444491839,3.012638173089499,4
1190,075406.60,37.30391633333333,127.9071835,-2.280755444491839,1.1573048444404321,4
1191,075406.70,37.3039165,127.9071835,-2.280755444491839,3.012638173089499,4
1192,075406.80,37.30391633333333,127.9071835,-2.280755444491839,1.1573048444404321,4
1193,075406.90,37.3039165,127.9071835,-2.280755444491839,3.012638173089499,4
1194,075407.00,37.30391633333333,127.9071835,-2.280755444491839,1.1573048444404321,4
1195,075407.10,37.3039165,127.9071835,-2.280755444491839,3.012638173089499,4
1196,075407.20,37.30391633333333,127.9071835,-2.280755444491839,1.1573048444404321,4
1197,075407.30,37.30391633333333,127.9071835,-2.280755444491839,1.1573048444404321,4
1198,075407.40,37.30391633333333,127.9071835,-2.280755444491839,1.1573048444404321,4
1199,075407.50,37.30391633333333,127.9071835,-2.280755444491839,1.1573048444404321,4
1200,075407.60,37.3039165,127.9071835,-2.280755444491839,3.012638173089499,4
1201,075407.70,37.3039165,127.9071835,-2.280755444491839,3.012638173089499,4
1202,075407.80,37.30391633333333,127.9071835,-2.280755444491839,1.1573048444404321,4
1203,075407.90,37.30391633333333,127.9071835,-2.280755444491839,1.1573048444404321,4
1204,075408.00,37.3039165,127.9071835,-2.280755444491839,3.012638173089499,4
1205,075408.10,37.30391633333333,127.9071835,-2.280755444491839,1.1573048444404321,4
1206,075408.20,37.30391633333333,127.9071835,-2.280755444491839,1.1573048444404321,4
1207,075408.30,37.30391633333333,127.9071835,-2.280755444491839,1.1573048444404321,4
1208,075408.40,37.30391633333333,127.9071835,-2.280755444491839,1.1573048444404321,4
1209,075408.50,37.3039165,127.9071835,-2.280755444491839,3.012638173089499,4
1210,075408.60,37.30391633333333,127.9071835,-2.280755444491839,1.1573048444404321,4
1211,075408.70,37.30391633333333,127.9071835,-2.280755444491839,1.1573048444404321,4
1212,075408.80,37.3039165,127.9071835,-2.280755444491839,3.012638173089499,4
1213,075408.90,37.30391633333333,127.9071835,-2.280755444491839,1.1573048444404321,4
1214,075409.00,37.30391633333333,127.9071835,-2.280755444491839,1.1573048444404321,4
1215,075409.10,37.3039165,127.9071835,-2.280755444491839,3.012638173089499,4
1216,075409.20,37.30391633333333,127.9071835,-2.280755444491839,1.1573048444404321,4
1217,075409.30,37.30391633333333,127.9071835,-2.280755444491839,1.1573048444404321,4
1218,075409.40,37.30391633333333,127.9071835,-2.280755444491839,1.1573048444404321,4
1219,075409.50,37.30391633333333,127.9071835,-2.280755444491839,1.1573048444404321,4
1220,075409.60,37.3039165,127.9071835,-2.280755444491839,3.012638173089499,4
1221,075409.70,37.3039165,127.9071835,-2.280755444491839,3.012638173089499,4
1222,075409.80,37.30391633333333,127.9071835,-2.280755444491839,1.1573048444404321,4
1223,075409.90,37.30391633333333,127.9071835,-2.280755444491839,1.1573048444404321,4
1224,075410.00,37.3039165,127.9071835,-2.280755444491839,3.012638173089499,4
1225,075410.10,37.30391633333333,127.9071835,-2.280755444491839,1.1573048444404321,4
1226,075410.20,37.30391633333333,127.9071835,-2.280755444491839,1.1573048444404321,4
1227,075410.30,37.30391633333333,127.9071835,-2.280755444491839,1.1573048444404321,4
1228,075410.40,37.30391633333333,127.9071835,-2.280755444491839,1.1573048444404321,4
1229,075410.50,37.3039165,127.9071835,-2.280755444491839,3.012638173089499,4
1230,075410.60,37.3039165,127.9071835,-2.280755444491839,3.012638173089499,4
1231,075410.70,37.3039165,127.9071835,-2.280755444491839,3.012638173089499,4
1232,075410.80,37.30391633333333,127.9071835,-2.280755444491839,1.1573048444404321,4
1233,075410.90,37.30391633333333,127.9071835,-2.280755444491839,1.1573048444404321,4
1234,075411.00,37.30391633333333,127.9071835,-2.280755444491839,1.1573048444404321,4
1235,075411.10,37.30391633333333,127.9071835,-2.280755444491839,1.1573048444404321,4
1236,075411.20,37.30391633333333,127.9071835,-2.280755444491839,1.1573048444404321,4
1237,075411.30,37.30391633333333,127.9071835,-2.280755444491839,1.1573048444404321,4
1238,075411.40,37.30391633333333,127.9071835,-2.280755444491839,1.1573048444404321,4
1239,075411.50,37.3039165,127.9071835,-2.280755444491839,3.012638173089499,4
1240,075411.60,37.30391633333333,127.9071835,-2.280755444491839,1.1573048444404321,4
1241,075411.70,37.30391633333333,127.9071835,-2.280755444491839,1.1573048444404321,4
1242,075411.80,37.30391633333333,127.9071835,-2.280755444491839,1.1573048444404321,4
1243,075411.90,37.3039165,127.9071835,-2.280755444491839,3.012638173089499,4
1244,075412.00,37.3039165,127.9071835,-2.280755444491839,3.012638173089499,4
1245,075412.10,37.30391633333333,127.9071835,-2.280755444491839,1.1573048444404321,4
1246,075412.20,37.30391633333333,127.90718366666667,-0.8049638347068965,1.1573048444404321,4
1247,075412.30,37.30391633333333,127.90718366666667,-0.8049638347068965,1.1573048444404321,4
1248,075412.40,37.30391633333333,127.90718366666667,-0.8049638347068965,1.1573048444404321,4
1249,075412.50,37.3039165,127.90718366666667,-0.8049638347068965,3.012638173089499,4
1250,075412.60,37.3039165,127.90718366666667,-0.8049638347068965,3.012638173089499,4
1251,075412.70,37.30391633333333,127.90718366666667,-0.8049638347068965,1.1573048444404321,4
1252,075412.80,37.3039165,127.9071835,-2.280755444491839,3.012638173089499,4
1253,075412.90,37.30391633333333,127.9071835,-2.280755444491839,1.1573048444404321,4
1254,075413.00,37.30391633333333,127.9071835,-2.280755444491839,1.1573048444404321,4
1255,075413.10,37.30391633333333,127.9071835,-2.280755444491839,1.1573048444404321,4
1256,075413.20,37.30391633333333,127.9071835,-2.280755444491839,1.1573048444404321,4
1257,075413.30,37.30391633333333,127.9071835,-2.280755444491839,1.1573048444404321,4
1258,075413.40,37.30391633333333,127.9071835,-2.280755444491839,1.1573048444404321,4
1259,075413.50,37.30391633333333,127.9071835,-2.280755444491839,1.1573048444404321,4
1260,075413.60,37.30391633333333,127.9071835,-2.280755444491839,1.1573048444404321,4
1261,075413.70,37.30391633333333,127.9071835,-2.280755444491839,1.1573048444404321,4
1262,075413.80,37.30391633333333,127.9071835,-2.280755444491839,1.1573048444404321,4
1263,075413.90,37.30391633333333,127.9071835,-2.280755444491839,1.1573048444404321,4
1264,075414.00,37.30391633333333,127.9071835,-2.280755444491839,1.1573048444404321,4
1265,075414.10,37.30391633333333,127.9071835,-2.280755444491839,1.1573048444404321,4
1266,075414.20,37.30391633333333,127.9071835,-2.280755444491839,1.1573048444404321,4
1267,075414.30,37.30391633333333,127.9071835,-2.280755444491839,1.1573048444404321,4
1268,075414.40,37.30391633333333,127.9071835,-2.280755444491839,1.1573048444404321,4
1269,075414.50,37.30391633333333,127.9071835,-2.280755444491839,1.1573048444404321,4
1270,075414.60,37.30391633333333,127.9071835,-2.280755444491839,1.1573048444404321,4
1271,075414.70,37.30391633333333,127.9071835,-2.280755444491839,1.1573048444404321,4
1272,075414.80,37.30391633333333,127.9071835,-2.280755444491839,1.1573048444404321,4
1273,075414.90,37.30391633333333,127.9071835,-2.280755444491839,1.1573048444404321,4
1274,075415.00,37.30391633333333,127.9071835,-2.280755444491839,1.1573048444404321,4
1275,075415.10,37.30391633333333,127.9071835,-2.280755444491839,1.1573048444404321,4
1276,075415.20,37.30391633333333,127.9071835,-2.280755444491839,1.1573048444404321,4
1277,075415.30,37.30391633333333,127.9071835,-2.280755444491839,1.1573048444404321,4
1278,075415.40,37.30391633333333,127.9071835,-2.280755444491839,1.1573048444404321,4
1279,075415.50,37.30391633333333,127.9071835,-2.280755444491839,1.1573048444404321,4
1280,075415.60,37.30391633333333,127.9071835,-2.280755444491839,1.1573048444404321,4
1281,075415.70,37.30391633333333,127.9071835,-2.280755444491839,1.1573048444404321,4
1282,075415.80,37.30391633333333,127.9071835,-2.280755444491839,1.1573048444404321,4
1283,075415.90,37.30391633333333,127.9071835,-2.280755444491839,1.1573048444404321,4
1284,075416.00,37.30391633333333,127.9071835,-2.280755444491839,1.1573048444404321,4
1285,075416.10,37.30391633333333,127.9071835,-2.280755444491839,1.1573048444404321,4
1286,075416.20,37.30391633333333,127.9071835,-2.280755444491839,1.1573048444404321,4
1287,075416.30,37.30391633333333,127.9071835,-2.280755444491839,1.1573048444404321,4
1288,075416.40,37.30391633333333,127.9071835,-2.280755444491839,1.1573048444404321,4
1289,075416.50,37.30391633333333,127.9071835,-2.280755444491839,1.1573048444404321,4
1290,075416.60,37.30391633333333,127.9071835,-2.280755444491839,1.1573048444404321,4
1291,075416.70,37.30391633333333,127.9071835,-2.280755444491839,1.1573048444404321,4
1292,075416.80,37.30391633333333,127.9071835,-2.280755444491839,1.1573048444404321,4
1293,075416.90,37.30391633333333,127.90718366666667,-0.8049638347068965,1.1573048444404321,4
1294,075417.00,37.30391633333333,127.9071835,-2.280755444491839,1.1573048444404321,4
1295,075417.10,37.30391633333333,127.9071835,-2.280755444491839,1.1573048444404321,4
1296,075417.20,37.30391633333333,127.9071835,-2.280755444491839,1.1573048444404321,4
1297,075417.30,37.30391633333333,127.9071835,-2.280755444491839,1.1573048444404321,4
1298,075417.40,37.30391633333333,127.90718366666667,-0.8049638347068965,1.1573048444404321,4
1299,075417.50,37.30391633333333,127.90718366666667,-0.8049638347068965,1.1573048444404321,4
1300,075417.60,37.30391633333333,127.90718366666667,-0.8049638347068965,1.1573048444404321,4
1301,075417.70,37.30391633333333,127.90718366666667,-0.8049638347068965,1.1573048444404321,4
1302,075417.80,37.30391633333333,127.90718366666667,-0.8049638347068965,1.1573048444404321,4
1303,075417.90,37.30391633333333,127.90718366666667,-0.8049638347068965,1.1573048444404321,4
1304,075418.00,37.30391633333333,127.90718366666667,-0.8049638347068965,1.1573048444404321,4
1305,075418.10,37.30391633333333,127.90718366666667,-0.8049638347068965,1.1573048444404321,4
1306,075418.20,37.30391633333333,127.90718366666667,-0.8049638347068965,1.1573048444404321,4
1307,075418.30,37.30391633333333,127.9071835,-2.280755444491839,1.1573048444404321,4
1308,075418.40,37.30391633333333,127.9071835,-2.280755444491839,1.1573048444404321,4
1309,075418.50,37.30391633333333,127.90718366666667,-0.8049638347068965,1.1573048444404321,4
1310,075418.60,37.30391633333333,127.90718366666667,-0.8049638347068965,1.1573048444404321,4
1311,075418.70,37.30391633333333,127.90718366666667,-0.8049638347068965,1.1573048444404321,4
1312,075418.80,37.30391633333333,127.90718366666667,-0.8049638347068965,1.1573048444404321,4
1313,075418.90,37.30391633333333,127.90718366666667,-0.8049638347068965,1.1573048444404321,4
1314,075419.00,37.30391633333333,127.90718366666667,-0.8049638347068965,1.1573048444404321,4
1315,075419.10,37.30391633333333,127.90718366666667,-0.8049638347068965,1.1573048444404321,4
1316,075419.20,37.30391633333333,127.90718366666667,-0.8049638347068965,1.1573048444404321,4
1317,075419.30,37.30391633333333,127.90718366666667,-0.8049638347068965,1.1573048444404321,4
1318,075419.40,37.30391633333333,127.90718366666667,-0.8049638347068965,1.1573048444404321,4
1319,075419.50,37.30391633333333,127.90718366666667,-0.8049638347068965,1.1573048444404321,4
1320,075419.60,37.30391633333333,127.90718366666667,-0.8049638347068965,1.1573048444404321,4
1321,075419.70,37.30391633333333,127.90718366666667,-0.8049638347068965,1.1573048444404321,4
1322,075419.80,37.30391633333333,127.90718366666667,-0.8049638347068965,1.1573048444404321,4
1323,075419.90,37.30391633333333,127.90718366666667,-0.8049638347068965,1.1573048444404321,4
1324,075420.00,37.30391633333333,127.90718366666667,-0.8049638347068965,1.1573048444404321,4
1325,075420.10,37.30391633333333,127.90718366666667,-0.8049638347068965,1.1573048444404321,4
1326,075420.20,37.30391633333333,127.90718366666667,-0.8049638347068965,1.1573048444404321,4
1327,075420.30,37.30391633333333,127.90718366666667,-0.8049638347068965,1.1573048444404321,4
1328,075420.40,37.30391633333333,127.90718366666667,-0.8049638347068965,1.1573048444404321,4
1329,075420.50,37.30391633333333,127.90718366666667,-0.8049638347068965,1.1573048444404321,4
1330,075420.60,37.30391633333333,127.9071835,-2.280755444491839,1.1573048444404321,4
1331,075420.70,37.30391633333333,127.90718366666667,-0.8049638347068965,1.1573048444404321,4
1332,075420.80,37.30391633333333,127.90718366666667,-0.8049638347068965,1.1573048444404321,4
1333,075420.90,37.30391633333333,127.90718366666667,-0.8049638347068965,1.1573048444404321,4
1334,075421.00,37.30391633333333,127.90718366666667,-0.8049638347068965,1.1573048444404321,4
1335,075421.10,37.30391633333333,127.90718366666667,-0.8049638347068965,1.1573048444404321,4
1336,075421.20,37.30391633333333,127.90718366666667,-0.8049638347068965,1.1573048444404321,4
1337,075421.30,37.30391633333333,127.90718366666667,-0.8049638347068965,1.1573048444404321,4
1338,075421.40,37.30391633333333,127.90718366666667,-0.8049638347068965,1.1573048444404321,4
1339,075421.50,37.30391633333333,127.90718366666667,-0.8049638347068965,1.1573048444404321,4
1340,075421.60,37.30391633333333,127.90718366666667,-0.8049638347068965,1.1573048444404321,4
1341,075421.70,37.30391633333333,127.90718366666667,-0.8049638347068965,1.1573048444404321,4
1342,075421.80,37.30391633333333,127.90718366666667,-0.8049638347068965,1.1573048444404321,4
1343,075421.90,37.30391633333333,127.90718366666667,-0.8049638347068965,1.1573048444404321,4
1344,075422.00,37.30391633333333,127.90718366666667,-0.8049638347068965,1.1573048444404321,4
1345,075422.10,37.30391633333333,127.90718366666667,-0.8049638347068965,1.1573048444404321,4
1346,075422.20,37.30391633333333,127.90718366666667,-0.8049638347068965,1.1573048444404321,4
1347,075422.30,37.30391633333333,127.90718366666667,-0.8049638347068965,1.1573048444404321,4
1348,075422.40,37.30391633333333,127.90718366666667,-0.8049638347068965,1.1573048444404321,4
1349,075422.50,37.30391633333333,127.90718366666667,-0.8049638347068965,1.1573048444404321,4
1350,075422.60,37.30391633333333,127.90718366666667,-0.8049638347068965,1.1573048444404321,4
1351,075422.70,37.30391633333333,127.90718366666667,-0.8049638347068965,1.1573048444404321,4
1352,075422.80,37.30391633333333,127.9071835,-2.280755444491839,1.1573048444404321,4
1353,075422.90,37.30391633333333,127.90718366666667,-0.8049638347068965,1.1573048444404321,4
1354,075423.00,37.30391633333333,127.90718366666667,-0.8049638347068965,1.1573048444404321,4
1355,075423.10,37.30391633333333,127.90718366666667,-0.8049638347068965,1.1573048444404321,4
1356,075423.20,37.30391633333333,127.90718366666667,-0.8049638347068965,1.1573048444404321,4
1357,075423.30,37.30391633333333,127.90718366666667,-0.8049638347068965,1.1573048444404321,4
1358,075423.40,37.30391633333333,127.90718366666667,-0.8049638347068965,1.1573048444404321,4
1359,075423.50,37.30391633333333,127.90718366666667,-0.8049638347068965,1.1573048444404321,4
1360,075423.60,37.30391633333333,127.90718366666667,-0.8049638347068965,1.1573048444404321,4
1361,075423.70,37.30391633333333,127.90718366666667,-0.8049638347068965,1.1573048444404321,4
1362,075423.80,37.30391633333333,127.90718366666667,-0.8049638347068965,1.1573048444404321,4
1363,075423.90,37.30391633333333,127.90718366666667,-0.8049638347068965,1.1573048444404321,4
1364,075424.00,37.30391633333333,127.90718366666667,-0.8049638347068965,1.1573048444404321,4
1365,075424.10,37.30391633333333,127.90718366666667,-0.8049638347068965,1.1573048444404321,4
1366,075424.20,37.30391633333333,127.90718366666667,-0.8049638347068965,1.1573048444404321,4
1367,075424.30,37.30391633333333,127.90718366666667,-0.8049638347068965,1.1573048444404321,4
1368,075424.40,37.30391633333333,127.90718366666667,-0.8049638347068965,1.1573048444404321,4
1369,075424.50,37.30391633333333,127.90718366666667,-0.8049638347068965,1.1573048444404321,4
1370,075424.60,37.30391633333333,127.90718366666667,-0.8049638347068965,1.1573048444404321,4
1371,075424.70,37.30391633333333,127.90718366666667,-0.8049638347068965,1.1573048444404321,4
1372,075424.80,37.30391633333333,127.90718366666667,-0.8049638347068965,1.1573048444404321,4
1373,075424.90,37.30391633333333,127.90718383333333,0.670827775078046,1.1573048444404321,4
1374,075425.00,37.30391633333333,127.90718383333333,0.670827775078046,1.1573048444404321,4
1375,075425.10,37.30391633333333,127.90718383333333,0.670827775078046,1.1573048444404321,4
1376,075425.20,37.30391633333333,127.90718366666667,-0.8049638347068965,1.1573048444404321,4
1377,075425.30,37.30391633333333,127.90718383333333,0.670827775078046,1.1573048444404321,4
1378,075425.40,37.30391633333333,127.90718383333333,0.670827775078046,1.1573048444404321,4
1379,075425.50,37.30391633333333,127.90718383333333,0.670827775078046,1.1573048444404321,4
1380,075425.60,37.30391633333333,127.90718366666667,-0.8049638347068965,1.1573048444404321,4
1381,075425.70,37.30391633333333,127.90718366666667,-0.8049638347068965,1.1573048444404321,4
1382,075425.80,37.30391633333333,127.90718366666667,-0.8049638347068965,1.1573048444404321,4
1383,075425.90,37.30391633333333,127.90718366666667,-0.8049638347068965,1.1573048444404321,4
1384,075426.00,37.30391633333333,127.90718366666667,-0.8049638347068965,1.1573048444404321,4
1385,075426.10,37.30391633333333,127.90718366666667,-0.8049638347068965,1.1573048444404321,4
1386,075426.20,37.30391633333333,127.90718366666667,-0.8049638347068965,1.1573048444404321,4
1387,075426.30,37.30391633333333,127.90718366666667,-0.8049638347068965,1.1573048444404321,4
1388,075426.40,37.30391633333333,127.90718383333333,0.670827775078046,1.1573048444404321,4
1389,075426.50,37.30391633333333,127.90718366666667,-0.8049638347068965,1.1573048444404321,4
1390,075426.60,37.30391633333333,127.90718366666667,-0.8049638347068965,1.1573048444404321,4
1391,075426.70,37.30391633333333,127.90718366666667,-0.8049638347068965,1.1573048444404321,4
1392,075426.80,37.30391633333333,127.90718366666667,-0.8049638347068965,1.1573048444404321,4
1393,075426.90,37.30391633333333,127.90718366666667,-0.8049638347068965,1.1573048444404321,4
1394,075427.00,37.30391633333333,127.90718366666667,-0.8049638347068965,1.1573048444404321,4
1395,075427.10,37.30391633333333,127.90718366666667,-0.8049638347068965,1.1573048444404321,4
1396,075427.20,37.30391633333333,127.90718366666667,-0.8049638347068965,1.1573048444404321,4
1397,075427.30,37.30391633333333,127.90718366666667,-0.8049638347068965,1.1573048444404321,4
1398,075427.40,37.30391633333333,127.90718383333333,0.670827775078046,1.1573048444404321,4
1399,075427.50,37.3039165,127.90718383333333,0.670827775078046,3.012638173089499,4
1400,075427.60,37.3039165,127.90718383333333,0.670827775078046,3.012638173089499,4
1401,075427.70,37.30391633333333,127.90718383333333,0.670827775078046,1.1573048444404321,4
1402,075427.80,37.30391633333333,127.90718383333333,0.670827775078046,1.1573048444404321,4
1403,075427.90,37.30391633333333,127.90718383333333,0.670827775078046,1.1573048444404321,4
1404,075428.00,37.3039165,127.90718383333333,0.670827775078046,3.012638173089499,4
1405,075428.10,37.3039165,127.90718383333333,0.670827775078046,3.012638173089499,4
1406,075428.20,37.30391633333333,127.90718383333333,0.670827775078046,1.1573048444404321,4
1407,075428.30,37.30391633333333,127.90718383333333,0.670827775078046,1.1573048444404321,4
1408,075428.40,37.30391633333333,127.90718383333333,0.670827775078046,1.1573048444404321,4
1409,075428.50,37.30391633333333,127.90718383333333,0.670827775078046,1.1573048444404321,4
1410,075428.60,37.3039165,127.90718383333333,0.670827775078046,3.012638173089499,4
1411,075428.70,37.30391633333333,127.90718383333333,0.670827775078046,1.1573048444404321,4
1412,075428.80,37.30391633333333,127.90718383333333,0.670827775078046,1.1573048444404321,4
1413,075428.90,37.3039165,127.90718383333333,0.670827775078046,3.012638173089499,4
1414,075429.00,37.30391633333333,127.90718383333333,0.670827775078046,1.1573048444404321,4
1415,075429.10,37.30391633333333,127.90718366666667,-0.8049638347068965,1.1573048444404321,4
1416,075429.20,37.3039165,127.90718366666667,-0.8049638347068965,3.012638173089499,4
1417,075429.30,37.30391633333333,127.90718383333333,0.670827775078046,1.1573048444404321,4
1418,075429.40,37.3039165,127.90718383333333,0.670827775078046,3.012638173089499,4
1419,075429.50,37.3039165,127.90718383333333,0.670827775078046,3.012638173089499,4
1420,075429.60,37.3039165,127.90718383333333,0.670827775078046,3.012638173089499,4
1421,075429.70,37.3039165,127.90718383333333,0.670827775078046,3.012638173089499,4
1422,075429.80,37.3039165,127.90718366666667,-0.8049638347068965,3.012638173089499,4
1423,075429.90,37.3039165,127.90718366666667,-0.8049638347068965,3.012638173089499,4
1424,075430.00,37.3039165,127.90718383333333,0.670827775078046,3.012638173089499,4
1425,075430.10,37.30391633333333,127.90718383333333,0.670827775078046,1.1573048444404321,4
1426,075430.20,37.3039165,127.907184,2.146619384862989,3.012638173089499,4
1427,075430.30,37.3039165,127.907184,2.146619384862989,3.012638173089499,4
1428,075430.40,37.30391633333333,127.907184,2.146619384862989,1.1573048444404321,4
1429,075430.50,37.3039165,127.90718383333333,0.670827775078046,3.012638173089499,4
1430,075430.60,37.30391633333333,127.90718383333333,0.670827775078046,1.1573048444404321,4
1431,075430.70,37.30391633333333,127.90718383333333,0.670827775078046,1.1573048444404321,4
1432,075430.80,37.3039165,127.90718366666667,-0.8049638347068965,3.012638173089499,4
1433,075430.90,37.3039165,127.90718383333333,0.670827775078046,3.012638173089499,4
1434,075431.00,37.3039165,127.90718383333333,0.670827775078046,3.012638173089499,4
1435,075431.10,37.3039165,127.90718383333333,0.670827775078046,3.012638173089499,4
1436,075431.20,37.3039165,127.907184,2.146619384862989,3.012638173089499,4
1437,075431.30,37.3039165,127.907184,2.146619384862989,3.012638173089499,4
1438,075431.40,37.3039165,127.907184,2.146619384862989,3.012638173089499,4
1439,075431.50,37.3039165,127.907184,2.146619384862989,3.012638173089499,4
1440,075431.60,37.3039165,127.907184,2.146619384862989,3.012638173089499,4
1441,075431.70,37.3039165,127.907184,2.146619384862989,3.012638173089499,4
1442,075431.80,37.3039165,127.907184,2.146619384862989,3.012638173089499,4
1443,075431.90,37.3039165,127.907184,2.146619384862989,3.012638173089499,4
1444,075432.00,37.3039165,127.907184,2.146619384862989,3.012638173089499,4
1445,075432.10,37.3039165,127.907184,2.146619384862989,3.012638173089499,4
1446,075432.20,37.3039165,127.907184,2.146619384862989,3.012638173089499,4
1447,075432.30,37.3039165,127.90718383333333,0.670827775078046,3.012638173089499,4
1448,075432.40,37.3039165,127.907184,2.146619384862989,3.012638173089499,4
1449,075432.50,37.3039165,127.907184,2.146619384862989,3.012638173089499,4
1450,075432.60,37.3039165,127.907184,2.146619384862989,3.012638173089499,4
1451,075432.70,37.3039165,127.90718383333333,0.670827775078046,3.012638173089499,4
1452,075432.80,37.3039165,127.90718366666667,-0.8049638347068965,3.012638173089499,4
1453,075432.90,37.3039165,127.90718366666667,-0.8049638347068965,3.012638173089499,4
1454,075433.00,37.3039165,127.90718366666667,-0.8049638347068965,3.012638173089499,4
1455,075433.10,37.3039165,127.90718366666667,-0.8049638347068965,3.012638173089499,4
1456,075433.20,37.3039165,127.90718366666667,-0.8049638347068965,3.012638173089499,4
1457,075433.30,37.3039165,127.90718366666667,-0.8049638347068965,3.012638173089499,4
1458,075433.40,37.3039165,127.90718366666667,-0.8049638347068965,3.012638173089499,4
1459,075433.50,37.3039165,127.90718383333333,0.670827775078046,3.012638173089499,4
1460,075433.60,37.3039165,127.90718383333333,0.670827775078046,3.012638173089499,4
1461,075433.70,37.3039165,127.90718383333333,0.670827775078046,3.012638173089499,4
1462,075433.80,37.3039165,127.90718383333333,0.670827775078046,3.012638173089499,4
1463,075433.90,37.3039165,127.90718383333333,0.670827775078046,3.012638173089499,4
1464,075434.00,37.3039165,127.90718383333333,0.670827775078046,3.012638173089499,4
1465,075434.10,37.3039165,127.90718383333333,0.670827775078046,3.012638173089499,4
1466,075434.20,37.3039165,127.90718383333333,0.670827775078046,3.012638173089499,4
1467,075434.30,37.3039165,127.907184,2.146619384862989,3.012638173089499,4
1468,075434.40,37.3039165,127.90718383333333,0.670827775078046,3.012638173089499,4
1469,075434.50,37.3039165,127.90718383333333,0.670827775078046,3.012638173089499,4
1470,075434.60,37.3039165,127.90718383333333,0.670827775078046,3.012638173089499,4
1471,075434.70,37.3039165,127.90718383333333,0.670827775078046,3.012638173089499,4
1472,075434.80,37.3039165,127.907184,2.146619384862989,3.012638173089499,4
1473,075434.90,37.3039165,127.90718383333333,0.670827775078046,3.012638173089499,4
1474,075435.00,37.3039165,127.90718383333333,0.670827775078046,3.012638173089499,4
1475,075435.10,37.3039165,127.90718383333333,0.670827775078046,3.012638173089499,4
1476,075435.20,37.3039165,127.90718383333333,0.670827775078046,3.012638173089499,4
1477,075435.30,37.3039165,127.90718383333333,0.670827775078046,3.012638173089499,4
1478,075435.40,37.3039165,127.90718383333333,0.670827775078046,3.012638173089499,4
1479,075435.50,37.3039165,127.90718383333333,0.670827775078046,3.012638173089499,4
1480,075435.60,37.3039165,127.90718383333333,0.670827775078046,3.012638173089499,4
1481,075435.70,37.3039165,127.90718383333333,0.670827775078046,3.012638173089499,4
1482,075435.80,37.3039165,127.90718383333333,0.670827775078046,3.012638173089499,4
1483,075435.90,37.3039165,127.90718383333333,0.670827775078046,3.012638173089499,4
1484,075436.00,37.3039165,127.90718383333333,0.670827775078046,3.012638173089499,4
1485,075436.10,37.3039165,127.90718383333333,0.670827775078046,3.012638173089499,4
1486,075436.20,37.3039165,127.90718383333333,0.670827775078046,3.012638173089499,4
1487,075436.30,37.3039165,127.90718383333333,0.670827775078046,3.012638173089499,4
1488,075436.40,37.3039165,127.90718383333333,0.670827775078046,3.012638173089499,4
1489,075436.50,37.3039165,127.90718383333333,0.670827775078046,3.012638173089499,4
1490,075436.60,37.3039165,127.90718383333333,0.670827775078046,3.012638173089499,4
1491,075436.70,37.3039165,127.90718383333333,0.670827775078046,3.012638173089499,4
1492,075436.80,37.3039165,127.90718383333333,0.670827775078046,3.012638173089499,4
1493,075436.90,37.3039165,127.90718383333333,0.670827775078046,3.012638173089499,4
1494,075437.00,37.3039165,127.907184,2.146619384862989,3.012638173089499,4
1495,075437.10,37.3039165,127.907184,2.146619384862989,3.012638173089499,4
1496,075437.20,37.3039165,127.907184,2.146619384862989,3.012638173089499,4
1497,075437.30,37.3039165,127.90718383333333,0.670827775078046,3.012638173089499,4
1498,075437.40,37.3039165,127.90718383333333,0.670827775078046,3.012638173089499,4
1499,075437.50,37.3039165,127.907184,2.146619384862989,3.012638173089499,4
1500,075437.60,37.3039165,127.907184,2.146619384862989,3.012638173089499,4
1501,075437.70,37.3039165,127.907184,2.146619384862989,3.012638173089499,4
1502,075437.80,37.3039165,127.907184,2.146619384862989,3.012638173089499,4
1503,075437.90,37.3039165,127.907184,2.146619384862989,3.012638173089499,4
1504,075438.00,37.3039165,127.907184,2.146619384862989,3.012638173089499,4
1505,075438.10,37.3039165,127.907184,2.146619384862989,3.012638173089499,4
1506,075438.20,37.3039165,127.907184,2.146619384862989,3.012638173089499,4
1507,075438.30,37.3039165,127.907184,2.146619384862989,3.012638173089499,4
1508,075438.40,37.3039165,127.907184,2.146619384862989,3.012638173089499,4
1509,075438.50,37.3039165,127.907184,2.146619384862989,3.012638173089499,4
1510,075438.60,37.3039165,127.907184,2.146619384862989,3.012638173089499,4
1511,075438.70,37.3039165,127.907184,2.146619384862989,3.012638173089499,4
1512,075438.80,37.3039165,127.907184,2.146619384862989,3.012638173089499,4
1513,075438.90,37.3039165,127.907184,2.146619384862989,3.012638173089499,4
1514,075439.00,37.3039165,127.907184,2.146619384862989,3.012638173089499,4
1515,075439.10,37.3039165,127.907184,2.146619384862989,3.012638173089499,4
1516,075439.20,37.3039165,127.907184,2.146619384862989,3.012638173089499,4
1517,075439.30,37.3039165,127.907184,2.146619384862989,3.012638173089499,4
1518,075439.40,37.3039165,127.90718416666667,3.6224109946479315,3.012638173089499,4
1519,075439.50,37.3039165,127.90718416666667,3.6224109946479315,3.012638173089499,4
1520,075439.60,37.3039165,127.907184,2.146619384862989,3.012638173089499,4
1521,075439.70,37.30391633333333,127.90718383333333,0.670827775078046,1.1573048444404321,4
1522,075439.80,37.30391633333333,127.90718383333333,0.670827775078046,1.1573048444404321,4
1523,075439.90,37.30391633333333,127.90718366666667,-0.8049638347068965,1.1573048444404321,4
1524,075440.00,37.30391633333333,127.90718366666667,-0.8049638347068965,1.1573048444404321,4
1525,075440.10,37.30391633333333,127.90718366666667,-0.8049638347068965,1.1573048444404321,4
1526,075440.20,37.30391633333333,127.90718366666667,-0.8049638347068965,1.1573048444404321,4
1527,075440.30,37.30391633333333,127.90718366666667,-0.8049638347068965,1.1573048444404321,4
1528,075440.40,37.30391633333333,127.90718383333333,0.670827775078046,1.1573048444404321,4
1529,075440.50,37.30391633333333,127.90718383333333,0.670827775078046,1.1573048444404321,4
1530,075440.60,37.30391633333333,127.90718366666667,-0.8049638347068965,1.1573048444404321,4
1531,075440.70,37.30391633333333,127.90718383333333,0.670827775078046,1.1573048444404321,4
1532,075440.80,37.30391633333333,127.90718366666667,-0.8049638347068965,1.1573048444404321,4
1533,075440.90,37.30391633333333,127.90718366666667,-0.8049638347068965,1.1573048444404321,4
1534,075441.00,37.30391633333333,127.90718383333333,0.670827775078046,1.1573048444404321,4
1535,075441.10,37.30391633333333,127.90718383333333,0.670827775078046,1.1573048444404321,4
1536,075441.20,37.30391633333333,127.90718383333333,0.670827775078046,1.1573048444404321,4
1537,075441.30,37.30391633333333,127.90718383333333,0.670827775078046,1.1573048444404321,4
1538,075441.40,37.30391633333333,127.90718383333333,0.670827775078046,1.1573048444404321,4
1539,075441.50,37.30391633333333,127.90718383333333,0.670827775078046,1.1573048444404321,4
1540,075441.60,37.30391633333333,127.90718383333333,0.670827775078046,1.1573048444404321,4
1541,075441.70,37.30391633333333,127.90718383333333,0.670827775078046,1.1573048444404321,4
1542,075441.80,37.30391633333333,127.90718383333333,0.670827775078046,1.1573048444404321,4
1543,075441.90,37.30391633333333,127.90718383333333,0.670827775078046,1.1573048444404321,4
1544,075442.00,37.30391633333333,127.90718383333333,0.670827775078046,1.1573048444404321,4
1545,075442.10,37.30391633333333,127.90718383333333,0.670827775078046,1.1573048444404321,4
1546,075442.20,37.30391633333333,127.90718383333333,0.670827775078046,1.1573048444404321,4
1547,075442.30,37.30391633333333,127.90718383333333,0.670827775078046,1.1573048444404321,4
1548,075442.40,37.30391633333333,127.90718366666667,-0.8049638347068965,1.1573048444404321,4
1549,075442.50,37.30391633333333,127.90718366666667,-0.8049638347068965,1.1573048444404321,4
1550,075442.60,37.30391633333333,127.90718366666667,-0.8049638347068965,1.1573048444404321,4
1551,075442.70,37.30391633333333,127.90718366666667,-0.8049638347068965,1.1573048444404321,4
1552,075442.80,37.30391633333333,127.90718366666667,-0.8049638347068965,1.1573048444404321,4
1553,075442.90,37.30391633333333,127.90718383333333,0.670827775078046,1.1573048444404321,4
1554,075443.00,37.30391633333333,127.90718383333333,0.670827775078046,1.1573048444404321,4
1555,075443.10,37.30391633333333,127.90718383333333,0.670827775078046,1.1573048444404321,4
1556,075443.20,37.30391633333333,127.90718383333333,0.670827775078046,1.1573048444404321,4
1557,075443.30,37.30391633333333,127.90718383333333,0.670827775078046,1.1573048444404321,4
1558,075443.40,37.30391633333333,127.90718366666667,-0.8049638347068965,1.1573048444404321,4
1559,075443.50,37.30391633333333,127.90718383333333,0.670827775078046,1.1573048444404321,4
1560,075443.60,37.30391633333333,127.90718383333333,0.670827775078046,1.1573048444404321,4
1561,075443.70,37.30391633333333,127.90718383333333,0.670827775078046,1.1573048444404321,4
1562,075443.80,37.30391633333333,127.90718383333333,0.670827775078046,1.1573048444404321,4
1563,075443.90,37.30391633333333,127.90718383333333,0.670827775078046,1.1573048444404321,4
1564,075444.00,37.30391633333333,127.90718383333333,0.670827775078046,1.1573048444404321,4
1565,075444.10,37.30391633333333,127.90718383333333,0.670827775078046,1.1573048444404321,4
1566,075444.20,37.30391633333333,127.90718383333333,0.670827775078046,1.1573048444404321,4
1567,075444.30,37.30391633333333,127.907184,2.146619384862989,1.1573048444404321,4
1568,075444.40,37.30391633333333,127.90718383333333,0.670827775078046,1.1573048444404321,4
1569,075444.50,37.30391633333333,127.90718383333333,0.670827775078046,1.1573048444404321,4
1570,075444.60,37.30391633333333,127.90718383333333,0.670827775078046,1.1573048444404321,4
1571,075444.70,37.30391633333333,127.90718383333333,0.670827775078046,1.1573048444404321,4
1572,075444.80,37.30391633333333,127.90718383333333,0.670827775078046,1.1573048444404321,4
1573,075444.90,37.30391633333333,127.90718383333333,0.670827775078046,1.1573048444404321,4
1574,075445.00,37.30391633333333,127.90718383333333,0.670827775078046,1.1573048444404321,4
1575,075445.10,37.30391633333333,127.90718383333333,0.670827775078046,1.1573048444404321,4
1576,075445.20,37.30391633333333,127.90718383333333,0.670827775078046,1.1573048444404321,4
1577,075445.30,37.30391633333333,127.90718383333333,0.670827775078046,1.1573048444404321,4
1578,075445.40,37.30391633333333,127.907184,2.146619384862989,1.1573048444404321,4
1579,075445.50,37.30391633333333,127.907184,2.146619384862989,1.1573048444404321,4
1580,075445.60,37.30391633333333,127.907184,2.146619384862989,1.1573048444404321,4
1581,075445.70,37.30391633333333,127.907184,2.146619384862989,1.1573048444404321,4
1582,075445.80,37.30391633333333,127.907184,2.146619384862989,1.1573048444404321,4
1583,075445.90,37.30391633333333,127.907184,2.146619384862989,1.1573048444404321,4
1584,075446.00,37.30391633333333,127.90718383333333,0.670827775078046,1.1573048444404321,4
1585,075446.10,37.30391633333333,127.907184,2.146619384862989,1.1573048444404321,4
1586,075446.20,37.30391633333333,127.907184,2.146619384862989,1.1573048444404321,4
1587,075446.30,37.30391633333333,127.907184,2.146619384862989,1.1573048444404321,4
1588,075446.40,37.30391633333333,127.907184,2.146619384862989,1.1573048444404321,4
1589,075446.50,37.30391633333333,127.907184,2.146619384862989,1.1573048444404321,4
1590,075446.60,37.30391633333333,127.90718383333333,0.670827775078046,1.1573048444404321,4
1591,075446.70,37.30391633333333,127.90718366666667,-0.8049638347068965,1.1573048444404321,4
1592,075446.80,37.30391633333333,127.90718366666667,-0.8049638347068965,1.1573048444404321,4
1593,075446.90,37.30391633333333,127.90718366666667,-0.8049638347068965,1.1573048444404321,4
1594,075447.00,37.30391633333333,127.90718366666667,-0.8049638347068965,1.1573048444404321,4
1595,075447.10,37.30391633333333,127.90718366666667,-0.8049638347068965,1.1573048444404321,4
1596,075447.20,37.30391633333333,127.90718366666667,-0.8049638347068965,1.1573048444404321,4
1597,075447.30,37.30391633333333,127.90718366666667,-0.8049638347068965,1.1573048444404321,4
1598,075447.40,37.30391633333333,127.90718366666667,-0.8049638347068965,1.1573048444404321,4
1599,075447.50,37.30391633333333,127.90718366666667,-0.8049638347068965,1.1573048444404321,4
1600,075447.60,37.30391633333333,127.90718366666667,-0.8049638347068965,1.1573048444404321,4
1601,075447.70,37.30391633333333,127.90718366666667,-0.8049638347068965,1.1573048444404321,4
1602,075447.80,37.30391633333333,127.90718366666667,-0.8049638347068965,1.1573048444404321,4
1603,075447.90,37.30391633333333,127.90718366666667,-0.8049638347068965,1.1573048444404321,4
1604,075448.00,37.30391633333333,127.90718366666667,-0.8049638347068965,1.1573048444404321,4
1605,075448.10,37.30391633333333,127.90718366666667,-0.8049638347068965,1.1573048444404321,4
1606,075448.20,37.30391633333333,127.90718366666667,-0.8049638347068965,1.1573048444404321,4
1607,075448.30,37.30391633333333,127.90718366666667,-0.8049638347068965,1.1573048444404321,4
1608,075448.40,37.30391633333333,127.90718366666667,-0.8049638347068965,1.1573048444404321,4
1609,075448.50,37.30391633333333,127.90718366666667,-0.8049638347068965,1.1573048444404321,4
1610,075448.60,37.30391633333333,127.90718366666667,-0.8049638347068965,1.1573048444404321,4
1611,075448.70,37.30391633333333,127.90718366666667,-0.8049638347068965,1.1573048444404321,4
1612,075448.80,37.30391633333333,127.90718366666667,-0.8049638347068965,1.1573048444404321,4
1613,075448.90,37.30391633333333,127.90718366666667,-0.8049638347068965,1.1573048444404321,4
1614,075449.00,37.30391633333333,127.90718366666667,-0.8049638347068965,1.1573048444404321,4
1615,075449.10,37.30391633333333,127.90718366666667,-0.8049638347068965,1.1573048444404321,4
1616,075449.20,37.30391633333333,127.90718366666667,-0.8049638347068965,1.1573048444404321,4
1617,075449.30,37.30391633333333,127.90718366666667,-0.8049638347068965,1.1573048444404321,4
1618,075449.40,37.30391633333333,127.90718366666667,-0.8049638347068965,1.1573048444404321,4
1619,075449.50,37.30391633333333,127.90718366666667,-0.8049638347068965,1.1573048444404321,4
1620,075449.60,37.30391633333333,127.90718366666667,-0.8049638347068965,1.1573048444404321,4
1621,075449.70,37.30391633333333,127.90718366666667,-0.8049638347068965,1.1573048444404321,4
1622,075449.80,37.30391633333333,127.90718366666667,-0.8049638347068965,1.1573048444404321,4
1623,075449.90,37.30391633333333,127.90718366666667,-0.8049638347068965,1.1573048444404321,4
1624,075450.00,37.30391633333333,127.90718366666667,-0.8049638347068965,1.1573048444404321,4
1625,075450.10,37.30391633333333,127.90718366666667,-0.8049638347068965,1.1573048444404321,4
1626,075450.20,37.30391633333333,127.90718366666667,-0.8049638347068965,1.1573048444404321,4
1627,075450.30,37.30391633333333,127.90718366666667,-0.8049638347068965,1.1573048444404321,4
1628,075450.40,37.30391633333333,127.90718366666667,-0.8049638347068965,1.1573048444404321,4
1629,075450.50,37.30391633333333,127.90718366666667,-0.8049638347068965,1.1573048444404321,4
1630,075450.60,37.30391633333333,127.90718366666667,-0.8049638347068965,1.1573048444404321,4
1631,075450.70,37.30391633333333,127.90718366666667,-0.8049638347068965,1.1573048444404321,4
1632,075450.80,37.30391633333333,127.90718366666667,-0.8049638347068965,1.1573048444404321,4
1633,075450.90,37.30391633333333,127.90718366666667,-0.8049638347068965,1.1573048444404321,4
1634,075451.00,37.30391633333333,127.90718366666667,-0.8049638347068965,1.1573048444404321,4
1635,075451.10,37.30391633333333,127.90718366666667,-0.8049638347068965,1.1573048444404321,4
1636,075451.20,37.30391633333333,127.90718366666667,-0.8049638347068965,1.1573048444404321,4
1637,075451.30,37.30391633333333,127.90718366666667,-0.8049638347068965,1.1573048444404321,4
1638,075451.40,37.30391633333333,127.90718366666667,-0.8049638347068965,1.1573048444404321,4
1639,075451.50,37.30391633333333,127.90718366666667,-0.8049638347068965,1.1573048444404321,4
1640,075451.60,37.30391633333333,127.90718366666667,-0.8049638347068965,1.1573048444404321,4
1641,075451.70,37.30391633333333,127.90718366666667,-0.8049638347068965,1.1573048444404321,4
1642,075451.80,37.30391633333333,127.90718366666667,-0.8049638347068965,1.1573048444404321,4
1643,075451.90,37.30391633333333,127.90718366666667,-0.8049638347068965,1.1573048444404321,4
1644,075452.00,37.30391633333333,127.90718366666667,-0.8049638347068965,1.1573048444404321,4
1645,075452.10,37.30391633333333,127.90718366666667,-0.8049638347068965,1.1573048444404321,4
1646,075452.20,37.30391633333333,127.90718366666667,-0.8049638347068965,1.1573048444404321,4
1647,075452.30,37.30391633333333,127.90718366666667,-0.8049638347068965,1.1573048444404321,4
1648,075452.40,37.30391633333333,127.90718366666667,-0.8049638347068965,1.1573048444404321,4
1649,075452.50,37.30391633333333,127.90718366666667,-0.8049638347068965,1.1573048444404321,4
1650,075452.60,37.30391633333333,127.90718366666667,-0.8049638347068965,1.1573048444404321,4
1651,075452.70,37.30391633333333,127.90718366666667,-0.8049638347068965,1.1573048444404321,4
1652,075452.80,37.30391633333333,127.90718366666667,-0.8049638347068965,1.1573048444404321,4
1653,075452.90,37.30391633333333,127.90718366666667,-0.8049638347068965,1.1573048444404321,4
1654,075453.00,37.30391633333333,127.90718366666667,-0.8049638347068965,1.1573048444404321,4
1655,075453.10,37.30391633333333,127.90718366666667,-0.8049638347068965,1.1573048444404321,4
1656,075453.20,37.30391633333333,127.90718366666667,-0.8049638347068965,1.1573048444404321,4
1657,075453.30,37.30391633333333,127.90718366666667,-0.8049638347068965,1.1573048444404321,4
1658,075453.40,37.30391633333333,127.90718366666667,-0.8049638347068965,1.1573048444404321,4
1659,075453.50,37.30391633333333,127.90718366666667,-0.8049638347068965,1.1573048444404321,4
1660,075453.60,37.30391633333333,127.90718366666667,-0.8049638347068965,1.1573048444404321,4
1661,075453.70,37.30391633333333,127.90718366666667,-0.8049638347068965,1.1573048444404321,4
1662,075453.80,37.30391633333333,127.9071835,-2.280755444491839,1.1573048444404321,4
1663,075453.90,37.30391633333333,127.90718366666667,-0.8049638347068965,1.1573048444404321,4
1664,075454.00,37.30391633333333,127.90718366666667,-0.8049638347068965,1.1573048444404321,4
1665,075454.10,37.30391633333333,127.90718366666667,-0.8049638347068965,1.1573048444404321,4
1666,075454.20,37.30391633333333,127.90718366666667,-0.8049638347068965,1.1573048444404321,4
1667,075454.30,37.30391633333333,127.90718366666667,-0.8049638347068965,1.1573048444404321,4
1668,075454.40,37.30391633333333,127.90718366666667,-0.8049638347068965,1.1573048444404321,4
1669,075454.50,37.30391633333333,127.90718366666667,-0.8049638347068965,1.1573048444404321,4
1670,075454.60,37.30391633333333,127.90718366666667,-0.8049638347068965,1.1573048444404321,4
1671,075454.70,37.30391633333333,127.90718366666667,-0.8049638347068965,1.1573048444404321,4
1672,075454.80,37.30391633333333,127.90718366666667,-0.8049638347068965,1.1573048444404321,4
1673,075454.90,37.30391633333333,127.90718366666667,-0.8049638347068965,1.1573048444404321,4
1674,075455.00,37.30391633333333,127.90718366666667,-0.8049638347068965,1.1573048444404321,4
1675,075455.10,37.30391633333333,127.90718366666667,-0.8049638347068965,1.1573048444404321,4
1676,075455.20,37.30391633333333,127.90718366666667,-0.8049638347068965,1.1573048444404321,4
1677,075455.30,37.30391633333333,127.90718366666667,-0.8049638347068965,1.1573048444404321,4
1678,075455.40,37.30391633333333,127.90718366666667,-0.8049638347068965,1.1573048444404321,4
1679,075455.50,37.30391633333333,127.90718366666667,-0.8049638347068965,1.1573048444404321,4
1680,075455.60,37.30391633333333,127.90718366666667,-0.8049638347068965,1.1573048444404321,4
1681,075455.70,37.30391633333333,127.90718366666667,-0.8049638347068965,1.1573048444404321,4
1682,075455.80,37.30391633333333,127.9071835,-2.280755444491839,1.1573048444404321,4
1683,075455.90,37.30391633333333,127.90718366666667,-0.8049638347068965,1.1573048444404321,4
1684,075456.00,37.30391633333333,127.90718366666667,-0.8049638347068965,1.1573048444404321,4
1685,075456.10,37.30391633333333,127.90718366666667,-0.8049638347068965,1.1573048444404321,4
1686,075456.20,37.30391633333333,127.90718366666667,-0.8049638347068965,1.1573048444404321,4
1687,075456.30,37.30391633333333,127.90718366666667,-0.8049638347068965,1.1573048444404321,4
1688,075456.40,37.30391633333333,127.90718366666667,-0.8049638347068965,1.1573048444404321,4
1689,075456.50,37.30391633333333,127.90718366666667,-0.8049638347068965,1.1573048444404321,4
1690,075456.60,37.30391633333333,127.90718366666667,-0.8049638347068965,1.1573048444404321,4
1691,075456.70,37.30391633333333,127.90718366666667,-0.8049638347068965,1.1573048444404321,4
1692,075456.80,37.30391633333333,127.90718366666667,-0.8049638347068965,1.1573048444404321,4
1693,075456.90,37.30391633333333,127.90718366666667,-0.8049638347068965,1.1573048444404321,4
1694,075457.00,37.30391633333333,127.90718366666667,-0.8049638347068965,1.1573048444404321,4
1695,075457.10,37.30391633333333,127.90718366666667,-0.8049638347068965,1.1573048444404321,4
1696,075457.20,37.30391633333333,127.90718366666667,-0.8049638347068965,1.1573048444404321,4
1697,075457.30,37.30391633333333,127.90718366666667,-0.8049638347068965,1.1573048444404321,4
1698,075457.40,37.30391633333333,127.90718366666667,-0.8049638347068965,1.1573048444404321,4
1699,075457.50,37.30391633333333,127.90718366666667,-0.8049638347068965,1.1573048444404321,4
1700,075457.60,37.30391633333333,127.90718366666667,-0.8049638347068965,1.1573048444404321,4
1701,075457.70,37.30391633333333,127.90718366666667,-0.8049638347068965,1.1573048444404321,4
1702,075457.80,37.30391633333333,127.90718366666667,-0.8049638347068965,1.1573048444404321,4
1703,075457.90,37.30391633333333,127.90718366666667,-0.8049638347068965,1.1573048444404321,4
1704,075458.00,37.30391633333333,127.90718366666667,-0.8049638347068965,1.1573048444404321,4
1705,075458.10,37.30391633333333,127.90718366666667,-0.8049638347068965,1.1573048444404321,4
1706,075458.20,37.30391633333333,127.90718366666667,-0.8049638347068965,1.1573048444404321,4
1707,075458.30,37.30391633333333,127.90718366666667,-0.8049638347068965,1.1573048444404321,4
1708,075458.40,37.30391633333333,127.90718366666667,-0.8049638347068965,1.1573048444404321,4
1709,075458.50,37.30391633333333,127.90718366666667,-0.8049638347068965,1.1573048444404321,4
1710,075458.60,37.30391633333333,127.90718366666667,-0.8049638347068965,1.1573048444404321,4
1711,075458.70,37.30391633333333,127.90718366666667,-0.8049638347068965,1.1573048444404321,4
1712,075458.80,37.30391633333333,127.90718366666667,-0.8049638347068965,1.1573048444404321,4
1713,075458.90,37.30391633333333,127.90718366666667,-0.8049638347068965,1.1573048444404321,4
1714,075459.00,37.30391633333333,127.90718366666667,-0.8049638347068965,1.1573048444404321,4
1715,075459.10,37.30391633333333,127.90718366666667,-0.8049638347068965,1.1573048444404321,4
1716,075459.20,37.30391633333333,127.90718366666667,-0.8049638347068965,1.1573048444404321,4
1717,075459.30,37.30391633333333,127.90718366666667,-0.8049638347068965,1.1573048444404321,4
1718,075459.40,37.30391633333333,127.90718366666667,-0.8049638347068965,1.1573048444404321,4
1719,075459.50,37.30391633333333,127.90718366666667,-0.8049638347068965,1.1573048444404321,4
1720,075459.60,37.30391633333333,127.90718366666667,-0.8049638347068965,1.1573048444404321,4
1721,075459.70,37.30391633333333,127.90718366666667,-0.8049638347068965,1.1573048444404321,4
1722,075459.80,37.30391633333333,127.90718366666667,-0.8049638347068965,1.1573048444404321,4
1723,075459.90,37.30391633333333,127.90718366666667,-0.8049638347068965,1.1573048444404321,4
1724,075500.00,37.30391633333333,127.90718366666667,-0.8049638347068965,1.1573048444404321,4
1725,075500.10,37.30391633333333,127.90718366666667,-0.8049638347068965,1.1573048444404321,4
1726,075500.20,37.30391633333333,127.90718366666667,-0.8049638347068965,1.1573048444404321,4
1727,075500.30,37.30391633333333,127.90718366666667,-0.8049638347068965,1.1573048444404321,4
1728,075500.40,37.30391633333333,127.90718366666667,-0.8049638347068965,1.1573048444404321,4
1729,075500.50,37.30391633333333,127.90718366666667,-0.8049638347068965,1.1573048444404321,4
1730,075500.60,37.30391633333333,127.90718366666667,-0.8049638347068965,1.1573048444404321,4
1731,075500.70,37.30391633333333,127.90718366666667,-0.8049638347068965,1.1573048444404321,4
1732,075500.80,37.30391633333333,127.90718366666667,-0.8049638347068965,1.1573048444404321,4
1733,075500.90,37.30391633333333,127.90718366666667,-0.8049638347068965,1.1573048444404321,4
1734,075501.00,37.30391633333333,127.90718366666667,-0.8049638347068965,1.1573048444404321,4
1735,075501.10,37.30391633333333,127.90718366666667,-0.8049638347068965,1.1573048444404321,4
1736,075501.20,37.30391633333333,127.90718366666667,-0.8049638347068965,1.1573048444404321,4
1737,075501.30,37.30391633333333,127.90718366666667,-0.8049638347068965,1.1573048444404321,4
1738,075501.40,37.30391633333333,127.90718366666667,-0.8049638347068965,1.1573048444404321,4
1739,075501.50,37.30391633333333,127.90718366666667,-0.8049638347068965,1.1573048444404321,4
1740,075501.60,37.30391633333333,127.90718366666667,-0.8049638347068965,1.1573048444404321,4
1741,075501.70,37.30391633333333,127.90718366666667,-0.8049638347068965,1.1573048444404321,4
1742,075501.80,37.30391633333333,127.90718366666667,-0.8049638347068965,1.1573048444404321,4
1743,075501.90,37.30391633333333,127.90718366666667,-0.8049638347068965,1.1573048444404321,4
1744,075502.00,37.30391633333333,127.90718366666667,-0.8049638347068965,1.1573048444404321,4
1745,075502.10,37.30391633333333,127.90718366666667,-0.8049638347068965,1.1573048444404321,4
1746,075502.20,37.30391633333333,127.90718366666667,-0.8049638347068965,1.1573048444404321,4
1747,075502.30,37.30391633333333,127.90718366666667,-0.8049638347068965,1.1573048444404321,4
1748,075502.40,37.30391633333333,127.90718366666667,-0.8049638347068965,1.1573048444404321,4
1749,075502.50,37.30391633333333,127.90718366666667,-0.8049638347068965,1.1573048444404321,4
1750,075502.60,37.30391633333333,127.90718366666667,-0.8049638347068965,1.1573048444404321,4
1751,075502.70,37.30391633333333,127.90718366666667,-0.8049638347068965,1.1573048444404321,4
1752,075502.80,37.30391633333333,127.90718366666667,-0.8049638347068965,1.1573048444404321,4
1753,075502.90,37.30391633333333,127.90718366666667,-0.8049638347068965,1.1573048444404321,4
1754,075503.00,37.30391633333333,127.90718366666667,-0.8049638347068965,1.1573048444404321,4
1755,075503.10,37.30391633333333,127.90718366666667,-0.8049638347068965,1.1573048444404321,4
1756,075503.20,37.30391633333333,127.90718366666667,-0.8049638347068965,1.1573048444404321,4
1757,075503.30,37.30391633333333,127.90718366666667,-0.8049638347068965,1.1573048444404321,4
1758,075503.40,37.30391633333333,127.90718366666667,-0.8049638347068965,1.1573048444404321,4
1759,075503.50,37.30391633333333,127.90718366666667,-0.8049638347068965,1.1573048444404321,4
1760,075503.60,37.30391633333333,127.90718366666667,-0.8049638347068965,1.1573048444404321,4
1761,075503.70,37.30391633333333,127.90718366666667,-0.8049638347068965,1.1573048444404321,4
1762,075503.80,37.30391633333333,127.90718366666667,-0.8049638347068965,1.1573048444404321,4
1763,075503.90,37.30391633333333,127.90718366666667,-0.8049638347068965,1.1573048444404321,4
1764,075504.00,37.30391633333333,127.90718366666667,-0.8049638347068965,1.1573048444404321,4
1765,075504.10,37.30391633333333,127.90718366666667,-0.8049638347068965,1.1573048444404321,4
1766,075504.20,37.30391633333333,127.90718366666667,-0.8049638347068965,1.1573048444404321,4
1767,075504.30,37.30391633333333,127.90718366666667,-0.8049638347068965,1.1573048444404321,4
1768,075504.40,37.30391633333333,127.90718366666667,-0.8049638347068965,1.1573048444404321,4
1769,075504.50,37.30391633333333,127.90718366666667,-0.8049638347068965,1.1573048444404321,4
1770,075504.60,37.30391633333333,127.90718366666667,-0.8049638347068965,1.1573048444404321,4
1771,075504.70,37.30391633333333,127.90718366666667,-0.8049638347068965,1.1573048444404321,4
1772,075504.80,37.30391633333333,127.90718366666667,-0.8049638347068965,1.1573048444404321,4
1773,075504.90,37.30391633333333,127.90718366666667,-0.8049638347068965,1.1573048444404321,4
1774,075505.00,37.30391633333333,127.90718366666667,-0.8049638347068965,1.1573048444404321,4
1775,075505.10,37.30391633333333,127.90718366666667,-0.8049638347068965,1.1573048444404321,4
1776,075505.20,37.30391633333333,127.90718366666667,-0.8049638347068965,1.1573048444404321,4
1777,075505.30,37.30391633333333,127.90718366666667,-0.8049638347068965,1.1573048444404321,4
1778,075505.40,37.30391633333333,127.90718366666667,-0.8049638347068965,1.1573048444404321,4
1779,075505.50,37.30391633333333,127.90718366666667,-0.8049638347068965,1.1573048444404321,4
1780,075505.60,37.30391633333333,127.90718366666667,-0.8049638347068965,1.1573048444404321,4
1781,075505.70,37.30391633333333,127.90718366666667,-0.8049638347068965,1.1573048444404321,4
1782,075505.80,37.30391633333333,127.90718366666667,-0.8049638347068965,1.1573048444404321,4
1783,075505.90,37.30391633333333,127.90718366666667,-0.8049638347068965,1.1573048444404321,4
1784,075506.00,37.30391633333333,127.90718366666667,-0.8049638347068965,1.1573048444404321,4
1785,075506.10,37.30391633333333,127.90718366666667,-0.8049638347068965,1.1573048444404321,4
1786,075506.20,37.30391633333333,127.90718366666667,-0.8049638347068965,1.1573048444404321,4
1787,075506.30,37.30391633333333,127.90718366666667,-0.8049638347068965,1.1573048444404321,4
1788,075506.40,37.30391633333333,127.90718366666667,-0.8049638347068965,1.1573048444404321,4
1789,075506.50,37.30391633333333,127.90718366666667,-0.8049638347068965,1.1573048444404321,4
1790,075506.60,37.30391633333333,127.90718366666667,-0.8049638347068965,1.1573048444404321,4
1791,075506.70,37.30391633333333,127.90718366666667,-0.8049638347068965,1.1573048444404321,4
1792,075506.80,37.30391633333333,127.90718366666667,-0.8049638347068965,1.1573048444404321,4
1793,075506.90,37.30391633333333,127.90718366666667,-0.8049638347068965,1.1573048444404321,4
1794,075507.00,37.30391633333333,127.90718366666667,-0.8049638347068965,1.1573048444404321,4
1795,075507.10,37.30391633333333,127.90718366666667,-0.8049638347068965,1.1573048444404321,4
1796,075507.20,37.30391633333333,127.90718366666667,-0.8049638347068965,1.1573048444404321,4
1797,075507.30,37.30391633333333,127.90718366666667,-0.8049638347068965,1.1573048444404321,4
1798,075507.40,37.30391633333333,127.90718366666667,-0.8049638347068965,1.1573048444404321,4
1799,075507.50,37.30391633333333,127.90718366666667,-0.8049638347068965,1.1573048444404321,4
1800,075507.60,37.30391633333333,127.90718366666667,-0.8049638347068965,1.1573048444404321,4
1801,075507.70,37.30391633333333,127.90718366666667,-0.8049638347068965,1.1573048444404321,4
1802,075507.80,37.30391633333333,127.90718366666667,-0.8049638347068965,1.1573048444404321,4
1803,075507.90,37.30391633333333,127.90718366666667,-0.8049638347068965,1.1573048444404321,4
1804,075508.00,37.30391633333333,127.90718366666667,-0.8049638347068965,1.1573048444404321,4
1805,075508.10,37.30391633333333,127.90718366666667,-0.8049638347068965,1.1573048444404321,4
1806,075508.20,37.30391633333333,127.90718366666667,-0.8049638347068965,1.1573048444404321,4
1807,075508.30,37.30391633333333,127.9071835,-2.280755444491839,1.1573048444404321,4
1808,075508.40,37.30391633333333,127.9071835,-2.280755444491839,1.1573048444404321,4
1809,075508.50,37.30391633333333,127.9071835,-2.280755444491839,1.1573048444404321,4
1810,075508.60,37.30391633333333,127.90718366666667,-0.8049638347068965,1.1573048444404321,4
1811,075508.70,37.30391633333333,127.9071835,-2.280755444491839,1.1573048444404321,4
1812,075508.80,37.30391633333333,127.9071835,-2.280755444491839,1.1573048444404321,4
1813,075508.90,37.30391633333333,127.9071835,-2.280755444491839,1.1573048444404321,4
1814,075509.00,37.30391633333333,127.9071835,-2.280755444491839,1.1573048444404321,4
1815,075509.10,37.30391633333333,127.9071835,-2.280755444491839,1.1573048444404321,4
1816,075509.20,37.30391633333333,127.9071835,-2.280755444491839,1.1573048444404321,4
1817,075509.30,37.30391633333333,127.9071835,-2.280755444491839,1.1573048444404321,4
1818,075509.40,37.30391633333333,127.9071835,-2.280755444491839,1.1573048444404321,4
1819,075509.50,37.30391633333333,127.9071835,-2.280755444491839,1.1573048444404321,4
1820,075509.60,37.30391633333333,127.9071835,-2.280755444491839,1.1573048444404321,4
1821,075509.70,37.30391633333333,127.9071835,-2.280755444491839,1.1573048444404321,4
1822,075509.80,37.30391633333333,127.9071835,-2.280755444491839,1.1573048444404321,4
1823,075509.90,37.30391633333333,127.9071835,-2.280755444491839,1.1573048444404321,4
1824,075510.00,37.30391633333333,127.9071835,-2.280755444491839,1.1573048444404321,4
1825,075510.10,37.30391633333333,127.9071835,-2.280755444491839,1.1573048444404321,4
