timestamp,lane_valid,side,lane_center_x,error_px,half_width,pixel_count,speed_mps,motor_rpm,steering_deg
2026-07-29T08:16:13.861330+00:00,1,LEFT,689.0,49.0,512.0,11778,0.018468042656895705,3.527136333692318,0.919
2026-07-29T08:16:15.078047+00:00,1,LEFT,689.0,49.0,512.0,11795,-0.0031664466473739594,-0.6047467631595903,1.47
2026-07-29T08:16:16.111583+00:00,1,LEFT,689.0,49.0,512.0,11761,-0.0028866652434226124,-0.5513124510507338,1.801
2026-07-29T08:16:16.178141+00:00,1,LEFT,689.0,49.0,512.0,11780,-4.974598938133567e-05,-0.00950078413084381,1.999
2026-07-29T08:16:16.227967+00:00,1,LEFT,690.0,50.0,512.0,11821,0.012392927310429513,2.366874769000086,2.137
2026-07-29T08:16:16.294783+00:00,1,LEFT,690.0,50.0,512.0,11765,0.019137250276980922,3.654945574521909,2.22
2026-07-29T08:16:16.327981+00:00,1,LEFT,688.0,48.0,512.0,11788,0.003254540259949863,0.6215714038351233,2.232
2026-07-29T08:16:16.411352+00:00,1,LEFT,689.0,49.0,512.0,11841,-0.004670095173642039,-0.8919224779136805,2.258
2026-07-29T08:16:16.461520+00:00,1,LEFT,688.0,48.0,512.0,11755,-0.018607588935228705,-3.553787709676447,2.255
2026-07-29T08:16:16.529433+00:00,1,LEFT,689.0,49.0,512.0,11773,-0.04399632224580273,-8.402678595940108,2.272
2026-07-29T08:16:16.578105+00:00,1,LEFT,689.0,49.0,512.0,11789,0.02151599681004882,4.109252697442465,2.282
2026-07-29T08:16:16.644947+00:00,1,LEFT,689.0,49.0,512.0,11781,0.00022862366735353133,0.04366390412053403,2.288
2026-07-29T08:16:16.711515+00:00,1,LEFT,690.0,50.0,512.0,11783,0.01485117985343095,2.8363664213043664,2.31
2026-07-29T08:16:16.761548+00:00,1,LEFT,689.0,49.0,512.0,11744,-0.004172676872403826,-0.7969225802019586,2.305
2026-07-29T08:16:16.844759+00:00,1,LEFT,689.0,49.0,512.0,11756,0.0003051735175540671,0.058283848583365286,2.302
2026-07-29T08:16:16.861466+00:00,1,LEFT,689.0,49.0,512.0,11781,0.01495130365845398,2.8554886594930675,2.3
2026-07-29T08:16:16.928275+00:00,1,LEFT,689.0,49.0,512.0,11761,-0.007278689972590655,-1.390127386045458,2.299
2026-07-29T08:16:16.994730+00:00,1,LEFT,690.0,50.0,512.0,11804,-0.0012167391378898173,-0.2323800578982428,2.317
2026-07-29T08:16:17.044750+00:00,1,LEFT,689.0,49.0,512.0,11764,0.0011148545064497738,0.21292152663570818,2.309
2026-07-29T08:16:17.111380+00:00,1,LEFT,689.0,49.0,512.0,11775,-0.007501415813458152,-1.4326648882794912,2.304
2026-07-29T08:16:17.211463+00:00,1,LEFT,689.0,49.0,512.0,11798,-0.001211750351358205,-0.23142726985439915,2.301
2026-07-29T08:16:17.244959+00:00,1,LEFT,689.0,49.0,512.0,11763,-0.001211750351358205,-0.23142726985439915,2.299
2026-07-29T08:16:17.294898+00:00,1,LEFT,689.0,49.0,512.0,11753,-0.0147573834087234,-2.8184526199207838,2.298
2026-07-29T08:16:17.411366+00:00,1,LEFT,689.0,49.0,512.0,11788,0.0023673549247905613,0.45213148600003195,2.298
2026-07-29T08:16:17.478207+00:00,1,LEFT,689.0,49.0,512.0,11754,0.009478693341079633,1.8102970791420676,2.297
2026-07-29T08:16:17.528234+00:00,1,LEFT,689.0,49.0,512.0,11798,-0.00148427706270013,-0.2834760377359737,2.297
2026-07-29T08:16:17.544998+00:00,1,LEFT,689.0,49.0,512.0,11768,-0.0010866113533120369,-0.20752748171926153,2.297
2026-07-29T08:16:17.578230+00:00,1,LEFT,689.0,49.0,512.0,11732,-0.018994767165277152,-3.6277333046801847,2.297
2026-07-29T08:16:17.678104+00:00,1,LEFT,689.0,49.0,512.0,11802,0.0083563317291555,1.5959418009728914,2.297
2026-07-29T08:16:17.778237+00:00,1,LEFT,689.0,49.0,512.0,11761,0.011039353407686575,2.1083611960460136,2.297
2026-07-29T08:16:17.828145+00:00,1,LEFT,689.0,49.0,512.0,11759,0.0018016569862083997,0.3440911381333362,2.297
2026-07-29T08:16:17.845038+00:00,1,LEFT,689.0,49.0,512.0,11829,-0.002458365102065727,-0.4695131495020467,2.297
2026-07-29T08:16:17.944853+00:00,1,LEFT,689.0,49.0,512.0,11745,-0.006713627524441108,-1.2822084079111282,2.297
2026-07-29T08:16:17.994828+00:00,1,LEFT,689.0,49.0,512.0,11772,-0.004448992642574012,-0.8496950050141536,2.297
2026-07-29T08:16:18.045674+00:00,1,LEFT,689.0,49.0,512.0,11736,-0.0028331417858134954,-0.5410902236309011,2.297
2026-07-29T08:16:18.111633+00:00,1,LEFT,689.0,49.0,512.0,11755,-0.019723500087857247,-3.7669110408670954,2.297
2026-07-29T08:16:18.211632+00:00,1,LEFT,689.0,49.0,512.0,11785,0.003694523656158708,0.7056020426971203,2.297
2026-07-29T08:16:18.278255+00:00,1,LEFT,689.0,49.0,512.0,11793,-0.013198455105302855,-2.5207192454224936,2.297
2026-07-29T08:16:18.361438+00:00,1,LEFT,689.0,49.0,512.0,11738,0.010430562185065355,1.9920906371766625,2.297
2026-07-29T08:16:18.411332+00:00,1,LEFT,689.0,49.0,512.0,11753,-0.011881014902610332,-2.2691067008386896,2.297
2026-07-29T08:16:18.478222+00:00,1,LEFT,689.0,49.0,512.0,11776,-0.0012949107098393143,-0.24730972840027426,2.297
2026-07-29T08:16:18.544976+00:00,1,LEFT,689.0,49.0,512.0,11762,0.003930926450120751,0.7507516505608731,2.297
2026-07-29T08:16:18.595019+00:00,1,LEFT,689.0,49.0,512.0,11785,-0.0014270446595037356,-0.27254545388749224,2.297
2026-07-29T08:16:18.661599+00:00,1,LEFT,689.0,49.0,512.0,11739,0.008852927427942631,1.6907845931890666,2.297
2026-07-29T08:16:18.678468+00:00,1,LEFT,689.0,49.0,512.0,11745,-0.00853192361537367,-1.6294773809630334,2.297
2026-07-29T08:16:18.794955+00:00,1,LEFT,690.0,50.0,512.0,11772,0.0020741884148446845,0.39614080695176923,2.316
2026-07-29T08:16:18.878399+00:00,1,LEFT,690.0,50.0,512.0,11819,-0.004030085045378655,-0.769689547263286,2.327
2026-07-29T08:16:18.944919+00:00,1,LEFT,689.0,49.0,512.0,11798,0.005349631620338187,1.0217043793170335,2.315
2026-07-29T08:16:19.011528+00:00,1,LEFT,689.0,49.0,512.0,11743,-0.002332269742619246,-0.4454307097938186,2.308
2026-07-29T08:16:19.078175+00:00,1,LEFT,689.0,49.0,512.0,11815,-0.012424172337632626,-2.3728421296317848,2.303
2026-07-29T08:16:19.144842+00:00,1,LEFT,689.0,49.0,512.0,11786,-0.00306078034453094,-0.5845659858607364,2.301
2026-07-29T08:16:19.194989+00:00,1,LEFT,689.0,49.0,512.0,11764,0.014928274588892237,2.8510904311863974,2.299
2026-07-29T08:16:19.211577+00:00,1,LEFT,689.0,49.0,512.0,11752,0.01778759243170498,3.397179913451801,2.298
2026-07-29T08:16:19.311589+00:00,1,LEFT,688.0,48.0,512.0,11730,-0.014723070807522163,-2.8118993958109626,2.279
2026-07-29T08:16:19.378299+00:00,1,LEFT,689.0,49.0,512.0,11836,0.006091031993082652,1.16330142027598,2.286
2026-07-29T08:16:19.394834+00:00,1,LEFT,689.0,49.0,512.0,11789,0.006091031993082652,1.16330142027598,2.29
2026-07-29T08:16:19.444960+00:00,1,LEFT,689.0,49.0,512.0,11759,0.006091031993082652,1.16330142027598,2.293
2026-07-29T08:16:19.561429+00:00,1,LEFT,689.0,49.0,512.0,11802,-0.00033673689457202726,-0.06431200955106307,2.295
2026-07-29T08:16:19.611594+00:00,1,LEFT,689.0,49.0,512.0,11776,-0.00033673689457202726,-0.06431200955106307,2.295
2026-07-29T08:16:19.678226+00:00,1,LEFT,689.0,49.0,512.0,11765,-0.0009619429224403575,-0.1837175652943759,2.296
2026-07-29T08:16:19.761683+00:00,1,LEFT,689.0,49.0,512.0,11752,-0.0009619429224403575,-0.1837175652943759,2.296
2026-07-29T08:16:19.828351+00:00,1,LEFT,688.0,48.0,512.0,11735,-0.0009619429224403575,-0.1837175652943759,2.278
2026-07-29T08:16:19.845180+00:00,1,LEFT,689.0,49.0,512.0,11780,-0.0009619429224403575,-0.1837175652943759,2.285
2026-07-29T08:16:19.944819+00:00,1,LEFT,689.0,49.0,512.0,11747,-0.0009619429224403575,-0.1837175652943759,2.29
2026-07-29T08:16:19.978364+00:00,1,LEFT,689.0,49.0,512.0,11784,-0.012361791216098936,-2.3609282130145415,2.293
2026-07-29T08:16:20.078394+00:00,1,LEFT,689.0,49.0,512.0,11814,0.00533365604118444,1.018653268447744,2.294
2026-07-29T08:16:20.128302+00:00,1,LEFT,689.0,49.0,512.0,11757,-0.012368380238767714,-2.3621866236479985,2.295
2026-07-29T08:16:20.161628+00:00,1,LEFT,689.0,49.0,512.0,11777,-0.006783580678747967,-1.295568476262496,2.296
2026-07-29T08:16:20.261669+00:00,1,LEFT,689.0,49.0,512.0,11840,0.006448446967406199,1.2315626521543663,2.296
2026-07-29T08:16:20.311707+00:00,1,LEFT,689.0,49.0,512.0,11763,-0.008948263026104542,-1.7089923512291756,2.297
2026-07-29T08:16:20.361772+00:00,1,LEFT,689.0,49.0,512.0,11775,0.0032910046714823694,0.6285355934459258,2.297
2026-07-29T08:16:20.378340+00:00,1,LEFT,689.0,49.0,512.0,11774,-0.004265288989990949,-0.8146101917669968,2.297
2026-07-29T08:16:20.511604+00:00,1,LEFT,689.0,49.0,512.0,11747,-0.0011149871471570804,-0.21294685914477585,2.297
2026-07-29T08:16:20.544956+00:00,1,LEFT,689.0,49.0,512.0,11825,-0.0027791902150056556,-0.530786232612933,2.297
2026-07-29T08:16:20.595348+00:00,1,LEFT,689.0,49.0,512.0,11764,0.002134915246278979,0.4077387774330607,2.297
2026-07-29T08:16:20.611644+00:00,1,LEFT,689.0,49.0,512.0,11738,-1.374611892970277e-06,-0.0002625315331189524,2.297
2026-07-29T08:16:20.711762+00:00,1,LEFT,689.0,49.0,512.0,11765,0.0003511820099083707,0.06707082336223699,2.297
2026-07-29T08:16:20.778380+00:00,1,LEFT,689.0,49.0,512.0,11774,0.013985260072804522,2.670987925215072,2.297
2026-07-29T08:16:20.878186+00:00,1,LEFT,690.0,50.0,512.0,11792,0.013328477618197212,2.545551716190934,2.316
2026-07-29T08:16:20.911546+00:00,1,LEFT,689.0,49.0,512.0,11787,0.03963558044517413,7.5698382601991145,2.308
2026-07-29T08:16:20.994770+00:00,1,RIGHT,417.0,-223.0,512.0,11977,-0.010941373113309965,-2.0896483382352495,-1.692
2026-07-29T08:16:21.013076+00:00,1,LEFT,689.0,49.0,512.0,11792,-0.004661070923320949,-0.8901989730581205,-0.096
2026-07-29T08:16:21.111707+00:00,1,LEFT,689.0,49.0,512.0,11727,0.015272188530070707,2.91677315567052,0.861
2026-07-29T08:16:21.178346+00:00,1,LEFT,690.0,50.0,512.0,11782,-0.023374596192734316,-4.464219032220796,1.454
2026-07-29T08:16:21.195052+00:00,1,LEFT,690.0,50.0,512.0,11779,0.006195652678143233,1.1832824992884423,1.81
2026-07-29T08:16:21.295152+00:00,1,LEFT,689.0,49.0,512.0,11825,-0.02029960125219077,-3.8769382584967067,2.005
2026-07-29T08:16:21.345159+00:00,1,LEFT,689.0,49.0,512.0,11760,0.04047752010403201,7.730636890389916,2.122
2026-07-29T08:16:21.411664+00:00,1,LEFT,689.0,49.0,512.0,11777,-0.03728945685201324,-7.121761659851826,2.192
2026-07-29T08:16:21.445013+00:00,1,LEFT,689.0,49.0,512.0,11777,-0.0007149558316450566,-0.13654650563842524,2.234
2026-07-29T08:16:21.461690+00:00,1,LEFT,689.0,49.0,512.0,11777,-0.0033579103683587163,-0.6413136403005801,2.259
2026-07-29T08:16:21.561716+00:00,1,LEFT,689.0,49.0,512.0,11760,-0.004943487040000036,-0.9441364782320735,2.274
2026-07-29T08:16:21.628398+00:00,1,LEFT,689.0,49.0,512.0,11796,0.0038157542049884795,0.7287553720171221,2.283
2026-07-29T08:16:21.678450+00:00,1,LEFT,689.0,49.0,512.0,11765,0.028970074836397543,5.53287673434576,2.289
2026-07-29T08:16:21.728415+00:00,1,LEFT,689.0,49.0,512.0,11793,0.013502325661247596,2.578754246668919,2.292
2026-07-29T08:16:21.795069+00:00,1,LEFT,689.0,49.0,512.0,11784,-0.006702706514624878,-1.2801226486761585,2.294
2026-07-29T08:16:21.861736+00:00,1,LEFT,689.0,49.0,512.0,11774,7.247757555887801e-05,0.01384219729621413,2.295
2026-07-29T08:16:21.961699+00:00,1,LEFT,689.0,49.0,512.0,11763,7.247757555887801e-05,0.01384219729621413,2.296
2026-07-29T08:16:21.995024+00:00,1,LEFT,689.0,49.0,512.0,11804,-0.010447332975454629,-1.9952936222046755,2.296
2026-07-29T08:16:22.078465+00:00,1,LEFT,690.0,50.0,512.0,11764,-0.03158269268256845,-6.031849987899601,2.315
2026-07-29T08:16:22.111658+00:00,1,LEFT,689.0,49.0,512.0,11755,0.007645108527503908,1.460108175151498,2.308
2026-07-29T08:16:22.195013+00:00,1,LEFT,689.0,49.0,512.0,11745,0.0022713081329129637,0.43378789996550615,2.303
2026-07-29T08:16:22.245045+00:00,1,LEFT,689.0,49.0,512.0,11748,0.0038952489499934017,0.7439377499579579,2.301
2026-07-29T08:16:22.311778+00:00,1,LEFT,689.0,49.0,512.0,11787,0.0010773451928980649,0.20575777543922222,2.299
2026-07-29T08:16:22.328344+00:00,1,LEFT,689.0,49.0,512.0,11765,0.008073720398824662,1.5419670127377765,2.298
2026-07-29T08:16:22.428397+00:00,1,LEFT,689.0,49.0,512.0,11747,0.00943839296916849,1.8026002750643475,2.298
2026-07-29T08:16:22.495152+00:00,1,LEFT,689.0,49.0,512.0,11781,-0.012360329260118305,-2.3606489999894613,2.297
2026-07-29T08:16:22.578493+00:00,1,LEFT,689.0,49.0,512.0,11792,0.020462417957605793,3.9080339586783928,2.297
2026-07-29T08:16:22.628385+00:00,1,LEFT,690.0,50.0,512.0,11776,0.008367367195896805,1.5980494198703374,2.316
2026-07-29T08:16:22.695150+00:00,1,LEFT,690.0,50.0,512.0,11758,0.0893459870154038,17.063826574710976,2.327
2026-07-29T08:16:22.747415+00:00,1,LEFT,688.0,48.0,512.0,11788,0.03952367488760501,7.548465873023218,2.296
2026-07-29T08:16:22.811790+00:00,1,LEFT,689.0,49.0,512.0,11793,0.003321605727542192,0.6343799646488294,2.296
2026-07-29T08:16:22.861761+00:00,1,LEFT,689.0,49.0,512.0,11730,0.049317537425085906,9.41895583478636,2.297
2026-07-29T08:16:22.928427+00:00,1,LEFT,689.0,49.0,512.0,11734,-0.06834518802119419,-13.052969412141657,2.297
2026-07-29T08:16:22.995160+00:00,1,LEFT,690.0,50.0,512.0,11755,-0.007639735974371433,-1.4590820930858293,2.316
2026-07-29T08:16:23.095268+00:00,1,LEFT,689.0,49.0,512.0,11745,0.002359808350447565,0.450690196467914,2.308
2026-07-29T08:16:23.195191+00:00,1,LEFT,689.0,49.0,512.0,11815,0.001164612164720893,0.22242453936033932,2.304
2026-07-29T08:16:23.228468+00:00,1,LEFT,689.0,49.0,512.0,11795,0.0463868598442059,8.859237646459578,2.301
2026-07-29T08:16:23.295130+00:00,1,LEFT,689.0,49.0,512.0,11761,0.01802961972192861,3.4434037209744743,2.299
2026-07-29T08:16:23.378352+00:00,1,LEFT,689.0,49.0,512.0,11758,0.001210777016240172,0.2312413765400153,2.298
2026-07-29T08:16:23.445127+00:00,1,LEFT,689.0,49.0,512.0,11735,0.01321007925318554,2.522939294136206,2.298
2026-07-29T08:16:23.511798+00:00,1,LEFT,690.0,50.0,512.0,11758,-0.002703044007066637,-0.5162433781434953,2.316
2026-07-29T08:16:23.611706+00:00,1,LEFT,689.0,49.0,512.0,11793,-0.002703044007066637,-0.5162433781434953,2.308
2026-07-29T08:16:23.645197+00:00,1,LEFT,689.0,49.0,512.0,11752,-0.002703044007066637,-0.5162433781434953,2.304
2026-07-29T08:16:23.728456+00:00,1,LEFT,689.0,49.0,512.0,11786,-0.002703044007066637,-0.5162433781434953,2.301
2026-07-29T08:16:23.794996+00:00,1,LEFT,689.0,49.0,512.0,11759,-0.007456588813802227,-1.4241035619844282,2.299
2026-07-29T08:16:23.878570+00:00,1,LEFT,689.0,49.0,512.0,11729,-0.007456588813802227,-1.4241035619844282,2.298
2026-07-29T08:16:23.945192+00:00,1,LEFT,689.0,49.0,512.0,11768,-0.007456588813802227,-1.4241035619844282,2.298
2026-07-29T08:16:24.011764+00:00,1,LEFT,689.0,49.0,512.0,11776,0.01036643328727223,1.9798429198820897,2.297
2026-07-29T08:16:24.094994+00:00,1,LEFT,689.0,49.0,512.0,11739,0.01036643328727223,1.9798429198820897,2.297
2026-07-29T08:16:24.128500+00:00,1,LEFT,689.0,49.0,512.0,11832,0.014007013018708676,2.6751424318560195,2.297
2026-07-29T08:16:24.245126+00:00,1,LEFT,689.0,49.0,512.0,11781,0.004154516507405788,0.7934542059726096,2.297
2026-07-29T08:16:24.261814+00:00,1,LEFT,689.0,49.0,512.0,11788,0.017813119157217443,3.402055158907311,2.297
2026-07-29T08:16:24.395191+00:00,1,LEFT,689.0,49.0,512.0,11788,-0.004980325401993469,-0.9511720871200695,2.297
2026-07-29T08:16:24.445117+00:00,1,LEFT,689.0,49.0,512.0,11738,0.00658897530316608,1.2584015872911616,2.297
2026-07-29T08:16:24.528545+00:00,1,LEFT,689.0,49.0,512.0,11769,-0.0022728956304490567,-0.43409108966152465,2.297
2026-07-29T08:16:24.595089+00:00,1,LEFT,689.0,49.0,512.0,11833,0.005494273302610963,1.0493289057700412,2.297
2026-07-29T08:16:24.661813+00:00,1,LEFT,690.0,50.0,512.0,11813,0.014138075355440378,2.70017349434885,2.316
2026-07-29T08:16:24.762005+00:00,1,LEFT,689.0,49.0,512.0,11801,0.00022226670960662884,0.04244981462239901,2.308
2026-07-29T08:16:24.845181+00:00,1,LEFT,689.0,49.0,512.0,11809,0.018929124106653036,3.615196403968546,2.304
2026-07-29T08:16:24.895015+00:00,1,LEFT,688.0,48.0,512.0,11731,-0.006872407377231866,-1.3125331260331912,2.282
2026-07-29T08:16:24.928317+00:00,1,LEFT,689.0,49.0,512.0,11752,-0.000716930003836751,-0.1369235447538125,2.288
2026-07-29T08:16:24.978496+00:00,1,LEFT,689.0,49.0,512.0,11767,-0.009786821825546212,-1.8691452848343921,2.292
2026-07-29T08:16:25.095220+00:00,1,LEFT,689.0,49.0,512.0,11780,0.004596663172123954,0.8778979986863987,2.294
2026-07-29T08:16:25.195150+00:00,1,LEFT,689.0,49.0,512.0,11756,-0.004100801355671138,-0.7831953676716086,2.295
2026-07-29T08:16:25.212018+00:00,1,LEFT,689.0,49.0,512.0,11766,-0.003783159123850055,-0.7225301700767282,2.296
2026-07-29T08:16:25.295082+00:00,1,LEFT,689.0,49.0,512.0,11779,-0.003783159123850055,-0.7225301700767282,2.296
2026-07-29T08:16:25.345332+00:00,1,LEFT,689.0,49.0,512.0,11777,-0.003783159123850055,-0.7225301700767282,2.296
2026-07-29T08:16:25.395189+00:00,1,LEFT,689.0,49.0,512.0,11759,-0.003783159123850055,-0.7225301700767282,2.297
2026-07-29T08:16:25.445258+00:00,1,LEFT,689.0,49.0,512.0,11766,-0.003783159123850055,-0.7225301700767282,2.297
2026-07-29T08:16:25.461770+00:00,1,LEFT,690.0,50.0,512.0,11775,-0.013879861009772867,-2.650858186960581,2.316
2026-07-29T08:16:25.545228+00:00,1,LEFT,689.0,49.0,512.0,11771,0.002339473296888173,0.4468064873174951,2.308
2026-07-29T08:16:25.561873+00:00,1,LEFT,689.0,49.0,512.0,11795,0.00585076502407901,1.1174138093416157,2.304
2026-07-29T08:16:25.661979+00:00,1,LEFT,689.0,49.0,512.0,11804,-0.008070527574745938,-1.5413572282563144,2.301
2026-07-29T08:16:25.728344+00:00,1,LEFT,689.0,49.0,512.0,11723,0.0001617731490114238,0.03089639558965183,2.299
2026-07-29T08:16:25.778540+00:00,1,LEFT,689.0,49.0,512.0,11746,0.01590030858962564,3.0367352504705316,2.298
2026-07-29T08:16:25.845238+00:00,1,LEFT,689.0,49.0,512.0,11811,0.0028758457792719128,0.5492460856093064,2.298
2026-07-29T08:16:25.945273+00:00,1,LEFT,689.0,49.0,512.0,11790,0.003978656247491017,0.7598673703819759,2.297
2026-07-29T08:16:25.995210+00:00,1,LEFT,689.0,49.0,512.0,11772,-0.02946098558662925,-5.626633781365353,2.297
2026-07-29T08:16:26.078519+00:00,1,LEFT,689.0,49.0,512.0,11778,0.05310636976035312,10.142569508431382,2.297
2026-07-29T08:16:26.095193+00:00,1,LEFT,689.0,49.0,512.0,11745,-0.022035168218426406,-4.208407132588795,2.297
2026-07-29T08:16:26.178576+00:00,1,LEFT,689.0,49.0,512.0,11726,0.007806212037685327,1.4908766791452919,2.297
2026-07-29T08:16:26.245247+00:00,1,LEFT,689.0,49.0,512.0,11774,0.02420241431100294,4.622320646824976,2.297
2026-07-29T08:16:26.328583+00:00,1,LEFT,690.0,50.0,512.0,11778,0.016695319461869074,3.1885711426257424,2.316
2026-07-29T08:16:26.411850+00:00,1,LEFT,689.0,49.0,512.0,11779,-0.0030328583670780063,-0.5792332809816945,2.308
2026-07-29T08:16:26.478641+00:00,1,LEFT,689.0,49.0,512.0,11762,0.00766996547114104,1.4648555016915052,2.304
2026-07-29T08:16:26.561857+00:00,1,LEFT,690.0,50.0,512.0,11784,-0.010000353321665899,-1.909926796570299,2.32
2026-07-29T08:16:26.645217+00:00,1,LEFT,690.0,50.0,512.0,11760,0.005345700749312527,1.0209536382517652,2.329
2026-07-29T08:16:26.695204+00:00,1,LEFT,689.0,49.0,512.0,11716,-0.020871090292930602,-3.986084625404615,2.316
2026-07-29T08:16:26.795242+00:00,1,LEFT,689.0,49.0,512.0,11764,-0.006335277318721637,-1.209948841359021,2.309
2026-07-29T08:16:26.861961+00:00,1,LEFT,689.0,49.0,512.0,11756,-0.0019910989236086606,-0.3802718830527245,2.304
2026-07-29T08:16:26.928617+00:00,1,LEFT,690.0,50.0,512.0,11763,-0.01099025279749185,-2.0989836702604308,2.32
2026-07-29T08:16:26.978537+00:00,1,LEFT,689.0,49.0,512.0,11766,-0.004169135662959888,-0.7962462590169268,2.311
2026-07-29T08:16:27.028685+00:00,1,LEFT,689.0,49.0,512.0,11777,-0.02102042470709421,-4.014605397630059,2.305
2026-07-29T08:16:27.162060+00:00,1,LEFT,690.0,50.0,512.0,11747,0.006660419725521933,1.2720464668602967,2.321
2026-07-29T08:16:27.211958+00:00,1,LEFT,689.0,49.0,512.0,11787,-0.02697552875149995,-5.151946491982514,2.311
2026-07-29T08:16:27.261716+00:00,1,RIGHT,418.0,-222.0,512.0,12002,0.006850229507545009,1.3082974649276977,-1.689
2026-07-29T08:16:27.345992+00:00,1,LEFT,689.0,49.0,512.0,11802,0.08118250833616912,15.504716993160377,-0.095
2026-07-29T08:16:27.411937+00:00,1,LEFT,689.0,49.0,512.0,11741,-0.0022180415806360545,-0.4236147378499066,0.862
2026-07-29T08:16:27.445194+00:00,1,LEFT,689.0,49.0,512.0,11805,0.009636915170121938,1.840515222578616,1.436
2026-07-29T08:16:27.511954+00:00,1,LEFT,689.0,49.0,512.0,11780,-0.007204578052042052,-1.3759730518486453,1.78
2026-07-29T08:16:27.595211+00:00,1,LEFT,689.0,49.0,512.0,11757,0.00010841109848115592,0.02070499465115788,1.987
2026-07-29T08:16:27.645197+00:00,1,LEFT,689.0,49.0,512.0,11763,0.0022441674466244874,0.42860441070744526,2.111
2026-07-29T08:16:27.711816+00:00,1,LEFT,689.0,49.0,512.0,11798,0.0009659048798494041,0.1844742434215391,2.185
2026-07-29T08:16:27.778420+00:00,1,LEFT,689.0,49.0,512.0,11754,-0.007886818510014564,-1.5062713813649695,2.23
2026-07-29T08:16:27.795562+00:00,1,LEFT,689.0,49.0,512.0,11746,-0.011951742224628106,-2.2826146243316265,2.257
2026-07-29T08:16:27.878571+00:00,1,LEFT,689.0,49.0,512.0,11738,-0.000950476388388779,-0.18152761860504762,2.273
2026-07-29T08:16:27.978548+00:00,1,LEFT,689.0,49.0,512.0,11760,0.0021107114106416703,0.40311618533290705,2.282
2026-07-29T08:16:27.995455+00:00,1,LEFT,689.0,49.0,512.0,11783,-0.00913409262371715,-1.7444831900685651,2.288
2026-07-29T08:16:28.078712+00:00,1,LEFT,689.0,49.0,512.0,11705,-0.00913409262371715,-1.7444831900685651,2.292
2026-07-29T08:16:28.095325+00:00,1,LEFT,689.0,49.0,512.0,11773,-0.006050649477692786,-1.155588927949442,2.294
2026-07-29T08:16:28.178632+00:00,1,LEFT,689.0,49.0,512.0,11761,0.0036247556714806704,0.6922773391398371,2.295
2026-07-29T08:16:28.245296+00:00,1,LEFT,690.0,50.0,512.0,11766,0.0036247556714806704,0.6922773391398371,2.315
2026-07-29T08:16:28.278554+00:00,1,LEFT,689.0,49.0,512.0,11811,0.0036247556714806704,0.6922773391398371,2.307
2026-07-29T08:16:28.311990+00:00,1,LEFT,689.0,49.0,512.0,11777,0.0036247556714806704,0.6922773391398371,2.303
2026-07-29T08:16:28.361910+00:00,1,LEFT,689.0,49.0,512.0,11785,0.0036247556714806704,0.6922773391398371,2.301
2026-07-29T08:16:28.428487+00:00,1,LEFT,689.0,49.0,512.0,11764,0.0036247556714806704,0.6922773391398371,2.299
2026-07-29T08:16:28.478693+00:00,1,LEFT,689.0,49.0,512.0,11780,-0.010341382958285976,-1.975058659461001,2.298
2026-07-29T08:16:28.562216+00:00,1,LEFT,689.0,49.0,512.0,11780,0.0039418046979699285,0.7528292428617236,2.298
2026-07-29T08:16:28.611930+00:00,1,LEFT,689.0,49.0,512.0,11789,0.01077939332171809,2.058712476819839,2.297
2026-07-29T08:16:28.695299+00:00,1,LEFT,689.0,49.0,512.0,11766,0.007484914899105206,1.429513445777722,2.297
2026-07-29T08:16:28.778709+00:00,1,LEFT,689.0,49.0,512.0,11745,0.008378912874031813,1.6002544819661788,2.297
2026-07-29T08:16:28.828714+00:00,1,LEFT,689.0,49.0,512.0,11753,0.038964783003320916,7.441725385777909,2.297
2026-07-29T08:16:28.895368+00:00,1,LEFT,689.0,49.0,512.0,11801,-0.03056599138304591,-5.837674342939243,2.297
2026-07-29T08:16:28.961957+00:00,1,LEFT,690.0,50.0,512.0,11765,0.0018869948829524218,0.3603894758531885,2.316
2026-07-29T08:16:29.028657+00:00,1,LEFT,689.0,49.0,512.0,11778,-0.0015859778287995142,-0.3028994533051133,2.308
2026-07-29T08:16:29.095327+00:00,1,LEFT,689.0,49.0,512.0,11754,-0.0015859778287995142,-0.3028994533051133,2.304
2026-07-29T08:16:29.178660+00:00,1,LEFT,689.0,49.0,512.0,11790,-0.01758520527742803,-3.3585268142260274,2.301
2026-07-29T08:16:29.245339+00:00,1,LEFT,689.5,49.5,512.0,11816,0.003760952966986224,0.718289106518385,2.309
2026-07-29T08:16:29.262065+00:00,1,LEFT,689.0,49.0,512.0,11762,0.0018529816612135618,0.3538934290089242,2.304
2026-07-29T08:16:29.361938+00:00,1,LEFT,689.0,49.0,512.0,11813,-0.006021978994831443,-1.1501132690675848,2.301
2026-07-29T08:16:29.445287+00:00,1,LEFT,689.0,49.0,512.0,11793,0.008078631525859237,1.5429049689102223,2.299
2026-07-29T08:16:29.512007+00:00,1,LEFT,689.0,49.0,512.0,11777,0.001345277668260678,0.25692910888179105,2.298
2026-07-29T08:16:29.562052+00:00,1,LEFT,689.0,49.0,512.0,11795,0.0031017964461352676,0.592399484240762,2.298
2026-07-29T08:16:29.645239+00:00,1,LEFT,689.0,49.0,512.0,11799,0.011892239931039512,2.2712505233517106,2.297
2026-07-29T08:16:29.712123+00:00,1,LEFT,689.0,49.0,512.0,11782,-0.006153921593213454,-1.1753124491518476,2.297
2026-07-29T08:16:29.778693+00:00,1,LEFT,689.0,49.0,512.0,11773,-0.006153921593213454,-1.1753124491518476,2.297
2026-07-29T08:16:29.845274+00:00,1,LEFT,689.0,49.0,512.0,11783,-0.006153921593213454,-1.1753124491518476,2.297
2026-07-29T08:16:29.912074+00:00,1,LEFT,689.0,49.0,512.0,11735,-0.006153921593213454,-1.1753124491518476,2.297
2026-07-29T08:16:29.978647+00:00,1,LEFT,689.0,49.0,512.0,11765,-0.006153921593213454,-1.1753124491518476,2.297
2026-07-29T08:16:30.028580+00:00,1,LEFT,689.0,49.0,512.0,11764,-0.004836919159279205,-0.9237835122422161,2.297
2026-07-29T08:16:30.095443+00:00,1,LEFT,689.0,49.0,512.0,11813,0.009896320961415768,1.8900580793199093,2.297
2026-07-29T08:16:30.128548+00:00,1,LEFT,689.0,49.0,512.0,11776,-4.368412541225552e-05,-0.008343053392808096,2.297
2026-07-29T08:16:30.212224+00:00,1,LEFT,689.0,49.0,512.0,11774,-0.0018366223501652711,-0.3507690307462281,2.297
2026-07-29T08:16:30.228681+00:00,1,LEFT,689.0,49.0,512.0,11723,-0.0018366223501652711,-0.3507690307462281,2.297
2026-07-29T08:16:30.262023+00:00,1,LEFT,689.0,49.0,512.0,11818,0.002206064970087027,0.4213273737254695,2.297
2026-07-29T08:16:30.328732+00:00,1,LEFT,689.0,49.0,512.0,11783,-0.0016990885553241242,-0.32450201079684204,2.297
2026-07-29T08:16:30.395432+00:00,1,LEFT,689.0,49.0,512.0,11775,-0.0009880901244468986,-0.1887113130312119,2.297
2026-07-29T08:16:30.445256+00:00,1,LEFT,690.0,50.0,512.0,11788,0.029353485172614456,5.6061027146354965,2.316
2026-07-29T08:16:30.495433+00:00,1,LEFT,689.0,49.0,512.0,11765,0.027668905108002947,5.284371621455113,2.308
2026-07-29T08:16:30.546454+00:00,1,LEFT,689.0,49.0,512.0,11780,0.00349951439187862,0.6683580166664526,2.304
2026-07-29T08:16:30.595402+00:00,1,LEFT,689.0,49.0,512.0,11800,0.00729632816510275,1.3934960326760657,2.301
2026-07-29T08:16:30.678643+00:00,1,LEFT,689.0,49.0,512.0,11744,0.006083521014079452,1.1618669289529975,2.299
2026-07-29T08:16:30.728927+00:00,1,LEFT,689.0,49.0,512.0,11792,0.03890196264721453,7.429727581536561,2.298
2026-07-29T08:16:30.828788+00:00,1,LEFT,689.0,49.0,512.0,11753,0.008526519227889367,1.6284452189840204,2.298
2026-07-29T08:16:30.845303+00:00,1,LEFT,689.0,49.0,512.0,11779,0.008757260029669851,1.672513465995642,2.297
2026-07-29T08:16:30.928744+00:00,1,LEFT,689.0,49.0,512.0,11805,0.0031359839720244056,0.5989288207255683,2.297
2026-07-29T08:16:30.996443+00:00,1,LEFT,689.0,49.0,512.0,11718,0.02795700820395723,5.339395259664557,2.297
2026-07-29T08:16:31.012007+00:00,1,LEFT,689.0,49.0,512.0,11798,-0.0056611433083890005,-1.0811987292980587,2.297
2026-07-29T08:16:31.112053+00:00,1,LEFT,689.0,49.0,512.0,11831,-0.009011921552009881,-1.7211502341105094,2.297
2026-07-29T08:16:31.178787+00:00,1,LEFT,689.0,49.0,512.0,11785,0.0013105782232014462,0.2503020030373242,2.297
2026-07-29T08:16:31.245414+00:00,1,LEFT,689.0,49.0,512.0,11759,-0.001984010004089214,-0.37891799915348384,2.297
2026-07-29T08:16:31.362122+00:00,1,LEFT,689.0,49.0,512.0,11769,-0.0073096823864034375,-1.3960465010734426,2.297
2026-07-29T08:16:31.378768+00:00,1,LEFT,689.0,49.0,512.0,11743,0.0008650583759299479,0.16521397991075792,2.297
2026-07-29T08:16:31.428759+00:00,1,LEFT,689.0,49.0,512.0,11765,0.004204480130629236,0.8029965551055609,2.297
2026-07-29T08:16:31.462023+00:00,1,LEFT,689.0,49.0,512.0,11808,-0.004903219728730619,-0.9364459882718161,2.297
2026-07-29T08:16:31.495380+00:00,1,LEFT,689.0,49.0,512.0,11759,9.465592622291295e-05,0.018077950261582026,2.297
2026-07-29T08:16:31.595412+00:00,1,LEFT,689.0,49.0,512.0,11789,-6.255176849663257e-05,-0.011946507786454763,2.297
2026-07-29T08:16:31.662050+00:00,1,LEFT,689.0,49.0,512.0,11832,-2.9690014198422432e-05,-0.005670375024176984,2.297
2026-07-29T08:16:31.678625+00:00,1,LEFT,689.0,49.0,512.0,11759,4.708287451649085e-05,0.00899216665712994,2.297
2026-07-29T08:16:31.778657+00:00,1,LEFT,689.0,49.0,512.0,11793,-0.007755658208043315,-1.4812216088895898,2.297
2026-07-29T08:16:31.845267+00:00,1,LEFT,689.0,49.0,512.0,11803,0.0020297449611825866,0.38765273254569105,2.297
2026-07-29T08:16:31.862556+00:00,1,LEFT,689.0,49.0,512.0,11759,-4.106346750631993e-08,-7.84254460094909e-06,2.297
2026-07-29T08:16:31.929405+00:00,1,LEFT,689.0,49.0,512.0,11745,-4.967412678524852e-05,-0.009487059385974987,2.297
2026-07-29T08:16:31.962092+00:00,1,LEFT,689.0,49.0,512.0,11764,-0.00011715149972587824,-0.022374288326402814,2.297
2026-07-29T08:16:32.078794+00:00,1,LEFT,689.0,49.0,512.0,11761,-0.0033229639066848903,-0.6346393577578271,2.297
2026-07-29T08:16:32.095550+00:00,1,LEFT,689.0,49.0,512.0,11774,-3.982906724559143e-05,-0.007606791517050453,2.297
2026-07-29T08:16:32.162121+00:00,1,LEFT,689.0,49.0,512.0,11780,-0.005911443596414756,-1.1290025630140075,2.297
2026-07-29T08:16:32.278832+00:00,1,LEFT,689.0,49.0,512.0,11815,-0.0029923799532116393,-0.5715024733952723,2.297
2026-07-29T08:16:32.328722+00:00,1,LEFT,689.0,49.0,512.0,11772,0.004652856985339895,0.8886302264597985,2.297
2026-07-29T08:16:32.411988+00:00,1,LEFT,689.0,49.0,512.0,11745,5.011679604649544e-06,0.0009571602987273728,2.297
2026-07-29T08:16:32.478778+00:00,1,LEFT,689.0,49.0,512.0,11758,-0.014724876547697932,-2.8122442667808585,2.297
2026-07-29T08:16:32.562008+00:00,1,LEFT,689.0,49.0,512.0,11714,-0.026954839582322164,-5.1479951517307825,2.297
2026-07-29T08:16:32.613574+00:00,1,LEFT,689.0,49.0,512.0,11774,-0.026954839582322164,-5.1479951517307825,2.297
2026-07-29T08:16:32.712258+00:00,1,LEFT,689.0,49.0,512.0,11772,-0.013895207365276292,-2.6537891249647596,2.297
2026-07-29T08:16:32.745543+00:00,1,LEFT,689.0,49.0,512.0,11777,-0.0057531000507879074,-1.0987611734221556,2.297
2026-07-29T08:16:32.895571+00:00,1,LEFT,689.0,49.0,512.0,11767,0.0019331561103354033,0.36920562087381703,2.297
2026-07-29T08:16:32.945569+00:00,1,LEFT,689.0,49.0,512.0,11815,0.0019331561103354033,0.36920562087381703,2.297
2026-07-29T08:16:32.995508+00:00,1,LEFT,689.0,49.0,512.0,11771,0.0019331561103354033,0.36920562087381703,2.297
2026-07-29T08:16:33.062101+00:00,1,LEFT,689.0,49.0,512.0,11754,0.0019331561103354033,0.36920562087381703,2.297
2026-07-29T08:16:33.129057+00:00,1,LEFT,689.0,49.0,512.0,11794,0.0019331561103354033,0.36920562087381703,2.297
2026-07-29T08:16:33.145323+00:00,1,LEFT,689.0,49.0,512.0,11774,0.004500079979770817,0.8594519677072824,2.297
2026-07-29T08:16:33.245514+00:00,1,LEFT,689.0,49.0,512.0,11754,0.004500079979770817,0.8594519677072824,2.297
2026-07-29T08:16:33.328753+00:00,1,LEFT,689.0,49.0,512.0,11765,0.004500079979770817,0.8594519677072824,2.297
2026-07-29T08:16:33.395605+00:00,1,LEFT,689.0,49.0,512.0,11762,0.004500079979770817,0.8594519677072824,2.297
2026-07-29T08:16:33.478746+00:00,1,RIGHT,418.0,-222.0,512.0,12130,-0.013689018057193606,-2.6144098678518914,-1.703
2026-07-29T08:16:33.545526+00:00,1,LEFT,689.0,49.0,512.0,11797,-8.25337989226682e-06,-0.0015762794484834228,-0.103
2026-07-29T08:16:33.562338+00:00,1,LEFT,689.0,49.0,512.0,11770,6.576917567144846e-06,0.0012560987293428298,0.857
2026-07-29T08:16:33.645491+00:00,1,LEFT,689.0,49.0,512.0,11778,0.008318327394663356,1.5886835077408805,1.433
2026-07-29T08:16:33.662357+00:00,1,LEFT,689.0,49.0,512.0,11775,1.3700297567993403e-05,0.002616564095731227,1.778
2026-07-29T08:16:33.762109+00:00,1,LEFT,689.0,49.0,512.0,11767,-0.0058025764057583725,-1.108210461173818,1.986
2026-07-29T08:16:33.795562+00:00,1,LEFT,689.0,49.0,512.0,11767,0.005100479619613907,0.9741198523212279,2.11
2026-07-29T08:16:33.895571+00:00,1,LEFT,689.0,49.0,512.0,11758,-0.015601558196358382,-2.979678128263574,2.185
2026-07-29T08:16:33.962177+00:00,1,LEFT,689.0,49.0,512.0,11757,-0.011195097281597555,-2.138106084913069,2.23
2026-07-29T08:16:34.028883+00:00,1,LEFT,689.0,49.0,512.0,11798,-8.403268293477592e-06,-0.0016049060244412256,2.257
2026-07-29T08:16:34.078975+00:00,1,LEFT,689.0,49.0,512.0,11772,0.0035223206703085454,0.6727136950012359,2.273
2026-07-29T08:16:34.095370+00:00,1,LEFT,689.0,49.0,512.0,11781,2.32273232541047e-05,0.004436091972820909,2.282
2026-07-29T08:16:34.178816+00:00,1,LEFT,689.0,49.0,512.0,11750,0.0,0.0,2.288
2026-07-29T08:16:34.228873+00:00,1,LEFT,689.0,49.0,512.0,11759,0.010463541827630252,1.9983892849393912,2.292
2026-07-29T08:16:34.262004+00:00,1,RIGHT,418.0,-222.0,512.0,12098,-2.7298710483592003e-06,-0.0005213669656197855,-1.708
2026-07-29T08:16:34.378834+00:00,1,LEFT,689.0,49.0,512.0,11760,2.9424175809253936e-05,0.0056196036317372805,-0.106
2026-07-29T08:16:34.445449+00:00,1,LEFT,689.0,49.0,512.0,11757,0.006119577144563664,1.168753142627392,0.855
2026-07-29T08:16:34.512259+00:00,1,LEFT,689.0,49.0,512.0,11780,0.0020508592876467445,0.39168527185788315,1.432
2026-07-29T08:16:34.578938+00:00,1,LEFT,689.0,49.0,512.0,11800,-1.0919070336967707e-05,-0.0020853888217157975,1.778
2026-07-29T08:16:34.645613+00:00,1,LEFT,689.0,49.0,512.0,11761,0.006138711351813981,1.1724075070266313,1.985
2026-07-29T08:16:34.728744+00:00,1,LEFT,689.0,49.0,512.0,11793,3.134133010462392e-05,0.005985753131070871,2.11
2026-07-29T08:16:34.762079+00:00,1,LEFT,689.0,49.0,512.0,11789,2.5339594722026958e-05,0.004839506107147071,2.185
2026-07-29T08:16:34.828698+00:00,1,LEFT,689.0,49.0,512.0,11774,-0.003146902767366555,-0.6010141570271423,2.23
2026-07-29T08:16:34.928921+00:00,1,LEFT,689.0,49.0,512.0,11813,0.004413507337594638,0.8429178109806444,2.257
2026-07-29T08:16:35.012074+00:00,1,LEFT,689.0,49.0,512.0,11757,-0.005570440847659484,-1.0638758353272173,2.273
2026-07-29T08:16:35.045577+00:00,1,LEFT,689.0,49.0,512.0,11745,0.004130415495892521,0.7888512518335882,2.282
2026-07-29T08:16:35.128881+00:00,1,LEFT,689.0,49.0,512.0,11765,-0.01086271251551807,-2.074625270677077,2.288
2026-07-29T08:16:35.195621+00:00,1,LEFT,689.0,49.0,512.0,11788,-0.021499942344380542,-4.106186520358699,2.292
2026-07-29T08:16:35.245574+00:00,1,LEFT,689.0,49.0,512.0,11784,-8.11188774787297e-05,-0.015492564394566788,2.294
2026-07-29T08:16:35.379361+00:00,1,LEFT,689.0,49.0,512.0,11743,-0.010268282106262632,-1.9610974251285076,2.295
2026-07-29T08:16:35.412199+00:00,1,LEFT,689.0,49.0,512.0,11745,-0.0008027194329770282,-0.1533081188090609,2.296
2026-07-29T08:16:35.478932+00:00,1,LEFT,689.0,49.0,512.0,11786,0.001922640985576436,0.3671973799746759,2.296
2026-07-29T08:16:35.528973+00:00,1,LEFT,689.0,49.0,512.0,11724,-0.010524354475783183,-2.010003645206648,2.296
2026-07-29T08:16:35.578924+00:00,1,LEFT,689.0,49.0,512.0,11766,-0.0013648936350364239,-0.2606754825728546,2.297
2026-07-29T08:16:35.645583+00:00,1,LEFT,689.0,49.0,512.0,11729,-0.04413580757915042,-8.429318332289434,2.297
2026-07-29T08:16:35.695575+00:00,1,LEFT,688.0,48.0,512.0,11728,0.06362077787518501,12.150673538624622,2.278
2026-07-29T08:16:35.712121+00:00,1,LEFT,687.0,47.0,512.0,11737,-0.20930829972028733,-39.974940636772445,2.248
2026-07-29T08:16:35.778562+00:00,1,RIGHT,416.0,-224.0,512.0,11770,0.03442307151330169,6.57432238529733,-1.752
2026-07-29T08:16:35.845577+00:00,1,LEFT,689.0,49.0,512.0,11694,0.01958491918630898,3.74044403826765,-0.132
2026-07-29T08:16:35.912941+00:00,1,LEFT,689.0,49.0,512.0,11598,0.04459126232308336,8.516303780911331,0.839
2026-07-29T08:16:35.978887+00:00,1,LEFT,690.0,50.0,512.0,11342,0.08143360857851803,15.55267360689806,1.441
2026-07-29T08:16:36.045623+00:00,1,LEFT,690.0,50.0,512.0,11123,-0.06178108933381736,-11.799318908494804,1.802
2026-07-29T08:16:36.095658+00:00,1,LEFT,691.0,51.0,512.0,8606,-0.023703677970916034,-4.527069022235706,2.038
2026-07-29T08:16:36.145582+00:00,1,LEFT,690.0,50.0,512.0,6478,0.05282362721860409,10.088569660661314,2.16
2026-07-29T08:16:36.162184+00:00,1,LEFT,691.0,51.0,512.0,5481,-0.03404472512193024,-6.502063547232034,2.252
2026-07-29T08:16:36.245570+00:00,1,LEFT,694.0,54.0,512.0,2663,0.0026126299425959587,0.4989755638008499,2.364
2026-07-29T08:16:36.295453+00:00,1,LEFT,690.0,50.0,512.0,3317,0.004936113068833947,0.9427281534785132,2.356
2026-07-29T08:16:36.312304+00:00,1,LEFT,689.0,49.0,512.0,3571,-0.03941675985231995,-7.528046605395465,2.332
2026-07-29T08:16:36.395504+00:00,1,LEFT,688.0,48.0,512.0,2009,0.0011738155968487262,0.22418226542020583,2.299
2026-07-29T08:16:36.412318+00:00,1,LEFT,688.0,48.0,512.0,1550,0.037512492606183515,7.164358351166738,2.28
2026-07-29T08:16:36.528965+00:00,1,LEFT,685.0,45.0,512.0,1421,0.01393031783401966,2.6604947305504965,2.212
2026-07-29T08:16:36.595546+00:00,1,NONE,0.0,0.0,512.0,0,-0.015496959802694618,-2.959701306594302,2.171
2026-07-29T08:16:36.662349+00:00,1,NONE,0.0,0.0,512.0,0,-0.017453213222324848,-3.333318188603792,2.146
2026-07-29T08:16:36.745556+00:00,1,BOTH,715.5,75.5,521.5,2875,0.014200236694887281,2.712045435679475,2.703
2026-07-29T08:16:36.762282+00:00,1,BOTH,716.0,76.0,529.0,2370,0.014200236694887281,2.712045435679475,3.047
2026-07-29T08:16:36.812371+00:00,1,BOTH,712.5,72.5,535.5,2826,0.014200236694887281,2.712045435679475,3.188
2026-07-29T08:16:36.895561+00:00,1,RIGHT,736.5,96.5,535.5,1638,0.01775072369258851,3.390138502960659,3.722
2026-07-29T08:16:36.962388+00:00,1,BOTH,705.0,65.0,541.6,4743,-0.004005770041840151,-0.7650457236579461,3.452
2026-07-29T08:16:36.979167+00:00,1,BOTH,704.5,64.5,546.6,6488,0.011593650197610259,2.2142240849136026,3.281
2026-07-29T08:16:37.062172+00:00,1,BOTH,701.5,61.5,550.8,8174,-0.015779223992722108,-3.0136097959151478,3.121
2026-07-29T08:16:37.145661+00:00,1,RIGHT,717.24,77.24,550.8,4039,0.007391459736973047,1.4116648245647772,3.321
2026-07-29T08:16:37.162328+00:00,1,BOTH,700.5,60.5,554.1,6885,-0.036728912726975975,-7.014705617866863,3.127
2026-07-29T08:16:37.296512+00:00,1,BOTH,704.0,64.0,556.1,9263,0.03235640374943614,6.179617916879876,3.076
2026-07-29T08:16:37.412225+00:00,1,BOTH,705.0,65.0,557.9,14835,-0.012479219874367118,-2.3833554347233776,3.064
2026-07-29T08:16:37.445737+00:00,1,BOTH,705.5,65.5,559.2,14702,-0.026365408073179424,-5.0354220257777635,3.067
2026-07-29T08:16:37.495659+00:00,1,BOTH,705.5,65.5,560.3,14732,0.01295922940596938,2.475030502346248,3.068
2026-07-29T08:16:37.563387+00:00,1,BOTH,705.5,65.5,561.1,14617,-0.009515612439718097,-1.8173481075934381,3.069
2026-07-29T08:16:37.628968+00:00,1,BOTH,706.0,66.0,561.7,14599,-0.0010993615817278624,-0.20996259597277678,3.079
2026-07-29T08:16:37.712291+00:00,1,BOTH,706.0,66.0,562.1,14600,-0.002652452923357487,-0.5065811928850706,3.085
2026-07-29T08:16:37.729081+00:00,1,BOTH,706.0,66.0,562.5,14581,0.004115917851449922,0.7860824057021142,3.088
2026-07-29T08:16:37.812538+00:00,1,BOTH,706.5,66.5,562.9,14503,-0.0036284558707848193,-0.6929840251514539,3.1
2026-07-29T08:16:37.912303+00:00,1,BOTH,706.0,66.0,563.1,14612,0.01017523361952044,1.9433264731938191,3.097
2026-07-29T08:16:37.979110+00:00,1,BOTH,706.0,66.0,563.5,14456,-0.00403906696359627,-0.7714049672826225,3.096
2026-07-29T08:16:38.029243+00:00,1,BOTH,706.5,66.5,563.7,14482,0.003641713155666366,0.6955159800565045,3.104
2026-07-29T08:16:38.095665+00:00,1,BOTH,705.5,65.5,563.9,14523,-0.001651290194131434,-0.31537319625023186,3.091
2026-07-29T08:16:38.162141+00:00,1,BOTH,706.5,66.5,564.0,14368,-0.007622519359574653,-1.4557939618679694,3.101
2026-07-29T08:16:38.245816+00:00,1,BOTH,706.0,66.0,564.0,14518,-0.014570353864692152,-2.7827326081966284,3.098
2026-07-29T08:16:38.295706+00:00,1,BOTH,706.0,66.0,564.2,14483,0.010185354623463354,1.9452594425616998,3.096
2026-07-29T08:16:38.379107+00:00,1,BOTH,706.0,66.0,564.4,14422,-0.01018554335576482,-1.9452954877761393,3.095
2026-07-29T08:16:38.395756+00:00,1,BOTH,706.0,66.0,564.3,14537,0.0033253956312546506,0.6351037829404457,3.095
2026-07-29T08:16:38.429120+00:00,1,BOTH,706.5,66.5,564.3,14498,-0.0009054414521961008,-0.1729265793567762,3.104
2026-07-29T08:16:38.495635+00:00,1,BOTH,706.0,66.0,564.5,14465,-0.010081469744327477,-1.9254188921293252,3.1
2026-07-29T08:16:38.612418+00:00,1,BOTH,706.5,66.5,564.5,14468,0.005441020735888742,1.0391584146986343,3.107
2026-07-29T08:16:38.695659+00:00,1,BOTH,706.5,66.5,564.5,14474,0.004118141419094172,0.7865070758403722,3.111
2026-07-29T08:16:38.745738+00:00,1,BOTH,706.5,66.5,564.5,14530,-0.010165811540791764,-1.941526988709175,3.113
2026-07-29T08:16:38.812397+00:00,1,BOTH,706.5,66.5,564.5,14440,0.0,0.0,3.115
2026-07-29T08:16:38.862153+00:00,1,RIGHT,324.52,-315.48,564.5,11693,-0.011357342072878964,-2.1690925575410884,-0.885
2026-07-29T08:16:38.895910+00:00,1,BOTH,706.0,66.0,564.6,14470,0.009212478618755994,1.7594538123640953,0.706
2026-07-29T08:16:38.979058+00:00,1,BOTH,706.5,66.5,564.6,14431,-0.004971763796347659,-0.9495369408888689,1.671
2026-07-29T08:16:39.045686+00:00,1,BOTH,706.5,66.5,564.6,14387,0.02301830778596923,4.396172958897196,2.249
2026-07-29T08:16:39.062512+00:00,1,BOTH,706.5,66.5,564.5,14465,2.605456975288689e-05,0.004976056279565436,2.596
2026-07-29T08:16:39.162389+00:00,1,BOTH,706.5,66.5,564.5,14470,3.7282879929989576e-05,0.007120505560271349,2.805
2026-07-29T08:16:39.212442+00:00,1,BOTH,706.5,66.5,564.5,14489,-0.0007342503149993717,-0.14023148051871748,2.93
2026-07-29T08:16:39.295672+00:00,1,BOTH,706.5,66.5,564.5,14535,0.006793464892543852,1.2974562220435268,3.005
2026-07-29T08:16:39.345826+00:00,1,BOTH,706.0,66.0,564.4,14558,3.516568103805184e-05,0.00671615035727866,3.04
2026-07-29T08:16:39.412244+00:00,1,BOTH,706.5,66.5,564.4,14495,-2.6445327966939663e-06,-0.0005050685601149749,3.071
2026-07-29T08:16:39.495894+00:00,1,BOTH,706.0,66.0,564.3,14477,3.167126909829676e-05,0.006048766837185029,3.08
2026-07-29T08:16:39.545793+00:00,1,BOTH,706.0,66.0,564.5,14418,0.01169140541809611,2.232893956777636,3.086
2026-07-29T08:16:39.612395+00:00,1,BOTH,706.5,66.5,564.5,14432,-6.864819908514619e-05,-0.013110840262509053,3.098
2026-07-29T08:16:39.695698+00:00,1,BOTH,706.5,66.5,564.5,14517,-0.006699123104626778,-1.2794382677789713,3.106
2026-07-29T08:16:39.762368+00:00,1,BOTH,706.0,66.0,564.6,14476,0.005668587995805865,1.0826205598606604,3.101
2026-07-29T08:16:39.795774+00:00,1,BOTH,706.0,66.0,564.5,14473,0.014087318168167258,2.6904795856465,3.098
2026-07-29T08:16:39.879130+00:00,1,BOTH,706.0,66.0,564.6,14049,0.0049608299043029545,0.9474487213294912,3.096
2026-07-29T08:16:39.962409+00:00,1,BOTH,706.0,66.0,564.7,14406,-0.04504648648551665,-8.603245191710682,3.095
2026-07-29T08:16:40.029016+00:00,1,BOTH,706.5,66.5,564.6,14547,0.0020198060059919954,0.3857545319283893,3.104
2026-07-29T08:16:40.079103+00:00,1,BOTH,706.0,66.0,564.7,14219,0.0020198060059919954,0.3857545319283893,3.1
2026-07-29T08:16:40.112284+00:00,1,BOTH,706.5,66.5,564.7,14455,0.006316639687865972,1.2063893160651797,3.107
2026-07-29T08:16:40.212395+00:00,1,BOTH,704.5,64.5,564.8,14573,0.03511896438896656,6.707228134526727,3.073
2026-07-29T08:16:40.279072+00:00,1,BOTH,704.5,64.5,565.0,14767,0.0051553802378475665,0.9846050980460535,3.053
2026-07-29T08:16:40.345728+00:00,1,BOTH,704.5,64.5,565.1,14829,-0.00224094906821847,-0.42798974570897574,3.041
2026-07-29T08:16:40.395760+00:00,1,BOTH,704.0,64.0,565.3,15107,0.007943804813548921,1.5171549636402035,3.025
2026-07-29T08:16:40.495774+00:00,1,BOTH,698.5,58.5,566.1,16052,0.03499849315150641,6.68421982299611,2.912
2026-07-29T08:16:40.562324+00:00,1,BOTH,697.0,57.0,567.3,15625,-0.036562313390895725,-6.982887488443263,2.816
2026-07-29T08:16:40.645889+00:00,1,BOTH,694.5,54.5,568.3,16800,-0.036562313390895725,-6.982887488443263,2.711
2026-07-29T08:16:40.662464+00:00,1,BOTH,694.0,54.0,569.3,17018,0.009724368713796139,1.8572176190985985,2.639
2026-07-29T08:16:40.779099+00:00,1,BOTH,688.5,48.5,569.3,18429,-0.014167430796660482,-2.7057799706410375,2.493
2026-07-29T08:16:40.845822+00:00,1,BOTH,684.5,44.5,569.3,19438,0.0019469310913700615,0.3718364484610126,2.33
2026-07-29T08:16:40.912637+00:00,1,BOTH,681.5,41.5,569.3,20343,0.00228855170076713,0.4370811788381434,2.176
2026-07-29T08:16:40.962537+00:00,1,BOTH,679.5,39.5,569.3,20713,-0.009306808179244399,-1.777469431361794,2.046
2026-07-29T08:16:41.062507+00:00,1,BOTH,676.5,36.5,569.3,21291,0.013962427182123064,2.666627164314635,1.912
2026-07-29T08:16:41.079038+00:00,1,BOTH,676.5,36.5,569.3,21455,-0.007972909212112427,-1.5227134943167218,1.832
2026-07-29T08:16:41.112577+00:00,1,BOTH,678.5,38.5,569.3,21399,-0.007972909212112427,-1.5227134943167218,1.821
2026-07-29T08:16:41.162399+00:00,1,BOTH,685.5,45.5,570.5,20377,-0.0004441568255424502,-0.08482770515170265,1.946
2026-07-29T08:16:41.212137+00:00,1,RIGHT,286.49,-353.51,570.5,11593,0.029997112394776194,5.729026459334152,-2.054
2026-07-29T08:16:41.262594+00:00,1,BOTH,686.0,46.0,570.5,20259,-0.02658780699595809,-5.077897091256008,-0.37
2026-07-29T08:16:41.362517+00:00,1,BOTH,686.0,46.0,570.5,20240,0.029797441866248844,5.690892197408274,0.64
2026-07-29T08:16:41.395760+00:00,1,BOTH,685.5,45.5,570.5,20199,-0.0013362085819244385,-0.2551970409781034,1.237
2026-07-29T08:16:41.479097+00:00,1,BOTH,686.0,46.0,570.5,20260,0.004377352427691221,0.8360127318268394,1.605
2026-07-29T08:16:41.545829+00:00,1,BOTH,686.0,46.0,570.5,20056,0.001630801793653518,0.31146019999570385,1.825
2026-07-29T08:16:41.595773+00:00,1,BOTH,686.5,46.5,570.5,19800,0.01087498095119372,2.076968369295219,1.967
2026-07-29T08:16:41.629153+00:00,1,BOTH,686.0,46.0,570.5,20153,0.001706184041686356,0.3258571488706704,2.043
2026-07-29T08:16:41.729167+00:00,1,BOTH,686.5,46.5,570.5,20015,0.021821850184351205,4.167666389100338,2.098
2026-07-29T08:16:41.812493+00:00,1,BOTH,686.0,46.0,570.5,20069,-0.018255933076143264,-3.4866263877876373,2.121
2026-07-29T08:16:41.878996+00:00,1,BOTH,686.5,46.5,571.5,20036,-0.009246633565053343,-1.765976926605209,2.144
2026-07-29T08:16:41.962501+00:00,1,BOTH,686.5,46.5,571.5,19891,0.012710956985829398,2.4276139628678486,2.159
2026-07-29T08:16:42.046016+00:00,1,BOTH,686.5,46.5,571.5,19993,0.018025100517552347,3.4425406165160846,2.167
2026-07-29T08:16:42.095918+00:00,1,BOTH,686.5,46.5,571.5,19911,0.014564754612511024,2.781663229801935,2.172
2026-07-29T08:16:42.195855+00:00,1,BOTH,686.5,46.5,571.5,19904,0.007745431252405979,1.4792684042386335,2.175
2026-07-29T08:16:42.212574+00:00,1,BOTH,686.0,46.0,571.5,19904,0.00852453789790161,1.628066812830283,2.168
2026-07-29T08:16:42.295925+00:00,1,BOTH,686.5,46.5,571.5,19999,-0.0014321510528679936,-0.2735207031818442,2.172
2026-07-29T08:16:42.345864+00:00,1,BOTH,686.5,46.5,571.5,20061,0.006299641898367554,1.203142977400809,2.175
2026-07-29T08:16:42.395879+00:00,1,BOTH,686.5,46.5,571.5,19693,0.0014432955230586231,0.275649140204619,2.177
2026-07-29T08:16:42.429255+00:00,1,BOTH,686.5,46.5,571.5,19950,0.0014432955230586231,0.275649140204619,2.178
2026-07-29T08:16:42.462392+00:00,1,BOTH,686.5,46.5,571.5,19878,0.00711420452571474,1.3587129797210804,2.179
2026-07-29T08:16:42.562434+00:00,1,BOTH,686.5,46.5,571.5,19908,0.00839661150064785,1.6036346706604347,2.179
2026-07-29T08:16:42.629941+00:00,1,BOTH,686.5,46.5,571.5,19826,0.00859852222725749,1.6421967789042755,2.179
2026-07-29T08:16:42.645800+00:00,1,BOTH,686.5,46.5,571.5,19912,0.0008187442563939839,0.1563686346398408,2.179
2026-07-29T08:16:42.695819+00:00,1,BOTH,686.0,46.0,571.5,19974,0.009350495722028427,1.7858131374245343,2.17
2026-07-29T08:16:42.795938+00:00,1,BOTH,687.0,47.0,571.5,20001,-0.004088627577293664,-0.7808703472657526,2.183
2026-07-29T08:16:42.862503+00:00,1,BOTH,686.25,46.25,571.5,19970,0.00773240266717039,1.476780127748548,2.177
2026-07-29T08:16:42.929349+00:00,1,BOTH,686.0,46.0,571.5,19893,-0.0029550326167372986,-0.5643696575418232,2.169
2026-07-29T08:16:42.995877+00:00,1,BOTH,686.5,46.5,571.5,19825,-0.003910521413345123,-0.7468545756006975,2.173
2026-07-29T08:16:43.012614+00:00,1,BOTH,686.5,46.5,571.5,19862,0.0012510245040175505,0.23892808049217582,2.176
2026-07-29T08:16:43.112541+00:00,1,BOTH,686.5,46.5,571.5,19956,0.002128543605504092,0.40652188368314573,2.177
2026-07-29T08:16:43.195827+00:00,1,BOTH,686.5,46.5,571.5,19898,0.0023881107685156167,0.4560955601522945,2.178
2026-07-29T08:16:43.229091+00:00,1,BOTH,686.5,46.5,571.5,19909,0.0028280872968025504,0.5401248873378264,2.179
2026-07-29T08:16:43.262676+00:00,1,BOTH,686.5,46.5,571.5,19932,-0.00016602493968093768,-0.031708427792105996,2.179
2026-07-29T08:16:43.345846+00:00,1,BOTH,686.5,46.5,571.5,19726,-0.004617746750882361,-0.8819246656193601,2.179
2026-07-29T08:16:43.362583+00:00,1,BOTH,686.5,46.5,571.5,19820,-0.0012520178499107716,-0.2391177955831032,2.18
2026-07-29T08:16:43.429235+00:00,1,BOTH,686.5,46.5,571.5,19869,-7.698472472839057e-05,-0.014702999379710677,2.18
2026-07-29T08:16:43.479350+00:00,1,BOTH,686.0,46.0,571.5,19900,-0.013284348371089437,-2.5371236508163824,2.17
2026-07-29T08:16:43.562580+00:00,1,BOTH,686.5,46.5,571.5,19888,4.2743186932057135e-05,0.008163347380485356,2.174
2026-07-29T08:16:43.612784+00:00,1,BOTH,687.0,47.0,571.5,19990,0.004408781278325478,0.8420152001478061,2.186
2026-07-29T08:16:43.712587+00:00,1,BOTH,686.5,46.5,571.5,19752,6.638138147536665e-06,0.001267790998928805,2.183
2026-07-29T08:16:43.779216+00:00,1,BOTH,687.0,47.0,571.5,19912,-0.008101586524862796,-1.5472890507823254,2.191
2026-07-29T08:16:43.863805+00:00,1,BOTH,687.0,47.0,571.5,19891,0.0016755759081570432,0.32001142597066207,2.196
2026-07-29T08:16:43.962591+00:00,1,BOTH,686.5,46.5,572.3,20109,0.004665668969973922,0.8910771352821858,2.189
2026-07-29T08:16:44.029285+00:00,1,BOTH,685.5,45.5,572.3,20226,-6.305966526269917e-05,-0.012043508923534627,2.167
2026-07-29T08:16:44.096026+00:00,1,BOTH,686.5,46.5,572.3,20096,0.031385829956270754,5.994251976698611,2.172
2026-07-29T08:16:44.112508+00:00,1,BOTH,687.0,47.0,572.3,19661,-0.004295417386456392,-0.820364291636886,2.184
2026-07-29T08:16:44.179072+00:00,1,BOTH,688.0,48.0,572.8,19810,0.008388235578313469,1.6020349873294704,2.211
2026-07-29T08:16:44.195958+00:00,1,BOTH,688.0,48.0,573.3,19582,-0.01167218884686008,-2.229223862015846,2.226
2026-07-29T08:16:44.279339+00:00,1,BOTH,686.0,46.0,573.3,20171,-0.024961161017417906,-4.76723059348174,2.198
2026-07-29T08:16:44.345968+00:00,1,BOTH,687.0,47.0,573.6,20227,-0.0011834724037908017,-0.22602657969138434,2.2
2026-07-29T08:16:44.412703+00:00,1,BOTH,688.0,48.0,573.9,19930,0.07659148264676333,14.627895674363408,2.22
2026-07-29T08:16:44.495940+00:00,1,BOTH,681.5,41.5,573.9,20765,0.08450326720252634,16.138935219236767,2.11
2026-07-29T08:16:44.579702+00:00,1,BOTH,680.5,40.5,573.9,20370,-0.003691593315452337,-0.7050423888470856,2.026
2026-07-29T08:16:44.629280+00:00,1,BOTH,679.5,39.5,573.9,19997,0.032686699107289316,6.242699683539045,1.956
2026-07-29T08:16:44.696095+00:00,1,BOTH,675.5,35.5,573.9,18401,0.032686699107289316,6.242699683539045,1.839
2026-07-29T08:16:44.746281+00:00,1,BOTH,673.0,33.0,573.9,17216,0.032686699107289316,6.242699683539045,1.722
2026-07-29T08:16:44.762439+00:00,1,BOTH,672.0,32.0,573.9,16788,0.0034374197758734225,0.6564988185745082,1.633
2026-07-29T08:16:44.845986+00:00,1,BOTH,672.0,32.0,573.9,14918,-0.005124004567041993,-0.9786127863242162,1.58
2026-07-29T08:16:44.912522+00:00,1,BOTH,670.0,30.0,573.9,15036,-0.04976000128313899,-9.50346020696475,1.511
2026-07-29T08:16:44.962583+00:00,1,BOTH,667.5,27.5,573.9,14886,0.03538631666451693,6.758288657967576,1.422
2026-07-29T08:16:45.012555+00:00,1,BOTH,664.0,24.0,573.9,13951,-0.0008084780594799667,-0.15440793545709608,1.303
2026-07-29T08:16:45.096045+00:00,1,BOTH,662.0,22.0,573.9,13392,0.023472332023084165,4.48288520084164,1.194
2026-07-29T08:16:45.112543+00:00,1,BOTH,663.5,23.5,573.9,13297,0.028983197901397945,5.535383055141756,1.157
2026-07-29T08:16:45.196042+00:00,1,BOTH,663.5,23.5,573.9,12801,0.006670687068253756,1.2740073848781224,1.135
2026-07-29T08:16:45.246217+00:00,1,BOTH,661.5,21.5,573.9,13630,-0.022027174287941306,-4.20688040432707,1.084
2026-07-29T08:16:45.262469+00:00,1,BOTH,661.5,21.5,573.9,13653,0.031225029835477473,5.9635414158097815,1.054
2026-07-29T08:16:45.329316+00:00,1,BOTH,658.5,18.5,573.9,15050,0.031225029835477473,5.9635414158097815,0.979
2026-07-29T08:16:45.362695+00:00,1,BOTH,661.0,21.0,573.9,13540,-0.05087067980319262,-9.71558417894778,0.981
2026-07-29T08:16:45.445942+00:00,1,BOTH,671.0,31.0,573.9,12878,0.026259646727703513,5.015223096673115,1.17
2026-07-29T08:16:45.512832+00:00,1,BOTH,669.5,29.5,573.9,12786,-0.02502210922073573,-4.778870842878462,1.255
2026-07-29T08:16:45.563510+00:00,1,BOTH,670.5,30.5,573.9,12720,-0.002683490845374763,-0.512508999339891,1.325
2026-07-29T08:16:45.595832+00:00,1,BOTH,670.5,30.5,573.9,12439,-0.007706680642440915,-1.4718675828901144,1.367
2026-07-29T08:16:45.662641+00:00,1,BOTH,670.5,30.5,573.9,12514,0.029414817495271563,5.61781632542212,1.392
2026-07-29T08:16:45.729300+00:00,1,BOTH,670.5,30.5,573.9,12647,0.02909906330984086,5.557511718126218,1.407
2026-07-29T08:16:45.795913+00:00,1,BOTH,670.5,30.5,573.9,12623,0.006649374510161578,1.2699369861137586,1.416
2026-07-29T08:16:45.862708+00:00,1,BOTH,670.5,30.5,573.9,12734,0.009026183236856014,1.7238740152786063,1.422
2026-07-29T08:16:45.929321+00:00,1,BOTH,670.5,30.5,573.9,12473,-0.013550109714851715,-2.5878803286673953,1.425
2026-07-29T08:16:45.979264+00:00,1,BOTH,671.0,31.0,573.9,12870,0.007281277198344469,1.390621509766595,1.436
2026-07-29T08:16:45.996087+00:00,1,BOTH,670.0,30.0,573.9,12916,0.006453089723363519,1.2324493532265786,1.424
2026-07-29T08:16:46.095914+00:00,1,BOTH,670.5,30.5,573.9,12629,0.0035733256093226375,0.6824549208006679,1.426
2026-07-29T08:16:46.112655+00:00,1,BOTH,670.5,30.5,573.9,12757,-0.001706831224146299,-0.3259807516157691,1.428
2026-07-29T08:16:46.212699+00:00,1,BOTH,670.5,30.5,573.9,12687,-0.01001032865140587,-1.911831944214805,1.428
2026-07-29T08:16:46.279297+00:00,1,BOTH,671.0,31.0,573.9,12589,-0.005300776485819369,-1.0123737359321263,1.438
2026-07-29T08:16:46.329153+00:00,1,BOTH,670.5,30.5,573.9,12617,0.0018015507352538407,0.3440708456957847,1.435
2026-07-29T08:16:46.379163+00:00,1,BOTH,671.0,31.0,573.9,12467,0.0057003761766827666,1.0886916552028099,1.442
2026-07-29T08:16:46.429190+00:00,1,BOTH,670.5,30.5,573.9,12584,6.340135587379347e-06,0.0012108767023251124,1.437
2026-07-29T08:16:46.479330+00:00,1,BOTH,671.0,31.0,573.9,12563,0.004108605378132779,0.7846858261725331,1.444
2026-07-29T08:16:46.512672+00:00,1,BOTH,670.5,30.5,573.9,12513,-0.001440877007553354,-0.2751872377674894,1.438
2026-07-29T08:16:46.546093+00:00,1,BOTH,670.5,30.5,573.9,12766,0.0,0.0,1.435
2026-07-29T08:16:46.647764+00:00,1,RIGHT,304.1,-335.9,573.9,9112,-0.0011217004799982534,-0.21422901127232843,-2.565
2026-07-29T08:16:46.729291+00:00,1,BOTH,670.5,30.5,573.9,12697,-0.011503610804211348,-2.1970278274746833,-0.967
2026-07-29T08:16:46.796128+00:00,1,BOTH,670.5,30.5,573.9,12775,0.01147079028422013,2.190759569884945,-0.009
2026-07-29T08:16:46.862669+00:00,1,BOTH,670.5,30.5,573.9,12841,-0.0014034737093606964,-0.2680437340131275,0.567
2026-07-29T08:16:46.912750+00:00,1,BOTH,670.5,30.5,573.9,12616,-0.005961489900946617,-1.1385607031136813,0.912
2026-07-29T08:16:46.962661+00:00,1,BOTH,670.5,30.5,573.9,12710,0.01554529814980924,2.968933250855323,1.119
2026-07-29T08:16:47.046004+00:00,1,BOTH,670.5,30.5,573.9,13507,-0.08894681867212056,-16.987591036759778,1.243
2026-07-29T08:16:47.079441+00:00,1,BOTH,670.5,30.5,573.9,12787,-0.0658417395700235,-12.57484597720618,1.318
2026-07-29T08:16:47.162610+00:00,1,BOTH,671.0,31.0,573.9,12883,0.10660093394457362,20.35927869058981,1.372
2026-07-29T08:16:47.179422+00:00,1,BOTH,671.0,31.0,573.9,12650,-0.010589289870113134,-2.0224053919937277,1.404
2026-07-29T08:16:47.279400+00:00,1,BOTH,671.5,31.5,573.9,12139,0.07293454603292047,13.929472227963215,1.433
2026-07-29T08:16:47.345908+00:00,1,BOTH,671.5,31.5,573.9,12220,0.007397931953892112,1.412900926943296,1.451
2026-07-29T08:16:47.362679+00:00,1,BOTH,671.5,31.5,573.9,12405,-0.007632995969615876,-1.4577948469978577,1.461
2026-07-29T08:16:47.446012+00:00,1,BOTH,674.0,34.0,573.9,12898,-0.019197765681892635,-3.6665031655117963,1.514
2026-07-29T08:16:47.479564+00:00,1,BOTH,674.5,34.5,573.9,12179,-0.0018607987754512578,-0.3553863878548962,1.555
2026-07-29T08:16:47.546053+00:00,1,LEFT,653.9,13.9,573.9,11855,0.03409650958608836,6.511953651367389,1.194
2026-07-29T08:16:47.596040+00:00,1,BOTH,681.0,41.0,573.9,11812,-0.022707654610276223,-4.336842572698713,1.485
2026-07-29T08:16:47.612654+00:00,1,BOTH,681.5,41.5,573.9,11953,-0.022707654610276223,-4.336842572698713,1.669
2026-07-29T08:16:47.712643+00:00,1,BOTH,685.5,45.5,573.9,11819,-0.022707654610276223,-4.336842572698713,1.855
2026-07-29T08:16:47.779387+00:00,1,BOTH,687.0,47.0,573.9,12144,-0.022707654610276223,-4.336842572698713,1.994
2026-07-29T08:16:47.812665+00:00,1,BOTH,686.5,46.5,573.9,12727,-0.022707654610276223,-4.336842572698713,2.068
2026-07-29T08:16:47.879411+00:00,1,BOTH,686.5,46.5,573.9,13229,0.05080400090664625,9.702849447765459,2.113
2026-07-29T08:16:47.945997+00:00,1,BOTH,687.0,47.0,573.9,13612,-0.029380472404882313,-5.611256896334455,2.149
2026-07-29T08:16:47.996075+00:00,1,BOTH,690.0,50.0,573.9,13656,-0.00893233929760754,-1.705951143105874,2.227
2026-07-29T08:16:48.112728+00:00,1,BOTH,694.5,54.5,573.9,14688,-0.011245373645797372,-2.1477081631727764,2.358
2026-07-29T08:16:48.162858+00:00,1,BOTH,696.5,56.5,573.8,15147,-0.010746149225160479,-2.0523633220649176,2.474
2026-07-29T08:16:48.246088+00:00,1,BOTH,697.5,57.5,573.2,16478,0.008156630359590054,1.557801648842617,2.563
2026-07-29T08:16:48.295980+00:00,1,BOTH,698.5,58.5,572.2,17449,-0.05257201116532087,-10.040514534291756,2.634
2026-07-29T08:16:48.379412+00:00,1,BOTH,698.5,58.5,570.7,19807,0.03336565270088613,6.3723702682001715,2.678
2026-07-29T08:16:48.446091+00:00,1,BOTH,698.5,58.5,568.8,21349,0.018979510394856333,3.624819476166475,2.703
2026-07-29T08:16:48.512721+00:00,1,BOTH,699.0,59.0,566.7,22185,-0.008224754012189806,-1.5708123081058878,2.728
2026-07-29T08:16:48.562789+00:00,1,BOTH,699.5,59.5,564.4,22676,-0.012050622068345547,-2.3014992834113683,2.753
2026-07-29T08:16:48.579391+00:00,1,BOTH,700.0,60.0,562.4,22926,0.0022320365021005276,0.42628757096501113,2.777
2026-07-29T08:16:48.662846+00:00,1,BOTH,702.0,62.0,559.9,23159,-0.0014227514993399382,-0.27172552069362793,2.828
2026-07-29T08:16:48.729352+00:00,1,BOTH,703.0,63.0,557.5,23260,0.04022848676657304,7.683075026408398,2.878
2026-07-29T08:16:48.762695+00:00,1,BOTH,703.5,63.5,555.5,23354,-0.05324338231235742,-10.168736978331927,2.918
2026-07-29T08:16:48.846179+00:00,1,BOTH,705.0,65.0,553.0,23755,-0.010202327882871032,-1.9485010963238354,2.969
2026-07-29T08:16:48.929418+00:00,1,BOTH,706.5,66.5,550.5,23719,-0.007893973439931869,-1.507637872321548,3.028
2026-07-29T08:16:48.979645+00:00,1,BOTH,710.0,70.0,547.8,23709,0.0041007759422063824,0.7831905140573644,3.13
2026-07-29T08:16:49.046146+00:00,1,BOTH,710.5,70.5,544.9,23699,0.0194626793731004,3.7170979536499194,3.2
2026-07-29T08:16:49.112770+00:00,1,BOTH,709.5,69.5,542.5,23479,0.008555608009919525,1.634000767122367,3.223
2026-07-29T08:16:49.179307+00:00,1,BOTH,708.5,68.5,540.1,23336,0.04002462901175022,7.644141063167194,3.218
2026-07-29T08:16:49.212799+00:00,1,BOTH,708.5,68.5,538.0,23295,-0.012074966025538742,-2.3061486367574258,3.215
2026-07-29T08:16:49.296100+00:00,1,BOTH,708.0,68.0,534.8,22310,-0.01972963400185108,-3.768082532146239,3.204
2026-07-29T08:16:49.346138+00:00,1,BOTH,707.0,67.0,531.4,22075,-0.018685623705387115,-3.5686912529609485,3.179
2026-07-29T08:16:49.396232+00:00,1,BOTH,705.5,65.5,528.2,21832,-0.005828322805464268,-1.1131276613098335,3.135
2026-07-29T08:16:49.462794+00:00,1,BOTH,706.0,66.0,525.0,21442,0.00015867139911279098,0.030304004995329193,3.119
2026-07-29T08:16:49.497427+00:00,1,BOTH,705.0,65.0,522.4,21501,-0.04886478826403618,-9.332487114432231,3.09
2026-07-29T08:16:49.579541+00:00,1,BOTH,704.5,64.5,519.6,21016,-0.044428979661315676,-8.485310075553206,3.063
2026-07-29T08:16:49.645973+00:00,1,BOTH,703.5,63.5,516.4,20397,-0.05921609151177108,-11.309440409616473,3.029
2026-07-29T08:16:49.712765+00:00,1,BOTH,704.5,64.5,513.0,20328,-0.056631907876580956,-10.815897690339241,3.027
2026-07-29T08:16:49.779171+00:00,1,RIGHT,305.99,-334.01,513.0,9190,-0.03291662093357445,-6.286611517752639,-0.973
2026-07-29T08:16:49.829631+00:00,1,BOTH,704.0,64.0,509.6,19803,0.012196695564780384,2.3293972662261533,0.616
2026-07-29T08:16:49.896212+00:00,1,BOTH,705.5,65.5,507.0,19999,-0.0645272222161293,-12.323791655623372,1.598
2026-07-29T08:16:49.962665+00:00,1,BOTH,707.0,67.0,505.8,20496,0.03279807973653078,6.263971816789203,2.215
2026-07-29T08:16:50.012746+00:00,1,BOTH,709.0,69.0,507.6,21894,0.011647848598659038,2.2245752170351105,2.623
2026-07-29T08:16:50.062820+00:00,1,BOTH,704.5,64.5,509.8,21823,0.07888117958791555,15.065195578003529,2.783
2026-07-29T08:16:50.129460+00:00,1,BOTH,704.0,64.0,513.2,22707,0.04880373787949793,9.320827349859925,2.87
2026-07-29T08:16:50.213067+00:00,1,BOTH,702.5,62.5,516.3,22798,0.003346382118470501,0.6391119067546905,2.894
2026-07-29T08:16:50.229375+00:00,1,BOTH,702.5,62.5,518.9,22912,-0.02456461205147207,-4.691495319751828,2.908
2026-07-29T08:16:50.312898+00:00,1,BOTH,700.0,60.0,520.9,23061,0.010957396007142961,2.092708485542639,2.87
2026-07-29T08:16:50.379534+00:00,1,BOTH,699.5,59.5,522.9,23325,-0.0579376157745719,-11.065269529778506,2.838
2026-07-29T08:16:50.396084+00:00,1,BOTH,700.0,60.0,524.3,23206,0.026412996649742126,5.044510774411356,2.828
2026-07-29T08:16:50.479602+00:00,1,BOTH,699.0,59.0,525.6,23225,-0.023141979174688458,-4.419792454297642,2.803
2026-07-29T08:16:50.512882+00:00,1,BOTH,699.0,59.0,526.5,23230,0.03240001894533634,6.187947805705603,2.788
2026-07-29T08:16:50.579551+00:00,1,BOTH,696.5,56.5,527.5,23468,0.020267706969752906,3.870846899249081,2.732
2026-07-29T08:16:50.596092+00:00,1,BOTH,696.5,56.5,528.1,23453,0.02503078036941588,4.780526910288138,2.699
2026-07-29T08:16:50.679456+00:00,1,BOTH,692.0,52.0,528.5,23274,0.013289544777944685,2.5381160914211773,2.594
2026-07-29T08:16:50.729459+00:00,1,BOTH,689.5,49.5,528.5,23357,-0.08943870031274855,-17.081533510186294,2.485
2026-07-29T08:16:50.779447+00:00,1,BOTH,688.0,48.0,528.2,23008,-0.08943870031274855,-17.081533510186294,2.391
2026-07-29T08:16:50.796078+00:00,1,BOTH,687.0,47.0,528.0,23058,-0.08943870031274855,-17.081533510186294,2.316
2026-07-29T08:16:50.879718+00:00,1,BOTH,684.0,44.0,527.4,22521,-0.08943870031274855,-17.081533510186294,2.214
2026-07-29T08:16:50.946203+00:00,1,BOTH,683.5,43.5,526.8,22608,-0.08943870031274855,-17.081533510186294,2.144
2026-07-29T08:16:51.029537+00:00,1,BOTH,685.0,45.0,526.2,22607,-0.012592931003309786,-2.4050726606303203,2.13
2026-07-29T08:16:51.062705+00:00,1,BOTH,686.0,46.0,525.8,22632,-0.012642524233087897,-2.4145442698260142,2.141
2026-07-29T08:16:51.114849+00:00,1,BOTH,722.5,82.5,525.1,22232,-0.03546041529625654,-6.772440454188821,2.831
2026-07-29T08:16:51.196316+00:00,1,BOTH,686.5,46.5,524.8,22696,0.019073647111654282,3.642798264732278,2.571
2026-07-29T08:16:51.262882+00:00,1,BOTH,687.5,47.5,524.9,22958,-0.015954068643040956,-3.0470026643608503,2.433
2026-07-29T08:16:51.329387+00:00,1,BOTH,687.0,47.0,525.0,22932,8.227065758546816e-05,0.01571253819137759,2.341
2026-07-29T08:16:51.396148+00:00,1,BOTH,687.0,47.0,524.8,22694,0.023377506816759704,4.464774920462143,2.286
2026-07-29T08:16:51.462845+00:00,1,BOTH,687.5,47.5,524.9,23048,-0.023848437153501437,-4.554715989595397,2.262
2026-07-29T08:16:51.496276+00:00,1,BOTH,686.5,46.5,524.8,22834,-0.0035042031109333038,-0.6692534960436392,2.229
2026-07-29T08:16:51.562887+00:00,1,BOTH,687.0,47.0,525.1,22988,-0.02153765222290531,-4.113388576643434,2.219
2026-07-29T08:16:51.579549+00:00,1,BOTH,687.0,47.0,525.1,22940,0.017168651898246026,3.278970978995889,2.213
2026-07-29T08:16:51.679471+00:00,1,BOTH,687.5,47.5,525.1,23056,0.017168651898246026,3.278970978995889,2.218
2026-07-29T08:16:51.746040+00:00,1,BOTH,687.0,47.0,525.3,23089,-0.03217999278451316,-6.145925904380154,2.212
2026-07-29T08:16:51.812833+00:00,1,BOTH,687.0,47.0,525.2,22877,0.006530895973555744,1.2473092524124234,2.209
2026-07-29T08:16:51.862872+00:00,1,BOTH,687.0,47.0,525.4,23109,-0.014946504964027553,-2.8545721763670437,2.206
2026-07-29T08:16:51.896181+00:00,1,BOTH,687.5,47.5,525.4,22956,0.0031064743176102637,0.5932928918828352,2.214
2026-07-29T08:16:51.979578+00:00,1,BOTH,687.5,47.5,525.4,22940,-0.00694181201979518,-1.3257884363581642,2.219
2026-07-29T08:16:52.046607+00:00,1,BOTH,687.5,47.5,525.4,23118,0.014470823989249766,2.7637238022022568,2.222
2026-07-29T08:16:52.096330+00:00,1,BOTH,687.0,47.0,525.6,23010,-0.0031333319237455727,-0.5984223168140946,2.215
2026-07-29T08:16:52.112848+00:00,1,BOTH,687.0,47.0,525.4,22983,0.005596819762140512,1.0689138368868822,2.21
2026-07-29T08:16:52.246179+00:00,1,BOTH,687.5,47.5,525.5,23063,-0.0010562121437396855,-0.2017216603558301,2.217
2026-07-29T08:16:52.262846+00:00,1,BOTH,687.5,47.5,525.5,23024,0.006835546596848871,1.3054932355481772,2.221
2026-07-29T08:16:52.346200+00:00,1,BOTH,687.5,47.5,525.5,22976,0.00602733104446088,1.1511354352526224,2.223
2026-07-29T08:16:52.412847+00:00,1,BOTH,687.5,47.5,525.5,23064,-0.004916792877193075,-0.9390382686771601,2.224
2026-07-29T08:16:52.512976+00:00,1,BOTH,687.5,47.5,525.5,23009,-0.013868196548428387,-2.6486304389428073,2.225
2026-07-29T08:16:52.563022+00:00,1,BOTH,687.5,47.5,525.5,23082,-0.024786760904826222,-4.733922625488041,2.226
2026-07-29T08:16:52.629453+00:00,1,BOTH,687.5,47.5,525.5,23043,-0.009146216727094725,-1.7467987232482827,2.226
2026-07-29T08:16:52.712954+00:00,1,BOTH,687.5,47.5,525.5,23064,-2.997100062202663e-05,-0.0057240394780869695,2.226
2026-07-29T08:16:52.762966+00:00,1,BOTH,687.5,47.5,525.5,23031,0.0042391719119041224,0.8096221972750342,2.226
2026-07-29T08:16:52.779487+00:00,1,BOTH,687.5,47.5,525.5,23095,0.0,0.0,2.226
2026-07-29T08:16:52.862504+00:00,1,RIGHT,285.51,-354.49,525.5,11861,-9.703285322757437e-06,-0.0018531909880174597,-1.774
2026-07-29T08:16:52.946228+00:00,1,BOTH,687.5,47.5,525.5,23082,-0.01938580139540136,-3.7024153414510663,-0.173
2026-07-29T08:16:52.962929+00:00,1,BOTH,687.5,47.5,525.5,23050,0.0019805935624754058,0.37826550686873694,0.787
2026-07-29T08:16:52.996181+00:00,1,BOTH,687.5,47.5,525.5,23112,0.028114628987386824,5.369498611844762,1.363
2026-07-29T08:16:53.096149+00:00,1,BOTH,687.5,47.5,525.7,23167,-0.008954936047375668,-1.710266804413964,1.708
2026-07-29T08:16:53.196192+00:00,1,BOTH,687.5,47.5,525.7,23055,-0.012908512880094349,-2.465344359398897,1.916
2026-07-29T08:16:53.246197+00:00,1,BOTH,687.5,47.5,525.6,23055,0.005995269597042352,1.145012149845415,2.04
2026-07-29T08:16:53.312923+00:00,1,BOTH,687.5,47.5,525.8,23099,-0.02074211207102053,-3.9614515995227855,2.115
2026-07-29T08:16:53.363545+00:00,1,BOTH,687.5,47.5,525.7,23048,-0.004389188926434144,-0.8382733365674441,2.159
2026-07-29T08:16:53.446326+00:00,1,BOTH,687.0,47.0,525.8,23117,0.012055963850580156,2.3025194886684384,2.177
2026-07-29T08:16:53.496299+00:00,1,BOTH,687.5,47.5,525.7,23073,-0.008356575463767512,-1.595988350854857,2.197
2026-07-29T08:16:53.529504+00:00,1,BOTH,687.0,47.0,525.8,23090,0.0023325686383759603,0.4454877946783989,2.199
2026-07-29T08:16:53.613009+00:00,1,BOTH,687.5,47.5,525.7,23193,0.0021190438797930255,0.4047075697172257,2.21
2026-07-29T08:16:53.662937+00:00,1,BOTH,687.5,47.5,525.7,23053,1.396987354382869e-06,0.00026680493146428357,2.217
2026-07-29T08:16:53.713057+00:00,1,BOTH,687.5,47.5,525.8,23210,-2.8169760480523126e-06,-0.0005380027951427976,2.221
2026-07-29T08:16:53.779615+00:00,1,BOTH,687.5,47.5,525.8,23067,-5.601083510555327e-05,-0.010697281528504639,2.223
2026-07-29T08:16:53.846367+00:00,1,BOTH,687.5,47.5,525.7,23088,3.93998745130375e-05,0.00752482174314036,2.224
2026-07-29T08:16:53.879715+00:00,1,BOTH,687.5,47.5,525.7,23104,-1.1708371457643809e-05,-0.0022361342316480864,2.225
2026-07-29T08:16:53.979665+00:00,1,BOTH,687.0,47.0,525.7,23098,-0.005481281172542367,-1.0468475917039894,2.216
2026-07-29T08:16:54.046201+00:00,1,BOTH,687.0,47.0,525.8,23196,-0.0014282562155858614,-0.27277684405465624,2.211
2026-07-29T08:16:54.096298+00:00,1,BOTH,687.0,47.0,525.8,23060,-8.341308217495679e-05,-0.015930725216009804,2.208
2026-07-29T08:16:54.162900+00:00,1,BOTH,687.0,47.0,525.9,23089,0.005548536877213337,1.0596924851234055,2.206
2026-07-29T08:16:54.212802+00:00,1,BOTH,687.5,47.5,525.8,23140,0.004881548243574798,0.9323070394877863,2.214
2026-07-29T08:16:54.279696+00:00,1,BOTH,687.0,47.0,525.8,23099,7.716589389019646e-06,0.001473760014087534,2.21
2026-07-29T08:16:54.379617+00:00,1,BOTH,687.5,47.5,525.8,23093,0.0001255461189430207,0.02397754249894174,2.216
2026-07-29T08:16:54.429729+00:00,1,BOTH,687.5,47.5,525.7,23100,0.0001255461189430207,0.02397754249894174,2.221
2026-07-29T08:16:54.446154+00:00,1,BOTH,687.0,47.0,525.8,23158,0.012582392141921446,2.4030598863689026,2.214
2026-07-29T08:16:54.562942+00:00,1,BOTH,687.5,47.5,525.9,23112,-0.002155151404440403,-0.4116035989537568,2.219
2026-07-29T08:16:54.646406+00:00,1,BOTH,687.0,47.0,525.9,23142,-0.002155151404440403,-0.4116035989537568,2.213
2026-07-29T08:16:54.712919+00:00,1,BOTH,687.5,47.5,525.8,23086,0.008119399428833276,1.550691064843593,2.218
2026-07-29T08:16:54.796234+00:00,1,BOTH,687.0,47.0,525.9,23081,0.0099517516263586,1.9006445565093357,2.212
2026-07-29T08:16:54.846230+00:00,1,BOTH,688.0,48.0,525.9,23056,0.0012080594542203471,0.2307223604256786,2.227
2026-07-29T08:16:54.896198+00:00,1,BOTH,687.0,47.0,525.9,23079,0.003137519651791081,0.5992221139566154,2.218
2026-07-29T08:16:54.979642+00:00,1,BOTH,687.5,47.5,525.8,23038,0.003137519651791081,0.5992221139566154,2.221
2026-07-29T08:16:54.996284+00:00,1,BOTH,687.5,47.5,525.8,23074,0.003137519651791081,0.5992221139566154,2.223
2026-07-29T08:16:55.029636+00:00,1,BOTH,687.5,47.5,525.9,23109,0.003137519651791081,0.5992221139566154,2.225
2026-07-29T08:16:55.063026+00:00,1,BOTH,687.0,47.0,525.9,23098,0.00012379372492432594,0.023642859894557812,2.216
2026-07-29T08:16:55.113032+00:00,1,BOTH,687.5,47.5,526.0,23093,-0.019646439554635436,-3.752193563131638,2.22
2026-07-29T08:16:55.213012+00:00,1,BOTH,687.5,47.5,525.9,23107,-0.017094678658468185,-3.26484313087529,2.223
2026-07-29T08:16:55.246243+00:00,1,BOTH,687.5,47.5,526.0,23108,-0.0073362713441019875,-1.4011246179327053,2.224
2026-07-29T08:16:55.346281+00:00,1,BOTH,687.0,47.0,526.0,23099,0.0014129457878880203,0.26985276775590133,2.216
2026-07-29T08:16:55.413105+00:00,1,BOTH,687.0,47.0,526.0,23077,-0.021513698714261408,-4.108813793477347,2.211
2026-07-29T08:16:55.463277+00:00,1,BOTH,687.5,47.5,526.1,23046,0.017329096222529188,3.309613587756734,2.217
2026-07-29T08:16:55.496290+00:00,1,BOTH,687.0,47.0,526.1,23154,-0.006831624863552861,-1.3047442396607194,2.211
2026-07-29T08:16:55.579670+00:00,1,BOTH,687.0,47.0,526.1,23057,0.008072952162474395,1.5418202904026468,2.208
2026-07-29T08:16:55.663152+00:00,1,BOTH,687.5,47.5,526.2,23085,2.1760077215731146e-05,0.0041558686211339265,2.216
2026-07-29T08:16:55.729558+00:00,1,BOTH,687.5,47.5,526.2,23206,0.018169046555631212,3.4700322847145793,2.22
2026-07-29T08:16:55.762914+00:00,1,BOTH,687.5,47.5,526.3,23088,-0.012950499390499318,-2.4733631922078527,2.223
2026-07-29T08:16:55.846457+00:00,1,BOTH,687.5,47.5,526.3,23116,0.019565636161569273,3.7367612518215445,2.224
2026-07-29T08:16:55.862869+00:00,1,BOTH,687.5,47.5,526.4,23167,-0.012436745573068038,-2.37524344071603,2.225
2026-07-29T08:16:55.946435+00:00,1,BOTH,687.5,47.5,526.4,23116,0.0019708106329198926,0.37639710495272133,2.226
2026-07-29T08:16:56.013021+00:00,1,BOTH,687.5,47.5,526.4,23133,-0.0057885624456685035,-1.1055339919491038,2.226
2026-07-29T08:16:56.079769+00:00,1,BOTH,687.5,47.5,526.4,23118,0.003051647842512466,0.582821806453892,2.226
2026-07-29T08:16:56.146389+00:00,1,BOTH,687.5,47.5,526.4,23110,-0.004824894024059176,-0.921486880588277,2.226
2026-07-29T08:16:56.229727+00:00,1,BOTH,687.5,47.5,526.5,23106,-0.007132005323655904,-1.36211268170106,2.226
2026-07-29T08:16:56.296429+00:00,1,BOTH,687.5,47.5,526.5,23103,0.019654386811889708,3.753711377462886,2.226
2026-07-29T08:16:56.363094+00:00,1,BOTH,687.5,47.5,526.5,23135,0.006494813831523061,1.2404180708982089,2.227
2026-07-29T08:16:56.429770+00:00,1,BOTH,687.5,47.5,526.5,23117,0.007426729276776314,1.4184008104850967,2.227
2026-07-29T08:16:56.446282+00:00,1,BOTH,687.5,47.5,526.5,23100,0.01051283804452396,2.0078041688526276,2.227
2026-07-29T08:16:56.529726+00:00,1,BOTH,687.5,47.5,526.5,23118,0.0001149717697626329,0.0219579905684956,2.227
2026-07-29T08:16:56.596382+00:00,1,BOTH,687.5,47.5,526.5,23133,-6.819746071414556e-05,-0.013024755574765925,2.227
2026-07-29T08:16:56.663092+00:00,1,BOTH,687.5,47.5,526.5,23120,-0.0023014580243761883,-0.43954610507757375,2.227
2026-07-29T08:16:56.746251+00:00,1,BOTH,687.5,47.5,526.5,23069,-6.596208550035954e-05,-0.012597830356838948,2.227
2026-07-29T08:16:56.796237+00:00,1,BOTH,687.0,47.0,526.4,23121,-0.00012683217180892826,-0.024223160503765762,2.217
2026-07-29T08:16:56.879899+00:00,1,BOTH,687.5,47.5,526.4,23137,-6.094136566389352e-05,-0.01163894350101523,2.221
2026-07-29T08:16:56.979722+00:00,1,BOTH,687.5,47.5,526.4,23091,1.3999524526298046e-05,0.0026737122351558704,2.223
2026-07-29T08:16:57.029782+00:00,1,BOTH,687.5,47.5,526.4,23065,9.29470919072628e-05,0.017751586947669092,2.225
2026-07-29T08:16:57.096428+00:00,1,BOTH,687.5,47.5,526.5,23117,0.0004128455900354311,0.07884769966539479,2.225
2026-07-29T08:16:57.163186+00:00,1,BOTH,688.0,48.0,526.4,23083,-0.010069390931166709,-1.9231120087438613,2.235
2026-07-29T08:16:57.246474+00:00,1,BOTH,687.5,47.5,526.4,23087,0.013066099140560254,2.4954411181787157,2.232
2026-07-29T08:16:57.329613+00:00,1,BOTH,687.5,47.5,526.4,23182,0.007983255111612379,1.524689415572101,2.23
2026-07-29T08:16:57.396282+00:00,1,BOTH,687.5,47.5,526.4,23160,-0.0001036536565516144,-0.019796390171686867,2.228
2026-07-29T08:16:57.496288+00:00,1,BOTH,687.5,47.5,526.4,23178,-0.0018184968549758195,-0.3473073161597606,2.228
2026-07-29T08:16:57.564086+00:00,1,BOTH,687.5,47.5,526.3,23072,-0.006867523496039212,-1.3116003734332498,2.227
2026-07-29T08:16:57.629739+00:00,1,BOTH,687.5,47.5,526.3,23114,-0.004638986119534821,-0.8859810862303882,2.227
2026-07-29T08:16:57.713077+00:00,1,BOTH,687.5,47.5,526.3,23134,0.004932365301065147,0.9420123825593553,2.227
2026-07-29T08:16:57.779804+00:00,1,BOTH,688.0,48.0,526.3,23189,-0.01751335191220278,-3.3448038323219635,2.236
2026-07-29T08:16:57.879740+00:00,1,BOTH,688.0,48.0,526.2,23146,-0.010199691171292215,-1.9479975215063037,2.242
2026-07-29T08:16:57.930935+00:00,1,BOTH,687.5,47.5,526.3,23105,-0.010199691171292215,-1.9479975215063037,2.236
2026-07-29T08:16:58.013136+00:00,1,BOTH,687.5,47.5,526.3,23098,0.010965622969379182,2.094279719590469,2.232
2026-07-29T08:16:58.100723+00:00,1,BOTH,687.5,47.5,526.4,23193,-0.0008474508320796304,-0.1618511867433755,2.23
2026-07-29T08:16:58.212963+00:00,1,BOTH,687.5,47.5,526.4,23211,-0.00015794629580341278,-0.030165520464201394,2.229
2026-07-29T08:16:58.313024+00:00,1,BOTH,687.5,47.5,526.4,23238,0.005802338313078508,1.1081649888215208,2.228
2026-07-29T08:16:58.429761+00:00,1,BOTH,688.0,48.0,526.3,23241,-4.3206245172768825e-05,-0.0082517849900238,2.237
2026-07-29T08:16:58.513149+00:00,1,BOTH,687.5,47.5,526.4,23229,2.5945486268028617e-05,0.004955222868575576,2.233
2026-07-29T08:16:58.646523+00:00,1,BOTH,687.5,47.5,526.4,23226,-5.7389735011383885e-05,-0.010960632011754907,2.23
2026-07-29T08:16:58.696532+00:00,1,BOTH,687.5,47.5,526.4,23263,5.179761908948421e-05,0.009892616542179038,2.229
2026-07-29T08:16:58.796322+00:00,1,BOTH,687.5,47.5,526.4,23179,0.0001407009334070608,0.02687189885925278,2.228
2026-07-29T08:16:58.863167+00:00,1,BOTH,687.5,47.5,526.4,23188,7.190625270595775e-05,0.013733082668841781,2.227
2026-07-29T08:16:58.946404+00:00,1,BOTH,687.5,47.5,526.5,23147,-4.149041982600465e-05,-0.00792408648751994,2.227
2026-07-29T08:16:58.963128+00:00,1,BOTH,687.5,47.5,526.5,23105,4.621880070772022e-05,0.008827140715695436,2.227
2026-07-29T08:16:59.063011+00:00,1,BOTH,687.5,47.5,526.5,23184,5.245123815257102e-05,0.010017448587926267,2.227
2026-07-29T08:16:59.146471+00:00,1,BOTH,687.5,47.5,526.5,23132,-3.69675806723535e-05,-0.007060287837784166,2.227
2026-07-29T08:16:59.163136+00:00,1,BOTH,687.5,47.5,526.5,23132,-1.040342089254409e-05,-0.0019869070321366675,2.227
2026-07-29T08:16:59.296490+00:00,1,BOTH,687.5,47.5,526.5,23130,7.549464935436845e-05,0.014418415946084524,2.227
2026-07-29T08:16:59.313085+00:00,1,BOTH,687.5,47.5,526.5,23183,2.855959057342261e-05,0.005454480014929087,2.227
2026-07-29T08:16:59.446447+00:00,1,BOTH,687.5,47.5,526.5,23124,1.4868836151435973e-05,0.00283973852582941,2.227
2026-07-29T08:16:59.496464+00:00,1,BOTH,687.5,47.5,526.5,23100,0.000977418576949276,0.18667319758958803,2.227
2026-07-29T08:16:59.563324+00:00,1,BOTH,687.5,47.5,526.5,23196,-0.008171812834916636,-1.5607012880385327,2.227
2026-07-29T08:16:59.646381+00:00,1,BOTH,687.5,47.5,526.5,23159,4.500424722209573e-05,0.008595178086631482,2.227
2026-07-29T08:16:59.729906+00:00,1,BOTH,687.5,47.5,526.5,23211,3.221280639991164e-06,0.0006152192843289814,2.227
2026-07-29T08:16:59.796454+00:00,1,BOTH,687.5,47.5,526.5,23149,0.0035324959977879188,0.6746570394003412,2.227
2026-07-29T08:16:59.879772+00:00,1,BOTH,687.5,47.5,526.5,23207,-0.016679872578824872,-3.1856210052755256,2.227
2026-07-29T08:16:59.963258+00:00,1,BOTH,688.0,48.0,526.4,23268,-0.016679872578824872,-3.1856210052755256,2.236
2026-07-29T08:17:00.046464+00:00,1,BOTH,688.0,48.0,526.3,23208,-0.016679872578824872,-3.1856210052755256,2.242
2026-07-29T08:17:00.129950+00:00,1,BOTH,687.5,47.5,526.4,23146,3.434310245211236e-05,0.006559049419638089,2.236
2026-07-29T08:17:00.196609+00:00,1,BOTH,687.5,47.5,526.4,23170,0.01025630304691731,1.9588095933184286,2.232
2026-07-29T08:17:00.279893+00:00,1,BOTH,687.5,47.5,526.4,23124,0.01025630304691731,1.9588095933184286,2.23
2026-07-29T08:17:00.346573+00:00,1,BOTH,687.5,47.5,526.4,23114,0.01025630304691731,1.9588095933184286,2.229
2026-07-29T08:17:00.413132+00:00,1,BOTH,687.5,47.5,526.4,23169,0.01025630304691731,1.9588095933184286,2.228
2026-07-29T08:17:00.463029+00:00,1,BOTH,687.5,47.5,526.5,23124,0.01025630304691731,1.9588095933184286,2.227
2026-07-29T08:17:00.496666+00:00,1,BOTH,687.5,47.5,526.5,23138,-1.8859282572520894e-05,-0.003601857653500244,2.227
2026-07-29T08:17:00.579831+00:00,1,BOTH,687.5,47.5,526.5,23152,8.367605216335506e-05,0.01598094878425589,2.227
2026-07-29T08:17:00.663104+00:00,1,BOTH,687.5,47.5,526.5,23165,-2.0717270344903227e-05,-0.003956707179314981,2.227
2026-07-29T08:17:00.679802+00:00,1,BOTH,687.5,47.5,526.5,23179,0.007668383772834204,1.4645534195666898,2.227
2026-07-29T08:17:00.779809+00:00,1,BOTH,687.5,47.5,526.5,23153,-1.1039525270462035e-05,-0.0021083940194183107,2.227
2026-07-29T08:17:00.846521+00:00,1,BOTH,687.5,47.5,526.5,23120,6.0495979269035154e-05,0.011553880965422125,2.227
2026-07-29T08:17:00.863210+00:00,1,BOTH,687.5,47.5,526.5,23088,-2.4586915969848718e-08,-4.695755054383782e-06,2.227
2026-07-29T08:17:00.963235+00:00,1,BOTH,687.5,47.5,526.5,23159,-4.646532470360398e-05,-0.008874223330738236,2.227
2026-07-29T08:17:01.029979+00:00,1,BOTH,687.5,47.5,526.5,23125,-2.0811772701563312e-05,-0.003974755799950523,2.227
2026-07-29T08:17:01.096570+00:00,1,BOTH,688.0,48.0,526.4,23214,-2.3880972003098576e-05,-0.00456092968815876,2.236
2026-07-29T08:17:01.196442+00:00,1,BOTH,687.5,47.5,526.4,23244,-3.174358047544956e-05,-0.006062577292923809,2.232
2026-07-29T08:17:01.263228+00:00,1,BOTH,688.0,48.0,526.3,23236,-5.947484169155359e-05,-0.011358858053782435,2.239
2026-07-29T08:17:01.313110+00:00,1,BOTH,687.5,47.5,526.4,23196,-1.840731594711542e-05,-0.0035155383864452308,2.234
2026-07-29T08:17:01.380171+00:00,1,BOTH,688.0,48.0,526.3,23192,-0.009210979180206778,-1.759167440695731,2.241
2026-07-29T08:17:01.479946+00:00,1,BOTH,688.0,48.0,526.2,23222,-1.311849962803535e-05,-0.0025054488741012198,2.244
2026-07-29T08:17:01.546534+00:00,1,BOTH,687.5,47.5,526.3,23227,-1.607435300684301e-05,-0.0030699752856517635,2.237
2026-07-29T08:17:01.613143+00:00,1,BOTH,687.5,47.5,526.3,23243,-1.7423882309230975e-05,-0.0033277163968386454,2.233
2026-07-29T08:17:01.663238+00:00,1,BOTH,687.5,47.5,526.4,23179,-7.61109658924397e-06,-0.0014536123734336514,2.23
2026-07-29T08:17:01.713238+00:00,1,BOTH,687.5,47.5,526.4,23202,5.0646419695112854e-05,0.00967275365326072,2.229
2026-07-29T08:17:01.796592+00:00,1,BOTH,687.5,47.5,526.4,23237,-2.2830208763480186e-05,-0.004360248691833335,2.228
2026-07-29T08:17:01.863302+00:00,1,BOTH,687.5,47.5,526.4,23202,-8.687048539286478e-06,-0.0016591040590880064,2.227
2026-07-29T08:17:01.946651+00:00,1,BOTH,687.5,47.5,526.4,23157,-3.013760062458459e-05,-0.005755857734798436,2.227
2026-07-29T08:17:01.998356+00:00,1,BOTH,687.5,47.5,526.5,23120,0.0023801092588109896,0.4545673843662675,2.227
2026-07-29T08:17:02.063275+00:00,1,BOTH,687.5,47.5,526.5,23158,0.0,0.0,2.227
2026-07-29T08:17:02.113055+00:00,1,RIGHT,285.54,-354.46,526.5,11952,5.973164224997163e-06,0.0011407903347695624,-1.773
2026-07-29T08:17:02.146654+00:00,1,BOTH,687.5,47.5,526.5,23321,6.115666794357821e-05,0.011680063207500157,-0.173
2026-07-29T08:17:02.246547+00:00,1,BOTH,687.5,47.5,526.5,23237,4.562713438645005e-05,0.008714140772066063,0.787
2026-07-29T08:17:02.296554+00:00,1,BOTH,688.0,48.0,526.4,23212,-1.7582523578312246e-05,-0.003358014647421832,1.372
2026-07-29T08:17:02.346603+00:00,1,BOTH,687.5,47.5,526.4,23191,-3.392944865481695e-05,-0.006480047363756132,1.714
2026-07-29T08:17:02.413310+00:00,1,BOTH,687.5,47.5,526.4,23292,-2.957541786599904e-05,-0.005648488736858522,1.919
2026-07-29T08:17:02.479960+00:00,1,BOTH,687.5,47.5,526.4,23280,-1.232055074069649e-05,-0.0023530518623956307,2.042
2026-07-29T08:17:02.546536+00:00,1,BOTH,687.5,47.5,526.5,23207,5.1828103460138666e-06,0.0009898438628111082,2.116
2026-07-29T08:17:02.613282+00:00,1,BOTH,687.5,47.5,526.5,23127,-4.7050414941622876e-05,-0.008985967334980862,2.16
2026-07-29T08:17:02.696718+00:00,1,BOTH,687.5,47.5,526.5,23202,-3.088485187618062e-05,-0.005898572211306172,2.187
2026-07-29T08:17:02.796772+00:00,1,BOTH,687.5,47.5,526.5,23202,-0.010779347660136409,-2.0587037561001185,2.203
2026-07-29T08:17:02.846679+00:00,1,BOTH,687.5,47.5,526.5,23236,9.046867489814758e-06,0.001727824416601663,2.212
2026-07-29T08:17:02.946647+00:00,1,BOTH,687.5,47.5,526.5,23142,3.902474418282509e-05,0.007453177127511961,2.218
2026-07-29T08:17:03.063295+00:00,1,BOTH,687.5,47.5,526.5,23240,0.016920868667803006,3.231647867867547,2.221
2026-07-29T08:17:03.113431+00:00,1,BOTH,687.5,47.5,526.5,23265,-0.006911661237827502,-1.3200300611722742,2.223
2026-07-29T08:17:03.179914+00:00,1,BOTH,687.5,47.5,526.5,23245,-1.0837307927431539e-05,-0.0020697733517516556,2.225
2026-07-29T08:17:03.246629+00:00,1,BOTH,687.5,47.5,526.5,23184,-4.586647264659405e-05,-0.00875985101267358,2.225
2026-07-29T08:17:03.313311+00:00,1,BOTH,687.5,47.5,526.5,23216,-3.0467288161162285e-05,-0.0058188234161449925,2.226
2026-07-29T08:17:03.398773+00:00,1,BOTH,687.5,47.5,526.5,23169,3.187044057995081e-05,0.006086805788178844,2.226
2026-07-29T08:17:03.496632+00:00,1,BOTH,687.5,47.5,526.5,23152,-7.263494306243955e-05,-0.01387225227550275,2.226
2026-07-29T08:17:03.546733+00:00,1,BOTH,687.5,47.5,526.5,23081,5.169364158064127e-05,0.009872758300775756,2.226
2026-07-29T08:17:03.663267+00:00,1,BOTH,687.5,47.5,526.5,23162,4.5574848336400464e-05,0.008704154872081893,2.226
2026-07-29T08:17:03.730093+00:00,1,BOTH,687.5,47.5,526.5,23228,-0.028450359478301834,-5.433618412455712,2.227
2026-07-29T08:17:03.846622+00:00,1,BOTH,687.5,47.5,526.5,23159,0.01979917800927069,3.7813644591981386,2.227
2026-07-29T08:17:03.863391+00:00,1,BOTH,687.5,47.5,526.5,23207,-0.005238289283588529,-1.0004395593941011,2.227
2026-07-29T08:17:03.963286+00:00,1,BOTH,687.5,47.5,526.5,23190,-0.003397893809597008,-0.6489499150784583,2.227
2026-07-29T08:17:04.013269+00:00,1,BOTH,687.5,47.5,526.5,23149,0.003606615657481598,0.688812851664987,2.227
2026-07-29T08:17:04.096750+00:00,1,BOTH,687.5,47.5,526.5,23186,1.6984858193609396e-05,0.003243868967073379,2.227
2026-07-29T08:17:04.163389+00:00,1,BOTH,687.5,47.5,526.5,23157,-5.6062705334625206e-05,-0.010707188012531966,2.227
2026-07-29T08:17:04.213338+00:00,1,BOTH,688.0,48.0,526.4,23248,1.5801633708178997e-05,0.003017889736301044,2.236
2026-07-29T08:17:04.280108+00:00,1,BOTH,687.5,47.5,526.4,23249,-0.010008352345321327,-1.9114544975559038,2.232
2026-07-29T08:17:04.363338+00:00,1,BOTH,688.0,48.0,526.3,23189,1.2998524907743558e-05,0.002482535390364612,2.239
2026-07-29T08:17:04.430077+00:00,1,BOTH,687.5,47.5,526.4,23241,-2.534240484237671e-05,-0.004840042800600286,2.234
2026-07-29T08:17:04.446615+00:00,1,BOTH,688.0,48.0,526.3,23224,-6.064481174689717e-05,-0.01158230587487535,2.241
2026-07-29T08:17:04.530007+00:00,1,BOTH,688.0,48.0,526.2,23185,1.2544068376882932e-05,0.0023957405863963763,2.244
2026-07-29T08:17:04.563425+00:00,1,BOTH,688.0,48.0,526.2,23229,-4.8159780999412756e-05,-0.009197840645135616,2.247
2026-07-29T08:17:04.663453+00:00,1,BOTH,688.0,48.0,526.2,23172,3.103050185018219e-06,0.0005926389307294439,2.248
2026-07-29T08:17:04.713464+00:00,1,BOTH,688.0,48.0,526.1,23138,-0.00011642628000117837,-0.02223578156158634,2.249
2026-07-29T08:17:04.796603+00:00,1,BOTH,688.0,48.0,526.1,23226,6.0403944662539285e-05,0.011536303650350922,2.249
2026-07-29T08:17:04.863455+00:00,1,BOTH,688.0,48.0,526.1,23228,1.979608423425816e-05,0.003780773591694869,2.25
2026-07-29T08:17:04.946743+00:00,1,BOTH,687.5,47.5,526.2,23242,-4.087658817297779e-06,-0.0007806853277353347,2.24
2026-07-29T08:17:05.030044+00:00,1,BOTH,688.0,48.0,526.1,23205,3.025443147635087e-05,0.0057781707838755235,2.244
2026-07-29T08:17:05.080071+00:00,1,BOTH,687.5,47.5,526.2,23202,1.6995539663184897e-05,0.003245908977492291,2.237
2026-07-29T08:17:05.113341+00:00,1,BOTH,687.5,47.5,526.3,23243,-1.323409414908383e-05,-0.002527525801404267,2.233
2026-07-29T08:17:05.213371+00:00,1,BOTH,687.5,47.5,526.3,23193,0.0005102998366055544,0.0974600897457126,2.23
2026-07-29T08:17:05.280056+00:00,1,BOTH,687.5,47.5,526.3,23247,-0.008729839468142018,-1.6672765245042296,2.229
2026-07-29T08:17:05.346730+00:00,1,BOTH,687.5,47.5,526.4,23225,0.0029345678401296025,0.5604611731141597,2.228
2026-07-29T08:17:05.446813+00:00,1,BOTH,687.5,47.5,526.4,23164,0.01572611964540556,3.003467612665031,2.227
2026-07-29T08:17:05.546909+00:00,1,BOTH,687.5,47.5,526.4,23149,0.016557819757144897,3.1623106334091076,2.227
2026-07-29T08:17:05.580039+00:00,1,BOTH,687.5,47.5,526.4,23117,0.04050512713612989,7.735909445136886,2.227
2026-07-29T08:17:05.663380+00:00,1,BOTH,687.0,47.0,526.4,23157,0.013454468537238426,2.5696142092510534,2.217
2026-07-29T08:17:05.713253+00:00,1,BOTH,687.5,47.5,526.4,23204,-0.034605154232122,-6.609097622999566,2.221
2026-07-29T08:17:05.780138+00:00,1,BOTH,687.5,47.5,526.4,23244,-0.006728967872913927,-1.2851381986569697,2.223
2026-07-29T08:17:05.796609+00:00,1,BOTH,687.5,47.5,526.4,23162,0.017511821098596555,3.344511468459104,2.225
2026-07-29T08:17:05.896597+00:00,1,BOTH,687.5,47.5,526.4,23278,0.01995757993601728,3.811616998762539,2.225
2026-07-29T08:17:05.913388+00:00,1,BOTH,687.5,47.5,526.5,23278,-0.010487822997383774,-2.0030266467677826,2.226
2026-07-29T08:17:05.996609+00:00,1,BOTH,687.5,47.5,526.5,23279,-0.023761773663572967,-4.538164482226144,2.226
2026-07-29T08:17:06.030143+00:00,1,BOTH,687.5,47.5,526.5,23288,3.753083568881265e-05,0.007167861621893103,2.226
2026-07-29T08:17:06.146760+00:00,1,BOTH,687.5,47.5,526.5,23268,0.005049398877890781,0.9643641492707851,2.226
2026-07-29T08:17:06.213407+00:00,1,BOTH,687.5,47.5,526.5,23239,-0.006300059594505001,-1.2032227514867913,2.226
2026-07-29T08:17:06.230108+00:00,1,BOTH,687.5,47.5,526.5,23297,-0.048123904154635966,-9.190988672509095,2.227
2026-07-29T08:17:06.313412+00:00,1,BOTH,687.5,47.5,526.5,23239,0.00624753563752165,1.1931914146252156,2.227
2026-07-29T08:17:06.380108+00:00,1,BOTH,687.5,47.5,526.5,23288,-0.0144572164141573,-2.7611249467949044,2.227
2026-07-29T08:17:06.446759+00:00,1,BOTH,688.0,48.0,526.4,23253,-0.005254054039251059,-1.0034504059424942,2.236
2026-07-29T08:17:06.480045+00:00,1,BOTH,687.5,47.5,526.4,23185,0.00142665543127805,0.27247111677216174,2.232
2026-07-29T08:17:06.563512+00:00,1,BOTH,687.5,47.5,526.4,23217,0.018092633353371638,3.4554384380860688,2.23
2026-07-29T08:17:06.630036+00:00,1,BOTH,687.5,47.5,526.4,23113,6.054748489987106e-05,0.011563717816315645,2.229
2026-07-29T08:17:06.746625+00:00,1,BOTH,688.0,48.0,526.4,23197,-0.03041756061371416,-5.809326154163944,2.237
2026-07-29T08:17:06.813434+00:00,1,BOTH,688.0,48.0,526.3,23191,-0.03168481296626851,-6.051353525428574,2.242
2026-07-29T08:17:06.863641+00:00,1,BOTH,687.5,47.5,526.1,23128,-0.0150113629817497,-2.866959145310589,2.236
2026-07-29T08:17:06.946692+00:00,1,BOTH,687.5,47.5,526.0,23178,0.0007194916356820613,0.13741278039848778,2.232
2026-07-29T08:17:07.030122+00:00,1,BOTH,687.5,47.5,526.1,23186,-0.027896731491200626,-5.327883255518304,2.23
2026-07-29T08:17:07.096727+00:00,1,BOTH,687.5,47.5,526.0,23120,0.01540198908187449,2.941563234993273,2.229
2026-07-29T08:17:07.163464+00:00,1,BOTH,687.5,47.5,526.1,23264,-0.004548147482564673,-0.8686321845133531,2.228
2026-07-29T08:17:07.213528+00:00,1,BOTH,687.5,47.5,526.2,23182,-0.002258719858364202,-0.43138371662218616,2.227
2026-07-29T08:17:07.296714+00:00,1,BOTH,687.5,47.5,526.2,23234,-0.001399587431224063,-0.26730150956231724,2.227
2026-07-29T08:17:07.380142+00:00,1,BOTH,687.5,47.5,526.3,23229,0.0027907316421624273,0.5329904828317353,2.227
2026-07-29T08:17:07.463364+00:00,1,BOTH,687.5,47.5,526.3,23228,0.00411485287018877,0.785879009263699,2.227
2026-07-29T08:17:07.513358+00:00,1,BOTH,687.5,47.5,526.4,23206,0.0024242357403272763,0.4629949215517517,2.227
2026-07-29T08:17:07.597018+00:00,1,BOTH,687.5,47.5,526.4,23192,-0.009915274524246342,-1.8936779431763355,2.227
2026-07-29T08:17:07.663517+00:00,1,BOTH,687.5,47.5,526.4,23206,-0.00022883782861754298,-0.04370480590907754,2.227
2026-07-29T08:17:07.730115+00:00,1,BOTH,687.5,47.5,526.4,23219,-0.0013260550536506343,-0.25325785992058436,2.227
2026-07-29T08:17:07.796890+00:00,1,BOTH,687.5,47.5,526.4,23200,0.02095035820850171,4.001223682114695,2.227
2026-07-29T08:17:07.863370+00:00,1,BOTH,687.5,47.5,526.5,23226,-0.008667895930993836,-1.655446180348554,2.227
2026-07-29T08:17:07.913517+00:00,1,BOTH,687.5,47.5,526.5,23176,-0.008667895930993836,-1.655446180348554,2.227
2026-07-29T08:17:07.980340+00:00,1,BOTH,688.0,48.0,526.4,23251,-0.008667895930993836,-1.655446180348554,2.236
2026-07-29T08:17:08.080209+00:00,1,BOTH,687.5,47.5,526.4,23188,0.024159118108073016,4.6140516811688865,2.232
2026-07-29T08:17:08.146756+00:00,1,BOTH,687.5,47.5,526.4,23261,-0.018462277049547993,-3.52603518380114,2.23
2026-07-29T08:17:08.196851+00:00,1,BOTH,687.5,47.5,526.4,23233,-0.0033840122551191598,-0.6462987334629196,2.229
2026-07-29T08:17:08.213550+00:00,1,BOTH,687.5,47.5,526.4,23203,0.004114007707103156,0.7857175950043459,2.228
2026-07-29T08:17:08.313551+00:00,1,BOTH,687.5,47.5,526.5,23186,0.006040941818027932,1.1537349015236236,2.227
2026-07-29T08:17:08.363443+00:00,1,BOTH,687.5,47.5,526.5,23160,0.007097947562579065,1.355608128469834,2.227
2026-07-29T08:17:08.446910+00:00,1,BOTH,687.5,47.5,526.5,23280,-0.0004953077464597299,-0.0945968114409279,2.227
2026-07-29T08:17:08.546876+00:00,1,BOTH,687.5,47.5,526.5,23272,-0.02042372278054245,-3.9006437242342558,2.227
2026-07-29T08:17:08.580321+00:00,1,BOTH,687.5,47.5,526.5,23190,-0.006159601819235832,-1.1763972924110566,2.227
2026-07-29T08:17:08.646728+00:00,1,BOTH,687.5,47.5,526.5,23149,-0.0005230440737796016,-0.09989405975633472,2.227
2026-07-29T08:17:08.696872+00:00,1,BOTH,687.5,47.5,526.5,23187,-0.0031045235790952575,-0.5929203282700236,2.227
2026-07-29T08:17:08.796915+00:00,1,BOTH,688.0,48.0,526.4,23247,0.004630875569273485,0.884432085232044,2.236
2026-07-29T08:17:08.846836+00:00,1,BOTH,688.0,48.0,526.3,23217,-0.002000644922081847,-0.38209503446523085,2.242
2026-07-29T08:17:08.913549+00:00,1,BOTH,687.5,47.5,526.4,23205,0.00011726735858246683,0.02239641573807527,2.236
2026-07-29T08:17:08.930161+00:00,1,BOTH,688.0,48.0,526.3,23154,-0.0038545877067372204,-0.736172024530178,2.241
2026-07-29T08:17:09.013386+00:00,1,BOTH,687.5,47.5,526.3,23200,-0.0038284076190029737,-0.7311719960819962,2.235
2026-07-29T08:17:09.080300+00:00,1,BOTH,688.0,48.0,526.3,23189,-0.002535246380721219,-0.48419639213714305,2.241
2026-07-29T08:17:09.146788+00:00,1,BOTH,687.5,47.5,526.3,23229,0.001147639750270173,0.21918304697309565,2.235
2026-07-29T08:17:09.213458+00:00,1,BOTH,687.5,47.5,526.3,23182,0.000950733992503956,0.1815768173669971,2.232
2026-07-29T08:17:09.280245+00:00,1,BOTH,688.0,48.0,526.3,23285,0.007684026421629824,1.4675409454213377,2.239
2026-07-29T08:17:09.330218+00:00,1,BOTH,687.5,47.5,526.3,23228,0.0032402635068865494,0.6188447448495288,2.234
2026-07-29T08:17:09.396800+00:00,1,BOTH,688.0,48.0,526.3,23187,-0.0010265628801425918,-0.19605906812321566,2.24
2026-07-29T08:17:09.480150+00:00,1,BOTH,688.0,48.0,526.2,23196,-0.00466262202069629,-0.8904952108355233,2.244
2026-07-29T08:17:09.546970+00:00,1,BOTH,688.0,48.0,526.2,23165,-0.011979776439438865,-2.287968764967025,2.247
2026-07-29T08:17:09.580153+00:00,1,BOTH,687.5,47.5,526.2,23177,0.003970700830977876,0.7583479977470704,2.239
2026-07-29T08:17:09.630089+00:00,1,BOTH,688.0,48.0,526.2,23225,-0.006808782748412341,-1.3003817170183738,2.243
2026-07-29T08:17:09.680161+00:00,1,BOTH,688.0,48.0,526.1,23192,0.0007039566741877934,0.1344458213034218,2.246
2026-07-29T08:17:09.746748+00:00,1,BOTH,688.0,48.0,526.1,23221,-5.6054613087326284e-05,-0.010705642507141951,2.248
2026-07-29T08:17:09.796987+00:00,1,BOTH,688.0,48.0,526.1,23280,-6.38107259874232e-05,-0.01218695095581704,2.249
2026-07-29T08:17:09.846917+00:00,1,BOTH,688.0,48.0,526.1,23223,0.007958445902040694,1.519951205567057,2.249
2026-07-29T08:17:09.880122+00:00,1,BOTH,688.0,48.0,526.1,23175,-0.003815742241276894,-0.7287530871165182,2.249
2026-07-29T08:17:09.913578+00:00,1,BOTH,688.0,48.0,526.0,23192,-3.6494806408882136e-06,-0.0006969994604586449,2.25
2026-07-29T08:17:10.013525+00:00,1,BOTH,688.0,48.0,526.0,23253,-3.6494806408882136e-06,-0.0006969994604586449,2.25
2026-07-29T08:17:10.096956+00:00,1,BOTH,688.0,48.0,526.0,23174,-3.6494806408882136e-06,-0.0006969994604586449,2.25
2026-07-29T08:17:10.147003+00:00,1,BOTH,688.0,48.0,526.0,23229,-3.6494806408882136e-06,-0.0006969994604586449,2.25
2026-07-29T08:17:10.213501+00:00,1,BOTH,688.0,48.0,526.0,23236,-0.007476932197496353,-1.4279888620733903,2.25
2026-07-29T08:17:10.283399+00:00,1,BOTH,688.0,48.0,526.0,23226,-6.141135170764756e-05,-0.01172870422347242,2.25
2026-07-29T08:17:10.346954+00:00,1,BOTH,688.0,48.0,526.0,23167,-0.0012155983201228083,-0.23216217775409895,2.25
2026-07-29T08:17:10.396945+00:00,1,BOTH,688.0,48.0,526.0,23184,0.007193355218041688,1.373829648440656,2.25
2026-07-29T08:17:10.463579+00:00,1,BOTH,688.0,48.0,526.0,23158,-0.005121529325842858,-0.9781400500775917,2.25
2026-07-29T08:17:10.496974+00:00,1,BOTH,687.5,47.5,526.1,23269,-0.009216174162356766,-1.7601596092018648,2.241
2026-07-29T08:17:10.580283+00:00,1,BOTH,688.0,48.0,526.1,23237,1.2223608791828156e-07,2.334537313969202e-05,2.244
2026-07-29T08:17:10.646858+00:00,1,BOTH,688.0,48.0,526.1,23210,-3.069420112296939e-05,-0.005862160599572859,2.247
2026-07-29T08:17:10.696959+00:00,1,BOTH,688.0,48.0,526.1,23198,0.0017211847922953894,0.32872208120209007,2.248
2026-07-29T08:17:10.763563+00:00,1,BOTH,688.0,48.0,526.0,23231,-0.01859191846444446,-3.55079487021338,2.249
2026-07-29T08:17:10.830314+00:00,1,BOTH,688.0,48.0,526.0,23263,0.0056122976675396785,1.0718698990704654,2.249
2026-07-29T08:17:10.880291+00:00,1,BOTH,688.0,48.0,526.0,23250,-1.7120874108513817e-05,-0.0032698460933088254,2.25
2026-07-29T08:17:10.963613+00:00,1,BOTH,688.0,48.0,526.0,23169,-1.766773697454482e-05,-0.0033742892072955075,2.25
2026-07-29T08:17:10.996951+00:00,1,BOTH,688.0,48.0,526.0,23202,1.2239813804626465e-05,0.002337632243436864,2.25
2026-07-29T08:17:11.030349+00:00,1,BOTH,688.0,48.0,526.0,23233,0.001897740148142475,0.3624416703369848,2.25
2026-07-29T08:17:11.113703+00:00,1,BOTH,688.0,48.0,526.0,23206,0.01233477665402461,2.3557688117070312,2.25
2026-07-29T08:17:11.180415+00:00,1,BOTH,688.0,48.0,526.0,23232,0.004626080885936972,0.8835163681677642,2.25
2026-07-29T08:17:11.263685+00:00,1,BOTH,688.0,48.0,526.0,23205,2.273612408316694e-05,0.004342279841504046,2.25
2026-07-29T08:17:11.313640+00:00,1,BOTH,688.0,48.0,526.0,23221,-0.008387098311795854,-1.6018177854240006,2.25
2026-07-29T08:17:11.346807+00:00,1,BOTH,688.0,48.0,526.0,23229,0.006480037232540781,1.237595948374069,2.25
2026-07-29T08:17:11.413620+00:00,1,BOTH,688.0,48.0,526.0,23217,-0.023254046206129714,-4.441195680711455,2.25
2026-07-29T08:17:11.480229+00:00,1,BOTH,687.5,47.5,526.1,23242,0.007795311281370232,1.4887947880441068,2.241
2026-07-29T08:17:11.530264+00:00,1,BOTH,688.0,48.0,526.1,23207,0.00739663572399877,1.4126533652694053,2.244
2026-07-29T08:17:11.613683+00:00,1,BOTH,688.0,48.0,526.1,23235,0.007547366863577736,1.4414408923996453,2.247
2026-07-29T08:17:11.663815+00:00,1,BOTH,688.0,48.0,526.1,23214,-0.004058267035993594,-0.7750719109983303,2.248
2026-07-29T08:17:11.746922+00:00,1,BOTH,688.0,48.0,526.0,23231,0.008629834456078242,1.6481769740995322,2.249
2026-07-29T08:17:11.796897+00:00,1,BOTH,688.0,48.0,526.0,23265,0.009762491015717387,1.8644984424499684,2.249
2026-07-29T08:17:11.897162+00:00,1,BOTH,688.0,48.0,526.0,23244,5.76379126869142e-06,0.0011008030456345756,2.25
2026-07-29T08:17:11.947064+00:00,1,BOTH,688.0,48.0,526.0,23132,0.002018060953341774,0.3854212514221033,2.25
2026-07-29T08:17:12.030296+00:00,1,BOTH,688.0,48.0,526.0,23269,-5.8888621861115095e-05,-0.0112468983132791,2.25
2026-07-29T08:17:12.097106+00:00,1,BOTH,688.0,48.0,526.0,23231,0.0011328943504486232,0.21636688304973645,2.25
2026-07-29T08:17:12.113599+00:00,1,BOTH,688.0,48.0,526.0,23182,0.000810438081061875,0.1547822720050891,2.25
2026-07-29T08:17:12.163624+00:00,1,BOTH,688.0,48.0,526.0,23150,-0.0006721959977585356,-0.12837997892383143,2.25
2026-07-29T08:17:12.247116+00:00,1,BOTH,688.0,48.0,526.0,23166,-0.0017244321343605406,-0.32934227785198494,2.25
2026-07-29T08:17:12.347178+00:00,1,BOTH,688.0,48.0,526.0,23178,-0.0003176399797666818,-0.060664767484172426,2.25
2026-07-29T08:17:12.430259+00:00,1,BOTH,688.0,48.0,526.0,23142,0.008560020006043487,1.634843396312804,2.25
2026-07-29T08:17:12.513579+00:00,1,BOTH,687.5,47.5,526.1,23291,-0.0033592776715522634,-0.6415747759749303,2.241
2026-07-29T08:17:12.596946+00:00,1,BOTH,688.0,48.0,526.1,23240,-0.02323737417740631,-4.4380115577722155,2.244
2026-07-29T08:17:12.630392+00:00,1,BOTH,688.0,48.0,526.1,23188,0.003461373563623056,0.6610736550458621,2.247
2026-07-29T08:17:12.697010+00:00,1,BOTH,688.0,48.0,526.1,23299,-0.005517959159042221,-1.0538525711289208,2.248
2026-07-29T08:17:12.763594+00:00,1,BOTH,688.0,48.0,526.0,23196,-2.730879943555919e-05,-0.005215596504089288,2.249
2026-07-29T08:17:12.830227+00:00,1,BOTH,688.0,48.0,526.0,23228,-0.007503294402267784,-1.4330236723135994,2.249
2026-07-29T08:17:12.896935+00:00,1,BOTH,688.0,48.0,526.0,23280,-0.006513750322628766,-1.2440346742953554,2.25
2026-07-29T08:17:12.946995+00:00,1,BOTH,688.0,48.0,526.0,23252,0.005522367570665665,1.0546945157301868,2.25
2026-07-29T08:17:13.013495+00:00,1,BOTH,688.0,48.0,526.0,23272,-1.6790101944934577e-05,-0.003206673263463821,2.25
2026-07-29T08:17:13.113752+00:00,1,BOTH,688.0,48.0,526.0,23219,6.443588608817664e-07,0.00012306347740127522,2.25
2026-07-29T08:17:13.180402+00:00,1,BOTH,688.0,48.0,526.0,23276,0.0005988472397439182,0.1143713980346183,2.25
2026-07-29T08:17:13.230404+00:00,1,BOTH,688.0,48.0,526.0,23293,0.00022160998662002385,0.0423243897709267,2.25
2026-07-29T08:17:13.313683+00:00,1,BOTH,688.0,48.0,526.0,23239,-0.004752949344401713,-0.9077464589122991,2.25
2026-07-29T08:17:13.363666+00:00,1,BOTH,688.0,48.0,526.0,23209,-0.004109347479206917,-0.7848275570376007,2.25
2026-07-29T08:17:13.430352+00:00,1,BOTH,688.0,48.0,526.0,23235,0.0051565992199175525,0.984837906472428,2.25
2026-07-29T08:17:13.513767+00:00,1,BOTH,688.0,48.0,526.0,23287,0.002860229656453157,0.5462636258430643,2.25
2026-07-29T08:17:13.580338+00:00,1,BOTH,688.0,48.0,526.0,23222,-9.688294376246631e-06,-0.0018503279281308748,2.25
2026-07-29T08:17:13.630416+00:00,1,BOTH,688.0,48.0,526.0,23168,-0.011907200528221439,-2.274107786943443,2.25
2026-07-29T08:17:13.697020+00:00,1,BOTH,688.0,48.0,526.0,23193,0.005746178699482698,1.0974392926944359,2.25
2026-07-29T08:17:13.730239+00:00,1,BOTH,688.0,48.0,526.0,23203,-0.006076607165159658,-1.1605464810753465,2.25
2026-07-29T08:17:13.813766+00:00,1,BOTH,688.0,48.0,526.0,23180,-0.002884264309250284,-0.5508539064008565,2.25
2026-07-29T08:17:13.897110+00:00,1,BOTH,688.0,48.0,526.0,23210,-0.02500386388564948,-4.775386240557648,2.25
2026-07-29T08:17:13.947011+00:00,1,BOTH,688.0,48.0,526.0,23146,-0.012901915316324447,-2.4640843175352845,2.25
2026-07-29T08:17:14.013902+00:00,1,BOTH,688.0,48.0,526.0,23172,0.006661901152692735,1.2723293986087731,2.25
2026-07-29T08:17:14.080362+00:00,1,BOTH,688.0,48.0,526.0,23155,-0.015579396963585169,-2.9754456445745334,2.25
2026-07-29T08:17:14.163718+00:00,1,BOTH,688.0,48.0,526.0,23211,-0.0008631923608481884,-0.16485759728178265,2.25
2026-07-29T08:17:14.230340+00:00,1,BOTH,688.0,48.0,526.0,23180,-0.004924554697063286,-0.9405206670768398,2.25
2026-07-29T08:17:14.263585+00:00,1,BOTH,688.0,48.0,526.0,23252,0.001307241020258516,0.24966464422396237,2.25
2026-07-29T08:17:14.346958+00:00,1,BOTH,688.0,48.0,526.0,23221,1.3536774058593437e-05,0.0025853334059319404,2.25
2026-07-29T08:17:14.397119+00:00,1,BOTH,688.0,48.0,526.0,23172,-4.225880547892298e-07,-8.070837337355355e-05,2.25
2026-07-29T08:17:14.413591+00:00,1,BOTH,688.0,48.0,526.0,23161,0.009542306715447922,1.8224463387150296,2.25
2026-07-29T08:17:14.497119+00:00,1,BOTH,688.0,48.0,526.0,23156,-0.005688006534473971,-1.0863292275606404,2.25
2026-07-29T08:17:14.580417+00:00,1,BOTH,688.0,48.0,526.0,23193,-0.01064953456632793,-2.033911281430913,2.25
2026-07-29T08:17:14.663720+00:00,1,BOTH,688.0,48.0,526.0,23192,0.00467675562173099,0.8931945297975568,2.25
2026-07-29T08:17:14.763925+00:00,1,BOTH,688.0,48.0,526.0,23254,-0.0012050711098709143,-0.23015162869583103,2.25
2026-07-29T08:17:14.880500+00:00,1,BOTH,688.0,48.0,526.0,23246,0.0023236923676449805,0.4437925518427301,2.25
2026-07-29T08:17:14.946995+00:00,1,BOTH,688.0,48.0,526.0,23171,0.002337663227226585,0.4464607894767163,2.25
2026-07-29T08:17:14.997144+00:00,1,BOTH,688.0,48.0,526.0,23208,0.03512118292972446,6.707651844600411,2.25
2026-07-29T08:17:15.047184+00:00,1,BOTH,687.5,47.5,526.1,23119,-0.05223129704594612,-9.975442930756124,2.241
2026-07-29T08:17:15.063737+00:00,1,BOTH,688.5,48.5,526.0,23176,-0.018873635437339543,-3.6045988487603453,2.254
2026-07-29T08:17:15.197003+00:00,1,BOTH,688.0,48.0,526.0,23308,-0.05784225981682539,-11.047057883344163,2.252
2026-07-29T08:17:15.280685+00:00,1,BOTH,688.0,48.0,526.0,23209,0.04015049605630338,7.668179897942799,2.251
2026-07-29T08:17:15.297132+00:00,1,BOTH,687.5,47.5,525.9,23110,0.12864362551365047,24.569122677312166,2.241
2026-07-29T08:17:15.380493+00:00,1,BOTH,688.0,48.0,526.3,23364,-0.14033896210137756,-26.802767432184485,2.245
2026-07-29T08:17:15.447108+00:00,1,BOTH,688.0,48.0,526.6,23460,-0.09812392070889472,-18.740288419653346,2.247
2026-07-29T08:17:15.513808+00:00,1,BOTH,687.5,47.5,526.4,23044,-0.15705947051756083,-29.996149310718728,2.239
2026-07-29T08:17:15.597147+00:00,1,BOTH,687.5,47.5,526.4,23265,-0.009204647860024125,-1.757958247611691,2.234
2026-07-29T08:17:15.663686+00:00,1,BOTH,687.5,47.5,526.4,23321,0.15881807755446062,30.332018514173278,2.231
2026-07-29T08:17:15.763839+00:00,1,BOTH,687.5,47.5,526.7,23317,-0.01624347159639001,-3.1022745570459245,2.229
2026-07-29T08:17:15.830388+00:00,1,BOTH,688.0,48.0,526.7,23332,0.02965004761237651,5.662741968503725,2.238
2026-07-29T08:17:15.913882+00:00,1,BOTH,688.0,48.0,526.6,23133,-0.05309305142145604,-10.140025893068291,2.243
2026-07-29T08:17:15.963893+00:00,1,BOTH,688.0,48.0,526.7,23289,-0.0815492785081733,-15.574764936184135,2.246
2026-07-29T08:17:16.030386+00:00,1,BOTH,687.5,47.5,526.4,23210,9.728436009027059e-05,0.018579944152678163,2.238
2026-07-29T08:17:16.097101+00:00,1,BOTH,687.5,47.5,526.2,23172,-0.04607128973118961,-8.798968194405246,2.233
2026-07-29T08:17:16.180443+00:00,1,BOTH,687.5,47.5,526.3,23239,0.013980979600455612,2.670170415215355,2.231
2026-07-29T08:17:16.197093+00:00,1,BOTH,688.0,48.0,526.2,23332,0.07548611366073602,14.416785748683342,2.238
2026-07-29T08:17:16.280499+00:00,1,BOTH,687.5,47.5,526.3,23268,0.014175163216423243,2.7072567540338035,2.234
2026-07-29T08:17:16.330453+00:00,1,BOTH,688.0,48.0,526.2,23133,0.0014641710044816137,0.27963606347408937,2.24
2026-07-29T08:17:16.413779+00:00,1,BOTH,688.0,48.0,526.2,23161,0.024557109661400317,4.69006246879392,2.244
2026-07-29T08:17:16.497194+00:00,1,BOTH,688.0,48.0,526.1,23293,0.022927364498609677,4.378804070428037,2.246
2026-07-29T08:17:16.547246+00:00,1,BOTH,688.0,48.0,526.1,23311,-0.03720431224443019,-7.10550023764247,2.248
2026-07-29T08:17:16.613734+00:00,1,BOTH,688.0,48.0,526.1,23185,0.01350156634231098,2.5786092274343444,2.249
2026-07-29T08:17:16.680415+00:00,1,BOTH,688.0,48.0,526.1,23102,-0.03366745807463303,-6.430010848700391,2.249
2026-07-29T08:17:16.730319+00:00,1,BOTH,687.5,47.5,526.0,23097,0.014466397730866448,2.762878449120928,2.24
2026-07-29T08:17:16.780344+00:00,1,BOTH,687.5,47.5,526.1,23199,0.008746268163667992,1.6704141742260423,2.235
2026-07-29T08:17:16.863711+00:00,1,BOTH,688.0,48.0,526.1,23238,0.0016798258409835398,0.32082310335123665,2.241
2026-07-29T08:17:16.930316+00:00,1,BOTH,688.0,48.0,526.0,23231,-0.0006811423483304679,-0.13008860602321867,2.245
2026-07-29T08:17:16.980464+00:00,1,BOTH,687.5,47.5,526.1,23291,0.0016563491907436402,0.3163393934317332,2.237
2026-07-29T08:17:17.113905+00:00,1,BOTH,688.0,48.0,526.1,23181,-0.006920254693832248,-1.3216712903739516,2.242
2026-07-29T08:17:17.197361+00:00,1,BOTH,688.0,48.0,526.1,23210,-0.020352644552476703,-3.887068782622804,2.245
2026-07-29T08:17:17.263814+00:00,1,BOTH,687.5,47.5,526.2,23210,-0.01778204139089212,-3.3961197427501952,2.238
2026-07-29T08:17:17.315916+00:00,1,BOTH,688.0,48.0,526.1,23200,-0.020820545895112445,-3.9764313564945795,2.243
2026-07-29T08:17:17.397062+00:00,1,BOTH,688.0,48.0,526.1,23206,-0.006475059384829365,-1.2366452494909925,2.246
2026-07-29T08:17:17.497108+00:00,1,BOTH,688.0,48.0,526.1,23227,-0.004463936584070325,-0.8525490876042507,2.247
2026-07-29T08:17:17.513850+00:00,1,BOTH,688.0,48.0,526.1,23210,-0.009745133569813333,-1.861183414471872,2.248
2026-07-29T08:17:17.613844+00:00,1,BOTH,688.0,48.0,526.1,23197,0.015170892735186499,2.897427083906227,2.249
2026-07-29T08:17:17.663744+00:00,1,BOTH,687.5,47.5,526.1,23259,0.0003683982201619074,0.07035887731802869,2.24
2026-07-29T08:17:17.763754+00:00,1,BOTH,688.0,48.0,526.1,23226,-0.01961659597203834,-3.7464938587037584,2.244
2026-07-29T08:17:17.797271+00:00,1,BOTH,688.0,48.0,526.1,23178,-0.009208669122490392,-1.7587262521704627,2.246
2026-07-29T08:17:17.863904+00:00,1,BOTH,688.0,48.0,526.1,23201,0.00010553338928730227,0.020155392679578516,2.248
2026-07-29T08:17:17.930539+00:00,1,BOTH,688.0,48.0,526.1,23192,-0.010941784382448532,-2.0897268848548625,2.249
2026-07-29T08:17:18.013809+00:00,1,BOTH,687.5,47.5,526.1,23219,-0.011938541223062203,-2.280093418748054,2.24
2026-07-29T08:17:18.080420+00:00,1,BOTH,687.5,47.5,526.2,23201,-0.005429170659554074,-1.03689521682902,2.235
2026-07-29T08:17:18.147083+00:00,1,BOTH,688.0,48.0,526.2,23184,0.005045994295214768,0.9637139218763221,2.241
2026-07-29T08:17:18.197149+00:00,1,BOTH,688.0,48.0,526.1,23243,-0.000251130776014179,-0.04796244523819221,2.244
2026-07-29T08:17:18.264068+00:00,1,BOTH,687.5,47.5,526.2,23244,-0.01825187421112787,-3.485851201670986,2.237
2026-07-29T08:17:18.330637+00:00,1,BOTH,688.0,48.0,526.2,23230,0.005159742240648484,0.9854381792151097,2.242
2026-07-29T08:17:18.347296+00:00,1,BOTH,688.0,48.0,526.1,23184,0.004040124484454281,0.771606938888993,2.245
2026-07-29T08:17:18.447109+00:00,1,BOTH,687.5,47.5,526.2,23118,0.004040124484454281,0.771606938888993,2.238
2026-07-29T08:17:18.463923+00:00,1,BOTH,687.5,47.5,526.3,23093,0.0020038304456465993,0.38270342465123014,2.233
2026-07-29T08:17:18.513804+00:00,1,BOTH,687.5,47.5,526.3,23092,-0.004776912471133983,-0.9123230789979531,2.231
2026-07-29T08:17:18.563944+00:00,1,BOTH,687.5,47.5,526.4,23172,-0.004776912471133983,-0.9123230789979531,2.229
2026-07-29T08:17:18.664047+00:00,1,BOTH,687.5,47.5,526.4,23255,-0.0018720850115641952,-0.3575419001744277,2.228
2026-07-29T08:17:18.747209+00:00,1,BOTH,687.5,47.5,526.4,23252,-0.001628168517636368,-0.3109572813221181,2.227
2026-07-29T08:17:18.797203+00:00,1,BOTH,687.5,47.5,526.4,23219,-0.005721009789849632,-1.092632385038033,2.227
2026-07-29T08:17:18.880614+00:00,1,BOTH,687.5,47.5,526.4,23239,-0.010813424966763706,-2.0652120422565092,2.227
2026-07-29T08:17:18.947315+00:00,1,BOTH,687.5,47.5,526.5,23287,0.0019316715589957313,0.36892209245303803,2.227
2026-07-29T08:17:18.963911+00:00,1,BOTH,687.5,47.5,526.5,23216,-0.008964505072217435,-1.7120943535389275,2.227
2026-07-29T08:17:19.047209+00:00,1,BOTH,687.5,47.5,526.5,23188,0.0002926823930465616,0.05589821953119031,2.227
2026-07-29T08:17:19.097291+00:00,1,BOTH,687.5,47.5,526.5,23231,0.012876232815324328,2.4591793211531265,2.227
2026-07-29T08:17:19.147277+00:00,1,BOTH,687.5,47.5,526.5,23170,-0.00408629048972216,-0.7804239964184202,2.227
2026-07-29T08:17:19.230633+00:00,1,BOTH,687.5,47.5,526.5,23230,-0.005859103108523413,-1.1190062661679092,2.227
2026-07-29T08:17:19.313926+00:00,1,BOTH,687.5,47.5,526.5,23224,0.0020092405594186857,0.38373668027065067,2.227
2026-07-29T08:17:19.380597+00:00,1,BOTH,687.5,47.5,526.5,23251,-0.007594456844381057,-1.4504344162575866,2.227
2026-07-29T08:17:19.397217+00:00,1,BOTH,687.5,47.5,526.5,23209,-0.018998617666075007,-3.628468696162614,2.227
2026-07-29T08:17:19.497365+00:00,1,BOTH,687.5,47.5,526.5,23293,0.016884113473352044,3.2246281428101375,2.227
2026-07-29T08:17:19.547299+00:00,1,BOTH,687.5,47.5,526.5,23322,0.00984959299210459,1.8811336945640846,2.227
2026-07-29T08:17:19.613933+00:00,1,BOTH,687.5,47.5,526.5,23271,-0.009667858103639446,-1.846424887566306,2.227
2026-07-29T08:17:19.697228+00:00,1,BOTH,687.5,47.5,526.5,23247,0.012167190443724394,2.32376220319105,2.227
2026-07-29T08:17:19.797168+00:00,1,BOTH,687.5,47.5,526.5,23282,0.00033787076623411846,0.06452856308688744,2.227
2026-07-29T08:17:19.847319+00:00,1,BOTH,687.5,47.5,526.5,23173,0.00033787076623411846,0.06452856308688744,2.227
2026-07-29T08:17:19.863979+00:00,1,BOTH,687.5,47.5,526.5,23249,0.024632235552562633,4.70441045711312,2.227
2026-07-29T08:17:19.948657+00:00,1,BOTH,687.5,47.5,526.5,23272,-0.003796837177942507,-0.7251424859815586,2.227
2026-07-29T08:17:20.013961+00:00,1,BOTH,687.5,47.5,526.5,23166,0.03368218914009049,6.4328242749618685,2.227
2026-07-29T08:17:20.097282+00:00,1,BOTH,687.5,47.5,526.5,23197,0.03680970690213144,7.030136168685692,2.227
2026-07-29T08:17:20.113914+00:00,1,BOTH,687.5,47.5,526.5,23298,-0.004781742062768899,-0.9132454630561276,2.227
2026-07-29T08:17:20.180650+00:00,1,BOTH,687.5,47.5,526.5,23267,0.00523451976274373,0.999719633943456,2.227
2026-07-29T08:17:20.232538+00:00,1,BOTH,687.5,47.5,526.5,23140,-2.7697529512806794e-05,-0.005289838480076229,2.227
2026-07-29T08:17:20.264004+00:00,1,BOTH,688.0,48.0,526.4,23206,-0.004506414805073291,-0.8606618302198972,2.236
2026-07-29T08:17:20.297202+00:00,1,BOTH,688.0,48.0,526.3,23241,-0.0076547229310381226,-1.4619443909683183,2.242
2026-07-29T08:17:20.397236+00:00,1,BOTH,687.5,47.5,526.4,18486,0.0011359998572152109,0.21695999115298575,2.236
2026-07-29T08:17:20.447165+00:00,1,BOTH,689.5,49.5,526.0,12705,4.2204144556308165e-05,0.008060397870121621,2.269
2026-07-29T08:17:20.464013+00:00,1,RIGHT,688.02,48.02,526.0,11278,-1.991316414205357e-05,-0.0038031342069697284,2.262
2026-07-29T08:17:20.547315+00:00,1,RIGHT,688.02,48.02,526.0,11109,-1.991316414205357e-05,-0.0038031342069697284,2.257
2026-07-29T08:17:20.614064+00:00,1,RIGHT,688.02,48.02,526.0,11270,-1.991316414205357e-05,-0.0038031342069697284,2.255
2026-07-29T08:17:20.630641+00:00,1,RIGHT,688.02,48.02,526.0,11222,-1.991316414205357e-05,-0.0038031342069697284,2.253
2026-07-29T08:17:20.697280+00:00,1,RIGHT,688.02,48.02,526.0,11322,-0.02456266722350847,-4.691123884971184,2.252
2026-07-29T08:17:20.830652+00:00,1,BOTH,687.0,47.0,526.0,23115,-0.024591699783632067,-4.696668695516324,2.233
2026-07-29T08:17:20.880661+00:00,1,BOTH,687.0,47.0,526.0,23056,-3.123830276308581e-05,-0.005966076358255583,2.221
2026-07-29T08:17:20.947276+00:00,1,BOTH,687.5,47.5,526.1,23022,-0.0014658936316845938,-0.27996506103543994,2.223
2026-07-29T08:17:21.080661+00:00,1,BOTH,687.5,47.5,526.2,23046,-0.002337256464525126,-0.4463831035231931,2.224
2026-07-29T08:17:21.147409+00:00,1,BOTH,686.0,46.0,525.9,20084,0.0034412983793299643,0.6572395772693905,2.197
2026-07-29T08:17:21.230694+00:00,1,LEFT,686.94,46.94,525.9,11687,0.0007928575144615024,0.1514246311129224,2.198
2026-07-29T08:17:21.313899+00:00,1,LEFT,686.94,46.94,525.9,11773,-0.03884129687328823,-7.418141272180321,2.199
2026-07-29T08:17:21.380502+00:00,1,LEFT,686.94,46.94,525.9,11646,-4.240904236212372e-06,-0.0008099530468470696,2.2
2026-07-29T08:17:21.430516+00:00,1,LEFT,686.94,46.94,525.9,11681,-0.2993077902588993,-57.16357719073928,2.2
2026-07-29T08:17:21.497113+00:00,1,NONE,0.0,0.0,525.9,0,-7.793948243488557e-05,-0.014885344669843188,2.2
2026-07-29T08:17:21.580681+00:00,1,LEFT,686.94,46.94,525.9,11773,-4.3170081626158207e-05,-0.008244878261380423,2.2
2026-07-29T08:17:21.647398+00:00,1,BOTH,692.0,52.0,527.0,15386,2.7131171082146464e-05,0.005181671987514597,2.295
2026-07-29T08:17:21.730794+00:00,1,BOTH,689.0,49.0,527.2,19804,-0.011170580702601001,-2.1334237632310638,2.296
2026-07-29T08:17:21.780631+00:00,1,BOTH,687.5,47.5,527.0,21927,3.8733125547878446e-05,0.007397482070812598,2.268
2026-07-29T08:17:21.847383+00:00,1,BOTH,687.5,47.5,526.9,23270,-2.0353631407488136e-05,-0.003887257258046625,2.251
2026-07-29T08:17:21.914145+00:00,1,BOTH,687.5,47.5,526.8,23136,-6.616279923036927e-05,-0.012636163855571902,2.242
2026-07-29T08:17:21.997248+00:00,1,BOTH,687.5,47.5,526.8,23165,-0.009330992871837225,-1.7820883674097616,2.236
2026-07-29T08:17:22.080800+00:00,1,BOTH,687.5,47.5,526.7,23143,-5.196779529796914e-06,-0.0009925117803911453,2.232
2026-07-29T08:17:22.147374+00:00,1,BOTH,687.5,47.5,526.7,23145,5.269094312097877e-05,0.010063228864653205,2.23
2026-07-29T08:17:22.213986+00:00,1,BOTH,687.5,47.5,526.6,23170,2.9303788378456373e-05,0.005596611326100202,2.229
2026-07-29T08:17:22.297321+00:00,1,BOTH,687.5,47.5,526.6,23101,1.1164016286784316e-05,0.0021321700521601808,2.228
2026-07-29T08:17:22.330750+00:00,1,BOTH,687.5,47.5,526.6,23115,0.023701041730237193,4.526565537353444,2.227
2026-07-29T08:17:22.447421+00:00,1,BOTH,687.5,47.5,526.6,23132,0.023079202605294995,4.407803012702457,2.227
2026-07-29T08:17:22.463959+00:00,1,BOTH,687.5,47.5,526.6,23133,0.002774640994321089,0.5299173954619354,2.227
2026-07-29T08:17:22.547354+00:00,1,BOTH,687.5,47.5,526.5,23233,-0.023360124757673476,-4.461455191712517,2.227
2026-07-29T08:17:22.564001+00:00,1,BOTH,687.0,47.0,526.4,23047,0.0004266830801498145,0.08149046560742201,2.217
2026-07-29T08:17:22.647357+00:00,1,BOTH,687.5,47.5,526.4,23166,0.03168093816842884,6.0506134935529765,2.221
2026-07-29T08:17:22.697384+00:00,1,BOTH,687.5,47.5,526.5,23159,0.004524068732280284,0.8640334819558702,2.223
2026-07-29T08:17:22.764127+00:00,1,BOTH,687.5,47.5,526.5,23139,-0.010013045950327069,-1.9123509100810054,2.225
2026-07-29T08:17:22.814116+00:00,1,BOTH,687.5,47.5,526.5,23176,-0.0025404196535237134,-0.4851844144633189,2.225
2026-07-29T08:17:22.864112+00:00,1,BOTH,687.5,47.5,526.5,23180,0.0013155314978212118,0.25124800880559695,2.226
2026-07-29T08:17:22.930713+00:00,1,BOTH,687.5,47.5,526.5,23199,-0.000828026095405221,-0.15814133531138672,2.226
2026-07-29T08:17:22.980633+00:00,1,BOTH,687.5,47.5,526.5,23139,0.009714455190114678,1.8553242755417627,2.226
2026-07-29T08:17:23.064175+00:00,1,BOTH,687.5,47.5,526.5,23188,-0.010445220505935139,-1.9948901702452864,2.226
2026-07-29T08:17:23.114105+00:00,1,BOTH,687.5,47.5,526.5,23276,0.003864151385350851,0.73799855260078,2.226
2026-07-29T08:17:23.180745+00:00,1,BOTH,687.5,47.5,526.5,23102,-0.0019133122474886475,-0.36541572223929847,2.227
2026-07-29T08:17:23.280756+00:00,1,BOTH,687.5,47.5,526.5,23201,-0.009277469576627482,-1.7718661710059247,2.227
2026-07-29T08:17:23.347325+00:00,1,BOTH,687.5,47.5,526.5,23141,0.005685291145928204,1.0858106265492715,2.227
2026-07-29T08:17:23.397352+00:00,1,BOTH,687.5,47.5,526.5,23155,0.01116268938407302,2.131916632409575,2.227
2026-07-29T08:17:23.497493+00:00,1,BOTH,688.0,48.0,526.4,23200,0.031597208036109804,6.034622216219801,2.236
2026-07-29T08:17:23.580616+00:00,1,BOTH,687.5,47.5,526.4,23120,-0.00028139032947365193,-0.05374159424878651,2.232
2026-07-29T08:17:23.647491+00:00,1,BOTH,688.0,48.0,526.3,23094,-0.03078353775665164,-5.879222639792524,2.239
2026-07-29T08:17:23.680729+00:00,1,BOTH,687.5,47.5,526.4,23192,-0.00021775482455268502,-0.04158810805160189,2.234
2026-07-29T08:17:23.763978+00:00,1,BOTH,687.5,47.5,526.4,23196,0.000676771261205431,0.12925378987605673,2.231
2026-07-29T08:17:23.814111+00:00,1,BOTH,687.5,47.5,526.4,23181,3.4012453397735943e-06,0.0006495900101918888,2.229
2026-07-29T08:17:23.864226+00:00,1,BOTH,687.5,47.5,526.4,23174,0.004142722977849189,0.7912018077420899,2.228
2026-07-29T08:17:23.947629+00:00,1,BOTH,688.0,48.0,526.3,23132,5.071708917967044e-05,0.009686250530612436,2.237
2026-07-29T08:17:23.997498+00:00,1,BOTH,688.0,48.0,526.3,23200,-0.0001116609200835228,-0.021325664857778093,2.242
2026-07-29T08:17:24.080692+00:00,1,BOTH,688.0,48.0,526.2,23160,8.135379175655547e-07,0.0001553742971678939,2.245
2026-07-29T08:17:24.147481+00:00,1,BOTH,688.0,48.0,526.2,23236,-0.005128266000538133,-0.979426660170898,2.247
2026-07-29T08:17:24.230844+00:00,1,BOTH,688.0,48.0,526.1,23184,0.002033472128678113,0.3883645691024644,2.248
2026-07-29T08:17:24.247531+00:00,1,BOTH,687.5,47.5,526.2,23181,-0.00017438138660509137,-0.033304391593702944,2.24
2026-07-29T08:17:24.347316+00:00,1,BOTH,687.5,47.5,526.3,23212,7.26628809934482e-05,0.013877588027286494,2.234
2026-07-29T08:17:24.414095+00:00,1,BOTH,688.0,48.0,526.2,23153,6.250280814128927e-05,0.011937157047372656,2.241
2026-07-29T08:17:24.480832+00:00,1,BOTH,687.5,47.5,526.3,23166,1.6779452562332153e-05,0.0032046393812053577,2.235
2026-07-29T08:17:24.497344+00:00,1,BOTH,687.5,47.5,526.3,23227,-6.56237272778526e-05,-0.012533208696461628,2.232
2026-07-29T08:17:24.597505+00:00,1,BOTH,687.5,47.5,526.4,23226,0.013809580710076262,2.6374356384421476,2.23
2026-07-29T08:17:24.665020+00:00,1,BOTH,687.5,47.5,526.4,23233,-1.2042821617797016e-05,-0.0023000095070955973,2.228
2026-07-29T08:17:24.714144+00:00,1,BOTH,687.5,47.5,526.4,23162,-2.145258938980987e-05,-0.0040971427722107856,2.228
2026-07-29T08:17:24.764042+00:00,1,BOTH,687.5,47.5,526.4,23167,1.61888069123961e-05,0.0030918343714417,2.227
2026-07-29T08:17:24.797513+00:00,1,BOTH,687.5,47.5,526.4,23253,-8.79475215333514e-05,-0.016796739341656534,2.227
2026-07-29T08:17:24.880767+00:00,1,BOTH,688.0,48.0,526.4,23168,-0.00585659862641478,-1.11852794531894,2.236
2026-07-29T08:17:24.947623+00:00,1,BOTH,688.0,48.0,526.3,23135,-0.0038591945819280225,-0.7370518728807663,2.242
2026-07-29T08:17:25.047423+00:00,1,BOTH,688.0,48.0,526.2,23150,0.008592580443946644,1.6410619818826333,2.245
2026-07-29T08:17:25.114181+00:00,1,BOTH,687.5,47.5,526.3,23093,-0.01063313034013845,-2.0307783050081287,2.238
2026-07-29T08:17:25.180715+00:00,1,BOTH,687.5,47.5,526.3,23128,-0.013651496245292946,-2.6072437296465862,2.233
2026-07-29T08:17:25.230839+00:00,1,BOTH,688.0,48.0,526.3,23281,0.0017632489310199161,0.3367557399279841,2.24
2026-07-29T08:17:25.297477+00:00,1,BOTH,687.5,47.5,526.3,23210,0.00742058932177315,1.4172281654581584,2.235
2026-07-29T08:17:25.364215+00:00,1,BOTH,687.5,47.5,526.3,23139,3.425928123760968e-05,0.006543040746889208,2.231
2026-07-29T08:17:25.447570+00:00,1,BOTH,687.5,47.5,526.4,23136,-0.0006838464432075852,-0.1306050501027579,2.229
2026-07-29T08:17:25.514228+00:00,1,BOTH,687.5,47.5,526.4,23131,1.2597506720339879e-05,0.002405946558210555,2.228
2026-07-29T08:17:25.547591+00:00,1,BOTH,687.5,47.5,526.4,23116,2.5163786284565502e-05,0.004805929168915967,2.228
2026-07-29T08:17:25.630826+00:00,1,BOTH,687.5,47.5,526.4,23118,1.8624759049998826e-05,0.003557066960043391,2.227
2026-07-29T08:17:25.697451+00:00,1,BOTH,687.5,47.5,526.4,23201,1.6745728062232955e-05,0.003198198476132449,2.227
2026-07-29T08:17:25.797556+00:00,1,BOTH,687.5,47.5,526.5,23094,-7.508999333367683e-06,-0.0014341132338950564,2.227
2026-07-29T08:17:25.847604+00:00,1,BOTH,687.5,47.5,526.5,23186,0.000805071001232136,0.15375723526324298,2.227
2026-07-29T08:17:25.930806+00:00,1,BOTH,688.0,48.0,526.4,23163,0.01402933416669839,2.6794054571016783,2.236
2026-07-29T08:17:25.997588+00:00,1,BOTH,687.5,47.5,526.4,23252,9.879633493255824e-05,0.018868710076654967,2.232
2026-07-29T08:17:26.047746+00:00,1,BOTH,687.5,47.5,526.4,23136,-2.027270107646473e-05,-0.003871800703372499,2.23
2026-07-29T08:17:26.147748+00:00,1,RIGHT,285.58,-354.42,526.4,11904,0.012743482781588681,2.4338259322755538,-1.77
2026-07-29T08:17:26.197652+00:00,1,BOTH,688.0,48.0,526.3,23105,-8.207690771087074e-06,-0.0015675534691058856,-0.162
2026-07-29T08:17:26.264169+00:00,1,BOTH,687.5,47.5,526.4,23208,-4.1909515857696533e-07,-8.004127933608692e-05,0.793
2026-07-29T08:17:26.330812+00:00,1,BOTH,687.5,47.5,526.4,23063,-0.004834445741726086,-0.9233111242863251,1.367
2026-07-29T08:17:26.380791+00:00,1,BOTH,688.0,48.0,526.3,23176,0.07554211084381678,14.427480422867172,1.72
2026-07-29T08:17:26.447667+00:00,1,BOTH,687.5,47.5,526.4,23147,-1.062036430084845e-05,-0.002028340171100078,1.923
2026-07-29T08:17:26.530881+00:00,1,BOTH,687.5,47.5,526.4,23107,3.776293771807104e-05,0.007212189844202862,2.044
2026-07-29T08:17:26.614172+00:00,1,BOTH,687.5,47.5,526.4,23118,2.418353863276934e-05,0.004618715657830869,2.117
2026-07-29T08:17:26.697416+00:00,1,BOTH,687.5,47.5,526.4,23147,-3.060156755964272e-05,-0.005844468892173273,2.161
2026-07-29T08:17:26.730968+00:00,1,BOTH,687.5,47.5,526.4,23141,0.0005129210828454234,0.09796071090107604,2.187
2026-07-29T08:17:26.847430+00:00,1,BOTH,688.0,48.0,526.4,23197,-5.9123642568010834e-05,-0.01129178396195679,2.212
2026-07-29T08:17:26.948037+00:00,1,BOTH,688.0,48.0,526.3,23205,7.022555757430383e-05,0.013412093543201935,2.227
2026-07-29T08:17:27.014175+00:00,1,BOTH,688.0,48.0,526.2,23254,-2.449436578899622e-05,-0.004678079271863714,2.236
2026-07-29T08:17:27.030937+00:00,1,BOTH,687.5,47.5,526.3,23119,-1.5674158930778503e-05,-0.002993543847169651,2.232
2026-07-29T08:17:27.114172+00:00,1,BOTH,687.5,47.5,526.3,23127,3.4531747223809356e-05,0.006595077917122912,2.23
2026-07-29T08:17:27.164135+00:00,1,BOTH,687.5,47.5,526.4,23244,-6.850315810879692e-05,-0.013083139476504819,2.229
2026-07-29T08:17:27.247586+00:00,1,BOTH,687.5,47.5,526.4,23141,4.834961146116257e-05,0.009234095592739897,2.228
2026-07-29T08:17:27.314270+00:00,1,BOTH,687.5,47.5,526.4,23135,0.010033055506064557,1.9161724537266382,2.227
2026-07-29T08:17:27.380796+00:00,1,BOTH,687.5,47.5,526.4,23088,-0.012106746212666622,-2.312218205405971,2.227
2026-07-29T08:17:27.430938+00:00,1,BOTH,687.5,47.5,526.4,23168,-0.012106746212666622,-2.312218205405971,2.227
2026-07-29T08:17:27.514338+00:00,1,BOTH,687.5,47.5,526.5,23113,5.1443930715322495e-05,0.009825067038504672,2.227
2026-07-29T08:17:27.580796+00:00,1,BOTH,687.5,47.5,526.5,23205,2.241748297819868e-06,0.00042814238731904924,2.227
2026-07-29T08:17:27.630923+00:00,1,BOTH,687.5,47.5,526.5,23164,3.901692543877289e-06,0.0007451683857394348,2.227
2026-07-29T08:17:27.714291+00:00,1,BOTH,687.5,47.5,526.5,23114,-9.120660979533567e-06,-0.0017419179349897624,2.227
2026-07-29T08:17:27.764383+00:00,1,BOTH,687.5,47.5,526.5,23087,-9.120660979533567e-06,-0.0017419179349897624,2.227
2026-07-29T08:17:27.830943+00:00,1,BOTH,687.5,47.5,526.5,23110,-9.120660979533567e-06,-0.0017419179349897624,2.227
2026-07-29T08:17:27.847520+00:00,1,BOTH,687.5,47.5,526.5,23120,-9.120660979533567e-06,-0.0017419179349897624,2.227
2026-07-29T08:17:27.880930+00:00,1,BOTH,687.5,47.5,526.5,23138,-9.120660979533567e-06,-0.0017419179349897624,2.227
2026-07-29T08:17:27.997599+00:00,1,BOTH,687.5,47.5,526.5,23127,-9.120660979533567e-06,-0.0017419179349897624,2.227
2026-07-29T08:17:28.047549+00:00,1,BOTH,687.5,47.5,526.5,23145,-0.006949294697842561,-1.3272175225967313,2.227
2026-07-29T08:17:28.114272+00:00,1,BOTH,687.5,47.5,526.5,23253,2.0125606533838438e-05,0.00384370771509952,2.227
2026-07-29T08:17:28.130914+00:00,1,BOTH,688.0,48.0,526.4,23155,-0.009522008445346728,-1.8185696546876464,2.236
2026-07-29T08:17:28.214296+00:00,1,BOTH,687.5,47.5,526.4,23222,5.162660119822248e-05,0.00985995453087729,2.232
2026-07-29T08:17:28.280773+00:00,1,BOTH,687.5,47.5,526.4,23097,2.9101409018039705e-05,0.005557959715392095,2.23
2026-07-29T08:17:28.347601+00:00,1,BOTH,687.5,47.5,526.4,23129,0.00849919006577693,1.6232257334951155,2.229
2026-07-29T08:17:28.447700+00:00,1,BOTH,687.5,47.5,526.5,23202,-0.007185342700104229,-1.372299370237025,2.228
2026-07-29T08:17:28.514148+00:00,1,BOTH,687.5,47.5,526.5,23218,-0.01131862364243716,-2.161697882028801,2.227
2026-07-29T08:17:28.580934+00:00,1,BOTH,687.5,47.5,526.5,23136,0.0002061583806062117,0.03937335039995871,2.227
2026-07-29T08:17:28.647721+00:00,1,BOTH,687.5,47.5,526.5,23209,0.0005908677232218906,0.11284742263706131,2.227
2026-07-29T08:17:28.714282+00:00,1,BOTH,687.5,47.5,526.5,23218,0.0018484196533972864,0.35302214969566326,2.227
2026-07-29T08:17:28.797740+00:00,1,BOTH,687.5,47.5,526.5,23145,0.00014300512644695117,0.027311967313816573,2.227
2026-07-29T08:17:28.847687+00:00,1,BOTH,687.5,47.5,526.5,23208,-8.440017700195312e-06,-0.0016119246441230093,2.227
2026-07-29T08:17:28.914346+00:00,1,BOTH,687.5,47.5,526.5,23102,0.02062810033559799,3.9396769620072063,2.227
2026-07-29T08:17:28.997509+00:00,1,BOTH,688.0,48.0,526.4,23135,-0.003061985649401322,-0.5847961821344011,2.236
2026-07-29T08:17:29.047660+00:00,1,BOTH,687.5,47.5,526.4,23157,-0.0064934312377590685,-1.240154014940016,2.232
2026-07-29T08:17:29.114280+00:00,1,BOTH,687.5,47.5,526.4,23173,0.012538856166356709,2.394745127512756,2.23
2026-07-29T08:17:29.197504+00:00,1,BOTH,687.5,47.5,526.4,23205,-2.452610875479877e-05,-0.004684141731762762,2.229
2026-07-29T08:17:29.214242+00:00,1,BOTH,687.5,47.5,526.5,23203,0.009762575475833727,1.86451457314398,2.228
2026-07-29T08:17:29.281101+00:00,1,BOTH,687.5,47.5,526.5,23204,0.009762575475833727,1.86451457314398,2.227
2026-07-29T08:17:29.347672+00:00,1,BOTH,687.5,47.5,526.5,23090,0.009762575475833727,1.86451457314398,2.227
2026-07-29T08:17:29.364313+00:00,1,BOTH,687.5,47.5,526.5,23130,0.009762575475833727,1.86451457314398,2.227
2026-07-29T08:17:29.447654+00:00,1,BOTH,687.5,47.5,526.5,23203,0.009762575475833727,1.86451457314398,2.227
2026-07-29T08:17:29.497651+00:00,1,BOTH,687.5,47.5,526.5,23200,-9.237022401066497e-05,-0.01764141329496361,2.227
2026-07-29T08:17:29.564258+00:00,1,BOTH,687.75,47.75,526.4,23143,2.310611351276748e-05,0.004412942617439258,2.231
2026-07-29T08:17:29.647668+00:00,1,BOTH,687.5,47.5,526.5,23099,1.1586748296394945e-05,0.0022129059188794233,2.229
2026-07-29T08:17:29.714358+00:00,1,BOTH,687.5,47.5,526.5,23164,4.586298367939889e-05,0.008759184669023106,2.228
2026-07-29T08:17:29.781077+00:00,1,BOTH,687.5,47.5,526.5,23178,1.7113874455390033e-05,0.0032685092580353307,2.228
2026-07-29T08:17:29.880978+00:00,1,BOTH,687.5,47.5,526.5,23170,2.4555689888074996e-05,0.004689791312062567,2.227
2026-07-29T08:17:29.897666+00:00,1,BOTH,687.5,47.5,526.5,23124,-7.487483555451035e-05,-0.01430004023003174,2.227
2026-07-29T08:17:29.997674+00:00,1,BOTH,688.0,48.0,526.4,23217,0.004499467329878826,0.8593349601968482,2.236
2026-07-29T08:17:30.047572+00:00,1,BOTH,687.5,47.5,526.4,23249,-0.017289829495421145,-3.302114195294791,2.232
2026-07-29T08:17:30.131047+00:00,1,BOTH,687.5,47.5,526.4,23290,3.201272338628769e-05,0.006113979802513446,2.23
2026-07-29T08:17:30.197613+00:00,1,BOTH,687.5,47.5,526.4,23196,-9.124770294874906e-06,-0.0017427027564089193,2.229
2026-07-29T08:17:30.247647+00:00,1,BOTH,687.5,47.5,526.5,23163,2.2500382619909942e-05,0.004297256538501166,2.228
2026-07-29T08:17:30.297623+00:00,1,BOTH,687.5,47.5,526.5,23174,1.6214873758144675e-05,0.0030968127722637395,2.227
2026-07-29T08:17:30.397622+00:00,1,BOTH,687.5,47.5,526.5,23160,-1.3072482543066143e-05,-0.002496660258253785,2.227
2026-07-29T08:17:30.464277+00:00,1,BOTH,687.5,47.5,526.5,23154,-0.0075927690044045445,-1.4501120625670945,2.227
2026-07-29T08:17:30.531014+00:00,1,BOTH,687.5,47.5,526.5,23206,4.116446245461702e-05,0.007861833215247641,2.227
2026-07-29T08:17:30.614280+00:00,1,BOTH,687.5,47.5,526.5,23262,2.1216078821453265e-05,0.004051972580953873,2.227
2026-07-29T08:17:30.647808+00:00,1,BOTH,687.5,47.5,526.5,23140,4.127676336793229e-05,0.007883281109809072,2.227
2026-07-29T08:17:30.747779+00:00,1,BOTH,687.5,47.5,526.5,23165,4.6291111211758106e-05,0.008840951004681552,2.227
2026-07-29T08:17:30.797787+00:00,1,BOTH,687.5,47.5,526.5,23237,-3.950670012272894e-05,-0.007545223931737799,2.227
2026-07-29T08:17:30.881067+00:00,1,BOTH,687.5,47.5,526.5,23162,6.298476320807822e-05,0.01202920368484583,2.227
2026-07-29T08:17:30.947764+00:00,1,BOTH,687.5,47.5,526.5,23164,-0.016804721086809877,-3.2094653138956795,2.227
2026-07-29T08:17:30.997773+00:00,1,BOTH,687.5,47.5,526.5,23180,-6.440095385187305e-06,-0.0012299676174430361,2.227
2026-07-29T08:17:31.064333+00:00,1,BOTH,687.5,47.5,526.5,23188,-8.981782884802668e-06,-0.001715394172673434,2.227
2026-07-29T08:17:31.180965+00:00,1,BOTH,687.5,47.5,526.5,23136,-1.007472019409761e-06,-0.00019241298229900487,2.227
2026-07-29T08:17:31.214355+00:00,1,BOTH,688.0,48.0,526.4,23199,0.0042609572043875235,0.8137828816575573,2.236
2026-07-29T08:17:31.247786+00:00,1,BOTH,687.5,47.5,526.4,23177,-0.004162252285022987,-0.7949316306683338,2.232
2026-07-29T08:17:31.281051+00:00,1,BOTH,688.0,48.0,526.3,23220,-0.004162252285022987,-0.7949316306683338,2.239
2026-07-29T08:17:31.347653+00:00,1,BOTH,687.5,47.5,526.4,23152,2.0834781462326646e-05,0.003979150149562408,2.234
2026-07-29T08:17:31.514361+00:00,1,BOTH,687.5,47.5,526.4,23187,2.6435866020619868e-05,0.00504887850251607,2.231
2026-07-29T08:17:31.597651+00:00,1,BOTH,688.0,48.0,526.3,23133,9.246390836779027e-06,0.0017659305689195863,2.239
2026-07-29T08:17:31.664357+00:00,1,BOTH,687.5,47.5,526.4,23129,-2.608867362141609e-06,-0.000498256963867141,2.234
2026-07-29T08:17:31.731204+00:00,1,BOTH,687.5,47.5,526.4,23141,-0.011466770288534463,-2.1899918072634463,2.231
2026-07-29T08:17:31.797818+00:00,1,BOTH,687.5,47.5,526.4,23131,1.2326329397183144e-06,0.0002354155504488768,2.229
2026-07-29T08:17:31.864341+00:00,1,BOTH,687.5,47.5,526.4,23080,-4.321219637859031e-05,-0.008252921586612416,2.228
2026-07-29T08:17:31.964353+00:00,1,BOTH,687.5,47.5,526.4,23156,0.004489259281253908,0.8573853665192744,2.228
2026-07-29T08:17:32.014510+00:00,1,BOTH,687.5,47.5,526.5,23183,-0.04110792844337993,-7.851036014438206,2.227
2026-07-29T08:17:32.114486+00:00,1,BOTH,687.5,47.5,526.5,23123,0.008671398446604145,1.6561151115557189,2.227
2026-07-29T08:17:32.147721+00:00,1,BOTH,688.0,48.0,526.4,23174,-0.00943071801797487,-1.8011344673598029,2.236
2026-07-29T08:17:32.214454+00:00,1,BOTH,687.5,47.5,526.4,23099,-0.001835175120504573,-0.350492630241081,2.232
2026-07-29T08:17:32.281207+00:00,1,BOTH,688.0,48.0,526.3,23171,-0.005959336648847966,-1.1381494622554131,2.239
2026-07-29T08:17:32.297697+00:00,1,BOTH,687.5,47.5,526.4,23120,0.0008262545941397548,0.1578030034916757,2.234
2026-07-29T08:17:32.364267+00:00,1,RIGHT,285.65,-354.35,526.4,11979,0.008723380980081857,1.6660430441446201,-1.766
2026-07-29T08:17:32.431129+00:00,1,BOTH,687.5,47.5,526.4,23119,0.003090449479932431,0.5902323733284284,-0.169
2026-07-29T08:17:32.497734+00:00,1,BOTH,688.0,48.0,526.3,23145,-7.044085505185649e-05,-0.0134532123325472,0.799
2026-07-29T08:17:32.564535+00:00,1,BOTH,687.5,47.5,526.3,23148,-0.00391890298044018,-0.748455337001539,1.37
2026-07-29T08:17:32.631092+00:00,1,BOTH,687.5,47.5,526.4,23105,-0.017354672004003077,-3.314498202210743,1.713
2026-07-29T08:17:32.647743+00:00,1,BOTH,687.5,47.5,526.4,23201,-0.006706294064060785,-1.2808078201477318,1.918
2026-07-29T08:17:32.747756+00:00,1,BOTH,687.5,47.5,526.4,23107,2.5523713702568784e-06,0.00048746702421913966,2.042
2026-07-29T08:17:32.831124+00:00,1,BOTH,687.5,47.5,526.4,23145,5.496556561411126e-05,0.010497649760793261,2.116
2026-07-29T08:17:32.897902+00:00,1,BOTH,687.5,47.5,526.4,23142,0.008126225941668962,1.5519948327578488,2.16
2026-07-29T08:17:32.947877+00:00,1,BOTH,687.5,47.5,526.5,23092,4.7313728719018395e-05,0.009036256562088896,2.187
2026-07-29T08:17:32.964308+00:00,1,BOTH,687.5,47.5,526.5,23088,1.1892141847056335e-05,0.002271231790690798,2.203
2026-07-29T08:17:33.097883+00:00,1,BOTH,687.5,47.5,526.5,23161,3.5067580902250484e-05,0.0066974146114417345,2.212
2026-07-29T08:17:33.264573+00:00,1,BOTH,687.5,47.5,526.5,23135,0.00010249320650473236,0.01957476053827987,2.218
2026-07-29T08:17:33.281127+00:00,1,BOTH,687.5,47.5,526.5,23205,-0.011686545071424916,-2.2319656989402032,2.221
2026-07-29T08:17:33.364473+00:00,1,BOTH,687.5,47.5,526.5,23156,0.0048173444910207764,0.9200450259869606,2.223
2026-07-29T08:17:33.381098+00:00,1,BOTH,688.0,48.0,526.4,23187,-1.728826607177325e-05,-0.0033018156033727403,2.234
2026-07-29T08:17:33.414451+00:00,1,BOTH,688.0,48.0,526.3,23142,2.772766223642975e-05,0.005295593406372328,2.24
2026-07-29T08:17:33.464439+00:00,1,BOTH,687.5,47.5,526.3,23145,6.532953339046799e-06,0.001247702180277601,2.235
2026-07-29T08:17:33.581201+00:00,1,BOTH,687.5,47.5,526.4,23178,1.0129402508027851e-05,0.0019345733756640897,2.232
2026-07-29T08:17:33.664532+00:00,1,BOTH,687.5,47.5,526.4,23125,-0.0038890409865416586,-0.7427521162741034,2.23
2026-07-29T08:17:33.697910+00:00,1,BOTH,687.5,47.5,526.4,23240,0.005839346103166463,1.1152329560920071,2.228
2026-07-29T08:17:33.781307+00:00,1,BOTH,687.5,47.5,526.4,23139,-0.004109481366176624,-0.7848531275652538,2.228
2026-07-29T08:17:33.797810+00:00,1,BOTH,687.5,47.5,526.5,23115,0.019161018992890605,3.659485064875476,2.227
2026-07-29T08:17:33.831263+00:00,1,BOTH,687.5,47.5,526.5,23179,0.0014353415722143836,0.27413004749185416,2.227
2026-07-29T08:17:34.031250+00:00,1,BOTH,687.5,47.5,526.5,23157,-1.1415103072067721e-05,-0.0021801240957876698,2.227
2026-07-29T08:17:34.097811+00:00,1,BOTH,687.5,47.5,526.5,23087,0.011223322636215016,2.143496730562538,2.227
2026-07-29T08:17:34.131217+00:00,1,BOTH,688.0,48.0,526.4,23160,-1.812935806810856e-05,-0.003462452341946894,2.236
2026-07-29T08:17:34.181204+00:00,1,BOTH,687.5,47.5,526.4,23083,-1.914689491968602e-06,-0.00036567875655949537,2.232
2026-07-29T08:17:34.281196+00:00,1,BOTH,687.5,47.5,526.4,23122,-0.02016137871614774,-3.8505396986671716,2.23
2026-07-29T08:17:34.297916+00:00,1,BOTH,687.5,47.5,526.4,23101,-0.017181361396214925,-3.2813983143070486,2.229
2026-07-29T08:17:34.165579+00:00,1,BOTH,687.5,47.5,526.5,23105,-0.027848674510605635,-5.318705048304187,2.228
2026-07-29T08:17:34.414612+00:00,1,BOTH,687.5,47.5,526.5,23092,-3.145432252495084e-05,-0.006007333093743207,2.227
2026-07-29T08:17:34.481076+00:00,1,BOTH,687.5,47.5,526.5,23086,5.6808132212609054e-05,0.010849554059345594,2.227
2026-07-29T08:17:34.564595+00:00,1,BOTH,687.5,47.5,526.5,23123,-3.299787640571594e-05,-0.00630213016980614,2.227
2026-07-29T08:17:34.447817+00:00,1,BOTH,687.5,47.5,526.5,23154,6.892389734275639e-05,0.013163494751109636,2.227
2026-07-29T08:17:34.647743+00:00,1,BOTH,687.5,47.5,526.5,23100,-6.061594962375238e-05,-0.011576793615395407,2.227
2026-07-29T08:17:34.714495+00:00,1,BOTH,687.5,47.5,526.5,23129,0.030163931679271627,5.760886595810754,2.227
2026-07-29T08:17:34.764538+00:00,1,BOTH,687.5,47.5,526.5,23144,-3.053806722164154e-05,-0.005832341220956201,2.227
2026-07-29T08:17:34.781209+00:00,1,BOTH,687.5,47.5,526.5,23147,6.791148873162455e-05,0.012970138949241117,2.227
2026-07-29T08:17:34.831177+00:00,1,BOTH,687.5,47.5,526.5,23133,-6.173025467433035e-06,-0.0011789610203689503,2.227
2026-07-29T08:17:34.964554+00:00,1,BOTH,687.5,47.5,526.5,23152,0.007430599718354643,1.419140010376064,2.227
2026-07-29T08:17:35.097897+00:00,1,BOTH,687.5,47.5,526.5,23095,-0.008498422255215701,-1.623079092479702,2.227
2026-07-29T08:17:35.031193+00:00,1,BOTH,687.5,47.5,526.5,23136,9.995420841732992e-06,0.0019089847622946704,2.227
2026-07-29T08:17:34.997797+00:00,1,BOTH,688.0,48.0,526.4,23163,1.8563449411885813e-05,0.0035453576816855577,2.236
2026-07-29T08:17:35.197927+00:00,1,BOTH,687.5,47.5,526.4,23164,-0.007026263832958648,-1.3419175445798113,2.232
2026-07-29T08:17:35.214427+00:00,1,BOTH,687.5,47.5,526.4,23145,-6.719915400026365e-06,-0.0012834093036882567,2.23
2026-07-29T08:17:35.314374+00:00,1,BOTH,687.5,47.5,526.4,23082,-0.0014741608331678435,-0.28154398021335497,2.229
2026-07-29T08:17:35.348006+00:00,1,BOTH,687.5,47.5,526.5,23115,-0.006289971188016353,-1.2012960077740846,2.228
2026-07-29T08:17:35.498085+00:00,1,BOTH,687.5,47.5,526.5,23091,-0.0019432975928066298,-0.37114250135250765,2.227
2026-07-29T08:17:35.531082+00:00,1,BOTH,687.5,47.5,526.5,23175,0.0008705222956677972,0.16625751171268124,2.227
2026-07-29T08:17:35.631231+00:00,1,BOTH,687.5,47.5,526.5,23142,-7.875496958149597e-06,-0.001504109124233633,2.227
2026-07-29T08:17:35.647989+00:00,1,BOTH,687.5,47.5,526.5,23157,2.081012939015636e-05,0.003974441950590377,2.227
2026-07-29T08:17:35.797980+00:00,1,BOTH,687.5,47.5,526.5,23114,-4.553509803372435e-05,-0.008696563123489529,2.227
2026-07-29T08:17:35.814538+00:00,1,BOTH,687.5,47.5,526.5,23169,7.386552169919014e-07,0.0001410727548298532,2.227
2026-07-29T08:17:35.847950+00:00,1,BOTH,687.5,47.5,526.5,23168,6.210228239069693e-06,0.0011860662263721822,2.227
2026-07-29T08:17:35.931273+00:00,1,BOTH,687.5,47.5,526.5,23134,0.004632302567406441,0.8847046218000154,2.227
2026-07-29T08:17:36.014623+00:00,1,BOTH,687.5,47.5,526.5,23167,-0.010606005809415819,-2.025597901235863,2.227
2026-07-29T08:17:36.081368+00:00,1,BOTH,687.5,47.5,526.5,23108,0.026216365669679362,5.0069570234809655,2.227
2026-07-29T08:17:36.097857+00:00,1,BOTH,687.5,47.5,526.5,23140,3.0750068253837524e-06,0.000587283043561369,2.227
2026-07-29T08:17:36.181256+00:00,1,BOTH,687.5,47.5,526.5,23133,6.437131596612743e-06,0.001229401575520731,2.227
2026-07-29T08:17:36.214527+00:00,1,BOTH,687.5,47.5,526.5,23096,0.0013392982105142437,0.25578711657296604,2.227
2026-07-29T08:17:36.114445+00:00,1,BOTH,687.5,47.5,526.5,23114,-0.0028847139280696863,-0.5509397772699945,2.227
2026-07-29T08:17:36.397873+00:00,1,BOTH,687.5,47.5,526.5,23152,-4.829923273064196e-05,-0.009224473963953038,2.227
2026-07-29T08:17:36.498020+00:00,1,BOTH,687.5,47.5,526.5,23130,0.007851056923391298,1.4994414214242875,2.227
2026-07-29T08:17:36.597942+00:00,1,BOTH,687.5,47.5,526.5,23113,-2.193688049942466e-05,-0.0041896355609995686,2.227
2026-07-29T08:17:36.447932+00:00,1,BOTH,687.5,47.5,526.5,23147,4.877167149970774e-05,0.009314703122439118,2.227
2026-07-29T08:17:36.431324+00:00,1,BOTH,687.5,47.5,526.5,23130,5.301727855112403e-05,0.010125554340829571,2.227
2026-07-29T08:17:36.764735+00:00,1,BOTH,687.5,47.5,526.5,23104,1.1371448636054993e-05,0.002171786712652492,2.227
2026-07-29T08:17:36.814676+00:00,1,BOTH,687.5,47.5,526.5,23140,-0.010487320454849396,-2.0029306682136303,2.227
2026-07-29T08:17:36.831327+00:00,1,BOTH,687.5,47.5,526.5,23122,-2.6528726157266646e-05,-0.005066613482232298,2.227
2026-07-29T08:17:37.031277+00:00,1,BOTH,687.5,47.5,526.5,23095,-2.9455195181071762e-06,-0.0005625527895364976,2.227
2026-07-29T08:17:37.131324+00:00,1,BOTH,687.5,47.5,526.5,23157,-0.0036952106026001273,-0.7057332398032699,2.227
2026-07-29T08:17:37.197912+00:00,1,BOTH,687.5,47.5,526.5,23161,2.7837235102197155e-05,0.00531652028223108,2.227
2026-07-29T08:17:37.247945+00:00,1,BOTH,687.5,47.5,526.5,23168,1.5871379000600425e-05,0.003031210105956556,2.227
2026-07-29T08:17:37.264618+00:00,1,BOTH,687.5,47.5,526.5,23081,1.3415278672255225e-05,0.0025621294963736373,2.227
2026-07-29T08:17:37.314687+00:00,1,BOTH,687.5,47.5,526.5,23034,0.0014412732279743068,0.2752629102937477,2.227
2026-07-29T08:17:37.381308+00:00,1,BOTH,687.5,47.5,526.5,23149,0.014163965894840657,2.7051182231386934,2.227
2026-07-29T08:17:37.414646+00:00,1,BOTH,687.5,47.5,526.5,23076,-0.002749333526880946,-0.5250840252136523,2.227
2026-07-29T08:17:37.498026+00:00,1,BOTH,687.5,47.5,526.5,23094,0.007731664318562252,1.4766391135516956,2.227
2026-07-29T08:17:37.481347+00:00,1,BOTH,687.5,47.5,526.5,23119,-0.002543753082572948,-0.4858210525160771,2.227
2026-07-29T08:17:37.431310+00:00,1,BOTH,687.5,47.5,526.5,23116,0.0010200098849600181,0.19480753823277888,2.227
2026-07-29T08:17:37.648023+00:00,1,BOTH,687.5,47.5,526.5,23096,0.01590043484698981,3.036759363850863,2.227
2026-07-29T08:17:37.681180+00:00,1,BOTH,687.5,47.5,526.5,23096,0.00871902278799098,1.6652106907675717,2.227
2026-07-29T08:17:37.814620+00:00,1,BOTH,687.5,47.5,526.5,23133,0.007483165010926314,1.4291792417534877,2.227
2026-07-29T08:17:37.731351+00:00,1,BOTH,687.5,47.5,526.5,23118,-0.012599314361577853,-2.406291792256588,2.227
2026-07-29T08:17:37.914637+00:00,1,BOTH,687.5,47.5,526.5,23212,0.002987388768597157,0.5705492273513374,2.227
2026-07-29T08:17:38.064591+00:00,1,BOTH,687.5,47.5,526.5,23191,0.004837118726572953,0.9238216267877516,2.227
2026-07-29T08:17:38.198031+00:00,1,BOTH,687.5,47.5,526.5,23129,-0.002483666826810804,-0.4743454229763621,2.227
2026-07-29T08:17:38.214639+00:00,1,BOTH,687.5,47.5,526.5,23123,-0.0002762424170396116,-0.0527584153962084,2.227
2026-07-29T08:17:38.264544+00:00,1,BOTH,687.5,47.5,526.5,23051,0.010523805420671124,2.009898783404511,2.227
2026-07-29T08:17:38.347863+00:00,1,BOTH,687.5,47.5,526.5,23123,-0.004503478690166957,-0.8601010735789025,2.227
2026-07-29T08:17:38.414604+00:00,1,BOTH,687.5,47.5,526.5,23109,-0.0027940394493634812,-0.5336222274719465,2.227
2026-07-29T08:17:38.298053+00:00,1,BOTH,687.5,47.5,526.5,23152,-0.0046667615137994285,-0.8912857957826344,2.227
2026-07-29T08:17:38.231435+00:00,1,BOTH,687.5,47.5,526.5,23119,-0.002132258984493092,-0.4072314688010167,2.227
2026-07-29T08:17:38.548021+00:00,1,BOTH,687.5,47.5,526.5,23216,0.0015531899483175948,0.2966374294024688,2.227
2026-07-29T08:17:38.648006+00:00,1,BOTH,687.5,47.5,526.5,23212,0.004199853937607258,0.8021130173209869,2.227
2026-07-29T08:17:38.714610+00:00,1,BOTH,687.5,47.5,526.5,23137,0.004199853937607258,0.8021130173209869,2.227
2026-07-29T08:17:38.731455+00:00,1,BOTH,687.5,47.5,526.5,23159,0.002461243402212858,0.47006286433738836,2.227
2026-07-29T08:17:38.831364+00:00,1,BOTH,687.5,47.5,526.5,23176,-0.0046510461019352075,-0.8882843732055355,2.227
2026-07-29T08:17:38.881376+00:00,1,BOTH,687.5,47.5,526.5,23165,-0.011913242353475652,-2.2752616905688496,2.227
2026-07-29T08:17:38.914642+00:00,1,BOTH,687.5,47.5,526.5,23190,-0.00011528985705808736,-0.02201874076698317,2.227
2026-07-29T08:17:38.947981+00:00,1,BOTH,687.5,47.5,526.5,23129,-0.0015975738942506723,-0.30511413866947606,2.227
2026-07-29T08:17:38.981369+00:00,1,BOTH,687.5,47.5,526.5,23192,0.009609078976791353,1.8351989012601069,2.227
2026-07-29T08:17:39.148948+00:00,1,BOTH,687.5,47.5,526.5,23154,-0.009527772901346907,-1.8196705846876433,2.227
2026-07-29T08:17:39.047892+00:00,1,BOTH,687.5,47.5,526.5,23125,-0.016222056694095953,-3.0981846119788097,2.227
2026-07-29T08:17:39.247854+00:00,1,BOTH,687.5,47.5,526.5,23186,0.004574609297533243,0.8736860188998703,2.227
2026-07-29T08:17:39.264771+00:00,1,BOTH,687.5,47.5,526.5,23248,0.0069612954405602065,1.3295094956258762,2.227
2026-07-29T08:17:39.397876+00:00,1,BOTH,687.5,47.5,526.5,23180,0.00014403049397515133,0.02750779808653534,2.227
2026-07-29T08:17:39.414703+00:00,1,BOTH,687.5,47.5,526.5,23192,-0.012653751355828717,-2.416688492323096,2.227
2026-07-29T08:17:39.431365+00:00,1,BOTH,687.5,47.5,526.5,23168,-0.012653751355828717,-2.416688492323096,2.227
2026-07-29T08:17:39.497940+00:00,1,BOTH,687.5,47.5,526.5,23162,0.005233155980240553,0.9994591706714365,2.227
2026-07-29T08:17:39.647978+00:00,1,BOTH,687.5,47.5,526.5,23139,-0.008896886436268688,-1.6991801453512783,2.227
2026-07-29T08:17:39.664732+00:00,1,BOTH,687.5,47.5,526.5,23100,-0.004520827932210523,-0.86341453473506,2.227
2026-07-29T08:17:39.681376+00:00,1,BOTH,687.5,47.5,526.5,23149,-0.003651998286950402,-0.6974802954375486,2.227
2026-07-29T08:17:39.781247+00:00,1,BOTH,687.5,47.5,526.5,23197,0.0030516348278251827,0.5828193208317153,2.227
2026-07-29T08:17:39.848131+00:00,1,BOTH,687.5,47.5,526.5,23234,-0.02725091998872813,-5.204542344009383,2.227
2026-07-29T08:17:39.881309+00:00,1,BOTH,687.5,47.5,526.5,23149,-0.002272731789271347,-0.43405979830154723,2.227
2026-07-29T08:17:39.948169+00:00,1,BOTH,687.5,47.5,526.5,23182,0.0008448424561902357,0.16135302364388884,2.227
2026-07-29T08:17:40.064761+00:00,1,BOTH,687.5,47.5,526.5,23193,0.007644921374740079,1.460072431606526,2.227
2026-07-29T08:17:39.914634+00:00,1,BOTH,687.5,47.5,526.5,23212,0.0018821843586920295,0.3594707333953026,2.227
2026-07-29T08:17:39.898065+00:00,1,BOTH,687.5,47.5,526.5,23156,0.0121724974998142,2.324775776243001,2.227
2026-07-29T08:17:40.231360+00:00,1,BOTH,687.5,47.5,526.5,23183,0.014183917052359902,2.7089286135462047,2.227
2026-07-29T08:17:40.281348+00:00,1,BOTH,687.5,47.5,526.5,23166,-0.0052700102498056366,-1.0064978176818253,2.227
2026-07-29T08:17:40.364808+00:00,1,BOTH,687.5,47.5,526.5,23188,0.0032127276598475875,0.613585785447361,2.227
2026-07-29T08:17:40.414720+00:00,1,BOTH,687.5,47.5,526.5,23165,0.0005870969436364248,0.11212725678465706,2.227
2026-07-29T08:17:40.465446+00:00,1,BOTH,687.5,47.5,526.5,23192,-0.002600646349019371,-0.49668686601638806,2.227
2026-07-29T08:17:40.564746+00:00,1,BOTH,687.5,47.5,526.5,23157,0.0059454420430120085,1.135495788014086,2.227
2026-07-29T08:17:40.647943+00:00,1,BOTH,687.5,47.5,526.5,23199,0.002180411522858776,0.4164279262050016,2.227
2026-07-29T08:17:40.681442+00:00,1,BOTH,687.5,47.5,526.5,23197,-0.013275526880170219,-2.5354388701541017,2.227
2026-07-29T08:17:40.781521+00:00,1,BOTH,687.5,47.5,526.5,23188,-0.13732159313512965,-26.22649240885196,2.227
2026-07-29T08:17:40.797907+00:00,1,BOTH,687.5,47.5,526.5,23183,-0.004541364633769263,-0.8673367558165118,2.227
2026-07-29T08:17:40.881166+00:00,1,RIGHT,285.5,-354.5,526.5,11928,-0.01994890664529521,-3.8099605222529904,-1.773
2026-07-29T08:17:40.898306+00:00,1,BOTH,687.5,47.5,526.5,23252,3.977212661993689e-05,0.007595916658607654,-0.173
2026-07-29T08:17:41.081493+00:00,1,BOTH,687.5,47.5,526.5,23116,0.0015867573232389986,0.3030483257769012,0.787
2026-07-29T08:17:41.098089+00:00,1,BOTH,687.5,47.5,526.5,23228,0.04817970080417581,9.201645047607773,1.363
2026-07-29T08:17:41.131495+00:00,1,BOTH,687.5,47.5,526.5,23178,0.04817970080417581,9.201645047607773,1.708
2026-07-29T08:17:41.231462+00:00,1,BOTH,687.5,47.5,526.5,23198,0.04817970080417581,9.201645047607773,1.916
2026-07-29T08:17:41.248054+00:00,1,BOTH,687.5,47.5,526.5,23164,0.04817970080417581,9.201645047607773,2.04
2026-07-29T08:17:41.314827+00:00,1,BOTH,687.5,47.5,526.5,23147,-0.018514160653139697,-3.5359442221735877,2.115
2026-07-29T08:17:41.381382+00:00,1,BOTH,687.5,47.5,526.5,23094,-0.007004849536679103,-1.3378277152529423,2.159
2026-07-29T08:17:41.448140+00:00,1,BOTH,687.5,47.5,526.5,23158,-0.002679083952707515,-0.5116673448378896,2.186
2026-07-29T08:17:41.466484+00:00,1,BOTH,687.5,47.5,526.5,23158,0.0,0.0,2.202
2026-07-29T08:17:41.531530+00:00,1,BOTH,687.5,47.5,526.5,23155,7.670591163332573e-05,0.01464975000097669,2.212
2026-07-29T08:17:41.564833+00:00,1,BOTH,687.5,47.5,526.5,23153,0.0008673219747470284,0.16564629543985632,2.218
2026-07-29T08:17:41.614526+00:00,1,RIGHT,285.5,-354.5,526.5,11895,9.033246897161007e-05,0.0172522307502324,-1.782
2026-07-29T08:17:41.798053+00:00,1,BOTH,687.5,47.5,526.5,23206,-9.6260403006454e-06,-0.0018384382754994117,-0.179
2026-07-29T08:17:41.831474+00:00,1,BOTH,687.5,47.5,526.5,23109,-0.009814435589360073,-1.8744191252444096,0.783
2026-07-29T08:17:41.848111+00:00,1,BOTH,687.5,47.5,526.5,23106,-0.0008255537166041904,-0.15766914574253113,1.361
2026-07-29T08:17:42.031455+00:00,1,BOTH,687.5,47.5,526.5,23127,4.78705289424397e-05,0.009142597571535504,1.707
2026-07-29T08:17:42.048306+00:00,1,BOTH,687.5,47.5,526.5,23206,3.1105076777748765e-05,0.0059406320693179675,1.915
2026-07-29T08:17:42.264688+00:00,1,BOTH,687.5,47.5,526.5,23160,0.004816665123653366,0.9199152763773221,2.04
2026-07-29T08:17:42.281439+00:00,1,BOTH,687.5,47.5,526.5,23140,0.002787293049186701,0.5323337599484939,2.114
2026-07-29T08:17:42.298247+00:00,1,BOTH,687.5,47.5,526.5,23156,0.0012142540511558763,0.23190544129298024,2.159
2026-07-29T08:17:42.314724+00:00,1,BOTH,687.5,47.5,526.5,23163,-0.0007611660598922754,-0.14537200913476475,2.186
2026-07-29T08:17:42.464671+00:00,1,BOTH,687.5,47.5,526.5,23123,-0.001669285653042607,-0.31881007573693615,2.202
2026-07-29T08:17:42.481523+00:00,1,BOTH,687.5,47.5,526.5,23126,-0.0008451961764512816,-0.16142057923750952,2.212
2026-07-29T08:17:42.565514+00:00,1,BOTH,687.5,47.5,526.5,23175,-0.0059857577161164955,-1.1431955144044732,2.218
2026-07-29T08:17:42.614794+00:00,1,BOTH,687.5,47.5,526.5,23165,1.0230846237391229e-06,0.0001953947700832719,2.221
2026-07-29T08:17:42.731393+00:00,1,BOTH,687.5,47.5,526.5,23097,0.0001826801335118944,0.03488933550372647,2.223
2026-07-29T08:17:42.748170+00:00,1,BOTH,687.5,47.5,526.5,23175,-0.008152298351051286,-1.5569742961556636,2.225
2026-07-29T08:17:42.798232+00:00,1,BOTH,687.5,47.5,526.5,23070,0.008032493541977602,1.5340932630713544,2.225
2026-07-29T08:17:42.831519+00:00,1,BOTH,687.5,47.5,526.5,23107,-1.8070197984343395e-05,-0.003451153598228946,2.226
2026-07-29T08:17:42.965002+00:00,1,BOTH,687.5,47.5,526.5,23122,8.024624548852444e-05,0.015325903960877244,2.226
2026-07-29T08:17:43.048198+00:00,1,BOTH,687.5,47.5,526.5,23086,2.9481289966497568e-05,0.005630511632272303,2.226
2026-07-29T08:17:43.064814+00:00,1,BOTH,687.5,47.5,526.5,23118,0.0,0.0,2.226
2026-07-29T08:17:43.131633+00:00,1,BOTH,687.5,47.5,526.5,23098,6.120143865700811e-05,0.0116886137839179,2.226
2026-07-29T08:17:43.098331+00:00,1,BOTH,687.5,47.5,526.5,23120,-0.03782878320314922,-7.224765405519432,2.227
2026-07-29T08:17:43.231598+00:00,1,BOTH,687.5,47.5,526.5,23137,0.0031129052421601956,0.5945211079997623,2.227
2026-07-29T08:17:43.348118+00:00,1,BOTH,687.5,47.5,526.5,23130,0.017285953178361523,3.301373873269555,2.227
2026-07-29T08:17:43.364948+00:00,1,BOTH,687.5,47.5,526.5,23218,1.341433213383425e-05,0.0025619487208514077,2.227
2026-07-29T08:17:43.414814+00:00,1,BOTH,687.5,47.5,526.5,23139,-3.405353520065546e-05,-0.0065037461483258095,2.227
2026-07-29T08:17:43.448137+00:00,1,BOTH,687.5,47.5,526.5,23147,-4.052896576467901e-05,-0.007740462287821036,2.227
2026-07-29T08:17:43.498154+00:00,1,BOTH,687.5,47.5,526.5,23131,-0.0001252334180753678,-0.02391782103238644,2.227
2026-07-29T08:17:43.481575+00:00,1,BOTH,687.5,47.5,526.5,23153,0.010846629799052607,2.0715536980884885,2.227
2026-07-29T08:17:43.666047+00:00,1,BOTH,687.5,47.5,526.5,23140,-0.029307572267134673,-5.597333995604915,2.227
2026-07-29T08:17:43.698087+00:00,1,BOTH,687.5,47.5,526.5,23151,-0.029307572267134673,-5.597333995604915,2.227
2026-07-29T08:17:43.765057+00:00,1,BOTH,687.5,47.5,526.5,23215,-0.029307572267134673,-5.597333995604915,2.227
2026-07-29T08:17:43.748180+00:00,1,BOTH,687.5,47.5,526.5,23192,-0.0158155730022213,-3.0205519453610967,2.227
2026-07-29T08:17:43.798155+00:00,1,BOTH,687.5,47.5,526.5,23082,0.008047110886618612,1.536884970256748,2.227
2026-07-29T08:17:43.848034+00:00,1,BOTH,687.5,47.5,526.5,23215,-4.0040843887254594e-05,-0.007647237876272963,2.227
2026-07-29T08:17:44.064927+00:00,1,BOTH,687.5,47.5,526.5,23172,0.0038518207082597657,0.7356435667479204,2.227
2026-07-29T08:17:44.081555+00:00,1,BOTH,687.5,47.5,526.5,23136,-0.01485553093603812,-2.8371974168700453,2.227
2026-07-29T08:17:44.164919+00:00,1,BOTH,687.5,47.5,526.5,23116,-0.011777862525195814,-2.249406047930048,2.227
2026-07-29T08:17:44.281600+00:00,1,BOTH,687.5,47.5,526.5,23082,3.8679008139297365e-06,0.0007387146407112995,2.227
2026-07-29T08:17:44.314929+00:00,1,BOTH,687.5,47.5,526.5,23100,2.736033908149693e-05,0.005225439851388724,2.227
2026-07-29T08:17:44.331547+00:00,1,BOTH,687.5,47.5,526.5,23107,0.005258135719341226,1.004229949417458,2.227
2026-07-29T08:17:44.481364+00:00,1,BOTH,687.5,47.5,526.5,23140,-0.002146411697904114,-0.40993443795804924,2.227
2026-07-29T08:17:44.548285+00:00,1,BOTH,687.5,47.5,526.5,23100,0.014425471521681174,2.755062118928309,2.227
2026-07-29T08:17:44.598269+00:00,1,BOTH,687.5,47.5,526.5,23079,-0.004284772831597366,-0.8183313314094935,2.227
2026-07-29T08:17:44.631473+00:00,1,BOTH,687.5,47.5,526.5,23083,-0.0009246474941028282,-0.1765946631647991,2.227
2026-07-29T08:17:44.681612+00:00,1,BOTH,687.5,47.5,526.5,23150,-0.0009246474941028282,-0.1765946631647991,2.227
2026-07-29T08:17:44.764904+00:00,1,BOTH,687.5,47.5,526.5,23151,-0.0009246474941028282,-0.1765946631647991,2.227
2026-07-29T08:17:44.798276+00:00,1,BOTH,687.5,47.5,526.5,23190,-0.0009246474941028282,-0.1765946631647991,2.227
2026-07-29T08:17:44.915884+00:00,1,BOTH,687.5,47.5,526.5,23046,-0.008481641492107884,-1.6198742028027462,2.227
2026-07-29T08:17:45.064976+00:00,1,BOTH,687.5,47.5,526.5,23110,0.00011798268984421156,0.022533033945581076,2.227
2026-07-29T08:17:44.864905+00:00,1,BOTH,687.5,47.5,526.5,23086,-0.018101648548536103,-3.457160213534104,2.227
2026-07-29T08:17:44.848287+00:00,1,BOTH,687.5,47.5,526.5,23117,0.0076476684222870975,1.4605970790417457,2.227
2026-07-29T08:17:45.114952+00:00,1,BOTH,687.5,47.5,526.5,23128,-0.01126574503374286,-2.1515988116797766,2.227
2026-07-29T08:17:45.264936+00:00,1,BOTH,687.5,47.5,526.5,23210,-0.017388516961364075,-3.3209621129260274,2.227
2026-07-29T08:17:45.414837+00:00,1,BOTH,687.5,47.5,526.5,23103,0.018356191035127267,3.5057742474955673,2.227
2026-07-29T08:17:45.464939+00:00,1,BOTH,687.5,47.5,526.5,23132,-0.013816702473559418,-2.6387957950763985,2.227
2026-07-29T08:17:45.481647+00:00,1,BOTH,687.5,47.5,526.5,23168,0.01460341049125418,2.789045958819776,2.227
2026-07-29T08:17:45.581800+00:00,1,BOTH,687.5,47.5,526.5,23132,1.2249082792550325e-05,0.0023394024897315136,2.227
2026-07-29T08:17:45.631695+00:00,1,BOTH,687.5,47.5,526.5,23123,-0.030422738325432873,-5.810315024260671,2.227
2026-07-29T08:17:45.598269+00:00,1,BOTH,687.5,47.5,526.5,23134,0.03779951657401398,7.21917589108602,2.227
2026-07-29T08:17:45.831668+00:00,1,BOTH,687.5,47.5,526.5,23136,-0.00629942668179865,-1.2031018740638775,2.227
2026-07-29T08:17:45.881782+00:00,1,BOTH,687.5,47.5,526.5,23143,2.095476229442283e-06,0.0004002064800567672,2.227
2026-07-29T08:17:46.031507+00:00,1,BOTH,687.5,47.5,526.5,23188,9.850051661487669e-05,0.01881221293963559,2.227
2026-07-29T08:17:45.948314+00:00,1,BOTH,687.5,47.5,526.5,23159,-4.7852449788479135e-05,-0.00913914470747181,2.227
2026-07-29T08:17:46.131613+00:00,1,BOTH,687.5,47.5,526.5,23204,-2.534457016736269e-05,-0.004840456347210189,2.227
2026-07-29T08:17:46.148404+00:00,1,BOTH,687.5,47.5,526.5,23201,-2.534457016736269e-05,-0.004840456347210189,2.227
2026-07-29T08:17:46.181503+00:00,1,BOTH,687.5,47.5,526.5,23207,-2.534457016736269e-05,-0.004840456347210189,2.227
2026-07-29T08:17:46.198267+00:00,1,BOTH,687.5,47.5,526.5,23128,-2.534457016736269e-05,-0.004840456347210189,2.227
2026-07-29T08:17:46.264605+00:00,1,RIGHT,285.5,-354.5,526.5,11887,-2.534457016736269e-05,-0.004840456347210189,-1.773
2026-07-29T08:17:46.298487+00:00,1,BOTH,687.5,47.5,526.5,23180,-2.534457016736269e-05,-0.004840456347210189,-0.173
2026-07-29T08:17:46.348238+00:00,1,BOTH,687.5,47.5,526.5,23149,5.887937732040882e-05,0.011245132736059078,0.787
2026-07-29T08:17:46.598261+00:00,1,BOTH,687.5,47.5,526.5,23157,-0.0041674668996711265,-0.7959275487054188,1.363
2026-07-29T08:17:46.615008+00:00,1,BOTH,687.5,47.5,526.5,23189,3.3478308978374116e-06,0.0006393886032319226,1.708
2026-07-29T08:17:46.531615+00:00,1,BOTH,687.5,47.5,526.5,23094,0.000861208498099586,0.1644787074063555,1.916
2026-07-29T08:17:46.681549+00:00,1,BOTH,687.5,47.5,526.5,23136,1.942569448146969e-05,0.0037100343596626253,2.04
2026-07-29T08:17:46.715029+00:00,1,BOTH,687.5,47.5,526.5,23121,2.2956555476412177e-05,0.004384379136521181,2.115
2026-07-29T08:17:46.814913+00:00,1,BOTH,687.5,47.5,526.5,23198,3.215856850147247e-05,0.006141834167722403,2.159
2026-07-29T08:17:46.933496+00:00,1,BOTH,687.5,47.5,526.5,23179,-0.012372325077303686,-2.3629400323112373,2.186
2026-07-29T08:17:46.998277+00:00,1,BOTH,687.5,47.5,526.5,23171,0.0,0.0,2.202
2026-07-29T08:17:47.014849+00:00,1,BOTH,687.5,47.5,526.5,23126,-0.011781979619991034,-2.2501923551154523,2.212
2026-07-29T08:17:47.048128+00:00,1,RIGHT,285.5,-354.5,526.5,11883,-0.0025286461983341723,-0.4829358501544952,-1.788
2026-07-29T08:17:47.131591+00:00,1,BOTH,687.5,47.5,526.5,23144,0.0033179468556772916,0.6336811715967029,-0.182
2026-07-29T08:17:47.231653+00:00,1,BOTH,687.5,47.5,526.5,23174,-0.002313868877515688,-0.4419164034277405,0.781
2026-07-29T08:17:47.298393+00:00,1,BOTH,687.5,47.5,526.5,23229,-2.4286567931994792e-05,-0.004638392804536897,1.359
2026-07-29T08:17:47.364975+00:00,1,BOTH,687.5,47.5,526.5,23087,1.6398947336710987e-05,0.003131968236169471,1.706
2026-07-29T08:17:47.414986+00:00,1,BOTH,687.5,47.5,526.5,23097,9.2907641956117e-05,0.01774405256199359,1.914
2026-07-29T08:17:47.448434+00:00,1,BOTH,687.5,47.5,526.5,23204,-0.001667430610395968,-0.31845578868870555,2.039
2026-07-29T08:17:47.381622+00:00,1,BOTH,687.5,47.5,526.5,23111,-2.989545464515686e-05,-0.0057096112593075345,2.114
2026-07-29T08:17:47.548461+00:00,1,BOTH,687.5,47.5,526.5,23070,-0.020024556004209444,-3.82440848554851,2.159
2026-07-29T08:17:47.514995+00:00,1,BOTH,687.5,47.5,526.5,23153,0.007040837539825588,1.3447009175642661,2.186
2026-07-29T08:17:47.631752+00:00,1,BOTH,687.5,47.5,526.5,23084,0.0038171585265081376,0.7290235776709748,2.202
2026-07-29T08:17:47.815012+00:00,1,BOTH,687.5,47.5,526.5,23141,-0.00764921770663932,-1.4608929705572389,2.212
2026-07-29T08:17:47.865024+00:00,1,BOTH,687.5,47.5,526.5,23084,-8.727040913072414e-06,-0.0016667420398568187,2.218
2026-07-29T08:17:47.948849+00:00,1,BOTH,687.5,47.5,526.5,23161,-0.00010935764294117689,-0.02088577132676018,2.221
2026-07-29T08:17:48.014974+00:00,1,BOTH,687.5,47.5,526.5,23104,-9.703778196126222e-05,-0.018532851198970125,2.223
2026-07-29T08:17:48.081706+00:00,1,BOTH,687.5,47.5,526.5,23147,-9.97775117866695e-06,-0.001905610105230996,2.225
2026-07-29T08:17:48.148335+00:00,1,BOTH,687.5,47.5,526.5,23115,-1.816079064155929e-05,-0.0034684555212734325,2.225
2026-07-29T08:17:48.214957+00:00,1,BOTH,687.5,47.5,526.5,23132,0.0002985633909702301,0.05702140739902833,2.226
2026-07-29T08:17:48.265160+00:00,1,BOTH,687.0,47.0,526.4,23103,-0.0031169678177684545,-0.5952970027874491,2.217
2026-07-29T08:17:48.331756+00:00,1,BOTH,687.5,47.5,526.4,23172,7.81949405791238e-05,0.014934133581533502,2.221
2026-07-29T08:17:48.348397+00:00,1,BOTH,687.5,47.5,526.4,23207,-0.0020489685857319273,-0.3913241743910954,2.223
2026-07-29T08:17:48.448195+00:00,1,BOTH,687.5,47.5,526.4,23141,9.622423793189228e-05,0.018377475734533574,2.224
2026-07-29T08:17:48.465209+00:00,1,BOTH,687.5,47.5,526.5,23074,-0.00021348707377910614,-0.04077302769380268,2.225
2026-07-29T08:17:48.548264+00:00,1,BOTH,687.5,47.5,526.5,23202,9.686007851996691e-05,0.01849891234166622,2.226
2026-07-29T08:17:48.648210+00:00,1,BOTH,687.5,47.5,526.5,23159,9.686007851996691e-05,0.01849891234166622,2.226
2026-07-29T08:17:48.681770+00:00,1,BOTH,687.5,47.5,526.5,23152,9.686007851996691e-05,0.01849891234166622,2.226
2026-07-29T08:17:48.715070+00:00,1,BOTH,687.5,47.5,526.5,23166,9.686007851996691e-05,0.01849891234166622,2.226
2026-07-29T08:17:48.781735+00:00,1,BOTH,687.5,47.5,526.5,23160,-3.547492524376139e-06,-0.0006775211650032103,2.226
2026-07-29T08:17:48.848430+00:00,1,BOTH,687.5,47.5,526.5,23145,-9.768408956006169e-05,-0.01865628685789827,2.227
2026-07-29T08:17:48.865083+00:00,1,BOTH,687.5,47.5,526.5,23111,4.251597274560481e-05,0.00811995266738797,2.227
2026-07-29T08:17:48.898343+00:00,1,BOTH,687.5,47.5,526.5,23135,4.790257575223222e-05,0.00914871806136207,2.227
2026-07-29T08:17:49.015158+00:00,1,BOTH,687.5,47.5,526.5,23128,-5.5482960306108e-05,-0.010596464868106208,2.227
2026-07-29T08:17:49.115124+00:00,1,BOTH,687.5,47.5,526.5,23070,-6.40837533865124e-05,-0.012239095348014524,2.227
2026-07-29T08:17:49.198457+00:00,1,BOTH,687.5,47.5,526.5,23208,6.07111682620598e-05,0.011594979035748732,2.227
2026-07-29T08:17:49.248587+00:00,1,BOTH,687.5,47.5,526.5,23181,2.2529857669724152e-05,0.004302885858352139,2.227
2026-07-29T08:17:49.315094+00:00,1,BOTH,687.5,47.5,526.5,23056,-4.616819715010933e-06,-0.0008817476148097266,2.227
2026-07-29T08:17:49.331722+00:00,1,BOTH,687.5,47.5,526.5,23115,-5.352912121452389e-06,-0.0010223309088788059,2.227
2026-07-29T08:17:49.381671+00:00,1,BOTH,687.5,47.5,526.5,23181,1.1882580147357657e-05,0.0022694056405651118,2.227
2026-07-29T08:17:49.465096+00:00,1,BOTH,687.5,47.5,526.5,23145,-3.629887767601758e-05,-0.0069325749729914985,2.227
2026-07-29T08:17:49.581652+00:00,1,BOTH,687.5,47.5,526.5,23136,4.7737404238432645e-05,0.00911717262590706,2.227
2026-07-29T08:17:49.598501+00:00,1,BOTH,687.5,47.5,526.5,23082,0.005266450646449812,1.0058179835183942,2.227
2026-07-29T08:17:49.615023+00:00,1,BOTH,687.5,47.5,526.5,23162,1.1385427205823353e-06,0.00021744564228236792,2.227
2026-07-29T08:17:49.715118+00:00,1,BOTH,687.5,47.5,526.5,23131,-0.006319483523839153,-1.206932448728149,2.227
2026-07-29T08:17:49.765087+00:00,1,BOTH,687.5,47.5,526.5,23073,0.046284806751646104,8.83974694149313,2.227
2026-07-29T08:17:49.865101+00:00,1,BOTH,687.5,47.5,526.5,23097,0.011793833256233484,2.2524562328773716,2.227
2026-07-29T08:17:49.898539+00:00,1,BOTH,687.5,47.5,526.5,23159,0.003960037530632689,0.7563114573955385,2.227
2026-07-29T08:17:50.081813+00:00,1,BOTH,687.5,47.5,526.5,23115,0.008319996215868741,1.589002229113649,2.227
2026-07-29T08:17:50.065089+00:00,1,BOTH,687.5,47.5,526.5,23178,0.008104153893655167,1.54777938210318,2.227
2026-07-29T08:17:50.198423+00:00,1,BOTH,687.5,47.5,526.5,23141,0.029895525465835817,5.709624785060889,2.227
2026-07-29T08:17:50.281865+00:00,1,BOTH,687.5,47.5,526.5,23133,0.0031244978243194057,0.5967351281043669,2.227
2026-07-29T08:17:50.348461+00:00,1,BOTH,687.5,47.5,526.5,23061,0.0031244978243194057,0.5967351281043669,2.227
2026-07-29T08:17:50.248468+00:00,1,BOTH,687.5,47.5,526.5,23139,0.0031244978243194057,0.5967351281043669,2.227
2026-07-29T08:17:50.416866+00:00,1,BOTH,687.5,47.5,526.5,23105,0.0031244978243194057,0.5967351281043669,2.227
2026-07-29T08:17:50.448449+00:00,1,BOTH,687.5,47.5,526.5,23136,1.069596590241417e-05,0.002042779013413896,2.227
2026-07-29T08:17:50.531862+00:00,1,BOTH,687.5,47.5,526.5,23181,0.00036070243397261947,0.06888909042242447,2.227
2026-07-29T08:17:50.481845+00:00,1,BOTH,687.5,47.5,526.5,23138,-5.564229133597109e-05,-0.010626894853294967,2.227
2026-07-29T08:17:50.715215+00:00,1,BOTH,687.5,47.5,526.5,23147,2.878608618630096e-05,0.005497737490582948,2.227
2026-07-29T08:17:50.748328+00:00,1,BOTH,687.5,47.5,526.5,23113,-2.7512364649737716e-05,-0.005254474596182975,2.227
2026-07-29T08:17:50.798429+00:00,1,BOTH,687.5,47.5,526.5,23081,2.553093872847967e-05,0.004876050120496618,2.227
2026-07-29T08:17:50.866742+00:00,1,BOTH,687.5,47.5,526.5,23083,-2.8776223480235786e-05,-0.005495853852475907,2.227
2026-07-29T08:17:50.965172+00:00,1,BOTH,687.5,47.5,526.5,23074,-2.4860474877641536e-05,-0.004748000957266239,2.227
2026-07-29T08:17:50.981704+00:00,1,BOTH,687.5,47.5,526.5,23091,2.0952293343725614e-05,0.004001593265718417,2.227
2026-07-29T08:17:51.081744+00:00,1,BOTH,687.5,47.5,526.5,23156,8.556115353712812e-06,0.0016340976626494257,2.227
2026-07-29T08:17:51.065325+00:00,1,BOTH,687.5,47.5,526.5,23161,-0.007284962130070198,-1.391325279885522,2.227
2026-07-29T08:17:51.298456+00:00,1,BOTH,687.5,47.5,526.5,23150,1.586480575497262e-05,0.003029954708515969,2.227
2026-07-29T08:17:51.398580+00:00,1,BOTH,687.5,47.5,526.5,23066,5.335377571555e-05,0.010189820565295328,2.227
2026-07-29T08:17:51.448543+00:00,1,BOTH,687.5,47.5,526.5,23079,7.611754175741225e-05,0.014537379632035097,2.227
2026-07-29T08:17:51.498574+00:00,1,BOTH,687.5,47.5,526.5,23100,1.2184803417767397e-05,0.0023271260334488423,2.227
2026-07-29T08:17:51.567322+00:00,1,BOTH,687.5,47.5,526.5,23067,-2.530536403355654e-06,-0.00048329685272164636,2.227
2026-07-29T08:17:51.581779+00:00,1,BOTH,687.5,47.5,526.5,23132,-2.530536403355654e-06,-0.00048329685272164636,2.227
2026-07-29T08:17:51.598528+00:00,1,BOTH,687.5,47.5,526.5,23049,-2.530536403355654e-06,-0.00048329685272164636,2.227
2026-07-29T08:17:51.715087+00:00,1,BOTH,687.5,47.5,526.5,23105,-3.3391202450729906e-05,-0.00637724991097905,2.227
2026-07-29T08:17:51.798544+00:00,1,BOTH,687.5,47.5,526.5,23135,-2.9234964167699217e-05,-0.005583466870084521,2.227
2026-07-29T08:17:51.815166+00:00,1,BOTH,687.5,47.5,526.5,23148,-0.00011586060281842947,-0.022127745177791796,2.227
2026-07-29T08:17:51.881858+00:00,1,BOTH,687.5,47.5,526.5,23093,0.00988500779028982,1.887897422791822,2.227
2026-07-29T08:17:51.931861+00:00,1,BOTH,687.5,47.5,526.5,23131,-0.00845371645540581,-1.6145409136501572,2.227
2026-07-29T08:17:52.081817+00:00,1,BOTH,687.5,47.5,526.5,23127,7.570829708129167e-05,0.014459219656268738,2.227
2026-07-29T08:17:52.131893+00:00,1,BOTH,687.5,47.5,526.5,23155,9.872273745713755e-05,0.01885465399424022,2.227
2026-07-29T08:17:52.165189+00:00,1,BOTH,687.5,47.5,526.5,23103,5.296664268826134e-05,0.010115883603382786,2.227
2026-07-29T08:17:52.265084+00:00,1,BOTH,687.5,47.5,526.5,23247,4.482201460632495e-05,0.0085603742207205,2.227
2026-07-29T08:17:52.148460+00:00,1,BOTH,687.5,47.5,526.5,23214,-4.735939262900501e-05,-0.009044977726483223,2.227
2026-07-29T08:17:52.115268+00:00,1,BOTH,687.5,47.5,526.5,23153,0.0031521844468079506,0.6020228834962524,2.227
2026-07-29T08:17:52.448633+00:00,1,BOTH,687.5,47.5,526.5,23156,-0.0072598954578279515,-1.3865378981324605,2.227
2026-07-29T08:17:52.498651+00:00,1,BOTH,687.5,47.5,526.5,23091,-3.323177952552214e-06,-0.0006346802375072267,2.227
2026-07-29T08:17:52.565168+00:00,1,BOTH,687.5,47.5,526.5,23139,2.859379583242116e-05,0.005461012738188317,2.227
2026-07-29T08:17:52.698555+00:00,1,BOTH,687.5,47.5,526.5,23152,0.010795163638540543,2.0617243854715417,2.227
2026-07-29T08:17:52.815178+00:00,1,BOTH,687.5,47.5,526.5,23152,4.77834263438126e-05,0.009125962200582321,2.227
2026-07-29T08:17:52.831985+00:00,1,BOTH,687.5,47.5,526.5,23095,-4.386858185171149e-05,-0.008378281977757555,2.227
2026-07-29T08:17:52.748521+00:00,1,BOTH,687.5,47.5,526.5,23138,2.3678876459598538e-05,0.004522332282488911,2.227
2026-07-29T08:17:52.732131+00:00,1,BOTH,687.5,47.5,526.5,23107,0.0001030113163869828,0.01967371223686977,2.227
2026-07-29T08:17:53.015378+00:00,1,BOTH,687.5,47.5,526.5,23117,3.138641186524182e-05,0.005994363113125622,2.227
2026-07-29T08:17:53.048358+00:00,1,BOTH,687.5,47.5,526.5,23155,0.002026747939817142,0.387080343627856,2.227
2026-07-29T08:17:53.231949+00:00,1,BOTH,687.5,47.5,526.5,23141,6.391611532308161e-06,0.0012207078836280088,2.227
2026-07-29T08:17:53.098459+00:00,1,BOTH,687.5,47.5,526.5,23130,-9.266659762943164e-06,-0.0017698016486678105,2.227
2026-07-29T08:17:53.065319+00:00,1,BOTH,687.5,47.5,526.5,23052,1.1672212549456162e-05,0.0022292283888782427,2.227
2026-07-29T08:17:53.348537+00:00,1,BOTH,687.5,47.5,526.5,23128,0.014827820826903917,2.8319051758592564,2.227
2026-07-29T08:17:53.498603+00:00,1,BOTH,687.5,47.5,526.5,23090,5.3282603767002e-06,0.0010176227724390254,2.227
2026-07-29T08:17:53.515232+00:00,1,BOTH,687.5,47.5,526.5,23146,0.07796617266489193,14.890442128288514,2.227
2026-07-29T08:17:53.598519+00:00,1,BOTH,687.5,47.5,526.5,23187,0.013059199504205025,2.4941233847009507,2.227
2026-07-29T08:17:53.665268+00:00,1,BOTH,687.5,47.5,526.5,23100,-7.715952669968828e-05,-0.014736384097063761,2.227
2026-07-29T08:17:53.781780+00:00,1,BOTH,687.5,47.5,526.5,23056,-4.2939794839185196e-05,-0.008200896724809817,2.227
2026-07-29T08:17:53.798658+00:00,1,BOTH,687.5,47.5,526.5,23128,4.978686054528225e-05,0.009508589948170231,2.227
2026-07-29T08:17:53.898639+00:00,1,BOTH,687.5,47.5,526.5,23126,-3.856522052956279e-06,-0.0007365414574450753,2.227
2026-07-29T08:17:53.865228+00:00,1,BOTH,687.5,47.5,526.5,23112,0.0022662100063826074,0.4328142295201292,2.227
2026-07-29T08:17:54.065135+00:00,1,BOTH,687.5,47.5,526.5,23239,3.947712029912508e-06,0.0007539574601566991,2.227
2026-07-29T08:17:54.082031+00:00,1,BOTH,687.5,47.5,526.5,23139,-7.108840323780896e-05,-0.013576884926168632,2.227
2026-07-29T08:17:53.965228+00:00,1,BOTH,687.5,47.5,526.5,23163,-7.108840323780896e-05,-0.013576884926168632,2.227
2026-07-29T08:17:54.181916+00:00,1,BOTH,687.5,47.5,526.5,23194,-1.3968089770060034e-05,-0.002667708638947668,2.227
2026-07-29T08:17:54.281883+00:00,1,BOTH,687.5,47.5,526.5,23159,3.665028198156505e-06,0.0006999688251693484,2.227
2026-07-29T08:17:54.348621+00:00,1,BOTH,687.5,47.5,526.5,23153,-0.0007073061412665993,-0.13508552239420046,2.227
2026-07-29T08:17:54.431977+00:00,1,BOTH,687.5,47.5,526.5,23107,-0.0013709799185744487,-0.2618378771050172,2.227
2026-07-29T08:17:54.215250+00:00,1,BOTH,687.5,47.5,526.5,23170,-0.0013709799185744487,-0.2618378771050172,2.227
2026-07-29T08:17:54.448568+00:00,1,BOTH,687.5,47.5,526.5,23265,-0.0013709799185744487,-0.2618378771050172,2.227
2026-07-29T08:17:54.582025+00:00,1,BOTH,687.5,47.5,526.5,23106,-0.0013709799185744487,-0.2618378771050172,2.227
2026-07-29T08:17:54.665295+00:00,1,BOTH,687.5,47.5,526.5,23165,-0.0013709799185744487,-0.2618378771050172,2.227
2026-07-29T08:17:54.698673+00:00,1,BOTH,687.5,47.5,526.5,23166,-0.0005760841083247214,-0.11002396017187957,2.227
2026-07-29T08:17:54.732008+00:00,1,BOTH,687.5,47.5,526.5,23159,4.7479989007115364e-05,0.009068009938117514,2.227
2026-07-29T08:17:54.765130+00:00,1,BOTH,687.5,47.5,526.5,23146,0.01656998087419197,3.1646332356789806,2.227
2026-07-29T08:17:54.848507+00:00,1,BOTH,687.5,47.5,526.5,23161,6.644712702836842e-06,0.00126904664649839,2.227
2026-07-29T08:17:54.998633+00:00,1,BOTH,687.5,47.5,526.5,23129,-0.019877212845894974,-3.796268015176687,2.227
2026-07-29T08:17:55.015235+00:00,1,BOTH,687.5,47.5,526.5,23158,-0.0005700437311315909,-0.10887033310576806,2.227
2026-07-29T08:17:55.081989+00:00,1,BOTH,687.5,47.5,526.5,23145,-1.600286159373354e-05,-0.003056321431509767,2.227
2026-07-29T08:17:55.248599+00:00,1,BOTH,687.5,47.5,526.5,23134,8.890055178198963e-06,0.0016978754711640786,2.227
2026-07-29T08:17:55.282012+00:00,1,BOTH,688.0,48.0,526.4,23161,0.014720850442972732,2.811475337418753,2.236
2026-07-29T08:17:55.298599+00:00,1,BOTH,687.5,47.5,526.4,23184,6.235971464775503e-05,0.01190982820318834,2.232
2026-07-29T08:17:55.315387+00:00,1,BOTH,687.5,47.5,526.4,23249,-1.3065291568636893e-05,-0.0024952868833025095,2.23
2026-07-29T08:17:55.465428+00:00,1,BOTH,687.5,47.5,526.4,23185,8.31123259558808e-06,0.0015873285009291918,2.229
2026-07-29T08:17:55.531914+00:00,1,BOTH,687.5,47.5,526.5,23101,4.383036866784095e-06,0.0008370983797232423,2.228
2026-07-29T08:17:55.548749+00:00,1,BOTH,687.5,47.5,526.5,23212,8.792773587629196e-07,0.00016792960559508543,2.227
2026-07-29T08:17:55.698635+00:00,1,BOTH,687.5,47.5,526.5,23202,2.9616057872772217e-06,0.000565625040641681,2.227
2026-07-29T08:17:55.732018+00:00,1,BOTH,687.5,47.5,526.5,23112,1.2882053561042994e-05,0.0024602910016974545,2.227
2026-07-29T08:17:55.765484+00:00,1,BOTH,687.5,47.5,526.5,23172,2.7555096312426028e-05,0.005262635742595032,2.227
2026-07-29T08:17:55.882001+00:00,1,BOTH,687.5,47.5,526.5,23199,-3.1478155287913976e-05,-0.006011884816182951,2.227
2026-07-29T08:17:55.898664+00:00,1,BOTH,687.5,47.5,526.5,23134,-7.752438395982608e-06,-0.0014806066700832436,2.227
2026-07-29T08:17:55.965718+00:00,1,BOTH,687.5,47.5,526.5,23117,-8.726493033464065e-06,-0.0016666374025593534,2.227
2026-07-29T08:17:55.915345+00:00,1,BOTH,687.5,47.5,526.5,23146,-5.042926040914608e-05,-0.009631279284700818,2.227
2026-07-29T08:17:56.215222+00:00,1,BOTH,687.5,47.5,526.5,23091,-8.503522403771058e-06,-0.0016240531491034077,2.227
2026-07-29T08:17:56.265354+00:00,1,BOTH,687.5,47.5,526.5,23165,-0.011334506428956956,-2.1647312708104396,2.227
2026-07-29T08:17:56.281965+00:00,1,BOTH,687.5,47.5,526.5,23130,0.008891418058192357,1.6981357620694262,2.227
2026-07-29T08:17:56.315404+00:00,1,BOTH,687.5,47.5,526.5,23124,-4.7315020055975764e-05,-0.009036503189280851,2.227
2026-07-29T08:17:56.448606+00:00,1,BOTH,687.5,47.5,526.5,23191,2.617125940560072e-05,0.004998342361609936,2.227
2026-07-29T08:17:56.548702+00:00,1,BOTH,688.0,48.0,526.4,23269,-3.716675564646721e-05,-0.007098327455788642,2.236
2026-07-29T08:17:56.565440+00:00,1,BOTH,687.5,47.5,526.4,23151,2.0921887771692126e-05,0.003995786229214418,2.232
2026-07-29T08:17:56.665349+00:00,1,BOTH,687.5,47.5,526.4,23239,-9.220093488693237e-07,-0.00017609081453939123,2.23
2026-07-29T08:17:56.832186+00:00,1,BOTH,687.5,47.5,526.4,23196,2.6468190480954948e-05,0.0050550520196901965,2.229
2026-07-29T08:17:56.898691+00:00,1,BOTH,687.5,47.5,526.5,23201,3.239055131416535e-05,0.006186139621345322,2.228
2026-07-29T08:17:56.915393+00:00,1,BOTH,687.5,47.5,526.5,23227,-2.632245887070894e-05,-0.005027219332327725,2.227
2026-07-29T08:17:56.948712+00:00,1,BOTH,687.5,47.5,526.5,23191,-8.29640710435342e-06,-0.0015844970406726777,2.227
2026-07-29T08:17:57.015395+00:00,1,BOTH,687.5,47.5,526.5,23133,6.183051107655046e-05,0.011808757766077432,2.227
2026-07-29T08:17:57.148523+00:00,1,BOTH,687.5,47.5,526.5,23149,3.5465310502331705e-05,0.006773375369682001,2.227
2026-07-29T08:17:57.232166+00:00,1,BOTH,687.5,47.5,526.5,23128,0.008264865675300825,1.5784730714575945,2.227
2026-07-29T08:17:57.282130+00:00,1,BOTH,687.5,47.5,526.5,23180,0.021008956503355877,4.012415132054051,2.227
2026-07-29T08:17:57.248682+00:00,1,BOTH,687.5,47.5,526.5,23185,3.207146306522191e-05,0.0061251982548230595,2.227
2026-07-29T08:17:57.365355+00:00,1,BOTH,687.5,47.5,526.5,23191,1.4824115860392338e-05,0.0028311975793780864,2.227
2026-07-29T08:17:57.382080+00:00,1,BOTH,687.5,47.5,526.5,23171,4.370882779767271e-06,0.0008347771200902463,2.227
2026-07-29T08:17:57.415372+00:00,1,BOTH,687.5,47.5,526.5,23144,-3.339489529025741e-05,-0.006377955191376866,2.227
2026-07-29T08:17:57.515351+00:00,1,BOTH,687.5,47.5,526.5,23159,0.010941570903814863,2.0896861134391105,2.227
2026-07-29T08:17:57.398740+00:00,1,BOTH,687.5,47.5,526.5,23181,-0.027205478228861466,-5.195863607162693,2.227
2026-07-29T08:17:57.565430+00:00,1,BOTH,687.5,47.5,526.5,23180,0.026444887317484244,5.050601443302948,2.227
2026-07-29T08:17:57.598817+00:00,1,BOTH,687.5,47.5,526.5,23204,3.370397927938029e-05,0.006436985885016227,2.227
2026-07-29T08:17:57.781891+00:00,1,BOTH,687.5,47.5,526.5,23175,2.3117118144000414e-05,0.004415044347188409,2.227
2026-07-29T08:17:57.815485+00:00,1,BOTH,687.5,47.5,526.5,23174,-2.4122948598233052e-05,-0.004607143813632598,2.227
2026-07-29T08:17:57.848540+00:00,1,BOTH,687.5,47.5,526.5,23210,0.0008716524863848462,0.16647336223978715,2.227
2026-07-29T08:17:57.915465+00:00,1,BOTH,687.5,47.5,526.5,23171,0.006493657240353059,1.2401971782559984,2.227
2026-07-29T08:17:57.948609+00:00,1,BOTH,687.5,47.5,526.5,23124,-0.003263883228501072,-0.6233557793888157,2.227
2026-07-29T08:17:57.998713+00:00,1,BOTH,687.5,47.5,526.5,23209,1.04856037069112e-06,0.0002002602793509143,2.227
2026-07-29T08:17:58.148685+00:00,1,BOTH,687.5,47.5,526.5,23220,-0.007549258085200563,-1.4418020891233518,2.227
2026-07-29T08:17:58.232116+00:00,1,BOTH,687.5,47.5,526.5,23197,-1.338659698376432e-05,-0.0025566516973741776,2.227
2026-07-29T08:17:58.282064+00:00,1,BOTH,687.5,47.5,526.5,23208,3.710836128448136e-05,0.007087174954158147,2.227
2026-07-29T08:17:58.298831+00:00,1,BOTH,688.0,48.0,526.4,23210,4.35943580669118e-06,0.0008325909092720468,2.236
2026-07-29T08:17:58.365360+00:00,1,BOTH,688.0,48.0,526.3,23203,-1.9968651031376794e-05,-0.003813731422224829,2.242
2026-07-29T08:17:58.398954+00:00,1,BOTH,687.5,47.5,526.4,23220,-2.5515695451758802e-05,-0.004873138869089766,2.236
2026-07-29T08:17:58.448884+00:00,1,BOTH,688.0,48.0,526.3,23243,4.684333020122721e-05,0.008946417062893414,2.241
2026-07-29T08:17:58.582072+00:00,1,BOTH,687.5,47.5,526.3,23264,4.0315295336768045e-06,0.0007699654242067526,2.235
2026-07-29T08:17:58.648863+00:00,1,BOTH,687.5,47.5,526.4,23193,-3.5524476261343806e-05,-0.006784675197292272,2.232
2026-07-29T08:17:58.598835+00:00,1,BOTH,687.5,47.5,526.4,23208,0.025854544123867527,4.93785419844124,2.23
2026-07-29T08:17:58.498831+00:00,1,BOTH,688.0,48.0,526.3,23222,4.270990585155232e-05,0.00815699116231682,2.238
2026-07-29T08:17:58.732031+00:00,1,BOTH,687.5,47.5,526.3,23154,-0.004147522899438627,-0.792118525238985,2.233
2026-07-29T08:17:58.748847+00:00,1,BOTH,688.0,48.0,526.3,23188,1.6033882275223732e-05,0.0030622459452664588,2.24
2026-07-29T08:17:58.798813+00:00,1,BOTH,687.5,47.5,526.3,23273,4.6926433278713375e-05,0.008962288581575101,2.235
2026-07-29T08:17:58.982120+00:00,1,BOTH,687.5,47.5,526.4,23170,-0.0183143316564383,-3.4977796950558417,2.231
2026-07-29T08:17:59.048872+00:00,1,BOTH,687.5,47.5,526.4,23224,-0.019665059866383672,-3.7557497807196096,2.229
2026-07-29T08:17:59.065374+00:00,1,BOTH,687.5,47.5,526.4,23216,6.1983754858374595e-06,0.001183802517252792,2.228
2026-07-29T08:17:59.115414+00:00,1,BOTH,687.5,47.5,526.4,23218,-4.8057891544885936e-05,-0.009178381192731358,2.228
2026-07-29T08:17:59.182186+00:00,1,BOTH,687.5,47.5,526.4,23127,1.735136094794143e-05,0.0033138658370838645,2.227
2026-07-29T08:17:59.215317+00:00,1,BOTH,687.5,47.5,526.5,23166,-7.499338098568841e-06,-0.001432268073965528,2.227
2026-07-29T08:17:59.265355+00:00,1,BOTH,687.5,47.5,526.5,23185,-5.908421007916329e-07,-0.00011284252911334587,2.227
2026-07-29T08:17:59.365460+00:00,1,BOTH,687.5,47.5,526.5,23201,3.567321313312277e-05,0.006813081847328649,2.227
2026-07-29T08:17:59.398865+00:00,1,BOTH,687.5,47.5,526.5,23166,-0.003582245247089304,-0.6841584461300528,2.227
2026-07-29T08:17:59.432130+00:00,1,BOTH,687.5,47.5,526.5,23175,4.699618293670937e-06,0.000897560978499394,2.227
2026-07-29T08:17:59.498676+00:00,1,BOTH,687.5,47.5,526.5,23223,-1.4224787082639522e-05,-0.002716734214358185,2.227
2026-07-29T08:17:59.632180+00:00,1,BOTH,687.5,47.5,526.5,23117,0.012199925762251951,2.3300141884998684,2.227
2026-07-29T08:17:59.648793+00:00,1,BOTH,687.5,47.5,526.5,23220,-0.0016628457156184595,-0.3175801382878295,2.227
2026-07-29T08:17:59.665421+00:00,1,BOTH,687.5,47.5,526.5,23204,-2.9201893194112924e-05,-0.005577150779381578,2.227
2026-07-29T08:17:59.832199+00:00,1,BOTH,688.0,48.0,526.4,23238,-2.3715854622423647e-05,-0.004529394591368998,2.236
2026-07-29T08:17:59.865608+00:00,1,BOTH,687.5,47.5,526.4,23221,2.900795734603889e-06,0.0005540111760745136,2.232
2026-07-29T08:17:59.882244+00:00,1,BOTH,687.5,47.5,526.4,23185,-0.01924815506208688,-3.6761268282364976,2.23
2026-07-29T08:17:59.915615+00:00,1,BOTH,687.5,47.5,526.4,23252,-0.00475720309681492,-0.9085588657802002,2.229
2026-07-29T08:17:59.998818+00:00,1,BOTH,687.5,47.5,526.5,23244,-0.020419766547856853,-3.899888139448735,2.228
2026-07-29T08:18:00.032118+00:00,1,BOTH,688.0,48.0,526.4,23260,0.0045833472613594495,0.875354847062469,2.237
2026-07-29T08:18:00.148721+00:00,1,BOTH,688.0,48.0,526.3,23164,4.728789717773907e-06,0.0009031323101110152,2.242
2026-07-29T08:18:00.082207+00:00,1,BOTH,688.0,48.0,526.2,23269,-1.0945779795292765e-05,-0.0020904899524994856,2.245
2026-07-29T08:18:00.065566+00:00,1,BOTH,688.0,48.0,526.2,23210,1.2738849181914703e-05,0.0024329409799246464,2.247
2026-07-29T08:18:00.298741+00:00,1,BOTH,688.0,48.0,526.1,23264,2.2363965399563313e-05,0.004271202768571939,2.248
2026-07-29T08:18:00.432238+00:00,1,BOTH,688.0,48.0,526.1,23183,-1.7769635160220787e-05,-0.0033937503272264183,2.249
2026-07-29T08:18:00.465596+00:00,1,BOTH,687.5,47.5,526.2,23262,-4.784669727087021e-06,-0.0009138046057536591,2.24
2026-07-29T08:18:00.248795+00:00,1,BOTH,688.0,48.0,526.2,23174,-5.490844545420259e-05,-0.010486740613833662,2.244
2026-07-29T08:18:00.515548+00:00,1,BOTH,688.0,48.0,526.1,23177,-3.5032971172768154e-05,-0.00669080464001031,2.246
2026-07-29T08:18:00.615540+00:00,1,BOTH,688.0,48.0,526.1,23233,-4.1996615182142704e-05,-0.008020762679239379,2.248
2026-07-29T08:18:00.632212+00:00,1,BOTH,688.0,48.0,526.1,23246,-1.346774472040124e-05,-0.00257214977346196,2.249
2026-07-29T08:18:00.832074+00:00,1,BOTH,688.0,48.0,526.1,23192,-3.363762516528368e-05,-0.006424313182712677,2.249
2026-07-29T08:18:00.882077+00:00,1,BOTH,688.0,48.0,526.1,23195,0.0,0.0,2.25
2026-07-29T08:18:00.648938+00:00,1,BOTH,688.0,48.0,526.0,23224,0.02634503723587841,5.03153148243611,2.25
2026-07-29T08:18:00.998883+00:00,1,BOTH,687.5,47.5,526.1,23180,-4.7982579271774736e-05,-0.009163997608081998,2.24
2026-07-29T08:18:00.898942+00:00,1,BOTH,687.5,47.5,526.2,23161,-1.350143844319973e-05,-0.0025785848005034175,2.235
2026-07-29T08:18:01.082324+00:00,1,BOTH,687.5,47.5,526.3,23236,2.8838679136242717e-05,0.005507782004128966,2.232
2026-07-29T08:18:01.115532+00:00,1,BOTH,687.5,47.5,526.3,23212,4.895031670457684e-06,0.0009348821843336616,2.23
2026-07-29T08:18:01.132325+00:00,1,BOTH,687.5,47.5,526.3,23141,1.4288350666902259e-06,0.00027288739647214486,2.228
2026-07-29T08:18:01.165537+00:00,1,BOTH,687.5,47.5,526.4,23191,0.01045563121093437,1.9968784684393257,2.228
2026-07-29T08:18:01.265652+00:00,1,BOTH,687.5,47.5,526.4,23137,7.047785329632461e-06,0.0013460278476738591,2.227
2026-07-29T08:18:01.482276+00:00,1,BOTH,687.5,47.5,526.4,23181,0.009006432304158807,1.7201018649952835,2.227
2026-07-29T08:18:01.498807+00:00,1,BOTH,687.5,47.5,526.4,23177,-0.019456092804321087,-3.7158400116748282,2.227
2026-07-29T08:18:01.532299+00:00,1,BOTH,687.5,47.5,526.5,23156,6.763046403648331e-06,0.001291646718600597,2.227
2026-07-29T08:18:01.515517+00:00,1,BOTH,687.5,47.5,526.5,23188,-7.223278960736934e-05,-0.01379544662319566,2.227
2026-07-29T08:18:01.715559+00:00,1,BOTH,709.5,69.5,526.3,23116,-0.013487025138601894,-2.5758320620957758,2.639
2026-07-29T08:18:01.865495+00:00,1,BOTH,687.5,47.5,526.3,23217,-3.381686954526231e-05,-0.006458546337626725,2.474
2026-07-29T08:18:01.882291+00:00,1,BOTH,687.5,47.5,526.4,23153,-0.0030832237055437874,-0.588852352074485,2.375
2026-07-29T08:18:01.948922+00:00,1,BOTH,687.5,47.5,526.4,23167,-1.0597353684715926e-05,-0.002023945467138781,2.316
2026-07-29T08:18:02.015512+00:00,1,BOTH,687.5,47.5,526.4,23216,2.5855702988337724e-05,0.0049380755252518066,2.28
2026-07-29T08:18:02.165773+00:00,1,BOTH,687.5,47.5,526.4,23146,-1.0996009659720585e-05,-0.0021000831499569136,2.259
2026-07-29T08:18:02.232250+00:00,1,BOTH,688.0,48.0,526.3,23251,3.287277650088072e-05,0.006278237847924318,2.255
2026-07-29T08:18:02.182125+00:00,1,BOTH,687.5,47.5,526.4,23224,-1.5063594910316169e-05,-0.002876934708852881,2.244
2026-07-29T08:18:02.282262+00:00,1,BOTH,687.5,47.5,526.4,23158,-1.8157297745347023e-05,-0.003467788427235966,2.237
2026-07-29T08:18:02.432276+00:00,1,BOTH,687.5,47.5,526.4,23228,-7.309347201953643e-05,-0.013959824855590037,2.233
2026-07-29T08:18:02.482253+00:00,1,BOTH,688.0,48.0,526.3,23259,-0.003798887690936681,-0.7255341051162351,2.24
2026-07-29T08:18:02.515698+00:00,1,BOTH,687.5,47.5,526.4,23244,-0.016316874159747384,-3.116293413998655,2.234
2026-07-29T08:18:02.615665+00:00,1,BOTH,687.5,47.5,526.4,23246,2.9898841457907107e-05,0.005710258092896168,2.231
2026-07-29T08:18:02.632342+00:00,1,BOTH,687.5,47.5,526.4,23228,-0.004034988569028428,-0.7706260512962013,2.229
2026-07-29T08:18:02.698899+00:00,1,BOTH,687.5,47.5,526.4,23201,-3.0492871301248665e-05,-0.005823709435990464,2.228
2026-07-29T08:18:02.582154+00:00,1,BOTH,687.5,47.5,526.4,23285,-0.007149737454892602,-1.3654992693065096,2.228
2026-07-29T08:18:02.748952+00:00,1,BOTH,688.0,48.0,526.4,23193,-0.007149737454892602,-1.3654992693065096,2.237
2026-07-29T08:18:02.798880+00:00,1,BOTH,687.5,47.5,526.4,23152,-0.007149737454892602,-1.3654992693065096,2.233
2026-07-29T08:18:02.915629+00:00,1,BOTH,687.5,47.5,526.4,23167,-0.007149737454892602,-1.3654992693065096,2.23
2026-07-29T08:18:03.048820+00:00,1,BOTH,688.0,48.0,526.3,23201,-0.007149737454892602,-1.3654992693065096,2.238
2026-07-29T08:18:03.065542+00:00,1,BOTH,687.5,47.5,526.4,23167,-0.007149737454892602,-1.3654992693065096,2.233
2026-07-29T08:18:02.898878+00:00,1,BOTH,687.5,47.5,526.4,23193,-0.006556932207313366,-1.2522818067748491,2.231
2026-07-29T08:18:03.149060+00:00,1,BOTH,687.5,47.5,526.4,23237,0.023138178282388254,4.419066537340358,2.229
2026-07-29T08:18:03.232190+00:00,1,BOTH,687.5,47.5,526.4,23153,-4.363479092717171e-05,-0.008333631200208916,2.228
2026-07-29T08:18:03.365546+00:00,1,BOTH,687.5,47.5,526.4,23204,0.02187358006136492,4.17754606785906,2.227
2026-07-29T08:18:03.182112+00:00,1,BOTH,687.5,47.5,526.5,23191,-5.47289002861362e-05,-0.010452450012626426,2.227
2026-07-29T08:18:03.482272+00:00,1,BOTH,687.5,47.5,526.5,23236,-5.626864498481154e-05,-0.010746519588498891,2.227
2026-07-29T08:18:03.465608+00:00,1,BOTH,687.5,47.5,526.5,23176,7.002207006735261e-05,0.013373230292095455,2.227
2026-07-29T08:18:03.632244+00:00,1,BOTH,688.0,48.0,526.4,23223,0.004146665510488674,0.79195477601154,2.236
2026-07-29T08:18:03.665612+00:00,1,BOTH,687.5,47.5,526.4,23239,-0.000517334644073344,-0.09880363900435078,2.232
2026-07-29T08:18:03.648995+00:00,1,BOTH,687.5,47.5,526.4,23152,-1.414082944393158e-05,-0.0027006994865053546,2.23
2026-07-29T08:18:03.782356+00:00,1,BOTH,687.5,47.5,526.4,23128,7.668044418096542e-05,0.014644886075859372,2.229
2026-07-29T08:18:03.898857+00:00,1,BOTH,687.5,47.5,526.4,23183,-0.010081675426336005,-1.9254581744993597,2.228
2026-07-29T08:18:03.932411+00:00,1,BOTH,687.5,47.5,526.5,23115,-5.214859556872397e-06,-0.0009959648112075035,2.227
2026-07-29T08:18:03.965601+00:00,1,BOTH,687.5,47.5,526.5,23113,-0.00930524083902128,-1.7771700914289748,2.227
2026-07-29T08:18:04.065490+00:00,1,BOTH,687.5,47.5,526.5,23129,-0.007819726577145048,-1.4934577660556418,2.227
2026-07-29T08:18:04.082372+00:00,1,BOTH,687.5,47.5,526.5,23199,2.8898358286824078e-05,0.005519179882306426,2.227
2026-07-29T08:18:04.248996+00:00,1,BOTH,687.5,47.5,526.5,23164,-2.527554519474506e-05,-0.004827273548503535,2.227
2026-07-29T08:18:04.265581+00:00,1,BOTH,687.5,47.5,526.5,23139,0.008836417520069518,1.6876314330514692,2.227
2026-07-29T08:18:04.315626+00:00,1,BOTH,687.5,47.5,526.5,23121,-0.020421164379804395,-3.9001551056856103,2.227
2026-07-29T08:18:04.532406+00:00,1,BOTH,687.5,47.5,526.5,23199,-2.6616030663717537e-05,-0.005083287414739328,2.227
2026-07-29T08:18:04.549120+00:00,1,BOTH,687.5,47.5,526.5,23147,4.004412723588757e-05,0.007647864949670763,2.227
2026-07-29T08:18:04.598868+00:00,1,BOTH,687.5,47.5,526.5,23211,1.5046332555357365e-06,0.000287363784190756,2.227
2026-07-29T08:18:04.632224+00:00,1,BOTH,687.5,47.5,526.5,23211,5.719426553696394e-05,0.010923300092061895,2.227
2026-07-29T08:18:04.698975+00:00,1,BOTH,687.5,47.5,526.5,23093,2.9984205903019755e-05,0.005726561500980938,2.227
2026-07-29T08:18:04.815720+00:00,1,BOTH,687.5,47.5,526.5,23125,0.04702556809876114,8.981221937546854,2.227
2026-07-29T08:18:04.865407+00:00,1,RIGHT,285.5,-354.5,526.5,11831,1.8613063730299473e-05,0.0035548333185139607,-1.773
2026-07-29T08:18:04.899073+00:00,1,BOTH,687.5,47.5,526.5,23162,-6.6284769127378235e-06,-0.0012659458389992764,-0.173
2026-07-29T08:18:04.932352+00:00,1,BOTH,687.5,47.5,526.5,23149,-0.0001386383225326426,-0.02647796919964628,0.787
2026-07-29T08:18:04.998971+00:00,1,BOTH,687.5,47.5,526.5,23165,4.194444481981918e-06,0.0008010798873983359,1.363
2026-07-29T08:18:04.965730+00:00,1,BOTH,687.5,47.5,526.5,23202,2.3993608519958797e-05,0.004582441678275909,1.708
2026-07-29T08:18:05.165774+00:00,1,BOTH,687.5,47.5,526.5,23099,-0.003160156440571882,-0.6035454221528452,1.916
2026-07-29T08:18:05.215744+00:00,1,BOTH,687.5,47.5,526.5,23137,-0.01154852075036615,-2.205604995384117,2.04
2026-07-29T08:18:05.299192+00:00,1,BOTH,687.5,47.5,526.5,23147,7.29406380560249e-05,0.013930635718671815,2.115
2026-07-29T08:18:05.265783+00:00,1,BOTH,687.5,47.5,526.5,23166,-5.747750401496887e-06,-0.0010977394656679867,2.159
2026-07-29T08:18:05.449005+00:00,1,BOTH,687.5,47.5,526.5,23224,-5.956081949989311e-05,-0.011375278605614566,2.186
2026-07-29T08:18:05.465553+00:00,1,BOTH,687.5,47.5,526.5,23212,0.0,0.0,2.202
2026-07-29T08:18:05.499144+00:00,1,BOTH,687.5,47.5,526.5,23148,0.012051531101751606,2.3016728960033808,2.212
2026-07-29T08:18:05.615817+00:00,1,BOTH,687.5,47.5,526.5,23092,-0.016770301006181397,-3.2028915627273067,2.218
2026-07-29T08:18:05.682323+00:00,1,BOTH,687.5,47.5,526.5,23112,-0.001306530826186645,-0.24952900714745094,2.221
2026-07-29T08:18:05.732350+00:00,1,BOTH,688.0,48.0,526.4,23161,-3.256544354371726e-05,-0.006219541576755182,2.233
2026-07-29T08:18:05.598893+00:00,1,RIGHT,285.6,-354.4,526.4,11892,0.006929636856220896,1.3234631513992048,-1.767
2026-07-29T08:18:05.832385+00:00,1,BOTH,688.0,48.0,526.3,23158,0.006929636856220896,1.3234631513992048,-0.16
2026-07-29T08:18:05.815754+00:00,1,BOTH,688.0,48.0,526.3,23158,0.006929636856220896,1.3234631513992048,0.804
2026-07-29T08:18:05.799134+00:00,1,BOTH,687.5,47.5,526.3,23226,0.006929636856220896,1.3234631513992048,1.373
2026-07-29T08:18:05.999183+00:00,1,BOTH,687.5,47.5,526.3,23175,0.006929636856220896,1.3234631513992048,1.714
2026-07-29T08:18:06.165828+00:00,1,BOTH,688.0,48.0,526.3,23216,-7.237526471726595e-05,-0.01382265736480479,1.929
2026-07-29T08:18:06.232415+00:00,1,BOTH,687.5,47.5,526.3,23173,0.0016398488598133555,0.31318806235548485,2.048
2026-07-29T08:18:06.248938+00:00,1,BOTH,687.5,47.5,526.4,23138,-8.381903062399941e-06,-0.0016008255658776552,2.119
2026-07-29T08:18:06.365675+00:00,1,BOTH,688.0,48.0,526.3,23169,3.1063989736139776e-05,0.005932785022395056,2.172
2026-07-29T08:18:06.432458+00:00,1,BOTH,687.5,47.5,526.3,23174,3.1063989736139776e-05,0.005932785022395056,2.194
2026-07-29T08:18:06.349123+00:00,1,BOTH,687.5,47.5,526.4,23175,3.1063989736139776e-05,0.005932785022395056,2.207
2026-07-29T08:18:06.315690+00:00,1,BOTH,687.5,47.5,526.4,23092,3.1063989736139776e-05,0.005932785022395056,2.215
2026-07-29T08:18:06.649072+00:00,1,BOTH,687.5,47.5,526.4,23128,-6.955664983252064e-05,-0.013284341574909257,2.219
2026-07-29T08:18:06.749095+00:00,1,BOTH,687.5,47.5,526.4,23134,-0.017568456557637547,-3.355328044371887,2.222
2026-07-29T08:18:06.832350+00:00,1,BOTH,687.5,47.5,526.4,23226,1.1301176418783142e-05,0.002158365707763481,2.224
2026-07-29T08:18:06.699121+00:00,1,BOTH,687.5,47.5,526.5,23190,1.4988814227763214e-05,0.0028626526505215744,2.225
2026-07-29T08:18:06.865840+00:00,1,BOTH,687.5,47.5,526.5,23129,-1.8689998250920324e-05,-0.003569526729615417,2.226
2026-07-29T08:18:06.949096+00:00,1,BOTH,688.0,48.0,526.4,23130,-8.701939950697122e-06,-0.0016619481091707492,2.235
2026-07-29T08:18:06.965858+00:00,1,BOTH,687.5,47.5,526.4,23121,-1.6132698801811783e-05,-0.0030811185116652513,2.232
2026-07-29T08:18:07.015823+00:00,1,BOTH,687.5,47.5,526.4,23107,6.4754306076793e-05,0.012367161478328597,2.23
2026-07-29T08:18:07.132438+00:00,1,BOTH,688.0,48.0,526.3,23121,0.016076179204974325,3.07032406380336,2.238
2026-07-29T08:18:07.032361+00:00,1,BOTH,687.5,47.5,526.4,23193,5.089869489893317e-05,0.009720934668109742,2.233
2026-07-29T08:18:06.999027+00:00,1,BOTH,687.5,47.5,526.4,23155,-5.799947393825278e-06,-0.0011077083568802985,2.231
2026-07-29T08:18:07.282434+00:00,1,BOTH,687.5,47.5,526.4,23189,-0.01352959151030518,-2.5839616402550534,2.229
2026-07-29T08:18:07.332395+00:00,1,BOTH,687.5,47.5,526.4,23173,-0.006476846088917227,-1.2369864848359036,2.228
2026-07-29T08:18:07.249135+00:00,1,BOTH,688.0,48.0,526.3,23175,3.9984966279007494e-05,0.007636566039200151,2.237
2026-07-29T08:18:07.482426+00:00,1,BOTH,687.5,47.5,526.4,23048,-5.806388799101114e-05,-0.011089385746684275,2.233
2026-07-29T08:18:07.499072+00:00,1,BOTH,687.5,47.5,526.4,23140,2.7726021653506904e-05,0.005295280078114259,2.23
2026-07-29T08:18:07.599243+00:00,1,BOTH,688.0,48.0,526.3,23189,0.009307037102844333,1.777513152548818,2.238
2026-07-29T08:18:07.565748+00:00,1,BOTH,687.5,47.5,526.4,23155,4.3149478733539576e-05,0.008240943398737727,2.234
2026-07-29T08:18:07.732458+00:00,1,BOTH,687.5,47.5,526.4,23117,0.0032682286022463814,0.6241856846421929,2.231
2026-07-29T08:18:07.765750+00:00,1,BOTH,687.5,47.5,526.4,23135,3.786776214838028e-05,0.00723220983569147,2.229
2026-07-29T08:18:07.849231+00:00,1,BOTH,687.5,47.5,526.4,23081,0.020506175991613418,3.9163911275731484,2.228
2026-07-29T08:18:07.949193+00:00,1,BOTH,687.5,47.5,526.4,23098,-1.236084193806164e-05,-0.002360746914264136,2.227
2026-07-29T08:18:07.982440+00:00,1,BOTH,687.5,47.5,526.5,23118,5.3363037295639515e-05,0.010191589396797835,2.227
2026-07-29T08:18:08.149248+00:00,1,BOTH,687.5,47.5,526.5,23141,5.492590513313189e-05,0.010490075166881338,2.227
2026-07-29T08:18:08.199167+00:00,1,BOTH,688.0,48.0,526.4,23111,1.0071694196085445e-05,0.0019235518999403418,2.236
2026-07-29T08:18:08.165869+00:00,1,BOTH,687.5,47.5,526.4,23142,-4.409719433169812e-05,-0.008421943745248397,2.232
2026-07-29T08:18:08.315897+00:00,1,BOTH,687.5,47.5,526.4,23146,-4.409719433169812e-05,-0.008421943745248397,2.23
2026-07-29T08:18:08.382529+00:00,1,BOTH,687.0,47.0,526.3,23073,-0.010292870618286543,-1.9657934850067638,2.219
2026-07-29T08:18:08.465775+00:00,1,BOTH,687.0,47.0,526.3,22863,-0.04443615396390669,-8.486680266417922,2.213
2026-07-29T08:18:08.532541+00:00,1,BOTH,689.0,49.0,526.6,19297,0.013359809333924205,2.5515356331111345,2.246
2026-07-29T08:18:08.549087+00:00,1,BOTH,690.0,50.0,527.1,17950,-0.008611352999323571,-1.6446472758618782,2.285
2026-07-29T08:18:08.632424+00:00,1,LEFT,688.09,48.09,527.1,11843,0.0,0.0,2.273
2026-07-29T08:18:08.682314+00:00,1,NONE,0.0,0.0,527.1,0,0.11340842510573566,21.6594137326138,2.265
2026-07-29T08:18:08.699377+00:00,1,LEFT,688.09,48.09,527.1,11844,-0.05673235547408694,-10.83508176833698,2.261
2026-07-29T08:18:08.782623+00:00,1,LEFT,689.09,49.09,527.1,11735,1.949120985955233e-05,0.003722546875187089,2.277
2026-07-29T08:18:08.799145+00:00,1,LEFT,688.09,48.09,527.1,11795,-0.003958801740081981,-0.7560754387858126,2.268
2026-07-29T08:18:08.865762+00:00,1,LEFT,688.09,48.09,527.1,11798,0.004047947507351637,0.7731010262058352,2.262
2026-07-29T08:18:08.949331+00:00,1,LEFT,688.09,48.09,527.1,11691,0.01763289723690832,3.367635307542459,2.259
2026-07-29T08:18:08.982543+00:00,1,LEFT,689.09,49.09,527.1,11663,0.025584847013233228,4.886345844487179,2.276
2026-07-29T08:18:09.099178+00:00,1,BOTH,687.0,47.0,526.9,22199,0.049495791303925216,9.452999817917455,2.247
2026-07-29T08:18:09.165899+00:00,1,BOTH,687.0,47.0,526.7,23035,-1.7937272787094116e-05,-0.0034257667555845205,2.229
2026-07-29T08:18:09.265953+00:00,1,BOTH,686.5,46.5,526.7,22860,-0.02282218654640019,-4.35871656122993,2.209
2026-07-29T08:18:09.365932+00:00,1,RIGHT,687.34,47.34,526.7,11170,6.197677757882047e-06,0.0011836692610291473,2.213
2026-07-29T08:18:09.432385+00:00,1,BOTH,699.0,59.0,524.1,18210,-0.008080147093860433,-1.5431944210770008,2.434
2026-07-29T08:18:09.449214+00:00,1,BOTH,691.0,51.0,523.9,18595,1.6092432051664215e-05,0.003073428128871373,2.417
2026-07-29T08:18:09.499158+00:00,1,BOTH,663.5,23.5,529.0,16505,5.310181877575814e-06,0.0010141700334398312,1.891
2026-07-29T08:18:09.515939+00:00,1,BOTH,655.0,15.0,534.8,16973,-4.282330919522792e-05,-0.008178649605567766,1.416
2026-07-29T08:18:09.649239+00:00,1,RIGHT,679.18,39.18,534.8,11128,-0.02291062906384468,-4.375607837826869,1.584
2026-07-29T08:18:09.749177+00:00,1,RIGHT,679.18,39.18,534.8,11223,2.4747980351094153e-05,0.004726516085301282,1.685
2026-07-29T08:18:09.615904+00:00,1,RIGHT,679.18,39.18,534.8,11163,-2.4447216710541397e-05,-0.0046690744611857385,1.746
2026-07-29T08:18:09.582612+00:00,1,BOTH,613.0,-27.0,534.8,14120,-3.21552805689862e-05,-0.006141206218873113,0.541
2026-07-29T08:18:10.032538+00:00,1,BOTH,691.5,51.5,532.4,11749,-0.006843192297965288,-1.3069534568994743,1.29
2026-07-29T08:18:10.049325+00:00,1,BOTH,689.5,49.5,530.8,12953,-0.0034750770354730776,-0.6636908253848041,1.702
2026-07-29T08:18:10.065739+00:00,1,BOTH,688.0,48.0,529.8,14298,-3.317097143735736e-05,-0.006335188885698596,1.921
2026-07-29T08:18:10.199271+00:00,1,BOTH,687.5,47.5,529.2,20892,5.762639630120247e-05,0.011005830988690665,2.043
2026-07-29T08:18:10.299290+00:00,1,BOTH,688.0,48.0,528.5,23197,1.803506165742874e-05,0.003444443054096274,2.126
2026-07-29T08:18:10.365870+00:00,1,BOTH,688.0,48.0,528.0,22981,-3.6867221351712944e-05,-0.007041120619425819,2.176
2026-07-29T08:18:10.415800+00:00,1,BOTH,687.5,47.5,527.7,23024,4.639557155314833e-05,0.008860901460308736,2.196
2026-07-29T08:18:10.465873+00:00,1,BOTH,687.5,47.5,527.5,23173,3.485649358481169e-05,0.006657099903448463,2.208
2026-07-29T08:18:10.565882+00:00,1,BOTH,687.5,47.5,527.3,23148,-2.775933971861377e-05,-0.005301643359821478,2.216
2026-07-29T08:18:10.582516+00:00,1,BOTH,687.5,47.5,527.1,23083,0.0032701897865626962,0.6245602432560999,2.22
2026-07-29T08:18:10.632521+00:00,1,BOTH,687.5,47.5,527.0,23132,0.00802379984757863,1.5324328897465624,2.223
2026-07-29T08:18:10.532471+00:00,1,BOTH,687.5,47.5,526.9,23118,0.011170667574333493,2.133440354509833,2.224
2026-07-29T08:18:10.749182+00:00,1,BOTH,687.5,47.5,526.8,23084,4.222013914841227e-05,0.008063452612196948,2.225
2026-07-29T08:18:10.782613+00:00,1,BOTH,687.5,47.5,526.8,23082,-0.003419330906472169,-0.6530440989983244,2.226
2026-07-29T08:18:10.799140+00:00,1,BOTH,687.5,47.5,526.7,23071,0.004096382248535519,0.782351380377985,2.226
2026-07-29T08:18:10.882756+00:00,1,BOTH,687.5,47.5,526.7,23118,-0.00010107918293215334,-0.019304701928810574,2.226
2026-07-29T08:18:10.932362+00:00,1,BOTH,687.5,47.5,526.6,23128,-0.05871742871706374,-11.21420283116004,2.226
2026-07-29T08:18:11.032328+00:00,1,RIGHT,285.37,-354.63,526.6,11935,-3.0996112036518753e-06,-0.0005919821336690586,-1.774
2026-07-29T08:18:11.149279+00:00,1,BOTH,687.5,47.5,526.6,23176,6.179601768963025e-07,0.00011802170014438634,-0.174
2026-07-29T08:18:10.982634+00:00,1,BOTH,687.5,47.5,526.6,23093,-5.810631002532318e-05,-0.011097487758432407,0.786
2026-07-29T08:18:11.232636+00:00,1,BOTH,687.5,47.5,526.6,23141,-0.0025274376658853724,-0.4827050374587591,1.363
2026-07-29T08:18:11.282633+00:00,1,BOTH,687.5,47.5,526.6,23183,0.009643111315090208,1.841698599098393,1.708
2026-07-29T08:18:11.399276+00:00,1,BOTH,687.5,47.5,526.5,23134,-0.009440094258170575,-1.8029251973295188,1.916
2026-07-29T08:18:11.449285+00:00,1,BOTH,687.5,47.5,526.5,23148,0.01441714085314743,2.7534710784366223,2.04
2026-07-29T08:18:11.482520+00:00,1,BOTH,687.5,47.5,526.5,23114,-7.938710041344166e-05,-0.015161819338238266,2.115
2026-07-29T08:18:11.549309+00:00,1,BOTH,687.5,47.5,526.5,23110,8.28082615043968e-06,0.0015815212976725273,2.159
2026-07-29T08:18:11.432616+00:00,1,BOTH,687.5,47.5,526.5,23092,-2.2147946292534468e-05,-0.004229946158148813,2.186
2026-07-29T08:18:11.599108+00:00,1,BOTH,687.5,47.5,526.5,23100,6.642023334279656e-05,0.012685330149387835,2.202
2026-07-29T08:18:11.715886+00:00,1,BOTH,687.5,47.5,526.5,23187,-1.176958903670311e-06,-0.00022478259280217744,2.212
2026-07-29T08:18:11.799179+00:00,1,BOTH,687.5,47.5,526.5,23189,-0.00010673480574041605,-0.020384846320248503,2.218
2026-07-29T08:18:11.915935+00:00,1,BOTH,687.5,47.5,526.5,23228,9.827370231505483e-06,0.00187688945992589,2.221
2026-07-29T08:18:11.932595+00:00,1,BOTH,687.5,47.5,526.5,23113,3.0401652620639654e-05,0.0058062879512849695,2.223
2026-07-29T08:18:12.032634+00:00,1,BOTH,688.0,48.0,526.4,23229,2.372736096731387e-05,0.004531592141368437,2.234
2026-07-29T08:18:12.049314+00:00,1,BOTH,688.0,48.0,526.3,23228,-1.6926205935305918e-05,-0.0032326672108743773,2.24
2026-07-29T08:18:12.166041+00:00,1,BOTH,688.0,48.0,526.3,23177,-1.0201268814853392e-05,-0.001948298829231742,2.244
2026-07-29T08:18:12.315825+00:00,1,BOTH,687.0,47.0,526.4,21253,1.4050369500182568e-05,0.0026834229098659903,2.228
2026-07-29T08:18:12.332642+00:00,1,BOTH,687.0,47.0,526.5,20638,-3.228302666684612e-05,-0.006165603926395241,2.218
2026-07-29T08:18:12.399434+00:00,1,BOTH,686.0,46.0,526.8,17577,-3.767583097214811e-05,-0.00719555368117452,2.193
2026-07-29T08:18:12.365851+00:00,1,BOTH,686.5,46.5,527.0,19614,3.988306809333153e-05,0.007617104919269239,2.188
2026-07-29T08:18:12.349378+00:00,1,BOTH,686.5,46.5,527.1,19861,-3.8975849747657776e-05,-0.007443838978256084,2.185
2026-07-29T08:18:12.565833+00:00,1,BOTH,690.0,50.0,526.3,16312,5.202717147767544e-05,0.009936457818914057,2.248
2026-07-29T08:18:12.716064+00:00,1,BOTH,690.5,50.5,525.5,14046,-6.12954146345146e-05,-0.01170656187354036,2.296
2026-07-29T08:18:12.782598+00:00,1,BOTH,690.5,50.5,525.1,17897,-4.351953975856304e-05,-0.008311619848391493,2.324
2026-07-29T08:18:12.865941+00:00,1,BOTH,688.0,48.0,525.3,21373,-4.535385858616791e-05,-0.008661948938735307,2.295
2026-07-29T08:18:12.882613+00:00,1,BOTH,687.5,47.5,525.5,21065,-3.4043643245240675e-05,-0.00650185692400448,2.267
2026-07-29T08:18:12.949333+00:00,1,BOTH,687.0,47.0,525.6,21034,-2.2837193682789803e-05,-0.004361582713155603,2.242
2026-07-29T08:18:12.999350+00:00,1,BOTH,688.0,48.0,525.7,22440,6.721727331751026e-06,0.0012837553571568865,2.245
2026-07-29T08:18:13.015965+00:00,1,BOTH,687.5,47.5,525.9,21535,-0.00010316972300643101,-0.01970396567267416,2.238
2026-07-29T08:18:13.082709+00:00,1,BOTH,687.5,47.5,526.0,22903,2.4550758535042402e-05,0.004688849493009044,2.233
2026-07-29T08:18:13.249309+00:00,1,BOTH,688.0,48.0,526.0,23176,-4.3612089939415455e-05,-0.008329295630911546,2.24
2026-07-29T08:18:13.299200+00:00,1,BOTH,687.5,47.5,526.1,23198,0.015936650298026506,3.0436760055094148,2.235
2026-07-29T08:18:13.332449+00:00,1,RIGHT,285.91,-354.09,526.1,11962,1.6449893591925503e-05,0.0031416982541887647,-1.765
2026-07-29T08:18:13.366138+00:00,1,BOTH,687.5,47.5,526.2,23122,3.50068439729512e-07,6.685814712410289e-05,-0.169
2026-07-29T08:18:13.432746+00:00,1,BOTH,687.5,47.5,526.2,23219,-1.9465736404526975e-05,-0.003717681803645191,0.789
2026-07-29T08:18:13.465951+00:00,1,BOTH,688.0,48.0,526.2,23091,0.0010593182034790516,0.20231487406910073,1.374
2026-07-29T08:18:13.566017+00:00,1,BOTH,687.5,47.5,526.3,23156,4.507018747972325e-06,0.000860777174817169,1.715
2026-07-29T08:18:13.599380+00:00,1,BOTH,687.5,47.5,526.3,23117,-0.0016085290943738074,-0.3072064277720655,1.92
2026-07-29T08:18:13.632740+00:00,1,BOTH,687.5,47.5,526.3,23095,0.0001261307678942103,0.024089202223608122,2.042
2026-07-29T08:18:13.749459+00:00,1,BOTH,687.5,47.5,526.4,23120,-0.006905885963933542,-1.3189270651067542,2.116
2026-07-29T08:18:13.682705+00:00,1,BOTH,687.5,47.5,526.4,23226,0.006959307584911585,1.3291298431627188,2.16
2026-07-29T08:18:13.799345+00:00,1,BOTH,687.5,47.5,526.4,23140,-0.012808317388407885,-2.4462084300659885,2.187
2026-07-29T08:18:13.999346+00:00,1,BOTH,687.0,47.0,526.3,23107,-0.0028533022524788974,-0.5449405891407069,2.193
2026-07-29T08:18:14.032737+00:00,1,BOTH,687.0,47.0,526.3,23083,0.09806571938097478,18.729172784813784,2.197
2026-07-29T08:18:13.916014+00:00,1,BOTH,688.0,48.0,526.2,23124,-0.040652600163593886,-7.764074718689232,2.218
2026-07-29T08:18:14.182839+00:00,1,BOTH,688.0,48.0,526.2,23139,0.01337566371250432,2.5545635963759454,2.231
2026-07-29T08:18:14.099477+00:00,1,BOTH,687.5,47.5,526.0,23125,0.0004556336323730647,0.08701961379730641,2.229
2026-07-29T08:18:14.316086+00:00,1,BOTH,687.5,47.5,526.1,23126,0.02944652715115808,5.623872423595818,2.228
2026-07-29T08:18:14.299362+00:00,1,BOTH,687.5,47.5,526.0,23128,-0.005252763187163509,-1.0032038713538531,2.228
2026-07-29T08:18:14.466115+00:00,1,BOTH,687.5,47.5,526.1,23164,0.054183770953677594,10.34833797916422,2.227
2026-07-29T08:18:14.349360+00:00,1,BOTH,687.5,47.5,526.2,23259,-0.040273823873139915,-7.691733775947119,2.227
2026-07-29T08:18:14.599456+00:00,1,BOTH,687.5,47.5,526.2,23121,-0.015997977805091067,-3.055388696585608,2.227
2026-07-29T08:18:14.682570+00:00,1,BOTH,687.5,47.5,526.3,23301,-0.012407606206834317,-2.3696782317064358,2.227
2026-07-29T08:18:14.632682+00:00,1,BOTH,687.5,47.5,526.3,23201,-0.014520529832225293,-2.773216918934382,2.227
2026-07-29T08:18:14.615958+00:00,1,BOTH,687.5,47.5,526.4,23182,0.010621966205144417,2.0286461122845543,2.227
2026-07-29T08:18:14.866111+00:00,1,BOTH,687.5,47.5,526.4,23118,0.0031911468028556554,0.6094641453676507,2.227
2026-07-29T08:18:14.982738+00:00,1,BOTH,687.5,47.5,526.4,23179,0.02339301228930708,4.467736247583212,2.227
2026-07-29T08:18:15.049472+00:00,1,BOTH,687.5,47.5,526.4,23225,-0.0030785383598413317,-0.5879575169601168,2.227
2026-07-29T08:18:15.099429+00:00,1,BOTH,687.5,47.5,526.4,23225,-0.004974686751374975,-0.9500951841781078,2.227
2026-07-29T08:18:15.066091+00:00,1,BOTH,687.5,47.5,526.5,23183,0.008473217662394745,1.6182653698364138,2.227
2026-07-29T08:18:15.149464+00:00,1,BOTH,687.5,47.5,526.5,23224,-0.0037834959081374108,-0.7225944911376342,2.227
2026-07-29T08:18:15.216048+00:00,1,BOTH,687.5,47.5,526.5,23185,-0.0012785291171167046,-0.24418107465124836,2.227
2026-07-29T08:18:15.232740+00:00,1,BOTH,687.5,47.5,526.5,23085,0.0040607293212087826,0.7755421728342895,2.227
2026-07-29T08:18:15.366181+00:00,1,BOTH,687.5,47.5,526.5,23152,-0.007611764233442955,-1.4537398840830456,2.227
2026-07-29T08:18:15.182687+00:00,1,BOTH,687.5,47.5,526.5,23212,0.006355629040626809,1.2138357339289887,2.227
2026-07-29T08:18:15.583160+00:00,1,BOTH,687.5,47.5,526.5,23188,-0.0014891471614828333,-0.28440615808950936,2.227
2026-07-29T08:18:15.649287+00:00,1,BOTH,687.5,47.5,526.5,23144,0.0007394927111454308,0.14123270443106692,2.227
2026-07-29T08:18:15.666033+00:00,1,BOTH,687.5,47.5,526.5,23136,-3.094530766247772e-05,-0.005910118415979401,2.227
2026-07-29T08:18:15.682889+00:00,1,BOTH,687.5,47.5,526.5,23128,-4.763715449371375e-05,-0.009098026335008207,2.227
2026-07-29T08:18:15.832843+00:00,1,BOTH,687.5,47.5,526.5,23202,2.0665499760070817e-05,0.003946819725935577,2.227
2026-07-29T08:18:15.966103+00:00,1,BOTH,687.5,47.5,526.5,23201,-9.155503765214235e-05,-0.017485724168763664,2.227
2026-07-29T08:18:16.049457+00:00,1,BOTH,688.0,48.0,526.4,23179,8.141950675053522e-06,0.0015549980356141945,2.236
2026-07-29T08:18:16.066051+00:00,1,BOTH,687.5,47.5,526.4,23191,-0.003274366322739297,-0.6253579029091096,2.232
2026-07-29T08:18:16.116101+00:00,1,BOTH,687.5,47.5,526.4,23164,-0.03099597124150023,-5.9197944468227925,2.23
2026-07-29T08:18:16.185659+00:00,1,BOTH,687.5,47.5,526.4,23281,-0.022661510081961753,-4.328029616965242,2.229
2026-07-29T08:18:16.299387+00:00,1,BOTH,687.5,47.5,526.3,23147,-0.0294719428406097,-5.628726462725795,2.228
2026-07-29T08:18:16.382782+00:00,1,BOTH,687.5,47.5,526.1,23120,-0.04506232470041141,-8.606270067938985,2.227
2026-07-29T08:18:16.449408+00:00,1,BOTH,687.5,47.5,526.0,23132,0.011316115194931626,2.16121880384481,2.227
2026-07-29T08:18:16.499343+00:00,1,BOTH,687.5,47.5,526.1,23330,-0.0006860203575342894,-0.13102023715590183,2.227
2026-07-29T08:18:16.516154+00:00,1,BOTH,688.0,48.0,526.1,23241,-0.025381870794208224,-4.847580242181661,2.236
2026-07-29T08:18:16.532698+00:00,1,BOTH,688.0,48.0,526.1,23259,0.020891784459818156,3.9900369201486026,2.242
2026-07-29T08:18:16.582808+00:00,1,BOTH,687.5,47.5,525.9,23060,-0.003363950685597956,-0.6424672559163421,2.236
2026-07-29T08:18:16.716156+00:00,1,BOTH,687.5,47.5,526.1,23137,-0.01325517686404055,-2.5315523033632576,2.232
2026-07-29T08:18:16.816207+00:00,1,BOTH,687.5,47.5,526.1,23173,-0.0031223670078907163,-0.5963281721434301,2.23
2026-07-29T08:18:16.849460+00:00,1,BOTH,687.5,47.5,526.2,23154,-0.015071766567416489,-2.878495380397802,2.229
2026-07-29T08:18:16.899687+00:00,1,BOTH,687.5,47.5,526.3,23186,0.014213434607954696,2.7145660514032866,2.228
2026-07-29T08:18:16.999575+00:00,1,BOTH,687.5,47.5,526.3,23160,0.014213434607954696,2.7145660514032866,2.227
2026-07-29T08:18:17.032635+00:00,1,BOTH,687.5,47.5,526.4,23239,0.0035071804025210438,0.6698221168514968,2.227
2026-07-29T08:18:17.182806+00:00,1,BOTH,687.5,47.5,526.4,23221,0.0035420958111353684,0.6764904686967484,2.227
2026-07-29T08:18:17.199513+00:00,1,BOTH,687.5,47.5,526.4,23232,-0.02503885976970196,-4.782069962079436,2.227
2026-07-29T08:18:17.299525+00:00,1,BOTH,687.5,47.5,526.4,23120,0.0044924836745485665,0.8580011802768552,2.227
2026-07-29T08:18:17.316214+00:00,1,BOTH,687.5,47.5,526.4,23156,0.03897000577300787,7.442722861312681,2.227
2026-07-29T08:18:17.366153+00:00,1,BOTH,688.5,48.5,526.5,23381,0.0014499706588685514,0.27692399723657074,2.245
2026-07-29T08:18:17.499548+00:00,1,BOTH,688.0,48.0,526.6,23386,0.02132306719198823,4.072405854582657,2.247
2026-07-29T08:18:17.566154+00:00,1,BOTH,686.5,46.5,526.3,22995,0.01971807651221752,3.7658752142203413,2.22
2026-07-29T08:18:17.582778+00:00,1,BOTH,687.0,47.0,526.3,23005,-0.016428033397533,-3.137523264595345,2.213
2026-07-29T08:18:17.666132+00:00,1,BOTH,688.5,48.5,526.1,23158,-0.010196477593854069,-1.9473837734251562,2.237
2026-07-29T08:18:17.682972+00:00,1,BOTH,687.5,47.5,526.2,23233,-0.004333692720974796,-0.8276743420614056,2.233
2026-07-29T08:18:17.766056+00:00,1,BOTH,688.5,48.5,526.3,23262,-0.01306157567538321,-2.494577199967319,2.249
2026-07-29T08:18:17.782952+00:00,1,BOTH,688.0,48.0,526.4,23385,-0.0034813141822814943,-0.6648820326792233,2.25
2026-07-29T08:18:17.866239+00:00,1,BOTH,687.5,47.5,526.2,23128,-0.05590992658399045,-10.678009420496457,2.24
2026-07-29T08:18:17.899407+00:00,1,BOTH,688.0,48.0,526.4,23358,0.0,0.0,2.244
2026-07-29T08:18:17.949578+00:00,1,BOTH,687.5,47.5,526.2,23093,0.01248359757475555,2.3841915139108103,2.237
2026-07-29T08:18:18.099449+00:00,1,BOTH,687.0,47.0,526.2,23022,0.0059528082283213735,1.1369026257785455,2.224
2026-07-29T08:18:18.149665+00:00,1,BOTH,687.5,47.5,526.0,23106,0.04858734757639468,9.279499846208681,2.225
2026-07-29T08:18:18.182873+00:00,1,BOTH,688.0,48.0,526.0,23192,-0.013698862995952368,-2.616290112653364,2.235
2026-07-29T08:18:18.232955+00:00,1,BOTH,687.5,47.5,526.1,23240,-0.008383672013878822,-1.6011634107239994,2.232
2026-07-29T08:18:18.249459+00:00,1,BOTH,687.0,47.0,526.1,23107,-0.01879464586265385,-3.5895129512436,2.22
2026-07-29T08:18:18.266155+00:00,1,BOTH,687.0,47.0,526.1,23069,0.009392229674849659,1.7937837352880497,2.213
2026-07-29T08:18:18.466261+00:00,1,BOTH,687.5,47.5,526.0,23077,0.004849125646869652,0.9261147796475875,2.219
2026-07-29T08:18:18.499423+00:00,1,BOTH,688.0,48.0,526.0,23281,0.028047492816112934,5.356676547622556,2.231
2026-07-29T08:18:18.549552+00:00,1,BOTH,688.0,48.0,526.0,23311,0.028047492816112934,5.356676547622556,2.239
2026-07-29T08:18:18.699404+00:00,1,BOTH,687.5,47.5,526.1,23177,-0.008009606637060643,-1.5297221862118247,2.234
2026-07-29T08:18:18.749578+00:00,1,BOTH,687.5,47.5,526.2,23267,0.006211711456999182,1.186349500130375,2.231
2026-07-29T08:18:18.782907+00:00,1,BOTH,687.0,47.0,526.1,23213,0.009984030043706299,1.9068092801206191,2.22
2026-07-29T08:18:18.849504+00:00,1,BOTH,687.5,47.5,526.2,23200,-0.012612534635700286,-2.4088166786273253,2.223
2026-07-29T08:18:18.900604+00:00,1,BOTH,687.5,47.5,526.3,23272,0.013328686179884244,2.5455915485390506,2.224
2026-07-29T08:18:18.999568+00:00,1,BOTH,687.5,47.5,526.3,23184,0.03165536482818425,6.045729345339419,2.225
2026-07-29T08:18:19.049548+00:00,1,BOTH,688.0,48.0,526.2,23229,-0.014906246188329532,-2.8468833165808425,2.235
2026-07-29T08:18:19.166255+00:00,1,BOTH,687.5,47.5,526.3,23308,0.04776470242454707,9.122386195416125,2.232
2026-07-29T08:18:19.216407+00:00,1,BOTH,687.5,47.5,526.3,23161,0.06948476799763739,13.270613155701037,2.23
2026-07-29T08:18:19.299613+00:00,1,BOTH,687.5,47.5,526.4,23139,0.32340528192929924,61.76585908929118,2.228
2026-07-29T08:18:19.332787+00:00,1,BOTH,687.5,47.5,526.0,22938,0.2865903812801116,54.7347309879849,2.228
2026-07-29T08:18:19.516135+00:00,1,BOTH,687.0,47.0,526.0,22759,0.09748444028198719,18.618156654509928,2.218
2026-07-29T08:18:19.532867+00:00,1,BOTH,687.0,47.0,525.8,22531,0.30417796825058757,58.093712672076734,2.212
2026-07-29T08:18:19.549624+00:00,1,BOTH,687.0,47.0,525.4,22360,0.25817143147811294,49.30711138182267,2.208
2026-07-29T08:18:19.649685+00:00,1,BOTH,689.0,49.0,525.0,22113,0.3736510108411312,71.3620864399793,2.244
2026-07-29T08:18:19.582916+00:00,1,BOTH,687.5,47.5,524.3,22054,0.3736510108411312,71.3620864399793,2.237
2026-07-29T08:18:19.566153+00:00,1,BOTH,687.0,47.0,524.0,22238,0.5399039036827162,103.11405007885782,2.223
2026-07-29T08:18:19.766285+00:00,1,BOTH,688.0,48.0,524.4,21867,0.9394781956728547,179.42711852206764,2.234
2026-07-29T08:18:19.816322+00:00,1,BOTH,686.5,46.5,523.0,20583,0.9394781956728547,179.42711852206764,2.212
2026-07-29T08:18:19.932894+00:00,1,BOTH,688.0,48.0,523.4,20904,0.9394781956728547,179.42711852206764,2.227
2026-07-29T08:18:20.032940+00:00,1,BOTH,684.0,44.0,522.5,19376,0.9394781956728547,179.42711852206764,2.161
2026-07-29T08:18:20.049516+00:00,1,BOTH,685.5,45.5,523.1,19951,0.149783192910254,28.606482652504628,2.15
2026-07-29T08:18:20.099498+00:00,1,BOTH,684.0,44.0,523.1,19273,0.8478057406144217,161.91896928056457,2.115
2026-07-29T08:18:20.249576+00:00,1,BOTH,683.0,43.0,519.5,16785,0.6931819804012775,132.38800637171119,2.075
2026-07-29T08:18:20.266227+00:00,1,BOTH,684.5,44.5,518.1,17140,2.3357565516233443,446.0966412601621,2.08
2026-07-29T08:18:20.366232+00:00,1,BOTH,679.5,39.5,516.6,16384,0.9068682612478733,173.19907981290163,1.988
2026-07-29T08:18:20.382966+00:00,1,BOTH,676.5,36.5,520.0,18119,0.32336445569992067,61.7580618538351,1.877
2026-07-29T08:18:20.316203+00:00,1,BOTH,689.5,49.5,524.3,19674,-0.7565206758771091,-144.4848061404762,2.055
2026-07-29T08:18:20.483013+00:00,1,BOTH,676.0,36.0,526.6,16904,-2.5991256877779962,-496.3964411123884,1.908
2026-07-29T08:18:20.616234+00:00,1,BOTH,676.0,36.0,527.1,15706,4.376622579880059,835.8733411626179,1.82
2026-07-29T08:18:20.633014+00:00,1,BOTH,672.0,32.0,530.9,16179,2.442685869857669,466.518636730289,1.692
2026-07-29T08:18:20.732982+00:00,1,BOTH,668.5,28.5,532.2,14523,-0.18396001214161514,-35.13377431629976,1.549
2026-07-29T08:18:20.782949+00:00,1,BOTH,708.5,68.5,538.3,12717,-1.3594394522905349,-259.63381039941294,2.214
2026-07-29T08:18:20.816473+00:00,1,BOTH,673.5,33.5,536.5,12029,2.2915993183106185,437.6632309141832,1.957
2026-07-29T08:18:20.832875+00:00,1,BOTH,711.0,71.0,540.8,12638,1.2472370286285877,238.20472597618502,2.505
2026-07-29T08:18:20.866365+00:00,1,BOTH,705.0,65.0,545.2,13125,1.5691324807703495,299.68222881677946,2.722
2026-07-29T08:18:21.032892+00:00,1,BOTH,701.0,61.0,548.4,15056,1.3005151465535163,248.38009696784735,2.777
2026-07-29T08:18:21.101310+00:00,1,BOTH,702.0,62.0,549.7,17188,1.2551426619291306,239.71459071784898,2.829
2026-07-29T08:18:21.116351+00:00,1,BOTH,700.5,60.5,550.5,19425,1.5328569737821818,292.7541173163816,2.832
2026-07-29T08:18:21.232980+00:00,1,BOTH,694.5,54.5,552.7,19145,1.1618033573031425,221.88809665866552,2.721
2026-07-29T08:18:21.366394+00:00,1,BOTH,674.0,34.0,551.5,27147,1.1618033573031425,221.88809665866552,2.27
2026-07-29T08:18:21.482985+00:00,1,BOTH,677.5,37.5,554.5,24576,1.1618033573031425,221.88809665866552,2.065
2026-07-29T08:18:21.499758+00:00,1,BOTH,661.5,21.5,557.1,27759,1.1618033573031425,221.88809665866552,1.642
2026-07-29T08:18:21.566221+00:00,1,BOTH,679.0,39.0,559.9,24075,1.5349441601336002,293.1527405463603,1.717
2026-07-29T08:18:21.666199+00:00,1,BOTH,634.0,-6.0,558.7,35104,1.3461226618289948,257.09049076572524,0.917
2026-07-29T08:18:21.682984+00:00,1,BOTH,659.0,19.0,559.6,28616,1.6318090131133796,311.6525647426822,0.907
2026-07-29T08:18:21.799790+00:00,1,BOTH,626.0,-14.0,562.7,28233,1.8013565780222416,344.0337643960094,0.282
2026-07-29T08:18:21.933008+00:00,1,BOTH,616.0,-24.0,561.3,28239,-1.3847507731989026,-264.4679166059153,-0.281
2026-07-29T08:18:22.016423+00:00,1,BOTH,603.5,-36.5,558.6,27872,2.670517936348915,510.03135622259686,-0.853
2026-07-29T08:18:22.049808+00:00,1,BOTH,604.0,-36.0,559.1,27628,2.0673223383631556,394.8294829377504,-1.187
2026-07-29T08:18:22.066360+00:00,1,BOTH,605.0,-35.0,558.8,27930,2.098791445791721,400.8396397400858,-1.368
2026-07-29T08:18:22.099725+00:00,1,BOTH,605.5,-34.5,557.4,27756,2.1836123111844064,417.0392317455795,-1.468
2026-07-29T08:18:22.166384+00:00,1,BOTH,597.5,-42.5,555.4,28225,0.9198180571198463,175.67230864296823,-1.678
2026-07-29T08:18:22.333117+00:00,1,BOTH,587.5,-52.5,550.0,31916,0.6286051431670785,120.05473894563492,-1.991
2026-07-29T08:18:22.349547+00:00,1,BOTH,601.0,-39.0,546.8,32790,2.1107661452144386,403.1266388662839,-1.926
2026-07-29T08:18:22.399844+00:00,1,BOTH,588.5,-51.5,546.6,32062,2.960692738965154,565.4506612591042,-2.121
2026-07-29T08:18:22.449620+00:00,1,BOTH,587.5,-52.5,547.7,30211,1.3829998785443605,264.13352035899106,-2.257
2026-07-29T08:18:22.549752+00:00,1,BOTH,592.5,-47.5,547.7,26076,2.992815824151039,571.585718612739,-2.245
2026-07-29T08:18:22.416279+00:00,1,BOTH,588.5,-51.5,547.9,31472,1.5518354953452944,296.3787479395963,-2.313
2026-07-29T08:18:22.583076+00:00,1,BOTH,582.0,-58.0,552.5,26580,2.3523024582862853,449.2566766601751,-2.475
2026-07-29T08:18:22.749807+00:00,1,BOTH,597.5,-42.5,557.1,31597,1.1823487770557404,225.8119827924941,-2.282
2026-07-29T08:18:22.649756+00:00,1,BOTH,602.5,-37.5,557.1,32360,-1.2690340853109956,-242.36765715521636,-2.072
2026-07-29T08:18:22.983078+00:00,1,BOTH,618.5,-21.5,548.4,37476,-0.39263780526816844,-74.98829706381844,-1.646
2026-07-29T08:18:23.033089+00:00,1,BOTH,603.5,-36.5,551.8,38008,1.7592416195571423,335.99039981461294,-1.672
2026-07-29T08:18:22.999722+00:00,1,BOTH,612.0,-28.0,548.6,37877,3.4095290936529636,651.1720906445987,-1.528
2026-07-29T08:18:23.099658+00:00,1,BOTH,621.0,-19.0,550.5,37770,0.8353529310971498,159.54065785249782,-1.273
2026-07-29T08:18:23.266459+00:00,1,BOTH,621.5,-18.5,549.9,36836,2.044545073956251,390.47934587318656,-1.111
2026-07-29T08:18:23.282970+00:00,1,BOTH,632.5,-7.5,550.2,39004,3.0019174477458,573.3240006750607,-0.807
2026-07-29T08:18:23.316499+00:00,1,BOTH,624.0,-16.0,553.0,39071,3.2076791813224554,612.6215970725194,-0.784
2026-07-29T08:18:23.349717+00:00,1,BOTH,627.0,-13.0,553.8,38450,2.055729336589575,392.61538269270426,-0.714
2026-07-29T08:18:23.332936+00:00,1,BOTH,660.5,20.5,555.7,38419,2.3706942216493188,452.7692447218589,-0.044
2026-07-29T08:18:23.616457+00:00,1,BOTH,671.0,31.0,556.0,40543,2.877629106072709,549.5866759399004,0.555
2026-07-29T08:18:23.649709+00:00,1,BOTH,651.0,11.0,553.8,39728,1.479156494140625,282.4980811787503,0.539
2026-07-29T08:18:23.699672+00:00,1,BOTH,666.0,26.0,556.4,36188,2.248531033936888,429.4377944959032,0.811
2026-07-29T08:18:23.783115+00:00,1,BOTH,676.0,36.0,556.5,39107,1.0840102821588515,207.03071372162572,1.162
2026-07-29T08:18:23.949811+00:00,1,BOTH,686.0,46.0,555.8,36584,2.007135995142162,383.3347381014546,1.559
2026-07-29T08:18:23.716451+00:00,1,BOTH,660.0,20.0,559.3,36793,1.3167063542455435,251.47238985442374,1.311
2026-07-29T08:18:24.049839+00:00,1,BOTH,662.5,22.5,559.1,38427,2.2892204776406286,437.20890581243486,1.208
2026-07-29T08:18:24.082937+00:00,1,BOTH,660.0,20.0,559.5,38352,1.8134684958308935,346.3469703034931,1.1
2026-07-29T08:18:24.149720+00:00,1,BOTH,675.0,35.0,559.8,38694,1.653534649387002,315.8018556283985,1.316
2026-07-29T08:18:24.099817+00:00,1,BOTH,680.5,40.5,558.9,37894,2.6700162394717335,509.93553917707214,1.549
2026-07-29T08:18:24.399775+00:00,1,RIGHT,678.07,38.07,558.9,15053,5.265415949048474,1005.6203708711618,1.643
2026-07-29T08:18:24.533056+00:00,1,NONE,0.0,0.0,558.9,0,9.422324231360108,1799.5313722026053,1.7
2026-07-29T08:18:24.566421+00:00,1,NONE,0.0,0.0,558.9,0,10.530831898096949,2011.2407417423235,1.734
2026-07-29T08:18:24.601185+00:00,1,NONE,0.0,0.0,558.9,0,10.530831898096949,2011.2407417423235,1.754
2026-07-29T08:18:24.635938+00:00,0,NONE,0.0,0.0,558.9,0,2.7124870763905347,518.0468715365246,1.052
2026-07-29T08:18:24.666301+00:00,0,NONE,0.0,0.0,558.9,0,5.265415949048474,1005.6203708711618,0.631
2026-07-29T08:18:24.799714+00:00,0,NONE,0.0,0.0,558.9,0,11.1890087133646,2136.943254036317,0.379
2026-07-29T08:18:24.816422+00:00,0,NONE,0.0,0.0,558.9,0,10.530831898096949,2011.2407417423235,0.227
2026-07-29T08:18:24.883177+00:00,1,LEFT,562.93,-77.07,558.9,1707,5.265415949048474,1005.6203708711618,-1.309
2026-07-29T08:18:24.899740+00:00,1,NONE,0.0,0.0,558.9,0,10.530831898096949,2011.2407417423235,-2.23
2026-07-29T08:18:25.099818+00:00,1,NONE,0.0,0.0,558.9,0,5.265415949048474,1005.6203708711618,-2.783
2026-07-29T08:18:25.149801+00:00,1,NONE,0.0,0.0,558.9,0,11.1890087133646,2136.943254036317,-3.115
2026-07-29T08:18:25.166456+00:00,0,NONE,0.0,0.0,558.9,0,10.530831898096949,2011.2407417423235,-1.869
2026-07-29T08:18:25.266562+00:00,0,NONE,0.0,0.0,558.9,0,10.530831898096949,2011.2407417423235,-1.121
2026-07-29T08:18:25.283257+00:00,0,NONE,0.0,0.0,558.9,0,10.530831898096949,2011.2407417423235,-0.673
2026-07-29T08:18:25.366420+00:00,0,NONE,0.0,0.0,558.9,0,5.424974152781069,1036.0937430730492,-0.404
2026-07-29T08:18:25.399885+00:00,0,NONE,0.0,0.0,558.9,0,11.1890087133646,2136.943254036317,-0.242
2026-07-29T08:18:25.499772+00:00,0,NONE,0.0,0.0,558.9,0,10.530831898096949,2011.2407417423235,-0.145
2026-07-29T08:18:25.449738+00:00,0,NONE,0.0,0.0,558.9,0,11.1890087133646,2136.943254036317,-0.087
2026-07-29T08:18:25.649775+00:00,0,NONE,0.0,0.0,558.9,0,10.530831898096949,2011.2407417423235,-0.052
2026-07-29T08:18:25.599817+00:00,0,NONE,0.0,0.0,558.9,0,10.530831898096949,2011.2407417423235,-0.031
2026-07-29T08:18:25.683062+00:00,0,NONE,0.0,0.0,558.9,0,10.530831898096949,2011.2407417423235,-0.019
2026-07-29T08:18:25.799787+00:00,0,NONE,0.0,0.0,558.9,0,11.1890087133646,2136.943254036317,-0.011
2026-07-29T08:18:25.999756+00:00,0,NONE,0.0,0.0,558.9,0,10.530831898096949,2011.2407417423235,-0.007
2026-07-29T08:18:26.049822+00:00,0,NONE,0.0,0.0,558.9,0,3.5804829026851803,683.8218631420369,-0.004
2026-07-29T08:18:26.083220+00:00,0,NONE,0.0,0.0,558.9,0,10.530831898096949,2011.2407417423235,-0.002
2026-07-29T08:18:26.033180+00:00,0,NONE,0.0,0.0,558.9,0,11.1890087133646,2136.943254036317,-0.001
2026-07-29T08:18:26.266552+00:00,0,NONE,0.0,0.0,558.9,0,10.530831898096949,2011.2407417423235,-0.001
2026-07-29T08:18:26.283175+00:00,0,NONE,0.0,0.0,558.9,0,11.1890087133646,2136.943254036317,-0.001
2026-07-29T08:18:26.333395+00:00,0,NONE,0.0,0.0,558.9,0,11.1890087133646,2136.943254036317,-0.0
2026-07-29T08:18:26.349759+00:00,0,NONE,0.0,0.0,558.9,0,11.1890087133646,2136.943254036317,-0.0
2026-07-29T08:18:26.433306+00:00,0,NONE,0.0,0.0,558.9,0,3.5804829026851803,683.8218631420369,-0.0
2026-07-29T08:18:26.516412+00:00,0,NONE,0.0,0.0,558.9,0,5.265415949048474,1005.6203708711618,-0.0
2026-07-29T08:18:26.599955+00:00,0,NONE,0.0,0.0,558.9,0,5.424974152781069,1036.0937430730492,-0.0
2026-07-29T08:18:26.666537+00:00,0,NONE,0.0,0.0,558.9,0,9.422324231360108,1799.5313722026053,-0.0
2026-07-29T08:18:26.699902+00:00,1,RIGHT,307.07,-332.93,558.9,3817,11.1890087133646,2136.943254036317,-4.0
2026-07-29T08:18:26.716752+00:00,1,RIGHT,339.07,-300.93,558.9,1878,10.530831898096949,2011.2407417423235,-8.0
2026-07-29T08:18:26.783149+00:00,1,RIGHT,255.07,-384.93,558.9,7262,3.5804829026851803,683.8218631420369,-12.0
2026-07-29T08:18:26.799921+00:00,1,NONE,0.0,0.0,558.9,0,10.530831898096949,2011.2407417423235,-14.418
2026-07-29T08:18:26.849943+00:00,1,NONE,0.0,0.0,558.9,0,11.1890087133646,2136.943254036317,-15.868
2026-07-29T08:18:26.866513+00:00,1,NONE,0.0,0.0,558.9,0,5.265415949048474,1005.6203708711618,-16.738
2026-07-29T08:18:26.916570+00:00,0,NONE,0.0,0.0,558.9,0,10.530831898096949,2011.2407417423235,-12.738
2026-07-29T08:18:27.083286+00:00,0,NONE,0.0,0.0,558.9,0,10.530831898096949,2011.2407417423235,-8.738
2026-07-29T08:18:27.133139+00:00,0,NONE,0.0,0.0,558.9,0,5.424974152781069,1036.0937430730492,-5.243
2026-07-29T08:18:27.199874+00:00,0,NONE,0.0,0.0,558.9,0,10.530831898096949,2011.2407417423235,-3.146
2026-07-29T08:18:27.216506+00:00,0,NONE,0.0,0.0,558.9,0,0.0,0.0,-1.887
2026-07-29T08:18:27.299939+00:00,1,LEFT,689.93,49.93,558.9,12149,-3.1471468642354012,-601.0607760950667,-0.196
2026-07-29T08:18:27.316495+00:00,1,LEFT,721.93,81.93,558.9,12414,-0.12311842128634452,-23.513886400070593,1.419
2026-07-29T08:18:27.400833+00:00,1,LEFT,783.93,143.93,558.9,12084,4.9746277988702055,950.0839250790577,3.55
2026-07-29T08:18:27.533266+00:00,1,LEFT,825.93,185.93,558.9,12108,2.294866890907288,438.287291310989,5.616
2026-07-29T08:18:27.549870+00:00,1,LEFT,857.93,217.93,558.9,11852,2.5202187707275154,481.326330041117,7.456
2026-07-29T08:18:27.616503+00:00,1,LEFT,829.93,189.93,558.9,11772,3.112236914932728,594.3934669015371,8.035
2026-07-29T08:18:27.749963+00:00,1,LEFT,850.93,210.93,558.9,11247,-2.1098812388582155,-402.9576342013643,8.776
2026-07-29T08:18:27.799771+00:00,1,LEFT,857.93,217.93,558.9,11365,11.151483387202024,2129.7764446564256,9.352
2026-07-29T08:18:27.816623+00:00,1,LEFT,861.93,221.93,558.9,11148,1.5080453312397004,288.01544264814356,9.772
2026-07-29T08:18:27.966645+00:00,1,NONE,0.0,0.0,558.9,0,1.5474115821486338,295.5338427559267,10.025
2026-07-29T08:18:28.066617+00:00,1,NONE,0.0,0.0,558.9,0,2.2135206154733895,422.75129710608536,10.176
2026-07-29T08:18:28.116500+00:00,1,NONE,0.0,0.0,558.9,0,2.021695588827133,386.11541566670184,10.267
2026-07-29T08:18:28.199937+00:00,0,NONE,0.0,0.0,558.9,0,4.554118880778551,869.7726375648436,6.267
2026-07-29T08:18:28.284801+00:00,0,NONE,0.0,0.0,558.9,0,1.0887605173885821,207.9379418228188,3.76
2026-07-29T08:18:28.349929+00:00,0,NONE,0.0,0.0,558.9,0,4.195686266124248,801.3170506997418,2.256
2026-07-29T08:18:28.383264+00:00,0,NONE,0.0,0.0,558.9,0,5.664920597076416,1081.9201382973633,1.354
2026-07-29T08:18:28.466634+00:00,0,NONE,0.0,0.0,558.9,0,2.30774776943028,440.7473578969495,0.812
2026-07-29T08:18:28.516470+00:00,1,RIGHT,716.07,76.07,558.9,1984,0.013122448474168776,2.5062030481591924,1.914
2026-07-29T08:18:28.649897+00:00,1,RIGHT,665.07,25.07,558.9,12889,2.889579889923334,551.8691075282801,1.618
2026-07-29T08:18:28.500046+00:00,1,NONE,0.0,0.0,558.9,0,0.35091266319155695,67.01938192857321,1.441
2026-07-29T08:18:28.883264+00:00,1,BOTH,645.5,5.5,559.6,25461,-3.950533550828695,-754.4963309577171,0.968
2026-07-29T08:18:28.699996+00:00,1,RIGHT,674.35,34.35,559.6,13567,1.7389414390921594,332.1133509346215,1.225
2026-07-29T08:18:28.966578+00:00,1,BOTH,664.5,24.5,559.6,24250,0.22608405493199826,43.178873876024554,1.194
2026-07-29T08:18:29.000042+00:00,1,BOTH,651.0,11.0,561.1,25406,1.5627728993445635,298.46763823288836,0.923
2026-07-29T08:18:29.116625+00:00,1,BOTH,640.0,0.0,561.1,25739,0.5296968784183264,101.16465184874801,0.554
2026-07-29T08:18:29.150015+00:00,1,BOTH,630.5,-9.5,561.1,25840,0.5296968784183264,101.16465184874801,0.154
2026-07-29T08:18:29.216587+00:00,1,BOTH,612.5,-27.5,561.1,24221,3.36079289406538,641.8641621583462,-0.423
2026-07-29T08:18:29.416529+00:00,1,BOTH,613.5,-26.5,561.1,22154,0.6216733688116074,118.73086756194989,-0.751
2026-07-29T08:18:29.466601+00:00,1,LEFT,607.12,-32.88,561.1,11069,6.691400777697563,1277.963411975424,-1.067
2026-07-29T08:18:29.400163+00:00,1,BOTH,611.5,-28.5,561.1,22419,-1.4054672599583864,-268.42447413143884,-1.175
2026-07-29T08:18:29.533332+00:00,1,LEFT,585.12,-54.88,561.1,6032,4.684312649965286,894.6378158758447,-1.734
2026-07-29T08:18:29.599910+00:00,1,LEFT,588.12,-51.88,561.1,8026,4.554632274806499,869.8706886016058,-2.013
2026-07-29T08:18:29.700052+00:00,1,LEFT,592.12,-47.88,561.1,8832,4.554632274806499,869.8706886016058,-2.106
2026-07-29T08:18:29.883374+00:00,1,BOTH,608.0,-32.0,561.1,10368,0.0,0.0,-1.863
2026-07-29T08:18:29.899983+00:00,1,BOTH,605.0,-35.0,561.1,12956,0.0,0.0,-1.774
2026-07-29T08:18:30.349972+00:00,1,BOTH,624.0,-16.0,561.1,24857,-0.13240357290953397,-25.287219733896595,-1.365
2026-07-29T08:18:30.499960+00:00,1,BOTH,616.0,-24.0,561.1,19140,-0.00971197971033689,-1.854851493729972,-1.269
2026-07-29T08:18:31.483341+00:00,1,LEFT,582.12,-57.88,561.1,5788,0.004074961102596717,0.7782602428625611,-1.847
2026-07-29T08:18:32.233424+00:00,1,BOTH,605.5,-34.5,561.1,7050,-0.0014557416680690948,-0.2780261788056451,-1.755
2026-07-29T08:18:32.800042+00:00,1,BOTH,605.0,-35.0,561.1,16251,0.0008537783194697112,0.16305964781795512,-1.709
2026-07-29T08:18:32.950039+00:00,1,BOTH,605.0,-35.0,561.1,16199,0.00027363158122170714,0.052259782484983364,-1.682
2026-07-29T08:18:33.183413+00:00,1,BOTH,605.0,-35.0,561.1,16338,0.00011057285868446343,0.021117860437720754,-1.665
2026-07-29T08:18:34.500116+00:00,1,BOTH,605.0,-35.0,561.1,16346,-0.000916779235121794,-0.17509193639236856,-1.655
2026-07-29T08:18:35.216877+00:00,1,BOTH,605.0,-35.0,561.1,16286,0.0004668372194282711,0.08915934130954217,-1.65
2026-07-29T08:18:35.716767+00:00,1,BOTH,605.0,-35.0,561.1,16261,1.5256834294632427e-05,0.0029138407127096413,-1.646
2026-07-29T08:18:36.033476+00:00,1,BOTH,605.0,-35.0,561.1,16276,-0.00023731106924969935,-0.04532307566581528,-1.644
2026-07-29T08:18:36.850249+00:00,1,BOTH,605.0,-35.0,561.1,16282,0.0006595809496866423,0.12597068221425098,-1.643
2026-07-29T08:18:37.016978+00:00,1,BOTH,605.0,-35.0,561.1,16281,0.0004409038632275042,0.08420643511316428,-1.642
2026-07-29T08:18:38.150397+00:00,1,BOTH,605.0,-35.0,561.1,16286,-0.006621454183386959,-1.2646045964910526,-1.641
2026-07-29T08:18:38.300377+00:00,1,BOTH,605.0,-35.0,561.1,16401,-0.00019835702110867714,-0.037883400487715276,-1.641
2026-07-29T08:18:39.033719+00:00,1,BOTH,605.0,-35.0,561.1,16286,-0.005986494516801031,-1.1433362329696939,-1.641
2026-07-29T08:18:39.850364+00:00,1,BOTH,605.0,-35.0,561.1,16292,0.00023282255275262288,0.0444658321606242,-1.641
2026-07-29T08:18:40.400510+00:00,1,BOTH,605.0,-35.0,561.1,16306,-0.006173139881866518,-1.1789828719161304,-1.641
2026-07-29T08:18:41.100286+00:00,1,BOTH,605.0,-35.0,561.1,16339,0.0006313310256518889,0.12057534415172914,-1.641
2026-07-29T08:18:41.467071+00:00,1,BOTH,605.0,-35.0,561.1,16315,-0.00025584834595974824,-0.04886343472965514,-1.641
2026-07-29T08:18:41.650457+00:00,1,BOTH,605.0,-35.0,561.1,16344,0.0013160959619563073,0.2513558135143552,-1.641
2026-07-29T08:18:42.583615+00:00,1,BOTH,605.0,-35.0,561.1,16316,0.0006549431326129707,0.12508492439933402,-1.641
2026-07-29T08:18:43.350399+00:00,1,BOTH,605.0,-35.0,561.1,16317,-0.00023040325293550268,-0.04400377993096499,-1.641
2026-07-29T08:18:44.017251+00:00,1,BOTH,605.0,-35.0,561.1,16328,-0.0003696870697604027,-0.07060502945943171,-1.641
2026-07-29T08:18:44.583893+00:00,1,BOTH,605.0,-35.0,561.1,16305,0.0036223330540815367,0.6918146532986861,-1.641
2026-07-29T08:18:44.900605+00:00,1,BOTH,605.0,-35.0,561.1,16303,0.00033029628335498276,0.06308194341699218,-1.641
2026-07-29T08:18:45.833962+00:00,1,BOTH,605.0,-35.0,561.1,16271,-0.00774712075417483,-1.4795910753080839,-1.641
2026-07-29T08:18:46.233962+00:00,1,BOTH,605.0,-35.0,561.1,16262,0.0010363643924938516,0.19793101909179078,-1.641
2026-07-29T08:18:46.967324+00:00,1,BOTH,605.0,-35.0,561.1,16322,-0.006924394586167182,-1.3224619515687193,-1.641
2026-07-29T08:18:47.300706+00:00,1,BOTH,605.0,-35.0,561.1,16282,0.000898369315546006,0.17157590074947546,-1.641
2026-07-29T08:18:47.917324+00:00,1,BOTH,605.0,-35.0,561.1,16263,-0.004538259604378254,-0.8667437388852822,-1.641
2026-07-29T08:18:48.833930+00:00,1,BOTH,605.0,-35.0,561.1,16321,-0.00045382112948573196,-0.0866734512446416,-1.641
2026-07-29T08:18:49.384011+00:00,1,BOTH,605.0,-35.0,561.1,16295,-5.297278348734835e-05,-0.010117056409617865,-1.641
2026-07-29T08:18:49.884028+00:00,1,BOTH,605.0,-35.0,561.1,16272,-0.000627458382405166,-0.11983572377307228,-1.641
2026-07-29T08:18:50.484143+00:00,1,BOTH,605.0,-35.0,561.1,16310,-0.0008480461474391632,-0.16196488360197733,-1.641
2026-07-29T08:18:51.050767+00:00,1,BOTH,605.0,-35.0,561.1,16308,7.214350936465053e-05,0.013778395352856689,-1.641
2026-07-29T08:18:51.767381+00:00,1,BOTH,605.0,-35.0,561.1,16288,-0.0005751384533868987,-0.10984335338250308,-1.641
2026-07-29T08:18:52.284118+00:00,1,BOTH,605.5,-34.5,561.1,16347,0.00033632618476985953,0.06423356975683352,-1.631
2026-07-29T08:18:52.834249+00:00,1,BOTH,605.0,-35.0,561.1,16343,0.0036407365975901483,0.6953294712024488,-1.635
2026-07-29T08:18:53.417620+00:00,1,BOTH,605.5,-34.5,561.1,16357,0.3476306389691308,66.39256147455748,-1.628
2026-07-29T08:18:53.567594+00:00,1,BOTH,605.0,-35.0,561.1,16346,0.9081500368984416,173.44388092976897,-1.633
2026-07-29T08:18:54.584246+00:00,1,BOTH,610.0,-30.0,561.1,13256,2.5507194770127537,487.15153584882466,-1.542
2026-07-29T08:18:54.750970+00:00,1,BOTH,611.5,-28.5,561.1,10857,1.7664776642993092,337.37238256159293,-1.46
2026-07-29T08:18:55.884201+00:00,1,BOTH,650.0,10.0,561.1,25123,1.694788679406047,323.68079498838944,-0.688
2026-07-29T08:18:56.417587+00:00,1,BOTH,666.5,26.5,563.2,26891,1.853573432136327,354.0064489299675,0.084
2026-07-29T08:18:56.984309+00:00,1,LEFT,691.19,51.19,563.2,9705,1.7757581851817668,339.14483148908573,1.01
2026-07-29T08:18:57.300924+00:00,1,LEFT,706.19,66.19,563.2,9783,1.8664998704567553,356.4752167962899,1.847
2026-07-29T08:18:58.267760+00:00,1,LEFT,733.19,93.19,563.2,10485,1.8221368315815925,348.00250048321783,2.856
2026-07-29T08:18:58.851173+00:00,1,LEFT,729.19,89.19,563.2,9552,1.9075273093208671,364.3108804334386,3.386
2026-07-29T08:18:59.384427+00:00,1,LEFT,719.19,79.19,563.2,10618,2.0589337960910052,393.2273893762128,3.516
2026-07-29T08:18:59.551009+00:00,1,BOTH,711.5,71.5,563.9,10900,0.0,0.0,3.45
2026-07-29T08:19:00.517887+00:00,1,BOTH,652.5,12.5,563.9,7640,0.42921091213822365,81.97324595493538,2.305
2026-07-29T08:19:00.684370+00:00,1,BOTH,635.0,-5.0,563.9,15598,0.0,0.0,1.289
2026-07-29T08:19:01.217747+00:00,1,NONE,0.0,0.0,563.9,0,0.0,0.0,0.68
2026-07-29T08:19:02.317924+00:00,1,NONE,0.0,0.0,563.9,0,0.0,0.0,0.314
2026-07-29T08:19:02.501255+00:00,1,NONE,0.0,0.0,563.9,0,0.0,0.0,0.095
2026-07-29T08:19:03.517831+00:00,0,NONE,0.0,0.0,563.9,0,3.386895618904382,646.8494153818998,0.057
2026-07-29T08:19:04.101348+00:00,1,LEFT,1099.86,459.86,563.9,10659,0.024498885332141073,4.678942441022139,4.057
2026-07-29T08:19:04.651320+00:00,1,LEFT,1057.86,417.86,563.9,10758,0.0023905460821697488,0.45656067079953566,8.057
2026-07-29T08:19:04.817917+00:00,1,LEFT,1058.86,418.86,563.9,9951,0.0026969605679187224,0.515081526849828,12.057
2026-07-29T08:19:05.368144+00:00,1,LEFT,1057.86,417.86,563.9,9892,-0.038336652559810315,-7.321761307788449,15.069
2026-07-29T08:19:06.084662+00:00,1,LEFT,1057.86,417.86,563.9,9997,-0.0014968340285122395,-0.2858742415510535,16.876
2026-07-29T08:19:06.318019+00:00,1,LEFT,1057.86,417.86,563.9,9965,-0.005175557821494294,-0.9884587326584858,17.96
2026-07-29T08:19:07.201405+00:00,1,LEFT,1057.86,417.86,563.9,10089,0.00043653395056026057,0.08337184327091822,18.611
2026-07-29T08:19:08.184753+00:00,1,LEFT,1057.86,417.86,563.9,10391,-0.3932985147833824,-75.11448328617142,19.001
2026-07-29T08:19:08.734739+00:00,1,LEFT,1057.86,417.86,563.9,10073,0.001071274033456575,0.20459826939672765,19.236
2026-07-29T08:19:09.268095+00:00,1,LEFT,1058.86,418.86,563.9,10122,0.0025435445713810623,0.4857812298118227,19.395
2026-07-29T08:19:09.434851+00:00,1,LEFT,1057.86,417.86,563.9,10280,0.0014856809243792668,0.283744155566756,19.472
2026-07-29T08:19:10.001515+00:00,1,LEFT,1057.86,417.86,563.9,10030,-0.0015334337681997567,-0.2928642769356275,19.518
2026-07-29T08:19:10.951590+00:00,1,LEFT,1057.86,417.86,563.9,10585,-0.0028578449034830557,-0.5458081715751707,19.546
2026-07-29T08:19:11.651587+00:00,1,LEFT,1058.86,418.86,563.9,10255,-0.0014817500486969948,-0.28299341361214003,19.581
2026-07-29T08:19:12.001572+00:00,1,LEFT,1058.86,418.86,563.9,10212,-7.229990733321756e-05,-0.013808265164601057,19.602
2026-07-29T08:19:12.951687+00:00,1,LEFT,1057.86,417.86,563.9,10080,0.0003842862416058779,0.0733932658965382,19.596
2026-07-29T08:19:13.118177+00:00,1,LEFT,1057.86,417.86,563.9,10133,0.004958960895455675,0.9470917669334188,19.592
2026-07-29T08:19:13.835057+00:00,1,LEFT,1057.86,417.86,563.9,9996,-0.005905812187120318,-1.1279270430630675,19.59
2026-07-29T08:19:14.634915+00:00,1,LEFT,1057.86,417.86,563.9,10122,-0.004551979483803734,-0.8693640428403101,19.589
