timestamp,lane_valid,side,lane_center_x,error_px,half_width,pixel_count,speed_mps,motor_rpm,steering_deg
2026-07-29T07:42:06.030093+00:00,1,BOTH,685.0,45.0,514.2,23954,-0.0009018614585511386,-0.17224285093497624,0.844
2026-07-29T07:42:06.896947+00:00,1,BOTH,688.0,48.0,516.6,21244,-0.0025129102915525435,-0.4799305133364999,1.406
2026-07-29T07:42:07.630332+00:00,1,BOTH,687.0,47.0,518.2,21985,0.0005511989712249488,0.10527124907714158,1.725
2026-07-29T07:42:07.663582+00:00,1,BOTH,687.5,47.5,519.7,21755,0.004658052642771509,0.8896225239352227,1.926
2026-07-29T07:42:07.696925+00:00,1,BOTH,686.5,46.5,520.7,22415,0.014872895249864087,2.840513756524607,2.027
2026-07-29T07:42:07.763565+00:00,1,BOTH,687.5,47.5,521.6,21797,0.04379271132871509,8.363791775233741,2.107
2026-07-29T07:42:07.797425+00:00,1,BOTH,688.0,48.0,522.3,21542,0.0285066741227638,5.444373717297213,2.164
2026-07-29T07:42:07.846929+00:00,1,BOTH,687.5,47.5,522.9,22124,0.02165583317691926,4.135959476256197,2.189
2026-07-29T07:42:07.947376+00:00,1,BOTH,687.5,47.5,523.5,21757,-0.011634770827367902,-2.2220775467003793,2.204
2026-07-29T07:42:08.013613+00:00,1,BOTH,687.5,47.5,523.7,22064,0.00026961006806232036,0.05149173004735275,2.213
2026-07-29T07:42:08.146923+00:00,1,BOTH,687.5,47.5,524.0,21512,-0.008847838209476322,-1.6898126240586016,2.218
2026-07-29T07:42:08.196755+00:00,1,BOTH,687.0,47.0,524.2,22183,0.06319825894432142,12.06997836694841,2.212
2026-07-29T07:42:08.263705+00:00,1,BOTH,688.5,48.5,524.7,21450,-0.00916124579263851,-1.7496690633338974,2.237
2026-07-29T07:42:08.280212+00:00,1,BOTH,687.5,47.5,524.8,22024,0.027183808335103095,5.191724962313188,2.233
2026-07-29T07:42:08.363678+00:00,1,BOTH,687.5,47.5,525.0,21540,-0.009369607008993626,-1.7894631243717651,2.23
2026-07-29T07:42:08.413381+00:00,1,RIGHT,264.03,-375.97,525.0,8759,0.016452871961228084,3.1422670808249955,-1.77
2026-07-29T07:42:08.480392+00:00,1,BOTH,688.0,48.0,525.2,21323,0.005207494061905891,0.9945581052888179,-0.162
2026-07-29T07:42:08.497982+00:00,1,BOTH,687.5,47.5,525.2,21764,0.011086415358586238,2.1173493665866885,0.794
2026-07-29T07:42:08.597034+00:00,1,BOTH,687.5,47.5,525.3,21587,-0.033030042250757105,-6.308273393690575,1.367
2026-07-29T07:42:08.630370+00:00,1,BOTH,687.5,47.5,525.1,22192,0.042859789851354434,8.18561689766749,1.711
2026-07-29T07:42:08.696911+00:00,1,BOTH,687.5,47.5,525.2,21676,0.006475349797619856,1.236700714248365,1.917
2026-07-29T07:42:08.763610+00:00,1,BOTH,688.0,48.0,525.4,21522,-0.006473568734945729,-1.2363605563341125,2.05
2026-07-29T07:42:08.830148+00:00,1,BOTH,687.5,47.5,525.4,21993,0.006737754894420505,1.286816396146362,2.121
2026-07-29T07:42:08.880332+00:00,1,BOTH,687.5,47.5,525.4,21645,-0.007687955385772511,-1.468291322298785,2.163
2026-07-29T07:42:08.947275+00:00,1,BOTH,688.0,48.0,525.5,21565,0.015156740283127874,2.8947241646638253,2.198
2026-07-29T07:42:08.997037+00:00,1,BOTH,687.5,47.5,525.5,21796,-0.007675506853265688,-1.4659138277195438,2.209
2026-07-29T07:42:09.080175+00:00,1,BOTH,687.5,47.5,525.5,21665,0.0011872640158981085,0.22675072426238232,2.216
2026-07-29T07:42:09.147036+00:00,1,BOTH,687.5,47.5,525.5,21757,0.0,0.0,2.22
2026-07-29T07:42:09.196915+00:00,1,RIGHT,264.48,-375.52,525.5,8976,0.05148042804794386,9.832037515580302,-1.78
2026-07-29T07:42:09.247116+00:00,1,BOTH,687.5,47.5,525.5,21427,-0.0016266163042746484,-0.3106608304070169,-0.177
2026-07-29T07:42:09.313651+00:00,1,BOTH,687.5,47.5,525.5,21861,0.028404005297925323,5.424765416127838,0.784
2026-07-29T07:42:09.397129+00:00,1,BOTH,687.5,47.5,525.3,21920,-0.007761813926044851,-1.482397264427459,1.361
2026-07-29T07:42:09.413701+00:00,1,LEFT,1038.31,398.31,525.3,12418,-0.011069782249396667,-2.1141726767308797,5.361
2026-07-29T07:42:09.530272+00:00,1,BOTH,687.5,47.5,525.3,21571,0.014828901409346144,2.8321115519037745,4.107
2026-07-29T07:42:09.580400+00:00,1,BOTH,687.5,47.5,525.4,21664,0.012196955913677811,2.329446989202898,3.355
2026-07-29T07:42:09.646887+00:00,1,BOTH,687.0,47.0,525.3,22278,-0.016558728131931277,-3.1624841202140264,2.894
2026-07-29T07:42:09.713669+00:00,1,BOTH,686.5,46.5,525.1,22506,0.008802012500818818,1.6810605583943645,2.608
2026-07-29T07:42:09.780393+00:00,1,BOTH,687.0,47.0,525.1,22122,0.007805944138672203,1.490825514202666,2.446
2026-07-29T07:42:09.830386+00:00,1,BOTH,688.0,48.0,525.3,21147,-0.011923855931963772,-2.2772887347451833,2.368
2026-07-29T07:42:09.897116+00:00,1,BOTH,687.5,47.5,525.3,21465,-0.006479186792857945,-1.2374335263588794,2.311
2026-07-29T07:42:09.963725+00:00,1,BOTH,688.0,48.0,525.5,21400,0.00320640136487782,0.6123775521082859,2.287
2026-07-29T07:42:10.013526+00:00,1,BOTH,687.5,47.5,525.5,21520,-0.02953204500314314,-5.640205130235047,2.263
2026-07-29T07:42:10.046997+00:00,1,BOTH,687.0,47.0,525.4,21838,0.00546644238056615,1.0440135911929567,2.239
2026-07-29T07:42:10.096995+00:00,1,BOTH,687.0,47.0,525.3,21829,-0.009611255102790893,-1.835614510711648,2.225
2026-07-29T07:42:10.163711+00:00,1,BOTH,687.5,47.5,525.3,21843,-0.005525073090102524,-1.0552112318805955,2.225
2026-07-29T07:42:10.197041+00:00,1,BOTH,687.5,47.5,525.4,21996,-0.005525073090102524,-1.0552112318805955,2.226
2026-07-29T07:42:10.280449+00:00,1,BOTH,687.0,47.0,525.3,21993,0.015935704513685776,3.0434953740059036,2.217
2026-07-29T07:42:10.297018+00:00,1,BOTH,686.5,46.5,525.1,22599,-0.0056823017634451385,-1.0852396965505051,2.202
2026-07-29T07:42:10.380370+00:00,1,BOTH,687.0,47.0,525.1,21870,0.013815887364326046,2.638640120680017,2.202
2026-07-29T07:42:10.396994+00:00,1,BOTH,687.5,47.5,525.2,21735,-0.0026754803932271896,-0.5109791156730662,2.212
2026-07-29T07:42:10.446874+00:00,1,BOTH,687.0,47.0,525.2,21797,0.01095730942197406,2.092691948993484,2.208
2026-07-29T07:42:10.496968+00:00,1,BOTH,687.5,47.5,525.2,21816,-0.01232778670382686,-2.3544338295559055,2.216
2026-07-29T07:42:10.513737+00:00,1,BOTH,687.5,47.5,525.3,21741,0.002421100923093036,0.4623962155615289,2.22
2026-07-29T07:42:10.547126+00:00,1,BOTH,687.0,47.0,525.2,21902,0.0013958026637556032,0.26657867222104675,2.213
2026-07-29T07:42:10.646950+00:00,1,BOTH,687.5,47.5,525.3,21690,0.013593595417914913,2.5961854861829967,2.219
2026-07-29T07:42:10.696994+00:00,1,BOTH,687.0,47.0,525.2,22197,-0.00936213523207698,-1.7880361200958081,2.212
2026-07-29T07:42:10.714018+00:00,1,BOTH,687.5,47.5,525.3,21530,-0.00936213523207698,-1.7880361200958081,2.218
2026-07-29T07:42:10.780448+00:00,1,BOTH,687.5,47.5,525.3,21788,-0.03003727409755811,-5.736696779559027,2.221
2026-07-29T07:42:10.863727+00:00,1,BOTH,687.0,47.0,525.3,22202,0.014458183605456724,2.7613096667263672,2.214
2026-07-29T07:42:10.880353+00:00,1,BOTH,687.5,47.5,525.3,21482,0.014756217977264896,2.8182300389078367,2.219
2026-07-29T07:42:10.980360+00:00,1,BOTH,687.0,47.0,525.2,22091,0.012511357930488885,2.38949335131515,2.213
2026-07-29T07:42:11.046961+00:00,1,BOTH,687.5,47.5,525.3,21732,0.01438330492208479,2.7470088916173396,2.218
2026-07-29T07:42:11.080477+00:00,1,BOTH,686.5,46.5,525.1,22363,-0.00046184462495148183,-0.08820582600174101,2.203
2026-07-29T07:42:11.147103+00:00,1,BOTH,687.5,47.5,525.2,21448,0.00016770075308158994,0.032028484575802124,2.212
2026-07-29T07:42:11.213861+00:00,1,BOTH,688.0,48.0,525.2,21545,0.025644048361573368,4.897652469158426,2.227
2026-07-29T07:42:11.263768+00:00,1,BOTH,687.5,47.5,525.2,21631,-0.000154665804002434,-0.029538992681123543,2.227
2026-07-29T07:42:11.330356+00:00,1,BOTH,687.5,47.5,525.3,21622,0.0026072598062455653,0.4979499433065588,2.227
2026-07-29T07:42:11.380204+00:00,1,BOTH,687.0,47.0,525.2,22122,-0.01655131657142192,-3.16106861642472,2.217
2026-07-29T07:42:11.447100+00:00,1,BOTH,688.5,48.5,525.3,21334,0.02630081130890176,5.023084952566724,2.24
2026-07-29T07:42:11.480682+00:00,1,BOTH,687.0,47.0,525.2,21896,0.02630081130890176,5.023084952566724,2.225
2026-07-29T07:42:11.547090+00:00,1,BOTH,687.5,47.5,525.3,21728,0.02630081130890176,5.023084952566724,2.226
2026-07-29T07:42:11.563681+00:00,1,BOTH,687.5,47.5,525.3,21619,0.02630081130890176,5.023084952566724,2.226
2026-07-29T07:42:11.663773+00:00,1,BOTH,687.0,47.0,525.1,22342,0.02630081130890176,5.023084952566724,2.217
2026-07-29T07:42:11.697949+00:00,1,BOTH,687.5,47.5,525.1,21627,0.019743856955319643,3.770798916166104,2.221
2026-07-29T07:42:11.780493+00:00,1,BOTH,687.0,47.0,525.1,22393,-0.017214453532360494,-3.2877184467610934,2.214
2026-07-29T07:42:11.830431+00:00,1,BOTH,687.5,47.5,525.0,21947,-0.0012239203136414289,-0.23375156143993958,2.219
2026-07-29T07:42:11.846999+00:00,1,BOTH,687.5,47.5,524.9,22396,0.003598026803811081,0.6871725014444,2.222
2026-07-29T07:42:11.930470+00:00,1,BOTH,687.5,47.5,525.0,21432,0.006301745653618127,1.20354476505743,2.224
2026-07-29T07:42:11.980466+00:00,1,BOTH,687.0,47.0,525.0,22220,0.008581798658706247,1.6390028125829958,2.216
2026-07-29T07:42:11.996963+00:00,1,BOTH,686.5,46.5,524.9,22335,-0.006871315837197471,-1.3123246572427232,2.201
2026-07-29T07:42:12.080414+00:00,1,BOTH,687.5,47.5,525.0,21664,0.0056366799981333315,1.0765265811961622,2.211
2026-07-29T07:42:12.130510+00:00,1,BOTH,687.0,47.0,525.0,22287,0.009123488941695542,1.7424580359781086,2.208
2026-07-29T07:42:12.180452+00:00,1,BOTH,686.5,46.5,524.9,22303,0.005207595571991987,0.9945774922871892,2.197
2026-07-29T07:42:12.196942+00:00,1,BOTH,686.5,46.5,524.8,22586,-0.000984770314535126,-0.18807727604211102,2.19
2026-07-29T07:42:12.280466+00:00,1,BOTH,687.5,47.5,525.0,21703,-0.007927655661478638,-1.5140707027857294,2.205
2026-07-29T07:42:12.330480+00:00,1,BOTH,688.0,48.0,525.2,21592,-0.0025061826530145483,-0.4786456290221109,2.223
2026-07-29T07:42:12.347074+00:00,1,BOTH,687.5,47.5,525.2,21830,-0.0033893902448471637,-0.6473258538418506,2.224
2026-07-29T07:42:12.413687+00:00,1,BOTH,687.5,47.5,525.3,21789,0.0018134334776550532,0.34634028232455344,2.225
2026-07-29T07:42:12.430465+00:00,1,BOTH,687.5,47.5,525.3,21864,0.004291138710686937,0.8195471247585704,2.226
2026-07-29T07:42:12.513686+00:00,1,BOTH,687.0,47.0,525.3,22259,-0.015028150386642665,-2.8701653034750696,2.217
2026-07-29T07:42:12.563694+00:00,1,BOTH,687.0,47.0,525.2,22031,-0.009173963313223794,-1.7520979308519224,2.211
2026-07-29T07:42:12.614490+00:00,1,BOTH,687.0,47.0,525.2,21891,0.009581040515181485,1.8298439495458234,2.208
2026-07-29T07:42:12.680443+00:00,1,BOTH,687.0,47.0,525.1,22284,0.0028027586452662946,0.5352874712252097,2.206
2026-07-29T07:42:12.730329+00:00,1,BOTH,686.5,46.5,525.0,22391,-0.014528135363943874,-2.7746694684958073,2.196
2026-07-29T07:42:12.796916+00:00,1,BOTH,687.0,47.0,525.0,22135,0.012898366508306936,2.4634065451295992,2.199
2026-07-29T07:42:12.863853+00:00,1,BOTH,687.5,47.5,525.1,21847,-0.00599581625952851,-1.1451165546896651,2.21
2026-07-29T07:42:12.880351+00:00,1,BOTH,687.0,47.0,525.1,22105,0.008678403293597512,1.657452938785235,2.207
2026-07-29T07:42:12.963846+00:00,1,BOTH,688.0,48.0,525.3,21559,-0.004347013423102908,-0.8302184087683783,2.224
2026-07-29T07:42:13.013805+00:00,1,BOTH,687.5,47.5,525.3,21513,0.00962877217971254,1.8389600259683694,2.225
2026-07-29T07:42:13.080318+00:00,1,BOTH,687.5,47.5,525.4,21898,-0.0007188160246005282,-0.1372837481866074,2.226
2026-07-29T07:42:13.147039+00:00,1,BOTH,688.0,48.0,525.5,21514,0.021416084529482758,4.090170857449259,2.235
2026-07-29T07:42:13.197099+00:00,1,BOTH,687.5,47.5,525.5,21761,0.021416084529482758,4.090170857449259,2.232
2026-07-29T07:42:13.247103+00:00,1,BOTH,688.0,48.0,525.6,21594,0.021416084529482758,4.090170857449259,2.239
2026-07-29T07:42:13.297084+00:00,1,BOTH,686.5,46.5,525.4,22659,0.021416084529482758,4.090170857449259,2.215
2026-07-29T07:42:13.313886+00:00,1,BOTH,688.0,48.0,525.5,21134,0.021416084529482758,4.090170857449259,2.229
2026-07-29T07:42:13.397126+00:00,1,BOTH,687.5,47.5,525.5,21578,0.005701041388092563,1.0888187012236943,2.228
2026-07-29T07:42:13.430519+00:00,1,BOTH,687.0,47.0,525.4,22053,0.007635212506866083,1.4582181744297589,2.218
2026-07-29T07:42:13.513627+00:00,1,BOTH,688.0,48.0,525.5,21326,-0.008534078501470503,-1.6298889338919664,2.231
2026-07-29T07:42:13.563667+00:00,1,BOTH,687.5,47.5,525.5,21826,-0.005678516816697083,-1.0845168249693538,2.229
2026-07-29T07:42:13.580432+00:00,1,BOTH,687.5,47.5,525.5,21808,-0.015443723892094568,-2.9495339966079066,2.228
2026-07-29T07:42:13.680479+00:00,1,BOTH,687.5,47.5,525.5,21819,0.01854095119633712,3.5410608390271716,2.227
2026-07-29T07:42:13.697190+00:00,1,BOTH,687.0,47.0,525.4,22148,-0.008568366775289177,-1.636437511813963,2.218
2026-07-29T07:42:13.780417+00:00,1,BOTH,688.5,48.5,525.4,21330,0.008088902654126286,1.5448666099120203,2.24
2026-07-29T07:42:13.797148+00:00,1,BOTH,687.5,47.5,525.4,21877,-0.022612783224321902,-4.318723472659581,2.235
2026-07-29T07:42:13.880528+00:00,1,BOTH,687.0,47.0,525.4,22250,0.0016012177849188446,0.30581007052378734,2.222
2026-07-29T07:42:13.947267+00:00,1,BOTH,687.0,47.0,525.3,22128,-0.008674941188655794,-1.6567917254472622,2.214
2026-07-29T07:42:14.013813+00:00,1,BOTH,687.5,47.5,525.3,21737,0.005651550360489636,1.0793666112056504,2.219
2026-07-29T07:42:14.063864+00:00,1,BOTH,687.0,47.0,525.3,22415,0.017874382210429758,3.4137555402044812,2.213
2026-07-29T07:42:14.113816+00:00,1,BOTH,688.0,48.0,525.4,21255,-0.03020423428621143,-5.768583826747505,2.228
2026-07-29T07:42:14.163828+00:00,1,BOTH,687.5,47.5,525.2,22023,-0.011806893319590017,-2.254950521245714,2.227
2026-07-29T07:42:14.180405+00:00,1,BOTH,688.0,48.0,525.2,21701,-0.0038475458201719446,-0.7348271232635107,2.236
2026-07-29T07:42:14.247158+00:00,1,BOTH,687.0,47.0,525.1,22220,0.036591590049210934,6.988478918308956,2.223
2026-07-29T07:42:14.317915+00:00,1,BOTH,687.0,47.0,525.1,22128,0.0009068229154217989,0.17319041939805963,2.215
2026-07-29T07:42:14.347626+00:00,1,BOTH,687.5,47.5,525.2,22068,-0.0015189961359283188,-0.2901068922845766,2.22
2026-07-29T07:42:14.430529+00:00,1,BOTH,688.0,48.0,525.4,21475,0.003600723785057198,0.6876875869204949,2.232
2026-07-29T07:42:14.480539+00:00,1,BOTH,686.5,46.5,525.2,22408,-0.015637998977908865,-2.9866378048802438,2.211
2026-07-29T07:42:14.530539+00:00,1,BOTH,687.0,47.0,525.1,22077,-0.004832236699294299,-0.9228892282593028,2.208
2026-07-29T07:42:14.580524+00:00,1,BOTH,687.5,47.5,525.2,21906,0.002320298261474818,0.443144325313498,2.215
2026-07-29T07:42:14.613796+00:00,1,BOTH,687.0,47.0,525.2,22313,0.0023332787520484997,0.44562341639976905,2.21
2026-07-29T07:42:14.680543+00:00,1,BOTH,687.5,47.5,525.2,21690,-0.0009663508262019604,-0.18455941290117486,2.217
2026-07-29T07:42:14.763861+00:00,1,BOTH,686.5,46.5,525.1,22479,-0.007964521261746994,-1.52111151380104,2.202
2026-07-29T07:42:14.813854+00:00,1,BOTH,687.0,47.0,525.1,22057,0.003982883477583528,0.760674711859748,2.202
2026-07-29T07:42:14.897120+00:00,1,BOTH,686.5,46.5,525.0,22367,0.009691944214864634,1.8510249959599263,2.193
2026-07-29T07:42:14.913763+00:00,1,BOTH,687.5,47.5,525.1,21878,0.002756584428716451,0.526468845456446,2.207
2026-07-29T07:42:14.947206+00:00,1,BOTH,687.0,47.0,525.1,21992,0.007773338458500803,1.484598287996084,2.205
2026-07-29T07:42:15.047130+00:00,1,BOTH,686.5,46.5,524.9,22553,0.0050269802255206745,0.9600825020601915,2.195
2026-07-29T07:42:15.080618+00:00,1,BOTH,687.0,47.0,525.0,22385,-0.004667613979436282,-0.89144860472654,2.198
2026-07-29T07:42:15.147260+00:00,1,BOTH,688.0,48.0,525.2,21338,0.004370988283189945,0.8347972697597243,2.219
2026-07-29T07:42:15.197031+00:00,1,BOTH,687.5,47.5,525.2,21563,0.007986515130614862,1.5253120333386834,2.222
2026-07-29T07:42:15.263874+00:00,1,BOTH,687.0,47.0,525.2,22269,0.00545886820735177,1.042567030664673,2.214
2026-07-29T07:42:15.313891+00:00,1,BOTH,688.0,48.0,525.3,21474,0.00032470631500473244,0.06201433810338868,2.229
2026-07-29T07:42:15.380569+00:00,1,BOTH,687.5,47.5,525.4,21781,0.0017582101753214373,0.3357934084762496,2.228
2026-07-29T07:42:15.463965+00:00,1,BOTH,687.0,47.0,525.3,21955,-0.003851759698591195,-0.7356319147595252,2.218
2026-07-29T07:42:15.513914+00:00,1,BOTH,687.0,47.0,525.2,22215,0.0011011597371543757,0.2103060183622693,2.212
2026-07-29T07:42:15.563904+00:00,1,BOTH,687.5,47.5,525.3,21800,0.0049660882249008866,0.9484529865881186,2.218
2026-07-29T07:42:15.630626+00:00,1,BOTH,686.0,46.0,525.0,22712,-0.0003645030368352309,-0.06961495210120106,2.193
2026-07-29T07:42:15.680562+00:00,1,BOTH,688.0,48.0,525.2,21543,0.008327907365746796,1.590513147444009,2.216
2026-07-29T07:42:15.730626+00:00,1,BOTH,687.5,47.5,525.3,21969,-0.0005710006878507556,-0.10905309837638412,2.22
2026-07-29T07:42:15.747116+00:00,1,BOTH,687.5,47.5,525.3,21661,-0.0005710006878507556,-0.10905309837638412,2.223
2026-07-29T07:42:15.847246+00:00,1,BOTH,688.0,48.0,525.5,21265,-0.003202062891614332,-0.6115489647498586,2.234
2026-07-29T07:42:15.897252+00:00,1,BOTH,687.5,47.5,525.5,21829,-0.012503740522079169,-2.388038533472803,2.231
2026-07-29T07:42:15.930545+00:00,1,BOTH,687.5,47.5,525.5,21744,0.0030317758044111544,0.5790265267421311,2.229
2026-07-29T07:42:15.947217+00:00,1,BOTH,688.0,48.0,525.6,21400,-7.561575795989484e-05,-0.014441545985949114,2.237
2026-07-29T07:42:16.030364+00:00,1,BOTH,688.0,48.0,525.7,21266,-0.010591240106150509,-2.0227778596403803,2.242
2026-07-29T07:42:16.097231+00:00,1,BOTH,687.5,47.5,525.6,21967,-0.01207105047593359,-2.3054008218679276,2.236
2026-07-29T07:42:16.163918+00:00,1,BOTH,688.0,48.0,525.7,21474,-0.01666058354312554,-3.1819370708206964,2.242
2026-07-29T07:42:16.197210+00:00,1,BOTH,686.5,46.5,525.5,22231,-0.012724051420809701,-2.430114815732782,2.217
2026-07-29T07:42:16.247356+00:00,1,BOTH,687.5,47.5,525.5,21513,0.013066554681863636,2.4955281201589745,2.221
2026-07-29T07:42:16.313863+00:00,1,BOTH,687.0,47.0,525.4,22098,-0.012968444005819037,-2.476790361283872,2.214
2026-07-29T07:42:16.330509+00:00,1,BOTH,687.0,47.0,525.3,22171,-0.014491551573737525,-2.7676824792377546,2.209
2026-07-29T07:42:16.414036+00:00,1,BOTH,687.0,47.0,525.2,22392,-0.0013893421471584588,-0.26534480443941144,2.207
2026-07-29T07:42:16.480482+00:00,1,BOTH,687.5,47.5,525.3,21859,-0.00994661945849657,-1.8996643846485126,2.215
2026-07-29T07:42:16.547227+00:00,1,BOTH,687.0,47.0,525.2,22300,0.014374566888436675,2.7453400501197383,2.21
2026-07-29T07:42:16.613853+00:00,1,BOTH,687.5,47.5,525.3,21512,0.003266401767032221,0.6238367848167354,2.217
2026-07-29T07:42:16.697118+00:00,1,BOTH,687.0,47.0,525.2,22296,-0.0041509459994267675,-0.7927722891795573,2.211
2026-07-29T07:42:16.780789+00:00,1,BOTH,687.0,47.0,525.2,22078,-0.004539835125906393,-0.8670446413322633,2.208
2026-07-29T07:42:16.847103+00:00,1,BOTH,687.0,47.0,525.1,22018,0.005852175581094343,1.1176832058874195,2.206
2026-07-29T07:42:16.897131+00:00,1,BOTH,687.5,47.5,525.2,21786,0.008724753585993313,1.6663051925634906,2.214
2026-07-29T07:42:16.947218+00:00,1,BOTH,687.0,47.0,525.2,21896,0.002469631173844391,0.47166481071740973,2.21
2026-07-29T07:42:17.030604+00:00,1,BOTH,687.5,47.5,525.2,21613,0.005070757620560471,0.9684433686397156,2.217
2026-07-29T07:42:17.080623+00:00,1,BOTH,688.5,48.5,525.3,21500,-7.622436954989098e-05,-0.0145577822375142,2.239
2026-07-29T07:42:17.147203+00:00,1,BOTH,687.5,47.5,525.1,22065,0.007162005646969192,1.3678423214006576,2.234
2026-07-29T07:42:17.213809+00:00,1,BOTH,687.0,47.0,525.1,22048,0.01169744047394488,2.234046567541837,2.222
2026-07-29T07:42:17.230614+00:00,1,BOTH,687.5,47.5,525.2,21637,-0.000712962671987043,-0.13616584018409217,2.224
2026-07-29T07:42:17.247253+00:00,1,BOTH,687.5,47.5,525.2,21899,-6.361689360346645e-05,-0.012149931697371434,2.225
2026-07-29T07:42:17.347246+00:00,1,BOTH,688.0,48.0,525.4,21233,0.004664191807387396,0.8907950180093107,2.235
2026-07-29T07:42:17.430477+00:00,1,BOTH,688.0,48.0,525.5,21330,4.393925220938399e-05,0.008391779021861934,2.241
2026-07-29T07:42:17.497194+00:00,1,BOTH,686.5,46.5,525.3,22351,0.018747634701430798,3.5805344808166333,2.216
2026-07-29T07:42:17.563990+00:00,1,BOTH,687.0,47.0,525.3,22046,-0.00014789692126214503,-0.028246231304331862,2.211
2026-07-29T07:42:17.614009+00:00,1,BOTH,688.0,48.0,525.4,21435,0.007363534191717917,1.4063314382857088,2.227
2026-07-29T07:42:17.680629+00:00,1,BOTH,686.5,46.5,525.2,22334,-0.00010449861765664537,-0.01995776585559015,2.208
2026-07-29T07:42:17.697227+00:00,1,BOTH,687.5,47.5,525.3,21576,-6.780959491152316e-05,-0.012950678663073534,2.215
2026-07-29T07:42:17.780631+00:00,1,BOTH,687.0,47.0,525.2,22220,-0.002037182793719694,-0.3890732539226955,2.21
2026-07-29T07:42:17.830631+00:00,1,BOTH,686.5,46.5,525.1,22502,-2.2164382244227454e-05,-0.004233085193696444,2.198
2026-07-29T07:42:17.897233+00:00,1,BOTH,688.0,48.0,525.3,21317,-4.6955090219853446e-05,-0.008967761654178704,2.219
2026-07-29T07:42:17.963943+00:00,1,BOTH,687.5,47.5,525.3,21750,0.0007121634186660231,0.13601319404390466,2.222
2026-07-29T07:42:18.030607+00:00,1,BOTH,687.5,47.5,525.3,21499,-8.395215483687935e-05,-0.01603368051060662,2.224
2026-07-29T07:42:18.097179+00:00,1,BOTH,686.5,46.5,525.2,22512,-0.008590227795939426,-1.6406126592109882,2.206
2026-07-29T07:42:18.147233+00:00,1,BOTH,687.0,47.0,525.1,22349,0.004956246126675978,0.9465732842886505,2.205
2026-07-29T07:42:18.197328+00:00,1,BOTH,687.5,47.5,525.2,21493,2.221861883299425e-05,0.004243443619134857,2.214
2026-07-29T07:42:18.247291+00:00,1,BOTH,687.0,47.0,525.2,22010,-6.286601477768272e-05,-0.012006524405227613,2.209
2026-07-29T07:42:18.297409+00:00,1,BOTH,687.5,47.5,525.2,21906,0.011748764321673662,2.2438487004192744,2.216
2026-07-29T07:42:18.380654+00:00,1,BOTH,687.5,47.5,525.3,21851,-1.3452953280648215e-05,-0.002569324816559392,2.22
2026-07-29T07:42:18.397329+00:00,1,BOTH,687.5,47.5,525.3,21766,-6.853110433439724e-05,-0.013088476812438882,2.223
2026-07-29T07:42:18.463929+00:00,1,BOTH,686.5,46.5,525.2,22654,-2.8555995086207986e-05,-0.00545379332745345,2.206
2026-07-29T07:42:18.530545+00:00,1,BOTH,686.5,46.5,525.0,22412,-9.286491083912552e-05,-0.017735891519801948,2.195
2026-07-29T07:42:18.597416+00:00,1,BOTH,687.0,47.0,525.0,22295,0.00791530185902957,1.5117113003148295,2.198
2026-07-29T07:42:18.647331+00:00,1,BOTH,687.5,47.5,525.1,21568,0.009483791369129904,1.8112707307791336,2.21
2026-07-29T07:42:18.714044+00:00,1,BOTH,687.5,47.5,525.2,21746,-3.7503266357816754e-05,-0.007162596267526222,2.216
2026-07-29T07:42:18.780552+00:00,1,BOTH,688.0,48.0,525.4,21468,9.229954885086045e-06,0.0017627915333719572,2.23
2026-07-29T07:42:18.830588+00:00,1,BOTH,688.0,48.0,525.5,21584,-0.010348775144666433,-1.9764704630642487,2.238
2026-07-29T07:42:18.897293+00:00,1,BOTH,687.5,47.5,525.5,21744,-0.0021390109276399017,-0.40852099495376504,2.233
2026-07-29T07:42:18.947389+00:00,1,BOTH,687.5,47.5,525.5,22005,0.002010550030972809,0.38398677091546296,2.231
2026-07-29T07:42:19.013804+00:00,1,BOTH,686.5,46.5,525.3,22854,3.449893032666296e-05,0.006588810351445567,2.21
2026-07-29T07:42:19.063890+00:00,1,BOTH,687.5,47.5,525.3,21655,-0.00011935306247323751,-0.022794755838925856,2.217
2026-07-29T07:42:19.180759+00:00,1,BOTH,687.0,47.0,525.1,22377,0.015249959118664265,2.9125276508216897,2.211
2026-07-29T07:42:19.213940+00:00,1,BOTH,687.0,47.0,525.1,22217,-0.009602483568014577,-1.833939270969864,2.208
2026-07-29T07:42:19.280707+00:00,1,BOTH,687.5,47.5,524.9,22107,0.01830674459692091,3.4963306734249717,2.215
2026-07-29T07:42:19.347398+00:00,1,BOTH,687.0,47.0,525.0,22373,0.006180750065250322,1.1804363098801722,2.211
2026-07-29T07:42:19.380823+00:00,1,BOTH,687.0,47.0,525.0,22417,-0.005251355880172923,-1.002935095517054,2.208
2026-07-29T07:42:19.447299+00:00,1,BOTH,687.5,47.5,525.1,21772,0.04402291729929857,8.407757877010894,2.215
2026-07-29T07:42:19.513953+00:00,1,BOTH,687.0,47.0,525.1,22373,0.00372095052851364,0.7106492035360155,2.21
2026-07-29T07:42:19.597460+00:00,1,BOTH,686.5,46.5,524.9,22673,0.02051275019533932,3.917646707996994,2.198
2026-07-29T07:42:19.613935+00:00,1,BOTH,687.5,47.5,525.1,21617,-0.008356337163131684,-1.595942838785896,2.209
2026-07-29T07:42:19.697317+00:00,1,BOTH,687.0,47.0,525.0,21980,-0.012940545129822567,-2.471462068458017,2.207
2026-07-29T07:42:19.747374+00:00,1,BOTH,687.5,47.5,525.1,21732,-0.03086574912231299,-5.894923854060531,2.215
2026-07-29T07:42:19.814043+00:00,1,BOTH,688.0,48.0,525.3,21122,0.005180948952074687,0.9894883627553539,2.229
2026-07-29T07:42:19.847318+00:00,1,BOTH,686.5,46.5,525.1,22755,-0.003260503391647944,-0.6227102780983924,2.209
2026-07-29T07:42:19.980555+00:00,1,BOTH,688.0,48.0,525.3,21362,0.019090997653547673,3.6461119741414647,2.226
2026-07-29T07:42:20.047270+00:00,1,BOTH,687.5,47.5,525.4,22042,0.0015217706044495572,0.29063677674010613,2.226
2026-07-29T07:42:20.097298+00:00,1,BOTH,687.5,47.5,525.4,21505,0.021580828661099075,4.121634668919801,2.226
2026-07-29T07:42:20.180605+00:00,1,BOTH,686.5,46.5,525.2,22318,0.00010619228967698291,0.020281233384405937,2.208
2026-07-29T07:42:20.197411+00:00,1,BOTH,687.5,47.5,525.3,21621,0.01542448451044038,2.945859545377152,2.215
2026-07-29T07:42:20.265066+00:00,1,BOTH,687.5,47.5,525.3,21836,-0.0009474625252187252,-0.1809520131394676,2.22
2026-07-29T07:42:20.314010+00:00,1,BOTH,687.0,47.0,525.2,21745,-0.0020575641668983736,-0.3929658094687604,2.213
2026-07-29T07:42:20.330770+00:00,1,BOTH,687.5,47.5,525.3,21758,0.006729247882612981,1.2851916765702314,2.218
2026-07-29T07:42:20.413969+00:00,1,BOTH,687.0,47.0,525.2,21978,-0.0007701585034374148,-0.14708943934358523,2.212
2026-07-29T07:42:20.430619+00:00,1,BOTH,687.0,47.0,525.2,21958,-0.020651696025161072,-3.9441834067627584,2.209
2026-07-29T07:42:20.497248+00:00,1,BOTH,687.5,47.5,525.3,21561,0.0006354097183793783,0.12135431708244863,2.216
2026-07-29T07:42:20.563984+00:00,1,BOTH,686.5,46.5,525.1,22477,-0.009090868837665767,-1.7362280550174958,2.201
2026-07-29T07:42:20.614017+00:00,1,BOTH,687.5,47.5,525.2,21725,0.014027834516018628,2.679119044919364,2.211
2026-07-29T07:42:20.663838+00:00,1,BOTH,687.5,47.5,525.2,21477,0.0008402317785657942,0.16047244908196917,2.217
2026-07-29T07:42:20.730561+00:00,1,BOTH,687.5,47.5,525.1,22034,-4.844575363676995e-05,-0.009252457395724924,2.221
2026-07-29T07:42:20.780652+00:00,1,BOTH,687.0,47.0,525.1,22108,-0.0005481575313024223,-0.10469037683979704,2.214
2026-07-29T07:42:20.830468+00:00,1,BOTH,688.5,48.5,525.2,21390,-0.013061598252970725,-2.4945815119689065,2.238
2026-07-29T07:42:20.913889+00:00,1,BOTH,687.0,47.0,525.1,22082,-0.00018377016676822676,-0.035097516520782295,2.224
2026-07-29T07:42:20.964864+00:00,1,BOTH,687.5,47.5,525.0,22235,-0.0012185608202707953,-0.2327279736050541,2.225
2026-07-29T07:42:21.014033+00:00,1,BOTH,687.0,47.0,525.0,22134,0.01765162776922807,3.3712125757089755,2.216
2026-07-29T07:42:21.097437+00:00,1,BOTH,687.0,47.0,525.0,22140,-0.024749483873602002,-4.72680323694829,2.211
2026-07-29T07:42:21.164016+00:00,1,BOTH,687.0,47.0,525.0,21919,0.01613689801262808,3.0819205018554494,2.208
2026-07-29T07:42:21.180609+00:00,1,BOTH,687.0,47.0,525.0,21814,-0.001131620069500059,-0.21612351331551424,2.206
2026-07-29T07:42:21.263969+00:00,1,BOTH,687.5,47.5,525.1,21479,-2.7075240213889626e-05,-0.0051709899785291995,2.214
2026-07-29T07:42:21.330742+00:00,1,BOTH,687.5,47.5,525.2,21804,-7.199561514426023e-05,-0.01375014963738088,2.219
2026-07-29T07:42:21.380692+00:00,1,BOTH,687.0,47.0,525.1,21718,0.0011696523793216329,0.22338714944188137,2.213
2026-07-29T07:42:21.447351+00:00,1,BOTH,687.0,47.0,525.1,21966,-3.011635621078312e-05,-0.005751800350634924,2.209
2026-07-29T07:42:21.547429+00:00,1,BOTH,687.0,47.0,525.1,21809,-3.256122814491391e-05,-0.006218736494887194,2.207
2026-07-29T07:42:21.597245+00:00,1,BOTH,688.0,48.0,525.3,21290,-2.724939258769153e-06,-0.0005204250631899313,2.224
2026-07-29T07:42:21.664084+00:00,1,BOTH,687.5,47.5,525.3,21726,0.0011996455391636118,0.22911542101923688,2.225
2026-07-29T07:42:21.680860+00:00,1,BOTH,687.5,47.5,525.4,21800,0.004622696081642061,0.8828699181658438,2.226
2026-07-29T07:42:21.780759+00:00,1,BOTH,687.5,47.5,525.4,21567,5.6706037139520045e-05,0.010830055336688661,2.226
2026-07-29T07:42:21.830741+00:00,1,BOTH,687.0,47.0,525.3,21945,2.6879522229137367e-05,0.005133610596858833,2.217
2026-07-29T07:42:21.897359+00:00,1,BOTH,687.5,47.5,525.3,21641,-2.6046351995319124e-05,-0.004974486803479788,2.221
2026-07-29T07:42:21.963850+00:00,1,BOTH,687.5,47.5,525.4,21682,1.2836535461246967e-05,0.0024515976849982294,2.223
2026-07-29T07:42:21.997381+00:00,1,BOTH,688.0,48.0,525.5,21011,1.9365484040463342e-05,0.003698535012488341,2.234
2026-07-29T07:42:22.013947+00:00,1,BOTH,687.5,47.5,525.5,21804,-7.594497234094888e-05,-0.014504421301247142,2.231
2026-07-29T07:42:22.097344+00:00,1,BOTH,688.0,48.0,525.6,21525,-0.011757846422260626,-2.2455832538617626,2.239
2026-07-29T07:42:22.164111+00:00,1,BOTH,688.0,48.0,525.7,21581,-4.2147002131969204e-05,-0.00804948447096906,2.243
2026-07-29T07:42:22.214059+00:00,1,BOTH,687.5,47.5,525.6,21676,0.004508387893438339,0.8610386623396424,2.237
2026-07-29T07:42:22.280644+00:00,1,BOTH,687.5,47.5,525.6,21773,-2.078711986541748e-05,-0.003970047455069911,2.233
2026-07-29T07:42:22.314073+00:00,1,BOTH,687.0,47.0,525.5,22229,5.296212737448514e-05,0.010115021241974272,2.221
2026-07-29T07:42:22.364098+00:00,1,BOTH,687.0,47.0,525.4,22271,0.00016301579307764769,0.031133723124423848,2.214
2026-07-29T07:42:22.414102+00:00,1,BOTH,688.0,48.0,525.3,21708,-0.018451416022144257,-3.523960880363106,2.228
2026-07-29T07:42:22.480888+00:00,1,BOTH,687.5,47.5,525.4,21954,0.010337055978307036,1.974232267158231,2.228
2026-07-29T07:42:22.547333+00:00,1,BOTH,687.5,47.5,525.4,22067,-9.359462885186076e-05,-0.017875257394349958,2.227
2026-07-29T07:42:22.564589+00:00,1,BOTH,687.5,47.5,525.4,21501,-0.0023314190475502983,-0.4452682390034743,2.227
2026-07-29T07:42:22.597352+00:00,1,BOTH,687.5,47.5,525.4,21869,0.01349298813554924,2.57697091062355,2.227
2026-07-29T07:42:22.647370+00:00,1,BOTH,687.5,47.5,525.2,22191,0.01349298813554924,2.57697091062355,2.227
2026-07-29T07:42:22.814235+00:00,1,BOTH,687.5,47.5,525.3,21718,0.01349298813554924,2.57697091062355,2.227
2026-07-29T07:42:22.880721+00:00,1,BOTH,687.0,47.0,525.2,22039,-0.013418537343968638,-2.5627518568269614,2.217
2026-07-29T07:42:22.947576+00:00,1,BOTH,687.5,47.5,525.3,21819,-0.0001023377920500934,-0.019545078563859404,2.221
2026-07-29T07:42:22.963959+00:00,1,BOTH,687.0,47.0,525.2,22008,-0.00011447891243733464,-0.021863861753023277,2.214
2026-07-29T07:42:23.080893+00:00,1,BOTH,687.5,47.5,525.3,21744,-3.6740675568580627e-06,-0.0007016952155130287,2.219
2026-07-29T07:42:23.164084+00:00,1,BOTH,686.5,46.5,525.1,22624,-5.0803270423784854e-05,-0.009702709935815578,2.203
2026-07-29T07:42:23.230705+00:00,1,BOTH,687.5,47.5,525.2,21690,-3.586632399674272e-05,-0.0068499633055404815,2.213
2026-07-29T07:42:23.280577+00:00,1,BOTH,688.0,48.0,525.2,21696,-4.595337421051227e-05,-0.00877644798882558,2.228
2026-07-29T07:42:23.347491+00:00,1,BOTH,687.5,47.5,525.2,21707,-1.0101940424647181e-05,-0.001929328504082927,2.227
2026-07-29T07:42:23.397427+00:00,1,BOTH,687.0,47.0,525.2,21876,-3.8420339988078924e-05,-0.007337744429248766,2.218
2026-07-29T07:42:23.430675+00:00,1,BOTH,687.5,47.5,525.2,21889,4.196371883153915e-05,0.008014479939069492,2.221
2026-07-29T07:42:23.447431+00:00,1,BOTH,687.5,47.5,525.3,21547,4.196371883153915e-05,0.008014479939069492,2.223
2026-07-29T07:42:23.497459+00:00,1,BOTH,687.5,47.5,525.3,21714,7.091963198035955e-05,0.013544651990318743,2.225
2026-07-29T07:42:23.580708+00:00,1,BOTH,687.0,47.0,525.3,22105,4.759604344144464e-06,0.0009090174702386999,2.216
2026-07-29T07:42:23.630681+00:00,1,BOTH,687.5,47.5,525.3,21691,-0.00730911024089437,-1.3959372293303194,2.22
2026-07-29T07:42:23.680887+00:00,1,BOTH,687.5,47.5,525.2,22055,0.010999588135164232,2.1007665884236206,2.223
2026-07-29T07:42:23.730759+00:00,1,BOTH,687.5,47.5,525.2,21698,-0.006201305635622703,-1.1843621346395772,2.224
2026-07-29T07:42:23.780783+00:00,1,BOTH,687.5,47.5,525.2,21914,0.0033196032175328584,0.6339975134089377,2.225
2026-07-29T07:42:23.797391+00:00,1,BOTH,688.0,48.0,525.3,21487,-7.481821929104626e-05,-0.014289227320204097,2.235
2026-07-29T07:42:23.847376+00:00,1,BOTH,687.5,47.5,525.4,21999,-0.00010721604921855032,-0.020476757054299473,2.232
2026-07-29T07:42:23.947390+00:00,1,BOTH,687.5,47.5,525.4,21283,5.431472905911505e-05,0.010373349134946204,2.23
2026-07-29T07:42:23.981669+00:00,1,BOTH,688.0,48.0,525.5,21806,-2.6067718863487244e-05,-0.004978567574704607,2.238
2026-07-29T07:42:24.014217+00:00,1,BOTH,688.0,48.0,525.6,21022,-9.472206904320047e-05,-0.018090582609740582,2.243
2026-07-29T07:42:24.081270+00:00,1,BOTH,687.0,47.0,525.5,21815,-8.027404022868723e-05,-0.01533121236522388,2.227
2026-07-29T07:42:24.097294+00:00,1,BOTH,687.5,47.5,525.5,21828,8.121784776449203e-05,0.01551146632680474,2.227
2026-07-29T07:42:24.214033+00:00,1,BOTH,687.0,47.0,525.4,22168,-1.1583461891859769e-05,-0.002212278261847296,2.217
2026-07-29T07:42:24.264064+00:00,1,BOTH,688.0,48.0,525.5,21208,-2.8786354232579513e-06,-0.00054977886836512,2.23
2026-07-29T07:42:24.330792+00:00,1,BOTH,687.5,47.5,525.5,21455,-1.5395608643302693e-05,-0.0029403446609879186,2.229
2026-07-29T07:42:24.397387+00:00,1,BOTH,688.0,48.0,525.4,21791,-7.063150405883789e-05,-0.013489623610775183,2.237
2026-07-29T07:42:24.447450+00:00,1,BOTH,686.5,46.5,525.2,22366,4.0113158756867055e-05,0.007661048999022407,2.214
2026-07-29T07:42:24.465324+00:00,1,BOTH,688.0,48.0,525.4,21241,-7.736004190519447e-06,-0.001477467968040944,2.229
2026-07-29T07:42:24.547314+00:00,1,BOTH,687.0,47.0,525.3,21913,0.01568390153523069,2.9954045475582367,2.218
2026-07-29T07:42:24.597225+00:00,1,BOTH,688.5,48.5,525.3,21357,6.748089683242142e-05,0.01288790195418491,2.24
2026-07-29T07:42:24.614149+00:00,1,BOTH,687.5,47.5,525.2,22069,-8.727656677365303e-05,-0.016668596421740102,2.235
2026-07-29T07:42:24.697235+00:00,1,BOTH,688.0,48.0,525.3,21242,8.379848906770349e-05,0.016004332510508597,2.241
2026-07-29T07:42:24.730664+00:00,1,BOTH,687.5,47.5,525.4,21878,-7.857060612877831e-05,-0.015005880416545722,2.235
2026-07-29T07:42:24.797263+00:00,1,BOTH,688.0,48.0,525.5,21087,-3.285048238467425e-05,-0.0062739799853689686,2.241
2026-07-29T07:42:24.880895+00:00,1,BOTH,687.0,47.0,525.4,22036,8.446000632829965e-05,0.01613067300086598,2.226
2026-07-29T07:42:24.930784+00:00,1,BOTH,688.0,48.0,525.5,21419,-1.9250436962465753e-05,-0.003676562639106427,2.236
2026-07-29T07:42:24.980774+00:00,1,BOTH,687.5,47.5,525.5,21688,5.655583343468606e-05,0.010801368542174606,2.232
2026-07-29T07:42:25.047482+00:00,1,BOTH,688.5,48.5,525.5,21072,-2.687961336050648e-05,-0.00513362800166827,2.249
2026-07-29T07:42:25.080863+00:00,1,BOTH,687.5,47.5,525.5,21789,5.590390908764675e-05,0.010676860163350692,2.24
2026-07-29T07:42:25.114175+00:00,1,BOTH,687.5,47.5,525.5,21469,-5.830898182466626e-05,-0.011136195220861343,2.234
2026-07-29T07:42:25.197407+00:00,1,BOTH,687.5,47.5,525.5,21690,9.08014120068401e-05,0.017341792272734854,2.231
2026-07-29T07:42:25.247526+00:00,1,BOTH,688.0,48.0,525.6,21115,8.854248037096113e-05,0.016910368109586696,2.239
2026-07-29T07:42:25.297544+00:00,1,BOTH,688.0,48.0,525.7,21194,0.024778900074306876,4.732421317447287,2.243
2026-07-29T07:42:25.364012+00:00,1,BOTH,688.5,48.5,525.8,21010,-0.0005273245240096003,-0.10071156553165048,2.255
2026-07-29T07:42:25.430626+00:00,1,BOTH,687.5,47.5,525.8,21452,-0.0010803213488543406,-0.20632617935744663,2.244
2026-07-29T07:42:25.497609+00:00,1,BOTH,688.0,48.0,525.8,21136,-0.0010803213488543406,-0.20632617935744663,2.246
2026-07-29T07:42:25.564148+00:00,1,BOTH,688.0,48.0,525.9,21249,-0.0010803213488543406,-0.20632617935744663,2.248
2026-07-29T07:42:25.580774+00:00,1,BOTH,688.0,48.0,525.9,21035,-0.0010803213488543406,-0.20632617935744663,2.249
2026-07-29T07:42:25.597517+00:00,1,BOTH,688.0,48.0,525.9,21028,-0.0010803213488543406,-0.20632617935744663,2.249
2026-07-29T07:42:25.647379+00:00,1,BOTH,688.0,48.0,525.9,21144,-0.0010803213488543406,-0.20632617935744663,2.25
2026-07-29T07:42:25.680663+00:00,1,BOTH,687.5,47.5,525.8,21649,-0.0010803213488543406,-0.20632617935744663,2.24
2026-07-29T07:42:25.764119+00:00,1,BOTH,688.0,48.0,525.7,21601,-0.0010803213488543406,-0.20632617935744663,2.244
2026-07-29T07:42:25.780786+00:00,1,BOTH,687.5,47.5,525.6,21585,-0.0002230950263037812,-0.042608011458555826,2.237
2026-07-29T07:42:25.847434+00:00,1,BOTH,687.5,47.5,525.4,22316,-0.013888248301809654,-2.652460041744753,2.233
2026-07-29T07:42:25.914159+00:00,1,BOTH,688.5,48.5,525.4,20993,-0.01390048055211082,-2.654796229465435,2.249
2026-07-29T07:42:25.930727+00:00,1,BOTH,688.0,48.0,525.3,21789,0.010609551158268005,2.0262750129896356,2.249
2026-07-29T07:42:25.964145+00:00,1,BOTH,688.0,48.0,525.3,21585,0.0002188337850384414,0.04179417432525264,2.25
2026-07-29T07:42:26.014138+00:00,1,BOTH,688.5,48.5,525.5,21005,0.01669216564623639,3.1879688082086917,2.259
2026-07-29T07:42:26.097392+00:00,1,BOTH,687.5,47.5,525.5,21570,-0.0017481254397716838,-0.3338673658612282,2.246
2026-07-29T07:42:26.147566+00:00,1,BOTH,688.5,48.5,525.5,21443,0.009040642699692398,1.7266355692604431,2.257
2026-07-29T07:42:26.214106+00:00,1,BOTH,687.5,47.5,525.5,21659,-0.00857424090267159,-1.637559387505078,2.245
2026-07-29T07:42:26.280879+00:00,1,BOTH,687.5,47.5,525.5,21825,0.00025292311096563935,0.04830475599883376,2.238
2026-07-29T07:42:26.347384+00:00,1,BOTH,687.5,47.5,525.5,21727,1.1142851435579358e-05,0.0021281278633332925,2.233
2026-07-29T07:42:26.397558+00:00,1,BOTH,688.0,48.0,525.4,21520,0.00032682684715837243,0.06241932991247321,2.24
2026-07-29T07:42:26.447448+00:00,1,BOTH,688.5,48.5,525.4,21312,-9.240244085958693e-05,-0.01764756625987174,2.253
2026-07-29T07:42:26.464111+00:00,1,BOTH,688.0,48.0,525.3,21931,0.00010098221478983758,0.019286182377804186,2.252
2026-07-29T07:42:26.564098+00:00,1,BOTH,687.0,47.0,525.1,22567,-0.010631662774831057,-2.0304980206805507,2.232
2026-07-29T07:42:26.614201+00:00,1,BOTH,688.0,48.0,525.3,21326,-0.001490508164279163,-0.2846660904766267,2.239
2026-07-29T07:42:26.680905+00:00,1,BOTH,687.5,47.5,525.3,21633,-5.35652891267091e-05,-0.010230216651194769,2.234
2026-07-29T07:42:26.730855+00:00,1,BOTH,687.5,47.5,525.3,21495,-0.03652986357803457,-6.97669003070015,2.231
2026-07-29T07:42:26.780924+00:00,1,BOTH,687.0,47.0,525.1,22650,-0.005119528766954318,-0.9777579714743226,2.22
2026-07-29T07:42:26.847471+00:00,1,BOTH,687.5,47.5,525.2,21539,-0.010650893073179759,-2.034170737127744,2.223
2026-07-29T07:42:26.880754+00:00,1,BOTH,687.5,47.5,525.0,22199,0.012367846297856887,2.3620846484456655,2.224
2026-07-29T07:42:26.914262+00:00,1,BOTH,687.5,47.5,525.1,22002,0.00015042229963000865,0.028728543044839266,2.225
2026-07-29T07:42:26.980798+00:00,1,BOTH,688.5,48.5,525.2,21569,0.00012310899328440427,0.023512085784335866,2.244
2026-07-29T07:42:27.030890+00:00,1,BOTH,686.5,46.5,524.9,22928,0.002764049351681024,0.5278945407239803,2.219
2026-07-29T07:42:27.097531+00:00,1,BOTH,688.0,48.0,524.9,21891,-0.012517326316446998,-2.3906332290681673,2.231
2026-07-29T07:42:27.147331+00:00,1,BOTH,688.0,48.0,525.1,21488,0.0002849140344187617,0.0544145723208004,2.239
2026-07-29T07:42:27.197480+00:00,1,BOTH,687.5,47.5,525.0,22323,1.2893336825072767e-05,0.0024624459463909137,2.234
2026-07-29T07:42:27.247444+00:00,1,BOTH,687.0,47.0,524.8,22605,0.00018837103620171546,0.03597621785621446,2.222
2026-07-29T07:42:27.297472+00:00,1,BOTH,687.5,47.5,524.9,21520,-0.00015887897461652756,-0.030343648996310552,2.224
2026-07-29T07:42:27.314216+00:00,1,BOTH,687.5,47.5,524.8,22423,2.4310871958732604e-05,0.00464303453172773,2.225
2026-07-29T07:42:27.414364+00:00,1,BOTH,687.5,47.5,525.0,21506,0.010897972586099059,2.0813594481091577,2.225
2026-07-29T07:42:27.447435+00:00,1,BOTH,688.0,48.0,525.0,21649,-0.009534310600720346,-1.8209191932937214,2.235
2026-07-29T07:42:27.530909+00:00,1,BOTH,687.5,47.5,524.9,22388,0.009331738259643316,1.7822307259943935,2.232
2026-07-29T07:42:27.597562+00:00,1,BOTH,687.0,47.0,524.7,22370,0.009331738259643316,1.7822307259943935,2.22
2026-07-29T07:42:27.614069+00:00,1,BOTH,688.0,48.0,524.8,21501,0.009331738259643316,1.7822307259943935,2.232
2026-07-29T07:42:27.664023+00:00,1,BOTH,688.5,48.5,524.9,21319,-0.011097311669145711,-2.119430408611094,2.249
2026-07-29T07:42:27.747717+00:00,1,BOTH,688.0,48.0,524.9,22157,0.00018938498542411252,0.036169867893160866,2.249
2026-07-29T07:42:27.814052+00:00,1,BOTH,687.0,47.0,524.7,22761,0.023782680851290934,4.542157460951901,2.231
2026-07-29T07:42:27.880846+00:00,1,BOTH,687.5,47.5,524.7,22395,0.0007459481025580317,0.142465593374557,2.229
2026-07-29T07:42:27.930818+00:00,1,BOTH,687.5,47.5,524.7,21945,0.012397140588145703,2.3676794457702663,2.228
2026-07-29T07:42:27.997693+00:00,1,BOTH,688.5,48.5,524.8,21206,-0.00029434555501211434,-0.05621586006876649,2.246
2026-07-29T07:42:28.047690+00:00,1,BOTH,687.5,47.5,524.8,22300,0.002191625850973651,0.41856970510852576,2.238
2026-07-29T07:42:28.097602+00:00,1,BOTH,687.5,47.5,524.9,21874,0.013942149027716368,2.662754322101907,2.234
2026-07-29T07:42:28.164229+00:00,1,BOTH,688.5,48.5,525.0,21123,0.010895145643735305,2.0808195418879247,2.25
2026-07-29T07:42:28.230775+00:00,1,BOTH,688.0,48.0,525.0,21822,0.010895145643735305,2.0808195418879247,2.25
2026-07-29T07:42:28.247604+00:00,1,BOTH,688.0,48.0,525.0,21867,0.010895145643735305,2.0808195418879247,2.25
2026-07-29T07:42:28.347810+00:00,1,BOTH,688.5,48.5,525.1,21010,0.010895145643735305,2.0808195418879247,2.259
2026-07-29T07:42:28.397445+00:00,1,BOTH,686.5,46.5,525.0,22326,0.010895145643735305,2.0808195418879247,2.227
2026-07-29T07:42:28.464139+00:00,1,BOTH,687.5,47.5,525.1,21876,-0.01022329691797495,-1.9525058870302228,2.227
2026-07-29T07:42:28.514041+00:00,1,BOTH,688.0,48.0,525.1,21529,0.03343581158900633,6.385769628815565,2.236
2026-07-29T07:42:28.580974+00:00,1,BOTH,688.0,48.0,525.1,21574,0.015028908756794407,2.870310141505082,2.242
2026-07-29T07:42:28.647448+00:00,1,BOTH,688.0,48.0,525.0,21824,0.03001427579438314,5.7323044271994,2.245
2026-07-29T07:42:28.681391+00:00,1,BOTH,687.5,47.5,525.1,21481,0.039264222987694664,7.49891421018484,2.238
2026-07-29T07:42:28.747771+00:00,1,BOTH,688.5,48.5,525.2,21525,0.03420463686576113,6.53260444061899,2.252
2026-07-29T07:42:28.764171+00:00,1,BOTH,686.5,46.5,525.1,22738,-0.005933806477114559,-1.1332735586201852,2.223
2026-07-29T07:42:28.814142+00:00,1,BOTH,688.5,48.5,525.2,21290,-9.34526820856263e-06,-0.001784814755894741,2.243
2026-07-29T07:42:28.847489+00:00,1,BOTH,688.0,48.0,525.1,21418,-0.017736149047268553,-3.3873549507448804,2.246
2026-07-29T07:42:28.897550+00:00,1,BOTH,687.5,47.5,525.2,22061,0.03297942774952389,6.2986067360144995,2.238
2026-07-29T07:42:29.064350+00:00,1,BOTH,688.0,48.0,525.2,21653,-0.0009057283808942884,-0.17298137870153396,2.243
2026-07-29T07:42:29.080882+00:00,1,BOTH,686.5,46.5,525.0,22371,-0.03511760190362111,-6.706967918993583,2.218
2026-07-29T07:42:29.147571+00:00,1,BOTH,688.0,48.0,525.0,21716,0.02025223435368389,3.8678918472531447,2.231
2026-07-29T07:42:29.164320+00:00,1,BOTH,688.5,48.5,525.1,21655,0.0021239955176133663,0.40565326287983533,2.248
2026-07-29T07:42:29.247509+00:00,1,BOTH,688.0,48.0,525.3,21253,0.03416760113905184,6.525531137846849,2.249
2026-07-29T07:42:29.280860+00:00,1,BOTH,688.0,48.0,525.4,21482,-0.001329171629040502,-0.2538530819751635,2.249
2026-07-29T07:42:29.347541+00:00,1,BOTH,688.0,48.0,525.3,21933,0.007206769296899438,1.3763915487893383,2.25
2026-07-29T07:42:29.414369+00:00,1,BOTH,688.0,48.0,525.5,21495,-0.005906177026918158,-1.1279967223317828,2.25
2026-07-29T07:42:29.430750+00:00,1,BOTH,687.0,47.0,525.4,22115,-4.5480864937417206e-05,-0.008686205365061777,2.231
2026-07-29T07:42:29.497521+00:00,1,BOTH,688.0,48.0,525.3,21737,-4.5480864937417206e-05,-0.008686205365061777,2.239
2026-07-29T07:42:29.514324+00:00,1,BOTH,687.0,47.0,525.2,22101,-0.01411012481781654,-2.6948353348789578,2.224
2026-07-29T07:42:29.614223+00:00,1,BOTH,688.5,48.5,525.3,21472,0.01575803197512869,3.009562418690248,2.244
2026-07-29T07:42:29.647505+00:00,1,BOTH,687.0,47.0,525.0,22530,0.004295224088564282,0.8203273744588636,2.228
2026-07-29T07:42:29.664308+00:00,1,BOTH,688.0,48.0,525.0,21755,-1.003363053314388e-05,-0.001916282275809141,2.237
2026-07-29T07:42:29.747573+00:00,1,BOTH,688.0,48.0,525.0,21585,-3.262368380092084e-05,-0.006230664646540252,2.242
2026-07-29T07:42:29.797489+00:00,1,BOTH,687.5,47.5,524.9,22132,1.1781812645494938e-05,0.0022501604653357436,2.236
2026-07-29T07:42:29.814284+00:00,1,BOTH,687.5,47.5,525.0,21608,-0.0010806055684224702,-0.20638046129647616,2.232
2026-07-29T07:42:29.914272+00:00,1,BOTH,688.0,48.0,525.2,21240,-2.7865719712281134e-05,-0.005321960442027372,2.239
2026-07-29T07:42:29.997707+00:00,1,BOTH,688.0,48.0,525.4,21156,-1.3593474577646702e-05,-0.0025961624073917843,2.244
2026-07-29T07:42:30.030940+00:00,1,BOTH,688.0,48.0,525.5,21078,-0.012198596083908341,-2.329760238642539,2.246
2026-07-29T07:42:30.114160+00:00,1,BOTH,687.5,47.5,525.5,21635,4.7096433991100636e-05,0.008994756326021792,2.238
2026-07-29T07:42:30.164273+00:00,1,BOTH,687.5,47.5,525.5,21468,-9.26594843622297e-05,-0.017696657952714037,2.234
2026-07-29T07:42:30.180951+00:00,1,BOTH,687.0,47.0,525.4,21874,0.0,0.0,2.221
2026-07-29T07:42:30.297256+00:00,1,RIGHT,264.6,-375.4,525.4,8997,0.0,0.0,-1.779
2026-07-29T07:42:30.364283+00:00,1,BOTH,688.5,48.5,525.4,21439,0.0,0.0,-0.158
2026-07-29T07:42:30.430930+00:00,1,BOTH,688.25,48.25,525.5,21473,0.0,0.0,0.81
2026-07-29T07:42:30.480934+00:00,1,BOTH,687.5,47.5,525.3,22053,-0.00791472235461697,-1.511600623124659,1.377
2026-07-29T07:42:30.547632+00:00,1,BOTH,688.0,48.0,525.4,21462,-5.5711712484480806e-05,-0.010640153316023493,1.726
2026-07-29T07:42:30.630876+00:00,1,BOTH,687.5,47.5,525.4,21526,9.042429621331394e-05,0.0172697684615456,1.926
2026-07-29T07:42:30.697648+00:00,1,BOTH,688.0,48.0,525.6,21129,0.008646498881280423,1.6513596448731869,2.056
2026-07-29T07:42:30.764258+00:00,1,BOTH,687.5,47.5,525.5,22028,2.251938116387464e-05,0.0043008849931214016,2.124
2026-07-29T07:42:30.814150+00:00,1,BOTH,687.0,47.0,525.4,22009,3.7015846464782948e-06,0.0007069505925121039,2.156
2026-07-29T07:42:30.864146+00:00,1,BOTH,687.5,47.5,525.4,21862,-0.0011220928907277993,-0.21430395620112389,2.184
2026-07-29T07:42:30.931046+00:00,1,BOTH,687.5,47.5,525.5,21821,-8.458108641207209e-07,-0.00016153797593476818,2.201
2026-07-29T07:42:30.980976+00:00,1,BOTH,687.5,47.5,525.5,22061,6.449175474699586e-05,0.012317017867985516,2.211
2026-07-29T07:42:30.997513+00:00,1,BOTH,688.0,48.0,525.4,21897,0.0,0.0,2.227
2026-07-29T07:42:31.031047+00:00,1,BOTH,687.0,47.0,525.3,22425,-0.02458865969267208,-4.6960880809118475,2.217
2026-07-29T07:42:31.131140+00:00,1,BOTH,688.5,48.5,525.3,21381,1.0868532699532805e-05,0.0020757368439438565,2.24
2026-07-29T07:42:31.181023+00:00,1,BOTH,687.0,47.0,525.3,22248,-1.495450094807893e-05,-0.0028560992968310367,2.225
2026-07-29T07:42:31.247690+00:00,1,BOTH,688.0,48.0,525.2,21774,-5.930662038736045e-05,-0.01132673015126759,2.235
2026-07-29T07:42:31.297614+00:00,1,BOTH,687.5,47.5,525.3,21720,5.575609247898682e-06,0.0010648629270623522,2.232
2026-07-29T07:42:31.364290+00:00,1,BOTH,688.0,48.0,525.4,21567,-8.52684024721384e-06,-0.001628506529158802,2.239
2026-07-29T07:42:31.414305+00:00,1,BOTH,688.0,48.0,525.3,21632,4.550059384200721e-06,0.0008689973308286522,2.243
2026-07-29T07:42:31.430983+00:00,1,BOTH,687.5,47.5,525.4,21565,-2.633146941661835e-05,-0.005028940219833452,2.237
2026-07-29T07:42:31.514351+00:00,1,BOTH,688.5,48.5,525.4,21114,6.827471195720135e-05,0.013039509475396713,2.251
2026-07-29T07:42:31.530885+00:00,1,BOTH,687.5,47.5,525.4,21638,-1.1492706398712471e-05,-0.002194945239430734,2.241
2026-07-29T07:42:31.547640+00:00,1,BOTH,688.5,48.5,525.4,21332,0.0028665328508941457,0.5474674473061275,2.254
2026-07-29T07:42:31.647627+00:00,1,BOTH,688.5,48.5,525.6,20995,-3.824449377134441e-06,-0.0007304160275707998,2.262
2026-07-29T07:42:31.697653+00:00,1,BOTH,688.5,48.5,525.6,21458,-2.98256054520607e-06,-0.0005696271046084852,2.267
2026-07-29T07:42:31.764344+00:00,1,BOTH,687.5,47.5,525.4,22279,-4.2808824218809605e-05,-0.008175883178850712,2.251
2026-07-29T07:42:31.780866+00:00,1,BOTH,687.0,47.0,525.3,22474,1.0838055750355125e-05,0.0020699161754094706,2.232
2026-07-29T07:42:31.814111+00:00,1,RIGHT,264.69,-375.31,525.3,8867,-0.013424774124869145,-2.563942994238117,-1.768
2026-07-29T07:42:31.897592+00:00,1,BOTH,688.0,48.0,525.3,21490,0.021160416642087513,4.04134188776668,-0.161
2026-07-29T07:42:31.964398+00:00,1,BOTH,687.5,47.5,525.3,21518,0.04514637054409832,8.622321641701905,0.794
2026-07-29T07:42:32.014343+00:00,1,BOTH,686.5,46.5,525.1,22562,-0.004854169387836009,-0.9270780632153526,1.348
2026-07-29T07:42:32.047590+00:00,1,BOTH,688.0,48.0,525.3,21353,-0.013259020973928273,-2.5322864742717615,1.709
2026-07-29T07:42:32.147644+00:00,1,BOTH,687.5,47.5,525.4,21903,-0.024404459340439645,-4.6609084050193745,1.916
2026-07-29T07:42:32.197600+00:00,1,BOTH,687.5,47.5,525.2,22257,-0.013661824229639024,-2.6092162293596113,2.04
2026-07-29T07:42:32.247589+00:00,1,BOTH,687.5,47.5,525.2,21957,-0.007271912515861913,-1.3888329871574931,2.115
2026-07-29T07:42:32.264362+00:00,1,BOTH,687.5,47.5,525.3,21599,-9.973478852771222e-05,-0.019047941510892306,2.159
2026-07-29T07:42:32.364298+00:00,1,BOTH,687.5,47.5,525.3,21505,-1.4264027704484761e-05,-0.0027242286210821887,2.186
2026-07-29T07:42:32.414197+00:00,1,BOTH,688.5,48.5,525.4,21220,0.00013052430149400606,0.02492830533166551,2.221
2026-07-29T07:42:32.480851+00:00,1,BOTH,687.5,47.5,525.4,21802,-0.01049196331296116,-2.0038173887959045,2.223
2026-07-29T07:42:32.547702+00:00,1,BOTH,687.5,47.5,525.4,21657,0.049810495302081106,9.513103854218206,2.225
2026-07-29T07:42:32.597454+00:00,1,LEFT,1044.42,404.42,525.4,12806,0.03235059568076395,6.178508657473081,6.225
2026-07-29T07:42:32.664411+00:00,1,BOTH,688.0,48.0,525.5,21271,-0.03558255418698536,-6.795767264032725,4.635
2026-07-29T07:42:32.730990+00:00,1,BOTH,687.5,47.5,525.3,22332,0.009718197081238032,1.8560389241043147,3.671
2026-07-29T07:42:32.814499+00:00,1,BOTH,687.0,47.0,525.3,22259,0.01427772827726585,2.7268452377397496,3.084
2026-07-29T07:42:32.848564+00:00,1,BOTH,687.0,47.0,525.2,22176,0.017922115554101767,3.422871937319327,2.732
2026-07-29T07:42:32.914334+00:00,1,BOTH,687.5,47.5,525.3,21552,0.006672868479508907,1.2744240037391306,2.53
2026-07-29T07:42:32.980994+00:00,1,BOTH,688.0,48.0,525.4,21553,-0.0047102696806541645,-0.8995952435663923,2.418
2026-07-29T07:42:33.064371+00:00,1,BOTH,687.0,47.0,525.3,22142,-0.003449692599097034,-0.6588427551525853,2.332
2026-07-29T07:42:33.114191+00:00,1,BOTH,687.5,47.5,525.4,22057,0.003758315967861563,0.7177854767836424,2.29
2026-07-29T07:42:33.181074+00:00,1,BOTH,687.5,47.5,525.2,22354,0.0035878416313789786,0.6852272767978251,2.264
2026-07-29T07:42:33.231064+00:00,1,BOTH,688.5,48.5,525.3,21278,1.3673678040504456e-05,0.0026114801404720626,2.268
2026-07-29T07:42:33.247598+00:00,1,BOTH,688.0,48.0,525.2,22091,-7.091201836374239e-05,-0.013543197896655429,2.261
2026-07-29T07:42:33.347767+00:00,1,BOTH,687.5,47.5,525.3,21869,-0.00014541614858899264,-0.027772438623988465,2.247
2026-07-29T07:42:33.414345+00:00,1,BOTH,687.5,47.5,525.3,21690,7.385442440863699e-05,0.014105156056609568,2.239
2026-07-29T07:42:33.464291+00:00,1,BOTH,687.0,47.0,525.0,22463,3.249559085816145e-05,0.0062062006965218405,2.225
2026-07-29T07:42:33.497676+00:00,1,BOTH,687.5,47.5,525.1,21882,-2.1687764092348513e-05,-0.004142057831889814,2.225
2026-07-29T07:42:33.547679+00:00,1,BOTH,687.5,47.5,525.2,21501,0.015165800895774737,2.8964546142120526,2.226
2026-07-29T07:42:33.614324+00:00,1,BOTH,687.5,47.5,525.1,21978,0.0003363560978323221,0.06423928273093825,2.226
2026-07-29T07:42:33.630998+00:00,1,BOTH,687.0,47.0,525.1,22413,-0.0019180989934829995,-0.3663299233828902,2.217
2026-07-29T07:42:33.664334+00:00,1,BOTH,687.5,47.5,525.1,21935,-0.0001540659531019628,-0.02942442959800981,2.221
2026-07-29T07:42:33.764292+00:00,1,BOTH,687.5,47.5,525.2,21638,0.012403092646200093,2.3688162051233776,2.223
2026-07-29T07:42:33.814278+00:00,1,BOTH,687.0,47.0,525.0,22391,0.002915546798030846,0.5568284216668283,2.215
2026-07-29T07:42:33.880922+00:00,1,BOTH,687.5,47.5,524.9,22374,-2.5536865869071332e-05,-0.004877182120964895,2.22
2026-07-29T07:42:33.947592+00:00,1,BOTH,688.0,48.0,524.9,21616,4.98180859722197e-05,0.009514553565426933,2.232
2026-07-29T07:42:33.997673+00:00,1,BOTH,688.5,48.5,525.0,21507,-1.4936722582206127e-05,-0.002852703879060533,2.248
2026-07-29T07:42:34.047653+00:00,1,BOTH,688.5,48.5,525.1,21405,7.360666233580559e-05,0.014057836986287393,2.258
2026-07-29T07:42:34.064295+00:00,1,BOTH,688.0,48.0,525.3,21147,-4.913716111332178e-05,-0.009384506496825625,2.255
2026-07-29T07:42:34.131076+00:00,1,BOTH,687.5,47.5,525.3,21669,5.7704164646565914e-05,0.011020683648587468,2.244
2026-07-29T07:42:34.181097+00:00,1,BOTH,687.5,47.5,525.4,21540,-0.01145895667374134,-2.1884995167621564,2.237
2026-07-29T07:42:34.231033+00:00,1,BOTH,688.0,48.0,525.3,21496,-2.9511694447137418e-05,-0.0056363184603354715,2.242
2026-07-29T07:42:34.247674+00:00,1,BOTH,687.0,47.0,525.0,22644,-1.8431967473588883e-05,-0.0035202464811968457,2.227
2026-07-29T07:42:34.314340+00:00,1,BOTH,687.5,47.5,525.1,21622,8.704360050614923e-05,0.01662410314208382,2.227
2026-07-29T07:42:34.381019+00:00,1,BOTH,687.5,47.5,525.2,21780,-4.29975211591227e-05,-0.008211921639807288,2.227
2026-07-29T07:42:34.414431+00:00,1,BOTH,688.5,48.5,525.3,21127,-4.4210348278284066e-07,-8.443554557163808e-05,2.245
2026-07-29T07:42:34.464498+00:00,1,BOTH,687.5,47.5,525.1,22066,2.3110346810426562e-05,0.004413751117736886,2.238
2026-07-29T07:42:34.514452+00:00,1,BOTH,686.5,46.5,525.0,22704,-3.345601726323366e-05,-0.006389628628333706,2.215
2026-07-29T07:42:34.531220+00:00,1,BOTH,687.5,47.5,524.9,22246,3.399923269171268e-05,0.006493375133061166,2.219
2026-07-29T07:42:34.647779+00:00,1,BOTH,687.5,47.5,524.8,22101,1.867640297859907e-05,0.0035669302238642876,2.222
2026-07-29T07:42:34.664308+00:00,1,BOTH,688.0,48.0,525.0,21336,-5.6931742583401495e-05,-0.01087316190118044,2.233
2026-07-29T07:42:34.697808+00:00,1,BOTH,688.0,48.0,525.0,21526,-1.0157443030038847e-05,-0.001939928720886002,2.24
2026-07-29T07:42:34.781072+00:00,1,BOTH,687.5,47.5,524.9,22023,4.541840578895062e-05,0.008674276546398055,2.235
2026-07-29T07:42:34.831087+00:00,1,BOTH,688.0,48.0,524.9,21804,2.799062480335124e-05,0.0053458155572207525,2.241
2026-07-29T07:42:34.897774+00:00,1,BOTH,687.5,47.5,524.9,22193,6.287443466135301e-05,0.012008132484555276,2.235
2026-07-29T07:42:34.964359+00:00,1,BOTH,687.5,47.5,525.0,21638,-0.005809522479403313,-1.1095370635206252,2.232
2026-07-29T07:42:34.981038+00:00,1,BOTH,688.0,48.0,525.0,21592,6.169842745293864e-05,0.011783531652158258,2.239
2026-07-29T07:42:35.064399+00:00,1,BOTH,688.0,48.0,525.0,21994,1.2976237339898942e-05,0.0024782787784542524,2.243
2026-07-29T07:42:35.098416+00:00,1,BOTH,688.0,48.0,525.0,21671,-7.927143888082355e-05,-0.015139729612668157,2.246
2026-07-29T07:42:35.164340+00:00,1,BOTH,687.5,47.5,525.1,21782,2.8562815205077642e-05,0.005455095874210146,2.238
2026-07-29T07:42:35.181085+00:00,1,BOTH,687.5,47.5,525.2,21753,-1.0179903474636374e-05,-0.0019442183498240878,2.234
2026-07-29T07:42:35.264394+00:00,1,BOTH,686.5,46.5,525.0,22390,-0.00011430432263296096,-0.021830517556567855,2.212
2026-07-29T07:42:35.280997+00:00,1,BOTH,687.5,47.5,525.1,21767,-7.275718962773679e-07,-0.00013895599649674424,2.218
2026-07-29T07:42:35.298969+00:00,1,BOTH,687.5,47.5,525.2,21580,2.5671534240245818e-05,0.004902901885305559,2.221
2026-07-29T07:42:35.397847+00:00,1,BOTH,688.0,48.0,525.2,21465,2.993609639815986e-05,0.005717373262371151,2.233
2026-07-29T07:42:35.464351+00:00,1,BOTH,687.5,47.5,525.2,21836,-3.295402791991364e-05,-0.006293755725891102,2.23
2026-07-29T07:42:35.514254+00:00,1,BOTH,687.5,47.5,525.3,21655,-2.02401773276506e-05,-0.003865589124902522,2.229
2026-07-29T07:42:35.564276+00:00,1,BOTH,687.5,47.5,525.3,21596,-4.3673099280567844e-05,-0.008340947556774564,2.228
2026-07-29T07:42:35.581150+00:00,1,BOTH,688.0,48.0,525.5,21023,-2.0888994913548174e-06,-0.0003989504156055181,2.237
2026-07-29T07:42:35.681114+00:00,1,BOTH,687.5,47.5,525.5,22009,-3.123162474366836e-05,-0.005964800950495161,2.233
2026-07-29T07:42:35.731126+00:00,1,BOTH,687.5,47.5,525.5,21398,-2.5437329022679477e-05,-0.004858171983617244,2.23
2026-07-29T07:42:35.747603+00:00,1,BOTH,687.0,47.0,525.4,22274,2.9932985489722346e-06,0.0005716779122624747,2.219
2026-07-29T07:42:35.814919+00:00,1,BOTH,687.5,47.5,525.4,21758,9.571147325914354e-05,0.018279544895760544,2.222
2026-07-29T07:42:35.847801+00:00,1,BOTH,688.0,48.0,525.3,21968,-1.6417024307884273e-05,-0.003135420683351501,2.233
2026-07-29T07:42:35.897815+00:00,1,BOTH,687.0,47.0,525.3,22109,1.3456866581691428e-05,0.002570072202005193,2.221
2026-07-29T07:42:35.964428+00:00,1,BOTH,687.5,47.5,525.3,21501,-9.27597349800635e-06,-0.001771580441036556,2.223
2026-07-29T07:42:36.014401+00:00,1,BOTH,688.0,48.0,525.4,21405,4.961593193002045e-05,0.009475944987328509,2.234
2026-07-29T07:42:36.064384+00:00,1,BOTH,688.0,48.0,525.6,21097,-0.01120937782106921,-2.1408334670493887,2.24
2026-07-29T07:42:36.081123+00:00,1,BOTH,687.5,47.5,525.3,21755,0.004739380155224353,0.905154934674708,2.235
2026-07-29T07:42:36.164439+00:00,1,BOTH,688.0,48.0,525.3,21335,0.01734618507354753,3.3128773178903295,2.241
2026-07-29T07:42:36.230971+00:00,1,BOTH,687.5,47.5,525.1,22210,-0.006196984346233876,-1.1835368291594626,2.235
2026-07-29T07:42:36.264511+00:00,1,BOTH,688.0,48.0,525.3,21118,-0.0016753983468515798,-0.31997751425930243,2.241
2026-07-29T07:42:36.314494+00:00,1,BOTH,687.5,47.5,525.3,21884,-0.007887193039059638,-1.5063429111435958,2.235
2026-07-29T07:42:36.364434+00:00,1,BOTH,687.5,47.5,525.2,21950,0.0008170824230910511,0.15605124785813304,2.232
2026-07-29T07:42:36.381059+00:00,1,BOTH,688.0,48.0,525.1,21828,0.00014210902838385664,0.027140825190332694,2.239
2026-07-29T07:42:36.447583+00:00,1,BOTH,687.5,47.5,525.0,22405,-0.012714241880457848,-2.4282413315290334,2.234
2026-07-29T07:42:36.514481+00:00,1,BOTH,688.0,48.0,525.2,21410,4.7123758122324944e-05,0.00899997485068184,2.24
2026-07-29T07:42:36.597702+00:00,1,BOTH,688.0,48.0,525.2,21869,1.452688593417406e-05,0.0027744308449871133,2.244
2026-07-29T07:42:36.681116+00:00,1,BOTH,687.5,47.5,525.2,21587,4.7563388943672176e-05,0.009083938152705395,2.237
2026-07-29T07:42:36.747829+00:00,1,BOTH,688.5,48.5,525.3,21425,0.00011930940672755241,0.022786418205661678,2.252
2026-07-29T07:42:36.797734+00:00,1,BOTH,687.0,47.0,525.2,22225,2.1263788657961412e-05,0.004061084488531126,2.232
2026-07-29T07:42:36.847809+00:00,1,BOTH,688.0,48.0,525.2,21638,0.005458330993133131,1.0424644303065986,2.239
2026-07-29T07:42:36.864468+00:00,1,BOTH,688.5,48.5,525.2,21513,-0.0011540933941250843,-0.22041560215765216,2.253
2026-07-29T07:42:36.947755+00:00,1,BOTH,688.5,48.5,525.3,21278,-4.4703487401420716e-06,-0.0008537737192058849,2.261
2026-07-29T07:42:36.997884+00:00,1,BOTH,688.0,48.0,525.2,21427,4.17024258786114e-05,0.007964576661005257,2.257
2026-07-29T07:42:37.047869+00:00,1,BOTH,687.5,47.5,525.3,21676,-2.4477695842506363e-05,-0.004674895546601788,2.245
2026-07-29T07:42:37.097802+00:00,1,BOTH,687.5,47.5,525.3,21766,-0.001541435472900048,-0.2943924899630831,2.237
2026-07-29T07:42:37.181107+00:00,1,BOTH,688.0,48.0,525.5,21272,0.005008813211170491,0.9566128578981277,2.242
2026-07-29T07:42:37.230997+00:00,1,BOTH,687.5,47.5,525.5,21671,6.445026607252658e-05,0.012309094114836577,2.236
2026-07-29T07:42:37.281117+00:00,1,BOTH,687.0,47.0,525.4,22259,8.795246947556734e-05,0.016797684329010697,2.223
2026-07-29T07:42:37.347876+00:00,1,BOTH,688.0,48.0,525.5,21310,-7.269380148500204e-05,-0.013883493406174846,2.234
2026-07-29T07:42:37.397830+00:00,1,BOTH,687.0,47.0,525.4,22186,0.007652889458695427,1.4615942235446837,2.221
2026-07-29T07:42:37.447929+00:00,1,BOTH,687.5,47.5,525.2,22099,5.790878960397094e-05,0.011059764136728644,2.224
2026-07-29T07:42:37.464398+00:00,1,BOTH,688.0,48.0,525.4,21314,-0.03971309303771704,-7.584642074905201,2.234
2026-07-29T07:42:37.564532+00:00,1,BOTH,687.5,47.5,525.4,21679,0.03001612367108464,5.732657345652923,2.231
2026-07-29T07:42:37.614489+00:00,1,BOTH,687.5,47.5,525.4,21582,0.000430253277590964,0.08217232309210959,2.229
2026-07-29T07:42:37.681119+00:00,1,BOTH,688.0,48.0,525.5,21325,-0.0037973716809938194,-0.7252445685448154,2.238
2026-07-29T07:42:37.697852+00:00,1,BOTH,687.0,47.0,525.4,22427,1.7348895489703864e-05,0.00331339496924527,2.224
2026-07-29T07:42:37.781206+00:00,1,BOTH,688.0,48.0,525.3,21680,-2.3014077160041777e-05,-0.004395364968862725,2.234
2026-07-29T07:42:37.797761+00:00,1,BOTH,688.0,48.0,525.5,21089,-4.0474728739354755e-05,-0.007730103779006289,2.241
2026-07-29T07:42:37.864450+00:00,1,BOTH,687.5,47.5,525.5,21499,3.223730338504538e-05,0.0061568714228196755,2.235
2026-07-29T07:42:37.881195+00:00,1,BOTH,688.0,48.0,525.4,21576,-1.8507799250073728e-05,-0.003534729283682049,2.241
2026-07-29T07:42:37.964409+00:00,1,BOTH,687.5,47.5,525.4,21574,-0.02352950796193909,-4.493805000795257,2.235
2026-07-29T07:42:37.997691+00:00,1,BOTH,688.0,48.0,525.5,21417,-7.4418151052668684e-06,-0.0014212819914949867,2.241
2026-07-29T07:42:38.047804+00:00,1,BOTH,687.5,47.5,525.5,21496,-2.0433761528693138e-05,-0.0039025609839030205,2.235
2026-07-29T07:42:38.097715+00:00,1,BOTH,688.0,48.0,525.4,21790,9.1195103013888e-05,0.017416981716521854,2.241
2026-07-29T07:42:38.198060+00:00,1,BOTH,687.0,47.0,525.3,22098,0.00012159872101619839,0.023223645028056374,2.226
2026-07-29T07:42:38.247814+00:00,1,BOTH,687.0,47.0,525.3,22040,-6.292179285082966e-05,-0.012017177232496587,2.217
2026-07-29T07:42:38.314543+00:00,1,BOTH,687.5,47.5,525.3,21637,0.03216353333089501,6.142782380295449,2.221
2026-07-29T07:42:38.397991+00:00,1,BOTH,688.0,48.0,525.3,21764,0.01233817178523168,2.3564172340038922,2.232
2026-07-29T07:42:38.481295+00:00,1,BOTH,687.0,47.0,525.2,22096,-0.009766752397699746,-1.8653123064582426,2.221
2026-07-29T07:42:38.547845+00:00,1,BOTH,688.5,48.5,525.3,21394,0.00866111228009686,1.6541505984615978,2.242
2026-07-29T07:42:38.598323+00:00,1,BOTH,687.0,47.0,525.2,21987,-0.0001499522477388382,-0.0286387697464519,2.226
2026-07-29T07:42:38.681181+00:00,1,BOTH,688.0,48.0,525.4,21342,-0.009654941033804789,-1.8439579089489675,2.236
2026-07-29T07:42:38.747802+00:00,1,BOTH,688.0,48.0,525.5,21334,0.0034748422144912183,0.6636459778807985,2.241
2026-07-29T07:42:38.797678+00:00,1,BOTH,687.5,47.5,525.5,21757,4.054376157000661e-05,0.007743288078486931,2.236
2026-07-29T07:42:38.847701+00:00,1,BOTH,688.0,48.0,525.4,21967,4.054376157000661e-05,0.007743288078486931,2.241
2026-07-29T07:42:38.864521+00:00,1,BOTH,687.5,47.5,525.4,21658,0.00017093648901209235,0.032646464617257544,2.235
2026-07-29T07:42:38.947662+00:00,1,BOTH,688.0,48.0,525.5,21417,-0.006504481290467084,-1.2422644195519041,2.241
2026-07-29T07:42:38.981172+00:00,1,BOTH,687.0,47.0,525.2,22464,4.625762419891543e-05,0.008834555456333599,2.226
2026-07-29T07:42:39.047862+00:00,1,BOTH,687.5,47.5,525.3,21747,-8.91275703907013e-05,-0.017022112072141153,2.226
2026-07-29T07:42:39.097831+00:00,1,BOTH,687.0,47.0,525.2,22185,-0.00012544586264993994,-0.023958394957397895,2.217
2026-07-29T07:42:39.164541+00:00,1,BOTH,688.0,48.0,525.2,21718,-5.738984327763319e-05,-0.010960652689085405,2.23
2026-07-29T07:42:39.231246+00:00,1,BOTH,687.0,47.0,524.9,22706,0.015741890071658417,3.0064795422164012,2.219
2026-07-29T07:42:39.281161+00:00,1,BOTH,688.0,48.0,525.0,21882,-0.011240748833515682,-2.1468248890901727,2.232
2026-07-29T07:42:39.347997+00:00,1,BOTH,688.5,48.5,525.1,21400,0.0001960477768443525,0.03744236732034662,2.248
2026-07-29T07:42:39.397898+00:00,1,BOTH,687.5,47.5,525.0,22108,-5.456783110275864e-05,-0.010421688064569251,2.24
2026-07-29T07:42:39.447922+00:00,1,BOTH,688.5,48.5,525.1,21081,-1.8957493593916298e-05,-0.003620614576925663,2.253
2026-07-29T07:42:39.497865+00:00,1,BOTH,688.0,48.0,525.0,21763,0.017719679420115427,3.3842094836581196,2.252
2026-07-29T07:42:39.564593+00:00,1,BOTH,688.0,48.0,525.0,22088,-0.0091046227584593,-1.7388548603949183,2.251
2026-07-29T07:42:39.631041+00:00,1,BOTH,688.0,48.0,525.0,21871,0.002699484861514065,0.5155636314140448,2.251
2026-07-29T07:42:39.647988+00:00,1,BOTH,688.0,48.0,525.0,21865,-4.0380282152909784e-05,-0.00771206580969724,2.25
2026-07-29T07:42:39.747952+00:00,1,BOTH,688.5,48.5,525.1,21015,0.004728471961934702,0.9030716232160082,2.26
2026-07-29T07:42:39.797953+00:00,1,BOTH,688.0,48.0,525.1,21565,-0.0001467950572259724,-0.02803579077476539,2.256
2026-07-29T07:42:39.864539+00:00,1,BOTH,688.5,48.5,525.2,21372,0.00015381663688458503,0.029376813707943435,2.263
2026-07-29T07:42:39.881211+00:00,1,BOTH,688.0,48.0,525.1,21350,1.6437002923339602e-05,0.003139236317838518,2.258
2026-07-29T07:42:39.914555+00:00,1,BOTH,687.0,47.0,525.1,22273,2.2950696875341235e-05,0.00438326022613713,2.236
2026-07-29T07:42:39.997929+00:00,1,BOTH,687.0,47.0,525.1,22157,-3.614694869611413e-06,-0.0006903558675210846,2.223
2026-07-29T07:42:40.031199+00:00,1,BOTH,688.0,48.0,525.1,21854,1.9720940035767852e-05,0.003766422106933576,2.234
2026-07-29T07:42:40.047976+00:00,1,BOTH,687.5,47.5,525.0,21819,-3.6370476591400804e-05,-0.006946249358555407,2.231
2026-07-29T07:42:40.131269+00:00,1,BOTH,688.0,48.0,525.0,21692,0.00015713099157437682,0.030009808826391638,2.238
2026-07-29T07:42:40.197863+00:00,1,BOTH,688.0,48.0,525.0,21884,-0.00010508933337405324,-0.020070584247255194,2.243
2026-07-29T07:42:40.264508+00:00,1,BOTH,686.5,46.5,524.7,22849,-5.0426887173671274e-06,-0.0009630826030112495,2.218
2026-07-29T07:42:40.314459+00:00,1,BOTH,687.5,47.5,524.6,22150,3.0534778197761625e-05,0.005831713063666078,2.221
2026-07-29T07:42:40.364392+00:00,1,BOTH,688.0,48.0,524.9,21216,-7.90774991037324e-05,-0.01510268984364472,2.233
2026-07-29T07:42:40.414529+00:00,1,BOTH,688.0,48.0,524.9,21849,-1.760453393217176e-05,-0.0033622183153609645,2.24
2026-07-29T07:42:40.464520+00:00,1,BOTH,688.0,48.0,524.9,21594,4.968722001649439e-05,0.009489560008943578,2.244
2026-07-29T07:42:40.531299+00:00,1,BOTH,688.0,48.0,525.0,22160,-5.699693283531816e-06,-0.0010885612322181172,2.246
2026-07-29T07:42:40.564552+00:00,1,BOTH,687.5,47.5,524.9,22053,4.449044354259968e-05,0.00849704881218676,2.238
2026-07-29T07:42:40.647902+00:00,1,BOTH,687.5,47.5,525.0,21786,-5.282170604914427e-05,-0.010088202744322056,2.234
2026-07-29T07:42:40.697917+00:00,1,BOTH,688.0,48.0,525.0,21636,8.924261746869889e-06,0.0017044084445523068,2.24
2026-07-29T07:42:40.764601+00:00,1,BOTH,688.0,48.0,525.0,21388,7.809468603227287e-05,0.014914986373494988,2.244
2026-07-29T07:42:40.831450+00:00,1,BOTH,687.5,47.5,524.9,22101,-3.2917868957156315e-05,-0.006286849872699218,2.237
2026-07-29T07:42:40.881181+00:00,1,BOTH,688.5,48.5,525.0,21078,8.555827662348747e-05,0.016340427176462148,2.252
2026-07-29T07:42:40.947879+00:00,1,BOTH,687.5,47.5,524.9,22230,-1.2469562643673272e-05,-0.002381511039521572,2.242
2026-07-29T07:42:40.997752+00:00,1,BOTH,688.0,48.0,524.9,22015,1.126900257077068e-05,0.002152220955424116,2.245
2026-07-29T07:42:41.047743+00:00,1,BOTH,688.5,48.5,525.0,20972,8.886738040018827e-05,0.016972419444381336,2.256
2026-07-29T07:42:41.131399+00:00,1,BOTH,688.0,48.0,525.0,21863,0.03433339989976957,6.557196368638934,2.254
2026-07-29T07:42:41.181078+00:00,1,BOTH,687.0,47.0,524.8,22530,6.708489381708206e-05,0.012812270949340244,2.234
2026-07-29T07:42:41.247892+00:00,1,BOTH,687.5,47.5,524.8,22100,7.111918675946071e-06,0.0013582764145732614,2.231
2026-07-29T07:42:41.297753+00:00,1,BOTH,687.5,47.5,524.7,22389,3.9109958452172576e-05,0.0074694518541383,2.229
2026-07-29T07:42:41.347890+00:00,1,BOTH,687.5,47.5,524.7,22106,8.579004846978933e-05,0.01638469233847232,2.228
2026-07-29T07:42:41.364727+00:00,1,BOTH,687.5,47.5,524.6,22221,-5.41415048064664e-05,-0.010340265739659285,2.227
2026-07-29T07:42:41.447927+00:00,1,BOTH,687.5,47.5,524.6,22439,0.014357248394517227,2.7420324614227143,2.227
2026-07-29T07:42:41.497874+00:00,1,BOTH,688.5,48.5,524.8,21011,5.49540578504093e-05,0.01049545193982074,2.246
2026-07-29T07:42:41.564631+00:00,1,BOTH,687.0,47.0,524.8,22102,3.28800683200825e-05,0.0062796304828084334,2.229
2026-07-29T07:42:41.631239+00:00,1,BOTH,687.5,47.5,525.0,21989,-0.00012346544419415293,-0.02358016289344319,2.228
2026-07-29T07:42:41.698006+00:00,1,BOTH,688.0,48.0,525.0,21554,-2.7421970735304057e-05,-0.0052372106302139235,2.237
2026-07-29T07:42:41.764558+00:00,1,BOTH,687.5,47.5,525.1,21679,-2.579007006715983e-05,-0.004925540560649779,2.233
2026-07-29T07:42:41.831228+00:00,1,BOTH,687.5,47.5,525.2,21715,-0.019625448785955086,-3.7481846216179058,2.23
2026-07-29T07:42:41.898049+00:00,1,BOTH,688.0,48.0,525.1,21664,-1.4093101490288974e-05,-0.0026915841188102966,2.238
2026-07-29T07:42:41.948030+00:00,1,BOTH,687.0,47.0,524.9,22459,-0.00010421171056805178,-0.01990297063796082,2.224
2026-07-29T07:42:41.981200+00:00,1,BOTH,688.0,48.0,525.1,21346,-7.342899916693565e-06,-0.0014023905820450167,2.234
2026-07-29T07:42:41.998001+00:00,1,BOTH,687.5,47.5,525.2,21933,-0.0037241978602833114,-0.7112693982196185,2.231
2026-07-29T07:42:42.014470+00:00,1,BOTH,687.5,47.5,525.3,21941,-4.815577995032072e-05,-0.009197076501046954,2.229
2026-07-29T07:42:42.081217+00:00,1,BOTH,688.5,48.5,525.3,21360,-3.3060855930671085e-05,-0.006314158373058369,2.247
2026-07-29T07:42:42.164596+00:00,1,BOTH,687.5,47.5,525.1,22010,-3.221445047529414e-05,-0.006152506838558543,2.239
2026-07-29T07:42:42.231194+00:00,1,BOTH,688.0,48.0,525.1,21590,6.335239915642887e-05,0.01209941697897177,2.243
2026-07-29T07:42:42.297969+00:00,1,BOTH,688.0,48.0,525.1,21503,-7.154251215979442e-07,-0.00013663613341731974,2.246
2026-07-29T07:42:42.364618+00:00,1,BOTH,688.0,48.0,525.3,21113,-5.24039677111432e-05,-0.01000842059862782,2.248
2026-07-29T07:42:42.381265+00:00,1,BOTH,688.0,48.0,525.4,21137,4.437675699591637e-05,0.008475336281145525,2.249
2026-07-29T07:42:42.481323+00:00,1,BOTH,688.0,48.0,525.3,21825,-1.925043761730194e-05,-0.0036765627641709257,2.249
2026-07-29T07:42:42.547902+00:00,1,BOTH,688.0,48.0,525.5,21358,-7.869558641687035e-05,-0.015029749893312398,2.249
2026-07-29T07:42:42.597853+00:00,1,BOTH,687.5,47.5,525.5,21814,4.195142188109457e-05,0.008012131394531639,2.24
2026-07-29T07:42:42.647878+00:00,1,BOTH,687.5,47.5,525.5,21952,-4.094970499863848e-05,-0.00782081756242585,2.235
2026-07-29T07:42:42.664575+00:00,1,BOTH,688.0,48.0,525.4,21670,0.009327166572911666,1.7813575981444614,2.241
2026-07-29T07:42:42.731182+00:00,1,BOTH,687.0,47.0,525.3,22163,1.819920726120472e-05,0.0034757925551695745,2.226
2026-07-29T07:42:42.797847+00:00,1,BOTH,687.5,47.5,525.3,21756,-6.931176467332989e-05,-0.013237571954619195,2.226
2026-07-29T07:42:42.864620+00:00,1,BOTH,687.5,47.5,525.4,21835,-2.2269670735113318e-05,-0.0042531938142266485,2.226
2026-07-29T07:42:42.914562+00:00,1,BOTH,688.0,48.0,525.5,20910,-7.604030077345669e-05,-0.014522627690748127,2.236
2026-07-29T07:42:42.964575+00:00,1,BOTH,687.5,47.5,525.3,22310,0.005397731813136488,1.030890839454061,2.232
2026-07-29T07:42:43.031301+00:00,1,BOTH,687.5,47.5,525.1,22316,0.00010249670594930649,0.019575428882962327,2.23
2026-07-29T07:42:43.065142+00:00,1,BOTH,688.0,48.0,525.1,21756,0.0025217638196772894,0.48162141265432756,2.238
2026-07-29T07:42:43.081275+00:00,1,BOTH,687.0,47.0,525.1,22121,7.980721886269749e-05,0.015242056051698066,2.224
2026-07-29T07:42:43.181375+00:00,1,BOTH,687.5,47.5,525.2,21723,-2.0001520751975477e-05,-0.0038200090764384247,2.225
2026-07-29T07:42:43.197918+00:00,1,BOTH,687.5,47.5,525.2,21529,-3.5670748329721387e-05,-0.006812611104554553,2.226
2026-07-29T07:42:43.264669+00:00,1,BOTH,688.0,48.0,525.2,21853,1.5647066338715375e-05,0.002988369543232028,2.235
2026-07-29T07:42:43.281217+00:00,1,BOTH,686.5,46.5,525.1,22565,-0.010529804987017997,-2.011044616173126,2.213
2026-07-29T07:42:43.414725+00:00,1,BOTH,688.0,48.0,525.2,21009,-0.012408043189934688,-2.369761689331002,2.228
2026-07-29T07:42:43.447920+00:00,1,BOTH,687.0,47.0,525.0,22263,0.001211467396824446,0.23137322951913755,2.218
2026-07-29T07:42:43.497912+00:00,1,BOTH,687.5,47.5,524.9,21996,0.006771209316211752,1.2932057200619915,2.221
2026-07-29T07:42:43.547790+00:00,1,BOTH,688.0,48.0,524.9,21511,0.0,0.0,2.233
2026-07-29T07:42:43.564873+00:00,1,BOTH,688.5,48.5,525.0,21109,-5.14456769451499e-05,-0.009825400543835239,2.249
2026-07-29T07:42:43.697996+00:00,1,BOTH,688.0,48.0,525.0,21603,-0.013958317689830437,-2.665842309100271,2.249
2026-07-29T07:42:43.747958+00:00,1,BOTH,688.0,48.0,525.2,21098,-0.010857451159390621,-2.073620425675017,2.25
2026-07-29T07:42:43.814673+00:00,1,BOTH,687.0,47.0,525.0,22686,-0.016268942106980832,-3.107139066242249,2.231
2026-07-29T07:42:43.897958+00:00,1,BOTH,688.0,48.0,525.0,22077,0.004368746002692206,0.8343690257297078,2.239
2026-07-29T07:42:43.964613+00:00,1,BOTH,687.5,47.5,525.1,21224,-3.9344300748780367e-05,-0.007514207935995065,2.234
2026-07-29T07:42:44.031416+00:00,1,BOTH,688.0,48.0,525.1,21458,-0.012761463592760265,-2.4372600142500653,2.24
2026-07-29T07:42:44.114544+00:00,1,BOTH,686.5,46.5,525.0,22715,-0.011817345396775637,-2.2569467209453173,2.216
2026-07-29T07:42:44.198068+00:00,1,BOTH,687.5,47.5,525.1,21807,1.5214872294109229e-05,0.002905826560943291,2.22
2026-07-29T07:42:44.264479+00:00,1,BOTH,688.5,48.5,525.4,20967,-0.026283124936744572,-5.019707104301709,2.242
2026-07-29T07:42:44.348022+00:00,1,BOTH,687.0,47.0,525.3,22063,0.0,0.0,2.226
2026-07-29T07:42:44.364652+00:00,1,BOTH,687.5,47.5,525.3,21724,0.009064998070243746,1.7312871023973413,2.226
2026-07-29T07:42:44.431395+00:00,1,BOTH,687.0,47.0,525.3,22211,0.037588976533152164,7.1789657052197065,2.217
2026-07-29T07:42:44.498018+00:00,1,BOTH,687.5,47.5,525.1,22113,1.6806606483086943,320.9825398060298,2.221
2026-07-29T07:42:44.564640+00:00,1,BOTH,688.0,48.0,525.3,21346,-0.03296405913075432,-6.295671546039692,2.233
2026-07-29T07:42:44.631275+00:00,1,BOTH,687.5,47.5,525.1,22186,0.008727077493676915,1.666749026237652,2.23
2026-07-29T07:42:44.698070+00:00,1,BOTH,687.5,47.5,525.0,21943,0.033329095693770794,6.36538839413571,2.229
2026-07-29T07:42:44.781387+00:00,1,BOTH,688.0,48.0,525.2,21410,8.174656773917376e-05,0.01561244440378316,2.237
2026-07-29T07:42:44.847900+00:00,1,BOTH,688.5,48.5,525.3,21359,-0.005694475885829889,-1.0875647826569115,2.252
2026-07-29T07:42:44.914633+00:00,1,BOTH,688.5,48.5,525.3,21164,5.0460693310014896e-05,0.009637282526559605,2.26
2026-07-29T07:42:44.964650+00:00,1,BOTH,688.0,48.0,525.2,21870,6.679503712803125e-05,0.012756912399519421,2.256
2026-07-29T07:42:45.047914+00:00,1,BOTH,688.5,48.5,525.3,21548,0.0008340801985468715,0.15929758384056492,2.263
2026-07-29T07:42:45.064633+00:00,1,BOTH,687.5,47.5,525.1,21864,1.9625625573098656e-05,0.003748218385475235,2.248
2026-07-29T07:42:45.147991+00:00,1,BOTH,688.0,48.0,525.1,21493,0.009491240314673632,1.8126933745840617,2.249
2026-07-29T07:42:45.214620+00:00,1,BOTH,687.0,47.0,525.1,22149,-0.0024262660928070544,-0.4633826903118024,2.231
2026-07-29T07:42:45.264701+00:00,1,BOTH,686.5,46.5,525.0,22404,1.4614986721426248e-05,0.0027912568559248807,2.21
2026-07-29T07:42:45.314598+00:00,1,BOTH,687.5,47.5,525.1,21565,-2.683394312043674e-05,-0.005124905628317119,2.217
2026-07-29T07:42:45.364630+00:00,1,BOTH,688.5,48.5,525.2,21132,-4.364261752925813e-05,-0.008335125971100518,2.239
2026-07-29T07:42:45.414616+00:00,1,BOTH,687.0,47.0,525.1,22063,5.720073619158939e-05,0.010924535896064312,2.225
2026-07-29T07:42:45.464575+00:00,1,BOTH,688.5,48.5,525.2,21057,5.720073619158939e-05,0.010924535896064312,2.244
2026-07-29T07:42:45.481388+00:00,1,BOTH,688.0,48.0,525.2,21687,-0.03146584478148725,-6.009533682643218,2.247
2026-07-29T07:42:45.531379+00:00,1,BOTH,687.0,47.0,524.9,22659,-0.0035725594940595328,-0.6823086035633464,2.229
2026-07-29T07:42:45.597986+00:00,1,BOTH,688.5,48.5,525.0,21005,0.01621099163312465,3.0960713409997744,2.247
2026-07-29T07:42:45.614762+00:00,1,BOTH,688.0,48.0,525.0,21587,-1.5741214156150818e-05,-0.003006350451863425,2.248
2026-07-29T07:42:45.714739+00:00,1,BOTH,688.0,48.0,525.0,21283,0.010387916613835842,1.983945933022077,2.249
2026-07-29T07:42:45.764751+00:00,1,BOTH,688.5,48.5,525.1,21296,-0.015104543634224683,-2.884755339040895,2.259
2026-07-29T07:42:45.814772+00:00,1,BOTH,687.0,47.0,524.9,22376,-7.676776265725493e-05,-0.014661562676409043,2.236
2026-07-29T07:42:45.881236+00:00,1,BOTH,688.5,48.5,525.0,21354,-0.0019851757190190254,-0.37914063430546247,2.251
2026-07-29T07:42:45.897948+00:00,1,BOTH,687.0,47.0,525.0,22289,0.021823858693242073,4.1680499860422096,2.232
2026-07-29T07:42:45.931453+00:00,1,BOTH,687.5,47.5,525.1,21549,-0.018218999088276178,-3.4795725157030657,2.23
2026-07-29T07:42:46.047982+00:00,1,BOTH,687.5,47.5,525.2,21718,-2.8984949458390475e-05,-0.005535717577885919,2.229
2026-07-29T07:42:46.098017+00:00,1,BOTH,688.0,48.0,525.2,21865,-3.184005392995459e-06,-0.0006081002365517761,2.237
2026-07-29T07:42:46.164742+00:00,1,BOTH,687.5,47.5,525.0,22183,-0.00014903350733220575,-0.02846330325389133,2.233
2026-07-29T07:42:46.181330+00:00,1,BOTH,687.0,47.0,525.0,22126,3.288214895292185e-05,0.006280027854409804,2.221
2026-07-29T07:42:46.198329+00:00,1,BOTH,688.0,48.0,525.0,21443,-4.561956819088664e-05,-0.008712695735156883,2.233
2026-07-29T07:42:46.297956+00:00,1,BOTH,687.5,47.5,525.1,21676,5.940324626863003e-05,0.011345184335229188,2.23
2026-07-29T07:42:46.348140+00:00,1,BOTH,687.0,47.0,525.1,21917,-8.649879338918254e-05,-0.016520052647247555,2.219
2026-07-29T07:42:46.398158+00:00,1,BOTH,687.5,47.5,525.2,21754,5.860593541001435e-05,0.011192909178033754,2.222
2026-07-29T07:42:46.414556+00:00,1,BOTH,687.0,47.0,525.1,21795,-2.060027327388525e-05,-0.003934362384699239,2.215
2026-07-29T07:42:46.464589+00:00,1,BOTH,688.0,48.0,525.1,21873,-2.801756781991571e-05,-0.005350961294342403,2.229
2026-07-29T07:42:46.498102+00:00,1,BOTH,688.5,48.5,525.2,21193,0.012578274393454193,2.402273454341336,2.247
2026-07-29T07:42:46.598072+00:00,1,BOTH,688.0,48.0,525.4,21116,9.048675536178053e-05,0.017281697280209327,2.248
2026-07-29T07:42:46.631185+00:00,1,BOTH,688.5,48.5,525.4,21186,-9.28994355490431e-06,-0.0017742485253692583,2.258
2026-07-29T07:42:46.698121+00:00,1,BOTH,688.5,48.5,525.4,21095,-0.00012614764622412622,-0.024092425747172828,2.264
2026-07-29T07:42:46.714679+00:00,1,BOTH,688.5,48.5,525.4,21358,-0.00014324591495096684,-0.02735795453060113,2.268
2026-07-29T07:42:46.798246+00:00,1,BOTH,688.0,48.0,525.5,21076,-0.011441513653262519,-2.185168145244168,2.261
2026-07-29T07:42:46.848071+00:00,1,BOTH,688.5,48.5,525.5,21174,0.0024594033509492876,0.46971144043242063,2.266
2026-07-29T07:42:46.881364+00:00,1,BOTH,687.5,47.5,525.5,21633,0.0024594033509492876,0.46971144043242063,2.25
2026-07-29T07:42:46.898095+00:00,1,BOTH,687.5,47.5,525.5,21727,-0.00018818852026015518,-0.03594135987906359,2.241
2026-07-29T07:42:46.981461+00:00,1,BOTH,687.5,47.5,525.5,21734,-0.0001021282549481839,-0.019505059925223344,2.235
2026-07-29T07:42:47.064704+00:00,1,BOTH,687.5,47.5,525.3,22052,0.0001905305217951536,0.036388649224292156,2.232
2026-07-29T07:42:47.148031+00:00,1,BOTH,687.0,47.0,525.3,22340,-0.009084886237978936,-1.7350854626422567,2.22
2026-07-29T07:42:47.214699+00:00,1,BOTH,688.0,48.0,525.2,21802,-6.551689468324185e-05,-0.012512805173842869,2.232
2026-07-29T07:42:47.298094+00:00,1,BOTH,688.0,48.0,525.4,21557,-0.03159518765751272,-6.03423635233103,2.239
2026-07-29T07:42:47.364700+00:00,1,BOTH,687.0,47.0,525.3,21926,0.010599705986387563,2.024394723665202,2.225
2026-07-29T07:42:47.431600+00:00,1,BOTH,687.5,47.5,525.3,21829,-0.016400113354902716,-3.1321909292402097,2.226
2026-07-29T07:42:47.481439+00:00,1,BOTH,687.5,47.5,525.4,21571,-0.017358652387629264,-3.3152583994861544,2.226
2026-07-29T07:42:47.531411+00:00,1,BOTH,687.5,47.5,525.4,21632,7.537600700743496e-05,0.014395756926915138,2.226
2026-07-29T07:42:47.631452+00:00,1,BOTH,688.0,48.0,525.5,21326,0.00012375304475426675,0.023635090554376924,2.236
2026-07-29T07:42:47.664701+00:00,1,BOTH,688.0,48.0,525.4,21758,0.00012375304475426675,0.023635090554376924,2.241
2026-07-29T07:42:47.731489+00:00,1,BOTH,687.5,47.5,525.4,21311,0.00012375304475426675,0.023635090554376924,2.235
2026-07-29T07:42:47.798080+00:00,1,BOTH,688.0,48.0,525.5,21158,0.00012375304475426675,0.023635090554376924,2.241
2026-07-29T07:42:47.848057+00:00,1,BOTH,687.5,47.5,525.5,21467,0.00012375304475426675,0.023635090554376924,2.235
2026-07-29T07:42:47.864820+00:00,1,BOTH,688.5,48.5,525.5,21249,0.00012375304475426675,0.023635090554376924,2.251
2026-07-29T07:42:47.898040+00:00,1,BOTH,688.0,48.0,525.6,21190,-0.020489606057526543,-3.913226503273189,2.25
2026-07-29T07:42:48.014805+00:00,1,BOTH,688.5,48.5,525.6,21276,-0.0006146844409522601,-0.11739608066307654,2.26
2026-07-29T07:42:48.064828+00:00,1,BOTH,687.5,47.5,525.6,21822,-6.937750498764217e-05,-0.01325012742979905,2.246
2026-07-29T07:42:48.131304+00:00,1,BOTH,688.0,48.0,525.5,21624,0.02161700104130432,4.128543084655478,2.248
2026-07-29T07:42:48.182506+00:00,1,BOTH,688.0,48.0,525.4,21464,-6.337049358990044e-05,-0.012102872761207107,2.249
2026-07-29T07:42:48.214811+00:00,1,BOTH,687.5,47.5,525.4,21738,0.022953187493840232,4.383735899231695,2.24
2026-07-29T07:42:48.231413+00:00,1,BOTH,688.0,48.0,525.5,21367,0.005854416487563867,1.1181111874973775,2.244
2026-07-29T07:42:48.331427+00:00,1,BOTH,688.0,48.0,525.4,21701,-2.0944896969012914e-05,-0.004000180662202634,2.246
2026-07-29T07:42:48.381448+00:00,1,BOTH,689.0,49.0,525.5,20866,-0.0065153509195079095,-1.2443403657816112,2.267
2026-07-29T07:42:48.448068+00:00,1,BOTH,687.0,47.0,525.4,21952,-7.208436290966346e-05,-0.013767099212043622,2.241
2026-07-29T07:42:48.498210+00:00,1,BOTH,688.0,48.0,525.5,21478,2.7381704912841085e-05,0.005229520424594753,2.245
2026-07-29T07:42:48.548066+00:00,1,BOTH,687.0,47.0,525.4,22051,-4.59520383446943e-05,-0.008776192857247697,2.228
2026-07-29T07:42:48.614800+00:00,1,BOTH,687.0,47.0,525.3,22378,-0.028874491800088435,-5.514621719100568,2.218
2026-07-29T07:42:48.681519+00:00,1,BOTH,687.5,47.5,525.4,21670,5.485873596626334e-05,0.010477246800964745,2.221
2026-07-29T07:42:48.748169+00:00,1,BOTH,688.0,48.0,525.5,21430,-7.482410059310496e-05,-0.014290350566157448,2.233
2026-07-29T07:42:48.798159+00:00,1,BOTH,688.0,48.0,525.6,20999,0.008945812670426677,1.708524367767017,2.24
2026-07-29T07:42:48.814659+00:00,1,BOTH,687.5,47.5,525.6,21686,0.0024958155769854782,0.47666566334758764,2.234
2026-07-29T07:42:48.881306+00:00,1,BOTH,688.5,48.5,525.6,21459,-0.002643162401000154,-0.5048068338165804,2.25
2026-07-29T07:42:48.948063+00:00,1,BOTH,687.5,47.5,525.6,21750,7.551745162345469e-05,0.01442277085869107,2.241
2026-07-29T07:42:48.998168+00:00,1,BOTH,687.5,47.5,525.3,21919,0.002703783284887322,0.5163845698068715,2.235
2026-07-29T07:42:49.064808+00:00,1,BOTH,688.0,48.0,525.5,21328,5.005266139050945e-05,0.009559354170245327,2.241
2026-07-29T07:42:49.114789+00:00,1,BOTH,687.5,47.5,525.3,22368,-3.297389892395586e-05,-0.006297550808112125,2.235
2026-07-29T07:42:49.164817+00:00,1,BOTH,687.5,47.5,525.3,21554,6.456604460254311e-06,0.001233120618526383,2.232
2026-07-29T07:42:49.214813+00:00,1,BOTH,688.5,48.5,525.4,21172,-4.147562882280909e-05,-0.007921261613993705,2.248
2026-07-29T07:42:49.281393+00:00,1,BOTH,687.5,47.5,525.4,22070,2.0050828607054427e-06,0.00038294261830813136,2.24
2026-07-29T07:42:49.348146+00:00,1,BOTH,688.5,48.5,525.4,20943,0.0007852311387250665,0.14996810063732657,2.253
2026-07-29T07:42:49.364806+00:00,1,BOTH,688.0,48.0,525.5,21351,-0.0009492833981130388,-0.18129977424571406,2.252
2026-07-29T07:42:49.431468+00:00,1,BOTH,687.5,47.5,525.5,21639,-4.2256641900166874e-05,-0.00807042412425079,2.242
2026-07-29T07:42:49.481512+00:00,1,BOTH,688.0,48.0,525.6,21295,2.9445130785461515e-05,0.005623605737392252,2.245
2026-07-29T07:42:49.531496+00:00,1,BOTH,687.0,47.0,525.3,22580,0.012544396491721272,2.3958032517144847,2.228
2026-07-29T07:42:49.581558+00:00,1,BOTH,686.5,46.5,525.1,22729,-0.007578859361528884,-1.4474555164627294,2.209
2026-07-29T07:42:49.648155+00:00,1,BOTH,688.0,48.0,525.3,20817,2.4387231969740243e-05,0.004657618219575431,2.225
2026-07-29T07:42:49.698151+00:00,1,BOTH,687.5,47.5,525.3,21659,8.424231782555564e-07,0.000160890975593468,2.226
2026-07-29T07:42:49.748113+00:00,1,BOTH,687.5,47.5,525.4,21838,2.6200843130936846e-05,0.005003992436956717,2.226
2026-07-29T07:42:49.764771+00:00,1,BOTH,687.5,47.5,525.4,21709,3.699706314364448e-05,0.007065918575032795,2.226
2026-07-29T07:42:49.848039+00:00,1,BOTH,687.5,47.5,525.4,21575,3.525576379615813e-05,0.0067333548967666215,2.226
2026-07-29T07:42:49.898061+00:00,1,BOTH,687.5,47.5,525.4,21677,4.7516352497041224e-05,0.009074954853121243,2.226
2026-07-29T07:42:49.948126+00:00,1,BOTH,688.0,48.0,525.5,21497,3.897585411323234e-06,0.000744383981201941,2.236
2026-07-29T07:42:49.964874+00:00,1,BOTH,688.0,48.0,525.4,21622,0.002023498660237237,0.38645977693990075,2.242
2026-07-29T07:42:49.998093+00:00,1,BOTH,687.5,47.5,525.5,21732,-0.00564761891051603,-1.078615759569469,2.236
2026-07-29T07:42:50.081489+00:00,1,BOTH,688.0,48.0,525.4,21418,-2.494166430551559e-05,-0.004763506995793789,2.241
2026-07-29T07:42:50.131618+00:00,1,BOTH,688.0,48.0,525.3,21694,1.3008035311941056e-05,0.0024843517437712122,2.245
2026-07-29T07:42:50.181502+00:00,1,BOTH,687.5,47.5,525.3,21746,-4.286877829144942e-05,-0.008187333563273653,2.238
2026-07-29T07:42:50.198110+00:00,1,BOTH,688.0,48.0,525.5,21384,-7.336627459153532e-06,-0.0014011926308976207,2.243
2026-07-29T07:42:50.281351+00:00,1,BOTH,688.0,48.0,525.4,21365,1.2246309779584408e-05,0.0023388728832665732,2.246
2026-07-29T07:42:50.332130+00:00,1,BOTH,688.0,48.0,525.5,21273,-0.0055157514021266256,-1.053430920617406,2.247
2026-07-29T07:42:50.397964+00:00,1,BOTH,687.5,47.5,525.5,21853,8.160028082784265e-06,0.001558450566172557,2.239
2026-07-29T07:42:50.448022+00:00,1,BOTH,688.0,48.0,525.4,21944,0.0007412960799410939,0.14157712250072388,2.243
2026-07-29T07:42:50.514900+00:00,1,BOTH,688.0,48.0,525.3,21873,-0.0060437944513978435,-1.154279714365604,2.246
2026-07-29T07:42:50.564872+00:00,1,BOTH,688.0,48.0,525.5,21418,0.006830506152728049,1.3045305816315285,2.248
2026-07-29T07:42:50.614961+00:00,1,BOTH,687.5,47.5,525.5,21769,0.008878662742790765,1.6956996762731948,2.239
2026-07-29T07:42:50.664897+00:00,1,BOTH,687.5,47.5,525.5,21719,5.503951746504753e-05,0.010511773523946024,2.234
2026-07-29T07:42:50.731544+00:00,1,BOTH,689.0,49.0,525.6,21006,0.00043180036707781257,0.08246779541919452,2.259
2026-07-29T07:42:50.798126+00:00,1,BOTH,687.5,47.5,525.6,21476,0.0018850616936106235,0.36002026388557273,2.246
2026-07-29T07:42:50.848078+00:00,1,BOTH,686.5,46.5,525.3,22671,3.3821401884779335e-05,0.006459411950712212,2.22
2026-07-29T07:42:50.914893+00:00,1,BOTH,688.5,48.5,525.4,20998,-0.03080489332030993,-5.883301252015001,2.241
2026-07-29T07:42:50.964870+00:00,1,BOTH,687.0,47.0,525.3,22021,1.40155570989009e-05,0.002676774230972139,2.226
2026-07-29T07:42:51.031430+00:00,1,BOTH,687.5,47.5,525.3,21636,3.7570623680949226e-06,0.0007175460568642187,2.226
2026-07-29T07:42:51.081383+00:00,1,BOTH,687.5,47.5,525.2,22306,3.3593345142435277e-06,0.0006415856321292823,2.226
2026-07-29T07:42:51.148199+00:00,1,BOTH,687.5,47.5,525.2,21574,-2.119573808158748e-05,-0.004048087785798929,2.226
2026-07-29T07:42:51.198199+00:00,1,BOTH,687.0,47.0,525.2,22068,1.1322142963763326e-05,0.0021623700228912664,2.217
2026-07-29T07:42:51.248230+00:00,1,BOTH,688.0,48.0,525.4,21245,4.258685221429915e-06,0.0008133489648755685,2.23
2026-07-29T07:42:51.314829+00:00,1,BOTH,687.5,47.5,525.4,21534,1.1110679333796722e-05,0.0021219834444992577,2.229
2026-07-29T07:42:51.364895+00:00,1,BOTH,687.5,47.5,525.4,21591,-0.006815314933191985,-1.3016292724146177,2.228
2026-07-29T07:42:51.414727+00:00,1,BOTH,687.5,47.5,525.4,22117,-6.879734282847493e-06,-0.0013139324619287451,2.227
2026-07-29T07:42:51.464738+00:00,1,BOTH,687.5,47.5,525.4,21703,4.851445337408222e-06,0.0009265578079063759,2.227
2026-07-29T07:42:51.548230+00:00,1,BOTH,687.5,47.5,525.5,21833,2.9458282515406605e-05,0.005626117532789417,2.227
2026-07-29T07:42:51.581493+00:00,1,BOTH,687.5,47.5,525.3,22046,-0.010036127110361122,-1.9167590869350628,2.227
2026-07-29T07:42:51.648244+00:00,1,BOTH,688.0,48.0,525.2,21849,0.017321110937045886,3.3080885105687328,2.236
2026-07-29T07:42:51.698252+00:00,1,BOTH,687.5,47.5,525.3,21599,-4.796194145455956e-05,-0.009160056075332691,2.232
2026-07-29T07:42:51.748191+00:00,1,BOTH,688.0,48.0,525.4,21382,-4.585250324453227e-05,-0.008757183053405376,2.239
2026-07-29T07:42:51.798215+00:00,1,BOTH,687.5,47.5,525.2,22153,2.287437697304995e-05,0.004368684198489991,2.234
2026-07-29T07:42:51.864838+00:00,1,BOTH,687.0,47.0,525.2,22555,2.7443536891951224e-05,0.005241329462734593,2.222
2026-07-29T07:42:51.914753+00:00,1,BOTH,687.5,47.5,525.2,21608,2.151190859876806e-05,0.004108471906601982,2.224
2026-07-29T07:42:51.948403+00:00,1,BOTH,687.5,47.5,525.3,21507,1.2488189895520916e-06,0.00023850685825708968,2.225
2026-07-29T07:42:52.014757+00:00,1,BOTH,688.0,48.0,525.4,21408,-4.5580624646390786e-05,-0.008705258066027241,2.235
2026-07-29T07:42:52.064701+00:00,1,BOTH,687.5,47.5,525.5,21898,-3.35522620298434e-05,-0.0064080100247569044,2.232
2026-07-29T07:42:52.131745+00:00,1,BOTH,688.0,48.0,525.4,21895,0.0,0.0,2.239
2026-07-29T07:42:52.181442+00:00,1,RIGHT,266.64,-373.36,525.4,9334,3.504566877381876e-05,0.006693229703177447,-1.761
2026-07-29T07:42:52.216107+00:00,1,BOTH,688.0,48.0,525.5,21087,-9.866320586297661e-05,-0.018843284297263195,-0.157
2026-07-29T07:42:52.281512+00:00,1,BOTH,688.0,48.0,525.6,21794,2.5687182205729186e-05,0.00490589042657277,0.806
2026-07-29T07:42:52.298391+00:00,1,BOTH,688.5,48.5,525.8,21028,5.7235699205193666e-05,0.010931213339792925,1.393
2026-07-29T07:42:52.381539+00:00,1,BOTH,688.0,48.0,525.8,21230,0.0015911780300666579,0.3038926185891997,1.736
2026-07-29T07:42:52.448233+00:00,1,BOTH,687.0,47.0,525.7,22457,-9.486342023592442e-06,-0.0018117578698981325,1.923
2026-07-29T07:42:52.498235+00:00,1,BOTH,687.5,47.5,525.6,21775,-6.241025403141972e-06,-0.0011919480514465605,2.044
2026-07-29T07:42:52.564889+00:00,1,BOTH,688.0,48.0,525.7,21378,-3.156135440804064e-05,-0.006027774677657818,2.127
2026-07-29T07:42:52.614942+00:00,1,BOTH,688.0,48.0,525.8,21525,-3.22576260077767e-05,-0.006160752757856813,2.176
2026-07-29T07:42:52.664948+00:00,1,BOTH,687.0,47.0,525.6,22106,1.5459952956007327e-05,0.0029526335195000706,2.187
2026-07-29T07:42:52.714937+00:00,1,BOTH,688.5,48.5,525.6,21250,-2.9565256118075918e-05,-0.00564654798596362,2.221
2026-07-29T07:42:52.764886+00:00,1,BOTH,688.0,48.0,525.7,21131,-6.582937247003429e-05,-0.012572484035092188,2.233
2026-07-29T07:42:52.798199+00:00,1,BOTH,687.5,47.5,525.6,21484,0.013794904735404998,2.6346327337458,2.23
2026-07-29T07:42:52.831448+00:00,1,BOTH,687.5,47.5,525.6,21422,-0.024831279274076225,-4.7424250077174745,2.229
2026-07-29T07:42:52.898116+00:00,1,BOTH,688.0,48.0,525.7,21552,-0.07150492724962533,-13.656435152645084,2.237
2026-07-29T07:42:52.964998+00:00,1,BOTH,688.5,48.5,525.6,21117,0.021854074602015317,4.17382079953174,2.252
2026-07-29T07:42:53.031448+00:00,1,BOTH,687.5,47.5,525.6,21521,-0.007329281640704721,-1.3997896829169998,2.242
2026-07-29T07:42:53.098205+00:00,1,BOTH,687.5,47.5,525.6,21799,-0.09632936985231937,-18.397554452308835,2.236
2026-07-29T07:42:53.148183+00:00,1,BOTH,687.5,47.5,525.4,21946,0.011551500844652764,2.20617415146803,2.232
2026-07-29T07:42:53.231691+00:00,1,BOTH,688.0,48.0,525.5,21122,-0.037186307162046434,-7.102061520207888,2.239
2026-07-29T07:42:53.314916+00:00,1,BOTH,687.5,47.5,525.3,22169,-0.05877047665810096,-11.224334241604344,2.234
2026-07-29T07:42:53.348119+00:00,1,BOTH,687.5,47.5,525.1,22171,-0.0054398391960421575,-1.0389327572101814,2.231
2026-07-29T07:42:53.414922+00:00,1,BOTH,687.5,47.5,525.2,21501,-0.016664636010536926,-3.182711035084985,2.229
2026-07-29T07:42:53.464950+00:00,1,BOTH,687.5,47.5,525.3,21839,-0.020494578514480964,-3.914176172597519,2.228
2026-07-29T07:42:53.481536+00:00,1,BOTH,686.5,46.5,525.1,22506,0.007061410084716045,1.3486299842178215,2.209
2026-07-29T07:42:53.514923+00:00,1,BOTH,687.0,47.0,525.1,22039,0.007061410084716045,1.3486299842178215,2.207
2026-07-29T07:42:53.564899+00:00,1,BOTH,687.0,47.0,525.1,21981,0.005521412034286186,1.0545120217244688,2.205
2026-07-29T07:42:53.614908+00:00,1,BOTH,688.0,48.0,525.3,21406,-0.028719672854058444,-5.485053478446627,2.223
2026-07-29T07:42:53.681436+00:00,1,BOTH,688.0,48.0,525.2,21657,-0.002085993532091379,-0.3983954182680782,2.234
2026-07-29T07:42:53.764768+00:00,1,BOTH,687.5,47.5,525.3,21772,-0.007692512799549149,-1.4691617242151058,2.231
2026-07-29T07:42:53.781587+00:00,1,BOTH,688.0,48.0,525.2,21933,-0.00112025098875165,-0.21395217883609,2.239
2026-07-29T07:42:53.881595+00:00,1,BOTH,688.0,48.0,525.2,21641,-0.00112025098875165,-0.21395217883609,2.243
2026-07-29T07:42:53.898312+00:00,1,BOTH,689.0,49.0,525.3,21060,-0.00112025098875165,-0.21395217883609,2.265
2026-07-29T07:42:53.931611+00:00,1,BOTH,687.0,47.0,525.3,21856,-0.00112025098875165,-0.21395217883609,2.24
2026-07-29T07:42:54.014916+00:00,1,BOTH,687.5,47.5,525.3,21382,-0.00112025098875165,-0.21395217883609,2.235
2026-07-29T07:42:54.048313+00:00,1,BOTH,688.0,48.0,525.5,21307,-0.00112025098875165,-0.21395217883609,2.241
2026-07-29T07:42:54.098278+00:00,1,BOTH,687.5,47.5,525.5,21736,-0.0214283497602446,-4.09251334397395,2.235
2026-07-29T07:42:54.165190+00:00,1,BOTH,687.5,47.5,525.3,22092,0.06890275777783245,13.159457391606686,2.232
2026-07-29T07:42:54.198211+00:00,1,BOTH,687.5,47.5,525.3,21861,-0.019584986944682897,-3.7404569791638234,2.23
2026-07-29T07:42:54.248286+00:00,1,BOTH,688.0,48.0,525.3,21860,0.0168762379209511,3.22312402309711,2.238
2026-07-29T07:42:54.298230+00:00,1,BOTH,687.5,47.5,525.3,21768,-0.02142757146852091,-4.092364701203959,2.233
2026-07-29T07:42:54.331727+00:00,1,BOTH,687.0,47.0,525.2,22094,-0.0010571783478371798,-0.20190619174561233,2.221
2026-07-29T07:42:54.381929+00:00,1,BOTH,687.5,47.5,525.1,22265,0.03219126953277737,6.148079604654057,2.223
2026-07-29T07:42:54.481614+00:00,1,BOTH,688.0,48.0,525.3,21227,0.03219126953277737,6.148079604654057,2.234
2026-07-29T07:42:54.498117+00:00,1,BOTH,687.0,47.0,525.2,22352,-7.395139844447839e-05,-0.014123676733196443,2.222
2026-07-29T07:42:54.598134+00:00,1,BOTH,687.5,47.5,525.3,21674,-7.395139844447839e-05,-0.014123676733196443,2.224
2026-07-29T07:42:54.664883+00:00,1,BOTH,688.5,48.5,525.3,21201,-1.672993974352721e-05,-0.0031951831293742933,2.244
2026-07-29T07:42:54.714928+00:00,1,BOTH,688.0,48.0,525.5,21244,0.0005851226323284208,0.11175019110001178,2.246
2026-07-29T07:42:54.798171+00:00,1,BOTH,688.0,48.0,525.4,21622,-4.935790202580391e-05,-0.009426664905662602,2.248
2026-07-29T07:42:54.864873+00:00,1,BOTH,687.5,47.5,525.4,21785,4.615470184944571e-05,0.008814898735526313,2.239
2026-07-29T07:42:54.948435+00:00,1,BOTH,687.5,47.5,525.2,22046,-0.01857583610690199,-3.547723366174033,2.234
2026-07-29T07:42:54.981521+00:00,1,BOTH,688.5,48.5,525.3,21311,-0.009855277517344803,-1.8822193589134175,2.25
2026-07-29T07:42:55.065062+00:00,1,BOTH,687.0,47.0,525.2,22195,0.03171561525552533,6.057236329341098,2.231
2026-07-29T07:42:55.115072+00:00,1,BOTH,688.0,48.0,525.2,21590,-0.0016338106367038562,-0.31203484668904263,2.239
2026-07-29T07:42:55.181670+00:00,1,BOTH,688.0,48.0,525.1,21830,-0.005755490290466696,-1.0992176755742198,2.243
2026-07-29T07:42:55.231473+00:00,1,BOTH,687.5,47.5,525.0,22238,0.00017724602250382304,0.03385149674983291,2.237
2026-07-29T07:42:55.298379+00:00,1,BOTH,688.5,48.5,525.1,21286,0.004831106890924275,0.9226734507550998,2.251
2026-07-29T07:42:55.365038+00:00,1,BOTH,688.0,48.0,525.1,21606,0.038414104310795665,7.336553502612979,2.251
2026-07-29T07:42:55.448372+00:00,1,BOTH,687.5,47.5,525.2,21761,-0.04104122469594586,-7.8382965370859425,2.241
2026-07-29T07:42:55.498313+00:00,1,BOTH,687.5,47.5,525.0,22462,0.010776335415430367,2.0581284597383958,2.235
2026-07-29T07:42:55.564986+00:00,1,BOTH,687.5,47.5,524.9,22168,-0.015135096562007675,-2.890590518420007,2.232
2026-07-29T07:42:55.631613+00:00,1,BOTH,688.0,48.0,524.9,21817,0.02824478536262177,5.394356648437039,2.239
2026-07-29T07:42:55.681609+00:00,1,BOTH,687.0,47.0,525.0,21864,-0.0001000684214523062,-0.019111660705845114,2.225
2026-07-29T07:42:55.748673+00:00,1,BOTH,687.0,47.0,525.0,22378,0.00012660690117627382,0.024180136982101294,2.216
2026-07-29T07:42:55.798445+00:00,1,BOTH,687.5,47.5,525.1,21654,0.0067083337623626,1.2811973738283116,2.22
2026-07-29T07:42:55.864905+00:00,1,BOTH,687.5,47.5,525.2,21532,-0.02680800065631047,-5.119950982635102,2.223
2026-07-29T07:42:55.898354+00:00,1,BOTH,687.5,47.5,525.2,21785,-0.0027486944128759204,-0.5249619634299333,2.224
2026-07-29T07:42:55.914857+00:00,1,BOTH,688.0,48.0,525.2,21672,-0.002923570798593573,-0.5583608928903446,2.235
2026-07-29T07:42:56.015006+00:00,1,BOTH,687.5,47.5,525.2,21622,-0.0004196872748434544,-0.08015436521292316,2.231
2026-07-29T07:42:56.031547+00:00,1,BOTH,687.0,47.0,525.0,22703,0.009472398578654975,1.8090948680754995,2.22
2026-07-29T07:42:56.098336+00:00,1,BOTH,688.0,48.0,525.0,21703,0.01731406202656217,3.306742267832458,2.232
2026-07-29T07:42:56.181700+00:00,1,BOTH,688.5,48.5,525.3,21081,-0.000900141810416244,-0.17191442233371956,2.249
2026-07-29T07:42:56.214955+00:00,1,BOTH,688.0,48.0,525.2,21632,-0.000900141810416244,-0.17191442233371956,2.249
2026-07-29T07:42:56.231673+00:00,1,BOTH,688.0,48.0,525.2,21908,-0.006121543246554211,-1.169128640447894,2.249
2026-07-29T07:42:56.314967+00:00,1,BOTH,688.0,48.0,525.4,21521,-4.0818194684106856e-05,-0.007795700942475519,2.25
2026-07-29T07:42:56.398354+00:00,1,BOTH,687.5,47.5,525.2,22057,-2.494355787348468e-05,-0.004763868640636623,2.24
2026-07-29T07:42:56.448392+00:00,1,BOTH,688.0,48.0,525.1,21685,0.01127688551787287,2.1537264874210504,2.244
2026-07-29T07:42:56.531704+00:00,1,BOTH,688.5,48.5,525.2,21539,-6.458502786699683e-05,-0.012334831721712427,2.256
2026-07-29T07:42:56.598295+00:00,1,BOTH,687.5,47.5,525.3,21821,0.022348818340105936,4.268309893308801,2.244
2026-07-29T07:42:56.614951+00:00,1,BOTH,688.0,48.0,525.2,21891,-2.7553451363928613e-05,-0.005262321580573637,2.247
2026-07-29T07:42:56.648331+00:00,1,BOTH,687.5,47.5,525.1,21993,1.845862716436386e-05,0.0035253381070786127,2.239
2026-07-29T07:42:56.748334+00:00,1,BOTH,687.5,47.5,525.2,21715,0.004892504590679891,0.9343995476477938,2.234
2026-07-29T07:42:56.798339+00:00,1,BOTH,688.5,48.5,525.4,20745,-0.014110207549092592,-2.694851135388796,2.25
2026-07-29T07:42:56.814906+00:00,1,BOTH,687.5,47.5,525.4,21991,0.001950984766590409,0.37261064339982153,2.24
2026-07-29T07:42:56.898328+00:00,1,BOTH,688.0,48.0,525.6,21237,0.002877565264898294,0.5495744831737233,2.244
2026-07-29T07:42:56.915089+00:00,1,BOTH,688.0,48.0,525.6,21329,-2.153255045413971e-05,-0.004112414210582365,2.247
2026-07-29T07:42:56.948299+00:00,1,BOTH,688.0,48.0,525.7,21148,-0.004646873571618926,-0.8874874786154912,2.248
2026-07-29T07:42:57.031693+00:00,1,BOTH,687.5,47.5,525.7,21470,-8.081624866463244e-05,-0.015434766548544046,2.239
2026-07-29T07:42:57.048402+00:00,1,BOTH,687.5,47.5,525.6,21593,-0.011163620027364232,-2.132094372185637,2.234
2026-07-29T07:42:57.131675+00:00,1,BOTH,688.5,48.5,525.8,20808,2.4910687061492352e-05,0.004757590777982195,2.25
2026-07-29T07:42:57.198414+00:00,1,BOTH,688.5,48.5,525.7,21170,0.012450069351762067,2.377788095003811,2.259
2026-07-29T07:42:57.248358+00:00,1,BOTH,688.0,48.0,525.8,21380,-1.2101988249924035e-05,-0.002311309501458535,2.256
2026-07-29T07:42:57.315103+00:00,1,BOTH,687.5,47.5,525.7,21548,4.599527805112302e-05,0.008784451032866864,2.244
2026-07-29T07:42:57.365055+00:00,1,BOTH,688.0,48.0,525.6,21672,-3.784429281949997e-05,-0.00722772752404865,2.246
2026-07-29T07:42:57.415130+00:00,1,BOTH,687.5,47.5,525.6,21673,-0.0063619983330136165,-1.2150521791698183,2.238
2026-07-29T07:42:57.465124+00:00,1,BOTH,688.0,48.0,525.5,21679,-0.005065970577707048,-0.9675291108002178,2.243
2026-07-29T07:42:57.481665+00:00,1,BOTH,687.5,47.5,525.3,22120,-0.005065970577707048,-0.9675291108002178,2.236
2026-07-29T07:42:57.515134+00:00,1,BOTH,688.0,48.0,525.4,21343,0.0007717855303781107,0.14740017859977175,2.242
2026-07-29T07:42:57.615011+00:00,1,BOTH,687.5,47.5,525.2,22056,4.681374404754024e-05,0.008940766523765787,2.236
2026-07-29T07:42:57.648286+00:00,1,BOTH,686.5,46.5,525.1,22539,3.691324323881417e-05,0.0070499101524129125,2.213
2026-07-29T07:42:57.715058+00:00,1,BOTH,688.0,48.0,525.1,21570,7.696857559494675e-05,0.014699915122413592,2.228
2026-07-29T07:42:57.781771+00:00,1,BOTH,688.0,48.0,525.1,21730,2.076341479551047e-05,0.003965520120207464,2.237
2026-07-29T07:42:57.831630+00:00,1,BOTH,686.5,46.5,524.9,22435,-4.660174017772078e-05,-0.008900276767162133,2.214
2026-07-29T07:42:57.898349+00:00,1,BOTH,688.0,48.0,525.0,21825,-1.7245353228645398e-05,-0.0032936198540456305,2.228
2026-07-29T07:42:57.965187+00:00,1,BOTH,687.5,47.5,525.1,21896,-0.026297092572785914,-5.0223747262848555,2.228
2026-07-29T07:42:58.015152+00:00,1,BOTH,688.0,48.0,525.3,21067,4.5932829380035383e-07,8.772524215235124e-05,2.237
2026-07-29T07:42:58.081768+00:00,1,BOTH,687.5,47.5,525.3,21737,6.707166394335218e-06,0.0012809744229579534,2.233
2026-07-29T07:42:58.131509+00:00,1,BOTH,687.5,47.5,525.3,21677,8.776970207691193e-06,0.001676277832709223,2.23
2026-07-29T07:42:58.198322+00:00,1,BOTH,688.0,48.0,525.3,21918,-1.5925620391499255e-06,-0.000304156944853463,2.238
2026-07-29T07:42:58.248431+00:00,1,BOTH,688.0,48.0,525.2,21901,7.753269164823004e-07,0.00014807653352442627,2.243
2026-07-29T07:42:58.314822+00:00,1,BOTH,688.0,48.0,525.2,21597,-0.016575582562363706,-3.16570307931361,2.246
2026-07-29T07:42:58.381600+00:00,1,BOTH,688.0,48.0,525.1,21687,-1.2388777686282997e-05,-0.0023660822491662157,2.247
2026-07-29T07:42:58.431653+00:00,1,BOTH,687.5,47.5,525.2,21853,0.006054705160931917,1.156363506391589,2.239
2026-07-29T07:42:58.448610+00:00,1,BOTH,687.5,47.5,525.1,22066,-5.979419744107872e-05,-0.011419850509152526,2.234
2026-07-29T07:42:58.548512+00:00,1,BOTH,688.0,48.0,525.1,21698,1.8965103663504083e-07,3.622067993156266e-05,2.24
2026-07-29T07:42:58.598494+00:00,1,BOTH,687.5,47.5,524.9,22189,9.996158885769546e-05,0.019091257183226355,2.235
2026-07-29T07:42:58.615021+00:00,1,BOTH,687.5,47.5,524.9,21898,-5.110209051053971e-05,-0.009759780368498198,2.232
2026-07-29T07:42:58.681689+00:00,1,BOTH,687.5,47.5,525.0,21582,0.0007200969959012582,0.13752839568397143,2.23
2026-07-29T07:42:58.731601+00:00,1,BOTH,687.5,47.5,524.9,22185,-7.549464760813862e-05,-0.014418415612579193,2.228
2026-07-29T07:42:58.798514+00:00,1,BOTH,687.5,47.5,525.0,22037,0.0003686007467331365,0.07039755704393096,2.228
2026-07-29T07:42:58.848440+00:00,1,BOTH,688.0,48.0,525.2,21488,-3.187218331731856e-05,-0.00608713862649875,2.237
2026-07-29T07:42:58.898419+00:00,1,BOTH,688.0,48.0,525.2,21575,-2.8294675284996626e-05,-0.005403884921744755,2.242
2026-07-29T07:42:58.965003+00:00,1,BOTH,688.0,48.0,525.1,21561,-2.3183158482424912e-05,-0.004427657122752874,2.245
2026-07-29T07:42:58.981841+00:00,1,BOTH,687.5,47.5,525.0,22110,4.8370154108852144e-05,0.009238018949448683,2.238
2026-07-29T07:42:59.048405+00:00,1,BOTH,688.0,48.0,525.2,21196,5.802085652248934e-05,0.011081167341575777,2.243
2026-07-29T07:42:59.098304+00:00,1,BOTH,687.5,47.5,525.3,21596,2.1853759471923694e-05,0.004173760614117582,2.236
2026-07-29T07:42:59.148285+00:00,1,BOTH,687.0,47.0,525.2,22104,-4.518353613093495e-05,-0.008629419745931458,2.223
2026-07-29T07:42:59.165025+00:00,1,BOTH,687.5,47.5,525.3,22021,1.0066500690300018e-05,0.0019225600133990692,2.224
2026-07-29T07:42:59.281854+00:00,1,BOTH,688.0,48.0,525.4,21379,0.006479377376963385,1.237469925241826,2.235
2026-07-29T07:42:59.348513+00:00,1,BOTH,687.5,47.5,525.4,21767,-4.7819574829190965e-05,-0.009132866052742222,2.231
2026-07-29T07:42:59.398410+00:00,1,BOTH,687.5,47.5,525.4,21617,0.03740558090386912,7.143939720089492,2.229
2026-07-29T07:42:59.481751+00:00,1,BOTH,687.5,47.5,525.5,21772,0.03740558090386912,7.143939720089492,2.228
2026-07-29T07:42:59.531852+00:00,1,BOTH,686.5,46.5,525.3,22771,0.03740558090386912,7.143939720089492,2.209
2026-07-29T07:42:59.581802+00:00,1,BOTH,688.5,48.5,525.5,21369,0.03740558090386912,7.143939720089492,2.235
2026-07-29T07:42:59.631720+00:00,1,BOTH,687.5,47.5,525.5,21722,0.03740558090386912,7.143939720089492,2.231
2026-07-29T07:42:59.681761+00:00,1,BOTH,687.5,47.5,525.5,21643,8.363822707906366e-06,0.0015973724725290475,2.229
2026-07-29T07:42:59.748224+00:00,1,BOTH,689.0,49.0,525.6,21020,2.520836249459535e-05,0.00481444259792063,2.256
2026-07-29T07:42:59.765158+00:00,1,BOTH,687.5,47.5,525.6,21930,1.8763726693578064e-05,0.0035836078249299533,2.244
2026-07-29T07:42:59.848382+00:00,1,BOTH,686.5,46.5,525.4,22463,1.8763726693578064e-05,0.0035836078249299533,2.219
2026-07-29T07:42:59.915070+00:00,1,BOTH,687.0,47.0,525.3,22203,1.8763726693578064e-05,0.0035836078249299533,2.212
2026-07-29T07:42:59.981785+00:00,1,BOTH,688.0,48.0,525.4,21617,1.8763726693578064e-05,0.0035836078249299533,2.227
2026-07-29T07:43:00.016114+00:00,1,RIGHT,263.56,-376.44,525.4,8687,1.8763726693578064e-05,0.0035836078249299533,-1.773
2026-07-29T07:43:00.115095+00:00,1,BOTH,687.5,47.5,525.4,21664,0.004224807178834453,0.8068787353459539,-0.173
2026-07-29T07:43:00.231787+00:00,1,BOTH,687.5,47.5,525.5,21980,-0.0013004333016579039,-0.24836446574420312,0.787
2026-07-29T07:43:00.281734+00:00,1,BOTH,688.0,48.0,525.6,21589,3.430992703215452e-05,0.006552713381147561,1.372
2026-07-29T07:43:00.365159+00:00,1,BOTH,688.5,48.5,525.6,21254,0.003486216701567173,0.6658183448927262,1.733
2026-07-29T07:43:00.415151+00:00,1,BOTH,688.5,48.5,525.5,21372,6.311747274594382e-05,0.012054549339581933,1.949
2026-07-29T07:43:00.481685+00:00,1,BOTH,687.5,47.5,525.5,21996,-3.7499412428587675e-05,-0.007161860221261661,2.06
2026-07-29T07:43:00.516110+00:00,1,BOTH,688.0,48.0,525.6,21342,0.0045126867375802245,0.8618596810933578,2.136
2026-07-29T07:43:00.581525+00:00,1,BOTH,688.0,48.0,525.7,21410,0.005956406514160335,1.1375898477520594,2.182
2026-07-29T07:43:00.631589+00:00,1,BOTH,687.5,47.5,525.7,21790,-0.009708448818128091,-1.854177142991706,2.2
2026-07-29T07:43:00.698611+00:00,1,BOTH,687.5,47.5,525.6,21795,2.894201228627935e-05,0.005527517182065271,2.21
2026-07-29T07:43:00.781650+00:00,1,BOTH,687.0,47.0,525.5,22261,0.01489550165773835,2.8448312623950955,2.207
2026-07-29T07:43:00.831590+00:00,1,BOTH,687.5,47.5,525.5,21709,-3.4367499902145935e-05,-0.006563708989364106,2.215
2026-07-29T07:43:00.848494+00:00,1,BOTH,688.5,48.5,525.5,21735,-9.500336745986714e-06,-0.0018144306649936293,2.238
2026-07-29T07:43:00.965116+00:00,1,BOTH,687.0,47.0,525.4,22182,-0.007178081029705936,-1.3709124933502341,2.224
2026-07-29T07:43:01.015065+00:00,1,BOTH,688.0,48.0,525.3,21732,0.00010605572839267552,0.020255152100286937,2.235
2026-07-29T07:43:01.031697+00:00,1,BOTH,688.0,48.0,525.3,21672,-0.0070620920928195115,-1.348760238170896,2.241
2026-07-29T07:43:01.098456+00:00,1,BOTH,688.5,48.5,525.3,21481,-0.00010811915388330817,-0.020649237340130144,2.254
2026-07-29T07:43:01.132553+00:00,1,BOTH,687.5,47.5,525.3,21722,-1.2293457984924316e-06,-0.0002347877527191883,2.243
2026-07-29T07:43:01.198418+00:00,1,BOTH,688.0,48.0,525.3,21875,-1.817722555642831e-05,-0.003471594358802272,2.246
2026-07-29T07:43:01.248509+00:00,1,BOTH,688.0,48.0,525.4,21471,-5.75705265509896e-05,-0.010995160652391839,2.247
2026-07-29T07:43:01.315086+00:00,1,BOTH,687.5,47.5,525.4,21913,-8.487375540426e-05,-0.016209693253632536,2.239
2026-07-29T07:43:01.381844+00:00,1,BOTH,687.0,47.0,525.3,22052,-5.780545034212991e-05,-0.011040027791523683,2.225
2026-07-29T07:43:01.415066+00:00,1,BOTH,687.0,47.0,525.3,22265,-5.858389777131378e-06,-0.001118870029907383,2.216
2026-07-29T07:43:01.431882+00:00,1,BOTH,687.5,47.5,525.3,21632,0.01037496673190617,1.9814726877562008,2.22
2026-07-29T07:43:01.481673+00:00,1,BOTH,688.5,48.5,525.6,20984,-0.00011330525390803814,-0.021639709485295876,2.242
2026-07-29T07:43:01.531812+00:00,1,BOTH,687.5,47.5,525.5,21730,0.014142997414455748,2.701113538375833,2.236
2026-07-29T07:43:01.681807+00:00,1,BOTH,688.0,48.0,525.6,21296,-0.007908497819444164,-1.5104118244752172,2.241
2026-07-29T07:43:01.748450+00:00,1,BOTH,687.5,47.5,525.6,21496,-0.0023974989500129594,-0.4578885707426297,2.235
2026-07-29T07:43:01.765032+00:00,1,BOTH,688.0,48.0,525.7,21083,0.002563364751113113,0.48956660530461354,2.241
2026-07-29T07:43:01.848567+00:00,1,BOTH,687.5,47.5,525.7,22000,-2.109117165673524e-05,-0.004028117069722911,2.235
2026-07-29T07:43:01.898490+00:00,1,BOTH,687.0,47.0,525.5,22220,-0.004264796578790992,-0.8145161481551884,2.222
2026-07-29T07:43:01.965072+00:00,1,BOTH,687.0,47.0,525.4,22353,-6.937750498764217e-05,-0.01325012742979905,2.215
2026-07-29T07:43:02.048477+00:00,1,BOTH,687.5,47.5,525.4,21681,-6.937750498764217e-05,-0.01325012742979905,2.219
2026-07-29T07:43:02.098281+00:00,1,BOTH,688.0,48.0,525.5,21436,-6.937750498764217e-05,-0.01325012742979905,2.232
2026-07-29T07:43:02.181687+00:00,1,BOTH,688.5,48.5,525.5,21376,-6.937750498764217e-05,-0.01325012742979905,2.248
2026-07-29T07:43:02.265186+00:00,1,BOTH,688.0,48.0,525.6,21212,-6.937750498764217e-05,-0.01325012742979905,2.249
2026-07-29T07:43:02.282917+00:00,1,BOTH,687.5,47.5,525.6,21489,-0.06572419095187797,-12.552395844848402,2.24
2026-07-29T07:43:02.348542+00:00,1,BOTH,687.0,47.0,525.5,22601,0.00019074252806603907,0.03642913943946564,2.225
2026-07-29T07:43:02.431675+00:00,1,BOTH,687.5,47.5,525.5,21881,-3.326853679027408e-05,-0.006353822495528037,2.226
2026-07-29T07:43:02.448562+00:00,1,BOTH,688.0,48.0,525.6,21392,0.00992312604910694,1.895177473967183,2.235
2026-07-29T07:43:02.531799+00:00,1,BOTH,687.5,47.5,525.6,21728,0.0013319371087709441,0.2543812496981079,2.232
2026-07-29T07:43:02.581792+00:00,1,BOTH,687.0,47.0,525.5,22016,8.643549866974353e-05,0.016507964246283154,2.22
2026-07-29T07:43:02.631790+00:00,1,BOTH,687.0,47.0,525.4,22325,2.488439145963639e-05,0.004752568687961851,2.213
2026-07-29T07:43:02.681817+00:00,1,BOTH,687.5,47.5,525.2,22290,0.014880458287661895,2.8419581903449815,2.219
2026-07-29T07:43:02.748420+00:00,1,BOTH,687.0,47.0,525.2,22073,-0.017327008618740366,-3.309214884802084,2.212
2026-07-29T07:43:02.765132+00:00,1,BOTH,687.5,47.5,525.2,21785,-2.1787869936815692e-05,-0.004161176639865023,2.218
2026-07-29T07:43:02.848601+00:00,1,BOTH,688.0,48.0,525.4,21334,-0.008432472618296742,-1.6104836396267805,2.231
2026-07-29T07:43:02.898579+00:00,1,BOTH,688.0,48.0,525.3,22007,0.022062914976850152,4.213706373098294,2.239
2026-07-29T07:43:02.915020+00:00,1,BOTH,688.0,48.0,525.4,21697,-0.012957447376102209,-2.474690159711731,2.243
2026-07-29T07:43:02.998520+00:00,1,BOTH,687.5,47.5,525.5,21716,-0.015898581790388562,-3.036405456109362,2.236
2026-07-29T07:43:03.031918+00:00,1,BOTH,688.0,48.0,525.6,21408,-0.0069844615831971164,-1.3339339029615196,2.242
2026-07-29T07:43:03.098632+00:00,1,BOTH,688.5,48.5,525.6,21477,-0.025809595558675937,-4.929269654839084,2.255
2026-07-29T07:43:03.181809+00:00,1,BOTH,688.0,48.0,525.4,21950,0.009772652264218777,1.866439097962346,2.253
2026-07-29T07:43:03.231770+00:00,1,BOTH,688.0,48.0,525.6,21583,-0.012774969381571282,-2.4398394299096196,2.252
2026-07-29T07:43:03.298547+00:00,1,BOTH,688.5,48.5,525.5,21132,-0.0065479826903902,-1.2505725749469216,2.26
2026-07-29T07:43:03.315151+00:00,1,BOTH,688.0,48.0,525.4,21751,-0.016401825284119695,-3.1325178836367362,2.256
2026-07-29T07:43:03.365169+00:00,1,BOTH,688.0,48.0,525.5,21673,-0.0033728561401949264,-0.6441680724598479,2.254
2026-07-29T07:43:03.431770+00:00,1,BOTH,686.5,46.5,525.3,22724,0.0029906607698649166,0.5711741335620177,2.224
2026-07-29T07:43:03.448520+00:00,1,BOTH,688.5,48.5,525.6,21074,0.0029906607698649166,0.5711741335620177,2.244
2026-07-29T07:43:03.481805+00:00,1,BOTH,687.0,47.0,525.5,22118,0.004039141875400673,0.7714192743833828,2.228
2026-07-29T07:43:03.548538+00:00,1,BOTH,687.5,47.5,525.5,21553,-0.024823198508820497,-4.740881695236177,2.227
2026-07-29T07:43:03.614999+00:00,1,BOTH,688.0,48.0,525.4,21518,-3.125463590549771e-05,-0.005969195758676876,2.236
2026-07-29T07:43:03.665143+00:00,1,BOTH,687.5,47.5,525.4,21976,-0.012984092411934399,-2.4797789867055955,2.232
2026-07-29T07:43:03.731905+00:00,1,BOTH,687.5,47.5,525.2,21996,3.474380675470456e-05,0.006635578304208976,2.23
2026-07-29T07:43:03.748434+00:00,1,BOTH,687.5,47.5,525.3,21895,0.00010726699721999466,0.020486487405824094,2.229
2026-07-29T07:43:03.815166+00:00,1,BOTH,688.5,48.5,525.5,21119,6.832072223460271e-05,0.01304829679109446,2.247
2026-07-29T07:43:03.865023+00:00,1,BOTH,687.0,47.0,525.4,22319,0.0,0.0,2.229
2026-07-29T07:43:03.931719+00:00,1,RIGHT,263.58,-376.42,525.4,8595,-0.023212002898799256,-4.433166000488766,-1.771
2026-07-29T07:43:03.965149+00:00,1,BOTH,687.5,47.5,525.4,21818,-0.03313928626012057,-6.329137462602621,-0.172
2026-07-29T07:43:04.016293+00:00,1,BOTH,687.5,47.5,525.4,21655,-1.019449147861451e-05,-0.0019470044533556454,0.788
2026-07-29T07:43:04.065142+00:00,1,BOTH,688.5,48.5,525.5,21257,-2.629996743053198e-05,-0.0050229237836700216,1.382
2026-07-29T07:43:04.131855+00:00,1,BOTH,687.0,47.0,525.4,21932,9.852022980339825e-05,0.018815977881312358,1.71
2026-07-29T07:43:04.198496+00:00,1,BOTH,687.5,47.5,525.4,21624,3.236515403841622e-05,0.006181289098973472,1.917
2026-07-29T07:43:04.248531+00:00,1,BOTH,688.0,48.0,525.3,21580,2.3979015604709275e-05,0.00457965463676061,2.05
2026-07-29T07:43:04.265072+00:00,1,BOTH,687.5,47.5,525.4,21641,3.2201294379774476e-05,0.006149994209398051,2.121
2026-07-29T07:43:04.348537+00:00,1,BOTH,688.0,48.0,525.5,21292,2.4296513583976778e-05,0.004640292284147143,2.172
2026-07-29T07:43:04.398424+00:00,1,BOTH,688.0,48.0,525.6,21392,-0.0010854697367176412,-0.20730944901032497,2.203
2026-07-29T07:43:04.481754+00:00,1,BOTH,688.0,48.0,525.7,21500,-0.006244898559525609,-1.192687769827149,2.222
2026-07-29T07:43:04.548496+00:00,1,BOTH,689.0,49.0,525.7,21127,0.014116025404073298,2.6959622638428415,2.252
2026-07-29T07:43:04.598535+00:00,1,BOTH,687.5,47.5,525.7,21847,0.01067695428384468,2.0391480617280817,2.242
2026-07-29T07:43:04.648518+00:00,1,BOTH,687.0,47.0,525.5,22125,-0.008552406376693397,-1.6333893002176807,2.226
2026-07-29T07:43:04.698509+00:00,1,BOTH,687.5,47.5,525.5,21628,-0.0037150594737613576,-0.7095240949553946,2.226
2026-07-29T07:43:04.765233+00:00,1,BOTH,687.5,47.5,525.3,22134,0.002515407025348395,0.48040735436673315,2.226
2026-07-29T07:43:04.815326+00:00,1,BOTH,688.0,48.0,525.5,21512,7.193398545496166e-05,0.01373837923374918,2.236
2026-07-29T07:43:04.831791+00:00,1,BOTH,687.5,47.5,525.5,21780,0.010044886800460517,1.918432064510189,2.232
2026-07-29T07:43:04.915319+00:00,1,BOTH,688.0,48.0,525.6,21519,0.02944468312431127,5.6235202404103815,2.239
2026-07-29T07:43:04.981880+00:00,1,BOTH,687.5,47.5,525.6,21887,-0.01409937035990879,-2.692781384715407,2.234
2026-07-29T07:43:05.031860+00:00,1,BOTH,687.5,47.5,525.5,21788,-0.00041774658253416417,-0.0797837202840704,2.231
2026-07-29T07:43:05.098478+00:00,1,BOTH,688.0,48.0,525.6,21557,-0.011686918893828988,-2.2320370937603387,2.239
2026-07-29T07:43:05.181869+00:00,1,BOTH,688.0,48.0,525.5,21822,0.011494437132350868,2.1952757852072056,2.243
2026-07-29T07:43:05.231695+00:00,1,BOTH,687.5,47.5,525.5,21713,0.0019991353660589084,0.38180673050172115,2.237
2026-07-29T07:43:05.298536+00:00,1,BOTH,687.0,47.0,525.4,22164,0.019488589424290693,3.7220464089171585,2.223
2026-07-29T07:43:05.348549+00:00,1,BOTH,687.0,47.0,525.3,22144,0.01731922731443774,3.3077287651499256,2.215
2026-07-29T07:43:05.365157+00:00,1,BOTH,687.0,47.0,525.3,22194,-0.014782335349591448,-2.8232180895954477,2.21
2026-07-29T07:43:05.465108+00:00,1,BOTH,688.0,48.0,525.4,21652,0.01960716807516292,3.7446932630349377,2.226
2026-07-29T07:43:05.498603+00:00,1,BOTH,687.0,47.0,525.3,22238,-0.005879474864341319,-1.122896984933366,2.217
2026-07-29T07:43:05.565213+00:00,1,BOTH,687.0,47.0,525.3,22064,-2.8702783165499564e-05,-0.005481827785540914,2.211
2026-07-29T07:43:05.615263+00:00,1,BOTH,687.5,47.5,525.3,21756,5.195326753892004e-05,0.0099223432063138,2.217
2026-07-29T07:43:05.631856+00:00,1,BOTH,687.5,47.5,525.3,22142,-0.007212910759262741,-1.3775644817008574,2.221
2026-07-29T07:43:05.782164+00:00,1,BOTH,687.0,47.0,525.3,22054,8.509932551532983e-05,0.016252773971461194,2.214
2026-07-29T07:43:05.865307+00:00,1,BOTH,688.5,48.5,525.3,21130,0.000110141490586102,0.021035475199545108,2.238
2026-07-29T07:43:05.932033+00:00,1,BOTH,687.5,47.5,525.4,21691,4.88467700779438e-05,0.00932904589437365,2.233
2026-07-29T07:43:05.998454+00:00,1,BOTH,687.5,47.5,525.4,21589,-4.740587086871528e-05,-0.009053854416398544,2.231
2026-07-29T07:43:06.083747+00:00,1,BOTH,688.0,48.0,525.5,21608,-5.987726908642798e-05,-0.01143571602473826,2.238
2026-07-29T07:43:06.131969+00:00,1,BOTH,687.5,47.5,525.5,21535,-5.659099595504813e-05,-0.010808084088887237,2.234
2026-07-29T07:43:06.181989+00:00,1,BOTH,687.5,47.5,525.5,21815,-0.047188366511836645,-9.012314144149034,2.231
2026-07-29T07:43:06.231681+00:00,1,RIGHT,266.49,-373.51,525.5,9459,-0.0008226802316494286,-0.1571203505411905,-1.769
2026-07-29T07:43:06.248724+00:00,1,BOTH,687.0,47.0,525.4,22011,0.005879259897628799,1.1228559293154887,-0.18
2026-07-29T07:43:06.348677+00:00,1,BOTH,687.0,47.0,525.3,22205,0.009875536524341443,1.8860885442401953,0.773
2026-07-29T07:43:06.415196+00:00,1,BOTH,687.5,47.5,525.4,21942,0.004529716020624619,0.8651120345819494,1.354
2026-07-29T07:43:06.465205+00:00,1,BOTH,687.5,47.5,525.4,21688,0.012122543479781598,2.3152352611844007,1.703
2026-07-29T07:43:06.531986+00:00,1,BOTH,686.5,46.5,525.2,22554,3.115767322015017e-05,0.005950677249874647,1.894
2026-07-29T07:43:06.615191+00:00,1,BOTH,687.5,47.5,525.3,21749,2.424670761683956e-05,0.00463078004510871,2.027
2026-07-29T07:43:06.631915+00:00,1,BOTH,687.5,47.5,525.3,21893,-1.7993152141571045e-05,-0.0034364389261626656,2.107
2026-07-29T07:43:06.648518+00:00,1,BOTH,688.0,48.0,525.5,21431,-0.041258282838389275,-7.8797515886558,2.164
2026-07-29T07:43:06.748616+00:00,1,BOTH,687.0,47.0,525.4,22161,-0.016564951019827277,-3.1636726042567727,2.18
2026-07-29T07:43:06.798542+00:00,1,BOTH,687.0,47.0,525.3,22163,-0.01558994633203838,-2.977460425537525,2.189
2026-07-29T07:43:06.865342+00:00,1,BOTH,687.0,47.0,525.2,22310,0.00038015074096620083,0.07260344345378104,2.195
2026-07-29T07:43:06.931926+00:00,1,BOTH,688.0,48.0,525.2,21860,0.00010448453365825117,0.019955076010034628,2.217
2026-07-29T07:43:06.981921+00:00,1,BOTH,687.5,47.5,525.2,21771,-0.00034577159938635303,-0.06603751106775438,2.221
2026-07-29T07:43:07.048538+00:00,1,BOTH,688.0,48.0,525.4,21159,-0.004641216918826103,-0.8864071375114924,2.232
2026-07-29T07:43:07.065284+00:00,1,BOTH,687.5,47.5,525.4,21562,3.846785752102733e-05,0.007346819609551492,2.23
2026-07-29T07:43:07.148555+00:00,1,BOTH,687.0,47.0,525.3,22055,0.015710012682247906,3.000391409299344,2.219
2026-07-29T07:43:07.198598+00:00,1,BOTH,687.0,47.0,525.3,22146,-1.2706626439467069e-05,-0.0024267868894360246,2.213
2026-07-29T07:43:07.215316+00:00,1,BOTH,688.0,48.0,525.2,21495,-0.0003112712106667459,-0.05944842218377357,2.228
2026-07-29T07:43:07.281907+00:00,1,BOTH,688.0,48.0,525.4,21464,2.9476359486579895e-05,0.005629569979971447,2.237
2026-07-29T07:43:07.348603+00:00,1,BOTH,688.0,48.0,525.3,21332,-0.0001869587623514235,-0.03570649341908639,2.242
2026-07-29T07:43:07.398535+00:00,1,BOTH,687.0,47.0,525.2,22298,-0.005700666453922167,-1.0887470940718313,2.226
2026-07-29T07:43:07.465297+00:00,1,BOTH,688.5,48.5,525.3,21587,-2.7953643584623936e-05,-0.005338752664706338,2.245
2026-07-29T07:43:07.531952+00:00,1,BOTH,688.5,48.5,525.5,21052,-0.03643334976950428,-6.958257251055086,2.257
2026-07-29T07:43:07.565169+00:00,1,BOTH,687.5,47.5,525.5,21817,0.006385209361906163,1.2194851591488154,2.245
2026-07-29T07:43:07.615300+00:00,1,BOTH,688.5,48.5,525.5,21466,-0.0005395138513995335,-0.10303955558013844,2.256
2026-07-29T07:43:07.665581+00:00,1,BOTH,688.0,48.0,525.4,21499,0.0005650725367013365,0.10792090490579298,2.254
2026-07-29T07:43:07.731994+00:00,1,BOTH,687.5,47.5,525.4,21652,-0.000141014865366742,-0.026931855447066128,2.243
2026-07-29T07:43:07.798727+00:00,1,BOTH,688.0,48.0,525.5,21370,0.0,0.0,2.246
2026-07-29T07:43:07.848509+00:00,1,RIGHT,265.45,-374.55,525.5,9138,0.011460852465534117,2.1888615863240286,-1.754
2026-07-29T07:43:07.898714+00:00,1,BOTH,687.5,47.5,525.5,21618,-5.68118307273835e-05,-0.010850260423635735,-0.162
2026-07-29T07:43:07.965279+00:00,1,BOTH,687.5,47.5,525.5,21733,4.783107986440882e-05,0.009135063352612664,0.793
2026-07-29T07:43:08.048647+00:00,1,BOTH,687.5,47.5,525.3,22125,-7.372130407020449e-05,-0.01407973194474445,1.367
2026-07-29T07:43:08.081927+00:00,1,BOTH,688.0,48.0,525.5,21240,1.4932489721104498e-05,0.002851895462139238,1.72
2026-07-29T07:43:08.098701+00:00,1,BOTH,688.0,48.0,525.6,21295,3.3874068394652566e-05,0.00646947051317028,1.932
2026-07-29T07:43:08.181883+00:00,1,BOTH,687.5,47.5,525.4,22171,4.087947425432503e-05,0.007807404478288442,2.05
2026-07-29T07:43:08.248654+00:00,1,BOTH,687.0,47.0,525.3,22063,2.0379536726977674e-06,0.00038922048096255875,2.111
2026-07-29T07:43:08.298546+00:00,1,BOTH,688.5,48.5,525.5,20927,3.156196602503769e-05,0.0060278914878998495,2.176
2026-07-29T07:43:08.365248+00:00,1,BOTH,688.0,48.0,525.6,21307,0.004469347281847149,0.8535824547603602,2.206
2026-07-29T07:43:08.382043+00:00,1,BOTH,687.5,47.5,525.6,21903,-0.0037408262235112486,-0.7144451816635231,2.214
2026-07-29T07:43:08.482078+00:00,1,BOTH,688.0,48.0,525.7,21398,0.013179695285507477,2.517136383760157,2.228
2026-07-29T07:43:08.532062+00:00,1,BOTH,687.5,47.5,525.6,21530,-0.00505152277648449,-0.9647697840225626,2.228
2026-07-29T07:43:08.582051+00:00,1,BOTH,687.5,47.5,525.6,21680,-7.813854608684778e-05,-0.014923363026882842,2.227
2026-07-29T07:43:08.632032+00:00,1,BOTH,688.0,48.0,525.7,21348,2.4308339925482868e-05,0.004642550948998408,2.236
2026-07-29T07:43:08.682007+00:00,1,BOTH,687.5,47.5,525.7,21860,0.006944310949766077,1.3262656968269348,2.232
2026-07-29T07:43:08.732050+00:00,1,BOTH,688.0,48.0,525.7,21361,1.203706953674555e-05,0.00229891094053671,2.239
2026-07-29T07:43:08.748634+00:00,1,BOTH,687.5,47.5,525.7,21781,-0.008876611384330317,-1.6953078956663543,2.234
2026-07-29T07:43:08.848605+00:00,1,BOTH,687.5,47.5,525.6,21921,0.008408253585512284,1.605858145085319,2.231
2026-07-29T07:43:08.948616+00:00,1,BOTH,687.5,47.5,525.6,21646,0.006964427988277748,1.330107768170338,2.229
2026-07-29T07:43:08.965279+00:00,1,BOTH,687.0,47.0,525.5,22324,-0.0008090000945958309,-0.1545076368200849,2.219
2026-07-29T07:43:09.031985+00:00,1,BOTH,687.0,47.0,525.4,22188,-0.004431788973233779,-0.8464093461963738,2.213
2026-07-29T07:43:09.098696+00:00,1,BOTH,687.0,47.0,525.3,22327,-4.4042246590834106e-05,-0.008411449499764108,2.209
2026-07-29T07:43:09.165359+00:00,1,BOTH,688.0,48.0,525.5,21133,-0.012208355550537817,-2.331624159469765,2.225
2026-07-29T07:43:09.215455+00:00,1,BOTH,687.0,47.0,525.4,22371,-0.004264857990201563,-0.8145278768706538,2.216
2026-07-29T07:43:09.231910+00:00,1,BOTH,687.5,47.5,525.4,22155,0.0017162422450928715,0.3277781242195952,2.22
2026-07-29T07:43:09.315365+00:00,1,BOTH,687.0,47.0,525.3,22118,-2.7394031058065593e-05,-0.005231874544924852,2.214
2026-07-29T07:43:09.381886+00:00,1,BOTH,686.5,46.5,525.1,22430,1.1703232303261757e-05,0.0022351527254602277,2.2
2026-07-29T07:43:09.432041+00:00,1,BOTH,687.5,47.5,525.2,21804,1.1977903559454717e-05,0.002287611071238271,2.211
2026-07-29T07:43:09.481984+00:00,1,BOTH,687.0,47.0,525.2,22121,1.1071098851971326e-05,0.0021144241293002933,2.208
2026-07-29T07:43:09.548585+00:00,1,BOTH,687.5,47.5,525.2,21616,-5.674734595231712e-05,-0.010837944738788555,2.215
2026-07-29T07:43:09.598639+00:00,1,BOTH,688.5,48.5,525.5,21053,-4.323089931858703e-05,-0.00825649358503341,2.238
2026-07-29T07:43:09.648679+00:00,1,BOTH,687.5,47.5,525.5,21810,-7.65875622164458e-06,-0.0014627146927326511,2.234
2026-07-29T07:43:09.698620+00:00,1,BOTH,687.5,47.5,525.5,21529,5.9859013999812307e-05,0.011432229560012514,2.231
2026-07-29T07:43:09.715394+00:00,1,BOTH,688.0,48.0,525.6,21435,-1.410527620464563e-06,-0.00026939093179750086,2.239
2026-07-29T07:43:09.765598+00:00,1,BOTH,687.5,47.5,525.6,21760,2.812170860124752e-05,0.005370850718494096,2.234
2026-07-29T07:43:09.798598+00:00,1,BOTH,688.5,48.5,525.8,21164,8.130446076393127e-06,0.0015528008191200862,2.25
2026-07-29T07:43:09.831966+00:00,1,BOTH,688.0,48.0,525.8,21068,5.293214155244641e-05,0.010109294371814109,2.25
2026-07-29T07:43:09.948808+00:00,1,BOTH,688.0,48.0,525.8,21159,2.5308108452009037e-05,0.004833492672531617,2.25
2026-07-29T07:43:09.981881+00:00,1,BOTH,687.0,47.0,525.7,22528,-0.004152251984050963,-0.7930217138698087,2.231
2026-07-29T07:43:10.048740+00:00,1,BOTH,687.5,47.5,525.6,21560,-3.527137727360241e-05,-0.0067363368513035544,2.229
2026-07-29T07:43:10.081969+00:00,1,BOTH,688.0,48.0,525.7,21334,-0.015585059028817341,-2.976527019378304,2.238
2026-07-29T07:43:10.148651+00:00,1,BOTH,687.5,47.5,525.7,21736,0.0,0.0,2.233
2026-07-29T07:43:10.165273+00:00,1,BOTH,687.5,47.5,525.6,21763,-2.76368111371994e-05,-0.005278242124538916,2.231
2026-07-29T07:43:10.248864+00:00,1,BOTH,688.5,48.5,525.8,21222,-0.015216572195931803,-2.9061512182766918,2.248
2026-07-29T07:43:10.315390+00:00,1,BOTH,688.0,48.0,525.8,21351,-0.014607742771040648,-2.789873363311224,2.249
2026-07-29T07:43:10.398775+00:00,1,BOTH,687.5,47.5,525.8,21886,-1.98092309437925e-05,-0.0037832844282642093,2.24
2026-07-29T07:43:10.448725+00:00,1,BOTH,688.5,48.5,525.9,21169,-0.009945359652047046,-1.8994237793399753,2.253
2026-07-29T07:43:10.465367+00:00,1,BOTH,687.5,47.5,525.8,21657,0.002464450765255606,0.4706754255564406,2.243
2026-07-29T07:43:10.515396+00:00,1,BOTH,687.5,47.5,525.8,22034,-0.010318824920686894,-1.970750391632585,2.236
2026-07-29T07:43:10.648535+00:00,1,BOTH,688.0,48.0,525.8,21173,0.010426363463047893,1.9912887403401651,2.242
2026-07-29T07:43:10.698556+00:00,1,BOTH,688.0,48.0,525.9,21634,0.0034040229424863355,0.6501204932339026,2.245
2026-07-29T07:43:10.765332+00:00,1,BOTH,687.5,47.5,525.8,21835,-0.010068567874841393,-1.922954816564721,2.238
2026-07-29T07:43:10.782268+00:00,1,BOTH,687.5,47.5,525.5,21961,0.0050366937038779725,0.9619376397744075,2.233
2026-07-29T07:43:10.815308+00:00,1,BOTH,688.0,48.0,525.6,21639,0.004229582947446033,0.8077908399638691,2.24
2026-07-29T07:43:10.932102+00:00,1,BOTH,688.0,48.0,525.7,21520,0.004229582947446033,0.8077908399638691,2.244
2026-07-29T07:43:10.981880+00:00,1,RIGHT,263.3,-376.7,525.7,8765,0.004229582947446033,0.8077908399638691,-1.756
2026-07-29T07:43:11.048706+00:00,1,BOTH,687.5,47.5,525.7,21533,0.004229582947446033,0.8077908399638691,-0.163
2026-07-29T07:43:11.098827+00:00,1,BOTH,687.5,47.5,525.6,21611,0.004229582947446033,0.8077908399638691,0.793
2026-07-29T07:43:11.165309+00:00,1,BOTH,687.0,47.0,525.5,21945,0.004126211775983392,0.7880484004700943,1.357
2026-07-29T07:43:11.248683+00:00,1,BOTH,688.0,48.0,525.6,21233,4.1662991861812765e-06,0.0007957045318565891,1.714
2026-07-29T07:43:11.282490+00:00,1,BOTH,687.5,47.5,525.6,21601,-0.0006578686361899599,-0.12564365442570705,1.919
2026-07-29T07:43:11.348725+00:00,1,BOTH,687.5,47.5,525.6,21891,0.008026403466938064,1.5329301444157428,2.042
2026-07-29T07:43:11.432040+00:00,1,BOTH,687.0,47.0,525.5,21940,-0.0052686552797968035,-1.006239037472249,2.107
2026-07-29T07:43:11.498668+00:00,1,BOTH,688.5,48.5,525.7,21113,-0.021994878471232368,-4.20071235768257,2.173
2026-07-29T07:43:11.531968+00:00,1,BOTH,687.0,47.0,525.5,22393,-3.379057307029143e-05,-0.0064535240808537165,2.185
2026-07-29T07:43:11.598549+00:00,1,BOTH,687.0,47.0,525.4,22203,0.010123453907872317,1.9334372767210128,2.192
2026-07-29T07:43:11.648598+00:00,1,BOTH,686.5,46.5,525.2,22435,-0.008289649651851505,-1.5832064623106117,2.187
2026-07-29T07:43:11.715421+00:00,1,BOTH,687.5,47.5,525.3,21721,5.066394660389051e-06,0.0009676101046263621,2.203
2026-07-29T07:43:11.731985+00:00,1,BOTH,687.0,47.0,525.2,22119,0.002210744919575518,0.422221178238886,2.203
2026-07-29T07:43:11.798776+00:00,1,BOTH,687.5,47.5,525.3,21810,-3.575770620955155e-05,-0.006829218836253467,2.212
2026-07-29T07:43:11.865422+00:00,1,BOTH,687.5,47.5,525.3,21762,7.715541869401932e-05,0.014735599525773602,2.218
2026-07-29T07:43:11.882076+00:00,1,BOTH,687.5,47.5,525.4,21487,4.772711545228958e-05,0.00911520761249936,2.221
2026-07-29T07:43:11.948788+00:00,1,BOTH,687.5,47.5,525.4,21642,3.0087539926171303e-05,0.005746296845669907,2.224
2026-07-29T07:43:11.982080+00:00,1,BOTH,687.5,47.5,525.4,21960,0.029492791272932663,5.632708219997695,2.225
2026-07-29T07:43:12.048674+00:00,1,BOTH,687.5,47.5,525.4,21785,0.006715456763922703,1.2825577669178416,2.225
2026-07-29T07:43:12.098681+00:00,1,BOTH,687.0,47.0,525.3,22166,1.9440935575403272e-05,0.0037129451941878134,2.217
2026-07-29T07:43:12.132086+00:00,1,BOTH,687.0,47.0,525.3,22200,1.3082754303468392e-05,0.002498622019984513,2.211
2026-07-29T07:43:12.215449+00:00,1,BOTH,686.5,46.5,525.1,22478,-0.009628503168933093,-1.8389086486940165,2.199
2026-07-29T07:43:12.298759+00:00,1,BOTH,688.0,48.0,525.3,21663,-6.7383924761088556e-06,-0.0012869381652791526,2.219
2026-07-29T07:43:12.348797+00:00,1,BOTH,687.0,47.0,525.2,21995,-6.7383924761088556e-06,-0.0012869381652791526,2.213
2026-07-29T07:43:12.365379+00:00,1,BOTH,688.5,48.5,525.5,20996,1.653864626860013e-05,0.0031586487668352494,2.237
2026-07-29T07:43:12.482115+00:00,1,BOTH,687.0,47.0,525.4,22061,5.423265974968672e-05,0.010357675051420216,2.223
2026-07-29T07:43:12.498766+00:00,1,BOTH,687.5,47.5,525.4,21677,-0.004115210470117745,-0.7859473058193139,2.225
2026-07-29T07:43:12.582073+00:00,1,BOTH,687.5,47.5,525.4,21481,1.6732578515075148e-05,0.0031956870976169467,2.225
2026-07-29T07:43:12.632139+00:00,1,BOTH,687.0,47.0,525.3,22307,1.6732578515075148e-05,0.0031956870976169467,2.217
2026-07-29T07:43:12.682037+00:00,1,BOTH,687.5,47.5,525.4,21632,1.6732578515075148e-05,0.0031956870976169467,2.221
2026-07-29T07:43:12.748770+00:00,1,BOTH,688.0,48.0,525.5,21130,1.6732578515075148e-05,0.0031956870976169467,2.232
2026-07-29T07:43:12.765468+00:00,1,BOTH,687.5,47.5,525.5,21871,1.6732578515075148e-05,0.0031956870976169467,2.23
2026-07-29T07:43:12.798727+00:00,1,BOTH,688.0,48.0,525.6,21104,1.6732578515075148e-05,0.0031956870976169467,2.238
2026-07-29T07:43:12.882057+00:00,1,BOTH,688.0,48.0,525.7,21558,4.075700395333115e-05,0.007784014373746286,2.243
2026-07-29T07:43:12.898752+00:00,1,BOTH,687.5,47.5,525.6,21622,3.4472631232347335e-05,0.006583787594414561,2.236
2026-07-29T07:43:12.982196+00:00,1,BOTH,687.0,47.0,525.5,22090,5.456618615426123e-05,0.010421373902547857,2.223
2026-07-29T07:43:13.032131+00:00,1,BOTH,687.5,47.5,525.5,21745,3.90407680242788e-05,0.007456237455801575,2.224
2026-07-29T07:43:13.082187+00:00,1,BOTH,687.0,47.0,525.4,22089,0.002777198104886338,0.5304057676057257,2.216
2026-07-29T07:43:13.132158+00:00,1,BOTH,686.5,46.5,525.2,22722,2.6733032427728176e-05,0.0051056331056506445,2.201
2026-07-29T07:43:13.182107+00:00,1,BOTH,687.5,47.5,525.3,21588,0.005894127961364575,1.1256955203207937,2.211
2026-07-29T07:43:13.232160+00:00,1,BOTH,686.5,46.5,525.1,22451,0.0,0.0,2.199
2026-07-29T07:43:13.281933+00:00,1,RIGHT,266.87,-373.13,525.1,9190,3.0122461030259725e-05,0.005752966285270587,-1.801
2026-07-29T07:43:13.332177+00:00,1,BOTH,688.5,48.5,525.4,20890,-4.665402557293418e-05,-0.008910262542081803,-0.171
2026-07-29T07:43:13.382154+00:00,1,BOTH,687.5,47.5,525.4,21745,2.6199201238341628e-05,0.005003678858569651,0.788
2026-07-29T07:43:13.432125+00:00,1,BOTH,687.5,47.5,525.4,21665,4.4675542158074675e-05,0.008532400043721536,1.363
2026-07-29T07:43:13.498803+00:00,1,BOTH,687.5,47.5,525.4,21789,-2.153163106413558e-05,-0.004112238620025821,1.709
2026-07-29T07:43:13.565387+00:00,1,BOTH,687.0,47.0,525.4,22035,1.4655182749265803e-05,0.00279893373175287,1.906
2026-07-29T07:43:13.615381+00:00,1,BOTH,687.5,47.5,525.4,21627,6.738700903952122e-05,0.012869970706581644,2.034
2026-07-29T07:43:13.665372+00:00,1,BOTH,687.5,47.5,525.4,21942,-0.0008179555088281632,-0.15621799495109834,2.111
2026-07-29T07:43:13.749478+00:00,1,BOTH,687.75,47.75,525.5,21521,9.995768778026104e-05,0.019090512132317865,2.162
2026-07-29T07:43:13.799870+00:00,1,BOTH,687.5,47.5,525.5,21568,8.21738775994163e-05,0.01569405457557057,2.188
2026-07-29T07:43:13.882018+00:00,1,BOTH,688.5,48.5,525.5,21273,1.4109537223703226e-05,0.0026947231126697594,2.222
2026-07-29T07:43:13.931987+00:00,1,BOTH,688.0,48.0,525.6,21114,-7.233058917336166e-05,-0.013814124964427564,2.233
2026-07-29T07:43:13.965416+00:00,1,BOTH,687.5,47.5,525.6,21748,1.2923471949761733e-05,0.002468201331256841,2.231
2026-07-29T07:43:14.032130+00:00,1,BOTH,687.5,47.5,525.6,22279,0.013684457948547788,2.6135389512534695,2.229
2026-07-29T07:43:14.098812+00:00,1,BOTH,688.0,48.0,525.6,21515,-0.0029944913336657918,-0.5719057173585035,2.237
2026-07-29T07:43:14.165525+00:00,1,BOTH,688.5,48.5,525.6,21192,9.852727016550489e-06,0.0018817322491428874,2.252
2026-07-29T07:43:14.265483+00:00,1,BOTH,687.5,47.5,525.6,21981,0.004910898487723898,0.9379125232125263,2.242
2026-07-29T07:43:14.298691+00:00,1,BOTH,688.0,48.0,525.7,21591,-8.125844411551952e-05,-0.015519219658729762,2.245
2026-07-29T07:43:14.382111+00:00,1,BOTH,686.5,46.5,525.4,22549,-0.0011111162841552869,-0.21220757876785548,2.219
2026-07-29T07:43:14.432095+00:00,1,BOTH,688.0,48.0,525.6,21612,-0.005873209237470292,-1.121700338347654,2.231
2026-07-29T07:43:14.498833+00:00,1,BOTH,688.0,48.0,525.6,21580,9.429641417227686e-05,0.01800928851763022,2.239
2026-07-29T07:43:14.565377+00:00,1,BOTH,687.5,47.5,525.6,21434,-0.004142975674476475,-0.7912500692428921,2.234
2026-07-29T07:43:14.599722+00:00,1,BOTH,687.0,47.0,525.5,22528,7.761149376165121e-05,0.014822703447495105,2.222
2026-07-29T07:43:14.648836+00:00,1,BOTH,688.0,48.0,525.6,21366,0.009699446993763558,1.8524579211783534,2.233
2026-07-29T07:43:14.698843+00:00,1,BOTH,688.5,48.5,525.6,21457,3.120777146250475e-06,0.0005960245309367783,2.249
2026-07-29T07:43:14.732079+00:00,1,BOTH,687.0,47.0,525.5,22320,-3.920495619240682e-06,-0.0007487595086067309,2.231
2026-07-29T07:43:14.815544+00:00,1,BOTH,687.75,47.75,525.4,21649,4.758465103805065e-05,0.00908799891361038,2.234
2026-07-29T07:43:14.832221+00:00,1,BOTH,687.5,47.5,525.4,21615,-2.7954466495430094e-05,-0.005338909829093366,2.231
2026-07-29T07:43:14.915390+00:00,1,BOTH,687.5,47.5,525.4,21445,3.3227895910386e-05,0.006346060659217086,2.229
2026-07-29T07:43:14.981995+00:00,1,BOTH,688.0,48.0,525.6,21377,-6.516847512102686e-05,-0.012446261939127153,2.237
2026-07-29T07:43:15.015454+00:00,1,BOTH,687.0,47.0,525.4,22141,0.005033430338371545,0.9613143828726514,2.224
2026-07-29T07:43:15.082074+00:00,1,BOTH,687.0,47.0,525.4,22252,-0.018300778433913364,-3.4951912202242403,2.215
2026-07-29T07:43:15.115519+00:00,1,BOTH,688.0,48.0,525.5,21352,0.0058370393441873605,1.114792397579152,2.229
2026-07-29T07:43:15.182093+00:00,1,BOTH,687.0,47.0,525.4,22233,-0.013374961906229145,-2.554429561250601,2.219
2026-07-29T07:43:15.232124+00:00,1,BOTH,687.75,47.75,525.5,21623,-3.128370735794306e-05,-0.005974747997108322,2.227
2026-07-29T07:43:15.282154+00:00,1,BOTH,688.0,48.0,525.4,21650,4.305668473534751e-05,0.008223221050535894,2.236
2026-07-29T07:43:15.349023+00:00,1,BOTH,687.0,47.0,525.3,22309,-2.0392677979543804e-05,-0.0038947146039907702,2.223
2026-07-29T07:43:15.398819+00:00,1,BOTH,687.0,47.0,525.2,22209,0.0019281146954745055,0.36824278155947043,2.215
2026-07-29T07:43:15.465447+00:00,1,BOTH,687.0,47.0,525.2,22278,2.197702100602328e-05,0.004197301833051628,2.21
2026-07-29T07:43:15.515471+00:00,1,BOTH,686.5,46.5,525.1,22638,3.568060983525356e-06,0.0006814494513376682,2.198
2026-07-29T07:43:15.548702+00:00,1,BOTH,688.0,48.0,525.2,21143,7.293932139873504e-06,0.0013930384255652567,2.219
2026-07-29T07:43:15.615582+00:00,1,BOTH,687.0,47.0,525.2,22150,-3.640046644477479e-05,-0.006951976998643894,2.213
2026-07-29T07:43:15.665465+00:00,1,BOTH,688.0,48.0,525.4,21399,-3.571348195691826e-05,-0.006820772626160107,2.228
2026-07-29T07:43:15.732352+00:00,1,BOTH,688.0,48.0,525.3,21568,5.770857911556959e-05,0.011021526750063142,2.237
2026-07-29T07:43:15.815494+00:00,1,BOTH,686.5,46.5,525.1,22276,5.315057460393291e-05,0.010151012011668577,2.214
2026-07-29T07:43:15.865445+00:00,1,BOTH,688.0,48.0,525.3,21206,0.004932913467055187,0.942117074551695,2.228
2026-07-29T07:43:15.932219+00:00,1,BOTH,687.0,47.0,525.2,22142,3.453344106674194e-05,0.006595401417293562,2.218
2026-07-29T07:43:15.982190+00:00,1,BOTH,688.0,48.0,525.2,21666,2.947297180071473e-05,0.005628922979630147,2.231
2026-07-29T07:43:16.015588+00:00,1,BOTH,688.0,48.0,525.4,21122,8.905196911655367e-05,0.017007673292359585,2.239
2026-07-29T07:43:16.132090+00:00,1,BOTH,687.5,47.5,525.2,22001,-0.012401296981261111,-2.3684732583819668,2.234
2026-07-29T07:43:16.165559+00:00,1,BOTH,688.0,48.0,525.3,21351,-9.286979329772293e-06,-0.0017736824000706213,2.24
2026-07-29T07:43:16.215582+00:00,1,BOTH,688.0,48.0,525.5,21580,0.007705251011066139,1.4715945434100004,2.244
2026-07-29T07:43:16.265576+00:00,1,BOTH,687.5,47.5,525.3,22104,3.035563859157264e-06,0.0005797499919071862,2.237
2026-07-29T07:43:16.332035+00:00,1,BOTH,688.0,48.0,525.2,22038,-0.0026693070124019867,-0.5098000867843625,2.242
2026-07-29T07:43:16.398704+00:00,1,BOTH,687.5,47.5,525.3,21850,6.436643481720239e-05,0.012293083524432044,2.236
2026-07-29T07:43:16.415551+00:00,1,BOTH,687.5,47.5,525.3,21892,-0.004384815850353334,-0.8374381405577107,2.232
2026-07-29T07:43:16.482198+00:00,1,BOTH,688.0,48.0,525.5,21423,-2.5279820838477463e-05,-0.004828090136305429,2.239
2026-07-29T07:43:16.532149+00:00,1,BOTH,687.5,47.5,525.5,21524,1.2379742693156005e-05,0.0023643566925858612,2.234
2026-07-29T07:43:16.582115+00:00,1,BOTH,687.0,47.0,525.4,22230,1.4261561154853553e-05,0.002723757544802763,2.222
2026-07-29T07:43:16.632157+00:00,1,BOTH,688.5,48.5,525.4,21170,5.0371745601296425e-05,0.009620294765536514,2.242
2026-07-29T07:43:16.698943+00:00,1,BOTH,687.5,47.5,525.4,21521,-5.843880004249513e-05,-0.011160988674146357,2.236
2026-07-29T07:43:16.715518+00:00,1,BOTH,688.0,48.0,525.3,21565,-5.810351780382916e-05,-0.01109695448340883,2.242
2026-07-29T07:43:16.798851+00:00,1,BOTH,687.0,47.0,525.3,22051,-3.801018465310335e-05,-0.007259410530452517,2.226
2026-07-29T07:43:16.848942+00:00,1,BOTH,687.0,47.0,525.2,22303,-6.5990025177598e-05,-0.01260316644212802,2.217
2026-07-29T07:43:16.898929+00:00,1,BOTH,688.0,48.0,525.4,21425,-5.41860528755933e-06,-0.001034877379414738,2.23
2026-07-29T07:43:16.932857+00:00,1,BOTH,686.5,46.5,525.2,22396,3.209570510080084e-05,0.0061298281425746564,2.21
2026-07-29T07:43:17.015449+00:00,1,BOTH,688.0,48.0,525.4,21601,-4.9808226758614186e-05,-0.009512670594330551,2.226
2026-07-29T07:43:17.065387+00:00,1,BOTH,687.5,47.5,525.2,21977,3.993976904894225e-05,0.007627934004105415,2.226
2026-07-29T07:43:17.132153+00:00,1,BOTH,687.0,47.0,525.1,22142,-2.602498949272558e-05,-0.004970406866018297,2.217
2026-07-29T07:43:17.182149+00:00,1,BOTH,687.5,47.5,525.2,21842,9.56029952794779e-05,0.018258827127744057,2.221
2026-07-29T07:43:17.198887+00:00,1,BOTH,688.0,48.0,525.2,21948,2.442585246171802e-05,0.004664994190218916,2.232
2026-07-29T07:43:17.282111+00:00,1,BOTH,687.0,47.0,525.1,21907,3.063996322453022e-05,0.005851801924005449,2.221
2026-07-29T07:43:17.332147+00:00,1,BOTH,688.0,48.0,525.1,21429,3.71433387044817e-06,0.0007093855149305734,2.232
2026-07-29T07:43:17.415651+00:00,1,BOTH,687.5,47.5,525.2,21455,-0.00012201750185340643,-0.023303626276432964,2.23
2026-07-29T07:43:17.465521+00:00,1,BOTH,687.5,47.5,525.3,21661,1.1346301180310549e-05,0.0021669839023869967,2.229
2026-07-29T07:43:17.532119+00:00,1,BOTH,688.0,48.0,525.4,21522,-3.2771599944680925e-06,-0.0006258914549071263,2.237
2026-07-29T07:43:17.598909+00:00,1,BOTH,687.0,47.0,525.3,22490,1.984563568839803e-05,0.003790237222331371,2.224
2026-07-29T07:43:17.615595+00:00,1,BOTH,687.5,47.5,525.4,21864,-6.926245638169348e-05,-0.01322815476459997,2.225
2026-07-29T07:43:17.665521+00:00,1,BOTH,687.0,47.0,525.3,22425,-4.780643270350993e-05,-0.009130356091624377,2.216
2026-07-29T07:43:17.782289+00:00,1,BOTH,688.0,48.0,525.4,21268,-5.914500725339167e-05,-0.011295864316299947,2.23
2026-07-29T07:43:17.815634+00:00,1,BOTH,687.5,47.5,525.4,21603,-2.3186642210930585e-05,-0.004428322465887355,2.228
2026-07-29T07:43:17.882358+00:00,1,BOTH,687.5,47.5,525.5,21733,2.9809990774083417e-05,0.005693288862263005,2.228
2026-07-29T07:43:17.898736+00:00,1,BOTH,687.5,47.5,525.5,21487,4.086423839908093e-05,0.007804494644279244,2.227
2026-07-29T07:43:17.982215+00:00,1,BOTH,688.0,48.0,525.6,21326,1.930302860273514e-06,0.0003686606902523447,2.236
2026-07-29T07:43:18.032276+00:00,1,BOTH,687.0,47.0,525.5,22258,0.0001012451690621674,0.01933640294450229,2.223
2026-07-29T07:43:18.082246+00:00,1,BOTH,687.5,47.5,525.5,21726,2.266955649247393e-05,0.004329566368173834,2.224
2026-07-29T07:43:18.132214+00:00,1,BOTH,686.5,46.5,525.3,22817,-2.7013195358449592e-05,-0.005159140284005156,2.207
2026-07-29T07:43:18.148872+00:00,1,BOTH,687.0,47.0,525.2,22266,-9.503402689006178e-06,-0.0018150162169777721,2.205
2026-07-29T07:43:18.198857+00:00,1,BOTH,688.0,48.0,525.4,21357,-8.771382272243499e-06,-0.0016752106156514084,2.223
2026-07-29T07:43:18.298883+00:00,1,BOTH,688.0,48.0,525.5,21304,6.81135454215109e-06,0.0013008728934417355,2.234
2026-07-29T07:43:18.348923+00:00,1,BOTH,687.5,47.5,525.5,21751,-1.5184790245257318e-05,-0.0029000813128155552,2.231
2026-07-29T07:43:18.398888+00:00,1,BOTH,687.5,47.5,525.5,21843,1.5485356561839572e-06,0.00029574852508287424,2.229
2026-07-29T07:43:18.448787+00:00,1,BOTH,687.5,47.5,525.5,21346,0.0074550137924961745,1.4238027550728283,2.228
2026-07-29T07:43:18.465582+00:00,1,BOTH,688.0,48.0,525.6,21375,7.635010464582593e-05,0.014581795871960016,2.237
2026-07-29T07:43:18.498759+00:00,1,BOTH,687.5,47.5,525.6,21422,9.060277661774306e-06,0.0017303855707877524,2.233
2026-07-29T07:43:18.532236+00:00,1,BOTH,687.5,47.5,525.6,21912,-1.1594120005611328e-05,-0.0022143138116324113,2.23
2026-07-29T07:43:18.582227+00:00,1,BOTH,687.5,47.5,525.6,21610,2.7948990864388177e-05,0.005337864060597124,2.229
2026-07-29T07:43:18.665638+00:00,1,BOTH,687.5,47.5,525.5,21849,6.91145472228527e-05,0.013199906196090282,2.228
2026-07-29T07:43:18.715621+00:00,1,BOTH,687.5,47.5,525.5,21685,0.0,0.0,2.227
2026-07-29T07:43:18.732622+00:00,1,BOTH,687.5,47.5,525.5,21595,-1.6116164624691008e-05,-0.003077960716442777,2.227
2026-07-29T07:43:18.815738+00:00,1,BOTH,687.5,47.5,525.5,21598,4.1246582404710346e-05,0.007877516970428216,2.227
2026-07-29T07:43:18.832160+00:00,1,BOTH,687.5,47.5,525.5,21665,-4.913438441690232e-05,-0.009383976186872877,2.227
2026-07-29T07:43:18.932209+00:00,1,BOTH,688.0,48.0,525.6,21340,-1.4592730149161071e-05,-0.002787006163734139,2.236
2026-07-29T07:43:18.998825+00:00,1,BOTH,687.0,47.0,525.5,21964,4.734624657430686e-05,0.009042467014978383,2.223
2026-07-29T07:43:19.065603+00:00,1,BOTH,688.0,48.0,525.6,21537,-5.341408832464368e-06,-0.0010201339425136963,2.234
2026-07-29T07:43:19.082239+00:00,1,BOTH,687.0,47.0,525.5,22177,-0.007947971755638718,-1.517950790957606,2.221
2026-07-29T07:43:19.148835+00:00,1,BOTH,687.5,47.5,525.5,21735,-3.3479947596788406e-05,-0.0063941989853837965,2.224
2026-07-29T07:43:19.215446+00:00,1,BOTH,687.0,47.0,525.4,21924,-1.5871482682996428e-05,-0.0030312299078355583,2.215
2026-07-29T07:43:19.249002+00:00,1,BOTH,687.5,47.5,525.4,21654,8.874954655766487e-06,0.0016949914838180003,2.22
2026-07-29T07:43:19.315445+00:00,1,BOTH,687.5,47.5,525.4,21841,5.601083248620852e-06,0.001069728102824664,2.223
2026-07-29T07:43:19.365596+00:00,1,BOTH,687.5,47.5,525.4,21762,1.1414180626161393e-05,0.0021799479215967974,2.224
2026-07-29T07:43:19.415603+00:00,1,BOTH,688.0,48.0,525.6,21334,-0.00464647046115715,-0.8874104901883668,2.234
2026-07-29T07:43:19.499164+00:00,1,BOTH,687.5,47.5,525.5,21734,-0.04718654868192971,-9.011966964210567,2.231
2026-07-29T07:43:19.515532+00:00,1,BOTH,687.5,47.5,525.5,21576,-0.021674630501074717,-4.139549500723686,2.229
2026-07-29T07:43:19.632433+00:00,1,BOTH,687.5,47.5,525.5,22100,0.0037865707244782243,0.7231817378013226,2.228
2026-07-29T07:43:19.699341+00:00,1,BOTH,687.5,47.5,525.5,21797,0.0037865707244782243,0.7231817378013226,2.228
2026-07-29T07:43:19.733775+00:00,1,BOTH,688.0,48.0,525.6,21582,0.0005953335692174733,0.11370033639540228,2.237
2026-07-29T07:43:19.782402+00:00,1,BOTH,687.5,47.5,525.6,21539,0.0054684637842001395,1.0443996508493567,2.233
2026-07-29T07:43:19.899207+00:00,1,BOTH,687.5,47.5,525.6,21642,-0.007175117074657464,-1.3703464196337543,2.23
2026-07-29T07:43:19.949236+00:00,1,BOTH,687.5,47.5,525.6,21565,4.5671509578824047e-05,0.008722615809526433,2.229
2026-07-29T07:43:19.999390+00:00,1,BOTH,687.0,47.0,525.4,22444,-0.0020969116571359337,-0.4004806265522418,2.218
2026-07-29T07:43:20.067732+00:00,1,BOTH,688.0,48.0,525.6,21465,0.006266042526403908,1.1967259700414519,2.231
2026-07-29T07:43:20.084863+00:00,1,BOTH,688.0,48.0,525.6,21296,0.0018192690791329368,0.3474548001098969,2.239
2026-07-29T07:43:20.169987+00:00,1,BOTH,687.5,47.5,525.6,22005,-0.03427325909433421,-6.545710320879055,2.234
2026-07-29T07:43:20.255160+00:00,1,BOTH,687.5,47.5,525.6,21834,0.012640344718238338,2.414128013151795,2.231
2026-07-29T07:43:20.306288+00:00,1,BOTH,687.5,47.5,525.6,21680,0.012640344718238338,2.414128013151795,2.229
2026-07-29T07:43:20.323479+00:00,1,BOTH,688.0,48.0,525.7,21475,0.0037728325430362018,0.7205579384186129,2.238
2026-07-29T07:43:20.408576+00:00,1,BOTH,688.0,48.0,525.7,21143,-0.013030800269334578,-2.488699530369359,2.243
2026-07-29T07:43:20.425824+00:00,1,BOTH,687.5,47.5,525.7,21495,0.0003027298873348627,0.057817149589195156,2.236
2026-07-29T07:43:20.493985+00:00,1,BOTH,687.5,47.5,525.6,21732,0.008286979769836762,1.5826965524064693,2.232
2026-07-29T07:43:20.545141+00:00,1,BOTH,687.0,47.0,525.5,22522,-0.002064363168174168,-0.39426432306211745,2.221
2026-07-29T07:43:20.562151+00:00,1,BOTH,687.5,47.5,525.5,21753,-0.006643669731565751,-1.2688474536584335,2.223
2026-07-29T07:43:20.630288+00:00,1,BOTH,687.5,47.5,525.5,21844,0.009695683560785255,1.8517391584245628,2.224
2026-07-29T07:43:20.681445+00:00,1,BOTH,687.5,47.5,525.5,21812,0.003972352855034842,0.7586635111007979,2.225
2026-07-29T07:43:20.749643+00:00,1,BOTH,688.5,48.5,525.7,20990,-0.001645121603505686,-0.3141950822222341,2.245
2026-07-29T07:43:20.800715+00:00,1,BOTH,687.5,47.5,525.7,21765,-0.002424891692062374,-0.4631201991050363,2.237
2026-07-29T07:43:20.817875+00:00,1,BOTH,688.5,48.5,525.8,20910,0.0009000048599409637,0.1718882667196,2.252
2026-07-29T07:43:20.886142+00:00,1,BOTH,687.0,47.0,525.7,21875,-0.010866458677919582,-2.0753407349936683,2.232
2026-07-29T07:43:20.903053+00:00,1,BOTH,688.0,48.0,525.7,21610,0.008835298768244683,1.6874177671918507,2.239
2026-07-29T07:43:20.988539+00:00,1,BOTH,687.0,47.0,525.6,21914,0.00808047315920703,1.5432566949710194,2.225
2026-07-29T07:43:21.022370+00:00,1,BOTH,688.0,48.0,525.7,21063,-0.005068802864989266,-0.9680700378256832,2.235
2026-07-29T07:43:21.090427+00:00,1,BOTH,688.0,48.0,525.7,21550,-0.03142371251538861,-6.001487012547305,2.241
2026-07-29T07:43:21.141185+00:00,1,RIGHT,263.26,-376.74,525.7,8517,-0.014494341638928744,-2.768215342437832,-1.759
2026-07-29T07:43:21.209403+00:00,1,BOTH,688.0,48.0,525.8,21363,0.050707824782584794,9.6844811611033,-0.155
2026-07-29T07:43:21.243475+00:00,1,BOTH,688.0,48.0,525.8,21105,0.005319607926066965,1.0159702760932598,0.807
2026-07-29T07:43:21.311397+00:00,1,BOTH,687.0,47.0,525.7,22450,0.005935507905087433,1.1335985074268224,1.365
2026-07-29T07:43:21.328329+00:00,1,BOTH,688.0,48.0,525.7,21456,0.04363152457633987,8.333007373152006,1.719
2026-07-29T07:43:21.430346+00:00,1,BOTH,688.0,48.0,525.8,21335,0.010794607903808356,2.061618247955931,1.932
2026-07-29T07:43:21.498494+00:00,1,BOTH,687.5,47.5,525.7,21814,-0.0050567180782672945,-0.9657620135740677,2.05
2026-07-29T07:43:21.566437+00:00,1,BOTH,687.5,47.5,525.7,21617,-0.0050567180782672945,-0.9657620135740677,2.12
2026-07-29T07:43:21.600306+00:00,1,BOTH,687.0,47.0,525.5,22389,-0.002009658858005423,-0.38381656941597175,2.153
2026-07-29T07:43:21.651478+00:00,1,BOTH,688.0,48.0,525.6,21407,-0.0020135269298043566,-0.38455531671241333,2.192
2026-07-29T07:43:21.668390+00:00,1,BOTH,687.5,47.5,525.6,21866,-0.002011142884584842,-0.38409999761492497,2.206
2026-07-29T07:43:21.753533+00:00,1,BOTH,686.5,46.5,525.4,22616,-0.0020110339668462985,-0.38407919585914946,2.195
2026-07-29T07:43:21.770514+00:00,1,BOTH,688.0,48.0,525.5,21245,0.006794389606802724,1.2976328294578232,2.217
2026-07-29T07:43:21.855391+00:00,1,BOTH,687.5,47.5,525.5,21920,0.0068473078263923525,1.3077394649305973,2.221
2026-07-29T07:43:21.923441+00:00,1,BOTH,687.0,47.0,525.4,22271,-0.007026184168207692,-1.3419023297331256,2.214
2026-07-29T07:43:21.974480+00:00,1,BOTH,687.5,47.5,525.4,21877,-0.00711993004908436,-1.3598064741363562,2.219
2026-07-29T07:43:22.025251+00:00,1,BOTH,687.5,47.5,525.4,21840,-0.006991715472395299,-1.3353192937485576,2.222
2026-07-29T07:43:22.042468+00:00,1,BOTH,687.0,47.0,525.4,22104,-0.0005816324310580967,-0.11108361175854255,2.214
2026-07-29T07:43:22.127172+00:00,1,BOTH,687.5,47.5,525.4,21849,-0.000582032811071258,-0.11116007870839434,2.219
2026-07-29T07:43:22.195073+00:00,1,BOTH,687.5,47.5,525.4,21667,0.00879573602695018,1.6798618401847076,2.222
2026-07-29T07:43:22.262887+00:00,1,BOTH,687.5,47.5,525.4,21623,0.008196970792487263,1.5655061040050864,2.224
2026-07-29T07:43:22.313751+00:00,1,BOTH,688.0,48.0,525.5,21619,0.008243955346988513,1.5744794929224997,2.234
2026-07-29T07:43:22.364602+00:00,1,BOTH,686.5,46.5,525.3,22450,0.001662518192315474,0.31751758594465196,2.212
2026-07-29T07:43:22.449450+00:00,1,BOTH,687.0,47.0,525.3,22049,0.015359927885583602,2.933530138230809,2.209
2026-07-29T07:43:22.517267+00:00,1,BOTH,687.0,47.0,525.2,22008,-0.04529695490491577,-8.651081136153621,2.206
2026-07-29T07:43:22.568162+00:00,1,BOTH,688.0,48.0,525.4,21377,0.01631915167410625,3.116728387200467,2.224
2026-07-29T07:43:22.653050+00:00,1,BOTH,688.0,48.0,525.5,21256,0.010102400888572447,1.929416446214713,2.234
2026-07-29T07:43:22.687025+00:00,1,BOTH,688.0,48.0,525.6,21335,-0.0005395753927587066,-0.10305130911395882,2.241
2026-07-29T07:43:22.754755+00:00,1,BOTH,687.0,47.0,525.5,22317,-0.0005426803095178912,-0.10364430453409454,2.226
2026-07-29T07:43:22.856635+00:00,1,BOTH,688.0,48.0,525.6,21263,-0.0005414757032121998,-0.103414241676458,2.235
2026-07-29T07:43:22.907394+00:00,1,BOTH,687.5,47.5,525.6,21836,-0.0005387988145957933,-0.10290299360996899,2.232
2026-07-29T07:43:22.924433+00:00,1,BOTH,687.5,47.5,525.6,21557,-0.0005388329373818124,-0.10290951058204939,2.23
2026-07-29T07:43:23.026001+00:00,1,BOTH,687.0,47.0,525.4,21882,-0.0005365130474092439,-0.10246644423417307,2.219
2026-07-29T07:43:23.076793+00:00,1,BOTH,687.5,47.5,525.5,21755,0.007033289156388491,1.343259282520626,2.222
2026-07-29T07:43:23.093762+00:00,1,BOTH,687.5,47.5,525.5,21737,0.007614290966594126,1.454222454568105,2.224
2026-07-29T07:43:23.178407+00:00,1,BOTH,688.0,48.0,525.6,21014,0.004686492497494327,0.895054136087165,2.234
2026-07-29T07:43:23.245962+00:00,1,BOTH,687.5,47.5,525.6,21699,-0.0167945615905046,-3.207524993028109,2.231
2026-07-29T07:43:23.279956+00:00,1,BOTH,686.5,46.5,525.3,22542,0.010432138496689732,1.9923916905209098,2.211
2026-07-29T07:43:23.364495+00:00,1,BOTH,687.0,47.0,525.3,22131,-0.010783521591583849,-2.0595009182865023,2.208
2026-07-29T07:43:23.415206+00:00,1,BOTH,688.0,48.0,525.4,21564,-0.01096738144486153,-2.094615563668855,2.225
2026-07-29T07:43:23.465929+00:00,1,BOTH,688.0,48.0,525.5,21159,-0.009015875715413131,-1.7219054236922136,2.235
2026-07-29T07:43:23.483083+00:00,1,BOTH,687.5,47.5,525.5,21572,0.011939082302051247,2.2801967572229054,2.231
2026-07-29T07:43:23.584613+00:00,1,BOTH,687.5,47.5,525.5,21644,0.017802015198685694,3.3999344590414533,2.23
2026-07-29T07:43:23.618488+00:00,1,BOTH,687.5,47.5,525.5,21764,-0.03757826505636331,-7.176919963845195,2.228
2026-07-29T07:43:23.686185+00:00,1,BOTH,687.0,47.0,525.4,22002,-0.002187062359298579,-0.4176981423991101,2.218
2026-07-29T07:43:23.720545+00:00,1,BOTH,686.5,46.5,525.2,22544,0.0008802198572811904,0.16810960955273294,2.203
2026-07-29T07:43:23.770771+00:00,1,BOTH,687.5,47.5,525.3,21829,0.002440906633819395,0.46617882767778673,2.212
2026-07-29T07:43:23.838567+00:00,1,BOTH,687.5,47.5,525.3,21722,0.002439442972645338,0.4658992889847513,2.218
2026-07-29T07:43:23.889298+00:00,1,BOTH,687.0,47.0,525.3,22280,0.002439442972645338,0.4658992889847513,2.212
2026-07-29T07:43:23.906230+00:00,1,BOTH,687.5,47.5,525.3,21581,0.002439442972645338,0.4658992889847513,2.218
2026-07-29T07:43:23.990991+00:00,1,BOTH,687.5,47.5,525.3,21727,0.002439442972645338,0.4658992889847513,2.221
2026-07-29T07:43:24.058364+00:00,1,BOTH,687.5,47.5,525.4,21544,0.002439442972645338,0.4658992889847513,2.223
2026-07-29T07:43:24.126023+00:00,1,BOTH,686.5,46.5,525.2,22703,0.002439442972645338,0.4658992889847513,2.206
2026-07-29T07:43:24.142722+00:00,1,BOTH,686.5,46.5,525.1,22687,-0.0008444083265203517,-0.161270110984403,2.195
2026-07-29T07:43:24.227351+00:00,1,BOTH,687.5,47.5,525.1,21683,-0.0008370445868058596,-0.15986374029415876,2.208
2026-07-29T07:43:24.278024+00:00,1,BOTH,687.5,47.5,525.2,22085,-0.0008292425144463777,-0.15837365423531216,2.215
2026-07-29T07:43:24.313127+00:00,1,BOTH,687.0,47.0,525.2,22136,0.008209597695386038,1.567917664819824,2.21
2026-07-29T07:43:24.379432+00:00,1,BOTH,687.0,47.0,525.1,22210,-0.004406476450676564,-0.8415750104918466,2.208
2026-07-29T07:43:24.430121+00:00,1,BOTH,687.5,47.5,525.2,21842,-0.004372129296971252,-0.8350151873398416,2.215
2026-07-29T07:43:24.480757+00:00,1,BOTH,688.0,48.0,525.4,21114,0.001603893933352083,0.30632117722570434,2.229
2026-07-29T07:43:24.531465+00:00,1,BOTH,688.0,48.0,525.5,20953,0.008141487324028276,1.554909542086929,2.237
2026-07-29T07:43:24.582046+00:00,1,BOTH,687.0,47.0,525.4,22448,0.007666437556035816,1.4641817195381395,2.224
2026-07-29T07:43:24.632796+00:00,1,BOTH,687.5,47.5,525.4,21499,0.0011244730791077017,0.21475853869650552,2.225
2026-07-29T07:43:24.683509+00:00,1,BOTH,688.0,48.0,525.5,21440,-0.00520265638071578,-0.9936341762394073,2.235
2026-07-29T07:43:24.734149+00:00,1,BOTH,687.75,47.75,525.6,21709,0.006897220364480745,1.3172720575214336,2.236
2026-07-29T07:43:24.784826+00:00,1,BOTH,686.5,46.5,525.4,22438,-0.014506034407386324,-2.7704484967159755,2.214
2026-07-29T07:43:24.835438+00:00,1,BOTH,686.5,46.5,525.2,22393,0.0015098813141230494,0.2883660895497241,2.2
2026-07-29T07:43:24.852359+00:00,1,BOTH,688.5,48.5,525.3,21173,0.0015892872971016913,0.30353151519227023,2.229
2026-07-29T07:43:24.920009+00:00,1,BOTH,687.5,47.5,525.3,21681,-0.0033604686125181613,-0.6418022289449141,2.228
2026-07-29T07:43:24.936792+00:00,1,BOTH,687.5,47.5,525.3,21462,-0.0024343394604511557,-0.4649245899533507,2.228
2026-07-29T07:43:25.038196+00:00,1,BOTH,687.5,47.5,525.4,21863,0.0059437174721824705,1.135166419247406,2.227
2026-07-29T07:43:25.122590+00:00,1,BOTH,687.0,47.0,525.3,21826,0.0059304963926115305,1.1326413790473344,2.218
2026-07-29T07:43:25.173155+00:00,1,BOTH,687.5,47.5,525.3,21538,-0.004645748241455294,-0.8872725563857082,2.221
2026-07-29T07:43:25.240716+00:00,1,BOTH,688.0,48.0,525.5,21545,-0.007298951408884023,-1.3939970353337352,2.233
2026-07-29T07:43:25.341804+00:00,1,BOTH,688.0,48.0,525.6,21349,0.013136474147904665,2.5088817545255053,2.24
2026-07-29T07:43:25.375659+00:00,1,BOTH,687.5,47.5,525.6,21377,-0.001333197738567833,-0.2546220122544084,2.234
2026-07-29T07:43:25.442913+00:00,1,BOTH,688.0,48.0,525.6,20949,-0.0013290135326678866,-0.2538228877921395,2.241
2026-07-29T07:43:25.493574+00:00,1,BOTH,687.0,47.0,525.5,22348,-0.001334297040302772,-0.2548319634204865,2.226
2026-07-29T07:43:25.527359+00:00,1,BOTH,687.5,47.5,525.5,22133,-0.001346164560818579,-0.2570984928832887,2.226
2026-07-29T07:43:25.611703+00:00,1,BOTH,687.5,47.5,525.5,21529,0.01264356057276018,2.4147421961238935,2.226
2026-07-29T07:43:25.678999+00:00,1,BOTH,687.5,47.5,525.5,21638,-0.01645418333413545,-3.142517534601528,2.226
2026-07-29T07:43:25.746542+00:00,1,BOTH,688.0,48.0,525.6,21479,0.008396909711882472,1.6036916248109259,2.236
2026-07-29T07:43:25.780226+00:00,1,BOTH,686.5,46.5,525.4,22633,-0.008252225760370492,-1.5760590255278863,2.213
2026-07-29T07:43:25.847837+00:00,1,BOTH,687.5,47.5,525.4,21615,-0.008252225760370492,-1.5760590255278863,2.219
2026-07-29T07:43:25.898294+00:00,1,BOTH,688.0,48.0,525.5,21538,-0.008252225760370492,-1.5760590255278863,2.231
2026-07-29T07:43:25.915263+00:00,1,BOTH,688.0,48.0,525.6,21020,-0.008252225760370492,-1.5760590255278863,2.239
2026-07-29T07:43:25.982807+00:00,1,BOTH,688.0,48.0,525.7,21270,-0.008252225760370492,-1.5760590255278863,2.243
2026-07-29T07:43:25.999543+00:00,1,BOTH,687.0,47.0,525.6,21983,-0.01049340839846991,-2.0040933797981944,2.227
2026-07-29T07:43:26.067078+00:00,1,BOTH,687.5,47.5,525.5,21539,-0.0015748182959214319,-0.3007681395209413,2.227
2026-07-29T07:43:26.117447+00:00,1,BOTH,688.0,48.0,525.6,21506,0.0003285188472364098,0.06274247812383103,2.236
2026-07-29T07:43:26.184808+00:00,1,BOTH,687.5,47.5,525.6,21602,0.016737063976761418,3.19654375769625,2.232
2026-07-29T07:43:26.252329+00:00,1,BOTH,687.0,47.0,525.5,22379,0.0073282075952738526,1.3995845553496862,2.221
2026-07-29T07:43:26.321780+00:00,1,BOTH,687.0,47.0,525.4,22133,-0.0036629874202299107,-0.699579065295624,2.214
2026-07-29T07:43:26.403949+00:00,1,BOTH,687.0,47.0,525.3,22124,-0.014012051012250594,-2.6761046177465735,2.209
2026-07-29T07:43:26.454397+00:00,1,BOTH,687.5,47.5,525.3,21693,-0.0240608006156981,-4.595274423284246,2.216
2026-07-29T07:43:26.555477+00:00,1,BOTH,687.5,47.5,525.4,21659,0.031018518118653447,5.924100583163057,2.22
2026-07-29T07:43:26.589097+00:00,1,BOTH,687.5,47.5,525.4,21835,-0.05073040566727286,-9.688793792404294,2.223
2026-07-29T07:43:26.690149+00:00,1,BOTH,687.0,47.0,525.3,22054,0.02623631553258747,5.010767166635962,2.215
2026-07-29T07:43:26.707031+00:00,1,BOTH,687.5,47.5,525.4,21695,-0.001719374604654149,-0.32837636082885735,2.22
2026-07-29T07:43:26.824977+00:00,1,BOTH,687.0,47.0,525.3,22180,0.014591143099532928,2.7867030595822375,2.213
2026-07-29T07:43:26.909135+00:00,1,BOTH,687.5,47.5,525.3,21744,-0.0032025518321461277,-0.6116423455128746,2.218
2026-07-29T07:43:26.959667+00:00,1,BOTH,688.0,48.0,525.5,21348,0.007671727528504562,1.4651920298588044,2.231
2026-07-29T07:43:27.010270+00:00,1,BOTH,687.5,47.5,525.5,21523,-0.0028574517331435346,-0.5457330815715563,2.229
2026-07-29T07:43:27.026951+00:00,1,BOTH,687.0,47.0,525.4,22087,-0.0007390420493902639,-0.1411466343758702,2.219
2026-07-29T07:43:27.127993+00:00,1,BOTH,687.5,47.5,525.4,21786,0.0003466282933368348,0.06620112756007769,2.222
2026-07-29T07:43:27.178284+00:00,1,BOTH,687.5,47.5,525.4,21655,-0.003820852458011359,-0.7297290666207915,2.224
2026-07-29T07:43:27.245734+00:00,1,BOTH,687.0,47.0,525.3,22313,0.024530438754009082,4.684968700696247,2.216
2026-07-29T07:43:27.312773+00:00,1,BOTH,687.0,47.0,525.3,21991,0.0007893528399290517,0.15075528758200102,2.211
2026-07-29T07:43:27.380226+00:00,1,BOTH,687.5,47.5,525.3,21911,-0.004509961610892788,-0.8613392202339291,2.217
2026-07-29T07:43:27.430644+00:00,1,BOTH,687.5,47.5,525.4,21932,0.019611389891797445,3.7454995706183927,2.221
2026-07-29T07:43:27.498022+00:00,1,BOTH,687.5,47.5,525.4,21481,-0.0001647119000699604,-0.031457655698631,2.223
2026-07-29T07:43:27.565257+00:00,1,BOTH,688.0,48.0,525.5,21453,0.0016050034464569762,0.3065330786197871,2.234
2026-07-29T07:43:27.615740+00:00,1,BOTH,688.0,48.0,525.6,21468,-0.009360443124023732,-1.7877129512627041,2.24
2026-07-29T07:43:27.666178+00:00,1,BOTH,686.5,46.5,525.4,22521,-0.0036917451068438824,-0.7050713788674254,2.216
2026-07-29T07:43:27.716654+00:00,1,BOTH,687.0,47.0,525.3,22147,-0.0016978647760697641,-0.32426828617574033,2.211
2026-07-29T07:43:27.784042+00:00,1,BOTH,687.0,47.0,525.2,22150,-0.0016983950561552774,-0.32436956221193947,2.208
2026-07-29T07:43:27.834415+00:00,1,BOTH,687.5,47.5,525.3,21890,0.0007722595558152534,0.14749071078953885,2.215
2026-07-29T07:43:27.884825+00:00,1,BOTH,687.5,47.5,525.3,21675,0.005078762343619019,0.9699721581311351,2.22
2026-07-29T07:43:27.935394+00:00,1,BOTH,687.5,47.5,525.4,21672,0.001383227859332692,0.26417706148226255,2.223
2026-07-29T07:43:28.002670+00:00,1,BOTH,687.5,47.5,525.4,21897,0.001383227859332692,0.26417706148226255,2.224
2026-07-29T07:43:28.086901+00:00,1,BOTH,687.0,47.0,525.3,22228,0.018668476952152558,3.5654164643186403,2.216
2026-07-29T07:43:28.154012+00:00,1,BOTH,688.0,48.0,525.5,21047,-0.0011413236187081566,-0.21797675470191927,2.229
2026-07-29T07:43:28.221126+00:00,1,BOTH,688.0,48.0,525.6,21439,-0.009533250536769629,-1.820716735992421,2.238
2026-07-29T07:43:28.288110+00:00,1,RIGHT,263.44,-376.56,525.6,8668,-0.00031479442230192945,-0.060121306040531584,-1.762
2026-07-29T07:43:28.321808+00:00,1,BOTH,687.0,47.0,525.5,22535,-0.004409623483152245,-0.8421760494213372,-0.176
2026-07-29T07:43:28.439562+00:00,1,BOTH,688.0,48.0,525.6,21361,-0.005381129314209829,-1.0277199957278342,0.794
2026-07-29T07:43:28.490019+00:00,1,BOTH,688.0,48.0,525.6,21173,0.0008710310581955127,0.16635467819805624,1.377
2026-07-29T07:43:28.573909+00:00,1,BOTH,687.5,47.5,525.6,21792,-0.026802878309972585,-5.118972686547219,1.717
2026-07-29T07:43:28.624314+00:00,1,BOTH,687.0,47.0,525.5,22294,0.0015805198368616402,0.30185705362959125,1.911
2026-07-29T07:43:28.674722+00:00,1,BOTH,687.5,47.5,525.5,21693,0.001743669852730818,0.33301641141891225,2.037
2026-07-29T07:43:28.758879+00:00,1,BOTH,688.5,48.5,525.7,21013,0.006164878211275209,1.1774050090607657,2.132
2026-07-29T07:43:28.826068+00:00,1,BOTH,687.5,47.5,525.7,21789,-0.0184900240553543,-3.5313344715572272,2.17
2026-07-29T07:43:28.893116+00:00,1,BOTH,688.0,48.0,525.7,21658,0.012139743623556569,2.318520246668814,2.202
2026-07-29T07:43:28.943744+00:00,1,BOTH,688.0,48.0,525.8,21188,-0.008231585753383114,-1.5721170745628952,2.221
2026-07-29T07:43:29.010808+00:00,1,BOTH,687.5,47.5,525.7,21838,8.740272809518501e-05,0.016692691459278687,2.223
2026-07-29T07:43:29.078071+00:00,1,BOTH,688.5,48.5,525.9,20874,-0.0006915035261772574,-0.13206744522790365,2.243
2026-07-29T07:43:29.128436+00:00,1,BOTH,687.5,47.5,525.8,21673,-0.0006915035261772574,-0.13206744522790365,2.237
2026-07-29T07:43:29.145093+00:00,1,BOTH,688.0,48.0,525.8,21419,-0.00893441956024617,-1.7063484440041148,2.242
2026-07-29T07:43:29.212628+00:00,1,BOTH,688.0,48.0,525.9,21494,0.008571771350470953,1.637087737777132,2.245
2026-07-29T07:43:29.229122+00:00,1,BOTH,686.5,46.5,525.6,22866,-0.0076816842501284555,-1.4670936236149237,2.219
2026-07-29T07:43:29.279634+00:00,1,BOTH,688.5,48.5,525.8,20971,0.02454251892399043,4.687275843215353,2.241
2026-07-29T07:43:29.363325+00:00,1,BOTH,687.5,47.5,525.7,21960,-0.019205631776130758,-3.668005478848785,2.235
2026-07-29T07:43:29.430554+00:00,1,BOTH,687.5,47.5,525.7,21854,0.002181930898223072,0.4167181055245694,2.232
2026-07-29T07:43:29.481150+00:00,1,BOTH,687.5,47.5,525.6,21568,0.024114279018249363,4.605488045821875,2.23
2026-07-29T07:43:29.548175+00:00,1,BOTH,687.5,47.5,525.6,21624,0.02923988038324751,5.584405798091502,2.228
2026-07-29T07:43:29.599093+00:00,1,BOTH,687.5,47.5,525.6,21886,0.0027616168628446756,0.5274299695771955,2.228
2026-07-29T07:43:29.682407+00:00,1,BOTH,687.5,47.5,525.6,21805,-0.015686031612567604,-2.995811362363042,2.227
2026-07-29T07:43:29.783403+00:00,1,BOTH,687.5,47.5,525.6,21849,0.0030753763286338652,0.5873536134838618,2.227
2026-07-29T07:43:29.833325+00:00,1,BOTH,688.5,48.5,525.7,21094,0.02283734382712282,4.361611388610936,2.246
2026-07-29T07:43:29.883823+00:00,1,BOTH,687.5,47.5,525.7,21889,-0.004278929749270901,-0.8172153848873139,2.238
2026-07-29T07:43:29.950950+00:00,1,BOTH,687.0,47.0,525.6,22591,0.011154943161236587,2.1304372128239235,2.224
2026-07-29T07:43:30.001371+00:00,1,BOTH,688.0,48.0,525.6,21333,0.00040397266886429864,0.07715309654853424,2.234
2026-07-29T07:43:30.068596+00:00,1,BOTH,687.0,47.0,525.5,22270,0.007569428229471669,1.4456543029196995,2.222
2026-07-29T07:43:30.152239+00:00,1,BOTH,687.5,47.5,525.5,21573,0.006839786294149235,1.3063029580872567,2.224
2026-07-29T07:43:30.202581+00:00,1,BOTH,688.0,48.0,525.6,21079,-0.00472342792985728,-0.9021082840501253,2.234
2026-07-29T07:43:30.269714+00:00,1,BOTH,688.5,48.5,525.8,21095,-0.002468281089677475,-0.471406963634904,2.25
2026-07-29T07:43:30.320034+00:00,1,BOTH,688.0,48.0,525.8,21581,0.0005638106509286444,0.10767990247578345,2.25
2026-07-29T07:43:30.387056+00:00,1,BOTH,687.0,47.0,525.7,22222,0.024874718607752585,4.750721309332527,2.231
2026-07-29T07:43:30.437279+00:00,1,BOTH,687.5,47.5,525.6,21461,-0.012271110698129632,-2.343609509802204,2.229
2026-07-29T07:43:30.504625+00:00,1,BOTH,688.5,48.5,525.6,21607,0.0017549904008046723,0.33517847684026825,2.247
2026-07-29T07:43:30.554902+00:00,1,BOTH,687.5,47.5,525.6,21852,-0.003298651201184839,-0.6299959730455023,2.239
2026-07-29T07:43:30.571530+00:00,1,BOTH,687.0,47.0,525.5,21978,0.00038029309405828826,0.07263063089170521,2.225
2026-07-29T07:43:30.672173+00:00,1,BOTH,688.5,48.5,525.7,20852,9.526361274765805e-05,0.018194009838698247,2.244
2026-07-29T07:43:30.739363+00:00,1,BOTH,687.5,47.5,525.6,22006,0.011513040806748904,2.1988288252953487,2.237
2026-07-29T07:43:30.823231+00:00,1,BOTH,687.0,47.0,525.5,22438,0.005683353278727737,1.0854405211764595,2.224
2026-07-29T07:43:30.890306+00:00,1,BOTH,688.0,48.0,525.6,21456,0.007389784170300118,1.411344814902605,2.234
2026-07-29T07:43:30.957460+00:00,1,BOTH,687.5,47.5,525.6,21564,-0.006945959157164907,-1.326580481252652,2.231
2026-07-29T07:43:31.007845+00:00,1,BOTH,687.5,47.5,525.6,22065,-0.007827724931121337,-1.4949853391419523,2.229
2026-07-29T07:43:31.041251+00:00,1,BOTH,687.5,47.5,525.6,21774,0.0009847027069190518,0.18806436393856438,2.228
2026-07-29T07:43:31.057950+00:00,1,BOTH,687.0,47.0,525.4,22263,0.0025465842525227347,0.4863617661467672,2.218
2026-07-29T07:43:31.125035+00:00,1,BOTH,687.0,47.0,525.4,22256,0.00258663210878467,0.494010343287952,2.212
2026-07-29T07:43:31.192225+00:00,1,BOTH,686.5,46.5,525.2,22643,-0.002471403135568835,-0.4720032304783075,2.199
2026-07-29T07:43:31.242469+00:00,1,BOTH,687.5,47.5,525.2,21934,0.012970067397109233,2.47710040618196,2.21
2026-07-29T07:43:31.292728+00:00,1,BOTH,688.0,48.0,525.4,21607,0.020184893128462136,3.8550306206116565,2.226
2026-07-29T07:43:31.376511+00:00,1,BOTH,688.0,48.0,525.5,21409,-0.00021788925485452637,-0.041613782348049154,2.236
2026-07-29T07:43:31.409903+00:00,1,BOTH,687.5,47.5,525.5,21806,-0.002021271227276884,-0.38603436858064555,2.232
2026-07-29T07:43:31.477083+00:00,1,BOTH,688.0,48.0,525.6,21434,-0.002021271227276884,-0.38603436858064555,2.239
2026-07-29T07:43:31.560927+00:00,1,BOTH,687.0,47.0,525.5,22277,-0.002021271227276884,-0.38603436858064555,2.225
2026-07-29T07:43:31.627892+00:00,1,BOTH,688.0,48.0,525.6,21616,-0.002021271227276884,-0.38603436858064555,2.235
2026-07-29T07:43:31.695132+00:00,1,BOTH,688.0,48.0,525.7,21311,-0.002021271227276884,-0.38603436858064555,2.241
2026-07-29T07:43:31.711699+00:00,1,BOTH,687.5,47.5,525.6,21756,-0.001788128283515107,-0.3415073462446264,2.235
2026-07-29T07:43:31.795573+00:00,1,BOTH,687.0,47.0,525.5,22297,-0.005800403843750246,-1.1077955323944977,2.222
2026-07-29T07:43:31.845900+00:00,1,BOTH,688.0,48.0,525.6,21634,0.012352627965592547,2.3591781610790843,2.233
2026-07-29T07:43:31.896846+00:00,1,BOTH,687.5,47.5,525.6,21689,-0.015455979772377759,-2.9518746973227215,2.231
2026-07-29T07:43:31.980038+00:00,1,BOTH,687.5,47.5,525.6,21563,0.024916783291846514,4.758755072216305,2.229
2026-07-29T07:43:32.046903+00:00,1,BOTH,687.5,47.5,525.6,21654,-0.015032700845040381,-2.8710343770118665,2.228
2026-07-29T07:43:32.097240+00:00,1,BOTH,688.0,48.0,525.6,21543,-0.019015821053180844,-3.6317543010775952,2.237
2026-07-29T07:43:32.231263+00:00,1,BOTH,687.0,47.0,525.5,22144,-0.01405501582310535,-2.684310292178425,2.223
2026-07-29T07:43:32.314968+00:00,1,BOTH,687.5,47.5,525.5,22121,-0.019424504439812154,-3.7098070784478865,2.225
2026-07-29T07:43:32.382002+00:00,1,BOTH,687.0,47.0,525.4,22235,-0.009774131454178133,-1.86672160243491,2.216
2026-07-29T07:43:32.448905+00:00,1,BOTH,688.0,48.0,525.5,21546,-0.003158822264522314,-0.6032906132969531,2.23
2026-07-29T07:43:32.532837+00:00,1,BOTH,686.5,46.5,525.3,22538,0.013393428898707498,2.557956497014966,2.21
2026-07-29T07:43:32.599702+00:00,1,BOTH,688.0,48.0,525.5,21442,-0.0029779321685782633,-0.5687431497859176,2.226
2026-07-29T07:43:32.683363+00:00,1,BOTH,687.5,47.5,525.5,21769,-0.002459754452574998,-0.46977849590353205,2.226
2026-07-29T07:43:32.767281+00:00,1,BOTH,687.0,47.0,525.4,22239,-0.006936369563918561,-1.3247490038517762,2.217
2026-07-29T07:43:32.800694+00:00,1,BOTH,687.5,47.5,525.4,21646,0.010705571940634399,2.0446136315734313,2.221
2026-07-29T07:43:32.867866+00:00,1,BOTH,687.5,47.5,525.4,21953,-0.017401241480838506,-3.323392317133417,2.223
2026-07-29T07:43:32.902337+00:00,1,BOTH,687.5,47.5,525.4,21652,-0.017401241480838506,-3.323392317133417,2.224
2026-07-29T07:43:32.918034+00:00,1,BOTH,688.0,48.0,525.5,21596,-0.03035752216586843,-5.79785965526369,2.235
2026-07-29T07:43:33.001860+00:00,1,BOTH,687.5,47.5,525.5,21595,-0.025232483194558883,-4.819049312276669,2.231
2026-07-29T07:43:33.051823+00:00,1,BOTH,687.0,47.0,525.4,22362,-0.0019069576691254043,-0.3642020871699685,2.22
2026-07-29T07:43:33.102138+00:00,1,BOTH,687.5,47.5,525.4,21857,0.020379574700491503,3.892212062032506,2.223
2026-07-29T07:43:33.135636+00:00,1,BOTH,687.5,47.5,525.5,21711,0.020379574700491503,3.892212062032506,2.224
2026-07-29T07:43:33.169799+00:00,1,BOTH,687.0,47.0,525.4,22694,0.020379574700491503,3.892212062032506,2.216
2026-07-29T07:43:33.219410+00:00,1,BOTH,688.5,48.5,525.6,20899,0.020379574700491503,3.892212062032506,2.239
2026-07-29T07:43:33.236086+00:00,1,BOTH,687.5,47.5,525.6,21697,0.020379574700491503,3.892212062032506,2.234
2026-07-29T07:43:33.319826+00:00,1,BOTH,687.5,47.5,525.6,21702,0.020379574700491503,3.892212062032506,2.231
2026-07-29T07:43:33.336571+00:00,1,BOTH,687.5,47.5,525.5,21695,-0.003986890667292755,-0.7614400287199045,2.229
2026-07-29T07:43:33.403592+00:00,1,BOTH,687.5,47.5,525.5,21690,0.019262328322511166,3.678833721584002,2.228
2026-07-29T07:43:33.487274+00:00,1,BOTH,687.5,47.5,525.5,21656,0.0006630540077458136,0.12663398744356572,2.228
2026-07-29T07:43:33.554274+00:00,1,BOTH,688.5,48.5,525.7,21058,-0.010233303298591637,-1.9544169649553482,2.246
2026-07-29T07:43:33.604454+00:00,1,BOTH,687.0,47.0,525.6,22170,0.016786836552637397,3.206049619473544,2.229
2026-07-29T07:43:33.654673+00:00,1,BOTH,687.5,47.5,525.6,21950,-0.004991938316088636,-0.9533899903384063,2.228
2026-07-29T07:43:33.704947+00:00,1,BOTH,687.5,47.5,525.6,21850,-0.005535358573542908,-1.0571756145185478,2.227
2026-07-29T07:43:33.771849+00:00,1,BOTH,688.0,48.0,525.6,21539,-0.008283676077553537,-1.5820655936576735,2.236
2026-07-29T07:43:33.788561+00:00,1,BOTH,688.0,48.0,525.7,21436,0.011812174441292882,2.255959141194611,2.242
2026-07-29T07:43:33.855497+00:00,1,BOTH,688.0,48.0,525.8,21111,-0.008136613488895819,-1.5539787081431544,2.245
2026-07-29T07:43:33.939415+00:00,1,BOTH,688.0,48.0,525.8,21384,-0.005355851217464078,-1.0228922348689844,2.247
2026-07-29T07:43:34.006174+00:00,1,BOTH,687.0,47.0,525.7,22020,-0.0022846328772720883,-0.43633273868173483,2.229
2026-07-29T07:43:34.073322+00:00,1,BOTH,688.0,48.0,525.7,21159,0.00439124915166758,0.8386668106031849,2.238
2026-07-29T07:43:34.140014+00:00,1,BOTH,687.5,47.5,525.7,21641,-0.020723850396461786,-3.9579638765925944,2.233
2026-07-29T07:43:34.190670+00:00,1,BOTH,688.0,48.0,525.7,21660,0.005926942022197182,1.1319625443021069,2.24
2026-07-29T07:43:34.273762+00:00,1,BOTH,687.0,47.0,525.6,22130,-0.011140113408328035,-2.12760493864765,2.225
2026-07-29T07:43:34.341039+00:00,1,BOTH,687.0,47.0,525.5,21857,-0.0024486834809795254,-0.4676640960784327,2.216
2026-07-29T07:43:34.391114+00:00,1,BOTH,688.0,48.0,525.6,21473,-0.008693466388212983,-1.6603297779448107,2.23
2026-07-29T07:43:34.457904+00:00,1,BOTH,688.0,48.0,525.7,21340,-0.006058071365696378,-1.1570064041448573,2.238
2026-07-29T07:43:34.524858+00:00,1,BOTH,687.0,47.0,525.5,22215,-0.011707810282241554,-2.236027055041034,2.224
2026-07-29T07:43:34.608687+00:00,1,BOTH,687.0,47.0,525.4,21986,0.003555143532285001,0.6789823998772069,2.216
2026-07-29T07:43:34.675488+00:00,1,BOTH,687.5,47.5,525.4,21706,-0.007617217547876862,-1.4547813904211142,2.22
2026-07-29T07:43:34.759256+00:00,1,BOTH,687.0,47.0,525.4,22193,-0.005720621304899396,-1.092558189877857,2.213
2026-07-29T07:43:34.809449+00:00,1,BOTH,687.0,47.0,525.3,22069,0.00851333098311443,1.6259264497680557,2.209
2026-07-29T07:43:34.876343+00:00,1,BOTH,688.0,48.0,525.4,21095,-0.020336011971521656,-3.883892193652358,2.226
2026-07-29T07:43:34.943252+00:00,1,BOTH,688.0,48.0,525.5,21354,0.001895752672571689,0.3620620904633468,2.235
2026-07-29T07:43:34.993402+00:00,1,BOTH,687.5,47.5,525.5,21728,0.00400729210829013,0.7653364169370204,2.232
2026-07-29T07:43:35.077156+00:00,1,BOTH,687.0,47.0,525.4,22429,0.006132018399075605,1.1711292472119998,2.22
2026-07-29T07:43:35.127419+00:00,1,BOTH,687.0,47.0,525.3,22230,-0.01370662836387055,-2.617773188680291,2.213
2026-07-29T07:43:35.194284+00:00,1,BOTH,687.5,47.5,525.4,21540,-0.008065401966450735,-1.540378309180473,2.219
2026-07-29T07:43:35.244391+00:00,1,BOTH,686.5,46.5,525.2,22442,0.0022253055876353756,0.4250020609946219,2.203
2026-07-29T07:43:35.294575+00:00,1,BOTH,687.5,47.5,525.3,21524,0.027373038038494998,5.2278651735227495,2.212
2026-07-29T07:43:35.361398+00:00,1,BOTH,686.5,46.5,525.1,22532,0.008097882198198932,1.546581576503068,2.199
2026-07-29T07:43:35.378252+00:00,1,BOTH,687.5,47.5,525.2,21986,0.008886812149576144,1.6972560983209863,2.21
2026-07-29T07:43:35.428348+00:00,1,BOTH,688.0,48.0,525.3,21393,-0.0012342640667338855,-0.23572707276168342,2.226
2026-07-29T07:43:35.461777+00:00,1,BOTH,687.5,47.5,525.4,21850,-0.005313080173218623,-1.0147235671335448,2.226
2026-07-29T07:43:35.562136+00:00,1,BOTH,687.5,47.5,525.4,21572,0.00878025556798093,1.6769052903051627,2.226
2026-07-29T07:43:35.612319+00:00,1,BOTH,688.0,48.0,525.5,21091,-0.0031947322934865953,-0.6101489236364392,2.236
2026-07-29T07:43:35.662458+00:00,1,BOTH,687.5,47.5,525.5,21577,-0.0021735083882231266,-0.41510952460489065,2.232
2026-07-29T07:43:35.712639+00:00,1,BOTH,687.5,47.5,525.5,21521,0.006923266783123836,1.3222465570537,2.23
2026-07-29T07:43:35.762977+00:00,1,BOTH,687.0,47.0,525.4,22123,-0.003649138573091477,-0.6969341303217771,2.219
2026-07-29T07:43:35.829667+00:00,1,BOTH,687.0,47.0,525.3,22323,0.003365360457682982,0.6427365025514998,2.213
2026-07-29T07:43:35.879888+00:00,1,BOTH,688.0,48.0,525.5,21278,0.012524346797727048,2.391974042226492,2.228
2026-07-29T07:43:35.946989+00:00,1,BOTH,687.5,47.5,525.5,21699,-0.003390549987088889,-0.6475473482944303,2.227
2026-07-29T07:43:35.997142+00:00,1,BOTH,687.5,47.5,525.5,21539,0.003182593446690589,0.6078305746712157,2.227
2026-07-29T07:43:36.063889+00:00,1,BOTH,687.5,47.5,525.5,21869,-0.06006131110712886,-11.470865461535658,2.227
2026-07-29T07:43:36.131062+00:00,1,BOTH,687.5,47.5,525.5,21580,0.002517514186911285,0.48080979258108564,2.227
2026-07-29T07:43:36.180796+00:00,1,BOTH,687.0,47.0,525.4,22226,0.002716347365931142,0.5187841325311089,2.217
2026-07-29T07:43:36.247902+00:00,1,BOTH,687.0,47.0,525.3,22181,-0.02013340703560971,-3.845197501198114,2.212
2026-07-29T07:43:36.281274+00:00,1,BOTH,687.5,47.5,525.3,21642,0.0029820504353847356,0.5695296808089833,2.218
2026-07-29T07:43:36.348155+00:00,1,BOTH,688.0,48.0,525.5,21383,0.006369686246034689,1.2165204624010553,2.231
2026-07-29T07:43:36.398293+00:00,1,BOTH,687.0,47.0,525.4,22288,0.037904390133626294,7.23920526558035,2.22
2026-07-29T07:43:36.448418+00:00,1,BOTH,688.0,48.0,525.5,21515,-0.012057319355080835,-2.302778370958438,2.232
2026-07-29T07:43:36.515419+00:00,1,BOTH,687.5,47.5,525.5,21830,-0.012057319355080835,-2.302778370958438,2.23
2026-07-29T07:43:36.599212+00:00,1,BOTH,687.0,47.0,525.4,22250,-0.012057319355080835,-2.302778370958438,2.219
2026-07-29T07:43:36.649186+00:00,1,BOTH,688.0,48.0,525.5,21214,-0.012057319355080835,-2.302778370958438,2.231
2026-07-29T07:43:36.699359+00:00,1,BOTH,688.0,48.0,525.6,21396,0.014471323003526777,2.763819106908888,2.239
2026-07-29T07:43:36.766049+00:00,1,BOTH,687.5,47.5,525.6,21663,-0.007593234798405319,-1.4502010226683175,2.234
2026-07-29T07:43:36.832980+00:00,1,BOTH,687.5,47.5,525.6,21901,0.0,0.0,2.231
2026-07-29T07:43:36.900292+00:00,1,RIGHT,263.42,-376.58,525.6,8695,0.027736646619741803,5.297309297190022,-1.769
2026-07-29T07:43:36.950117+00:00,1,BOTH,687.5,47.5,525.6,21868,0.0036267091499757953,0.6926504260503046,-0.171
2026-07-29T07:43:37.033840+00:00,1,BOTH,688.0,48.0,525.6,21023,-0.012974863334093242,-2.4780163626752754,0.798
2026-07-29T07:43:37.083779+00:00,1,BOTH,688.0,48.0,525.7,21442,0.0012079765321686864,0.23070652348038284,1.379
2026-07-29T07:43:37.117878+00:00,1,BOTH,687.5,47.5,525.7,21648,0.011118492772220634,2.1234757013165093,1.718
2026-07-29T07:43:37.184016+00:00,1,BOTH,688.0,48.0,525.7,21115,0.012896998724900187,2.4631453177412834,1.931
2026-07-29T07:43:37.250968+00:00,1,BOTH,686.0,46.0,525.4,23355,-0.01695118173607625,-3.2374372374547096,2.021
2026-07-29T07:43:37.317831+00:00,1,BOTH,686.0,46.0,525.1,22970,-0.03034453105297871,-5.7953785354644936,2.075
2026-07-29T07:43:37.367807+00:00,1,BOTH,686.5,46.5,525.0,22744,-0.012103741510072723,-2.3116443494815626,2.117
2026-07-29T07:43:37.434942+00:00,1,BOTH,687.5,47.5,525.1,22091,-0.023799665623810144,-4.545401313556369,2.161
2026-07-29T07:43:37.485019+00:00,1,BOTH,687.5,47.5,525.2,21674,0.015913267448195257,3.039210210148352,2.187
2026-07-29T07:43:37.551690+00:00,1,BOTH,688.5,48.5,525.4,21159,-0.001568804255221039,-0.2996195423544333,2.222
2026-07-29T07:43:37.601965+00:00,1,BOTH,689.0,49.0,525.8,20095,-0.007226412178424652,-1.380143062818906,2.252
2026-07-29T07:43:37.668771+00:00,1,BOTH,689.5,49.5,526.1,19876,0.008287388681201263,1.5827746487244057,2.279
2026-07-29T07:43:37.735686+00:00,1,BOTH,691.0,51.0,526.7,17071,-0.00744532173150219,-1.4219517077736994,2.324
2026-07-29T07:43:37.802639+00:00,1,BOTH,693.5,53.5,527.6,12874,0.028849763385951518,5.509898939886911,2.397
2026-07-29T07:43:37.852651+00:00,1,LEFT,689.64,49.64,527.6,12616,-0.01125187694793567,-2.1489502023908527,2.369
2026-07-29T07:43:37.936376+00:00,1,LEFT,689.64,49.64,527.6,12688,-0.0037972325063310563,-0.7252179881421773,2.352
2026-07-29T07:43:38.003054+00:00,1,LEFT,689.64,49.64,527.6,12532,-0.0006605763389961794,-0.1261607875689474,2.342
2026-07-29T07:43:38.103362+00:00,1,LEFT,689.64,49.64,527.6,12615,0.016104227427858858,3.07568087978378,2.336
2026-07-29T07:43:38.136747+00:00,1,BOTH,694.0,54.0,528.5,14784,0.004641173044219613,0.8863987580788935,2.414
2026-07-29T07:43:38.203447+00:00,1,BOTH,694.5,54.5,529.3,15768,0.002278529929826618,0.4351671615776828,2.47
2026-07-29T07:43:38.287039+00:00,1,BOTH,693.5,53.5,529.8,17018,0.0057055180869065225,1.0896736877176645,2.485
2026-07-29T07:43:38.337247+00:00,1,BOTH,692.5,52.5,529.9,17311,0.003626914800843224,0.6926897024728275,2.476
2026-07-29T07:43:38.420864+00:00,1,BOTH,691.0,51.0,529.7,18197,0.0035577008174732328,0.6794708053715303,2.442
2026-07-29T07:43:38.471022+00:00,1,BOTH,688.5,48.5,529.1,19858,-0.0017489873338490725,-0.33403197550463387,2.374
2026-07-29T07:43:38.521158+00:00,1,BOTH,690.5,50.5,529.0,18635,-0.0009606377477757633,-0.18346829529501374,2.371
2026-07-29T07:43:38.571309+00:00,1,BOTH,690.5,50.5,528.9,18772,-0.009126176062272862,-1.7429712382051858,2.37
2026-07-29T07:43:38.638054+00:00,1,BOTH,688.5,48.5,528.4,19930,0.007171922364505008,1.3697362749387432,2.331
2026-07-29T07:43:38.688157+00:00,1,BOTH,688.5,48.5,528.2,19656,-0.0008636290789581835,-0.16494100429691483,2.308
2026-07-29T07:43:38.755029+00:00,1,BOTH,688.0,48.0,527.8,20230,0.005946045303135179,1.135611002210773,2.285
2026-07-29T07:43:38.805109+00:00,1,BOTH,688.0,48.0,527.4,20664,-0.010733612407639157,-2.049968966289926,2.271
2026-07-29T07:43:38.855248+00:00,1,BOTH,687.0,47.0,526.9,21712,0.0012886457948479801,0.24611321777356862,2.244
2026-07-29T07:43:38.922321+00:00,1,BOTH,687.0,47.0,526.5,22079,-0.015499125407077373,-2.960114906565058,2.228
2026-07-29T07:43:38.988982+00:00,1,BOTH,686.5,46.5,526.1,22484,-0.006992784512694925,-1.3355234654062174,2.208
2026-07-29T07:43:39.055804+00:00,1,BOTH,686.0,46.0,525.7,22808,0.009596532214200124,1.8328026461166735,2.188
2026-07-29T07:43:39.122684+00:00,1,BOTH,686.0,46.0,525.4,22620,-0.005034861979074776,-0.9615878061062323,2.175
2026-07-29T07:43:39.206155+00:00,1,BOTH,686.5,46.5,525.2,22409,-0.015772657309116766,-3.012355651728535,2.177
2026-07-29T07:43:39.273117+00:00,1,BOTH,686.0,46.0,525.0,23256,0.01682291617617011,3.2129403199896958,2.169
2026-07-29T07:43:39.356516+00:00,1,BOTH,686.5,46.5,524.9,22552,0.08471527721732855,16.179426149445675,2.173
2026-07-29T07:43:39.423325+00:00,1,BOTH,686.0,46.0,524.7,23161,-0.003027462510508485,-0.5782027482873895,2.166
2026-07-29T07:43:39.473442+00:00,1,BOTH,686.5,46.5,524.7,22544,-0.003027462510508485,-0.5782027482873895,2.172
2026-07-29T07:43:39.523543+00:00,1,BOTH,686.0,46.0,524.5,22961,-0.003027462510508485,-0.5782027482873895,2.166
2026-07-29T07:43:39.590386+00:00,1,BOTH,686.5,46.5,524.5,22759,-0.003027462510508485,-0.5782027482873895,2.171
2026-07-29T07:43:39.640606+00:00,1,BOTH,686.5,46.5,524.5,22602,0.008011823688866571,1.5301456119166297,2.175
2026-07-29T07:43:39.707643+00:00,1,BOTH,686.5,46.5,524.5,22524,0.005588847174076364,1.0673911847273083,2.177
2026-07-29T07:43:39.774120+00:00,1,BOTH,686.0,46.0,524.4,23238,0.0021944979597537896,0.41911823747987376,2.168
2026-07-29T07:43:39.824066+00:00,1,BOTH,686.0,46.0,524.3,22835,-0.01154144378087949,-2.2042533937730213,2.164
2026-07-29T07:43:39.874325+00:00,1,BOTH,686.0,46.0,524.3,23163,-0.001979245834518224,-0.3780081097891426,2.161
2026-07-29T07:43:39.941106+00:00,1,BOTH,686.0,46.0,524.2,22697,-0.0019594530866015704,-0.3742279733871739,2.159
2026-07-29T07:43:40.007893+00:00,1,BOTH,686.0,46.0,524.2,23026,0.008719765524438117,1.6653525429799434,2.158
2026-07-29T07:43:40.024608+00:00,1,BOTH,686.5,46.5,524.2,22831,-0.0006248795994906686,-0.11934321251546848,2.167
2026-07-29T07:43:40.124899+00:00,1,BOTH,686.0,46.0,524.2,22941,-0.0006314158183522523,-0.1205915383646103,2.162
2026-07-29T07:43:40.174910+00:00,1,BOTH,686.0,46.0,524.1,22811,-0.0005989670404233039,-0.11439427827899028,2.16
2026-07-29T07:43:40.208411+00:00,1,BOTH,686.0,46.0,524.1,22834,-0.0015769909298978745,-0.3011830820451976,2.158
2026-07-29T07:43:40.275139+00:00,1,BOTH,686.0,46.0,524.1,23168,-0.0015769909298978745,-0.3011830820451976,2.158
2026-07-29T07:43:40.292166+00:00,1,BOTH,686.5,46.5,524.2,22627,-0.00607880414230749,-1.1609660728028715,2.166
2026-07-29T07:43:40.341978+00:00,1,BOTH,686.0,46.0,524.1,22957,-0.00607880414230749,-1.1609660728028715,2.162
2026-07-29T07:43:40.375351+00:00,1,BOTH,686.5,46.5,524.2,22193,0.0815291302651167,15.570916905211643,2.169
2026-07-29T07:43:40.458907+00:00,1,BOTH,686.0,46.0,524.2,23026,0.015940452554496005,3.0444021830038435,2.164
2026-07-29T07:43:40.508890+00:00,1,BOTH,686.0,46.0,524.1,23059,0.00981246888564783,1.8740435125035289,2.161
2026-07-29T07:43:40.575909+00:00,1,BOTH,685.5,45.5,524.0,23248,-0.02420539964965428,-4.622890804508773,2.15
2026-07-29T07:43:40.626032+00:00,1,BOTH,686.0,46.0,524.0,22900,0.008119852191302925,1.5507775361057026,2.152
2026-07-29T07:43:40.676086+00:00,1,BOTH,685.5,45.5,523.9,22938,0.005871850871481002,1.1214409095535858,2.145
2026-07-29T07:43:40.742846+00:00,1,BOTH,686.0,46.0,523.9,22830,0.005718718038406223,1.0921946927533652,2.149
2026-07-29T07:43:40.793022+00:00,1,BOTH,686.0,46.0,523.9,22974,0.0003175856242887676,0.06065438635257944,2.152
2026-07-29T07:43:40.843057+00:00,1,BOTH,686.5,46.5,524.1,22544,0.00032183216826524584,0.06146541651047579,2.163
2026-07-29T07:43:40.909875+00:00,1,BOTH,686.0,46.0,524.0,22845,0.000118910019955365,0.022710140950862705,2.16
2026-07-29T07:43:40.993427+00:00,1,BOTH,686.0,46.0,524.0,22793,0.003021341587300412,0.5770337380655686,2.159
2026-07-29T07:43:41.076933+00:00,1,BOTH,686.5,46.5,524.1,22545,-0.0011870360712055118,-0.2267071900328883,2.167
2026-07-29T07:43:41.126994+00:00,1,BOTH,685.5,45.5,524.0,23124,0.00104483804130723,0.1995493668053995,2.153
2026-07-29T07:43:41.193744+00:00,1,BOTH,686.0,46.0,524.0,22713,0.00923976518039126,1.7646651617611764,2.155
2026-07-29T07:43:41.243840+00:00,1,BOTH,685.5,45.5,523.9,22819,0.009338312344916631,1.7834862837954601,2.146
2026-07-29T07:43:41.260708+00:00,1,BOTH,686.0,46.0,523.9,22581,-0.009129053771612234,-1.7435208402045572,2.15
2026-07-29T07:43:41.360800+00:00,1,BOTH,686.0,46.0,523.9,22544,0.0011236567213200033,0.21460262584381298,2.153
2026-07-29T07:43:41.427422+00:00,1,BOTH,685.5,45.5,523.8,23157,0.001144344371277839,0.21855367594590627,2.145
2026-07-29T07:43:41.477495+00:00,1,BOTH,686.0,46.0,523.9,23091,0.0011380650592036545,0.21735441567891858,2.149
2026-07-29T07:43:41.527724+00:00,1,BOTH,686.5,46.5,524.0,22423,0.0011680177378002555,0.2230749559079088,2.161
2026-07-29T07:43:41.577774+00:00,1,BOTH,686.0,46.0,524.0,22813,0.0011733912432100623,0.22410121984515097,2.159
2026-07-29T07:43:41.594485+00:00,1,BOTH,686.5,46.5,524.1,22765,0.03355771061964333,6.409050628756351,2.167
2026-07-29T07:43:41.694671+00:00,1,BOTH,686.0,46.0,524.1,23144,-0.0040552148961069175,-0.7744889952183632,2.163
2026-07-29T07:43:41.744752+00:00,1,BOTH,686.0,46.0,524.1,22785,0.0070927757557365115,1.3546203861213835,2.16
2026-07-29T07:43:41.794908+00:00,1,BOTH,686.0,46.0,524.1,23027,-0.009639957497711293,-1.8410962643478368,2.159
2026-07-29T07:43:41.844959+00:00,1,BOTH,685.5,45.5,523.9,23026,0.0014324042742373422,0.27356906490099825,2.148
2026-07-29T07:43:41.911867+00:00,1,BOTH,686.0,46.0,524.0,22933,0.0014780733129009605,0.2822912088004819,2.151
2026-07-29T07:43:41.928483+00:00,1,BOTH,686.0,46.0,524.0,23111,-0.006962746295612305,-1.329786588529778,2.153
2026-07-29T07:43:42.045448+00:00,1,BOTH,686.5,46.5,524.1,22927,0.005187254073680378,0.9906925522797635,2.164
2026-07-29T07:43:42.095717+00:00,1,BOTH,686.0,46.0,524.1,23107,-0.001812361173942918,-0.34613548740101485,2.161
2026-07-29T07:43:42.162091+00:00,1,BOTH,686.0,46.0,524.0,22942,-0.001420277481083758,-0.2712530180119032,2.159
2026-07-29T07:43:42.195716+00:00,1,BOTH,686.0,46.0,524.0,22967,0.005684708558692364,1.0856993605832324,2.158
2026-07-29T07:43:42.212172+00:00,1,BOTH,686.0,46.0,524.0,22923,-0.007561569375684485,-1.4441533724069795,2.157
2026-07-29T07:43:42.279853+00:00,1,BOTH,686.0,46.0,524.0,22984,0.010747758122161031,2.052670598757594,2.157
2026-07-29T07:43:42.345912+00:00,1,BOTH,686.0,46.0,524.0,23078,0.021629021333064883,4.1308387912767985,2.157
2026-07-29T07:43:42.396040+00:00,1,BOTH,686.0,46.0,524.0,23120,0.022065635400358587,4.214225935716699,2.156
2026-07-29T07:43:42.479417+00:00,1,BOTH,686.0,46.0,524.0,22740,-0.22461118401959537,-42.89757625253032,2.156
2026-07-29T07:43:42.529565+00:00,1,BOTH,686.0,46.0,524.0,22790,0.006231521736481227,1.1901329848146942,2.156
2026-07-29T07:43:42.562879+00:00,1,BOTH,686.0,46.0,524.0,22748,-0.010909706659149379,-2.0836004909834296,2.156
2026-07-29T07:43:42.629633+00:00,1,BOTH,686.0,46.0,524.0,22993,0.001821436578175053,0.3478687619339366,2.156
2026-07-29T07:43:42.646501+00:00,1,BOTH,686.0,46.0,524.0,22796,-0.0027953979390440507,-0.5338816798893089,2.156
2026-07-29T07:43:42.729882+00:00,1,BOTH,686.0,46.0,524.0,22905,0.009885938417864963,1.8880751595663363,2.156
2026-07-29T07:43:42.779920+00:00,1,BOTH,686.5,46.5,524.1,22807,-0.006151468062889762,-1.174843859376998,2.166
2026-07-29T07:43:42.846880+00:00,1,BOTH,686.0,46.0,524.1,22891,0.01667783401440829,3.1852316681510735,2.162
2026-07-29T07:43:42.913835+00:00,1,BOTH,685.5,45.5,524.0,22994,-0.005712124849669636,-1.0909354864595666,2.15
2026-07-29T07:43:42.963651+00:00,1,BOTH,686.0,46.0,524.0,22785,-0.0375479114043992,-7.171122843344019,2.153
2026-07-29T07:43:43.046982+00:00,1,BOTH,686.0,46.0,524.0,22869,0.0032234479032922534,0.6156332011298016,2.154
2026-07-29T07:43:43.114061+00:00,1,BOTH,685.5,45.5,523.9,23108,-0.010109609635546803,-1.930793215472074,2.146
2026-07-29T07:43:43.149009+00:00,1,BOTH,686.0,46.0,523.9,22779,-0.008607625695876777,-1.6439354133403254,2.15
2026-07-29T07:43:43.180761+00:00,1,RIGHT,273.09,-366.91,523.9,10233,0.016115680661750956,3.077868286329758,-1.85
2026-07-29T07:43:43.264135+00:00,1,BOTH,686.0,46.0,523.9,22931,-0.003935244196327403,-0.7515762793430392,-0.248
2026-07-29T07:43:43.330961+00:00,1,BOTH,686.0,46.0,523.9,22854,-0.00644087468914222,-1.2301164535349511,0.714
2026-07-29T07:43:43.381032+00:00,1,BOTH,686.0,46.0,524.0,22698,0.021732149166055023,4.150534756545682,1.291
2026-07-29T07:43:43.464370+00:00,1,BOTH,686.0,46.0,524.0,22888,0.017873245768714695,3.413538495824696,1.637
2026-07-29T07:43:43.498141+00:00,1,BOTH,686.0,46.0,524.0,23032,-0.037375953348819164,-7.138281273883979,1.845
2026-07-29T07:43:43.581314+00:00,1,BOTH,686.0,46.0,524.0,23127,0.01433493659918895,2.737771222403814,1.969
2026-07-29T07:43:43.598014+00:00,1,BOTH,686.0,46.0,524.0,23058,0.03455168258398771,6.598885290460554,2.044
2026-07-29T07:43:43.698091+00:00,1,BOTH,686.0,46.0,524.0,22616,-0.00021762118674814698,-0.04156258511099048,2.089
2026-07-29T07:43:43.765022+00:00,1,BOTH,688.5,48.5,524.5,20052,0.027825229824520646,5.314227443088591,2.163
2026-07-29T07:43:43.815216+00:00,1,BOTH,690.5,50.5,525.3,18795,0.004417745119426399,0.8437271676921684,2.245
2026-07-29T07:43:43.865155+00:00,1,BOTH,692.0,52.0,526.2,17928,-0.05433625957462937,-10.377461160511908,2.322
2026-07-29T07:43:43.915052+00:00,1,NONE,0.0,0.0,526.2,0,0.07855328554695007,15.00257242908749,2.368
2026-07-29T07:43:43.965149+00:00,1,NONE,0.0,0.0,526.2,0,-0.025923774219118057,-4.951076172685054,2.396
2026-07-29T07:43:44.031999+00:00,1,BOTH,693.5,53.5,527.3,13132,0.0053623668337240814,1.0241366259110678,2.441
2026-07-29T07:43:44.082064+00:00,1,LEFT,688.29,48.29,527.3,12468,-0.03212405510246754,-6.135242594056957,2.37
2026-07-29T07:43:44.148829+00:00,1,LEFT,688.29,48.29,527.3,12601,-0.014378231167793274,-2.7460398759267055,2.327
2026-07-29T07:43:44.215636+00:00,1,LEFT,688.29,48.29,527.3,12575,0.022302932604798115,4.259546363398826,2.302
2026-07-29T07:43:44.265804+00:00,1,LEFT,688.29,48.29,527.3,12469,0.027122081040870397,5.179935917512202,2.286
2026-07-29T07:43:44.282469+00:00,1,LEFT,689.29,49.29,527.3,12488,-0.004835892251285259,-0.9235873872622116,2.296
2026-07-29T07:43:44.365868+00:00,1,LEFT,689.29,49.29,527.3,12480,0.035679105682938826,6.814207241445419,2.302
2026-07-29T07:43:44.382592+00:00,1,LEFT,688.29,48.29,527.3,12608,-0.06363625779515132,-12.153629985562187,2.286
2026-07-29T07:43:44.449287+00:00,1,LEFT,689.29,49.29,527.3,12603,0.00027854714309796694,0.053198585649800345,2.296
2026-07-29T07:43:44.515946+00:00,1,BOTH,694.5,54.5,528.3,13712,-0.00032067957014078277,-0.06124528648378769,2.399
2026-07-29T07:43:44.532950+00:00,1,BOTH,692.5,52.5,529.0,15553,0.003118352386227343,0.5955614358845865,2.424
2026-07-29T07:43:44.616140+00:00,1,BOTH,688.5,48.5,528.5,19933,0.001925437004538253,0.36773138026117813,2.364
2026-07-29T07:43:44.666331+00:00,1,BOTH,687.0,47.0,528.0,20627,-0.001517968226398807,-0.28991057602536896,2.3
2026-07-29T07:43:44.716423+00:00,1,BOTH,687.0,47.0,527.6,21191,-0.0017121350986053585,-0.32699371702100694,2.261
2026-07-29T07:43:44.733030+00:00,1,BOTH,687.0,47.0,527.1,21311,0.0005252040666528046,0.10030658800771096,2.238
2026-07-29T07:43:44.782937+00:00,1,BOTH,685.0,45.0,526.5,22429,0.02162463911692612,4.1300018496445805,2.186
2026-07-29T07:43:44.883149+00:00,1,BOTH,685.0,45.0,525.8,23036,0.006624423553330416,1.265171704376296,2.156
2026-07-29T07:43:44.949992+00:00,1,BOTH,685.0,45.0,525.2,23055,0.00013828495400957763,0.02641048078303163,2.137
2026-07-29T07:43:45.000107+00:00,1,BOTH,685.0,45.0,524.8,23204,0.005624712827466283,1.0742410199563799,2.126
2026-07-29T07:43:45.066823+00:00,1,BOTH,684.0,44.0,524.4,23329,-0.011721542416489683,-2.2386496994947835,2.101
2026-07-29T07:43:45.100388+00:00,1,BOTH,684.0,44.0,524.1,23426,-0.014902724961284548,-2.8462108117528926,2.085
2026-07-29T07:43:45.150301+00:00,1,BOTH,684.0,44.0,523.9,23266,-0.006478372435085475,-1.2372779954809587,2.076
2026-07-29T07:43:45.217015+00:00,1,BOTH,684.5,44.5,523.6,23190,0.0025538443075492977,0.48774833452028327,2.08
2026-07-29T07:43:45.283935+00:00,1,BOTH,683.5,43.5,523.4,23347,-0.0013990857568569482,-0.26720569681589873,2.064
2026-07-29T07:43:45.300406+00:00,1,BOTH,684.0,44.0,523.3,23426,-0.010880374382250011,-2.07799843875062,2.063
2026-07-29T07:43:45.383961+00:00,1,BOTH,684.5,44.5,523.2,23340,0.0031002632933086714,0.5921066736197204,2.072
2026-07-29T07:43:45.434035+00:00,1,BOTH,684.0,44.0,523.1,23343,0.0,0.0,2.068
2026-07-29T07:43:45.483909+00:00,1,RIGHT,272.88,-367.12,523.1,10555,-0.01949389591056388,-3.7230598731421507,-1.932
2026-07-29T07:43:45.500867+00:00,1,BOTH,684.0,44.0,523.1,23084,-0.019570096465176903,-3.737613107061758,-0.334
2026-07-29T07:43:45.600964+00:00,1,BOTH,684.5,44.5,523.0,23224,0.03455396477831527,6.5993211574705475,0.634
2026-07-29T07:43:45.701172+00:00,1,BOTH,684.5,44.5,523.1,23056,-0.006178855309262872,-1.1800744381425452,1.215
2026-07-29T07:43:45.751078+00:00,1,BOTH,685.0,45.0,523.1,23057,-0.008206800314364954,-1.567383404399164,1.573
2026-07-29T07:43:45.767880+00:00,1,BOTH,684.0,44.0,523.1,23093,0.002000243477523327,0.38201836420219193,1.769
2026-07-29T07:43:45.851325+00:00,1,BOTH,684.0,44.0,523.0,23362,-0.010603716859041015,-2.0251607439158925,1.886
2026-07-29T07:43:45.917937+00:00,1,BOTH,684.0,44.0,523.0,23105,-0.008425988101953408,-1.6092451882312584,1.957
2026-07-29T07:43:45.984987+00:00,1,BOTH,683.5,43.5,522.9,23398,0.0025240137323271484,0.48205111431802766,1.99
2026-07-29T07:43:46.068219+00:00,1,BOTH,684.0,44.0,522.9,23084,-0.0058563069603405895,-1.1184722412020125,2.019
2026-07-29T07:43:46.151451+00:00,1,BOTH,683.75,43.75,522.8,23244,-0.00022553328017238528,-0.04307368364539736,2.032
2026-07-29T07:43:46.202055+00:00,1,BOTH,683.5,43.5,522.7,23293,0.0,0.0,2.035
2026-07-29T07:43:46.268208+00:00,1,RIGHT,272.26,-367.74,522.7,10375,0.12099950843025,23.109203854036497,-1.965
2026-07-29T07:43:46.335303+00:00,1,BOTH,683.5,43.5,522.7,23320,-0.015452199993887916,-2.95115281280618,-0.364
2026-07-29T07:43:46.401875+00:00,1,BOTH,684.0,44.0,522.6,23095,-0.02778156958753243,-5.305888952048706,0.607
2026-07-29T07:43:46.451968+00:00,1,BOTH,684.0,44.0,522.4,23161,-0.022561174876755102,-4.308867004315509,1.189
2026-07-29T07:43:46.518843+00:00,1,BOTH,684.0,44.0,522.4,23156,0.0010516441753134131,0.20084924264991535,1.538
2026-07-29T07:43:46.585482+00:00,1,BOTH,684.0,44.0,522.3,23254,0.0009847277356311679,0.1880691440704674,1.748
2026-07-29T07:43:46.652232+00:00,1,BOTH,684.0,44.0,522.2,23307,0.0460124580306001,8.787732167254058,1.874
2026-07-29T07:43:46.668957+00:00,1,BOTH,684.0,44.0,522.2,23160,0.04852752641076222,9.268074845154372,1.949
2026-07-29T07:43:46.752449+00:00,1,BOTH,684.0,44.0,522.1,23198,0.04634310497436672,8.850881081876482,1.995
2026-07-29T07:43:46.802491+00:00,1,BOTH,684.0,44.0,522.1,23305,0.04942124715773389,9.438762934703558,2.022
2026-07-29T07:43:46.852537+00:00,1,BOTH,684.0,44.0,522.1,23049,-0.200089669842273,-38.214312020427705,2.038
2026-07-29T07:43:46.952756+00:00,1,BOTH,684.5,44.5,522.2,22821,-0.200089669842273,-38.214312020427705,2.057
2026-07-29T07:43:47.019242+00:00,1,BOTH,684.5,44.5,522.2,22781,-0.200089669842273,-38.214312020427705,2.069
2026-07-29T07:43:47.036010+00:00,1,BOTH,684.5,44.5,522.3,22874,0.008903033140304615,1.700354079348527,2.076
2026-07-29T07:43:47.119397+00:00,1,BOTH,684.5,44.5,522.3,23170,-0.007528958093607798,-1.4379250763152966,2.08
2026-07-29T07:43:47.186190+00:00,1,BOTH,684.5,44.5,522.4,23123,-0.0034171278052963316,-0.652623337667605,2.082
2026-07-29T07:43:47.252969+00:00,1,BOTH,684.0,44.0,522.3,23250,0.005061240995419211,0.9666258271203748,2.074
2026-07-29T07:43:47.286252+00:00,1,BOTH,684.0,44.0,522.2,23164,-0.0036620994000986684,-0.6994094659434812,2.07
2026-07-29T07:43:47.336303+00:00,1,BOTH,683.5,43.5,522.1,23377,-0.0053220967762172226,-1.016445611458094,2.057
2026-07-29T07:43:47.403154+00:00,1,BOTH,684.0,44.0,522.1,23280,-0.0012869077865616419,-0.24578128264168211,2.059
2026-07-29T07:43:47.453190+00:00,1,BOTH,684.0,44.0,522.1,23008,-0.003593800314120017,-0.6863653013728883,2.061
2026-07-29T07:43:47.519768+00:00,1,BOTH,683.5,43.5,522.1,23392,0.02360799792193575,4.508795478935121,2.052
2026-07-29T07:43:47.569952+00:00,1,BOTH,684.0,44.0,522.1,23233,-0.013598631185304839,-2.597147246909838,2.056
2026-07-29T07:43:47.653391+00:00,1,BOTH,684.0,44.0,522.1,23471,0.0033976929396158082,0.6489115517379463,2.059
2026-07-29T07:43:47.703533+00:00,1,BOTH,684.0,44.0,522.1,23384,0.03453510418185033,6.59571904888208,2.06
2026-07-29T07:43:47.786955+00:00,1,BOTH,684.5,44.5,522.2,22572,-0.019320788960903883,-3.6899988810758124,2.071
2026-07-29T07:43:47.836805+00:00,1,RIGHT,263.84,-376.16,522.2,8704,0.007574213596672053,1.4465682407330405,-1.929
2026-07-29T07:43:47.853850+00:00,1,BOTH,684.0,44.0,522.1,22569,-0.003614211261156015,-0.6902635051096474,-0.333
2026-07-29T07:43:47.953720+00:00,1,BOTH,684.5,44.5,522.2,22171,0.04514245479134843,8.621573788014622,0.635
2026-07-29T07:43:47.987172+00:00,1,BOTH,685.0,45.0,522.4,22219,-0.028008912252262236,-5.349308202689623,1.225
2026-07-29T07:43:48.004855+00:00,1,BOTH,685.0,45.0,522.5,21984,0.15458680010866374,29.523904048863095,1.579
2026-07-29T07:43:48.070532+00:00,1,BOTH,685.0,45.0,522.8,21906,0.017200220110826194,3.28500006348794,1.791
2026-07-29T07:43:48.171554+00:00,1,BOTH,685.5,45.5,522.9,21879,0.023005612902343275,4.393748414719941,1.928
2026-07-29T07:43:48.254067+00:00,1,BOTH,686.0,46.0,523.1,21602,0.023005612902343275,4.393748414719941,2.019
2026-07-29T07:43:48.270858+00:00,1,BOTH,686.0,46.0,523.3,21687,0.02318679978721775,4.4283525607413745,2.074
2026-07-29T07:43:48.354183+00:00,1,BOTH,685.5,45.5,523.4,21815,-0.01884528507478535,-3.5991843283536085,2.097
2026-07-29T07:43:48.437505+00:00,1,BOTH,687.5,47.5,523.8,20493,0.02680105884326622,5.118625194003089,2.149
2026-07-29T07:43:48.554335+00:00,1,BOTH,689.0,49.0,524.4,19975,-0.009560206951573492,-1.8258650319893057,2.208
2026-07-29T07:43:48.587866+00:00,1,BOTH,689.0,49.0,524.9,20324,0.012892531889956444,2.462292215107756,2.244
2026-07-29T07:43:48.638068+00:00,1,BOTH,688.5,48.5,525.3,20554,-0.007998750050901435,-1.5276487309890152,2.256
2026-07-29T07:43:48.704465+00:00,1,BOTH,687.5,47.5,525.3,21191,0.0012154341232962905,0.2321308184702026,2.244
2026-07-29T07:43:48.754656+00:00,1,BOTH,687.0,47.0,525.2,21200,0.012154202265664936,2.321281643903146,2.228
2026-07-29T07:43:48.804613+00:00,1,BOTH,687.0,47.0,525.4,20704,0.004375847633928061,0.8357253373879504,2.218
2026-07-29T07:43:48.871481+00:00,1,BOTH,683.5,43.5,524.6,22658,0.011729505222465377,2.24017048341308,2.146
2026-07-29T07:43:48.904749+00:00,1,BOTH,684.0,44.0,524.3,21736,0.0007146536861546338,0.13648880010042477,2.113
2026-07-29T07:43:48.921630+00:00,1,BOTH,685.0,45.0,524.2,20794,0.004546629777614726,0.8683423242194263,2.111
2026-07-29T07:43:48.971581+00:00,1,BOTH,684.0,44.0,523.8,22687,0.12494700992945582,23.863121105790025,2.092
2026-07-29T07:43:49.038505+00:00,1,BOTH,682.0,42.0,523.2,16942,0.053668142757378516,10.249860247677953,2.043
2026-07-29T07:43:49.054992+00:00,1,BOTH,686.5,46.5,523.7,15658,0.0013099882594542578,0.2501893282613921,2.097
2026-07-29T07:43:49.155108+00:00,1,BOTH,682.0,42.0,523.1,18273,-0.022564185008086497,-4.309441897052405,2.046
2026-07-29T07:43:49.221669+00:00,1,BOTH,677.5,37.5,521.8,15820,0.01424552502692677,2.720694869969641,1.931
2026-07-29T07:43:49.288674+00:00,1,BOTH,677.0,37.0,520.5,14956,0.004918047935352661,0.9392779671291193,1.852
2026-07-29T07:43:49.355384+00:00,1,BOTH,691.5,51.5,522.5,13018,0.00835716821369715,1.59610155775244,2.077
2026-07-29T07:43:49.438628+00:00,1,BOTH,690.5,50.5,523.7,12997,0.004417232855703333,0.8436293325277371,2.193
2026-07-29T07:43:49.471924+00:00,1,BOTH,689.5,49.5,524.6,13436,0.04462490608915687,8.522729266921122,2.244
2026-07-29T07:43:49.538730+00:00,1,BOTH,690.0,50.0,525.5,13553,-0.001031543331919238,-0.19701026434611651,2.284
2026-07-29T07:43:49.605665+00:00,1,BOTH,686.0,46.0,525.2,15694,0.009535827166982926,1.8212088361143806,2.233
2026-07-29T07:43:49.655605+00:00,1,BOTH,687.0,47.0,525.2,13960,0.00861592626431957,1.645520705138097,2.221
2026-07-29T07:43:49.705646+00:00,1,LEFT,686.17,46.17,525.2,12663,-0.005128183306660503,-0.9794108668036321,2.198
2026-07-29T07:43:49.772380+00:00,1,LEFT,686.17,46.17,525.2,12694,-0.003556367800706539,-0.6792162179223579,2.185
2026-07-29T07:43:49.822713+00:00,1,LEFT,687.17,47.17,525.2,12635,-0.0036092572992038187,-0.68931736807055,2.195
2026-07-29T07:43:49.839132+00:00,1,LEFT,687.17,47.17,525.2,12656,0.014238719124696217,2.71939503839101,2.201
2026-07-29T07:43:49.872343+00:00,1,LEFT,687.17,47.17,525.2,12663,-0.00524239723716164,-1.0012241207346844,2.205
2026-07-29T07:43:49.905796+00:00,1,BOTH,692.0,52.0,526.1,12962,0.0008204918622504919,0.15670240277260833,2.298
2026-07-29T07:43:49.989350+00:00,1,LEFT,687.13,47.13,526.1,12680,0.027626471656549256,5.276267429193548,2.263
2026-07-29T07:43:50.055904+00:00,1,BOTH,690.5,50.5,526.6,17043,-0.00440045814619225,-0.8404255990025936,2.304
2026-07-29T07:43:50.072741+00:00,1,BOTH,690.5,50.5,527.0,17208,0.0006387802204699256,0.12199803556454324,2.33
2026-07-29T07:43:50.156123+00:00,1,BOTH,688.0,48.0,526.8,21734,0.01947499054018408,3.7194492133658366,2.298
2026-07-29T07:43:50.206155+00:00,1,BOTH,688.0,48.0,526.6,21196,-0.02560235047712922,-4.8896887598475125,2.279
2026-07-29T07:43:50.256164+00:00,1,BOTH,687.0,47.0,526.3,22954,-0.009647093080420745,-1.8424590602598974,2.248
2026-07-29T07:43:50.273024+00:00,1,BOTH,687.0,47.0,526.2,22468,0.0207261142070638,3.958396232569635,2.23
2026-07-29T07:43:50.389725+00:00,1,BOTH,687.0,47.0,526.2,21596,-0.012216934678281176,-2.333262652175092,2.219
2026-07-29T07:43:50.456377+00:00,1,BOTH,686.0,46.0,526.0,22572,0.013081500232219696,2.4983825100186494,2.194
2026-07-29T07:43:50.472959+00:00,1,BOTH,686.0,46.0,525.8,22498,0.013358817723346874,2.5513462494411296,2.179
2026-07-29T07:43:50.556441+00:00,1,BOTH,688.0,48.0,525.8,21410,0.013358817723346874,2.5513462494411296,2.207
2026-07-29T07:43:50.606559+00:00,1,BOTH,685.5,45.5,525.5,22714,0.013358817723346874,2.5513462494411296,2.178
2026-07-29T07:43:50.639757+00:00,1,BOTH,686.0,46.0,525.2,22536,0.013358817723346874,2.5513462494411296,2.169
2026-07-29T07:43:50.689985+00:00,1,BOTH,685.5,45.5,525.1,22766,0.017452366280194836,3.3331564345719866,2.155
2026-07-29T07:43:50.773463+00:00,1,BOTH,685.0,45.0,524.7,23202,0.0052940849028527736,1.0110957377246346,2.136
2026-07-29T07:43:50.806686+00:00,1,BOTH,685.5,45.5,524.4,23062,0.0022492215420061258,0.42956967182286004,2.135
2026-07-29T07:43:50.873552+00:00,1,BOTH,685.0,45.0,524.4,22993,0.006134468493983149,1.1715971808706958,2.125
2026-07-29T07:43:50.923686+00:00,1,BOTH,685.0,45.0,524.1,23246,-0.008411024677334353,-1.6063873846388117,2.119
2026-07-29T07:43:50.990072+00:00,1,BOTH,684.0,44.0,523.9,23325,-0.027322186997625977,-5.218153340103942,2.096
2026-07-29T07:43:51.073659+00:00,1,BOTH,685.0,45.0,523.7,22951,-0.0014212278346531094,-0.27143452217379993,2.101
2026-07-29T07:43:51.157001+00:00,1,BOTH,685.0,45.0,523.8,22296,-0.002581257741549052,-0.49298391475410447,2.105
2026-07-29T07:43:51.207079+00:00,1,BOTH,684.0,44.0,523.6,23089,0.011225817877566442,2.143973286556882,2.088
2026-07-29T07:43:51.273964+00:00,1,BOTH,684.5,44.5,523.4,23372,0.011225817877566442,2.143973286556882,2.087
2026-07-29T07:43:51.290468+00:00,1,BOTH,684.5,44.5,523.2,23459,0.011225817877566442,2.143973286556882,2.087
2026-07-29T07:43:51.340639+00:00,1,BOTH,684.0,44.0,523.2,23165,0.011225817877566442,2.143973286556882,2.077
2026-07-29T07:43:51.407246+00:00,1,BOTH,684.5,44.5,523.0,23308,0.011225817877566442,2.143973286556882,2.081
2026-07-29T07:43:51.490513+00:00,1,BOTH,684.0,44.0,523.0,23520,0.011225817877566442,2.143973286556882,2.073
2026-07-29T07:43:51.540519+00:00,1,BOTH,684.0,44.0,523.0,23711,0.011225817877566442,2.143973286556882,2.069
2026-07-29T07:43:51.607571+00:00,1,BOTH,685.5,45.5,523.1,23509,0.015612748404964804,2.9818153006803034,2.095
2026-07-29T07:43:51.640739+00:00,1,BOTH,684.5,44.5,523.2,23674,0.007163941515609622,1.3682120450766189,2.091
2026-07-29T07:43:51.707588+00:00,1,BOTH,686.5,46.5,523.5,22145,0.0,0.0,2.127
2026-07-29T07:43:51.724101+00:00,1,BOTH,686.5,46.5,523.9,22124,0.04008845534175634,7.656330994271061,2.148
2026-07-29T07:43:51.757411+00:00,1,RIGHT,266.14,-373.86,523.9,8797,0.01721112571511185,3.2870828804832994,-1.852
2026-07-29T07:43:51.840957+00:00,1,BOTH,684.0,44.0,523.7,23684,0.01495138340862468,2.855503890653723,-0.286
2026-07-29T07:43:51.907763+00:00,1,BOTH,684.5,44.5,523.5,23500,-0.00783621661394136,-1.4966071310971223,0.663
2026-07-29T07:43:51.974370+00:00,1,BOTH,684.0,44.0,523.4,23380,-0.02809941812418401,-5.366593550963855,1.223
2026-07-29T07:43:52.042025+00:00,1,BOTH,684.0,44.0,523.1,23621,0.013328922719229013,2.5456367242261972,1.559
2026-07-29T07:43:52.092999+00:00,1,BOTH,684.5,44.5,523.0,23464,-0.0016112324269488454,-0.3077227262626319,1.769
2026-07-29T07:43:52.109941+00:00,1,BOTH,683.5,43.5,522.9,23515,-0.011842349640792236,-2.2617221797855387,1.877
2026-07-29T07:43:52.194711+00:00,1,BOTH,684.0,44.0,522.9,23537,0.036383428124245255,6.9487229191227815,1.951
2026-07-29T07:43:52.262467+00:00,1,BOTH,684.5,44.5,522.8,23438,-0.0026199763409385925,-0.5003786225330327,2.005
2026-07-29T07:43:52.313449+00:00,1,BOTH,684.0,44.0,522.7,23720,-0.03774347491656954,-7.208472722924405,2.028
2026-07-29T07:43:52.364190+00:00,1,BOTH,684.5,44.5,522.6,23600,-0.0041345901321619746,-0.7896485486310614,2.051
2026-07-29T07:43:52.432014+00:00,1,BOTH,683.5,43.5,522.6,23704,0.00010096188052557408,0.019282298819398178,2.046
2026-07-29T07:43:52.465945+00:00,1,BOTH,684.5,44.5,522.6,23689,0.0,0.0,2.062
2026-07-29T07:43:52.550515+00:00,1,RIGHT,276.42,-363.58,522.6,10756,-0.030266619935864582,-5.780498608171864,-1.938
2026-07-29T07:43:52.568155+00:00,1,BOTH,684.0,44.0,522.7,23677,0.010032588016474619,1.916083169791739,-0.338
2026-07-29T07:43:52.618516+00:00,1,BOTH,684.0,44.0,522.5,23711,-0.018417200054973364,-3.5174261119936054,0.622
2026-07-29T07:43:52.686483+00:00,1,BOTH,684.5,44.5,522.5,23457,0.018886243384331466,3.607006789263551,1.208
2026-07-29T07:43:52.754950+00:00,1,BOTH,684.5,44.5,522.5,23554,-0.017318152065272444,-3.3075234076862707,1.559
2026-07-29T07:43:52.805307+00:00,1,BOTH,684.0,44.0,522.4,23573,0.0017058970290236175,0.3258023334898646,1.76
2026-07-29T07:43:52.873065+00:00,1,BOTH,684.0,44.0,522.5,23381,0.0012241086523863487,0.23378753149061524,1.881
2026-07-29T07:43:52.907081+00:00,1,BOTH,684.0,44.0,522.4,23403,-0.03106189228128642,-5.932384438025668,1.954
2026-07-29T07:43:52.991945+00:00,1,BOTH,684.5,44.5,522.4,23551,-0.009573908768361434,-1.8284818862346743,2.007
2026-07-29T07:43:53.059655+00:00,1,BOTH,684.0,44.0,522.4,23349,-0.009026930776890367,-1.724016784908558,2.029
2026-07-29T07:43:53.110333+00:00,1,BOTH,684.0,44.0,522.3,23544,-0.0049643851257860664,-0.9481277186168798,2.042
2026-07-29T07:43:53.161151+00:00,1,BOTH,683.5,43.5,522.3,23605,0.014636526168324053,2.795370587259182,2.041
2026-07-29T07:43:53.211884+00:00,1,BOTH,684.0,44.0,522.3,23690,0.014119246783666313,2.6965775020258063,2.05
2026-07-29T07:43:53.279587+00:00,1,BOTH,684.0,44.0,522.2,23588,-0.010868436340242624,-2.0757184406750424,2.055
2026-07-29T07:43:53.346999+00:00,1,RIGHT,274.79,-365.21,522.2,10536,0.001119194868952036,0.21375047481216305,-1.945
2026-07-29T07:43:53.415026+00:00,1,BOTH,684.5,44.5,522.3,23467,-0.00026357631577411667,-0.05033936824488117,-0.333
2026-07-29T07:43:53.465778+00:00,1,BOTH,684.5,44.5,522.3,23612,0.00925571878440678,1.7677120756882174,0.635
2026-07-29T07:43:53.482501+00:00,1,BOTH,684.5,44.5,522.4,23702,-0.02657131338492036,-5.0747470435847,1.215
2026-07-29T07:43:53.516516+00:00,1,BOTH,684.5,44.5,522.6,23406,0.019492930681444705,3.7228755279595114,1.563
2026-07-29T07:43:53.550358+00:00,1,BOTH,684.5,44.5,522.6,23886,-0.018791120215319097,-3.58883960220249,1.772
2026-07-29T07:43:53.618041+00:00,1,BOTH,684.0,44.0,522.7,23629,0.041788246317300944,7.9809671574481635,1.888
2026-07-29T07:43:53.634873+00:00,1,BOTH,684.5,44.5,522.6,23663,-0.07627423834172077,-14.567306475185077,1.967
2026-07-29T07:43:53.651995+00:00,1,BOTH,684.0,44.0,522.7,23458,0.03440275928471238,6.570443035395087,2.005
2026-07-29T07:43:53.838017+00:00,1,BOTH,684.0,44.0,522.8,23737,-0.026707934318110346,-5.100839719801117,2.028
2026-07-29T07:43:53.871865+00:00,1,BOTH,684.5,44.5,522.7,23561,0.020967135631944984,4.004427933962706,2.051
2026-07-29T07:43:53.888878+00:00,1,BOTH,684.5,44.5,522.7,23582,0.020967135631944984,4.004427933962706,2.065
2026-07-29T07:43:53.922679+00:00,1,BOTH,684.0,44.0,522.7,23287,0.017242554742842912,3.2930853826272646,2.064
2026-07-29T07:43:53.990477+00:00,1,BOTH,684.0,44.0,522.6,23627,0.005501829655840993,1.0507720629320105,2.063
2026-07-29T07:43:54.091729+00:00,1,BOTH,684.5,44.5,522.6,23510,-0.021599139478057625,-4.125131777357006,2.072
2026-07-29T07:43:54.108498+00:00,1,BOTH,684.5,44.5,522.6,23457,-0.0006836758134886622,-0.13057246222691193,2.078
2026-07-29T07:43:54.159382+00:00,1,BOTH,684.5,44.5,522.7,23568,-0.0006836758134886622,-0.13057246222691193,2.081
2026-07-29T07:43:54.294479+00:00,1,BOTH,684.5,44.5,522.7,23647,0.053601385401561855,10.237110531878791,2.083
2026-07-29T07:43:54.125531+00:00,1,BOTH,684.5,44.5,522.7,23528,-0.012026289887726306,-2.2968521792252603,2.084
2026-07-29T07:43:54.361980+00:00,1,BOTH,684.5,44.5,522.8,23319,0.04263118286704412,8.141956179773508,2.085
2026-07-29T07:43:54.429502+00:00,1,BOTH,684.5,44.5,522.8,23805,-0.05038805250544101,-9.623409154817878,2.085
2026-07-29T07:43:54.480226+00:00,1,BOTH,684.0,44.0,522.8,23642,0.012812905098544434,2.447084618160834,2.076
2026-07-29T07:43:54.497141+00:00,1,BOTH,684.0,44.0,522.8,23720,-0.03168362570460886,-6.051126775154322,2.071
2026-07-29T07:43:54.530909+00:00,1,BOTH,684.5,44.5,522.8,23633,0.019599115246674046,3.7431552860830872,2.077
2026-07-29T07:43:54.598609+00:00,1,BOTH,684.5,44.5,522.9,23575,0.04200952901272103,8.02322903920433,2.08
2026-07-29T07:43:54.699756+00:00,1,BOTH,685.0,45.0,522.9,23607,-0.007809299787768395,-1.491466395971795,2.092
2026-07-29T07:43:54.784527+00:00,1,BOTH,684.5,44.5,523.0,23668,-0.02451358422636986,-4.681749723031534,2.09
2026-07-29T07:43:54.835059+00:00,1,BOTH,684.5,44.5,522.9,23663,0.005069985805312172,0.9682959627854112,2.088
2026-07-29T07:43:54.851817+00:00,1,BOTH,684.5,44.5,522.9,23706,-0.018510940903797745,-3.535329295345641,2.087
2026-07-29T07:43:54.869370+00:00,1,BOTH,684.5,44.5,522.8,23624,-0.010016175049822778,-1.9129485240636073,2.087
2026-07-29T07:43:54.936691+00:00,1,BOTH,684.5,44.5,522.9,23695,0.007938755839131773,1.516190680556963,2.086
2026-07-29T07:43:55.088288+00:00,1,BOTH,684.0,44.0,522.9,23435,-0.025815668997820465,-4.930429596272788,2.077
2026-07-29T07:43:55.105141+00:00,1,BOTH,684.0,44.0,523.0,23777,-0.0018053595116361977,-0.34479826840184524,2.071
2026-07-29T07:43:55.172530+00:00,1,BOTH,685.0,45.0,523.0,23510,-0.03001757651101798,-5.732934817641217,2.086
2026-07-29T07:43:55.290694+00:00,1,BOTH,684.5,44.5,522.9,23633,-0.022134814087767154,-4.227438091785917,2.086
2026-07-29T07:43:55.408703+00:00,1,BOTH,684.0,44.0,522.9,23652,-0.0215820220252499,-4.121862584684015,2.077
2026-07-29T07:43:55.509923+00:00,1,BOTH,684.0,44.0,522.9,23781,-0.0215820220252499,-4.121862584684015,2.071
2026-07-29T07:43:55.543836+00:00,1,BOTH,684.5,44.5,523.0,23724,-0.0215820220252499,-4.121862584684015,2.077
2026-07-29T07:43:55.628005+00:00,1,BOTH,684.0,44.0,523.0,23729,-0.0215820220252499,-4.121862584684015,2.071
2026-07-29T07:43:55.644730+00:00,1,BOTH,684.5,44.5,523.1,23647,0.046771003557369115,8.9326036914287,2.077
2026-07-29T07:43:55.695492+00:00,1,BOTH,684.5,44.5,523.0,23723,0.012468280848115682,2.381266234602744,2.081
2026-07-29T07:43:55.712237+00:00,1,BOTH,684.0,44.0,523.0,23872,0.03130898638744838,5.979575936111129,2.073
2026-07-29T07:43:55.813479+00:00,1,BOTH,684.5,44.5,523.1,23746,0.0027887448156252506,0.532611026914386,2.078
2026-07-29T07:43:55.847229+00:00,1,BOTH,685.0,45.0,523.1,23884,2.274515143653844e-05,0.00434400393899858,2.091
2026-07-29T07:43:55.931627+00:00,1,BOTH,684.5,44.5,523.2,23499,-0.006955367946065962,-1.3283774275671854,2.089
2026-07-29T07:43:55.982154+00:00,1,BOTH,685.0,45.0,523.1,23622,-0.006955367946065962,-1.3283774275671854,2.097
2026-07-29T07:43:56.032699+00:00,1,BOTH,685.5,45.5,523.2,23177,-0.0037577955034794287,-0.7176860754086983,2.111
2026-07-29T07:43:56.049623+00:00,1,BOTH,685.0,45.0,523.2,23501,0.021509435221087187,4.107999526261129,2.111
2026-07-29T07:43:56.251763+00:00,1,BOTH,686.0,46.0,523.3,22405,-0.010602487404248677,-2.0249259353468827,2.129
2026-07-29T07:43:56.268531+00:00,1,BOTH,685.5,45.5,523.4,22873,0.020972528640413657,4.005457922709817,2.13
2026-07-29T07:43:56.319138+00:00,1,BOTH,685.5,45.5,523.4,23033,-0.04973058589850552,-9.49784228232391,2.131
2026-07-29T07:43:56.352601+00:00,1,BOTH,685.0,45.0,523.3,23374,0.06327775245998055,12.085160510101494,2.123
2026-07-29T07:43:56.420119+00:00,1,BOTH,686.0,46.0,523.5,22876,0.001463009751169011,0.2794142804282303,2.136
2026-07-29T07:43:56.504280+00:00,1,BOTH,685.0,45.0,523.6,22930,-0.010786539893597364,-2.0600773715087364,2.125
2026-07-29T07:43:56.588539+00:00,1,BOTH,685.5,45.5,523.5,22891,-0.005815178783377633,-1.1106173380051971,2.128
2026-07-29T07:43:56.605356+00:00,1,BOTH,685.0,45.0,523.6,23220,0.007835456954780965,1.4964620468845922,2.121
2026-07-29T07:43:56.672782+00:00,1,BOTH,684.5,44.5,523.6,23396,-0.010102390242391266,-1.9294144129438808,2.107
2026-07-29T07:43:56.723280+00:00,1,BOTH,685.5,45.5,523.6,23272,0.03440269276034087,6.570430330176014,2.117
2026-07-29T07:43:56.773774+00:00,1,BOTH,685.5,45.5,523.6,22982,-0.00497125846799463,-0.9494404302825459,2.123
2026-07-29T07:43:56.790642+00:00,1,BOTH,685.0,45.0,523.7,22979,0.03493367247865535,6.671839986397563,2.118
2026-07-29T07:43:56.874839+00:00,1,BOTH,684.5,44.5,523.6,23822,-0.04381246602395549,-8.367564644109882,2.105
2026-07-29T07:43:56.992759+00:00,1,BOTH,685.0,45.0,523.5,23417,0.032671883672010155,6.23987014382856,2.107
2026-07-29T07:43:57.043069+00:00,1,BOTH,685.0,45.0,523.6,23219,0.005966938193887472,1.1396012504172208,2.108
2026-07-29T07:43:57.060068+00:00,1,BOTH,685.0,45.0,523.7,23398,0.015036062670405954,2.8716764383615576,2.108
2026-07-29T07:43:57.093620+00:00,1,BOTH,685.0,45.0,523.5,23322,0.042643489707261326,8.144306613118802,2.109
2026-07-29T07:43:57.110491+00:00,1,BOTH,685.0,45.0,523.4,23547,-0.02200691225938499,-4.2030106419249025,2.109
2026-07-29T07:43:57.244998+00:00,1,BOTH,684.5,44.5,523.4,23607,0.03937764429138042,7.520576083545059,2.1
2026-07-29T07:43:57.345906+00:00,1,BOTH,684.5,44.5,523.5,23405,0.004985555210150778,0.9521709069036594,2.094
2026-07-29T07:43:57.160945+00:00,1,BOTH,684.5,44.5,523.5,23588,-0.013450999362394214,-2.568951645661166,2.091
2026-07-29T07:43:57.430036+00:00,1,BOTH,685.0,45.0,523.4,23389,-0.025926822677720337,-4.95165838539149,2.098
2026-07-29T07:43:57.497347+00:00,1,BOTH,685.0,45.0,523.3,23611,-0.012696047795470804,-2.4247665172561668,2.103
2026-07-29T07:43:57.480961+00:00,1,BOTH,684.5,44.5,523.3,23596,0.0010396714531816541,0.19856262115847317,2.096
2026-07-29T07:43:57.531085+00:00,1,BOTH,684.5,44.5,523.4,23452,-0.013931672391481697,-2.6607534319694386,2.092
2026-07-29T07:43:57.631911+00:00,1,BOTH,685.0,45.0,523.5,23389,-0.01467408293276094,-2.802543400907184,2.099
2026-07-29T07:43:57.766368+00:00,1,BOTH,684.5,44.5,523.5,23621,0.03131074115866795,5.979911072727435,2.094
2026-07-29T07:43:57.783275+00:00,1,BOTH,684.5,44.5,523.5,23470,0.014990329381544144,2.86294202357811,2.091
2026-07-29T07:43:57.850551+00:00,1,BOTH,684.5,44.5,523.5,23800,0.01477915180817945,2.822610077972739,2.089
2026-07-29T07:43:57.867352+00:00,1,BOTH,684.5,44.5,523.5,23448,0.016897606689017266,3.2272051571757276,2.088
2026-07-29T07:43:57.917756+00:00,1,BOTH,684.0,44.0,523.4,23694,-0.012740627739112824,-2.4332806593282297,2.078
2026-07-29T07:43:58.002101+00:00,1,BOTH,684.5,44.5,523.2,23594,0.006301917936943937,1.2035776687489281,2.081
2026-07-29T07:43:58.018855+00:00,1,BOTH,685.0,45.0,523.2,23740,0.005584467144217342,1.0665546606437646,2.092
2026-07-29T07:43:58.035601+00:00,1,BOTH,685.0,45.0,523.1,23744,0.0026950472733005882,0.5147161144945475,2.099
2026-07-29T07:43:58.203668+00:00,1,BOTH,684.5,44.5,523.2,23431,0.00783011022489518,1.4954408966957524,2.094
2026-07-29T07:43:58.220485+00:00,1,BOTH,685.0,45.0,523.2,23366,-0.016711259029107167,-3.1916153757257684,2.1
2026-07-29T07:43:58.254086+00:00,1,BOTH,685.0,45.0,523.3,23375,-0.0189746317116078,-3.623887716300734,2.104
2026-07-29T07:43:58.422181+00:00,1,BOTH,685.0,45.0,523.3,23501,0.037533119844738394,7.168297863540753,2.106
2026-07-29T07:43:58.438790+00:00,1,BOTH,685.5,45.5,523.3,23295,-0.13725014706142247,-26.212847213897952,2.117
2026-07-29T07:43:58.472465+00:00,1,BOTH,685.0,45.0,523.5,23129,-0.005346210203133524,-1.0210509367644314,2.114
2026-07-29T07:43:58.489237+00:00,1,BOTH,685.0,45.0,523.6,23339,0.0007769980467855931,0.14839569590240986,2.112
2026-07-29T07:43:58.539943+00:00,1,BOTH,685.5,45.5,523.5,23384,-0.009711111524375156,-1.8546856824251725,2.12
2026-07-29T07:43:58.741493+00:00,1,BOTH,685.5,45.5,523.5,23498,-0.023108959943056107,-4.41348624557998,2.125
2026-07-29T07:43:58.724512+00:00,1,BOTH,685.0,45.0,523.6,23255,-0.04197229560464621,-8.016117982072412,2.119
2026-07-29T07:43:58.808435+00:00,1,BOTH,686.5,46.5,523.8,22546,-0.012013105391524732,-2.2943341259340717,2.143
2026-07-29T07:43:58.842003+00:00,1,RIGHT,273.19,-366.81,523.8,10565,-0.01106394306756556,-2.11305747514844,-1.857
2026-07-29T07:43:58.959722+00:00,1,BOTH,687.0,47.0,524.0,21865,-0.006193818638566882,-1.1829322235311595,-0.233
2026-07-29T07:43:59.026950+00:00,1,BOTH,685.0,45.0,524.0,23047,0.014548780233599245,2.7786123481619756,0.704
2026-07-29T07:43:59.043827+00:00,1,BOTH,687.0,47.0,524.2,22099,0.018479805258102715,3.529382825043175,1.304
2026-07-29T07:43:59.060510+00:00,1,BOTH,685.5,45.5,524.1,23362,0.022268044685479254,4.25288326162228,1.635
2026-07-29T07:43:58.875721+00:00,1,BOTH,686.5,46.5,524.4,22155,-0.004256840911693871,-0.8129967276622679,1.853
2026-07-29T07:43:59.228366+00:00,1,BOTH,685.0,45.0,524.1,23660,-0.021446853523375466,-4.096047302415645,1.956
2026-07-29T07:43:59.362723+00:00,1,BOTH,684.5,44.5,523.8,23360,0.010049324636347591,1.9192796287318594,2.008
2026-07-29T07:43:59.379557+00:00,1,BOTH,684.5,44.5,523.5,23556,-0.010006794107612222,-1.9111568960752041,2.039
2026-07-29T07:43:59.429877+00:00,1,BOTH,685.0,45.0,523.4,23488,-0.0065350784227484835,-1.2481080413683296,2.067
2026-07-29T07:43:59.463303+00:00,1,BOTH,684.5,44.5,523.2,23517,0.012977428236044943,2.4785062228642665,2.075
2026-07-29T07:43:59.614573+00:00,1,BOTH,684.5,44.5,523.1,23594,0.002402709841844626,0.45888377777414197,2.079
2026-07-29T07:43:59.631340+00:00,1,BOTH,685.0,45.0,523.1,23469,0.014530040847603232,2.7750333890678482,2.091
2026-07-29T07:43:59.698496+00:00,1,BOTH,685.0,45.0,523.1,23401,-0.0013754201354458928,-0.2626858960612057,2.099
2026-07-29T07:43:59.765545+00:00,1,BOTH,685.0,45.0,523.0,23171,-0.014332316673826426,-2.7372708535174413,2.103
2026-07-29T07:43:59.832813+00:00,1,BOTH,684.5,44.5,522.9,23464,0.0028895921621005984,0.5518714513414891,2.096
2026-07-29T07:43:59.849632+00:00,1,BOTH,684.5,44.5,522.8,23597,-0.012461301949806512,-2.379933363206856,2.092
2026-07-29T07:43:59.866263+00:00,1,BOTH,685.0,45.0,522.9,23621,0.02776902071782388,5.303492294475507,2.099
2026-07-29T07:43:59.883170+00:00,1,BOTH,685.0,45.0,522.9,23679,-0.0038208413054235278,-0.7297269366334136,2.103
2026-07-29T07:44:00.017284+00:00,1,BOTH,684.5,44.5,522.8,23525,-0.0016808190377196298,-0.32101278995525034,2.096
2026-07-29T07:44:00.034151+00:00,1,BOTH,684.0,44.0,522.9,23498,0.00917926198540954,1.7531099026961443,2.083
2026-07-29T07:44:00.168435+00:00,1,BOTH,684.5,44.5,523.0,23380,-0.005379294565645978,-1.027369584563913,2.084
2026-07-29T07:44:00.235300+00:00,1,BOTH,685.0,45.0,523.0,23464,-0.006276494507910684,-1.1987221514677422,2.094
2026-07-29T07:44:00.252180+00:00,1,BOTH,685.0,45.0,523.0,23404,0.001222304920447641,0.23344304406574556,2.1
2026-07-29T07:44:00.269095+00:00,1,BOTH,685.0,45.0,523.0,23421,-0.03661392263602466,-6.992744128209075,2.104
2026-07-29T07:44:00.436759+00:00,1,BOTH,685.5,45.5,523.1,23258,0.007958149017576943,1.5198945048111374,2.115
2026-07-29T07:44:00.486909+00:00,1,BOTH,685.5,45.5,523.2,23428,-0.008731110251537756,-1.6675192262550667,2.122
2026-07-29T07:44:00.503831+00:00,1,BOTH,685.5,45.5,523.2,23275,0.006283549636718817,1.2000695818164995,2.127
2026-07-29T07:44:00.554109+00:00,1,BOTH,685.5,45.5,523.3,23458,0.0024123454198706896,0.46072403762101677,2.129
2026-07-29T07:44:00.621315+00:00,1,BOTH,685.5,45.5,523.3,23232,0.013171665624249727,2.5156028314235273,2.131
2026-07-29T07:44:00.671667+00:00,1,BOTH,685.5,45.5,523.4,23395,0.013226809364277869,2.526134509990791,2.131
2026-07-29T07:44:00.755376+00:00,1,BOTH,685.5,45.5,523.4,23432,-0.026021092418814076,-4.969662579726364,2.132
2026-07-29T07:44:00.788932+00:00,1,BOTH,685.5,45.5,523.4,23387,0.010441745654679835,1.9942265225407376,2.132
2026-07-29T07:44:00.805778+00:00,1,BOTH,685.0,45.0,523.3,23362,-0.00131041684478987,-0.2502711820310314,2.123
2026-07-29T07:44:00.906550+00:00,1,BOTH,685.0,45.0,523.3,23516,0.010903827164438553,2.0824775902080965,2.118
2026-07-29T07:44:00.939791+00:00,1,BOTH,685.0,45.0,523.2,23398,0.0022731154691427945,0.4341330757592741,2.114
2026-07-29T07:44:00.956803+00:00,1,BOTH,684.5,44.5,523.1,23591,-0.0037425941607216375,-0.7147828327988545,2.103
2026-07-29T07:44:01.090704+00:00,1,BOTH,685.5,45.5,523.2,23198,-0.0037735177017748354,-0.7206887940986804,2.115
2026-07-29T07:44:01.174414+00:00,1,BOTH,685.0,45.0,523.1,23619,-0.006332112671807408,-1.2093444383195728,2.113
2026-07-29T07:44:01.224835+00:00,1,BOTH,685.0,45.0,523.1,23534,-0.0012270796991651878,-0.23435495962782663,2.111
2026-07-29T07:44:01.241611+00:00,1,BOTH,685.0,45.0,523.1,23403,-0.013468852615915239,-2.5723613659189386,2.111
2026-07-29T07:44:01.275180+00:00,1,BOTH,685.0,45.0,523.1,23311,0.014991118622128851,2.8630927574265237,2.11
2026-07-29T07:44:01.325426+00:00,1,BOTH,685.0,45.0,523.1,23239,0.02175106473165215,4.154147363465075,2.11
2026-07-29T07:44:01.442756+00:00,1,BOTH,685.5,45.5,523.1,23323,0.0024573312408756464,0.46931569655940003,2.119
2026-07-29T07:44:01.459625+00:00,1,BOTH,685.0,45.0,523.1,23508,0.0005165942322128103,0.09866223075531742,2.115
2026-07-29T07:44:01.493013+00:00,1,BOTH,685.5,45.5,523.2,23090,-0.011057288395240903,-2.111786526354289,2.122
2026-07-29T07:44:01.560139+00:00,1,BOTH,685.5,45.5,523.3,23624,0.013785798489116131,2.6328935688139374,2.126
2026-07-29T07:44:01.576914+00:00,1,BOTH,685.5,45.5,523.3,23562,-0.005241582989692688,-1.0010686109231837,2.129
2026-07-29T07:44:01.627336+00:00,1,BOTH,685.0,45.0,523.2,23753,0.004500484210730064,0.8595291701336603,2.121
2026-07-29T07:44:01.744547+00:00,1,BOTH,685.5,45.5,523.3,23182,-0.002320400304161012,-0.44316381403099503,2.126
2026-07-29T07:44:01.710911+00:00,1,BOTH,685.5,45.5,523.3,23477,-0.016969758432824163,-3.2409851251912087,2.129
2026-07-29T07:44:01.828233+00:00,1,BOTH,685.5,45.5,523.4,23182,0.013776966850273312,2.6312068500410133,2.13
2026-07-29T07:44:01.878534+00:00,1,BOTH,685.5,45.5,523.6,22886,0.0,0.0,2.131
2026-07-29T07:44:01.995597+00:00,1,RIGHT,273.41,-366.59,523.6,10589,-0.0046326544473413375,-0.8847718259172318,-1.869
2026-07-29T07:44:02.079621+00:00,1,BOTH,686.0,46.0,523.7,22765,0.015668538811150937,2.992470483386257,-0.259
2026-07-29T07:44:02.096711+00:00,1,BOTH,685.5,45.5,523.6,23460,0.008745884708769153,1.6703409397349187,0.698
2026-07-29T07:44:02.129887+00:00,1,BOTH,685.5,45.5,523.6,23331,-0.01622220803041273,-3.098213515086271,1.272
2026-07-29T07:44:02.213675+00:00,1,BOTH,685.5,45.5,523.6,23253,0.02552381676156074,4.874689925008997,1.616
2026-07-29T07:44:02.230398+00:00,1,BOTH,686.0,46.0,523.7,23143,0.0024048512522131206,0.45929275702854294,1.832
2026-07-29T07:44:02.280692+00:00,1,BOTH,686.0,46.0,523.7,23017,0.0024048512522131206,0.45929275702854294,1.962
2026-07-29T07:44:02.314212+00:00,1,BOTH,685.5,45.5,523.7,23230,-0.004964440346229821,-0.9481382649447798,2.03
2026-07-29T07:44:02.498514+00:00,1,BOTH,685.5,45.5,523.7,23329,-0.01355787796084769,-2.5893639543666915,2.071
2026-07-29T07:44:02.566138+00:00,1,BOTH,686.0,46.0,523.7,23353,0.022905123687814923,4.374556388456409,2.105
2026-07-29T07:44:02.598804+00:00,1,BOTH,685.5,45.5,523.7,23392,0.019739213565517274,3.7699120940384043,2.116
2026-07-29T07:44:02.716241+00:00,1,BOTH,685.5,45.5,523.6,23304,-0.020109497734811157,-3.8406311611085617,2.123
2026-07-29T07:44:02.766299+00:00,1,BOTH,685.5,45.5,523.6,23365,0.006854292713105678,1.3090734800274326,2.127
2026-07-29T07:44:02.783246+00:00,1,BOTH,685.5,45.5,523.6,23379,-0.00849474801449105,-1.622377364191577,2.129
2026-07-29T07:44:02.850057+00:00,1,BOTH,686.0,46.0,523.7,23077,-0.0025381026449031196,-0.48474189841313403,2.14
2026-07-29T07:44:02.866912+00:00,1,BOTH,686.0,46.0,523.7,23397,0.024048852995038034,4.592992595820762,2.147
2026-07-29T07:44:02.900474+00:00,1,BOTH,686.0,46.0,523.8,23255,-0.015218440554453991,-2.9065080484698207,2.15
2026-07-29T07:44:02.950742+00:00,1,BOTH,685.5,45.5,523.7,23676,0.0073169372670236045,1.397432081208132,2.143
2026-07-29T07:44:02.984266+00:00,1,BOTH,685.5,45.5,523.9,23046,0.009017001034226268,1.7221203437542116,2.139
2026-07-29T07:44:03.034482+00:00,1,BOTH,686.0,46.0,523.9,22979,0.013252577898092567,2.5310559374301986,2.146
2026-07-29T07:44:03.252033+00:00,1,BOTH,685.5,45.5,524.0,23326,0.014981080087018199,2.8611755384454094,2.141
2026-07-29T07:44:03.285831+00:00,1,BOTH,686.5,46.5,524.1,22924,0.0022059224685654043,0.42130015793959225,2.156
2026-07-29T07:44:03.337922+00:00,1,BOTH,686.0,46.0,524.1,23072,0.0022059224685654043,0.42130015793959225,2.156
2026-07-29T07:44:03.352493+00:00,1,BOTH,686.0,46.0,524.1,23350,0.0022059224685654043,0.42130015793959225,2.156
2026-07-29T07:44:03.452962+00:00,1,BOTH,686.0,46.0,524.1,23308,0.0022059224685654043,0.42130015793959225,2.156
2026-07-29T07:44:03.586935+00:00,1,BOTH,686.0,46.0,524.0,23230,0.0022059224685654043,0.42130015793959225,2.156
2026-07-29T07:44:03.637023+00:00,1,BOTH,686.0,46.0,524.0,23059,-0.00837973111309111,-1.6004107541152806,2.156
2026-07-29T07:44:03.653848+00:00,1,BOTH,686.0,46.0,524.0,22916,-0.005890766230004374,-1.125053476924806,2.156
2026-07-29T07:44:03.670689+00:00,1,BOTH,685.5,45.5,523.9,23355,-0.009709794335067272,-1.854434117797967,2.147
2026-07-29T07:44:03.838279+00:00,1,BOTH,686.0,46.0,523.9,22949,-0.007140398981282488,-1.36371575222333,2.151
2026-07-29T07:44:03.854745+00:00,1,BOTH,686.0,46.0,524.0,23172,-0.004004551494144835,-0.7648129981910228,2.153
2026-07-29T07:44:03.888280+00:00,1,BOTH,686.0,46.0,524.0,23273,0.007116631356766447,1.3591764703105942,2.154
2026-07-29T07:44:03.988665+00:00,1,BOTH,686.0,46.0,524.0,23120,-0.00960334665782284,-1.834104108981045,2.155
2026-07-29T07:44:04.105877+00:00,1,BOTH,686.5,46.5,524.1,22749,-0.0003766984958201647,-0.07194411319807306,2.165
2026-07-29T07:44:04.122488+00:00,1,BOTH,685.5,45.5,524.2,22875,0.00044285347394179553,0.08457878333190555,2.152
2026-07-29T07:44:04.256305+00:00,1,BOTH,685.5,45.5,524.0,23418,0.010039124357572291,1.917331518986254,2.144
2026-07-29T07:44:04.340077+00:00,1,BOTH,686.0,46.0,524.0,22731,0.007273667908157222,1.3891682423905298,2.149
2026-07-29T07:44:04.490641+00:00,1,BOTH,687.0,47.0,524.2,22640,-0.006000904396059923,-1.146088317185786,2.171
2026-07-29T07:44:04.440300+00:00,1,BOTH,686.0,46.0,524.2,23181,-0.0007522018961026334,-0.14365997996139646,2.165
2026-07-29T07:44:04.574386+00:00,1,BOTH,686.5,46.5,524.2,22451,-0.016217784696782474,-3.097368720591631,2.171
2026-07-29T07:44:04.607896+00:00,1,BOTH,687.0,47.0,524.4,22223,0.02504111168673262,4.782500046551671,2.184
2026-07-29T07:44:04.624432+00:00,1,BOTH,687.0,47.0,524.5,22326,0.0001660052133956924,0.03170466034913924,2.192
2026-07-29T07:44:04.691408+00:00,1,BOTH,687.0,47.0,524.6,22329,-0.007138648868240125,-1.3633815052533362,2.196
2026-07-29T07:44:04.842072+00:00,1,BOTH,687.0,47.0,524.7,21803,-0.005533711781608872,-1.056861100426693,2.199
2026-07-29T07:44:04.858702+00:00,1,BOTH,687.0,47.0,524.8,22037,0.006842453930585179,1.3068124391174396,2.201
2026-07-29T07:44:04.674777+00:00,1,BOTH,687.0,47.0,524.8,22048,-0.0032145051236147993,-0.6139252560210233,2.202
2026-07-29T07:44:04.942534+00:00,1,BOTH,686.5,46.5,524.7,22394,0.0005630224591004662,0.1075293689251124,2.193
2026-07-29T07:44:04.959094+00:00,1,BOTH,687.0,47.0,524.8,21989,0.012691700888390188,2.4239363191573173,2.197
2026-07-29T07:44:05.143033+00:00,1,RIGHT,268.21,-371.79,524.8,9511,-0.02402999942205497,-4.589391828618525,-1.803
2026-07-29T07:44:05.160006+00:00,1,BOTH,687.0,47.0,524.8,21876,0.02910550035142478,5.558741102510581,-0.201
2026-07-29T07:44:05.193437+00:00,1,BOTH,687.0,47.0,524.9,22273,0.008420833282289096,1.6082606901948713,0.761
2026-07-29T07:44:05.226671+00:00,1,BOTH,687.0,47.0,524.9,22051,0.008420833282289096,1.6082606901948713,1.338
2026-07-29T07:44:05.176638+00:00,1,BOTH,687.0,47.0,524.9,21943,-0.0037649535160744563,-0.7190531551133537,1.684
2026-07-29T07:44:05.343951+00:00,1,BOTH,688.0,48.0,525.1,21594,0.019106899027246983,3.649148912812901,1.91
2026-07-29T07:44:05.477675+00:00,1,BOTH,688.0,48.0,525.3,21189,-0.0036484096737694925,-0.6967949208056449,2.046
2026-07-29T07:44:05.544651+00:00,1,BOTH,687.0,47.0,525.2,22219,-0.0037391839988413266,-0.7141315398548604,2.109
2026-07-29T07:44:05.561307+00:00,1,BOTH,687.5,47.5,525.3,21899,0.0028158596536377446,0.5377895795153752,2.156
2026-07-29T07:44:05.594806+00:00,1,BOTH,687.5,47.5,525.3,21697,-0.005748528725234792,-1.0978881145522428,2.184
2026-07-29T07:44:05.661662+00:00,1,BOTH,687.5,47.5,525.4,21488,-0.002643124036312656,-0.5047995067009938,2.201
2026-07-29T07:44:05.812200+00:00,1,BOTH,687.5,47.5,525.4,21635,-0.018635652011726053,-3.55914736248795,2.211
2026-07-29T07:44:05.879221+00:00,1,BOTH,688.0,48.0,525.5,21146,0.005233721887343563,0.9995672509667662,2.227
2026-07-29T07:44:05.946051+00:00,1,BOTH,687.5,47.5,525.5,21465,0.004614675709744915,0.8813381399664044,2.227
2026-07-29T07:44:05.962868+00:00,1,BOTH,687.0,47.0,525.4,22060,-0.007409138250513933,-1.415041171944636,2.217
2026-07-29T07:44:05.895783+00:00,1,BOTH,688.0,48.0,525.5,21720,-0.0023399978713860036,-0.44690667366671477,2.23
2026-07-29T07:44:06.096637+00:00,1,BOTH,687.0,47.0,525.4,22325,-0.001986492298892699,-0.37939208253930706,2.219
2026-07-29T07:44:06.180216+00:00,1,BOTH,687.0,47.0,525.3,22211,0.008526225962559692,1.628389209431794,2.213
2026-07-29T07:44:06.196786+00:00,1,BOTH,687.5,47.5,525.4,21876,0.00035977629842818713,0.06871221156258105,2.218
2026-07-29T07:44:06.247137+00:00,1,BOTH,688.0,48.0,525.5,21097,0.0014004245059913956,0.26746137906666745,2.231
2026-07-29T07:44:06.364160+00:00,1,BOTH,687.5,47.5,525.5,21764,0.0014222870432422496,0.2716368161130724,2.229
2026-07-29T07:44:06.464590+00:00,1,BOTH,687.0,47.0,525.4,22113,-0.009569721683619718,-1.8276822119541278,2.219
2026-07-29T07:44:06.598142+00:00,1,BOTH,687.5,47.5,525.4,21822,-0.013430081957194489,-2.564956715540135,2.222
2026-07-29T07:44:06.665069+00:00,1,BOTH,687.5,47.5,525.4,21802,0.0010140062010214025,0.19366091906206837,2.224
2026-07-29T07:44:06.681709+00:00,1,BOTH,688.0,48.0,525.5,21296,-0.004985143261728808,-0.9520922305504729,2.234
2026-07-29T07:44:06.748610+00:00,1,BOTH,687.5,47.5,525.5,21741,-0.01075689542980399,-2.054415695971108,2.231
2026-07-29T07:44:06.865701+00:00,1,BOTH,688.0,48.0,525.6,21229,-0.020624608339276165,-3.939010039836154,2.239
2026-07-29T07:44:06.932528+00:00,1,BOTH,687.0,47.0,525.5,22347,0.0005872804147657007,0.11216229718922374,2.224
2026-07-29T07:44:06.949192+00:00,1,BOTH,687.5,47.5,525.5,21882,0.00937315306160599,1.790140370533831,2.225
2026-07-29T07:44:06.999359+00:00,1,BOTH,688.0,48.0,525.6,21156,-0.006547970504034311,-1.2505702475243878,2.235
2026-07-29T07:44:07.099660+00:00,1,BOTH,687.5,47.5,525.6,21589,0.0019786047586239875,0.37788567331218487,2.232
2026-07-29T07:44:07.066339+00:00,1,BOTH,687.5,47.5,525.6,21768,-0.001428953252034262,-0.2729099682101901,2.23
2026-07-29T07:44:07.200029+00:00,1,BOTH,688.0,48.0,525.7,21122,-0.023325283792801202,-4.4548010575747,2.238
2026-07-29T07:44:07.216588+00:00,1,BOTH,688.0,48.0,525.7,21371,-0.00621726245386526,-1.1874096624387636,2.243
2026-07-29T07:44:07.300333+00:00,1,BOTH,688.0,48.0,525.8,21246,0.004749504804494791,0.9070886002488624,2.246
2026-07-29T07:44:07.266677+00:00,1,BOTH,688.0,48.0,525.8,21243,0.0,0.0,2.247
2026-07-29T07:44:07.250216+00:00,1,BOTH,688.0,48.0,525.9,21101,-0.004544945256784558,-0.8680206044391912,2.248
2026-07-29T07:44:07.467319+00:00,1,BOTH,688.0,48.0,525.9,21102,-0.004931491201277822,-0.9418454417970653,2.249
2026-07-29T07:44:07.534237+00:00,1,BOTH,687.5,47.5,525.8,21717,-0.00739813189022243,-1.4129391119696244,2.24
2026-07-29T07:44:07.550982+00:00,1,BOTH,688.0,48.0,525.8,21515,0.004946119964370155,0.9446393297460232,2.244
2026-07-29T07:44:07.517658+00:00,1,BOTH,687.5,47.5,525.8,21642,0.06989806146826595,13.349546394258804,2.237
2026-07-29T07:44:07.500661+00:00,1,RIGHT,266.22,-373.78,525.8,9271,0.006206619623117149,1.1853770314923011,-1.763
2026-07-29T07:44:07.718134+00:00,1,BOTH,687.0,47.0,525.6,22118,0.014363663033000193,2.7432575671299677,-0.177
2026-07-29T07:44:07.868539+00:00,1,BOTH,688.5,48.5,525.8,20980,0.004504317054525018,0.8602611893769394,0.803
2026-07-29T07:44:07.885199+00:00,1,BOTH,687.5,47.5,525.7,21923,-0.0019416426529642195,-0.3708264311247804,1.373
2026-07-29T07:44:07.985622+00:00,1,BOTH,688.0,48.0,525.8,21105,0.014595179096068023,2.787473878140872,1.724
2026-07-29T07:44:08.035727+00:00,1,BOTH,688.0,48.0,525.8,21136,0.00634192526107654,1.2112185048236281,1.934
2026-07-29T07:44:08.102480+00:00,1,BOTH,687.0,47.0,525.7,22019,-0.023085559259343427,-4.409017044198457,2.042
2026-07-29T07:44:08.135990+00:00,1,BOTH,687.5,47.5,525.6,21828,-0.0019070275139529257,-0.36421542654942785,2.116
2026-07-29T07:44:08.170821+00:00,1,BOTH,687.5,47.5,525.6,21510,0.002995582764269784,0.5721141652493039,2.16
2026-07-29T07:44:08.319653+00:00,1,BOTH,686.5,46.5,525.4,22379,0.010446517011150718,1.995137784501851,2.168
2026-07-29T07:44:08.336472+00:00,1,BOTH,686.5,46.5,525.2,22933,-0.003017829799791798,-0.5763630360562675,2.173
2026-07-29T07:44:08.403319+00:00,1,BOTH,687.5,47.5,525.3,21516,-0.006270766714587808,-1.1976282235233289,2.194
2026-07-29T07:44:08.487589+00:00,1,BOTH,687.5,47.5,525.3,21797,-0.01020637054927647,-1.949273188733872,2.207
2026-07-29T07:44:08.570269+00:00,1,BOTH,686.5,46.5,525.2,22555,-0.012589646712003742,-2.4044454071952273,2.196
2026-07-29T07:44:08.654295+00:00,1,BOTH,686.5,46.5,525.0,22554,-0.005814251021947711,-1.110440148624099,2.19
2026-07-29T07:44:08.670490+00:00,1,BOTH,687.0,47.0,524.8,22335,0.009133575495070545,1.7443844257721788,2.195
2026-07-29T07:44:08.754017+00:00,1,BOTH,686.5,46.5,524.8,22384,-0.005164998762775212,-0.9864421009910386,2.189
2026-07-29T07:44:08.837622+00:00,1,BOTH,687.0,47.0,524.8,21893,0.0035224565025419,0.6727396370468793,2.195
2026-07-29T07:44:08.971407+00:00,1,BOTH,687.5,47.5,524.9,21680,-0.006690511185393006,-1.2777935123602957,2.207
2026-07-29T07:44:09.021534+00:00,1,BOTH,688.0,48.0,525.2,21541,0.0,0.0,2.224
2026-07-29T07:44:09.071459+00:00,1,RIGHT,264.85,-375.15,525.2,8870,0.033445036301855,6.387531419193727,-1.776
2026-07-29T07:44:08.938079+00:00,1,BOTH,687.5,47.5,525.2,21700,-0.006417641915031708,-1.2256793205252405,-0.175
2026-07-29T07:44:09.172006+00:00,1,BOTH,687.5,47.5,525.3,21935,0.0027671971486415716,0.5284957256593252,0.786
2026-07-29T07:44:09.272163+00:00,1,BOTH,686.0,46.0,525.0,22817,0.0007700924307573587,0.14707682039122413,1.334
2026-07-29T07:44:09.322305+00:00,1,BOTH,687.5,47.5,525.1,21865,0.002595235600019805,0.4956534890774555,1.691
2026-07-29T07:44:09.372324+00:00,1,BOTH,687.0,47.0,525.1,22267,-0.002822831914527342,-0.539121183257502,1.896
2026-07-29T07:44:09.455786+00:00,1,BOTH,686.0,46.0,524.9,22629,0.0069439955474808815,1.3262054594276333,2.0
2026-07-29T07:44:09.489292+00:00,1,BOTH,687.0,47.0,524.9,22382,0.006308686539996416,1.2048703767092828,2.081
2026-07-29T07:44:09.522781+00:00,1,BOTH,686.5,46.5,524.8,22583,0.0038552598241949456,0.7363003895090604,2.121
2026-07-29T07:44:09.572653+00:00,1,BOTH,687.0,47.0,524.9,22390,-0.013084465994616039,-2.498948928913147,2.154
2026-07-29T07:44:09.656310+00:00,1,BOTH,687.5,47.5,525.0,21713,0.007636486046831124,1.4584614026465523,2.183
2026-07-29T07:44:09.556715+00:00,1,BOTH,688.0,48.0,525.2,21526,0.0003611257264856249,0.06896993333740681,2.21
2026-07-29T07:44:09.739868+00:00,1,BOTH,687.0,47.0,525.2,22054,0.05811780476127751,11.099683091288407,2.207
2026-07-29T07:44:09.773319+00:00,1,BOTH,687.0,47.0,525.1,22367,0.05811780476127751,11.099683091288407,2.205
2026-07-29T07:44:09.806402+00:00,1,RIGHT,268.88,-371.12,525.1,9837,0.05811780476127751,11.099683091288407,-1.795
2026-07-29T07:44:09.840015+00:00,1,BOTH,687.5,47.5,525.2,21864,0.05811780476127751,11.099683091288407,-0.186
2026-07-29T07:44:09.973650+00:00,1,BOTH,687.5,47.5,525.3,21758,0.05811780476127751,11.099683091288407,0.779
2026-07-29T07:44:09.990401+00:00,1,BOTH,687.5,47.5,525.3,21539,0.05811780476127751,11.099683091288407,1.358
2026-07-29T07:44:10.090616+00:00,1,BOTH,687.5,47.5,525.3,21731,0.05811780476127751,11.099683091288407,1.705
2026-07-29T07:44:10.124052+00:00,1,BOTH,687.0,47.0,525.3,22014,0.02659923241008073,5.0800791846173965,1.905
2026-07-29T07:44:10.142655+00:00,1,BOTH,687.0,47.0,525.2,21828,0.03758040396263823,7.177328464852952,2.024
2026-07-29T07:44:10.157524+00:00,1,BOTH,687.5,47.5,525.3,21553,0.002963071865669917,0.5659050409894703,2.105
2026-07-29T07:44:10.291309+00:00,1,BOTH,687.5,47.5,525.3,21418,0.015181566132814623,2.8994655526967485,2.154
2026-07-29T07:44:10.307661+00:00,1,BOTH,687.0,47.0,525.3,22155,-0.0025258271348138806,-0.48239744868152185,2.173
2026-07-29T07:44:10.424721+00:00,1,BOTH,687.5,47.5,525.3,21340,-0.002502781401126413,-0.477996037761274,2.195
2026-07-29T07:44:10.441680+00:00,1,BOTH,687.0,47.0,525.2,22136,0.0,0.0,2.198
2026-07-29T07:44:10.324437+00:00,1,BOTH,687.0,47.0,525.2,21990,0.0,0.0,2.2
2026-07-29T07:44:10.591381+00:00,1,RIGHT,268.8,-371.2,525.2,9841,-0.018648937116668093,-3.561684630633174,-1.8
2026-07-29T07:44:10.608492+00:00,1,BOTH,686.5,46.5,525.1,22737,0.00499528918240685,0.9540299586642271,-0.208
2026-07-29T07:44:10.675302+00:00,1,BOTH,687.5,47.5,525.1,21709,-0.020767930362490007,-3.966382529974251,0.766
2026-07-29T07:44:10.775334+00:00,1,BOTH,687.0,47.0,525.1,22167,-0.0063408038183115426,-1.2110043250322955,1.341
2026-07-29T07:44:10.825449+00:00,1,BOTH,687.0,47.0,525.1,22185,0.01602943289792165,3.0613961767968902,1.686
2026-07-29T07:44:10.925631+00:00,1,BOTH,686.5,46.5,525.0,22205,0.002069938955246471,0.39532921995113923,1.883
2026-07-29T07:44:10.975771+00:00,1,BOTH,687.5,47.5,525.1,21968,-0.006055669848574325,-1.1565477481597837,2.021
2026-07-29T07:44:11.025870+00:00,1,BOTH,687.0,47.0,525.1,22242,-0.002019883519387804,-0.38576933589650786,2.094
2026-07-29T07:44:11.059324+00:00,1,BOTH,688.0,48.0,525.3,21264,-0.006104019758058712,-1.1657819006707668,2.156
2026-07-29T07:44:11.242846+00:00,1,BOTH,687.0,47.0,525.2,22197,0.007426882364670746,1.4184300481192484,2.175
2026-07-29T07:44:11.293372+00:00,1,BOTH,687.5,47.5,525.3,21737,0.002272188193819602,0.4339559792177223,2.196
2026-07-29T07:44:11.309808+00:00,1,BOTH,686.5,46.5,525.1,22493,-0.012293721725582145,-2.3479278979471485,2.189
2026-07-29T07:44:11.409958+00:00,1,BOTH,687.0,47.0,525.1,21916,0.017275169636122883,3.299314368407971,2.195
2026-07-29T07:44:11.426658+00:00,1,BOTH,687.5,47.5,525.2,21683,0.0013082181033678352,0.2498512533519541,2.207
2026-07-29T07:44:11.526901+00:00,1,BOTH,686.5,46.5,525.0,22370,0.001072662074584514,0.20486336572479927,2.196
2026-07-29T07:44:11.610352+00:00,1,BOTH,687.5,47.5,525.1,21661,0.0010077965407981537,0.19247496131872696,2.208
2026-07-29T07:44:11.627028+00:00,1,BOTH,687.0,47.0,525.1,22117,-0.015714333588257433,-3.0012166415594055,2.206
2026-07-29T07:44:11.743900+00:00,1,BOTH,687.5,47.5,525.2,21832,0.006552378422347829,1.251412097910398,2.214
2026-07-29T07:44:11.794029+00:00,1,BOTH,687.0,47.0,525.1,21846,-0.012331163099152036,-2.3550786735629066,2.21
2026-07-29T07:44:11.860877+00:00,1,BOTH,687.5,47.5,525.2,21616,0.012038117367774248,2.2991110615220007,2.217
2026-07-29T07:44:11.877440+00:00,1,BOTH,686.5,46.5,525.1,22413,0.005639781308273087,1.0771188878027258,2.202
2026-07-29T07:44:11.910978+00:00,1,BOTH,687.0,47.0,525.1,21775,-0.008448982704430818,-1.6136368338097138,2.202
2026-07-29T07:44:12.044442+00:00,1,BOTH,686.5,46.5,524.9,22279,0.001318077267605986,0.25173421501986193,2.193
2026-07-29T07:44:12.061249+00:00,1,BOTH,687.0,47.0,525.0,22027,-0.00029722376028075816,-0.05676555678365185,2.197
2026-07-29T07:44:12.127892+00:00,1,BOTH,687.0,47.0,525.0,22202,-0.016576897375052795,-3.1659541900400603,2.2
2026-07-29T07:44:12.178160+00:00,1,BOTH,687.5,47.5,525.1,21948,-0.016576897375052795,-3.1659541900400603,2.21
2026-07-29T07:44:12.194667+00:00,1,BOTH,686.5,46.5,525.0,22870,-0.003041707197553478,-0.5809232831145987,2.198
2026-07-29T07:44:12.311676+00:00,1,BOTH,686.5,46.5,524.9,22428,0.0008038842206588015,0.15353057686970903,2.191
2026-07-29T07:44:12.411882+00:00,1,BOTH,687.0,47.0,524.9,22475,0.0016821879119379446,0.3212742256732294,2.196
2026-07-29T07:44:12.461933+00:00,1,BOTH,687.5,47.5,525.0,21824,-0.0031498849717900156,-0.6015837161175076,2.208
2026-07-29T07:44:12.478552+00:00,1,BOTH,687.5,47.5,525.1,21711,0.002197708545718342,0.4197314142316498,2.215
2026-07-29T07:44:12.578750+00:00,1,BOTH,686.5,46.5,525.0,22660,0.006322394258459099,1.2074883580915006,2.201
2026-07-29T07:44:12.595382+00:00,1,BOTH,686.5,46.5,524.9,22532,0.0041690254886634645,0.7962252172762738,2.193
2026-07-29T07:44:12.628922+00:00,1,BOTH,687.0,47.0,524.9,21997,-0.0033636625722283497,-0.6424122303160095,2.197
2026-07-29T07:44:12.678797+00:00,1,BOTH,687.0,47.0,524.9,21999,0.005069878646172583,0.9682754968972955,2.199
2026-07-29T07:44:12.829092+00:00,1,BOTH,687.5,47.5,525.0,21998,0.0031365690697566606,0.5990405661611046,2.21
2026-07-29T07:44:12.846185+00:00,1,BOTH,687.0,47.0,525.0,22068,-0.004396500589791685,-0.8396697614061359,2.207
2026-07-29T07:44:12.912927+00:00,1,BOTH,687.5,47.5,525.1,21671,0.006458128052472602,1.2334116032057398,2.215
2026-07-29T07:44:12.962849+00:00,1,BOTH,686.5,46.5,525.0,22634,-0.01306172895068812,-2.4946064733942355,2.201
2026-07-29T07:44:13.096600+00:00,1,BOTH,687.0,47.0,525.0,22282,-0.00807812958577415,-1.542809105415409,2.202
2026-07-29T07:44:13.130237+00:00,1,BOTH,686.5,46.5,524.9,22551,-0.0026696114153310193,-0.509858223461379,2.193
2026-07-29T07:44:13.196469+00:00,1,BOTH,687.5,47.5,525.0,21900,0.024196958363463635,4.621278637600819,2.206
2026-07-29T07:44:13.313308+00:00,1,BOTH,687.5,47.5,525.1,21689,-0.0015667870416655205,-0.299234282944074,2.214
2026-07-29T07:44:13.363402+00:00,1,BOTH,687.0,47.0,525.1,22339,0.007655608820787165,1.462113583447432,2.21
2026-07-29T07:44:13.430207+00:00,1,BOTH,687.0,47.0,525.1,22297,-0.009831941864831606,-1.8777625775761169,2.207
2026-07-29T07:44:13.446757+00:00,1,BOTH,687.5,47.5,525.2,22044,-0.0017590212079812773,-0.3359483043044366,2.215
2026-07-29T07:44:13.613613+00:00,1,BOTH,687.5,47.5,525.2,21937,0.008843226393801161,1.6889318321450046,2.22
2026-07-29T07:44:13.697149+00:00,1,BOTH,686.5,46.5,525.1,22551,0.005334421792540524,1.018799516183944,2.204
2026-07-29T07:44:13.713925+00:00,1,BOTH,687.0,47.0,525.1,22232,-0.007459885776625015,-1.4247332355009523,2.203
2026-07-29T07:44:13.780811+00:00,1,BOTH,687.0,47.0,525.1,22113,-0.029712868427741342,-5.6747398604569765,2.203
2026-07-29T07:44:13.864109+00:00,1,BOTH,686.5,46.5,524.9,22416,-0.0015321589045652218,-0.2926207959165823,2.194
2026-07-29T07:44:13.881046+00:00,1,BOTH,687.0,47.0,525.0,22307,-0.001512090563737729,-0.28878802514576424,2.198
2026-07-29T07:44:13.981056+00:00,1,BOTH,686.5,46.5,524.9,22656,-0.008775043842033483,-1.6759099239692707,2.19
2026-07-29T07:44:14.131306+00:00,1,BOTH,687.5,47.5,525.0,21948,-0.002542035959486384,-0.48549310616352837,2.205
2026-07-29T07:44:14.147905+00:00,1,BOTH,687.0,47.0,525.0,22304,0.002656508592554019,0.507355768645279,2.204
2026-07-29T07:44:14.231285+00:00,1,BOTH,686.5,46.5,524.9,22798,0.05873805885319598,11.218142896930567,2.194
2026-07-29T07:44:14.248068+00:00,1,BOTH,686.5,46.5,524.8,22377,-0.019873835099861025,-3.795622913203312,2.189
2026-07-29T07:44:14.298246+00:00,1,BOTH,687.0,47.0,524.9,21980,0.01836741639970569,3.507918134208365,2.194
2026-07-29T07:44:14.381536+00:00,1,BOTH,687.0,47.0,524.9,22344,-0.01213788443536032,-2.3181651678789286,2.198
2026-07-29T07:44:14.398293+00:00,1,BOTH,686.5,46.5,524.8,22546,0.016886595259420573,3.2251021290347412,2.191
2026-07-29T07:44:14.415037+00:00,1,BOTH,687.5,47.5,524.9,21718,-0.01252107195177814,-2.3913485927217324,2.205
2026-07-29T07:44:14.615545+00:00,1,BOTH,686.5,46.5,524.9,22378,-0.041382143987575545,-7.903407325635846,2.195
2026-07-29T07:44:14.648743+00:00,1,BOTH,686.5,46.5,524.8,22793,0.013910844887141139,2.656775671647757,2.189
2026-07-29T07:44:14.481810+00:00,1,BOTH,687.5,47.5,524.9,22026,-0.0006586888867605012,-0.12580031074515777,2.204
2026-07-29T07:44:14.798919+00:00,1,BOTH,686.5,46.5,524.8,22223,0.05070588394766674,9.68411048893818,2.194
2026-07-29T07:44:14.848916+00:00,1,BOTH,687.0,47.0,524.9,22127,0.009681380286347121,1.8490074342294882,2.198
2026-07-29T07:44:14.865660+00:00,1,BOTH,686.5,46.5,524.8,22343,-0.013106264859088697,-2.5031122053546833,2.191
2026-07-29T07:44:14.898954+00:00,1,BOTH,687.5,47.5,524.9,21720,0.01580552819825243,3.0186335291162556,2.205
2026-07-29T07:44:14.949266+00:00,1,BOTH,687.0,47.0,525.0,22344,-0.011702764410874806,-2.2350633645967655,2.204
2026-07-29T07:44:15.149424+00:00,1,BOTH,686.5,46.5,524.9,22294,0.012826044641551562,2.4495940860242977,2.194
2026-07-29T07:44:15.232658+00:00,1,BOTH,686.5,46.5,524.8,22639,0.012884514388424577,2.4607609851077044,2.189
2026-07-29T07:44:15.282871+00:00,1,BOTH,687.0,47.0,524.8,22343,-0.012611504495725966,-2.408619936384538,2.194
2026-07-29T07:44:15.299574+00:00,1,BOTH,686.5,46.5,524.8,22517,0.004981330100490595,0.9513639703986311,2.188
2026-07-29T07:44:15.366325+00:00,1,BOTH,687.5,47.5,524.9,21831,0.007426906599248468,1.4184346765826543,2.204
2026-07-29T07:44:15.433022+00:00,1,BOTH,686.5,46.5,524.8,22578,-0.006140751074635773,-1.172797065390182,2.194
2026-07-29T07:44:15.466477+00:00,1,BOTH,687.5,47.5,525.0,21851,-0.006140751074635773,-1.172797065390182,2.207
2026-07-29T07:44:15.499927+00:00,1,BOTH,687.0,47.0,525.0,22190,-0.006140751074635773,-1.172797065390182,2.206
2026-07-29T07:44:15.716723+00:00,1,BOTH,687.0,47.0,525.0,22176,0.003745836224697996,0.7154020214080437,2.205
2026-07-29T07:44:15.833727+00:00,1,BOTH,686.5,46.5,524.9,22375,0.0038700029858591734,0.7391161259758581,2.195
2026-07-29T07:44:15.900409+00:00,1,BOTH,687.0,47.0,524.9,22219,0.008564476814935915,1.635694584111579,2.198
2026-07-29T07:44:15.933881+00:00,1,BOTH,687.0,47.0,524.9,22043,0.012506543354247697,2.388573834985937,2.2
2026-07-29T07:44:15.966952+00:00,1,BOTH,687.0,47.0,524.9,22115,-0.0026868462996753805,-0.5131498439058058,2.201
2026-07-29T07:44:16.000428+00:00,1,BOTH,686.5,46.5,524.9,22201,0.003663972170324996,0.6997671387100356,2.193
2026-07-29T07:44:16.017187+00:00,1,BOTH,687.5,47.5,525.0,21667,0.009372112310957163,1.7899416018014869,2.206
2026-07-29T07:44:16.084021+00:00,1,BOTH,687.0,47.0,525.0,22304,-0.016277283558738417,-3.1087321661779876,2.205
2026-07-29T07:44:16.117180+00:00,1,BOTH,687.0,47.0,525.0,22257,-0.03422486472292803,-6.536467676766512,2.204
2026-07-29T07:44:16.217397+00:00,1,BOTH,686.5,46.5,524.9,22642,0.01761622461170191,3.364451070683357,2.194
2026-07-29T07:44:16.300828+00:00,1,BOTH,687.5,47.5,525.0,21872,0.007768272135872394,1.4836306916485524,2.207
2026-07-29T07:44:16.484488+00:00,1,BOTH,686.5,46.5,524.9,22734,-0.029546953936223874,-5.643052526710276,2.196
2026-07-29T07:44:16.534621+00:00,1,BOTH,687.5,47.5,525.0,21675,-0.024585191799560563,-4.695425762114873,2.208
2026-07-29T07:44:16.551196+00:00,1,BOTH,686.5,46.5,524.9,22376,0.006275973220181186,1.198622592845035,2.197
2026-07-29T07:44:16.584747+00:00,1,BOTH,687.0,47.0,524.9,22151,-0.010826195685658603,-2.0676510699032615,2.199
2026-07-29T07:44:16.651172+00:00,1,BOTH,687.5,47.5,525.1,21891,-0.03641643105540424,-6.955026014679351,2.21
2026-07-29T07:44:16.734807+00:00,1,BOTH,686.5,46.5,524.9,22540,-0.04313224668614566,-8.237652320110925,2.198
2026-07-29T07:44:16.784817+00:00,1,BOTH,687.0,47.0,525.0,22428,0.002132015364477411,0.4071849408053386,2.2
2026-07-29T07:44:16.834888+00:00,1,BOTH,688.0,48.0,525.2,21339,0.002132015364477411,0.4071849408053386,2.22
2026-07-29T07:44:16.902139+00:00,1,BOTH,687.5,47.5,525.2,21599,0.002132015364477411,0.4071849408053386,2.223
2026-07-29T07:44:16.885136+00:00,1,BOTH,686.5,46.5,525.1,22407,0.002132015364477411,0.4071849408053386,2.205
2026-07-29T07:44:17.118629+00:00,1,BOTH,686.5,46.5,525.0,22594,-0.009440670115000103,-1.8030351778826381,2.195
2026-07-29T07:44:17.185260+00:00,1,BOTH,687.0,47.0,525.0,22194,-0.008615287646098296,-1.6453987380420998,2.198
2026-07-29T07:44:17.235338+00:00,1,BOTH,686.5,46.5,524.9,22562,0.0011899928460115917,0.22727189242408496,2.191
2026-07-29T07:44:17.352266+00:00,1,BOTH,687.0,47.0,524.9,22183,-0.004582976391538977,-0.875284016144263,2.196
2026-07-29T07:44:17.285390+00:00,1,BOTH,687.5,47.5,525.0,21594,0.0010894833778729662,0.2080759980059254,2.208
2026-07-29T07:44:17.418974+00:00,1,BOTH,687.0,47.0,525.0,22195,-0.01594757853599731,-3.04576314522022,2.206
2026-07-29T07:44:17.502424+00:00,1,BOTH,686.5,46.5,524.9,22491,-0.005172836580022704,-0.9879390138206255,2.196
2026-07-29T07:44:17.568962+00:00,1,BOTH,686.5,46.5,524.8,22484,-0.00031103955348953604,-0.05940417892194678,2.189
2026-07-29T07:44:17.585737+00:00,1,BOTH,686.5,46.5,524.8,22280,0.0026575902259173747,0.5075623454009485,2.185
2026-07-29T07:44:17.619106+00:00,1,BOTH,687.5,47.5,524.9,21515,0.0029189125128323214,0.5574712258440593,2.202
2026-07-29T07:44:17.652664+00:00,1,BOTH,687.0,47.0,524.9,21935,0.00143811414251104,0.2746595694131933,2.202
2026-07-29T07:44:17.769357+00:00,1,BOTH,686.5,46.5,524.8,22484,0.0059050405456218865,1.1277796703925431,2.193
2026-07-29T07:44:17.785953+00:00,1,BOTH,687.5,47.5,525.0,21795,0.003880399705376476,0.7411017531396006,2.207
2026-07-29T07:44:17.886046+00:00,1,BOTH,686.5,46.5,524.9,22484,0.003728099218569696,0.7120145027668794,2.196
2026-07-29T07:44:17.936178+00:00,1,BOTH,687.5,47.5,525.0,21681,-0.005050387534138281,-0.9645529687053549,2.208
2026-07-29T07:44:18.086412+00:00,1,BOTH,687.0,47.0,525.0,21984,0.0010204610537039116,0.19489370511568993,2.206
2026-07-29T07:44:18.102959+00:00,1,BOTH,687.5,47.5,525.1,21536,0.0029307517161942086,0.5597323471288367,2.214
2026-07-29T07:44:18.119683+00:00,1,BOTH,687.5,47.5,525.2,21627,0.0034226865132222883,0.6536849726799492,2.219
2026-07-29T07:44:18.169703+00:00,1,BOTH,687.0,47.0,525.1,22265,0.0029632423410657794,0.5659375993917827,2.213
2026-07-29T07:44:18.319879+00:00,1,BOTH,687.0,47.0,525.1,22094,-0.0017560222334577701,-0.33537554236088923,2.209
2026-07-29T07:44:18.353310+00:00,1,BOTH,687.5,47.5,525.2,21851,-0.0010642528627067805,-0.20325732455938123,2.216
2026-07-29T07:44:18.403292+00:00,1,BOTH,687.0,47.0,525.2,21929,0.006191794632468372,1.1825456668406482,2.211
2026-07-29T07:44:18.520154+00:00,1,BOTH,687.0,47.0,525.1,22075,-0.011616503592813387,-2.218588761889215,2.208
2026-07-29T07:44:18.386769+00:00,1,BOTH,686.5,46.5,525.0,22404,0.005758587444433943,1.0998091884103047,2.197
2026-07-29T07:44:18.571187+00:00,1,BOTH,687.5,47.5,525.1,21713,-0.004095788871927653,-0.7822380537936766,2.209
2026-07-29T07:44:18.603583+00:00,1,BOTH,687.0,47.0,525.1,22038,0.010365127798286267,1.9795935898517678,2.206
2026-07-29T07:44:18.853881+00:00,1,BOTH,687.0,47.0,525.1,21926,0.001913141892728163,0.36538318687664606,2.205
2026-07-29T07:44:18.870633+00:00,1,BOTH,687.5,47.5,525.2,21629,0.0015984235834912398,0.30527641736075,2.214
2026-07-29T07:44:18.887091+00:00,1,BOTH,687.5,47.5,525.2,21647,0.0015397942424169742,0.294079038030122,2.219
2026-07-29T07:44:18.987326+00:00,1,BOTH,687.5,47.5,525.3,21872,-0.0056283815205097195,-1.0749416887154397,2.222
2026-07-29T07:44:18.921596+00:00,1,BOTH,687.0,47.0,525.2,22346,0.0,0.0,2.214
2026-07-29T07:44:18.903919+00:00,1,BOTH,688.0,48.0,525.4,21647,0.0,0.0,2.229
2026-07-29T07:44:19.220689+00:00,1,RIGHT,269.62,-370.38,525.4,10023,0.0,0.0,-1.771
2026-07-29T07:44:19.304312+00:00,1,BOTH,686.5,46.5,525.2,22670,-0.017803060195874423,-3.400134038803177,-0.191
2026-07-29T07:44:19.423960+00:00,1,BOTH,687.0,47.0,525.2,22063,-0.017803060195874423,-3.400134038803177,0.767
2026-07-29T07:44:19.287502+00:00,1,BOTH,686.5,46.5,525.0,22317,-0.017803060195874423,-3.400134038803177,1.332
2026-07-29T07:44:19.537874+00:00,1,BOTH,687.0,47.0,525.0,22075,-0.017803060195874423,-3.400134038803177,1.68
2026-07-29T07:44:19.471223+00:00,1,BOTH,687.0,47.0,525.0,22218,-0.017803060195874423,-3.400134038803177,1.889
2026-07-29T07:44:19.654799+00:00,1,BOTH,687.0,47.0,525.0,22051,-0.0026273324180874622,-0.5017835297810422,2.015
2026-07-29T07:44:19.621327+00:00,1,BOTH,687.5,47.5,525.1,21792,-0.002716297571769246,-0.5187746225467054,2.1
2026-07-29T07:44:19.738009+00:00,1,BOTH,687.0,47.0,525.1,22073,-0.002599284796433494,-0.49642682862720183,2.141
2026-07-29T07:44:19.821539+00:00,1,BOTH,687.0,47.0,525.1,22437,-0.0026219935799417725,-0.5007638868035373,2.166
2026-07-29T07:44:19.904998+00:00,1,BOTH,687.0,47.0,525.1,22237,0.006869257366342935,1.3119315182686715,2.181
2026-07-29T07:44:19.921625+00:00,1,BOTH,687.0,47.0,525.0,22004,-0.04867600367724663,-9.29643191423169,2.19
2026-07-29T07:44:20.071869+00:00,1,BOTH,687.0,47.0,525.0,22091,-0.01600049530301476,-3.055869503272143,2.195
2026-07-29T07:44:19.971659+00:00,1,BOTH,686.5,46.5,524.9,22825,0.012290339427636354,2.34728192662265,2.189
2026-07-29T07:44:20.205231+00:00,1,BOTH,687.5,47.5,525.0,21748,-0.030419743268867025,-5.809743010591918,2.204
2026-07-29T07:44:20.155186+00:00,1,BOTH,687.0,47.0,525.0,22019,-0.0015272367239231243,-0.291680728660605,2.204
2026-07-29T07:44:20.372023+00:00,1,BOTH,687.0,47.0,525.0,22186,0.0012948452900945996,0.24729723414937765,2.203
2026-07-29T07:44:20.455332+00:00,1,BOTH,687.5,47.5,525.1,21650,0.024209309102152476,4.623637454936618,2.213
2026-07-29T07:44:20.489403+00:00,1,BOTH,686.0,46.0,524.9,22730,-0.01723369876795914,-3.2913940160128843,2.19
2026-07-29T07:44:20.572195+00:00,1,BOTH,687.0,47.0,524.9,21977,0.0025816297263372688,0.493054958615464,2.195
2026-07-29T07:44:20.605567+00:00,1,BOTH,687.5,47.5,525.0,21667,0.023270921725197694,4.444418667443748,2.208
2026-07-29T07:44:20.705568+00:00,1,BOTH,687.5,47.5,525.1,21583,0.0,0.0,2.215
2026-07-29T07:44:20.722358+00:00,1,BOTH,687.5,47.5,525.2,22042,-0.009757366391131655,-1.863519711248797,2.22
2026-07-29T07:44:20.755870+00:00,1,BOTH,687.0,47.0,525.2,22122,-0.0002658543582583661,-0.05077444231121114,2.213
2026-07-29T07:44:20.922638+00:00,1,BOTH,687.5,47.5,525.2,21570,-0.0002661704835918499,-0.05083481780256376,2.219
2026-07-29T07:44:20.955782+00:00,1,BOTH,686.5,46.5,525.1,22530,-0.000262191433175758,-0.0500748751515243,2.203
2026-07-29T07:44:21.022782+00:00,1,BOTH,687.0,47.0,525.1,22228,-0.0031939087819773705,-0.6099916445235758,2.203
2026-07-29T07:44:20.972548+00:00,1,BOTH,687.0,47.0,525.1,22420,-0.003812963425880298,-0.7282223724689486,2.203
2026-07-29T07:44:21.189528+00:00,1,BOTH,687.5,47.5,525.1,21776,0.007517736344016157,1.4357818800141178,2.212
2026-07-29T07:44:21.206101+00:00,1,BOTH,687.5,47.5,525.2,21535,-0.012201433716109022,-2.3303021864722377,2.218
2026-07-29T07:44:21.239460+00:00,1,BOTH,688.0,48.0,525.4,21252,-8.9863613829948e-05,-0.01716268601416492,2.231
2026-07-29T07:44:21.289479+00:00,1,BOTH,687.0,47.0,525.3,22365,-9.058997675310821e-05,-0.017301411113804472,2.22
2026-07-29T07:44:21.372967+00:00,1,BOTH,687.5,47.5,525.3,21732,0.005904164427192882,1.1276123440980912,2.222
2026-07-29T07:44:21.456237+00:00,1,BOTH,687.5,47.5,525.4,21662,0.005904164427192882,1.1276123440980912,2.224
2026-07-29T07:44:21.473117+00:00,1,BOTH,687.0,47.0,525.3,22421,0.0032314964430406688,0.6171703589925598,2.216
2026-07-29T07:44:21.573222+00:00,1,BOTH,686.5,46.5,525.1,22622,0.003819577428948833,0.7294855540073273,2.201
2026-07-29T07:44:21.589661+00:00,1,BOTH,687.0,47.0,525.1,22313,-0.0012789631855321204,-0.2442639756119926,2.202
2026-07-29T07:44:21.689881+00:00,1,BOTH,687.5,47.5,525.2,21677,0.012975633725582157,2.4781634966115673,2.212
2026-07-29T07:44:21.723495+00:00,1,BOTH,687.0,47.0,525.2,22267,-0.007100209872878622,-1.3560401979102128,2.208
2026-07-29T07:44:21.806735+00:00,1,BOTH,686.5,46.5,525.0,22698,-0.0013179871907595953,-0.2517170116094285,2.197
2026-07-29T07:44:21.890087+00:00,1,BOTH,687.5,47.5,525.1,21897,-0.005794460695469752,-1.106660474682855,2.209
2026-07-29T07:44:22.057012+00:00,1,BOTH,687.5,47.5,525.2,21755,-0.00542832242381337,-1.0367332157357716,2.216
2026-07-29T07:44:22.090155+00:00,1,BOTH,687.0,47.0,525.2,22057,0.0016000786094809883,0.30559250404140686,2.211
2026-07-29T07:44:22.173758+00:00,1,BOTH,686.0,46.0,524.9,22841,-0.006019043507403694,-1.1495526322661724,2.189
2026-07-29T07:44:22.340609+00:00,1,BOTH,686.5,46.5,524.8,22635,-0.0011182876852217304,-0.21357721548219824,2.185
2026-07-29T07:44:22.373863+00:00,1,BOTH,686.5,46.5,524.8,22591,0.00904358014871832,1.7271965806995102,2.183
2026-07-29T07:44:22.407412+00:00,1,BOTH,687.0,47.0,524.8,22104,0.009432572223595344,1.8014885945478116,2.191
2026-07-29T07:44:22.440591+00:00,1,BOTH,686.5,46.5,524.8,22620,0.008756870261495351,1.672439025757684,2.187
2026-07-29T07:44:22.574053+00:00,1,BOTH,687.5,47.5,524.9,21765,0.009194257285853382,1.7559737941226867,2.203
2026-07-29T07:44:22.590672+00:00,1,BOTH,686.0,46.0,524.7,22845,4.223170981276782e-06,0.0008065662446309401,2.184
2026-07-29T07:44:22.657654+00:00,1,BOTH,687.0,47.0,524.8,21885,0.001405786166433245,0.2684853807816682,2.192
2026-07-29T07:44:22.757561+00:00,1,BOTH,687.5,47.5,524.9,21914,-0.0037456222402397544,-0.7153611533869149,2.206
2026-07-29T07:44:22.891032+00:00,1,BOTH,687.0,47.0,524.9,22318,0.012965308289030872,2.476191483491505,2.205
2026-07-29T07:44:22.941093+00:00,1,BOTH,687.5,47.5,525.1,22062,0.0004629446110629942,0.08841590787411656,2.213
2026-07-29T07:44:23.024423+00:00,1,BOTH,686.5,46.5,524.9,22694,-0.02034654700662941,-3.885904237148013,2.2
2026-07-29T07:44:23.041099+00:00,1,BOTH,687.5,47.5,525.1,21826,-0.0027652595906693025,-0.5281256793447489,2.211
2026-07-29T07:44:23.091384+00:00,1,BOTH,687.0,47.0,525.0,22321,0.010970431171517702,2.0951980185557453,2.208
2026-07-29T07:44:23.157744+00:00,1,BOTH,686.0,46.0,524.8,22896,0.0009496634993047337,0.1813723682259541,2.187
2026-07-29T07:44:23.174548+00:00,1,BOTH,686.5,46.5,524.8,22324,0.0009495639110173215,0.18135334826409524,2.184
2026-07-29T07:44:23.191278+00:00,1,BOTH,687.0,47.0,524.8,22024,0.0009402847489036504,0.1795811588423251,2.192
2026-07-29T07:44:23.241316+00:00,1,BOTH,687.0,47.0,524.9,22203,0.0009639517143295961,0.18410121628495418,2.196
2026-07-29T07:44:23.391428+00:00,1,BOTH,686.5,46.5,524.8,22547,0.0009900563076735125,0.1890868263666599,2.19
2026-07-29T07:44:23.408015+00:00,1,BOTH,687.0,47.0,524.8,22127,0.0009301806734947605,0.17765142258628738,2.195
2026-07-29T07:44:23.441537+00:00,1,BOTH,687.0,47.0,524.9,22188,0.0009580710578302388,0.18297809362435635,2.198
2026-07-29T07:44:23.591771+00:00,1,BOTH,687.0,47.0,524.9,22043,0.0009416426994357607,0.17984050828991666,2.2
2026-07-29T07:44:23.608779+00:00,1,BOTH,687.5,47.5,525.0,21937,0.0009515775489853695,0.1817379247875501,2.211
2026-07-29T07:44:23.676485+00:00,1,BOTH,687.0,47.0,525.0,22264,0.009433176828169963,1.8016040655158114,2.208
2026-07-29T07:44:23.775119+00:00,1,BOTH,686.5,46.5,524.9,22380,0.001456509114796063,0.27817275033383315,2.196
2026-07-29T07:44:23.758378+00:00,1,BOTH,687.0,47.0,524.9,22241,-0.02557042199456191,-4.883590868856301,2.199
2026-07-29T07:44:23.708239+00:00,1,BOTH,687.5,47.5,525.0,21721,-0.022507311251392822,-4.2985798096404,2.21
2026-07-29T07:44:23.942052+00:00,1,BOTH,687.5,47.5,525.1,21402,0.0005875392916641431,0.11221173903487104,2.217
2026-07-29T07:44:24.041847+00:00,1,BOTH,687.5,47.5,525.2,21751,-0.0015561344304296655,-0.29719978406204683,2.221
2026-07-29T07:44:24.091984+00:00,1,BOTH,688.0,48.0,525.4,21323,0.017562321756631718,3.354156383685932,2.232
2026-07-29T07:44:24.208684+00:00,1,BOTH,687.0,47.0,525.3,22209,-0.0005854655304574407,-0.11181567981866436,2.221
2026-07-29T07:44:24.225455+00:00,1,BOTH,688.0,48.0,525.4,21326,-0.0027176318425335922,-0.5190294494917879,2.232
2026-07-29T07:44:24.258900+00:00,1,BOTH,686.5,46.5,525.2,22691,0.01782057345029898,3.4034788240167306,2.211
2026-07-29T07:44:24.292155+00:00,1,BOTH,687.5,47.5,525.3,21824,0.02500687632127665,4.77596157338262,2.217
2026-07-29T07:44:24.458972+00:00,1,BOTH,687.0,47.0,525.2,22070,-0.008440545913181267,-1.6120255253722733,2.212
2026-07-29T07:44:24.559036+00:00,1,BOTH,687.5,47.5,525.3,21753,-0.0017642783635528757,-0.33695234705942423,2.218
2026-07-29T07:44:24.592175+00:00,1,BOTH,686.5,46.5,525.1,22391,-0.0017642783635528757,-0.33695234705942423,2.202
2026-07-29T07:44:24.642397+00:00,1,BOTH,687.5,47.5,525.2,22130,0.02507070806605043,4.788152538630933,2.212
2026-07-29T07:44:24.842447+00:00,1,BOTH,687.0,47.0,525.2,21960,0.00403373040666338,0.7703857599846697,2.209
2026-07-29T07:44:24.925926+00:00,1,BOTH,686.5,46.5,525.0,22522,0.03452544967651192,6.593875174184822,2.197
2026-07-29T07:44:25.075731+00:00,1,BOTH,687.5,47.5,525.1,21895,0.028871887975838034,5.514124425300095,2.209
2026-07-29T07:44:25.109099+00:00,1,BOTH,687.5,47.5,525.2,21810,0.01691155202453956,3.229868520073466,2.216
2026-07-29T07:44:25.225340+00:00,1,BOTH,687.5,47.5,525.3,21725,-0.03501263674697839,-6.686921050755059,2.22
2026-07-29T07:44:25.192257+00:00,1,BOTH,688.0,48.0,525.4,21251,0.017884412514977157,3.415671187263804,2.232
2026-07-29T07:44:25.142318+00:00,1,BOTH,686.5,46.5,525.2,22609,-0.00816730065853335,-1.5598395258279296,2.211
2026-07-29T07:44:25.375201+00:00,1,BOTH,687.5,47.5,525.3,21631,0.011585274353274144,2.212624416479209,2.217
2026-07-29T07:44:25.408522+00:00,1,BOTH,688.0,48.0,525.4,21363,0.005011679732706398,0.9571603231844305,2.23
2026-07-29T07:44:25.458408+00:00,1,BOTH,686.0,46.0,525.1,22699,0.0016228120785672217,0.3099342768158479,2.201
2026-07-29T07:44:25.608187+00:00,1,BOTH,687.0,47.0,525.1,22240,-0.0014718618686310947,-0.2811049103293351,2.202
2026-07-29T07:44:25.641515+00:00,1,BOTH,686.0,46.0,524.9,22751,0.0025673456845106556,0.49032690757861974,2.184
2026-07-29T07:44:25.708012+00:00,1,BOTH,686.5,46.5,524.8,22368,-0.027310448221396656,-5.215911398988647,2.182
2026-07-29T07:44:25.741296+00:00,1,BOTH,687.5,47.5,524.9,21742,0.005767143656557891,1.1014433045547076,2.2
2026-07-29T07:44:25.791259+00:00,1,BOTH,687.5,47.5,525.1,21896,0.013452145011508492,2.5691704485246696,2.211
2026-07-29T07:44:25.807804+00:00,1,BOTH,687.0,47.0,525.0,22305,0.003988972746883519,0.7618376766304414,2.208
2026-07-29T07:44:25.974939+00:00,1,BOTH,687.0,47.0,525.0,22087,0.0029587775748223066,0.5650848918509044,2.206
2026-07-29T07:44:25.841135+00:00,1,BOTH,687.5,47.5,525.1,21486,4.0616418264107775e-05,0.00775716448490483,2.214
2026-07-29T07:44:26.107359+00:00,1,BOTH,687.5,47.5,525.2,21836,-0.024160880781710147,-4.614388327035775,2.219
2026-07-29T07:44:26.140666+00:00,1,BOTH,688.5,48.5,525.3,21118,0.00163291959092021,0.31186466947985647,2.241
2026-07-29T07:44:26.273661+00:00,1,BOTH,688.0,48.0,525.4,22953,-0.05994807024020701,-11.44923804905891,2.244
2026-07-29T07:44:26.290304+00:00,1,BOTH,688.0,48.0,525.7,22450,0.003471591123379767,0.663025065215803,2.247
2026-07-29T07:44:26.306964+00:00,1,BOTH,687.0,47.0,525.8,21416,-0.07387414690572769,-14.108922776092088,2.229
2026-07-29T07:44:26.473514+00:00,1,BOTH,688.0,48.0,525.6,21964,0.021303595965728162,4.068687124293836,2.238
2026-07-29T07:44:26.490060+00:00,1,BOTH,689.0,49.0,525.9,21139,0.036652320532593874,7.000077586261063,2.261
2026-07-29T07:44:26.506665+00:00,1,BOTH,688.0,48.0,526.1,21142,0.014914724547415971,2.84850256389034,2.257
2026-07-29T07:44:26.573354+00:00,1,BOTH,688.0,48.0,525.9,22291,0.0674844182166271,12.888574489028342,2.254
2026-07-29T07:44:26.722977+00:00,1,BOTH,687.0,47.0,525.9,21640,-0.00807198673253879,-1.5416359068668943,2.234
2026-07-29T07:44:26.739663+00:00,1,BOTH,688.0,48.0,525.9,21334,0.006486517428420484,1.2388335746218193,2.24
2026-07-29T07:44:26.839526+00:00,1,BOTH,686.5,46.5,525.8,22025,0.019613216631114483,3.745848452128849,2.216
2026-07-29T07:44:26.889331+00:00,1,BOTH,688.5,48.5,525.6,22101,0.03814873308176175,7.2858713311868355,2.239
2026-07-29T07:44:26.956042+00:00,1,BOTH,687.0,47.0,525.5,22117,0.02135350091382861,4.078218267303753,2.225
2026-07-29T07:44:27.005741+00:00,1,RIGHT,264.54,-375.46,525.5,8822,-0.03322697634808719,-6.345885035754683,-1.775
2026-07-29T07:44:27.022733+00:00,1,BOTH,687.5,47.5,525.5,21879,0.017550981189124286,3.3519904948344017,-0.175
2026-07-29T07:44:27.039226+00:00,1,BOTH,686.0,46.0,525.4,22812,-0.025584404439432547,-4.886261319117506,0.758
2026-07-29T07:44:27.089005+00:00,1,BOTH,687.5,47.5,525.2,22675,0.010359231308102608,1.9784674431802214,1.345
2026-07-29T07:44:27.105877+00:00,1,BOTH,687.0,47.0,525.2,22312,0.0017877154395682738,0.3414284988587895,1.688
2026-07-29T07:44:27.338925+00:00,1,BOTH,688.0,48.0,525.3,21349,0.01353067663963884,2.584168884691869,1.913
2026-07-29T07:44:27.388692+00:00,1,BOTH,688.0,48.0,525.5,21419,0.002855551460525021,0.545370156235006,2.048
2026-07-29T07:44:27.471884+00:00,1,BOTH,688.5,48.5,525.5,21335,0.0313052544517268,5.978863188890259,2.138
2026-07-29T07:44:27.488670+00:00,1,BOTH,687.0,47.0,525.4,22135,0.018016394153237344,3.4408778234155744,2.164
2026-07-29T07:44:27.571752+00:00,1,BOTH,687.5,47.5,525.2,21992,0.06050403466448188,11.555419432626811,2.189
2026-07-29T07:44:27.621836+00:00,1,BOTH,687.0,47.0,525.2,22007,0.0020363954827189445,0.3889228885976716,2.195
2026-07-29T07:44:27.771604+00:00,1,BOTH,689.0,49.0,525.1,21538,-0.04823039952665567,-9.21132779035711,2.236
2026-07-29T07:44:27.854604+00:00,1,BOTH,687.5,47.5,525.0,21919,-0.014694701835978777,-2.8064813213490867,2.232
2026-07-29T07:44:27.921256+00:00,1,BOTH,688.0,48.0,525.0,21707,0.00014578504255041485,0.02784289218091298,2.239
2026-07-29T07:44:27.987914+00:00,1,BOTH,686.0,46.0,524.8,22449,0.05874091191217303,11.218687791057523,2.206
2026-07-29T07:44:28.004496+00:00,1,BOTH,687.5,47.5,524.9,21861,0.006878568773390725,1.313709866019227,2.214
2026-07-29T07:44:28.087783+00:00,1,BOTH,687.5,47.5,525.1,21628,0.006878568773390725,1.313709866019227,2.219
2026-07-29T07:44:28.104361+00:00,1,BOTH,686.5,46.5,525.1,22001,0.0032633016083855183,0.6232446981291452,2.203
2026-07-29T07:44:28.137713+00:00,1,BOTH,688.5,48.5,525.2,21311,0.02254363153129816,4.305516472138099,2.231
2026-07-29T07:44:28.120974+00:00,1,BOTH,686.5,46.5,525.1,22613,-0.00975256678997539,-1.8626030549501298,2.211
2026-07-29T07:44:28.420644+00:00,1,BOTH,689.0,49.0,525.3,21207,0.009380382969975471,1.7915211813199563,2.245
2026-07-29T07:44:28.437168+00:00,1,BOTH,687.0,47.0,525.2,22553,-0.005942706067289691,-1.1349732551416223,2.228
2026-07-29T07:44:28.487204+00:00,1,BOTH,687.0,47.0,525.2,22041,0.021739009117009118,4.151844910670136,2.218
2026-07-29T07:44:28.503824+00:00,1,BOTH,688.0,48.0,525.3,21027,-0.008873655228526331,-1.6947433114958494,2.231
2026-07-29T07:44:28.537174+00:00,1,BOTH,687.5,47.5,525.2,22029,0.00018717790720984334,0.03574834700405122,2.229
2026-07-29T07:44:28.586935+00:00,1,BOTH,688.0,48.0,525.3,21110,0.002429377171793021,0.4639768626305615,2.238
2026-07-29T07:44:28.770203+00:00,1,BOTH,688.0,48.0,525.5,21073,-0.005525087541900575,-1.0552139919707113,2.243
2026-07-29T07:44:28.836788+00:00,1,BOTH,689.0,49.0,525.6,21188,0.004789466261863709,0.9147206764169655,2.264
2026-07-29T07:44:28.853310+00:00,1,BOTH,687.5,47.5,525.6,21880,-0.0048241024860180915,-0.9213357079580162,2.249
2026-07-29T07:44:28.886666+00:00,1,BOTH,687.5,47.5,525.5,21973,0.0016618680848478106,0.3173934245642285,2.24
2026-07-29T07:44:28.936602+00:00,1,BOTH,689.0,49.0,525.6,21224,0.023211830041836946,4.433132987240767,2.263
2026-07-29T07:44:28.986564+00:00,1,BOTH,687.5,47.5,525.6,21659,0.00568459378555417,1.085677440528499,2.248
2026-07-29T07:44:29.036377+00:00,1,BOTH,688.5,48.5,525.6,21563,-0.022463090095643564,-4.290134191008323,2.258
2026-07-29T07:44:29.053140+00:00,1,BOTH,688.5,48.5,525.6,21336,-0.010864399679703637,-2.0749474953010063,2.264
2026-07-29T07:44:29.253152+00:00,1,BOTH,688.5,48.5,525.6,21449,0.0006111945182783529,0.11672955452960357,2.268
2026-07-29T07:44:29.302830+00:00,1,BOTH,688.0,48.0,525.6,21558,0.0019242332223802804,0.3675014748041615,2.261
2026-07-29T07:44:29.388552+00:00,1,BOTH,687.5,47.5,525.6,21886,0.007253528723522322,1.3853219414491482,2.247
2026-07-29T07:44:29.169478+00:00,1,BOTH,688.5,48.5,525.6,21647,-0.019510486843064428,-3.72622850784371,2.258
2026-07-29T07:44:29.469238+00:00,1,BOTH,688.0,48.0,525.5,21812,0.00693822401430225,1.3251031777861155,2.255
2026-07-29T07:44:29.485916+00:00,1,BOTH,688.0,48.0,525.4,21917,-0.009935021267156117,-1.897449293269202,2.253
2026-07-29T07:44:29.669212+00:00,1,BOTH,688.0,48.0,525.5,21482,0.010654060686938464,2.034775706792749,2.252
2026-07-29T07:44:29.702506+00:00,1,BOTH,688.5,48.5,525.5,21242,0.04104798846063204,7.839588320986402,2.26
2026-07-29T07:44:29.818728+00:00,1,BOTH,688.5,48.5,525.5,21317,-0.014987982751335949,-2.8624938502214183,2.266
2026-07-29T07:44:29.835550+00:00,1,BOTH,688.0,48.0,525.4,21862,0.0018840247974731027,0.3598222313106616,2.259
2026-07-29T07:44:29.901959+00:00,1,BOTH,687.0,47.0,525.3,22306,0.015242775736842304,2.911155725951592,2.237
2026-07-29T07:44:29.968652+00:00,1,BOTH,687.5,47.5,525.4,21461,0.00324982569902204,0.6206709890237181,2.233
2026-07-29T07:44:29.985387+00:00,1,BOTH,687.5,47.5,525.4,21575,-0.01817087533418089,-3.4703815556897815,2.23
2026-07-29T07:44:30.001877+00:00,1,BOTH,688.0,48.0,525.3,22021,0.00320764425676316,0.6126149269730229,2.238
2026-07-29T07:44:30.118430+00:00,1,BOTH,688.0,48.0,525.2,21797,0.022428118254465515,4.28345506133731,2.243
2026-07-29T07:44:30.284998+00:00,1,BOTH,688.0,48.0,525.4,21291,-0.007809162181802094,-1.4914401151681123,2.246
2026-07-29T07:44:30.151820+00:00,1,BOTH,687.0,47.0,525.3,22308,0.05298751146066934,10.119869245324777,2.229
2026-07-29T07:44:30.351546+00:00,1,BOTH,688.0,48.0,525.5,21152,-0.04124803334008902,-7.8777940786733645,2.237
2026-07-29T07:44:30.451438+00:00,1,BOTH,688.5,48.5,525.5,21092,-0.013598745800554752,-2.597169136810131,2.252
2026-07-29T07:44:30.468050+00:00,1,BOTH,688.0,48.0,525.6,21534,-0.02447090654168278,-4.673598885658335,2.251
2026-07-29T07:44:30.551327+00:00,1,BOTH,685.0,45.0,525.3,22674,0.0013218741689343006,0.25245936975766203,2.194
2026-07-29T07:44:30.568083+00:00,1,BOTH,686.5,46.5,525.3,22119,-0.03142390690278262,-6.0015241378048625,2.188
2026-07-29T07:44:30.418151+00:00,1,BOTH,688.0,48.0,525.4,21445,-0.004463161863386631,-0.8524011268526601,2.213
2026-07-29T07:44:30.651224+00:00,1,BOTH,688.5,48.5,525.7,20757,-0.023315016329288483,-4.452840116489424,2.237
2026-07-29T07:44:30.717876+00:00,1,BOTH,687.5,47.5,525.6,21867,-0.04153292427770793,-7.932204239830326,2.233
2026-07-29T07:44:30.850943+00:00,1,BOTH,687.0,47.0,525.5,22439,0.015052405027672648,2.87479759869048,2.221
2026-07-29T07:44:30.884374+00:00,1,BOTH,687.5,47.5,525.3,22018,0.017502126183826475,3.342659876128889,2.223
2026-07-29T07:44:30.934297+00:00,1,BOTH,686.5,46.5,525.1,22272,0.017057799716712906,3.2577997718236693,2.206
2026-07-29T07:44:31.084146+00:00,1,BOTH,687.25,47.25,525.3,21831,0.017057799716712906,3.2577997718236693,2.209
2026-07-29T07:44:30.967697+00:00,1,BOTH,687.0,47.0,525.2,21703,0.017057799716712906,3.2577997718236693,2.207
2026-07-29T07:44:30.900868+00:00,1,BOTH,688.5,48.5,525.3,21008,0.017057799716712906,3.2577997718236693,2.234
2026-07-29T07:44:31.134035+00:00,1,BOTH,687.0,47.0,525.2,21932,0.017057799716712906,3.2577997718236693,2.221
2026-07-29T07:44:31.250548+00:00,1,BOTH,686.5,46.5,525.3,22021,0.008405650267377496,1.6053609479458082,2.205
2026-07-29T07:44:31.267229+00:00,1,BOTH,688.0,48.0,525.2,21589,-0.04241313916863874,-8.100312900880004,2.223
2026-07-29T07:44:31.417541+00:00,1,BOTH,688.0,48.0,525.4,21241,-0.003168937573209405,-0.6052224949510941,2.234
2026-07-29T07:44:31.500373+00:00,1,BOTH,687.5,47.5,525.4,21733,-0.0014748214697465302,-0.28167015250585736,2.231
2026-07-29T07:44:31.300504+00:00,1,BOTH,688.0,48.0,525.5,21051,-0.012560501080006361,-2.3988790015129227,2.239
2026-07-29T07:44:31.566789+00:00,1,BOTH,688.5,48.5,525.5,21593,0.034852138035930694,6.656268054887317,2.252
2026-07-29T07:44:31.616716+00:00,1,BOTH,687.5,47.5,525.5,21663,-0.000628472713578958,-0.12002944675736171,2.242
2026-07-29T07:44:31.716673+00:00,1,BOTH,689.0,49.0,525.6,21325,0.0021588656841777265,0.4123129741300221,2.264
2026-07-29T07:44:31.733367+00:00,1,BOTH,688.0,48.0,525.5,21857,-0.014050220120698214,-2.6833943804859928,2.258
2026-07-29T07:44:31.866827+00:00,1,BOTH,688.0,48.0,525.4,21822,-0.022498114807531236,-4.296823418241074,2.255
2026-07-29T07:44:31.666691+00:00,1,BOTH,688.5,48.5,525.4,21606,0.006276172532234341,1.1986606586432078,2.262
2026-07-29T07:44:31.916691+00:00,1,BOTH,686.5,46.5,525.2,22518,-0.018278976092115044,-3.491027279662422,2.229
2026-07-29T07:44:32.066406+00:00,1,BOTH,688.0,48.0,525.4,21321,-0.017215148184914143,-3.2878511156262666,2.238
2026-07-29T07:44:32.183008+00:00,1,BOTH,688.5,48.5,525.6,20894,0.029304324188269674,5.596713658236615,2.252
2026-07-29T07:44:32.216276+00:00,1,BOTH,688.0,48.0,525.5,21957,0.018327908457140437,3.5003726729875844,2.251
2026-07-29T07:44:32.232983+00:00,1,BOTH,688.0,48.0,525.4,22036,-0.003912315899506211,-0.747197297212114,2.251
2026-07-29T07:44:32.332882+00:00,1,BOTH,688.5,48.5,525.4,21403,0.009218577691608516,1.760618649475403,2.26
2026-07-29T07:44:32.349352+00:00,1,BOTH,688.0,48.0,525.3,22097,-0.02160055421292782,-4.125401971814313,2.256
2026-07-29T07:44:32.366057+00:00,1,BOTH,687.5,47.5,525.4,21982,0.007409877341706306,1.4151823279646303,2.244
2026-07-29T07:44:32.382863+00:00,1,BOTH,688.0,48.0,525.3,21845,0.001379597016784828,0.2634836216353655,2.246
2026-07-29T07:44:32.565859+00:00,1,BOTH,688.0,48.0,525.2,21787,-0.016744070444256066,-3.197881894418713,2.248
2026-07-29T07:44:32.582648+00:00,1,BOTH,689.0,49.0,525.4,20923,0.01605507671600208,3.06629378528559,2.267
2026-07-29T07:44:32.615916+00:00,1,BOTH,688.0,48.0,525.5,21529,-0.00020001567267172505,-0.03820017960186668,2.26
2026-07-29T07:44:32.649197+00:00,1,BOTH,688.0,48.0,525.4,21702,0.011363917645066977,2.1703483993219437,2.256
2026-07-29T07:44:32.799013+00:00,1,BOTH,688.5,48.5,525.4,21454,0.004463161183521152,0.8524009970079182,2.263
2026-07-29T07:44:32.632669+00:00,1,BOTH,687.5,47.5,525.4,21422,-0.0018755932617932557,-0.3582119266130976,2.249
2026-07-29T07:44:32.866180+00:00,1,BOTH,688.5,48.5,525.5,21599,-0.004072509184479714,-0.7777919609965079,2.258
2026-07-29T07:44:32.882331+00:00,1,BOTH,689.0,49.0,525.6,20793,0.005484684394323267,1.0474975591866313,2.274
2026-07-29T07:44:33.032026+00:00,1,BOTH,688.0,48.0,525.6,21425,-0.014380668877856806,-2.7465054442544283,2.264
2026-07-29T07:44:33.065519+00:00,1,BOTH,689.5,49.5,525.6,20978,0.02598304442828521,4.962395948805505,2.287
2026-07-29T07:44:33.098614+00:00,1,BOTH,689.0,49.0,525.7,21257,-0.022484099357388914,-4.294146664437304,2.291
2026-07-29T07:44:33.165424+00:00,1,BOTH,689.0,49.0,525.8,21172,-0.004145890355575829,-0.7918067323282906,2.293
2026-07-29T07:44:33.248423+00:00,1,BOTH,689.0,49.0,525.8,21093,-0.011316613387316465,-2.1613139515815996,2.295
2026-07-29T07:44:33.281989+00:00,1,BOTH,687.5,47.5,525.5,22147,7.663084601517768e-05,0.014635413523955277,2.267
2026-07-29T07:44:33.298539+00:00,1,BOTH,688.0,48.0,525.6,21369,-0.01762063439004123,-3.3652932763081274,2.26
2026-07-29T07:44:33.381887+00:00,1,BOTH,689.0,49.0,525.7,21025,-0.026816210011020303,-5.1215188538931,2.275
2026-07-29T07:44:33.431734+00:00,1,BOTH,688.5,48.5,525.7,21522,0.012339212358929217,2.3566159689410298,2.274
2026-07-29T07:44:33.548354+00:00,1,BOTH,688.0,48.0,525.7,21502,-0.019316361236851664,-3.6891532480723437,2.265
2026-07-29T07:44:33.565002+00:00,1,BOTH,688.5,48.5,525.7,21608,0.011011222451925278,2.1029885792500416,2.268
2026-07-29T07:44:33.648176+00:00,1,BOTH,688.5,48.5,525.6,21986,0.03094750661868602,5.910538385679633,2.27
2026-07-29T07:44:33.764792+00:00,1,BOTH,687.0,47.0,525.5,22486,-0.00011971544241532687,-0.022863965309798905,2.243
2026-07-29T07:44:33.848184+00:00,1,BOTH,688.5,48.5,525.5,21303,0.010748776557156815,2.05286510551415,2.255
2026-07-29T07:44:33.864614+00:00,1,BOTH,689.0,49.0,525.6,21062,-0.01293300842284225,-2.4700226634533538,2.272
2026-07-29T07:44:33.914578+00:00,1,BOTH,687.0,47.0,525.5,22184,-0.017599707839544863,-3.3612965995640964,2.244
2026-07-29T07:44:34.014750+00:00,1,BOTH,687.5,47.5,525.5,21815,-0.0005173600214766339,-0.0988084857313625,2.237
2026-07-29T07:44:33.898134+00:00,1,BOTH,688.0,48.0,525.6,21190,0.010847907010465861,2.07179762750024,2.242
2026-07-29T07:44:34.048261+00:00,1,BOTH,688.0,48.0,525.5,21546,0.0068394385587453145,1.3062365455171503,2.245
2026-07-29T07:44:34.131183+00:00,1,BOTH,688.0,48.0,525.4,21662,0.001392134721390903,0.26587814683106487,2.247
2026-07-29T07:44:34.264450+00:00,1,BOTH,688.0,48.0,525.3,21845,-0.0037087808980140833,-0.708324975316488,2.248
2026-07-29T07:44:34.347684+00:00,1,BOTH,688.0,48.0,525.2,21607,0.0219103464204818,4.184567925210592,2.249
2026-07-29T07:44:34.364353+00:00,1,BOTH,689.0,49.0,525.4,20817,-0.003258805717341602,-0.622386046189255,2.268
2026-07-29T07:44:34.397870+00:00,1,BOTH,689.0,49.0,525.5,21107,0.007463843198493123,1.425489047403604,2.28
2026-07-29T07:44:34.497576+00:00,1,BOTH,689.0,49.0,525.6,20951,-0.0018500130297616124,-0.35332646216516916,2.287
2026-07-29T07:44:34.514162+00:00,1,BOTH,688.5,48.5,525.6,21363,-0.008718427241110476,-1.6650969496917216,2.281
2026-07-29T07:44:34.597376+00:00,1,BOTH,689.0,49.0,525.7,21067,-0.006175427722046152,-1.1794198172044417,2.288
2026-07-29T07:44:34.631029+00:00,1,BOTH,689.0,49.0,525.7,21220,0.007544111907482148,1.4408192415770533,2.291
2026-07-29T07:44:34.730777+00:00,1,BOTH,688.5,48.5,525.9,21201,0.05333005335181951,10.185289927555893,2.284
2026-07-29T07:44:34.747271+00:00,1,BOTH,688.5,48.5,525.8,21920,0.0034033760672900824,0.6499969491718459,2.28
2026-07-29T07:44:34.780573+00:00,1,RIGHT,263.19,-376.81,525.8,8449,0.00017655905103310942,0.03372029486344029,-1.72
2026-07-29T07:44:34.797453+00:00,1,BOTH,687.5,47.5,525.5,22613,0.004711642422480508,0.8998574179430943,-0.141
2026-07-29T07:44:34.847297+00:00,1,BOTH,687.5,47.5,525.5,22154,-0.005132702041883022,-0.9802738816602568,0.806
2026-07-29T07:44:34.963811+00:00,1,BOTH,687.5,47.5,525.5,21990,0.009165419267956167,1.75046613840591,1.374
2026-07-29T07:44:35.013764+00:00,1,BOTH,688.0,48.0,525.4,21873,-0.0017752688698237761,-0.33905137913953975,1.724
2026-07-29T07:44:35.080460+00:00,1,BOTH,688.0,48.0,525.3,22289,-0.0031950981286354365,-0.610218793003193,1.935
2026-07-29T07:44:35.163809+00:00,1,BOTH,688.0,48.0,525.3,22002,0.0059764867393823804,1.141424888275044,2.061
2026-07-29T07:44:35.246832+00:00,1,BOTH,687.5,47.5,525.3,21912,-0.006807126250350848,-1.3000653491927232,2.127
2026-07-29T07:44:35.263829+00:00,1,BOTH,687.0,47.0,525.3,22174,-0.000983948411885649,-0.18792030419882552,2.158
2026-07-29T07:44:35.330403+00:00,1,BOTH,688.0,48.0,525.2,21954,-0.008290307400748133,-1.5833320830964654,2.195
2026-07-29T07:44:35.363663+00:00,1,BOTH,688.0,48.0,525.2,21996,0.01631763970013708,3.1164396214432424,2.217
2026-07-29T07:44:35.430197+00:00,1,BOTH,687.0,47.0,525.1,22330,-0.005310126112308353,-1.014159383058268,2.211
2026-07-29T07:44:35.513818+00:00,1,BOTH,687.5,47.5,525.2,21991,-0.0018504813208710404,-0.35341589917901495,2.217
2026-07-29T07:44:35.596666+00:00,1,BOTH,688.5,48.5,525.3,21482,0.0012269301223568618,0.23432639256172622,2.24
2026-07-29T07:44:35.629934+00:00,1,BOTH,688.0,48.0,525.2,22097,0.009748478578403592,1.8618222640540614,2.244
2026-07-29T07:44:35.746624+00:00,1,BOTH,688.5,48.5,525.3,21599,-0.004565762532874941,-0.8719964113089831,2.256
2026-07-29T07:44:35.846503+00:00,1,BOTH,687.5,47.5,525.1,22449,0.031178794926963748,5.954711198729749,2.244
2026-07-29T07:44:35.913093+00:00,1,BOTH,687.5,47.5,525.0,21921,-0.00955608850781573,-1.825078467171033,2.237
2026-07-29T07:44:35.929850+00:00,1,BOTH,688.5,48.5,525.1,21427,3.2074174960143803e-05,0.006125716188601418,2.252
2026-07-29T07:44:35.696585+00:00,1,BOTH,687.5,47.5,525.0,22214,-0.005027440539561212,-0.9601704155661028,2.242
2026-07-29T07:44:35.996538+00:00,1,BOTH,686.0,46.0,524.8,22685,-0.02886045347491745,-5.511940596488136,2.207
2026-07-29T07:44:36.079669+00:00,1,BOTH,687.5,47.5,524.9,22110,0.0029911968624219297,0.5712765196985017,2.215
2026-07-29T07:44:36.229566+00:00,1,BOTH,688.0,48.0,524.9,21944,0.0002791251550661399,0.05330897780408155,2.229
2026-07-29T07:44:36.279578+00:00,1,BOTH,687.5,47.5,524.9,22511,0.019137322066817432,3.6549592853707216,2.228
2026-07-29T07:44:36.296264+00:00,1,BOTH,688.0,48.0,525.1,21383,0.0003639696235768498,0.06951307767306251,2.237
2026-07-29T07:44:36.346238+00:00,1,BOTH,688.0,48.0,525.1,21727,0.041574038979015314,7.940056569366506,2.242
2026-07-29T07:44:36.379349+00:00,1,BOTH,687.0,47.0,524.9,22630,-0.00797024923376739,-1.5222054758741657,2.227
2026-07-29T07:44:36.496123+00:00,1,BOTH,688.0,48.0,524.9,21851,0.0036405528616160155,0.6952943802162405,2.236
2026-07-29T07:44:36.512823+00:00,1,BOTH,688.5,48.5,525.2,20975,-0.0192950575100258,-3.685084535955605,2.251
2026-07-29T07:44:36.546099+00:00,1,BOTH,687.0,47.0,525.2,22379,-0.008685095980763436,-1.6587311478792643,2.232
2026-07-29T07:44:36.645974+00:00,1,BOTH,688.0,48.0,525.3,21456,-0.03481993980822153,-6.650118646368863,2.239
2026-07-29T07:44:36.662639+00:00,1,BOTH,688.0,48.0,525.3,21844,0.07392015073797666,14.1177088608564,2.243
2026-07-29T07:44:36.745962+00:00,1,BOTH,687.0,47.0,525.2,22058,0.010813508569262921,2.0652280091577153,2.227
2026-07-29T07:44:36.795770+00:00,1,BOTH,688.0,48.0,525.2,21944,0.02891522739082575,5.522401643851302,2.236
2026-07-29T07:44:36.812534+00:00,1,BOTH,687.0,47.0,524.9,22296,0.01115858574397862,2.131132894882742,2.223
2026-07-29T07:44:36.846201+00:00,1,BOTH,687.0,47.0,524.9,22352,0.035693389566149564,6.816935262188862,2.215
2026-07-29T07:44:36.946603+00:00,1,BOTH,687.5,47.5,524.9,22569,0.00712806383613497,1.3613599130345502,2.22
2026-07-29T07:44:36.862478+00:00,1,BOTH,687.0,47.0,524.9,22217,0.025013929568231105,4.777308644323799,2.213
2026-07-29T07:44:36.829276+00:00,1,BOTH,688.0,48.0,524.9,22031,0.02259743179194629,4.315791565044238,2.228
2026-07-29T07:44:37.012311+00:00,1,BOTH,688.5,48.5,524.8,21900,0.014508981695398689,2.7710113872630355,2.246
2026-07-29T07:44:37.129183+00:00,1,BOTH,689.0,49.0,524.9,21339,-0.003119132715073647,-0.5957104677163384,2.266
2026-07-29T07:44:37.245453+00:00,1,BOTH,688.0,48.0,524.7,22259,0.011830617235973477,2.259481455520026,2.26
2026-07-29T07:44:37.262346+00:00,1,BOTH,688.0,48.0,524.8,21982,-0.015642813937738538,-2.9875573944694613,2.256
2026-07-29T07:44:37.295638+00:00,1,BOTH,688.0,48.0,524.8,22292,-0.0018381747233797796,-0.3510655121909631,2.254
2026-07-29T07:44:37.345582+00:00,1,BOTH,687.0,47.0,524.6,22986,-0.009673669037874788,-1.84753469425535,2.233
2026-07-29T07:44:37.395457+00:00,1,BOTH,688.0,48.0,524.5,22421,0.012751278998330236,2.435314899993755,2.24
2026-07-29T07:44:37.428882+00:00,1,BOTH,687.5,47.5,524.5,22513,-0.01161548494361341,-2.218394214222671,2.235
2026-07-29T07:44:37.562139+00:00,1,BOTH,688.0,48.0,524.6,21930,0.0027815116761485113,0.5312295990322304,2.241
2026-07-29T07:44:37.578666+00:00,1,BOTH,688.0,48.0,524.7,21646,-0.004025697031756863,-0.7688514983933706,2.244
2026-07-29T07:44:37.612130+00:00,1,BOTH,687.0,47.0,524.5,22817,-0.0034739413880743087,-0.6634739327082558,2.228
2026-07-29T07:44:37.662120+00:00,1,BOTH,689.0,49.0,524.6,21259,0.004649349716491997,0.8879603874511243,2.256
2026-07-29T07:44:37.778498+00:00,1,BOTH,687.5,47.5,524.6,22375,0.11237708186032251,21.46244168197547,2.244
2026-07-29T07:44:37.828689+00:00,1,BOTH,686.0,46.0,525.1,22738,-0.20555734210647642,-39.25856050209302,2.209
2026-07-29T07:44:37.845152+00:00,1,BOTH,685.5,45.5,525.2,21927,0.11056738086044789,21.116814250397404,2.178
2026-07-29T07:44:37.878646+00:00,1,BOTH,690.5,50.5,524.6,21156,-0.03116819721646607,-5.952687185116353,2.254
2026-07-29T07:44:37.928431+00:00,1,BOTH,689.0,49.0,525.3,21167,0.04275201426818967,8.16503327750115,2.271
2026-07-29T07:44:38.028580+00:00,1,BOTH,690.5,50.5,525.5,21350,-0.025606960980221628,-4.890569301076269,2.31
2026-07-29T07:44:38.111794+00:00,1,BOTH,688.5,48.5,525.3,21467,0.42611166516318916,81.38133338380815,2.295
2026-07-29T07:44:38.164369+00:00,1,RIGHT,165.66,-474.34,525.3,12797,0.42611166516318916,81.38133338380815,-1.705
2026-07-29T07:44:38.178401+00:00,1,BOTH,690.0,50.0,525.3,21057,0.42611166516318916,81.38133338380815,-0.085
2026-07-29T07:44:38.245042+00:00,1,BOTH,687.5,47.5,525.5,21280,0.42611166516318916,81.38133338380815,0.839
2026-07-29T07:44:38.345123+00:00,1,BOTH,687.5,47.5,525.7,21385,0.0496502436324954,9.482498039794255,1.394
2026-07-29T07:44:38.361708+00:00,1,BOTH,685.5,45.5,525.7,21137,-0.013844039170071484,-2.6440167195296365,1.69
2026-07-29T07:44:38.411660+00:00,1,BOTH,690.0,50.0,525.5,22717,-0.08694288945989684,-16.604868749081795,1.951
2026-07-29T07:44:38.478045+00:00,1,BOTH,687.0,47.0,525.4,21971,0.0010853107646107672,0.2072790875743777,2.052
2026-07-29T07:44:38.561336+00:00,1,BOTH,688.0,48.0,525.5,21638,0.049845006354153155,9.51969497965249,2.131
2026-07-29T07:44:38.578147+00:00,1,BOTH,689.5,49.5,525.5,21534,0.02786594573408365,5.3220036090119125,2.207
2026-07-29T07:44:38.594908+00:00,1,BOTH,689.5,49.5,525.3,21647,-0.015241818539798259,-2.9109729147823047,2.252
2026-07-29T07:44:38.761270+00:00,1,BOTH,687.0,47.0,525.3,22241,-0.07915930228773504,-15.118313100958334,2.233
2026-07-29T07:44:38.811409+00:00,1,BOTH,688.0,48.0,525.0,22437,0.0016847488831263037,0.32176333514172134,2.24
2026-07-29T07:44:38.844937+00:00,1,BOTH,687.5,47.5,524.9,22369,0.014407679843716324,2.751664158735503,2.234
2026-07-29T07:44:38.911239+00:00,1,BOTH,688.0,48.0,524.9,22030,0.015013923262013123,2.8674481228221387,2.241
2026-07-29T07:44:38.977903+00:00,1,BOTH,689.0,49.0,525.1,20997,0.029765694166417233,5.684828833376275,2.263
2026-07-29T07:44:39.027888+00:00,1,BOTH,686.5,46.5,525.0,22584,0.04258054718375206,8.132285476622188,2.23
2026-07-29T07:44:39.044730+00:00,1,BOTH,688.0,48.0,525.0,21867,0.010318307031702716,1.970651482122419,2.238
2026-07-29T07:44:39.111358+00:00,1,BOTH,688.0,48.0,525.0,22186,-0.01988804157357663,-3.798336149822205,2.243
2026-07-29T07:44:39.144563+00:00,1,BOTH,687.0,47.0,524.8,22385,0.030464830971322954,5.818354127454139,2.227
2026-07-29T07:44:39.261130+00:00,1,BOTH,688.5,48.5,524.7,21921,0.042681427877396344,8.15155226988942,2.246
2026-07-29T07:44:39.094681+00:00,1,BOTH,689.5,49.5,524.9,21056,-0.036174747711047534,-6.9088678959785295,2.275
2026-07-29T07:44:39.344320+00:00,1,BOTH,688.5,48.5,525.0,21648,10.068812789618969,1923.001591841706,2.275
2026-07-29T07:44:39.377828+00:00,1,BOTH,688.5,48.5,524.9,21944,-0.01862513770814985,-3.5571392784231644,2.274
2026-07-29T07:44:39.511148+00:00,1,BOTH,687.75,47.75,524.9,22413,-0.018698994337173643,-3.5712448555302534,2.26
2026-07-29T07:44:39.527780+00:00,1,BOTH,689.0,49.0,525.1,21076,0.1941605493798852,37.08193342469612,2.275
2026-07-29T07:44:39.427818+00:00,1,BOTH,687.0,47.0,525.1,22266,0.0,0.0,2.246
2026-07-29T07:44:39.644362+00:00,1,BOTH,689.0,49.0,525.3,21224,0.027442718610400332,5.241173182470194,2.266
2026-07-29T07:44:39.677656+00:00,1,BOTH,688.5,48.5,525.3,21378,0.018325526216067374,3.499917698456687,2.269
2026-07-29T07:44:39.744239+00:00,1,BOTH,689.0,49.0,525.5,21174,-0.017124824083875865,-3.2706004830335784,2.28
2026-07-29T07:44:39.944202+00:00,1,BOTH,689.0,49.0,525.6,21034,-0.009851408167742192,-1.8814803675744498,2.287
2026-07-29T07:44:39.710893+00:00,1,BOTH,687.5,47.5,525.3,22267,0.007102095156442374,1.356400260548174,2.263
2026-07-29T07:44:39.978222+00:00,1,BOTH,688.5,48.5,525.4,21567,-0.0018538142601028085,-0.3540524436835279,2.267
2026-07-29T07:44:40.061040+00:00,1,BOTH,688.0,48.0,525.5,21772,0.014975026862230153,2.860019457669413,2.26
2026-07-29T07:44:40.094056+00:00,1,BOTH,688.5,48.5,525.5,21684,0.0,0.0,2.266
2026-07-29T07:44:40.044066+00:00,1,BOTH,689.0,49.0,525.6,21493,-0.030815327408490703,-5.8852940160677525,2.278
2026-07-29T07:44:40.243991+00:00,1,BOTH,688.5,48.5,525.8,21072,-0.011046047905110754,-2.1096397508739018,2.276
2026-07-29T07:44:40.260709+00:00,1,BOTH,688.5,48.5,525.7,21437,-0.0061178096174262465,-1.1684155698102292,2.275
2026-07-29T07:44:40.160649+00:00,1,BOTH,688.0,48.0,525.6,21972,0.015966571307508275,3.049390497383002,2.265
2026-07-29T07:44:40.110760+00:00,1,BOTH,688.0,48.0,525.5,21930,-0.03764780889847316,-7.190201859325256,2.259
2026-07-29T07:44:40.360648+00:00,1,BOTH,689.5,49.5,525.7,21037,0.03510403033345938,6.704375940021475,2.284
2026-07-29T07:44:40.493873+00:00,1,BOTH,689.0,49.0,525.7,21261,0.025857234084542144,4.938367943086946,2.289
2026-07-29T07:44:40.577104+00:00,1,BOTH,689.0,49.0,525.8,21537,0.008090853972826153,1.545239284331978,2.292
2026-07-29T07:44:40.445140+00:00,1,BOTH,689.0,49.0,525.8,21122,-0.0003681770889670588,-0.07031664437075032,2.294
2026-07-29T07:44:40.760441+00:00,1,BOTH,689.0,49.0,525.9,20976,0.03908271732972935,7.464249182987648,2.295
2026-07-29T07:44:40.827067+00:00,1,BOTH,689.0,49.0,525.9,21213,-0.002993993260897696,-0.5718105924668292,2.296
2026-07-29T07:44:40.893873+00:00,1,BOTH,689.0,49.0,525.9,20919,0.026358497998444363,5.0341022987162996,2.296
2026-07-29T07:44:40.943754+00:00,1,BOTH,689.5,49.5,526.0,21068,0.0,0.0,2.306
2026-07-29T07:44:40.993472+00:00,1,RIGHT,262.97,-377.03,526.0,8363,-0.1639247281337157,-31.307316932971123,-1.694
2026-07-29T07:44:40.910316+00:00,1,BOTH,689.5,49.5,526.1,20597,-0.017758099475177005,-3.3915471736704155,-0.088
2026-07-29T07:44:41.060428+00:00,1,BOTH,689.0,49.0,526.1,21051,-0.010680050883092918,-2.03973946862064,0.866
2026-07-29T07:44:41.160261+00:00,1,BOTH,688.5,48.5,526.0,21626,0.0072044226620346305,1.3759433745432994,1.429
2026-07-29T07:44:41.243697+00:00,1,BOTH,688.5,48.5,525.9,21615,0.002550874798325822,0.4871812000345154,1.767
2026-07-29T07:44:41.293687+00:00,1,BOTH,689.0,49.0,525.9,21237,-0.003150421765167266,-0.6016862361007976,1.979
2026-07-29T07:44:41.343613+00:00,1,BOTH,689.0,49.0,525.9,21111,-0.0033795579080469905,-0.6454480158371804,2.106
2026-07-29T07:44:41.393651+00:00,1,BOTH,689.0,49.0,525.9,21104,0.0010032830008640304,0.1916129386890969,2.182
2026-07-29T07:44:41.410168+00:00,1,BOTH,689.5,49.5,526.1,21020,-0.005570749026956037,-1.0639346932373033,2.238
2026-07-29T07:44:41.443503+00:00,1,BOTH,689.5,49.5,526.1,20925,-0.007862967273686081,-1.5017161307723323,2.271
2026-07-29T07:44:41.460127+00:00,1,BOTH,689.0,49.0,526.1,21068,0.025479732183739542,4.8662703908397615,2.281
2026-07-29T07:44:41.493474+00:00,1,BOTH,689.0,49.0,526.1,21241,-0.009067992253694684,-1.7318589493134302,2.287
2026-07-29T07:44:41.527937+00:00,1,BOTH,689.0,49.0,526.1,21194,0.022014365587383507,4.204434122717041,2.291
2026-07-29T07:44:41.660015+00:00,1,BOTH,688.5,48.5,526.0,21755,0.005342109476332553,1.0202677556356587,2.284
2026-07-29T07:44:41.760005+00:00,1,BOTH,689.5,49.5,526.1,20735,0.005426409711362794,1.0363679145663045,2.299
2026-07-29T07:44:41.843365+00:00,1,BOTH,689.0,49.0,526.1,21179,-0.00890669294865802,-1.701053051256783,2.298
2026-07-29T07:44:41.893342+00:00,1,BOTH,690.0,50.0,526.0,20714,-0.004924316727556288,-0.9404752182488273,2.316
2026-07-29T07:44:41.709987+00:00,1,BOTH,689.5,49.5,526.1,20938,0.0013394254236482083,0.2558114124918821,2.318
2026-07-29T07:44:41.909878+00:00,1,BOTH,690.0,50.0,526.1,20637,-0.002691677545662969,-0.5140725439220669,2.328
2026-07-29T07:44:42.026668+00:00,1,BOTH,689.0,49.0,526.1,21638,-0.10480623781302711,-20.016516977769577,2.316
2026-07-29T07:44:42.011096+00:00,1,BOTH,689.5,49.5,526.2,20994,0.0002124778222059831,0.040580274841779715,2.318
2026-07-29T07:44:42.076677+00:00,1,BOTH,690.0,50.0,526.1,21035,-0.010540558462962509,-2.0130983787955126,2.328
2026-07-29T07:44:42.109815+00:00,1,BOTH,689.5,49.5,526.2,21040,0.002109822902129963,0.40294649270696614,2.325
2026-07-29T07:44:42.176610+00:00,1,BOTH,688.5,48.5,526.1,21814,0.0073561888630501926,1.4049285838463852,2.304
2026-07-29T07:44:42.293245+00:00,1,BOTH,688.5,48.5,526.0,21566,-0.012070499997207662,-2.30529568817557,2.292
2026-07-29T07:44:42.343170+00:00,1,BOTH,688.0,48.0,525.8,22201,0.015928442695294507,3.042108468854536,2.275
2026-07-29T07:44:42.409892+00:00,1,BOTH,689.5,49.5,525.7,21607,0.012366060371568892,2.361743561649587,2.293
2026-07-29T07:44:42.459825+00:00,1,BOTH,688.5,48.5,525.7,21521,-0.023670897465199233,-4.520808406809448,2.285
2026-07-29T07:44:42.543096+00:00,1,BOTH,689.5,49.5,525.6,21081,0.007960599132347852,1.5203624422634565,2.299
2026-07-29T07:44:42.559762+00:00,1,BOTH,689.5,49.5,525.6,21191,0.007927473944146186,1.5140359973316833,2.308
2026-07-29T07:44:42.592934+00:00,1,BOTH,689.0,49.0,525.7,21143,-0.00967617118381895,-1.8480125689297713,2.303
2026-07-29T07:44:42.642984+00:00,1,BOTH,689.0,49.0,525.7,21200,-0.004378030996595044,-0.8361423289411657,2.301
2026-07-29T07:44:42.709699+00:00,1,BOTH,689.0,49.0,525.8,21531,-0.009949535186169669,-1.9002212476147728,2.299
2026-07-29T07:44:42.759665+00:00,1,BOTH,688.5,48.5,525.7,21605,-0.022177294269495176,-4.235551208872465,2.289
2026-07-29T07:44:42.776358+00:00,1,BOTH,688.5,48.5,525.7,21889,-0.025775099196471273,-4.922681334962811,2.283
2026-07-29T07:44:42.909939+00:00,1,BOTH,689.0,49.0,525.8,21244,0.012488611952867358,2.385149189586442,2.288
2026-07-29T07:44:42.842950+00:00,1,BOTH,689.0,49.0,525.8,21047,0.013341913202311843,2.548117723741138,2.292
2026-07-29T07:44:43.009705+00:00,1,BOTH,689.0,49.0,525.8,21341,0.011177393108955585,2.134724837005883,2.294
2026-07-29T07:44:43.026310+00:00,1,BOTH,689.0,49.0,525.9,20907,-0.010572325319517404,-2.019165401492156,2.295
2026-07-29T07:44:43.126087+00:00,1,BOTH,689.0,49.0,525.9,21157,0.0031773645500652492,0.6068319289774085,2.296
2026-07-29T07:44:43.160814+00:00,1,BOTH,689.0,49.0,525.9,21099,-0.019580517775320914,-3.7396034306892543,2.296
2026-07-29T07:44:43.226095+00:00,1,BOTH,688.5,48.5,526.0,20971,-0.009281942677916958,-1.77272047042333,2.287
2026-07-29T07:44:43.326093+00:00,1,BOTH,689.0,49.0,526.0,21070,0.009906956040067598,1.8920892297250411,2.291
2026-07-29T07:44:43.375958+00:00,1,BOTH,689.0,49.0,526.0,21276,-0.013499696851940825,-2.578252181074177,2.293
2026-07-29T07:44:43.442801+00:00,1,BOTH,688.5,48.5,525.9,21738,0.005724417935707607,1.0932832929501228,2.285
2026-07-29T07:44:43.459468+00:00,1,BOTH,689.0,49.0,525.9,21151,-0.003598562123370357,-0.687274739949191,2.29
2026-07-29T07:44:43.559390+00:00,1,BOTH,689.0,49.0,525.9,21168,0.002034556696889922,0.3885717063729001,2.293
2026-07-29T07:44:43.642744+00:00,1,BOTH,689.0,49.0,526.0,21171,0.002703467486426234,0.516324256743548,2.294
2026-07-29T07:44:43.526109+00:00,1,BOTH,688.5,48.5,525.9,21812,0.003393549631582573,0.6481202381928562,2.286
2026-07-29T07:44:43.726022+00:00,1,BOTH,689.0,49.0,525.9,21487,-0.002717492461524671,-0.5190028296799364,2.29
2026-07-29T07:44:43.775902+00:00,1,BOTH,689.0,49.0,525.9,21078,-0.00860703774029389,-1.6438231220955235,2.293
2026-07-29T07:44:43.759313+00:00,1,BOTH,689.5,49.5,526.0,20899,0.016340938809735236,3.1208894235978666,2.304
2026-07-29T07:44:43.926021+00:00,1,BOTH,690.0,50.0,526.0,20952,0.002453309488482773,0.46854759843153915,2.32
2026-07-29T07:44:43.992595+00:00,1,BOTH,689.0,49.0,526.0,21192,0.005458033464383334,1.0424076065011079,2.311
2026-07-29T07:44:44.025973+00:00,1,BOTH,690.0,50.0,526.0,20783,-0.0034132331772707405,-0.6518795185054727,2.324
2026-07-29T07:44:44.059207+00:00,1,BOTH,689.0,49.0,526.0,21251,-0.010117377411806955,-1.9322767514584358,2.313
2026-07-29T07:44:44.075963+00:00,1,BOTH,689.0,49.0,526.0,21167,0.0017541689763311296,0.3350215963218591,2.307
2026-07-29T07:44:44.142647+00:00,1,BOTH,689.0,49.0,526.0,21162,0.017397835401352493,3.3227418038693015,2.303
2026-07-29T07:44:44.042452+00:00,1,BOTH,690.0,50.0,526.0,20955,0.007419347144896164,1.4169909271499581,2.319
2026-07-29T07:44:44.309177+00:00,1,BOTH,689.5,49.5,526.1,21120,-0.008798649576492608,-1.680418287158652,2.32
2026-07-29T07:44:44.209174+00:00,1,BOTH,689.0,49.0,526.1,21170,0.009746602041414008,1.8614638718887169,2.311
2026-07-29T07:44:44.359441+00:00,1,BOTH,689.0,49.0,526.1,21284,-0.006990147400647402,-1.3350198141047969,2.305
2026-07-29T07:44:44.409085+00:00,1,BOTH,689.0,49.0,526.1,21233,-0.003698516872827895,-0.706364690903206,2.302
2026-07-29T07:44:44.459138+00:00,1,BOTH,689.0,49.0,526.0,21284,0.006329434993531322,1.2088330394391944,2.3
2026-07-29T07:44:44.576785+00:00,1,BOTH,689.0,49.0,526.0,21205,0.006329434993531322,1.2088330394391944,2.299
2026-07-29T07:44:44.592374+00:00,1,BOTH,688.5,48.5,525.9,21990,0.006329434993531322,1.2088330394391944,2.289
2026-07-29T07:44:44.675919+00:00,1,BOTH,689.0,49.0,525.9,21212,0.006329434993531322,1.2088330394391944,2.292
2026-07-29T07:44:44.725696+00:00,1,BOTH,688.5,48.5,525.9,22201,0.004926117240684107,0.9408190909261004,2.285
2026-07-29T07:44:44.792179+00:00,1,BOTH,689.0,49.0,525.9,21176,-0.012251130430959165,-2.3397935598608317,2.289
2026-07-29T07:44:44.742300+00:00,1,BOTH,689.5,49.5,526.0,20965,0.012875324062770232,2.4590057621998884,2.302
2026-07-29T07:44:44.975623+00:00,1,BOTH,689.5,49.5,525.9,21731,0.004841166795231402,0.9245947509521125,2.309
2026-07-29T07:44:45.025700+00:00,1,BOTH,690.0,50.0,525.9,21077,0.00018957837870402726,0.03620680328891189,2.323
2026-07-29T07:44:44.992296+00:00,1,BOTH,689.0,49.0,525.7,21666,0.007223631902597845,1.3796120692497116,2.313
2026-07-29T07:44:45.109016+00:00,1,BOTH,689.5,49.5,525.7,21181,0.00024542812898289414,0.04687331988170744,2.316
2026-07-29T07:44:45.225559+00:00,1,BOTH,689.0,49.0,525.8,21399,0.0384038531978149,7.33459568424928,2.308
2026-07-29T07:44:45.325548+00:00,1,BOTH,689.5,49.5,525.9,21044,-0.005570013602264225,-1.0637942374673348,2.313
2026-07-29T07:44:45.392304+00:00,1,BOTH,689.5,49.5,526.0,21201,-0.02585574138793163,-4.938082859034026,2.316
2026-07-29T07:44:45.458960+00:00,1,BOTH,689.0,49.0,526.2,21178,-0.007644845562754199,-1.4600579525837678,2.308
2026-07-29T07:44:45.475530+00:00,1,BOTH,689.5,49.5,526.3,21065,0.0026015065470710395,0.49685115174274136,2.313
2026-07-29T07:44:45.542164+00:00,1,BOTH,689.5,49.5,526.3,20881,0.006783751736511476,1.2956011458888363,2.316
2026-07-29T07:44:45.675498+00:00,1,BOTH,690.0,50.0,526.3,20764,0.008657247689552606,1.6534125160358248,2.327
2026-07-29T07:44:45.692253+00:00,1,BOTH,690.0,50.0,526.2,21066,0.014717579506686888,2.8108506346046362,2.334
2026-07-29T07:44:45.792193+00:00,1,BOTH,688.75,48.75,526.2,21542,-0.003361483368789777,-0.6419960331169076,2.314
2026-07-29T07:44:45.808974+00:00,1,BOTH,689.5,49.5,526.3,21155,0.01710732517167344,3.267258436982682,2.317
2026-07-29T07:44:45.858768+00:00,1,BOTH,689.5,49.5,526.3,21117,-0.0234522982587805,-4.47905903370044,2.318
2026-07-29T07:44:45.925501+00:00,1,BOTH,689.0,49.0,526.3,21627,0.009804157037287951,1.872456066400283,2.31
2026-07-29T07:44:45.959913+00:00,1,BOTH,689.0,49.0,526.2,21435,-0.009948744741268455,-1.9000702837588488,2.305
2026-07-29T07:44:46.075362+00:00,1,BOTH,689.5,49.5,526.3,20987,-0.011416350764920934,-2.180362387569729,2.311
2026-07-29T07:44:46.092068+00:00,1,BOTH,689.5,49.5,526.3,21367,0.006940128398127854,1.3254668883053826,2.315
2026-07-29T07:44:45.908770+00:00,1,BOTH,689.0,49.0,526.2,21249,-0.0026994035602547228,-0.5155481040172801,2.308
2026-07-29T07:44:46.258599+00:00,1,BOTH,689.5,49.5,526.3,21307,0.0080893072753679,1.54494388687684,2.313
2026-07-29T07:44:46.308554+00:00,1,BOTH,689.5,49.5,526.3,21131,-0.0033692430320661514,-0.6434780196375038,2.316
2026-07-29T07:44:46.391875+00:00,1,BOTH,689.5,49.5,526.4,21263,0.021321907944511623,4.072184454623254,2.318
2026-07-29T07:44:46.158748+00:00,1,BOTH,689.5,49.5,526.4,21395,0.0,0.0,2.319
2026-07-29T07:44:46.425370+00:00,1,BOTH,690.0,50.0,526.5,20894,0.0,0.0,2.329
2026-07-29T07:44:46.441889+00:00,1,BOTH,689.5,49.5,526.5,21058,-0.0386319407064002,-7.3781571895879186,2.325
2026-07-29T07:44:46.541841+00:00,1,BOTH,689.5,49.5,526.5,21497,0.05152974732325674,9.841456803327208,2.323
2026-07-29T07:44:46.641948+00:00,1,BOTH,688.5,48.5,526.3,21659,-0.05945204885909334,-11.354504943438698,2.303
2026-07-29T07:44:46.675345+00:00,1,BOTH,689.0,49.0,526.4,20577,0.006936864308081567,1.3248434930267061,2.301
2026-07-29T07:44:46.691963+00:00,1,BOTH,689.5,49.5,526.7,20855,-0.047166892057284714,-9.008212825438463,2.309
2026-07-29T07:44:46.791902+00:00,1,BOTH,689.0,49.0,526.7,21479,-0.047166892057284714,-9.008212825438463,2.304
2026-07-29T07:44:46.808572+00:00,1,BOTH,689.5,49.5,526.9,21110,0.024958752412348986,4.766770583798531,2.31
2026-07-29T07:44:46.841926+00:00,1,BOTH,689.0,49.0,526.9,20938,0.010533801316632889,2.0118078589080475,2.305
2026-07-29T07:44:46.858523+00:00,1,BOTH,689.5,49.5,526.8,21423,-0.022198201727005654,-4.239544239124797,2.311
2026-07-29T07:44:46.875260+00:00,1,BOTH,688.0,48.0,526.5,22271,-0.06125929159345105,-11.699662880886631,2.287
2026-07-29T07:44:46.958618+00:00,1,BOTH,689.5,49.5,526.5,21124,0.005262817908078432,1.0051241815958767,2.3
2026-07-29T07:44:46.941938+00:00,1,BOTH,689.5,49.5,526.5,21119,0.03979218623368069,7.599747762628263,2.308
2026-07-29T07:44:47.191812+00:00,1,BOTH,689.5,49.5,526.5,20809,0.0,0.0,2.313
2026-07-29T07:44:47.258354+00:00,1,RIGHT,264.52,-375.48,526.5,8660,0.014567568797501736,2.782200699544391,-1.687
2026-07-29T07:44:47.125076+00:00,1,BOTH,688.5,48.5,526.5,21398,0.0020706475735642015,0.395464556080778,-0.103
2026-07-29T07:44:47.358534+00:00,1,BOTH,689.0,49.0,526.6,21143,-0.008386836624704302,-1.6017678068710042,0.857
2026-07-29T07:44:47.375204+00:00,1,BOTH,690.0,50.0,526.7,21072,-0.0035979215962288437,-0.6871524082762834,1.452
2026-07-29T07:44:47.408520+00:00,1,BOTH,689.5,49.5,526.6,21060,-0.002883968508685939,-0.5507974126544747,1.799
2026-07-29T07:44:47.575091+00:00,1,BOTH,689.5,49.5,526.6,21129,0.02588774109375663,4.944194352665468,2.008
2026-07-29T07:44:47.475126+00:00,1,BOTH,689.5,49.5,526.6,21147,0.002400176432565786,0.45839993224261927,2.133
2026-07-29T07:44:47.441764+00:00,1,BOTH,689.5,49.5,526.6,21053,0.003435780906584114,0.6561858175963383,2.208
2026-07-29T07:44:47.425129+00:00,1,BOTH,688.5,48.5,526.4,21944,-0.0493897508084774,-9.432747575095334,2.234
2026-07-29T07:44:47.758289+00:00,1,BOTH,688.5,48.5,526.4,21406,0.003080582888214849,0.588347993116441,2.25
2026-07-29T07:44:47.808272+00:00,1,BOTH,689.5,49.5,526.4,21206,-0.004506225474178791,-0.8606256706826095,2.278
2026-07-29T07:44:47.874989+00:00,1,BOTH,689.5,49.5,526.4,21006,0.005344091262668371,1.0206462489454557,2.295
2026-07-29T07:44:47.908449+00:00,1,BOTH,689.5,49.5,526.4,21333,-0.037436207006685436,-7.149788874870521,2.305
2026-07-29T07:44:48.008443+00:00,1,BOTH,689.5,49.5,526.5,21592,0.07515566337737255,14.353674393431245,2.311
2026-07-29T07:44:48.108392+00:00,1,BOTH,690.5,50.5,526.5,21170,0.013663861845852807,2.609605385390668,2.334
2026-07-29T07:44:48.125042+00:00,1,BOTH,689.5,49.5,526.5,21097,-0.022224493669928052,-4.244565630340304,2.328
2026-07-29T07:44:48.241767+00:00,1,BOTH,689.5,49.5,526.5,21223,0.020178416406270116,3.8537936577893857,2.325
2026-07-29T07:44:48.174918+00:00,1,BOTH,689.5,49.5,526.5,21071,-0.007496600188314915,-1.4317451716247427,2.323
2026-07-29T07:44:48.324959+00:00,1,BOTH,689.5,49.5,526.5,21440,0.008763310515787453,1.673669023724112,2.322
2026-07-29T07:44:48.441670+00:00,1,BOTH,689.5,49.5,526.5,21144,0.013090349482372404,2.500072592304002,2.321
2026-07-29T07:44:48.391667+00:00,1,BOTH,689.5,49.5,526.5,21161,0.02729311091825366,5.212600217994538,2.321
2026-07-29T07:44:48.558264+00:00,1,BOTH,689.5,49.5,526.5,20954,-0.003064138297922909,-0.5852073077179412,2.321
2026-07-29T07:44:48.591584+00:00,1,BOTH,688.0,48.0,526.4,22095,0.021991964306216687,4.200155793161892,2.292
2026-07-29T07:44:48.641702+00:00,1,BOTH,689.0,49.0,526.5,20763,-0.003996078094933182,-0.7631946981478323,2.294
2026-07-29T07:44:48.691629+00:00,1,BOTH,689.5,49.5,526.5,21094,-0.06472939556231722,-12.362403920512055,2.305
2026-07-29T07:44:48.741499+00:00,1,BOTH,689.5,49.5,526.5,21143,0.0015539523947518319,0.29678304594509075,2.311
2026-07-29T07:44:48.758260+00:00,1,BOTH,688.5,48.5,526.3,21687,-0.0030190169299021364,-0.5765897612064517,2.296
2026-07-29T07:44:48.491912+00:00,1,BOTH,690.0,50.0,526.4,20996,-0.03315322541166097,-6.331799644446816,2.315
2026-07-29T07:44:48.841549+00:00,1,BOTH,689.0,49.0,526.6,20840,0.00843645271845162,1.61124378276316,2.308
2026-07-29T07:44:48.891607+00:00,1,BOTH,688.5,48.5,526.5,21521,-0.023680726401507854,-4.522685595368071,2.294
2026-07-29T07:44:48.941610+00:00,1,BOTH,689.0,49.0,526.6,20815,-0.004786455801222473,-0.9141457207865221,2.295
2026-07-29T07:44:49.008158+00:00,1,BOTH,689.0,49.0,526.7,21340,-0.02314247463364154,-4.419887079987421,2.296
2026-07-29T07:44:49.091771+00:00,1,BOTH,689.5,49.5,526.7,20944,0.024533089734613895,4.685475000697004,2.306
2026-07-29T07:44:49.124970+00:00,1,BOTH,689.5,49.5,526.6,20973,-0.014687439794652164,-2.805094373620205,2.312
2026-07-29T07:44:49.209786+00:00,1,BOTH,689.5,49.5,526.6,21193,0.0428050489234738,8.175162150553524,2.315
2026-07-29T07:44:49.225020+00:00,1,BOTH,689.5,49.5,526.6,21065,0.0011973306977597531,0.2286733188769594,2.317
2026-07-29T07:44:49.341550+00:00,1,BOTH,689.5,49.5,526.6,20999,-0.0006078628404065968,-0.11609325092710772,2.318
2026-07-29T07:44:49.358485+00:00,1,BOTH,689.5,49.5,526.6,21052,-0.009098006631247699,-1.7375912731750967,2.319
2026-07-29T07:44:49.424737+00:00,1,BOTH,689.5,49.5,526.5,20803,-0.027208395851776004,-5.1964208320934056,2.32
2026-07-29T07:44:49.458280+00:00,1,BOTH,689.5,49.5,526.5,21214,0.012315363762900234,2.352061222608452,2.32
2026-07-29T07:44:49.641519+00:00,1,BOTH,689.5,49.5,526.5,20994,-0.021042709588073194,-4.018861496386884,2.32
2026-07-29T07:44:49.658193+00:00,1,BOTH,689.5,49.5,526.5,20947,-0.0014221941953292117,-0.2716190834678935,2.32
2026-07-29T07:44:49.708307+00:00,1,BOTH,689.0,49.0,526.6,20719,0.019673973177559673,3.757452097759182,2.311
2026-07-29T07:44:49.824856+00:00,1,BOTH,689.0,49.0,526.7,20955,0.016316428924910725,3.116208380408546,2.305
2026-07-29T07:44:49.858164+00:00,1,BOTH,689.5,49.5,526.7,20786,0.0021963386260904372,0.41946977885514614,2.311
2026-07-29T07:44:49.908147+00:00,1,BOTH,688.5,48.5,526.6,21594,-0.009305508506949991,-1.7772212122377287,2.296
2026-07-29T07:44:49.974806+00:00,1,BOTH,689.5,49.5,526.6,20883,-0.0007413292233832181,-0.14158345243189804,2.306
2026-07-29T07:44:50.141491+00:00,1,BOTH,689.0,49.0,526.7,20964,0.010338213481009006,1.9744533338902244,2.302
2026-07-29T07:44:50.158221+00:00,1,BOTH,689.0,49.0,526.7,20778,0.01829969599901233,3.4949844903861504,2.3
2026-07-29T07:44:50.224647+00:00,1,BOTH,689.0,49.0,526.8,21216,-0.09312319356016814,-17.78521988592494,2.299
2026-07-29T07:44:50.341062+00:00,1,RIGHT,263.21,-376.79,526.8,8544,0.002644056137651205,0.5049775249435849,-1.701
2026-07-29T07:44:50.358245+00:00,1,BOTH,689.0,49.0,526.8,20894,-0.03561223087832332,-6.801435094577983,-0.102
2026-07-29T07:44:50.441470+00:00,1,BOTH,688.5,48.5,526.8,21476,-0.02493429169524461,-4.762098930952049,0.848
2026-07-29T07:44:50.458074+00:00,1,BOTH,689.0,49.0,526.8,20881,0.00248581069521606,0.4747548716812041,1.428
2026-07-29T07:44:50.574702+00:00,1,BOTH,688.5,48.5,526.8,21242,0.07736528260516934,14.775680580376951,1.766
2026-07-29T07:44:50.591407+00:00,1,BOTH,688.0,48.0,526.6,21545,-0.005278946766629815,-1.0082045666737356,1.96
2026-07-29T07:44:50.624697+00:00,1,BOTH,689.5,49.5,526.6,20868,0.0062791441986337305,1.1992282051192276,2.104
2026-07-29T07:44:50.691377+00:00,1,BOTH,689.0,49.0,526.7,21025,0.005235213721171021,0.9998521702402603,2.181
2026-07-29T07:44:50.724724+00:00,1,BOTH,688.5,48.5,526.6,21771,-0.018510063951835035,-3.535161809857978,2.218
2026-07-29T07:44:50.758025+00:00,1,BOTH,688.5,48.5,526.6,21376,0.027578763206256553,5.267155786363943,2.24
2026-07-29T07:44:50.891410+00:00,1,BOTH,689.0,49.0,526.5,21294,0.010142549397132826,1.9370842465288947,2.263
2026-07-29T07:44:50.908019+00:00,1,BOTH,689.5,49.5,526.5,20959,-0.016331509789451956,-3.1190886133739495,2.286
2026-07-29T07:44:50.957846+00:00,1,BOTH,688.5,48.5,526.5,21352,-0.010475888787768782,-2.0007473806252376,2.281
2026-07-29T07:44:51.024871+00:00,1,BOTH,688.5,48.5,526.5,21183,0.005912415888160467,1.1291882570589562,2.278
2026-07-29T07:44:51.057858+00:00,1,BOTH,688.5,48.5,526.5,21193,-0.0033371335780248046,-0.637345565640709,2.276
2026-07-29T07:44:51.141456+00:00,1,BOTH,689.0,49.0,526.6,21213,0.02106834008358419,4.023756560452247,2.284
2026-07-29T07:44:51.158036+00:00,1,BOTH,688.5,48.5,526.6,21183,-0.0064663933357223865,-1.2349901560280492,2.28
2026-07-29T07:44:51.307974+00:00,1,BOTH,689.5,49.5,526.4,21299,0.035301157913636416,6.742024534587378,2.296
2026-07-29T07:44:51.324850+00:00,1,BOTH,688.5,48.5,526.2,21829,0.035301157913636416,6.742024534587378,2.287
2026-07-29T07:44:51.341347+00:00,1,BOTH,688.5,48.5,526.3,21713,-0.027671329241711645,-5.28483459689006,2.282
2026-07-29T07:44:51.424685+00:00,1,BOTH,688.5,48.5,526.1,21692,0.015643716016784312,2.987729678876495,2.278
2026-07-29T07:44:51.441343+00:00,1,BOTH,689.0,49.0,526.1,21460,-0.019548189318738876,-3.7334291502881785,2.286
2026-07-29T07:44:51.491331+00:00,1,BOTH,688.5,48.5,526.0,22105,0.0024836887884885075,0.4743496173478403,2.281
2026-07-29T07:44:51.574655+00:00,1,BOTH,688.5,48.5,525.9,21585,-0.00508116798941046,-0.9704316026339783,2.278
2026-07-29T07:44:51.591443+00:00,1,BOTH,689.0,49.0,525.9,21681,-0.006673423129832372,-1.2745299341479313,2.285
2026-07-29T07:44:51.624648+00:00,1,BOTH,688.5,48.5,525.8,21601,-0.010159462667070329,-1.9403144431461763,2.281
2026-07-29T07:44:51.707984+00:00,1,BOTH,688.5,48.5,525.8,21765,0.0023269648011773826,0.44441754060987587,2.278
2026-07-29T07:44:51.841276+00:00,1,BOTH,690.0,50.0,525.8,21101,-0.002108740801922977,-0.40273982679073095,2.304
2026-07-29T07:44:51.858014+00:00,1,BOTH,689.0,49.0,525.8,21235,-0.030008508539758623,-5.731202962701527,2.301
2026-07-29T07:44:51.924674+00:00,1,BOTH,688.0,48.0,525.7,22303,0.01273154209367931,2.4315454288699208,2.281
2026-07-29T07:44:51.941312+00:00,1,BOTH,689.0,49.0,525.5,21795,-0.012375565848778934,-2.363558974070898,2.287
2026-07-29T07:44:51.957962+00:00,1,BOTH,689.0,49.0,525.6,21567,0.014085127625148743,2.6900612227471576,2.291
2026-07-29T07:44:51.991249+00:00,1,BOTH,689.0,49.0,525.7,21540,0.008494459531502798,1.6223222679992828,2.293
2026-07-29T07:44:52.008043+00:00,1,BOTH,688.5,48.5,525.7,21879,-0.020950454063713552,-4.001241989111637,2.285
2026-07-29T07:44:52.107975+00:00,1,BOTH,689.0,49.0,525.7,21329,-0.010892676948569715,-2.0803480558416156,2.29
2026-07-29T07:44:52.141288+00:00,1,BOTH,689.5,49.5,525.7,21409,0.02409529302007286,4.601861987270687,2.302
2026-07-29T07:44:52.224667+00:00,1,BOTH,689.0,49.0,525.5,21878,-0.02456132501421962,-4.690867541879603,2.3
2026-07-29T07:44:52.241234+00:00,1,BOTH,689.0,49.0,525.6,21296,0.003959326338590472,0.7561756297207307,2.299
2026-07-29T07:44:52.291257+00:00,1,BOTH,689.5,49.5,525.6,21443,-0.02603416338963143,-4.972158951266275,2.307
2026-07-29T07:44:52.307961+00:00,1,BOTH,690.0,50.0,525.7,21271,-0.004607741164509207,-0.8800137393835756,2.322
2026-07-29T07:44:52.507840+00:00,1,BOTH,689.5,49.5,525.7,21022,0.012460059639124665,2.3796960993438097,2.321
2026-07-29T07:44:52.524632+00:00,1,BOTH,689.0,49.0,525.7,21499,0.01051140227355063,2.0075299567955636,2.312
2026-07-29T07:44:52.591348+00:00,1,BOTH,690.0,50.0,525.8,21256,-0.014558920999988914,-2.7805490918791627,2.324
2026-07-29T07:44:52.641399+00:00,1,BOTH,689.0,49.0,525.8,21877,-0.05355917361099273,-10.229048673727789,2.313
2026-07-29T07:44:52.707946+00:00,1,BOTH,688.0,48.0,525.5,22399,-0.0085709735378623,-1.6369353667927382,2.288
2026-07-29T07:44:52.741046+00:00,1,RIGHT,264.54,-375.46,525.5,8641,0.007807549494318664,1.4911321145465317,-1.712
2026-07-29T07:44:52.774772+00:00,1,BOTH,689.0,49.0,525.6,21542,0.040845145229250195,7.800848117449818,-0.108
2026-07-29T07:44:52.841294+00:00,1,BOTH,690.0,50.0,525.7,21015,0.016242468855343757,3.1020830476129415,0.872
2026-07-29T07:44:52.891296+00:00,1,BOTH,688.5,48.5,525.6,22312,-0.008694471074268222,-1.660521658847147,1.433
2026-07-29T07:44:53.007877+00:00,1,BOTH,689.0,49.0,525.7,21409,0.007869232227094472,1.5029126487361555,1.778
2026-07-29T07:44:53.074563+00:00,1,BOTH,688.5,48.5,525.7,21989,0.02083987696329132,3.980123318561677,1.976
2026-07-29T07:44:53.157774+00:00,1,BOTH,689.0,49.0,525.5,21161,0.007553466135868802,1.4426057676009094,2.105
2026-07-29T07:44:53.174678+00:00,1,BOTH,688.5,48.5,525.5,21484,-0.006418974809348583,-1.2259338845882202,2.172
2026-07-29T07:44:53.207775+00:00,1,BOTH,690.5,50.5,525.7,20952,0.00849205202423036,1.6218624679797573,2.25
2026-07-29T07:44:53.241315+00:00,1,BOTH,690.0,50.0,525.8,21257,-0.013514525082428008,-2.5810841644893863,2.288
2026-07-29T07:44:53.258830+00:00,1,BOTH,689.5,49.5,525.7,21571,0.01779554245993495,3.398698257000425,2.301
2026-07-29T07:44:53.274655+00:00,1,BOTH,689.5,49.5,525.7,21332,0.0022682669176720084,0.4332070706391808,2.309
2026-07-29T07:44:53.507929+00:00,1,BOTH,689.5,49.5,525.8,21056,0.020650605568662286,3.943975144912348,2.313
2026-07-29T07:44:53.524622+00:00,1,BOTH,688.5,48.5,525.8,21806,-0.015709849720005876,-3.000360285803716,2.297
2026-07-29T07:44:53.557937+00:00,1,BOTH,689.0,49.0,525.8,21346,0.0017531752330251038,0.3348318053306769,2.297
2026-07-29T07:44:53.657892+00:00,1,BOTH,689.5,49.5,526.0,20966,-0.010205424742307513,-1.9490925529086875,2.306
2026-07-29T07:44:53.724797+00:00,1,BOTH,689.5,49.5,526.1,21106,-0.005744151652907021,-1.0970521553155603,2.312
2026-07-29T07:44:53.741240+00:00,1,BOTH,689.0,49.0,526.1,21724,0.024030566780711523,4.58950018614016,2.306
2026-07-29T07:44:53.774547+00:00,1,BOTH,689.5,49.5,526.1,20991,-0.00439966295612976,-0.8402737288876224,2.312
2026-07-29T07:44:53.674694+00:00,1,BOTH,689.5,49.5,526.2,20978,-0.022097252397798,-4.220264337430547,2.315
2026-07-29T07:44:53.857888+00:00,1,BOTH,689.25,49.25,526.2,21234,-0.0009292213025037199,-0.17746819622370769,2.313
2026-07-29T07:44:53.974641+00:00,1,BOTH,689.0,49.0,526.4,20940,-0.003163406577659771,-0.6041661526127619,2.306
2026-07-29T07:44:53.991169+00:00,1,BOTH,689.0,49.0,526.5,21206,0.0023574078025558266,0.45023172559219515,2.303
2026-07-29T07:44:54.074415+00:00,1,BOTH,690.0,50.0,526.4,21167,-0.007966721211560071,-1.5215316732658064,2.319
2026-07-29T07:44:54.091204+00:00,1,BOTH,689.0,49.0,526.3,21685,0.010135151464492082,1.9356713454707724,2.31
2026-07-29T07:44:54.108039+00:00,1,BOTH,688.5,48.5,526.2,22009,0.023193884824286214,4.429705703147097,2.295
2026-07-29T07:44:54.191172+00:00,1,BOTH,689.5,49.5,526.2,21240,0.01690252998843789,3.228145438102664,2.305
2026-07-29T07:44:54.207940+00:00,1,BOTH,688.5,48.5,526.3,21300,0.04010514724999666,7.659518913918363,2.293
2026-07-29T07:44:54.324543+00:00,1,BOTH,689.5,49.5,526.3,21151,0.007724659563973546,1.4753013039701697,2.304
2026-07-29T07:44:54.374666+00:00,1,BOTH,689.0,49.0,526.3,21358,0.009313732341397554,1.7787918489219274,2.301
2026-07-29T07:44:54.391218+00:00,1,BOTH,689.0,49.0,526.4,21051,0.0037377486284822224,0.7138574043094775,2.299
2026-07-29T07:44:54.441189+00:00,1,BOTH,688.5,48.5,526.2,22045,0.0010681106767151504,0.2039941127621347,2.289
2026-07-29T07:44:54.491259+00:00,1,BOTH,688.5,48.5,526.3,21334,0.01269105739891529,2.4238134217204084,2.283
2026-07-29T07:44:54.591185+00:00,1,BOTH,689.5,49.5,526.3,21222,-0.022061685220105574,-4.213471506860653,2.298
2026-07-29T07:44:54.674615+00:00,1,BOTH,688.5,48.5,526.4,21289,-0.0020985609118361025,-0.40079561099778105,2.288
2026-07-29T07:44:54.691313+00:00,1,BOTH,687.0,47.0,526.1,22621,0.008047644258476793,1.5369868367780308,2.254
2026-07-29T07:44:54.707843+00:00,1,BOTH,688.0,48.0,525.9,22194,-0.0133681935723871,-2.553136904705652,2.252
2026-07-29T07:44:54.807791+00:00,1,BOTH,689.0,49.0,525.9,21140,-0.008869109025690705,-1.6938750507115432,2.27
2026-07-29T07:44:54.824959+00:00,1,BOTH,689.0,49.0,525.9,21007,0.008408290001098067,1.6058650999498985,2.281
2026-07-29T07:44:54.841293+00:00,1,BOTH,689.0,49.0,525.9,21294,0.02043111710692756,3.902055936548286,2.287
2026-07-29T07:44:54.974399+00:00,1,BOTH,689.0,49.0,525.9,21559,0.003392055609729141,0.647834901037183,2.291
2026-07-29T07:44:54.991347+00:00,1,BOTH,689.0,49.0,525.8,22064,0.013488848422421143,2.576180283654767,2.293
2026-07-29T07:44:55.041344+00:00,1,BOTH,688.5,48.5,525.7,21730,-0.02525683711981401,-4.823700569382322,2.285
2026-07-29T07:44:55.174533+00:00,1,BOTH,689.0,49.0,525.8,21506,-0.0433894758974202,-8.286779480689292,2.29
2026-07-29T07:44:55.241301+00:00,1,BOTH,688.5,48.5,525.7,21917,0.006266587320715189,1.1968300180905826,2.283
2026-07-29T07:44:55.257932+00:00,1,BOTH,689.0,49.0,525.8,21414,0.006266587320715189,1.1968300180905826,2.289
2026-07-29T07:44:55.291275+00:00,1,BOTH,690.0,50.0,525.8,21241,0.012220997002441437,2.3340384989397487,2.311
2026-07-29T07:44:55.407910+00:00,1,BOTH,689.0,49.0,525.9,21513,-0.0057993302494287495,-1.1075904909827279,2.305
2026-07-29T07:44:55.474679+00:00,1,BOTH,688.5,48.5,525.8,21816,0.0063955676835030315,1.2214634528499477,2.293
2026-07-29T07:44:55.491252+00:00,1,BOTH,689.5,49.5,525.7,21356,0.005427434941811953,1.0365637191588548,2.304
2026-07-29T07:44:55.524728+00:00,1,BOTH,688.5,48.5,525.7,21504,-0.010815517345909029,-2.06561165723707,2.292
2026-07-29T07:44:55.624641+00:00,1,BOTH,689.0,49.0,525.7,21834,-0.021550287381978707,-4.115801714271374,2.294
2026-07-29T07:44:55.724616+00:00,1,BOTH,689.5,49.5,525.7,21849,-0.004865487570641563,-0.9292396769037384,2.304
2026-07-29T07:44:55.791351+00:00,1,BOTH,689.5,49.5,525.7,21489,0.015561342627333942,2.9719975203441824,2.311
2026-07-29T07:44:55.807796+00:00,1,BOTH,689.0,49.0,525.7,21097,0.007324232534738257,1.3988253747096908,2.305
2026-07-29T07:44:55.557784+00:00,1,BOTH,689.0,49.0,525.8,21628,-0.0036658428370719776,-0.7001244097416273,2.302
2026-07-29T07:44:55.874577+00:00,1,BOTH,689.5,49.5,525.9,21157,0.005133546654833481,0.980435190851535,2.309
2026-07-29T07:44:55.907775+00:00,1,BOTH,688.5,48.5,525.8,21809,0.004981918438570574,0.9514763346949966,2.295
2026-07-29T07:44:55.991375+00:00,1,BOTH,689.0,49.0,525.7,21849,0.009424995547160506,1.8000415559396368,2.296
2026-07-29T07:44:56.007896+00:00,1,BOTH,689.0,49.0,525.5,21624,-0.005069172236835584,-0.9681405826518998,2.296
2026-07-29T07:44:56.057994+00:00,1,BOTH,689.5,49.5,525.5,21198,0.00039279683820495846,0.07501867011742391,2.306
2026-07-29T07:44:56.207899+00:00,1,BOTH,689.5,49.5,525.5,21341,-0.0013412102222719114,-0.25615228391994527,2.312
2026-07-29T07:44:55.957875+00:00,1,BOTH,689.5,49.5,525.5,21676,0.008458202812471427,1.6153977447343189,2.315
2026-07-29T07:44:56.274661+00:00,1,BOTH,689.5,49.5,525.5,21653,0.01640507364179939,3.1331382742547214,2.317
2026-07-29T07:44:56.324620+00:00,1,BOTH,689.0,49.0,525.4,21904,-0.005735345994471572,-1.0953703984349437,2.309
2026-07-29T07:44:56.341229+00:00,1,BOTH,689.0,49.0,525.3,21957,-5.214638018514962e-05,-0.009959225004978992,2.304
2026-07-29T07:44:56.491251+00:00,1,BOTH,690.0,50.0,525.5,21313,-0.010265285626337573,-1.960525139618169,2.32
2026-07-29T07:44:56.524768+00:00,1,BOTH,690.0,50.0,525.6,21551,0.0,0.0,2.33
2026-07-29T07:44:56.557996+00:00,1,BOTH,689.0,49.0,525.7,21448,-0.02083216492726933,-3.978650428176634,2.316
2026-07-29T07:44:56.658014+00:00,1,BOTH,689.0,49.0,525.5,22369,-0.003840905437245965,-0.7335589035434795,2.309
2026-07-29T07:44:56.674462+00:00,1,BOTH,689.5,49.5,525.5,21410,-0.007230882336152718,-1.3809968000574924,2.313
2026-07-29T07:44:56.774608+00:00,1,BOTH,690.0,50.0,525.6,21227,-0.013773140495177359,-2.630476070047958,2.325
2026-07-29T07:44:56.807946+00:00,1,BOTH,689.0,49.0,525.7,21331,-1.3888919420423918e-05,-0.0026525882159585865,2.314
2026-07-29T07:44:56.891252+00:00,1,BOTH,689.5,49.5,525.7,21720,-0.01091461379735847,-2.0845376853463233,2.317
2026-07-29T07:44:56.924656+00:00,1,BOTH,689.5,49.5,525.6,21910,0.00023827146040275693,0.04550649686498829,2.318
2026-07-29T07:44:56.941321+00:00,1,BOTH,690.0,50.0,525.7,20903,-0.004832667222071905,-0.9229714520531064,2.328
2026-07-29T07:44:57.041382+00:00,1,BOTH,690.0,50.0,525.8,21174,0.007895663974049966,1.5079607405551807,2.334
2026-07-29T07:44:56.957896+00:00,1,BOTH,689.5,49.5,525.7,21463,-0.001726856291643344,-0.3298052577892534,2.329
2026-07-29T07:44:56.857975+00:00,1,BOTH,690.0,50.0,525.8,21275,0.01878046749625355,3.5868050827265088,2.335
2026-07-29T07:44:57.124625+00:00,1,BOTH,690.0,50.0,525.8,21576,-0.00889339514047606,-1.698513356971447,2.338
2026-07-29T07:44:57.207857+00:00,1,BOTH,689.5,49.5,525.8,21394,-0.010000453119282611,-1.9099458565111096,2.331
2026-07-29T07:44:57.274544+00:00,1,BOTH,689.0,49.0,525.6,21851,-0.007733014045516029,-1.4768968924115173,2.317
2026-07-29T07:44:57.307862+00:00,1,BOTH,690.0,50.0,525.7,21120,-0.002251786652486771,-0.4300595718379459,2.328
2026-07-29T07:44:57.324622+00:00,1,BOTH,690.5,50.5,525.6,21143,-0.0041794748650863765,-0.7982209011681951,2.344
2026-07-29T07:44:57.374432+00:00,1,BOTH,689.5,49.5,525.6,21833,-0.0213175289996434,-4.071348137757689,2.334
2026-07-29T07:44:57.457829+00:00,1,BOTH,689.5,49.5,525.6,21630,-0.001263137541245669,-0.24124150019302926,2.329
2026-07-29T07:44:57.491427+00:00,1,BOTH,690.5,50.5,525.6,21084,-0.05840999569743872,-11.155487449468453,2.344
2026-07-29T07:44:57.391524+00:00,1,BOTH,690.0,50.0,525.7,21187,-0.06231179812748451,-11.900676821920161,2.344
2026-07-29T07:44:57.741449+00:00,1,BOTH,690.0,50.0,525.7,20904,-0.04699863417074084,-8.97607793620928,2.344
2026-07-29T07:44:57.791401+00:00,1,BOTH,690.0,50.0,525.8,21012,0.03634900437085889,6.942148466509322,2.344
2026-07-29T07:44:57.807972+00:00,1,BOTH,689.5,49.5,525.7,21253,0.004422321575693786,0.8446012064563265,2.334
2026-07-29T07:44:57.841248+00:00,1,BOTH,690.0,50.0,525.8,21168,0.0006478532985784113,0.1237308658405725,2.338
2026-07-29T07:44:57.941375+00:00,1,BOTH,690.0,50.0,525.8,20893,-0.022040472237858922,-4.209420125681923,2.34
2026-07-29T07:44:57.991393+00:00,1,BOTH,690.0,50.0,525.9,21341,0.002487446129525779,0.47506721662659684,2.342
2026-07-29T07:44:58.057991+00:00,1,BOTH,690.0,50.0,525.9,21361,0.018631664281710984,3.5583857621556128,2.343
2026-07-29T07:44:58.108037+00:00,1,BOTH,690.0,50.0,525.9,20994,-0.00033108244591858235,-0.06323208940667699,2.343
2026-07-29T07:44:58.157934+00:00,1,BOTH,690.0,50.0,525.9,21152,-0.008350238816346974,-1.5947781403433259,2.343
2026-07-29T07:44:58.191259+00:00,1,BOTH,690.5,50.5,525.8,21195,0.007878331304527818,1.5046504445174669,2.353
2026-07-29T07:44:58.207987+00:00,1,BOTH,690.0,50.0,525.7,21561,-0.002621756277512759,-0.500718565378035,2.349
2026-07-29T07:44:58.291366+00:00,1,BOTH,689.5,49.5,525.6,21130,-0.007931655159918592,-1.5148345507216576,2.338
2026-07-29T07:44:58.341538+00:00,1,BOTH,690.0,50.0,525.5,21504,-0.0012164694000966847,-0.2323285417745039,2.34
2026-07-29T07:44:58.391429+00:00,1,BOTH,690.0,50.0,525.6,21346,0.012493837372749112,2.386147171271136,2.342
