timestamp,lane_valid,side,lane_center_x,error_px,half_width,pixel_count,speed_mps,motor_rpm,steering_deg
2026-07-29T10:09:40.697683+00:00,1,LEFT,633.0,-7.0,512.0,11058,-0.016803022606763987,-3.209140928101624,-0.131
2026-07-29T10:09:41.431067+00:00,1,LEFT,633.0,-7.0,512.0,11004,-0.016085495105944574,-3.072103269829884,-0.21
2026-07-29T10:09:42.180891+00:00,1,LEFT,633.0,-7.0,512.0,11080,0.009829933550645365,1.8773790178200909,-0.257
2026-07-29T10:09:42.230930+00:00,1,LEFT,633.0,-7.0,512.0,11026,-0.000613182230736129,-0.11710917964532405,-0.286
2026-07-29T10:09:42.247694+00:00,1,LEFT,633.0,-7.0,512.0,11023,-0.000613182230736129,-0.11710917964532405,-0.303
2026-07-29T10:09:42.264431+00:00,1,LEFT,633.0,-7.0,512.0,11028,0.008558870407869108,1.634623839234378,-0.313
2026-07-29T10:09:42.314386+00:00,1,LEFT,633.0,-7.0,512.0,11014,0.0012234458577586337,0.23366094704110854,-0.319
2026-07-29T10:09:42.364394+00:00,1,LEFT,633.0,-7.0,512.0,11058,0.0012234458577586337,0.23366094704110854,-0.323
2026-07-29T10:09:42.431073+00:00,1,LEFT,633.0,-7.0,512.0,11046,3.150111297145486e-05,0.006016269410763917,-0.325
2026-07-29T10:09:42.480905+00:00,1,LEFT,633.0,-7.0,512.0,11071,1.3635948998853565e-05,0.0026042744242998316,-0.326
2026-07-29T10:09:42.531062+00:00,1,LEFT,633.0,-7.0,512.0,11008,-0.00013125979341566563,-0.025068773941589042,-0.327
2026-07-29T10:09:42.581059+00:00,1,LEFT,633.0,-7.0,512.0,11033,6.738177209626882e-05,0.012868970524095271,-0.327
2026-07-29T10:09:42.614445+00:00,1,LEFT,633.0,-7.0,512.0,11027,-6.924042245373129e-05,-0.013223946594338875,-0.328
2026-07-29T10:09:42.664493+00:00,1,LEFT,633.0,-7.0,512.0,11054,-9.434714389499276e-05,-0.01801897718098852,-0.328
2026-07-29T10:09:42.697697+00:00,1,LEFT,633.0,-7.0,512.0,11024,-3.6333248717710374e-05,-0.006939139358413049,-0.328
2026-07-29T10:09:42.714480+00:00,1,LEFT,633.0,-7.0,512.0,11043,9.695641114376485e-05,0.018517310517576362,-0.328
2026-07-29T10:09:42.781090+00:00,1,LEFT,633.0,-7.0,512.0,11026,-0.00013270391849800944,-0.025344581515946655,-0.328
2026-07-29T10:09:42.814498+00:00,1,LEFT,633.0,-7.0,512.0,11010,-9.440663270652293e-06,-0.0018030338707084948,-0.328
2026-07-29T10:09:42.847823+00:00,1,LEFT,633.0,-7.0,512.0,11048,-4.752210807055235e-05,-0.009076054086690792,-0.328
2026-07-29T10:09:42.864330+00:00,1,LEFT,633.0,-7.0,512.0,11008,0.0009310187376104296,0.1778114810422514,-0.328
2026-07-29T10:09:42.914449+00:00,1,LEFT,633.0,-7.0,512.0,11050,0.008870159060606966,1.694075592608354,-0.328
2026-07-29T10:09:42.964332+00:00,1,LEFT,633.0,-7.0,512.0,10989,0.0015703217475675046,0.2999093620440862,-0.328
2026-07-29T10:09:42.981082+00:00,1,LEFT,633.0,-7.0,512.0,11013,5.988523102132603e-05,0.01143723664229298,-0.328
2026-07-29T10:09:42.997867+00:00,1,LEFT,633.0,-7.0,512.0,11012,4.161201417446136e-05,0.007947309297450649,-0.328
2026-07-29T10:09:43.064296+00:00,1,LEFT,633.0,-7.0,512.0,11021,-0.015955539513379337,-3.047283579902851,-0.328
2026-07-29T10:09:43.114445+00:00,1,LEFT,633.0,-7.0,512.0,11043,-0.011724572002422065,-2.239228307786776,-0.328
2026-07-29T10:09:43.147838+00:00,1,LEFT,633.0,-7.0,512.0,11015,0.017590832603164016,3.3596015542747515,-0.328
2026-07-29T10:09:43.181089+00:00,1,LEFT,633.0,-7.0,512.0,11036,0.00010607837524730711,0.02025947733091906,-0.328
2026-07-29T10:09:43.214325+00:00,1,LEFT,633.0,-7.0,512.0,11054,-9.793409903068095e-05,-0.018704035149580883,-0.328
2026-07-29T10:09:43.247836+00:00,1,LEFT,633.0,-7.0,512.0,11006,0.02410578136332333,4.603865113278475,-0.328
2026-07-29T10:09:43.297859+00:00,1,LEFT,633.0,-7.0,512.0,11026,2.6495195925235694e-06,0.0005060209679627405,-0.328
2026-07-29T10:09:43.347869+00:00,1,LEFT,633.0,-7.0,512.0,11019,-0.006905354184564203,-1.3188255027284366,-0.328
2026-07-29T10:09:43.381114+00:00,1,LEFT,633.0,-7.0,512.0,11010,4.9940411117859184e-05,0.009537915947338483,-0.328
2026-07-29T10:09:43.431133+00:00,1,LEFT,633.0,-7.0,512.0,11026,-0.008663968490582192,-1.6546960944823,-0.328
2026-07-29T10:09:43.464465+00:00,1,LEFT,633.0,-7.0,512.0,11026,0.005359388160286471,1.0235677411893251,-0.328
2026-07-29T10:09:43.497869+00:00,1,LEFT,633.0,-7.0,512.0,11025,7.3269230051664644e-06,0.0013993392167111608,-0.328
2026-07-29T10:09:43.547880+00:00,1,LEFT,633.0,-7.0,512.0,11038,-7.887913787271828e-05,-0.015064805639124294,-0.328
2026-07-29T10:09:43.564421+00:00,1,LEFT,633.0,-7.0,512.0,11006,0.00011650887841824442,0.022251556697227497,-0.328
2026-07-29T10:09:43.614529+00:00,1,LEFT,633.0,-7.0,512.0,11051,-0.0006400252401363105,-0.12223581680552538,-0.328
2026-07-29T10:09:43.631265+00:00,1,LEFT,633.0,-7.0,512.0,11014,0.0052893489063717426,1.0101912290241284,-0.328
2026-07-29T10:09:43.714489+00:00,1,LEFT,633.0,-7.0,512.0,11059,-0.01326243496267125,-2.5329384980926872,-0.328
2026-07-29T10:09:43.764488+00:00,1,LEFT,633.0,-7.0,512.0,11023,-0.0001690072167548351,-0.03227800075768248,-0.328
2026-07-29T10:09:43.797737+00:00,1,LEFT,633.0,-7.0,512.0,11013,0.006328635319368914,1.208680312924222,-0.328
2026-07-29T10:09:43.814467+00:00,1,LEFT,633.0,-7.0,512.0,11025,0.00012523007753770796,0.023917183036689063,-0.328
2026-07-29T10:09:43.847910+00:00,1,LEFT,633.0,-7.0,512.0,11037,1.8724333494901608e-06,0.0003576084278177682,-0.328
2026-07-29T10:09:43.897759+00:00,1,LEFT,633.0,-7.0,512.0,10986,0.0038463703251909467,0.7346026202593441,-0.328
2026-07-29T10:09:43.947683+00:00,1,LEFT,633.0,-7.0,512.0,11058,-3.759691142477095e-05,-0.007180481157888541,-0.328
2026-07-29T10:09:43.997711+00:00,1,LEFT,633.0,-7.0,512.0,11006,-0.0029604182310868053,-0.5653982341161959,-0.328
2026-07-29T10:09:44.047744+00:00,1,LEFT,633.0,-7.0,512.0,11021,-0.0220196911576204,-4.205451231710623,-0.328
2026-07-29T10:09:44.064480+00:00,1,LEFT,633.0,-7.0,512.0,11021,-0.005255595939233899,-1.0037448871473211,-0.328
2026-07-29T10:09:44.097858+00:00,1,LEFT,633.0,-7.0,512.0,11019,-0.012674877116223797,-2.4207232153552383,-0.328
2026-07-29T10:09:44.147876+00:00,1,LEFT,633.0,-7.0,512.0,11038,0.007174497063388117,1.3702280062038072,-0.328
2026-07-29T10:09:44.164505+00:00,1,LEFT,633.0,-7.0,512.0,11009,0.0018171424604952334,0.3470486458679827,-0.328
2026-07-29T10:09:44.214464+00:00,1,LEFT,633.0,-7.0,512.0,11022,-0.027327700241294224,-5.219206292082668,-0.328
2026-07-29T10:09:44.264499+00:00,1,LEFT,633.0,-7.0,512.0,11041,-0.0010511448862962425,-0.20075388547177833,-0.328
2026-07-29T10:09:44.297926+00:00,1,LEFT,633.0,-7.0,512.0,11049,0.020805859845131634,3.9736265275558504,-0.328
2026-07-29T10:09:44.331239+00:00,1,LEFT,633.0,-7.0,512.0,11042,-0.0005560988676734269,-0.10620706036563804,-0.328
2026-07-29T10:09:44.347896+00:00,1,LEFT,633.0,-7.0,512.0,11008,0.03209039217748796,6.128813448965639,-0.328
2026-07-29T10:09:44.364534+00:00,1,LEFT,633.0,-7.0,512.0,11017,-0.006758111359085888,-1.2907041945168072,-0.328
2026-07-29T10:09:44.381468+00:00,1,LEFT,633.0,-7.0,512.0,11019,0.004689760806504637,0.895678337128616,-0.328
2026-07-29T10:09:44.431292+00:00,1,LEFT,633.0,-7.0,512.0,11038,-0.002326605522539467,-0.4443489234444699,-0.328
2026-07-29T10:09:44.447873+00:00,1,LEFT,633.0,-7.0,512.0,11046,-0.002326605522539467,-0.4443489234444699,-0.328
2026-07-29T10:09:44.464640+00:00,1,LEFT,633.0,-7.0,512.0,11033,0.0004443183430703357,0.08485855272725341,-0.328
2026-07-29T10:09:44.548061+00:00,1,LEFT,633.0,-7.0,512.0,11013,0.00624427732109325,1.1925691220263308,-0.328
2026-07-29T10:09:44.564569+00:00,1,LEFT,633.0,-7.0,512.0,11031,-0.015066246949136258,-2.8774412109578678,-0.328
2026-07-29T10:09:44.614613+00:00,1,LEFT,633.0,-7.0,512.0,11029,0.01021209911792539,1.950367264754652,-0.328
2026-07-29T10:09:44.664658+00:00,1,LEFT,633.0,-7.0,512.0,11019,-0.0034987068304326383,-0.6682037837912785,-0.328
2026-07-29T10:09:44.681150+00:00,1,LEFT,633.0,-7.0,512.0,11023,-0.0019634450308512897,-0.37499037857904205,-0.328
2026-07-29T10:09:44.714658+00:00,1,LEFT,633.0,-7.0,512.0,11015,-0.007649874230846763,-1.461018357444688,-0.328
2026-07-29T10:09:44.764646+00:00,1,LEFT,633.0,-7.0,512.0,11057,-3.099473775364458e-05,-0.005919558867995428,-0.328
2026-07-29T10:09:44.797874+00:00,1,LEFT,633.0,-7.0,512.0,11046,0.00016223723127041013,0.03098502877227454,-0.328
2026-07-29T10:09:44.814624+00:00,1,LEFT,633.0,-7.0,512.0,11054,0.018442812559660526,3.5223177400647163,-0.328
2026-07-29T10:09:44.864637+00:00,1,LEFT,632.0,-8.0,512.0,11004,-0.022534936377051052,-4.303855820002851,-0.347
2026-07-29T10:09:44.897841+00:00,1,LEFT,633.0,-7.0,512.0,11051,-0.01688227885781089,-3.22427775705168,-0.339
2026-07-29T10:09:44.914649+00:00,1,LEFT,633.0,-7.0,512.0,10995,0.01921705437125638,3.6701870338214015,-0.335
2026-07-29T10:09:44.947875+00:00,1,LEFT,633.0,-7.0,512.0,11040,-0.014931423745583743,-2.8516918758112264,-0.332
2026-07-29T10:09:44.997913+00:00,1,LEFT,633.0,-7.0,512.0,11015,-0.004265718803508207,-0.8146922801020519,-0.331
2026-07-29T10:09:45.031191+00:00,1,LEFT,633.0,-7.0,512.0,11018,0.004849045322625898,0.9260994388470554,-0.33
2026-07-29T10:09:45.047923+00:00,1,LEFT,633.0,-7.0,512.0,11000,-0.013595157362287865,-2.5964837955843443,-0.329
2026-07-29T10:09:45.097925+00:00,1,LEFT,633.0,-7.0,512.0,11031,-0.0070331618585623805,-1.3432349704267015,-0.329
2026-07-29T10:09:45.114647+00:00,1,LEFT,633.0,-7.0,512.0,11021,0.007404525068122894,1.414160119007534,-0.328
2026-07-29T10:09:45.164644+00:00,1,LEFT,633.0,-7.0,512.0,11048,0.007404525068122894,1.414160119007534,-0.328
2026-07-29T10:09:45.198041+00:00,1,LEFT,633.0,-7.0,512.0,11037,0.007404525068122894,1.414160119007534,-0.328
2026-07-29T10:09:45.231299+00:00,1,LEFT,633.0,-7.0,512.0,11045,0.007404525068122894,1.414160119007534,-0.328
2026-07-29T10:09:45.264560+00:00,1,LEFT,633.0,-7.0,512.0,11023,0.007404525068122894,1.414160119007534,-0.328
2026-07-29T10:09:45.298075+00:00,1,LEFT,633.0,-7.0,512.0,11018,0.001275198452640325,0.2435449645930127,-0.328
2026-07-29T10:09:45.314593+00:00,1,LEFT,633.0,-7.0,512.0,11021,-0.0020582059229491277,-0.3930883758460444,-0.328
2026-07-29T10:09:45.381274+00:00,1,LEFT,633.0,-7.0,512.0,11046,-4.801292350748554e-05,-0.009169792930211262,-0.328
2026-07-29T10:09:45.414598+00:00,1,LEFT,633.0,-7.0,512.0,11013,-0.003980496597941965,-0.7602188514275238,-0.328
2026-07-29T10:09:45.431279+00:00,1,LEFT,633.0,-7.0,512.0,11017,-7.323511177673937e-05,-0.013986876056586658,-0.328
2026-07-29T10:09:45.481151+00:00,1,LEFT,633.0,-7.0,512.0,11012,3.0271396972239018e-05,0.005781410954914649,-0.328
2026-07-29T10:09:45.498055+00:00,1,LEFT,633.0,-7.0,512.0,11052,6.927292502950877e-05,0.013230154129056721,-0.328
2026-07-29T10:09:45.531270+00:00,1,LEFT,633.0,-7.0,512.0,11044,-5.808912625070661e-05,-0.011094205899226961,-0.328
2026-07-29T10:09:45.564677+00:00,1,LEFT,633.0,-7.0,512.0,11035,2.436048322124407e-05,0.004652509584921805,-0.328
2026-07-29T10:09:45.614661+00:00,1,LEFT,633.0,-7.0,512.0,11021,1.914157415740192e-05,0.003655771374852716,-0.328
2026-07-29T10:09:45.631266+00:00,1,LEFT,633.0,-7.0,512.0,11041,-0.00010780960670672357,-0.02059011818420185,-0.328
2026-07-29T10:09:45.664738+00:00,1,LEFT,633.0,-7.0,512.0,11035,-0.02064138019923121,-3.9422132291361818,-0.328
2026-07-29T10:09:45.714753+00:00,1,LEFT,633.0,-7.0,512.0,11049,-2.5120455538854004e-05,-0.004797653606074556,-0.328
2026-07-29T10:09:45.731312+00:00,1,LEFT,633.0,-7.0,512.0,11030,-0.00011897564982064068,-0.0227226753318304,-0.328
2026-07-29T10:09:45.781369+00:00,1,LEFT,633.0,-7.0,512.0,11027,-0.007716231445083394,-1.4736916518313692,-0.328
2026-07-29T10:09:45.814752+00:00,1,LEFT,633.0,-7.0,512.0,11049,0.01618091096403077,3.090326356386411,-0.328
2026-07-29T10:09:45.848002+00:00,1,LEFT,633.0,-7.0,512.0,11027,-0.0024062465853057803,-0.45955924601929077,-0.328
2026-07-29T10:09:45.864705+00:00,1,LEFT,633.0,-7.0,512.0,11031,0.007419330771663226,1.4169878000928107,-0.328
2026-07-29T10:09:45.931328+00:00,1,LEFT,633.0,-7.0,512.0,11022,-0.028750474113039673,-5.490936085591007,-0.328
2026-07-29T10:09:45.964692+00:00,1,LEFT,633.0,-7.0,512.0,11044,0.008905678354203701,1.700859277989617,-0.328
2026-07-29T10:09:45.981407+00:00,1,LEFT,633.0,-7.0,512.0,11051,-0.006107826828956604,-1.1665089976532879,-0.328
2026-07-29T10:09:46.031389+00:00,1,LEFT,633.0,-7.0,512.0,11028,0.014038293568883092,2.6811165768754908,-0.328
2026-07-29T10:09:46.064677+00:00,1,LEFT,633.0,-7.0,512.0,11011,0.006600235448568128,1.2605521166519649,-0.328
2026-07-29T10:09:46.081434+00:00,1,LEFT,633.0,-7.0,512.0,11027,0.01318066098727286,2.5173208192115726,-0.328
2026-07-29T10:09:46.131400+00:00,1,LEFT,633.0,-7.0,512.0,11040,-0.0007710944258724339,-0.14726818736184594,-0.328
2026-07-29T10:09:46.147977+00:00,1,LEFT,633.0,-7.0,512.0,11005,0.02940403912565671,5.61575780845891,-0.328
2026-07-29T10:09:46.198065+00:00,1,LEFT,633.0,-7.0,512.0,11017,-0.0033586751320399343,-0.6414596994047759,-0.328
2026-07-29T10:09:46.214669+00:00,1,LEFT,633.0,-7.0,512.0,11030,0.019761919782467885,3.7742486620383326,-0.328
2026-07-29T10:09:46.281499+00:00,1,LEFT,633.0,-7.0,512.0,11027,-0.00016835018643178044,-0.03215251720927198,-0.328
2026-07-29T10:09:46.314661+00:00,1,LEFT,633.0,-7.0,512.0,11016,8.482484612613916e-05,0.01620035226958135,-0.328
2026-07-29T10:09:46.364671+00:00,1,LEFT,633.0,-7.0,512.0,11018,0.005938358790008352,1.1341429863396428,-0.328
2026-07-29T10:09:46.414674+00:00,1,LEFT,633.0,-7.0,512.0,11041,-8.83463377249427e-06,-0.0016872907623588747,-0.328
2026-07-29T10:09:46.448051+00:00,1,LEFT,633.0,-7.0,512.0,11029,0.00011846174485981463,0.022624526714076505,-0.328
2026-07-29T10:09:46.498153+00:00,1,LEFT,633.0,-7.0,512.0,11012,-0.021213081009846063,-4.051400041110979,-0.328
2026-07-29T10:09:46.514737+00:00,1,LEFT,633.0,-7.0,512.0,11022,0.006819034975778777,1.3023397482140582,-0.328
2026-07-29T10:09:46.564722+00:00,1,LEFT,633.0,-7.0,512.0,11052,-0.006707596858614124,-1.2810566355793283,-0.328
2026-07-29T10:09:46.598067+00:00,1,LEFT,633.0,-7.0,512.0,11041,0.015742594703333453,3.0066141169533704,-0.328
2026-07-29T10:09:46.631488+00:00,1,LEFT,633.0,-7.0,512.0,11005,-0.008443575451383366,-1.612604124548453,-0.328
2026-07-29T10:09:46.648092+00:00,1,LEFT,633.0,-7.0,512.0,11008,-2.2906662197783587e-05,-0.004374850222216221,-0.328
2026-07-29T10:09:46.681439+00:00,1,LEFT,633.0,-7.0,512.0,11068,0.0005152951576747,0.09841412579429536,-0.328
2026-07-29T10:09:46.748057+00:00,1,LEFT,633.0,-7.0,512.0,11057,-0.00011622883030213415,-0.022198071446848464,-0.328
2026-07-29T10:09:46.781468+00:00,1,LEFT,633.0,-7.0,512.0,11055,-0.00213539181422675,-0.4078297952065891,-0.328
2026-07-29T10:09:46.798092+00:00,1,LEFT,633.0,-7.0,512.0,11031,0.013048067808849737,2.4919973874920056,-0.328
2026-07-29T10:09:46.864903+00:00,1,LEFT,633.0,-7.0,512.0,10988,0.005190643132664263,0.9913398148674217,-0.328
2026-07-29T10:09:46.898054+00:00,1,LEFT,633.0,-7.0,512.0,11007,-0.004775911887409165,-0.9121319815830146,-0.328
2026-07-29T10:09:46.931323+00:00,1,LEFT,633.0,-7.0,512.0,11014,-0.0072419503750279545,-1.383110639774285,-0.328
2026-07-29T10:09:46.964815+00:00,1,LEFT,633.0,-7.0,512.0,11018,-0.009235935097094625,-1.7639336697342407,-0.328
2026-07-29T10:09:46.981321+00:00,1,LEFT,633.0,-7.0,512.0,11013,-0.01996479050256312,-3.812994115532455,-0.328
2026-07-29T10:09:47.048059+00:00,1,LEFT,633.0,-7.0,512.0,11044,-0.02088276594877243,-3.9883145114138956,-0.328
2026-07-29T10:09:47.081305+00:00,1,LEFT,633.0,-7.0,512.0,11021,-0.014320195143518503,-2.7349558117578283,-0.328
2026-07-29T10:09:47.098063+00:00,1,LEFT,633.0,-7.0,512.0,11026,0.00940162229235284,1.795577593093093,-0.328
2026-07-29T10:09:47.131428+00:00,1,LEFT,633.0,-7.0,512.0,11074,-0.004861803553067148,-0.9285360813748518,-0.328
2026-07-29T10:09:47.164800+00:00,1,LEFT,633.0,-7.0,512.0,11057,-0.0009638740861555562,-0.1840863903958082,-0.328
2026-07-29T10:09:47.198054+00:00,1,LEFT,633.0,-7.0,512.0,11038,0.00014364575617946683,0.027434318580162383,-0.328
2026-07-29T10:09:47.231430+00:00,1,LEFT,633.0,-7.0,512.0,11045,0.005982622301671654,1.142596694355427,-0.328
2026-07-29T10:09:47.281585+00:00,1,LEFT,633.0,-7.0,512.0,11004,-0.022743545180928776,-4.343697166774405,-0.328
2026-07-29T10:09:47.331479+00:00,1,LEFT,633.0,-7.0,512.0,11030,0.017072676960378886,3.2606411160664974,-0.328
2026-07-29T10:09:47.348061+00:00,1,LEFT,633.0,-7.0,512.0,11028,0.00782572568859905,1.4946035119461183,-0.328
2026-07-29T10:09:47.398065+00:00,1,LEFT,633.0,-7.0,512.0,11054,0.006017132413107902,1.1491876401415044,-0.328
2026-07-29T10:09:47.414814+00:00,1,LEFT,633.0,-7.0,512.0,11053,-0.0010366846065153368,-0.1979921754650308,-0.328
2026-07-29T10:09:47.431438+00:00,1,LEFT,633.0,-7.0,512.0,11005,0.00011430327838752418,0.021830318120380176,-0.328
2026-07-29T10:09:47.481444+00:00,1,LEFT,633.0,-7.0,512.0,11037,-1.202280982397495e-06,-0.00022961875360072957,-0.328
2026-07-29T10:09:47.498069+00:00,1,LEFT,633.0,-7.0,512.0,11040,2.4393468629568834e-06,0.0004658809333863555,-0.328
2026-07-29T10:09:47.564709+00:00,1,LEFT,633.0,-7.0,512.0,11055,-0.0021048433403484525,-0.40199546646061546,-0.328
2026-07-29T10:09:47.598212+00:00,1,LEFT,633.0,-7.0,512.0,11027,-0.0011523316893726587,-0.22007914133411174,-0.328
2026-07-29T10:09:47.614791+00:00,1,LEFT,633.0,-7.0,512.0,11006,-0.012179845014761667,-2.326179048230998,-0.328
2026-07-29T10:09:47.648235+00:00,1,LEFT,633.0,-7.0,512.0,11051,-0.00363761326065287,-0.6947329577874377,-0.328
2026-07-29T10:09:47.698215+00:00,1,LEFT,633.0,-7.0,512.0,11016,-0.013245845878263935,-2.529770216350936,-0.328
2026-07-29T10:09:47.714736+00:00,1,LEFT,633.0,-7.0,512.0,11021,-0.021569670785975176,-4.119503671743356,-0.328
2026-07-29T10:09:47.798207+00:00,1,LEFT,633.0,-7.0,512.0,11036,0.030099448279943316,5.748571173710191,-0.328
2026-07-29T10:09:47.831448+00:00,1,LEFT,633.0,-7.0,512.0,11019,-0.022196255647577344,-4.239172565331999,-0.328
2026-07-29T10:09:47.848204+00:00,1,LEFT,633.0,-7.0,512.0,11035,0.02514343861024827,4.802043049378353,-0.328
2026-07-29T10:09:47.898214+00:00,1,LEFT,633.0,-7.0,512.0,10993,0.011204040416050703,2.139814097779014,-0.328
2026-07-29T10:09:47.948214+00:00,1,LEFT,633.0,-7.0,512.0,11042,-0.015980830420739948,-3.0521137874089153,-0.328
2026-07-29T10:09:47.964825+00:00,1,LEFT,633.0,-7.0,512.0,11031,-0.020233693581831177,-3.8643508206662274,-0.328
2026-07-29T10:09:47.998235+00:00,1,LEFT,633.0,-7.0,512.0,11025,0.01399448944022879,2.672750604551692,-0.328
2026-07-29T10:09:48.031461+00:00,1,LEFT,633.0,-7.0,512.0,11012,-0.00852646564366296,-1.628434985150615,-0.328
2026-07-29T10:09:48.064839+00:00,1,LEFT,633.0,-7.0,512.0,11013,0.020669828247919214,3.9476464062201995,-0.328
2026-07-29T10:09:48.098200+00:00,1,LEFT,633.0,-7.0,512.0,11007,-0.004105798885575496,-0.7841498255766424,-0.328
2026-07-29T10:09:48.148204+00:00,1,LEFT,633.0,-7.0,512.0,11028,0.0015425142832100392,0.29459852755527544,-0.328
2026-07-29T10:09:48.181457+00:00,1,LEFT,633.0,-7.0,512.0,11006,-0.0002063398464815691,-0.039408007829237465,-0.328
2026-07-29T10:09:48.214837+00:00,1,LEFT,633.0,-7.0,512.0,11043,0.006029866038588807,1.1516195834680247,-0.328
2026-07-29T10:09:48.248216+00:00,1,LEFT,633.0,-7.0,512.0,11018,-0.0009093663573730737,-0.17367618102887483,-0.328
2026-07-29T10:09:48.281446+00:00,1,LEFT,633.0,-7.0,512.0,11004,0.001237262135691708,0.23629966175492478,-0.328
2026-07-29T10:09:48.331566+00:00,1,LEFT,633.0,-7.0,512.0,11010,-2.846163406502456e-06,-0.0005435771699905601,-0.328
2026-07-29T10:09:48.348109+00:00,1,LEFT,633.0,-7.0,512.0,11004,0.009125824618968182,1.742904117478198,-0.328
2026-07-29T10:09:48.398115+00:00,1,LEFT,633.0,-7.0,512.0,11026,-0.012958517444785685,-2.4748945277762386,-0.328
2026-07-29T10:09:48.431584+00:00,1,LEFT,633.0,-7.0,512.0,11066,-0.007754328749142587,-1.4809677009427635,-0.328
2026-07-29T10:09:48.464856+00:00,1,LEFT,633.0,-7.0,512.0,11033,6.125975603936241e-05,0.01169975158352174,-0.328
2026-07-29T10:09:48.498096+00:00,1,LEFT,633.0,-7.0,512.0,11021,-0.00327401798509527,-0.6252913753196154,-0.328
2026-07-29T10:09:48.514871+00:00,1,LEFT,633.0,-7.0,512.0,11028,-0.00010062087443657219,-0.019217171453771272,-0.328
2026-07-29T10:09:48.564899+00:00,1,LEFT,633.0,-7.0,512.0,11032,-0.009009048063308,-1.7206014381935215,-0.328
2026-07-29T10:09:48.598115+00:00,1,LEFT,633.0,-7.0,512.0,10990,-0.00014866864657960832,-0.028393619983111996,-0.328
2026-07-29T10:09:48.631598+00:00,1,LEFT,633.0,-7.0,512.0,11041,0.01835289555892814,3.5051448579032485,-0.328
2026-07-29T10:09:48.648134+00:00,1,LEFT,633.0,-7.0,512.0,11015,-0.006273918909137137,-1.1982302483362646,-0.328
2026-07-29T10:09:48.698118+00:00,1,LEFT,633.0,-7.0,512.0,11021,0.009594411483849399,1.832397616454734,-0.328
2026-07-29T10:09:48.748230+00:00,1,LEFT,633.0,-7.0,512.0,11033,0.020230817092815413,3.863801451731497,-0.328
2026-07-29T10:09:48.781599+00:00,1,LEFT,633.0,-7.0,512.0,11008,-0.0106644994369708,-2.0367693611935653,-0.328
2026-07-29T10:09:48.814878+00:00,1,LEFT,633.0,-7.0,512.0,11069,-0.008906758786179126,-1.7010656252970933,-0.328
2026-07-29T10:09:48.831681+00:00,1,LEFT,633.0,-7.0,512.0,11041,0.028486411670455708,5.440503873964418,-0.328
2026-07-29T10:09:48.864881+00:00,1,LEFT,633.0,-7.0,512.0,11019,-0.009764019015710801,-1.8647902689523637,-0.328
2026-07-29T10:09:48.881701+00:00,1,LEFT,633.0,-7.0,512.0,11028,0.0004974302067421377,0.0950021714954816,-0.328
2026-07-29T10:09:48.931606+00:00,1,LEFT,633.0,-7.0,512.0,11037,0.00758269886020571,1.4481888066948234,-0.328
2026-07-29T10:09:48.981613+00:00,1,LEFT,633.0,-7.0,512.0,11038,0.0314297060307581,6.002631689664366,-0.328
2026-07-29T10:09:49.014968+00:00,1,LEFT,633.0,-7.0,512.0,10992,-0.00946721838437952,-1.8081055238453616,-0.328
2026-07-29T10:09:49.031698+00:00,1,LEFT,633.0,-7.0,512.0,11004,0.008554479354061187,1.6337852097316823,-0.328
2026-07-29T10:09:49.098243+00:00,1,LEFT,633.0,-7.0,512.0,11011,0.0026012083125533537,0.4967941931455129,-0.328
2026-07-29T10:09:49.131556+00:00,1,LEFT,633.0,-7.0,512.0,11041,0.027424740814603867,5.237739676389909,-0.328
2026-07-29T10:09:49.165071+00:00,1,LEFT,633.0,-7.0,512.0,11009,-0.019214060374361,-3.6696152225347993,-0.328
2026-07-29T10:09:49.181506+00:00,1,LEFT,633.0,-7.0,512.0,11037,0.0060285092596313915,1.1513604577747178,-0.328
2026-07-29T10:09:49.231534+00:00,1,LEFT,633.0,-7.0,512.0,11042,-0.004525207665283233,-0.8642510021365938,-0.328
2026-07-29T10:09:49.264995+00:00,1,LEFT,633.0,-7.0,512.0,11036,0.006418313902104273,1.2258076606023915,-0.328
2026-07-29T10:09:49.298259+00:00,1,LEFT,633.0,-7.0,512.0,11019,-0.007563391475414392,-1.4445013678215648,-0.328
2026-07-29T10:09:49.348230+00:00,1,LEFT,633.0,-7.0,512.0,11050,-0.007821283072698861,-1.49375503480919,-0.328
2026-07-29T10:09:49.364998+00:00,1,LEFT,633.0,-7.0,512.0,11006,-0.007821283072698861,-1.49375503480919,-0.328
2026-07-29T10:09:49.431494+00:00,1,LEFT,633.0,-7.0,512.0,11040,0.008977908645756543,1.7146542475195414,-0.328
2026-07-29T10:09:49.448354+00:00,1,LEFT,633.0,-7.0,512.0,11052,0.012486864305101335,2.3848154134495467,-0.328
2026-07-29T10:09:49.465016+00:00,1,LEFT,633.0,-7.0,512.0,11057,0.01591040281811729,3.038663106103906,-0.328
2026-07-29T10:09:49.498135+00:00,1,LEFT,633.0,-7.0,512.0,11015,-0.004014599135844037,-0.766731956402436,-0.328
2026-07-29T10:09:49.548281+00:00,1,LEFT,633.0,-7.0,512.0,11012,0.009227067201863974,1.7622400265013056,-0.328
2026-07-29T10:09:49.565109+00:00,1,LEFT,633.0,-7.0,512.0,10997,-0.00043482119450345637,-0.08304473095961706,-0.328
2026-07-29T10:09:49.614993+00:00,1,LEFT,633.0,-7.0,512.0,11019,-0.001447758342837915,-0.27650147599822206,-0.328
2026-07-29T10:09:49.631616+00:00,1,LEFT,633.0,-7.0,512.0,11005,3.926120116375386e-05,0.0074983370843240416,-0.328
2026-07-29T10:09:49.665069+00:00,1,LEFT,633.0,-7.0,512.0,11062,0.007891064057475887,1.5070822212024906,-0.328
2026-07-29T10:09:49.698271+00:00,1,LEFT,633.0,-7.0,512.0,11052,-0.0011621369759086519,-0.22195181311887463,-0.328
2026-07-29T10:09:49.748256+00:00,1,LEFT,633.0,-7.0,512.0,11007,-0.016615954724984477,-3.1734135944068966,-0.328
2026-07-29T10:09:49.781649+00:00,1,LEFT,633.0,-7.0,512.0,11040,0.01318092467263341,2.5173711794058353,-0.328
2026-07-29T10:09:49.814992+00:00,1,LEFT,633.0,-7.0,512.0,11002,0.003236223723506555,0.6180732030567928,-0.328
2026-07-29T10:09:49.848382+00:00,1,LEFT,633.0,-7.0,512.0,11043,0.026342970076948403,5.03113668416187,-0.328
2026-07-29T10:09:49.898381+00:00,1,LEFT,633.0,-7.0,512.0,11053,0.034097375543788076,6.5121190371054904,-0.328
2026-07-29T10:09:49.931622+00:00,1,LEFT,633.0,-7.0,512.0,11066,-0.0004381619882769883,-0.08368277557110695,-0.328
2026-07-29T10:09:49.948392+00:00,1,LEFT,633.0,-7.0,512.0,11038,-0.03091563373338431,-5.904451112983991,-0.328
2026-07-29T10:09:49.998382+00:00,1,LEFT,633.0,-7.0,512.0,11012,-0.03718443475663662,-7.101703917116155,-0.328
2026-07-29T10:09:50.031628+00:00,1,LEFT,633.0,-7.0,512.0,11031,0.012594780931249262,2.405425970841438,-0.328
2026-07-29T10:09:50.048855+00:00,1,LEFT,633.0,-7.0,512.0,11037,0.007395760640501976,1.4124862366324458,-0.328
2026-07-29T10:09:50.114999+00:00,1,LEFT,633.0,-7.0,512.0,11045,-0.0280946508719353,-5.3656830728514375,-0.328
2026-07-29T10:09:50.164883+00:00,1,LEFT,633.0,-7.0,512.0,11022,-0.03421824847231619,-6.535204065978982,-0.328
2026-07-29T10:09:50.198441+00:00,1,LEFT,633.0,-7.0,512.0,11011,0.0131659972993657,2.5145202611143147,-0.328
2026-07-29T10:09:50.214893+00:00,1,LEFT,633.0,-7.0,512.0,11010,0.0131659972993657,2.5145202611143147,-0.328
2026-07-29T10:09:50.231644+00:00,1,LEFT,633.0,-7.0,512.0,11037,-0.014581615682691335,-2.7848834569999537,-0.328
2026-07-29T10:09:50.281632+00:00,1,LEFT,633.0,-7.0,512.0,11093,0.006754157630202826,1.2899490879223459,-0.328
2026-07-29T10:09:50.331630+00:00,1,LEFT,633.0,-7.0,512.0,11000,-0.028074976662173866,-5.361925575569486,-0.328
2026-07-29T10:09:50.365023+00:00,1,LEFT,633.0,-7.0,512.0,11031,0.0014013883611187338,0.26764546183619586,-0.328
2026-07-29T10:09:50.398401+00:00,1,LEFT,632.0,-8.0,512.0,11008,0.03211536092218012,6.133582127934308,-0.347
2026-07-29T10:09:50.415003+00:00,1,LEFT,633.0,-7.0,512.0,11053,-0.00861082810908556,-1.644547029210726,-0.339
2026-07-29T10:09:50.465855+00:00,1,LEFT,633.0,-7.0,512.0,11051,-0.024569885767996312,-4.692502525415787,-0.335
2026-07-29T10:09:50.498443+00:00,1,LEFT,633.0,-7.0,512.0,11019,-0.0018916814774274826,-0.3612845494655562,-0.332
2026-07-29T10:09:50.531749+00:00,1,LEFT,633.0,-7.0,512.0,11042,-0.01722549382597208,-3.289826987522857,-0.331
2026-07-29T10:09:50.548415+00:00,1,LEFT,633.0,-7.0,512.0,11044,0.004720502588897944,0.9015495850814362,-0.33
2026-07-29T10:09:50.615025+00:00,1,LEFT,633.0,-7.0,512.0,11065,0.014013569680973888,2.676394662107651,-0.329
2026-07-29T10:09:50.648274+00:00,1,LEFT,633.0,-7.0,512.0,11027,0.0020542329410091044,0.392329592188561,-0.329
2026-07-29T10:09:50.665023+00:00,1,LEFT,633.0,-7.0,512.0,11012,0.006477652210742235,1.2371404427637245,-0.328
2026-07-29T10:09:50.715013+00:00,1,LEFT,633.0,-7.0,512.0,11030,-0.0023985926364548504,-0.4580974494667331,-0.328
2026-07-29T10:09:50.731892+00:00,1,LEFT,633.0,-7.0,512.0,11012,-0.062276238235644994,-11.893885382845674,-0.328
2026-07-29T10:09:50.748314+00:00,1,LEFT,632.0,-8.0,512.0,11010,-0.005476632714271545,-1.0459598015701201,-0.347
2026-07-29T10:09:50.798303+00:00,1,LEFT,633.0,-7.0,512.0,11060,0.002092063999734819,0.3995547921868777,-0.339
2026-07-29T10:09:50.848267+00:00,1,LEFT,633.0,-7.0,512.0,11025,-0.014158662532863672,-2.7041053556103223,-0.335
2026-07-29T10:09:50.881755+00:00,1,LEFT,633.0,-7.0,512.0,11019,0.003242602441459894,0.6192914484482284,-0.332
2026-07-29T10:09:50.931787+00:00,1,LEFT,633.0,-7.0,512.0,11050,0.011719650770537555,2.23828842173015,-0.331
2026-07-29T10:09:50.948286+00:00,1,LEFT,633.0,-7.0,512.0,11012,-0.009284679936245084,-1.7732432482554585,-0.33
2026-07-29T10:09:50.981773+00:00,1,LEFT,633.0,-7.0,512.0,11074,-0.01283068249002099,-2.4504798498353626,-0.329
2026-07-29T10:09:50.998322+00:00,1,LEFT,633.0,-7.0,512.0,11085,0.022122899037785828,4.225162484863859,-0.329
2026-07-29T10:09:51.031782+00:00,1,LEFT,633.0,-7.0,512.0,11015,-0.021887777913361786,-4.180257657850967,-0.328
2026-07-29T10:09:51.081777+00:00,1,LEFT,633.0,-7.0,512.0,11062,-0.015687059392221273,-2.9960076538177907,-0.328
2026-07-29T10:09:51.115067+00:00,1,LEFT,633.0,-7.0,512.0,11059,-0.0093063058773987,-1.7773734987757934,-0.328
2026-07-29T10:09:51.131797+00:00,1,LEFT,633.0,-7.0,512.0,11037,0.022158099515363575,4.231885280870692,-0.328
2026-07-29T10:09:51.198470+00:00,1,LEFT,633.0,-7.0,512.0,11065,-0.003425950240343809,-0.654308298645101,-0.328
2026-07-29T10:09:51.231775+00:00,1,LEFT,633.0,-7.0,512.0,11027,-0.043690811041742564,-8.344330253984747,-0.328
2026-07-29T10:09:51.281810+00:00,1,LEFT,633.0,-7.0,512.0,11030,-0.02966537782922387,-5.665669824251639,-0.328
2026-07-29T10:09:51.298411+00:00,1,LEFT,633.0,-7.0,512.0,11009,0.026433540703728796,5.0484343997031065,-0.328
2026-07-29T10:09:51.348412+00:00,1,LEFT,633.0,-7.0,512.0,11040,-0.0059976037296473805,-1.1454579363357218,-0.328
2026-07-29T10:09:51.365074+00:00,1,LEFT,633.0,-7.0,512.0,11038,-0.032024958913680165,-6.116316616112464,-0.328
2026-07-29T10:09:51.415143+00:00,1,LEFT,633.0,-7.0,512.0,11045,-0.05407178398279939,-10.326950043191633,-0.328
2026-07-29T10:09:51.465188+00:00,1,LEFT,632.0,-8.0,512.0,11040,-0.02561020848341286,-4.8911895284989795,-0.347
2026-07-29T10:09:51.498695+00:00,1,LEFT,632.0,-8.0,512.0,10984,0.004690423144493252,0.8958048343664788,-0.358
2026-07-29T10:09:51.531649+00:00,1,LEFT,633.0,-7.0,512.0,11045,0.0008999671950004995,0.1718810732458526,-0.346
2026-07-29T10:09:51.548413+00:00,1,LEFT,633.0,-7.0,512.0,11040,0.0019147152092773467,0.3656836682036671,-0.339
2026-07-29T10:09:51.598404+00:00,1,LEFT,634.0,-6.0,512.0,10983,0.04436425790190697,8.472949130030607,-0.316
2026-07-29T10:09:51.631732+00:00,1,LEFT,633.0,-7.0,512.0,11051,-0.00638991123996675,-1.2203831517110046,-0.321
2026-07-29T10:09:51.648402+00:00,1,LEFT,632.0,-8.0,512.0,10986,-0.04040695653762669,-7.717160241915196,-0.342
2026-07-29T10:09:51.681836+00:00,1,LEFT,633.0,-7.0,512.0,11019,0.008750176518224179,1.6711606149624099,-0.337
2026-07-29T10:09:51.731812+00:00,1,LEFT,632.0,-8.0,512.0,11006,-0.0007636235316749663,-0.14584135167283369,-0.352
2026-07-29T10:09:51.748427+00:00,1,LEFT,633.0,-7.0,512.0,11027,-0.03522246973239817,-6.726996198979004,-0.342
2026-07-29T10:09:51.798408+00:00,1,LEFT,633.0,-7.0,512.0,11016,-0.01878594372770749,-3.5878509658930007,-0.337
2026-07-29T10:09:51.831644+00:00,1,LEFT,633.0,-7.0,512.0,11034,-0.0006286364834522829,-0.12006072449920475,-0.333
2026-07-29T10:09:51.865174+00:00,1,LEFT,633.0,-7.0,512.0,11035,-0.005261649234744255,-1.0049009814302838,-0.331
2026-07-29T10:09:51.898428+00:00,1,LEFT,633.0,-7.0,512.0,11024,-0.0007034178148023784,-0.13434290674163749,-0.33
2026-07-29T10:09:51.915202+00:00,1,LEFT,633.0,-7.0,512.0,11016,-0.017554169226204976,-3.352599365066584,-0.329
2026-07-29T10:09:51.965173+00:00,1,LEFT,633.0,-7.0,512.0,11029,-0.009961914964951574,-1.902585611199802,-0.329
2026-07-29T10:09:51.998500+00:00,1,LEFT,633.0,-7.0,512.0,11004,-0.009961914964951574,-1.902585611199802,-0.329
2026-07-29T10:09:52.015138+00:00,1,LEFT,633.0,-7.0,512.0,11021,0.000609302194789052,0.11636814736490221,-0.328
2026-07-29T10:09:52.048482+00:00,1,LEFT,633.0,-7.0,512.0,11029,0.011275808908976614,2.1535208702679114,-0.328
2026-07-29T10:09:52.098420+00:00,1,LEFT,633.0,-7.0,512.0,11025,-0.01785218935459852,-3.4095170169562414,-0.328
2026-07-29T10:09:52.131806+00:00,1,LEFT,633.0,-7.0,512.0,11056,0.023399646397447214,4.469003268907422,-0.328
2026-07-29T10:09:52.165181+00:00,1,LEFT,633.0,-7.0,512.0,11025,-0.014570169901708141,-2.7826974738547268,-0.328
2026-07-29T10:09:52.198555+00:00,1,LEFT,633.0,-7.0,512.0,11017,0.020162164894863964,3.8506898477417812,-0.328
2026-07-29T10:09:52.231791+00:00,1,LEFT,633.0,-7.0,512.0,11025,0.0038031307037454097,0.7263444608707686,-0.328
2026-07-29T10:09:52.265044+00:00,1,LEFT,633.0,-7.0,512.0,11057,-0.007451132477726787,-1.423061478555336,-0.328
2026-07-29T10:09:52.315067+00:00,1,LEFT,633.0,-7.0,512.0,11003,-0.008529460213612765,-1.6290069058825503,-0.328
2026-07-29T10:09:52.331818+00:00,1,LEFT,633.0,-7.0,512.0,10999,0.0049608025781344624,0.9474435024157417,-0.328
2026-07-29T10:09:52.365214+00:00,1,LEFT,633.0,-7.0,512.0,11007,-0.0016552520665572956,-0.3161298581468022,-0.328
2026-07-29T10:09:52.415029+00:00,1,LEFT,633.0,-7.0,512.0,11024,0.0035246256570098922,0.6731539150339724,-0.328
2026-07-29T10:09:52.431835+00:00,1,LEFT,633.0,-7.0,512.0,10995,0.0035246256570098922,0.6731539150339724,-0.328
2026-07-29T10:09:52.465182+00:00,1,LEFT,633.0,-7.0,512.0,11014,0.006843176718102768,1.306950481364915,-0.328
2026-07-29T10:09:52.515023+00:00,1,LEFT,633.0,-7.0,512.0,10992,-0.004162183641165029,-0.7949185206571655,-0.328
2026-07-29T10:09:52.531822+00:00,1,LEFT,633.0,-7.0,512.0,11031,-0.013884043719153851,-2.651657025608782,-0.328
2026-07-29T10:09:52.598571+00:00,1,LEFT,633.0,-7.0,512.0,11012,-0.002322117816656828,-0.44349183475523246,-0.328
2026-07-29T10:09:52.615113+00:00,1,LEFT,633.0,-7.0,512.0,11051,-0.0008675316150765866,-0.16568633379352102,-0.328
2026-07-29T10:09:52.681901+00:00,1,LEFT,633.0,-7.0,512.0,10992,-0.010224635311751627,-1.9527615014126567,-0.328
2026-07-29T10:09:52.715176+00:00,1,LEFT,633.0,-7.0,512.0,11042,-0.00980073573300615,-1.8718026454143588,-0.328
2026-07-29T10:09:52.748567+00:00,1,LEFT,633.0,-7.0,512.0,11052,-0.0013268509227782489,-0.25340985972744123,-0.328
2026-07-29T10:09:52.781825+00:00,1,LEFT,633.0,-7.0,512.0,11020,0.007594949384219944,1.450528484437621,-0.328
2026-07-29T10:09:52.798580+00:00,1,LEFT,633.0,-7.0,512.0,11014,-0.0007709622080437838,-0.14724293561665247,-0.328
2026-07-29T10:09:52.831822+00:00,1,LEFT,633.0,-7.0,512.0,11029,5.299248732626436e-06,0.0010120819565651506,-0.328
2026-07-29T10:09:52.865192+00:00,1,LEFT,633.0,-7.0,512.0,11014,0.0011891289323102683,0.2271068970609204,-0.328
2026-07-29T10:09:52.915195+00:00,1,LEFT,633.0,-7.0,512.0,11031,0.014163058905396611,2.704945000914671,-0.328
2026-07-29T10:09:52.931823+00:00,1,LEFT,633.0,-7.0,512.0,10998,-0.019308403285685928,-3.6876333913544506,-0.328
2026-07-29T10:09:52.965236+00:00,1,LEFT,633.0,-7.0,512.0,11029,0.012826477418420835,2.4496767403178983,-0.328
2026-07-29T10:09:52.981932+00:00,1,LEFT,633.0,-7.0,512.0,11041,-0.019681214189040473,-3.7588350290833676,-0.328
2026-07-29T10:09:53.048596+00:00,1,LEFT,633.0,-7.0,512.0,11011,0.0032143364462535826,0.6138930410180329,-0.328
2026-07-29T10:09:53.065190+00:00,1,LEFT,633.0,-7.0,512.0,11043,0.0015875277205486783,0.30319546082487747,-0.328
2026-07-29T10:09:53.098445+00:00,1,LEFT,633.0,-7.0,512.0,11022,0.0011346016346942633,0.2166929503220843,-0.328
2026-07-29T10:09:53.131961+00:00,1,LEFT,633.0,-7.0,512.0,11011,-0.018912401769775898,-3.6120026728796923,-0.328
2026-07-29T10:09:53.165241+00:00,1,LEFT,633.0,-7.0,512.0,11059,-0.004528893101960421,-0.8649548686941458,-0.328
2026-07-29T10:09:53.198541+00:00,1,LEFT,633.0,-7.0,512.0,11025,-0.004528893101960421,-0.8649548686941458,-0.328
2026-07-29T10:09:53.231982+00:00,1,LEFT,633.0,-7.0,512.0,11016,0.0043554232537280765,0.8318245681058516,-0.328
2026-07-29T10:09:53.281951+00:00,1,LEFT,633.0,-7.0,512.0,11045,0.0,0.0,-0.328
2026-07-29T10:09:53.298488+00:00,1,LEFT,633.0,-7.0,512.0,11027,0.004504844890907407,0.8603619987002206,-0.328
2026-07-29T10:09:53.365281+00:00,1,LEFT,633.0,-7.0,512.0,11019,0.005662854136899114,1.081525473475059,-0.328
2026-07-29T10:09:53.398496+00:00,1,LEFT,633.0,-7.0,512.0,11041,-0.013716748729348183,-2.6197060361102853,-0.328
2026-07-29T10:09:53.448597+00:00,1,LEFT,633.0,-7.0,512.0,11051,-0.011929028303129599,-2.27827658487144,-0.328
2026-07-29T10:09:53.481962+00:00,1,LEFT,633.0,-7.0,512.0,11012,-0.025635763921309264,-4.896070257615888,-0.328
2026-07-29T10:09:53.498589+00:00,1,LEFT,633.0,-7.0,512.0,11001,0.007392799910885515,1.4119207789281036,-0.328
2026-07-29T10:09:53.565253+00:00,1,LEFT,633.0,-7.0,512.0,11038,-0.013567143635591493,-2.591133567890561,-0.328
2026-07-29T10:09:53.615297+00:00,1,LEFT,633.0,-7.0,512.0,11019,-0.013920197266852483,-2.6585618446006367,-0.328
2026-07-29T10:09:53.632066+00:00,1,LEFT,633.0,-7.0,512.0,11018,-0.0018555542267858981,-0.35438475284164256,-0.328
2026-07-29T10:09:53.682079+00:00,1,LEFT,633.0,-7.0,512.0,11034,-0.007942620762623847,-1.5169288265710856,-0.328
2026-07-29T10:09:53.715230+00:00,1,LEFT,633.0,-7.0,512.0,10990,0.004362332636956126,0.833144163099204,-0.328
2026-07-29T10:09:53.748704+00:00,1,LEFT,633.0,-7.0,512.0,11052,-0.02151001443300629,-4.108110147589157,-0.328
2026-07-29T10:09:53.781867+00:00,1,LEFT,633.0,-7.0,512.0,11045,0.02454621857847087,4.687982425173307,-0.328
2026-07-29T10:09:53.832412+00:00,1,LEFT,633.0,-7.0,512.0,10991,-0.014629329407398473,-2.793996107168514,-0.328
2026-07-29T10:09:53.865339+00:00,1,LEFT,633.0,-7.0,512.0,11015,0.024834250872954725,4.742992541297954,-0.328
2026-07-29T10:09:53.898589+00:00,1,LEFT,633.0,-7.0,512.0,10999,-0.00783944395952858,-1.4972235087010486,-0.328
2026-07-29T10:09:53.915360+00:00,1,LEFT,633.0,-7.0,512.0,11022,0.008323444433044643,1.5896607900837278,-0.328
2026-07-29T10:09:53.965401+00:00,1,LEFT,633.0,-7.0,512.0,10999,0.00616111969051417,1.1766871844713662,-0.328
2026-07-29T10:09:53.981848+00:00,1,LEFT,633.0,-7.0,512.0,11017,-1.6585791308898477e-05,-0.0031676528062821474,-0.328
2026-07-29T10:09:54.031847+00:00,1,LEFT,633.0,-7.0,512.0,11018,-0.01155140213537379,-2.2061552993844167,-0.328
2026-07-29T10:09:54.065321+00:00,1,LEFT,633.0,-7.0,512.0,11011,-3.5248627827968445e-05,-0.00673199202723326,-0.328
2026-07-29T10:09:54.098605+00:00,1,LEFT,633.0,-7.0,512.0,11020,0.002479350652429275,0.4735210943906818,-0.328
2026-07-29T10:09:54.149123+00:00,1,LEFT,633.0,-7.0,512.0,11027,0.010279541697818785,1.9632478487125367,-0.328
2026-07-29T10:09:54.181868+00:00,1,LEFT,633.0,-7.0,512.0,11018,0.0004501013911794871,0.08596303355850503,-0.328
2026-07-29T10:09:54.215361+00:00,1,LEFT,633.0,-7.0,512.0,11023,-0.01215554306294507,-2.3215377173209273,-0.328
2026-07-29T10:09:54.248677+00:00,1,LEFT,633.0,-7.0,512.0,11020,2.381715254159644e-05,0.004548741068842526,-0.328
2026-07-29T10:09:54.265397+00:00,1,LEFT,633.0,-7.0,512.0,11025,0.007495453954179538,1.4315262570304397,-0.328
2026-07-29T10:09:54.281921+00:00,1,LEFT,633.0,-7.0,512.0,11005,-0.005487764582503587,-1.0480858317960926,-0.328
2026-07-29T10:09:54.348603+00:00,1,LEFT,633.0,-7.0,512.0,11054,1.5253472956828772e-05,0.0029131987444774173,-0.328
2026-07-29T10:09:54.365460+00:00,1,LEFT,633.0,-7.0,512.0,10998,-0.0027435958792921154,-0.5239882152430743,-0.328
2026-07-29T10:09:54.415358+00:00,1,LEFT,633.0,-7.0,512.0,11045,0.048716440193820744,9.304154720024716,-0.328
2026-07-29T10:09:54.448703+00:00,1,LEFT,633.0,-7.0,512.0,11038,0.0042705490253865715,0.8156147845278586,-0.328
2026-07-29T10:09:54.481985+00:00,1,LEFT,633.0,-7.0,512.0,11016,-0.005790264522656799,-1.105859064708556,-0.328
2026-07-29T10:09:54.531952+00:00,1,LEFT,633.0,-7.0,512.0,10983,0.004701446760445833,0.8979101899299987,-0.328
2026-07-29T10:09:54.581980+00:00,1,LEFT,633.0,-7.0,512.0,11031,0.013368391140829772,2.5531746374987523,-0.328
2026-07-29T10:09:54.598854+00:00,1,LEFT,633.0,-7.0,512.0,11017,0.019781914643826896,3.7780673992644007,-0.328
2026-07-29T10:09:54.648754+00:00,1,LEFT,633.0,-7.0,512.0,11001,-0.029823534784372895,-5.695875577687235,-0.328
2026-07-29T10:09:54.698812+00:00,1,LEFT,633.0,-7.0,512.0,11055,0.035923746260232294,6.860930150033951,-0.328
2026-07-29T10:09:54.732008+00:00,1,LEFT,633.0,-7.0,512.0,11039,-0.011509084132267162,-2.1980731561329794,-0.328
2026-07-29T10:09:54.748776+00:00,1,LEFT,633.0,-7.0,512.0,11034,0.004252053166856058,0.8120823357536271,-0.328
2026-07-29T10:09:54.815324+00:00,1,LEFT,633.0,-7.0,512.0,11024,0.009971934845671057,1.9044992674546382,-0.328
2026-07-29T10:09:54.832018+00:00,1,LEFT,633.0,-7.0,512.0,11012,0.02699242544185836,5.155173522133434,-0.328
2026-07-29T10:09:54.865326+00:00,1,LEFT,633.0,-7.0,512.0,11030,0.029274249277077617,5.590969773301495,-0.328
2026-07-29T10:09:54.931976+00:00,1,LEFT,633.0,-7.0,512.0,11058,0.003531768501852639,0.6745180979113262,-0.328
2026-07-29T10:09:54.965278+00:00,1,LEFT,633.0,-7.0,512.0,11020,-0.01578530731610954,-3.0147716251001917,-0.328
2026-07-29T10:09:54.998734+00:00,1,LEFT,633.0,-7.0,512.0,11010,-0.00844175578909926,-1.6122565946517249,-0.328
2026-07-29T10:09:55.032089+00:00,1,LEFT,633.0,-7.0,512.0,11033,-0.010830472378875128,-2.0684678581418585,-0.328
2026-07-29T10:09:55.081996+00:00,1,LEFT,633.0,-7.0,512.0,11009,0.009628237647775676,1.8388579378883785,-0.328
2026-07-29T10:09:55.115377+00:00,1,LEFT,633.0,-7.0,512.0,11004,0.012508437135256827,2.388935520516421,-0.328
2026-07-29T10:09:55.148763+00:00,1,LEFT,633.0,-7.0,512.0,11012,-0.009106551351505914,-1.7392231945348156,-0.328
2026-07-29T10:09:55.165372+00:00,1,LEFT,633.0,-7.0,512.0,11015,0.019554374387371353,3.7346104113836445,-0.328
2026-07-29T10:09:55.215332+00:00,1,LEFT,633.0,-7.0,512.0,11012,2.009037481911946e-05,0.0038369789532381655,-0.328
2026-07-29T10:09:55.248886+00:00,1,LEFT,633.0,-7.0,512.0,11012,-0.01078874000639189,-2.060497562100667,-0.328
2026-07-29T10:09:55.298855+00:00,1,LEFT,633.0,-7.0,512.0,11052,-0.002607069379882887,-0.4979135745502605,-0.328
2026-07-29T10:09:55.332316+00:00,1,LEFT,633.0,-7.0,512.0,11019,-0.04305713420559187,-8.223306893029289,-0.328
2026-07-29T10:09:55.382138+00:00,1,LEFT,633.0,-7.0,512.0,11038,-0.001129256208660081,-0.21567204915055765,-0.328
2026-07-29T10:09:55.415365+00:00,1,LEFT,633.0,-7.0,512.0,10994,-4.316371923778206e-06,-0.0008243663134708503,-0.328
2026-07-29T10:09:55.448737+00:00,1,LEFT,633.0,-7.0,512.0,10986,-0.0018799701594980434,-0.35904785249924703,-0.328
2026-07-29T10:09:55.482130+00:00,1,LEFT,633.0,-7.0,512.0,10978,-2.8798411512980238e-05,-0.005500091454582424,-0.328
2026-07-29T10:09:55.498786+00:00,1,LEFT,633.0,-7.0,512.0,11017,-0.0020933345006778838,-0.39979743999322764,-0.328
2026-07-29T10:09:55.532231+00:00,1,LEFT,633.0,-7.0,512.0,11004,4.378671292215586e-05,0.008362646163968248,-0.328
2026-07-29T10:09:55.548735+00:00,1,LEFT,633.0,-7.0,512.0,11014,-0.006721504036686383,-1.2837127109409192,-0.328
2026-07-29T10:09:55.632178+00:00,1,LEFT,633.0,-7.0,512.0,11035,2.1942509338259694e-05,0.004190710590028924,-0.328
2026-07-29T10:09:55.648671+00:00,1,LEFT,633.0,-7.0,512.0,10994,2.1942509338259694e-05,0.004190710590028924,-0.328
2026-07-29T10:09:55.665411+00:00,1,LEFT,633.0,-7.0,512.0,11004,2.1942509338259694e-05,0.004190710590028924,-0.328
2026-07-29T10:09:55.715320+00:00,1,LEFT,633.0,-7.0,512.0,11041,2.1942509338259694e-05,0.004190710590028924,-0.328
2026-07-29T10:09:55.732223+00:00,1,LEFT,633.0,-7.0,512.0,11029,0.007670322650228627,1.4649237178723356,-0.328
2026-07-29T10:09:55.765314+00:00,1,LEFT,633.0,-7.0,512.0,11032,-3.143542417092249e-05,-0.006003723773991312,-0.328
2026-07-29T10:09:55.815462+00:00,1,LEFT,633.0,-7.0,512.0,11021,-0.007181189055554569,-1.3715060825627148,-0.328
2026-07-29T10:09:55.848861+00:00,1,LEFT,633.0,-7.0,512.0,10998,-7.078050111886113e-07,-0.0001351807995310581,-0.328
2026-07-29T10:09:55.865436+00:00,1,LEFT,633.0,-7.0,512.0,11008,-0.016771731582703068,-3.203164782717181,-0.328
2026-07-29T10:09:55.915300+00:00,1,LEFT,633.0,-7.0,512.0,10999,0.003112763880635612,0.5944941099372817,-0.328
2026-07-29T10:09:55.948799+00:00,1,LEFT,633.0,-7.0,512.0,11017,0.010621554321260192,2.028567448257169,-0.328
2026-07-29T10:09:55.998783+00:00,1,LEFT,633.0,-7.0,512.0,11014,0.00778415309425327,1.4866637312813764,-0.328
2026-07-29T10:09:56.032155+00:00,1,LEFT,633.0,-7.0,512.0,10993,-0.0034180279951397095,-0.6527952612635587,-0.328
2026-07-29T10:09:56.065385+00:00,1,LEFT,633.0,-7.0,512.0,11031,-0.004837648574502964,-0.9239228202883295,-0.328
2026-07-29T10:09:56.082161+00:00,1,LEFT,633.0,-7.0,512.0,11043,0.0025448140653315933,0.48602368529676554,-0.328
2026-07-29T10:09:56.115556+00:00,1,LEFT,633.0,-7.0,512.0,10985,9.114600252360103e-06,0.0017407604213636966,-0.328
2026-07-29T10:09:56.165485+00:00,1,LEFT,633.0,-7.0,512.0,11003,-0.004356198233435862,-0.8319725783273997,-0.328
2026-07-29T10:09:56.198816+00:00,1,LEFT,633.0,-7.0,512.0,11020,-2.8214817575644702e-05,-0.005388633222719929,-0.328
2026-07-29T10:09:56.232022+00:00,1,LEFT,633.0,-7.0,512.0,10998,0.025912970677018164,4.949012848131334,-0.328
2026-07-29T10:09:56.265584+00:00,1,LEFT,633.0,-7.0,512.0,11020,-0.011949558930937201,-2.282197645951872,-0.328
2026-07-29T10:09:56.298800+00:00,1,LEFT,633.0,-7.0,512.0,11036,-0.0398708336148411,-7.6147683059957565,-0.328
2026-07-29T10:09:56.332033+00:00,1,LEFT,633.0,-7.0,512.0,11054,0.023392666971776634,4.4676702967929245,-0.328
2026-07-29T10:09:56.348777+00:00,1,LEFT,633.0,-7.0,512.0,11045,-0.05157017225748859,-9.849177397055804,-0.328
2026-07-29T10:09:56.432045+00:00,1,LEFT,633.0,-7.0,512.0,11033,0.0130642013810575,2.4950786728119203,-0.328
2026-07-29T10:09:56.448910+00:00,1,LEFT,633.0,-7.0,512.0,11037,0.013609621245414018,2.5992461937793414,-0.328
2026-07-29T10:09:56.498780+00:00,1,LEFT,633.0,-7.0,512.0,11021,0.019264213033020495,3.6791936747766303,-0.328
2026-07-29T10:09:56.548868+00:00,1,LEFT,633.0,-7.0,512.0,11027,0.035805131932720544,6.838276482179931,-0.328
2026-07-29T10:09:56.565552+00:00,1,LEFT,634.0,-6.0,512.0,11040,0.09279542014468461,17.72261977477896,-0.309
2026-07-29T10:09:56.615521+00:00,1,LEFT,632.0,-8.0,512.0,10999,-0.050543060470372436,-9.65301349542282,-0.336
2026-07-29T10:09:56.665574+00:00,1,LEFT,634.0,-6.0,512.0,11032,0.05548637647181749,10.597117307697111,-0.314
2026-07-29T10:09:56.699071+00:00,1,LEFT,633.0,-7.0,512.0,11019,-0.054684182330965996,-10.443909512294066,-0.32
2026-07-29T10:09:56.715507+00:00,1,LEFT,633.0,-7.0,512.0,10995,0.015192984696477651,2.9016463377167248,-0.323
2026-07-29T10:09:56.765581+00:00,1,LEFT,633.0,-7.0,512.0,11031,-0.02517731544561684,-4.808513048344615,-0.325
2026-07-29T10:09:56.798787+00:00,1,LEFT,632.0,-8.0,512.0,10997,-0.02517731544561684,-4.808513048344615,-0.345
2026-07-29T10:09:56.815522+00:00,1,LEFT,633.0,-7.0,512.0,11044,-0.057962879128172065,-11.07009447490396,-0.338
2026-07-29T10:09:56.848787+00:00,1,LEFT,633.0,-7.0,512.0,11038,0.016860661124810578,3.2201490741731513,-0.334
2026-07-29T10:09:56.898926+00:00,1,LEFT,632.0,-8.0,512.0,10996,-0.00464600516948849,-0.8873216260255106,-0.351
2026-07-29T10:09:56.915410+00:00,1,LEFT,633.0,-7.0,512.0,11050,-0.046661890480900185,-8.911764628857506,-0.342
2026-07-29T10:09:56.965427+00:00,1,LEFT,633.0,-7.0,512.0,11076,0.016484941165545025,3.1483918476906734,-0.336
2026-07-29T10:09:56.998915+00:00,1,LEFT,632.0,-8.0,512.0,11003,-0.0032079767296090723,-0.6126784246092677,-0.352
2026-07-29T10:09:57.032126+00:00,1,LEFT,633.0,-7.0,512.0,11059,0.012164157209917903,2.3231828982064227,-0.342
2026-07-29T10:09:57.065454+00:00,1,LEFT,632.0,-8.0,512.0,11044,-0.01872079376887996,-3.5754082403054386,-0.355
2026-07-29T10:09:57.098961+00:00,1,LEFT,633.0,-7.0,512.0,11081,-0.02109181372448802,-4.028239695630897,-0.344
2026-07-29T10:09:57.149732+00:00,1,LEFT,632.0,-8.0,512.0,11036,-0.017012534542009235,-3.24915476025886,-0.357
2026-07-29T10:09:57.182164+00:00,1,LEFT,633.0,-7.0,512.0,11056,-0.01916339543124195,-3.6599389311681603,-0.345
2026-07-29T10:09:57.198938+00:00,1,LEFT,633.0,-7.0,512.0,11078,-0.03525372138246894,-6.732964824485253,-0.338
2026-07-29T10:09:57.265399+00:00,1,LEFT,633.0,-7.0,512.0,11039,0.002329847402870655,0.4449680769800151,-0.334
2026-07-29T10:09:57.299031+00:00,1,LEFT,633.0,-7.0,512.0,11084,0.03525111931376159,6.732467865968806,-0.332
2026-07-29T10:09:57.315616+00:00,1,LEFT,633.0,-7.0,512.0,11010,-0.02187501082662493,-4.177819323895302,-0.33
2026-07-29T10:09:57.365489+00:00,1,LEFT,633.0,-7.0,512.0,11023,0.09795826653018594,18.708650801990952,-0.329
2026-07-29T10:09:57.398926+00:00,1,LEFT,633.0,-7.0,512.0,11061,-0.02413957454264164,-4.610319135116034,-0.329
2026-07-29T10:09:57.415549+00:00,1,LEFT,633.0,-7.0,512.0,11065,0.059543815643992276,11.37203110835268,-0.329
2026-07-29T10:09:57.449001+00:00,1,LEFT,632.0,-8.0,512.0,10977,0.0015761052421294152,0.30101392814153405,-0.347
2026-07-29T10:09:57.498961+00:00,1,LEFT,633.0,-7.0,512.0,11036,-0.023100376485381276,-4.411846925918657,-0.34
2026-07-29T10:09:57.515559+00:00,1,LEFT,633.0,-7.0,512.0,11051,-0.00723023182945326,-1.3808725624294127,-0.335
2026-07-29T10:09:57.548976+00:00,1,LEFT,633.0,-7.0,512.0,11019,0.021854365607723594,4.173876377528068,-0.332
2026-07-29T10:09:57.598938+00:00,1,LEFT,633.0,-7.0,512.0,11025,-0.013829077105619945,-2.6411591757100505,-0.331
2026-07-29T10:09:57.632172+00:00,1,LEFT,633.0,-7.0,512.0,10984,-0.0040070844534784555,-0.7652967577893386,-0.33
2026-07-29T10:09:57.648978+00:00,1,LEFT,633.0,-7.0,512.0,11025,0.01828780272975564,3.4927130432760807,-0.329
2026-07-29T10:09:57.665523+00:00,1,LEFT,633.0,-7.0,512.0,11034,-0.006116300465073436,-1.168127342942035,-0.329
2026-07-29T10:09:57.732362+00:00,1,LEFT,633.0,-7.0,512.0,11045,-0.01990744147915393,-3.8020412588639765,-0.328
2026-07-29T10:09:57.748891+00:00,1,LEFT,633.0,-7.0,512.0,11030,-0.004518307698890567,-0.8629332056263209,-0.328
2026-07-29T10:09:57.798803+00:00,1,LEFT,633.0,-7.0,512.0,11049,-0.013736876365728677,-2.6235501314975394,-0.328
2026-07-29T10:09:57.832359+00:00,1,LEFT,633.0,-7.0,512.0,11035,0.01050909899175167,2.007090062375198,-0.328
2026-07-29T10:09:57.865536+00:00,1,LEFT,633.0,-7.0,512.0,11005,0.015862743374891578,3.0295608229346507,-0.328
2026-07-29T10:09:57.915465+00:00,1,LEFT,633.0,-7.0,512.0,11006,-0.013432314391247929,-2.565383079037813,-0.328
2026-07-29T10:09:57.948848+00:00,1,LEFT,633.0,-7.0,512.0,11041,-0.013432314391247929,-2.565383079037813,-0.328
2026-07-29T10:09:57.965616+00:00,1,LEFT,633.0,-7.0,512.0,11012,0.005550372828729451,1.0600431260342855,-0.328
2026-07-29T10:09:58.015547+00:00,1,LEFT,633.0,-7.0,512.0,10998,-0.019625018694205208,-3.7481024801443343,-0.328
2026-07-29T10:09:58.048822+00:00,1,LEFT,633.0,-7.0,512.0,11045,-0.007302457611076534,-1.3946666706262365,-0.328
2026-07-29T10:09:58.082315+00:00,1,LEFT,633.0,-7.0,512.0,11008,0.014912575106136501,2.848092050844924,-0.328
2026-07-29T10:09:58.115591+00:00,1,LEFT,633.0,-7.0,512.0,10994,-0.014621718644630164,-2.7925425585501826,-0.328
2026-07-29T10:09:58.148947+00:00,1,LEFT,633.0,-7.0,512.0,11036,0.00828920126426965,1.5831208265905237,-0.328
2026-07-29T10:09:58.182356+00:00,1,LEFT,633.0,-7.0,512.0,11035,0.0136933320062235,2.615233771426716,-0.328
2026-07-29T10:09:58.198977+00:00,1,LEFT,633.0,-7.0,512.0,11003,-0.027939312474336474,-5.336015624255643,-0.328
2026-07-29T10:09:58.249048+00:00,1,LEFT,633.0,-7.0,512.0,11069,0.00722055219579488,1.3790238885765531,-0.328
2026-07-29T10:09:58.265612+00:00,1,LEFT,633.0,-7.0,512.0,11016,0.004041779863182455,0.7719230929377265,-0.328
2026-07-29T10:09:58.332370+00:00,1,LEFT,633.0,-7.0,512.0,11044,-0.02030602410202846,-3.878164932457194,-0.328
2026-07-29T10:09:58.348947+00:00,1,LEFT,633.0,-7.0,512.0,11041,0.008603203282691539,1.6430907946377349,-0.328
2026-07-29T10:09:58.365579+00:00,1,LEFT,633.0,-7.0,512.0,11018,0.019067162312130678,3.6415597592533073,-0.328
2026-07-29T10:09:58.382346+00:00,1,LEFT,633.0,-7.0,512.0,10976,-0.01323666205862537,-2.5280162360006053,-0.328
2026-07-29T10:09:58.449586+00:00,1,LEFT,633.0,-7.0,512.0,11032,0.03930942112347111,7.507546418257672,-0.328
2026-07-29T10:09:58.482230+00:00,1,LEFT,633.0,-7.0,512.0,10999,0.011695839357562363,2.2337407768377453,-0.328
2026-07-29T10:09:58.532309+00:00,1,LEFT,633.0,-7.0,512.0,11026,-0.002199888043105602,-0.42014766757081573,-0.328
2026-07-29T10:09:58.565683+00:00,1,LEFT,633.0,-7.0,512.0,11034,0.015254302168032155,2.91335711215168,-0.328
2026-07-29T10:09:58.582257+00:00,1,LEFT,633.0,-7.0,512.0,11037,-0.015211155770812184,-2.905116757278682,-0.328
2026-07-29T10:09:58.632359+00:00,1,LEFT,633.0,-7.0,512.0,11009,-0.004181625171913766,-0.798631579521087,-0.328
2026-07-29T10:09:58.665738+00:00,1,LEFT,633.0,-7.0,512.0,11000,0.013362234831729438,2.5519988690693283,-0.328
2026-07-29T10:09:58.682193+00:00,1,LEFT,633.0,-7.0,512.0,11016,-0.010006002630107105,-1.9110057350064615,-0.328
2026-07-29T10:09:58.732268+00:00,1,LEFT,633.0,-7.0,512.0,11023,0.008911362199578434,1.7019448124942076,-0.328
2026-07-29T10:09:58.765764+00:00,1,LEFT,633.0,-7.0,512.0,11053,0.0,0.0,-0.328
2026-07-29T10:09:58.815476+00:00,1,NONE,0.0,0.0,512.0,0,-0.02552202618913725,-4.874347950866403,-0.328
2026-07-29T10:09:58.832450+00:00,1,LEFT,633.0,-7.0,512.0,11055,0.03679030624683946,7.026430916458963,-0.328
2026-07-29T10:09:58.882316+00:00,1,LEFT,633.0,-7.0,512.0,11021,-0.012882835874333977,-2.4604404125302226,-0.328
2026-07-29T10:09:58.898997+00:00,1,LEFT,633.0,-7.0,512.0,11021,-0.008617003173712874,-1.6457263796819448,-0.328
2026-07-29T10:09:58.950691+00:00,1,LEFT,633.0,-7.0,512.0,11001,0.03379244749085046,6.4538820688106,-0.328
2026-07-29T10:09:58.982337+00:00,1,LEFT,633.0,-7.0,512.0,10998,-0.022442715431388933,-4.286242916772369,-0.328
2026-07-29T10:09:59.032332+00:00,1,LEFT,633.0,-7.0,512.0,11041,-0.017421541020739825,-3.3272692436747606,-0.328
2026-07-29T10:09:59.065706+00:00,1,LEFT,633.0,-7.0,512.0,11008,0.019125280907610433,3.652659593360701,-0.328
2026-07-29T10:09:59.082348+00:00,1,LEFT,633.0,-7.0,512.0,11012,-0.007916482128784992,-1.5119367152337382,-0.328
2026-07-29T10:09:59.098959+00:00,1,LEFT,633.0,-7.0,512.0,11027,0.01726288373232819,3.2969679336248388,-0.328
2026-07-29T10:09:59.115707+00:00,1,LEFT,633.0,-7.0,512.0,11024,0.014803377925418318,2.8272369255453267,-0.328
2026-07-29T10:09:59.165648+00:00,1,LEFT,633.0,-7.0,512.0,11044,-0.015344253022922203,-2.930536459980991,-0.328
2026-07-29T10:09:59.198969+00:00,1,LEFT,633.0,-7.0,512.0,11085,-0.03833207348798169,-7.320886769488892,-0.328
2026-07-29T10:09:59.249083+00:00,1,LEFT,633.0,-7.0,512.0,11024,0.009550007408251985,1.8239170627050285,-0.328
2026-07-29T10:09:59.265604+00:00,1,LEFT,633.0,-7.0,512.0,11005,0.011139872554922476,2.127558939035584,-0.328
2026-07-29T10:09:59.315718+00:00,1,LEFT,633.0,-7.0,512.0,11039,-0.03734975366969593,-7.133277503756118,-0.328
2026-07-29T10:09:59.332351+00:00,1,LEFT,633.0,-7.0,512.0,11001,-0.01912193720578216,-3.652020993351667,-0.328
2026-07-29T10:09:59.382337+00:00,1,LEFT,633.0,-7.0,512.0,11019,0.02194007602054626,4.190245860578277,-0.328
2026-07-29T10:09:59.399142+00:00,1,LEFT,633.0,-7.0,512.0,10992,0.02723755695624277,5.201990192799691,-0.328
2026-07-29T10:09:59.432341+00:00,1,LEFT,633.0,-7.0,512.0,11007,5.7933302305173125e-05,0.011064445717806477,-0.328
2026-07-29T10:09:59.449102+00:00,1,LEFT,633.0,-7.0,512.0,11036,-0.00011178439250215888,-0.021349246352691826,-0.328
2026-07-29T10:09:59.515625+00:00,1,LEFT,633.0,-7.0,512.0,11023,-0.006287142943474464,-1.2007558528551479,-0.328
2026-07-29T10:09:59.549137+00:00,1,LEFT,633.0,-7.0,512.0,11005,0.005450183203211054,1.0409083170569509,-0.328
2026-07-29T10:09:59.565625+00:00,1,LEFT,633.0,-7.0,512.0,11018,0.005575071688945173,1.064760260864767,-0.328
2026-07-29T10:09:59.632453+00:00,1,LEFT,633.0,-7.0,512.0,11035,4.577716870699078e-05,0.008742795216563052,-0.328
2026-07-29T10:09:59.649097+00:00,1,LEFT,633.0,-7.0,512.0,11019,-8.688730507856234e-05,-0.01659425291422409,-0.328
2026-07-29T10:09:59.682460+00:00,1,LEFT,633.0,-7.0,512.0,11036,-0.008089198073721491,-1.544923030898656,-0.328
2026-07-29T10:09:59.732415+00:00,1,LEFT,633.0,-7.0,512.0,11024,6.550816877279431e-05,0.012511138647706026,-0.328
2026-07-29T10:09:59.765826+00:00,1,LEFT,633.0,-7.0,512.0,11030,-6.003595422953367e-05,-0.011466022654642877,-0.328
2026-07-29T10:09:59.815774+00:00,1,LEFT,633.0,-7.0,512.0,11031,3.1466499203816054e-05,0.006009658668101417,-0.328
2026-07-29T10:09:59.849142+00:00,1,LEFT,633.0,-7.0,512.0,11033,-2.7030301862396296e-05,-0.005162407385599722,-0.328
2026-07-29T10:09:59.882390+00:00,1,LEFT,633.0,-7.0,512.0,10998,-9.539657039567825e-06,-0.0018219402878983393,-0.328
2026-07-29T10:09:59.915702+00:00,1,LEFT,633.0,-7.0,512.0,10989,2.4194996512960643e-05,0.004620903951754629,-0.328
2026-07-29T10:09:59.965726+00:00,1,LEFT,633.0,-7.0,512.0,11010,-0.00010709965601563453,-0.020454527589995858,-0.328
2026-07-29T10:10:00.015840+00:00,1,LEFT,633.0,-7.0,512.0,11031,4.9965392681770035e-05,0.009542687074597576,-0.328
2026-07-29T10:10:00.049025+00:00,1,LEFT,633.0,-7.0,512.0,11022,3.406290896236897e-05,0.006505536404940294,-0.328
2026-07-29T10:10:00.082481+00:00,1,LEFT,633.0,-7.0,512.0,11004,0.014177641404094174,2.707730053015089,-0.328
2026-07-29T10:10:00.115751+00:00,1,LEFT,633.0,-7.0,512.0,11005,2.15405918424949e-05,0.004113950002629625,-0.328
2026-07-29T10:10:00.148990+00:00,1,LEFT,633.0,-7.0,512.0,11009,0.0026512412534793837,0.5063497809844759,-0.328
2026-07-29T10:10:00.182472+00:00,1,LEFT,633.0,-7.0,512.0,11034,-1.4814706519246101e-05,-0.002829400527592493,-0.328
2026-07-29T10:10:00.215781+00:00,1,LEFT,633.0,-7.0,512.0,10995,3.717368572324631e-06,0.0007099651002959123,-0.328
2026-07-29T10:10:00.249010+00:00,1,LEFT,633.0,-7.0,512.0,10985,-0.004536310335388407,-0.8663714559311023,-0.328
2026-07-29T10:10:00.299028+00:00,1,LEFT,633.0,-7.0,512.0,11034,1.7713373381411657e-05,0.003383005118980879,-0.328
2026-07-29T10:10:00.315730+00:00,1,LEFT,633.0,-7.0,512.0,10990,0.0063338123745052145,1.2096690576229439,-0.328
2026-07-29T10:10:00.349443+00:00,1,LEFT,633.0,-7.0,512.0,10985,2.211244369391352e-05,0.004223165661273056,-0.328
2026-07-29T10:10:00.365791+00:00,1,LEFT,633.0,-7.0,512.0,11014,-2.4757174687692893e-05,-0.004728272074243049,-0.328
2026-07-29T10:10:00.415761+00:00,1,LEFT,633.0,-7.0,512.0,11036,0.002494403780438006,0.47639603006858333,-0.328
2026-07-29T10:10:00.432497+00:00,1,LEFT,633.0,-7.0,512.0,11000,3.4362258156761526e-05,0.006562707889738077,-0.328
2026-07-29T10:10:00.465777+00:00,1,LEFT,633.0,-7.0,512.0,11026,-0.0018336902094597462,-0.3502090331216779,-0.328
2026-07-29T10:10:00.499111+00:00,1,LEFT,633.0,-7.0,512.0,11000,0.00382363086224359,0.730259702741752,-0.328
2026-07-29T10:10:00.532517+00:00,1,LEFT,633.0,-7.0,512.0,11016,-0.005921751797577599,-1.13097128441735,-0.328
2026-07-29T10:10:00.565773+00:00,1,LEFT,633.0,-7.0,512.0,11011,-9.778314706636592e-06,-0.0018675205448032682,-0.328
2026-07-29T10:10:00.599122+00:00,1,LEFT,633.0,-7.0,512.0,11011,-0.002489221910946071,-0.47540636589566504,-0.328
2026-07-29T10:10:00.649176+00:00,1,LEFT,633.0,-7.0,512.0,11016,3.5477254714351146e-05,0.006775656546143078,-0.328
2026-07-29T10:10:00.665684+00:00,1,LEFT,633.0,-7.0,512.0,11025,6.551090391440084e-06,0.0012511661021274106,-0.328
2026-07-29T10:10:00.715756+00:00,1,LEFT,633.0,-7.0,512.0,11003,-0.005484690041048452,-1.0474986376317017,-0.328
2026-07-29T10:10:00.749177+00:00,1,LEFT,633.0,-7.0,512.0,11029,-1.0413948912173508e-05,-0.0019889177357746562,-0.328
2026-07-29T10:10:00.799122+00:00,1,LEFT,633.0,-7.0,512.0,11015,0.008088578011956997,1.544804607824846,-0.328
2026-07-29T10:10:00.832383+00:00,1,LEFT,633.0,-7.0,512.0,11003,-0.002801421593176201,-0.535032113086038,-0.328
2026-07-29T10:10:00.849134+00:00,1,LEFT,633.0,-7.0,512.0,11029,-1.3848913595211342e-05,-0.0026449476661565244,-0.328
2026-07-29T10:10:00.882600+00:00,1,LEFT,633.0,-7.0,512.0,11010,3.952493905671872e-05,0.007548707311539239,-0.328
2026-07-29T10:10:00.915955+00:00,1,LEFT,633.0,-7.0,512.0,11002,0.004634316750052676,0.8850893023493411,-0.328
2026-07-29T10:10:00.949185+00:00,1,LEFT,633.0,-7.0,512.0,11033,-5.582622499787248e-05,-0.01066202359508609,-0.328
2026-07-29T10:10:00.999194+00:00,1,LEFT,633.0,-7.0,512.0,11050,-0.0030041479493957014,-0.5737499951108483,-0.328
2026-07-29T10:10:01.015821+00:00,1,LEFT,633.0,-7.0,512.0,11014,-2.1426755120046425e-06,-0.0004092208790129959,-0.328
2026-07-29T10:10:01.049242+00:00,1,LEFT,633.0,-7.0,512.0,11011,0.015568521454406436,2.9733685753212096,-0.328
2026-07-29T10:10:01.066378+00:00,1,LEFT,633.0,-7.0,512.0,11039,-0.06296797902665276,-12.025998142318294,-0.328
2026-07-29T10:10:01.115662+00:00,1,NONE,0.0,0.0,512.0,0,-0.006687537278339733,-1.2772255379509065,-0.328
2026-07-29T10:10:01.165877+00:00,1,LEFT,633.0,-7.0,512.0,11034,0.030805498603731395,5.883416852633198,-0.328
2026-07-29T10:10:01.182418+00:00,1,LEFT,633.0,-7.0,512.0,11021,5.3106905652384734e-05,0.010142671856270337,-0.328
2026-07-29T10:10:01.215899+00:00,1,LEFT,633.0,-7.0,512.0,11021,-0.006331440935318824,-1.2092161461004367,-0.328
2026-07-29T10:10:01.249141+00:00,1,LEFT,633.0,-7.0,512.0,11021,3.730167634785175e-05,0.0071240954116495725,-0.328
2026-07-29T10:10:01.282431+00:00,1,LEFT,633.0,-7.0,512.0,10987,-2.1161766271688974e-05,-0.004041599648033579,-0.328
2026-07-29T10:10:01.299243+00:00,1,LEFT,633.0,-7.0,512.0,11022,-2.173505024984479e-05,-0.00415108882273624,-0.328
2026-07-29T10:10:01.349137+00:00,1,LEFT,633.0,-7.0,512.0,11039,-1.4876517161610534e-05,-0.0028412054907140747,-0.328
2026-07-29T10:10:01.382513+00:00,1,LEFT,633.0,-7.0,512.0,11008,0.0032967357814777643,0.6296301548281305,-0.328
2026-07-29T10:10:01.432581+00:00,1,LEFT,633.0,-7.0,512.0,11026,0.009444442600943148,1.8037556696253345,-0.328
2026-07-29T10:10:01.449299+00:00,1,LEFT,632.0,-8.0,512.0,10989,-0.001640674123482313,-0.3133456761062074,-0.347
2026-07-29T10:10:01.499058+00:00,1,LEFT,633.0,-7.0,512.0,11016,-1.3107866398058835e-05,-0.0025034180767670652,-0.339
2026-07-29T10:10:01.532492+00:00,1,LEFT,633.0,-7.0,512.0,11002,-0.0027101687193498945,-0.5176040979570808,-0.335
2026-07-29T10:10:01.565750+00:00,1,LEFT,633.0,-7.0,512.0,11029,4.2731887733680194e-05,0.008161189392555758,-0.332
2026-07-29T10:10:01.582522+00:00,1,LEFT,633.0,-7.0,512.0,10992,1.4482511614914982e-05,0.0027659559742794085,-0.331
2026-07-29T10:10:01.632406+00:00,1,LEFT,633.0,-7.0,512.0,11060,-1.2658843479584907e-06,-0.00024176610163230557,-0.33
2026-07-29T10:10:01.649289+00:00,1,LEFT,633.0,-7.0,512.0,10996,9.227160262526013e-06,0.0017622577997785508,-0.329
2026-07-29T10:10:01.682364+00:00,1,LEFT,633.0,-7.0,512.0,10992,-0.01263346684514545,-2.4128144361509647,-0.329
2026-07-29T10:10:01.732695+00:00,1,LEFT,633.0,-7.0,512.0,11007,-8.08070515631698e-06,-0.0015433010031552172,-0.328
2026-07-29T10:10:01.765748+00:00,1,LEFT,633.0,-7.0,512.0,11014,1.7039329104591158e-05,0.003254272144758338,-0.328
2026-07-29T10:10:01.815836+00:00,1,LEFT,633.0,-7.0,512.0,11000,0.003244912630179897,0.6197326619933448,-0.328
2026-07-29T10:10:01.832571+00:00,1,LEFT,633.0,-7.0,512.0,11030,2.1423594444058838e-05,0.004091605145481635,-0.328
2026-07-29T10:10:01.882540+00:00,1,LEFT,633.0,-7.0,512.0,11041,2.0429325668374074e-05,0.0039017137969870465,-0.328
2026-07-29T10:10:01.915798+00:00,1,LEFT,633.0,-7.0,512.0,11010,0.002498101598430367,0.4771022612831494,-0.328
2026-07-29T10:10:01.932533+00:00,1,LEFT,632.0,-8.0,512.0,11037,-0.002581615266171866,-0.4930521969273019,-0.347
2026-07-29T10:10:01.965911+00:00,1,LEFT,633.0,-7.0,512.0,11010,-1.1031087487936017e-05,-0.0021067825216610106,-0.339
2026-07-29T10:10:02.015943+00:00,1,LEFT,633.0,-7.0,512.0,11011,3.9820832898840305e-05,0.0076052188726641635,-0.335
2026-07-29T10:10:02.065971+00:00,1,LEFT,633.0,-7.0,512.0,10996,0.009552804531140283,1.824451273825958,-0.332
2026-07-29T10:10:02.082605+00:00,1,LEFT,633.0,-7.0,512.0,11005,3.893143439199775e-05,0.007435356270173112,-0.331
2026-07-29T10:10:02.099284+00:00,1,LEFT,633.0,-7.0,512.0,11006,-3.3481830250821076e-05,-0.006394558545818314,-0.33
2026-07-29T10:10:02.149303+00:00,1,LEFT,633.0,-7.0,512.0,11054,0.00470688174769748,0.898948196034088,-0.329
2026-07-29T10:10:02.182566+00:00,1,LEFT,633.0,-7.0,512.0,11030,0.00470688174769748,0.898948196034088,-0.329
2026-07-29T10:10:02.199284+00:00,1,LEFT,633.0,-7.0,512.0,11019,4.041895143018337e-05,0.0077194510976459,-0.328
2026-07-29T10:10:02.265897+00:00,1,LEFT,633.0,-7.0,512.0,11013,5.493256961926818e-05,0.010491347989975447,-0.328
2026-07-29T10:10:02.299286+00:00,1,LEFT,633.0,-7.0,512.0,11003,0.00417027372692246,0.7964636132231646,-0.328
2026-07-29T10:10:02.349329+00:00,1,LEFT,633.0,-7.0,512.0,10973,-8.123398292809725e-05,-0.01551454791605918,-0.328
2026-07-29T10:10:02.365927+00:00,1,LEFT,633.0,-7.0,512.0,11033,6.580628469237126e-06,0.0012568074594364095,-0.328
2026-07-29T10:10:02.399337+00:00,1,LEFT,633.0,-7.0,512.0,10997,-5.806899876915849e-05,-0.01109036183341051,-0.328
2026-07-29T10:10:02.449155+00:00,1,LEFT,633.0,-7.0,512.0,11004,0.004905066490755417,0.9367986938377695,-0.328
2026-07-29T10:10:02.465917+00:00,1,LEFT,633.0,-7.0,512.0,11010,0.004905066490755417,0.9367986938377695,-0.328
2026-07-29T10:10:02.482665+00:00,1,LEFT,633.0,-7.0,512.0,11035,-0.010974134657881223,-2.095905332349459,-0.328
2026-07-29T10:10:02.549198+00:00,1,LEFT,633.0,-7.0,512.0,10971,-2.7310807927278804e-05,-0.005215980097751691,-0.328
2026-07-29T10:10:02.565933+00:00,1,LEFT,633.0,-7.0,512.0,11033,-2.4364872369915247e-05,-0.004653347850570185,-0.328
2026-07-29T10:10:02.599308+00:00,1,LEFT,633.0,-7.0,512.0,10996,1.2583058414747938e-05,0.0024031871351054435,-0.328
2026-07-29T10:10:02.649395+00:00,1,LEFT,633.0,-7.0,512.0,11045,7.252195146065788e-06,0.0013850672469161041,-0.328
2026-07-29T10:10:02.665923+00:00,1,LEFT,633.0,-7.0,512.0,11005,0.0014202976610977202,0.2712568721106717,-0.328
2026-07-29T10:10:02.715868+00:00,1,LEFT,633.0,-7.0,512.0,11005,5.8795032236957915e-06,0.0011229024011711027,-0.328
2026-07-29T10:10:02.732666+00:00,1,LEFT,633.0,-7.0,512.0,11023,0.004919273989798967,0.9395121262798746,-0.328
2026-07-29T10:10:02.765913+00:00,1,LEFT,633.0,-7.0,512.0,11058,-4.717088100733235e-05,-0.009008974658779857,-0.328
2026-07-29T10:10:02.815921+00:00,1,LEFT,633.0,-7.0,512.0,11014,3.8088228902779515e-05,0.007274315884191549,-0.328
2026-07-29T10:10:02.865954+00:00,1,LEFT,633.0,-7.0,512.0,10999,0.010110886683687568,1.9310371137010767,-0.328
2026-07-29T10:10:02.915962+00:00,1,LEFT,633.0,-7.0,512.0,11033,-0.0023332936574297493,-0.4456262631178945,-0.328
2026-07-29T10:10:02.932771+00:00,1,LEFT,633.0,-7.0,512.0,11028,0.010053166534053162,1.9200133771446932,-0.328
2026-07-29T10:10:02.982671+00:00,1,LEFT,633.0,-7.0,512.0,11023,-2.0231973321642725e-05,-0.0038640222751713514,-0.328
2026-07-29T10:10:03.015943+00:00,1,LEFT,633.0,-7.0,512.0,11043,0.006954220069237635,1.3281581992416387,-0.328
2026-07-29T10:10:03.065938+00:00,1,LEFT,633.0,-7.0,512.0,10986,-9.37502428132575e-05,-0.017904977471754444,-0.328
2026-07-29T10:10:03.099344+00:00,1,LEFT,633.0,-7.0,512.0,11031,-7.969487342052165e-07,-0.00015220599652750712,-0.328
2026-07-29T10:10:03.132579+00:00,1,LEFT,633.0,-7.0,512.0,11025,2.3243574978550897e-05,0.004439195823556164,-0.328
2026-07-29T10:10:03.149305+00:00,1,LEFT,633.0,-7.0,512.0,11047,-4.135419076192193e-06,-0.0007898068652790083,-0.328
2026-07-29T10:10:03.199301+00:00,1,LEFT,633.0,-7.0,512.0,10995,-0.024694411735690664,-4.7162852333780165,-0.328
2026-07-29T10:10:03.232553+00:00,1,LEFT,633.0,-7.0,512.0,11060,0.011271333454642445,2.1526661214520733,-0.328
2026-07-29T10:10:03.266013+00:00,1,LEFT,633.0,-7.0,512.0,10988,-2.3794681619619948e-05,-0.004544449438872457,-0.328
2026-07-29T10:10:03.282585+00:00,1,LEFT,633.0,-7.0,512.0,11018,2.0364743922982596e-05,0.00388937959217198,-0.328
2026-07-29T10:10:03.316093+00:00,1,LEFT,633.0,-7.0,512.0,10998,-9.035128678078762e-06,-0.0017255824687050923,-0.328
2026-07-29T10:10:03.366013+00:00,1,LEFT,633.0,-7.0,512.0,11005,-4.2053185607073824e-05,-0.008031566834552096,-0.328
2026-07-29T10:10:03.415993+00:00,1,LEFT,633.0,-7.0,512.0,11030,-4.2053185607073824e-05,-0.008031566834552096,-0.328
2026-07-29T10:10:03.432592+00:00,1,LEFT,633.0,-7.0,512.0,11058,0.045389746404252945,8.668803007109327,-0.328
2026-07-29T10:10:03.465860+00:00,1,NONE,0.0,0.0,512.0,0,-0.018902563843876122,-3.6101237674356272,-0.328
2026-07-29T10:10:03.515982+00:00,1,LEFT,633.0,-7.0,512.0,11006,-0.028164191562682392,-5.378964366465546,-0.328
2026-07-29T10:10:03.549310+00:00,1,LEFT,633.0,-7.0,512.0,11064,0.061715082959271965,11.786712619553436,-0.328
2026-07-29T10:10:03.600101+00:00,1,LEFT,632.0,-8.0,512.0,10986,-0.18977015448734164,-36.243429765567654,-0.347
2026-07-29T10:10:03.616098+00:00,1,LEFT,634.0,-6.0,512.0,11009,0.12003254959359765,22.924528319692968,-0.321
2026-07-29T10:10:03.649317+00:00,1,LEFT,633.0,-7.0,512.0,11014,-0.0658382012299262,-12.574170204025991,-0.324
2026-07-29T10:10:03.699421+00:00,1,LEFT,634.0,-6.0,512.0,10997,0.16807974490337074,32.100866681995505,-0.307
2026-07-29T10:10:03.732725+00:00,1,LEFT,633.0,-7.0,512.0,11026,-0.061174440771574155,-11.68345756761409,-0.315
2026-07-29T10:10:03.782739+00:00,1,LEFT,633.0,-7.0,512.0,11016,-0.08373878085054458,-15.992929081023743,-0.32
2026-07-29T10:10:03.816093+00:00,1,LEFT,633.0,-7.0,512.0,11031,0.023227080367360032,4.436045584869678,-0.323
2026-07-29T10:10:03.832724+00:00,1,LEFT,633.0,-7.0,512.0,11014,-0.0013891616568434983,-0.265310333328444,-0.325
2026-07-29T10:10:03.899446+00:00,1,LEFT,633.0,-7.0,512.0,11077,0.08919877882115543,17.03571188057706,-0.326
2026-07-29T10:10:03.933916+00:00,1,LEFT,632.0,-8.0,512.0,11015,0.057833787379786374,11.04543976706241,-0.346
2026-07-29T10:10:03.982705+00:00,1,LEFT,633.0,-7.0,512.0,11041,-0.01032609653659165,-1.972139167971194,-0.339
2026-07-29T10:10:03.999453+00:00,1,LEFT,633.0,-7.0,512.0,11036,0.04629002299014246,8.84074316966238,-0.335
2026-07-29T10:10:04.049472+00:00,1,LEFT,633.0,-7.0,512.0,11029,0.06368301949813031,12.16256081297399,-0.332
2026-07-29T10:10:04.082737+00:00,1,LEFT,633.0,-7.0,512.0,11015,-0.044352786580566315,-8.470758269036413,-0.33
2026-07-29T10:10:04.115925+00:00,1,LEFT,633.0,-7.0,512.0,11048,-0.08620380995795131,-16.463714961794764,-0.33
2026-07-29T10:10:04.149449+00:00,1,LEFT,632.0,-8.0,512.0,11008,-0.003164839344099164,-0.6044397908461127,-0.348
2026-07-29T10:10:04.182734+00:00,1,LEFT,633.0,-7.0,512.0,11017,-0.09852544877212495,-18.816974630917194,-0.34
2026-07-29T10:10:04.215973+00:00,1,LEFT,633.0,-7.0,512.0,11032,0.009404562348499894,1.7961391024556186,-0.335
2026-07-29T10:10:04.232716+00:00,1,LEFT,633.0,-7.0,512.0,11021,-0.00537719460669905,-1.0269685219478804,-0.332
2026-07-29T10:10:04.299445+00:00,1,LEFT,633.0,-7.0,512.0,11001,-0.007085337741300463,-1.3531998300042403,-0.331
2026-07-29T10:10:04.332826+00:00,1,LEFT,633.0,-7.0,512.0,11035,-0.026804987150244416,-5.119375445371363,-0.33
2026-07-29T10:10:04.349442+00:00,1,LEFT,633.0,-7.0,512.0,11045,0.025771223788615315,4.921941186582684,-0.329
2026-07-29T10:10:04.382705+00:00,1,LEFT,633.0,-7.0,512.0,11041,-0.010455359499901533,-1.996826575454563,-0.329
2026-07-29T10:10:04.416132+00:00,1,LEFT,633.0,-7.0,512.0,11043,0.04512878247944172,8.618962568786484,-0.328
2026-07-29T10:10:04.449595+00:00,1,LEFT,632.0,-8.0,512.0,10996,-0.01358311715302989,-2.5941842850012233,-0.347
2026-07-29T10:10:04.466040+00:00,1,LEFT,633.0,-7.0,512.0,11045,-0.04180662820348516,-7.984477839107649,-0.339
2026-07-29T10:10:04.532740+00:00,1,LEFT,633.0,-7.0,512.0,11011,0.01793175458558835,3.4247128567285765,-0.335
2026-07-29T10:10:04.566258+00:00,1,LEFT,632.0,-8.0,512.0,11009,0.0099795938632451,1.905962032062002,-0.351
2026-07-29T10:10:04.582746+00:00,1,LEFT,633.0,-7.0,512.0,11027,0.0099795938632451,1.905962032062002,-0.342
2026-07-29T10:10:04.599506+00:00,1,LEFT,633.0,-7.0,512.0,11007,-0.008847903270216194,-1.6898250497446237,-0.336
2026-07-29T10:10:04.666567+00:00,1,LEFT,633.0,-7.0,512.0,11063,0.04168691468890756,7.961614241987734,-0.333
2026-07-29T10:10:04.699292+00:00,1,LEFT,633.0,-7.0,512.0,11028,0.026528213045239682,5.066515485053757,-0.331
2026-07-29T10:10:04.716479+00:00,1,LEFT,633.0,-7.0,512.0,11014,0.049863031574059274,9.523137543070542,-0.33
2026-07-29T10:10:04.765961+00:00,1,LEFT,632.0,-8.0,512.0,11000,0.0016785961110144854,0.3205882422273447,-0.348
2026-07-29T10:10:04.816114+00:00,1,LEFT,634.0,-6.0,512.0,11041,0.0779941813275218,14.895791388816837,-0.321
2026-07-29T10:10:04.832833+00:00,1,LEFT,632.0,-8.0,512.0,11065,0.010507229566574097,2.0067330284658964,-0.343
2026-07-29T10:10:04.865974+00:00,1,LEFT,632.0,-8.0,512.0,11025,0.010507229566574097,2.0067330284658964,-0.356
2026-07-29T10:10:04.899615+00:00,1,LEFT,635.0,-5.0,512.0,10967,0.033006745614111425,6.303824063835084,-0.307
2026-07-29T10:10:04.932945+00:00,1,LEFT,633.0,-7.0,512.0,11094,0.07568850649520754,14.45543993274637,-0.316
2026-07-29T10:10:04.982938+00:00,1,LEFT,632.0,-8.0,512.0,10973,-0.032182944770902396,-6.146489692251098,-0.339
2026-07-29T10:10:05.032856+00:00,1,LEFT,635.0,-5.0,512.0,10962,0.03162108510732651,6.039182400912636,-0.297
2026-07-29T10:10:05.049311+00:00,1,LEFT,633.0,-7.0,512.0,11093,0.058642085492610935,11.199813335239865,-0.31
2026-07-29T10:10:05.099326+00:00,1,LEFT,633.0,-7.0,512.0,11052,-0.06454919284209609,-12.327987736093899,-0.317
2026-07-29T10:10:05.149452+00:00,1,LEFT,633.0,-7.0,512.0,11045,-0.01918597107520327,-3.6642505615640717,-0.321
2026-07-29T10:10:05.199524+00:00,1,LEFT,632.0,-8.0,512.0,11021,0.044090423178859056,8.420650550314676,-0.343
2026-07-29T10:10:05.216052+00:00,1,LEFT,633.0,-7.0,512.0,11048,-0.01474510619416833,-2.8161078446601766,-0.337
2026-07-29T10:10:05.250262+00:00,1,LEFT,634.0,-6.0,512.0,10983,0.02321680847555399,4.434083798042675,-0.315
2026-07-29T10:10:05.299515+00:00,1,LEFT,632.0,-8.0,512.0,11016,0.0327179669868201,6.248671408643836,-0.339
2026-07-29T10:10:05.332882+00:00,1,LEFT,634.0,-6.0,512.0,10977,0.036438837628811595,6.959305354977989,-0.316
2026-07-29T10:10:05.366161+00:00,1,LEFT,634.0,-6.0,512.0,11018,0.02225179652683437,4.249780091904911,-0.302
2026-07-29T10:10:05.382951+00:00,1,LEFT,633.0,-7.0,512.0,11069,-0.046504784268327055,-8.881759552471754,-0.312
2026-07-29T10:10:05.432874+00:00,1,LEFT,633.0,-7.0,512.0,11050,-0.07830993832787499,-14.956096533723333,-0.319
2026-07-29T10:10:05.466220+00:00,1,LEFT,634.0,-6.0,512.0,10967,0.04575913495616987,8.73935102386029,-0.304
2026-07-29T10:10:05.482738+00:00,1,LEFT,633.0,-7.0,512.0,11052,-0.006177774169482291,-1.179867955654242,-0.313
2026-07-29T10:10:05.549479+00:00,1,LEFT,634.0,-6.0,512.0,10995,-0.008230529772117735,-1.571915396997058,-0.301
2026-07-29T10:10:05.566244+00:00,1,LEFT,634.0,-6.0,512.0,10975,0.03469210983486846,6.625704919807527,-0.293
2026-07-29T10:10:05.599375+00:00,1,LEFT,633.0,-7.0,512.0,11043,0.005432268753647804,1.037486909216037,-0.307
2026-07-29T10:10:05.616199+00:00,1,LEFT,632.0,-8.0,512.0,10980,0.023421470513567327,4.473171368058376,-0.334
2026-07-29T10:10:05.682824+00:00,1,LEFT,633.0,-7.0,512.0,11021,0.053098913920111956,10.141145547836242,-0.332
2026-07-29T10:10:05.732815+00:00,1,LEFT,633.0,-7.0,512.0,11020,-0.004589623069623485,-0.8765534381510109,-0.33
2026-07-29T10:10:05.749489+00:00,1,LEFT,633.0,-7.0,512.0,11028,0.0008889200026169419,0.16977121491569622,-0.329
2026-07-29T10:10:05.782918+00:00,1,LEFT,633.0,-7.0,512.0,11022,0.014028250421397388,2.6791984769956296,-0.329
2026-07-29T10:10:05.816210+00:00,1,LEFT,632.0,-8.0,512.0,10997,-0.012917985706590116,-2.4671535359931207,-0.347
2026-07-29T10:10:05.849381+00:00,1,LEFT,633.0,-7.0,512.0,11023,-0.011032197917375015,-2.106994598062016,-0.34
2026-07-29T10:10:05.899419+00:00,1,LEFT,633.0,-7.0,512.0,11052,0.032802658402360976,6.264846277548773,-0.335
2026-07-29T10:10:05.932856+00:00,1,LEFT,632.0,-8.0,512.0,10994,-0.0003511257260106504,-0.06706007392959061,-0.351
2026-07-29T10:10:05.966254+00:00,1,LEFT,634.0,-6.0,512.0,11034,-0.01565943152876571,-2.9907311205745657,-0.323
2026-07-29T10:10:05.982867+00:00,1,LEFT,634.0,-6.0,512.0,10993,0.01989627433940768,3.7999084922750006,-0.306
2026-07-29T10:10:06.049487+00:00,1,LEFT,633.0,-7.0,512.0,11059,-0.019800856275251136,-3.7816849843900724,-0.315
2026-07-29T10:10:06.066247+00:00,1,LEFT,633.0,-7.0,512.0,11049,0.06170193433761597,11.78420141779576,-0.32
2026-07-29T10:10:06.116262+00:00,1,LEFT,633.0,-7.0,512.0,11034,-0.025691365769598632,-4.906689428416247,-0.323
2026-07-29T10:10:06.149523+00:00,1,LEFT,633.0,-7.0,512.0,11057,0.026031732261180877,4.9716946399340385,-0.325
2026-07-29T10:10:06.232840+00:00,1,LEFT,633.0,-7.0,512.0,11041,-0.013439566395245493,-2.566768109778055,-0.326
2026-07-29T10:10:06.266136+00:00,1,LEFT,633.0,-7.0,512.0,11060,0.009781268677907065,1.8680847117586048,-0.327
2026-07-29T10:10:06.299629+00:00,1,LEFT,633.0,-7.0,512.0,11028,0.000517643541097641,0.09886263399033869,-0.328
2026-07-29T10:10:06.316113+00:00,1,LEFT,633.0,-7.0,512.0,11051,0.0009129239874891937,0.17435563833128256,-0.328
2026-07-29T10:10:06.399662+00:00,1,LEFT,633.0,-7.0,512.0,11021,-0.00508071595832007,-0.9703452710550183,-0.328
2026-07-29T10:10:06.466123+00:00,1,LEFT,633.0,-7.0,512.0,11043,-0.008263569475966506,-1.578225515620047,-0.328
2026-07-29T10:10:06.482889+00:00,1,LEFT,633.0,-7.0,512.0,11022,0.029883811021281872,5.707387490953285,-0.328
2026-07-29T10:10:06.516136+00:00,1,LEFT,633.0,-7.0,512.0,11021,0.05729877278208732,10.943259505642258,-0.328
2026-07-29T10:10:06.566341+00:00,1,LEFT,633.0,-7.0,512.0,11016,-0.007753620492294431,-1.4808324338487284,-0.328
2026-07-29T10:10:06.599632+00:00,1,LEFT,633.0,-7.0,512.0,11035,-0.0628444070299156,-12.002397629388149,-0.328
2026-07-29T10:10:06.616201+00:00,1,LEFT,633.0,-7.0,512.0,11008,0.007826898391940632,1.49482748178643,-0.328
2026-07-29T10:10:06.682890+00:00,1,LEFT,633.0,-7.0,512.0,11021,-0.050597841078415515,-9.663475820889582,-0.328
2026-07-29T10:10:06.716239+00:00,1,LEFT,633.0,-7.0,512.0,11052,0.03354172364866827,6.405997342209454,-0.328
2026-07-29T10:10:06.732886+00:00,1,LEFT,633.0,-7.0,512.0,11004,-0.006934399244491942,-1.3243727005603165,-0.328
2026-07-29T10:10:06.766255+00:00,1,LEFT,633.0,-7.0,512.0,11041,0.02934982187114656,5.605403075591515,-0.328
2026-07-29T10:10:06.816331+00:00,1,LEFT,633.0,-7.0,512.0,11039,-0.002485373759409413,-0.4746714230890741,-0.328
2026-07-29T10:10:06.849630+00:00,1,LEFT,633.0,-7.0,512.0,11051,-0.0333353751944378,-6.366587690421273,-0.328
2026-07-29T10:10:06.916254+00:00,1,LEFT,634.0,-6.0,512.0,11019,0.01014174908399582,1.9369313979787637,-0.309
2026-07-29T10:10:06.932953+00:00,1,LEFT,633.0,-7.0,512.0,11040,0.011127658006735146,2.125226132169607,-0.317
2026-07-29T10:10:06.966238+00:00,1,LEFT,633.0,-7.0,512.0,11047,0.013101287502795458,2.502161600325565,-0.321
2026-07-29T10:10:07.016252+00:00,1,LEFT,633.0,-7.0,512.0,11066,0.007662283393437974,1.4633883329239143,-0.324
2026-07-29T10:10:07.066272+00:00,1,LEFT,633.0,-7.0,512.0,11062,-0.016910801374906442,-3.2297251565538962,-0.326
2026-07-29T10:10:07.099518+00:00,1,LEFT,633.0,-7.0,512.0,11071,-0.010437699006288312,-1.9934536696273786,-0.327
2026-07-29T10:10:07.116271+00:00,1,LEFT,633.0,-7.0,512.0,11048,0.013356018383055925,2.5508116148274884,-0.327
2026-07-29T10:10:07.149771+00:00,1,LEFT,633.0,-7.0,512.0,11038,0.00055599502986297,0.10618722880466118,-0.328
2026-07-29T10:10:07.166192+00:00,1,LEFT,633.0,-7.0,512.0,11038,0.00055599502986297,0.10618722880466118,-0.328
2026-07-29T10:10:07.216364+00:00,1,LEFT,633.0,-7.0,512.0,11039,-0.008084131239447742,-1.5439553368340624,-0.328
2026-07-29T10:10:07.249641+00:00,1,LEFT,633.0,-7.0,512.0,11033,0.006423560516559519,1.2268096901524514,-0.328
2026-07-29T10:10:07.283051+00:00,1,LEFT,633.0,-7.0,512.0,11017,0.010419344219844789,1.9899481636371195,-0.328
2026-07-29T10:10:07.316282+00:00,1,LEFT,633.0,-7.0,512.0,11047,0.01129785117256688,2.1577306325167016,-0.328
2026-07-29T10:10:07.349534+00:00,1,LEFT,633.0,-7.0,512.0,11016,0.006639423643937334,1.268036510656597,-0.328
2026-07-29T10:10:07.383029+00:00,1,LEFT,633.0,-7.0,512.0,11045,-0.012068586228997447,-2.3049301853708646,-0.328
2026-07-29T10:10:07.433015+00:00,1,LEFT,633.0,-7.0,512.0,11052,-0.012068586228997447,-2.3049301853708646,-0.328
2026-07-29T10:10:07.449677+00:00,1,LEFT,633.0,-7.0,512.0,11027,0.002305442107608542,0.4403070089257161,-0.328
2026-07-29T10:10:07.499641+00:00,1,LEFT,633.0,-7.0,512.0,11048,-0.0007956082338932901,-0.15194997982647593,-0.328
2026-07-29T10:10:07.533021+00:00,1,LEFT,633.0,-7.0,512.0,11041,-7.904585858341305e-05,-0.015096646949391734,-0.328
2026-07-29T10:10:07.583022+00:00,1,LEFT,633.0,-7.0,512.0,10980,-0.013456414481256616,-2.5699858571824237,-0.328
2026-07-29T10:10:07.616316+00:00,1,LEFT,633.0,-7.0,512.0,11020,-0.010371680328971707,-1.9808450310297872,-0.328
2026-07-29T10:10:07.649692+00:00,1,LEFT,633.0,-7.0,512.0,11062,-0.0010231914499308915,-0.1954151723830379,-0.328
2026-07-29T10:10:07.683068+00:00,1,LEFT,633.0,-7.0,512.0,11047,-0.013627758787624771,-2.602710209177397,-0.328
2026-07-29T10:10:07.716247+00:00,1,LEFT,633.0,-7.0,512.0,11021,-8.182506076991557e-05,-0.015627435468392147,-0.328
2026-07-29T10:10:07.733090+00:00,1,LEFT,633.0,-7.0,512.0,11038,-0.002619469022611156,-0.5002817318695936,-0.328
2026-07-29T10:10:07.749697+00:00,1,LEFT,633.0,-7.0,512.0,11039,0.0019413435412570833,0.37076930499670757,-0.328
2026-07-29T10:10:07.783143+00:00,1,LEFT,633.0,-7.0,512.0,11016,0.0019413435412570833,0.37076930499670757,-0.328
2026-07-29T10:10:07.833068+00:00,1,LEFT,633.0,-7.0,512.0,11082,0.0008990764920599758,0.17171096151487963,-0.328
2026-07-29T10:10:07.866437+00:00,1,LEFT,633.0,-7.0,512.0,11041,0.008646298126550392,1.6513213035440268,-0.328
2026-07-29T10:10:07.882877+00:00,1,LEFT,633.0,-7.0,512.0,11054,-0.0034327702806331217,-0.6556108303940569,-0.328
2026-07-29T10:10:07.899665+00:00,1,LEFT,633.0,-7.0,512.0,11026,0.013141190182650461,2.5097824508154094,-0.328
2026-07-29T10:10:07.966432+00:00,1,LEFT,633.0,-7.0,512.0,11021,-0.001660973688121885,-0.317222607372209,-0.328
2026-07-29T10:10:08.016357+00:00,1,LEFT,633.0,-7.0,512.0,11035,-0.015455397116020321,-2.951763418155429,-0.328
2026-07-29T10:10:08.049673+00:00,1,LEFT,633.0,-7.0,512.0,11042,0.00546579286979977,1.0438895437740838,-0.328
2026-07-29T10:10:08.082913+00:00,1,LEFT,633.0,-7.0,512.0,11036,0.0046938041690737006,0.8964505624961111,-0.328
2026-07-29T10:10:08.116421+00:00,1,LEFT,633.0,-7.0,512.0,11054,2.6386360405012957e-05,0.005039423626394493,-0.328
2026-07-29T10:10:08.132904+00:00,1,LEFT,633.0,-7.0,512.0,11040,-0.008380954437889158,-1.60064439194162,-0.328
2026-07-29T10:10:08.182913+00:00,1,LEFT,633.0,-7.0,512.0,11052,0.009171833620639518,1.7516911895294578,-0.328
2026-07-29T10:10:08.233093+00:00,1,LEFT,633.0,-7.0,512.0,11032,0.01955499527743086,3.7347289926501492,-0.328
2026-07-29T10:10:08.249647+00:00,1,LEFT,633.0,-7.0,512.0,11055,0.0022020851040724667,0.42056727530659666,-0.328
2026-07-29T10:10:08.266385+00:00,1,LEFT,633.0,-7.0,512.0,11041,0.0041883955267257985,0.7999246220428722,-0.328
2026-07-29T10:10:08.333056+00:00,1,LEFT,633.0,-7.0,512.0,11079,1.859088835772127e-05,0.00355059813432109,-0.328
2026-07-29T10:10:08.366515+00:00,1,LEFT,633.0,-7.0,512.0,11047,0.02696739829494618,5.150393689162362,-0.328
2026-07-29T10:10:08.416411+00:00,1,LEFT,633.0,-7.0,512.0,11040,0.04441756373969838,8.483129795126795,-0.328
2026-07-29T10:10:08.449754+00:00,1,LEFT,633.0,-7.0,512.0,11045,0.02622895685955882,5.009361763611435,-0.328
2026-07-29T10:10:08.483124+00:00,1,LEFT,633.0,-7.0,512.0,11048,0.0408912024111487,7.809644391246653,-0.328
2026-07-29T10:10:08.533074+00:00,1,LEFT,633.0,-7.0,512.0,11059,-0.04821971692726947,-9.20928756416025,-0.328
2026-07-29T10:10:08.549683+00:00,1,LEFT,633.0,-7.0,512.0,11032,-0.00011809978983364999,-0.022555398396167235,-0.328
2026-07-29T10:10:08.583032+00:00,1,LEFT,633.0,-7.0,512.0,11067,-0.007092936969129369,-1.3546511756114223,-0.328
2026-07-29T10:10:08.616779+00:00,1,LEFT,633.0,-7.0,512.0,11033,-0.014536559261614457,-2.776278314441056,-0.328
2026-07-29T10:10:08.632997+00:00,1,LEFT,633.0,-7.0,512.0,11023,-0.0036406724876724183,-0.6953172271100794,-0.328
2026-07-29T10:10:08.666415+00:00,1,LEFT,633.0,-7.0,512.0,11018,0.0014511526224669068,0.27714973565565026,-0.328
2026-07-29T10:10:08.716282+00:00,1,LEFT,633.0,-7.0,512.0,11028,-0.017875174767686984,-3.4139069074906865,-0.328
2026-07-29T10:10:08.749824+00:00,1,LEFT,633.0,-7.0,512.0,11048,0.014662317371985409,2.8002963443203757,-0.328
2026-07-29T10:10:08.766297+00:00,1,LEFT,633.0,-7.0,512.0,11020,0.01444052125851158,2.7579364069388586,-0.328
2026-07-29T10:10:08.816296+00:00,1,LEFT,633.0,-7.0,512.0,11009,-0.014473263496765866,-2.7641897138181335,-0.328
2026-07-29T10:10:08.849786+00:00,1,LEFT,633.0,-7.0,512.0,11008,0.0031775559188099577,0.6068684777154169,-0.328
2026-07-29T10:10:08.883166+00:00,1,LEFT,633.0,-7.0,512.0,11037,0.024835558373015373,4.743242255415248,-0.328
2026-07-29T10:10:08.916309+00:00,1,LEFT,633.0,-7.0,512.0,11039,-0.009988723440328614,-1.9077056528474179,-0.328
2026-07-29T10:10:08.933146+00:00,1,LEFT,633.0,-7.0,512.0,10993,0.013530163966061081,2.584070971250957,-0.328
2026-07-29T10:10:08.999805+00:00,1,LEFT,633.0,-7.0,512.0,11005,-0.0005439919396303594,-0.10389480743318354,-0.328
2026-07-29T10:10:09.016474+00:00,1,LEFT,633.0,-7.0,512.0,11031,0.001289839573437348,0.24634121268971482,-0.328
2026-07-29T10:10:09.066513+00:00,1,LEFT,633.0,-7.0,512.0,11039,-0.004072575471800519,-0.7778046209422326,-0.328
2026-07-29T10:10:09.083064+00:00,1,LEFT,633.0,-7.0,512.0,11061,0.0013196332103689202,0.25203137819812876,-0.328
2026-07-29T10:10:09.133084+00:00,1,LEFT,633.0,-7.0,512.0,11001,-0.008236175608471967,-1.572993672313455,-0.328
2026-07-29T10:10:09.166436+00:00,1,LEFT,633.0,-7.0,512.0,11025,-0.015424416772439144,-2.9458466083718733,-0.328
2026-07-29T10:10:09.199826+00:00,1,LEFT,633.0,-7.0,512.0,11048,0.00439199666143395,0.8388095744523776,-0.328
2026-07-29T10:10:09.216420+00:00,1,LEFT,633.0,-7.0,512.0,11024,0.001442991299845744,0.27559103785085937,-0.328
2026-07-29T10:10:09.266469+00:00,1,LEFT,633.0,-7.0,512.0,11013,-0.00021121819037944078,-0.04033970288377562,-0.328
2026-07-29T10:10:09.299835+00:00,1,LEFT,633.0,-7.0,512.0,11017,6.513437242574583e-06,0.0012439748804095074,-0.328
2026-07-29T10:10:09.333183+00:00,1,LEFT,633.0,-7.0,512.0,11032,-0.0043438799647265115,-0.8296199623008867,-0.328
2026-07-29T10:10:09.366464+00:00,1,LEFT,633.0,-7.0,512.0,11037,0.005448274571681395,1.0405437952859675,-0.328
2026-07-29T10:10:09.399686+00:00,1,LEFT,633.0,-7.0,512.0,11051,0.0066646195657085626,1.2728485772513742,-0.328
2026-07-29T10:10:09.416439+00:00,1,LEFT,633.0,-7.0,512.0,11039,-0.011027401759056374,-2.1060785992969007,-0.328
2026-07-29T10:10:09.466472+00:00,1,LEFT,633.0,-7.0,512.0,11036,-0.00011813511955551803,-0.022562145876015266,-0.328
2026-07-29T10:10:09.499727+00:00,1,LEFT,633.0,-7.0,512.0,11022,5.5077394936233756e-05,0.010519007588071354,-0.328
2026-07-29T10:10:09.549714+00:00,1,LEFT,633.0,-7.0,512.0,11029,-4.815649372176267e-05,-0.009197212821350824,-0.328
2026-07-29T10:10:09.583437+00:00,1,LEFT,633.0,-7.0,512.0,11035,-5.021725664846599e-05,-0.009590789548941249,-0.328
2026-07-29T10:10:09.633182+00:00,1,LEFT,633.0,-7.0,512.0,10997,0.01683975063438993,3.2161554646776453,-0.328
2026-07-29T10:10:09.649756+00:00,1,LEFT,633.0,-7.0,512.0,11055,-0.03109848668333143,-5.939373453995615,-0.328
2026-07-29T10:10:09.683026+00:00,1,NONE,0.0,0.0,512.0,0,0.054750338030280545,10.4565443201656,-0.328
2026-07-29T10:10:09.699976+00:00,1,LEFT,633.0,-7.0,512.0,11011,-0.0199460094110691,-3.8094071912749343,-0.328
2026-07-29T10:10:09.766448+00:00,1,LEFT,633.0,-7.0,512.0,11025,6.931895433808676e-05,0.01323894507944147,-0.328
2026-07-29T10:10:09.783217+00:00,1,LEFT,633.0,-7.0,512.0,11039,-2.432826167932944e-05,-0.004646355723718098,-0.328
2026-07-29T10:10:09.816495+00:00,1,LEFT,633.0,-7.0,512.0,11067,0.008343603473331313,1.5935108831752627,-0.328
2026-07-29T10:10:09.866544+00:00,1,LEFT,633.0,-7.0,512.0,11033,-0.0032109398879401852,-0.6132443461639404,-0.328
2026-07-29T10:10:09.899873+00:00,1,LEFT,633.0,-7.0,512.0,11017,-2.217013476183638e-05,-0.0042341838436316635,-0.328
2026-07-29T10:10:09.916484+00:00,1,LEFT,633.0,-7.0,512.0,11042,-0.001212903201158042,-0.23164744794754302,-0.328
2026-07-29T10:10:09.933215+00:00,1,LEFT,633.0,-7.0,512.0,11040,0.011775188900210197,2.248895423171126,-0.328
2026-07-29T10:10:09.983256+00:00,1,LEFT,633.0,-7.0,512.0,11035,-0.019363078568130732,-3.698075601113694,-0.328
2026-07-29T10:10:09.999825+00:00,1,LEFT,633.0,-7.0,512.0,11042,0.011752436975439196,2.2445501256205342,-0.328
2026-07-29T10:10:10.049787+00:00,1,LEFT,633.0,-7.0,512.0,11020,8.809249091427773e-05,0.016824426453942217,-0.328
2026-07-29T10:10:10.099818+00:00,1,LEFT,633.0,-7.0,512.0,11073,0.0015905779943568633,0.3037780202101051,-0.328
2026-07-29T10:10:10.133074+00:00,1,LEFT,633.0,-7.0,512.0,11022,0.007132234600721859,1.3621564703951212,-0.328
2026-07-29T10:10:10.166570+00:00,1,LEFT,633.0,-7.0,512.0,10982,-0.0008022917574271559,-0.15322643879569883,-0.328
2026-07-29T10:10:10.216591+00:00,1,LEFT,633.0,-7.0,512.0,11020,6.414797622710466e-05,0.012251361007062117,-0.328
2026-07-29T10:10:10.233068+00:00,1,LEFT,633.0,-7.0,512.0,11022,2.229442136012949e-05,0.004257920835405774,-0.328
2026-07-29T10:10:10.283075+00:00,1,LEFT,633.0,-7.0,512.0,11025,-0.004640611638315022,-0.8862915374491374,-0.328
2026-07-29T10:10:10.333076+00:00,1,LEFT,633.0,-7.0,512.0,11021,0.023392416696005967,4.4676224976416785,-0.328
2026-07-29T10:10:10.349828+00:00,1,LEFT,633.0,-7.0,512.0,11018,-0.012528562031220644,-2.3927790925226424,-0.328
2026-07-29T10:10:10.383112+00:00,1,LEFT,633.0,-7.0,512.0,11034,-0.0031887959054438396,-0.6090151570350998,-0.328
2026-07-29T10:10:10.416617+00:00,1,LEFT,633.0,-7.0,512.0,11043,-1.2920302542624994e-05,-0.0024675960190818622,-0.328
2026-07-29T10:10:10.449805+00:00,1,LEFT,633.0,-7.0,512.0,11018,0.007340868295286782,1.40200257093776,-0.328
2026-07-29T10:10:10.499944+00:00,1,LEFT,633.0,-7.0,512.0,11050,-0.006031452945899218,-1.1519226604392414,-0.328
2026-07-29T10:10:10.533206+00:00,1,LEFT,633.0,-7.0,512.0,11033,-1.0247291356790816e-06,-0.0001957088487283336,-0.328
2026-07-29T10:10:10.566625+00:00,1,LEFT,633.0,-7.0,512.0,11032,-2.1333587101253214e-05,-0.004074415009255137,-0.328
2026-07-29T10:10:10.599849+00:00,1,LEFT,633.0,-7.0,512.0,11010,0.0007773438113508746,0.14846173207006258,-0.328
2026-07-29T10:10:10.649870+00:00,1,LEFT,633.0,-7.0,512.0,11006,8.930424955906347e-06,0.0017055855307724598,-0.328
2026-07-29T10:10:10.666560+00:00,1,LEFT,633.0,-7.0,512.0,10991,-5.006954415875952e-06,-0.0009562578541469414,-0.328
2026-07-29T10:10:10.716622+00:00,1,LEFT,633.0,-7.0,512.0,11042,0.0014049320440972224,0.2683222554315284,-0.328
2026-07-29T10:10:10.733225+00:00,1,LEFT,633.0,-7.0,512.0,11022,-0.021844185697846116,-4.171932157955391,-0.328
2026-07-29T10:10:10.766576+00:00,1,LEFT,633.0,-7.0,512.0,11032,7.891664688941091e-05,0.015071969333624872,-0.328
2026-07-29T10:10:10.799963+00:00,1,LEFT,633.0,-7.0,512.0,11042,-0.008982493838120718,-1.7155299547552842,-0.328
2026-07-29T10:10:10.849957+00:00,1,LEFT,633.0,-7.0,512.0,11054,-0.01614722811784304,-3.0838934066245938,-0.328
2026-07-29T10:10:10.883264+00:00,1,LEFT,633.0,-7.0,512.0,11033,4.155874019488692e-05,0.00793713471682571,-0.328
2026-07-29T10:10:10.916493+00:00,1,LEFT,633.0,-7.0,512.0,11026,-0.01645866507838946,-3.1433734847035675,-0.328
2026-07-29T10:10:10.933229+00:00,1,LEFT,633.0,-7.0,512.0,11056,0.00724392496922519,1.3834877594867938,-0.328
2026-07-29T10:10:10.983302+00:00,1,LEFT,633.0,-7.0,512.0,11025,-0.0027140534155478237,-0.5183460202798537,-0.328
2026-07-29T10:10:10.999979+00:00,1,LEFT,633.0,-7.0,512.0,11043,-0.011350273399148136,-2.16774254030265,-0.328
2026-07-29T10:10:11.033086+00:00,1,LEFT,633.0,-7.0,512.0,11045,8.545042084051602e-05,0.016319828239261,-0.328
2026-07-29T10:10:11.066468+00:00,1,LEFT,633.0,-7.0,512.0,11025,-0.009997992857242934,-1.9094759810732103,-0.328
2026-07-29T10:10:11.116448+00:00,1,LEFT,633.0,-7.0,512.0,11039,3.8243599265115334e-05,0.007303989437602418,-0.328
2026-07-29T10:10:11.134206+00:00,1,LEFT,633.0,-7.0,512.0,11045,-0.010694628482160623,-2.0425235849606844,-0.328
2026-07-29T10:10:11.183236+00:00,1,LEFT,633.0,-7.0,512.0,11046,8.316306048072875e-05,0.01588297458978988,-0.328
2026-07-29T10:10:11.216475+00:00,1,LEFT,633.0,-7.0,512.0,11047,-2.3708866210654376e-05,-0.004528059903036069,-0.328
2026-07-29T10:10:11.249993+00:00,1,LEFT,633.0,-7.0,512.0,11038,-3.087375633185729e-05,-0.005896453118435749,-0.328
2026-07-29T10:10:11.300019+00:00,1,LEFT,633.0,-7.0,512.0,11026,0.005959144686348736,1.1381128001186445,-0.328
2026-07-29T10:10:11.333249+00:00,1,LEFT,633.0,-7.0,512.0,11050,0.009127999589545653,1.7433195062603788,-0.328
2026-07-29T10:10:11.383245+00:00,1,LEFT,633.0,-7.0,512.0,11046,-0.0008055432653054595,-0.15384743105729995,-0.328
2026-07-29T10:10:11.416627+00:00,1,LEFT,633.0,-7.0,512.0,11086,0.01238570315646939,2.365495057225193,-0.328
2026-07-29T10:10:11.433206+00:00,1,LEFT,633.0,-7.0,512.0,11015,0.003328459529438987,0.6356889443898465,-0.328
2026-07-29T10:10:11.449986+00:00,1,LEFT,633.0,-7.0,512.0,11022,1.2537930597318337e-05,0.0023945683568476,-0.328
2026-07-29T10:10:11.500034+00:00,1,LEFT,633.0,-7.0,512.0,11064,0.018005886955652386,3.4388710964951477,-0.328
2026-07-29T10:10:11.533242+00:00,1,LEFT,633.0,-7.0,512.0,11042,-1.5177408058661968e-05,-0.002898671419030583,-0.328
2026-07-29T10:10:11.566581+00:00,1,LEFT,633.0,-7.0,512.0,11049,0.012667821825307329,2.419375754046069,-0.328
2026-07-29T10:10:11.616601+00:00,1,LEFT,633.0,-7.0,512.0,11048,9.15751769207418e-05,0.01748957048574109,-0.328
2026-07-29T10:10:11.650048+00:00,1,LEFT,633.0,-7.0,512.0,11065,2.156048227334395e-05,0.00411774879509745,-0.328
2026-07-29T10:10:11.666609+00:00,1,LEFT,633.0,-7.0,512.0,11076,0.01334255669520644,2.548240621831162,-0.328
2026-07-29T10:10:11.700002+00:00,1,LEFT,633.0,-7.0,512.0,11055,0.015117054448928684,2.8871447286435936,-0.328
2026-07-29T10:10:11.733367+00:00,1,LEFT,633.0,-7.0,512.0,11037,7.990213343873618e-05,0.015260183400435702,-0.328
2026-07-29T10:10:11.783345+00:00,1,LEFT,633.0,-7.0,512.0,10995,-8.708961540833113e-06,-0.0016632891341049592,-0.328
2026-07-29T10:10:11.816644+00:00,1,LEFT,633.0,-7.0,512.0,11029,0.01892913748160936,3.6151989583970408,-0.328
2026-07-29T10:10:11.833372+00:00,1,LEFT,633.0,-7.0,512.0,11052,0.014607204064377583,2.78977047791726,-0.328
2026-07-29T10:10:11.866479+00:00,1,LEFT,633.0,-7.0,512.0,11031,6.0508718015626065e-05,0.01155631388680861,-0.328
2026-07-29T10:10:11.899859+00:00,1,LEFT,633.0,-7.0,512.0,11061,-0.017153656264999883,-3.2761070240087884,-0.328
2026-07-29T10:10:11.933369+00:00,1,LEFT,633.0,-7.0,512.0,11029,-2.8261393672437405e-05,-0.005397528601961312,-0.328
2026-07-29T10:10:11.966625+00:00,1,LEFT,633.0,-7.0,512.0,11060,-0.016357890873623545,-3.1241270293139873,-0.328
2026-07-29T10:10:11.999879+00:00,1,LEFT,633.0,-7.0,512.0,11040,-1.643878931645304e-05,-0.0031395774937916887,-0.328
2026-07-29T10:10:12.033367+00:00,1,LEFT,633.0,-7.0,512.0,11048,-4.106913926079869e-05,-0.00784362782626265,-0.328
2026-07-29T10:10:12.083369+00:00,1,LEFT,633.0,-7.0,512.0,11043,-9.556293064179046e-06,-0.0018251175345586682,-0.328
2026-07-29T10:10:12.099869+00:00,1,LEFT,633.0,-7.0,512.0,11041,-0.001710415180568816,-0.3266652368723326,-0.328
2026-07-29T10:10:12.133407+00:00,1,LEFT,633.0,-7.0,512.0,11061,0.0173037902766373,3.3047805081027617,-0.328
2026-07-29T10:10:12.183400+00:00,1,LEFT,633.0,-7.0,512.0,11046,5.385478434618563e-06,0.0010285506165412163,-0.328
2026-07-29T10:10:12.200115+00:00,1,LEFT,633.0,-7.0,512.0,11059,0.012853725168679376,2.4548806772880347,-0.328
2026-07-29T10:10:12.249985+00:00,1,LEFT,633.0,-7.0,512.0,11084,1.4458576915785672e-05,0.002761384783465992,-0.328
2026-07-29T10:10:12.300019+00:00,1,LEFT,633.0,-7.0,512.0,11030,-1.3802200992358849e-05,-0.0026360262161781284,-0.328
2026-07-29T10:10:12.316735+00:00,1,LEFT,633.0,-7.0,512.0,11036,0.009695272384560668,1.851660629550213,-0.328
2026-07-29T10:10:12.350005+00:00,1,LEFT,633.0,-7.0,512.0,11033,0.018333596803131513,3.5014590670465804,-0.328
2026-07-29T10:10:12.383379+00:00,1,LEFT,633.0,-7.0,512.0,11068,-0.006908947128686123,-1.3195117045091445,-0.328
2026-07-29T10:10:12.433379+00:00,1,LEFT,633.0,-7.0,512.0,11012,2.945458487374708e-05,0.005625411335251941,-0.328
2026-07-29T10:10:12.466797+00:00,1,LEFT,633.0,-7.0,512.0,11051,-0.01830219222290907,-3.4954612340328275,-0.328
2026-07-29T10:10:12.500059+00:00,1,LEFT,633.0,-7.0,512.0,11085,0.0013806024187942966,0.26367563927488724,-0.328
2026-07-29T10:10:12.533238+00:00,1,LEFT,633.0,-7.0,512.0,11040,7.92430884030182e-05,0.01513431507025007,-0.328
2026-07-29T10:10:12.566731+00:00,1,LEFT,633.0,-7.0,512.0,11067,2.2423120681196453e-05,0.0042825005951502276,-0.328
2026-07-29T10:10:12.600093+00:00,1,LEFT,633.0,-7.0,512.0,11047,1.4229102234821766e-05,0.002717558347718183,-0.328
2026-07-29T10:10:12.650015+00:00,1,LEFT,633.0,-7.0,512.0,11037,1.2371114571578798e-05,0.0023627088427475287,-0.328
2026-07-29T10:10:12.666860+00:00,1,LEFT,633.0,-7.0,512.0,11053,-0.017425105918955523,-3.327950089081938,-0.328
2026-07-29T10:10:12.733257+00:00,1,LEFT,633.0,-7.0,512.0,11080,3.3362440517521464e-05,0.006371756786367446,-0.328
2026-07-29T10:10:12.750046+00:00,1,LEFT,633.0,-7.0,512.0,11056,-6.067057169275358e-05,-0.011587225662135542,-0.328
2026-07-29T10:10:12.799973+00:00,1,LEFT,633.0,-7.0,512.0,11071,1.3391323591349646e-05,0.0025575544129276904,-0.328
2026-07-29T10:10:12.833290+00:00,1,LEFT,633.0,-7.0,512.0,11049,-0.010382843506558857,-1.9829770409021161,-0.328
2026-07-29T10:10:12.866797+00:00,1,LEFT,633.0,-7.0,512.0,11021,4.2171040186076424e-05,0.00805407540112923,-0.328
2026-07-29T10:10:12.899996+00:00,1,LEFT,633.0,-7.0,512.0,11076,4.2171040186076424e-05,0.00805407540112923,-0.328
2026-07-29T10:10:12.916820+00:00,1,LEFT,633.0,-7.0,512.0,11087,0.00983541282970691,1.878425483036761,-0.328
2026-07-29T10:10:12.949964+00:00,1,LEFT,633.0,-7.0,512.0,11093,-0.00039240328391315415,-0.07494350678432508,-0.328
2026-07-29T10:10:12.966752+00:00,1,LEFT,633.0,-7.0,512.0,11057,6.493838794995098e-05,0.012402318526384643,-0.328
2026-07-29T10:10:13.016786+00:00,1,LEFT,633.0,-7.0,512.0,11057,-1.0548537720751482e-05,-0.0020146223047786964,-0.328
2026-07-29T10:10:13.050020+00:00,1,LEFT,633.0,-7.0,512.0,11065,-0.0012115558405639605,-0.23139012102913267,-0.328
2026-07-29T10:10:13.100019+00:00,1,LEFT,633.0,-7.0,512.0,11034,-4.1884863021550695e-05,-0.007999419588728079,-0.328
2026-07-29T10:10:13.133399+00:00,1,LEFT,633.0,-7.0,512.0,11060,0.006669238758477149,1.2737307780860323,-0.328
2026-07-29T10:10:13.150011+00:00,1,LEFT,633.0,-7.0,512.0,11027,-0.011614815155407996,-2.2182662940982114,-0.328
2026-07-29T10:10:13.201119+00:00,1,LEFT,633.0,-7.0,512.0,11018,-2.0650707692766443e-05,-0.00394399464917953,-0.328
2026-07-29T10:10:13.233472+00:00,1,LEFT,633.0,-7.0,512.0,11059,-6.5138737045344896e-06,-0.0012440582385035762,-0.328
2026-07-29T10:10:13.266661+00:00,1,LEFT,633.0,-7.0,512.0,11061,-0.001801542237153626,-0.3440692226781974,-0.328
2026-07-29T10:10:13.300157+00:00,1,LEFT,633.0,-7.0,512.0,11045,-0.005447430899439496,-1.0403826657567903,-0.328
2026-07-29T10:10:13.316637+00:00,1,LEFT,633.0,-7.0,512.0,11057,-0.005447430899439496,-1.0403826657567903,-0.328
2026-07-29T10:10:13.333385+00:00,1,LEFT,633.0,-7.0,512.0,11072,0.003639133782417048,0.6950233560532549,-0.328
2026-07-29T10:10:13.383298+00:00,1,LEFT,633.0,-7.0,512.0,11026,2.1092811366543173e-05,0.004028430231228314,-0.328
2026-07-29T10:10:13.416826+00:00,1,LEFT,633.0,-7.0,512.0,11030,1.4763367362320421e-05,0.002819595470873822,-0.328
2026-07-29T10:10:13.433397+00:00,1,LEFT,633.0,-7.0,512.0,11036,0.01846539474587189,3.526630619938349,-0.328
2026-07-29T10:10:13.483389+00:00,1,LEFT,633.0,-7.0,512.0,11044,4.061504654600867e-05,0.0077569025060456286,-0.328
2026-07-29T10:10:13.516620+00:00,1,LEFT,633.0,-7.0,512.0,11056,-0.01877235082014522,-3.5852549117775685,-0.328
2026-07-29T10:10:13.566692+00:00,1,LEFT,633.0,-7.0,512.0,11061,0.015690289498015774,2.9966245585824764,-0.328
2026-07-29T10:10:13.600189+00:00,1,LEFT,633.0,-7.0,512.0,11044,0.005404705962937442,1.032222803951683,-0.328
2026-07-29T10:10:13.633437+00:00,1,LEFT,633.0,-7.0,512.0,11051,-1.5703844837844372e-05,-0.00299921343778929,-0.328
2026-07-29T10:10:13.650150+00:00,1,LEFT,633.0,-7.0,512.0,11040,-6.984908395679657e-08,-1.3340192378597974e-05,-0.328
2026-07-29T10:10:13.666675+00:00,1,LEFT,633.0,-7.0,512.0,11035,6.438944063120288e-05,0.012297477311253682,-0.328
2026-07-29T10:10:13.716840+00:00,1,LEFT,633.0,-7.0,512.0,11055,-1.3616227079182863e-06,-0.00026005078150964075,-0.328
2026-07-29T10:10:13.750195+00:00,1,LEFT,633.0,-7.0,512.0,11077,7.586320163682103e-05,0.014488804247132678,-0.328
2026-07-29T10:10:13.800127+00:00,1,LEFT,633.0,-7.0,512.0,11054,-0.0013068321489845402,-0.24958655556275253,-0.328
2026-07-29T10:10:13.816785+00:00,1,LEFT,633.0,-7.0,512.0,11058,2.181143754569348e-06,0.000416567772160473,-0.328
2026-07-29T10:10:13.833400+00:00,1,LEFT,633.0,-7.0,512.0,11046,-0.008219927484024083,-1.5698905091272313,-0.328
2026-07-29T10:10:13.883402+00:00,1,LEFT,633.0,-7.0,512.0,11072,0.005262633368838579,1.0050889371972163,-0.328
2026-07-29T10:10:13.900446+00:00,1,LEFT,633.0,-7.0,512.0,11032,1.2114875862607731e-05,0.002313770854174452,-0.328
2026-07-29T10:10:13.951594+00:00,1,LEFT,633.0,-7.0,512.0,11040,0.01849995625670999,3.5332313822870782,-0.328
2026-07-29T10:10:13.983399+00:00,1,LEFT,633.0,-7.0,512.0,11062,-0.011765566418907837,-2.24705766461423,-0.328
2026-07-29T10:10:14.034065+00:00,1,LEFT,633.0,-7.0,512.0,11061,-0.0012636360360193067,-0.2413367056818252,-0.328
2026-07-29T10:10:14.050032+00:00,1,LEFT,633.0,-7.0,512.0,11040,-0.0011959960928652437,-0.22841842811771645,-0.328
2026-07-29T10:10:14.083601+00:00,1,LEFT,633.0,-7.0,512.0,11058,0.0011560366397134203,0.2207867347268824,-0.328
2026-07-29T10:10:14.100024+00:00,1,LEFT,633.0,-7.0,512.0,11048,-0.010049188953944395,-1.919253715301668,-0.328
2026-07-29T10:10:14.150038+00:00,1,LEFT,633.0,-7.0,512.0,11057,-0.010049188953944395,-1.919253715301668,-0.328
2026-07-29T10:10:14.166791+00:00,1,LEFT,633.0,-7.0,512.0,11049,1.2283185569685883e-05,0.0023459156403966563,-0.328
2026-07-29T10:10:14.216798+00:00,1,LEFT,633.0,-7.0,512.0,11060,2.34323524637148e-06,0.0004475249667446115,-0.328
2026-07-29T10:10:14.249998+00:00,1,LEFT,633.0,-7.0,512.0,11062,0.0008132339268922806,0.1553162392259274,-0.328
2026-07-29T10:10:14.300097+00:00,1,LEFT,633.0,-7.0,512.0,11085,0.011131205927631527,2.1259037351476366,-0.328
2026-07-29T10:10:14.316818+00:00,1,LEFT,633.0,-7.0,512.0,11082,0.009960527844086756,1.90232069062904,-0.328
2026-07-29T10:10:14.350168+00:00,1,LEFT,633.0,-7.0,512.0,11044,-0.003859038567461539,-0.7370220763125247,-0.328
2026-07-29T10:10:14.366819+00:00,1,LEFT,633.0,-7.0,512.0,11109,-0.022550923782619067,-4.306909189550888,-0.328
2026-07-29T10:10:14.416765+00:00,1,LEFT,633.0,-7.0,512.0,11052,0.01474787961007678,2.8166375280814724,-0.328
2026-07-29T10:10:14.450182+00:00,1,LEFT,633.0,-7.0,512.0,11058,3.138180727546569e-05,0.005993483701257083,-0.328
2026-07-29T10:10:14.483559+00:00,1,LEFT,633.0,-7.0,512.0,11052,-4.877754166955128e-05,-0.009315824242295986,-0.328
2026-07-29T10:10:14.533551+00:00,1,LEFT,633.0,-7.0,512.0,11037,-0.013599086522008292,-2.597234209814389,-0.328
2026-07-29T10:10:14.566784+00:00,1,LEFT,633.0,-7.0,512.0,11047,9.76445828564465e-05,0.018648741633299524,-0.328
2026-07-29T10:10:14.600208+00:00,1,LEFT,633.0,-7.0,512.0,11088,-7.149886732804589e-06,-0.0013655277792876143,-0.328
2026-07-29T10:10:14.633538+00:00,1,LEFT,633.0,-7.0,512.0,11044,0.005588428661358193,1.067311254685896,-0.328
2026-07-29T10:10:14.666790+00:00,1,LEFT,633.0,-7.0,512.0,11081,2.484207572706509e-05,0.004744486978350719,-0.328
2026-07-29T10:10:14.683542+00:00,1,LEFT,633.0,-7.0,512.0,11057,0.0006331171054625884,0.12091646026848453,-0.328
2026-07-29T10:10:14.716821+00:00,1,LEFT,633.0,-7.0,512.0,11046,2.033494849456474e-05,0.003883689084514889,-0.328
2026-07-29T10:10:14.766883+00:00,1,LEFT,633.0,-7.0,512.0,11042,3.7956708110868926e-05,0.007249197263209231,-0.328
2026-07-29T10:10:14.800168+00:00,1,LEFT,633.0,-7.0,512.0,11059,-0.007610160100157372,-1.4534335171929111,-0.328
2026-07-29T10:10:14.850208+00:00,1,LEFT,633.0,-7.0,512.0,11050,0.010250860510859638,1.9577701454985876,-0.328
2026-07-29T10:10:14.883400+00:00,1,LEFT,633.0,-7.0,512.0,11047,0.003587480824426166,0.6851583677457747,-0.328
2026-07-29T10:10:14.916916+00:00,1,LEFT,633.0,-7.0,512.0,11056,6.375978453434073e-05,0.01217722185493741,-0.328
2026-07-29T10:10:14.983405+00:00,1,LEFT,633.0,-7.0,512.0,11051,-1.0991207091137767e-05,-0.0020991659269215214,-0.328
2026-07-29T10:10:15.000203+00:00,1,LEFT,633.0,-7.0,512.0,11046,0.0017064927451428957,0.32591610688793976,-0.328
2026-07-29T10:10:15.033413+00:00,1,LEFT,633.0,-7.0,512.0,11063,-0.008144223767740186,-1.5554321643388211,-0.328
2026-07-29T10:10:15.066982+00:00,1,LEFT,633.0,-7.0,512.0,11065,0.0009301283716922626,0.1776414336778072,-0.328
2026-07-29T10:10:15.100121+00:00,1,LEFT,633.0,-7.0,512.0,11067,-1.1702577030519023e-05,-0.002235027577584932,-0.328
2026-07-29T10:10:15.150172+00:00,1,LEFT,633.0,-7.0,512.0,11066,0.013208193690516054,2.5225791781929767,-0.328
2026-07-29T10:10:15.183425+00:00,1,LEFT,633.0,-7.0,512.0,11024,-0.006341722710640169,-1.2111798205398199,-0.328
2026-07-29T10:10:15.216910+00:00,1,LEFT,633.0,-7.0,512.0,11071,0.0023506586356961635,0.4489427296712343,-0.328
2026-07-29T10:10:15.233570+00:00,1,LEFT,633.0,-7.0,512.0,11052,1.3420084433164448e-05,0.002563047329098462,-0.328
2026-07-29T10:10:15.283590+00:00,1,LEFT,633.0,-7.0,512.0,11039,0.001525591578683816,0.291366529064277,-0.328
2026-07-29T10:10:15.316962+00:00,1,LEFT,633.0,-7.0,512.0,11030,5.200483807129785e-05,0.00993219245248877,-0.328
2026-07-29T10:10:15.333561+00:00,1,LEFT,633.0,-7.0,512.0,11092,0.005761707897472661,1.1004051510412625,-0.328
2026-07-29T10:10:15.383581+00:00,1,LEFT,633.0,-7.0,512.0,11094,0.005993290111946408,1.1446340960400596,-0.328
2026-07-29T10:10:15.433594+00:00,1,LEFT,633.0,-7.0,512.0,11063,0.0055287402230896985,1.0559116026908564,-0.328
2026-07-29T10:10:15.450177+00:00,1,LEFT,633.0,-7.0,512.0,11057,6.2281854297907556e-06,0.0011894957971729434,-0.328
2026-07-29T10:10:15.466910+00:00,1,LEFT,633.0,-7.0,512.0,11062,4.2780577205121516e-05,0.00817048839662346,-0.328
2026-07-29T10:10:15.533592+00:00,1,LEFT,633.0,-7.0,512.0,11038,6.649766946793534e-05,0.012700119359895498,-0.328
2026-07-29T10:10:15.566929+00:00,1,LEFT,633.0,-7.0,512.0,11068,0.009005354046239518,1.7198959329019439,-0.328
2026-07-29T10:10:15.616831+00:00,1,LEFT,633.0,-7.0,512.0,11034,6.988410896155982e-06,0.001334688166176584,-0.328
2026-07-29T10:10:15.650425+00:00,1,LEFT,633.0,-7.0,512.0,11063,0.0009965438570361585,0.19032585702620125,-0.328
2026-07-29T10:10:15.683569+00:00,1,LEFT,633.0,-7.0,512.0,11019,-0.02504201049276162,-4.782671705858546,-0.328
2026-07-29T10:10:15.750326+00:00,1,LEFT,633.0,-7.0,512.0,11043,-0.016983270249329507,-3.24356569205558,-0.328
2026-07-29T10:10:15.766844+00:00,1,LEFT,633.0,-7.0,512.0,11025,-0.010134070795029402,-1.9354649528065717,-0.328
2026-07-29T10:10:15.800402+00:00,1,LEFT,633.0,-7.0,512.0,11042,-0.018984088031575082,-3.6256937403802363,-0.328
2026-07-29T10:10:15.850307+00:00,1,LEFT,633.0,-7.0,512.0,11063,-0.01815013093641028,-3.4664196675537924,-0.328
2026-07-29T10:10:15.883570+00:00,1,LEFT,633.0,-7.0,512.0,11072,-0.022414443616289647,-4.280843397824491,-0.328
2026-07-29T10:10:15.900337+00:00,1,LEFT,633.0,-7.0,512.0,11038,0.010485266507603229,2.0025383931851377,-0.328
2026-07-29T10:10:15.916815+00:00,1,LEFT,633.0,-7.0,512.0,11100,0.014461167642148212,2.7618795757541483,-0.328
2026-07-29T10:10:15.983595+00:00,1,LEFT,633.0,-7.0,512.0,11057,-0.011994924404425546,-2.2908618131735214,-0.328
2026-07-29T10:10:16.016968+00:00,1,LEFT,633.0,-7.0,512.0,11093,0.01384734087085235,2.644647297929499,-0.328
2026-07-29T10:10:16.033601+00:00,1,LEFT,633.0,-7.0,512.0,11034,0.015909970240900292,3.038580489941081,-0.328
2026-07-29T10:10:16.083569+00:00,1,LEFT,633.0,-7.0,512.0,11076,0.0017507359583396466,0.3343659381821775,-0.328
2026-07-29T10:10:16.133580+00:00,1,LEFT,633.0,-7.0,512.0,11084,0.002116726833046414,0.40426504638550786,-0.328
2026-07-29T10:10:16.166950+00:00,1,LEFT,633.0,-7.0,512.0,11057,0.00845370818162337,1.614539333474109,-0.328
2026-07-29T10:10:16.183688+00:00,1,LEFT,633.0,-7.0,512.0,11064,-0.008571276200236753,-1.636993171048317,-0.328
2026-07-29T10:10:16.200441+00:00,1,LEFT,633.0,-7.0,512.0,11048,0.007781673957360909,1.4861902510121514,-0.328
2026-07-29T10:10:16.250393+00:00,1,LEFT,633.0,-7.0,512.0,11060,-0.006151057814713567,-1.174765507746835,-0.328
2026-07-29T10:10:16.267041+00:00,1,LEFT,633.0,-7.0,512.0,11060,0.01205795113928616,2.3028990328535324,-0.328
2026-07-29T10:10:16.283606+00:00,1,LEFT,633.0,-7.0,512.0,11091,-0.012065386707836296,-2.3043191218408756,-0.328
2026-07-29T10:10:16.367031+00:00,1,LEFT,633.0,-7.0,512.0,11056,0.005914185711299069,1.1295262683800447,-0.328
2026-07-29T10:10:16.383669+00:00,1,LEFT,633.0,-7.0,512.0,11042,-0.0012533900327980519,-0.23937986321030735,-0.328
2026-07-29T10:10:16.433723+00:00,1,LEFT,633.0,-7.0,512.0,11041,-0.020671756489318797,-3.948014673200462,-0.328
2026-07-29T10:10:16.466971+00:00,1,LEFT,633.0,-7.0,512.0,11025,-0.00847291189013049,-1.6182069716356338,-0.328
2026-07-29T10:10:16.500222+00:00,1,LEFT,633.0,-7.0,512.0,11085,3.198271617293358e-05,0.006108248846912981,-0.328
2026-07-29T10:10:16.533752+00:00,1,LEFT,633.0,-7.0,512.0,11066,0.00401700124843046,0.7671907261128269,-0.328
2026-07-29T10:10:16.566987+00:00,1,LEFT,633.0,-7.0,512.0,11055,0.002406343576440122,0.45957776996145056,-0.328
2026-07-29T10:10:16.616927+00:00,1,LEFT,633.0,-7.0,512.0,11064,-0.0038806968182325363,-0.7411584975152383,-0.328
2026-07-29T10:10:16.633723+00:00,1,LEFT,633.0,-7.0,512.0,11052,-0.0038806968182325363,-0.7411584975152383,-0.328
2026-07-29T10:10:16.650230+00:00,1,LEFT,633.0,-7.0,512.0,11071,-0.008338047337601892,-1.5924497394162704,-0.328
2026-07-29T10:10:16.717024+00:00,1,LEFT,633.0,-7.0,512.0,11029,-0.007758576922933571,-1.481779042372302,-0.328
2026-07-29T10:10:16.733823+00:00,1,LEFT,633.0,-7.0,512.0,11028,0.022495402903296054,4.296305482684009,-0.328
2026-07-29T10:10:16.766959+00:00,1,LEFT,633.0,-7.0,512.0,11069,1.01779009855818e-05,0.0019438359025862604,-0.328
2026-07-29T10:10:16.800472+00:00,1,LEFT,633.0,-7.0,512.0,11076,0.00792162321129581,1.5129185896670663,-0.328
2026-07-29T10:10:16.850338+00:00,1,LEFT,633.0,-7.0,512.0,11054,0.00623656437615864,1.191096058051764,-0.328
2026-07-29T10:10:16.866978+00:00,1,LEFT,633.0,-7.0,512.0,11042,-0.014346448965661694,-2.7399699224408014,-0.328
2026-07-29T10:10:16.883709+00:00,1,LEFT,633.0,-7.0,512.0,11037,0.01797354527428979,3.432694290347035,-0.328
2026-07-29T10:10:16.950362+00:00,1,LEFT,633.0,-7.0,512.0,11053,-0.01040408658409433,-1.987034169857622,-0.328
2026-07-29T10:10:17.000402+00:00,1,LEFT,633.0,-7.0,512.0,11045,0.011478291256644298,2.1921921500921075,-0.328
2026-07-29T10:10:17.016944+00:00,1,LEFT,633.0,-7.0,512.0,11055,0.00010738374752691015,0.02050878507196781,-0.328
2026-07-29T10:10:17.050368+00:00,1,LEFT,633.0,-7.0,512.0,11025,0.019260164868173887,3.678420532241684,-0.328
2026-07-29T10:10:17.083753+00:00,1,LEFT,633.0,-7.0,512.0,11041,-0.015868274352918092,-3.0306171619263136,-0.328
2026-07-29T10:10:17.117115+00:00,1,LEFT,633.0,-7.0,512.0,11058,-0.014562868901412002,-2.7813030855107517,-0.328
2026-07-29T10:10:17.167367+00:00,1,LEFT,633.0,-7.0,512.0,11089,-5.3529543802142147e-05,-0.010223389797078063,-0.328
2026-07-29T10:10:17.183683+00:00,1,LEFT,633.0,-7.0,512.0,11059,0.005122866669553332,0.9783954639121537,-0.328
2026-07-29T10:10:17.233629+00:00,1,LEFT,633.0,-7.0,512.0,11069,0.013801738251640928,2.6359378392109765,-0.328
2026-07-29T10:10:17.250364+00:00,1,LEFT,633.0,-7.0,512.0,11031,-0.0025983050753711724,-0.49623971568729813,-0.328
2026-07-29T10:10:17.300393+00:00,1,LEFT,633.0,-7.0,512.0,11034,0.005572832254692912,1.064332560427595,-0.328
2026-07-29T10:10:17.350358+00:00,1,LEFT,633.0,-7.0,512.0,11029,-3.5291267558932304e-05,-0.006740135615979267,-0.328
2026-07-29T10:10:17.367103+00:00,1,LEFT,633.0,-7.0,512.0,11052,-4.029512594570406e-05,-0.007695802172123142,-0.328
2026-07-29T10:10:17.417073+00:00,1,LEFT,633.0,-7.0,512.0,11034,-0.0010810064495308325,-0.20645702394846177,-0.328
2026-07-29T10:10:17.450393+00:00,1,LEFT,633.0,-7.0,512.0,11061,0.0007746923458762467,0.14795533946599312,-0.328
2026-07-29T10:10:17.483749+00:00,1,LEFT,633.0,-7.0,512.0,11009,-0.004026801961590536,-0.7690625244471292,-0.328
2026-07-29T10:10:17.500369+00:00,1,LEFT,633.0,-7.0,512.0,11034,5.362158517527859e-06,0.001024096840448242,-0.328
2026-07-29T10:10:17.533708+00:00,1,LEFT,633.0,-7.0,512.0,11043,-0.01156941869383445,-2.2095962085882386,-0.328
2026-07-29T10:10:17.567128+00:00,1,LEFT,633.0,-7.0,512.0,11046,0.010082426624139771,1.9256016427118108,-0.328
2026-07-29T10:10:17.600357+00:00,1,LEFT,633.0,-7.0,512.0,11036,-0.0008599420831887982,-0.16423683997468694,-0.328
2026-07-29T10:10:17.617130+00:00,1,LEFT,633.0,-7.0,512.0,11051,0.015439499457588681,2.9487271890478506,-0.328
2026-07-29T10:10:17.667047+00:00,1,LEFT,633.0,-7.0,512.0,11026,-0.018900800854025873,-3.6097870611764815,-0.328
2026-07-29T10:10:17.683734+00:00,1,LEFT,633.0,-7.0,512.0,11036,0.0076767217431915925,1.466145854603968,-0.328
2026-07-29T10:10:17.750395+00:00,1,LEFT,633.0,-7.0,512.0,11044,0.020930718659365084,3.9974728045244663,-0.328
2026-07-29T10:10:17.783730+00:00,1,LEFT,633.0,-7.0,512.0,11063,5.139809218235314e-06,0.0009816312523577286,-0.328
2026-07-29T10:10:17.817091+00:00,1,LEFT,633.0,-7.0,512.0,11056,0.010089647134664119,1.9269806586417273,-0.328
2026-07-29T10:10:17.867116+00:00,1,LEFT,633.0,-7.0,512.0,11033,0.0010077513637952507,0.19246633314673567,-0.328
2026-07-29T10:10:17.900523+00:00,1,LEFT,633.0,-7.0,512.0,11016,-0.0006313456932548433,-0.12057814545754536,-0.328
2026-07-29T10:10:17.933735+00:00,1,LEFT,633.0,-7.0,512.0,11029,-2.1745696139987556e-05,-0.004153122037984041,-0.328
2026-07-29T10:10:17.966977+00:00,1,LEFT,633.0,-7.0,512.0,11037,-0.02405372847279068,-4.593923743481884,-0.328
2026-07-29T10:10:18.000501+00:00,1,LEFT,633.0,-7.0,512.0,11034,0.017444170227972792,3.3315911039020136,-0.328
2026-07-29T10:10:18.033734+00:00,1,LEFT,633.0,-7.0,512.0,11044,-0.014151515019475482,-2.7027402811064674,-0.328
2026-07-29T10:10:18.050509+00:00,1,LEFT,633.0,-7.0,512.0,11053,-2.3270668716577347e-05,-0.00444437034635666,-0.328
2026-07-29T10:10:18.100501+00:00,1,LEFT,633.0,-7.0,512.0,11031,-0.003162584109813906,-0.6040090728249177,-0.328
2026-07-29T10:10:18.133684+00:00,1,LEFT,633.0,-7.0,512.0,11032,-0.013234732482815162,-2.5276477141666867,-0.328
2026-07-29T10:10:18.167019+00:00,1,LEFT,633.0,-7.0,512.0,11052,-0.002217324223020114,-0.4234777326372568,-0.328
2026-07-29T10:10:18.200500+00:00,1,LEFT,633.0,-7.0,512.0,11055,0.0,0.0,-0.328
2026-07-29T10:10:18.217043+00:00,1,LEFT,633.0,-7.0,512.0,11041,-0.09260625950526447,-17.686492753816392,-0.328
2026-07-29T10:10:18.267234+00:00,1,LEFT,633.0,-7.0,512.0,11057,5.78361599764321e-05,0.011045892899643367,-0.328
2026-07-29T10:10:18.283734+00:00,1,LEFT,633.0,-7.0,512.0,11051,5.78361599764321e-05,0.011045892899643367,-0.328
2026-07-29T10:10:18.300492+00:00,1,LEFT,633.0,-7.0,512.0,11054,-3.916157264029607e-05,-0.007479309437946536,-0.328
2026-07-29T10:10:18.350398+00:00,1,LEFT,633.0,-7.0,512.0,11053,2.7713715098798234e-07,5.2929296992970806e-05,-0.328
2026-07-29T10:10:18.400497+00:00,1,LEFT,633.0,-7.0,512.0,11022,-2.2892025299370296e-06,-0.00043720547805354095,-0.328
2026-07-29T10:10:18.450505+00:00,1,LEFT,633.0,-7.0,512.0,11026,1.5449112252099438e-05,0.0029505630975638266,-0.328
2026-07-29T10:10:18.467106+00:00,1,LEFT,633.0,-7.0,512.0,11051,-0.030014829807914794,-5.732410235989924,-0.328
2026-07-29T10:10:18.483766+00:00,1,LEFT,633.0,-7.0,512.0,11051,0.014263837670441717,2.724192327253421,-0.328
2026-07-29T10:10:18.533770+00:00,1,LEFT,633.0,-7.0,512.0,11056,-0.0038268901879200713,-0.730882188092822,-0.328
2026-07-29T10:10:18.550575+00:00,1,LEFT,633.0,-7.0,512.0,11037,-0.0038268901879200713,-0.730882188092822,-0.328
2026-07-29T10:10:18.567119+00:00,1,LEFT,633.0,-7.0,512.0,11035,-0.015320400054333732,-2.9259808785510666,-0.328
2026-07-29T10:10:18.633781+00:00,1,LEFT,633.0,-7.0,512.0,11084,-8.279183384729548e-06,-0.001581207552532796,-0.328
2026-07-29T10:10:18.667113+00:00,1,LEFT,633.0,-7.0,512.0,11074,2.4137826476362533e-05,0.004609985279049028,-0.328
2026-07-29T10:10:18.700420+00:00,1,LEFT,633.0,-7.0,512.0,11063,0.016340971943864132,3.1208957517503455,-0.328
2026-07-29T10:10:18.750382+00:00,1,LEFT,633.0,-7.0,512.0,11028,4.606052505550906e-05,0.008796912292790837,-0.328
2026-07-29T10:10:18.767124+00:00,1,LEFT,633.0,-7.0,512.0,11046,-2.3241291319209268e-05,-0.004438759676749095,-0.328
2026-07-29T10:10:18.817148+00:00,1,LEFT,633.0,-7.0,512.0,11038,-4.01127475197427e-05,-0.007660970458517059,-0.328
2026-07-29T10:10:18.833987+00:00,1,LEFT,633.0,-7.0,512.0,11021,4.919355298625305e-05,0.00939527655121829,-0.328
2026-07-29T10:10:18.883850+00:00,1,LEFT,633.0,-7.0,512.0,11014,1.4878513102303258e-05,0.002841586687306913,-0.328
2026-07-29T10:10:18.900394+00:00,1,LEFT,633.0,-7.0,512.0,11033,5.67592482548207e-05,0.010840217911121698,-0.328
2026-07-29T10:10:18.950345+00:00,1,LEFT,633.0,-7.0,512.0,11048,5.67592482548207e-05,0.010840217911121698,-0.328
2026-07-29T10:10:18.967126+00:00,1,LEFT,633.0,-7.0,512.0,11038,2.8443464543670416e-06,0.000543230157694105,-0.328
2026-07-29T10:10:19.000523+00:00,1,LEFT,633.0,-7.0,512.0,11042,-0.0005157754046376795,-0.09850584620797101,-0.328
2026-07-29T10:10:19.050401+00:00,1,LEFT,633.0,-7.0,512.0,11029,-0.007605435888981446,-1.4525312593198807,-0.328
2026-07-29T10:10:19.083886+00:00,1,LEFT,633.0,-7.0,512.0,11060,-0.011826411345973611,-2.2586781896997308,-0.328
2026-07-29T10:10:19.117141+00:00,1,LEFT,633.0,-7.0,512.0,11053,-0.01033354179817252,-1.9735611081910431,-0.328
