timestamp,lane_valid,side,lane_center_x,error_px,half_width,pixel_count,speed_mps,motor_rpm,steering_deg
2026-07-29T11:21:49.845031+00:00,1,RIGHT,671.0,31.0,512.0,13001,0.2996052735182457,57.22039230819376,0.581
2026-07-29T11:21:50.778731+00:00,1,RIGHT,675.0,35.0,512.0,12577,-0.1359794868901372,-25.970168997197895,1.005
2026-07-29T11:21:51.495902+00:00,1,RIGHT,671.0,31.0,512.0,12818,0.6137468609027564,117.21701606376912,1.184
2026-07-29T11:21:51.529211+00:00,1,RIGHT,671.0,31.0,512.0,12327,-0.2662031155405566,-50.84105004569103,1.292
2026-07-29T11:21:51.545946+00:00,1,RIGHT,672.0,32.0,512.0,12797,-0.46182945000822656,-88.20292780106475,1.375
2026-07-29T11:21:51.612574+00:00,1,RIGHT,671.0,31.0,512.0,11284,0.4237907546479255,80.93807212663435,1.406
2026-07-29T11:21:51.662594+00:00,1,RIGHT,671.0,31.0,512.0,13236,-0.4348852712684311,-83.05696872027673,1.425
2026-07-29T11:21:51.695988+00:00,1,RIGHT,671.0,31.0,512.0,13327,0.4753293632902205,90.78122131723427,1.436
2026-07-29T11:21:51.729264+00:00,1,RIGHT,671.0,31.0,512.0,12517,-0.25876387236668963,-49.42025925691075,1.443
2026-07-29T11:21:51.762656+00:00,1,RIGHT,669.0,29.0,512.0,13405,0.23639039793983102,45.147240397901164,1.41
2026-07-29T11:21:51.796034+00:00,1,RIGHT,668.0,28.0,512.0,12930,-0.1519176315702498,-29.014130408662353,1.371
2026-07-29T11:21:51.846033+00:00,1,RIGHT,672.0,32.0,512.0,12528,-0.2757906913617626,-52.672142146746964,1.422
2026-07-29T11:21:51.862705+00:00,1,RIGHT,671.0,31.0,512.0,13234,-0.2757906913617626,-52.672142146746964,1.435
2026-07-29T11:21:51.879291+00:00,1,RIGHT,670.0,30.0,512.0,12047,0.18151436951477082,34.666690980581535,1.423
2026-07-29T11:21:51.929471+00:00,1,RIGHT,668.0,28.0,512.0,13549,-0.48796590155456215,-93.19462235124209,1.379
2026-07-29T11:21:51.962724+00:00,1,RIGHT,674.0,34.0,512.0,13105,0.15595155301154592,29.78455265357435,1.465
2026-07-29T11:21:51.979493+00:00,1,RIGHT,669.0,29.0,512.0,12888,-0.8091351322876289,-154.53342711946897,1.423
2026-07-29T11:21:52.029486+00:00,1,RIGHT,669.0,29.0,512.0,12684,0.2400797162449453,45.85184829177918,1.397
2026-07-29T11:21:52.062765+00:00,1,RIGHT,673.0,33.0,512.0,13062,0.6245360960392281,119.2776081887494,1.457
2026-07-29T11:21:52.096025+00:00,1,RIGHT,666.0,26.0,512.0,12884,0.6245360960392281,119.2776081887494,1.362
2026-07-29T11:21:52.112739+00:00,1,RIGHT,667.0,27.0,512.0,12274,0.6245360960392281,119.2776081887494,1.323
2026-07-29T11:21:52.146063+00:00,1,RIGHT,665.0,25.0,512.0,12492,0.6245360960392281,119.2776081887494,1.263
2026-07-29T11:21:52.213206+00:00,1,RIGHT,667.0,27.0,512.0,12917,-0.39114978692028674,-74.70410649324627,1.264
2026-07-29T11:21:52.229532+00:00,1,RIGHT,671.0,31.0,512.0,13044,-0.24132881953846663,-46.090409448094725,1.34
2026-07-29T11:21:52.279619+00:00,1,RIGHT,673.0,33.0,512.0,11928,-0.6261615810077638,-119.58805294994623,1.423
2026-07-29T11:21:52.296123+00:00,1,RIGHT,669.0,29.0,512.0,13246,0.3478370194355375,66.43197724022096,1.397
2026-07-29T11:21:52.329585+00:00,1,RIGHT,672.0,32.0,512.0,12132,0.10934659393504262,20.883661122029157,1.438
2026-07-29T11:21:52.362853+00:00,1,RIGHT,670.0,30.0,512.0,13469,-0.1821452902245801,-34.787187960179764,1.426
2026-07-29T11:21:52.396257+00:00,1,RIGHT,668.0,28.0,512.0,13269,-0.08633629163785372,-16.489017098865467,1.38
2026-07-29T11:21:52.412876+00:00,1,RIGHT,668.0,28.0,512.0,11588,0.18417507317615672,35.17484794835626,1.353
2026-07-29T11:21:52.446271+00:00,1,RIGHT,668.0,28.0,512.0,13326,0.0824915676470846,15.75472890531958,1.337
2026-07-29T11:21:52.479649+00:00,1,RIGHT,670.0,30.0,512.0,12442,-0.16841624354477971,-32.16513318854424,1.365
2026-07-29T11:21:52.496310+00:00,1,RIGHT,671.0,31.0,512.0,8013,-1.8243732847622594e-05,-0.0034842963157765386,1.4
2026-07-29T11:21:52.546299+00:00,1,RIGHT,667.0,27.0,512.0,11431,-1.8243732847622594e-05,-0.0034842963157765386,1.346
2026-07-29T11:21:52.562924+00:00,1,RIGHT,671.0,31.0,512.0,12909,0.01640461144503206,3.133050001174479,1.389
2026-07-29T11:21:52.596327+00:00,1,RIGHT,670.0,30.0,512.0,13499,1.8689999724301742e-05,0.00356952701101054,1.396
2026-07-29T11:21:52.646370+00:00,1,RIGHT,669.0,29.0,512.0,10480,-5.415495252236724e-05,-0.010342834064209983,1.381
2026-07-29T11:21:52.662974+00:00,1,RIGHT,672.0,32.0,512.0,12485,-0.015062725502066315,-2.876768664108246,1.429
2026-07-29T11:21:52.696377+00:00,1,RIGHT,669.0,29.0,512.0,13523,0.19487386216409505,37.21816613138928,1.401
2026-07-29T11:21:52.729734+00:00,1,RIGHT,663.0,23.0,512.0,10915,-0.6224229419929906,-118.8740254943814,1.272
2026-07-29T11:21:52.779630+00:00,1,RIGHT,669.0,29.0,512.0,12878,-0.2720650828629732,-51.960603336417954,1.307
2026-07-29T11:21:52.813151+00:00,1,RIGHT,671.0,31.0,512.0,13440,-0.2720650828629732,-51.960603336417954,1.365
2026-07-29T11:21:52.846436+00:00,1,RIGHT,666.0,26.0,512.0,12651,-0.2720650828629732,-51.960603336417954,1.307
2026-07-29T11:21:52.863166+00:00,1,RIGHT,672.0,32.0,512.0,11572,-0.2720650828629732,-51.960603336417954,1.384
2026-07-29T11:21:52.896508+00:00,1,RIGHT,666.0,26.0,512.0,11487,-0.2720650828629732,-51.960603336417954,1.318
2026-07-29T11:21:52.913156+00:00,1,RIGHT,670.0,30.0,512.0,11965,-0.2720650828629732,-51.960603336417954,1.353
2026-07-29T11:21:52.946309+00:00,1,RIGHT,669.0,29.0,512.0,13531,-0.2720650828629732,-51.960603336417954,1.356
2026-07-29T11:21:52.979764+00:00,1,RIGHT,661.0,21.0,512.0,12344,-0.4247212118237803,-81.1157763572815,1.207
2026-07-29T11:21:52.996485+00:00,1,RIGHT,668.0,28.0,512.0,12541,-0.41303141581011005,-78.88318977410763,1.249
2026-07-29T11:21:53.046494+00:00,1,RIGHT,671.0,31.0,512.0,13180,-0.33638970342464747,-64.24570092629918,1.331
2026-07-29T11:21:53.096496+00:00,1,RIGHT,670.0,30.0,512.0,12544,-0.16413145554484798,-31.346798960196274,1.361
2026-07-29T11:21:53.129896+00:00,1,RIGHT,671.0,31.0,512.0,13238,-0.1448866277234629,-27.671307588125234,1.398
2026-07-29T11:21:53.146549+00:00,1,RIGHT,675.0,35.0,512.0,13254,-0.06764070224307943,-12.918422539431774,1.495
2026-07-29T11:21:53.163293+00:00,1,RIGHT,668.0,28.0,512.0,12899,-0.06764070224307943,-12.918422539431774,1.422
2026-07-29T11:21:53.196552+00:00,1,RIGHT,668.0,28.0,512.0,13353,-0.016017090235836803,-3.059038901978831,1.378
2026-07-29T11:21:53.246545+00:00,1,RIGHT,672.0,32.0,512.0,13088,0.01356019962579012,2.5898073597088405,1.427
2026-07-29T11:21:53.263327+00:00,1,RIGHT,669.0,29.0,512.0,12872,-0.08793592725414782,-16.794524997440334,1.4
2026-07-29T11:21:53.296562+00:00,1,RIGHT,672.0,32.0,512.0,13271,0.05190504154190421,9.913132719341073,1.44
2026-07-29T11:21:53.329962+00:00,1,RIGHT,670.0,30.0,512.0,12897,0.07061257687397302,13.486008784739113,1.426
2026-07-29T11:21:53.363383+00:00,1,RIGHT,671.0,31.0,512.0,13579,0.07061257687397302,13.486008784739113,1.437
2026-07-29T11:21:53.379954+00:00,1,RIGHT,668.0,28.0,512.0,13035,-0.19848185847047717,-37.907242667570905,1.387
2026-07-29T11:21:53.413376+00:00,1,RIGHT,667.0,27.0,512.0,12920,0.2260001423113863,43.16284774599472,1.339
2026-07-29T11:21:53.446610+00:00,1,RIGHT,675.0,35.0,512.0,12470,0.2693571613729,51.44342842763804,1.459
2026-07-29T11:21:53.496809+00:00,1,RIGHT,666.0,26.0,512.0,11502,0.2693571613729,51.44342842763804,1.363
2026-07-29T11:21:53.513288+00:00,1,RIGHT,669.0,29.0,512.0,12811,0.04125998602248728,7.880076872857632,1.362
2026-07-29T11:21:53.546800+00:00,1,RIGHT,676.0,36.0,512.0,10845,-0.21272825724445282,-40.62810441093475,1.492
2026-07-29T11:21:53.563335+00:00,1,RIGHT,669.0,29.0,512.0,12775,-0.20691328247310595,-39.51752603635733,1.439
2026-07-29T11:21:53.630208+00:00,1,RIGHT,671.0,31.0,512.0,13372,-0.5370896970294416,-102.57657619915692,1.445
2026-07-29T11:21:53.646831+00:00,1,RIGHT,672.0,32.0,512.0,12905,6.693647650536149e-05,0.012783925330779357,1.467
2026-07-29T11:21:53.696865+00:00,1,RIGHT,670.0,30.0,512.0,12569,0.4876833961484954,93.14066779305125,1.443
2026-07-29T11:21:53.730096+00:00,1,RIGHT,672.0,32.0,512.0,13209,-0.06775024125818163,-12.939342950289692,1.466
2026-07-29T11:21:53.780123+00:00,1,RIGHT,670.0,30.0,512.0,12961,0.05184302806621417,9.90128901790782,1.442
2026-07-29T11:21:53.813363+00:00,1,RIGHT,672.0,32.0,512.0,10739,0.05184302806621417,9.90128901790782,1.465
2026-07-29T11:21:53.830202+00:00,1,RIGHT,666.0,26.0,512.0,13741,0.09168863267404959,17.51123893849447,1.367
2026-07-29T11:21:53.863513+00:00,1,RIGHT,667.0,27.0,512.0,12151,-0.13664644109085203,-26.0975478666295,1.326
2026-07-29T11:21:53.914390+00:00,1,RIGHT,672.0,32.0,512.0,11924,0.3618899148516357,69.11588256449151,1.396
2026-07-29T11:21:53.946921+00:00,1,RIGHT,671.0,31.0,512.0,12096,-4.2171450331807137e-05,-0.008054153733193747,1.419
2026-07-29T11:21:53.996988+00:00,1,RIGHT,669.0,29.0,512.0,13103,-0.5005030341539531,-95.58903830171204,1.395
2026-07-29T11:21:54.013591+00:00,1,RIGHT,674.0,34.0,512.0,11293,-0.1069001195859164,-20.416418939055998,1.474
2026-07-29T11:21:54.046974+00:00,1,RIGHT,670.0,30.0,512.0,13197,0.17728895490989088,33.85969623540634,1.447
2026-07-29T11:21:54.063593+00:00,1,RIGHT,665.0,25.0,512.0,11146,-2.1517659479286522e-05,-0.004109570243875955,1.337
2026-07-29T11:21:54.113660+00:00,1,RIGHT,676.0,36.0,512.0,13702,-0.29994359344709665,-57.28500665502151,1.477
2026-07-29T11:21:54.147075+00:00,1,RIGHT,670.0,30.0,512.0,11635,-0.17852156731300056,-34.095107863651876,1.449
2026-07-29T11:21:54.163930+00:00,1,RIGHT,667.0,27.0,512.0,13317,0.20397433603182435,38.95622861202257,1.376
2026-07-29T11:21:54.230319+00:00,1,RIGHT,670.0,30.0,512.0,13331,-0.15938010566402228,-30.43935797632528,1.388
2026-07-29T11:21:54.247836+00:00,1,RIGHT,672.0,32.0,512.0,9563,-0.13639859494753181,-26.05021274002669,1.433
2026-07-29T11:21:54.263659+00:00,1,RIGHT,673.0,33.0,512.0,13220,0.007698228103108704,1.4702532667904342,1.478
2026-07-29T11:21:54.330456+00:00,1,RIGHT,668.0,28.0,512.0,12154,-0.259590682182461,-49.57816829992305,1.412
2026-07-29T11:21:54.364532+00:00,1,RIGHT,670.0,30.0,512.0,12629,0.48208863467909396,92.07214706112086,1.41
2026-07-29T11:21:54.380479+00:00,1,RIGHT,668.0,28.0,512.0,9997,-0.47164962347596884,-90.07844278035802,1.371
2026-07-29T11:21:54.413574+00:00,1,RIGHT,674.0,34.0,512.0,12285,0.5510203838627785,105.2371414033858,1.46
2026-07-29T11:21:54.430458+00:00,1,RIGHT,669.0,29.0,512.0,11877,0.046806590453488756,8.939400287940785,1.42
2026-07-29T11:21:54.480515+00:00,1,RIGHT,671.0,31.0,512.0,13075,-9.483869187533854e-05,-0.018112855929995165,1.433
2026-07-29T11:21:54.497011+00:00,1,RIGHT,672.0,32.0,512.0,12630,0.3655287356954068,69.8108461536659,1.46
2026-07-29T11:21:54.546969+00:00,1,RIGHT,673.0,33.0,512.0,13058,-0.013850461789406836,-2.6452433494674192,1.495
2026-07-29T11:21:54.563784+00:00,1,RIGHT,669.0,29.0,512.0,11796,-0.13193821258668323,-25.19834245905595,1.441
2026-07-29T11:21:54.597147+00:00,1,RIGHT,672.0,32.0,512.0,12894,0.321675929625053,61.4355771282094,1.464
2026-07-29T11:21:54.663790+00:00,1,RIGHT,671.0,31.0,512.0,11807,0.3110399895673618,59.40426220667662,1.46
2026-07-29T11:21:54.681009+00:00,1,RIGHT,669.0,29.0,512.0,12693,-0.01528351050335914,-2.91893549328781,1.42
2026-07-29T11:21:54.714065+00:00,1,RIGHT,675.0,35.0,512.0,13498,0.456314476756379,87.14964549620339,1.508
2026-07-29T11:21:54.763831+00:00,1,RIGHT,667.0,27.0,512.0,13128,0.017102308087050915,3.2663002444015796,1.411
2026-07-29T11:21:54.780613+00:00,1,RIGHT,673.0,33.0,512.0,11091,0.03657596447970718,6.985494654358778,1.465
2026-07-29T11:21:54.830560+00:00,1,RIGHT,670.0,30.0,512.0,13450,0.3195265552494675,61.025076860494025,1.442
2026-07-29T11:21:54.847253+00:00,1,RIGHT,669.0,29.0,512.0,10847,-0.14594557166215963,-27.87355098288618,1.409
2026-07-29T11:21:54.897241+00:00,1,RIGHT,673.0,33.0,512.0,13019,0.20863567279069684,39.84647835593118,1.464
2026-07-29T11:21:54.913896+00:00,1,RIGHT,671.0,31.0,512.0,13427,0.24793381893541663,47.351871411867016,1.46
2026-07-29T11:21:54.963897+00:00,1,RIGHT,673.0,33.0,512.0,13353,-0.11236439232714474,-21.460018159658546,1.495
2026-07-29T11:21:54.980683+00:00,1,RIGHT,671.0,31.0,512.0,11856,0.21819968865485861,41.673070836639965,1.478
2026-07-29T11:21:55.013911+00:00,1,RIGHT,671.0,31.0,512.0,12863,0.33757490607444196,64.47205795863566,1.468
2026-07-29T11:21:55.031358+00:00,1,RIGHT,670.0,30.0,512.0,10905,-7.368760881945491e-05,-0.014073296625885828,1.443
2026-07-29T11:21:55.097341+00:00,1,RIGHT,674.0,34.0,512.0,12772,8.659029845148325e-05,0.01653752882682726,1.503
2026-07-29T11:21:55.114078+00:00,1,RIGHT,672.0,32.0,512.0,12862,0.16959104646462947,32.389504018767695,1.502
2026-07-29T11:21:55.164125+00:00,1,RIGHT,674.0,34.0,512.0,11655,-6.26086990814656e-05,-0.01195738072724191,1.539
2026-07-29T11:21:55.180610+00:00,1,RIGHT,672.0,32.0,512.0,12959,-0.13864191355649383,-26.478655034682298,1.523
2026-07-29T11:21:55.230654+00:00,1,RIGHT,667.0,27.0,512.0,9640,0.0530379331856966,10.129499085457548,1.42
2026-07-29T11:21:55.247331+00:00,1,RIGHT,668.0,28.0,512.0,8999,0.08990499577950686,17.170589384357406,1.377
2026-07-29T11:21:55.280622+00:00,1,RIGHT,671.0,31.0,512.0,12604,-0.09456765921320766,-18.06109250449418,1.408
2026-07-29T11:21:55.314145+00:00,1,RIGHT,670.0,30.0,512.0,13278,0.2578863763960544,49.25266987138696,1.407
2026-07-29T11:21:55.364195+00:00,1,RIGHT,672.0,32.0,512.0,11935,0.0,0.0,1.444
2026-07-29T11:21:55.380675+00:00,1,RIGHT,670.0,30.0,512.0,12240,0.0,0.0,1.429
2026-07-29T11:21:55.430976+00:00,1,RIGHT,670.0,30.0,512.0,13354,0.3969913895241916,75.81977040923421,1.42
2026-07-29T11:21:55.480812+00:00,1,RIGHT,671.0,31.0,512.0,13541,0.5838571084849536,111.50849384966563,1.433
2026-07-29T11:21:55.497513+00:00,1,RIGHT,675.0,35.0,512.0,12097,0.33202620154246687,63.412333453811385,1.516
2026-07-29T11:21:55.530888+00:00,1,RIGHT,669.0,29.0,512.0,12706,-2.448666185955517e-05,-0.004676607929721585,1.453
2026-07-29T11:21:55.547373+00:00,1,RIGHT,669.0,29.0,512.0,12767,-1.2920790812373162,-246.7689271734642,1.416
2026-07-29T11:21:55.597469+00:00,1,RIGHT,672.0,32.0,512.0,11803,0.47844636416062714,91.37652463261061,1.449
2026-07-29T11:21:55.614291+00:00,1,RIGHT,672.0,32.0,512.0,13213,0.22396204844815656,42.7736004906128,1.47
2026-07-29T11:21:55.630830+00:00,1,RIGHT,673.0,33.0,512.0,12821,-0.3410103509807959,-65.128179604915,1.501
2026-07-29T11:21:55.697517+00:00,1,RIGHT,669.0,29.0,512.0,13344,-0.237478233743459,-45.355001732404844,1.444
2026-07-29T11:21:55.714281+00:00,1,RIGHT,667.0,27.0,512.0,10764,-0.237478233743459,-45.355001732404844,1.373
2026-07-29T11:21:55.747534+00:00,1,RIGHT,666.0,26.0,512.0,12565,3.0389111214131117,580.389271907798,1.311
2026-07-29T11:21:55.864272+00:00,1,RIGHT,668.0,28.0,512.0,11732,3.0389111214131117,580.389271907798,1.312
2026-07-29T11:21:55.880983+00:00,1,RIGHT,673.0,33.0,512.0,12099,-0.22855860451236368,-43.651478033193904,1.406
2026-07-29T11:21:55.914242+00:00,1,RIGHT,671.0,31.0,512.0,13719,-0.16341523885726927,-31.210011648812607,1.425
2026-07-29T11:21:55.964243+00:00,1,RIGHT,674.0,34.0,512.0,13192,-0.7334206050634384,-140.07301759355397,1.492
2026-07-29T11:21:55.981118+00:00,1,RIGHT,672.0,32.0,512.0,11290,-0.7334206050634384,-140.07301759355397,1.495
2026-07-29T11:21:56.014231+00:00,1,RIGHT,675.0,35.0,512.0,12910,-0.434392303340137,-82.96281878118822,1.553
2026-07-29T11:21:56.064225+00:00,1,RIGHT,671.0,31.0,512.0,13140,0.31437803426757455,60.041781783837294,1.513
2026-07-29T11:21:56.097780+00:00,1,RIGHT,671.0,31.0,512.0,13339,0.8356397516839206,159.5954365494959,1.489
2026-07-29T11:21:56.131007+00:00,1,RIGHT,670.0,30.0,512.0,12685,-0.18919811378233134,-36.134178038545066,1.456
2026-07-29T11:21:56.147778+00:00,1,RIGHT,669.0,29.0,512.0,12777,-0.367912434078753,-70.26609901032555,1.417
2026-07-29T11:21:56.197768+00:00,1,RIGHT,668.0,28.0,512.0,10192,0.23122029624166315,44.159823708039696,1.375
2026-07-29T11:21:56.214334+00:00,1,RIGHT,672.0,32.0,512.0,12775,-3.951821126975117e-06,-0.0007547422398876893,1.425
2026-07-29T11:21:56.264491+00:00,1,RIGHT,673.0,33.0,512.0,10608,-0.6081445453409106,-116.14705260645502,1.474
2026-07-29T11:21:56.297840+00:00,1,RIGHT,676.0,36.0,512.0,13102,0.39150569070130586,74.77207910846342,1.559
2026-07-29T11:21:56.314441+00:00,1,RIGHT,674.0,34.0,512.0,10377,0.19703495127148926,37.6309037480739,1.573
2026-07-29T11:21:56.347837+00:00,1,RIGHT,668.0,28.0,512.0,12436,0.5401106983050704,103.1535449424808,1.469
2026-07-29T11:21:56.397855+00:00,1,RIGHT,671.0,31.0,512.0,12735,0.5401106983050704,103.1535449424808,1.463
2026-07-29T11:21:56.414861+00:00,1,RIGHT,670.0,30.0,512.0,11172,0.5401106983050704,103.1535449424808,1.44
2026-07-29T11:21:56.447853+00:00,1,RIGHT,670.0,30.0,512.0,11624,1.4346197153441609,273.9921829849332,1.427
2026-07-29T11:21:56.481207+00:00,1,RIGHT,670.0,30.0,512.0,13491,-1.083830399690196,-206.99635870075116,1.418
2026-07-29T11:21:56.514544+00:00,1,RIGHT,670.0,30.0,512.0,12199,-0.9610226903785951,-183.54181391667055,1.414
2026-07-29T11:21:56.531117+00:00,1,RIGHT,673.0,33.0,512.0,9576,-5.628622253425419e-05,-0.010749876653156378,1.467
2026-07-29T11:21:56.581181+00:00,1,RIGHT,669.0,29.0,512.0,12296,1.1364755036495626,217.05083293041508,1.424
2026-07-29T11:21:56.597929+00:00,1,RIGHT,674.0,34.0,512.0,12875,1.1364755036495626,217.05083293041508,1.492
2026-07-29T11:21:56.614559+00:00,1,RIGHT,671.0,31.0,512.0,13037,-0.16305248820688575,-31.14073137787061,1.476
2026-07-29T11:21:56.664419+00:00,1,RIGHT,673.0,33.0,512.0,12288,0.18772789233364165,35.85338642534663,1.505
2026-07-29T11:21:56.681323+00:00,1,RIGHT,670.0,30.0,512.0,12837,-0.032788927853107455,-6.262223935806695,1.465
2026-07-29T11:21:56.731414+00:00,1,RIGHT,673.0,33.0,512.0,10673,-0.5830679853400216,-111.35778243059664,1.498
2026-07-29T11:21:56.747787+00:00,1,RIGHT,662.0,22.0,512.0,10090,0.4868660498200916,92.98456614299107,1.311
2026-07-29T11:21:56.797841+00:00,1,RIGHT,667.0,27.0,512.0,10688,-0.5045802406873554,-96.36772739026908,1.293
2026-07-29T11:21:56.814628+00:00,1,RIGHT,674.0,34.0,512.0,12985,-0.00011509503732668236,-0.02198153293906524,1.413
2026-07-29T11:21:56.864633+00:00,1,RIGHT,674.0,34.0,512.0,12706,-1.1945481310249306e-05,-0.002281418877765633,1.485
2026-07-29T11:21:56.881474+00:00,1,RIGHT,671.0,31.0,512.0,11426,-1.1765713406424039,-224.70857371619616,1.473
2026-07-29T11:21:56.947864+00:00,1,RIGHT,670.0,30.0,512.0,10902,0.578742909305729,110.5317537544695,1.446
2026-07-29T11:21:56.964637+00:00,1,RIGHT,673.0,33.0,512.0,12559,0.04418303496204316,8.438338098013443,1.486
2026-07-29T11:21:56.981446+00:00,1,RIGHT,675.0,35.0,512.0,12219,1.1023807890806347,210.53922210207253,1.548
2026-07-29T11:21:57.048053+00:00,1,RIGHT,678.0,38.0,512.0,12153,2.1612006078660486,412.75891170610873,1.641
2026-07-29T11:21:57.064651+00:00,1,RIGHT,669.0,29.0,512.0,13731,-0.0001212433649925515,-0.023155777026791315,1.529
2026-07-29T11:21:57.081452+00:00,1,RIGHT,669.0,29.0,512.0,12942,-0.682556141410023,-130.35862061176303,1.461
2026-07-29T11:21:57.148167+00:00,1,RIGHT,670.0,30.0,512.0,12834,2.2320510470308364e-05,0.004262903488420778,1.439
2026-07-29T11:21:57.181543+00:00,1,RIGHT,668.0,28.0,512.0,11726,0.7109073661488946,135.77330568364383,1.388
2026-07-29T11:21:57.198097+00:00,1,RIGHT,671.0,31.0,512.0,13258,0.7109073661488946,135.77330568364383,1.414
2026-07-29T11:21:57.214807+00:00,1,RIGHT,671.0,31.0,512.0,10952,0.0958191105676815,18.300102107418454,1.43
2026-07-29T11:21:57.264744+00:00,1,RIGHT,671.0,31.0,512.0,13181,0.25064538267441094,47.869741938950646,1.439
2026-07-29T11:21:57.298153+00:00,1,RIGHT,669.0,29.0,512.0,11745,-7.96938152052462e-05,-0.01522039754852038,1.407
2026-07-29T11:21:57.348699+00:00,1,RIGHT,672.0,32.0,512.0,12727,-0.13379135492257774,-25.552266574668515,1.444
2026-07-29T11:21:57.364775+00:00,1,RIGHT,670.0,30.0,512.0,12586,7.110123638994991e-05,0.013579335877687053,1.429
2026-07-29T11:21:57.398160+00:00,1,RIGHT,673.0,33.0,512.0,12269,-0.27129909582436085,-51.81431058817057,1.476
2026-07-29T11:21:57.431392+00:00,1,RIGHT,670.0,30.0,512.0,12796,-1.0244016041327269,-195.64629481078853,1.448
2026-07-29T11:21:57.481411+00:00,1,RIGHT,671.0,31.0,512.0,11829,-0.5939508381020278,-113.43625420501412,1.45
2026-07-29T11:21:57.498209+00:00,1,RIGHT,668.0,28.0,512.0,12018,0.4199837356805801,80.2109850621172,1.395
2026-07-29T11:21:57.531440+00:00,1,RIGHT,669.0,29.0,512.0,12364,-0.3412152725085616,-65.16731673382282,1.381
2026-07-29T11:21:57.548425+00:00,1,RIGHT,660.0,20.0,512.0,12720,0.2970701979473233,56.73622853832519,1.203
2026-07-29T11:21:57.581425+00:00,1,RIGHT,674.0,34.0,512.0,13248,0.15046685494482517,28.737052483152148,1.36
2026-07-29T11:21:57.631364+00:00,1,RIGHT,670.0,30.0,512.0,12236,0.15046685494482517,28.737052483152148,1.378
2026-07-29T11:21:57.648210+00:00,1,RIGHT,673.0,33.0,512.0,12698,-0.0001367696627858095,-0.02612108147684787,1.446
2026-07-29T11:21:57.681585+00:00,1,RIGHT,668.0,28.0,512.0,10522,-0.2937606879416853,-56.104158686393944,1.392
2026-07-29T11:21:57.698220+00:00,1,RIGHT,672.0,32.0,512.0,13386,-0.47678984655998646,-91.06015307525779,1.435
2026-07-29T11:21:57.748202+00:00,1,RIGHT,669.0,29.0,512.0,12634,-0.8532909492170438,-162.96656695616156,1.405
2026-07-29T11:21:57.781495+00:00,1,RIGHT,672.0,32.0,512.0,12954,-0.474894211422652,-90.69811343237123,1.443
2026-07-29T11:21:57.815044+00:00,1,RIGHT,670.0,30.0,512.0,13307,-0.00012316796521190553,-0.023523348592854442,1.428
2026-07-29T11:21:57.865065+00:00,1,RIGHT,669.0,29.0,512.0,12053,6.575686857104298e-06,0.0012558636810390703,1.401
2026-07-29T11:21:57.898300+00:00,1,RIGHT,673.0,33.0,512.0,13114,-1.8203304356522858,-347.65750427362156,1.459
2026-07-29T11:21:57.931684+00:00,1,RIGHT,677.0,37.0,512.0,12995,-3.643497970188036e-05,-0.006958568545208557,1.569
2026-07-29T11:21:57.948298+00:00,1,RIGHT,669.0,29.0,512.0,11852,0.1718144264537841,32.81413831754237,1.485
2026-07-29T11:21:57.981771+00:00,1,RIGHT,672.0,32.0,512.0,13624,-0.12640862056985497,-24.14226817574431,1.491
2026-07-29T11:21:58.015086+00:00,1,RIGHT,671.0,31.0,512.0,12582,0.1350331057468429,25.7894235127928,1.476
2026-07-29T11:21:58.031722+00:00,1,RIGHT,671.0,31.0,512.0,13356,-0.3603684530686587,-68.82530476830807,1.467
2026-07-29T11:21:58.081804+00:00,1,RIGHT,670.0,30.0,512.0,11715,-5.181936707231216e-05,-0.009896770100942254,1.443
2026-07-29T11:21:58.115123+00:00,1,RIGHT,669.0,29.0,512.0,12970,-3.875561706990993e-05,-0.007401777635103364,1.409
2026-07-29T11:21:58.148360+00:00,1,RIGHT,667.0,27.0,512.0,10660,-0.14234880079515277,-27.186618347702506,1.352
2026-07-29T11:21:58.181731+00:00,1,RIGHT,671.0,31.0,512.0,12409,-0.3999322072509676,-76.3814252227726,1.392
2026-07-29T11:21:58.198494+00:00,1,RIGHT,660.0,20.0,512.0,10084,-0.3999322072509676,-76.3814252227726,1.21
2026-07-29T11:21:58.231634+00:00,1,RIGHT,670.0,30.0,512.0,11777,-0.3062885924894363,-58.49681220882355,1.289
2026-07-29T11:21:58.265123+00:00,1,RIGHT,671.0,31.0,512.0,11594,-1.310406297929585,-250.26916772909323,1.354
2026-07-29T11:21:58.298519+00:00,1,RIGHT,670.0,30.0,512.0,12195,0.5780453426763416,110.39852834182594,1.375
2026-07-29T11:21:58.331739+00:00,1,RIGHT,670.0,30.0,512.0,12906,1.2127400210266932,231.61628283812078,1.388
2026-07-29T11:21:58.365048+00:00,1,RIGHT,669.0,29.0,512.0,12149,-0.7228752510342747,-138.05900332907947,1.376
2026-07-29T11:21:58.381762+00:00,1,RIGHT,667.0,27.0,512.0,13227,-1.391526267984882,-265.7619407904137,1.332
2026-07-29T11:21:58.432169+00:00,1,RIGHT,670.0,30.0,512.0,13035,-1.391526267984882,-265.7619407904137,1.362
2026-07-29T11:21:58.448586+00:00,1,RIGHT,673.0,33.0,512.0,12224,0.11013711837586015,21.034640168898438,1.436
2026-07-29T11:21:58.498517+00:00,1,RIGHT,672.0,32.0,512.0,12891,-0.16181691471487283,-30.904754223302,1.461
2026-07-29T11:21:58.515084+00:00,1,RIGHT,670.0,30.0,512.0,13594,-0.03027092813514173,-5.781321413624803,1.439
2026-07-29T11:21:58.531823+00:00,1,RIGHT,669.0,29.0,512.0,12273,0.0763802395676612,14.58755121808374,1.407
2026-07-29T11:21:58.581718+00:00,1,RIGHT,674.0,34.0,512.0,11334,-0.015051925778388977,-2.8747060688195165,1.482
2026-07-29T11:21:58.631864+00:00,1,RIGHT,669.0,29.0,512.0,12699,-9.332016998087056e-05,-0.017822839611157746,1.433
2026-07-29T11:21:58.648629+00:00,1,RIGHT,674.0,34.0,512.0,8471,-0.19026668850332498,-36.33826077723608,1.497
2026-07-29T11:21:58.698633+00:00,1,RIGHT,670.0,30.0,512.0,11997,-0.27835545762442054,-53.16197642103976,1.461
2026-07-29T11:21:58.715258+00:00,1,RIGHT,673.0,33.0,512.0,13439,0.2381768876314163,45.48843479613938,1.495
2026-07-29T11:21:58.781912+00:00,1,RIGHT,672.0,32.0,512.0,12133,0.07334398627281188,14.007669553658554,1.497
2026-07-29T11:21:58.815273+00:00,1,RIGHT,663.0,23.0,512.0,12970,-0.705217297647614,-134.68658264943147,1.33
2026-07-29T11:21:58.831970+00:00,1,RIGHT,671.0,31.0,512.0,12985,0.16909941648133098,32.29560960835072,1.379
2026-07-29T11:21:58.881876+00:00,1,RIGHT,671.0,31.0,512.0,10949,0.1936801299266517,36.99018006780858,1.409
2026-07-29T11:21:58.915437+00:00,1,RIGHT,673.0,33.0,512.0,12697,0.1936801299266517,36.99018006780858,1.464
2026-07-29T11:21:58.932061+00:00,1,RIGHT,672.0,32.0,512.0,13029,0.1936801299266517,36.99018006780858,1.478
2026-07-29T11:21:58.948650+00:00,1,RIGHT,672.0,32.0,512.0,13217,0.576461804099381,110.09609475130596,1.487
2026-07-29T11:21:58.998677+00:00,1,RIGHT,670.0,30.0,512.0,10890,0.026383143193088474,5.038809184177587,1.455
2026-07-29T11:21:59.048591+00:00,1,RIGHT,673.0,33.0,512.0,12287,0.026383143193088474,5.038809184177587,1.492
2026-07-29T11:21:59.065386+00:00,1,RIGHT,676.0,36.0,512.0,9451,-1.0231475719274021,-195.4067923016599,1.57
2026-07-29T11:21:59.115450+00:00,1,RIGHT,670.0,30.0,512.0,12679,0.18999919131398202,36.28717257729953,1.504
2026-07-29T11:21:59.132146+00:00,1,RIGHT,670.0,30.0,512.0,10539,-0.39443462984636424,-75.33146528000508,1.465
2026-07-29T11:21:59.165389+00:00,1,RIGHT,674.0,34.0,512.0,13798,-3.137954045087099e-05,-0.005993050769649841,1.517
2026-07-29T11:21:59.215352+00:00,1,RIGHT,665.0,25.0,512.0,12065,-1.0977581433206796,-209.65636179464093,1.379
2026-07-29T11:21:59.266095+00:00,1,RIGHT,669.0,29.0,512.0,12016,-1.0977581433206796,-209.65636179464093,1.371
2026-07-29T11:21:59.282143+00:00,1,RIGHT,670.0,30.0,512.0,12656,-0.22846655553672462,-43.633897973818506,1.385
2026-07-29T11:21:59.315302+00:00,1,RIGHT,670.0,30.0,512.0,11780,-0.029678066399646923,-5.668093162695956,1.394
2026-07-29T11:21:59.348771+00:00,1,RIGHT,666.0,26.0,512.0,13259,-0.032056748745962975,-6.12238802684991,1.324
2026-07-29T11:21:59.365476+00:00,1,RIGHT,672.0,32.0,512.0,9324,-0.04764535511378199,-9.099592538072542,1.394
2026-07-29T11:21:59.415437+00:00,1,RIGHT,676.0,36.0,512.0,8718,0.12996327478205785,24.82115712236973,1.512
2026-07-29T11:21:59.448842+00:00,1,RIGHT,669.0,29.0,512.0,12236,-7.665948942303658e-05,-0.014640884011892567,1.451
2026-07-29T11:21:59.482182+00:00,1,RIGHT,676.0,36.0,512.0,10177,-5.273038957966492e-05,-0.01007076258331805,1.545
2026-07-29T11:21:59.532239+00:00,1,RIGHT,671.0,31.0,512.0,13140,-8.190926222596317e-05,-0.01564351676192676,1.508
2026-07-29T11:21:59.565460+00:00,1,RIGHT,670.0,30.0,512.0,12014,-4.702078054833691e-05,-0.008980307582768472,1.468
2026-07-29T11:21:59.582257+00:00,1,RIGHT,670.0,30.0,512.0,13155,-0.032879743948578836,-6.2795685324145865,1.443
2026-07-29T11:21:59.615520+00:00,1,RIGHT,669.0,29.0,512.0,11354,0.232303002391709,44.36660535087465,1.41
2026-07-29T11:21:59.632274+00:00,1,RIGHT,671.0,31.0,512.0,13010,0.232303002391709,44.36660535087465,1.427
2026-07-29T11:21:59.665516+00:00,1,RIGHT,668.0,28.0,512.0,13025,0.232303002391709,44.36660535087465,1.381
2026-07-29T11:21:59.715518+00:00,1,RIGHT,673.0,33.0,512.0,11248,0.232303002391709,44.36660535087465,1.447
2026-07-29T11:21:59.732291+00:00,1,RIGHT,670.0,30.0,512.0,10643,0.232303002391709,44.36660535087465,1.431
2026-07-29T11:21:59.748879+00:00,1,RIGHT,673.0,33.0,512.0,12023,0.232303002391709,44.36660535087465,1.477
2026-07-29T11:21:59.782281+00:00,1,RIGHT,670.0,30.0,512.0,12896,0.232303002391709,44.36660535087465,1.449
2026-07-29T11:21:59.798959+00:00,1,RIGHT,668.0,28.0,512.0,11551,0.232303002391709,44.36660535087465,1.394
2026-07-29T11:21:59.948979+00:00,1,RIGHT,667.0,27.0,512.0,13329,0.232303002391709,44.36660535087465,1.343
2026-07-29T11:21:59.965688+00:00,1,RIGHT,670.0,30.0,512.0,12013,0.035521274767816066,6.7840637570680125,1.368
2026-07-29T11:22:00.015718+00:00,1,RIGHT,675.0,35.0,512.0,12165,-4.795496439328417e-05,-0.009158723554784412,1.477
2026-07-29T11:22:00.048968+00:00,1,RIGHT,663.0,23.0,512.0,11923,0.5236569844461337,100.01111707103753,1.318
2026-07-29T11:22:00.065764+00:00,1,RIGHT,668.0,28.0,512.0,10191,-2.43190216133371e-05,-0.004644591001105486,1.316
2026-07-29T11:22:00.099000+00:00,1,RIGHT,673.0,33.0,512.0,9590,1.750338575220667e-05,0.0033429004359695333,1.408
2026-07-29T11:22:00.149033+00:00,1,RIGHT,671.0,31.0,512.0,13282,0.8011430376581847,153.0070494803479,1.426
2026-07-29T11:22:00.165827+00:00,1,RIGHT,673.0,33.0,512.0,12328,-1.6685807982174448,-318.67545838143207,1.474
2026-07-29T11:22:00.215847+00:00,1,RIGHT,667.0,27.0,512.0,12100,-1.3782914832048119,-263.234283088207,1.391
2026-07-29T11:22:00.249038+00:00,1,RIGHT,671.0,31.0,512.0,12005,-1.2370972611103206,-236.2681730293832,1.416
2026-07-29T11:22:00.282413+00:00,1,RIGHT,669.0,29.0,512.0,12824,-0.17252779455855488,-32.95038158968442,1.393
2026-07-29T11:22:00.299078+00:00,1,RIGHT,665.0,25.0,512.0,11952,-0.17252779455855488,-32.95038158968442,1.305
2026-07-29T11:22:00.315773+00:00,1,RIGHT,674.0,34.0,512.0,9255,-0.17252779455855488,-32.95038158968442,1.42
2026-07-29T11:22:00.349197+00:00,1,RIGHT,671.0,31.0,512.0,11723,-0.4822727562300861,-92.10731168708503,1.433
2026-07-29T11:22:00.465820+00:00,1,RIGHT,670.0,30.0,512.0,12845,0.0051754424814134834,0.9884367043256888,1.423
2026-07-29T11:22:00.482490+00:00,1,RIGHT,674.0,34.0,512.0,7274,-0.06276797643397003,-11.987800460810314,1.491
2026-07-29T11:22:00.532495+00:00,1,RIGHT,666.0,26.0,512.0,12682,-2.47276708625257,-472.2637258704476,1.382
2026-07-29T11:22:00.549216+00:00,1,RIGHT,673.0,33.0,512.0,12261,-2.47276708625257,-472.2637258704476,1.448
2026-07-29T11:22:00.565806+00:00,1,RIGHT,670.0,30.0,512.0,12345,0.08388593189883978,16.021032861084546,1.431
2026-07-29T11:22:00.632495+00:00,1,RIGHT,672.0,32.0,512.0,12702,-0.8252212686673738,-157.60565286357306,1.459
2026-07-29T11:22:00.649265+00:00,1,RIGHT,671.0,31.0,512.0,12867,-0.06021266655996442,-11.499772223714888,1.457
2026-07-29T11:22:00.682569+00:00,1,RIGHT,670.0,30.0,512.0,13109,1.9915310481452615,380.3544127599621,1.436
2026-07-29T11:22:00.732518+00:00,1,RIGHT,675.0,35.0,512.0,10109,-1.0833406879380345,-206.90283064549516,1.518
2026-07-29T11:22:00.749282+00:00,1,RIGHT,675.0,35.0,512.0,12973,0.35070821055211127,66.98033435073806,1.567
2026-07-29T11:22:00.782525+00:00,1,RIGHT,669.0,29.0,512.0,12734,0.1708046682458371,32.62128870539552,1.484
2026-07-29T11:22:00.815908+00:00,1,RIGHT,673.0,33.0,512.0,14043,-2.2437744546867906,-428.52935477606957,1.509
2026-07-29T11:22:00.865796+00:00,1,RIGHT,670.0,30.0,512.0,11005,1.3664715324901044,260.9768387881891,1.468
2026-07-29T11:22:00.899305+00:00,1,RIGHT,673.0,33.0,512.0,8476,1.3664715324901044,260.9768387881891,1.5
2026-07-29T11:22:00.932572+00:00,1,RIGHT,670.0,30.0,512.0,13530,-1.3562584645953029,-259.02628650068016,1.462
2026-07-29T11:22:00.965972+00:00,1,RIGHT,668.0,28.0,512.0,12853,1.0779090270586311,205.86545983170805,1.402
2026-07-29T11:22:00.999361+00:00,1,RIGHT,674.0,34.0,512.0,10452,0.2588686488941312,49.44027009962554,1.479
2026-07-29T11:22:01.032600+00:00,1,RIGHT,667.0,27.0,512.0,10605,2.3926518042571847e-06,0.00045696283409432756,1.394
2026-07-29T11:22:01.049913+00:00,1,RIGHT,671.0,31.0,512.0,12804,-1.2578017570730298,-240.22244048141286,1.417
2026-07-29T11:22:01.082592+00:00,1,RIGHT,674.0,34.0,512.0,13034,-1.2578017570730298,-240.22244048141286,1.488
2026-07-29T11:22:01.099343+00:00,1,RIGHT,668.0,28.0,512.0,10727,0.13816286763176322,26.387164002415613,1.418
2026-07-29T11:22:01.166029+00:00,1,RIGHT,674.0,34.0,512.0,13304,0.7417978160874918,141.6729470461164,1.488
2026-07-29T11:22:01.199448+00:00,1,RIGHT,670.0,30.0,512.0,12030,-0.15038450323045255,-28.721324464254753,1.455
2026-07-29T11:22:01.216009+00:00,1,RIGHT,671.0,31.0,512.0,13301,-6.865650590043515e-05,-0.01311242674736656,1.454
2026-07-29T11:22:01.249461+00:00,1,RIGHT,669.0,29.0,512.0,13423,0.0001908296439796686,0.03644577735339696,1.416
2026-07-29T11:22:01.282644+00:00,1,RIGHT,670.0,30.0,512.0,9493,-1.6713814366888256,-319.2103409292724,1.412
2026-07-29T11:22:01.315929+00:00,1,RIGHT,673.0,33.0,512.0,12835,0.6276731839217246,119.876747840845,1.466
2026-07-29T11:22:01.349267+00:00,1,RIGHT,673.0,33.0,512.0,10930,-0.07928511655190959,-15.142341855424153,1.498
2026-07-29T11:22:01.399385+00:00,1,RIGHT,671.0,31.0,512.0,12311,-0.13864646344911308,-26.47952400016337,1.48
2026-07-29T11:22:01.416164+00:00,1,RIGHT,668.0,28.0,512.0,12372,-0.8784294355753809,-167.7676641950946,1.413
2026-07-29T11:22:01.432835+00:00,1,RIGHT,677.5,37.5,512.0,11768,-0.8784294355753809,-167.7676641950946,1.551
2026-07-29T11:22:01.466019+00:00,1,RIGHT,672.0,32.0,512.0,12810,0.5002150354813785,95.53403460689904,1.531
2026-07-29T11:22:01.482798+00:00,1,RIGHT,669.0,29.0,512.0,13316,-7.633941509993747e-05,-0.014579754319078948,1.462
2026-07-29T11:22:01.532884+00:00,1,RIGHT,672.0,32.0,512.0,8619,-0.5470680196722969,-104.48229544600835,1.477
2026-07-29T11:22:01.582898+00:00,1,NONE,0.0,0.0,512.0,0,1.4103250676766037,269.35224706457194,1.486
2026-07-29T11:22:01.616088+00:00,1,NONE,0.0,0.0,512.0,0,1.1292035444977229,215.66199103644192,1.492
2026-07-29T11:22:01.649458+00:00,1,NONE,0.0,0.0,512.0,0,-0.3508177704969421,-67.0012587588797,1.495
2026-07-29T11:22:01.666146+00:00,0,NONE,0.0,0.0,512.0,0,-0.026701312933582813,-5.099575128507914,0.897
2026-07-29T11:22:01.715970+00:00,0,NONE,0.0,0.0,512.0,0,-0.014302391661331057,-2.7315555971245713,0.538
2026-07-29T11:22:01.732871+00:00,0,NONE,0.0,0.0,512.0,0,1.3483448890969156,257.51490491096104,0.323
2026-07-29T11:22:01.766165+00:00,0,NONE,0.0,0.0,512.0,0,-1.1478822603740264,-219.22936299122924,0.194
2026-07-29T11:22:01.782937+00:00,0,NONE,0.0,0.0,512.0,0,-0.14512212517671286,-27.716284288649575,0.116
2026-07-29T11:22:01.799500+00:00,0,NONE,0.0,0.0,512.0,0,-9.792693424969911e-05,-0.018702666777209567,0.07
2026-07-29T11:22:01.832921+00:00,0,NONE,0.0,0.0,512.0,0,-9.792693424969911e-05,-0.018702666777209567,0.042
2026-07-29T11:22:01.866171+00:00,0,NONE,0.0,0.0,512.0,0,0.13188951608695787,25.189042112684874,0.025
2026-07-29T11:22:01.899568+00:00,0,NONE,0.0,0.0,512.0,0,0.1517284505395219,28.977999493246877,0.015
2026-07-29T11:22:01.949638+00:00,0,NONE,0.0,0.0,512.0,0,0.9159668298996985,174.93677842410034,0.009
2026-07-29T11:22:01.966178+00:00,0,NONE,0.0,0.0,512.0,0,-1.7342807349562646,-331.22322201280167,0.005
2026-07-29T11:22:02.016212+00:00,0,NONE,0.0,0.0,512.0,0,-0.00010850456077605485,-0.020722844634628933,0.003
2026-07-29T11:22:02.032915+00:00,0,NONE,0.0,0.0,512.0,0,-0.12329355425667017,-23.54733433358142,0.002
2026-07-29T11:22:02.082973+00:00,0,NONE,0.0,0.0,512.0,0,0.2697579233115539,51.519968319885876,0.001
2026-07-29T11:22:02.099611+00:00,0,NONE,0.0,0.0,512.0,0,0.04210718384478241,8.041879738291584,0.001
2026-07-29T11:22:02.149585+00:00,0,NONE,0.0,0.0,512.0,0,0.2804468755889684,53.56140782959454,0.0
2026-07-29T11:22:02.166344+00:00,0,NONE,0.0,0.0,512.0,0,-0.4792565963650122,-91.53126758506677,0.0
2026-07-29T11:22:02.182844+00:00,0,NONE,0.0,0.0,512.0,0,-0.145142345209606,-27.720146030470886,0.0
2026-07-29T11:22:02.249575+00:00,1,RIGHT,700.0,60.0,512.0,4504,0.9774823791254312,186.68538290764616,1.125
2026-07-29T11:22:02.299658+00:00,1,RIGHT,684.0,44.0,512.0,4986,-0.21672324081882835,-41.39109007105411,1.5
2026-07-29T11:22:02.332894+00:00,1,RIGHT,682.0,42.0,512.0,11327,0.028276289626955987,5.400373519713757,1.688
2026-07-29T11:22:02.349648+00:00,1,RIGHT,675.0,35.0,512.0,7409,-0.33352838655700906,-63.699229658414936,1.669
2026-07-29T11:22:02.416474+00:00,1,RIGHT,673.0,33.0,512.0,8784,-0.044463031913619486,-8.491813576686283,1.62
2026-07-29T11:22:02.432906+00:00,1,RIGHT,671.0,31.0,512.0,7671,-6.453572306782006e-05,-0.012325415198703863,1.553
2026-07-29T11:22:02.449790+00:00,1,RIGHT,671.0,31.0,512.0,9389,-0.10575457760132849,-20.19763653581624,1.513
2026-07-29T11:22:02.483061+00:00,1,RIGHT,671.0,31.0,512.0,9584,0.18947269222699106,36.18661865862595,1.489
2026-07-29T11:22:02.516497+00:00,1,RIGHT,674.0,34.0,512.0,11299,-0.3136260976898484,-59.89817247595324,1.531
2026-07-29T11:22:02.566422+00:00,1,RIGHT,669.0,29.0,512.0,11871,-0.04875902240164578,-9.312287322660461,1.462
2026-07-29T11:22:02.599639+00:00,1,RIGHT,668.0,28.0,512.0,11406,0.4666151508502662,89.11692933526834,1.402
2026-07-29T11:22:02.616430+00:00,1,RIGHT,671.0,31.0,512.0,13131,-0.31982276116148567,-61.08164802257891,1.423
2026-07-29T11:22:02.666439+00:00,1,RIGHT,672.0,32.0,512.0,11694,0.1570414591487497,29.992709392664956,1.454
2026-07-29T11:22:02.699705+00:00,1,RIGHT,672.0,32.0,512.0,11856,-0.22627886343747378,-43.21607955994787,1.472
2026-07-29T11:22:02.716583+00:00,1,RIGHT,670.0,30.0,512.0,11656,0.23377113467024174,44.64699796196415,1.446
2026-07-29T11:22:02.766492+00:00,1,RIGHT,671.0,31.0,512.0,12710,0.13599831989966332,25.973765837069152,1.449
2026-07-29T11:22:02.799710+00:00,1,RIGHT,671.0,31.0,512.0,12561,0.08644895866280422,16.51053491559866,1.45
2026-07-29T11:22:02.849787+00:00,1,RIGHT,670.0,30.0,512.0,12571,0.336303185261786,64.22917717435521,1.433
2026-07-29T11:22:02.866500+00:00,1,RIGHT,671.0,31.0,512.0,11333,0.07515963085461408,14.354432125768758,1.441
2026-07-29T11:22:02.883131+00:00,1,RIGHT,671.0,31.0,512.0,12904,-0.5314609187468886,-101.50155873447297,1.446
2026-07-29T11:22:02.933044+00:00,1,RIGHT,672.0,32.0,512.0,12007,-0.00017579807667061686,-0.033574959465812015,1.467
2026-07-29T11:22:02.983114+00:00,1,RIGHT,670.0,30.0,512.0,12354,-0.1957693530531833,-37.38919229317987,1.443
2026-07-29T11:22:03.016373+00:00,1,RIGHT,674.0,34.0,512.0,12603,0.45672815640689807,87.22865248968736,1.503
2026-07-29T11:22:03.049859+00:00,1,RIGHT,671.0,31.0,512.0,8879,-1.252046786248684e-05,-0.002391233220165597,1.483
2026-07-29T11:22:03.083225+00:00,1,RIGHT,673.0,33.0,512.0,9123,0.47136180361965674,90.02347323693553,1.509
2026-07-29T11:22:03.133187+00:00,1,RIGHT,671.0,31.0,512.0,11148,0.08333547662943602,15.915903648592636,1.486
2026-07-29T11:22:03.149978+00:00,1,RIGHT,669.0,29.0,512.0,9040,-0.09177662212401629,-17.528043685577035,1.436
2026-07-29T11:22:03.200001+00:00,1,RIGHT,677.0,37.0,512.0,9897,0.019804585862439127,3.782397283074065,1.555
2026-07-29T11:22:03.216463+00:00,1,RIGHT,671.0,31.0,512.0,10357,2.2254116513580082,425.0223176735095,1.514
2026-07-29T11:22:03.249719+00:00,1,RIGHT,219.0,-421.0,512.0,7239,2.2254116513580082,425.0223176735095,-2.486
2026-07-29T11:22:03.266804+00:00,1,RIGHT,672.0,32.0,512.0,9811,0.787891172207892,150.4761296104245,-0.891
2026-07-29T11:22:03.316556+00:00,1,RIGHT,673.0,33.0,512.0,9311,0.04074694118462503,7.782092526489365,0.084
2026-07-29T11:22:03.333272+00:00,1,RIGHT,672.0,32.0,512.0,8762,-1.9743569278903306,-377.07439740176983,0.65
2026-07-29T11:22:03.366631+00:00,1,RIGHT,669.0,29.0,512.0,8780,-1.9743569278903306,-377.07439740176983,0.934
2026-07-29T11:22:03.383298+00:00,1,RIGHT,672.0,32.0,512.0,8550,-0.9270624222606421,-177.05588046903256,1.16
2026-07-29T11:22:03.399996+00:00,1,RIGHT,674.0,34.0,512.0,7497,-0.0004518782661762088,-0.08630239168528661,1.334
2026-07-29T11:22:03.449990+00:00,1,RIGHT,672.0,32.0,512.0,7056,3.126930797751993,597.199791802216,1.4
2026-07-29T11:22:03.500012+00:00,1,RIGHT,671.0,31.0,512.0,8206,-0.2728444427018985,-52.10945010139267,1.421
2026-07-29T11:22:03.516656+00:00,1,RIGHT,671.0,31.0,512.0,6548,-1.0952450034208596,-209.17638742935557,1.434
2026-07-29T11:22:03.550018+00:00,1,RIGHT,670.0,30.0,512.0,6168,-0.5802246181387454,-110.81473929646647,1.423
2026-07-29T11:22:03.566680+00:00,1,RIGHT,673.0,33.0,512.0,5015,-0.5802246181387454,-110.81473929646647,1.473
2026-07-29T11:22:03.583304+00:00,1,RIGHT,676.0,36.0,512.0,5859,0.4641273627616465,88.64179680926557,1.559
2026-07-29T11:22:03.650048+00:00,1,NONE,0.0,0.0,512.0,0,-0.0007769536133855581,-0.14838720974810515,1.61
2026-07-29T11:22:03.666632+00:00,1,NONE,0.0,0.0,512.0,0,0.8224548693187534,157.07730950649412,1.641
2026-07-29T11:22:03.716667+00:00,1,NONE,0.0,0.0,512.0,0,-0.05798815606161952,-11.0749220135892,1.66
2026-07-29T11:22:03.733491+00:00,0,NONE,0.0,0.0,512.0,0,-0.09210264557506889,-17.590309578135713,0.996
2026-07-29T11:22:03.849997+00:00,0,NONE,0.0,0.0,512.0,0,0.0026753746718168256,0.5109589243710061,0.597
2026-07-29T11:22:03.899966+00:00,0,NONE,0.0,0.0,512.0,0,-0.04640385406906716,-8.862483304328402,0.358
2026-07-29T11:22:03.916762+00:00,0,NONE,0.0,0.0,512.0,0,-0.0002700858749449253,-0.05158260246814122,0.215
2026-07-29T11:22:03.933602+00:00,0,NONE,0.0,0.0,512.0,0,-0.5981401141360402,-114.2363469915615,0.129
2026-07-29T11:22:03.983505+00:00,0,NONE,0.0,0.0,512.0,0,0.27868240935727956,53.22441960236414,0.077
2026-07-29T11:22:04.016739+00:00,0,NONE,0.0,0.0,512.0,0,0.8234518569149077,157.26772011144925,0.046
2026-07-29T11:22:04.033519+00:00,0,NONE,0.0,0.0,512.0,0,0.8234518569149077,157.26772011144925,0.028
2026-07-29T11:22:04.050037+00:00,0,NONE,0.0,0.0,512.0,0,-0.5170503737963736,-98.74934738064607,0.017
2026-07-29T11:22:04.066753+00:00,0,NONE,0.0,0.0,512.0,0,0.900773787018843,172.035120973986,0.01
2026-07-29T11:22:04.100265+00:00,0,NONE,0.0,0.0,512.0,0,0.06284288721159101,12.002107365469397,0.006
2026-07-29T11:22:04.133535+00:00,0,NONE,0.0,0.0,512.0,0,-1.8086414374783635,-345.42507006661526,0.004
2026-07-29T11:22:04.166764+00:00,0,NONE,0.0,0.0,512.0,0,-0.9254163382478873,-176.74150158018318,0.002
2026-07-29T11:22:04.183572+00:00,0,NONE,0.0,0.0,512.0,0,0.300507316342555,57.392669797437044,0.001
2026-07-29T11:22:04.233521+00:00,1,RIGHT,551.0,-89.0,512.0,13678,-0.13815895603969694,-26.386416943360363,-1.668
2026-07-29T11:22:04.266814+00:00,1,RIGHT,547.0,-93.0,512.0,12014,-0.5144958904758096,-98.26147700362978,-2.745
2026-07-29T11:22:04.316787+00:00,1,RIGHT,544.0,-96.0,512.0,12066,-0.1430258365534246,-27.31592265279722,-3.447
2026-07-29T11:22:04.333549+00:00,1,RIGHT,548.0,-92.0,512.0,12175,0.006431583482772112,1.2283419638296433,-3.793
2026-07-29T11:22:04.350163+00:00,1,RIGHT,546.0,-94.0,512.0,12013,0.3279594761598855,62.63564611760926,-4.038
2026-07-29T11:22:04.416976+00:00,1,RIGHT,545.0,-95.0,512.0,12254,0.3279594761598855,62.63564611760926,-4.204
2026-07-29T11:22:04.450190+00:00,1,RIGHT,544.0,-96.0,512.0,12230,0.5248650039639324,100.2418318041685,-4.323
2026-07-29T11:22:04.500293+00:00,1,RIGHT,545.0,-95.0,512.0,11033,-0.04061933350749314,-7.757721255378945,-4.375
2026-07-29T11:22:04.516958+00:00,1,RIGHT,546.0,-94.0,512.0,10285,-0.03757955778390169,-7.17716685661856,-4.387
2026-07-29T11:22:04.566969+00:00,1,NONE,0.0,0.0,512.0,0,-4.190189705695957e-05,-0.00800267284985143,-4.395
2026-07-29T11:22:04.583474+00:00,1,NONE,0.0,0.0,512.0,0,-0.2590466631576419,-49.47426831959986,-4.399
2026-07-29T11:22:04.616984+00:00,1,NONE,0.0,0.0,512.0,0,-0.40705589155899363,-77.74194870755082,-4.402
2026-07-29T11:22:04.633465+00:00,0,NONE,0.0,0.0,512.0,0,-1.109422821700573,-211.88415126312557,-2.641
2026-07-29T11:22:04.683481+00:00,1,RIGHT,545.0,-95.0,512.0,8885,0.3893404285935685,74.35854450742023,-3.366
2026-07-29T11:22:04.716996+00:00,1,RIGHT,542.0,-98.0,512.0,11462,0.2025922893267125,38.692277134379665,-3.857
2026-07-29T11:22:04.733556+00:00,1,RIGHT,538.0,-102.0,512.0,11484,-0.0002933403381030075,-0.056023877780809805,-4.227
2026-07-29T11:22:04.783533+00:00,1,RIGHT,545.5,-94.5,512.0,10656,-0.0006256166589446365,-0.1194839805020104,-4.308
2026-07-29T11:22:04.800242+00:00,1,RIGHT,547.0,-93.0,512.0,9804,0.0281216581503395,5.370841083080421,-4.329
2026-07-29T11:22:04.833645+00:00,1,RIGHT,544.0,-96.0,512.0,8892,0.24884234219323845,47.52538657274257,-4.397
2026-07-29T11:22:04.867023+00:00,1,RIGHT,545.0,-95.0,512.0,8118,0.45170836813747883,86.26994355006403,-4.42
2026-07-29T11:22:04.917048+00:00,1,RIGHT,555.0,-85.0,512.0,14619,0.00018223830498754977,0.034804952471348335,-4.245
2026-07-29T11:22:04.933769+00:00,1,RIGHT,557.0,-83.0,512.0,14863,0.3384817862091586,64.64525930611406,-4.104
2026-07-29T11:22:04.984156+00:00,1,RIGHT,544.0,-96.0,512.0,8639,-0.32651096892543136,-62.359001613847965,-4.262
2026-07-29T11:22:05.000341+00:00,1,RIGHT,549.0,-91.0,512.0,9405,-0.15409367831423879,-29.4297247235082,-4.264
2026-07-29T11:22:05.033721+00:00,1,RIGHT,551.0,-89.0,512.0,10133,-0.03251639661029913,-6.210174302478787,-4.227
2026-07-29T11:22:05.067063+00:00,1,RIGHT,546.0,-94.0,512.0,7797,0.14024192413897255,26.784234546523294,-4.299
2026-07-29T11:22:05.100328+00:00,1,RIGHT,551.0,-89.0,512.0,9360,0.15495614007697442,29.59444278682875,-4.248
2026-07-29T11:22:05.133699+00:00,1,RIGHT,558.0,-82.0,512.0,11854,-0.2029285088600591,-38.75649033521506,-4.086
2026-07-29T11:22:05.150322+00:00,1,RIGHT,550.0,-90.0,512.0,9693,0.1458547573396936,27.85620672489737,-4.139
2026-07-29T11:22:05.200447+00:00,1,RIGHT,551.0,-89.0,512.0,10041,-0.24581448495853692,-46.947108437687405,-4.152
2026-07-29T11:22:05.217015+00:00,1,RIGHT,556.0,-84.0,512.0,12023,0.011595071117044426,2.214495460535622,-4.066
2026-07-29T11:22:05.250509+00:00,1,RIGHT,551.0,-89.0,512.0,12275,-0.00022477798105683178,-0.042929432140093426,-4.109
2026-07-29T11:22:05.266954+00:00,1,RIGHT,555.0,-85.0,512.0,12560,-0.13769063495099546,-26.29697420389514,-4.059
2026-07-29T11:22:05.333806+00:00,1,RIGHT,559.0,-81.0,512.0,18865,-0.03883338987157913,-7.4166311460918735,-3.954
2026-07-29T11:22:05.350529+00:00,1,RIGHT,564.0,-76.0,512.0,20854,0.07971379489870742,15.224213388891355,-3.797
2026-07-29T11:22:05.383639+00:00,1,RIGHT,590.0,-50.0,512.0,22987,-0.03111293845846376,-5.9421335397341295,-3.216
2026-07-29T11:22:05.400519+00:00,1,RIGHT,595.0,-45.0,512.0,23796,0.4721096511557698,90.16630159539733,-2.773
2026-07-29T11:22:05.450387+00:00,1,RIGHT,567.0,-73.0,512.0,23879,-0.2379012810671702,-45.43579781968136,-3.033
2026-07-29T11:22:05.467046+00:00,1,RIGHT,596.0,-44.0,512.0,24211,-0.8855829669581726,-169.13388805125575,-2.645
2026-07-29T11:22:05.483815+00:00,1,RIGHT,594.0,-46.0,512.0,24533,0.0018571148806950078,0.3546828157825511,-2.449
2026-07-29T11:22:05.500550+00:00,1,RIGHT,595.0,-45.0,512.0,24398,0.12390370698412881,23.663864920720677,-2.313
2026-07-29T11:22:05.533855+00:00,1,RIGHT,593.0,-47.0,512.0,24165,0.025360881658270953,4.843571612498887,-2.269
2026-07-29T11:22:05.583814+00:00,1,RIGHT,599.0,-41.0,512.0,24384,-4.403118498885306e-05,-0.008409336889403549,-2.13
2026-07-29T11:22:05.633804+00:00,1,RIGHT,600.0,-40.0,512.0,24586,-0.008329639416188002,-1.5908439447112916,-2.028
2026-07-29T11:22:05.650563+00:00,1,RIGHT,600.0,-40.0,512.0,24618,7.812633011781145e-06,0.0014921029948654692,-1.967
2026-07-29T11:22:05.683837+00:00,1,RIGHT,597.0,-43.0,512.0,24337,-0.5667767135356553,-108.24637870629442,-1.986
2026-07-29T11:22:05.717197+00:00,1,RIGHT,599.0,-41.0,512.0,24609,-0.3185691573098302,-60.8422273229749,-1.961
2026-07-29T11:22:05.750567+00:00,1,RIGHT,599.0,-41.0,512.0,24291,0.10441617490258068,19.94202044939234,-1.945
2026-07-29T11:22:05.767228+00:00,1,RIGHT,600.0,-40.0,512.0,24796,-0.02988975550979376,-5.708522804630269,-1.917
2026-07-29T11:22:05.817144+00:00,1,RIGHT,598.0,-42.0,512.0,24736,0.09077779812389053,17.337282353298434,-1.938
2026-07-29T11:22:05.850615+00:00,1,RIGHT,597.0,-43.0,512.0,24600,-0.18070220714900642,-34.511579394456,-1.969
2026-07-29T11:22:05.867254+00:00,1,RIGHT,597.0,-43.0,512.0,24477,-0.09704794654535362,-18.534792491533267,-1.988
2026-07-29T11:22:05.933883+00:00,1,RIGHT,596.0,-44.0,512.0,24347,0.1067421077284962,20.38624089724533,-2.018
2026-07-29T11:22:05.950653+00:00,1,RIGHT,596.0,-44.0,512.0,24336,-0.13756907546892763,-26.2737580529542,-2.036
2026-07-29T11:22:05.967246+00:00,1,RIGHT,595.0,-45.0,512.0,24596,0.42951680184341967,82.03166658528282,-2.065
2026-07-29T11:22:05.984034+00:00,1,RIGHT,569.0,-71.0,512.0,24319,7.384785683825612e-05,0.014103901743061305,-2.57
2026-07-29T11:22:06.050729+00:00,1,RIGHT,595.0,-45.0,512.0,24425,8.181230630725622e-05,0.015624999545457688,-2.386
2026-07-29T11:22:06.100554+00:00,1,RIGHT,569.0,-71.0,512.0,24426,0.0019876931700855494,0.3796214320429376,-2.763
2026-07-29T11:22:06.134040+00:00,1,RIGHT,596.0,-44.0,512.0,24576,-0.04173128942027688,-7.970089191402697,-2.483
2026-07-29T11:22:06.184038+00:00,1,RIGHT,593.0,-47.0,512.0,24606,0.0287100124778226,5.483208482490554,-2.371
2026-07-29T11:22:06.200566+00:00,1,RIGHT,569.0,-71.0,512.0,24288,-0.07097932314965874,-13.556052163902223,-2.754
2026-07-29T11:22:06.250563+00:00,1,RIGHT,572.0,-68.0,512.0,24282,-0.009552294607565272,-1.8243538855968835,-2.927
2026-07-29T11:22:06.267394+00:00,1,RIGHT,570.0,-70.0,512.0,24132,-0.09074224891490303,-17.33049295449839,-3.069
2026-07-29T11:22:06.284049+00:00,1,RIGHT,594.0,-46.0,512.0,24400,-0.3768293102015741,-71.96909690458764,-2.704
2026-07-29T11:22:06.334056+00:00,1,RIGHT,594.0,-46.0,512.0,24002,-0.11078919726423919,-21.159178062944108,-2.485
2026-07-29T11:22:06.350553+00:00,1,RIGHT,594.0,-46.0,512.0,24517,0.12399870061082766,23.68200736702229,-2.353
2026-07-29T11:22:06.417197+00:00,1,RIGHT,595.0,-45.0,512.0,24792,-5.091595485282596e-06,-0.0009724231076485233,-2.256
2026-07-29T11:22:06.450715+00:00,1,RIGHT,597.0,-43.0,512.0,24695,-0.08814845165470615,-16.835114168092133,-2.16
2026-07-29T11:22:06.467336+00:00,1,RIGHT,595.0,-45.0,512.0,24453,-0.04549141646362841,-8.688220558126188,-2.14
2026-07-29T11:22:06.517440+00:00,1,RIGHT,598.0,-42.0,512.0,24491,-0.15895763982087374,-30.358672943655787,-2.071
2026-07-29T11:22:06.534157+00:00,1,RIGHT,597.0,-43.0,512.0,24521,-0.050854781861416995,-9.71254789572549,-2.049
2026-07-29T11:22:06.584089+00:00,1,RIGHT,598.0,-42.0,512.0,24482,0.30901195633690803,59.016936390619016,-2.017
2026-07-29T11:22:06.600811+00:00,1,RIGHT,599.0,-41.0,512.0,24763,-0.02872419186402112,-5.485916545774757,-1.979
2026-07-29T11:22:06.650800+00:00,1,RIGHT,596.0,-44.0,512.0,24856,-0.05625752542342525,-10.74439590870732,-2.012
2026-07-29T11:22:06.667358+00:00,1,RIGHT,597.0,-43.0,512.0,24473,-3.523686216794886e-05,-0.006729744951692233,-2.014
2026-07-29T11:22:06.717382+00:00,1,RIGHT,599.0,-41.0,512.0,24602,-0.03561438271310181,-6.801846064748039,-1.977
2026-07-29T11:22:06.751324+00:00,1,RIGHT,599.0,-41.0,512.0,24528,-0.012090790488291531,-2.3091708865200817,-1.955
2026-07-29T11:22:06.784036+00:00,1,RIGHT,598.0,-42.0,512.0,24417,-3.9878135430626566e-05,-0.007616162850086719,-1.96
2026-07-29T11:22:06.817517+00:00,1,RIGHT,598.0,-42.0,512.0,24323,0.021058890545973555,4.021951831707449,-1.964
2026-07-29T11:22:06.850736+00:00,1,RIGHT,598.0,-42.0,512.0,24691,2.441081262077205e-05,0.004662121792183076,-1.966
2026-07-29T11:22:06.867529+00:00,1,RIGHT,598.0,-42.0,512.0,24572,2.441081262077205e-05,0.004662121792183076,-1.967
2026-07-29T11:22:06.900653+00:00,1,RIGHT,600.0,-40.0,512.0,24609,0.10292314620688557,19.656872972874837,-1.93
2026-07-29T11:22:06.950776+00:00,1,RIGHT,600.0,-40.0,512.0,24353,0.10292314620688557,19.656872972874837,-1.908
2026-07-29T11:22:06.967540+00:00,1,RIGHT,600.0,-40.0,512.0,24454,0.0473383994679898,9.04096832806719,-1.895
2026-07-29T11:22:07.000710+00:00,1,RIGHT,598.0,-42.0,512.0,24654,-0.15315023095346988,-29.249539550292155,-1.924
2026-07-29T11:22:07.034073+00:00,1,RIGHT,598.0,-42.0,512.0,24468,0.2087549976655282,39.86926772832707,-1.942
2026-07-29T11:22:07.050869+00:00,1,RIGHT,599.0,-41.0,512.0,24511,-0.02111925953999162,-4.033481460276401,-1.934
2026-07-29T11:22:07.118188+00:00,1,RIGHT,598.0,-42.0,512.0,24503,-0.23552623580675572,-44.98219758776704,-1.948
2026-07-29T11:22:07.150825+00:00,1,RIGHT,600.0,-40.0,512.0,24552,-0.002056864956393838,-0.3928322700990901,-1.919
2026-07-29T11:22:07.167605+00:00,1,RIGHT,597.0,-43.0,512.0,24552,0.15016155441990123,28.67874437794791,-1.958
2026-07-29T11:22:07.234234+00:00,1,RIGHT,600.0,-40.0,512.0,24660,-0.2035125216387678,-38.86802855988745,-1.925
2026-07-29T11:22:07.250848+00:00,1,RIGHT,598.0,-42.0,512.0,24611,0.006929854049813003,1.3235046323197546,-1.942
2026-07-29T11:22:07.317610+00:00,1,RIGHT,600.0,-40.0,512.0,24658,0.023153685657307507,4.422028227787692,-1.915
2026-07-29T11:22:07.350905+00:00,1,RIGHT,600.0,-40.0,512.0,24673,0.11798345222719946,22.533179550006338,-1.899
2026-07-29T11:22:07.384245+00:00,1,RIGHT,599.0,-41.0,512.0,24496,0.06823125382419676,13.031209583374443,-1.908
2026-07-29T11:22:07.417623+00:00,1,RIGHT,598.0,-42.0,512.0,24728,-0.1029203565698117,-19.65634019143915,-1.932
2026-07-29T11:22:07.434290+00:00,1,RIGHT,597.0,-43.0,512.0,24744,-0.019845077565405517,-3.7901306286916365,-1.966
2026-07-29T11:22:07.500912+00:00,1,RIGHT,598.0,-42.0,512.0,24516,-0.024419161849655212,-4.663716377440388,-1.967
2026-07-29T11:22:07.517710+00:00,1,RIGHT,597.0,-43.0,512.0,24575,0.0806770156789571,15.40817500705004,-1.986
2026-07-29T11:22:07.534276+00:00,1,RIGHT,600.0,-40.0,512.0,24670,0.020839198359753938,3.979993714832828,-1.942
2026-07-29T11:22:07.584308+00:00,1,RIGHT,600.0,-40.0,512.0,24656,0.020839198359753938,3.979993714832828,-1.915
2026-07-29T11:22:07.601075+00:00,1,RIGHT,599.0,-41.0,512.0,24546,-0.08528754093276802,-16.288720468322865,-1.918
2026-07-29T11:22:07.634138+00:00,1,RIGHT,598.0,-42.0,512.0,24631,-0.2897277115657926,-55.33391693567854,-1.938
2026-07-29T11:22:07.667556+00:00,1,RIGHT,602.0,-38.0,512.0,24412,0.1417796370270662,27.077916075158758,-1.875
2026-07-29T11:22:07.684480+00:00,1,RIGHT,599.0,-41.0,512.0,24449,0.05033578272676095,9.613426362436376,-1.894
2026-07-29T11:22:07.734601+00:00,1,RIGHT,598.0,-42.0,512.0,24420,0.21373679373064078,40.82072069141317,-1.924
2026-07-29T11:22:07.751157+00:00,1,RIGHT,598.0,-42.0,512.0,24731,0.004752700071258005,0.9076988512486978,-1.942
2026-07-29T11:22:07.784346+00:00,1,RIGHT,597.0,-43.0,512.0,24293,-0.10649970495607704,-20.339945377905703,-1.971
2026-07-29T11:22:07.834330+00:00,1,RIGHT,598.0,-42.0,512.0,24652,-0.015332995569333435,-2.9283864447186554,-1.97
2026-07-29T11:22:07.867532+00:00,1,RIGHT,598.0,-42.0,512.0,24322,-0.21009643721394242,-40.12546381031396,-1.97
2026-07-29T11:22:07.901750+00:00,1,RIGHT,599.0,-41.0,512.0,24538,-0.054971027434803546,-10.498692891707012,-1.951
2026-07-29T11:22:07.934367+00:00,1,RIGHT,599.0,-41.0,512.0,24599,-0.08966842860449105,-17.125408382024943,-1.939
2026-07-29T11:22:07.984267+00:00,1,RIGHT,598.0,-42.0,512.0,24610,0.1463734894245863,27.955277255438613,-1.951
2026-07-29T11:22:08.017774+00:00,1,RIGHT,598.0,-42.0,512.0,24633,0.048172592837363484,9.200287525943557,-1.958
2026-07-29T11:22:08.034393+00:00,1,RIGHT,597.0,-43.0,512.0,24552,-0.11825295564718545,-22.58465091177147,-1.981
2026-07-29T11:22:08.067742+00:00,1,RIGHT,600.0,-40.0,512.0,24435,0.09196065899683163,17.563192139200716,-1.939
2026-07-29T11:22:08.117752+00:00,1,RIGHT,600.0,-40.0,512.0,24730,0.0073797205041046254,1.4094227962378378,-1.913
2026-07-29T11:22:08.151160+00:00,1,RIGHT,599.0,-41.0,512.0,24735,0.24612588783726097,47.00658200661778,-1.917
2026-07-29T11:22:08.184405+00:00,1,RIGHT,598.0,-42.0,512.0,24584,-0.11260090626776219,-21.505188994969842,-1.937
2026-07-29T11:22:08.217755+00:00,1,RIGHT,599.0,-41.0,512.0,24804,0.08321043297182769,15.89202206913985,-1.931
2026-07-29T11:22:08.251123+00:00,1,RIGHT,599.0,-41.0,512.0,24584,-0.23699321437045,-45.26236985555319,-1.927
2026-07-29T11:22:08.267766+00:00,1,RIGHT,599.0,-41.0,512.0,24594,-0.09631643791508396,-18.39508463422711,-1.925
2026-07-29T11:22:08.317758+00:00,1,RIGHT,599.0,-41.0,512.0,24737,-0.0845089003071189,-16.140011062965797,-1.924
2026-07-29T11:22:08.334524+00:00,1,RIGHT,599.0,-41.0,512.0,24442,0.051678890165057965,9.869940987926533,-1.923
2026-07-29T11:22:08.384428+00:00,1,RIGHT,599.0,-41.0,512.0,24431,-0.020385875590145586,-3.8934154433136947,-1.923
2026-07-29T11:22:08.401072+00:00,1,RIGHT,599.0,-41.0,512.0,24721,-0.10095356233417987,-19.280710161864608,-1.922
2026-07-29T11:22:08.434543+00:00,1,RIGHT,598.0,-42.0,512.0,24709,-0.04715891867177561,-9.006690020978121,-1.941
2026-07-29T11:22:08.451055+00:00,1,RIGHT,598.0,-42.0,512.0,24504,-0.11056871173903346,-21.11706842948406,-1.952
2026-07-29T11:22:08.484541+00:00,1,RIGHT,600.0,-40.0,512.0,24837,-0.005977179745677859,-1.141557242728067,-1.921
2026-07-29T11:22:08.534557+00:00,1,RIGHT,598.0,-42.0,512.0,24758,-0.17852420682320372,-34.09561197296729,-1.94
2026-07-29T11:22:08.551062+00:00,1,RIGHT,599.0,-41.0,512.0,24517,-6.528270256239921e-05,-0.012468077773444532,-1.933
2026-07-29T11:22:08.567821+00:00,1,RIGHT,598.0,-42.0,512.0,24620,0.12815968644805253,24.476697123977942,-1.947
2026-07-29T11:22:08.617736+00:00,1,RIGHT,598.0,-42.0,512.0,24495,-0.19228033990482798,-36.722839866291835,-1.956
2026-07-29T11:22:08.667832+00:00,1,RIGHT,597.0,-43.0,512.0,24549,0.036658747396431865,7.001305026839136,-1.98
2026-07-29T11:22:08.684677+00:00,1,RIGHT,599.0,-41.0,512.0,24597,0.040212031826376914,7.679932364323802,-1.957
2026-07-29T11:22:08.717738+00:00,1,RIGHT,599.0,-41.0,512.0,25006,0.12550590059254318,23.969861359803943,-1.943
2026-07-29T11:22:08.751188+00:00,1,RIGHT,598.0,-42.0,512.0,24844,0.12550590059254318,23.969861359803943,-1.953
2026-07-29T11:22:08.784618+00:00,1,RIGHT,599.0,-41.0,512.0,24536,0.12550590059254318,23.969861359803943,-1.941
2026-07-29T11:22:08.817861+00:00,1,RIGHT,598.0,-42.0,512.0,24508,0.12550590059254318,23.969861359803943,-1.952
2026-07-29T11:22:08.851320+00:00,1,RIGHT,599.0,-41.0,512.0,24798,0.12550590059254318,23.969861359803943,-1.94
2026-07-29T11:22:08.867829+00:00,1,RIGHT,600.0,-40.0,512.0,24666,-0.01811472944682464,-3.4596584810813478,-1.914
2026-07-29T11:22:08.917888+00:00,1,RIGHT,600.0,-40.0,512.0,24620,0.08581310492474586,16.389095797004128,-1.898
2026-07-29T11:22:08.951278+00:00,1,RIGHT,599.0,-41.0,512.0,24907,0.08581310492474586,16.389095797004128,-1.908
2026-07-29T11:22:08.984591+00:00,1,RIGHT,598.0,-42.0,512.0,24742,0.08581310492474586,16.389095797004128,-1.932
2026-07-29T11:22:09.034622+00:00,1,RIGHT,600.0,-40.0,512.0,24608,0.08581310492474586,16.389095797004128,-1.909
2026-07-29T11:22:09.051274+00:00,1,RIGHT,598.0,-42.0,512.0,24631,0.08581310492474586,16.389095797004128,-1.933
2026-07-29T11:22:09.084654+00:00,1,RIGHT,600.0,-40.0,512.0,24616,-0.10561952230054886,-20.17184287336443,-1.91
2026-07-29T11:22:09.118021+00:00,1,RIGHT,599.0,-41.0,512.0,24697,0.06025360251776874,11.507590415756598,-1.915
2026-07-29T11:22:09.168076+00:00,1,RIGHT,600.0,-40.0,512.0,24822,0.006208558189682662,1.185747270433998,-1.899
2026-07-29T11:22:09.201358+00:00,1,RIGHT,600.0,-40.0,512.0,24438,0.009058462418615819,1.730038884881848,-1.889
2026-07-29T11:22:09.218055+00:00,1,RIGHT,596.0,-44.0,512.0,24751,0.02637386758811772,5.037037674120071,-1.959
2026-07-29T11:22:09.268098+00:00,1,RIGHT,599.0,-41.0,512.0,24801,-0.10727836913894861,-20.48865928236085,-1.944
2026-07-29T11:22:09.284619+00:00,1,RIGHT,600.0,-40.0,512.0,25160,0.18399988383054733,35.14138924795934,-1.916
2026-07-29T11:22:09.318202+00:00,1,RIGHT,599.0,-41.0,512.0,24732,-0.027979871439747513,-5.343761816053876,-1.919
2026-07-29T11:22:09.334543+00:00,1,RIGHT,600.0,-40.0,512.0,24773,0.13602809018688278,25.979451543111043,-1.901
2026-07-29T11:22:09.384527+00:00,1,RIGHT,601.0,-39.0,512.0,24863,-0.011484442478977144,-2.1933669470205035,-1.872
2026-07-29T11:22:09.418037+00:00,1,RIGHT,598.0,-42.0,512.0,24469,-0.1568583638977725,-29.95774077556535,-1.911
2026-07-29T11:22:09.434562+00:00,1,RIGHT,598.0,-42.0,512.0,24773,2.37543289241381,453.67426417288357,-1.934
2026-07-29T11:22:09.484842+00:00,1,RIGHT,599.0,-41.0,512.0,24758,-0.024275366365909577,-4.636253463001498,-1.929
2026-07-29T11:22:09.518141+00:00,1,RIGHT,599.0,-41.0,512.0,24650,-1.2344061430916191,-235.7542073472392,-1.926
2026-07-29T11:22:09.551346+00:00,1,RIGHT,600.0,-40.0,512.0,24776,-0.6598894468974322,-126.02960084148376,-1.906
2026-07-29T11:22:09.568116+00:00,1,RIGHT,599.5,-40.5,512.0,24648,-0.6598894468974322,-126.02960084148376,-1.903
2026-07-29T11:22:09.584699+00:00,1,RIGHT,598.0,-42.0,512.0,24455,0.04380430906545371,8.366006779790498,-1.929
2026-07-29T11:22:09.601359+00:00,1,RIGHT,601.0,-39.0,512.0,24714,0.2534285573521629,48.40128914789355,-1.889
2026-07-29T11:22:09.634787+00:00,1,RIGHT,599.0,-41.0,512.0,24737,-0.035494284583255646,-6.778909011522709,-1.902
2026-07-29T11:22:09.668157+00:00,1,RIGHT,599.0,-41.0,512.0,24945,0.1014089776086621,19.367688072376687,-1.91
2026-07-29T11:22:09.734743+00:00,1,RIGHT,600.0,-40.0,512.0,24915,-0.07311136341188103,-13.963241859826566,-1.896
2026-07-29T11:22:09.768189+00:00,1,RIGHT,599.0,-41.0,512.0,24957,0.48153178599663077,91.965796796679,-1.906
2026-07-29T11:22:09.784777+00:00,1,RIGHT,599.0,-41.0,512.0,24685,-0.0860405672993511,-16.432537910547136,-1.913
2026-07-29T11:22:09.818189+00:00,1,RIGHT,602.0,-38.0,512.0,24771,0.22464582225773483,42.90419166871418,-1.86
2026-07-29T11:22:09.868147+00:00,1,RIGHT,599.0,-41.0,512.0,24800,0.040765000893734395,7.785541676860031,-1.885
2026-07-29T11:22:09.901500+00:00,1,RIGHT,595.0,-45.0,512.0,24463,0.040765000893734395,7.785541676860031,-1.975
2026-07-29T11:22:09.918028+00:00,1,RIGHT,600.0,-40.0,512.0,24829,-0.06843564045615494,-13.0702445547081,-1.935
2026-07-29T11:22:09.968032+00:00,1,RIGHT,600.0,-40.0,512.0,24853,-0.12064710784237832,-23.04190029942658,-1.911
2026-07-29T11:22:10.001570+00:00,1,RIGHT,598.0,-42.0,512.0,24717,2.1612178534269334e-06,0.00041276220536562213,-1.934
2026-07-29T11:22:10.018109+00:00,1,RIGHT,598.0,-42.0,512.0,24696,-0.18956359881267418,-36.20398053759124,-1.948
2026-07-29T11:22:10.051605+00:00,1,RIGHT,597.0,-43.0,512.0,24728,-0.18956359881267418,-36.20398053759124,-1.975
2026-07-29T11:22:10.084793+00:00,1,RIGHT,598.0,-42.0,512.0,24846,-4.6950881369411945e-05,-0.008966957822955705,-1.972
2026-07-29T11:22:10.118096+00:00,1,RIGHT,598.0,-42.0,512.0,24792,0.15426965546328575,29.463333883278654,-1.971
2026-07-29T11:22:10.168326+00:00,1,RIGHT,598.0,-42.0,512.0,24814,-5.384139949455858e-06,-0.0010282949847053367,-1.97
2026-07-29T11:22:10.201585+00:00,1,RIGHT,601.0,-39.0,512.0,24770,-6.252078994293697e-05,-0.01194059131851417,-1.913
2026-07-29T11:22:10.251667+00:00,1,RIGHT,599.0,-41.0,512.0,24739,0.1608341982914135,30.71706921156063,-1.917
2026-07-29T11:22:10.268174+00:00,1,RIGHT,600.0,-40.0,512.0,24947,-0.015396504576783628,-2.9405157716785255,-1.9
2026-07-29T11:22:10.284793+00:00,1,RIGHT,599.0,-41.0,512.0,24848,0.055294904820621014,10.560548915997249,-1.909
2026-07-29T11:22:10.318231+00:00,1,RIGHT,598.0,-42.0,512.0,24806,0.19624374844599515,37.4797951392751,-1.933
2026-07-29T11:22:10.368319+00:00,1,RIGHT,599.0,-41.0,512.0,24765,-0.0845216209301725,-16.142440523011626,-1.928
2026-07-29T11:22:10.385102+00:00,1,RIGHT,598.0,-42.0,512.0,24784,-0.07826075000222772,-14.946702255520322,-1.945
2026-07-29T11:22:10.451605+00:00,1,RIGHT,596.0,-44.0,512.0,24743,-0.18724663606844844,-35.76147324914729,-1.992
2026-07-29T11:22:10.468259+00:00,1,RIGHT,598.0,-42.0,512.0,24867,0.15458865829743446,29.524258936776764,-1.983
2026-07-29T11:22:10.501622+00:00,1,RIGHT,601.0,-39.0,512.0,24906,0.018582913461141288,3.549075041267469,-1.921
2026-07-29T11:22:10.534900+00:00,1,RIGHT,600.0,-40.0,512.0,24974,3.993138670921326e-05,0.007626333095142362,-1.902
2026-07-29T11:22:10.569712+00:00,1,RIGHT,599.0,-41.0,512.0,24780,-0.09326503201387823,-17.812309035159103,-1.91
2026-07-29T11:22:10.601669+00:00,1,RIGHT,598.0,-42.0,512.0,24763,0.1978760765097104,37.791546835380586,-1.934
2026-07-29T11:22:10.618247+00:00,1,RIGHT,598.5,-41.5,512.0,24824,-0.3551855638995767,-67.83544585139987,-1.938
2026-07-29T11:22:10.651651+00:00,1,RIGHT,598.0,-42.0,512.0,24717,-0.2758066035620868,-52.67518115315144,-1.95
2026-07-29T11:22:10.701786+00:00,1,RIGHT,597.0,-43.0,512.0,24557,0.2405614715302363,45.94385677379683,-1.977
2026-07-29T11:22:10.718278+00:00,1,RIGHT,600.0,-40.0,512.0,24669,0.08429497616831214,16.09915456200047,-1.936
2026-07-29T11:22:10.768305+00:00,1,RIGHT,597.0,-43.0,512.0,24803,0.09930206591961906,18.965297580413534,-1.968
2026-07-29T11:22:10.801549+00:00,1,RIGHT,599.0,-41.0,512.0,24765,0.6586941676214337,125.80131931530319,-1.949
2026-07-29T11:22:10.818380+00:00,1,RIGHT,598.0,-42.0,512.0,24855,0.02800720915198326,5.348982934496048,-1.957
2026-07-29T11:22:10.868337+00:00,1,RIGHT,597.0,-43.0,512.0,24803,-0.018169218343682587,-3.4700650938156277,-1.981
2026-07-29T11:22:10.885066+00:00,1,RIGHT,603.0,-37.0,512.0,24948,-0.1104881849931553,-21.101688953894925,-1.882
2026-07-29T11:22:10.901560+00:00,1,RIGHT,599.0,-41.0,512.0,25148,0.4370559151563793,83.47153116562774,-1.898
2026-07-29T11:22:10.968312+00:00,1,RIGHT,598.0,-42.0,512.0,24936,-0.17241015256382525,-32.92791362371272,-1.926
2026-07-29T11:22:11.001612+00:00,1,RIGHT,599.0,-41.0,512.0,24796,0.17022050571860745,32.50972188086234,-1.925
2026-07-29T11:22:11.018331+00:00,1,RIGHT,601.0,-39.0,512.0,24820,0.2901665632799268,55.41773143918512,-1.886
2026-07-29T11:22:11.068345+00:00,1,RIGHT,599.0,-41.0,512.0,24868,-3.709865268319845e-05,-0.0070853207478965285,-1.9
2026-07-29T11:22:11.085140+00:00,1,RIGHT,599.0,-41.0,512.0,24822,0.2610931210964918,49.86511299575699,-1.909
2026-07-29T11:22:11.101573+00:00,1,RIGHT,597.0,-43.0,512.0,24745,-0.44359821715857833,-84.72101880904772,-1.952
2026-07-29T11:22:11.168321+00:00,1,RIGHT,595.0,-45.0,512.0,24657,-0.13120788897853344,-25.058860924303456,-2.015
2026-07-29T11:22:11.185108+00:00,1,RIGHT,597.0,-43.0,512.0,24685,-0.059602474551647903,-11.383234134484395,-2.015
2026-07-29T11:22:11.218346+00:00,1,RIGHT,599.0,-41.0,512.0,24688,0.3973780740122311,75.89362170646032,-1.978
2026-07-29T11:22:11.251761+00:00,1,RIGHT,598.0,-42.0,512.0,24646,-0.23362202876247465,-44.618520831245746,-1.974
2026-07-29T11:22:11.268368+00:00,1,RIGHT,597.0,-43.0,512.0,24846,-0.34130332357948645,-65.18413324964148,-1.991
2026-07-29T11:22:11.318475+00:00,1,RIGHT,600.0,-40.0,512.0,24706,0.030404847665922715,5.806898159985212,-1.944
2026-07-29T11:22:11.335140+00:00,1,RIGHT,599.0,-41.0,512.0,24906,-0.07326704344712198,-13.992974556405748,-1.935
2026-07-29T11:22:11.418412+00:00,1,RIGHT,599.0,-41.0,512.0,24649,0.13339394197100773,25.47636629183919,-1.93
2026-07-29T11:22:11.435246+00:00,1,RIGHT,600.0,-40.0,512.0,24626,0.016406991039402782,3.133504470222464,-1.908
2026-07-29T11:22:11.468621+00:00,1,RIGHT,598.0,-42.0,512.0,24706,-3.405846131499856e-05,-0.0065046869668633385,-1.932
2026-07-29T11:22:11.501794+00:00,1,RIGHT,599.0,-41.0,512.0,24557,-0.2654489625734277,-50.69701743861185,-1.928
2026-07-29T11:22:11.535021+00:00,1,RIGHT,598.0,-42.0,512.0,24722,-0.04937024966813624,-9.429023131637866,-1.944
2026-07-29T11:22:11.585036+00:00,1,RIGHT,600.0,-40.0,512.0,24796,0.5102750934055075,97.45536414259816,-1.917
2026-07-29T11:22:11.635063+00:00,1,RIGHT,598.0,-42.0,512.0,24736,-7.353558554314075e-05,-0.014044262318817323,-1.937
2026-07-29T11:22:11.668523+00:00,1,RIGHT,598.0,-42.0,512.0,24874,-0.081148952213116,-15.498308245734492,-1.95
2026-07-29T11:22:11.685037+00:00,1,RIGHT,598.0,-42.0,512.0,24761,0.03250034252938349,6.207108198877362,-1.957
2026-07-29T11:22:11.718544+00:00,1,RIGHT,601.0,-39.0,512.0,24770,0.302150045017479,57.70640786396458,-1.906
2026-07-29T11:22:11.751897+00:00,1,RIGHT,600.0,-40.0,512.0,24820,-0.07799442833522335,-14.895838563812859,-1.893
2026-07-29T11:22:11.785346+00:00,1,RIGHT,596.0,-44.0,512.0,24657,-6.18896706146188e-05,-0.011820056405574963,-1.961
2026-07-29T11:22:11.818231+00:00,1,RIGHT,185.0,-455.0,512.0,25538,-4.25570597872138e-05,-0.008127799714310881,-5.961
2026-07-29T11:22:11.851811+00:00,1,RIGHT,600.0,-40.0,512.0,24810,0.3871487371716648,73.93996227918655,-4.327
2026-07-29T11:22:11.868565+00:00,1,RIGHT,599.0,-41.0,512.0,24792,-0.13187427574303,-25.186131421400226,-3.365
2026-07-29T11:22:11.918637+00:00,1,RIGHT,599.0,-41.0,512.0,24710,-0.011093330327421427,-2.1186700283524247,-2.788
2026-07-29T11:22:11.935176+00:00,1,RIGHT,599.0,-41.0,512.0,24786,-0.17629037944134324,-33.66898236916275,-2.441
2026-07-29T11:22:11.951845+00:00,1,RIGHT,597.0,-43.0,512.0,24702,0.8507148358784616,162.4745655500012,-2.271
2026-07-29T11:22:12.001836+00:00,1,RIGHT,600.0,-40.0,512.0,24728,-0.2191357879526913,-41.85185263320987,-2.113
2026-07-29T11:22:12.051931+00:00,1,RIGHT,597.0,-43.0,512.0,24628,0.6124836282851175,116.97575640532254,-2.074
2026-07-29T11:22:12.085271+00:00,1,RIGHT,599.0,-41.0,512.0,24580,-0.009077023986028507,-1.7335838831281634,-2.013
2026-07-29T11:22:12.102404+00:00,1,RIGHT,599.0,-41.0,512.0,24863,-0.00010298400186002255,-0.019668495546489043,-1.977
2026-07-29T11:22:12.168626+00:00,1,RIGHT,598.0,-42.0,512.0,24738,-0.4714547628164291,-90.04122713574215,-1.973
2026-07-29T11:22:12.185267+00:00,1,RIGHT,600.0,-40.0,512.0,24726,0.018613164834678172,3.554852628027926,-1.934
2026-07-29T11:22:12.235248+00:00,1,RIGHT,600.0,-40.0,512.0,24696,0.008957201316952705,1.7106994390347094,-1.91
2026-07-29T11:22:12.252000+00:00,1,RIGHT,601.0,-39.0,512.0,24781,-0.24009369149804116,-45.85451736851258,-1.878
2026-07-29T11:22:12.302009+00:00,1,RIGHT,604.0,-36.0,512.0,24636,0.3951156407315284,75.461528778413,-1.802
2026-07-29T11:22:12.318498+00:00,1,RIGHT,605.0,-35.0,512.0,24846,-0.4477854673564434,-85.52072468939102,-1.737
2026-07-29T11:22:12.368499+00:00,1,RIGHT,598.0,-42.0,512.0,24474,-0.27312986060976985,-52.16396090645427,-1.83
2026-07-29T11:22:12.402031+00:00,1,RIGHT,595.0,-45.0,512.0,24709,0.027821679627522827,5.313549405407207,-1.942
2026-07-29T11:22:12.452833+00:00,1,RIGHT,598.0,-42.0,512.0,24663,0.027821679627522827,5.313549405407207,-1.952
2026-07-29T11:22:12.468534+00:00,1,RIGHT,598.0,-42.0,512.0,24578,0.485657993927598,92.75384446280509,-1.959
2026-07-29T11:22:12.502038+00:00,1,RIGHT,598.0,-42.0,512.0,24553,0.06578318156301975,12.563662221679474,-1.963
2026-07-29T11:22:12.552044+00:00,1,RIGHT,600.0,-40.0,512.0,24862,0.0,0.0,-1.928
2026-07-29T11:22:12.601878+00:00,1,RIGHT,180.0,-460.0,512.0,25704,-0.2153384570032358,-41.126615843815856,-5.928
2026-07-29T11:22:12.635313+00:00,1,RIGHT,597.0,-43.0,512.0,25202,11.43760190308094,2184.421055991121,-4.363
2026-07-29T11:22:12.652147+00:00,1,RIGHT,598.0,-42.0,512.0,24836,0.0,0.0,-3.405
2026-07-29T11:22:12.718742+00:00,1,RIGHT,596.0,-44.0,512.0,24887,0.2258581069111824,43.13572098275094,-2.868
2026-07-29T11:22:12.752059+00:00,1,RIGHT,599.0,-41.0,512.0,24908,0.20524939825758337,39.19974755919773,-2.49
2026-07-29T11:22:12.785448+00:00,1,RIGHT,599.0,-41.0,512.0,24509,0.037522849226370454,7.166336319922511,-2.263
2026-07-29T11:22:12.803064+00:00,1,RIGHT,595.0,-45.0,512.0,24609,-0.1830568462703377,-34.96128234088492,-2.201
2026-07-29T11:22:12.835381+00:00,1,RIGHT,598.0,-42.0,512.0,24704,0.10606082823127508,20.256126097713445,-2.108
2026-07-29T11:22:12.885364+00:00,1,RIGHT,596.0,-44.0,512.0,24793,0.46393803565762937,88.60563799590685,-2.09
2026-07-29T11:22:12.902137+00:00,1,RIGHT,597.0,-43.0,512.0,24547,-0.21122221526689827,-40.34047158065671,-2.06
2026-07-29T11:22:12.935450+00:00,1,RIGHT,597.0,-43.0,512.0,24751,0.10735577016836033,20.50344179007838,-2.042
2026-07-29T11:22:12.952105+00:00,1,RIGHT,597.0,-43.0,512.0,24580,-0.23404059846885503,-44.6984617566045,-2.032
2026-07-29T11:22:13.018791+00:00,1,RIGHT,595.0,-45.0,512.0,24574,0.2973835852055345,56.79608109582078,-2.063
2026-07-29T11:22:13.051964+00:00,1,RIGHT,598.0,-42.0,512.0,24845,-0.06094163665547967,-11.638995256595797,-2.025
2026-07-29T11:22:13.068736+00:00,1,RIGHT,598.0,-42.0,512.0,24658,-0.15147280151955783,-28.92917412697822,-2.003
2026-07-29T11:22:13.118715+00:00,1,RIGHT,598.0,-42.0,512.0,24686,-0.0002073502633720636,-0.03960098324048435,-1.989
2026-07-29T11:22:13.151970+00:00,1,RIGHT,597.0,-43.0,512.0,24546,-0.026100703440606596,-4.984867164897816,-2.0
2026-07-29T11:22:13.202274+00:00,1,RIGHT,596.0,-44.0,512.0,24636,0.041058851233683524,7.841662957818598,-2.025
2026-07-29T11:22:13.218857+00:00,1,RIGHT,599.0,-41.0,512.0,24851,0.041058851233683524,7.841662957818598,-1.984
2026-07-29T11:22:13.235466+00:00,1,RIGHT,596.0,-44.0,512.0,25045,-0.4144900753442198,-79.16177322427765,-2.015
2026-07-29T11:22:13.285413+00:00,1,RIGHT,597.0,-43.0,512.0,24442,-0.0005507699679583311,-0.10518931548855985,-2.015
2026-07-29T11:22:13.318766+00:00,1,RIGHT,596.0,-44.0,512.0,24695,0.2273030742025003,43.41168940717416,-2.034
2026-07-29T11:22:13.352053+00:00,1,RIGHT,599.0,-41.0,512.0,24702,0.03876178366364911,7.402955367754119,-1.989
2026-07-29T11:22:13.402048+00:00,1,RIGHT,598.0,-42.0,512.0,24943,0.04177161322309985,7.977790470454943,-1.981
2026-07-29T11:22:13.435505+00:00,1,RIGHT,600.0,-40.0,512.0,24721,0.249085192643106,47.57176759217679,-1.939
2026-07-29T11:22:13.468776+00:00,1,RIGHT,600.0,-40.0,512.0,24647,0.08836662841029465,16.87678285903573,-1.913
2026-07-29T11:22:13.502303+00:00,1,RIGHT,597.0,-43.0,512.0,24658,0.003788247157353908,0.7235019128960346,-1.954
2026-07-29T11:22:13.552173+00:00,1,RIGHT,598.0,-42.0,512.0,24725,0.05234884100034833,9.99789217240454,-1.96
2026-07-29T11:22:13.602219+00:00,1,RIGHT,599.0,-41.0,512.0,24762,0.01564679934643209,2.9883185514620454,-1.945
2026-07-29T11:22:13.618872+00:00,1,RIGHT,598.0,-42.0,512.0,24568,0.06927119081956334,13.229822919354513,-1.954
2026-07-29T11:22:13.635647+00:00,1,RIGHT,598.0,-42.0,512.0,24835,0.1612411859841086,30.79479813524462,-1.96
2026-07-29T11:22:13.668838+00:00,1,RIGHT,597.0,-43.0,512.0,24782,-0.004510147278197109,-0.8613746800770331,-1.982
2026-07-29T11:22:13.702195+00:00,1,RIGHT,596.0,-44.0,512.0,24621,-0.1873091965727508,-35.773421425349746,-2.014
2026-07-29T11:22:13.752308+00:00,1,RIGHT,597.0,-43.0,512.0,24577,-0.0002623747615143657,-0.05010988828508218,-2.015
2026-07-29T11:22:13.818881+00:00,1,RIGHT,597.0,-43.0,512.0,24632,-0.012480295519344509,-2.383560867781574,-2.015
2026-07-29T11:22:13.852211+00:00,1,RIGHT,597.0,-43.0,512.0,24603,-0.012480295519344509,-2.383560867781574,-2.015
2026-07-29T11:22:13.868937+00:00,1,RIGHT,597.0,-43.0,512.0,24662,0.061609232341870664,11.76649664076694,-2.015
2026-07-29T11:22:13.902215+00:00,1,RIGHT,598.0,-42.0,512.0,24656,0.061609232341870664,11.76649664076694,-1.997
2026-07-29T11:22:13.918948+00:00,1,RIGHT,596.0,-44.0,512.0,24660,-0.04108936877222732,-7.847491378350889,-2.023
2026-07-29T11:22:13.968923+00:00,1,RIGHT,597.0,-43.0,512.0,24451,0.2973913449980319,56.79756310702077,-2.02
2026-07-29T11:22:13.985484+00:00,1,RIGHT,596.0,-44.0,512.0,24622,-0.3884255042579025,-74.18380683072867,-2.037
2026-07-29T11:22:14.002262+00:00,1,RIGHT,598.0,-42.0,512.0,24835,-0.3451722767844331,-65.92304888223167,-2.01
2026-07-29T11:22:14.052183+00:00,1,RIGHT,598.0,-42.0,512.0,24841,0.061674016306642446,11.778869466638765,-1.993
2026-07-29T11:22:14.085489+00:00,1,RIGHT,598.0,-42.0,512.0,24586,0.053272523385239766,10.1743025132874,-1.984
2026-07-29T11:22:14.118998+00:00,1,RIGHT,597.0,-43.0,512.0,24652,0.0,0.0,-1.996
2026-07-29T11:22:14.135493+00:00,1,RIGHT,599.0,-41.0,512.0,24741,-0.050562011557631195,-9.656632886479857,-1.967
2026-07-29T11:22:14.185787+00:00,1,RIGHT,596.0,-44.0,512.0,24624,-2.1036356719583273,-401.7648187879303,-2.005
2026-07-29T11:22:14.202263+00:00,1,RIGHT,597.0,-43.0,512.0,24777,-0.28629288665833885,-54.67791370046683,-2.009
2026-07-29T11:22:14.235629+00:00,1,RIGHT,597.0,-43.0,512.0,24739,0.012526344419457018,2.392355559873795,-2.012
2026-07-29T11:22:14.252258+00:00,1,RIGHT,597.0,-43.0,512.0,24790,-0.2576058187521994,-49.19908730837688,-2.013
2026-07-29T11:22:14.302308+00:00,1,RIGHT,596.0,-44.0,512.0,24710,-0.0355706475302577,-6.793493260104039,-2.033
2026-07-29T11:22:14.319066+00:00,1,RIGHT,598.0,-42.0,512.0,24923,0.19277746164239942,36.81778312451534,-2.007
2026-07-29T11:22:14.385648+00:00,1,RIGHT,595.0,-45.0,512.0,24583,0.012441189661622047,2.37609219910912,-2.048
2026-07-29T11:22:14.402280+00:00,1,RIGHT,597.0,-43.0,512.0,24759,-0.38596617984585463,-73.71411046651589,-2.035
2026-07-29T11:22:14.419021+00:00,1,RIGHT,600.0,-40.0,512.0,24744,-0.20617751800455153,-39.37700537381115,-1.971
2026-07-29T11:22:14.469141+00:00,1,RIGHT,599.0,-41.0,512.0,24719,-0.2411416709283367,-46.054666696420774,-1.951
2026-07-29T11:22:14.485693+00:00,1,RIGHT,596.0,-44.0,512.0,24597,0.5239166353270411,100.06070673644702,-1.996
2026-07-29T11:22:14.535722+00:00,1,RIGHT,596.0,-44.0,512.0,24591,0.08176063602790236,15.615131249013563,-2.023
2026-07-29T11:22:14.569099+00:00,1,RIGHT,598.0,-42.0,512.0,24526,0.12759529756847768,24.368906787965418,-2.001
2026-07-29T11:22:14.585680+00:00,1,RIGHT,597.0,-43.0,512.0,24375,0.17048668518662452,32.56055841456372,-2.007
2026-07-29T11:22:14.635539+00:00,1,RIGHT,595.0,-45.0,512.0,24642,-0.31956403523683546,-61.03223501080198,-2.048
2026-07-29T11:22:14.668930+00:00,1,RIGHT,594.0,-46.0,512.0,24965,-0.31956403523683546,-61.03223501080198,-2.091
2026-07-29T11:22:14.685750+00:00,1,RIGHT,593.0,-47.0,512.0,24567,-0.015217533204704523,-2.906334757432531,-2.136
2026-07-29T11:22:14.719015+00:00,1,RIGHT,596.0,-44.0,512.0,24599,-0.03586318166926503,-6.849363165199416,-2.107
2026-07-29T11:22:14.752450+00:00,1,RIGHT,597.0,-43.0,512.0,24723,-0.23569542784243822,-45.01451088633982,-2.07
2026-07-29T11:22:14.802492+00:00,1,RIGHT,598.0,-42.0,512.0,24578,0.0019604996789712456,0.37442785780601723,-2.03
2026-07-29T11:22:14.818980+00:00,1,RIGHT,599.0,-41.0,512.0,24694,-0.2581355875992449,-49.30026570522094,-1.987
2026-07-29T11:22:14.835721+00:00,1,RIGHT,599.0,-41.0,512.0,24544,0.2934415488457307,56.043207608807876,-1.961
2026-07-29T11:22:14.869227+00:00,1,RIGHT,599.0,-41.0,512.0,24758,-0.003443797994405031,-0.6577169685834193,-1.945
2026-07-29T11:22:14.919115+00:00,1,RIGHT,601.0,-39.0,512.0,24694,0.014097517617046832,2.6924275368936965,-1.898
2026-07-29T11:22:14.952477+00:00,1,RIGHT,601.0,-39.0,512.0,24892,-0.07127061809180305,-13.611685399830144,-1.87
2026-07-29T11:22:14.968975+00:00,1,RIGHT,600.0,-40.0,512.0,24712,0.2813885441888124,53.74125328449805,-1.872
2026-07-29T11:22:15.002490+00:00,1,RIGHT,600.0,-40.0,512.0,24628,-0.22505015165079384,-42.981412894565416,-1.873
2026-07-29T11:22:15.052473+00:00,1,RIGHT,603.0,-37.0,512.0,24876,-0.22505015165079384,-42.981412894565416,-1.818
2026-07-29T11:22:15.069222+00:00,1,RIGHT,605.0,-35.0,512.0,24529,0.07109594594687224,13.578325477486702,-1.747
2026-07-29T11:22:15.102502+00:00,1,RIGHT,605.0,-35.0,512.0,24492,0.2564042760571465,48.96960955727253,-1.704
2026-07-29T11:22:15.135944+00:00,1,RIGHT,608.0,-32.0,512.0,24894,0.1216285081487149,23.22933395131302,-1.623
2026-07-29T11:22:15.169139+00:00,1,RIGHT,611.0,-29.0,512.0,24806,0.1871068688156083,35.734779670141045,-1.517
2026-07-29T11:22:15.185742+00:00,1,RIGHT,614.0,-26.0,512.0,24781,-0.05723837179888505,-10.931723767589157,-1.398
2026-07-29T11:22:15.235825+00:00,1,RIGHT,619.0,-21.0,512.0,24547,-0.18333093933179043,-35.01363025960179,-1.232
2026-07-29T11:22:15.285789+00:00,1,RIGHT,622.0,-18.0,512.0,24475,0.021903356090188026,4.183232870466473,-1.077
2026-07-29T11:22:15.319149+00:00,1,RIGHT,628.0,-12.0,512.0,24342,-0.4069589169230312,-77.72342791634928,-0.871
2026-07-29T11:22:15.352526+00:00,1,RIGHT,627.0,-13.0,512.0,24643,-0.1695349816046655,-32.37879641925128,-0.766
2026-07-29T11:22:15.369164+00:00,1,RIGHT,631.0,-9.0,512.0,24559,0.20826977208256722,39.7765964682756,-0.629
2026-07-29T11:22:15.402393+00:00,1,RIGHT,633.0,-7.0,512.0,24410,0.20491918423067546,39.13668132560492,-0.508
2026-07-29T11:22:15.435914+00:00,1,RIGHT,641.0,1.0,512.0,24451,-0.17350544738816098,-33.13709952623592,-0.286
2026-07-29T11:22:15.469043+00:00,1,RIGHT,648.0,8.0,512.0,24528,0.04826656591147184,9.218235061057818,-0.022
2026-07-29T11:22:15.485899+00:00,1,RIGHT,646.0,6.0,512.0,24298,-0.03694876839639619,-7.0566949577328675,0.099
2026-07-29T11:22:15.536084+00:00,1,RIGHT,651.0,11.0,512.0,24500,-0.3160509137250483,-60.361278225661906,0.266
2026-07-29T11:22:15.569213+00:00,1,RIGHT,652.0,12.0,512.0,24293,0.0883759052772075,16.87855461010643,0.385
2026-07-29T11:22:15.585939+00:00,1,RIGHT,655.0,15.0,512.0,24469,-0.10950558545067907,-20.91402626477701,0.512
2026-07-29T11:22:15.635962+00:00,1,RIGHT,667.0,27.0,512.0,24334,0.007100818539038298,1.356156444583819,0.813
2026-07-29T11:22:15.669280+00:00,1,RIGHT,672.0,32.0,512.0,23987,-0.0008659754320979119,-0.16538912473742717,1.088
2026-07-29T11:22:15.685944+00:00,1,RIGHT,672.0,32.0,512.0,24023,-0.0008659754320979119,-0.16538912473742717,1.253
2026-07-29T11:22:15.719069+00:00,1,RIGHT,668.0,28.0,512.0,23924,-0.012026235982775689,-2.2968418841380425,1.277
2026-07-29T11:22:15.752565+00:00,1,RIGHT,669.0,29.0,512.0,24150,0.13035541024059058,24.896049478274236,1.31
2026-07-29T11:22:15.786040+00:00,1,RIGHT,669.0,29.0,512.0,24082,0.14589302271604537,27.863514873452154,1.33
2026-07-29T11:22:15.802449+00:00,1,RIGHT,670.0,30.0,512.0,24396,-0.12238610602915287,-23.374024488370193,1.36
2026-07-29T11:22:15.837859+00:00,1,RIGHT,669.0,29.0,512.0,24102,-0.15717380350455643,-30.017985302765304,1.36
2026-07-29T11:22:15.902584+00:00,1,RIGHT,666.0,26.0,512.0,24334,0.668388141989708,127.65273204200356,1.303
2026-07-29T11:22:15.919210+00:00,1,RIGHT,664.0,24.0,512.0,24156,0.18555838965810836,35.43904193551197,1.232
2026-07-29T11:22:15.952590+00:00,1,RIGHT,662.0,22.0,512.0,24283,-0.571398808946833,-109.12913390485198,1.152
2026-07-29T11:22:15.969230+00:00,1,RIGHT,662.0,22.0,512.0,24275,0.1827016988885589,34.89345418728143,1.104
2026-07-29T11:22:16.019244+00:00,1,RIGHT,663.0,23.0,512.0,24475,-0.09536917836405337,-18.214171386302077,1.093
2026-07-29T11:22:16.036013+00:00,1,RIGHT,659.0,19.0,512.0,24249,0.018053188759367914,3.447905075549334,1.012
2026-07-29T11:22:16.052603+00:00,1,RIGHT,657.0,17.0,512.0,24312,0.1271152900857851,24.277232111655472,0.926
2026-07-29T11:22:16.102609+00:00,1,RIGHT,657.0,17.0,512.0,24282,0.018697506370954214,3.570960674915482,0.874
2026-07-29T11:22:16.152606+00:00,1,RIGHT,659.0,19.0,512.0,24128,0.16469269289635122,31.45398739868373,0.881
2026-07-29T11:22:16.169398+00:00,1,RIGHT,653.0,13.0,512.0,24034,-0.03180318208178505,-6.073960361241222,0.772
2026-07-29T11:22:16.185924+00:00,1,RIGHT,658.0,18.0,512.0,24114,-0.31223608514294027,-59.63269963459302,0.801
2026-07-29T11:22:16.252628+00:00,1,RIGHT,657.0,17.0,512.0,24268,-0.06282344918698073,-11.998394976228594,0.799
2026-07-29T11:22:16.285871+00:00,1,RIGHT,658.0,18.0,512.0,24236,0.05373247502371669,10.262146805503582,0.817
2026-07-29T11:22:16.302711+00:00,1,RIGHT,655.0,15.0,512.0,24296,0.0682834759913385,13.041183282621935,0.771
2026-07-29T11:22:16.352646+00:00,1,RIGHT,655.0,15.0,512.0,24129,0.005685810381546617,1.0859097932476314,0.744
2026-07-29T11:22:16.402524+00:00,1,RIGHT,656.0,16.0,512.0,24331,0.06100330213084817,11.650772494863407,0.746
2026-07-29T11:22:16.435902+00:00,1,RIGHT,659.0,19.0,512.0,24277,-0.18506656490266324,-35.34511032635511,0.804
2026-07-29T11:22:16.452650+00:00,1,RIGHT,655.0,15.0,512.0,24396,0.18964215643238277,36.21898393778423,0.764
2026-07-29T11:22:16.469494+00:00,1,RIGHT,657.0,17.0,512.0,24291,-0.06864874509628863,-13.110944542955815,0.777
2026-07-29T11:22:16.485906+00:00,1,RIGHT,655.0,15.0,512.0,24349,0.013089592372998594,2.4999279950648385,0.747
2026-07-29T11:22:16.552543+00:00,1,RIGHT,653.0,13.0,512.0,24206,0.0253537262044847,4.84220502149071,0.692
2026-07-29T11:22:16.569407+00:00,1,RIGHT,656.0,16.0,512.0,24293,-0.06562649487517774,-12.53373726861537,0.715
2026-07-29T11:22:16.619536+00:00,1,RIGHT,654.0,14.0,512.0,24177,-0.00025179130607284607,-0.048088597186869385,0.692
2026-07-29T11:22:16.652683+00:00,1,RIGHT,656.0,16.0,512.0,24005,0.13982706710696222,26.705002689738244,0.715
2026-07-29T11:22:16.686025+00:00,1,RIGHT,654.0,14.0,512.0,24093,-0.0003477586107328534,-0.06641700228108464,0.692
2026-07-29T11:22:16.719448+00:00,1,RIGHT,658.0,18.0,512.0,23960,0.004037692360579968,0.7711424374448224,0.752
2026-07-29T11:22:16.736035+00:00,1,RIGHT,660.0,20.0,512.0,24315,0.2689420300675556,51.364144188504746,0.826
2026-07-29T11:22:16.786123+00:00,1,RIGHT,654.0,14.0,512.0,24244,0.017480429597198963,3.338516133316901,0.758
2026-07-29T11:22:16.819456+00:00,1,RIGHT,655.0,15.0,512.0,24515,-0.145913254073821,-27.867378778166696,0.736
2026-07-29T11:22:16.852754+00:00,1,RIGHT,654.0,14.0,512.0,24001,-0.02641067695512902,-5.044067745374388,0.704
2026-07-29T11:22:16.870010+00:00,1,RIGHT,657.5,17.5,512.0,24166,0.10722682704566978,20.478815467653696,0.751
2026-07-29T11:22:16.919570+00:00,1,RIGHT,657.0,17.0,512.0,24229,-0.09395757145248354,-17.94457432508725,0.769
2026-07-29T11:22:16.986111+00:00,1,RIGHT,653.0,13.0,512.0,23859,-0.06646639275480994,-12.694145947698408,0.705
2026-07-29T11:22:17.002835+00:00,1,RIGHT,657.0,17.0,512.0,24366,-0.0002807321073487401,-0.053615883082987904,0.742
2026-07-29T11:22:17.036044+00:00,1,RIGHT,658.0,18.0,512.0,24537,-0.11320934316143394,-21.621391881994644,0.783
2026-07-29T11:22:17.069425+00:00,1,RIGHT,655.0,15.0,512.0,24171,0.33450299697811714,63.8853665377448,0.751
2026-07-29T11:22:17.086159+00:00,1,RIGHT,657.0,17.0,512.0,24388,0.02454095401801169,4.686976968188965,0.769
2026-07-29T11:22:17.119347+00:00,1,RIGHT,653.0,13.0,512.0,23920,0.09368566296994686,17.892643630210056,0.705
2026-07-29T11:22:17.136193+00:00,1,RIGHT,657.0,17.0,512.0,24365,0.009641230369452388,1.8413393649432575,0.742
2026-07-29T11:22:17.169443+00:00,1,RIGHT,654.0,14.0,512.0,23917,-0.1106723008491099,-21.136852492187046,0.708
2026-07-29T11:22:17.236120+00:00,1,RIGHT,656.0,16.0,512.0,24184,-0.0422167484932379,-8.062805044759363,0.725
2026-07-29T11:22:17.252972+00:00,1,RIGHT,655.0,15.0,512.0,24247,-0.20121279719052837,-38.42881354346355,0.716
2026-07-29T11:22:17.286009+00:00,1,RIGHT,654.0,14.0,512.0,24212,0.14508381218649447,27.70896704651611,0.692
2026-07-29T11:22:17.319360+00:00,1,RIGHT,656.0,16.0,512.0,24297,0.14614299747161566,27.911256535048793,0.715
2026-07-29T11:22:17.369390+00:00,1,RIGHT,655.0,15.0,512.0,24294,-0.007807382817845792,-1.4911002816850663,0.71
2026-07-29T11:22:17.386164+00:00,1,RIGHT,655.0,15.0,512.0,24455,0.08540114959701896,16.31041812491519,0.707
2026-07-29T11:22:17.452900+00:00,1,RIGHT,657.0,17.0,512.0,24281,0.13853004342410713,26.45728941321787,0.743
2026-07-29T11:22:17.469524+00:00,1,RIGHT,656.0,16.0,512.0,24111,0.021995227611623706,4.200779038585507,0.746
2026-07-29T11:22:17.486264+00:00,1,RIGHT,660.0,20.0,512.0,24375,0.32651142104994507,62.35908796326947,0.823
2026-07-29T11:22:17.519528+00:00,1,RIGHT,653.0,13.0,512.0,24045,-0.03549047235399485,-6.778180929365442,0.737
2026-07-29T11:22:17.569651+00:00,1,RIGHT,655.0,15.0,512.0,24095,-0.03549047235399485,-6.778180929365442,0.724
2026-07-29T11:22:17.586162+00:00,1,RIGHT,654.0,14.0,512.0,24233,-0.2179299001675099,-41.62154503101897,0.697
2026-07-29T11:22:17.636224+00:00,1,RIGHT,657.0,17.0,512.0,24224,0.057090185135602954,10.90342219963519,0.737
2026-07-29T11:22:17.652946+00:00,1,RIGHT,658.0,18.0,512.0,24096,0.057090185135602954,10.90342219963519,0.78
2026-07-29T11:22:17.669567+00:00,1,RIGHT,655.0,15.0,512.0,24253,-0.06405386300291865,-12.233386705254695,0.749
2026-07-29T11:22:17.719587+00:00,1,RIGHT,656.0,16.0,512.0,23982,-0.01037512367591262,-1.9815026618534988,0.749
2026-07-29T11:22:17.769558+00:00,1,RIGHT,656.0,16.0,512.0,24396,-0.02145932896019076,-4.098429935339307,0.75
2026-07-29T11:22:17.786292+00:00,1,RIGHT,660.0,20.0,512.0,24301,-0.10356346786953509,-19.77916540221023,0.825
2026-07-29T11:22:17.836310+00:00,1,RIGHT,656.0,16.0,512.0,24347,0.14064668141771108,26.86153749251969,0.795
2026-07-29T11:22:17.869606+00:00,1,RIGHT,658.0,18.0,512.0,24187,-0.21562880077864974,-41.182067420279566,0.814
2026-07-29T11:22:17.902872+00:00,1,RIGHT,655.0,15.0,512.0,24308,0.12299609792418778,23.49052435877915,0.77
2026-07-29T11:22:17.936308+00:00,1,RIGHT,655.0,15.0,512.0,24130,-0.20620054794708267,-39.381403768842695,0.743
2026-07-29T11:22:17.952859+00:00,1,RIGHT,655.0,15.0,512.0,24177,-0.11865038419608026,-22.660554173470405,0.727
2026-07-29T11:22:18.002862+00:00,1,RIGHT,655.0,15.0,512.0,23966,-0.1864741445146501,-35.61393823000681,0.718
2026-07-29T11:22:18.036371+00:00,1,RIGHT,657.0,17.0,512.0,24089,-0.1286941252043471,-24.578767407790938,0.749
2026-07-29T11:22:18.086364+00:00,1,RIGHT,658.0,18.0,512.0,24411,-0.05952369663398713,-11.368188660481756,0.787
2026-07-29T11:22:18.102863+00:00,1,RIGHT,656.0,16.0,512.0,24125,-0.10756813456304372,-20.544000401859076,0.772
2026-07-29T11:22:18.119592+00:00,1,RIGHT,656.0,16.0,512.0,24163,-0.00017049043206498029,-0.0325612740156175,0.763
2026-07-29T11:22:18.169507+00:00,1,RIGHT,657.0,17.0,512.0,24213,0.02562952389009297,4.894878499440142,0.777
2026-07-29T11:22:18.202976+00:00,1,RIGHT,658.0,18.0,512.0,24340,0.11523834706749767,22.00890308343801,0.804
2026-07-29T11:22:18.236383+00:00,1,RIGHT,654.0,14.0,512.0,24274,0.04716889272640401,9.008594925094256,0.745
2026-07-29T11:22:18.269580+00:00,1,RIGHT,656.0,16.0,512.0,24261,0.01253223366336897,2.393480322609388,0.747
2026-07-29T11:22:18.286400+00:00,1,RIGHT,656.0,16.0,512.0,24470,-0.0929383527673781,-17.749917894895866,0.748
2026-07-29T11:22:18.336408+00:00,1,RIGHT,656.0,16.0,512.0,24187,-0.057106582841370254,-10.906553930749068,0.749
2026-07-29T11:22:18.369615+00:00,1,RIGHT,655.0,15.0,512.0,24012,-0.08849363994784654,-16.90104027587303,0.731
2026-07-29T11:22:18.419696+00:00,1,RIGHT,655.0,15.0,512.0,24567,0.23812951853731648,45.47938796556845,0.72
2026-07-29T11:22:18.436348+00:00,1,RIGHT,656.0,16.0,512.0,24270,-0.08816513613797725,-16.83830066967477,0.732
2026-07-29T11:22:18.469670+00:00,1,RIGHT,658.0,18.0,512.0,24418,0.26248813038691876,50.13154014483368,0.777
2026-07-29T11:22:18.503112+00:00,1,RIGHT,655.0,15.0,512.0,24085,-0.11611943216063082,-22.17717794086608,0.747
2026-07-29T11:22:18.552935+00:00,1,RIGHT,656.0,16.0,512.0,24064,0.14391696865670384,27.486116347818943,0.748
2026-07-29T11:22:18.586310+00:00,1,RIGHT,657.0,17.0,512.0,24267,-0.09247531593311578,-17.6614843736881,0.768
2026-07-29T11:22:18.636334+00:00,1,RIGHT,658.0,18.0,512.0,24376,-0.031861627739854154,-6.0851226597019705,0.798
2026-07-29T11:22:18.653063+00:00,1,RIGHT,656.0,16.0,512.0,24165,0.04473921050288482,8.544559801875552,0.779
2026-07-29T11:22:18.686370+00:00,1,RIGHT,659.0,19.0,512.0,24341,0.04473921050288482,8.544559801875552,0.824
2026-07-29T11:22:18.752955+00:00,1,RIGHT,656.0,16.0,512.0,24238,0.04473921050288482,8.544559801875552,0.794
2026-07-29T11:22:18.769787+00:00,1,RIGHT,656.0,16.0,512.0,24182,0.04473921050288482,8.544559801875552,0.776
2026-07-29T11:22:18.786247+00:00,1,RIGHT,657.0,17.0,512.0,24314,0.04473921050288482,8.544559801875552,0.785
2026-07-29T11:22:18.803137+00:00,1,RIGHT,655.0,15.0,512.0,24212,0.04473921050288482,8.544559801875552,0.752
2026-07-29T11:22:18.852971+00:00,1,RIGHT,655.0,15.0,512.0,24091,0.04473921050288482,8.544559801875552,0.732
2026-07-29T11:22:18.886398+00:00,1,RIGHT,654.0,14.0,512.0,24065,0.04473921050288482,8.544559801875552,0.702
2026-07-29T11:22:18.903160+00:00,1,RIGHT,654.0,14.0,512.0,24367,-4.551711754174903e-05,-0.008693129102477014,0.684
2026-07-29T11:22:18.969893+00:00,1,RIGHT,658.0,18.0,512.0,24072,-0.05565299857466016,-10.628939785252044,0.748
2026-07-29T11:22:18.986417+00:00,1,RIGHT,657.0,17.0,512.0,24443,0.078327592224814,14.959468179678549,0.767
2026-07-29T11:22:19.019845+00:00,1,RIGHT,655.0,15.0,512.0,23965,0.30109780792146923,57.50544538180305,0.742
2026-07-29T11:22:19.053089+00:00,1,RIGHT,655.0,15.0,512.0,24102,0.01741719305049628,3.326438842526749,0.726
2026-07-29T11:22:19.086571+00:00,1,RIGHT,655.0,15.0,512.0,24353,0.017817516261711717,3.4028949440059777,0.717
2026-07-29T11:22:19.103082+00:00,1,RIGHT,655.0,15.0,512.0,24142,-0.21265315333468607,-40.61376062075286,0.711
2026-07-29T11:22:19.136639+00:00,1,RIGHT,653.0,13.0,512.0,24209,-0.17226524707832142,-32.90023871455384,0.671
2026-07-29T11:22:19.186437+00:00,1,RIGHT,655.0,15.0,512.0,24166,-0.007588156596757472,-1.4492311575951908,0.684
2026-07-29T11:22:19.219858+00:00,1,RIGHT,657.0,17.0,512.0,24325,0.013537727396469563,2.585515480054447,0.729
2026-07-29T11:22:19.253092+00:00,1,RIGHT,656.0,16.0,512.0,24354,-9.530717215966433e-05,-0.018202329073585016,0.737
2026-07-29T11:22:19.286601+00:00,1,RIGHT,656.0,16.0,512.0,24022,-0.17491382190026342,-33.40607924462681,0.742
2026-07-29T11:22:19.336570+00:00,1,RIGHT,654.0,14.0,512.0,24217,-4.839501343667507e-05,-0.009242766731334638,0.708
2026-07-29T11:22:19.369886+00:00,1,RIGHT,655.0,15.0,512.0,24272,-0.1699141425639391,-32.45121082832631,0.706
2026-07-29T11:22:19.386484+00:00,1,RIGHT,655.0,15.0,512.0,23997,-4.2566919000819344e-06,-0.0008129682685407265,0.705
2026-07-29T11:22:19.419881+00:00,1,RIGHT,658.0,18.0,512.0,24355,0.15965862545184792,30.492551337502903,0.76
2026-07-29T11:22:19.453362+00:00,1,RIGHT,657.0,17.0,512.0,24352,-0.1324244385624479,-25.291204780059104,0.775
2026-07-29T11:22:19.469710+00:00,1,RIGHT,656.0,16.0,512.0,24293,-0.045834207898005845,-8.753688899603064,0.765
2026-07-29T11:22:19.519787+00:00,1,RIGHT,657.0,17.0,512.0,24257,7.977599016157911e-06,0.001523609180911887,0.778
2026-07-29T11:22:19.569698+00:00,1,RIGHT,654.0,14.0,512.0,24151,-9.978305868571624e-05,-0.019057160431992508,0.729
2026-07-29T11:22:19.603235+00:00,1,RIGHT,657.0,17.0,512.0,24238,-5.0542879616841664e-05,-0.009652978954942742,0.756
2026-07-29T11:22:19.619849+00:00,1,RIGHT,655.0,15.0,512.0,23928,-7.230459828861058e-05,-0.013809161071087404,0.735
2026-07-29T11:22:19.669873+00:00,1,RIGHT,655.0,15.0,512.0,24063,-0.11356894090306013,-21.690069991720033,0.722
2026-07-29T11:22:19.719921+00:00,1,RIGHT,655.0,15.0,512.0,24098,-7.774626254104077e-05,-0.014848442388392278,0.715
2026-07-29T11:22:19.736497+00:00,1,RIGHT,657.0,17.0,512.0,24176,-7.774626254104077e-05,-0.014848442388392278,0.748
2026-07-29T11:22:19.753264+00:00,1,RIGHT,657.0,17.0,512.0,24209,0.1588725532789249,30.342422611165684,0.767
2026-07-29T11:22:19.786509+00:00,1,RIGHT,656.0,16.0,512.0,24117,-0.15147611437132583,-28.92980683505975,0.76
2026-07-29T11:22:19.836550+00:00,1,RIGHT,656.0,16.0,512.0,24359,-0.028025099392980337,-5.352399718841395,0.756
2026-07-29T11:22:19.886555+00:00,1,RIGHT,658.0,18.0,512.0,24312,0.1675237984899286,31.994688738243276,0.791
2026-07-29T11:22:19.919955+00:00,1,RIGHT,654.0,14.0,512.0,24099,0.021250908887013795,4.05862463347648,0.737
2026-07-29T11:22:19.936536+00:00,1,RIGHT,654.0,14.0,512.0,24130,-0.18811603994108736,-35.92751715779576,0.705
2026-07-29T11:22:19.986440+00:00,1,RIGHT,655.0,15.0,512.0,24381,0.06099676145007834,11.64952331685256,0.704
2026-07-29T11:22:20.036537+00:00,1,RIGHT,654.0,14.0,512.0,24045,0.34426485003437846,65.74974313891366,0.685
2026-07-29T11:22:20.069915+00:00,1,RIGHT,655.0,15.0,512.0,24268,0.04742963127791881,9.058392320288098,0.692
2026-07-29T11:22:20.086713+00:00,1,RIGHT,655.0,15.0,512.0,23962,0.04742963127791881,9.058392320288098,0.697
2026-07-29T11:22:20.103207+00:00,1,RIGHT,655.0,15.0,512.0,24063,0.09933596302638761,18.971771450932007,0.699
2026-07-29T11:22:20.136661+00:00,1,RIGHT,654.0,14.0,512.0,24274,-5.336313945008441e-05,-0.010191608906859672,0.682
2026-07-29T11:22:20.186639+00:00,1,RIGHT,657.0,17.0,512.0,24172,0.04363036424387246,8.332785765974625,0.728
2026-07-29T11:22:20.219930+00:00,1,RIGHT,654.0,14.0,512.0,24095,0.09257789744995534,17.68107600025796,0.699
2026-07-29T11:22:20.253182+00:00,1,RIGHT,656.0,16.0,512.0,24124,0.37064727158751337,70.78841450001237,0.72
2026-07-29T11:22:20.269981+00:00,1,RIGHT,654.0,14.0,512.0,24300,-0.23161264248466978,-44.23475632081334,0.694
2026-07-29T11:22:20.303195+00:00,1,RIGHT,655.0,15.0,512.0,24296,-0.023029680135659873,-4.3983449176986,0.698
2026-07-29T11:22:20.336697+00:00,1,RIGHT,653.0,13.0,512.0,24177,-0.023029680135659873,-4.3983449176986,0.662
2026-07-29T11:22:20.369987+00:00,1,RIGHT,653.0,13.0,512.0,24170,0.07422548279166222,14.17602298761055,0.641
2026-07-29T11:22:20.403384+00:00,1,RIGHT,654.0,14.0,512.0,24128,0.07422548279166222,14.17602298761055,0.647
2026-07-29T11:22:20.419848+00:00,1,RIGHT,657.0,17.0,512.0,24219,0.07422548279166222,14.17602298761055,0.707
2026-07-29T11:22:20.469837+00:00,1,RIGHT,655.0,15.0,512.0,24189,0.07422548279166222,14.17602298761055,0.706
2026-07-29T11:22:20.503267+00:00,1,RIGHT,658.0,18.0,512.0,24215,0.07422548279166222,14.17602298761055,0.761
2026-07-29T11:22:20.520007+00:00,1,RIGHT,653.0,13.0,512.0,24079,0.07422548279166222,14.17602298761055,0.7
2026-07-29T11:22:20.553395+00:00,1,RIGHT,651.0,11.0,512.0,23916,0.07422548279166222,14.17602298761055,0.626
2026-07-29T11:22:20.603372+00:00,1,RIGHT,654.0,14.0,512.0,24035,-0.1365192376077175,-26.073253790886262,0.638
2026-07-29T11:22:20.619970+00:00,1,RIGHT,656.0,16.0,512.0,23886,0.02911932095885277,5.561380644097017,0.683
2026-07-29T11:22:20.653419+00:00,1,RIGHT,662.0,22.0,512.0,24185,0.012952914754860103,2.473824492820717,0.822
2026-07-29T11:22:20.703379+00:00,1,RIGHT,660.0,20.0,512.0,24327,-0.0026312273181974886,-0.502527400907474,0.868
2026-07-29T11:22:20.720010+00:00,1,RIGHT,659.0,19.0,512.0,24150,-0.01918351153843105,-3.663780824642054,0.877
2026-07-29T11:22:20.770005+00:00,1,RIGHT,659.0,19.0,512.0,24204,-0.05875274490565061,-11.22094772634176,0.883
2026-07-29T11:22:20.803381+00:00,1,RIGHT,657.0,17.0,512.0,24110,-0.05875274490565061,-11.22094772634176,0.848
2026-07-29T11:22:20.820003+00:00,1,RIGHT,657.0,17.0,512.0,24102,0.019767298344522715,3.7752758917236355,0.828
2026-07-29T11:22:20.853432+00:00,1,RIGHT,658.0,18.0,512.0,24016,-0.026736310538835822,-5.106259178754788,0.834
2026-07-29T11:22:20.886840+00:00,1,RIGHT,658.0,18.0,512.0,23971,0.19538256010971963,37.3153202824935,0.838
2026-07-29T11:22:20.936944+00:00,1,RIGHT,658.0,18.0,512.0,23841,0.08837330826558172,16.87805861742142,0.84
2026-07-29T11:22:20.953467+00:00,1,RIGHT,659.0,19.0,512.0,24160,-0.012529285664204508,-2.3929172962422824,0.86
2026-07-29T11:22:21.003376+00:00,1,RIGHT,661.0,21.0,512.0,24216,0.1199260582961142,22.904189980024054,0.91
2026-07-29T11:22:21.036683+00:00,1,RIGHT,660.0,20.0,512.0,24148,-0.00024742059409618375,-0.04725385268776928,0.921
2026-07-29T11:22:21.053806+00:00,1,RIGHT,662.0,22.0,512.0,24095,0.05389047048680368,10.292321716227246,0.965
2026-07-29T11:22:21.086949+00:00,1,RIGHT,658.0,18.0,512.0,24274,0.11768321147188544,22.475837789615294,0.917
2026-07-29T11:22:21.136642+00:00,1,RIGHT,661.0,21.0,512.0,24180,0.11768321147188544,22.475837789615294,0.944
2026-07-29T11:22:21.153451+00:00,1,RIGHT,658.0,18.0,512.0,24213,0.11768321147188544,22.475837789615294,0.904
2026-07-29T11:22:21.170165+00:00,1,RIGHT,659.0,19.0,512.0,24207,0.11768321147188544,22.475837789615294,0.898
2026-07-29T11:22:21.220135+00:00,1,RIGHT,253.0,-387.0,512.0,23727,0.11768321147188544,22.475837789615294,-3.102
2026-07-29T11:22:21.253441+00:00,1,RIGHT,659.0,19.0,512.0,24309,0.11768321147188544,22.475837789615294,-1.505
2026-07-29T11:22:21.270168+00:00,1,RIGHT,659.0,19.0,512.0,24230,0.11768321147188544,22.475837789615294,-0.547
2026-07-29T11:22:21.320161+00:00,1,RIGHT,659.0,19.0,512.0,24211,0.11768321147188544,22.475837789615294,0.028
2026-07-29T11:22:21.336835+00:00,1,RIGHT,659.0,19.0,512.0,24368,0.30677749135531485,58.59018501423546,0.373
2026-07-29T11:22:21.370166+00:00,1,RIGHT,662.0,22.0,512.0,23878,-0.1345246866112575,-25.69232261048369,0.636
2026-07-29T11:22:21.386835+00:00,1,RIGHT,661.0,21.0,512.0,24081,-0.04490174638107419,-8.575601868007897,0.776
2026-07-29T11:22:21.453418+00:00,1,RIGHT,660.0,20.0,512.0,24198,0.5042270627070684,96.30027536464442,0.84
2026-07-29T11:22:21.486818+00:00,1,RIGHT,655.0,15.0,512.0,24354,0.1517489055916667,28.981906120438936,0.785
2026-07-29T11:22:21.503449+00:00,1,RIGHT,658.0,18.0,512.0,24347,0.19608025668887422,37.44857051371441,0.809
2026-07-29T11:22:21.553436+00:00,1,RIGHT,657.0,17.0,512.0,24264,-0.05280437180306762,-10.084892147184613,0.804
2026-07-29T11:22:21.570201+00:00,1,RIGHT,658.0,18.0,512.0,24198,-0.05548041761270724,-10.595979249438011,0.82
2026-07-29T11:22:21.603451+00:00,1,RIGHT,655.0,15.0,512.0,24205,0.11889082435984165,22.706474862166946,0.773
2026-07-29T11:22:21.653498+00:00,1,RIGHT,653.0,13.0,512.0,23330,0.09982747630216181,19.065643571853713,0.708
2026-07-29T11:22:21.703606+00:00,1,RIGHT,631.0,-9.0,512.0,17974,-0.42999531485140324,-82.12305583794804,0.256
2026-07-29T11:22:21.720059+00:00,1,RIGHT,618.0,-22.0,512.0,13132,-0.0687204330228269,-13.124635928398106,-0.259
2026-07-29T11:22:21.736884+00:00,1,RIGHT,619.0,-21.0,512.0,13012,0.05285901513881981,10.095328255575001,-0.549
2026-07-29T11:22:21.753606+00:00,1,RIGHT,628.0,-12.0,512.0,17336,-0.035709687229245904,-6.820047886560016,-0.554
2026-07-29T11:22:21.836835+00:00,1,RIGHT,618.0,-22.0,512.0,11933,-0.17456134550855495,-33.338761212550494,-0.745
2026-07-29T11:22:21.870145+00:00,1,RIGHT,616.0,-24.0,512.0,12510,-0.15293587731197478,-29.208601020355722,-0.897
2026-07-29T11:22:21.903565+00:00,1,RIGHT,624.0,-16.0,512.0,16190,-0.09404587899683975,-17.961439823723165,-0.838
2026-07-29T11:22:21.936857+00:00,1,RIGHT,653.0,13.0,512.0,24176,0.02067741666920483,3.9490956879296437,-0.259
2026-07-29T11:22:21.953643+00:00,1,RIGHT,652.0,12.0,512.0,23671,0.18958086424332576,36.20727799195061,0.069
2026-07-29T11:22:21.970149+00:00,1,RIGHT,652.0,12.0,512.0,24297,0.13287266379906215,25.376809494489937,0.267
2026-07-29T11:22:22.003609+00:00,1,RIGHT,653.5,13.5,512.0,24320,0.3311548685398884,63.245921108484026,0.413
2026-07-29T11:22:22.070118+00:00,1,RIGHT,656.0,16.0,512.0,23891,-1.0969845311390236,-209.50861275134494,0.548
2026-07-29T11:22:22.086911+00:00,1,RIGHT,658.0,18.0,512.0,23979,0.24929047554731368,47.61097373890108,0.666
2026-07-29T11:22:22.120260+00:00,1,RIGHT,659.0,19.0,512.0,24025,-0.18070973337627946,-34.51301679798401,0.756
2026-07-29T11:22:22.170248+00:00,1,RIGHT,657.0,17.0,512.0,23953,-0.214242330417037,-40.91727108647827,0.772
2026-07-29T11:22:22.203636+00:00,1,RIGHT,657.0,17.0,512.0,23692,-0.214242330417037,-40.91727108647827,0.782
2026-07-29T11:22:22.220271+00:00,1,RIGHT,661.0,21.0,512.0,24075,0.5850454010721297,111.73544101657185,0.863
2026-07-29T11:22:22.253635+00:00,1,RIGHT,654.0,14.0,512.0,23726,-0.2368655935116112,-45.2379960669222,0.78
2026-07-29T11:22:22.287716+00:00,1,RIGHT,656.0,16.0,512.0,24196,-0.02161780932918191,-4.128697456268869,0.768
2026-07-29T11:22:22.336900+00:00,1,RIGHT,650.0,10.0,512.0,22604,-0.07657683423138223,-14.62509803310377,0.648
2026-07-29T11:22:22.353710+00:00,1,RIGHT,655.0,15.0,512.0,23781,-0.37069945128867404,-70.7983800888549,0.67
2026-07-29T11:22:22.403638+00:00,1,RIGHT,654.0,14.0,512.0,23558,-0.37069945128867404,-70.7983800888549,0.665
2026-07-29T11:22:22.420309+00:00,1,RIGHT,656.0,16.0,512.0,23606,-0.0007129195018205792,-0.136157595289628,0.699
2026-07-29T11:22:22.453659+00:00,1,RIGHT,656.0,16.0,512.0,24068,-0.25903368640923874,-49.471789943215505,0.719
2026-07-29T11:22:22.503515+00:00,1,RIGHT,653.0,13.0,512.0,23464,-0.4267547399015166,-81.50415161186696,0.675
2026-07-29T11:22:22.537035+00:00,1,RIGHT,658.0,18.0,512.0,23970,0.26025545710232106,49.705130957370145,0.743
2026-07-29T11:22:22.553571+00:00,1,RIGHT,664.0,24.0,512.0,24045,-0.4860840735398233,-92.8352196745287,0.896
2026-07-29T11:22:22.587067+00:00,1,RIGHT,657.0,17.0,512.0,24164,0.06012872604653239,11.483740766548834,0.856
2026-07-29T11:22:22.654064+00:00,1,RIGHT,655.0,15.0,512.0,24217,0.0009509133733808994,0.18161107659091114,0.795
2026-07-29T11:22:22.687046+00:00,1,RIGHT,656.0,16.0,512.0,23302,0.36213746421039106,69.16316100941769,0.777
2026-07-29T11:22:22.703552+00:00,1,RIGHT,660.0,20.0,512.0,23897,-0.33698297492461277,-64.35900743647721,0.841
2026-07-29T11:22:22.720297+00:00,1,RIGHT,658.0,18.0,512.0,24072,0.04262752730632201,8.141258019103073,0.842
2026-07-29T11:22:22.787103+00:00,1,RIGHT,661.0,21.0,512.0,24254,-0.13157795131672173,-25.129537624753226,0.899
2026-07-29T11:22:22.803545+00:00,1,RIGHT,656.0,16.0,512.0,23842,0.011944741625338793,2.281277608353827,0.839
2026-07-29T11:22:22.837073+00:00,1,RIGHT,655.0,15.0,512.0,23654,0.16876099474029616,32.230975816828185,0.785
2026-07-29T11:22:22.887080+00:00,1,RIGHT,657.0,17.0,512.0,24132,-0.0001531916158273816,-0.029257443478994897,0.79
2026-07-29T11:22:22.903702+00:00,1,RIGHT,655.0,15.0,512.0,23291,-0.014797587841749192,-2.826131101021098,0.755
2026-07-29T11:22:22.920326+00:00,1,RIGHT,659.0,19.0,512.0,24089,-0.04032322809100151,-7.701169286525832,0.809
2026-07-29T11:22:22.970348+00:00,1,RIGHT,654.0,14.0,512.0,24110,-0.30078246297314765,-57.44521893303772,0.748
2026-07-29T11:22:23.003715+00:00,1,RIGHT,615.0,-25.0,512.0,11678,0.1406617627106607,26.864417807305067,-0.02
2026-07-29T11:22:23.037083+00:00,1,NONE,0.0,0.0,512.0,0,-0.7131412186380476,-136.19994008258803,-0.481
2026-07-29T11:22:23.070322+00:00,1,RIGHT,635.0,-5.0,512.0,7904,-0.07846846599131822,-14.986373087227891,-0.382
2026-07-29T11:22:23.103725+00:00,1,RIGHT,636.0,-4.0,512.0,16522,0.22119015785865487,42.244208383777874,-0.304
2026-07-29T11:22:23.120372+00:00,1,RIGHT,638.0,-2.0,512.0,18966,0.23113360785879195,44.143267446468585,-0.22
2026-07-29T11:22:23.170359+00:00,1,RIGHT,648.0,8.0,512.0,22918,-0.3624762689881027,-69.22786795555685,0.018
2026-07-29T11:22:23.187463+00:00,1,RIGHT,650.0,10.0,512.0,23868,-0.3624762689881027,-69.22786795555685,0.198
2026-07-29T11:22:23.203731+00:00,1,RIGHT,646.0,6.0,512.0,22940,0.362837975602597,69.2969488303318,0.231
2026-07-29T11:22:23.270508+00:00,1,RIGHT,653.0,13.0,512.0,23555,-0.14630048883147537,-27.94133516914792,0.383
2026-07-29T11:22:23.303729+00:00,1,RIGHT,653.0,13.0,512.0,23571,0.11923575920052826,22.772352564094813,0.473
2026-07-29T11:22:23.320504+00:00,1,RIGHT,652.0,12.0,512.0,23805,0.032212719961535186,6.152176334775952,0.509
2026-07-29T11:22:23.353748+00:00,1,RIGHT,657.5,17.5,512.0,24126,-0.058590159203158694,-11.189896144468571,0.634
2026-07-29T11:22:23.403748+00:00,1,RIGHT,657.0,17.0,512.0,24158,0.07773611126933247,14.846503638307023,0.699
2026-07-29T11:22:23.437005+00:00,1,RIGHT,655.0,15.0,512.0,24146,-0.0573118197756412,-10.945751297862165,0.701
2026-07-29T11:22:23.453764+00:00,1,RIGHT,658.0,18.0,512.0,24330,-0.09315268027596176,-17.79085143381386,0.758
2026-07-29T11:22:23.470476+00:00,1,RIGHT,658.0,18.0,512.0,24250,0.051826654188334945,9.898161837585345,0.792
2026-07-29T11:22:23.537234+00:00,1,RIGHT,654.0,14.0,512.0,24135,-0.3247854044730775,-62.02944307918904,0.738
2026-07-29T11:22:23.553763+00:00,1,RIGHT,662.0,22.0,512.0,24173,-0.02834854812826961,-5.414173876911128,0.855
2026-07-29T11:22:23.587017+00:00,1,RIGHT,658.0,18.0,512.0,24480,-0.048823273659218104,-9.324558408951468,0.851
2026-07-29T11:22:23.637191+00:00,1,RIGHT,659.0,19.0,512.0,24345,-0.12566552473639603,-24.000347325641133,0.867
2026-07-29T11:22:23.670512+00:00,1,RIGHT,654.0,14.0,512.0,24168,0.1095839480496943,20.928992418761176,0.782
2026-07-29T11:22:23.687147+00:00,1,RIGHT,654.0,14.0,512.0,24241,0.1334520126436837,25.48745697336525,0.732
2026-07-29T11:22:23.737171+00:00,1,RIGHT,657.0,17.0,512.0,24358,-0.3129852892272174,-59.77578707466983,0.758
2026-07-29T11:22:23.753787+00:00,1,RIGHT,656.0,16.0,512.0,24385,-0.22290705887135118,-42.572112323342,0.755
2026-07-29T11:22:23.770533+00:00,1,RIGHT,655.0,15.0,512.0,23873,0.11576356930658221,22.10921314212453,0.734
2026-07-29T11:22:23.787160+00:00,1,RIGHT,656.0,16.0,512.0,24233,0.1393157075997442,26.607340217813306,0.74
2026-07-29T11:22:23.853788+00:00,1,RIGHT,657.0,17.0,512.0,24210,0.20988416355103254,40.08492252702557,0.763
2026-07-29T11:22:23.903848+00:00,1,RIGHT,656.0,16.0,512.0,24198,0.002717811798211187,0.5190638184945399,0.758
2026-07-29T11:22:23.920534+00:00,1,RIGHT,655.0,15.0,512.0,23957,0.43277804881334303,82.65451887637093,0.736
2026-07-29T11:22:23.953841+00:00,1,RIGHT,658.0,18.0,512.0,24545,0.13908547318540512,26.563368683678984,0.779
2026-07-29T11:22:24.003920+00:00,1,RIGHT,656.0,16.0,512.0,24201,-0.17606481013819575,-33.62590180563588,0.767
2026-07-29T11:22:24.037294+00:00,1,RIGHT,655.0,15.0,512.0,24149,0.10765560691594146,20.56070639067614,0.742
2026-07-29T11:22:24.053812+00:00,1,RIGHT,658.0,18.0,512.0,24290,0.014014662753324955,2.676603423549046,0.783
2026-07-29T11:22:24.103925+00:00,1,RIGHT,654.0,14.0,512.0,24229,0.20357061627320946,38.87912381777366,0.732
2026-07-29T11:22:24.153936+00:00,1,RIGHT,657.0,17.0,512.0,24386,-0.22280733911320566,-42.55306725242265,0.758
2026-07-29T11:22:24.170524+00:00,1,RIGHT,655.0,15.0,512.0,24135,-0.030969891343265773,-5.914813553159576,0.736
2026-07-29T11:22:24.187254+00:00,1,RIGHT,658.0,18.0,512.0,24206,0.06621804878115654,12.646715742505583,0.779
2026-07-29T11:22:24.220435+00:00,1,RIGHT,658.0,18.0,512.0,24235,0.06621804878115654,12.646715742505583,0.805
2026-07-29T11:22:24.237211+00:00,1,RIGHT,658.0,18.0,512.0,24182,0.04240855817683041,8.099437995891332,0.82
2026-07-29T11:22:24.287080+00:00,1,RIGHT,658.0,18.0,512.0,24056,-0.18808652160689235,-35.92187957123699,0.83
2026-07-29T11:22:24.320612+00:00,1,RIGHT,657.0,17.0,512.0,24047,-0.017081353892572225,-3.262298288045829,0.817
2026-07-29T11:22:24.353964+00:00,1,RIGHT,658.0,18.0,512.0,23775,0.1190282066166401,22.73271294048206,0.827
2026-07-29T11:22:24.403967+00:00,1,RIGHT,663.5,23.5,512.0,24370,-0.3011502718925476,-57.51546526220067,0.937
2026-07-29T11:22:24.420582+00:00,1,RIGHT,665.0,25.0,512.0,24013,0.10412072967737913,19.885594567787873,1.031
2026-07-29T11:22:24.453976+00:00,1,RIGHT,664.0,24.0,512.0,24012,0.2636966716125608,50.36235451682319,1.069
2026-07-29T11:22:24.470577+00:00,1,RIGHT,667.0,27.0,512.0,24236,0.26255521070212123,50.144351541332036,1.147
2026-07-29T11:22:24.503966+00:00,1,RIGHT,671.0,31.0,512.0,24108,-0.3538590664975345,-67.58210350915958,1.27
2026-07-29T11:22:24.554024+00:00,1,RIGHT,674.0,34.0,512.0,24106,-0.14143458385020494,-27.01201577268632,1.399
2026-07-29T11:22:24.587253+00:00,1,RIGHT,674.0,34.0,512.0,23912,-0.15261629328131676,-29.147564966500774,1.477
2026-07-29T11:22:24.604093+00:00,1,RIGHT,675.0,35.0,512.0,23842,-0.1677783954143524,-32.04331316906493,1.543
2026-07-29T11:22:24.653985+00:00,1,RIGHT,674.0,34.0,512.0,24122,-0.0878020092099905,-16.76894853500413,1.563
2026-07-29T11:22:24.687225+00:00,1,RIGHT,673.0,33.0,512.0,24073,0.16922543257474898,32.319676909362656,1.557
2026-07-29T11:22:24.704015+00:00,1,RIGHT,678.0,38.0,512.0,24040,-0.1897328396141529,-36.236303149745055,1.646
2026-07-29T11:22:24.754016+00:00,1,RIGHT,680.0,40.0,512.0,24086,-0.0697514977864921,-13.321554792940338,1.738
2026-07-29T11:22:24.803865+00:00,1,RIGHT,686.0,46.0,512.0,23634,0.3299922564160079,63.023878548787046,1.905
2026-07-29T11:22:24.820620+00:00,1,RIGHT,686.0,46.0,512.0,24103,-0.11931086882948876,-22.786697446562247,2.006
2026-07-29T11:22:24.853995+00:00,1,RIGHT,685.0,45.0,512.0,24063,0.0022512417659163475,0.4299555061686171,2.047
2026-07-29T11:22:24.870622+00:00,1,RIGHT,685.0,45.0,512.0,23664,-0.23412041701376438,-44.71370597577177,2.072
2026-07-29T11:22:24.920598+00:00,1,RIGHT,681.0,41.0,512.0,23988,0.08137043942697346,15.540609187634974,2.012
2026-07-29T11:22:24.937377+00:00,1,RIGHT,678.0,38.0,512.0,24275,0.03898818910121918,7.446195621192711,1.92
2026-07-29T11:22:24.987392+00:00,1,RIGHT,673.0,33.0,512.0,23903,-0.45679049211670647,-87.24055773330394,1.771
2026-07-29T11:22:25.003884+00:00,1,RIGHT,667.0,27.0,512.0,23870,0.3238458056747913,61.849992927264495,1.569
2026-07-29T11:22:25.070794+00:00,1,RIGHT,675.0,35.0,512.0,24127,-0.11312161475419999,-21.60463699040161,1.597
2026-07-29T11:22:25.087441+00:00,1,RIGHT,669.0,29.0,512.0,24189,0.2497179291397333,47.69261136151225,1.502
2026-07-29T11:22:25.120511+00:00,1,RIGHT,667.0,27.0,512.0,24039,0.2497179291397333,47.69261136151225,1.408
2026-07-29T11:22:25.153910+00:00,1,RIGHT,670.0,30.0,512.0,24124,0.13726155190728606,26.215025379011223,1.407
2026-07-29T11:22:25.220670+00:00,1,RIGHT,669.0,29.0,512.0,24091,-0.4100506688049063,-78.31390903012618,1.388
2026-07-29T11:22:25.254037+00:00,1,RIGHT,666.0,26.0,512.0,23852,-0.05483500504866243,-10.472714529556395,1.32
2026-07-29T11:22:25.270659+00:00,1,RIGHT,669.0,29.0,512.0,24073,-0.08104773182421923,-15.478976575452968,1.336
2026-07-29T11:22:25.304097+00:00,1,RIGHT,669.0,29.0,512.0,24110,-0.4683419319614768,-89.44672023465259,1.345
2026-07-29T11:22:25.320656+00:00,1,RIGHT,668.0,28.0,512.0,23856,-0.013862097579985857,-2.647465621772339,1.332
2026-07-29T11:22:25.337453+00:00,1,RIGHT,667.0,27.0,512.0,24033,-0.11056017190217972,-21.115437440785897,1.306
2026-07-29T11:22:25.404099+00:00,1,RIGHT,665.0,25.0,512.0,23900,0.09063645588234066,17.310287973606012,1.252
2026-07-29T11:22:25.420621+00:00,1,RIGHT,666.0,26.0,512.0,24184,-0.08460777280852198,-16.15889431976679,1.239
2026-07-29T11:22:25.470728+00:00,1,RIGHT,666.0,26.0,512.0,23997,-0.12744462995789946,-24.34013139398058,1.231
2026-07-29T11:22:25.520640+00:00,1,RIGHT,667.0,27.0,512.0,23870,0.08414058279246092,16.06966759926363,1.245
2026-07-29T11:22:25.554081+00:00,1,RIGHT,668.0,28.0,512.0,23844,0.1617280868347734,30.887789347859364,1.272
2026-07-29T11:22:25.570909+00:00,1,RIGHT,668.0,28.0,512.0,24016,-0.11237379002384841,-21.46181298751943,1.288
2026-07-29T11:22:25.603935+00:00,1,RIGHT,668.0,28.0,512.0,24101,0.12208233334124088,23.31600817854119,1.298
2026-07-29T11:22:25.637462+00:00,1,RIGHT,667.0,27.0,512.0,24055,0.12208233334124088,23.31600817854119,1.285
2026-07-29T11:22:25.654096+00:00,1,RIGHT,666.0,26.0,512.0,24232,0.22634266989305615,43.2282656953164,1.258
2026-07-29T11:22:25.704165+00:00,1,RIGHT,666.0,26.0,512.0,23945,0.06090045876102522,11.631130858057546,1.243
2026-07-29T11:22:25.720789+00:00,1,RIGHT,667.0,27.0,512.0,23897,0.0058900779858231545,1.1249220319686117,1.252
2026-07-29T11:22:25.754108+00:00,1,RIGHT,668.0,28.0,512.0,24069,-0.003918960429728031,-0.7484663090073054,1.276
2026-07-29T11:22:25.804142+00:00,1,RIGHT,667.0,27.0,512.0,24170,0.016845049625262617,3.2171674973865896,1.272
2026-07-29T11:22:25.820771+00:00,1,RIGHT,667.0,27.0,512.0,24290,-0.00017353990813717246,-0.03314368104449331,1.269
2026-07-29T11:22:25.837327+00:00,1,RIGHT,668.0,28.0,512.0,24085,0.12708400534465908,24.271257166223208,1.287
2026-07-29T11:22:25.904126+00:00,1,RIGHT,667.0,27.0,512.0,24157,-0.11422058719675988,-21.814525266267825,1.278
2026-07-29T11:22:25.920880+00:00,1,RIGHT,667.0,27.0,512.0,24162,0.6044305990356952,115.43774111103153,1.273
2026-07-29T11:22:25.954157+00:00,1,RIGHT,666.0,26.0,512.0,24181,-0.1392040093243122,-26.586007418609494,1.251
2026-07-29T11:22:25.970846+00:00,1,RIGHT,668.0,28.0,512.0,23967,-0.01849567116238177,-3.532412989554336,1.276
2026-07-29T11:22:25.987544+00:00,1,RIGHT,667.0,27.0,512.0,24462,0.17543022383004428,33.50470474832299,1.272
2026-07-29T11:22:26.054227+00:00,1,RIGHT,667.0,27.0,512.0,23797,0.22361605433281512,42.70752048212805,1.269
2026-07-29T11:22:26.087482+00:00,1,RIGHT,669.0,29.0,512.0,24262,-0.285917473253794,-54.60621502162331,1.305
2026-07-29T11:22:26.120859+00:00,1,RIGHT,668.0,28.0,512.0,24084,-0.27522674037783873,-52.56443544264333,1.308
2026-07-29T11:22:26.170896+00:00,1,RIGHT,667.0,27.0,512.0,24190,-0.011917171948480245,-2.2760121879320456,1.291
2026-07-29T11:22:26.187488+00:00,1,RIGHT,665.0,25.0,512.0,24022,0.12933243019040674,24.700674680268854,1.243
2026-07-29T11:22:26.220967+00:00,1,RIGHT,667.0,27.0,512.0,24106,-0.1304163212707499,-24.907682628120646,1.252
2026-07-29T11:22:26.237497+00:00,1,RIGHT,665.0,25.0,512.0,23993,0.14253145442809909,27.22150262197102,1.22
2026-07-29T11:22:26.304148+00:00,1,RIGHT,667.0,27.0,512.0,24284,0.03542067088186741,6.764849830176434,1.238
2026-07-29T11:22:26.320915+00:00,1,RIGHT,666.0,26.0,512.0,24074,-0.0819172555860132,-15.645043381243413,1.231
2026-07-29T11:22:26.337454+00:00,1,RIGHT,667.0,27.0,512.0,24198,0.07961813880945556,15.20594442156183,1.245
2026-07-29T11:22:26.354254+00:00,1,RIGHT,666.0,26.0,512.0,24135,-0.12343100759666413,-23.573585987786856,1.234
2026-07-29T11:22:26.404311+00:00,1,RIGHT,666.0,26.0,512.0,24279,0.011495879298308864,2.195551218616374,1.228
2026-07-29T11:22:26.437486+00:00,1,RIGHT,667.0,27.0,512.0,24170,-0.1818316828412935,-34.727293361891554,1.243
2026-07-29T11:22:26.470894+00:00,1,RIGHT,667.0,27.0,512.0,23883,0.04652366087771952,8.885364719304107,1.252
2026-07-29T11:22:26.504297+00:00,1,RIGHT,667.0,27.0,512.0,23921,0.04652366087771952,8.885364719304107,1.258
2026-07-29T11:22:26.537517+00:00,1,RIGHT,668.0,28.0,512.0,24143,0.033885584773961454,6.471669979602517,1.28
2026-07-29T11:22:26.554274+00:00,1,RIGHT,665.0,25.0,512.0,23701,-0.04082801627460867,-7.797576728088384,1.236
2026-07-29T11:22:26.587424+00:00,1,RIGHT,668.0,28.0,512.0,24105,0.008401609919965268,1.6045892984308507,1.267
2026-07-29T11:22:26.637492+00:00,1,RIGHT,668.0,28.0,512.0,24162,0.2557899941224605,48.85229034964374,1.285
2026-07-29T11:22:26.687530+00:00,1,RIGHT,666.0,26.0,512.0,24075,0.017852226112008793,3.409524037104489,1.259
2026-07-29T11:22:26.704263+00:00,1,RIGHT,668.0,28.0,512.0,24308,0.05294545576674864,10.111837199437609,1.28
2026-07-29T11:22:26.737469+00:00,1,RIGHT,668.0,28.0,512.0,24232,-0.24116597996093334,-46.05930937966022,1.293
2026-07-29T11:22:26.770876+00:00,1,RIGHT,667.0,27.0,512.0,24137,0.07852685581136029,14.997524721411022,1.282
2026-07-29T11:22:26.820915+00:00,1,RIGHT,666.0,26.0,512.0,24109,0.09882083156961016,18.873388589706096,1.257
2026-07-29T11:22:26.837540+00:00,1,RIGHT,667.5,27.5,512.0,24244,-2.4054418900050224e-05,-0.004594055605375326,1.27
2026-07-29T11:22:26.870946+00:00,1,RIGHT,668.0,28.0,512.0,24032,-0.0741121890861541,-14.154385483707173,1.287
2026-07-29T11:22:26.920907+00:00,1,RIGHT,668.0,28.0,512.0,24317,-0.26209575451910494,-50.05660187413862,1.297
2026-07-29T11:22:26.937593+00:00,1,RIGHT,666.0,26.0,512.0,24183,0.30302051866427065,57.872656084426325,1.266
2026-07-29T11:22:26.954372+00:00,1,RIGHT,666.0,26.0,512.0,24110,-0.03946445311186835,-7.537155347006616,1.247
2026-07-29T11:22:26.970933+00:00,1,RIGHT,667.0,27.0,512.0,24208,0.21980712678283454,41.98006890517807,1.254
2026-07-29T11:22:27.037583+00:00,1,RIGHT,667.0,27.0,512.0,24305,-2.4695379543118176e-05,-0.004716470070981276,1.259
2026-07-29T11:22:27.071024+00:00,1,RIGHT,667.0,27.0,512.0,24104,-0.23364838889800013,-44.62355524628909,1.262
2026-07-29T11:22:27.121623+00:00,1,RIGHT,667.0,27.0,512.0,24248,0.14891914075240492,28.441460846091548,1.263
2026-07-29T11:22:27.137855+00:00,1,RIGHT,667.0,27.0,512.0,24139,-0.1754920047777705,-33.516504040186426,1.264
2026-07-29T11:22:27.170855+00:00,1,RIGHT,666.0,26.0,512.0,24000,0.3983641505194828,76.08194844693543,1.246
2026-07-29T11:22:27.187718+00:00,1,RIGHT,666.0,26.0,512.0,24214,-0.23425490622408687,-44.739391522910196,1.235
2026-07-29T11:22:27.220941+00:00,1,RIGHT,667.0,27.0,512.0,23921,0.12537864327197895,23.94555700186903,1.247
2026-07-29T11:22:27.270949+00:00,1,RIGHT,667.0,27.0,512.0,24265,0.054553706757724287,10.418990513373066,1.255
2026-07-29T11:22:27.287717+00:00,1,RIGHT,667.0,27.0,512.0,24178,-0.018369725729571657,-3.508359183724443,1.259
2026-07-29T11:22:27.337685+00:00,1,RIGHT,667.0,27.0,512.0,23967,-0.018369725729571657,-3.508359183724443,1.262
2026-07-29T11:22:27.354203+00:00,1,RIGHT,668.0,28.0,512.0,24104,-0.018058500504121184,-3.4489195440700446,1.282
2026-07-29T11:22:27.371000+00:00,1,RIGHT,666.0,26.0,512.0,24080,-0.12409523167647421,-23.700443442533786,1.257
2026-07-29T11:22:27.404242+00:00,1,RIGHT,668.0,28.0,512.0,24357,0.011885905570816249,2.2700407496626824,1.279
2026-07-29T11:22:27.470931+00:00,1,RIGHT,668.0,28.0,512.0,24018,0.06667097854427993,12.733218955315017,1.292
2026-07-29T11:22:27.487718+00:00,1,RIGHT,667.0,27.0,512.0,24207,-0.1073087887186557,-20.49446899413344,1.282
2026-07-29T11:22:27.521034+00:00,1,RIGHT,667.0,27.0,512.0,24234,0.09877291391836479,18.864236992437633,1.275
2026-07-29T11:22:27.537738+00:00,1,RIGHT,668.0,28.0,512.0,24252,-0.13949358960031533,-26.64131317742687,1.29
2026-07-29T11:22:27.587723+00:00,1,RIGHT,667.0,27.0,512.0,24307,-0.04264598350506276,-8.144782893415405,1.28
2026-07-29T11:22:27.604366+00:00,1,RIGHT,666.0,26.0,512.0,23886,-7.533759344369173e-05,-0.014388420476653327,1.256
2026-07-29T11:22:27.654412+00:00,1,RIGHT,669.0,29.0,512.0,24125,-0.11824116303119808,-22.58239868801982,1.297
2026-07-29T11:22:27.670941+00:00,1,RIGHT,668.0,28.0,512.0,24183,-6.580386529094539e-05,-0.012567612522728592,1.303
2026-07-29T11:22:27.704468+00:00,1,RIGHT,668.0,28.0,512.0,24060,0.17296111015602947,33.0331387727927,1.307
2026-07-29T11:22:27.754435+00:00,1,RIGHT,666.0,26.0,512.0,24229,0.08500737504335121,16.23521272489916,1.272
2026-07-29T11:22:27.804356+00:00,1,RIGHT,667.0,27.0,512.0,24026,-0.16063033673679455,-30.678134522611828,1.269
2026-07-29T11:22:27.821044+00:00,1,RIGHT,668.0,28.0,512.0,24114,-0.14999119834043084,-28.64620876338775,1.287
2026-07-29T11:22:27.854370+00:00,1,RIGHT,667.0,27.0,512.0,24239,0.016684213974513112,3.186450150775967,1.278
2026-07-29T11:22:27.887788+00:00,1,RIGHT,667.0,27.0,512.0,24170,0.09936922964174301,18.978124906460508,1.273
2026-07-29T11:22:27.921172+00:00,1,RIGHT,666.0,26.0,512.0,23754,-0.200937195380684,-38.37617747502938,1.251
2026-07-29T11:22:27.971128+00:00,1,RIGHT,667.0,27.0,512.0,24133,0.014801344461739063,2.8268485625899453,1.257
2026-07-29T11:22:27.987645+00:00,1,RIGHT,666.0,26.0,512.0,24110,-0.09348868172615767,-17.855022983835525,1.242
2026-07-29T11:22:28.037699+00:00,1,RIGHT,669.0,29.0,512.0,23991,-0.09348868172615767,-17.855022983835525,1.289
2026-07-29T11:22:28.054429+00:00,1,RIGHT,667.0,27.0,512.0,24096,0.3675795828551054,70.20252910925632,1.28
2026-07-29T11:22:28.104390+00:00,1,RIGHT,668.0,28.0,512.0,24467,-0.1590846876334399,-30.382937288510483,1.293
2026-07-29T11:22:28.121154+00:00,1,RIGHT,667.0,27.0,512.0,23995,-3.782867628615349e-05,-0.007224744985877388,1.282
2026-07-29T11:22:28.171122+00:00,1,RIGHT,667.0,27.0,512.0,24190,0.036863828015048054,7.040472539861269,1.275
2026-07-29T11:22:28.204446+00:00,1,RIGHT,667.0,27.0,512.0,24034,-0.09174455149099231,-17.52191864584841,1.271
2026-07-29T11:22:28.221153+00:00,1,RIGHT,667.0,27.0,512.0,24147,-0.14066480009816587,-26.864997905587707,1.269
2026-07-29T11:22:28.237640+00:00,1,RIGHT,666.0,26.0,512.0,24094,0.0696954226156231,13.310845224186107,1.249
2026-07-29T11:22:28.254453+00:00,1,RIGHT,663.0,23.0,512.0,23901,0.18022377367247827,34.420205331179886,1.181
2026-07-29T11:22:28.321170+00:00,1,RIGHT,666.0,26.0,512.0,24165,0.08153449525590986,15.571941542976894,1.196
2026-07-29T11:22:28.337798+00:00,1,RIGHT,666.0,26.0,512.0,24235,-3.2837345497682693e-06,-0.0006271471024767115,1.205
2026-07-29T11:22:28.404446+00:00,1,RIGHT,667.0,27.0,512.0,24021,0.09816888609799207,18.74887617638482,1.229
2026-07-29T11:22:28.421187+00:00,1,RIGHT,667.0,27.0,512.0,23953,-0.03084397507831454,-5.890765317980387,1.244
2026-07-29T11:22:28.471166+00:00,1,RIGHT,667.0,27.0,512.0,24280,-2.249318640679121e-05,-0.004295882163033898,1.253
2026-07-29T11:22:28.487832+00:00,1,RIGHT,666.0,26.0,512.0,23842,-0.16892038505524398,-32.261417124634086,1.239
2026-07-29T11:22:28.521293+00:00,1,RIGHT,667.0,27.0,512.0,24103,-0.16892038505524398,-32.261417124634086,1.25
2026-07-29T11:22:28.537874+00:00,1,RIGHT,666.0,26.0,512.0,24155,0.1527842115238309,29.17963498849849,1.237
2026-07-29T11:22:28.554557+00:00,1,RIGHT,666.0,26.0,512.0,24151,0.1527842115238309,29.17963498849849,1.23
2026-07-29T11:22:28.587748+00:00,1,RIGHT,667.0,27.0,512.0,24220,0.04107400367713126,7.84455686134815,1.244
2026-07-29T11:22:28.637811+00:00,1,RIGHT,667.0,27.0,512.0,23966,-0.2781629496626556,-53.125210108600434,1.253
2026-07-29T11:22:28.671227+00:00,1,RIGHT,667.0,27.0,512.0,24098,0.31382475307211277,59.93611285922426,1.258
2026-07-29T11:22:28.687808+00:00,1,RIGHT,668.0,28.0,512.0,24380,0.06093564728274942,11.637851370664547,1.28
2026-07-29T11:22:28.721109+00:00,1,RIGHT,667.0,27.0,512.0,24200,-0.08505355739966035,-16.244032905247437,1.274
2026-07-29T11:22:28.788261+00:00,1,RIGHT,667.0,27.0,512.0,24289,-5.489324408699758e-05,-0.010483837366554744,1.271
2026-07-29T11:22:28.804590+00:00,1,RIGHT,668.0,28.0,512.0,24209,0.10467160444663022,19.990803898848977,1.287
2026-07-29T11:22:28.837832+00:00,1,RIGHT,666.0,26.0,512.0,24384,0.006619356484152377,1.264203965448288,1.26
2026-07-29T11:22:28.854592+00:00,1,RIGHT,667.0,27.0,512.0,24065,0.06685074440261815,12.76755170525944,1.262
2026-07-29T11:22:28.887824+00:00,1,RIGHT,667.0,27.0,512.0,23977,-0.07852873385651037,-14.997883401613802,1.264
2026-07-29T11:22:28.921232+00:00,1,RIGHT,667.0,27.0,512.0,24112,0.12578557438217103,24.023275119090957,1.264
2026-07-29T11:22:28.954572+00:00,1,RIGHT,666.0,26.0,512.0,24099,0.0,0.0,1.246
2026-07-29T11:22:28.971092+00:00,1,RIGHT,666.0,26.0,512.0,23932,-0.24496344057377428,-46.78457093293672,1.235
2026-07-29T11:22:29.004354+00:00,1,RIGHT,261.0,-379.0,512.0,23182,0.0,0.0,-2.765
2026-07-29T11:22:29.054356+00:00,1,RIGHT,262.0,-378.0,512.0,23488,0.325630408199504,62.19082690317925,-6.765
2026-07-29T11:22:29.087831+00:00,1,RIGHT,668.0,28.0,512.0,24072,-0.14305110638495536,-27.320748835116284,-3.534
2026-07-29T11:22:29.104680+00:00,1,RIGHT,667.0,27.0,512.0,24184,0.0809221728052944,15.45499656923898,-1.614
2026-07-29T11:22:29.137851+00:00,1,RIGHT,667.0,27.0,512.0,24217,0.004020388834178447,0.7678377073331547,-0.462
2026-07-29T11:22:29.187776+00:00,1,RIGHT,667.0,27.0,512.0,24061,0.06083888213965111,11.619370589652839,0.229
2026-07-29T11:22:29.204610+00:00,1,RIGHT,668.0,28.0,512.0,24237,0.06083888213965111,11.619370589652839,0.662
2026-07-29T11:22:29.221233+00:00,1,RIGHT,666.0,26.0,512.0,24047,0.01466829627577681,2.8014382308315824,0.885
2026-07-29T11:22:29.254616+00:00,1,RIGHT,667.0,27.0,512.0,24296,-0.028356944998231482,-5.415777560944246,1.037
2026-07-29T11:22:29.271654+00:00,1,RIGHT,666.0,26.0,512.0,23833,0.16315793143818155,31.160869551642175,1.11
2026-07-29T11:22:29.337777+00:00,1,RIGHT,667.0,27.0,512.0,24165,-2.696178678888827e-05,-0.005149321970449594,1.172
2026-07-29T11:22:29.354632+00:00,1,RIGHT,667.0,27.0,512.0,24162,0.04132824848551536,7.893114042959889,1.21
2026-07-29T11:22:29.421268+00:00,1,RIGHT,668.0,28.0,512.0,24326,-0.09092550254077651,-17.365491818975126,1.251
2026-07-29T11:22:29.437790+00:00,1,RIGHT,668.0,28.0,512.0,24169,0.12753934784326704,24.358221177567135,1.275
2026-07-29T11:22:29.471250+00:00,1,RIGHT,667.0,27.0,512.0,24172,-0.09025475923524937,-17.237389283830595,1.272
2026-07-29T11:22:29.488001+00:00,1,RIGHT,665.0,25.0,512.0,23870,-0.019934886522241867,-3.807282875988955,1.232
2026-07-29T11:22:29.521129+00:00,1,RIGHT,667.0,27.0,512.0,24160,-0.06688104760833084,-12.773339191236285,1.245
2026-07-29T11:22:29.554520+00:00,1,RIGHT,667.0,27.0,512.0,24101,-0.13077508304733784,-24.97620108028433,1.253
2026-07-29T11:22:29.604519+00:00,1,RIGHT,667.0,27.0,512.0,24281,-0.13077508304733784,-24.97620108028433,1.258
2026-07-29T11:22:29.621959+00:00,1,RIGHT,667.0,27.0,512.0,24439,-5.6514344760216755e-06,-0.0010793444789025661,1.261
2026-07-29T11:22:29.638100+00:00,1,RIGHT,668.0,28.0,512.0,24304,-5.6514344760216755e-06,-0.0010793444789025661,1.282
2026-07-29T11:22:29.688032+00:00,1,RIGHT,667.0,27.0,512.0,24004,-5.6514344760216755e-06,-0.0010793444789025661,1.275
2026-07-29T11:22:29.721138+00:00,1,RIGHT,666.0,26.0,512.0,23924,-5.6514344760216755e-06,-0.0010793444789025661,1.253
2026-07-29T11:22:29.738016+00:00,1,RIGHT,668.0,28.0,512.0,23882,-5.6514344760216755e-06,-0.0010793444789025661,1.277
2026-07-29T11:22:29.788068+00:00,1,RIGHT,667.0,27.0,512.0,23945,-5.6514344760216755e-06,-0.0010793444789025661,1.272
2026-07-29T11:22:29.821319+00:00,1,RIGHT,667.0,27.0,512.0,24164,-5.6514344760216755e-06,-0.0010793444789025661,1.27
2026-07-29T11:22:29.838035+00:00,1,RIGHT,667.0,27.0,512.0,24017,-0.06346119898371398,-12.120196215355733,1.268
2026-07-29T11:22:29.871280+00:00,1,RIGHT,667.0,27.0,512.0,24098,-3.7631248414982106e-06,-0.0007187039039956145,1.267
2026-07-29T11:22:29.888036+00:00,1,RIGHT,667.0,27.0,512.0,24250,-6.40724430559203e-05,-0.01223693523398844,1.266
2026-07-29T11:22:29.938030+00:00,1,RIGHT,667.0,27.0,512.0,24157,-0.1709197074023541,-32.64325956588608,1.266
2026-07-29T11:22:30.004680+00:00,1,RIGHT,666.0,26.0,512.0,24004,0.04993392308882903,9.536676825069195,1.247
2026-07-29T11:22:30.021292+00:00,1,RIGHT,667.0,27.0,512.0,24199,-0.08939719469752162,-17.073606521590968,1.255
2026-07-29T11:22:30.038038+00:00,1,RIGHT,667.0,27.0,512.0,24043,-8.406000793911516e-05,-0.016054278935824975,1.259
2026-07-29T11:22:30.088064+00:00,1,RIGHT,666.0,26.0,512.0,24164,-8.406000793911516e-05,-0.016054278935824975,1.243
2026-07-29T11:22:30.121418+00:00,1,RIGHT,668.0,28.0,512.0,24126,0.08652512190397829,16.525081023176366,1.271
2026-07-29T11:22:30.137976+00:00,1,RIGHT,666.0,26.0,512.0,24017,0.08652512190397829,16.525081023176366,1.25
2026-07-29T11:22:30.171302+00:00,1,RIGHT,667.0,27.0,512.0,23924,0.17154133884236217,32.761982425636425,1.256
2026-07-29T11:22:30.221342+00:00,1,RIGHT,668.0,28.0,512.0,24048,-0.03817693483550102,-7.291257469400594,1.279
2026-07-29T11:22:30.238090+00:00,1,RIGHT,667.0,27.0,512.0,24113,-0.03817693483550102,-7.291257469400594,1.273
2026-07-29T11:22:30.271463+00:00,1,RIGHT,669.0,29.0,512.0,24158,-0.04226455477066338,-8.07193537119507,1.308
2026-07-29T11:22:30.304562+00:00,1,RIGHT,667.0,27.0,512.0,24296,0.07157706823199987,13.670213065378379,1.291
2026-07-29T11:22:30.354692+00:00,1,RIGHT,666.0,26.0,512.0,23971,-3.881642944179475e-05,-0.007413391942607297,1.262
2026-07-29T11:22:30.371514+00:00,1,RIGHT,667.0,27.0,512.0,24229,0.12050947548123077,23.015614454699328,1.263
2026-07-29T11:22:30.387904+00:00,1,RIGHT,667.0,27.0,512.0,24285,-4.784145770827308e-05,-0.009137045374792225,1.264
2026-07-29T11:22:30.404727+00:00,1,RIGHT,667.0,27.0,512.0,24137,0.10600209169089794,20.24490824482408,1.265
2026-07-29T11:22:30.454755+00:00,1,RIGHT,666.0,26.0,512.0,24155,0.11614628464914858,22.182306388404385,1.246
2026-07-29T11:22:30.504836+00:00,1,RIGHT,668.0,28.0,512.0,24268,0.08390163603238761,16.02403212966188,1.273
2026-07-29T11:22:30.521470+00:00,1,RIGHT,666.0,26.0,512.0,24283,-0.008145528892055155,-1.555681424722113,1.251
2026-07-29T11:22:30.537954+00:00,1,RIGHT,666.0,26.0,512.0,24210,-0.07459712463356481,-14.247001351048837,1.238
2026-07-29T11:22:30.571457+00:00,1,RIGHT,666.0,26.0,512.0,24207,0.16273632105905564,31.08034790056609,1.23
2026-07-29T11:22:30.588000+00:00,1,RIGHT,667.0,27.0,512.0,24061,0.16273632105905564,31.08034790056609,1.245
2026-07-29T11:22:30.638109+00:00,1,RIGHT,667.0,27.0,512.0,23888,2.0107528252992777e-05,0.003840255017788492,1.253
2026-07-29T11:22:30.688119+00:00,1,RIGHT,668.0,28.0,512.0,24146,-0.09674156832974404,-18.47627856256934,1.277
2026-07-29T11:22:30.704702+00:00,1,RIGHT,667.0,27.0,512.0,24221,-5.7911964249797164e-05,-0.011060370449419614,1.272
2026-07-29T11:22:30.722878+00:00,1,RIGHT,667.0,27.0,512.0,24303,-0.3089680694229901,-59.00855460747451,1.27
2026-07-29T11:22:30.771465+00:00,1,RIGHT,668.0,28.0,512.0,24069,-0.20110996916424484,-38.40917483705786,1.287
2026-07-29T11:22:30.804761+00:00,1,RIGHT,669.0,29.0,512.0,24498,-2.9783695936203e-05,-0.005688266918151243,1.316
2026-07-29T11:22:30.821475+00:00,1,RIGHT,666.0,26.0,512.0,24018,0.03854751213686541,7.362032520572351,1.277
2026-07-29T11:22:30.838131+00:00,1,RIGHT,666.0,26.0,512.0,24052,-0.10007142696762457,-19.11223471698846,1.254
2026-07-29T11:22:30.888071+00:00,1,RIGHT,667.0,27.0,512.0,24024,0.1959638943662867,37.42634694711906,1.258
2026-07-29T11:22:30.938147+00:00,1,RIGHT,666.0,26.0,512.0,24149,-0.1637375935493037,-31.271576860011983,1.243
2026-07-29T11:22:30.971513+00:00,1,RIGHT,667.0,27.0,512.0,24095,-0.02138493343023583,-4.084221435735785,1.252
2026-07-29T11:22:30.988151+00:00,1,RIGHT,666.0,26.0,512.0,24114,0.0231036327307811,4.4124688229802205,1.239
2026-07-29T11:22:31.021527+00:00,1,RIGHT,668.0,28.0,512.0,24081,-0.052643545129685665,-10.054176515124896,1.268
2026-07-29T11:22:31.054887+00:00,1,RIGHT,668.0,28.0,512.0,23911,-0.0028064082394121215,-0.5359844923635149,1.286
2026-07-29T11:22:31.087993+00:00,1,RIGHT,667.0,27.0,512.0,24045,4.2256299639120695e-05,0.008070358757205997,1.278
2026-07-29T11:22:31.121541+00:00,1,RIGHT,668.0,28.0,512.0,24406,0.24450223609805108,46.69648736643177,1.292
2026-07-29T11:22:31.188142+00:00,1,RIGHT,667.0,27.0,512.0,24274,0.14389328670687973,27.48159342856707,1.281
2026-07-29T11:22:31.204990+00:00,1,RIGHT,666.0,26.0,512.0,24241,-3.459281288087368e-05,-0.006606740598532841,1.256
2026-07-29T11:22:31.238182+00:00,1,RIGHT,668.0,28.0,512.0,24124,-3.459281288087368e-05,-0.006606740598532841,1.279
2026-07-29T11:22:31.254916+00:00,1,RIGHT,668.0,28.0,512.0,24309,0.13538744866847993,25.857098025826588,1.292
2026-07-29T11:22:31.304896+00:00,1,RIGHT,667.0,27.0,512.0,24252,-0.28964433083310726,-55.317992388759954,1.282
2026-07-29T11:22:31.354872+00:00,1,RIGHT,667.0,27.0,512.0,24078,0.263018059048336,50.23274906397442,1.275
2026-07-29T11:22:31.371408+00:00,1,RIGHT,667.0,27.0,512.0,24069,0.0,0.0,1.271
2026-07-29T11:22:31.404647+00:00,1,RIGHT,263.0,-377.0,512.0,23157,-2.986915511428378e-05,-0.005704588418900196,-2.729
2026-07-29T11:22:31.438286+00:00,1,RIGHT,666.0,26.0,512.0,24127,-0.15397218235768378,-29.406520705046514,-1.15
2026-07-29T11:22:31.454903+00:00,1,RIGHT,667.0,27.0,512.0,24389,0.053329268939560276,10.185140115849716,-0.184
2026-07-29T11:22:31.488250+00:00,1,RIGHT,666.0,26.0,512.0,24273,0.20144510789308698,38.473181619437966,0.377
2026-07-29T11:22:31.538152+00:00,1,RIGHT,666.0,26.0,512.0,24110,0.031163632147508905,5.951815321168247,0.714
2026-07-29T11:22:31.588167+00:00,1,RIGHT,667.0,27.0,512.0,24036,0.0634289060375886,12.114028716952308,0.935
2026-07-29T11:22:31.604916+00:00,1,RIGHT,668.0,28.0,512.0,24255,2.161216107197106e-06,0.00041276187186029163,1.086
2026-07-29T11:22:31.638155+00:00,1,RIGHT,666.0,26.0,512.0,24264,-0.034799069836735724,-6.646132775419879,1.139
2026-07-29T11:22:31.688194+00:00,1,RIGHT,669.0,29.0,512.0,24285,-5.530412410735152e-05,-0.01056230967006318,1.227
2026-07-29T11:22:31.704915+00:00,1,RIGHT,667.0,27.0,512.0,24338,0.004068437910755165,0.7770144049909774,1.243
2026-07-29T11:22:31.738200+00:00,1,RIGHT,669.0,29.0,512.0,24223,-9.569340327288955e-06,-0.0018276093782599832,1.289
2026-07-29T11:22:31.788541+00:00,1,RIGHT,668.0,28.0,512.0,24147,-0.06871922334656119,-13.12440489724943,1.299
2026-07-29T11:22:31.838401+00:00,1,RIGHT,667.0,27.0,512.0,24087,-0.2353501863591373,-44.94857461998655,1.285
2026-07-29T11:22:31.854845+00:00,1,RIGHT,667.0,27.0,512.0,24245,-0.03622322631068528,-6.9181266264983545,1.277
2026-07-29T11:22:31.888315+00:00,1,RIGHT,666.0,26.0,512.0,24201,-0.06565474445931613,-12.539132541762466,1.254
2026-07-29T11:22:31.904832+00:00,1,RIGHT,668.0,28.0,512.0,24223,-0.06565474445931613,-12.539132541762466,1.277
2026-07-29T11:22:31.938314+00:00,1,RIGHT,666.0,26.0,512.0,24134,-0.0477724110649433,-9.123858437284419,1.254
2026-07-29T11:22:32.004845+00:00,1,RIGHT,666.0,26.0,512.0,23985,-0.1936166656855494,-36.97805929059137,1.24
2026-07-29T11:22:32.021540+00:00,1,RIGHT,665.0,25.0,512.0,24113,-0.06345443809404969,-12.11890498054401,1.213
2026-07-29T11:22:32.038317+00:00,1,RIGHT,668.0,28.0,512.0,24356,-0.0005293497699312866,-0.10109835901094617,1.253
2026-07-29T11:22:32.054848+00:00,1,RIGHT,667.0,27.0,512.0,24267,0.0,0.0,1.258
2026-07-29T11:22:32.104923+00:00,1,RIGHT,668.0,28.0,512.0,24066,0.0,0.0,1.28
2026-07-29T11:22:32.138059+00:00,1,RIGHT,262.0,-378.0,512.0,23443,0.22106380087323488,42.22007597718934,-2.72
2026-07-29T11:22:32.171715+00:00,1,RIGHT,667.0,27.0,512.0,24156,0.1509316933201626,28.825830073360653,-1.126
2026-07-29T11:22:32.204992+00:00,1,RIGHT,668.0,28.0,512.0,24323,-0.06259567043744027,-11.95489243952381,-0.151
2026-07-29T11:22:32.221580+00:00,1,RIGHT,665.0,25.0,512.0,24046,0.28214540211483835,53.885802500672426,0.378
2026-07-29T11:22:32.271573+00:00,1,RIGHT,667.0,27.0,512.0,24254,-0.05065076868515462,-9.673584249175846,0.733
2026-07-29T11:22:32.304987+00:00,1,RIGHT,667.0,27.0,512.0,24208,0.01085876060416922,2.0738705112060805,0.946
2026-07-29T11:22:32.322053+00:00,1,RIGHT,667.0,27.0,512.0,24283,0.01085876060416922,2.0738705112060805,1.074
2026-07-29T11:22:32.354963+00:00,1,RIGHT,665.0,25.0,512.0,24167,-0.15392210548743607,-29.39695672732512,1.113
2026-07-29T11:22:32.371636+00:00,1,RIGHT,668.0,28.0,512.0,24291,-0.008506402997300029,-1.6246033019424169,1.193
2026-07-29T11:22:32.421553+00:00,1,RIGHT,667.0,27.0,512.0,24188,0.2156614312157035,41.18829937470239,1.222
2026-07-29T11:22:32.455209+00:00,1,RIGHT,667.0,27.0,512.0,24106,-0.05205636495025828,-9.94203336147515,1.239
2026-07-29T11:22:32.471603+00:00,1,RIGHT,667.0,27.0,512.0,24220,0.0036519656237214804,0.6974740572203404,1.25
2026-07-29T11:22:32.521602+00:00,1,RIGHT,667.0,27.0,512.0,24163,-3.0306333792395895e-06,-0.0005788083396063305,1.256
2026-07-29T11:22:32.571727+00:00,1,RIGHT,668.0,28.0,512.0,23743,0.049379496863111855,9.43078921578599,1.279
2026-07-29T11:22:32.604988+00:00,1,RIGHT,665.0,25.0,512.0,24237,0.049379496863111855,9.43078921578599,1.236
2026-07-29T11:22:32.621736+00:00,1,RIGHT,666.0,26.0,512.0,24107,-0.019251301898621023,-3.676727829743911,1.229
2026-07-29T11:22:32.655010+00:00,1,RIGHT,667.0,27.0,512.0,24114,-0.3676604295708239,-70.21796969458353,1.244
2026-07-29T11:22:32.688279+00:00,1,RIGHT,668.0,28.0,512.0,24220,0.06364541848772205,12.15537954896792,1.271
2026-07-29T11:22:32.754867+00:00,1,RIGHT,666.0,26.0,512.0,24068,-7.321839293581433e-06,-0.0013983682993175474,1.25
2026-07-29T11:22:32.771803+00:00,1,RIGHT,667.0,27.0,512.0,24351,-0.01624636825174093,-3.1028277774669637,1.256
2026-07-29T11:22:32.805033+00:00,1,RIGHT,667.0,27.0,512.0,24062,-2.521555870771408e-05,-0.004815816973387897,1.26
2026-07-29T11:22:32.822404+00:00,1,RIGHT,667.0,27.0,512.0,24155,8.079497201833875e-06,0.0015430703008427976,1.262
2026-07-29T11:22:32.854870+00:00,1,RIGHT,667.0,27.0,512.0,24141,2.6113736821571363e-05,0.004987356357304707,1.264
2026-07-29T11:22:32.888386+00:00,1,RIGHT,667.0,27.0,512.0,24191,-3.6318288766779e-05,-0.006936282218246081,1.264
2026-07-29T11:22:32.921739+00:00,1,RIGHT,667.0,27.0,512.0,24096,-1.0814349207066697e-05,-0.0020653885591519,1.265
2026-07-29T11:22:32.971797+00:00,1,RIGHT,667.0,27.0,512.0,24079,0.010955346440896392,2.092317047223436,1.265
2026-07-29T11:22:32.988271+00:00,1,RIGHT,667.0,27.0,512.0,24243,0.024869631686015053,4.749749778844948,1.265
2026-07-29T11:22:33.021789+00:00,1,RIGHT,668.0,28.0,512.0,24276,-0.022998578355181962,-4.3924049151761775,1.284
2026-07-29T11:22:33.055036+00:00,1,RIGHT,666.0,26.0,512.0,24034,-0.022998578355181962,-4.3924049151761775,1.258
2026-07-29T11:22:33.105015+00:00,1,RIGHT,667.0,27.0,512.0,24024,0.006020482808817178,1.1498275185876388,1.261
2026-07-29T11:22:33.121813+00:00,1,RIGHT,666.0,26.0,512.0,23797,-7.952946616569534e-05,-0.015189009194076071,1.244
2026-07-29T11:22:33.155039+00:00,1,RIGHT,665.0,25.0,512.0,24206,-2.709737716941163e-05,-0.005175217825604798,1.215
2026-07-29T11:22:33.171777+00:00,1,RIGHT,667.0,27.0,512.0,24293,-2.709737716941163e-05,-0.005175217825604798,1.235
2026-07-29T11:22:33.205032+00:00,1,RIGHT,667.0,27.0,512.0,24296,-0.03213580893352628,-6.137487410432876,1.247
2026-07-29T11:22:33.238474+00:00,1,RIGHT,667.0,27.0,512.0,23963,0.2118145728809759,40.45360355148701,1.255
2026-07-29T11:22:33.271790+00:00,1,RIGHT,666.0,26.0,512.0,24303,0.017004882784094663,3.2476933821443246,1.24
2026-07-29T11:22:33.288429+00:00,1,RIGHT,667.0,27.0,512.0,24107,-0.018345848165918142,-3.503798904983105,1.25
2026-07-29T11:22:33.338430+00:00,1,RIGHT,668.0,28.0,512.0,24277,0.00795268205460161,1.518850391793668,1.275
2026-07-29T11:22:33.355561+00:00,1,RIGHT,667.0,27.0,512.0,24306,0.44525403082370757,85.03725592462104,1.271
2026-07-29T11:22:33.421720+00:00,1,RIGHT,666.0,26.0,512.0,23976,0.07163346706191077,13.680984448456282,1.25
2026-07-29T11:22:33.438376+00:00,1,RIGHT,665.0,25.0,512.0,24099,-0.021309049103874714,-4.0697285969635,1.219
2026-07-29T11:22:33.488428+00:00,1,RIGHT,667.0,27.0,512.0,23999,-0.12012279693037271,-22.941764291391323,1.238
2026-07-29T11:22:33.505197+00:00,1,RIGHT,666.0,26.0,512.0,24075,-0.06975902706151828,-13.322992778546315,1.23
2026-07-29T11:22:33.538436+00:00,1,RIGHT,666.0,26.0,512.0,23862,0.33744435376487675,64.44712430415643,1.226
2026-07-29T11:22:33.571653+00:00,1,RIGHT,667.0,27.0,512.0,24084,-6.658024420175934e-05,-0.012715889972370603,1.242
2026-07-29T11:22:33.588418+00:00,1,RIGHT,667.0,27.0,512.0,23935,0.06741594119695947,12.875496341626377,1.251
2026-07-29T11:22:33.638462+00:00,1,RIGHT,667.0,27.0,512.0,24004,0.06741594119695947,12.875496341626377,1.257
2026-07-29T11:22:33.671812+00:00,1,RIGHT,667.0,27.0,512.0,24197,0.48657626057043674,92.92922047314612,1.26
2026-07-29T11:22:33.705055+00:00,1,RIGHT,259.0,-381.0,512.0,22027,0.48657626057043674,92.92922047314612,-2.74
2026-07-29T11:22:33.738427+00:00,1,RIGHT,666.0,26.0,512.0,23784,-5.781869781458226e-06,-0.00110425578723928,-1.156
2026-07-29T11:22:33.788439+00:00,1,RIGHT,668.0,28.0,512.0,23950,0.17888241885229944,34.16402543109397,-0.169
2026-07-29T11:22:33.805222+00:00,1,RIGHT,667.0,27.0,512.0,23761,-0.08097067091730423,-15.464259026347367,0.405
2026-07-29T11:22:33.838479+00:00,1,RIGHT,666.0,26.0,512.0,23933,1.3113569584675132e-05,0.0025045073051766964,0.731
2026-07-29T11:22:33.871836+00:00,1,RIGHT,669.0,29.0,512.0,24140,1.3113569584675132e-05,0.0025045073051766964,0.982
2026-07-29T11:22:33.905199+00:00,1,RIGHT,665.0,25.0,512.0,23505,0.4293988314829767,82.00913590607941,1.058
2026-07-29T11:22:33.938450+00:00,1,RIGHT,664.0,24.0,512.0,23589,-0.2532081564888358,-48.35919568366128,1.085
2026-07-29T11:22:33.971839+00:00,1,RIGHT,667.0,27.0,512.0,23639,-6.600829990929923e-05,-0.012606656658788736,1.157
2026-07-29T11:22:34.005207+00:00,1,RIGHT,666.0,26.0,512.0,23759,-0.07735991597175598,-14.774655628894354,1.182
2026-07-29T11:22:34.072466+00:00,1,RIGHT,667.0,27.0,512.0,23521,-0.3890217584464699,-74.29768299246837,1.215
2026-07-29T11:22:34.088511+00:00,1,RIGHT,666.0,26.0,512.0,23497,0.19894635387230664,37.99595475466444,1.217
2026-07-29T11:22:34.121840+00:00,1,RIGHT,668.0,28.0,512.0,23788,-0.13625120026379592,-26.02206242902425,1.255
2026-07-29T11:22:34.171932+00:00,1,RIGHT,668.0,28.0,512.0,23748,0.10295559662394226,19.663070546010797,1.278
2026-07-29T11:22:34.221863+00:00,1,RIGHT,666.0,26.0,512.0,23736,3.915787879122945e-06,0.000747860396474095,1.254
2026-07-29T11:22:34.238632+00:00,1,RIGHT,667.0,27.0,512.0,23767,3.915787879122945e-06,0.000747860396474095,1.259
2026-07-29T11:22:34.271761+00:00,1,RIGHT,668.0,28.0,512.0,23843,0.500437031686306,95.57643275893328,1.28
2026-07-29T11:22:34.321854+00:00,1,RIGHT,668.0,28.0,512.0,23666,0.500437031686306,95.57643275893328,1.293
2026-07-29T11:22:34.338617+00:00,1,RIGHT,665.0,25.0,512.0,22952,2.9453353399730982e-05,0.0056251761410396,1.245
2026-07-29T11:22:34.388578+00:00,1,BOTH,870.5,230.5,471.3,24739,-2.4655943561811e-05,-0.004708938353348416,5.069
2026-07-29T11:22:34.405117+00:00,1,RIGHT,708.7,68.7,471.3,23788,0.09665479485411196,18.459706049478008,4.329
2026-07-29T11:22:34.438607+00:00,1,RIGHT,707.7,67.7,471.3,23763,0.13202164928428828,25.21427769448688,3.867
2026-07-29T11:22:34.471775+00:00,1,RIGHT,706.7,66.7,471.3,23546,0.030988202043808998,5.918310639363091,3.571
2026-07-29T11:22:34.505237+00:00,1,RIGHT,706.7,66.7,471.3,23594,4.379955425974913e-06,0.0008365098678792905,3.393
2026-07-29T11:22:34.521865+00:00,1,RIGHT,707.7,67.7,471.3,23752,0.2857303156051785,54.57047054372577,3.305
2026-07-29T11:22:34.588615+00:00,1,RIGHT,709.7,69.7,471.3,23615,-0.05571229620371014,-10.640264798184365,3.29
2026-07-29T11:22:34.605381+00:00,1,RIGHT,708.2,68.2,471.3,23838,0.1981498635234311,37.84383630328621,3.253
2026-07-29T11:22:34.621885+00:00,1,RIGHT,707.7,67.7,471.3,23734,0.04795010241679847,9.157794985675338,3.221
2026-07-29T11:22:34.671924+00:00,1,RIGHT,707.7,67.7,471.3,23608,-0.2762316650012508,-52.756361908144285,3.202
2026-07-29T11:22:34.688574+00:00,1,RIGHT,706.7,66.7,471.3,23728,-0.3660314810089767,-69.90686343579102,3.172
2026-07-29T11:22:34.721978+00:00,1,RIGHT,706.7,66.7,471.3,23430,0.3791035180282779,72.40343860527348,3.154
2026-07-29T11:22:34.771883+00:00,1,RIGHT,708.7,68.7,471.3,23695,-0.1889207277353853,-36.08120120592564,3.18
2026-07-29T11:22:34.788634+00:00,1,RIGHT,708.7,68.7,471.3,23842,0.016557710531633348,3.1622897728730184,3.196
2026-07-29T11:22:34.838688+00:00,1,RIGHT,707.7,67.7,471.3,23792,0.14534602948930114,27.7590468624032,3.187
2026-07-29T11:22:34.855239+00:00,1,RIGHT,706.7,66.7,471.3,23771,-0.04484538709046319,-8.564838036380026,3.163
2026-07-29T11:22:34.871872+00:00,1,RIGHT,705.7,65.7,471.3,23512,-0.15401615254580975,-29.414918392393226,3.13
2026-07-29T11:22:34.922058+00:00,1,RIGHT,706.7,66.7,471.3,23602,-0.34582866666372863,-66.04841011489412,3.128
2026-07-29T11:22:34.955254+00:00,1,RIGHT,678.7,38.7,471.3,31491,1.0247286772937513e-05,0.0019570876118318423,2.603
2026-07-29T11:22:34.988740+00:00,1,RIGHT,677.7,37.7,471.3,30961,0.04565434992313385,8.719338556696613,2.268
2026-07-29T11:22:35.005220+00:00,1,RIGHT,657.7,17.7,471.3,21581,-0.3681059257040033,-70.30305318865211,1.693
2026-07-29T11:22:35.038557+00:00,1,RIGHT,677.7,37.7,471.3,31566,-0.061694260668009517,-11.782735854856334,1.723
2026-07-29T11:22:35.088663+00:00,1,RIGHT,540.2,-99.8,471.3,16408,-0.06938535996494466,-13.251627619957729,-0.838
2026-07-29T11:22:35.105448+00:00,1,RIGHT,525.7,-114.3,471.3,11457,-0.06938535996494466,-13.251627619957729,-2.646
2026-07-29T11:22:35.122096+00:00,1,RIGHT,535.7,-104.3,471.3,12151,0.062404652424156666,11.918410686283396,-3.543
2026-07-29T11:22:35.172048+00:00,1,RIGHT,562.7,-77.3,471.3,14265,-0.15811618740670383,-30.197967370345687,-3.575
2026-07-29T11:22:35.188538+00:00,1,RIGHT,714.7,74.7,471.3,19568,0.06333873840980232,12.09680796854944,-0.745
2026-07-29T11:22:35.238554+00:00,1,RIGHT,701.7,61.7,471.3,17424,-0.12407138441863935,-23.695888951777462,0.71
2026-07-29T11:22:35.255299+00:00,1,RIGHT,714.7,74.7,471.3,19970,-5.293582566082477e-05,-0.010109997984685272,1.827
2026-07-29T11:22:35.288661+00:00,1,RIGHT,713.7,73.7,471.3,19305,0.09177576414542273,17.527879823735955,2.478
2026-07-29T11:22:35.322054+00:00,1,RIGHT,716.7,76.7,471.3,19262,0.09177576414542273,17.527879823735955,2.925
2026-07-29T11:22:35.355184+00:00,1,RIGHT,719.7,79.7,471.3,16654,-4.2966292894561776e-05,-0.008205957480604424,3.249
2026-07-29T11:22:35.372092+00:00,1,RIGHT,720.7,80.7,471.3,4980,-0.2232046339008957,-42.628944967613265,3.463
2026-07-29T11:22:35.388649+00:00,1,NONE,0.0,0.0,471.3,0,0.24420254725031554,46.639251012623824,3.591
2026-07-29T11:22:35.455324+00:00,1,RIGHT,719.7,79.7,471.3,6678,0.23791356659028678,45.438144181760336,3.649
2026-07-29T11:22:35.472044+00:00,1,RIGHT,718.7,78.7,471.3,5058,-0.21605874243192374,-41.264180227511154,3.665
2026-07-29T11:22:35.522059+00:00,1,RIGHT,731.7,91.7,471.3,7338,-0.11319095644168556,-21.617880277192402,3.918
2026-07-29T11:22:35.538694+00:00,1,RIGHT,727.7,87.7,471.3,11217,-0.014374504573643207,-2.7453281488708488,3.995
2026-07-29T11:22:35.572024+00:00,1,RIGHT,726.7,86.7,471.3,7985,0.3794448405923322,72.46862641318312,4.023
2026-07-29T11:22:35.622067+00:00,1,NONE,0.0,0.0,471.3,0,-4.158902680501342e-05,-0.007942919033279065,4.039
2026-07-29T11:22:35.655334+00:00,1,NONE,0.0,0.0,471.3,0,-4.158902680501342e-05,-0.007942919033279065,4.049
2026-07-29T11:22:35.672074+00:00,1,NONE,0.0,0.0,471.3,0,-0.18293700973968952,-34.938395249426144,4.055
2026-07-29T11:22:35.688733+00:00,0,NONE,0.0,0.0,471.3,0,-0.3056004901509732,-58.365394342600155,2.433
2026-07-29T11:22:35.738609+00:00,0,NONE,0.0,0.0,471.3,0,-0.4299313925392926,-82.11084757561251,1.46
2026-07-29T11:22:35.772236+00:00,0,NONE,0.0,0.0,471.3,0,0.271902897519758,51.929628217534244,0.876
2026-07-29T11:22:35.788643+00:00,0,NONE,0.0,0.0,471.3,0,0.12077100776135921,23.06556344089197,0.526
2026-07-29T11:22:35.805486+00:00,0,NONE,0.0,0.0,471.3,0,-0.029309714129194617,-5.597743061126028,0.315
2026-07-29T11:22:35.838744+00:00,0,NONE,0.0,0.0,471.3,0,0.3400612124009058,64.94690748891253,0.189
2026-07-29T11:22:35.871988+00:00,0,NONE,0.0,0.0,471.3,0,-0.5702437839284539,-108.90854037556817,0.114
2026-07-29T11:22:35.905547+00:00,1,RIGHT,755.7,115.7,471.3,1291,-0.5020337654743343,-95.88138644913313,2.237
2026-07-29T11:22:35.938745+00:00,1,NONE,0.0,0.0,471.3,0,-0.4939168829098344,-94.33117606996923,3.512
2026-07-29T11:22:36.005609+00:00,1,RIGHT,794.7,154.7,471.3,1977,-1.0059200838208198,-192.11658443459658,5.008
2026-07-29T11:22:36.021960+00:00,1,RIGHT,795.7,155.7,471.3,2432,2.1221608084440233,405.302859239711,5.924
2026-07-29T11:22:36.055338+00:00,1,RIGHT,774.7,134.7,471.3,1145,1.1048631467204542,211.01331748875157,6.08
2026-07-29T11:22:36.072177+00:00,1,NONE,0.0,0.0,471.3,0,0.5928734907892067,113.23049602469943,6.174
2026-07-29T11:22:36.088727+00:00,1,NONE,0.0,0.0,471.3,0,1.996902919812128,381.3803646752866,6.23
2026-07-29T11:22:36.155575+00:00,1,NONE,0.0,0.0,471.3,0,0.06850003548897803,13.082543100049332,6.264
2026-07-29T11:22:36.172204+00:00,0,NONE,0.0,0.0,471.3,0,-1.0324154083104804,-197.17681866822048,3.758
2026-07-29T11:22:36.205502+00:00,0,NONE,0.0,0.0,471.3,0,0.2586050574481487,49.38992784172372,2.255
2026-07-29T11:22:36.222117+00:00,0,NONE,0.0,0.0,471.3,0,0.31265387115301563,59.71249088498277,1.353
2026-07-29T11:22:36.255532+00:00,0,NONE,0.0,0.0,471.3,0,-0.6922649557888508,-132.2128675717056,0.812
2026-07-29T11:22:36.288736+00:00,0,NONE,0.0,0.0,471.3,0,-0.24821527391672135,-47.405625353706,0.487
2026-07-29T11:22:36.322148+00:00,0,NONE,0.0,0.0,471.3,0,-0.24821527391672135,-47.405625353706,0.292
2026-07-29T11:22:36.338746+00:00,0,NONE,0.0,0.0,471.3,0,-0.04013409489765763,-7.665047507377714,0.175
2026-07-29T11:22:36.372123+00:00,0,NONE,0.0,0.0,471.3,0,3.597236096775159,687.0214875244346,0.105
2026-07-29T11:22:36.405535+00:00,0,NONE,0.0,0.0,471.3,0,0.007174609992653132,1.3702495741047034,0.063
2026-07-29T11:22:36.422671+00:00,0,NONE,0.0,0.0,471.3,0,0.030776835121214388,5.8779425307186255,0.038
2026-07-29T11:22:36.438900+00:00,0,NONE,0.0,0.0,471.3,0,0.1699521215260029,32.45846427578145,0.023
2026-07-29T11:22:36.455497+00:00,0,NONE,0.0,0.0,471.3,0,0.05555027117021382,10.609320296201682,0.014
2026-07-29T11:22:36.505508+00:00,0,NONE,0.0,0.0,471.3,0,-1.1423172103986143,-218.16651673666092,0.008
2026-07-29T11:22:36.538874+00:00,0,NONE,0.0,0.0,471.3,0,0.06560831468552351,12.530265108155588,0.005
2026-07-29T11:22:36.555375+00:00,0,NONE,0.0,0.0,471.3,0,3.8450581880751997,734.3520205297616,0.003
2026-07-29T11:22:36.605394+00:00,0,NONE,0.0,0.0,471.3,0,-0.0966712324693799,-18.462845402745053,0.002
2026-07-29T11:22:36.622152+00:00,0,NONE,0.0,0.0,471.3,0,-3.8580074268672617,-736.8251429654024,0.001
2026-07-29T11:22:36.672150+00:00,0,NONE,0.0,0.0,471.3,0,-0.024428055034950377,-4.665414850719857,0.001
2026-07-29T11:22:36.688919+00:00,0,NONE,0.0,0.0,471.3,0,-0.3507254229485989,-66.98362167631821,0.0
2026-07-29T11:22:36.738892+00:00,0,NONE,0.0,0.0,471.3,0,-0.3507254229485989,-66.98362167631821,0.0
2026-07-29T11:22:36.755399+00:00,0,NONE,0.0,0.0,471.3,0,0.03407826878130436,6.508469914270572,0.0
2026-07-29T11:22:36.772148+00:00,0,NONE,0.0,0.0,471.3,0,0.0,0.0,0.0
2026-07-29T11:22:36.838552+00:00,1,RIGHT,777.7,137.7,471.3,1033,-0.4058048632740974,-77.50301990496402,2.582
2026-07-29T11:22:36.855653+00:00,1,NONE,0.0,0.0,471.3,0,-0.051840513348579406,-9.900808742217356,4.131
2026-07-29T11:22:36.872388+00:00,1,NONE,0.0,0.0,471.3,0,-0.03314920911565423,-6.3310325884119445,5.06
2026-07-29T11:22:36.905389+00:00,1,NONE,0.0,0.0,471.3,0,-0.1945824384689331,-37.16250830544633,5.618
2026-07-29T11:22:36.938956+00:00,0,NONE,0.0,0.0,471.3,0,0.3167605082690716,60.49680080078872,3.371
2026-07-29T11:22:36.955475+00:00,0,NONE,0.0,0.0,471.3,0,-0.016566663682460785,-3.1639996987255388,2.023
2026-07-29T11:22:36.972192+00:00,0,NONE,0.0,0.0,471.3,0,0.4292264655604959,81.97621643977932,1.214
2026-07-29T11:22:37.038928+00:00,0,NONE,0.0,0.0,471.3,0,-0.15996489455923438,-30.55104442833119,0.728
2026-07-29T11:22:37.055556+00:00,0,NONE,0.0,0.0,471.3,0,-0.13020749498158693,-24.867799744719257,0.437
2026-07-29T11:22:37.072188+00:00,0,NONE,0.0,0.0,471.3,0,0.026878587706014513,5.133432116089509,0.262
2026-07-29T11:22:37.122185+00:00,0,NONE,0.0,0.0,471.3,0,-0.17891911510378122,-34.17103389887349,0.157
2026-07-29T11:22:37.155519+00:00,0,NONE,0.0,0.0,471.3,0,0.03054197879973799,5.833088277343408,0.094
2026-07-29T11:22:37.172264+00:00,0,NONE,0.0,0.0,471.3,0,-0.037491459585726264,-7.16034134015803,0.057
2026-07-29T11:22:37.188839+00:00,0,NONE,0.0,0.0,471.3,0,-0.08273851050063968,-15.801891516284993,0.034
2026-07-29T11:22:37.205605+00:00,0,NONE,0.0,0.0,471.3,0,-0.08273851050063968,-15.801891516284993,0.02
2026-07-29T11:22:37.222135+00:00,0,NONE,0.0,0.0,471.3,0,-0.2083621952845715,-39.79424799962203,0.012
2026-07-29T11:22:37.272285+00:00,0,NONE,0.0,0.0,471.3,0,0.01155069007538259,2.2060193059435638,0.007
2026-07-29T11:22:37.305524+00:00,0,NONE,0.0,0.0,471.3,0,-0.22957961417734624,-43.8464765153458,0.004
2026-07-29T11:22:37.355553+00:00,0,NONE,0.0,0.0,471.3,0,-0.250650277598761,-47.87067680063829,0.003
2026-07-29T11:22:37.372502+00:00,0,NONE,0.0,0.0,471.3,0,-0.19743145743850618,-37.70663084781049,0.002
2026-07-29T11:22:37.389021+00:00,0,NONE,0.0,0.0,471.3,0,-0.5356299882568419,-102.2977923591963,0.001
2026-07-29T11:22:37.405544+00:00,0,NONE,0.0,0.0,471.3,0,-0.5356299882568419,-102.2977923591963,0.001
2026-07-29T11:22:37.438775+00:00,0,NONE,0.0,0.0,471.3,0,-0.1619279336836189,-30.925957284485484,0.0
2026-07-29T11:22:37.472319+00:00,0,NONE,0.0,0.0,471.3,0,-0.1329120430536568,-25.38433037811875,0.0
2026-07-29T11:22:37.505565+00:00,0,NONE,0.0,0.0,471.3,0,-0.18123267017770558,-34.61289037022996,0.0
2026-07-29T11:22:37.539068+00:00,0,NONE,0.0,0.0,471.3,0,-0.228438946865499,-43.6286251060212,0.0
2026-07-29T11:22:37.572355+00:00,0,NONE,0.0,0.0,471.3,0,-0.228438946865499,-43.6286251060212,0.0
2026-07-29T11:22:37.605807+00:00,0,NONE,0.0,0.0,471.3,0,-0.13035630214959382,-24.89621982034622,0.0
2026-07-29T11:22:37.655585+00:00,0,NONE,0.0,0.0,471.3,0,-0.09961791773326695,-19.025620833325455,0.0
2026-07-29T11:22:37.672381+00:00,0,NONE,0.0,0.0,471.3,0,-0.038665753640234474,-7.384614984260115,0.0
2026-07-29T11:22:37.688802+00:00,0,NONE,0.0,0.0,471.3,0,-0.20679896140471102,-39.495692320595815,0.0
2026-07-29T11:22:37.705586+00:00,0,NONE,0.0,0.0,471.3,0,-0.22748332643648608,-43.446115048024794,0.0
2026-07-29T11:22:37.755588+00:00,0,NONE,0.0,0.0,471.3,0,0.07194548144936562,13.740574806951358,0.0
2026-07-29T11:22:37.772346+00:00,0,NONE,0.0,0.0,471.3,0,0.07194548144936562,13.740574806951358,0.0
2026-07-29T11:22:37.805590+00:00,0,NONE,0.0,0.0,471.3,0,-0.0379190665576607,-7.242008256098735,0.0
2026-07-29T11:22:37.822337+00:00,0,NONE,0.0,0.0,471.3,0,0.444020658377558,84.80169913884737,0.0
2026-07-29T11:22:37.855932+00:00,0,NONE,0.0,0.0,471.3,0,-0.40486453988749416,-77.32343136686464,0.0
2026-07-29T11:22:37.905586+00:00,0,NONE,0.0,0.0,471.3,0,-0.07585861303377897,-14.487927888505443,0.0
2026-07-29T11:22:37.955594+00:00,0,NONE,0.0,0.0,471.3,0,-0.05839940380305052,-11.153464546650147,0.0
2026-07-29T11:22:37.972401+00:00,0,NONE,0.0,0.0,471.3,0,-0.05839940380305052,-11.153464546650147,0.0
2026-07-29T11:22:37.989002+00:00,0,NONE,0.0,0.0,471.3,0,-0.04320663591846824,-8.251859616955265,0.0
2026-07-29T11:22:38.005595+00:00,0,NONE,0.0,0.0,471.3,0,-0.06326769386418164,-12.083239459811143,0.0
2026-07-29T11:22:38.022358+00:00,0,NONE,0.0,0.0,471.3,0,-0.06326769386418164,-12.083239459811143,0.0
2026-07-29T11:22:38.055734+00:00,0,NONE,0.0,0.0,471.3,0,0.026798219494521616,5.11808291833765,0.0
2026-07-29T11:22:38.122294+00:00,0,NONE,0.0,0.0,471.3,0,-0.05289800657890737,-10.10277507208885,0.0
2026-07-29T11:22:38.138956+00:00,0,NONE,0.0,0.0,471.3,0,-0.0649714604683686,-12.408634912128639,0.0
2026-07-29T11:22:38.172298+00:00,0,NONE,0.0,0.0,471.3,0,-0.011594921689247712,-2.214466921928643,0.0
2026-07-29T11:22:38.205768+00:00,0,NONE,0.0,0.0,471.3,0,-0.030564799403073266,-5.837446691533587,0.0
2026-07-29T11:22:38.239013+00:00,0,NONE,0.0,0.0,471.3,0,0.04985186451114714,9.521004791155802,0.0
2026-07-29T11:22:38.305759+00:00,0,NONE,0.0,0.0,471.3,0,-0.038911752393469216,-7.431597285346219,0.0
2026-07-29T11:22:38.322265+00:00,0,NONE,0.0,0.0,471.3,0,0.08212664155289531,15.685033155215448,0.0
2026-07-29T11:22:38.339084+00:00,0,NONE,0.0,0.0,471.3,0,0.008070900682359933,1.5414284865616013,0.0
2026-07-29T11:22:38.355748+00:00,0,NONE,0.0,0.0,471.3,0,0.06598468375450466,12.60214630546188,0.0
2026-07-29T11:22:38.372416+00:00,0,NONE,0.0,0.0,471.3,0,-0.022349828155711293,-4.268502753883046,0.0
2026-07-29T11:22:38.405822+00:00,0,NONE,0.0,0.0,471.3,0,0.00015333457966335118,0.029284747560408417,0.0
2026-07-29T11:22:38.439012+00:00,0,NONE,0.0,0.0,471.3,0,0.036197695070877674,6.91325051887598,0.0
2026-07-29T11:22:38.489036+00:00,0,NONE,0.0,0.0,471.3,0,0.0022691003559157253,0.4333662456186801,0.0
2026-07-29T11:22:38.522414+00:00,0,NONE,0.0,0.0,471.3,0,0.017222582419926767,3.2892709499267063,0.0
2026-07-29T11:22:38.539002+00:00,0,NONE,0.0,0.0,471.3,0,0.016113944654352962,3.077536733339396,0.0
2026-07-29T11:22:38.572421+00:00,0,NONE,0.0,0.0,471.3,0,0.016113944654352962,3.077536733339396,0.0
2026-07-29T11:22:38.605786+00:00,0,NONE,0.0,0.0,471.3,0,0.04098454836464953,7.827472155147394,0.0
2026-07-29T11:22:38.622482+00:00,0,NONE,0.0,0.0,471.3,0,0.030926515301689505,5.906529339445228,0.0
2026-07-29T11:22:38.655846+00:00,0,NONE,0.0,0.0,471.3,0,0.030926515301689505,5.906529339445228,0.0
2026-07-29T11:22:38.705808+00:00,0,NONE,0.0,0.0,471.3,0,0.10024875265546143,19.14610142869615,0.0
2026-07-29T11:22:38.722541+00:00,0,NONE,0.0,0.0,471.3,0,-0.07052767435088754,-13.469793597263081,0.0
2026-07-29T11:22:38.755817+00:00,0,NONE,0.0,0.0,471.3,0,-0.23877028703456746,-45.60176573402652,0.0
2026-07-29T11:22:38.789098+00:00,0,NONE,0.0,0.0,471.3,0,-0.09602799186599441,-18.339995496793595,0.0
2026-07-29T11:22:38.822412+00:00,0,NONE,0.0,0.0,471.3,0,-0.06751954092644155,-12.895282432486445,0.0
2026-07-29T11:22:38.839559+00:00,0,NONE,0.0,0.0,471.3,0,-0.1110873285389971,-21.216116942225717,0.0
2026-07-29T11:22:38.872503+00:00,0,NONE,0.0,0.0,471.3,0,0.19422107942402364,37.093493811572365,0.0
2026-07-29T11:22:38.905839+00:00,0,NONE,0.0,0.0,471.3,0,0.14203004991635682,27.12574141413219,0.0
2026-07-29T11:22:38.955677+00:00,0,NONE,0.0,0.0,471.3,0,0.2775784182175994,53.01357282595242,0.0
2026-07-29T11:22:38.972385+00:00,0,NONE,0.0,0.0,471.3,0,0.11310804877416558,21.602046079065175,0.0
2026-07-29T11:22:38.989168+00:00,0,NONE,0.0,0.0,471.3,0,0.06828746497165411,13.041945121744089,0.0
2026-07-29T11:22:39.022300+00:00,0,NONE,0.0,0.0,471.3,0,0.07628623820375652,14.569598280016368,0.0
2026-07-29T11:22:39.072336+00:00,0,NONE,0.0,0.0,471.3,0,0.023661627874244005,4.519038045344291,0.0
2026-07-29T11:22:39.089110+00:00,0,NONE,0.0,0.0,471.3,0,0.1020401223283261,19.488227834705736,0.0
2026-07-29T11:22:39.139254+00:00,0,NONE,0.0,0.0,471.3,0,0.1020401223283261,19.488227834705736,0.0
2026-07-29T11:22:39.155660+00:00,0,NONE,0.0,0.0,471.3,0,0.1281083186197793,24.466886591435248,0.0
2026-07-29T11:22:39.172470+00:00,0,NONE,0.0,0.0,471.3,0,0.03484474513446912,6.654856114713636,0.0
2026-07-29T11:22:39.189242+00:00,0,NONE,0.0,0.0,471.3,0,0.1056078363454435,20.169611020340707,0.0
2026-07-29T11:22:39.239282+00:00,0,NONE,0.0,0.0,471.3,0,0.1056078363454435,20.169611020340707,0.0
2026-07-29T11:22:39.272471+00:00,0,NONE,0.0,0.0,471.3,0,0.18989838061854244,36.26791915270464,0.0
2026-07-29T11:22:39.305823+00:00,0,NONE,0.0,0.0,471.3,0,0.06273460285738111,11.981426577190975,0.0
2026-07-29T11:22:39.339160+00:00,0,NONE,0.0,0.0,471.3,0,0.18308094357606022,34.96588458727004,0.0
2026-07-29T11:22:39.355805+00:00,0,NONE,0.0,0.0,471.3,0,0.10152593794744462,19.390025851652215,0.0
2026-07-29T11:22:39.372445+00:00,0,NONE,0.0,0.0,471.3,0,0.16232008105609566,31.00085191578569,0.0
2026-07-29T11:22:39.422447+00:00,0,NONE,0.0,0.0,471.3,0,0.11621194277890026,22.194846167489363,0.0
2026-07-29T11:22:39.455873+00:00,0,NONE,0.0,0.0,471.3,0,0.16504035528749228,31.52038602437643,0.0
2026-07-29T11:22:39.472457+00:00,0,NONE,0.0,0.0,471.3,0,0.06295267835259438,12.02307592882746,0.0
2026-07-29T11:22:39.489182+00:00,0,NONE,0.0,0.0,471.3,0,-0.02681486737448722,-5.121262429203882,0.0
2026-07-29T11:22:39.539163+00:00,0,NONE,0.0,0.0,471.3,0,0.09182227851008065,17.53676341300806,0.0
2026-07-29T11:22:39.555818+00:00,0,NONE,0.0,0.0,471.3,0,0.09182227851008065,17.53676341300806,0.0
2026-07-29T11:22:39.589222+00:00,0,NONE,0.0,0.0,471.3,0,0.11307842162903398,21.5963877111483,0.0
2026-07-29T11:22:39.605788+00:00,0,NONE,0.0,0.0,471.3,0,0.11307842162903398,21.5963877111483,0.0
2026-07-29T11:22:39.622577+00:00,0,NONE,0.0,0.0,471.3,0,0.16601464176550507,31.706461035132424,0.0
2026-07-29T11:22:39.705847+00:00,0,NONE,0.0,0.0,471.3,0,0.16601464176550507,31.706461035132424,0.0
2026-07-29T11:22:39.722594+00:00,0,NONE,0.0,0.0,471.3,0,0.20297226023751136,38.764846232801396,0.0
2026-07-29T11:22:39.739162+00:00,0,NONE,0.0,0.0,471.3,0,-0.014209651574492454,-2.713843545232809,0.0
2026-07-29T11:22:39.772582+00:00,0,NONE,0.0,0.0,471.3,0,-0.014209651574492454,-2.713843545232809,0.0
2026-07-29T11:22:39.805834+00:00,0,NONE,0.0,0.0,471.3,0,0.14288018936757,27.2881060893058,0.0
2026-07-29T11:22:39.855837+00:00,0,NONE,0.0,0.0,471.3,0,0.14288018936757,27.2881060893058,0.0
2026-07-29T11:22:39.872605+00:00,0,NONE,0.0,0.0,471.3,0,0.27945500022615305,53.37197358928679,0.0
2026-07-29T11:22:39.905758+00:00,0,NONE,0.0,0.0,471.3,0,-0.1543264315626584,-29.474177319516215,0.0
2026-07-29T11:22:39.922595+00:00,0,NONE,0.0,0.0,471.3,0,-0.22673411501338706,-43.30302620633624,0.0
2026-07-29T11:22:39.972700+00:00,0,NONE,0.0,0.0,471.3,0,-0.22673411501338706,-43.30302620633624,0.0
2026-07-29T11:22:39.989172+00:00,0,NONE,0.0,0.0,471.3,0,0.13784927421016618,26.327272070613688,0.0
2026-07-29T11:22:40.005840+00:00,0,NONE,0.0,0.0,471.3,0,0.39555198593705426,75.54486457403767,0.0
2026-07-29T11:22:40.039121+00:00,0,NONE,0.0,0.0,471.3,0,0.1178055908018723,22.499210519974916,0.0
2026-07-29T11:22:40.072595+00:00,0,NONE,0.0,0.0,471.3,0,0.2976884015160613,56.854296722887234,0.0
2026-07-29T11:22:40.089246+00:00,0,NONE,0.0,0.0,471.3,0,0.056327757248654964,10.757809199284532,0.0
2026-07-29T11:22:40.139235+00:00,0,NONE,0.0,0.0,471.3,0,-0.1652608539350331,-31.562498164017864,0.0
2026-07-29T11:22:40.155882+00:00,0,NONE,0.0,0.0,471.3,0,-0.1652608539350331,-31.562498164017864,0.0
2026-07-29T11:22:40.189275+00:00,0,NONE,0.0,0.0,471.3,0,0.22719031065818854,43.390153156600825,0.0
2026-07-29T11:22:40.205837+00:00,0,NONE,0.0,0.0,471.3,0,0.08579290815629065,16.38523849836317,0.0
2026-07-29T11:22:40.239294+00:00,0,NONE,0.0,0.0,471.3,0,0.08579290815629065,16.38523849836317,0.0
2026-07-29T11:22:40.272627+00:00,0,NONE,0.0,0.0,471.3,0,0.06779435625183396,12.947768293454775,0.0
2026-07-29T11:22:40.322671+00:00,0,NONE,0.0,0.0,471.3,0,0.006232724436558783,1.1903626836095744,0.0
2026-07-29T11:22:40.355874+00:00,0,NONE,0.0,0.0,471.3,0,0.044669421990402046,8.531231177796355,0.0
2026-07-29T11:22:40.389304+00:00,1,RIGHT,676.7,36.7,471.3,1331,0.044669421990402046,8.531231177796355,0.688
2026-07-29T11:22:40.405957+00:00,1,RIGHT,671.7,31.7,471.3,3410,0.07113150839228183,13.585117404257149,1.007
2026-07-29T11:22:40.422513+00:00,1,RIGHT,674.7,34.7,471.3,1509,0.07113150839228183,13.585117404257149,1.255
2026-07-29T11:22:40.474688+00:00,1,RIGHT,675.7,35.7,471.3,2199,-0.08461242157965898,-16.1597821696537,1.422
2026-07-29T11:22:40.489270+00:00,1,RIGHT,671.7,31.7,471.3,1516,0.027711480872239916,5.292502993456188,1.448
2026-07-29T11:22:40.522503+00:00,1,RIGHT,672.7,32.7,471.3,2029,0.13605428063310682,25.98445354988505,1.482
2026-07-29T11:22:40.555975+00:00,1,RIGHT,675.7,35.7,471.3,1446,-0.2699881866760552,-51.563945383093895,1.558
2026-07-29T11:22:40.572608+00:00,1,RIGHT,677.7,37.7,471.3,1020,-0.18555205852957443,-35.437832779030146,1.642
2026-07-29T11:22:40.589312+00:00,1,RIGHT,675.7,35.7,471.3,1298,0.075780160096474,14.472944481178844,1.655
2026-07-29T11:22:40.672419+00:00,1,NONE,0.0,0.0,471.3,0,-0.1883534850925207,-35.972865841272345,1.662
2026-07-29T11:22:40.706017+00:00,1,NONE,0.0,0.0,471.3,0,-0.11939238713122904,-22.802266295371556,1.667
2026-07-29T11:22:40.722529+00:00,1,NONE,0.0,0.0,471.3,0,-0.0509605966322124,-9.732757028314557,1.669
2026-07-29T11:22:40.739288+00:00,0,NONE,0.0,0.0,471.3,0,-0.0509605966322124,-9.732757028314557,1.002
2026-07-29T11:22:40.756038+00:00,0,NONE,0.0,0.0,471.3,0,0.28937788400799036,55.267104793613754,0.601
2026-07-29T11:22:40.789277+00:00,0,NONE,0.0,0.0,471.3,0,-0.3039552358724177,-58.05117392130992,0.361
2026-07-29T11:22:40.839318+00:00,0,NONE,0.0,0.0,471.3,0,-7.34569039195776e-05,-0.014029235235632636,0.216
2026-07-29T11:22:40.856016+00:00,0,NONE,0.0,0.0,471.3,0,0.2902275893464685,55.42938655936219,0.13
2026-07-29T11:22:40.906015+00:00,0,NONE,0.0,0.0,471.3,0,0.2902275893464685,55.42938655936219,0.078
2026-07-29T11:22:40.939337+00:00,0,NONE,0.0,0.0,471.3,0,-0.35011256448575295,-66.86657433178506,0.047
2026-07-29T11:22:40.972662+00:00,0,NONE,0.0,0.0,471.3,0,-3.8348949747160074e-05,-0.0073241098975718585,0.028
2026-07-29T11:22:41.006082+00:00,0,NONE,0.0,0.0,471.3,0,0.0,0.0,0.017
2026-07-29T11:22:41.022619+00:00,0,NONE,0.0,0.0,471.3,0,0.0,0.0,0.01
2026-07-29T11:22:41.039291+00:00,0,NONE,0.0,0.0,471.3,0,-0.23474144612438977,-44.832313799083764,0.006
2026-07-29T11:22:41.089292+00:00,0,NONE,0.0,0.0,471.3,0,-1.25093553606348e-05,-0.002389110888645753,0.004
2026-07-29T11:22:41.106262+00:00,0,NONE,0.0,0.0,471.3,0,-1.25093553606348e-05,-0.002389110888645753,0.002
2026-07-29T11:22:41.139335+00:00,0,NONE,0.0,0.0,471.3,0,0.5395613369504281,103.04862465231882,0.001
2026-07-29T11:22:41.172661+00:00,0,NONE,0.0,0.0,471.3,0,0.5395613369504281,103.04862465231882,0.001
2026-07-29T11:22:41.205954+00:00,0,NONE,0.0,0.0,471.3,0,-0.19350899162702262,-36.957495060202604,0.0
2026-07-29T11:22:41.222667+00:00,0,NONE,0.0,0.0,471.3,0,0.09607020370662213,18.348057364505088,0.0
2026-07-29T11:22:41.256023+00:00,0,NONE,0.0,0.0,471.3,0,-4.223039648877602e-05,-0.00806541161990319,0.0
2026-07-29T11:22:41.289443+00:00,0,NONE,0.0,0.0,471.3,0,0.06850967865437269,13.084384808976866,0.0
2026-07-29T11:22:41.322683+00:00,0,NONE,0.0,0.0,471.3,0,0.06850967865437269,13.084384808976866,0.0
2026-07-29T11:22:41.355928+00:00,0,NONE,0.0,0.0,471.3,0,-1.765627040648833,-337.2099254111719,0.0
2026-07-29T11:22:41.389492+00:00,0,NONE,0.0,0.0,471.3,0,-1.765627040648833,-337.2099254111719,0.0
2026-07-29T11:22:41.405942+00:00,0,NONE,0.0,0.0,471.3,0,0.006749078510329127,1.2889790474809995,0.0
2026-07-29T11:22:41.422698+00:00,0,NONE,0.0,0.0,471.3,0,0.006749078510329127,1.2889790474809995,0.0
2026-07-29T11:22:41.439434+00:00,0,NONE,0.0,0.0,471.3,0,0.07810346995480359,14.916663979123587,0.0
2026-07-29T11:22:41.506081+00:00,0,NONE,0.0,0.0,471.3,0,0.46073698028922083,87.99428145391518,0.0
2026-07-29T11:22:41.539482+00:00,0,NONE,0.0,0.0,471.3,0,-0.011480848416686059,-2.1926805316852156,0.0
2026-07-29T11:22:41.555951+00:00,0,NONE,0.0,0.0,471.3,0,-0.047272481143008915,-9.028378855353935,0.0
2026-07-29T11:22:41.572761+00:00,0,NONE,0.0,0.0,471.3,0,0.04323654395993799,8.257571632120994,0.0
2026-07-29T11:22:41.589440+00:00,0,NONE,0.0,0.0,471.3,0,0.04323654395993799,8.257571632120994,0.0
2026-07-29T11:22:41.622693+00:00,0,NONE,0.0,0.0,471.3,0,-0.020419871502526804,-3.8999081843141625,0.0
2026-07-29T11:22:41.689452+00:00,0,NONE,0.0,0.0,471.3,0,-0.020419871502526804,-3.8999081843141625,0.0
2026-07-29T11:22:41.722700+00:00,0,NONE,0.0,0.0,471.3,0,-0.020419871502526804,-3.8999081843141625,0.0
2026-07-29T11:22:41.739455+00:00,0,NONE,0.0,0.0,471.3,0,-0.020419871502526804,-3.8999081843141625,0.0
2026-07-29T11:22:41.772751+00:00,0,NONE,0.0,0.0,471.3,0,-0.020419871502526804,-3.8999081843141625,0.0
2026-07-29T11:22:41.789462+00:00,0,NONE,0.0,0.0,471.3,0,-0.020419871502526804,-3.8999081843141625,0.0
2026-07-29T11:22:41.822702+00:00,0,NONE,0.0,0.0,471.3,0,-0.020419871502526804,-3.8999081843141625,0.0
2026-07-29T11:22:41.872716+00:00,0,NONE,0.0,0.0,471.3,0,-0.020419871502526804,-3.8999081843141625,0.0
2026-07-29T11:22:41.889584+00:00,0,NONE,0.0,0.0,471.3,0,0.0316059711901471,6.036295855358335,0.0
2026-07-29T11:22:41.922775+00:00,0,NONE,0.0,0.0,471.3,0,-0.004996012931223958,-0.9541681845063867,0.0
2026-07-29T11:22:41.972876+00:00,0,NONE,0.0,0.0,471.3,0,0.005255944593809545,1.0038114752662959,0.0
2026-07-29T11:22:41.989318+00:00,0,NONE,0.0,0.0,471.3,0,0.036222497248090804,6.917987385799473,0.0
2026-07-29T11:22:42.006137+00:00,0,NONE,0.0,0.0,471.3,0,0.036222497248090804,6.917987385799473,0.0
2026-07-29T11:22:42.022863+00:00,0,NONE,0.0,0.0,471.3,0,2.0164229863439686e-05,0.0038510842276891677,0.0
2026-07-29T11:22:42.072827+00:00,0,NONE,0.0,0.0,471.3,0,1.955602696398273e-05,0.003734926030267491,0.0
2026-07-29T11:22:42.106091+00:00,0,NONE,0.0,0.0,471.3,0,1.955602696398273e-05,0.003734926030267491,0.0
2026-07-29T11:22:42.122861+00:00,0,NONE,0.0,0.0,471.3,0,0.051855307964142415,9.903634305654952,0.0
2026-07-29T11:22:42.156137+00:00,0,NONE,0.0,0.0,471.3,0,0.01458458235487342,2.785450049650728,0.0
2026-07-29T11:22:42.172781+00:00,0,NONE,0.0,0.0,471.3,0,0.006955249098245986,1.3283547293055555,0.0
2026-07-29T11:22:42.222872+00:00,0,NONE,0.0,0.0,471.3,0,0.006955249098245986,1.3283547293055555,0.0
2026-07-29T11:22:42.239385+00:00,0,NONE,0.0,0.0,471.3,0,0.01053112743422389,2.0112971849848815,0.0
2026-07-29T11:22:42.256112+00:00,0,NONE,0.0,0.0,471.3,0,-2.8167427517473696e-05,-0.005379582388306335,0.0
2026-07-29T11:22:42.289359+00:00,0,NONE,0.0,0.0,471.3,0,0.11899945742217824,22.727222248791843,0.0
2026-07-29T11:22:42.339400+00:00,0,NONE,0.0,0.0,471.3,0,0.07691134995315224,14.688985829897751,0.0
2026-07-29T11:22:42.356149+00:00,0,NONE,0.0,0.0,471.3,0,0.07691134995315224,14.688985829897751,0.0
2026-07-29T11:22:42.372872+00:00,0,NONE,0.0,0.0,471.3,0,0.02423137773759663,4.627852253838494,0.0
2026-07-29T11:22:42.389365+00:00,0,NONE,0.0,0.0,471.3,0,0.07274365940596908,13.893015567663872,0.0
2026-07-29T11:22:42.456128+00:00,0,NONE,0.0,0.0,471.3,0,0.02540386212989688,4.851780277917712,0.0
2026-07-29T11:22:42.472870+00:00,0,NONE,0.0,0.0,471.3,0,0.01675212747650221,3.1994206742290627,0.0
2026-07-29T11:22:42.489592+00:00,0,NONE,0.0,0.0,471.3,0,0.0006154193339170888,0.1175364348806717,0.0
2026-07-29T11:22:42.506120+00:00,0,NONE,0.0,0.0,471.3,0,0.01702376775443554,3.2513001458001978,0.0
2026-07-29T11:22:42.556133+00:00,0,NONE,0.0,0.0,471.3,0,0.024628472928889096,4.703691848925155,0.0
2026-07-29T11:22:42.589722+00:00,0,NONE,0.0,0.0,471.3,0,0.006893710386939347,1.3166017011904074,0.0
2026-07-29T11:22:42.622928+00:00,0,NONE,0.0,0.0,471.3,0,0.006893710386939347,1.3166017011904074,0.0
2026-07-29T11:22:42.639538+00:00,0,NONE,0.0,0.0,471.3,0,0.016751806766260414,3.1993594230847244,0.0
2026-07-29T11:22:42.672913+00:00,0,NONE,0.0,0.0,471.3,0,0.016751806766260414,3.1993594230847244,0.0
2026-07-29T11:22:42.722922+00:00,0,NONE,0.0,0.0,471.3,0,0.016751806766260414,3.1993594230847244,0.0
2026-07-29T11:22:42.740795+00:00,0,NONE,0.0,0.0,471.3,0,0.016751806766260414,3.1993594230847244,0.0
2026-07-29T11:22:42.756292+00:00,0,NONE,0.0,0.0,471.3,0,0.016751806766260414,3.1993594230847244,0.0
2026-07-29T11:22:42.772775+00:00,0,NONE,0.0,0.0,471.3,0,0.016751806766260414,3.1993594230847244,0.0
2026-07-29T11:22:42.806293+00:00,0,NONE,0.0,0.0,471.3,0,0.016751806766260414,3.1993594230847244,0.0
2026-07-29T11:22:42.856273+00:00,0,NONE,0.0,0.0,471.3,0,0.016751806766260414,3.1993594230847244,0.0
2026-07-29T11:22:42.889446+00:00,0,NONE,0.0,0.0,471.3,0,-0.028707168893888593,-5.482665397963521,0.0
2026-07-29T11:22:42.906257+00:00,0,NONE,0.0,0.0,471.3,0,0.012325328157749027,2.353964281842578,0.0
2026-07-29T11:22:42.922774+00:00,0,NONE,0.0,0.0,471.3,0,0.009792142631486058,1.870161483914263,0.0
2026-07-29T11:22:42.939529+00:00,0,NONE,0.0,0.0,471.3,0,0.012852759017841891,2.454696156070165,0.0
2026-07-29T11:22:42.972864+00:00,0,NONE,0.0,0.0,471.3,0,0.012852759017841891,2.454696156070165,0.0
2026-07-29T11:22:43.006334+00:00,0,NONE,0.0,0.0,471.3,0,0.012852759017841891,2.454696156070165,0.0
2026-07-29T11:22:43.022841+00:00,0,NONE,0.0,0.0,471.3,0,0.0,0.0,0.0
2026-07-29T11:22:43.072754+00:00,0,NONE,0.0,0.0,471.3,0,-1.0172926839068532,-194.28859105799603,0.0
2026-07-29T11:22:43.106140+00:00,1,RIGHT,776.7,136.7,471.3,1049,-9.358148017781785e-06,-0.0017872746182587117,2.563
2026-07-29T11:22:43.122974+00:00,1,NONE,0.0,0.0,471.3,0,0.057744734110310676,11.028431845419748,4.101
2026-07-29T11:22:43.139516+00:00,1,NONE,0.0,0.0,471.3,0,0.043895565615966914,8.383435497114926,5.024
2026-07-29T11:22:43.156313+00:00,1,NONE,0.0,0.0,471.3,0,-0.1041744342353195,-19.895851382823203,5.577
2026-07-29T11:22:43.223013+00:00,0,NONE,0.0,0.0,471.3,0,-0.011088031434919685,-2.1176580144309467,3.346
2026-07-29T11:22:43.239453+00:00,0,NONE,0.0,0.0,471.3,0,0.3859728164970875,73.71537797353501,2.008
2026-07-29T11:22:43.273009+00:00,0,NONE,0.0,0.0,471.3,0,0.3859728164970875,73.71537797353501,1.205
2026-07-29T11:22:43.289511+00:00,0,NONE,0.0,0.0,471.3,0,0.14703995424322783,28.082562659778983,0.723
2026-07-29T11:22:43.339554+00:00,0,NONE,0.0,0.0,471.3,0,-0.0968353992793709,-18.494198953907087,0.434
2026-07-29T11:22:43.372933+00:00,0,NONE,0.0,0.0,471.3,0,-0.025335515327751638,-4.838727000230585,0.26
2026-07-29T11:22:43.406357+00:00,0,NONE,0.0,0.0,471.3,0,-0.025335515327751638,-4.838727000230585,0.156
2026-07-29T11:22:43.422916+00:00,1,RIGHT,674.7,34.7,471.3,1159,0.09974928476149217,19.050710087607058,0.744
2026-07-29T11:22:43.456362+00:00,1,NONE,0.0,0.0,471.3,0,0.73997672021389,141.32514335396283,1.097
2026-07-29T11:22:43.489577+00:00,1,NONE,0.0,0.0,471.3,0,0.73997672021389,141.32514335396283,1.309
2026-07-29T11:22:43.506358+00:00,1,NONE,0.0,0.0,471.3,0,0.2104679061099887,40.19640914352675,1.436
2026-07-29T11:22:43.556352+00:00,1,RIGHT,604.7,-35.3,471.3,3194,0.06452650181017816,12.323654068221584,0.2
2026-07-29T11:22:43.606232+00:00,1,RIGHT,592.7,-47.3,471.3,4884,-0.03295339882839471,-6.293635578261228,-0.767
2026-07-29T11:22:43.622917+00:00,1,RIGHT,588.7,-51.3,471.3,3657,0.1662867186870426,31.75842389948913,-1.422
2026-07-29T11:22:43.656399+00:00,1,NONE,0.0,0.0,471.3,0,0.16225021730992012,30.98750892312959,-1.815
2026-07-29T11:22:43.672857+00:00,1,NONE,0.0,0.0,471.3,0,-0.0021399704227223993,-0.4087042450160672,-2.051
2026-07-29T11:22:43.706332+00:00,1,NONE,0.0,0.0,471.3,0,0.17781734570860863,33.96061144440658,-2.192
2026-07-29T11:22:43.722945+00:00,0,NONE,0.0,0.0,471.3,0,0.09308572714857291,17.77806432839858,-1.315
2026-07-29T11:22:43.756271+00:00,0,NONE,0.0,0.0,471.3,0,0.09308572714857291,17.77806432839858,-0.789
2026-07-29T11:22:43.806332+00:00,0,NONE,0.0,0.0,471.3,0,0.16188898152671755,30.91851797050755,-0.474
2026-07-29T11:22:43.822952+00:00,0,NONE,0.0,0.0,471.3,0,-0.15159736429341136,-28.952963864399052,-0.284
2026-07-29T11:22:43.856269+00:00,0,NONE,0.0,0.0,471.3,0,0.27049804221256635,51.66132061777213,-0.17
2026-07-29T11:22:43.889690+00:00,0,NONE,0.0,0.0,471.3,0,-0.19309981640428306,-36.87934834905493,-0.102
2026-07-29T11:22:43.906262+00:00,0,NONE,0.0,0.0,471.3,0,-0.19309981640428306,-36.87934834905493,-0.061
2026-07-29T11:22:43.956332+00:00,0,NONE,0.0,0.0,471.3,0,0.3024919241387397,57.77170196647085,-0.037
2026-07-29T11:22:43.973012+00:00,0,NONE,0.0,0.0,471.3,0,-0.2882614284241572,-55.05387748372224,-0.022
2026-07-29T11:22:44.006389+00:00,0,NONE,0.0,0.0,471.3,0,-0.2882614284241572,-55.05387748372224,-0.013
2026-07-29T11:22:44.039866+00:00,0,NONE,0.0,0.0,471.3,0,-0.3735166550055146,-71.33642636553334,-0.008
2026-07-29T11:22:44.072965+00:00,0,NONE,0.0,0.0,471.3,0,0.7607609577476978,145.29464032424477,-0.005
2026-07-29T11:22:44.106360+00:00,0,NONE,0.0,0.0,471.3,0,0.007634900659322739,1.4581586159361417,-0.003
2026-07-29T11:22:44.122961+00:00,0,NONE,0.0,0.0,471.3,0,0.007634900659322739,1.4581586159361417,-0.002
2026-07-29T11:22:44.156345+00:00,0,NONE,0.0,0.0,471.3,0,0.1063650051181321,20.314219603854564,-0.001
2026-07-29T11:22:44.189803+00:00,0,NONE,0.0,0.0,471.3,0,0.1063650051181321,20.314219603854564,-0.001
2026-07-29T11:22:44.222987+00:00,0,NONE,0.0,0.0,471.3,0,-0.19269505869597198,-36.80204532101622,-0.0
2026-07-29T11:22:44.256396+00:00,0,NONE,0.0,0.0,471.3,0,0.06788395054638385,12.96487954327531,-0.0
2026-07-29T11:22:44.272918+00:00,0,NONE,0.0,0.0,471.3,0,0.06788395054638385,12.96487954327531,-0.0
2026-07-29T11:22:44.306433+00:00,0,NONE,0.0,0.0,471.3,0,-0.046552232546091546,-8.890821506008654,-0.0
2026-07-29T11:22:44.339643+00:00,0,NONE,0.0,0.0,471.3,0,0.026351368594914673,5.032740682940644,-0.0
2026-07-29T11:22:44.389628+00:00,0,NONE,0.0,0.0,471.3,0,0.022836064025759696,4.361366964555195,-0.0
2026-07-29T11:22:44.406410+00:00,0,NONE,0.0,0.0,471.3,0,0.022836064025759696,4.361366964555195,-0.0
2026-07-29T11:22:44.439718+00:00,0,NONE,0.0,0.0,471.3,0,-0.008043962379451841,-1.5362836496820058,-0.0
2026-07-29T11:22:44.456425+00:00,0,NONE,0.0,0.0,471.3,0,-0.14059297633590176,-26.85128057743276,-0.0
2026-07-29T11:22:44.489619+00:00,0,NONE,0.0,0.0,471.3,0,-0.14059297633590176,-26.85128057743276,-0.0
2026-07-29T11:22:44.523131+00:00,0,NONE,0.0,0.0,471.3,0,-0.06934515671338887,-13.243949364501562,-0.0
2026-07-29T11:22:44.539631+00:00,0,NONE,0.0,0.0,471.3,0,-0.06934515671338887,-13.243949364501562,-0.0
2026-07-29T11:22:44.589747+00:00,0,NONE,0.0,0.0,471.3,0,-0.0890012379619293,-16.997984355526913,-0.0
2026-07-29T11:22:44.623131+00:00,0,NONE,0.0,0.0,471.3,0,0.27510539148468527,52.54125951122241,-0.0
2026-07-29T11:22:44.656271+00:00,0,NONE,0.0,0.0,471.3,0,0.27510539148468527,52.54125951122241,-0.0
2026-07-29T11:22:44.673193+00:00,0,NONE,0.0,0.0,471.3,0,-0.150956812039949,-28.830627395462432,-0.0
2026-07-29T11:22:44.689653+00:00,0,NONE,0.0,0.0,471.3,0,-0.29651669044047596,-56.630516391421324,-0.0
2026-07-29T11:22:44.723173+00:00,0,NONE,0.0,0.0,471.3,0,-0.29651669044047596,-56.630516391421324,-0.0
2026-07-29T11:22:44.756425+00:00,1,RIGHT,298.7,-341.3,471.3,5787,-0.09951807561796158,-19.006552393909935,-4.0
2026-07-29T11:22:44.773243+00:00,1,RIGHT,311.7,-328.3,471.3,5811,-0.007911662263795733,-1.511016188828047,-8.0
2026-07-29T11:22:44.823194+00:00,1,RIGHT,333.7,-306.3,471.3,2159,-0.26336174150928854,-50.29838757899192,-10.543
2026-07-29T11:22:44.839779+00:00,1,RIGHT,348.7,-291.3,471.3,2890,-0.37112824915442616,-70.88027444876094,-11.788
2026-07-29T11:22:44.856593+00:00,1,RIGHT,357.7,-282.3,471.3,1519,0.5006023811642081,95.60801218302821,-12.366
2026-07-29T11:22:44.906378+00:00,1,NONE,0.0,0.0,471.3,0,0.5006023811642081,95.60801218302821,-12.713
2026-07-29T11:22:44.923143+00:00,1,NONE,0.0,0.0,471.3,0,-0.05696807019412518,-10.88009996376131,-12.921
2026-07-29T11:22:44.956438+00:00,1,NONE,0.0,0.0,471.3,0,-0.05696807019412518,-10.88009996376131,-13.046
2026-07-29T11:22:45.023179+00:00,0,NONE,0.0,0.0,471.3,0,0.09527179703116417,18.195572921709047,-9.046
2026-07-29T11:22:45.039801+00:00,0,NONE,0.0,0.0,471.3,0,0.09527179703116417,18.195572921709047,-5.427
2026-07-29T11:22:45.073298+00:00,0,NONE,0.0,0.0,471.3,0,3.4008955262834204e-05,0.00649523200736543,-3.256
2026-07-29T11:22:45.089757+00:00,0,NONE,0.0,0.0,471.3,0,3.4008955262834204e-05,0.00649523200736543,-1.954
2026-07-29T11:22:45.123056+00:00,0,NONE,0.0,0.0,471.3,0,-0.03201019681058824,-6.113497262099449,-1.172
2026-07-29T11:22:45.139743+00:00,0,NONE,0.0,0.0,471.3,0,-0.03201019681058824,-6.113497262099449,-0.703
2026-07-29T11:22:45.173161+00:00,0,NONE,0.0,0.0,471.3,0,-2.7499417774379245e-06,-0.0005252001925129901,-0.422
2026-07-29T11:22:45.206524+00:00,0,NONE,0.0,0.0,471.3,0,-2.7499417774379245e-06,-0.0005252001925129901,-0.253
2026-07-29T11:22:45.223118+00:00,0,NONE,0.0,0.0,471.3,0,0.25999188866931944,49.654793094623905,-0.152
2026-07-29T11:22:45.273065+00:00,0,NONE,0.0,0.0,471.3,0,0.25999188866931944,49.654793094623905,-0.091
2026-07-29T11:22:45.289762+00:00,0,NONE,0.0,0.0,471.3,0,0.25999188866931944,49.654793094623905,-0.055
2026-07-29T11:22:45.323217+00:00,1,RIGHT,610.2,-29.8,471.3,2696,0.03255691847763956,6.21791340906744,-0.592
2026-07-29T11:22:45.339740+00:00,1,RIGHT,610.7,-29.3,471.3,1179,-0.12909686964470893,-24.655685929974574,-0.904
2026-07-29T11:22:45.389794+00:00,1,NONE,0.0,0.0,471.3,0,0.0,0.0,-1.092
2026-07-29T11:22:45.423046+00:00,1,NONE,0.0,0.0,471.3,0,-6.154126022011043e-06,-0.0011753514921762236,-1.205
2026-07-29T11:22:45.456327+00:00,1,RIGHT,776.7,136.7,471.3,1066,-6.154126022011043e-06,-0.0011753514921762236,1.84
2026-07-29T11:22:45.473381+00:00,1,NONE,0.0,0.0,471.3,0,-0.1367384105268866,-26.11511273505943,3.667
2026-07-29T11:22:45.489808+00:00,1,NONE,0.0,0.0,471.3,0,-0.119826506114332,-22.88517691383259,4.764
2026-07-29T11:22:45.523195+00:00,1,NONE,0.0,0.0,471.3,0,-0.9684009151766076,-184.95095105408683,5.421
2026-07-29T11:22:45.589858+00:00,0,NONE,0.0,0.0,471.3,0,-0.9684009151766076,-184.95095105408683,3.253
2026-07-29T11:22:45.606562+00:00,0,NONE,0.0,0.0,471.3,0,-0.10336136803030968,-19.740567176117267,1.952
2026-07-29T11:22:45.623216+00:00,1,RIGHT,722.7,82.7,471.3,1180,-0.07122866079211235,-13.603672145856669,2.722
2026-07-29T11:22:45.656572+00:00,1,RIGHT,741.7,101.7,471.3,1067,-0.18183505735709332,-34.72793784693566,3.54
2026-07-29T11:22:45.689828+00:00,1,NONE,0.0,0.0,471.3,0,-0.38491989655187353,-73.51428507678202,4.031
2026-07-29T11:22:45.723278+00:00,1,NONE,0.0,0.0,471.3,0,-0.38491989655187353,-73.51428507678202,4.325
2026-07-29T11:22:45.739815+00:00,1,NONE,0.0,0.0,471.3,0,-0.4325487953424454,-82.61073468863373,4.502
2026-07-29T11:22:45.789782+00:00,0,NONE,0.0,0.0,471.3,0,-0.4586036314023659,-87.58684182909612,2.701
2026-07-29T11:22:45.823195+00:00,0,NONE,0.0,0.0,471.3,0,-0.4586036314023659,-87.58684182909612,1.621
2026-07-29T11:22:45.839844+00:00,0,NONE,0.0,0.0,471.3,0,0.13850614991039037,26.452726088238844,0.972
2026-07-29T11:22:45.856559+00:00,0,NONE,0.0,0.0,471.3,0,0.13850614991039037,26.452726088238844,0.583
2026-07-29T11:22:45.906432+00:00,0,NONE,0.0,0.0,471.3,0,-0.14664895709604026,-28.007887705327306,0.35
2026-07-29T11:22:45.923233+00:00,0,NONE,0.0,0.0,471.3,0,-1.4174045354593545e-05,-0.002707043258150735,0.21
2026-07-29T11:22:45.939960+00:00,0,NONE,0.0,0.0,471.3,0,-1.4174045354593545e-05,-0.002707043258150735,0.126
2026-07-29T11:22:45.973085+00:00,0,NONE,0.0,0.0,471.3,0,-0.06785784706473351,-12.959894145511438,0.076
2026-07-29T11:22:45.990000+00:00,0,NONE,0.0,0.0,471.3,0,0.3787472280859947,72.3353922386875,0.045
2026-07-29T11:22:46.023121+00:00,1,RIGHT,658.7,18.7,471.3,4738,0.3787472280859947,72.3353922386875,0.378
2026-07-29T11:22:46.056457+00:00,1,NONE,0.0,0.0,471.3,0,-0.17918929385137744,-34.222634238711464,0.577
2026-07-29T11:22:46.073233+00:00,1,NONE,0.0,0.0,471.3,0,-0.17918929385137744,-34.222634238711464,0.697
2026-07-29T11:22:46.089970+00:00,1,NONE,0.0,0.0,471.3,0,-0.17918929385137744,-34.222634238711464,0.769
2026-07-29T11:22:46.139939+00:00,0,NONE,0.0,0.0,471.3,0,-0.17918929385137744,-34.222634238711464,0.461
2026-07-29T11:22:46.173231+00:00,0,NONE,0.0,0.0,471.3,0,-0.17918929385137744,-34.222634238711464,0.277
2026-07-29T11:22:46.206486+00:00,0,NONE,0.0,0.0,471.3,0,-0.17918929385137744,-34.222634238711464,0.166
2026-07-29T11:22:46.256419+00:00,0,NONE,0.0,0.0,471.3,0,-0.17918929385137744,-34.222634238711464,0.1
2026-07-29T11:22:46.273243+00:00,0,NONE,0.0,0.0,471.3,0,-0.17918929385137744,-34.222634238711464,0.06
2026-07-29T11:22:46.306582+00:00,0,NONE,0.0,0.0,471.3,0,-0.17918929385137744,-34.222634238711464,0.036
2026-07-29T11:22:46.339981+00:00,0,NONE,0.0,0.0,471.3,0,-0.028960559581173585,-5.531059454461352,0.022
2026-07-29T11:22:46.373227+00:00,0,NONE,0.0,0.0,471.3,0,-0.12384212589502568,-23.65210379904258,0.013
2026-07-29T11:22:46.390020+00:00,0,NONE,0.0,0.0,471.3,0,-3.351507955812849e-05,-0.006400908695753142,0.008
2026-07-29T11:22:46.406626+00:00,0,NONE,0.0,0.0,471.3,0,0.3832189634907991,73.18943079133591,0.005
2026-07-29T11:22:46.456613+00:00,0,NONE,0.0,0.0,471.3,0,-0.2935292378676604,-56.05995497836189,0.003
2026-07-29T11:22:46.490021+00:00,0,NONE,0.0,0.0,471.3,0,-0.039040994830429554,-7.456280772585595,0.002
2026-07-29T11:22:46.523240+00:00,0,NONE,0.0,0.0,471.3,0,-0.09238674789550715,-17.644569124505665,0.001
2026-07-29T11:22:46.540008+00:00,0,NONE,0.0,0.0,471.3,0,-0.09238674789550715,-17.644569124505665,0.001
2026-07-29T11:22:46.590096+00:00,0,NONE,0.0,0.0,471.3,0,0.0425151622435078,8.119797872889817,0.0
2026-07-29T11:22:46.623234+00:00,0,NONE,0.0,0.0,471.3,0,0.10785605504526757,20.59898916341507,0.0
2026-07-29T11:22:46.656684+00:00,0,NONE,0.0,0.0,471.3,0,0.10785605504526757,20.59898916341507,0.0
2026-07-29T11:22:46.673311+00:00,0,NONE,0.0,0.0,471.3,0,0.03090691549703479,5.902786052491908,0.0
2026-07-29T11:22:46.706540+00:00,0,NONE,0.0,0.0,471.3,0,0.12754845768911763,24.359961029964644,0.0
2026-07-29T11:22:46.756552+00:00,0,NONE,0.0,0.0,471.3,0,0.12754845768911763,24.359961029964644,0.0
2026-07-29T11:22:46.773314+00:00,0,NONE,0.0,0.0,471.3,0,0.12360647245310247,23.607097306876142,0.0
2026-07-29T11:22:46.789877+00:00,0,NONE,0.0,0.0,471.3,0,0.26193797492422166,50.02646819120497,0.0
2026-07-29T11:22:46.823388+00:00,0,NONE,0.0,0.0,471.3,0,0.26193797492422166,50.02646819120497,0.0
2026-07-29T11:22:46.839909+00:00,0,NONE,0.0,0.0,471.3,0,0.08380263853352517,16.00512500010465,0.0
2026-07-29T11:22:46.856648+00:00,0,NONE,0.0,0.0,471.3,0,0.08380263853352517,16.00512500010465,0.0
2026-07-29T11:22:46.889930+00:00,0,NONE,0.0,0.0,471.3,0,0.4142972659418592,79.12494934092533,0.0
2026-07-29T11:22:46.940036+00:00,0,NONE,0.0,0.0,471.3,0,0.4142972659418592,79.12494934092533,0.0
2026-07-29T11:22:46.973532+00:00,0,NONE,0.0,0.0,471.3,0,0.34954947547987103,66.75903225336089,0.0
2026-07-29T11:22:46.989873+00:00,0,NONE,0.0,0.0,471.3,0,0.32609583872836084,62.27971758637938,0.0
2026-07-29T11:22:47.023473+00:00,0,NONE,0.0,0.0,471.3,0,0.32609583872836084,62.27971758637938,0.0
2026-07-29T11:22:47.039844+00:00,0,NONE,0.0,0.0,471.3,0,0.3915845979005098,74.78714927342203,0.0
2026-07-29T11:22:47.056743+00:00,0,NONE,0.0,0.0,471.3,0,-0.6559902710607275,-125.28491311140849,0.0
2026-07-29T11:22:47.106639+00:00,0,NONE,0.0,0.0,471.3,0,-0.6559902710607275,-125.28491311140849,0.0
2026-07-29T11:22:47.140033+00:00,0,NONE,0.0,0.0,471.3,0,0.2332839622934989,44.55395489168841,0.0
2026-07-29T11:22:47.173397+00:00,0,NONE,0.0,0.0,471.3,0,0.03349254136439413,6.396604217823717,0.0
2026-07-29T11:22:47.206646+00:00,0,NONE,0.0,0.0,471.3,0,-0.5458314184367191,-104.24612200687746,0.0
2026-07-29T11:22:47.223387+00:00,0,NONE,0.0,0.0,471.3,0,-0.5458314184367191,-104.24612200687746,0.0
2026-07-29T11:22:47.240032+00:00,0,NONE,0.0,0.0,471.3,0,-0.5458314184367191,-104.24612200687746,0.0
2026-07-29T11:22:47.273406+00:00,0,NONE,0.0,0.0,471.3,0,0.29993248756974933,57.28288558868888,0.0
2026-07-29T11:22:47.323422+00:00,0,NONE,0.0,0.0,471.3,0,3.774825017899275e-05,0.007209384730867462,0.0
2026-07-29T11:22:47.356650+00:00,0,NONE,0.0,0.0,471.3,0,3.774825017899275e-05,0.007209384730867462,0.0
2026-07-29T11:22:47.373464+00:00,0,NONE,0.0,0.0,471.3,0,-0.2867072382802144,-54.7570490310264,0.0
2026-07-29T11:22:47.423455+00:00,0,NONE,0.0,0.0,471.3,0,0.08324581747874618,15.898780012161785,0.0
2026-07-29T11:22:47.456785+00:00,0,NONE,0.0,0.0,471.3,0,0.08324581747874618,15.898780012161785,0.0
2026-07-29T11:22:47.473388+00:00,0,NONE,0.0,0.0,471.3,0,0.2002938639302738,38.25331021857426,0.0
2026-07-29T11:22:47.506814+00:00,0,NONE,0.0,0.0,471.3,0,0.2002938639302738,38.25331021857426,0.0
2026-07-29T11:22:47.540030+00:00,0,NONE,0.0,0.0,471.3,0,0.3481309030856937,66.48810488296046,0.0
2026-07-29T11:22:47.573549+00:00,0,NONE,0.0,0.0,471.3,0,-1.1068677410297096,-211.3961668006058,0.0
2026-07-29T11:22:47.590012+00:00,0,NONE,0.0,0.0,471.3,0,-1.1068677410297096,-211.3961668006058,0.0
2026-07-29T11:22:47.623302+00:00,0,NONE,0.0,0.0,471.3,0,0.35119640158722176,67.07357197043125,0.0
2026-07-29T11:22:47.657526+00:00,0,NONE,0.0,0.0,471.3,0,0.35119640158722176,67.07357197043125,0.0
2026-07-29T11:22:47.689944+00:00,0,NONE,0.0,0.0,471.3,0,0.25997322337701917,49.6512282863833,0.0
2026-07-29T11:22:47.706789+00:00,0,NONE,0.0,0.0,471.3,0,0.13976167139597237,26.69251302894499,0.0
2026-07-29T11:22:47.740074+00:00,0,NONE,0.0,0.0,471.3,0,0.03735205074772239,7.133716213343212,0.0
2026-07-29T11:22:47.774162+00:00,0,NONE,0.0,0.0,471.3,0,0.03735205074772239,7.133716213343212,0.0
2026-07-29T11:22:47.790202+00:00,0,NONE,0.0,0.0,471.3,0,0.2136055074352771,40.79564685597234,0.0
2026-07-29T11:22:47.808757+00:00,0,NONE,0.0,0.0,471.3,0,0.4698681555874646,89.73820747586011,0.0
2026-07-29T11:22:47.873444+00:00,0,NONE,0.0,0.0,471.3,0,0.4698681555874646,89.73820747586011,0.0
2026-07-29T11:22:47.906853+00:00,0,NONE,0.0,0.0,471.3,0,0.07781631190329791,14.861820831108668,0.0
2026-07-29T11:22:47.923459+00:00,0,NONE,0.0,0.0,471.3,0,0.07651649124920368,14.613573372430222,0.0
2026-07-29T11:22:47.956794+00:00,0,NONE,0.0,0.0,471.3,0,0.07651649124920368,14.613573372430222,0.0
2026-07-29T11:22:47.973436+00:00,0,NONE,0.0,0.0,471.3,0,-0.05869277772842906,-11.209494839128068,0.0
2026-07-29T11:22:48.023443+00:00,0,NONE,0.0,0.0,471.3,0,-0.05869277772842906,-11.209494839128068,0.0
2026-07-29T11:22:48.040054+00:00,0,NONE,0.0,0.0,471.3,0,-0.2891605623997748,-55.225599423787926,0.0
2026-07-29T11:22:48.073487+00:00,0,NONE,0.0,0.0,471.3,0,-0.010979343138169497,-2.0969000788101098,0.0
2026-07-29T11:22:48.106859+00:00,0,NONE,0.0,0.0,471.3,0,0.05098883457481861,9.738150078092787,0.0
2026-07-29T11:22:48.140059+00:00,0,NONE,0.0,0.0,471.3,0,-0.05204008676111698,-9.938924456355442,0.0
2026-07-29T11:22:48.156948+00:00,0,NONE,0.0,0.0,471.3,0,-0.05204008676111698,-9.938924456355442,0.0
2026-07-29T11:22:48.173460+00:00,0,NONE,0.0,0.0,471.3,0,0.03826336356345564,7.30776414053554,0.0
2026-07-29T11:22:48.190073+00:00,0,NONE,0.0,0.0,471.3,0,0.03826336356345564,7.30776414053554,0.0
2026-07-29T11:22:48.240207+00:00,0,NONE,0.0,0.0,471.3,0,0.15151820630766452,28.937845802738885,0.0
2026-07-29T11:22:48.290107+00:00,0,NONE,0.0,0.0,471.3,0,0.15151820630766452,28.937845802738885,0.0
2026-07-29T11:22:48.306807+00:00,0,NONE,0.0,0.0,471.3,0,0.04137656761799008,7.9023423174950045,0.0
2026-07-29T11:22:48.323498+00:00,0,NONE,0.0,0.0,471.3,0,0.0687740565650165,13.134877270564793,0.0
2026-07-29T11:22:48.340313+00:00,0,NONE,0.0,0.0,471.3,0,0.001071097224485129,0.20456450137058133,0.0
2026-07-29T11:22:48.373303+00:00,0,NONE,0.0,0.0,471.3,0,-0.0025662440340965985,-0.4901165078478721,0.0
2026-07-29T11:22:48.423458+00:00,0,NONE,0.0,0.0,471.3,0,0.021828268393874167,4.168892176825993,0.0
2026-07-29T11:22:48.440358+00:00,0,NONE,0.0,0.0,471.3,0,-0.02407167599303648,-4.597351467357917,0.0
2026-07-29T11:22:48.490249+00:00,0,NONE,0.0,0.0,471.3,0,-0.02407167599303648,-4.597351467357917,0.0
2026-07-29T11:22:48.539991+00:00,1,RIGHT,294.7,-345.3,471.3,18757,0.19505460757762194,37.25268596259407,-4.0
2026-07-29T11:22:48.557077+00:00,1,NONE,0.0,0.0,471.3,0,2.251444850116968e-05,0.004299942923938882,-8.0
2026-07-29T11:22:48.623471+00:00,1,NONE,0.0,0.0,471.3,0,-1.8866678292397406e-05,-0.003603270131951528,-11.274
2026-07-29T11:22:48.656853+00:00,1,NONE,0.0,0.0,471.3,0,0.047603374104946854,9.091574755986024,-13.239
2026-07-29T11:22:48.673558+00:00,0,NONE,0.0,0.0,471.3,0,0.047603374104946854,9.091574755986024,-9.239
2026-07-29T11:22:48.690255+00:00,0,NONE,0.0,0.0,471.3,0,-6.966634886339307e-05,-0.013305292546528142,-5.543
2026-07-29T11:22:48.706971+00:00,0,NONE,0.0,0.0,471.3,0,-6.966634886339307e-05,-0.013305292546528142,-3.326
2026-07-29T11:22:48.756886+00:00,0,NONE,0.0,0.0,471.3,0,0.14994766283780336,28.637894094855966,-1.996
2026-07-29T11:22:48.790236+00:00,0,NONE,0.0,0.0,471.3,0,0.0326190385222435,6.229777463664008,-1.197
2026-07-29T11:22:48.806862+00:00,0,NONE,0.0,0.0,471.3,0,0.15819585761986674,30.213183260236164,-0.718
2026-07-29T11:22:48.856885+00:00,0,NONE,0.0,0.0,471.3,0,0.15819585761986674,30.213183260236164,-0.431
2026-07-29T11:22:48.890266+00:00,0,NONE,0.0,0.0,471.3,0,-0.14118842877447604,-26.965003616203024,-0.259
2026-07-29T11:22:48.940325+00:00,0,NONE,0.0,0.0,471.3,0,0.027499034367501736,5.2519286998101755,-0.155
2026-07-29T11:22:48.956874+00:00,0,NONE,0.0,0.0,471.3,0,-0.10125953300448601,-19.33914625540904,-0.093
2026-07-29T11:22:49.006876+00:00,0,NONE,0.0,0.0,471.3,0,-7.835944416001439e-05,-0.014965551451199571,-0.056
2026-07-29T11:22:49.040122+00:00,0,NONE,0.0,0.0,471.3,0,0.37826995860785245,72.24424048272763,-0.034
2026-07-29T11:22:49.056916+00:00,0,NONE,0.0,0.0,471.3,0,1.0175120551139116e-05,0.001943304878723665,-0.02
2026-07-29T11:22:49.073626+00:00,0,NONE,0.0,0.0,471.3,0,0.05075191949494183,9.692902630826305,-0.012
2026-07-29T11:22:49.106800+00:00,0,NONE,0.0,0.0,471.3,0,9.433339233510195e-05,0.018016350826510305,-0.007
2026-07-29T11:22:49.123671+00:00,0,NONE,0.0,0.0,471.3,0,-0.40393211897462605,-77.14535209007437,-0.004
2026-07-29T11:22:49.190149+00:00,0,NONE,0.0,0.0,471.3,0,-0.27100244620698505,-51.75765468460456,-0.003
2026-07-29T11:22:49.223633+00:00,0,NONE,0.0,0.0,471.3,0,0.48477251045405867,92.58472957659713,-0.002
2026-07-29T11:22:49.240180+00:00,0,NONE,0.0,0.0,471.3,0,0.29091306739486755,55.56030322310263,-0.001
2026-07-29T11:22:49.273621+00:00,0,NONE,0.0,0.0,471.3,0,0.0,0.0,-0.001
2026-07-29T11:22:49.290233+00:00,0,NONE,0.0,0.0,471.3,0,0.0,0.0,-0.0
2026-07-29T11:22:49.323321+00:00,1,RIGHT,776.7,136.7,471.3,1070,0.0,0.0,2.563
2026-07-29T11:22:49.340387+00:00,1,NONE,0.0,0.0,471.3,0,0.0,0.0,4.101
2026-07-29T11:22:49.390443+00:00,1,NONE,0.0,0.0,471.3,0,0.0,0.0,5.024
2026-07-29T11:22:49.440273+00:00,1,NONE,0.0,0.0,471.3,0,0.35374227168038486,67.55979734218731,5.577
2026-07-29T11:22:49.456904+00:00,0,NONE,0.0,0.0,471.3,0,-7.011215784586965e-06,-0.001339043579041124,3.346
2026-07-29T11:22:49.490333+00:00,0,NONE,0.0,0.0,471.3,0,0.8406034719909076,160.54343729707503,2.008
2026-07-29T11:22:49.523644+00:00,0,NONE,0.0,0.0,471.3,0,0.4742522695660591,90.57551156878601,1.205
2026-07-29T11:22:49.540271+00:00,0,NONE,0.0,0.0,471.3,0,0.28575825223233553,54.575806046492204,0.723
2026-07-29T11:22:49.556957+00:00,0,NONE,0.0,0.0,471.3,0,0.2728889091894962,52.117942574956395,0.434
2026-07-29T11:22:49.590284+00:00,0,NONE,0.0,0.0,471.3,0,-1.0739997659344227,-205.11884595360237,0.26
2026-07-29T11:22:49.623657+00:00,0,NONE,0.0,0.0,471.3,0,0.4921469770465046,93.99314894962173,0.156
2026-07-29T11:22:49.673766+00:00,0,NONE,0.0,0.0,471.3,0,3.2133094500750296e-05,0.00613696899196009,0.094
2026-07-29T11:22:49.690275+00:00,0,NONE,0.0,0.0,471.3,0,3.2133094500750296e-05,0.00613696899196009,0.056
2026-07-29T11:22:49.723675+00:00,0,NONE,0.0,0.0,471.3,0,-0.44714844747446475,-85.39906285371335,0.034
2026-07-29T11:22:49.756962+00:00,0,NONE,0.0,0.0,471.3,0,-0.4703902268130332,-89.83791573529446,0.02
2026-07-29T11:22:49.790286+00:00,0,NONE,0.0,0.0,471.3,0,-6.872985977679491e-05,-0.013126436305787689,0.012
2026-07-29T11:22:49.807053+00:00,0,NONE,0.0,0.0,471.3,0,0.12526639878749848,23.924119884421188,0.007
2026-07-29T11:22:49.857144+00:00,1,RIGHT,676.7,36.7,471.3,1892,0.27361333967186513,52.25629860559095,0.692
2026-07-29T11:22:49.873460+00:00,1,RIGHT,676.7,36.7,471.3,2128,4.528816323727369e-05,0.008649402051317714,1.104
2026-07-29T11:22:49.923686+00:00,1,RIGHT,677.7,37.7,471.3,3966,-0.05906540633935947,-11.280661661568518,1.369
2026-07-29T11:22:49.940329+00:00,1,RIGHT,674.7,34.7,471.3,5536,-0.06979675964917988,-13.330199171956705,1.472
2026-07-29T11:22:49.990267+00:00,1,RIGHT,678.7,38.7,471.3,9354,0.06764487065200228,12.919218646893654,1.609
2026-07-29T11:22:50.023536+00:00,1,RIGHT,679.7,39.7,471.3,14594,-7.6131377136334755e-06,-0.0014540021994769177,1.71
2026-07-29T11:22:50.040317+00:00,1,RIGHT,681.7,41.7,471.3,16644,0.1430679166678965,27.323959362666113,1.808
2026-07-29T11:22:50.090357+00:00,1,RIGHT,685.7,45.7,471.3,20210,0.2742042348184623,52.36915126570689,1.941
2026-07-29T11:22:50.107086+00:00,1,RIGHT,694.7,54.7,471.3,21545,0.2742042348184623,52.36915126570689,2.191
2026-07-29T11:22:50.123569+00:00,1,RIGHT,692.7,52.7,471.3,21875,-0.1956762785068713,-37.37141636423396,2.302
2026-07-29T11:22:50.140350+00:00,1,RIGHT,696.7,56.7,471.3,22718,-0.10570235664956272,-20.187663068688458,2.445
2026-07-29T11:22:50.207057+00:00,1,RIGHT,701.7,61.7,471.3,23702,0.13881098349113016,26.510945013673012,2.624
2026-07-29T11:22:50.223680+00:00,1,RIGHT,700.7,60.7,471.3,23784,-0.1666201520129107,-31.822104973893303,2.712
2026-07-29T11:22:50.240358+00:00,1,RIGHT,701.7,61.7,471.3,23770,0.18022842378122733,34.421093436531876,2.784
2026-07-29T11:22:50.290408+00:00,1,RIGHT,701.7,61.7,471.3,23847,0.027415102658560498,5.235898924177997,2.827
2026-07-29T11:22:50.340416+00:00,1,RIGHT,702.7,62.7,471.3,24063,-0.22896272008365487,-43.728658422095585,2.872
2026-07-29T11:22:50.373701+00:00,1,RIGHT,704.7,64.7,471.3,23987,-0.22896272008365487,-43.728658422095585,2.936
2026-07-29T11:22:50.390325+00:00,1,RIGHT,702.7,62.7,471.3,24206,-0.02194013796048239,-4.190257690234689,2.937
2026-07-29T11:22:50.440335+00:00,1,RIGHT,702.7,62.7,471.3,23879,0.006153754468541593,1.1752805306906806,2.938
2026-07-29T11:22:50.473705+00:00,1,RIGHT,703.7,63.7,471.3,23804,0.2684904420841485,51.27789723674458,2.957
2026-07-29T11:22:50.507063+00:00,1,RIGHT,702.7,62.7,471.3,24015,-0.057500819088891146,-10.981847507795807,2.95
2026-07-29T11:22:50.540562+00:00,1,RIGHT,703.7,63.7,471.3,23971,0.13586519092903473,25.948340076576024,2.964
2026-07-29T11:22:50.573728+00:00,1,RIGHT,704.7,64.7,471.3,24119,-0.03686799343209714,-7.041268075917349,2.992
2026-07-29T11:22:50.623724+00:00,1,RIGHT,703.7,63.7,471.3,23701,-0.1323524178029038,-25.277449828195092,2.989
2026-07-29T11:22:50.640455+00:00,1,RIGHT,700.7,60.7,471.3,23743,0.18840595842571928,35.982887509703225,2.932
2026-07-29T11:22:50.673738+00:00,1,RIGHT,703.7,63.7,471.3,24133,-0.07122384452610277,-13.602752306805465,2.953
2026-07-29T11:22:50.723598+00:00,1,RIGHT,702.7,62.7,471.3,24003,-0.15688977666199208,-29.963740171607423,2.948
2026-07-29T11:22:50.740526+00:00,1,RIGHT,703.7,63.7,471.3,23981,-5.051000160165131e-05,-0.009646699716578827,2.963
2026-07-29T11:22:50.790475+00:00,1,RIGHT,704.7,64.7,471.3,23846,0.01518180749611929,2.899511649692371,2.991
2026-07-29T11:22:50.823740+00:00,1,RIGHT,703.7,63.7,471.3,23806,-3.5006772377528245e-05,-0.00668580103869173,2.989
2026-07-29T11:22:50.856945+00:00,1,RIGHT,702.7,62.7,471.3,24022,-0.2047233955108095,-39.09928843452296,2.969
2026-07-29T11:22:50.890499+00:00,1,RIGHT,705.7,65.7,471.3,24185,-0.055359617162321226,-10.572908062870017,3.013
2026-07-29T11:22:50.923717+00:00,1,RIGHT,702.7,62.7,471.3,24116,0.12758742522797548,24.367403281679866,2.984
2026-07-29T11:22:50.956971+00:00,1,RIGHT,703.7,63.7,471.3,23972,0.05311238284688443,10.14371792336502,2.985
2026-07-29T11:22:50.990477+00:00,1,RIGHT,703.7,63.7,471.3,23744,0.1017872311361134,19.43992917473967,2.985
2026-07-29T11:22:51.007110+00:00,1,RIGHT,701.7,61.7,471.3,23950,0.12753643780946733,24.35766540205059,2.948
2026-07-29T11:22:51.057145+00:00,1,RIGHT,702.7,62.7,471.3,23867,0.011203219612361863,2.1396573358217497,2.944
2026-07-29T11:22:51.073738+00:00,1,RIGHT,703.7,63.7,471.3,24088,0.011203219612361863,2.1396573358217497,2.961
2026-07-29T11:22:51.107103+00:00,1,RIGHT,701.7,61.7,471.3,23789,-0.05316914234077558,-10.154558188189224,2.933
2026-07-29T11:22:51.140502+00:00,1,RIGHT,701.7,61.7,471.3,23968,0.008345582915935665,1.5938889288653217,2.917
2026-07-29T11:22:51.190522+00:00,1,RIGHT,701.7,61.7,471.3,24083,-0.07190877310291398,-13.733564029202746,2.907
2026-07-29T11:22:51.207121+00:00,1,RIGHT,704.7,64.7,471.3,24072,0.14253203077241777,27.221612695627712,2.957
2026-07-29T11:22:51.240488+00:00,1,RIGHT,702.7,62.7,471.3,24064,-0.12204993659164756,-23.309820855135726,2.95
2026-07-29T11:22:51.273757+00:00,1,RIGHT,703.7,63.7,471.3,23914,0.17906481135636568,34.19885983342003,2.964
2026-07-29T11:22:51.323905+00:00,1,RIGHT,702.7,62.7,471.3,23992,-6.128568202257156e-05,-0.011704703081580444,2.954
2026-07-29T11:22:51.357124+00:00,1,RIGHT,702.7,62.7,471.3,23892,0.09594274583883816,18.323714704872557,2.948
2026-07-29T11:22:51.390355+00:00,1,RIGHT,701.7,61.7,471.3,23743,-0.05619792975485325,-10.733013974419201,2.926
2026-07-29T11:22:51.423882+00:00,1,RIGHT,701.7,61.7,471.3,24015,-0.2152306100167334,-41.10601858661655,2.912
2026-07-29T11:22:51.457134+00:00,1,RIGHT,703.7,63.7,471.3,23856,0.012352135241962969,2.359084057797613,2.942
2026-07-29T11:22:51.490465+00:00,1,RIGHT,703.7,63.7,471.3,23977,0.00293057675473392,0.55969893195133,2.959
2026-07-29T11:22:51.507250+00:00,1,RIGHT,700.7,60.7,471.3,23755,-0.015008548117184545,-2.8664215457789752,2.914
2026-07-29T11:22:51.523920+00:00,1,RIGHT,702.7,62.7,471.3,23819,0.06823163188237232,13.031281787167343,2.924
2026-07-29T11:22:51.557108+00:00,1,RIGHT,703.7,63.7,471.3,23862,-4.662429273594175e-07,-8.904583988506415e-05,2.949
2026-07-29T11:22:51.607233+00:00,1,RIGHT,703.7,63.7,471.3,24163,-0.08540250365855172,-16.310676731618617,2.964
2026-07-29T11:22:51.657168+00:00,1,RIGHT,703.7,63.7,471.3,24185,0.19742919691605493,37.706199119823985,2.973
2026-07-29T11:22:51.673909+00:00,1,RIGHT,703.7,63.7,471.3,24086,0.13455233852146192,25.69760373631765,2.978
2026-07-29T11:22:51.707164+00:00,1,RIGHT,703.7,63.7,471.3,24032,0.13455233852146192,25.69760373631765,2.981
2026-07-29T11:22:51.723882+00:00,1,RIGHT,703.7,63.7,471.3,23976,-0.04681736237485893,-8.94145757337998,2.983
2026-07-29T11:22:51.740408+00:00,1,RIGHT,702.7,62.7,471.3,23897,0.08036063567968085,15.347750878113768,2.965
2026-07-29T11:22:51.807145+00:00,1,RIGHT,701.7,61.7,471.3,23779,-0.19482293631881475,-37.2084400113803,2.936
2026-07-29T11:22:51.823900+00:00,1,RIGHT,701.7,61.7,471.3,24046,0.060783767082029955,11.6088443890218,2.919
2026-07-29T11:22:51.857197+00:00,1,RIGHT,701.7,61.7,471.3,23992,-0.180624445497524,-34.4967280129963,2.908
2026-07-29T11:22:51.890526+00:00,1,RIGHT,702.7,62.7,471.3,23937,0.3758165162988007,71.77566751743598,2.92
2026-07-29T11:22:51.907166+00:00,1,RIGHT,701.7,61.7,471.3,23880,-0.04020081605995074,-7.677790310723055,2.909
2026-07-29T11:22:51.957242+00:00,1,RIGHT,702.7,62.7,471.3,23734,1.2188684631837532e-05,0.002327867290734194,2.921
2026-07-29T11:22:51.973823+00:00,1,RIGHT,703.7,63.7,471.3,24159,0.10824436443392188,20.67315079379906,2.947
2026-07-29T11:22:52.007151+00:00,1,RIGHT,704.7,64.7,471.3,24129,0.06652317272906658,12.704990123984297,2.981
2026-07-29T11:22:52.040540+00:00,1,RIGHT,701.7,61.7,471.3,23651,-0.06457891337922775,-12.333663940568918,2.946
2026-07-29T11:22:52.073902+00:00,1,RIGHT,699.7,59.7,471.3,23927,0.09121060909703374,17.41994316025862,2.887
2026-07-29T11:22:52.090528+00:00,1,RIGHT,705.7,65.7,471.3,24151,0.12514687720686196,23.901292943983837,2.964
2026-07-29T11:22:52.140457+00:00,1,RIGHT,701.7,61.7,471.3,24018,0.017384018178563564,3.32010290870131,2.935
2026-07-29T11:22:52.173801+00:00,1,RIGHT,702.7,62.7,471.3,23902,0.14582935679485673,27.85135557817575,2.937
2026-07-29T11:22:52.207293+00:00,1,RIGHT,702.7,62.7,471.3,23907,-0.22457113258074968,-42.88992699116604,2.938
2026-07-29T11:22:52.257316+00:00,1,RIGHT,702.7,62.7,471.3,24022,-0.24882502759341152,-47.52207972776244,2.938
2026-07-29T11:22:52.290549+00:00,1,RIGHT,704.7,64.7,471.3,23769,0.07719606126658618,14.743361685362387,2.976
2026-07-29T11:22:52.307426+00:00,1,RIGHT,704.7,64.7,471.3,23899,0.03363674783031456,6.424145624076178,2.999
2026-07-29T11:22:52.357340+00:00,1,RIGHT,704.7,64.7,471.3,23953,-0.06723379776347428,-12.8407095082773,3.012
2026-07-29T11:22:52.407250+00:00,1,RIGHT,700.7,60.7,471.3,23789,-0.006849469703156501,-1.308152352978641,2.946
2026-07-29T11:22:52.457375+00:00,1,RIGHT,703.7,63.7,471.3,23972,0.10821084078401327,20.666748248286936,2.962
2026-07-29T11:22:52.490558+00:00,1,RIGHT,702.7,62.7,471.3,23798,-0.1178903965698555,-22.51540722858759,2.953
2026-07-29T11:22:52.507325+00:00,1,RIGHT,705.7,65.7,471.3,23949,-0.00842059561284259,-1.6082152986741913,3.003
2026-07-29T11:22:52.540442+00:00,1,RIGHT,703.7,63.7,471.3,23889,-0.15225860685110093,-29.07925189036588,2.996
2026-07-29T11:22:52.573943+00:00,1,RIGHT,701.7,61.7,471.3,24035,-8.183870379070868e-05,-0.015630041093429664,2.955
2026-07-29T11:22:52.590567+00:00,1,RIGHT,704.7,64.7,471.3,24022,4.4606516312342137e-05,0.008519217078262217,2.986
2026-07-29T11:22:52.640576+00:00,1,RIGHT,700.7,60.7,471.3,23784,0.5907929021492601,112.83313286479341,2.93
2026-07-29T11:22:52.657349+00:00,1,RIGHT,702.7,62.7,471.3,24215,0.02491697359713726,4.758791417849567,2.933
2026-07-29T11:22:52.707324+00:00,1,RIGHT,703.7,63.7,471.3,23851,-0.32895496435812677,-62.825770358656946,2.954
2026-07-29T11:22:52.723953+00:00,1,RIGHT,703.7,63.7,471.3,23903,8.832779712975025e-05,0.016869366630741456,2.967
2026-07-29T11:22:52.757424+00:00,1,RIGHT,703.7,63.7,471.3,24106,-0.25466349796857685,-48.63714543212622,2.975
2026-07-29T11:22:52.807341+00:00,1,RIGHT,701.7,61.7,471.3,24105,0.03912818991870154,7.47293380775978,2.942
2026-07-29T11:22:52.823990+00:00,1,RIGHT,703.7,63.7,471.3,23964,-9.038485586643219e-06,-0.0017262235910149412,2.959
2026-07-29T11:22:52.873926+00:00,1,RIGHT,704.7,64.7,471.3,23896,0.03101251396117732,5.922953873553343,2.989
2026-07-29T11:22:52.890726+00:00,1,RIGHT,702.7,62.7,471.3,23836,0.1631562492856756,31.16054828417855,2.969
2026-07-29T11:22:52.924007+00:00,1,RIGHT,703.7,63.7,471.3,24011,-3.86353288195096e-05,-0.0073788042715268575,2.976
2026-07-29T11:22:52.957259+00:00,1,RIGHT,702.7,62.7,471.3,24137,0.08625288209412246,16.473087049442423,2.961
2026-07-29T11:22:53.007256+00:00,1,RIGHT,702.7,62.7,471.3,23694,-0.012797865314641967,-2.4442122310195002,2.952
2026-07-29T11:22:53.040718+00:00,1,RIGHT,703.7,63.7,471.3,23916,-0.10073877190472558,-19.23968821157283,2.966
2026-07-29T11:22:53.090742+00:00,1,RIGHT,702.7,62.7,471.3,23542,-2.2174242330947892e-05,-0.00423496833154549,2.955
2026-07-29T11:22:53.107317+00:00,1,RIGHT,703.7,63.7,471.3,24076,-0.05056016549002379,-9.656280313537858,2.967
2026-07-29T11:22:53.157224+00:00,1,RIGHT,702.7,62.7,471.3,23861,-3.3450369955971836e-05,-0.006388550072094652,2.956
2026-07-29T11:22:53.207326+00:00,1,RIGHT,702.7,62.7,471.3,24067,-0.05712661027908325,-10.910378889600453,2.949
2026-07-29T11:22:53.240936+00:00,1,RIGHT,703.7,63.7,471.3,24051,-0.05712661027908325,-10.910378889600453,2.964
2026-07-29T11:22:53.257238+00:00,1,RIGHT,703.7,63.7,471.3,24125,-0.014981838320381939,-2.8613203503508373,2.973
2026-07-29T11:22:53.290830+00:00,1,RIGHT,703.7,63.7,471.3,24120,-0.25905016624834387,-49.474937360641434,2.978
2026-07-29T11:22:53.340640+00:00,1,RIGHT,703.7,63.7,471.3,24022,0.19621347210370005,37.47401278383309,2.981
2026-07-29T11:22:53.357398+00:00,1,RIGHT,702.7,62.7,471.3,24056,-0.0497291310201399,-9.497564421023727,2.964
2026-07-29T11:22:53.407350+00:00,1,RIGHT,703.7,63.7,471.3,23871,0.0025215216435026376,0.4815751604119736,2.973
2026-07-29T11:22:53.440739+00:00,1,RIGHT,703.7,63.7,471.3,24020,-0.011984283784404397,-2.2888296044448073,2.978
2026-07-29T11:22:53.473984+00:00,1,RIGHT,702.7,62.7,471.3,23868,0.14598097196314483,27.880311942352662,2.963
2026-07-29T11:22:53.490742+00:00,1,RIGHT,704.7,64.7,471.3,24184,-0.0022946610674262047,-0.4382479819216865,2.991
2026-07-29T11:22:53.507368+00:00,1,RIGHT,703.7,63.7,471.3,24075,0.012710236124694348,2.4274762885323375,2.989
2026-07-29T11:22:53.540853+00:00,1,RIGHT,702.7,62.7,471.3,23832,-0.15481981419026852,-29.568406460339997,2.969
2026-07-29T11:22:53.590854+00:00,1,RIGHT,704.7,64.7,471.3,23957,-0.12625603166408836,-24.113125841407822,2.994
2026-07-29T11:22:53.623999+00:00,1,RIGHT,703.2,63.2,471.3,24038,-0.14747479270328767,-28.165610688216976,2.982
2026-07-29T11:22:53.674129+00:00,1,RIGHT,704.7,64.7,471.3,24105,0.166481702652527,31.795663093805732,3.002
2026-07-29T11:22:53.707400+00:00,1,RIGHT,700.7,60.7,471.3,23446,-0.11032803758396767,-21.071103051740238,2.939
2026-07-29T11:22:53.724167+00:00,1,RIGHT,702.7,62.7,471.3,23842,0.2197715005860664,41.973264802795015,2.939
2026-07-29T11:22:53.774104+00:00,1,RIGHT,700.7,60.7,471.3,24072,-1.0768281208584085e-05,-0.0020565902195396717,2.902
2026-07-29T11:22:53.807382+00:00,1,RIGHT,701.7,61.7,471.3,23763,-1.0768281208584085e-05,-0.0020565902195396717,2.898
2026-07-29T11:22:53.824158+00:00,1,RIGHT,701.7,61.7,471.3,23683,0.13234415160259233,25.2758711002269,2.896
2026-07-29T11:22:53.857283+00:00,1,RIGHT,702.7,62.7,471.3,23948,0.22927487442269923,43.788275509375374,2.913
2026-07-29T11:22:53.907395+00:00,1,RIGHT,701.7,61.7,471.3,23719,-0.3240081309893867,-61.88099477871265,2.905
2026-07-29T11:22:53.924175+00:00,1,RIGHT,699.7,59.7,471.3,23629,-0.07240686646953691,-13.828692854905935,2.862
2026-07-29T11:22:53.974139+00:00,1,RIGHT,700.7,60.7,471.3,23669,-0.015628538369201125,-2.9848309617116495,2.855
2026-07-29T11:22:53.990718+00:00,1,RIGHT,699.7,59.7,471.3,23725,-0.0171873270731885,-3.2825376746821293,2.833
2026-07-29T11:22:54.024208+00:00,1,RIGHT,677.7,37.7,471.3,17993,0.1093446444676374,20.88328880118043,2.406
2026-07-29T11:22:54.057465+00:00,1,RIGHT,672.7,32.7,471.3,15890,0.12484089404999395,23.842854465681746,2.057
2026-07-29T11:22:54.090741+00:00,1,RIGHT,697.7,57.7,471.3,22593,-0.00010360556188970804,-0.01978720476787239,2.316
2026-07-29T11:22:54.107421+00:00,1,RIGHT,692.7,52.7,471.3,21803,0.20700471895746886,39.534989118515696,2.378
2026-07-29T11:22:54.157417+00:00,1,RIGHT,676.7,36.7,471.3,15923,0.231073804134503,44.13184577646552,2.115
2026-07-29T11:22:54.190816+00:00,1,RIGHT,673.7,33.7,471.3,14068,-0.00012362084817141294,-0.023609842866831675,1.901
2026-07-29T11:22:54.224287+00:00,1,RIGHT,673.7,33.7,471.3,11804,-2.5960891507565974e-05,-0.004958165052601838,1.772
2026-07-29T11:22:54.274167+00:00,1,RIGHT,675.7,35.7,471.3,4581,-0.2589957778528333,-49.46454994225062,1.733
2026-07-29T11:22:54.307458+00:00,1,RIGHT,674.7,34.7,471.3,3777,0.24461371634271928,46.717778524827025,1.69
2026-07-29T11:22:54.324233+00:00,1,RIGHT,671.7,31.7,471.3,3853,-6.441081262892112e-05,-0.012301559062150408,1.609
2026-07-29T11:22:54.374169+00:00,1,RIGHT,671.7,31.7,471.3,3082,-0.09523378697922454,-18.188313536524998,1.56
2026-07-29T11:22:54.407415+00:00,1,RIGHT,662.7,22.7,471.3,9532,-0.1559548594709486,-29.785184140804027,1.361
2026-07-29T11:22:54.424301+00:00,1,RIGHT,658.7,18.7,471.3,5327,0.18504941982217132,35.34183585718311,1.167
2026-07-29T11:22:54.457549+00:00,1,RIGHT,664.7,24.7,471.3,7404,0.03729112671688199,7.122080580549614,1.164
2026-07-29T11:22:54.490818+00:00,1,RIGHT,660.7,20.7,471.3,9648,0.03729112671688199,7.122080580549614,1.086
2026-07-29T11:22:54.507609+00:00,1,RIGHT,663.7,23.7,471.3,5471,0.07475270065478981,14.276714182414272,1.096
2026-07-29T11:22:54.557546+00:00,1,RIGHT,660.7,20.7,471.3,7395,-0.08368140294449404,-15.981970708177094,1.046
2026-07-29T11:22:54.607560+00:00,1,RIGHT,659.7,19.7,471.3,9799,-0.15239237612113357,-29.10479993903727,0.997
2026-07-29T11:22:54.624002+00:00,1,RIGHT,667.7,27.7,471.3,9647,0.21244398324241046,40.57381207579368,1.117
2026-07-29T11:22:54.674048+00:00,1,RIGHT,675.7,35.7,471.3,14497,0.1203935569524765,22.99347564648271,1.34
2026-07-29T11:22:54.690754+00:00,1,RIGHT,672.7,32.7,471.3,14219,-4.757962888106704e-05,-0.009087039752279669,1.417
2026-07-29T11:22:54.740748+00:00,1,RIGHT,673.7,33.7,471.3,15004,-0.006553199266625143,-1.25156886761949,1.482
2026-07-29T11:22:54.790839+00:00,1,RIGHT,680.7,40.7,471.3,18525,0.12494955067522824,23.863606352488613,1.652
2026-07-29T11:22:54.807509+00:00,1,RIGHT,687.7,47.7,471.3,20167,-0.20304796893382446,-38.779305528705315,1.886
2026-07-29T11:22:54.857522+00:00,1,RIGHT,680.7,40.7,471.3,7634,1.6578706417931244e-05,0.0031662996917797047,1.895
2026-07-29T11:22:54.874010+00:00,1,RIGHT,676.7,36.7,471.3,4252,-0.16728321312926708,-31.948740318981482,1.825
2026-07-29T11:22:54.924147+00:00,1,NONE,0.0,0.0,471.3,0,0.1318611913663335,25.183632489525998,1.783
2026-07-29T11:22:54.940777+00:00,1,NONE,0.0,0.0,471.3,0,2.3809843696653843e-05,0.004547345182281439,1.758
2026-07-29T11:22:54.974217+00:00,1,NONE,0.0,0.0,471.3,0,0.11906022689305246,22.73882836280629,1.743
2026-07-29T11:22:54.990773+00:00,0,NONE,0.0,0.0,471.3,0,-4.9796331441029904e-05,-0.009510398756018727,1.046
2026-07-29T11:22:55.007521+00:00,0,NONE,0.0,0.0,471.3,0,-0.22201852150261403,-42.402414186114335,0.627
2026-07-29T11:22:55.074025+00:00,0,NONE,0.0,0.0,471.3,0,-0.8921701614372433,-170.39194952619783,0.376
2026-07-29T11:22:55.107317+00:00,1,RIGHT,409.7,-230.3,471.3,1714,-0.03964002786204219,-7.570687654253366,-3.624
2026-07-29T11:22:55.157213+00:00,1,RIGHT,404.7,-235.3,471.3,5141,-0.03964002786204219,-7.570687654253366,-6.586
2026-07-29T11:22:55.173874+00:00,1,RIGHT,400.7,-239.3,471.3,6108,1.2682300271093845,242.21409335043236,-8.438
2026-07-29T11:22:55.223872+00:00,1,NONE,0.0,0.0,471.3,0,0.18072806483134626,34.51651784800954,-9.55
2026-07-29T11:22:55.240558+00:00,1,RIGHT,364.7,-275.3,471.3,6053,-0.7110479255160317,-135.80015054533712,-10.892
2026-07-29T11:22:55.290480+00:00,1,RIGHT,349.7,-290.3,471.3,7863,0.022295876771677284,4.258198798536251,-11.978
2026-07-29T11:22:55.323673+00:00,1,RIGHT,342.7,-297.3,471.3,7816,-0.14484119790198746,-27.662631131343318,-12.761
2026-07-29T11:22:55.357189+00:00,1,RIGHT,336.7,-303.3,471.3,7377,0.06198910695500672,11.83904734768981,-13.344
2026-07-29T11:22:55.406762+00:00,1,RIGHT,314.7,-325.3,471.3,8310,0.0006041256117168813,0.11537949282378805,-14.106
2026-07-29T11:22:55.440243+00:00,1,RIGHT,296.7,-343.3,471.3,8097,-0.00011738772620446979,-0.02241940426051126,-14.9
2026-07-29T11:22:55.490180+00:00,1,RIGHT,261.7,-378.3,471.3,7781,0.0,0.0,-16.033
2026-07-29T11:22:55.540145+00:00,1,RIGHT,225.7,-414.3,471.3,6721,0.07897718235850335,15.083530756591008,-17.388
2026-07-29T11:22:55.573368+00:00,1,RIGHT,193.7,-446.3,471.3,7354,-0.17262664817273618,-32.96926123929176,-18.801
2026-07-29T11:22:55.590121+00:00,1,NONE,0.0,0.0,471.3,0,-0.19437529135495424,-37.122946120881984,-19.649
2026-07-29T11:22:55.606558+00:00,1,NONE,0.0,0.0,471.3,0,-0.16077225940302015,-30.70523975525173,-20.157
2026-07-29T11:22:55.656588+00:00,1,NONE,0.0,0.0,471.3,0,-0.8698916708026081,-166.1370712352434,-20.463
2026-07-29T11:22:55.673294+00:00,0,NONE,0.0,0.0,471.3,0,-0.11346161348745226,-21.66957196525211,-16.463
2026-07-29T11:22:55.706537+00:00,0,NONE,0.0,0.0,471.3,0,-0.07740684501826763,-14.783618416566656,-12.463
2026-07-29T11:22:55.723113+00:00,0,NONE,0.0,0.0,471.3,0,-0.07740684501826763,-14.783618416566656,-8.463
2026-07-29T11:22:55.739851+00:00,0,NONE,0.0,0.0,471.3,0,-0.06744674691231921,-12.881379799876358,-5.078
2026-07-29T11:22:55.806480+00:00,0,NONE,0.0,0.0,471.3,0,-0.018548448267392815,-3.5424926741278417,-3.047
2026-07-29T11:22:55.839712+00:00,0,NONE,0.0,0.0,471.3,0,-8.32253135740757e-06,-0.0015894864054824594,-1.828
2026-07-29T11:22:55.856375+00:00,0,NONE,0.0,0.0,471.3,0,-0.13415405666455626,-25.621537504793228,-1.097
2026-07-29T11:22:55.906253+00:00,0,NONE,0.0,0.0,471.3,0,8.446164429187775e-05,0.016130985828866053,-0.658
2026-07-29T11:22:55.922879+00:00,0,NONE,0.0,0.0,471.3,0,-0.2600586744700559,-49.66754824300258,-0.395
2026-07-29T11:22:55.956242+00:00,0,NONE,0.0,0.0,471.3,0,-0.39100102172698825,-74.67569443419809,-0.237
2026-07-29T11:22:55.989630+00:00,0,NONE,0.0,0.0,471.3,0,-0.06151477333158255,-11.748456298678633,-0.142
2026-07-29T11:22:56.039301+00:00,0,NONE,0.0,0.0,471.3,0,-0.24300382505171,-46.41031193666136,-0.085
2026-07-29T11:22:56.056109+00:00,1,RIGHT,676.7,36.7,471.3,1153,0.17096939289942384,32.652748796836434,0.637
2026-07-29T11:22:56.089475+00:00,1,NONE,0.0,0.0,471.3,0,0.7096736941579729,135.53769168903278,1.07
2026-07-29T11:22:56.139214+00:00,1,NONE,0.0,0.0,471.3,0,-0.10341173874679953,-19.750187274336994,1.33
2026-07-29T11:22:56.172741+00:00,1,NONE,0.0,0.0,471.3,0,-0.8942995102610439,-170.79862519524758,1.486
2026-07-29T11:22:56.189242+00:00,0,NONE,0.0,0.0,471.3,0,5.729030817747116e-05,0.010941642885243083,0.892
2026-07-29T11:22:56.239322+00:00,0,NONE,0.0,0.0,471.3,0,-6.92936877021566e-05,-0.013234119507437163,0.535
2026-07-29T11:22:56.272530+00:00,0,NONE,0.0,0.0,471.3,0,-0.002736104947980493,-0.5225575527471463,0.321
2026-07-29T11:22:56.322559+00:00,0,NONE,0.0,0.0,471.3,0,0.05555062804545741,10.609388454352583,0.193
2026-07-29T11:22:56.355779+00:00,1,RIGHT,678.7,38.7,471.3,1226,-0.07516763316467405,-14.355960454411395,0.841
2026-07-29T11:22:56.405709+00:00,1,NONE,0.0,0.0,471.3,0,-0.039585981825366615,-7.560365621583633,1.23
2026-07-29T11:22:56.438777+00:00,1,RIGHT,710.7,70.7,471.3,3214,0.19008167997933925,36.302926751908316,2.064
2026-07-29T11:22:56.455557+00:00,1,NONE,0.0,0.0,471.3,0,7.280093966983258e-05,0.013903955292226454,2.564
2026-07-29T11:22:56.488897+00:00,1,NONE,0.0,0.0,471.3,0,0.08074040699691977,15.420281856973482,2.864
2026-07-29T11:22:56.505506+00:00,1,NONE,0.0,0.0,471.3,0,-3.5914710606448354e-05,-0.006859204467277414,3.044
2026-07-29T11:22:56.588733+00:00,0,NONE,0.0,0.0,471.3,0,-0.12981051241979003,-24.791981660281746,1.826
2026-07-29T11:22:56.622134+00:00,0,NONE,0.0,0.0,471.3,0,0.0007366318907588722,0.1406863279840843,1.096
2026-07-29T11:22:56.655397+00:00,1,RIGHT,700.7,60.7,471.3,1373,0.041871662923222176,7.99689855565014,1.796
2026-07-29T11:22:56.688733+00:00,1,NONE,0.0,0.0,471.3,0,0.022855797046795488,4.3651356939631745,2.216
2026-07-29T11:22:56.705370+00:00,1,NONE,0.0,0.0,471.3,0,-2.103688300849171e-05,-0.00401774870165683,2.467
2026-07-29T11:22:56.738553+00:00,1,NONE,0.0,0.0,471.3,0,-0.05163119655102491,-9.860832178613798,2.619
2026-07-29T11:22:56.771978+00:00,0,NONE,0.0,0.0,471.3,0,-0.12147803474916145,-23.200595648901693,1.571
2026-07-29T11:22:56.838427+00:00,0,NONE,0.0,0.0,471.3,0,0.0991480156686157,18.935876149695453,0.943
2026-07-29T11:22:56.855147+00:00,0,NONE,0.0,0.0,471.3,0,-5.5849765485618266e-05,-0.01066651949707113,0.566
2026-07-29T11:22:56.871749+00:00,0,NONE,0.0,0.0,471.3,0,0.045094216600991784,8.612360972285341,0.339
2026-07-29T11:22:56.921726+00:00,0,NONE,0.0,0.0,471.3,0,-0.014493773283902556,-2.768106794623613,0.204
2026-07-29T11:22:56.938292+00:00,0,NONE,0.0,0.0,471.3,0,2.839432912878692e-05,0.0054229174039495546,0.122
2026-07-29T11:22:56.955116+00:00,0,NONE,0.0,0.0,471.3,0,8.668366586789489e-05,0.01655536068984202,0.073
2026-07-29T11:22:57.021399+00:00,0,NONE,0.0,0.0,471.3,0,0.09256164222955704,17.677971481845034,0.044
2026-07-29T11:22:57.038211+00:00,0,NONE,0.0,0.0,471.3,0,5.268724635243416e-05,0.010062522833868394,0.026
2026-07-29T11:22:57.088129+00:00,0,NONE,0.0,0.0,471.3,0,0.10698464389890433,20.432561893724166,0.016
2026-07-29T11:22:57.104851+00:00,0,NONE,0.0,0.0,471.3,0,0.10698464389890433,20.432561893724166,0.01
2026-07-29T11:22:57.137944+00:00,0,NONE,0.0,0.0,471.3,0,-0.09908577850088478,-18.923989726229358,0.006
2026-07-29T11:22:57.171383+00:00,0,NONE,0.0,0.0,471.3,0,-0.011997123956680298,-2.2912818967102404,0.003
2026-07-29T11:22:57.204710+00:00,1,RIGHT,676.7,36.7,471.3,1218,-0.17437760680331849,-33.30366970473967,0.69
2026-07-29T11:22:57.221237+00:00,1,NONE,0.0,0.0,471.3,0,1.1720693073584697e-05,0.0022384874869487334,1.102
2026-07-29T11:22:57.271290+00:00,1,NONE,0.0,0.0,471.3,0,0.13829882891615852,26.413130694992375,1.349
2026-07-29T11:22:57.287876+00:00,1,NONE,0.0,0.0,471.3,0,0.13829882891615852,26.413130694992375,1.498
2026-07-29T11:22:57.321188+00:00,0,NONE,0.0,0.0,471.3,0,-0.3680496567022055,-70.29230660091736,0.899
2026-07-29T11:22:57.354588+00:00,0,NONE,0.0,0.0,471.3,0,0.16430952220689504,31.38080718755387,0.539
2026-07-29T11:22:57.371663+00:00,0,NONE,0.0,0.0,471.3,0,-8.005415977095253e-05,-0.015289218291138539,0.324
2026-07-29T11:22:57.404460+00:00,0,NONE,0.0,0.0,471.3,0,-0.11346687883138656,-21.670577571869178,0.194
2026-07-29T11:22:57.437719+00:00,0,NONE,0.0,0.0,471.3,0,0.1442410506401211,27.548011447372403,0.116
2026-07-29T11:22:57.471040+00:00,0,NONE,0.0,0.0,471.3,0,-0.28913867319235576,-55.22141889311461,0.07
2026-07-29T11:22:57.487623+00:00,0,NONE,0.0,0.0,471.3,0,0.18543051934451796,35.41462050453283,0.042
2026-07-29T11:22:57.520975+00:00,0,NONE,0.0,0.0,471.3,0,-0.4543197595281526,-86.76868256787205,0.025
2026-07-29T11:22:57.554282+00:00,0,NONE,0.0,0.0,471.3,0,0.07424035731120966,14.17886381158506,0.015
2026-07-29T11:22:57.587605+00:00,0,NONE,0.0,0.0,471.3,0,-0.007190720154903829,-1.3733263884521565,0.009
2026-07-29T11:22:57.637643+00:00,0,NONE,0.0,0.0,471.3,0,5.7821986702037974e-05,0.011043186003627819,0.005
2026-07-29T11:22:57.670893+00:00,0,NONE,0.0,0.0,471.3,0,0.33107933919876814,63.231496066898714,0.003
2026-07-29T11:22:57.720727+00:00,0,NONE,0.0,0.0,471.3,0,0.12600605781655758,24.065384353233952,0.002
2026-07-29T11:22:57.753874+00:00,0,NONE,0.0,0.0,471.3,0,-0.1026925344672054,-19.612829374908692,0.001
2026-07-29T11:22:57.770625+00:00,0,NONE,0.0,0.0,471.3,0,-0.20312786675989628,-38.79456488945927,0.001
2026-07-29T11:22:57.804072+00:00,0,NONE,0.0,0.0,471.3,0,0.2759671459160745,52.70584248420674,0.0
2026-07-29T11:22:57.870475+00:00,0,NONE,0.0,0.0,471.3,0,0.002094800840131939,0.4000774902000639,0.0
2026-07-29T11:22:57.887320+00:00,0,NONE,0.0,0.0,471.3,0,0.002094800840131939,0.4000774902000639,0.0
2026-07-29T11:22:57.903776+00:00,0,NONE,0.0,0.0,471.3,0,0.002094800840131939,0.4000774902000639,0.0
2026-07-29T11:22:57.920469+00:00,0,NONE,0.0,0.0,471.3,0,0.002094800840131939,0.4000774902000639,0.0
2026-07-29T11:22:57.953810+00:00,0,NONE,0.0,0.0,471.3,0,0.002094800840131939,0.4000774902000639,0.0
2026-07-29T11:22:58.003612+00:00,0,NONE,0.0,0.0,471.3,0,0.002094800840131939,0.4000774902000639,0.0
2026-07-29T11:22:58.053612+00:00,0,NONE,0.0,0.0,471.3,0,0.002094800840131939,0.4000774902000639,0.0
2026-07-29T11:22:58.086974+00:00,0,NONE,0.0,0.0,471.3,0,0.002094800840131939,0.4000774902000639,0.0
2026-07-29T11:22:58.103591+00:00,0,NONE,0.0,0.0,471.3,0,0.11375943195074796,21.72645110194516,0.0
2026-07-29T11:22:58.136919+00:00,0,NONE,0.0,0.0,471.3,0,0.15051483387127518,28.746215783122658,0.0
2026-07-29T11:22:58.170130+00:00,0,NONE,0.0,0.0,471.3,0,0.21225794238038362,40.53828088842331,0.0
2026-07-29T11:22:58.186931+00:00,0,NONE,0.0,0.0,471.3,0,0.1113198570907116,21.26052662432415,0.0
2026-07-29T11:22:58.220066+00:00,0,NONE,0.0,0.0,471.3,0,0.018963218554854392,3.6217079639244294,0.0
2026-07-29T11:22:58.236807+00:00,0,NONE,0.0,0.0,471.3,0,0.10758172095287591,20.546595211179756,0.0
2026-07-29T11:22:58.253545+00:00,0,NONE,0.0,0.0,471.3,0,0.1520798892177845,29.04511933665389,0.0
2026-07-29T11:22:58.303441+00:00,0,NONE,0.0,0.0,471.3,0,-2.416156150624156,-461.4518335844645,0.0
2026-07-29T11:22:58.319905+00:00,0,NONE,0.0,0.0,471.3,0,0.20047146312892436,38.287229166999545,0.0
2026-07-29T11:22:58.336758+00:00,0,NONE,0.0,0.0,471.3,0,-0.01055346593260765,-2.015563523911712,0.0
2026-07-29T11:22:58.370047+00:00,0,NONE,0.0,0.0,471.3,0,0.00044667490990832445,0.08530862384044423,0.0
2026-07-29T11:22:58.419899+00:00,0,NONE,0.0,0.0,471.3,0,-0.0037192996218800545,-0.7103339035944335,0.0
2026-07-29T11:22:58.453167+00:00,0,NONE,0.0,0.0,471.3,0,0.17837618579855188,34.067342039661455,0.0
2026-07-29T11:22:58.469927+00:00,0,NONE,0.0,0.0,471.3,0,-0.4360938929207623,-83.28779845263243,0.0
2026-07-29T11:22:58.486360+00:00,0,NONE,0.0,0.0,471.3,0,-0.020859091999009254,-3.9837931200611125,0.0
2026-07-29T11:22:58.536520+00:00,0,NONE,0.0,0.0,471.3,0,-0.018613873142749073,-3.5549879049047854,0.0
2026-07-29T11:22:58.552941+00:00,0,NONE,0.0,0.0,471.3,0,0.08798259370494634,16.8034376330257,0.0
2026-07-29T11:22:58.586350+00:00,0,NONE,0.0,0.0,471.3,0,0.04016081474721432,7.670150622740456,0.0
2026-07-29T11:22:58.619732+00:00,0,NONE,0.0,0.0,471.3,0,0.06803086709231138,12.992938536682935,0.0
2026-07-29T11:22:58.636270+00:00,0,NONE,0.0,0.0,471.3,0,-0.3444348429096863,-65.78220938658845,0.0
2026-07-29T11:22:58.652942+00:00,0,NONE,0.0,0.0,471.3,0,0.6199041663110256,118.39297477399212,0.0
2026-07-29T11:22:58.702856+00:00,0,NONE,0.0,0.0,471.3,0,-0.1955179714784026,-37.34118194890558,0.0
2026-07-29T11:22:58.719629+00:00,0,NONE,0.0,0.0,471.3,0,-1.1904548332095146,-227.36012547951847,0.0
2026-07-29T11:22:58.752806+00:00,0,NONE,0.0,0.0,471.3,0,0.13262842732481658,25.330163763898515,0.0
2026-07-29T11:22:58.769524+00:00,0,NONE,0.0,0.0,471.3,0,5.4783135128673164e-05,0.01046280810455951,0.0
2026-07-29T11:22:58.786014+00:00,0,NONE,0.0,0.0,471.3,0,0.6852436611801386,130.87189907904835,0.0
2026-07-29T11:22:58.852616+00:00,0,NONE,0.0,0.0,471.3,0,-0.7255826343595981,-138.5760754559632,0.0
2026-07-29T11:22:58.886000+00:00,0,NONE,0.0,0.0,471.3,0,0.00025403246283531186,0.04851662659925769,0.0
2026-07-29T11:22:58.902656+00:00,0,NONE,0.0,0.0,471.3,0,-0.032047507152892646,-6.1206230125868855,0.0
2026-07-29T11:22:58.919350+00:00,0,NONE,0.0,0.0,471.3,0,-0.09563027158379554,-18.26403651813777,0.0
2026-07-29T11:22:58.952554+00:00,0,NONE,0.0,0.0,471.3,0,7.050000596791505e-05,0.013464509325362162,0.0
2026-07-29T11:22:58.969272+00:00,0,NONE,0.0,0.0,471.3,0,-0.6612475940771401,-126.28898784599994,0.0
2026-07-29T11:22:59.002550+00:00,0,NONE,0.0,0.0,471.3,0,0.00012879346730187535,0.024597740350845426,0.0
2026-07-29T11:22:59.019253+00:00,0,NONE,0.0,0.0,471.3,0,-0.5883917612745426,-112.37454873766788,0.0
2026-07-29T11:22:59.069183+00:00,0,NONE,0.0,0.0,471.3,0,1.3169065039604901,251.5106156342144,0.0
2026-07-29T11:22:59.102361+00:00,0,NONE,0.0,0.0,471.3,0,0.5423176947236061,103.57505020975609,0.0
2026-07-29T11:22:59.135727+00:00,0,NONE,0.0,0.0,471.3,0,0.46824759101495145,89.42870244108202,0.0
2026-07-29T11:22:59.152447+00:00,0,NONE,0.0,0.0,471.3,0,0.31571795060299335,60.29768695357108,0.0
2026-07-29T11:22:59.168908+00:00,0,NONE,0.0,0.0,471.3,0,0.2654993408359587,50.70663897801928,0.0
2026-07-29T11:22:59.218895+00:00,0,NONE,0.0,0.0,471.3,0,0.9048943702876567,172.82209440877017,0.0
2026-07-29T11:22:59.252315+00:00,0,NONE,0.0,0.0,471.3,0,-0.01183502096682787,-2.260322506160253,0.0
2026-07-29T11:22:59.285534+00:00,0,NONE,0.0,0.0,471.3,0,0.006579123493283987,1.2565200302017974,0.0
2026-07-29T11:22:59.302317+00:00,0,NONE,0.0,0.0,471.3,0,-0.029230919643305243,-5.582694422824814,0.0
2026-07-29T11:22:59.335320+00:00,0,NONE,0.0,0.0,471.3,0,0.005141845074977027,0.9820200723543733,0.0
2026-07-29T11:22:59.352233+00:00,0,NONE,0.0,0.0,471.3,0,0.015460284715518356,2.952696880899388,0.0
2026-07-29T11:22:59.402100+00:00,0,NONE,0.0,0.0,471.3,0,-0.015683547221124174,-2.9953368785484855,0.0
2026-07-29T11:22:59.435350+00:00,0,NONE,0.0,0.0,471.3,0,0.026088874314446002,4.982607968216716,0.0
2026-07-29T11:22:59.452096+00:00,0,NONE,0.0,0.0,471.3,0,0.0037552820052951575,0.7172060326161233,0.0
2026-07-29T11:22:59.485308+00:00,0,NONE,0.0,0.0,471.3,0,0.03525508735794574,6.733225706584384,0.0
2026-07-29T11:22:59.518458+00:00,0,NONE,0.0,0.0,471.3,0,0.13454009167850017,25.695264761604093,0.0
2026-07-29T11:22:59.552049+00:00,0,NONE,0.0,0.0,471.3,0,0.010803289117757232,2.0632762376903333,0.0
2026-07-29T11:22:59.568343+00:00,0,NONE,0.0,0.0,471.3,0,0.010803289117757232,2.0632762376903333,0.0
2026-07-29T11:22:59.601936+00:00,0,NONE,0.0,0.0,471.3,0,0.18477233476936816,35.288916510210505,0.0
2026-07-29T11:22:59.635207+00:00,0,NONE,0.0,0.0,471.3,0,0.12616037187632173,24.094856167714006,0.0
2026-07-29T11:22:59.668445+00:00,0,NONE,0.0,0.0,471.3,0,0.14173177643679083,27.068775375732812,0.0
2026-07-29T11:22:59.685118+00:00,0,NONE,0.0,0.0,471.3,0,0.10456417686771602,19.970286742598667,0.0
2026-07-29T11:22:59.718432+00:00,0,NONE,0.0,0.0,471.3,0,0.2372295807301998,45.30751250499497,0.0
2026-07-29T11:22:59.751815+00:00,0,NONE,0.0,0.0,471.3,0,0.13695992328226567,26.157418555031214,0.0
2026-07-29T11:22:59.784970+00:00,0,NONE,0.0,0.0,471.3,0,0.05076986859086901,9.696330655635313,0.0
2026-07-29T11:22:59.801728+00:00,0,NONE,0.0,0.0,471.3,0,-0.07449545294046402,-14.22758348801342,0.0
2026-07-29T11:22:59.834883+00:00,0,NONE,0.0,0.0,471.3,0,0.022069185748696325,4.2149040023018784,0.0
2026-07-29T11:22:59.868232+00:00,0,NONE,0.0,0.0,471.3,0,0.12231778576970101,23.360976279964092,0.0
2026-07-29T11:22:59.901561+00:00,0,NONE,0.0,0.0,471.3,0,0.018988026874139904,3.626446003897339,0.0
2026-07-29T11:22:59.951376+00:00,0,NONE,0.0,0.0,471.3,0,0.10953257609158755,20.919181097478376,0.0
2026-07-29T11:22:59.968102+00:00,0,NONE,0.0,0.0,471.3,0,0.09589694440364838,18.31496727509917,0.0
2026-07-29T11:23:00.034765+00:00,0,NONE,0.0,0.0,471.3,0,0.08274933367967606,15.803958591217322,0.0
2026-07-29T11:23:00.051288+00:00,0,NONE,0.0,0.0,471.3,0,0.052119996510446076,9.954186094283795,0.0
2026-07-29T11:23:00.068433+00:00,0,NONE,0.0,0.0,471.3,0,0.06300864793360234,12.033765331403698,0.0
2026-07-29T11:23:00.101185+00:00,0,NONE,0.0,0.0,471.3,0,0.04977147042751313,9.505650652188965,0.0
2026-07-29T11:23:00.134709+00:00,0,NONE,0.0,0.0,471.3,0,0.01443821579217911,2.757496095303325,0.0
2026-07-29T11:23:00.184686+00:00,0,NONE,0.0,0.0,471.3,0,0.017404729723930357,3.3240585224903465,0.0
2026-07-29T11:23:00.217808+00:00,0,NONE,0.0,0.0,471.3,0,-0.015190818458795547,-2.9012326167947022,0.0
2026-07-29T11:23:00.234546+00:00,0,NONE,0.0,0.0,471.3,0,-0.01017284944653511,-1.9428711296948573,0.0
2026-07-29T11:23:00.268027+00:00,0,NONE,0.0,0.0,471.3,0,-0.017773027084767818,-3.394398137096324,0.0
2026-07-29T11:23:00.317686+00:00,0,NONE,0.0,0.0,471.3,0,-0.04965084940195084,-9.482613733238102,0.0
2026-07-29T11:23:00.334442+00:00,0,NONE,0.0,0.0,471.3,0,-0.03811495485715568,-7.279420165488927,0.0
2026-07-29T11:23:00.351030+00:00,0,NONE,0.0,0.0,471.3,0,-0.05156671106815338,-9.848516358585794,0.0
2026-07-29T11:23:00.400998+00:00,0,NONE,0.0,0.0,471.3,0,-0.05936065904796123,-11.337050775210805,0.0
2026-07-29T11:23:00.417577+00:00,0,NONE,0.0,0.0,471.3,0,-0.02061045788228512,-3.936307501623593,0.0
2026-07-29T11:23:00.467550+00:00,0,NONE,0.0,0.0,471.3,0,-0.03419370727613568,-6.530517042761162,0.0
2026-07-29T11:23:00.500872+00:00,0,NONE,0.0,0.0,471.3,0,-0.06326486811041832,-12.08269978059587,0.0
2026-07-29T11:23:00.550879+00:00,0,NONE,0.0,0.0,471.3,0,-0.052503183260560034,-10.027369372773341,0.0
2026-07-29T11:23:00.567472+00:00,0,NONE,0.0,0.0,471.3,0,-0.027006363058462737,-5.157835410826442,0.0
2026-07-29T11:23:00.617358+00:00,0,NONE,0.0,0.0,471.3,0,-0.0559052012860775,-10.677106955071942,0.0
2026-07-29T11:23:00.650687+00:00,0,NONE,0.0,0.0,471.3,0,-0.0855031181126833,-16.32989267688446,0.0
2026-07-29T11:23:00.684069+00:00,0,NONE,0.0,0.0,471.3,0,-0.04930353946983814,-9.416282422261325,0.0
2026-07-29T11:23:00.733842+00:00,0,NONE,0.0,0.0,471.3,0,-0.04930353946983814,-9.416282422261325,0.0
2026-07-29T11:23:00.767415+00:00,0,NONE,0.0,0.0,471.3,0,0.0,0.0,0.0
2026-07-29T11:23:00.867229+00:00,0,NONE,0.0,0.0,471.3,0,0.06086178459227085,11.623744635904872,0.0
2026-07-29T11:23:00.900386+00:00,0,NONE,0.0,0.0,471.3,0,0.0,0.0,0.0
2026-07-29T11:23:00.950359+00:00,0,NONE,0.0,0.0,471.3,0,0.0,0.0,0.0
2026-07-29T11:23:00.967071+00:00,0,NONE,0.0,0.0,471.3,0,0.0,0.0,0.0
2026-07-29T11:23:01.000388+00:00,0,NONE,0.0,0.0,471.3,0,0.0,0.0,0.0
2026-07-29T11:23:01.033529+00:00,0,NONE,0.0,0.0,471.3,0,0.0,0.0,0.0
2026-07-29T11:23:01.050231+00:00,0,NONE,0.0,0.0,471.3,0,0.04812702808529139,9.19158529931592,0.0
2026-07-29T11:23:01.100175+00:00,0,NONE,0.0,0.0,471.3,0,-0.22822590462863446,-43.58793703591998,0.0
2026-07-29T11:23:01.116895+00:00,0,NONE,0.0,0.0,471.3,0,0.0,0.0,0.0
2026-07-29T11:23:01.150113+00:00,0,NONE,0.0,0.0,471.3,0,0.0,0.0,0.0
2026-07-29T11:23:01.166842+00:00,0,NONE,0.0,0.0,471.3,0,0.0,0.0,0.0
2026-07-29T11:23:01.216814+00:00,0,NONE,0.0,0.0,471.3,0,0.0,0.0,0.0
2026-07-29T11:23:01.250030+00:00,0,NONE,0.0,0.0,471.3,0,0.0,0.0,0.0
2026-07-29T11:23:01.266770+00:00,0,NONE,0.0,0.0,471.3,0,0.0,0.0,0.0
2026-07-29T11:23:01.366615+00:00,0,NONE,0.0,0.0,471.3,0,0.0,0.0,0.0
2026-07-29T11:23:01.383313+00:00,0,NONE,0.0,0.0,471.3,0,0.0,0.0,0.0
2026-07-29T11:23:01.416579+00:00,0,NONE,0.0,0.0,471.3,0,0.0,0.0,0.0
2026-07-29T11:23:01.349887+00:00,0,NONE,0.0,0.0,471.3,0,-1.3053014480229468,-249.2942132134328,0.0
2026-07-29T11:23:01.449800+00:00,0,NONE,0.0,0.0,471.3,0,-5.549970141146332e-05,-0.010599662183710353,0.0
2026-07-29T11:23:01.516335+00:00,0,NONE,0.0,0.0,471.3,0,1.1757064087083564,224.54338388490612,0.0
2026-07-29T11:23:01.549792+00:00,0,NONE,0.0,0.0,471.3,0,-0.6673989982716739,-127.46381950741947,0.0
2026-07-29T11:23:01.582993+00:00,0,NONE,0.0,0.0,471.3,0,-0.6673989982716739,-127.46381950741947,0.0
2026-07-29T11:23:01.599736+00:00,0,NONE,0.0,0.0,471.3,0,0.07698339486960322,14.70274539539113,0.0
2026-07-29T11:23:01.666291+00:00,0,NONE,0.0,0.0,471.3,0,-0.025529859559610485,-4.875844014424665,0.0
2026-07-29T11:23:01.749589+00:00,0,NONE,0.0,0.0,471.3,0,0.0,0.0,0.0
2026-07-29T11:23:01.766162+00:00,0,NONE,0.0,0.0,471.3,0,-0.6167185615561902,-117.7845690818292,0.0
2026-07-29T11:23:01.799321+00:00,0,NONE,0.0,0.0,471.3,0,-0.6167185615561902,-117.7845690818292,0.0
2026-07-29T11:23:01.816274+00:00,0,NONE,0.0,0.0,471.3,0,-0.005526967272162437,-1.055572994006137,0.0
2026-07-29T11:23:01.866043+00:00,0,NONE,0.0,0.0,471.3,0,0.6267038379609585,119.6916163993785,0.0
2026-07-29T11:23:01.882718+00:00,0,NONE,0.0,0.0,471.3,0,0.5832748903706669,111.39729838064999,0.0
2026-07-29T11:23:01.932586+00:00,1,RIGHT,790.7,150.7,471.3,3301,0.5812927466630936,111.01873681787544,2.826
2026-07-29T11:23:01.949444+00:00,1,RIGHT,786.7,146.7,471.3,6201,-0.14283160489052535,-27.27882713769077,4.446
2026-07-29T11:23:01.965957+00:00,1,RIGHT,785.7,145.7,471.3,7840,4.686321407407522,895.0214602875301,5.399
2026-07-29T11:23:01.999383+00:00,1,RIGHT,785.7,145.7,471.3,7748,-0.20501280853990467,-39.1545622515338,5.972
2026-07-29T11:23:02.049237+00:00,1,RIGHT,781.7,141.7,471.3,9866,-0.6961552257928997,-132.9558544130334,6.24
2026-07-29T11:23:02.065841+00:00,1,RIGHT,779.7,139.7,471.3,11253,0.22866597693413496,43.67198465520588,6.363
2026-07-29T11:23:02.082560+00:00,1,RIGHT,782.7,142.7,471.3,10480,-0.12241532973013819,-23.379605804130897,6.494
2026-07-29T11:23:02.182306+00:00,1,RIGHT,781.7,141.7,471.3,11464,8.69745737873018e-06,0.0016610920009871844,6.553
2026-07-29T11:23:02.199091+00:00,1,RIGHT,777.7,137.7,471.3,11801,0.5492839354276657,104.90550418113895,6.514
2026-07-29T11:23:02.315572+00:00,1,RIGHT,780.7,140.7,471.3,10717,-2.2491440176963806e-06,-0.0004295548657703332,6.546
2026-07-29T11:23:02.382272+00:00,1,RIGHT,780.7,140.7,471.3,11193,0.3296165718883276,62.95212808923889,6.566
2026-07-29T11:23:02.398747+00:00,1,RIGHT,783.7,143.7,471.3,9905,1.0021280998177826,191.39236883674607,6.634
2026-07-29T11:23:02.432988+00:00,1,RIGHT,780.7,140.7,471.3,10607,0.04333469662815333,8.27631741090995,6.618
2026-07-29T11:23:02.448625+00:00,1,RIGHT,783.7,143.7,471.3,10249,-7.637556991539896e-05,-0.014586659380195674,6.665
2026-07-29T11:23:02.498597+00:00,1,RIGHT,782.7,142.7,471.3,9786,-0.07176937976386398,-13.706941862470076,6.675
2026-07-29T11:23:02.515377+00:00,1,RIGHT,781.7,141.7,471.3,10629,1.1159403334232048,213.12890431190505,6.662
2026-07-29T11:23:02.598554+00:00,1,RIGHT,780.7,140.7,471.3,11757,-0.03511960693635047,-6.70735085203751,6.635
2026-07-29T11:23:02.648597+00:00,1,RIGHT,783.7,143.7,471.3,10169,-8.362692897208037e-06,-0.0015971566945801711,6.676
2026-07-29T11:23:02.665194+00:00,1,RIGHT,781.7,141.7,471.3,10911,0.5794084406644106,110.6588608810897,6.662
2026-07-29T11:23:02.681934+00:00,1,RIGHT,784.7,144.7,471.3,10149,-0.5093821456981823,-97.2848236927461,6.71
2026-07-29T11:23:02.698545+00:00,1,RIGHT,782.7,142.7,471.3,10534,0.3230606807209551,61.7000451064471,6.702
2026-07-29T11:23:02.731868+00:00,1,RIGHT,782.7,142.7,471.3,10549,-2.1474105888046325e-05,-0.004101252120673617,6.697
2026-07-29T11:23:02.748491+00:00,1,RIGHT,782.7,142.7,471.3,10484,0.07792807520134375,14.883166048716966,6.694
2026-07-29T11:23:02.798460+00:00,1,RIGHT,783.7,143.7,471.3,11188,-0.17437593393493445,-33.30335021041271,6.711
2026-07-29T11:23:02.865004+00:00,1,RIGHT,781.7,141.7,471.3,10449,0.09602708088583313,18.33982151239872,6.683
2026-07-29T11:23:02.881812+00:00,1,RIGHT,781.7,141.7,471.3,11044,0.4334352164203301,82.78002864408118,6.667
2026-07-29T11:23:02.898340+00:00,1,RIGHT,781.7,141.7,471.3,11168,0.06194719675928354,11.831043089911459,6.657
2026-07-29T11:23:02.981594+00:00,1,RIGHT,779.7,139.7,471.3,10910,-0.06369675246998668,-12.16518361739913,6.614
2026-07-29T11:23:03.014835+00:00,1,RIGHT,783.7,143.7,471.3,11129,0.09194794928189368,17.56076476245152,6.663
2026-07-29T11:23:03.064969+00:00,1,RIGHT,781.7,141.7,471.3,10577,1.0895780904917047,208.09408678365992,6.654
2026-07-29T11:23:03.114881+00:00,1,RIGHT,781.7,141.7,471.3,10958,-0.26074170033447447,-49.79799657410077,6.65
2026-07-29T11:23:03.181368+00:00,1,RIGHT,785.7,145.7,471.3,9767,0.1454619204258779,27.781180400902088,6.722
2026-07-29T11:23:03.214842+00:00,1,RIGHT,781.7,141.7,471.3,10460,-0.8187843001354486,-156.3762824311136,6.69
2026-07-29T11:23:03.247760+00:00,1,RIGHT,779.7,139.7,471.3,10227,0.34504891878343186,65.89948923947654,6.633
2026-07-29T11:23:03.264677+00:00,1,RIGHT,781.7,141.7,471.3,10964,0.26309062286745755,50.2466077325778,6.637
2026-07-29T11:23:03.297827+00:00,1,RIGHT,782.7,142.7,471.3,10644,-4.289561735276948e-05,-0.008192459446406094,6.658
2026-07-29T11:23:03.347780+00:00,1,RIGHT,783.7,143.7,471.3,10269,-0.642198216333054,-122.65082468904467,6.689
2026-07-29T11:23:03.381060+00:00,1,RIGHT,781.7,141.7,471.3,10996,-1.5066060586832464e-05,-0.0028774056183796417,6.67
2026-07-29T11:23:03.397834+00:00,1,RIGHT,782.7,142.7,471.3,10612,0.3617663191631436,69.09227752676948,6.678
2026-07-29T11:23:03.481128+00:00,1,RIGHT,781.7,141.7,471.3,10859,0.5114678912423551,97.6831717488105,6.664
2026-07-29T11:23:03.497672+00:00,1,RIGHT,786.7,146.7,471.3,9994,-0.35281279139220717,-67.38227968334337,6.749
2026-07-29T11:23:03.531022+00:00,1,RIGHT,784.7,144.7,471.3,10845,-6.401679245755076e-05,-0.0122263067526086,6.762
2026-07-29T11:23:03.580947+00:00,1,RIGHT,789.7,149.7,471.3,7110,-0.002741376794874668,-0.5235644013380643,6.864
2026-07-29T11:23:03.597567+00:00,1,RIGHT,784.7,144.7,471.3,10088,-0.16246412593871354,-31.028362461900567,6.832
2026-07-29T11:23:03.664403+00:00,1,RIGHT,783.7,143.7,471.3,10347,0.16171570094302296,30.885423816783344,6.793
2026-07-29T11:23:03.680764+00:00,1,RIGHT,784.7,144.7,471.3,10484,0.40391915027284997,77.14287525048259,6.789
2026-07-29T11:23:03.714268+00:00,1,RIGHT,782.7,142.7,471.3,10435,-0.07003034490160644,-13.374810669025171,6.749
2026-07-29T11:23:03.780801+00:00,1,RIGHT,783.7,143.7,471.3,10676,0.08073301799595356,15.418870661739541,6.744
2026-07-29T11:23:03.797621+00:00,1,RIGHT,779.7,139.7,471.3,11906,0.20947018071077764,40.00585762856742,6.666
2026-07-29T11:23:03.880644+00:00,1,RIGHT,783.2,143.2,471.3,11106,-0.29859777691919587,-57.0279746315293,6.684
2026-07-29T11:23:03.897386+00:00,1,RIGHT,782.7,142.7,471.3,10893,-0.03533643146045506,-6.748761285791262,6.686
2026-07-29T11:23:03.930480+00:00,1,RIGHT,782.7,142.7,471.3,10928,0.21136136408546008,40.36704704741613,6.687
2026-07-29T11:23:03.947358+00:00,1,RIGHT,780.7,140.7,471.3,11346,-0.08372558131522964,-15.990408155473476,6.651
2026-07-29T11:23:03.730779+00:00,1,RIGHT,783.7,143.7,471.3,10494,-0.06567877005785704,-12.543721093084699,6.685
2026-07-29T11:23:03.997283+00:00,1,RIGHT,779.7,139.7,471.3,11658,-0.30711052984697745,-58.65379068086103,6.63
2026-07-29T11:23:04.080442+00:00,1,RIGHT,782.7,142.7,471.3,10827,0.1794226386398077,34.26719981053956,6.654
2026-07-29T11:23:04.197046+00:00,1,RIGHT,782.7,142.7,471.3,10325,-0.2615617675660178,-49.95461787838214,6.668
2026-07-29T11:23:04.213593+00:00,1,RIGHT,781.7,141.7,471.3,11115,0.7192096727248282,137.35892944039284,6.658
2026-07-29T11:23:04.130488+00:00,1,RIGHT,779.7,139.7,471.3,11870,0.4103330792346969,78.36784544918444,6.614
2026-07-29T11:23:04.263657+00:00,1,RIGHT,783.7,143.7,471.3,11322,0.3001607073098421,57.326472348385174,6.663
2026-07-29T11:23:04.313571+00:00,1,RIGHT,783.7,143.7,471.3,10889,0.24505662009119988,46.80236690988856,6.692
2026-07-29T11:23:04.380221+00:00,1,RIGHT,783.7,143.7,471.3,10184,0.24505662009119988,46.80236690988856,6.71
2026-07-29T11:23:04.396935+00:00,1,RIGHT,781.7,141.7,471.3,10421,0.1556708798278123,29.730948024072894,6.683
2026-07-29T11:23:04.480118+00:00,1,RIGHT,785.7,145.7,471.3,9740,-2.7529622311703857e-05,-0.00525777056683272,6.741
2026-07-29T11:23:04.496772+00:00,1,RIGHT,783.7,143.7,471.3,10068,0.054196718907915054,10.350810856268001,6.739
2026-07-29T11:23:04.563340+00:00,1,RIGHT,785.7,145.7,471.3,9526,-0.1482963085314259,-28.32250865406869,6.775
2026-07-29T11:23:04.463463+00:00,1,RIGHT,783.7,143.7,471.3,10718,-0.7393316473881714,-141.20194351932196,6.76
2026-07-29T11:23:04.413499+00:00,1,RIGHT,779.7,139.7,471.3,11698,-0.7393316473881714,-141.20194351932196,6.675
2026-07-29T11:23:04.596508+00:00,1,RIGHT,782.7,142.7,471.3,10648,0.17564540675841273,33.545801660385585,6.681
2026-07-29T11:23:04.696588+00:00,1,RIGHT,782.7,142.7,471.3,10351,-0.14288426302373408,-27.288884100323767,6.684
2026-07-29T11:23:04.713666+00:00,1,RIGHT,779.7,139.7,471.3,11467,-0.14288426302373408,-27.288884100323767,6.63
2026-07-29T11:23:04.746382+00:00,1,RIGHT,782.7,142.7,471.3,10264,-0.19302759086713195,-36.865554287548846,6.654
2026-07-29T11:23:04.729915+00:00,1,RIGHT,783.7,143.7,471.3,9841,4.819676571059972e-05,0.009204904204660695,6.686
2026-07-29T11:23:04.663220+00:00,1,RIGHT,779.7,139.7,471.3,10761,-0.01704908547340892,-3.256135473947108,6.631
2026-07-29T11:23:04.646441+00:00,1,RIGHT,781.7,141.7,471.3,10699,0.2355817597452551,44.992801878893566,6.636
2026-07-29T11:23:04.929696+00:00,1,RIGHT,784.7,144.7,471.3,10227,0.015887313105631618,3.034253295851908,6.695
2026-07-29T11:23:04.979678+00:00,1,RIGHT,786.7,146.7,471.3,8647,0.3386884518805891,64.68472954192475,6.767
2026-07-29T11:23:04.962941+00:00,1,RIGHT,781.7,141.7,471.3,10720,0.4294841002020985,82.02542103184663,6.717
2026-07-29T11:23:05.029595+00:00,1,RIGHT,784.7,144.7,471.3,10061,-5.7284563081339004e-06,-0.0010940545652705518,6.743
2026-07-29T11:23:04.946546+00:00,1,RIGHT,781.7,141.7,471.3,10586,0.1813943618349731,34.643771202042984,6.703
2026-07-29T11:23:05.079570+00:00,1,RIGHT,780.7,140.7,471.3,11073,-2.9674401484953702e-05,-0.005667393215548633,6.66
2026-07-29T11:23:05.129497+00:00,1,RIGHT,780.7,140.7,471.3,11561,0.04471088152378797,8.539149365408338,6.634
2026-07-29T11:23:05.162781+00:00,1,RIGHT,782.7,142.7,471.3,10531,-0.07971441026777029,-15.224330915725174,6.656
2026-07-29T11:23:05.212633+00:00,1,RIGHT,779.7,139.7,471.3,10942,0.358307587984018,68.43170852998881,6.613
2026-07-29T11:23:05.196187+00:00,1,RIGHT,779.7,139.7,471.3,10069,-0.03422780914232135,-6.537030019447691,6.587
2026-07-29T11:23:05.312579+00:00,1,RIGHT,780.7,140.7,471.3,11334,-0.30291940812021495,-57.85334539296412,6.59
2026-07-29T11:23:05.329293+00:00,1,RIGHT,781.7,141.7,471.3,11281,0.2313260306592565,44.18001749429761,6.611
2026-07-29T11:23:05.345907+00:00,1,RIGHT,780.7,140.7,471.3,10496,0.019848480813670903,3.7907806012324428,6.605
2026-07-29T11:23:05.412576+00:00,1,RIGHT,781.7,141.7,471.3,10569,0.6250914115551859,119.38366563995775,6.62
2026-07-29T11:23:05.429147+00:00,1,RIGHT,783.7,143.7,471.3,10292,-0.4404856552090496,-84.12656326511103,6.666
2026-07-29T11:23:05.462579+00:00,1,RIGHT,781.7,141.7,471.3,10656,0.28827237654011695,55.055968419849286,6.657
2026-07-29T11:23:05.512544+00:00,1,RIGHT,781.7,141.7,471.3,10825,-0.09882792283198796,-18.87474292105832,6.651
2026-07-29T11:23:05.362646+00:00,1,RIGHT,782.7,142.7,471.3,11162,0.2953029589180369,56.39871074576216,6.666
2026-07-29T11:23:05.628912+00:00,1,RIGHT,782.7,142.7,471.3,10233,-0.09357553902082145,-17.871611505182724,6.675
2026-07-29T11:23:05.645652+00:00,1,RIGHT,784.7,144.7,471.3,9548,0.023798571471124887,4.545192345786343,6.718
2026-07-29T11:23:05.712288+00:00,1,RIGHT,781.7,141.7,471.3,10662,0.26690539843169975,50.97517619798019,6.688
2026-07-29T11:23:05.745519+00:00,1,RIGHT,782.7,142.7,471.3,10276,0.7262143650065991,138.6967271221706,6.688
2026-07-29T11:23:05.762242+00:00,1,RIGHT,780.7,140.7,471.3,11383,-0.3977715851180255,-75.96877679163883,6.651
2026-07-29T11:23:05.662357+00:00,1,RIGHT,784.7,144.7,471.3,10292,-1.535901639726944e-05,-0.002933356056785886,6.704
2026-07-29T11:23:05.812184+00:00,1,RIGHT,782.7,142.7,471.3,11007,-0.00203504771925509,-0.38866548473680224,6.698
2026-07-29T11:23:05.845415+00:00,1,RIGHT,779.7,139.7,471.3,11428,-0.00203504771925509,-0.38866548473680224,6.638
2026-07-29T11:23:05.862133+00:00,1,RIGHT,780.7,140.7,471.3,11542,-0.10091377318836749,-19.273110994779675,6.621
2026-07-29T11:23:05.795442+00:00,1,RIGHT,779.7,139.7,471.3,11236,-0.2915029389038682,-55.67296038283847,6.592
2026-07-29T11:23:05.962081+00:00,1,RIGHT,782.7,142.7,471.3,10072,-0.2915029389038682,-55.67296038283847,6.631
2026-07-29T11:23:05.978666+00:00,1,RIGHT,780.7,140.7,471.3,11538,0.010104044750332832,1.929730400684623,6.617
2026-07-29T11:23:06.045288+00:00,1,RIGHT,785.7,145.7,471.3,9862,0.22870316945947708,43.679087904311004,6.702
2026-07-29T11:23:06.061914+00:00,1,RIGHT,780.7,140.7,471.3,10977,-0.18370997462421657,-35.08602066807687,6.659
2026-07-29T11:23:06.078573+00:00,1,RIGHT,779.7,139.7,471.3,11123,-1.1551415518624708e-05,-0.0022061578553970625,6.615
2026-07-29T11:23:06.011976+00:00,1,RIGHT,781.7,141.7,471.3,11344,-0.2366478283237666,-45.19640597962763,6.626
2026-07-29T11:23:05.995275+00:00,1,RIGHT,784.7,144.7,471.3,10240,0.13993116727098823,26.724884356555943,6.689
2026-07-29T11:23:06.228345+00:00,1,RIGHT,783.7,143.7,471.3,10736,0.6491974062658846,123.98757149958351,6.708
2026-07-29T11:23:06.261583+00:00,1,RIGHT,782.7,142.7,471.3,10813,-0.26202166396193205,-50.04245162004602,6.7
2026-07-29T11:23:06.295108+00:00,1,RIGHT,786.7,146.7,471.3,9918,0.3848950794711709,73.50954536350169,6.771
2026-07-29T11:23:06.328379+00:00,1,RIGHT,780.7,140.7,471.3,11393,-2.875335747376084e-05,-0.005491486766924796,6.701
2026-07-29T11:23:06.428217+00:00,1,RIGHT,783.7,143.7,471.3,10577,0.4908004895225167,93.73598877531663,6.715
2026-07-29T11:23:06.444941+00:00,1,RIGHT,780.7,140.7,471.3,11008,-0.29175694499164817,-55.721471972173205,6.667
2026-07-29T11:23:06.495081+00:00,1,RIGHT,780.7,140.7,471.3,11533,0.3640359112387523,69.52573768393185,6.638
2026-07-29T11:23:06.511218+00:00,1,RIGHT,784.7,144.7,471.3,10312,-4.1043899800570214e-05,-0.00783880744443505,6.696
2026-07-29T11:23:06.611587+00:00,1,RIGHT,786.7,146.7,471.3,9677,-4.1055299079744144e-05,-0.007840984546388907,6.768
2026-07-29T11:23:06.661379+00:00,1,RIGHT,783.7,143.7,471.3,10494,-0.024152122028172015,-4.612715528330675,6.755
2026-07-29T11:23:06.677957+00:00,1,RIGHT,781.7,141.7,471.3,10925,-0.18169983210042118,-34.70211172529937,6.71
2026-07-29T11:23:06.694743+00:00,1,RIGHT,781.7,141.7,471.3,10292,0.34485664503183217,65.86276765788384,6.683
2026-07-29T11:23:06.761404+00:00,1,RIGHT,783.7,143.7,471.3,10532,0.35582657462218775,67.957869881494,6.704
2026-07-29T11:23:06.794678+00:00,1,RIGHT,783.7,143.7,471.3,9758,0.6049838973092847,115.54341329732671,6.717
2026-07-29T11:23:06.877741+00:00,1,RIGHT,780.7,140.7,471.3,11440,-3.0034126248210668e-05,-0.005736095584618523,6.668
2026-07-29T11:23:06.894606+00:00,1,RIGHT,782.7,142.7,471.3,9670,0.6546803280277527,125.03473242076842,6.677
2026-07-29T11:23:06.727956+00:00,1,RIGHT,787.7,147.7,471.3,8517,-0.1496460856171325,-28.580297088383546,6.775
2026-07-29T11:23:06.711350+00:00,1,RIGHT,783.7,143.7,471.3,10519,-0.20130666041281076,-38.44674009842448,6.76
2026-07-29T11:23:07.011016+00:00,1,RIGHT,785.7,145.7,471.3,9002,0.027569007105194034,5.265292508312658,6.788
2026-07-29T11:23:07.027796+00:00,1,RIGHT,785.7,145.7,471.3,9431,-5.428145377663896e-05,-0.010366994024119586,6.804
2026-07-29T11:23:07.060972+00:00,1,RIGHT,784.7,144.7,471.3,10342,-0.09683672663290054,-18.494452459757653,6.796
2026-07-29T11:23:07.077752+00:00,1,RIGHT,784.7,144.7,471.3,9828,0.09448513465002178,18.045331473905144,6.791
2026-07-29T11:23:07.094227+00:00,1,RIGHT,784.7,144.7,471.3,10098,-0.03487093100324273,-6.659857247259007,6.787
2026-07-29T11:23:06.994326+00:00,1,RIGHT,779.7,139.7,471.3,11455,-0.03487093100324273,-6.659857247259007,6.692
2026-07-29T11:23:06.978041+00:00,1,RIGHT,781.7,141.7,471.3,10342,0.7448943494260312,142.26434135084926,6.672
2026-07-29T11:23:07.177566+00:00,1,RIGHT,780.7,140.7,471.3,11919,-0.21187918071169407,-40.46594273823249,6.641
2026-07-29T11:23:07.260837+00:00,1,RIGHT,779.7,139.7,471.3,11355,0.019168871589936316,3.6609848004385968,6.604
2026-07-29T11:23:07.277545+00:00,1,RIGHT,778.7,138.7,471.3,10928,-0.11072987691964954,-21.14784871166328,6.563
2026-07-29T11:23:07.310736+00:00,1,RIGHT,784.7,144.7,471.3,11332,-7.818795511411736e-06,-0.0014932799455990818,6.651
2026-07-29T11:23:07.343953+00:00,1,RIGHT,783.7,143.7,471.3,10576,0.41827166128903626,79.88400293929091,6.685
2026-07-29T11:23:07.360697+00:00,1,RIGHT,782.7,142.7,471.3,10698,0.17408702487125993,33.24817264370729,6.687
2026-07-29T11:23:07.460658+00:00,1,RIGHT,780.7,140.7,471.3,8965,-0.07852280702441931,-14.996751460064802,6.65
2026-07-29T11:23:07.477354+00:00,1,RIGHT,787.7,147.7,471.3,7241,-0.2786368127260357,-53.21571128726317,6.759
2026-07-29T11:23:07.510551+00:00,1,RIGHT,786.7,146.7,471.3,4636,0.2122901550680399,40.54443305858823,6.806
2026-07-29T11:23:07.527288+00:00,1,RIGHT,797.7,157.7,471.3,1432,-9.176219464279711e-06,-0.0017525288239634159,7.041
2026-07-29T11:23:07.577806+00:00,1,NONE,0.0,0.0,471.3,0,-0.5936804355308414,-113.38461111801924,7.181
2026-07-29T11:23:07.643842+00:00,1,NONE,0.0,0.0,471.3,0,-0.04157088087871671,-7.939453416638542,7.266
2026-07-29T11:23:07.727009+00:00,1,NONE,0.0,0.0,471.3,0,-4.308853094698861e-05,-0.008229303228937612,7.316
2026-07-29T11:23:07.743721+00:00,0,NONE,0.0,0.0,471.3,0,-0.846186234280467,-161.60966635446354,4.39
2026-07-29T11:23:07.776979+00:00,0,NONE,0.0,0.0,471.3,0,0.17516105631366372,33.45329753942091,2.634
2026-07-29T11:23:07.810434+00:00,0,NONE,0.0,0.0,471.3,0,-2.084443112835288e-05,-0.003980993100019121,1.58
2026-07-29T11:23:07.843692+00:00,0,NONE,0.0,0.0,471.3,0,-1.6157768550328914e-06,-0.00030859064809435376,0.948
2026-07-29T11:23:07.926813+00:00,0,NONE,0.0,0.0,471.3,0,-5.704997194698081e-05,-0.010895742046339148,0.569
2026-07-29T11:23:07.960293+00:00,0,NONE,0.0,0.0,471.3,0,0.3609962500445545,68.94520515867443,0.341
2026-07-29T11:23:07.976718+00:00,0,NONE,0.0,0.0,471.3,0,4.851693869568407e-05,0.009266052740525487,0.205
2026-07-29T11:23:07.993454+00:00,0,NONE,0.0,0.0,471.3,0,0.2656570946611464,50.73676773930361,0.123
2026-07-29T11:23:08.010304+00:00,0,NONE,0.0,0.0,471.3,0,0.12777623180299996,24.403462681323944,0.074
2026-07-29T11:23:08.026878+00:00,0,NONE,0.0,0.0,471.3,0,0.27447240420617164,52.420367846074726,0.044
2026-07-29T11:23:08.060216+00:00,0,NONE,0.0,0.0,471.3,0,0.4026407969556749,76.89872775114699,0.027
2026-07-29T11:23:08.126602+00:00,0,NONE,0.0,0.0,471.3,0,0.06799560996703803,12.98620492176318,0.016
2026-07-29T11:23:08.143445+00:00,0,NONE,0.0,0.0,471.3,0,0.13196203127503395,25.202891493442728,0.01
2026-07-29T11:23:08.160168+00:00,0,NONE,0.0,0.0,471.3,0,0.027198552638292312,5.1945409167952,0.006
2026-07-29T11:23:08.226779+00:00,0,NONE,0.0,0.0,471.3,0,0.16300657663494347,31.13196291352693,0.003
2026-07-29T11:23:08.243222+00:00,0,NONE,0.0,0.0,471.3,0,0.04200155755504966,8.021706602933875,0.002
2026-07-29T11:23:08.259981+00:00,0,NONE,0.0,0.0,471.3,0,0.12412577672861516,23.706277117776065,0.001
2026-07-29T11:23:08.326581+00:00,0,NONE,0.0,0.0,471.3,0,0.0031245621759444474,0.5967474183594327,0.001
2026-07-29T11:23:08.176819+00:00,0,NONE,0.0,0.0,471.3,0,-0.0540482172742486,-10.322449133401717,0.0
2026-07-29T11:23:08.343174+00:00,0,NONE,0.0,0.0,471.3,0,-0.05284437445923686,-10.092532091743982,0.0
2026-07-29T11:23:08.409845+00:00,0,NONE,0.0,0.0,471.3,0,-0.02978578519076109,-5.6886659363796,0.0
2026-07-29T11:23:08.443098+00:00,0,NONE,0.0,0.0,471.3,0,-0.09320092845708132,-17.8000661576383,0.0
2026-07-29T11:23:08.493177+00:00,0,NONE,0.0,0.0,471.3,0,-0.04913192680105567,-9.38350681682062,0.0
2026-07-29T11:23:08.543071+00:00,0,NONE,0.0,0.0,471.3,0,-0.3231546287983656,-61.717987867543734,0.0
2026-07-29T11:23:08.476397+00:00,0,NONE,0.0,0.0,471.3,0,-0.11197579109109938,-21.38580079052866,0.0
2026-07-29T11:23:08.426476+00:00,0,NONE,0.0,0.0,471.3,0,0.16535504430532455,31.58048719964611,0.0
2026-07-29T11:23:08.676223+00:00,0,NONE,0.0,0.0,471.3,0,-1.6911466009332798e-05,-0.0032298520923790606,0.0
2026-07-29T11:23:08.709444+00:00,0,NONE,0.0,0.0,471.3,0,0.22542043527588249,43.052131857700026,0.0
2026-07-29T11:23:08.692992+00:00,0,NONE,0.0,0.0,471.3,0,-0.7360860744467936,-140.5820847471793,0.0
2026-07-29T11:23:08.643035+00:00,0,NONE,0.0,0.0,471.3,0,-0.9574125277251005,-182.85232363866726,0.0
2026-07-29T11:23:08.593099+00:00,0,NONE,0.0,0.0,471.3,0,-1.0768511608242988,-205.66342226331926,0.0
2026-07-29T11:23:08.809348+00:00,0,NONE,0.0,0.0,471.3,0,-0.1889377542663715,-36.08445303380984,0.0
2026-07-29T11:23:08.826097+00:00,0,NONE,0.0,0.0,471.3,0,0.05273098598700017,10.07087648872865,0.0
2026-07-29T11:23:08.926020+00:00,0,NONE,0.0,0.0,471.3,0,-2.446611697599292,-467.26841459925697,0.0
2026-07-29T11:23:08.942755+00:00,0,NONE,0.0,0.0,471.3,0,-2.446611697599292,-467.26841459925697,0.0
2026-07-29T11:23:09.009334+00:00,1,RIGHT,792.7,152.7,471.3,4863,-0.9585998817409563,-183.0790915516554,2.863
2026-07-29T11:23:08.909256+00:00,1,NONE,0.0,0.0,471.3,0,-0.028485618404811248,-5.440352371386217,4.581
2026-07-29T11:23:08.892773+00:00,1,NONE,0.0,0.0,471.3,0,1.9603791261033622e-05,0.0037440483390422416,5.612
2026-07-29T11:23:08.876154+00:00,1,NONE,0.0,0.0,471.3,0,-8.639472944196313e-06,-0.0016500177897330404,6.23
2026-07-29T11:23:08.859297+00:00,0,NONE,0.0,0.0,471.3,0,-1.6857839694619179,-321.96102206992913,3.738
2026-07-29T11:23:09.159167+00:00,0,NONE,0.0,0.0,471.3,0,-0.5890616050362587,-112.50247947259955,2.243
2026-07-29T11:23:09.142563+00:00,0,NONE,0.0,0.0,471.3,0,-0.11218090067617595,-21.424973835737216,1.346
2026-07-29T11:23:09.209130+00:00,0,NONE,0.0,0.0,471.3,0,-1.6071752313897014,-306.947858988638,0.807
2026-07-29T11:23:09.259104+00:00,0,NONE,0.0,0.0,471.3,0,2.4325597478309647e-05,0.00464584689880407,0.484
2026-07-29T11:23:09.275850+00:00,0,NONE,0.0,0.0,471.3,0,-0.19670657210284845,-37.56818794659679,0.291
2026-07-29T11:23:09.292303+00:00,0,NONE,0.0,0.0,471.3,0,0.12276754461228848,23.446873891560596,0.174
2026-07-29T11:23:09.375866+00:00,0,NONE,0.0,0.0,471.3,0,0.2336720664985478,44.62807733489035,0.105
2026-07-29T11:23:09.425676+00:00,0,NONE,0.0,0.0,471.3,0,-3.899069270119071e-05,-0.007446673773565904,0.063
2026-07-29T11:23:09.225783+00:00,0,NONE,0.0,0.0,471.3,0,-0.30930646098218856,-59.07318263469092,0.038
2026-07-29T11:23:09.192507+00:00,0,NONE,0.0,0.0,471.3,0,-0.30930646098218856,-59.07318263469092,0.023
2026-07-29T11:23:09.509195+00:00,0,NONE,0.0,0.0,471.3,0,-0.05374413468874991,-10.26437363749338,0.014
2026-07-29T11:23:09.558809+00:00,0,NONE,0.0,0.0,471.3,0,-4.5245027868077154e-05,-0.008641163802642045,0.008
2026-07-29T11:23:09.542184+00:00,0,NONE,0.0,0.0,471.3,0,0.34214190900325775,65.34429126811911,0.005
2026-07-29T11:23:09.658733+00:00,0,NONE,0.0,0.0,471.3,0,2.7123315230710432e-05,0.005180171630408709,0.003
2026-07-29T11:23:09.609019+00:00,0,NONE,0.0,0.0,471.3,0,2.7123315230710432e-05,0.005180171630408709,0.002
2026-07-29T11:23:09.691973+00:00,0,NONE,0.0,0.0,471.3,0,-0.1143727542166016,-21.843587026327874,0.001
2026-07-29T11:23:09.741995+00:00,0,NONE,0.0,0.0,471.3,0,-0.1143727542166016,-21.843587026327874,0.001
2026-07-29T11:23:09.775393+00:00,1,RIGHT,792.7,152.7,471.3,1423,-0.43274877610616386,-82.64892820111665,2.864
2026-07-29T11:23:09.792013+00:00,1,RIGHT,791.7,151.7,471.3,4869,-5.1563804154284294e-05,-0.009847961178932104,4.562
2026-07-29T11:23:09.808579+00:00,1,RIGHT,790.7,150.7,471.3,4455,0.2854969669319689,54.52590422995949,5.563
2026-07-29T11:23:09.842027+00:00,1,RIGHT,784.7,144.7,471.3,7209,0.6395853034872562,122.15179509471226,6.051
2026-07-29T11:23:09.891909+00:00,1,RIGHT,782.7,142.7,471.3,10752,0.16050027939723804,30.653295400440868,6.306
2026-07-29T11:23:09.941811+00:00,1,RIGHT,785.7,145.7,471.3,10309,-0.03174441700801253,-6.062737058874755,6.516
2026-07-29T11:23:09.975893+00:00,1,RIGHT,783.7,143.7,471.3,10072,-0.2796135963778943,-53.40226322309275,6.604
2026-07-29T11:23:09.991780+00:00,1,RIGHT,782.7,142.7,471.3,10733,0.1780198175679834,33.99928072111439,6.638
2026-07-29T11:23:10.041764+00:00,1,RIGHT,779.7,139.7,471.3,11054,1.7020399536704644e-05,0.0032506568635986594,6.602
2026-07-29T11:23:10.008433+00:00,1,RIGHT,780.7,140.7,471.3,11659,1.7020399536704644e-05,0.0032506568635986594,6.599
2026-07-29T11:23:10.091695+00:00,1,RIGHT,780.7,140.7,471.3,11550,-0.18346947887912393,-35.040089364127994,6.598
2026-07-29T11:23:10.124901+00:00,1,RIGHT,782.7,142.7,471.3,11036,0.5854001465137116,111.80319240525236,6.634
2026-07-29T11:23:10.208396+00:00,1,RIGHT,780.7,140.7,471.3,11597,-0.5148838006705045,-98.33556239358353,6.619
2026-07-29T11:23:10.224838+00:00,1,RIGHT,782.7,142.7,471.3,11096,0.8001090092724189,152.8095646056775,6.647
2026-07-29T11:23:10.258416+00:00,1,RIGHT,782.7,142.7,471.3,10676,-0.11858988632448017,-22.648999931096373,6.664
2026-07-29T11:23:10.274821+00:00,1,RIGHT,783.7,143.7,471.3,11381,-0.03261763257818529,-6.229508948128117,6.693
2026-07-29T11:23:10.291555+00:00,1,RIGHT,781.7,141.7,471.3,11314,0.11250274905003607,21.486442347288328,6.672
2026-07-29T11:23:10.309371+00:00,1,RIGHT,781.7,141.7,471.3,10946,0.2975215858669253,56.82243728071314,6.66
2026-07-29T11:23:10.425056+00:00,1,RIGHT,781.7,141.7,471.3,11260,-0.47430287893861534,-90.58517724695693,6.653
2026-07-29T11:23:10.441396+00:00,1,RIGHT,781.7,141.7,471.3,11136,0.7892982594505884,150.74486347846855,6.649
2026-07-29T11:23:10.524749+00:00,1,RIGHT,782.7,142.7,471.3,10890,-0.3816183521412313,-72.88373654143265,6.665
2026-07-29T11:23:10.558055+00:00,1,RIGHT,785.7,145.7,471.3,9529,-0.29993529610103,-57.28342197865225,6.731
2026-07-29T11:23:10.657954+00:00,1,RIGHT,784.7,144.7,471.3,9453,0.5030252681113779,96.0707495040621,6.752
2026-07-29T11:23:10.691179+00:00,1,RIGHT,778.7,138.7,471.3,10168,0.3847027233010158,73.4728080411244,6.652
2026-07-29T11:23:10.707929+00:00,1,RIGHT,783.7,143.7,471.3,10836,0.06084147884976119,11.619866524752597,6.685
2026-07-29T11:23:10.741142+00:00,1,RIGHT,782.7,142.7,471.3,11460,-0.27371268399525434,-52.27527197375356,6.687
2026-07-29T11:23:10.774494+00:00,1,RIGHT,781.7,141.7,471.3,10977,0.4098674063198268,78.27890847366574,6.669
2026-07-29T11:23:10.791132+00:00,1,RIGHT,782.7,142.7,471.3,10980,-1.050655137078138e-05,-0.0020066035026105426,6.677
2026-07-29T11:23:10.841187+00:00,1,RIGHT,779.7,139.7,471.3,11533,1.026274283863604,196.00395029398507,6.626
2026-07-29T11:23:10.891175+00:00,1,RIGHT,782.7,142.7,471.3,10603,4.5566328481072556e-07,8.702527699574055e-05,6.651
2026-07-29T11:23:10.924277+00:00,1,RIGHT,785.7,145.7,471.3,8359,-0.7676468846574426,-146.6097554907912,6.722
2026-07-29T11:23:10.957697+00:00,1,RIGHT,778.7,138.7,471.3,9270,-3.4021487517748026e-05,-0.006497625491746577,6.634
2026-07-29T11:23:10.941116+00:00,1,RIGHT,781.7,141.7,471.3,10404,-0.028337813690304758,-5.412123750275024,6.637
2026-07-29T11:23:11.007750+00:00,1,RIGHT,785.7,145.7,471.3,10121,0.020731829637661577,3.9594877994074773,6.714
2026-07-29T11:23:11.074759+00:00,1,RIGHT,777.7,137.7,471.3,11016,-0.27786300201667474,-53.067924327968484,6.61
2026-07-29T11:23:11.140958+00:00,1,RIGHT,779.7,139.7,471.3,11368,0.27473139147274195,52.46983077048176,6.586
2026-07-29T11:23:11.157451+00:00,1,RIGHT,787.7,147.7,471.3,9113,0.07826260179281234,14.947055921470458,6.721
2026-07-29T11:23:11.190942+00:00,1,RIGHT,783.7,143.7,471.3,10207,-0.19991229192062746,-38.180435332797394,6.727
2026-07-29T11:23:11.207407+00:00,1,RIGHT,785.7,145.7,471.3,9370,1.3583201289293356e-05,0.002594200353843892,6.768
2026-07-29T11:23:11.257359+00:00,1,RIGHT,787.7,147.7,471.3,8701,0.20826043070293962,39.77481239618396,6.83
2026-07-29T11:23:11.274104+00:00,1,RIGHT,787.7,147.7,471.3,6371,-0.14515134339919314,-27.721864558092893,6.867
2026-07-29T11:23:11.390732+00:00,1,RIGHT,783.7,143.7,471.3,10236,0.055380547447130085,10.576905452815199,6.815
2026-07-29T11:23:11.407337+00:00,1,RIGHT,780.7,140.7,471.3,11517,-0.3720751295145601,-71.06111527655929,6.727
2026-07-29T11:23:11.523788+00:00,1,RIGHT,783.7,143.7,471.3,9666,-0.09228160224854946,-17.624487785156173,6.731
2026-07-29T11:23:11.590549+00:00,1,RIGHT,783.7,143.7,471.3,10368,0.610122123141773,116.5247421452823,6.733
2026-07-29T11:23:11.623855+00:00,1,RIGHT,782.7,142.7,471.3,10572,6.845220947298002e-06,0.0013073409003823962,6.715
2026-07-29T11:23:11.657237+00:00,1,RIGHT,784.7,144.7,471.3,6963,-0.6018490186240524,-114.94469557082894,6.742
2026-07-29T11:23:11.690344+00:00,1,RIGHT,781.7,141.7,471.3,11241,0.03922588534245733,7.491592259289609,6.702
2026-07-29T11:23:11.740329+00:00,1,RIGHT,786.7,146.7,471.3,10418,0.4723947199608665,90.22074572674026,6.772
2026-07-29T11:23:11.790474+00:00,1,RIGHT,778.7,138.7,471.3,11634,-1.3967219274491072e-05,-0.00266754238654038,6.664
2026-07-29T11:23:11.824147+00:00,1,RIGHT,783.7,143.7,471.3,10627,-0.5005637322552502,-95.6006307851413,6.693
2026-07-29T11:23:11.873677+00:00,1,RIGHT,782.7,142.7,471.3,9855,0.11590043283998966,22.135352151569514,6.691
2026-07-29T11:23:11.890233+00:00,1,RIGHT,779.7,139.7,471.3,11398,0.008175661554560065,1.5614363393455246,6.634
2026-07-29T11:23:11.923643+00:00,1,RIGHT,782.7,142.7,471.3,10616,-0.06616608012933284,-12.636790461117306,6.656
2026-07-29T11:23:12.006796+00:00,1,RIGHT,779.7,139.7,471.3,11448,0.01914152640849352,3.6557622554829576,6.613
2026-07-29T11:23:12.040183+00:00,1,RIGHT,781.7,141.7,471.3,10574,0.5883747507072985,112.37129995863384,6.625
2026-07-29T11:23:12.073518+00:00,1,RIGHT,781.7,141.7,471.3,11229,1.7792141319811343,339.8048687085041,6.632
2026-07-29T11:23:12.106763+00:00,1,RIGHT,783.7,143.7,471.3,11359,0.0006188639285392127,0.1181943039939422,6.673
2026-07-29T11:23:12.140140+00:00,1,RIGHT,783.7,143.7,471.3,11002,-0.3876163381803781,-74.02926749350432,6.698
2026-07-29T11:23:12.173462+00:00,1,RIGHT,779.7,139.7,471.3,10978,0.011207743717823177,2.1405213763184343,6.638
2026-07-29T11:23:12.223488+00:00,1,RIGHT,780.7,140.7,471.3,10598,-0.5211986808478832,-99.54161566789894,6.621
2026-07-29T11:23:12.240029+00:00,1,RIGHT,781.7,141.7,471.3,11304,0.5394417735282332,103.02578972073246,6.63
2026-07-29T11:23:12.306570+00:00,1,RIGHT,784.7,144.7,471.3,8755,-0.2664399660751224,-50.88628516571116,6.691
2026-07-29T11:23:12.323324+00:00,1,RIGHT,780.7,140.7,471.3,11578,0.284985313937068,54.42818570601599,6.653
2026-07-29T11:23:12.356536+00:00,1,RIGHT,784.7,144.7,471.3,10055,-0.2124511443823576,-40.575179752778595,6.705
2026-07-29T11:23:12.373267+00:00,1,RIGHT,783.7,143.7,471.3,9064,0.0864892209880054,16.518224453290035,6.717
2026-07-29T11:23:12.389882+00:00,1,RIGHT,782.7,142.7,471.3,9595,-0.0981191750895232,-18.739382073116136,6.706
2026-07-29T11:23:12.456596+00:00,1,RIGHT,782.7,142.7,471.3,11137,-0.3316352968662977,-63.33767616002332,6.699
2026-07-29T11:23:12.406614+00:00,1,RIGHT,779.7,139.7,471.3,11247,0.10235811180435121,19.548959351058453,6.639
2026-07-29T11:23:12.573029+00:00,1,RIGHT,783.7,143.7,471.3,10728,-0.5078521554172039,-96.99261707342576,6.678
2026-07-29T11:23:12.589713+00:00,1,RIGHT,779.7,139.7,471.3,11042,0.4001088575460017,76.41516294395659,6.626
2026-07-29T11:23:12.606554+00:00,1,RIGHT,782.7,142.7,471.3,10840,0.3672109301248565,70.13212162409219,6.651
2026-07-29T11:23:12.656411+00:00,1,RIGHT,781.7,141.7,471.3,10894,0.9942954371031374,189.89644045041723,6.648
2026-07-29T11:23:12.689729+00:00,1,RIGHT,778.7,138.7,471.3,11833,0.9942954371031374,189.89644045041723,6.589
2026-07-29T11:23:12.622953+00:00,1,RIGHT,783.7,143.7,471.3,10851,0.9942954371031374,189.89644045041723,6.648
2026-07-29T11:23:12.722887+00:00,1,RIGHT,782.7,142.7,471.3,9426,-0.17290604246081784,-33.022621617715565,6.664
2026-07-29T11:23:12.739608+00:00,1,RIGHT,784.7,144.7,471.3,11096,-0.31037426677998153,-59.27711851986805,6.712
2026-07-29T11:23:12.906318+00:00,1,RIGHT,782.7,142.7,471.3,10060,-0.0007611205056309699,-0.14536330891172594,6.703
2026-07-29T11:23:12.922848+00:00,1,RIGHT,780.7,140.7,471.3,11698,-0.8179967229440809,-156.2258662674265,6.66
2026-07-29T11:23:12.956263+00:00,1,RIGHT,783.7,143.7,471.3,9443,0.21477143140276894,41.01832193120711,6.69
2026-07-29T11:23:12.972902+00:00,1,RIGHT,782.7,142.7,471.3,11075,-0.14589823101647198,-27.864509585561756,6.69
2026-07-29T11:23:12.939985+00:00,1,RIGHT,782.7,142.7,471.3,10574,-0.3346973201679066,-63.92247953319966,6.689
2026-07-29T11:23:13.022762+00:00,1,RIGHT,784.7,144.7,471.3,10112,0.20205603674054146,38.589860434577744,6.727
2026-07-29T11:23:13.039397+00:00,1,RIGHT,780.7,140.7,471.3,10533,-0.4378020241833292,-83.61402749329721,6.674
2026-07-29T11:23:13.089349+00:00,1,RIGHT,780.7,140.7,471.3,10863,9.008813649415983e-06,0.001720556668437949,6.643
2026-07-29T11:23:13.122737+00:00,1,RIGHT,785.7,145.7,471.3,7627,0.36745521679054943,70.17877694054395,6.717
2026-07-29T11:23:13.156046+00:00,1,RIGHT,783.7,143.7,471.3,10267,-0.29034800598397853,-55.45238444307047,6.725
2026-07-29T11:23:13.189389+00:00,1,RIGHT,782.7,142.7,471.3,9975,-0.11280647862702609,-21.544450423537732,6.711
2026-07-29T11:23:13.205918+00:00,1,RIGHT,783.7,143.7,471.3,10084,0.30374366755771914,58.010767349606844,6.721
2026-07-29T11:23:13.222550+00:00,1,RIGHT,784.7,144.7,471.3,10300,-0.07368771398440004,-14.073316710910857,6.746
2026-07-29T11:23:13.255866+00:00,1,RIGHT,780.7,140.7,471.3,11267,-0.35838563745841384,-68.4466148815758,6.685
2026-07-29T11:23:13.289279+00:00,1,RIGHT,781.7,141.7,471.3,11318,0.27893777159042654,53.27319019638532,6.668
2026-07-29T11:23:13.424310+00:00,1,RIGHT,782.7,142.7,471.3,8208,0.27893777159042654,53.27319019638532,6.677
2026-07-29T11:23:13.305815+00:00,1,RIGHT,784.7,144.7,471.3,10568,-0.35018604087643324,-66.88060728871784,6.719
2026-07-29T11:23:13.239361+00:00,1,RIGHT,780.7,140.7,471.3,11584,-0.6787370584253222,-129.6292294896511,6.67
2026-07-29T11:23:13.472257+00:00,1,RIGHT,778.7,138.7,471.3,10432,0.08863923222757876,16.92884635306751,6.602
2026-07-29T11:23:13.572329+00:00,1,RIGHT,701.7,61.7,471.3,24062,-0.10261302704922855,-19.597644576608506,5.118
2026-07-29T11:23:13.589050+00:00,1,RIGHT,701.7,61.7,471.3,24128,0.0992023123987019,18.94624606127979,4.228
2026-07-29T11:23:13.655707+00:00,1,RIGHT,702.7,62.7,471.3,24075,0.4326039418578148,82.62126689725214,3.712
2026-07-29T11:23:13.722172+00:00,1,RIGHT,701.7,61.7,471.3,24058,-0.03226003534393385,-6.16121290716759,3.384
2026-07-29T11:23:13.755605+00:00,1,RIGHT,702.7,62.7,471.3,23827,-0.20763467533513905,-39.65530192424186,3.206
2026-07-29T11:23:13.772147+00:00,1,RIGHT,702.7,62.7,471.3,23732,-0.15162179060280323,-28.957628945856506,3.099
2026-07-29T11:23:13.805593+00:00,1,RIGHT,702.7,62.7,471.3,23666,0.0862635540147312,16.475125236143022,3.035
2026-07-29T11:23:13.856475+00:00,1,RIGHT,704.7,64.7,471.3,23992,-0.06724434171803295,-12.842723255262598,3.034
2026-07-29T11:23:13.905426+00:00,1,RIGHT,702.7,62.7,471.3,24097,0.264839033940807,50.58052965043401,2.996
2026-07-29T11:23:13.955427+00:00,1,RIGHT,702.7,62.7,471.3,23798,-0.05040020625572652,-9.62573035013993,2.973
2026-07-29T11:23:13.972094+00:00,1,RIGHT,700.7,60.7,471.3,23953,-0.00014775725081562995,-0.028219556213971788,2.922
2026-07-29T11:23:14.055348+00:00,1,RIGHT,702.7,62.7,471.3,24095,0.15398859193082898,29.409654702662614,2.929
2026-07-29T11:23:14.105317+00:00,1,RIGHT,702.7,62.7,471.3,23861,-0.19528455748222767,-37.29660315937189,2.933
2026-07-29T11:23:14.155262+00:00,1,RIGHT,701.7,61.7,471.3,23963,0.16722121132072063,31.936898845808518,2.917
2026-07-29T11:23:14.221928+00:00,1,RIGHT,702.7,62.7,471.3,24106,0.2213478375012346,42.27432297722771,2.926
2026-07-29T11:23:14.238412+00:00,1,RIGHT,702.7,62.7,471.3,24318,0.001661701211705804,0.3173615541417249,2.931
2026-07-29T11:23:14.255168+00:00,1,RIGHT,704.7,64.7,471.3,24103,0.0,0.0,2.972
2026-07-29T11:23:14.288351+00:00,1,RIGHT,702.7,62.7,471.3,24088,0.17430348825640976,33.289514105001295,2.959
2026-07-29T11:23:14.371774+00:00,1,RIGHT,702.7,62.7,471.3,23997,1.043612445499748,199.31529524820735,2.951
2026-07-29T11:23:14.388415+00:00,1,RIGHT,701.7,61.7,471.3,23509,-0.658248079335317,-125.71612272835415,2.927
2026-07-29T11:23:14.421771+00:00,1,RIGHT,702.7,62.7,471.3,23875,-0.09394422002602369,-17.942024390465154,2.932
2026-07-29T11:23:14.488388+00:00,1,RIGHT,699.7,59.7,471.3,23734,-0.2078498007543385,-39.69638785286224,2.879
2026-07-29T11:23:14.538328+00:00,1,RIGHT,700.7,60.7,471.3,23979,-0.027725079488009216,-5.295100137758858,2.865
2026-07-29T11:23:14.554964+00:00,1,RIGHT,702.7,62.7,471.3,23912,0.10970784924924373,20.952655804797146,2.895
2026-07-29T11:23:14.605880+00:00,1,RIGHT,701.7,61.7,471.3,23996,0.07422135913511738,14.17523542722328,2.894
2026-07-29T11:23:14.621614+00:00,1,RIGHT,702.7,62.7,471.3,23974,-0.2546998060215265,-48.64407975944739,2.912
2026-07-29T11:23:14.688194+00:00,1,RIGHT,702.7,62.7,471.3,24006,-0.1288998144492507,-24.618051159871637,2.923
2026-07-29T11:23:14.771358+00:00,1,RIGHT,699.7,59.7,471.3,23914,-0.8243073516339063,-157.43110756743042,2.873
2026-07-29T11:23:14.804851+00:00,1,RIGHT,702.7,62.7,471.3,23859,-0.07549771283753216,-14.419001028270825,2.899
2026-07-29T11:23:14.821327+00:00,1,RIGHT,704.7,64.7,471.3,24122,-0.07549771283753216,-14.419001028270825,2.953
2026-07-29T11:23:14.838061+00:00,1,RIGHT,704.7,64.7,471.3,24040,0.0042422607215121385,0.8102121164558967,2.985
2026-07-29T11:23:14.888014+00:00,1,RIGHT,704.7,64.7,471.3,24152,-0.6165530504658818,-117.75295879203827,3.004
2026-07-29T11:23:14.954709+00:00,1,RIGHT,703.7,63.7,471.3,23880,-0.42845734079368414,-81.82932442958833,2.997
2026-07-29T11:23:14.987981+00:00,1,RIGHT,704.7,64.7,471.3,24255,-0.42845734079368414,-81.82932442958833,3.011
2026-07-29T11:23:15.004688+00:00,1,RIGHT,700.7,60.7,471.3,23910,2.6839392223372123,512.5946330318218,2.945
2026-07-29T11:23:15.054426+00:00,1,RIGHT,296.7,-343.3,471.3,23051,-0.08459173461422324,-16.155831250285697,-1.055
2026-07-29T11:23:15.087871+00:00,1,RIGHT,702.7,62.7,471.3,24060,0.15393367551267148,29.399166439374614,0.543
2026-07-29T11:23:15.121320+00:00,1,RIGHT,703.7,63.7,471.3,23658,-0.5659423967823386,-108.08703594382075,1.52
2026-07-29T11:23:15.187768+00:00,1,RIGHT,704.7,64.7,471.3,23759,0.04101761085912585,7.83378662645962,2.125
2026-07-29T11:23:15.204635+00:00,1,RIGHT,701.7,61.7,471.3,23733,0.3964103391766548,75.70879796723932,2.432
2026-07-29T11:23:15.304459+00:00,1,RIGHT,700.7,60.7,471.3,23728,-0.0014123553223907947,-0.26973999715277097,2.597
2026-07-29T11:23:15.371022+00:00,1,RIGHT,700.7,60.7,471.3,23626,0.059050579154863954,11.277829877923,2.696
2026-07-29T11:23:15.404385+00:00,1,RIGHT,702.7,62.7,471.3,23929,0.045491229251492765,8.688184803242034,2.794
2026-07-29T11:23:15.454306+00:00,1,RIGHT,702.7,62.7,471.3,23764,0.21273796182620572,40.62995784952269,2.852
2026-07-29T11:23:15.470960+00:00,1,RIGHT,704.7,64.7,471.3,24061,0.28596735396422446,54.61574153557924,2.924
2026-07-29T11:23:15.504329+00:00,1,RIGHT,702.7,62.7,471.3,23858,0.28596735396422446,54.61574153557924,2.93
2026-07-29T11:23:15.620891+00:00,1,RIGHT,703.7,63.7,471.3,23777,0.28596735396422446,54.61574153557924,2.952
2026-07-29T11:23:15.637668+00:00,1,RIGHT,700.7,60.7,471.3,23888,0.28596735396422446,54.61574153557924,2.91
2026-07-29T11:23:15.670689+00:00,1,RIGHT,701.7,61.7,471.3,24038,0.28596735396422446,54.61574153557924,2.903
2026-07-29T11:23:15.704029+00:00,1,RIGHT,705.7,65.7,471.3,24172,-0.0014805516693741083,-0.28276454002061624,2.973
2026-07-29T11:23:15.770809+00:00,1,RIGHT,699.7,59.7,471.3,23869,0.17166362157091497,32.785336706481154,2.903
2026-07-29T11:23:15.787469+00:00,1,RIGHT,701.7,61.7,471.3,24044,0.13334087415598334,25.466231085742926,2.899
2026-07-29T11:23:15.804029+00:00,1,RIGHT,703.7,63.7,471.3,24026,-0.00045391095802187924,-0.08669060723131186,2.934
2026-07-29T11:23:15.820786+00:00,1,RIGHT,704.7,64.7,471.3,24033,0.2376102312654257,45.3802114021211,2.973
2026-07-29T11:23:15.837395+00:00,1,RIGHT,700.7,60.7,471.3,24029,0.24838797791395337,47.43860938752744,2.922
2026-07-29T11:23:15.853902+00:00,1,RIGHT,701.7,61.7,471.3,24057,0.134667924400419,25.71967901310282,2.91
2026-07-29T11:23:15.904030+00:00,1,RIGHT,702.7,62.7,471.3,23759,0.4057067381590605,77.4842793884445,2.922
2026-07-29T11:23:15.920613+00:00,1,RIGHT,705.7,65.7,471.3,24269,0.4057067381590605,77.4842793884445,2.985
2026-07-29T11:23:15.954012+00:00,1,RIGHT,702.7,62.7,471.3,23883,0.3059783759154379,58.43756520740649,2.967
2026-07-29T11:23:16.003965+00:00,1,RIGHT,704.7,64.7,471.3,24240,-0.08765498086810113,-16.74086819014057,2.993
2026-07-29T11:23:16.037401+00:00,1,RIGHT,705.7,65.7,471.3,24225,-0.0217263945331797,-4.149435702624338,3.028
2026-07-29T11:23:15.987371+00:00,1,RIGHT,702.7,62.7,471.3,24189,0.1484641495719552,28.3545639315734,2.992
2026-07-29T11:23:15.970682+00:00,1,RIGHT,702.7,62.7,471.3,24117,-0.04351247632876039,-8.310270832669563,2.971
2026-07-29T11:23:16.187246+00:00,1,RIGHT,703.7,63.7,471.3,23990,-0.011989847365766764,-2.2898921702149444,2.977
2026-07-29T11:23:16.220399+00:00,1,RIGHT,700.7,60.7,471.3,24083,0.05125438864342868,9.788867169305735,2.924
2026-07-29T11:23:16.253747+00:00,1,RIGHT,703.7,63.7,471.3,23993,3.930207341909411e-05,0.007506143110091299,2.949
2026-07-29T11:23:16.270485+00:00,1,RIGHT,702.7,62.7,471.3,23737,-0.15640024170977995,-29.870245882654444,2.945
2026-07-29T11:23:16.353640+00:00,1,RIGHT,706.7,66.7,471.3,24094,0.27415907959104513,52.360527252527035,3.018
2026-07-29T11:23:16.320385+00:00,1,RIGHT,704.7,64.7,471.3,24360,7.885272614657882e-05,0.01505976137099947,3.024
2026-07-29T11:23:16.486839+00:00,1,RIGHT,702.7,62.7,471.3,23932,0.05405747554730624,10.32421733330766,2.99
2026-07-29T11:23:16.503596+00:00,1,RIGHT,700.7,60.7,471.3,23611,-0.012407711710548028,-2.369698381431498,2.932
2026-07-29T11:23:16.470474+00:00,1,RIGHT,704.7,64.7,471.3,23977,0.014289855491369963,2.7291613650244733,2.972
2026-07-29T11:23:16.586896+00:00,1,RIGHT,706.7,66.7,471.3,24282,-0.06996114101959393,-13.361593701141043,3.034
2026-07-29T11:23:16.670171+00:00,1,RIGHT,708.7,68.7,471.3,24226,0.10533224198385142,20.11697637441795,3.109
2026-07-29T11:23:16.686700+00:00,1,RIGHT,703.7,63.7,471.3,24297,0.19493792470311747,37.23040117509221,3.06
2026-07-29T11:23:16.420401+00:00,1,RIGHT,701.7,61.7,471.3,23932,0.19493792470311747,37.23040117509221,2.993
2026-07-29T11:23:16.820213+00:00,1,RIGHT,703.7,63.7,471.3,24112,0.1600546639179811,30.568189112950456,2.99
2026-07-29T11:23:16.853342+00:00,1,RIGHT,700.7,60.7,471.3,23861,-0.08871480513829738,-16.943279715833164,2.932
2026-07-29T11:23:16.936719+00:00,1,RIGHT,702.7,62.7,471.3,24041,-0.13644091637688688,-26.058295537643378,2.935
2026-07-29T11:23:17.003242+00:00,1,RIGHT,703.7,63.7,471.3,24116,0.11541148649877869,22.041970279037002,2.955
2026-07-29T11:23:16.753379+00:00,1,RIGHT,705.7,65.7,471.3,24174,-0.013295621201395989,-2.539276602815491,3.005
2026-07-29T11:23:17.036579+00:00,1,RIGHT,703.7,63.7,471.3,24115,0.051617230352712797,9.858164831216708,2.997
2026-07-29T11:23:17.069972+00:00,1,RIGHT,703.7,63.7,471.3,24031,0.09919733955990523,18.945296319028962,2.993
2026-07-29T11:23:17.153324+00:00,1,RIGHT,704.7,64.7,471.3,24018,-0.031054848320782185,-5.9310391406658365,3.009
2026-07-29T11:23:17.136508+00:00,1,RIGHT,700.7,60.7,471.3,24026,-0.09821823204052635,-18.758300557195852,2.943
2026-07-29T11:23:17.119726+00:00,1,RIGHT,704.7,64.7,471.3,24123,-0.013881285261595622,-2.6511301990219405,2.979
2026-07-29T11:23:17.103252+00:00,1,RIGHT,703.7,63.7,471.3,24045,0.1383593132533133,26.42468235247776,2.982
2026-07-29T11:23:17.269670+00:00,1,RIGHT,703.7,63.7,471.3,23995,0.11521611986208882,22.00465799990369,2.984
2026-07-29T11:23:17.286342+00:00,1,RIGHT,705.7,65.7,471.3,24091,0.11521611986208882,22.00465799990369,3.022
2026-07-29T11:23:17.386133+00:00,1,RIGHT,702.7,62.7,471.3,24073,0.009962527183815836,1.9027025363900039,2.989
2026-07-29T11:23:17.436173+00:00,1,RIGHT,703.7,63.7,471.3,24057,-0.00016346519056241958,-0.03121955172176126,2.988
2026-07-29T11:23:17.486216+00:00,1,RIGHT,702.7,62.7,471.3,24115,0.08850664676632732,16.90352439521917,2.968
2026-07-29T11:23:17.336309+00:00,1,RIGHT,704.7,64.7,471.3,24042,0.15822045489680023,30.217880994088844,2.994
2026-07-29T11:23:17.319742+00:00,1,RIGHT,701.7,61.7,471.3,23948,-0.032148594558238985,-6.13992928488113,2.953
2026-07-29T11:23:17.602888+00:00,1,RIGHT,703.7,63.7,471.3,23918,0.2693683665199205,51.44556845308171,2.966
2026-07-29T11:23:17.636221+00:00,1,RIGHT,704.7,64.7,471.3,23932,0.027389799430966377,5.231066363680657,2.993
2026-07-29T11:23:17.652921+00:00,1,RIGHT,702.7,62.7,471.3,23914,-0.08450457516271853,-16.139185021232713,2.971
2026-07-29T11:23:17.686062+00:00,1,RIGHT,704.7,64.7,471.3,24291,-0.040227403854951264,-7.682868205523351,2.996
2026-07-29T11:23:17.552927+00:00,1,RIGHT,704.7,64.7,471.3,24051,0.6784850702993572,129.58110330263378,3.011
2026-07-29T11:23:17.736044+00:00,1,RIGHT,703.7,63.7,471.3,24008,-0.029621324389008805,-5.657256236927121,3.001
2026-07-29T11:23:17.802750+00:00,1,RIGHT,702.7,62.7,471.3,24062,0.12627481888208422,24.116713935741007,2.976
2026-07-29T11:23:17.819360+00:00,1,RIGHT,703.7,63.7,471.3,24073,-0.0689082318614237,-13.160502864561622,2.98
2026-07-29T11:23:17.936050+00:00,1,RIGHT,702.7,62.7,471.3,24062,-0.06847246649907902,-13.077277810827159,2.964
2026-07-29T11:23:17.852584+00:00,1,RIGHT,703.7,63.7,471.3,24103,0.10370483726263047,19.806164967465865,2.973
2026-07-29T11:23:17.986062+00:00,1,RIGHT,704.7,64.7,471.3,23999,0.012040652916766703,2.299595315708722,2.997
2026-07-29T11:23:18.019333+00:00,1,RIGHT,703.7,63.7,471.3,24021,0.012040652916766703,2.299595315708722,2.992
2026-07-29T11:23:18.069288+00:00,1,RIGHT,701.7,61.7,471.3,23773,-0.06952714260558424,-13.278706109680622,2.952
2026-07-29T11:23:18.119247+00:00,1,RIGHT,703.7,63.7,471.3,24117,0.03694272640161216,7.055541021729653,2.966
2026-07-29T11:23:18.152468+00:00,1,RIGHT,703.7,63.7,471.3,24028,-0.15612867092713714,-29.81837968370612,2.974
2026-07-29T11:23:18.185883+00:00,1,RIGHT,703.7,63.7,471.3,24191,0.17857313669286667,34.104956889713335,2.979
2026-07-29T11:23:18.270144+00:00,1,RIGHT,703.7,63.7,471.3,24003,0.034697978757321835,6.626825801430421,2.982
2026-07-29T11:23:18.302413+00:00,1,RIGHT,703.7,63.7,471.3,24029,-0.014723262726329267,-2.81193604960315,2.983
2026-07-29T11:23:18.285825+00:00,1,RIGHT,703.7,63.7,471.3,24148,-0.11840184407308697,-22.61308650651315,2.984
2026-07-29T11:23:18.335749+00:00,1,RIGHT,703.7,63.7,471.3,24103,-7.635448593646287e-05,-0.014582632636834406,2.985
2026-07-29T11:23:18.385685+00:00,1,RIGHT,700.7,60.7,471.3,23688,0.11888827001675964,22.70598701857352,2.929
2026-07-29T11:23:18.469281+00:00,1,RIGHT,704.7,64.7,471.3,23794,0.009428105885162949,1.8006355867409674,2.971
2026-07-29T11:23:18.485632+00:00,1,RIGHT,700.7,60.7,471.3,23982,0.09507655122317374,18.158283719157467,2.92
2026-07-29T11:23:18.535645+00:00,1,RIGHT,703.7,63.7,471.3,23946,-0.21153271209448576,-40.399772106566594,2.947
2026-07-29T11:23:18.552158+00:00,1,RIGHT,703.7,63.7,471.3,23883,-0.019625294618308545,-3.7481551777662916,2.962
2026-07-29T11:23:18.602173+00:00,1,RIGHT,704.7,64.7,471.3,24097,0.22466633109841497,42.90810856875978,2.991
2026-07-29T11:23:18.652248+00:00,1,RIGHT,703.7,63.7,471.3,23958,0.044601039830595254,8.518171147293293,2.989
2026-07-29T11:23:18.702155+00:00,1,RIGHT,703.7,63.7,471.3,24032,-4.438654286786914e-05,-0.008477205245018023,2.988
2026-07-29T11:23:18.752109+00:00,1,RIGHT,703.7,63.7,471.3,24022,-1.551309454953298e-05,-0.002962782816252136,2.987
2026-07-29T11:23:18.768837+00:00,1,RIGHT,702.7,62.7,471.3,24183,-0.07667717404896393,-14.644261526652251,2.968
2026-07-29T11:23:18.802056+00:00,1,RIGHT,703.7,63.7,471.3,24094,0.09534171834588051,18.20892690914655,2.975
2026-07-29T11:23:18.835302+00:00,1,RIGHT,701.7,61.7,471.3,24150,-0.22622114318306558,-43.20505580338117,2.942
2026-07-29T11:23:18.885551+00:00,1,RIGHT,702.7,62.7,471.3,24014,0.2168778895935975,41.42062581139124,2.941
2026-07-29T11:23:18.901981+00:00,1,RIGHT,703.7,63.7,471.3,24124,-0.09220456266299153,-17.609774308129815,2.959
2026-07-29T11:23:18.935432+00:00,1,RIGHT,703.7,63.7,471.3,24031,0.23266866293735802,44.436441370875116,2.97
2026-07-29T11:23:18.985348+00:00,1,RIGHT,702.7,62.7,471.3,24176,-0.054688990972936155,-10.444827895260998,2.957
2026-07-29T11:23:19.068623+00:00,1,RIGHT,703.7,63.7,471.3,24014,0.08456221321597696,16.15019307853624,2.969
2026-07-29T11:23:19.135164+00:00,1,RIGHT,703.7,63.7,471.3,23969,-0.2662670977599919,-50.85326974948277,2.976
2026-07-29T11:23:19.151818+00:00,1,RIGHT,705.7,65.7,471.3,24390,-0.04470207163132727,-8.537466799888465,3.017
2026-07-29T11:23:19.201830+00:00,1,RIGHT,703.7,63.7,471.3,24028,-0.05880438948981464,-11.230811115366116,3.005
2026-07-29T11:23:19.218545+00:00,1,RIGHT,703.7,63.7,471.3,24208,-0.006490836252924055,-1.239658409343527,2.997
2026-07-29T11:23:19.251762+00:00,1,RIGHT,702.7,62.7,471.3,23999,0.05881656142533757,11.233135783812681,2.974
2026-07-29T11:23:19.301710+00:00,1,RIGHT,703.7,63.7,471.3,24054,0.039897416299208996,7.619845224737119,2.979
2026-07-29T11:23:19.335071+00:00,1,RIGHT,704.7,64.7,471.3,24206,0.18474158275523223,35.283043308138794,3.0
2026-07-29T11:23:19.368447+00:00,1,RIGHT,703.7,63.7,471.3,24161,0.004817742663435638,0.9201210713165943,2.995
2026-07-29T11:23:19.435030+00:00,1,RIGHT,704.7,64.7,471.3,24095,-0.25367642868426626,-48.44862908519957,3.01
2026-07-29T11:23:19.451817+00:00,1,RIGHT,702.7,62.7,471.3,24004,0.13006164855323732,24.839945128714294,2.982
2026-07-29T11:23:19.535008+00:00,1,RIGHT,701.7,61.7,471.3,23984,-0.008569669155403971,-1.636686248093628,2.946
2026-07-29T11:23:19.568179+00:00,1,RIGHT,704.7,64.7,471.3,24232,-0.21900971759110688,-41.827774967741625,2.981
2026-07-29T11:23:19.551643+00:00,1,RIGHT,702.7,62.7,471.3,24142,0.057167398594319824,10.918168883988804,2.964
2026-07-29T11:23:19.518248+00:00,1,RIGHT,701.7,61.7,471.3,23622,0.0010408404702320696,0.19878588696903193,2.935
2026-07-29T11:23:19.701601+00:00,1,RIGHT,704.7,64.7,471.3,24019,-0.2654625890776515,-50.69961990921699,2.974
2026-07-29T11:23:19.734711+00:00,1,RIGHT,703.7,63.7,471.3,23845,0.05094113388098776,9.729039916638275,2.979
2026-07-29T11:23:19.668077+00:00,1,RIGHT,703.7,63.7,471.3,24116,0.10724308842793107,20.481921162895762,2.982
2026-07-29T11:23:19.868119+00:00,1,RIGHT,702.7,62.7,471.3,23852,0.1843218531878665,35.20288086564909,2.965
2026-07-29T11:23:19.918073+00:00,1,RIGHT,703.7,63.7,471.3,24194,-0.19434374516364186,-37.11692124214228,2.973
2026-07-29T11:23:19.768006+00:00,1,RIGHT,700.7,60.7,471.3,23537,0.06831084616482258,13.046410600705865,2.922
2026-07-29T11:23:19.951439+00:00,1,RIGHT,702.7,62.7,471.3,24141,0.31748416292481124,60.63500865945164,2.929
2026-07-29T11:23:19.934909+00:00,1,RIGHT,702.7,62.7,471.3,24116,-0.13800575058907272,-26.357156857629803,2.933
2026-07-29T11:23:19.984665+00:00,1,RIGHT,704.7,64.7,471.3,24210,0.3948473427072167,75.41028763026381,2.973
2026-07-29T11:23:20.051362+00:00,1,RIGHT,704.7,64.7,471.3,24091,-0.10807163477875292,-20.640161859672624,2.997
2026-07-29T11:23:20.117879+00:00,1,RIGHT,702.7,62.7,471.3,24241,-0.11471121737267823,-21.908228727540767,2.974
2026-07-29T11:23:20.134542+00:00,1,RIGHT,703.7,63.7,471.3,24323,0.017350707105360925,3.313740962349435,2.979
2026-07-29T11:23:20.167987+00:00,1,RIGHT,702.7,62.7,471.3,24017,-2.021517748289625e-06,-0.00038608145062595005,2.963
2026-07-29T11:23:20.184615+00:00,1,RIGHT,702.7,62.7,471.3,24162,4.772689542733133e-05,0.00911516559082771,2.953
2026-07-29T11:23:20.251096+00:00,1,RIGHT,702.7,62.7,471.3,23537,5.540437308809487e-05,0.010581455815053452,2.948
2026-07-29T11:23:20.334550+00:00,1,RIGHT,702.7,62.7,471.3,24056,0.060354213978280315,11.526805789283133,2.944
2026-07-29T11:23:20.351094+00:00,1,RIGHT,702.7,62.7,471.3,23944,0.07355714425910265,14.048379730271781,2.942
2026-07-29T11:23:20.484440+00:00,1,RIGHT,701.7,61.7,471.3,23511,0.30932575967162845,59.07686841287438,2.922
2026-07-29T11:23:20.550913+00:00,1,RIGHT,706.7,66.7,471.3,23896,-0.04730523432604969,-9.034634252533454,3.004
2026-07-29T11:23:20.584385+00:00,1,RIGHT,703.7,63.7,471.3,23788,-0.004627086203545332,-0.8837083696878617,2.997
2026-07-29T11:23:20.617475+00:00,1,RIGHT,702.7,62.7,471.3,23938,-0.26251811697147787,-50.1372671606245,2.974
2026-07-29T11:23:20.667533+00:00,1,RIGHT,703.7,63.7,471.3,23978,0.39634218140505256,75.69578079172656,2.979
2026-07-29T11:23:20.684283+00:00,1,RIGHT,704.7,64.7,471.3,23964,0.39634218140505256,75.69578079172656,3.0
2026-07-29T11:23:20.717509+00:00,1,RIGHT,704.7,64.7,471.3,23753,-0.19204600798810134,-36.67808576684634,3.013
2026-07-29T11:23:20.734255+00:00,1,RIGHT,702.7,62.7,471.3,23798,0.04694441955536604,8.96572370737961,2.984
2026-07-29T11:23:20.784276+00:00,1,RIGHT,702.7,62.7,471.3,23747,0.262010111566633,50.04024527506635,2.966
2026-07-29T11:23:20.800808+00:00,1,RIGHT,702.7,62.7,471.3,23884,-0.020628654593601824,-3.9397828174884766,2.955
2026-07-29T11:23:20.817461+00:00,1,RIGHT,704.7,64.7,471.3,23991,-0.28222718760371207,-53.901422378465355,2.986
2026-07-29T11:23:20.867428+00:00,1,RIGHT,702.7,62.7,471.3,23877,0.04491718304809183,8.578550054240761,2.967
2026-07-29T11:23:20.884239+00:00,1,RIGHT,703.7,63.7,471.3,23774,0.04491718304809183,8.578550054240761,2.975
2026-07-29T11:23:20.934194+00:00,1,RIGHT,702.7,62.7,471.3,23891,0.1280113080702722,24.448358941251907,2.96
2026-07-29T11:23:20.950779+00:00,1,RIGHT,699.7,59.7,471.3,23782,0.1754609059356153,33.51056459884231,2.896
2026-07-29T11:23:21.034076+00:00,1,RIGHT,703.7,63.7,471.3,23990,0.08773643858730792,16.75642546853828,2.932
2026-07-29T11:23:21.050683+00:00,1,RIGHT,701.7,61.7,471.3,23920,0.09235713919624686,17.638914279490713,2.916
2026-07-29T11:23:21.083882+00:00,1,RIGHT,701.7,61.7,471.3,23863,-0.07698398060631007,-14.702857262861823,2.906
2026-07-29T11:23:21.183994+00:00,1,RIGHT,701.7,61.7,471.3,23913,0.478650304377079,91.41547434486287,2.901
2026-07-29T11:23:21.200550+00:00,1,RIGHT,701.7,61.7,471.3,23890,0.4450152922049165,84.991660207076,2.897
2026-07-29T11:23:21.233799+00:00,1,RIGHT,706.7,66.7,471.3,23892,0.22354125743731856,42.69323532735259,2.989
2026-07-29T11:23:21.267281+00:00,1,RIGHT,698.7,58.7,471.3,23759,-0.2571685427241027,-49.115573738736266,2.894
2026-07-29T11:23:21.283797+00:00,1,RIGHT,699.7,59.7,471.3,23809,-0.17903468213044108,-34.19310557513511,2.856
2026-07-29T11:23:21.067522+00:00,1,RIGHT,700.7,60.7,471.3,23591,-0.17903468213044108,-34.19310557513511,2.852
2026-07-29T11:23:21.317285+00:00,1,RIGHT,704.7,64.7,471.3,23846,-0.06474827748723327,-12.366010102534633,2.924
2026-07-29T11:23:21.400339+00:00,1,RIGHT,703.7,63.7,471.3,23780,0.20699155206326394,39.53247442695824,2.949
2026-07-29T11:23:21.467129+00:00,1,RIGHT,700.7,60.7,471.3,23575,-0.0008544654864817858,-0.16319088704999676,2.907
2026-07-29T11:23:21.483793+00:00,1,RIGHT,701.7,61.7,471.3,23901,-0.0008544654864817858,-0.16319088704999676,2.901
2026-07-29T11:23:21.567173+00:00,1,RIGHT,704.7,64.7,471.3,23891,0.050079119000583885,9.56440720155622,2.954
2026-07-29T11:23:21.583697+00:00,1,RIGHT,701.7,61.7,471.3,24030,0.11031442993320524,21.068504181880986,2.929
2026-07-29T11:23:21.600330+00:00,1,RIGHT,702.7,62.7,471.3,24072,-0.05440929487347603,-10.391409875109877,2.933
2026-07-29T11:23:21.533709+00:00,1,RIGHT,706.7,66.7,471.3,23838,-0.24857400708831848,-47.47413834271886,3.011
2026-07-29T11:23:21.650279+00:00,1,RIGHT,703.7,63.7,471.3,23756,-0.2792940739868209,-53.3412389415313,3.001
2026-07-29T11:23:21.667015+00:00,1,RIGHT,702.7,62.7,471.3,23443,0.03853259203955531,7.359182991886374,2.976
2026-07-29T11:23:21.733591+00:00,1,RIGHT,704.7,64.7,471.3,23828,-0.09750593127682805,-18.62226113218299,2.999
2026-07-29T11:23:21.750353+00:00,1,RIGHT,703.7,63.7,471.3,23862,0.00935987839475274,1.7876050959167196,2.994
2026-07-29T11:23:21.766828+00:00,1,RIGHT,703.7,63.7,471.3,23741,-0.2454890025407076,-46.88494587486296,2.991
2026-07-29T11:23:21.717024+00:00,1,RIGHT,703.7,63.7,471.3,23857,-0.031290785688906905,-5.976099858742407,2.989
2026-07-29T11:23:21.883544+00:00,1,RIGHT,704.7,64.7,471.3,24043,0.04332344226539135,8.27416798595205,3.006
2026-07-29T11:23:21.966811+00:00,1,RIGHT,704.7,64.7,471.3,24098,0.02866254499880597,5.474142861784625,3.017
2026-07-29T11:23:22.000193+00:00,1,RIGHT,703.7,63.7,471.3,24106,0.02319756619632244,4.430408793415408,3.005
2026-07-29T11:23:21.983525+00:00,1,RIGHT,705.7,65.7,471.3,24095,0.0721845260169357,13.786228956409008,3.035
2026-07-29T11:23:22.050255+00:00,1,RIGHT,703.7,63.7,471.3,23928,-0.373738347539329,-71.3787665206571,3.015
2026-07-29T11:23:22.083391+00:00,1,RIGHT,703.7,63.7,471.3,24222,0.04858743271790445,9.279516107039253,3.003
2026-07-29T11:23:22.066543+00:00,1,RIGHT,704.7,64.7,471.3,24093,0.013518161638639867,2.581778695565725,3.015
2026-07-29T11:23:22.016734+00:00,1,RIGHT,701.7,61.7,471.3,24002,0.2908729249588214,55.552636582553234,2.966
2026-07-29T11:23:22.216700+00:00,1,RIGHT,702.7,62.7,471.3,24137,-0.36919051939621567,-70.5101953254864,2.955
2026-07-29T11:23:22.267055+00:00,1,RIGHT,702.7,62.7,471.3,23888,-0.011474903555063065,-2.1915451467492595,2.949
2026-07-29T11:23:22.283247+00:00,1,RIGHT,702.7,62.7,471.3,23887,-0.07270111276768149,-13.884889758309376,2.945
2026-07-29T11:23:22.300482+00:00,1,RIGHT,702.7,62.7,471.3,23971,-0.08579428642988204,-16.385501729229173,2.943
2026-07-29T11:23:22.350009+00:00,1,RIGHT,704.7,64.7,471.3,23980,-0.10202236162498593,-19.484835790230484,2.979
2026-07-29T11:23:22.416580+00:00,1,RIGHT,704.7,64.7,471.3,24073,0.07381035584257915,14.096739580461875,3.0
2026-07-29T11:23:22.483226+00:00,1,RIGHT,704.7,64.7,471.3,24060,0.2248830598499626,42.949500711302505,3.013
2026-07-29T11:23:22.533228+00:00,1,RIGHT,704.7,64.7,471.3,24115,0.1265353843010962,24.16647826506249,3.021
2026-07-29T11:23:22.549793+00:00,1,RIGHT,699.7,59.7,471.3,24085,-0.02558549081441015,-4.88646880145479,2.932
2026-07-29T11:23:22.666370+00:00,1,RIGHT,701.7,61.7,471.3,24083,0.19432527047814802,37.11339283712018,2.916
2026-07-29T11:23:22.749626+00:00,1,RIGHT,705.7,65.7,471.3,23953,-0.11722319902444724,-22.387981883742984,2.982
2026-07-29T11:23:22.783073+00:00,1,RIGHT,703.7,63.7,471.3,23914,-0.11722319902444724,-22.387981883742984,2.983
2026-07-29T11:23:22.599688+00:00,1,RIGHT,702.7,62.7,471.3,24142,-0.00011926297098398207,-0.02277754963191124,2.966
2026-07-29T11:23:22.583204+00:00,1,RIGHT,703.7,63.7,471.3,23993,-0.11440155266784131,-21.849087125369703,2.974
2026-07-29T11:23:22.566492+00:00,1,RIGHT,705.7,65.7,471.3,24135,-0.053329781470820306,-10.185238002109944,3.016
2026-07-29T11:23:22.849770+00:00,1,RIGHT,700.7,60.7,471.3,23777,-0.23407025057211286,-44.70412489117237,2.948
2026-07-29T11:23:22.933031+00:00,1,RIGHT,704.7,64.7,471.3,24203,-0.10329291421920062,-19.72749346122348,2.982
2026-07-29T11:23:22.999570+00:00,1,RIGHT,703.7,63.7,471.3,23966,0.3807422557240352,72.71641445092642,2.983
2026-07-29T11:23:22.982948+00:00,1,RIGHT,702.7,62.7,471.3,23785,0.10724933764897288,20.483114676198895,2.966
2026-07-29T11:23:23.066186+00:00,1,RIGHT,702.7,62.7,471.3,23911,-0.22113110580481588,-42.232930272256034,2.955
2026-07-29T11:23:23.082935+00:00,1,RIGHT,703.7,63.7,471.3,23874,-0.026782481513437234,-5.11507718535701,2.967
2026-07-29T11:23:23.116106+00:00,1,RIGHT,702.7,62.7,471.3,24107,0.10208498088642955,19.4967951882203,2.956
2026-07-29T11:23:23.016188+00:00,1,RIGHT,703.7,63.7,471.3,24199,0.06310001611884218,12.051215369390407,2.968
2026-07-29T11:23:23.149496+00:00,1,RIGHT,704.7,64.7,471.3,24007,-0.23002551609883085,-43.93163750927194,2.994
2026-07-29T11:23:23.166069+00:00,1,RIGHT,703.7,63.7,471.3,24296,-5.225068889558315e-05,-0.009979146501226638,2.991
2026-07-29T11:23:23.232856+00:00,1,RIGHT,704.7,64.7,471.3,24023,-1.9914415315724912e-05,-0.0038033731635390812,3.008
2026-07-29T11:23:23.249509+00:00,1,RIGHT,703.7,63.7,471.3,23933,-0.10006169606698677,-19.11037625186377,2.999
2026-07-29T11:23:23.349367+00:00,1,RIGHT,704.7,64.7,471.3,23976,0.19699740694370121,37.62373330965085,3.012
2026-07-29T11:23:23.366096+00:00,1,RIGHT,704.7,64.7,471.3,24160,-9.85744607169181e-05,-0.018826335222858447,3.021
2026-07-29T11:23:23.416015+00:00,1,RIGHT,703.2,63.2,471.3,23986,0.13471147845033557,25.72799722390589,2.997
2026-07-29T11:23:23.399240+00:00,1,RIGHT,703.7,63.7,471.3,23724,0.13471147845033557,25.72799722390589,2.993
2026-07-29T11:23:23.449342+00:00,1,RIGHT,703.7,63.7,471.3,23994,0.16395318866707384,31.312752494451498,2.99
2026-07-29T11:23:23.499341+00:00,1,RIGHT,702.7,62.7,471.3,24037,-0.11675320486305281,-22.298219610930683,2.97
2026-07-29T11:23:23.532726+00:00,1,RIGHT,704.7,64.7,471.3,24074,0.2282006282079965,43.583109595174136,2.995
2026-07-29T11:23:23.565952+00:00,1,RIGHT,702.7,62.7,471.3,23989,0.09344931653235107,17.84750478561942,2.973
2026-07-29T11:23:23.615919+00:00,1,RIGHT,703.7,63.7,471.3,24021,-0.09375060287304222,-17.9050462381079,2.978
2026-07-29T11:23:23.665927+00:00,1,RIGHT,703.7,63.7,471.3,24169,6.153303547762335e-06,0.0011751944111655266,2.981
2026-07-29T11:23:23.682408+00:00,1,RIGHT,702.7,62.7,471.3,24040,0.10320806465053466,19.711288387296598,2.964
2026-07-29T11:23:23.815864+00:00,1,RIGHT,702.7,62.7,471.3,23978,-0.07285055916523561,-13.913431917786994,2.954
2026-07-29T11:23:23.832534+00:00,1,RIGHT,704.7,64.7,471.3,24045,0.19636374790919944,37.5027133485599,2.986
2026-07-29T11:23:23.882398+00:00,1,RIGHT,703.7,63.7,471.3,23975,-0.2535091442160774,-48.41668010518186,2.986
2026-07-29T11:23:23.915754+00:00,1,RIGHT,702.7,62.7,471.3,24070,0.21895732637494802,41.81776898251009,2.967
2026-07-29T11:23:23.949036+00:00,1,RIGHT,703.7,63.7,471.3,24071,-0.09447776385117322,-18.043923755019602,2.975
2026-07-29T11:23:24.048899+00:00,1,RIGHT,701.7,61.7,471.3,23826,-0.19754407935310156,-37.72814004910048,2.942
2026-07-29T11:23:24.065704+00:00,1,RIGHT,705.7,65.7,471.3,24202,-0.07782013977877796,-14.862551901473696,2.997
2026-07-29T11:23:24.082301+00:00,1,RIGHT,704.7,64.7,471.3,23796,-0.07765746514778585,-14.831483335508043,3.011
2026-07-29T11:23:24.099098+00:00,1,RIGHT,704.7,64.7,471.3,23901,-0.03652374987024814,-6.9755223985223545,3.02
2026-07-29T11:23:24.115416+00:00,1,RIGHT,702.7,62.7,471.3,23983,0.11424261199310422,21.81873169251838,2.988
2026-07-29T11:23:24.198983+00:00,1,RIGHT,704.7,64.7,471.3,24043,0.030013765301555397,5.7322069302510625,3.006
2026-07-29T11:23:24.215654+00:00,1,RIGHT,704.7,64.7,471.3,24058,0.05754948590067215,10.99114218418717,3.017
2026-07-29T11:23:24.232245+00:00,1,RIGHT,703.7,63.7,471.3,24136,-0.22285332468803973,-42.56184985027757,3.004
2026-07-29T11:23:24.032324+00:00,1,RIGHT,703.7,63.7,471.3,24084,-0.22285332468803973,-42.56184985027757,2.997
2026-07-29T11:23:24.298937+00:00,1,RIGHT,704.7,64.7,471.3,24235,0.29868166911415756,57.043996860547274,3.011
2026-07-29T11:23:24.332150+00:00,1,RIGHT,704.7,64.7,471.3,24175,-0.12263245766051113,-23.4210741842135,3.02
2026-07-29T11:23:24.482108+00:00,1,RIGHT,702.7,62.7,471.3,23983,0.23561233315616847,44.998640970262414,2.988
2026-07-29T11:23:24.465338+00:00,1,RIGHT,704.7,64.7,471.3,23963,-0.12119834785349667,-23.147179386546,3.006
2026-07-29T11:23:24.448792+00:00,1,RIGHT,704.7,64.7,471.3,24199,0.04694574864115566,8.965977544067462,3.017
2026-07-29T11:23:24.598713+00:00,1,RIGHT,702.7,62.7,471.3,24038,0.2339228714676574,44.67597755559331,2.986
2026-07-29T11:23:24.615374+00:00,1,RIGHT,704.7,64.7,471.3,24001,0.2339228714676574,44.67597755559331,3.004
2026-07-29T11:23:24.631923+00:00,1,RIGHT,702.7,62.7,471.3,24011,0.08249817344825715,15.755990520411213,2.978
2026-07-29T11:23:24.648699+00:00,1,RIGHT,703.7,63.7,471.3,24046,-0.11863407202996314,-22.657438779226315,2.981
2026-07-29T11:23:24.731901+00:00,1,RIGHT,704.7,64.7,471.3,24229,0.3772386502288282,72.04727509107907,3.002
2026-07-29T11:23:24.565361+00:00,1,RIGHT,702.7,62.7,471.3,24021,-0.13491539506823755,-25.76694242916711,2.977
2026-07-29T11:23:24.765299+00:00,1,RIGHT,703.7,63.7,471.3,24149,-1.4099377822276437e-05,-0.002692782809922645,2.98
2026-07-29T11:23:24.798568+00:00,1,RIGHT,704.7,64.7,471.3,24336,-0.16124364368617536,-30.79526752176371,3.001
2026-07-29T11:23:24.831848+00:00,1,RIGHT,702.7,62.7,471.3,24048,-0.1392783146770671,-26.60019869563645,2.976
2026-07-29T11:23:24.881977+00:00,1,RIGHT,703.7,63.7,471.3,24033,0.0306929849088192,5.861928319780227,2.98
2026-07-29T11:23:24.898413+00:00,1,RIGHT,701.7,61.7,471.3,23994,-0.26062898261705414,-49.776469075819,2.945
2026-07-29T11:23:24.848639+00:00,1,RIGHT,703.7,63.7,471.3,24103,-0.021532509962562472,-4.11240647726076,2.961
2026-07-29T11:23:24.748637+00:00,1,RIGHT,703.7,63.7,471.3,23835,-0.25523647325113413,-48.74657565031239,2.971
2026-07-29T11:23:25.015102+00:00,1,RIGHT,702.7,62.7,471.3,23912,0.23162599770119413,44.23730697928444,2.958
2026-07-29T11:23:25.065109+00:00,1,RIGHT,702.7,62.7,471.3,23984,0.04935119868256152,9.425384661407879,2.951
2026-07-29T11:23:25.081896+00:00,1,RIGHT,702.7,62.7,471.3,23967,-0.06833871683105826,-13.051733505864272,2.946
2026-07-29T11:23:25.181790+00:00,1,RIGHT,702.7,62.7,471.3,24213,-0.14818741274997593,-28.30171109178915,2.943
2026-07-29T11:23:25.198323+00:00,1,RIGHT,702.7,62.7,471.3,24091,-0.14818741274997593,-28.30171109178915,2.942
2026-07-29T11:23:25.215040+00:00,1,RIGHT,702.7,62.7,471.3,24072,-0.03753975199302659,-7.1695645105608135,2.941
2026-07-29T11:23:25.298349+00:00,1,RIGHT,703.7,63.7,471.3,24060,-0.1330568705359474,-25.41199038976127,2.959
2026-07-29T11:23:25.314976+00:00,1,RIGHT,704.7,64.7,471.3,24201,-0.13042166422121226,-24.908703056492783,2.988
2026-07-29T11:23:25.231725+00:00,1,RIGHT,702.7,62.7,471.3,24145,0.16402284185838653,31.32605527409095,2.969
2026-07-29T11:23:25.364898+00:00,1,RIGHT,703.7,63.7,471.3,23901,-0.030468638158345128,-5.819081246614764,2.976
2026-07-29T11:23:25.381672+00:00,1,RIGHT,704.7,64.7,471.3,23940,-0.030468638158345128,-5.819081246614764,2.998
2026-07-29T11:23:25.414879+00:00,1,RIGHT,704.7,64.7,471.3,24202,-0.030468638158345128,-5.819081246614764,3.012
2026-07-29T11:23:25.498188+00:00,1,RIGHT,702.7,62.7,471.3,23778,-0.0012486157822422684,-0.23846804851969275,2.983
2026-07-29T11:23:25.581522+00:00,1,RIGHT,700.7,60.7,471.3,23913,0.09690899357199668,18.50825442845278,2.928
2026-07-29T11:23:25.631554+00:00,1,RIGHT,701.7,61.7,471.3,24268,1.0232906679448205e-05,0.001954341216278706,2.914
2026-07-29T11:23:25.648055+00:00,1,RIGHT,705.7,65.7,471.3,24377,-0.04064041294157505,-7.761747130737004,2.98
2026-07-29T11:23:25.698199+00:00,1,RIGHT,703.7,63.7,471.3,24280,-0.08754043237771839,-16.718991039978818,2.982
2026-07-29T11:23:25.681347+00:00,1,RIGHT,702.7,62.7,471.3,24174,-0.011582627994939684,-2.212118999267063,2.965
2026-07-29T11:23:25.664893+00:00,1,RIGHT,702.7,62.7,471.3,24082,-0.011582627994939684,-2.212118999267063,2.955
2026-07-29T11:23:25.514835+00:00,1,RIGHT,704.7,64.7,471.3,24199,0.03478567835642025,6.643575191074849,2.986
2026-07-29T11:23:25.764836+00:00,1,RIGHT,702.7,62.7,471.3,24138,3.221952851163223e-05,0.006153476672059832,2.967
2026-07-29T11:23:25.781278+00:00,1,RIGHT,701.7,61.7,471.3,23935,0.05441887563094497,10.393239665001573,2.937
2026-07-29T11:23:25.881229+00:00,1,RIGHT,703.7,63.7,471.3,24120,-0.10242561582941562,-19.561851670179575,2.957
2026-07-29T11:23:25.947971+00:00,1,RIGHT,704.7,64.7,471.3,24201,-0.10242561582941562,-19.561851670179575,2.987
2026-07-29T11:23:25.964675+00:00,1,RIGHT,702.7,62.7,471.3,24028,0.30237154328984617,57.74871091788484,2.968
2026-07-29T11:23:25.931196+00:00,1,RIGHT,704.7,64.7,471.3,24110,-0.14996095997281372,-28.640433660574995,2.994
2026-07-29T11:23:26.064713+00:00,1,RIGHT,702.7,62.7,471.3,24063,-0.30843340457417073,-58.90644114317001,2.972
2026-07-29T11:23:26.097874+00:00,1,RIGHT,704.7,64.7,471.3,24183,-6.828457117080688e-05,-0.013041392446493097,2.996
2026-07-29T11:23:26.147802+00:00,1,RIGHT,701.7,61.7,471.3,23809,0.2166437878285069,41.3759156676704,2.955
2026-07-29T11:23:26.131245+00:00,1,RIGHT,702.7,62.7,471.3,23992,-0.11945852658944205,-22.814898001421177,2.948
2026-07-29T11:23:25.914706+00:00,1,RIGHT,702.7,62.7,471.3,24041,0.08376719618681819,15.998356010496815,2.945
2026-07-29T11:23:26.281136+00:00,1,RIGHT,702.7,62.7,471.3,24119,0.020257479860447347,3.868893665249656,2.942
2026-07-29T11:23:26.331196+00:00,1,RIGHT,705.7,65.7,471.3,24038,-0.07792725796462037,-14.883009967999923,2.997
2026-07-29T11:23:26.231149+00:00,1,RIGHT,702.7,62.7,471.3,24017,0.05366617182269692,10.249483826881448,2.974
2026-07-29T11:23:26.214560+00:00,1,RIGHT,701.7,61.7,471.3,24013,0.05366617182269692,10.249483826881448,2.941
2026-07-29T11:23:26.414416+00:00,1,RIGHT,704.7,64.7,471.3,24109,0.23475443392526357,44.834794286334514,2.978
2026-07-29T11:23:26.431051+00:00,1,RIGHT,703.7,63.7,471.3,24190,0.29818952954839917,56.950005127049415,2.981
2026-07-29T11:23:26.497768+00:00,1,RIGHT,703.7,63.7,471.3,24042,-0.16437926270533354,-31.394126641626087,2.983
2026-07-29T11:23:26.580951+00:00,1,RIGHT,703.7,63.7,471.3,24218,0.29554461274761706,56.444863227555885,2.984
2026-07-29T11:23:26.480956+00:00,1,RIGHT,702.7,62.7,471.3,23975,0.08045872256159782,15.366484092645237,2.966
2026-07-29T11:23:26.647677+00:00,1,RIGHT,702.7,62.7,471.3,23981,-0.034234831277281046,-6.538371148435564,2.955
2026-07-29T11:23:26.597807+00:00,1,RIGHT,706.7,66.7,471.3,23983,0.13626283634454012,26.02428475674664,3.024
2026-07-29T11:23:26.464318+00:00,1,RIGHT,702.7,62.7,471.3,24118,-2.6393134030513464e-05,-0.005040717293571764,2.99
2026-07-29T11:23:26.731757+00:00,1,RIGHT,702.7,62.7,471.3,23989,-0.09939033801201731,-18.98215630822423,2.97
2026-07-29T11:23:26.764099+00:00,1,RIGHT,705.7,65.7,471.3,24279,0.18936746686697006,36.1665220952028,3.014
2026-07-29T11:23:26.847589+00:00,1,RIGHT,703.7,63.7,471.3,24138,-0.0359377502463758,-6.863604714375226,3.003
2026-07-29T11:23:26.914279+00:00,1,RIGHT,703.7,63.7,471.3,24259,-0.1532986892235931,-29.277892991331733,2.996
2026-07-29T11:23:26.747642+00:00,1,RIGHT,701.7,61.7,471.3,23967,0.17488785727880896,33.40112036720683,2.954
2026-07-29T11:23:26.714223+00:00,1,RIGHT,703.7,63.7,471.3,23991,-0.05756254774518311,-10.993636812730951,2.967
2026-07-29T11:23:26.997509+00:00,1,RIGHT,702.7,62.7,471.3,24070,-0.15730627078562975,-30.04328468986222,2.956
2026-07-29T11:23:26.980740+00:00,1,RIGHT,702.7,62.7,471.3,23917,-0.004791725462127943,-0.9151521518843504,2.949
2026-07-29T11:23:26.964068+00:00,1,RIGHT,704.7,64.7,471.3,24093,0.0006054407512419858,0.11563066597131913,2.983
2026-07-29T11:23:27.164091+00:00,1,RIGHT,701.7,61.7,471.3,23979,0.13663198938593268,26.09478779430068,2.946
2026-07-29T11:23:27.197193+00:00,1,RIGHT,705.7,65.7,471.3,24171,-0.06888237519189716,-13.155564604441171,3.0
2026-07-29T11:23:27.280785+00:00,1,RIGHT,703.7,63.7,471.3,24054,-0.06888237519189716,-13.155564604441171,2.994
2026-07-29T11:23:27.297177+00:00,1,RIGHT,703.7,63.7,471.3,24125,7.60543072829023e-06,0.0014525302737004604,2.991
2026-07-29T11:23:27.364056+00:00,1,RIGHT,703.7,63.7,471.3,23990,0.11786486962810158,22.510531941833005,2.989
2026-07-29T11:23:27.380616+00:00,1,RIGHT,703.7,63.7,471.3,24100,0.16504100791178644,31.520510666435303,2.988
2026-07-29T11:23:27.413767+00:00,1,RIGHT,704.7,64.7,471.3,23855,0.0,0.0,3.006
2026-07-29T11:23:27.480556+00:00,1,RIGHT,704.7,64.7,471.3,23814,3.739479143405333e-05,0.007141879083144064,3.017
2026-07-29T11:23:27.497098+00:00,1,RIGHT,701.7,61.7,471.3,23718,-0.11768409746597172,-22.47600700202135,2.967
2026-07-29T11:23:27.530295+00:00,1,RIGHT,294.7,-345.3,471.3,21733,-0.010072168479673564,-1.923642481433314,-1.033
2026-07-29T11:23:27.547320+00:00,1,RIGHT,706.7,66.7,471.3,23812,-0.2894602206721902,-55.28282993813987,0.631
2026-07-29T11:23:27.663806+00:00,1,RIGHT,701.7,61.7,471.3,23670,0.14492034181486815,27.677746505284034,1.535
2026-07-29T11:23:27.597056+00:00,1,RIGHT,703.7,63.7,471.3,23563,-0.2424311254452914,-46.3009343687394,2.116
2026-07-29T11:23:27.698723+00:00,1,RIGHT,701.7,61.7,471.3,23946,-0.1349770739674568,-25.778722231201364,2.426
2026-07-29T11:23:27.730475+00:00,1,RIGHT,704.7,64.7,471.3,24037,0.10547183701128234,20.14363706079396,2.669
2026-07-29T11:23:27.797027+00:00,1,RIGHT,703.7,63.7,471.3,24042,0.01412552853114903,2.6977772274215615,2.796
2026-07-29T11:23:27.830467+00:00,1,RIGHT,704.7,64.7,471.3,23857,0.01412552853114903,2.6977772274215615,2.891
2026-07-29T11:23:27.846964+00:00,1,RIGHT,702.7,62.7,471.3,23937,0.13719283893704415,26.20190216836899,2.91
2026-07-29T11:23:27.946898+00:00,1,RIGHT,700.7,60.7,471.3,23962,-0.1766808775626123,-33.74356201668442,2.884
2026-07-29T11:23:27.996930+00:00,1,RIGHT,702.7,62.7,471.3,23823,-0.06270930401748047,-11.97659485468136,2.906
2026-07-29T11:23:28.013666+00:00,1,RIGHT,700.7,60.7,471.3,23887,-0.048321695048362014,-9.228763950631173,2.882
2026-07-29T11:23:28.080169+00:00,1,RIGHT,705.7,65.7,471.3,24041,0.04657122947042808,8.894449651302697,2.961
2026-07-29T11:23:28.096863+00:00,1,RIGHT,704.7,64.7,471.3,23835,-0.17698006773367525,-33.80070313026344,2.99
2026-07-29T11:23:28.113628+00:00,1,RIGHT,702.7,62.7,471.3,23918,0.24651294851209968,47.080505150230266,2.969
2026-07-29T11:23:28.180249+00:00,1,RIGHT,703.7,63.7,471.3,23716,-0.17927421819418668,-34.23885359344777,2.976
2026-07-29T11:23:28.213562+00:00,1,RIGHT,700.7,60.7,471.3,23549,1.0552444766508415,201.5368495552819,2.924
2026-07-29T11:23:28.246792+00:00,1,RIGHT,701.7,61.7,471.3,23704,0.05319042307790369,10.15862250959712,2.911
2026-07-29T11:23:28.313270+00:00,1,RIGHT,293.7,-346.3,471.3,22107,-0.13833571027964353,-26.420174516560305,-1.089
2026-07-29T11:23:28.146790+00:00,1,RIGHT,702.7,62.7,471.3,23841,-0.14090732068754733,-26.91131592630965,0.522
2026-07-29T11:23:28.330229+00:00,1,RIGHT,703.7,63.7,471.3,23736,0.017213361905887722,3.2875099614621117,1.508
2026-07-29T11:23:28.413453+00:00,1,RIGHT,702.7,62.7,471.3,23852,0.4522573680337518,86.37479480676257,2.08
2026-07-29T11:23:28.430104+00:00,1,RIGHT,703.7,63.7,471.3,23844,3.4802975133061405e-05,0.006646878632077244,2.443
2026-07-29T11:23:28.496658+00:00,1,RIGHT,702.7,62.7,471.3,23894,0.22891382906236685,43.71932092484262,2.641
2026-07-29T11:23:28.346903+00:00,1,RIGHT,701.7,61.7,471.3,23682,0.0017061446234583853,0.325849620543675,2.742
2026-07-29T11:23:28.563402+00:00,1,RIGHT,701.7,61.7,471.3,23785,-0.2807486325572245,-53.619039165326996,2.802
2026-07-29T11:23:28.646564+00:00,1,RIGHT,703.7,63.7,471.3,23939,0.0001592387049458921,0.030412352428428685,2.875
2026-07-29T11:23:28.613468+00:00,1,RIGHT,704.7,64.7,471.3,23869,-0.2414713620953262,-46.117633071124914,2.938
2026-07-29T11:23:28.596576+00:00,1,RIGHT,703.7,63.7,471.3,23897,0.2656925276760012,50.74353494665896,2.957
2026-07-29T11:23:28.580013+00:00,1,RIGHT,702.7,62.7,471.3,23934,0.34696363990660756,66.2651740371516,2.95
2026-07-29T11:23:28.779912+00:00,1,RIGHT,702.7,62.7,471.3,23822,0.05386372124776244,10.287212987886413,2.946
2026-07-29T11:23:28.813262+00:00,1,RIGHT,704.7,64.7,471.3,23988,0.08659616181859747,16.53864864745853,2.981
2026-07-29T11:23:28.846601+00:00,1,RIGHT,704.7,64.7,471.3,24012,-0.5624112326977775,-107.41263328110898,3.001
2026-07-29T11:23:28.763148+00:00,1,RIGHT,703.7,63.7,471.3,23851,0.044073836151510476,8.417482661442202,2.995
2026-07-29T11:23:28.696547+00:00,1,RIGHT,702.7,62.7,471.3,23843,-0.3025935548066627,-57.791111994274466,2.973
2026-07-29T11:23:28.929809+00:00,1,RIGHT,704.7,64.7,471.3,23762,-0.5575052130222321,-106.47565254238602,2.997
2026-07-29T11:23:29.013005+00:00,1,RIGHT,703.7,63.7,471.3,23861,-0.17224322324618696,-32.89603247245381,2.992
2026-07-29T11:23:29.029855+00:00,1,RIGHT,702.7,62.7,471.3,23841,-0.12134340303950011,-23.174882886394272,2.971
2026-07-29T11:23:28.979760+00:00,1,RIGHT,703.7,63.7,471.3,23990,-0.12134340303950011,-23.174882886394272,2.977
2026-07-29T11:23:28.963039+00:00,1,RIGHT,702.7,62.7,471.3,23851,0.504941647509113,96.4367510088489,2.962
2026-07-29T11:23:28.913058+00:00,1,RIGHT,706.7,66.7,471.3,24123,-0.20881505021825433,-39.88073692106104,3.028
2026-07-29T11:23:29.079726+00:00,1,RIGHT,704.7,64.7,471.3,23938,-0.02315801279328298,-4.422854649883605,3.03
2026-07-29T11:23:29.129694+00:00,1,RIGHT,700.7,60.7,471.3,23834,-0.02315801279328298,-4.422854649883605,2.956
2026-07-29T11:23:29.163015+00:00,1,RIGHT,704.7,64.7,471.3,24065,-0.02315801279328298,-4.422854649883605,2.987
2026-07-29T11:23:29.146523+00:00,1,RIGHT,702.7,62.7,471.3,23824,-0.02315801279328298,-4.422854649883605,2.968
2026-07-29T11:23:29.279612+00:00,1,RIGHT,703.7,63.7,471.3,24036,-0.02315801279328298,-4.422854649883605,2.975
2026-07-29T11:23:29.312983+00:00,1,RIGHT,702.7,62.7,471.3,24065,0.25019265002571045,47.78327637222292,2.961
2026-07-29T11:23:29.396338+00:00,1,RIGHT,702.7,62.7,471.3,24102,0.25019265002571045,47.78327637222292,2.952
2026-07-29T11:23:29.296541+00:00,1,RIGHT,702.7,62.7,471.3,23970,0.12165896125603468,23.23515006638796,2.947
2026-07-29T11:23:29.429577+00:00,1,RIGHT,702.7,62.7,471.3,24195,0.12165896125603468,23.23515006638796,2.944
2026-07-29T11:23:29.479462+00:00,1,RIGHT,702.7,62.7,471.3,23893,-0.04139919634442776,-7.906664085897123,2.942
2026-07-29T11:23:29.462976+00:00,1,RIGHT,703.7,63.7,471.3,23847,-0.00833377345930785,-1.5916334887882662,2.959
2026-07-29T11:23:29.263221+00:00,1,RIGHT,702.7,62.7,471.3,24136,-6.675446173176169e-05,-0.012749163069658365,2.951
2026-07-29T11:23:29.529605+00:00,1,RIGHT,703.7,63.7,471.3,23808,-0.23044444520492108,-44.01164707491913,2.965
2026-07-29T11:23:29.612861+00:00,1,RIGHT,703.7,63.7,471.3,23960,-0.05980649781413376,-11.422199707360827,2.973
2026-07-29T11:23:29.646227+00:00,1,RIGHT,703.7,63.7,471.3,23966,0.38856935299467293,74.21127991574612,2.978
2026-07-29T11:23:29.662879+00:00,1,RIGHT,702.7,62.7,471.3,23719,0.005556464091641828,1.061206471556898,2.963
2026-07-29T11:23:29.679522+00:00,1,RIGHT,703.7,63.7,471.3,23774,0.004416947031859309,0.8435747441945812,2.972
2026-07-29T11:23:29.762772+00:00,1,RIGHT,703.7,63.7,471.3,23888,-0.2658037622645497,-50.764779188191305,2.978
2026-07-29T11:23:29.729511+00:00,1,RIGHT,701.7,61.7,471.3,23881,0.19644509468926116,37.51824943914162,2.943
2026-07-29T11:23:29.696093+00:00,1,RIGHT,702.7,62.7,471.3,23906,0.02063012228347361,3.9400631256061014,2.942
2026-07-29T11:23:29.829497+00:00,1,RIGHT,703.7,63.7,471.3,24009,0.25481167478952554,48.665445120332976,2.959
2026-07-29T11:23:29.912670+00:00,1,RIGHT,703.7,63.7,471.3,23767,-0.37174981120973827,-70.99898405701047,2.97
2026-07-29T11:23:29.962650+00:00,1,RIGHT,703.7,63.7,471.3,23979,0.13547561423620208,25.87393640892277,2.976
2026-07-29T11:23:29.979380+00:00,1,RIGHT,702.7,62.7,471.3,23685,-0.03601247406564653,-6.877875912619597,2.961
2026-07-29T11:23:29.995995+00:00,1,RIGHT,701.7,61.7,471.3,23674,-0.11909993563429452,-22.74641217374945,2.934
2026-07-29T11:23:30.062522+00:00,1,RIGHT,701.7,61.7,471.3,23793,-0.00480914642335847,-0.9184793103962512,2.917
2026-07-29T11:23:30.095976+00:00,1,RIGHT,700.7,60.7,471.3,23422,0.01346798237413168,2.5721951619810923,2.888
2026-07-29T11:23:30.129351+00:00,1,RIGHT,701.7,61.7,471.3,23689,0.0438400899618864,8.372840427633124,2.89
2026-07-29T11:23:30.145924+00:00,1,RIGHT,701.7,61.7,471.3,23682,-0.18217976714484393,-34.793772566918854,2.891
2026-07-29T11:23:30.179351+00:00,1,RIGHT,704.7,64.7,471.3,24031,0.06102600049227476,11.65510756256876,2.948
2026-07-29T11:23:30.212546+00:00,1,RIGHT,701.7,61.7,471.3,23836,0.12058643526863307,23.03031269140058,2.925
2026-07-29T11:23:30.245842+00:00,1,RIGHT,702.7,62.7,471.3,23803,0.6276300401194022,119.86850798156092,2.931
2026-07-29T11:23:30.279254+00:00,1,RIGHT,705.7,65.7,471.3,23977,-0.6926238103862852,-132.28140375134512,2.99
2026-07-29T11:23:30.362535+00:00,1,RIGHT,703.7,63.7,471.3,23690,0.27139805641258136,51.833210668314464,2.989
2026-07-29T11:23:30.379057+00:00,1,RIGHT,703.7,63.7,471.3,23783,-0.08325296220136806,-15.900144553668536,2.988
2026-07-29T11:23:30.395786+00:00,1,RIGHT,701.7,61.7,471.3,23648,-0.07409464877098798,-14.151035530272678,2.949
2026-07-29T11:23:30.445696+00:00,1,RIGHT,703.7,63.7,471.3,23951,0.16908184295520187,32.29225331208953,2.964
2026-07-29T11:23:30.479029+00:00,1,RIGHT,704.7,64.7,471.3,23939,-0.004963020783886805,-0.9478671485080779,2.992
2026-07-29T11:23:30.495703+00:00,1,RIGHT,705.7,65.7,471.3,23905,-0.14084092451957986,-26.89863519230839,3.027
2026-07-29T11:23:30.462540+00:00,1,RIGHT,704.7,64.7,471.3,23847,0.0,0.0,3.029
2026-07-29T11:23:30.412542+00:00,1,RIGHT,702.7,62.7,471.3,23826,1.089212685711682,208.02429961129587,2.993
2026-07-29T11:23:30.595797+00:00,1,RIGHT,702.7,62.7,471.3,23729,-0.18149097240064294,-34.66222246094049,2.972
2026-07-29T11:23:30.629096+00:00,1,RIGHT,704.7,64.7,471.3,23963,-0.2877901196223684,-54.96386413308935,2.996
2026-07-29T11:23:30.662116+00:00,1,RIGHT,294.7,-345.3,471.3,22200,0.047892693486064675,9.146830687550652,-1.004
2026-07-29T11:23:30.679180+00:00,1,RIGHT,705.7,65.7,471.3,24111,0.047892693486064675,9.146830687550652,0.629
2026-07-29T11:23:30.778966+00:00,1,RIGHT,704.7,64.7,471.3,24010,0.3160997089743614,60.37059743181501,1.591
2026-07-29T11:23:30.878926+00:00,1,RIGHT,702.7,62.7,471.3,23694,0.055887236082926395,10.673675854009764,2.13
2026-07-29T11:23:30.745615+00:00,1,RIGHT,702.7,62.7,471.3,23770,-0.015299547482281923,-2.9219983306491963,2.454
2026-07-29T11:23:30.928888+00:00,1,RIGHT,701.7,61.7,471.3,23694,-0.2838628454904392,-54.213810023921205,2.629
2026-07-29T11:23:30.945515+00:00,1,RIGHT,702.7,62.7,471.3,23884,0.1525490377098322,29.134720098518088,2.753
2026-07-29T11:23:30.995462+00:00,1,RIGHT,705.7,65.7,471.3,23985,0.1525490377098322,29.134720098518088,2.884
2026-07-29T11:23:31.012259+00:00,1,RIGHT,703.7,63.7,471.3,23965,0.35297487147385254,67.4132346987481,2.925
2026-07-29T11:23:30.978971+00:00,1,RIGHT,703.7,63.7,471.3,23921,-0.4591082223402918,-87.68321159950845,2.949
2026-07-29T11:23:30.912282+00:00,1,RIGHT,703.7,63.7,471.3,23900,-0.006187144350260496,-1.1816575283604611,2.964
2026-07-29T11:23:31.145635+00:00,1,RIGHT,702.7,62.7,471.3,23931,-0.19570000022184103,-37.37594687806922,2.954
2026-07-29T11:23:31.195453+00:00,1,RIGHT,706.7,66.7,471.3,24244,0.009039085824042559,1.7263382279139015,3.023
2026-07-29T11:23:31.211991+00:00,1,RIGHT,705.7,65.7,471.3,24176,-0.04136589478584938,-7.900303956704625,3.046
2026-07-29T11:23:31.228785+00:00,1,RIGHT,704.7,64.7,471.3,24046,-0.08967970510944724,-17.127562035830437,3.041
2026-07-29T11:23:31.295549+00:00,1,RIGHT,702.7,62.7,471.3,23945,-0.08967970510944724,-17.127562035830437,3.0
2026-07-29T11:23:31.345442+00:00,1,RIGHT,703.7,63.7,471.3,23942,0.06865654701832682,13.112434600305411,2.994
2026-07-29T11:23:31.311849+00:00,1,RIGHT,705.7,65.7,471.3,24156,-0.009088795324787497,-1.7358320432285264,3.028
2026-07-29T11:23:31.278614+00:00,1,RIGHT,702.7,62.7,471.3,23916,0.04239207024933421,8.096289033696499,2.993
2026-07-29T11:23:31.495405+00:00,1,RIGHT,703.7,63.7,471.3,23980,-0.11730329718557186,-22.403279505673652,2.99
2026-07-29T11:23:31.511880+00:00,1,RIGHT,702.7,62.7,471.3,23792,0.25275668368209153,48.27297072902336,2.97
2026-07-29T11:23:31.578603+00:00,1,RIGHT,704.7,64.7,471.3,23981,-0.16516254941932856,-31.543723384494708,2.995
2026-07-29T11:23:31.645285+00:00,1,RIGHT,703.7,63.7,471.3,24180,-0.16149299424723723,-30.84288997099059,2.991
2026-07-29T11:23:31.678490+00:00,1,RIGHT,704.7,64.7,471.3,24088,-0.07295245472341776,-13.93289253590355,3.008
2026-07-29T11:23:31.695421+00:00,1,RIGHT,703.7,63.7,471.3,24177,-0.3045278815040365,-58.160541180804444,2.999
2026-07-29T11:23:31.728496+00:00,1,RIGHT,703.7,63.7,471.3,24115,0.1779442172124982,33.98484211678442,2.994
2026-07-29T11:23:31.745241+00:00,1,RIGHT,701.7,61.7,471.3,23782,0.2411232542525977,46.051149370445756,2.953
2026-07-29T11:23:31.778461+00:00,1,RIGHT,702.7,62.7,471.3,24158,0.006159868608228862,1.1764482453554606,2.948
2026-07-29T11:23:31.845194+00:00,1,RIGHT,703.7,63.7,471.3,23702,-0.17136990095488727,-32.729240200966586,2.963
2026-07-29T11:23:31.861981+00:00,1,RIGHT,702.7,62.7,471.3,23793,0.14164760380983352,27.05269958814887,2.953
2026-07-29T11:23:31.928522+00:00,1,RIGHT,702.7,62.7,471.3,23938,-0.07946061187423765,-15.175858993069772,2.948
2026-07-29T11:23:31.945012+00:00,1,RIGHT,705.7,65.7,471.3,24055,0.27244678044924514,52.03350220556366,3.0
2026-07-29T11:23:32.061708+00:00,1,RIGHT,707.7,67.7,471.3,24222,0.2600591567810625,49.66764035761955,3.07
2026-07-29T11:23:31.978497+00:00,1,RIGHT,704.7,64.7,471.3,23804,0.32758388424292206,62.563913345405155,3.055
2026-07-29T11:23:32.144949+00:00,1,RIGHT,705.7,65.7,471.3,24042,0.04919663110282272,9.395864428179262,3.065
2026-07-29T11:23:32.261614+00:00,1,RIGHT,709.7,69.7,471.3,23915,0.1854208390263375,35.41277169994588,3.146
2026-07-29T11:23:32.311678+00:00,1,RIGHT,710.7,70.7,471.3,23919,0.1649625216796994,31.505520900273737,3.213
2026-07-29T11:23:32.411535+00:00,1,RIGHT,715.7,75.7,471.3,24159,0.17546354573220013,33.51106876285259,3.347
2026-07-29T11:23:32.461482+00:00,1,BOTH,596.5,-43.5,471.3,24078,0.4280271861329675,81.74717094093185,1.193
2026-07-29T11:23:32.478297+00:00,1,BOTH,597.0,-43.0,471.3,24319,0.03425147894769907,6.541550619281155,-0.091
2026-07-29T11:23:32.561452+00:00,1,BOTH,598.5,-41.5,471.3,24371,-0.05902303930372,-11.27257015379311,-0.832
2026-07-29T11:23:32.611464+00:00,1,BOTH,601.5,-38.5,471.3,24502,0.15293912325054407,29.20922094895765,-1.221
2026-07-29T11:23:32.628201+00:00,1,BOTH,602.5,-37.5,471.3,23915,0.15293912325054407,29.20922094895765,-1.436
2026-07-29T11:23:32.544861+00:00,1,BOTH,600.0,-40.0,471.3,24091,0.04219969505444169,8.059548077862004,-1.612
2026-07-29T11:23:32.511516+00:00,1,BOTH,597.0,-43.0,471.3,24353,0.4789491154998541,91.47254306555146,-1.773
2026-07-29T11:23:32.711506+00:00,1,BOTH,603.5,-36.5,471.3,25232,-0.011123370006680488,-2.124407184483994,-1.748
2026-07-29T11:23:32.777997+00:00,1,BOTH,606.0,-34.0,471.3,25838,0.418959047049284,80.0152839491562,-1.686
2026-07-29T11:23:32.828076+00:00,1,BOTH,607.0,-33.0,471.3,26245,0.24258797224611045,46.330889901129595,-1.631
2026-07-29T11:23:32.844702+00:00,1,BOTH,608.0,-32.0,471.3,25500,0.26955918602645396,51.48201229432549,-1.578
2026-07-29T11:23:32.877936+00:00,1,BOTH,609.0,-31.0,471.3,26922,0.07125059379264712,13.607861040399005,-1.528
2026-07-29T11:23:32.961359+00:00,1,BOTH,611.0,-29.0,471.3,26990,0.10986437113024294,20.982549282072824,-1.461
2026-07-29T11:23:32.977923+00:00,1,BOTH,611.5,-28.5,471.3,26857,0.26132527362555263,49.909450862818574,-1.411
2026-07-29T11:23:32.994664+00:00,1,BOTH,612.0,-28.0,471.3,26994,0.22221685130149127,42.44029238753882,-1.371
2026-07-29T11:23:33.044599+00:00,1,BOTH,613.5,-26.5,471.3,28194,0.22221685130149127,42.44029238753882,-1.32
2026-07-29T11:23:33.077758+00:00,1,BOTH,613.5,-26.5,471.3,26601,0.09201426406390965,17.573429952881003,-1.289
2026-07-29T11:23:33.111387+00:00,1,BOTH,614.5,-25.5,471.3,28925,0.1380258292146027,26.36099159263411,-1.251
2026-07-29T11:23:33.144614+00:00,1,BOTH,614.5,-25.5,471.3,27111,0.12158943424001337,23.221871384454094,-1.229
2026-07-29T11:23:33.211248+00:00,1,BOTH,617.5,-22.5,471.3,27914,0.27597306348383427,52.7069726563988,-1.159
2026-07-29T11:23:33.261244+00:00,1,BOTH,618.0,-22.0,471.3,28496,0.10396734891459346,19.856300999900817,-1.108
2026-07-29T11:23:33.277929+00:00,1,BOTH,620.0,-20.0,471.3,28394,0.06792096080258489,12.971947981538703,-1.04
2026-07-29T11:23:33.344367+00:00,1,BOTH,621.5,-18.5,471.3,28294,0.07682436319533735,14.672372582910016,-0.971
2026-07-29T11:23:33.394598+00:00,1,BOTH,622.5,-17.5,471.3,27901,0.04891893494874239,9.34282836945987,-0.911
2026-07-29T11:23:33.411194+00:00,1,BOTH,623.0,-17.0,471.3,28190,0.19214342705905438,36.69669143887865,-0.865
2026-07-29T11:23:33.427795+00:00,1,BOTH,623.0,-17.0,471.3,27962,0.13699274124577643,26.16368632436915,-0.838
2026-07-29T11:23:33.494512+00:00,1,BOTH,625.5,-14.5,471.3,28380,0.13699274124577643,26.16368632436915,-0.775
2026-07-29T11:23:33.510982+00:00,1,BOTH,625.5,-14.5,471.3,28605,-0.25323242040351035,-48.36382975001233,-0.737
2026-07-29T11:23:33.544503+00:00,1,BOTH,625.5,-14.5,471.3,28946,0.16467891092412174,31.451355235876676,-0.714
2026-07-29T11:23:33.577594+00:00,1,BOTH,627.0,-13.0,471.3,28558,0.15719051441876217,30.021176852284615,-0.672
2026-07-29T11:23:33.644449+00:00,1,BOTH,629.5,-10.5,471.3,29031,0.14781170662492513,28.229956507447067,-0.6
2026-07-29T11:23:33.677688+00:00,1,BOTH,631.0,-9.0,471.3,29130,0.14781170662492513,28.229956507447067,-0.529
2026-07-29T11:23:33.711064+00:00,1,BOTH,631.5,-8.5,471.3,28964,-0.07617299361852929,-14.547970157395604,-0.477
2026-07-29T11:23:33.727730+00:00,1,BOTH,631.0,-9.0,471.3,28589,-0.21561398141086102,-41.17923712951508,-0.455
2026-07-29T11:23:33.811004+00:00,1,BOTH,634.0,-6.0,471.3,28639,0.14991245910525322,28.631170677195197,-0.385
2026-07-29T11:23:33.827651+00:00,1,BOTH,634.5,-5.5,471.3,28985,0.34275503098964694,65.46138894194169,-0.334
2026-07-29T11:23:33.861000+00:00,1,BOTH,634.5,-5.5,471.3,28028,0.0893785585090518,17.07004727177253,-0.304
2026-07-29T11:23:33.894310+00:00,1,BOTH,637.0,-3.0,471.3,28640,-0.16564185615628957,-31.635264228228216,-0.238
2026-07-29T11:23:33.911005+00:00,1,BOTH,638.0,-2.0,471.3,28094,0.17255916815251113,32.95637350475725,-0.181
2026-07-29T11:23:34.010901+00:00,1,BOTH,639.0,-1.0,471.3,26970,0.014744516890496016,2.81599529594926,-0.127
2026-07-29T11:23:34.044381+00:00,1,BOTH,640.5,0.5,471.3,27445,0.2480246725305915,47.36922317039072,-0.067
2026-07-29T11:23:33.944417+00:00,1,BOTH,637.5,-2.5,471.3,27711,-0.008377978675998748,-1.6000760632844322,-0.087
2026-07-29T11:23:34.094235+00:00,1,BOTH,642.0,2.0,471.3,26028,0.4542820755764842,86.76148546325213,-0.015
2026-07-29T11:23:34.127484+00:00,1,BOTH,642.5,2.5,471.3,26213,0.054786949614062906,10.463536617605662,0.038
2026-07-29T11:23:34.194307+00:00,1,BOTH,645.5,5.5,471.3,25347,0.26101051311008633,49.849336032506635,0.126
2026-07-29T11:23:34.294196+00:00,1,BOTH,649.0,9.0,471.3,24124,0.16034117413451895,30.62290853360046,0.244
2026-07-29T11:23:34.327543+00:00,1,BOTH,649.0,9.0,471.3,23423,0.16034117413451895,30.62290853360046,0.315
2026-07-29T11:23:34.177471+00:00,1,BOTH,645.5,5.5,471.3,25797,-0.003522687610238791,-0.6727837753656956,0.292
2026-07-29T11:23:34.394149+00:00,1,BOTH,651.5,11.5,471.3,22781,0.1552568375878036,29.651871781097423,0.391
2026-07-29T11:23:34.427435+00:00,1,BOTH,652.5,12.5,471.3,22453,0.16973855094984175,32.41767530030741,0.469
2026-07-29T11:23:34.443954+00:00,1,BOTH,653.0,13.0,471.3,22136,0.16973855094984175,32.41767530030741,0.525
2026-07-29T11:23:34.510600+00:00,1,BOTH,654.5,14.5,471.3,20727,0.14066061798948795,26.864199181665345,0.587
2026-07-29T11:23:34.528038+00:00,1,BOTH,656.0,16.0,471.3,21035,0.22578800283838063,43.12233209109021,0.652
2026-07-29T11:23:34.477480+00:00,1,BOTH,653.5,13.5,471.3,21205,0.04290994606097229,8.195196028092411,0.644
2026-07-29T11:23:34.344064+00:00,1,BOTH,649.5,9.5,471.3,23799,0.2565005602687597,48.98799848713647,0.565
2026-07-29T11:23:34.643951+00:00,1,BOTH,659.0,19.0,471.3,19601,0.054700201526284215,10.446968953237164,0.695
2026-07-29T11:23:34.677343+00:00,1,BOTH,660.5,20.5,471.3,19417,0.26765530224889517,51.11839727720035,0.801
2026-07-29T11:23:34.727314+00:00,1,BOTH,663.0,23.0,471.3,19142,0.10358478903770446,19.783237445378205,0.912
2026-07-29T11:23:34.777333+00:00,1,BOTH,664.5,24.5,471.3,18095,0.14358706567436458,27.423109519362878,1.007
2026-07-29T11:23:34.793872+00:00,1,BOTH,665.0,25.0,471.3,18190,0.15953252771869303,30.468468444449766,1.073
2026-07-29T11:23:34.844235+00:00,1,BOTH,667.0,27.0,471.3,17879,0.4707606345694512,89.90865840576666,1.15
2026-07-29T11:23:34.860511+00:00,1,BOTH,667.0,27.0,471.3,17720,0.4707606345694512,89.90865840576666,1.196
2026-07-29T11:23:34.943894+00:00,1,BOTH,669.0,29.0,471.3,17062,0.12351752214133739,23.59010904870777,1.261
2026-07-29T11:23:34.977196+00:00,1,BOTH,671.5,31.5,471.3,17057,0.0838287415355444,16.010110306265727,1.348
2026-07-29T11:23:34.993866+00:00,1,BOTH,672.0,32.0,471.3,16736,0.38398896958678963,73.33649112300124,1.409
2026-07-29T11:23:35.027159+00:00,1,BOTH,672.5,32.5,471.3,16327,0.15551395417191088,29.700977431471316,1.454
2026-07-29T11:23:34.827276+00:00,1,BOTH,666.0,26.0,471.3,18252,-0.24744681309908628,-47.25886014846713,1.36
2026-07-29T11:23:35.143861+00:00,1,BOTH,674.5,34.5,471.3,15730,0.1490635212510824,28.46903549015226,1.463
2026-07-29T11:23:35.160536+00:00,1,BOTH,675.0,35.0,471.3,15577,0.03684705063700676,7.037268296684396,1.534
2026-07-29T11:23:35.193715+00:00,1,BOTH,676.5,36.5,471.3,15812,0.27034292844124136,51.63169606963452,1.605
2026-07-29T11:23:35.226945+00:00,1,BOTH,676.0,36.0,471.3,15076,0.0014693174511194226,0.2806189623802085,1.638
2026-07-29T11:23:35.093789+00:00,1,BOTH,673.5,33.5,471.3,16092,-0.10291519533842802,-19.655354468854565,1.611
2026-07-29T11:23:35.276918+00:00,1,BOTH,679.0,39.0,471.3,15093,-0.337831457182765,-64.52105561109005,1.698
2026-07-29T11:23:35.377156+00:00,1,BOTH,677.0,37.0,471.3,15191,-0.337831457182765,-64.52105561109005,1.712
2026-07-29T11:23:35.393645+00:00,1,BOTH,677.0,37.0,471.3,15055,0.000605772826820612,0.11569408773510127,1.721
2026-07-29T11:23:35.427032+00:00,1,BOTH,677.5,37.5,471.3,15090,0.10974974864162505,20.960657999289186,1.736
2026-07-29T11:23:35.443674+00:00,1,BOTH,678.0,38.0,471.3,15209,0.15210398953408003,29.049722158016102,1.754
2026-07-29T11:23:35.460401+00:00,1,BOTH,677.0,37.0,471.3,15123,0.02081261932849884,3.9749174937846172,1.746
2026-07-29T11:23:35.493598+00:00,1,BOTH,676.5,36.5,471.3,15036,-0.27289633101550864,-52.11936003931237,1.732
2026-07-29T11:23:35.576970+00:00,1,BOTH,677.5,37.5,471.3,14985,-0.12622057806700468,-24.106354703136315,1.742
2026-07-29T11:23:35.593550+00:00,1,BOTH,677.5,37.5,471.3,15092,0.12641068814096798,24.142663052739707,1.749
2026-07-29T11:23:35.610319+00:00,1,BOTH,677.5,37.5,471.3,15035,0.1353476338274777,25.849493951321882,1.752
2026-07-29T11:23:35.660355+00:00,1,BOTH,677.0,37.0,471.3,15332,-0.1331521818600595,-25.430193511799366,1.745
2026-07-29T11:23:35.676882+00:00,1,BOTH,677.5,37.5,471.3,15192,-0.7146340096089989,-136.48504215702386,1.75
2026-07-29T11:23:35.693478+00:00,1,BOTH,677.0,37.0,471.3,15194,0.13146240332513115,25.10746958392205,1.744
2026-07-29T11:23:35.760200+00:00,1,BOTH,677.5,37.5,471.3,15189,0.10267714952584356,19.609891067548393,1.749
2026-07-29T11:23:35.776901+00:00,1,BOTH,677.0,37.0,471.3,15037,-0.2464597359043546,-47.07034229076133,1.743
2026-07-29T11:23:35.876819+00:00,1,BOTH,677.5,37.5,471.3,15212,0.05285710113123059,10.094962707052273,1.749
2026-07-29T11:23:35.910028+00:00,1,BOTH,677.5,37.5,471.3,15144,-0.36819031279534103,-70.31916993591558,1.753
2026-07-29T11:23:35.826723+00:00,1,BOTH,677.5,37.5,471.3,15011,-0.019543872056528924,-3.7326046139425735,1.755
2026-07-29T11:23:36.010040+00:00,1,BOTH,677.5,37.5,471.3,15152,-0.38022969756275415,-72.61852305293846,1.756
2026-07-29T11:23:36.060025+00:00,1,BOTH,677.5,37.5,471.3,15079,0.04562662596203154,8.71404367015479,1.757
2026-07-29T11:23:36.109923+00:00,1,BOTH,677.5,37.5,471.3,15270,0.04562662596203154,8.71404367015479,1.757
2026-07-29T11:23:36.093547+00:00,1,BOTH,677.0,37.0,471.3,15101,-0.02437583434395492,-4.655441433395536,1.748
2026-07-29T11:23:36.226693+00:00,1,BOTH,677.5,37.5,471.3,15240,-0.1324677909910679,-25.299484484030998,1.752
2026-07-29T11:23:36.260056+00:00,1,BOTH,677.0,37.0,471.3,15044,-0.0929065413121134,-17.743842354473077,1.745
2026-07-29T11:23:36.293459+00:00,1,BOTH,677.25,37.25,471.3,15118,-0.0570096499985084,-10.88804112144177,1.745
2026-07-29T11:23:36.343406+00:00,1,BOTH,677.5,37.5,471.3,15121,0.3783417199924588,72.2579458976275,1.75
2026-07-29T11:23:36.409975+00:00,1,BOTH,677.0,37.0,471.3,15098,-0.23231137469410895,-44.36820434284906,1.744
2026-07-29T11:23:36.493370+00:00,1,BOTH,677.5,37.5,471.3,15041,0.2392125733010471,45.68623618871279,1.75
2026-07-29T11:23:36.576599+00:00,1,BOTH,677.5,37.5,471.3,15242,0.017964063379913568,3.4308833819152142,1.753
2026-07-29T11:23:36.476586+00:00,1,BOTH,677.75,37.75,471.3,15075,-0.4094763122498989,-78.20421500833419,1.76
2026-07-29T11:23:36.609854+00:00,1,BOTH,677.0,37.0,471.3,15105,0.339806533541996,64.89826740975671,1.749
2026-07-29T11:23:36.659846+00:00,1,BOTH,677.5,37.5,471.3,15052,-0.06856681167613715,-13.095296412369976,1.753
2026-07-29T11:23:36.709900+00:00,1,BOTH,677.0,37.0,471.3,15168,-0.012357826072257012,-2.360170926323526,1.745
2026-07-29T11:23:36.759798+00:00,1,BOTH,677.5,37.5,471.3,15087,8.827541721984743e-05,0.016859362804845766,1.75
2026-07-29T11:23:36.776541+00:00,1,BOTH,677.5,37.5,471.3,15123,-0.29476717646233735,-56.296383834266365,1.753
2026-07-29T11:23:36.893088+00:00,1,BOTH,677.5,37.5,471.3,15149,-0.30184512415435166,-57.64817226882231,1.755
2026-07-29T11:23:36.959697+00:00,1,BOTH,677.0,37.0,471.3,15182,-0.22019647258799524,-42.05442847653417,1.747
2026-07-29T11:23:36.976439+00:00,1,BOTH,677.5,37.5,471.3,15165,0.24598237459547817,46.97917299642314,1.751
2026-07-29T11:23:37.009711+00:00,1,BOTH,677.5,37.5,471.3,15077,0.12327396113425493,23.543592322841832,1.754
2026-07-29T11:23:37.059675+00:00,1,BOTH,678.0,38.0,471.3,15095,-0.00025093445554375644,-0.04792495079023476,1.765
2026-07-29T11:23:37.076461+00:00,1,BOTH,677.5,37.5,471.3,15010,-0.4645948860351928,-88.73108717726005,1.762
2026-07-29T11:23:37.142986+00:00,1,BOTH,677.0,37.0,471.3,15137,0.0006587568065151572,0.12581328246278226,1.751
2026-07-29T11:23:37.226628+00:00,1,BOTH,677.5,37.5,471.3,15186,0.14007822227780709,26.752969794045903,1.754
2026-07-29T11:23:37.242975+00:00,1,BOTH,676.5,36.5,471.3,15252,0.14007822227780709,26.752969794045903,1.737
2026-07-29T11:23:37.276292+00:00,1,BOTH,677.5,37.5,471.3,15166,0.020949893118813633,4.001134856527289,1.745
2026-07-29T11:23:37.292927+00:00,1,BOTH,677.5,37.5,471.3,15078,-0.06358898501028307,-12.144601548699585,1.75
2026-07-29T11:23:37.326194+00:00,1,BOTH,677.5,37.5,471.3,15100,0.15855134803801774,30.281076928960804,1.753
2026-07-29T11:23:37.409631+00:00,1,BOTH,677.5,37.5,471.3,15198,0.34634494931204246,66.1470128375082,1.755
2026-07-29T11:23:37.459613+00:00,1,BOTH,677.5,37.5,471.3,14918,-0.12089416030794382,-23.089083844743925,1.756
2026-07-29T11:23:37.476118+00:00,1,BOTH,678.0,38.0,471.3,15252,0.41404253711923955,79.07629971940385,1.766
2026-07-29T11:23:37.509650+00:00,1,BOTH,677.0,37.0,471.3,15112,-0.015436918465420604,-2.9482342558538934,1.753
2026-07-29T11:23:37.526170+00:00,1,BOTH,677.0,37.0,471.3,15195,0.26743668094277384,51.07664368335905,1.746
2026-07-29T11:23:37.559586+00:00,1,BOTH,677.5,37.5,471.3,15157,-1.1682008867058904,-223.1099347722932,1.751
2026-07-29T11:23:37.576113+00:00,1,BOTH,677.0,37.0,471.3,15068,0.5321217426937074,101.6277668116526,1.744
2026-07-29T11:23:37.692799+00:00,1,BOTH,677.0,37.0,471.3,15104,0.03555861234664917,6.791194709349259,1.74
2026-07-29T11:23:37.709519+00:00,1,BOTH,677.0,37.0,471.3,15219,0.14681460911408067,28.039524910332442,1.738
2026-07-29T11:23:37.776097+00:00,1,BOTH,677.5,37.5,471.3,15122,-0.07603673366829752,-14.521946423845794,1.746
2026-07-29T11:23:37.876148+00:00,1,BOTH,677.0,37.0,471.3,15201,-0.07603673366829752,-14.521946423845794,1.741
2026-07-29T11:23:37.892668+00:00,1,BOTH,677.0,37.0,471.3,15058,0.3294336145138368,62.91718580460851,1.739
2026-07-29T11:23:37.926071+00:00,1,BOTH,677.5,37.5,471.3,15052,-0.004080870843608864,-0.7793889202559323,1.746
2026-07-29T11:23:37.942744+00:00,1,BOTH,678.0,38.0,471.3,15264,-0.15008011967875062,-28.66319148803568,1.76
2026-07-29T11:23:37.992624+00:00,1,BOTH,677.5,37.5,471.3,15152,0.005442736321128905,1.039486067344155,1.759
2026-07-29T11:23:38.075995+00:00,1,BOTH,677.5,37.5,471.3,15073,-0.6485617175744847,-123.8661639025788,1.759
2026-07-29T11:23:38.175995+00:00,1,BOTH,677.0,37.0,471.3,15238,0.029578817989095115,5.649138112535956,1.749
2026-07-29T11:23:38.226392+00:00,1,BOTH,677.0,37.0,471.3,15127,-0.2700071886926889,-51.56757450094506,1.743
2026-07-29T11:23:38.242752+00:00,1,BOTH,677.5,37.5,471.3,15214,-0.13872013171669095,-26.49359360288421,1.749
2026-07-29T11:23:38.259179+00:00,1,BOTH,677.0,37.0,471.3,15092,0.034360373043455184,6.562347859616886,1.743
2026-07-29T11:23:38.275949+00:00,1,BOTH,677.5,37.5,471.3,15136,0.06422913561342285,12.26686130807513,1.749
2026-07-29T11:23:38.292602+00:00,1,BOTH,677.5,37.5,471.3,15001,-0.09198226232547313,-17.56731807104936,1.753
2026-07-29T11:23:38.325751+00:00,1,BOTH,678.0,38.0,471.3,15029,-0.5579168666712939,-106.55427259809402,1.764
2026-07-29T11:23:38.342619+00:00,1,BOTH,678.0,38.0,471.3,15213,0.11038066181587056,21.08115353970075,1.771
2026-07-29T11:23:38.375838+00:00,1,BOTH,677.5,37.5,471.3,15090,0.3514620895241387,67.12431462860751,1.766
2026-07-29T11:23:38.392679+00:00,1,BOTH,677.5,37.5,471.3,15134,-0.32725755966734144,-62.50158994229793,1.763
2026-07-29T11:23:38.492541+00:00,1,BOTH,677.5,37.5,471.3,15160,-0.1429521240782924,-27.301844607055425,1.761
2026-07-29T11:23:38.509055+00:00,1,BOTH,677.5,37.5,471.3,15188,0.23626767442561686,45.123801933196205,1.76
2026-07-29T11:23:38.542563+00:00,1,BOTH,677.0,37.0,471.3,15252,0.3093718154542148,59.08566441942229,1.749
2026-07-29T11:23:38.609161+00:00,1,BOTH,678.0,38.0,471.3,15196,-0.026989291328936814,-5.154574950657028,1.762
2026-07-29T11:23:38.625777+00:00,1,BOTH,677.0,37.0,471.3,15121,0.2047052785982669,39.0958283591013,1.751
2026-07-29T11:23:38.642444+00:00,1,BOTH,677.0,37.0,471.3,15230,0.09265208309050649,17.69524441393814,1.744
2026-07-29T11:23:38.725674+00:00,1,BOTH,677.0,37.0,471.3,15287,-0.9455210504867136,-180.58121877888243,1.74
2026-07-29T11:23:38.775684+00:00,1,BOTH,677.5,37.5,471.3,14982,-0.9455210504867136,-180.58121877888243,1.747
2026-07-29T11:23:38.792449+00:00,1,BOTH,677.5,37.5,471.3,15048,0.11093427821528166,21.186886483552367,1.752
2026-07-29T11:23:38.859074+00:00,1,BOTH,678.0,38.0,471.3,15220,-0.3246716548036784,-62.00771849259711,1.763
2026-07-29T11:23:38.875725+00:00,1,LEFT,554.3,-85.7,471.3,14006,-0.0013289065472781659,-0.2538024550878043,-0.549
2026-07-29T11:23:38.942351+00:00,1,LEFT,553.3,-86.7,471.3,13954,-0.2541247749654576,-48.53425691744174,-1.955
2026-07-29T11:23:39.008983+00:00,1,NONE,0.0,0.0,471.3,0,0.26272895699366927,50.17753463870454,-2.799
2026-07-29T11:23:39.025731+00:00,1,NONE,0.0,0.0,471.3,0,0.47134752249345185,90.02074574274143,-3.305
2026-07-29T11:23:39.075683+00:00,1,LEFT,551.3,-88.7,471.3,14194,-0.11655603652121499,-22.260563231461017,-3.646
2026-07-29T11:23:39.108950+00:00,1,LEFT,553.3,-86.7,471.3,13969,-0.16813029817771166,-32.11052164619651,-3.813
2026-07-29T11:23:39.142246+00:00,1,NONE,0.0,0.0,471.3,0,-0.508511380571872,-97.1185198037969,-3.914
2026-07-29T11:23:39.258867+00:00,1,LEFT,553.3,-86.7,471.3,14246,0.0334241183847189,6.3835363913000505,-3.974
2026-07-29T11:23:39.275596+00:00,1,LEFT,554.3,-85.7,471.3,13973,-0.6908783035166561,-131.94803649554234,-3.991
2026-07-29T11:23:39.308719+00:00,1,NONE,0.0,0.0,471.3,0,0.1807442085305229,34.519601067438046,-4.002
2026-07-29T11:23:39.358883+00:00,1,NONE,0.0,0.0,471.3,0,0.1807442085305229,34.519601067438046,-4.008
2026-07-29T11:23:39.375554+00:00,1,LEFT,553.3,-86.7,471.3,14032,4.2814039854670405,817.687929192505,-4.03
2026-07-29T11:23:39.408906+00:00,1,LEFT,553.3,-86.7,471.3,14277,0.4616531691234559,88.16926063204411,-4.044
2026-07-29T11:23:39.458739+00:00,1,NONE,0.0,0.0,471.3,0,1.1607658300176262,221.68994354336638,-4.052
2026-07-29T11:23:39.508772+00:00,1,NONE,0.0,0.0,471.3,0,-0.03052712755277753,-5.8302518981056055,-4.057
2026-07-29T11:23:39.542131+00:00,1,LEFT,553.3,-86.7,471.3,14180,-0.09949691103771328,-19.002510256831957,-4.06
2026-07-29T11:23:39.558756+00:00,1,LEFT,553.3,-86.7,471.3,14240,1.08056469543837,206.37265513152602,-4.061
2026-07-29T11:23:39.575459+00:00,1,LEFT,553.3,-86.7,471.3,14155,-0.18914585471153259,-36.124197291218245,-4.062
2026-07-29T11:23:39.592196+00:00,1,LEFT,552.3,-87.7,471.3,13959,-0.15247818659525364,-29.121188532387592,-4.082
2026-07-29T11:23:39.625565+00:00,1,NONE,0.0,0.0,471.3,0,-0.01387827783357352,-2.6505558225790873,-4.093
2026-07-29T11:23:39.725283+00:00,1,LEFT,551.3,-88.7,471.3,14412,-0.14082419731654228,-26.895440531851353,-4.119
2026-07-29T11:23:39.742112+00:00,1,LEFT,551.3,-88.7,471.3,14104,0.19912077382905408,38.02926651261272,-4.135
2026-07-29T11:23:39.792126+00:00,1,NONE,0.0,0.0,471.3,0,1.2005924786254765,229.29627313463433,-4.144
2026-07-29T11:23:39.808704+00:00,1,NONE,0.0,0.0,471.3,0,0.04103896039538085,7.837864087532863,-4.149
2026-07-29T11:23:39.875220+00:00,1,LEFT,555.3,-84.7,471.3,13406,-0.35563553201034664,-67.92138343027517,-4.078
2026-07-29T11:23:39.891969+00:00,1,LEFT,554.3,-85.7,471.3,14073,-0.35563553201034664,-67.92138343027517,-4.054
2026-07-29T11:23:39.958644+00:00,1,LEFT,555.3,-84.7,471.3,12385,-1.6081924734264612,-307.14213790680344,-4.02
2026-07-29T11:23:39.775443+00:00,1,LEFT,554.3,-85.7,471.3,13100,1.1651124509982764,222.52008700114726,-4.019
2026-07-29T11:23:40.058676+00:00,1,LEFT,552.3,-87.7,471.3,14007,0.36953042216598986,70.57511197266261,-4.056
2026-07-29T11:23:40.141838+00:00,1,NONE,0.0,0.0,471.3,0,0.8210449421778321,156.80803325784166,-4.078
2026-07-29T11:23:40.025176+00:00,1,NONE,0.0,0.0,471.3,0,-0.058783880146220324,-11.22689411927099,-4.091
2026-07-29T11:23:40.008668+00:00,1,LEFT,547.3,-92.7,471.3,4482,-0.04327950790291652,-8.265777140800695,-4.193
2026-07-29T11:23:40.208708+00:00,1,LEFT,553.3,-86.7,471.3,9872,-0.5169320082850755,-98.72674123318842,-4.141
2026-07-29T11:23:40.241846+00:00,1,NONE,0.0,0.0,471.3,0,-0.13228181272977962,-25.263965252520997,-4.11
2026-07-29T11:23:40.258596+00:00,1,LEFT,551.3,-88.7,471.3,7716,0.17009935528971254,32.48658385332274,-4.129
2026-07-29T11:23:40.341850+00:00,1,NONE,0.0,0.0,471.3,0,0.8815539935231209,168.36441080592644,-4.141
2026-07-29T11:23:40.358463+00:00,1,NONE,0.0,0.0,471.3,0,1.1773465272132306,224.8566234456748,-4.148
2026-07-29T11:23:40.391775+00:00,1,NONE,0.0,0.0,471.3,0,0.23101986751891673,44.121544641684466,-4.152
2026-07-29T11:23:40.441844+00:00,0,NONE,0.0,0.0,471.3,0,-0.11133803463919321,-21.26399828035712,-2.491
2026-07-29T11:23:40.508373+00:00,0,NONE,0.0,0.0,471.3,0,0.04817613555118441,9.20096413444343,-1.495
2026-07-29T11:23:40.558310+00:00,0,NONE,0.0,0.0,471.3,0,0.06909022402018308,13.195260806566248,-0.897
2026-07-29T11:23:40.641841+00:00,0,NONE,0.0,0.0,471.3,0,-0.5138681216351688,-98.14158198670134,-0.538
2026-07-29T11:23:40.658288+00:00,0,NONE,0.0,0.0,471.3,0,0.08773358691483736,16.755880839214555,-0.323
2026-07-29T11:23:40.726013+00:00,0,NONE,0.0,0.0,471.3,0,0.4817214896157384,92.00202751912308,-0.194
2026-07-29T11:23:40.808325+00:00,0,NONE,0.0,0.0,471.3,0,0.0488792323321104,9.335245728231074,-0.116
2026-07-29T11:23:40.825026+00:00,1,LEFT,552.3,-87.7,471.3,1381,0.0488792323321104,9.335245728231074,-1.714
2026-07-29T11:23:40.891682+00:00,1,NONE,0.0,0.0,471.3,0,-0.10217885809019207,-19.514724413447244,-2.673
2026-07-29T11:23:40.925089+00:00,1,NONE,0.0,0.0,471.3,0,1.9460660497937352,371.67123768958976,-3.248
2026-07-29T11:23:40.941651+00:00,1,NONE,0.0,0.0,471.3,0,0.06627011990640312,12.656660594876005,-3.593
2026-07-29T11:23:41.091632+00:00,0,NONE,0.0,0.0,471.3,0,-0.713563548149541,-136.28059907782935,-2.156
2026-07-29T11:23:41.158270+00:00,0,NONE,0.0,0.0,471.3,0,-0.43188620410161094,-82.4841890831599,-1.294
2026-07-29T11:23:41.191570+00:00,0,NONE,0.0,0.0,471.3,0,-0.945561190303415,-180.58888491917378,-0.776
2026-07-29T11:23:41.224940+00:00,0,NONE,0.0,0.0,471.3,0,-0.945561190303415,-180.58888491917378,-0.466
2026-07-29T11:23:41.258178+00:00,0,NONE,0.0,0.0,471.3,0,0.37422629218548537,71.4719570835263,-0.279
2026-07-29T11:23:41.291532+00:00,0,NONE,0.0,0.0,471.3,0,-0.08801839553751051,-16.810275279374903,-0.168
2026-07-29T11:23:41.341511+00:00,0,NONE,0.0,0.0,471.3,0,-0.059331749454140666,-11.33152944949962,-0.101
2026-07-29T11:23:41.374857+00:00,0,NONE,0.0,0.0,471.3,0,-0.23491174725117162,-44.86483891845351,-0.06
2026-07-29T11:23:41.424919+00:00,0,NONE,0.0,0.0,471.3,0,0.473973511941731,90.52227278418238,-0.036
2026-07-29T11:23:41.324905+00:00,1,LEFT,549.3,-90.7,471.3,12465,0.4869281695969403,92.99643014645015,-1.722
2026-07-29T11:23:41.308178+00:00,1,NONE,0.0,0.0,471.3,0,0.052861607316881415,10.095823325117255,-2.734
2026-07-29T11:23:41.491503+00:00,1,NONE,0.0,0.0,471.3,0,-0.517203921538312,-98.77867283920217,-3.341
2026-07-29T11:23:41.508083+00:00,1,NONE,0.0,0.0,471.3,0,0.2930248364806175,55.96362140950154,-3.705
2026-07-29T11:23:41.591420+00:00,0,NONE,0.0,0.0,471.3,0,-0.20425928626209497,-39.01065009724186,-2.223
2026-07-29T11:23:41.608038+00:00,0,NONE,0.0,0.0,471.3,0,-0.20425928626209497,-39.01065009724186,-1.334
2026-07-29T11:23:41.624777+00:00,0,NONE,0.0,0.0,471.3,0,-0.12112045258283616,-23.132302485703075,-0.8
2026-07-29T11:23:41.724716+00:00,0,NONE,0.0,0.0,471.3,0,-0.08502183250151575,-16.237973896016875,-0.48
2026-07-29T11:23:41.641270+00:00,0,NONE,0.0,0.0,471.3,0,1.0021646692231299,191.39935307869843,-0.288
2026-07-29T11:23:41.791390+00:00,1,LEFT,548.3,-91.7,471.3,8644,-0.3452344728074968,-65.93492744764518,-1.892
2026-07-29T11:23:41.874725+00:00,1,LEFT,558.3,-81.7,471.3,1581,-0.3452344728074968,-65.93492744764518,-2.667
2026-07-29T11:23:41.891342+00:00,1,NONE,0.0,0.0,471.3,0,0.16981922186911105,32.43308231098599,-3.132
2026-07-29T11:23:41.907910+00:00,1,NONE,0.0,0.0,471.3,0,-0.5806080818548799,-110.8879754715695,-3.411
2026-07-29T11:23:41.941290+00:00,1,NONE,0.0,0.0,471.3,0,-0.21242111088708043,-40.56944377770057,-3.579
2026-07-29T11:23:41.974698+00:00,0,NONE,0.0,0.0,471.3,0,-0.526454032883048,-100.54531397280037,-2.147
2026-07-29T11:23:42.024511+00:00,0,NONE,0.0,0.0,471.3,0,-0.129016576372087,-24.64035104449281,-1.288
2026-07-29T11:23:42.041273+00:00,0,NONE,0.0,0.0,471.3,0,1.334366155788303e-05,0.0025484516350588625,-0.773
2026-07-29T11:23:42.074589+00:00,1,LEFT,558.3,-81.7,471.3,2753,6.102200153691229e-05,0.01165434381835299,-1.996
2026-07-29T11:23:42.058043+00:00,1,NONE,0.0,0.0,471.3,0,-7.016583738732152e-05,-0.013400687827649206,-2.729
2026-07-29T11:23:42.008003+00:00,1,NONE,0.0,0.0,471.3,0,0.4890046713571064,93.39301276981351,-3.169
2026-07-29T11:23:42.174487+00:00,1,NONE,0.0,0.0,471.3,0,0.4538690043520182,86.68259467058479,-3.434
2026-07-29T11:23:42.241162+00:00,0,NONE,0.0,0.0,471.3,0,-0.6877727051917464,-131.35491090594158,-2.06
2026-07-29T11:23:42.291200+00:00,0,NONE,0.0,0.0,471.3,0,-0.18571150997187943,-35.46828576130131,-1.236
2026-07-29T11:23:42.324414+00:00,0,NONE,0.0,0.0,471.3,0,5.1973724621348085e-05,0.009926250221261394,-0.742
2026-07-29T11:23:42.341110+00:00,0,NONE,0.0,0.0,471.3,0,5.1973724621348085e-05,0.009926250221261394,-0.445
2026-07-29T11:23:42.441138+00:00,0,NONE,0.0,0.0,471.3,0,-0.37810780155705287,-72.21327076729729,-0.267
2026-07-29T11:23:42.491070+00:00,0,NONE,0.0,0.0,471.3,0,0.15268177058547736,29.160070210441763,-0.16
2026-07-29T11:23:42.507824+00:00,0,NONE,0.0,0.0,471.3,0,0.9335852836444974,178.30165522784517,-0.096
2026-07-29T11:23:42.524477+00:00,0,NONE,0.0,0.0,471.3,0,0.45845313124358655,87.5580984160491,-0.058
2026-07-29T11:23:42.557782+00:00,0,NONE,0.0,0.0,471.3,0,-0.21225869487039745,-40.5384246034297,-0.035
2026-07-29T11:23:42.591025+00:00,0,NONE,0.0,0.0,471.3,0,0.2558147879410535,48.857025620188374,-0.021
2026-07-29T11:23:42.607818+00:00,0,NONE,0.0,0.0,471.3,0,-0.09563659983308753,-18.2652451247249,-0.012
2026-07-29T11:23:42.690990+00:00,0,NONE,0.0,0.0,471.3,0,-0.26864603980910035,-51.307614213216496,-0.007
2026-07-29T11:23:42.707783+00:00,0,NONE,0.0,0.0,471.3,0,3.8699840661138293e-05,0.00739112512570666,-0.004
2026-07-29T11:23:42.724468+00:00,0,NONE,0.0,0.0,471.3,0,3.166222886648029e-06,0.0006047040280088684,-0.003
2026-07-29T11:23:42.791174+00:00,1,LEFT,550.3,-89.7,471.3,10754,-0.3311809212132357,-63.250896802576804,-1.683
2026-07-29T11:23:42.757756+00:00,1,NONE,0.0,0.0,471.3,0,-0.3311809212132357,-63.250896802576804,-2.692
2026-07-29T11:23:42.874298+00:00,1,NONE,0.0,0.0,471.3,0,0.6758255630452186,129.07317483181188,-3.297
2026-07-29T11:23:42.907546+00:00,1,NONE,0.0,0.0,471.3,0,-0.3465693820873275,-66.18987634020233,-3.66
2026-07-29T11:23:42.974218+00:00,0,NONE,0.0,0.0,471.3,0,-5.221268133027479e-05,-0.009971887590954182,-2.196
2026-07-29T11:23:42.990956+00:00,0,NONE,0.0,0.0,471.3,0,1.0519124957174062,200.90048807226884,-1.318
2026-07-29T11:23:43.024231+00:00,0,NONE,0.0,0.0,471.3,0,0.20769144890829921,39.66614487800838,-0.791
2026-07-29T11:23:43.074209+00:00,0,NONE,0.0,0.0,471.3,0,-2.7472920482978228e-05,-0.0052469413152438785,-0.474
2026-07-29T11:23:43.107449+00:00,0,NONE,0.0,0.0,471.3,0,-3.7100606714375314e-05,-0.007085693940361432,-0.285
2026-07-29T11:23:43.124220+00:00,0,NONE,0.0,0.0,471.3,0,-0.07957042758818716,-15.196832249514848,-0.171
2026-07-29T11:23:43.190912+00:00,1,LEFT,551.3,-88.7,471.3,4613,0.8799537293799221,168.0587828675551,-1.766
2026-07-29T11:23:43.207523+00:00,1,NONE,0.0,0.0,471.3,0,0.8799537293799221,168.0587828675551,-2.722
2026-07-29T11:23:43.224278+00:00,1,NONE,0.0,0.0,471.3,0,-0.6454383059311658,-123.26963621976483,-3.297
2026-07-29T11:23:43.274147+00:00,1,LEFT,554.3,-85.7,471.3,11383,0.22513928748201578,42.998436584340105,-3.585
2026-07-29T11:23:43.290951+00:00,1,NONE,0.0,0.0,471.3,0,-4.023837129352614e-05,-0.00768496283199805,-3.758
2026-07-29T11:23:43.324166+00:00,1,LEFT,555.3,-84.7,471.3,10439,-1.079619948239997,-206.19222170761407,-3.843
2026-07-29T11:23:43.340926+00:00,1,NONE,0.0,0.0,471.3,0,0.04714481443166733,9.003996309539975,-3.894
2026-07-29T11:23:43.390832+00:00,1,NONE,0.0,0.0,471.3,0,-0.5260445000417531,-100.46709896153969,-3.924
2026-07-29T11:23:43.440963+00:00,1,LEFT,551.3,-88.7,471.3,1995,-0.5357594496384263,-102.32251766177869,-4.018
2026-07-29T11:23:43.457556+00:00,1,NONE,0.0,0.0,471.3,0,-0.09790906900539995,-18.69925476688186,-4.074
2026-07-29T11:23:43.490870+00:00,1,NONE,0.0,0.0,471.3,0,-4.698138713138178e-05,-0.008972783994328045,-4.107
2026-07-29T11:23:43.590692+00:00,1,NONE,0.0,0.0,471.3,0,-7.393987965770066e-05,-0.014121476806971525,-4.128
2026-07-29T11:23:43.690673+00:00,0,NONE,0.0,0.0,471.3,0,-1.619033544884296,-309.21263003991567,-2.477
2026-07-29T11:23:43.724162+00:00,0,NONE,0.0,0.0,471.3,0,-0.21399262921302578,-40.86958166938102,-1.486
2026-07-29T11:23:43.757288+00:00,1,LEFT,549.3,-90.7,471.3,11925,-1.911731204017997e-05,-0.0036511376517898188,-2.592
2026-07-29T11:23:43.807370+00:00,1,NONE,0.0,0.0,471.3,0,-0.03330081946216524,-6.3599880316972675,-3.256
2026-07-29T11:23:43.824091+00:00,1,NONE,0.0,0.0,471.3,0,-1.5654314906336366,-298.9753917672688,-3.654
2026-07-29T11:23:43.857284+00:00,1,NONE,0.0,0.0,471.3,0,0.16950660550501198,32.37337698342065,-3.893
2026-07-29T11:23:43.940551+00:00,0,NONE,0.0,0.0,471.3,0,-0.10668295877054333,-20.37494427840101,-2.336
2026-07-29T11:23:43.957328+00:00,0,NONE,0.0,0.0,471.3,0,-0.05431826177518815,-10.374023834016894,-1.402
2026-07-29T11:23:43.990583+00:00,0,NONE,0.0,0.0,471.3,0,0.18185863815248013,34.732441447113075,-0.841
2026-07-29T11:23:44.023954+00:00,0,NONE,0.0,0.0,471.3,0,0.21372268553823232,40.81802622514129,-0.505
2026-07-29T11:23:44.057270+00:00,0,NONE,0.0,0.0,471.3,0,-0.46612574407830837,-89.02345952694066,-0.303
2026-07-29T11:23:44.173944+00:00,1,LEFT,557.3,-82.7,471.3,2782,0.31979881627019496,61.077074885206045,-1.732
2026-07-29T11:23:44.240644+00:00,1,NONE,0.0,0.0,471.3,0,-0.861791921253316,-164.59013302095198,-2.59
2026-07-29T11:23:44.257343+00:00,1,LEFT,547.3,-92.7,471.3,3841,0.10329000709927641,19.72693824221616,-3.292
2026-07-29T11:23:44.357280+00:00,1,LEFT,553.3,-86.7,471.3,8947,-1.0094298847392202,-192.7869070331149,-3.601
2026-07-29T11:23:44.440515+00:00,1,NONE,0.0,0.0,471.3,0,0.16250931726768614,31.036993369969622,-3.786
2026-07-29T11:23:44.457309+00:00,1,NONE,0.0,0.0,471.3,0,-0.30598039023578166,-58.43794991425411,-3.897
2026-07-29T11:23:44.473710+00:00,1,NONE,0.0,0.0,471.3,0,1.60636703367345e-05,0.003067935045947936,-3.964
2026-07-29T11:23:44.490533+00:00,0,NONE,0.0,0.0,471.3,0,-0.56741393877659,-108.36807976264365,-2.378
2026-07-29T11:23:44.540422+00:00,0,NONE,0.0,0.0,471.3,0,-6.516847817692905e-05,-0.01244626252276148,-1.427
2026-07-29T11:23:44.590446+00:00,0,NONE,0.0,0.0,471.3,0,0.04573437185375951,8.73462161967441,-0.856
2026-07-29T11:23:44.640351+00:00,0,NONE,0.0,0.0,471.3,0,-1.2906384763482492e-05,-0.0024649379190649933,-0.514
2026-07-29T11:23:44.657250+00:00,0,NONE,0.0,0.0,471.3,0,-1.771046983776614e-05,-0.003382450582992479,-0.308
2026-07-29T11:23:44.707396+00:00,0,NONE,0.0,0.0,471.3,0,-4.4634902151301505e-05,-0.008524638374163248,-0.185
2026-07-29T11:23:44.740253+00:00,0,NONE,0.0,0.0,471.3,0,-3.675591404316947e-05,-0.007019862489397481,-0.111
2026-07-29T11:23:44.773826+00:00,0,NONE,0.0,0.0,471.3,0,1.5270470261387528,291.6444990525134,-0.067
2026-07-29T11:23:44.840407+00:00,0,NONE,0.0,0.0,471.3,0,-0.16411600382067262,-31.34384789825812,-0.04
2026-07-29T11:23:44.923693+00:00,0,NONE,0.0,0.0,471.3,0,-5.384632910136133e-05,-0.010283891332601556,-0.024
2026-07-29T11:23:44.957031+00:00,0,NONE,0.0,0.0,471.3,0,0.028512350977398456,5.445457916668797,-0.014
2026-07-29T11:23:45.007150+00:00,0,NONE,0.0,0.0,471.3,0,2.2861230672788224e-06,0.0004366173440085963,-0.009
2026-07-29T11:23:45.023609+00:00,1,LEFT,552.3,-87.7,471.3,7827,-0.5367374358722009,-102.50929927383595,-1.65
2026-07-29T11:23:45.040364+00:00,1,LEFT,553.3,-86.7,471.3,9561,0.22413152812048792,42.80596872373896,-2.615
2026-07-29T11:23:45.107042+00:00,1,NONE,0.0,0.0,471.3,0,0.9775156238581986,186.6917321839082,-3.195
2026-07-29T11:23:45.123699+00:00,1,NONE,0.0,0.0,471.3,0,1.0842994960397483,207.08594950413232,-3.543
2026-07-29T11:23:45.156963+00:00,1,NONE,0.0,0.0,471.3,0,-0.2992261661961675,-57.14798814306847,-3.751
2026-07-29T11:23:45.190472+00:00,0,NONE,0.0,0.0,471.3,0,-1.2878510664775968,-245.96143583529437,-2.251
2026-07-29T11:23:45.240361+00:00,0,NONE,0.0,0.0,471.3,0,0.41822882521897553,79.87582185253956,-1.35
2026-07-29T11:23:45.273535+00:00,0,NONE,0.0,0.0,471.3,0,0.41822882521897553,79.87582185253956,-0.81
2026-07-29T11:23:45.306842+00:00,0,NONE,0.0,0.0,471.3,0,0.5198726105038076,99.28835488772229,-0.486
2026-07-29T11:23:45.373521+00:00,0,NONE,0.0,0.0,471.3,0,0.6435850611701608,122.9156925423971,-0.292
2026-07-29T11:23:45.406746+00:00,0,NONE,0.0,0.0,471.3,0,0.6435850611701608,122.9156925423971,-0.175
2026-07-29T11:23:45.423530+00:00,0,NONE,0.0,0.0,471.3,0,-1.4795949589181692,-282.58182178281174,-0.105
2026-07-29T11:23:45.440367+00:00,0,NONE,0.0,0.0,471.3,0,0.6711314035579562,128.17665640854042,-0.063
2026-07-29T11:23:45.456763+00:00,1,LEFT,553.3,-86.7,471.3,6374,-0.8017845377512276,-153.1295669733099,-1.663
2026-07-29T11:23:45.523516+00:00,1,NONE,0.0,0.0,471.3,0,0.6039808919560165,115.35185338542237,-2.624
2026-07-29T11:23:45.540310+00:00,1,NONE,0.0,0.0,471.3,0,0.6039808919560165,115.35185338542237,-3.2
2026-07-29T11:23:45.606789+00:00,1,NONE,0.0,0.0,471.3,0,-0.168036851384677,-32.09267462336345,-3.546
2026-07-29T11:23:45.690179+00:00,0,NONE,0.0,0.0,471.3,0,-0.168036851384677,-32.09267462336345,-2.127
2026-07-29T11:23:45.723385+00:00,0,NONE,0.0,0.0,471.3,0,1.8586215668171644,354.9705716353862,-1.276
2026-07-29T11:23:45.756831+00:00,0,NONE,0.0,0.0,471.3,0,1.8586215668171644,354.9705716353862,-0.766
2026-07-29T11:23:45.773329+00:00,0,NONE,0.0,0.0,471.3,0,0.6588053741119801,125.82255819051244,-0.46
2026-07-29T11:23:45.790153+00:00,0,NONE,0.0,0.0,471.3,0,-0.25030902213416995,-47.80550180778214,-0.276
2026-07-29T11:23:45.840166+00:00,0,NONE,0.0,0.0,471.3,0,-0.6283960419089999,-120.014803547039,-0.165
2026-07-29T11:23:45.939947+00:00,0,NONE,0.0,0.0,471.3,0,-0.6243276971206069,-119.23780692710912,-0.099
2026-07-29T11:23:45.956690+00:00,0,NONE,0.0,0.0,471.3,0,2.3157876900583507,442.2828696289783,-0.06
2026-07-29T11:23:45.990127+00:00,0,NONE,0.0,0.0,471.3,0,0.7462940148822963,142.53165776209676,-0.036
2026-07-29T11:23:46.023449+00:00,0,NONE,0.0,0.0,471.3,0,0.0002682422543875873,0.051230496878277805,-0.021
2026-07-29T11:23:46.056606+00:00,0,NONE,0.0,0.0,471.3,0,-0.13121749293990434,-25.060695145813987,-0.013
2026-07-29T11:23:46.073399+00:00,0,NONE,0.0,0.0,471.3,0,0.6330868389923126,120.9106797984593,-0.008
2026-07-29T11:23:46.140098+00:00,0,NONE,0.0,0.0,471.3,0,-0.23277850355952978,-44.45741938444022,-0.005
2026-07-29T11:23:46.173273+00:00,1,LEFT,555.3,-84.7,471.3,5487,-0.24702993766404688,-47.179242805099,-1.591
2026-07-29T11:23:46.207088+00:00,1,NONE,0.0,0.0,471.3,0,-0.24752967880573123,-47.274686332657545,-2.543
2026-07-29T11:23:46.223327+00:00,1,NONE,0.0,0.0,471.3,0,-0.24752967880573123,-47.274686332657545,-3.114
2026-07-29T11:23:46.239836+00:00,1,NONE,0.0,0.0,471.3,0,-0.08048309274716303,-15.371138455241361,-3.456
2026-07-29T11:23:46.273057+00:00,1,RIGHT,562.7,-77.3,471.3,9545,0.20593761233845725,39.331186766649566,-3.523
2026-07-29T11:23:46.290054+00:00,1,NONE,0.0,0.0,471.3,0,-0.07433687622658908,-14.197297566566462,-3.563
2026-07-29T11:23:46.406518+00:00,1,NONE,0.0,0.0,471.3,0,-0.32989621205255387,-63.005535426547254,-3.587
2026-07-29T11:23:46.423285+00:00,1,NONE,0.0,0.0,471.3,0,-0.47145582034252587,-90.04142910834904,-3.602
2026-07-29T11:23:46.439881+00:00,0,NONE,0.0,0.0,471.3,0,-0.8826224289275706,-168.56846693711753,-2.161
2026-07-29T11:23:46.523277+00:00,0,NONE,0.0,0.0,471.3,0,-0.08218741253018379,-15.696639556933832,-1.297
2026-07-29T11:23:46.639818+00:00,0,NONE,0.0,0.0,471.3,0,-0.11067472815513611,-21.137316073490013,-0.778
2026-07-29T11:23:46.656440+00:00,0,NONE,0.0,0.0,471.3,0,0.7262414754694327,138.701904839174,-0.467
2026-07-29T11:23:46.689816+00:00,0,NONE,0.0,0.0,471.3,0,-0.0012171639874577521,-0.23246119818881156,-0.28
2026-07-29T11:23:46.706529+00:00,0,NONE,0.0,0.0,471.3,0,-0.0004774832405382767,-0.09119258157024383,-0.168
2026-07-29T11:23:46.739795+00:00,0,NONE,0.0,0.0,471.3,0,0.34907095684669914,66.66764192636383,-0.101
2026-07-29T11:23:46.806508+00:00,0,NONE,0.0,0.0,471.3,0,0.24747249813750385,47.26376562946032,-0.06
2026-07-29T11:23:46.856484+00:00,0,NONE,0.0,0.0,471.3,0,-0.07964892453979701,-15.21182406295447,-0.036
2026-07-29T11:23:46.873004+00:00,0,NONE,0.0,0.0,471.3,0,-0.28482308726757766,-54.39720269439511,-0.022
2026-07-29T11:23:46.906486+00:00,0,NONE,0.0,0.0,471.3,0,-0.04269967071712017,-8.155036395631116,-0.013
2026-07-29T11:23:46.972956+00:00,0,NONE,0.0,0.0,471.3,0,0.09525496320798993,18.192357898305865,-0.008
2026-07-29T11:23:46.989696+00:00,0,NONE,0.0,0.0,471.3,0,-0.045568982996046545,-8.703034674589603,-0.005
2026-07-29T11:23:47.006493+00:00,0,NONE,0.0,0.0,471.3,0,-1.174408594740089,-224.29551967499,-0.003
2026-07-29T11:23:47.039660+00:00,0,NONE,0.0,0.0,471.3,0,-0.25868216425238644,-49.40465415657226,-0.002
2026-07-29T11:23:47.056452+00:00,0,NONE,0.0,0.0,471.3,0,-0.15543129782192408,-29.685191231457317,-0.001
2026-07-29T11:23:47.123055+00:00,0,NONE,0.0,0.0,471.3,0,0.06098678220063448,11.647617420599754,-0.001
2026-07-29T11:23:47.156376+00:00,0,NONE,0.0,0.0,471.3,0,-0.10588811702094972,-20.22314068629265,-0.0
2026-07-29T11:23:47.239636+00:00,0,NONE,0.0,0.0,471.3,0,-0.5981993729248642,-114.2476645865571,-0.0
2026-07-29T11:23:47.272978+00:00,0,NONE,0.0,0.0,471.3,0,0.7647938614152372,146.06486818868757,-0.0
2026-07-29T11:23:47.306353+00:00,0,NONE,0.0,0.0,471.3,0,0.09210675221867859,17.591093889291717,-0.0
2026-07-29T11:23:47.372982+00:00,1,LEFT,549.3,-90.7,471.3,5076,0.016665755049325527,3.1829247557506464,-1.701
2026-07-29T11:23:47.389515+00:00,1,NONE,0.0,0.0,471.3,0,0.016665755049325527,3.1829247557506464,-2.721
2026-07-29T11:23:47.422931+00:00,1,NONE,0.0,0.0,471.3,0,-0.021386198783293366,-4.084463100368421,-3.333
2026-07-29T11:23:47.522880+00:00,1,NONE,0.0,0.0,471.3,0,0.3026941214874387,57.810318815501475,-3.701
2026-07-29T11:23:47.556130+00:00,0,NONE,0.0,0.0,471.3,0,0.39014019900001584,74.5112894036499,-2.22
2026-07-29T11:23:47.572862+00:00,0,NONE,0.0,0.0,471.3,0,-0.018959478228352963,-3.6209936141826535,-1.332
2026-07-29T11:23:47.639577+00:00,0,NONE,0.0,0.0,471.3,0,0.0764309953385964,14.597244856285474,-0.799
2026-07-29T11:23:47.706230+00:00,1,LEFT,554.3,-85.7,471.3,7230,-0.3336400903225876,-63.72056350615951,-2.086
2026-07-29T11:23:47.789561+00:00,1,NONE,0.0,0.0,471.3,0,-2.0267103238310664,-387.0731595037082,-2.859
2026-07-29T11:23:47.806077+00:00,1,NONE,0.0,0.0,471.3,0,-2.0267103238310664,-387.0731595037082,-3.322
2026-07-29T11:23:47.822878+00:00,1,NONE,0.0,0.0,471.3,0,-0.23417638817802072,-44.724395680726175,-3.6
2026-07-29T11:23:47.872672+00:00,0,NONE,0.0,0.0,471.3,0,0.11981957064941526,22.883852337603624,-2.16
2026-07-29T11:23:47.923329+00:00,0,NONE,0.0,0.0,471.3,0,0.7913359100557864,151.13402607780228,-1.296
2026-07-29T11:23:47.939526+00:00,0,NONE,0.0,0.0,471.3,0,0.17644120863638818,33.697788623507506,-0.778
2026-07-29T11:23:47.972745+00:00,0,NONE,0.0,0.0,471.3,0,-0.28068475844338536,-53.60684010818326,-0.467
2026-07-29T11:23:47.989514+00:00,1,LEFT,546.3,-93.7,471.3,4193,-0.6251437421888113,-119.39366005477771,-2.037
2026-07-29T11:23:48.022753+00:00,1,NONE,0.0,0.0,471.3,0,0.40726835241541265,77.78252574216597,-2.979
2026-07-29T11:23:48.072719+00:00,1,NONE,0.0,0.0,471.3,0,0.40726835241541265,77.78252574216597,-3.544
2026-07-29T11:23:48.139457+00:00,1,NONE,0.0,0.0,471.3,0,-0.4803220524266362,-91.73475470369239,-3.883
2026-07-29T11:23:48.156053+00:00,1,LEFT,549.3,-90.7,471.3,3541,-0.14406731061986647,-27.51482954772871,-4.031
2026-07-29T11:23:48.206028+00:00,1,NONE,0.0,0.0,471.3,0,-0.7244064883212559,-138.3514481090031,-4.119
2026-07-29T11:23:48.239466+00:00,1,NONE,0.0,0.0,471.3,0,-0.09355673869140446,-17.86802090675256,-4.172
2026-07-29T11:23:48.339266+00:00,1,NONE,0.0,0.0,471.3,0,0.16289622276090085,31.110886876075057,-4.204
2026-07-29T11:23:48.355990+00:00,0,NONE,0.0,0.0,471.3,0,-0.04577255022712052,-8.741913151881944,-2.522
2026-07-29T11:23:48.439403+00:00,0,NONE,0.0,0.0,471.3,0,0.09573210028931499,18.283484368336254,-1.513
2026-07-29T11:23:48.489243+00:00,0,NONE,0.0,0.0,471.3,0,0.18657834226236447,35.63383853393615,-0.908
2026-07-29T11:23:48.505987+00:00,1,LEFT,549.3,-90.7,471.3,11016,-0.17040116403717548,-32.544225078155264,-2.245
2026-07-29T11:23:48.605829+00:00,1,NONE,0.0,0.0,471.3,0,-0.12625139966607093,-24.112241194950784,-3.048
2026-07-29T11:23:48.689255+00:00,1,NONE,0.0,0.0,471.3,0,0.2883205128274858,55.06516177354149,-3.529
2026-07-29T11:23:48.722610+00:00,1,NONE,0.0,0.0,471.3,0,-0.21914835921103076,-41.854253566696606,-3.818
2026-07-29T11:23:48.739370+00:00,0,NONE,0.0,0.0,471.3,0,-0.21914835921103076,-41.854253566696606,-2.291
2026-07-29T11:23:48.755911+00:00,0,NONE,0.0,0.0,471.3,0,0.044961928215343505,8.587095751697854,-1.375
2026-07-29T11:23:48.805870+00:00,0,NONE,0.0,0.0,471.3,0,-0.06581791149452329,-12.57029515000591,-0.825
2026-07-29T11:23:48.839258+00:00,0,NONE,0.0,0.0,471.3,0,-0.42214600190054624,-80.62394749074309,-0.495
2026-07-29T11:23:48.889194+00:00,0,NONE,0.0,0.0,471.3,0,-0.36650119225494565,-69.9965716757372,-0.297
2026-07-29T11:23:48.905795+00:00,0,NONE,0.0,0.0,471.3,0,-0.35381394722498954,-67.57348636285448,-0.178
2026-07-29T11:23:49.022394+00:00,0,NONE,0.0,0.0,471.3,0,-0.5880392220336944,-112.30721870229006,-0.107
2026-07-29T11:23:49.055943+00:00,0,NONE,0.0,0.0,471.3,0,-0.1983893056632951,-37.889566383458835,-0.064
2026-07-29T11:23:49.072438+00:00,1,LEFT,554.3,-85.7,471.3,9747,0.3875881389249116,74.02388183242552,-1.645
2026-07-29T11:23:49.089177+00:00,1,NONE,0.0,0.0,471.3,0,0.00015769329853355886,0.03011720154489819,-2.594
2026-07-29T11:23:49.155824+00:00,1,NONE,0.0,0.0,471.3,0,0.00015769329853355886,0.03011720154489819,-3.163
2026-07-29T11:23:49.172343+00:00,1,NONE,0.0,0.0,471.3,0,-0.9632490768190474,-183.96702240534745,-3.505
2026-07-29T11:23:49.305789+00:00,0,NONE,0.0,0.0,471.3,0,0.5692571628186852,108.72010962367398,-2.103
2026-07-29T11:23:49.355879+00:00,1,LEFT,547.3,-92.7,471.3,1919,0.5692571628186852,108.72010962367398,-3.0
2026-07-29T11:23:49.372372+00:00,1,NONE,0.0,0.0,471.3,0,0.6325094214535784,120.8004011718383,-3.538
2026-07-29T11:23:49.455746+00:00,1,LEFT,550.3,-89.7,471.3,6629,-0.06017700998578221,-11.492962319673103,-3.805
2026-07-29T11:23:49.472382+00:00,1,NONE,0.0,0.0,471.3,0,0.9236223562061787,176.398876248476,-3.965
2026-07-29T11:23:49.538999+00:00,1,NONE,0.0,0.0,471.3,0,0.5003789462521673,95.5653392581755,-4.061
2026-07-29T11:23:49.555724+00:00,1,NONE,0.0,0.0,471.3,0,0.5003789462521673,95.5653392581755,-4.118
2026-07-29T11:23:49.605714+00:00,0,NONE,0.0,0.0,471.3,0,0.6097152360901237,116.4470324426222,-2.471
2026-07-29T11:23:49.622320+00:00,0,NONE,0.0,0.0,471.3,0,1.9196560395509004,366.62729727688406,-1.483
2026-07-29T11:23:49.688883+00:00,0,NONE,0.0,0.0,471.3,0,1.9196560395509004,366.62729727688406,-0.89
2026-07-29T11:23:49.705697+00:00,0,NONE,0.0,0.0,471.3,0,0.4636919325962663,88.55863577343568,-0.534
2026-07-29T11:23:49.722288+00:00,0,NONE,0.0,0.0,471.3,0,-2.501613768301904,-477.7730363183897,-0.32
2026-07-29T11:23:49.755648+00:00,0,NONE,0.0,0.0,471.3,0,0.9951534951850772,190.06031747265806,-0.192
2026-07-29T11:23:49.822254+00:00,0,NONE,0.0,0.0,471.3,0,0.4220922249928117,80.61367685791492,-0.115
2026-07-29T11:23:49.872280+00:00,0,NONE,0.0,0.0,471.3,0,0.3383293756889179,64.61615104090345,-0.069
2026-07-29T11:23:49.972189+00:00,0,NONE,0.0,0.0,471.3,0,0.06629506298573688,12.661424372122285,-0.042
2026-07-29T11:23:49.989086+00:00,0,NONE,0.0,0.0,471.3,0,0.06629506298573688,12.661424372122285,-0.025
2026-07-29T11:23:50.088923+00:00,0,NONE,0.0,0.0,471.3,0,-0.003516950132325292,-0.6716879978007186,-0.015
2026-07-29T11:23:50.122140+00:00,0,NONE,0.0,0.0,471.3,0,-0.17900036606471986,-34.18655168935071,-0.009
2026-07-29T11:23:50.238941+00:00,0,NONE,0.0,0.0,471.3,0,-0.22254573890473694,-42.50310529287265,-0.005
2026-07-29T11:23:50.255475+00:00,0,NONE,0.0,0.0,471.3,0,0.24142208200646564,46.10822126743911,-0.003
2026-07-29T11:23:50.305458+00:00,1,LEFT,551.3,-88.7,471.3,9815,0.5404688738007098,103.22195142323129,-1.665
2026-07-29T11:23:50.405447+00:00,1,NONE,0.0,0.0,471.3,0,-0.07905246152309701,-15.097908017979302,-2.662
2026-07-29T11:23:50.455453+00:00,1,NONE,0.0,0.0,471.3,0,-0.025761914011090993,-4.920163150048186,-3.26
2026-07-29T11:23:50.472035+00:00,1,NONE,0.0,0.0,471.3,0,0.01448896737769246,2.7671889341483658,-3.619
2026-07-29T11:23:50.488749+00:00,0,NONE,0.0,0.0,471.3,0,0.11709358653053642,22.363227720832136,-2.172
2026-07-29T11:23:50.505439+00:00,0,NONE,0.0,0.0,471.3,0,0.13315460824102046,25.430656916427875,-1.303
2026-07-29T11:23:50.538788+00:00,0,NONE,0.0,0.0,471.3,0,-0.02241598048247397,-4.281136917644617,-0.782
2026-07-29T11:23:50.555431+00:00,0,NONE,0.0,0.0,471.3,0,0.3082693030498922,58.8751000606606,-0.469
2026-07-29T11:23:50.655364+00:00,0,NONE,0.0,0.0,471.3,0,-0.06914158569648862,-13.205070164169662,-0.281
2026-07-29T11:23:50.522052+00:00,1,LEFT,545.3,-94.7,471.3,1778,0.22353718581609427,42.6924577049795,-1.944
2026-07-29T11:23:50.705312+00:00,1,NONE,0.0,0.0,471.3,0,-0.32836796345975017,-62.713661445165734,-2.942
2026-07-29T11:23:50.805276+00:00,1,LEFT,552.3,-87.7,471.3,7747,-0.0937637332547456,-17.907553956291228,-3.41
2026-07-29T11:23:50.755347+00:00,1,NONE,0.0,0.0,471.3,0,0.005783922979608178,1.1046479192009344,-3.69
2026-07-29T11:23:50.738585+00:00,1,NONE,0.0,0.0,471.3,0,0.005783922979608178,1.1046479192009344,-3.859
2026-07-29T11:23:50.922013+00:00,1,NONE,0.0,0.0,471.3,0,0.07361318519338965,14.059082760320498,-3.959
2026-07-29T11:23:50.988620+00:00,0,NONE,0.0,0.0,471.3,0,0.1404307903535664,26.820305336486097,-2.376
2026-07-29T11:23:51.038658+00:00,0,NONE,0.0,0.0,471.3,0,-0.12258348090166692,-23.411720312293486,-1.425
2026-07-29T11:23:51.055354+00:00,1,LEFT,548.3,-91.7,471.3,1573,-0.1759509026631713,-33.60414708038957,-2.575
2026-07-29T11:23:51.171977+00:00,1,NONE,0.0,0.0,471.3,0,0.013516365457326174,2.581435650204009,-3.264
2026-07-29T11:23:51.188699+00:00,1,NONE,0.0,0.0,471.3,0,0.04907990572974086,9.373571524046994,-3.678
2026-07-29T11:23:51.205181+00:00,1,NONE,0.0,0.0,471.3,0,-0.8749523023143411,-167.10358065955413,-3.926
2026-07-29T11:23:51.271917+00:00,0,NONE,0.0,0.0,471.3,0,-1.2141866358183324,-231.89256591192787,-2.356
2026-07-29T11:23:51.321961+00:00,0,NONE,0.0,0.0,471.3,0,0.940659667449072,179.65276301003792,-1.413
2026-07-29T11:23:51.338528+00:00,0,NONE,0.0,0.0,471.3,0,-0.02899505559820682,-5.537647708414737,-0.848
2026-07-29T11:23:51.355319+00:00,1,LEFT,556.3,-83.7,471.3,2002,-0.02899505559820682,-5.537647708414737,-2.078
2026-07-29T11:23:51.438564+00:00,1,NONE,0.0,0.0,471.3,0,-0.7566638339310885,-144.5121473147973,-2.816
2026-07-29T11:23:51.471803+00:00,1,NONE,0.0,0.0,471.3,0,-0.9163796201627702,-175.01561555709404,-3.259
2026-07-29T11:23:51.488473+00:00,1,NONE,0.0,0.0,471.3,0,0.7418961188057438,141.6917214823514,-3.525
2026-07-29T11:23:51.555335+00:00,0,NONE,0.0,0.0,471.3,0,-0.4331544094812125,-82.7263984691831,-2.115
2026-07-29T11:23:51.505221+00:00,0,NONE,0.0,0.0,471.3,0,-0.6760166464187205,-129.10966906793448,-1.269
2026-07-29T11:23:51.588531+00:00,0,NONE,0.0,0.0,471.3,0,1.6684113086760044,318.64308826344495,-0.761
2026-07-29T11:23:51.671685+00:00,0,NONE,0.0,0.0,471.3,0,-0.5107743230462074,-97.5507099806646,-0.457
2026-07-29T11:23:51.688434+00:00,0,NONE,0.0,0.0,471.3,0,-0.5107743230462074,-97.5507099806646,-0.274
2026-07-29T11:23:51.721663+00:00,0,NONE,0.0,0.0,471.3,0,-0.9559545895084739,-182.5738779499888,-0.164
2026-07-29T11:23:51.738424+00:00,0,NONE,0.0,0.0,471.3,0,0.36122718833503314,68.98931112324907,-0.099
2026-07-29T11:23:51.838445+00:00,0,NONE,0.0,0.0,471.3,0,-0.5212662609480322,-99.55452251629096,-0.059
2026-07-29T11:23:51.855119+00:00,1,LEFT,548.3,-91.7,471.3,8145,-0.5212662609480322,-99.55452251629096,-1.755
2026-07-29T11:23:51.871724+00:00,1,NONE,0.0,0.0,471.3,0,0.34062221872911325,65.05405180520057,-2.772
2026-07-29T11:23:51.905062+00:00,1,NONE,0.0,0.0,471.3,0,0.34062221872911325,65.05405180520057,-3.383
2026-07-29T11:23:51.921713+00:00,1,NONE,0.0,0.0,471.3,0,-0.34205935142934324,-65.3285239329453,-3.749
2026-07-29T11:23:52.038270+00:00,1,LEFT,557.3,-82.7,471.3,5976,0.024929982759058476,4.761275984759861,-3.8
2026-07-29T11:23:52.138411+00:00,1,NONE,0.0,0.0,471.3,0,-0.3209046787582338,-61.288279062827584,-3.831
2026-07-29T11:23:52.154879+00:00,1,LEFT,544.3,-95.7,471.3,7863,-0.3209046787582338,-61.288279062827584,-4.093
2026-07-29T11:23:52.205041+00:00,1,NONE,0.0,0.0,471.3,0,-0.08371414175257087,-15.988223359940731,-4.25
2026-07-29T11:23:52.271599+00:00,1,NONE,0.0,0.0,471.3,0,-0.5745793972723185,-109.73658152958166,-4.344
2026-07-29T11:23:52.221601+00:00,1,NONE,0.0,0.0,471.3,0,-0.5745793972723185,-109.73658152958166,-4.401
2026-07-29T11:23:52.338326+00:00,0,NONE,0.0,0.0,471.3,0,0.5594676299393178,106.85044656569961,-2.641
2026-07-29T11:23:52.388341+00:00,0,NONE,0.0,0.0,471.3,0,0.9786168646253646,186.90205367786274,-1.584
2026-07-29T11:23:52.404806+00:00,0,NONE,0.0,0.0,471.3,0,-0.43039034568704665,-82.19850117014768,-0.951
2026-07-29T11:23:52.471486+00:00,0,NONE,0.0,0.0,471.3,0,-0.3773069260828197,-72.06031481866695,-0.57
2026-07-29T11:23:52.521515+00:00,0,NONE,0.0,0.0,471.3,0,-0.3773069260828197,-72.06031481866695,-0.342
2026-07-29T11:23:52.554731+00:00,0,NONE,0.0,0.0,471.3,0,0.6232300843484699,119.02817832916543,-0.205
2026-07-29T11:23:52.588257+00:00,1,LEFT,543.3,-96.7,471.3,2410,0.6232300843484699,119.02817832916543,-1.936
2026-07-29T11:23:52.604874+00:00,1,NONE,0.0,0.0,471.3,0,-1.6385431247297675,-312.93868532397903,-2.975
2026-07-29T11:23:52.538766+00:00,1,NONE,0.0,0.0,471.3,0,1.632034326530993,311.6955964356719,-3.598
2026-07-29T11:23:52.621487+00:00,1,LEFT,550.3,-89.7,471.3,5376,-0.2935088791651651,-56.0560667525974,-3.841
2026-07-29T11:23:52.754851+00:00,1,NONE,0.0,0.0,471.3,0,-0.16638130011036992,-31.77648762074578,-3.986
2026-07-29T11:23:52.771406+00:00,1,NONE,0.0,0.0,471.3,0,-1.772727978564799,-338.56610465506947,-4.074
2026-07-29T11:23:52.788203+00:00,1,NONE,0.0,0.0,471.3,0,0.7026518160104751,134.1966117486769,-4.126
2026-07-29T11:23:52.804814+00:00,0,NONE,0.0,0.0,471.3,0,-0.0957676691398956,-18.290277518404253,-2.476
2026-07-29T11:23:52.721491+00:00,0,NONE,0.0,0.0,471.3,0,0.26745816569018643,51.0807469678612,-1.485
2026-07-29T11:23:52.954770+00:00,0,NONE,0.0,0.0,471.3,0,0.06512083245674148,12.43716286049945,-0.891
2026-07-29T11:23:53.004717+00:00,0,NONE,0.0,0.0,471.3,0,-0.08815059954766184,-16.83552438542949,-0.535
2026-07-29T11:23:52.971608+00:00,0,NONE,0.0,0.0,471.3,0,-0.05563796795089729,-10.626069147568506,-0.321
2026-07-29T11:23:53.054734+00:00,0,NONE,0.0,0.0,471.3,0,-0.15075714010745286,-28.792492865398263,-0.193
2026-07-29T11:23:53.104757+00:00,1,LEFT,551.3,-88.7,471.3,1865,0.2685002316860482,51.279766912984456,-1.779
2026-07-29T11:23:53.237939+00:00,1,NONE,0.0,0.0,471.3,0,-0.5907275605387986,-112.82065353643998,-2.73
2026-07-29T11:23:53.254672+00:00,1,LEFT,551.3,-88.7,471.3,3715,0.23287137404084204,44.47515633984203,-3.301
2026-07-29T11:23:53.271454+00:00,1,LEFT,554.3,-85.7,471.3,4368,-0.13356756292283534,-25.509525451088408,-3.588
2026-07-29T11:23:53.304650+00:00,1,NONE,0.0,0.0,471.3,0,0.0586209410475567,11.195775043700685,-3.759
2026-07-29T11:23:53.338061+00:00,1,NONE,0.0,0.0,471.3,0,-0.08180898419348523,-15.62436506846389,-3.863
2026-07-29T11:23:53.354693+00:00,1,NONE,0.0,0.0,471.3,0,-0.00016635458450764418,-0.031771385316468004,-3.924
2026-07-29T11:23:53.438005+00:00,0,NONE,0.0,0.0,471.3,0,0.17474212105385958,33.37328679850093,-2.355
2026-07-29T11:23:53.471457+00:00,0,NONE,0.0,0.0,471.3,0,-0.034142084210179745,-6.520657763411827,-1.413
2026-07-29T11:23:53.487984+00:00,1,LEFT,554.3,-85.7,471.3,6574,-0.034142084210179745,-6.520657763411827,-2.455
2026-07-29T11:23:53.587949+00:00,1,NONE,0.0,0.0,471.3,0,0.10475435401313007,20.00660790190557,-3.08
2026-07-29T11:23:53.637934+00:00,1,NONE,0.0,0.0,471.3,0,-0.30641947292140687,-58.52180853006609,-3.455
2026-07-29T11:23:53.654586+00:00,1,NONE,0.0,0.0,471.3,0,0.00011642463505268096,0.022235467399564945,-3.68
2026-07-29T11:23:53.671343+00:00,0,NONE,0.0,0.0,471.3,0,-0.006460302928462625,-1.2338269739230487,-2.208
2026-07-29T11:23:53.771249+00:00,1,LEFT,549.3,-90.7,471.3,7302,-0.6313031601300463,-120.57002222907747,-3.025
2026-07-29T11:23:53.821214+00:00,1,NONE,0.0,0.0,471.3,0,0.7323027581162751,139.85952455284053,-3.516
2026-07-29T11:23:53.837858+00:00,1,NONE,0.0,0.0,471.3,0,0.7323027581162751,139.85952455284053,-3.81
2026-07-29T11:23:53.871104+00:00,1,NONE,0.0,0.0,471.3,0,-0.20338962333276867,-38.844556712410586,-3.987
2026-07-29T11:23:53.921217+00:00,0,NONE,0.0,0.0,471.3,0,0.5089121458493173,97.19506033370692,-2.392
2026-07-29T11:23:53.971189+00:00,0,NONE,0.0,0.0,471.3,0,-0.2249139902740717,-42.95540798716918,-1.435
2026-07-29T11:23:54.004360+00:00,1,RIGHT,568.7,-71.3,471.3,11555,0.6861047926917672,131.0363630831218,-2.198
2026-07-29T11:23:54.121269+00:00,1,NONE,0.0,0.0,471.3,0,0.6861047926917672,131.0363630831218,-2.656
2026-07-29T11:23:54.137797+00:00,1,NONE,0.0,0.0,471.3,0,-4.044515109853819e-05,-0.007724454865717145,-2.93
2026-07-29T11:23:54.154536+00:00,1,NONE,0.0,0.0,471.3,0,0.3855929811578244,73.64283476736938,-3.095
2026-07-29T11:23:54.204522+00:00,0,NONE,0.0,0.0,471.3,0,9.7074662335217e-05,0.0185398948315517,-1.857
2026-07-29T11:23:54.237753+00:00,0,NONE,0.0,0.0,471.3,0,-0.030913713574409484,-5.9040843896331525,-1.114
2026-07-29T11:23:54.321102+00:00,0,NONE,0.0,0.0,471.3,0,-0.030913713574409484,-5.9040843896331525,-0.669
2026-07-29T11:23:54.354470+00:00,0,NONE,0.0,0.0,471.3,0,0.2529410240054131,48.30817713742471,-0.401
2026-07-29T11:23:54.371096+00:00,0,NONE,0.0,0.0,471.3,0,-0.1623959673754871,-31.01534513519873,-0.241
2026-07-29T11:23:54.421204+00:00,0,NONE,0.0,0.0,471.3,0,-0.12818068058695645,-24.48070670915696,-0.144
2026-07-29T11:23:54.437681+00:00,1,LEFT,548.3,-91.7,471.3,14391,-0.44927874878281726,-85.80592043391266,-1.806
2026-07-29T11:23:54.454440+00:00,1,NONE,0.0,0.0,471.3,0,0.24137605860829353,46.09943144585875,-2.803
2026-07-29T11:23:54.537794+00:00,1,NONE,0.0,0.0,471.3,0,-0.2188539269985631,-41.79802115627295,-3.401
2026-07-29T11:23:54.554337+00:00,1,NONE,0.0,0.0,471.3,0,-8.517368696630003e-06,-0.0016266975962458067,-3.76
2026-07-29T11:23:54.587815+00:00,0,NONE,0.0,0.0,471.3,0,0.21836786032654346,41.705189260043966,-2.256
2026-07-29T11:23:54.671009+00:00,0,NONE,0.0,0.0,471.3,0,0.21836786032654346,41.705189260043966,-1.354
2026-07-29T11:23:54.687767+00:00,1,LEFT,550.3,-89.7,471.3,8648,0.3565806728973985,68.10189204318624,-2.494
2026-07-29T11:23:54.737803+00:00,1,LEFT,552.3,-87.7,471.3,7473,-0.15142832774145062,-28.92068026102974,-3.141
2026-07-29T11:23:54.787805+00:00,1,NONE,0.0,0.0,471.3,0,1.1966399615630504e-05,0.0022854139798086613,-3.529
2026-07-29T11:23:54.820838+00:00,1,LEFT,548.3,-91.7,471.3,1476,0.03309087284957059,6.319891182281461,-3.837
2026-07-29T11:23:54.887692+00:00,1,NONE,0.0,0.0,471.3,0,0.15364305318333207,29.34366166302992,-4.021
2026-07-29T11:23:54.904381+00:00,1,NONE,0.0,0.0,471.3,0,-0.027142919413745404,-5.183915753571061,-4.132
2026-07-29T11:23:54.970977+00:00,1,NONE,0.0,0.0,471.3,0,0.3533529392071068,67.48544031703324,-4.199
2026-07-29T11:23:54.937755+00:00,0,NONE,0.0,0.0,471.3,0,0.3533529392071068,67.48544031703324,-2.519
2026-07-29T11:23:54.754231+00:00,0,NONE,0.0,0.0,471.3,0,-0.0015288738533854485,-0.2919933973562973,-1.512
2026-07-29T11:23:55.054273+00:00,0,NONE,0.0,0.0,471.3,0,0.0179359876178205,3.425521306333393,-0.907
2026-07-29T11:23:55.020950+00:00,0,NONE,0.0,0.0,471.3,0,0.0179359876178205,3.425521306333393,-0.544
2026-07-29T11:23:54.987663+00:00,0,NONE,0.0,0.0,471.3,0,0.12657876179087907,24.174762755363922,-0.326
2026-07-29T11:23:55.237653+00:00,0,NONE,0.0,0.0,471.3,0,-0.8125316972751171,-155.1821232482189,-0.196
2026-07-29T11:23:55.254300+00:00,0,NONE,0.0,0.0,471.3,0,0.7404921648016898,141.4235860188088,-0.118
2026-07-29T11:23:55.304259+00:00,0,NONE,0.0,0.0,471.3,0,-0.23374125271104276,-44.64129092814521,-0.071
2026-07-29T11:23:55.337438+00:00,0,NONE,0.0,0.0,471.3,0,0.06851546119898558,13.085489193647415,-0.042
2026-07-29T11:23:55.387393+00:00,0,NONE,0.0,0.0,471.3,0,0.3844758022483438,73.42946931245515,-0.025
2026-07-29T11:23:55.371016+00:00,0,NONE,0.0,0.0,471.3,0,-0.37325239080004396,-71.28595562003386,-0.015
2026-07-29T11:23:55.170857+00:00,0,NONE,0.0,0.0,471.3,0,-0.37325239080004396,-71.28595562003386,-0.009
2026-07-29T11:23:55.454215+00:00,0,NONE,0.0,0.0,471.3,0,0.34267172606661916,65.44547887360119,-0.005
2026-07-29T11:23:55.504203+00:00,0,NONE,0.0,0.0,471.3,0,0.34267172606661916,65.44547887360119,-0.003
2026-07-29T11:23:55.520850+00:00,0,NONE,0.0,0.0,471.3,0,0.0,0.0,-0.002
2026-07-29T11:23:55.587608+00:00,0,NONE,0.0,0.0,471.3,0,0.041409928649663925,7.90871380521205,-0.001
2026-07-29T11:23:55.704092+00:00,0,NONE,0.0,0.0,471.3,0,0.43756042860448363,83.56788613657432,-0.001
2026-07-29T11:23:55.687483+00:00,0,NONE,0.0,0.0,471.3,0,-0.2963460909528658,-56.597934289330794,-0.0
2026-07-29T11:23:55.654112+00:00,1,LEFT,549.3,-90.7,471.3,5181,-0.1272065452253446,-24.294660559507598,-1.701
2026-07-29T11:23:55.570497+00:00,1,RIGHT,566.7,-73.3,471.3,10270,-0.1272065452253446,-24.294660559507598,-2.395
2026-07-29T11:23:55.820831+00:00,1,BOTH,677.5,37.5,471.3,15283,0.6817583882797044,130.20626098689436,-0.734
2026-07-29T11:23:55.837439+00:00,1,BOTH,676.5,36.5,471.3,15256,0.6817583882797044,130.20626098689436,0.244
2026-07-29T11:23:55.854077+00:00,1,BOTH,676.5,36.5,471.3,15383,-0.22040521483926567,-42.09429530988036,0.831
2026-07-29T11:23:55.987369+00:00,1,BOTH,677.5,37.5,471.3,15172,-0.08104204872623086,-15.477891183688659,1.202
2026-07-29T11:23:56.020752+00:00,1,BOTH,676.5,36.5,471.3,15274,-0.00817217820789665,-1.5607710691375425,1.405
2026-07-29T11:23:56.037434+00:00,1,BOTH,676.5,36.5,471.3,15417,0.31661261471454055,60.46855521248267,1.528
2026-07-29T11:23:55.937348+00:00,1,BOTH,677.0,37.0,471.3,15228,0.31661261471454055,60.46855521248267,1.61
2026-07-29T11:23:55.920762+00:00,1,BOTH,677.0,37.0,471.3,15400,1.1969180250167846,228.59450418865214,1.66
2026-07-29T11:23:56.120568+00:00,1,BOTH,677.0,37.0,471.3,15419,-0.08384217837825418,-16.0126765541899,1.69
2026-07-29T11:23:56.220556+00:00,1,BOTH,676.5,36.5,471.3,15288,-1.1190568390022964,-213.72411303360812,1.698
2026-07-29T11:23:56.270533+00:00,1,BOTH,677.0,37.0,471.3,15461,-0.21170803035609423,-40.43325542810572,1.713
2026-07-29T11:23:56.287309+00:00,1,BOTH,677.5,37.5,471.3,15197,-0.21170803035609423,-40.43325542810572,1.731
2026-07-29T11:23:56.306017+00:00,1,BOTH,676.5,36.5,471.3,15226,0.11349729402922094,21.676386446765726,1.723
2026-07-29T11:23:56.320567+00:00,1,BOTH,677.0,37.0,471.3,15027,-0.6502388827363029,-124.1864788536407,1.727
2026-07-29T11:23:56.104614+00:00,1,BOTH,678.0,38.0,471.3,15036,-0.6502388827363029,-124.1864788536407,1.749
2026-07-29T11:23:56.370690+00:00,1,BOTH,677.0,37.0,471.3,15266,-0.12978698931139662,-24.78748907750851,1.743
2026-07-29T11:23:56.503977+00:00,1,NONE,0.0,0.0,471.3,0,-0.6512336488999426,-124.37646519623726,1.74
2026-07-29T11:23:56.537223+00:00,1,NONE,0.0,0.0,471.3,0,0.007335829446092248,1.4010402216295943,1.738
2026-07-29T11:23:56.487241+00:00,1,NONE,0.0,0.0,471.3,0,0.007335829446092248,1.4010402216295943,1.736
2026-07-29T11:23:56.637199+00:00,0,NONE,0.0,0.0,471.3,0,-1.0660944726411252,-203.60904614853897,1.042
2026-07-29T11:23:56.737253+00:00,0,NONE,0.0,0.0,471.3,0,0.4708331802301109,89.92251360635927,0.625
2026-07-29T11:23:56.753919+00:00,0,NONE,0.0,0.0,471.3,0,0.4708331802301109,89.92251360635927,0.375
2026-07-29T11:23:56.770558+00:00,0,NONE,0.0,0.0,471.3,0,-0.46453004092909395,-88.71870267425491,0.225
2026-07-29T11:23:56.787307+00:00,1,LEFT,553.3,-86.7,471.3,12920,-0.46453004092909395,-88.71870267425491,-1.491
2026-07-29T11:23:56.820519+00:00,1,LEFT,553.3,-86.7,471.3,5031,0.03809612384065986,7.275823706258421,-2.52
2026-07-29T11:23:56.853754+00:00,1,NONE,0.0,0.0,471.3,0,0.03809612384065986,7.275823706258421,-3.138
2026-07-29T11:23:56.887252+00:00,1,NONE,0.0,0.0,471.3,0,-0.05894329120405018,-11.257339388675545,-3.508
2026-07-29T11:23:56.937277+00:00,1,LEFT,553.3,-86.7,471.3,14311,-0.1317461777292192,-25.161666502882333,-3.731
2026-07-29T11:23:57.003677+00:00,1,NONE,0.0,0.0,471.3,0,0.28133977053221315,53.73193820224954,-3.864
2026-07-29T11:23:57.020457+00:00,1,NONE,0.0,0.0,471.3,0,0.29448344230186196,56.242194601269944,-3.944
2026-07-29T11:23:57.087210+00:00,1,LEFT,554.3,-85.7,471.3,13038,-0.12705001769587398,-24.264766003453342,-3.973
2026-07-29T11:23:57.120536+00:00,1,LEFT,554.3,-85.7,471.3,14122,-0.11816605696607439,-22.568054486195077,-3.991
2026-07-29T11:23:57.137164+00:00,1,LEFT,554.3,-85.7,471.3,13976,0.1737672019843012,33.18709097165921,-4.001
2026-07-29T11:23:57.203720+00:00,1,LEFT,553.3,-86.7,471.3,9087,2.3646822664886703e-05,0.0045162104586410215,-4.026
2026-07-29T11:23:57.270371+00:00,1,LEFT,552.3,-87.7,471.3,14277,-0.018955453741364182,-3.6202249937854454,-4.06
2026-07-29T11:23:57.287131+00:00,1,LEFT,552.3,-87.7,471.3,14050,0.048500344480853524,9.262883478945076,-4.081
2026-07-29T11:23:57.353710+00:00,1,NONE,0.0,0.0,471.3,0,0.4617044049222022,88.1790459488046,-4.093
2026-07-29T11:23:57.437462+00:00,1,LEFT,551.3,-88.7,471.3,14273,0.4617044049222022,88.1790459488046,-4.119
2026-07-29T11:23:57.453831+00:00,1,LEFT,550.3,-89.7,471.3,14245,0.47629646591842173,90.96592431374074,-4.153
2026-07-29T11:23:57.470268+00:00,1,LEFT,552.3,-87.7,471.3,14388,0.47629646591842173,90.96592431374074,-4.136
2026-07-29T11:23:57.520332+00:00,1,NONE,0.0,0.0,471.3,0,-0.20609252274036408,-39.36077247408935,-4.126
2026-07-29T11:23:57.603668+00:00,1,LEFT,552.3,-87.7,471.3,14054,-0.20609252274036408,-39.36077247408935,-4.12
2026-07-29T11:23:57.620413+00:00,1,LEFT,550.3,-89.7,471.3,14039,-0.4345591324334964,-82.99468079101983,-4.154
2026-07-29T11:23:57.686930+00:00,1,NONE,0.0,0.0,471.3,0,-0.22943818232743068,-43.81946502171616,-4.174
2026-07-29T11:23:57.787038+00:00,1,LEFT,554.3,-85.7,471.3,14039,-0.9057615468674339,-172.98771293581623,-4.111
2026-07-29T11:23:57.853669+00:00,1,NONE,0.0,0.0,471.3,0,0.29176479060202837,55.7229703733815,-4.074
2026-07-29T11:23:57.870382+00:00,1,NONE,0.0,0.0,471.3,0,0.29176479060202837,55.7229703733815,-4.051
2026-07-29T11:23:57.903620+00:00,1,NONE,0.0,0.0,471.3,0,0.7014972848631441,133.97611254181535,-4.038
2026-07-29T11:23:58.003730+00:00,1,LEFT,550.3,-89.7,471.3,9132,-0.28052068733144553,-53.57550483400269,-4.104
2026-07-29T11:23:58.086950+00:00,1,LEFT,555.3,-84.7,471.3,14385,-0.7271389121655375,-138.87330262273056,-4.051
2026-07-29T11:23:58.103648+00:00,1,LEFT,555.3,-84.7,471.3,14210,-0.7271389121655375,-138.87330262273056,-4.019
2026-07-29T11:23:58.120302+00:00,1,LEFT,553.3,-86.7,471.3,14008,0.3645611159130931,69.62604438799943,-4.037
2026-07-29T11:23:58.203490+00:00,1,NONE,0.0,0.0,471.3,0,6.20441569481045e-05,0.011849561121912234,-4.048
2026-07-29T11:23:58.220254+00:00,1,LEFT,551.3,-88.7,471.3,10386,0.20941059681819751,39.99447794332808,-4.092
2026-07-29T11:23:58.303513+00:00,1,LEFT,556.3,-83.7,471.3,14095,0.20941059681819751,39.99447794332808,-4.024
2026-07-29T11:23:58.320223+00:00,1,LEFT,553.3,-86.7,471.3,13990,-0.12091194512555375,-23.092480494705455,-4.04
2026-07-29T11:23:58.336857+00:00,1,NONE,0.0,0.0,471.3,0,0.4401876971218735,84.06965746222109,-4.05
2026-07-29T11:23:58.386824+00:00,1,NONE,0.0,0.0,471.3,0,-0.7225361591111868,-137.99424154221308,-4.055
2026-07-29T11:23:58.403576+00:00,1,NONE,0.0,0.0,471.3,0,0.39520732291042804,75.47903878477138,-4.059
2026-07-29T11:23:58.420110+00:00,1,LEFT,551.3,-88.7,471.3,13936,-0.5015783409588039,-95.79440677371086,-4.098
2026-07-29T11:23:58.486798+00:00,1,LEFT,552.3,-87.7,471.3,14209,0.6003262774320319,114.65387342551729,-4.103
2026-07-29T11:23:58.536798+00:00,1,NONE,0.0,0.0,471.3,0,0.6610532032884657,126.25186194010907,-4.106
2026-07-29T11:23:58.553551+00:00,1,NONE,0.0,0.0,471.3,0,-0.012510244674049318,-2.3892807349968073,-4.108
2026-07-29T11:23:58.636737+00:00,1,LEFT,554.3,-85.7,471.3,14196,0.48283808590378613,92.2152817015401,-4.072
2026-07-29T11:23:58.653549+00:00,1,LEFT,552.3,-87.7,471.3,14193,0.021000484293326734,4.01079705912799,-4.087
2026-07-29T11:23:58.670057+00:00,1,LEFT,553.3,-86.7,471.3,10813,0.021000484293326734,4.01079705912799,-4.078
2026-07-29T11:23:58.686783+00:00,1,LEFT,552.3,-87.7,471.3,8040,-0.48534374645358186,-92.69382761619252,-4.091
2026-07-29T11:23:58.736714+00:00,1,NONE,0.0,0.0,471.3,0,0.588454833328724,112.38659461270058,-4.099
2026-07-29T11:23:58.770047+00:00,1,LEFT,553.3,-86.7,471.3,14252,-0.00018561149714514612,-0.03544918471840467,-4.085
2026-07-29T11:23:58.836753+00:00,1,LEFT,554.3,-85.7,471.3,4937,-0.026692311166625585,-5.097855917658548,-4.058
2026-07-29T11:23:58.870087+00:00,1,NONE,0.0,0.0,471.3,0,0.7703116488549858,147.1186879638472,-4.042
2026-07-29T11:23:58.936650+00:00,1,LEFT,549.3,-90.7,471.3,14277,-5.6791504612192505e-05,-0.010846378421587932,-4.126
2026-07-29T11:23:58.953399+00:00,1,LEFT,557.3,-82.7,471.3,13567,-0.19804335440974682,-37.82349456097358,-4.026
2026-07-29T11:23:58.986643+00:00,1,LEFT,553.3,-86.7,471.3,14235,0.53118832860142,101.4494978515656,-4.041
2026-07-29T11:23:59.103505+00:00,1,LEFT,552.3,-87.7,471.3,14022,-0.3680705515714362,-70.29629722698536,-4.069
2026-07-29T11:23:59.120020+00:00,1,LEFT,551.3,-88.7,471.3,14094,-0.7711481026327237,-147.27843886792107,-4.105
2026-07-29T11:23:59.153251+00:00,1,LEFT,549.3,-90.7,471.3,14264,0.18590199154801668,35.504665062593524,-4.163
2026-07-29T11:23:59.219908+00:00,1,NONE,0.0,0.0,471.3,0,0.415162682114169,79.29023165491105,-4.199
2026-07-29T11:23:59.236682+00:00,1,NONE,0.0,0.0,471.3,0,0.415162682114169,79.29023165491105,-4.22
2026-07-29T11:23:59.253240+00:00,1,NONE,0.0,0.0,471.3,0,-0.059251955740037374,-11.31628997266698,-4.233
2026-07-29T11:23:59.319959+00:00,1,LEFT,551.3,-88.7,471.3,14066,5.6123826652765274e-05,0.010718861324424308,-4.203
2026-07-29T11:23:59.403450+00:00,1,NONE,0.0,0.0,471.3,0,0.13084505112841727,24.989563999439262,-4.185
2026-07-29T11:23:59.419932+00:00,1,NONE,0.0,0.0,471.3,0,0.6283900244347751,120.01365429411764,-4.174
2026-07-29T11:23:59.469898+00:00,1,LEFT,555.3,-84.7,471.3,14478,-0.46304108229465785,-88.43433252217908,-4.092
2026-07-29T11:23:59.519916+00:00,1,NONE,0.0,0.0,471.3,0,0.9173020608816296,175.19178875723287,-4.044
2026-07-29T11:23:59.536613+00:00,1,NONE,0.0,0.0,471.3,0,-0.3297233883012086,-62.972528521374926,-4.014
2026-07-29T11:23:59.553154+00:00,1,NONE,0.0,0.0,471.3,0,-0.3297233883012086,-62.972528521374926,-3.997
2026-07-29T11:23:59.569929+00:00,0,NONE,0.0,0.0,471.3,0,0.0024004936590790752,0.458460518043823,-2.398
2026-07-29T11:23:59.603229+00:00,1,LEFT,552.3,-87.7,471.3,11417,-0.00010434809373691679,-0.0199290179045361,-3.083
2026-07-29T11:23:59.636628+00:00,1,LEFT,554.3,-85.7,471.3,13853,-0.0734884252678603,-14.035255369703172,-3.457
2026-07-29T11:23:59.653910+00:00,1,LEFT,554.3,-85.7,471.3,13902,-0.4553017099108547,-86.95622127660567,-3.681
2026-07-29T11:23:59.703290+00:00,1,NONE,0.0,0.0,471.3,0,-0.4100176660530269,-78.3076059688095,-3.815
2026-07-29T11:23:59.736616+00:00,1,NONE,0.0,0.0,471.3,0,0.13051822628010995,24.92714505127922,-3.896
2026-07-29T11:23:59.669964+00:00,1,LEFT,549.3,-90.7,471.3,14105,-0.09955415022035595,-19.0134421354593,-4.038
2026-07-29T11:23:59.836556+00:00,1,LEFT,553.3,-86.7,471.3,14307,0.4469360085576773,85.35849000925917,-4.049
2026-07-29T11:23:59.869858+00:00,1,NONE,0.0,0.0,471.3,0,-0.275184947673697,-52.55645362410414,-4.055
2026-07-29T11:23:59.886510+00:00,1,NONE,0.0,0.0,471.3,0,-0.275184947673697,-52.55645362410414,-4.058
2026-07-29T11:23:59.919924+00:00,1,NONE,0.0,0.0,471.3,0,0.49616631417535245,94.76078579603242,-4.061
2026-07-29T11:23:59.936503+00:00,1,LEFT,552.3,-87.7,471.3,13667,0.009034884795546531,1.7255358905724463,-4.081
2026-07-29T11:23:59.953259+00:00,1,LEFT,553.3,-86.7,471.3,14050,0.11932946311309933,22.790248693142097,-4.074
2026-07-29T11:24:00.003225+00:00,1,LEFT,553.3,-86.7,471.3,14296,-0.16181796354299877,-30.904954534718833,-4.07
2026-07-29T11:24:00.053254+00:00,1,NONE,0.0,0.0,471.3,0,-0.16601306720171125,-31.70616031559922,-4.068
2026-07-29T11:24:00.086504+00:00,1,NONE,0.0,0.0,471.3,0,8.142669685184956e-05,0.015551353564340556,-4.066
2026-07-29T11:24:00.186354+00:00,1,LEFT,556.3,-83.7,471.3,13820,0.48812981287017465,93.2259271065722,-4.009
2026-07-29T11:24:00.252967+00:00,1,NONE,0.0,0.0,471.3,0,-1.9739381968975067e-05,-0.0037699442567296943,-3.975
2026-07-29T11:24:00.270088+00:00,1,NONE,0.0,0.0,471.3,0,-1.9739381968975067e-05,-0.0037699442567296943,-3.954
2026-07-29T11:24:00.303087+00:00,1,LEFT,551.3,-88.7,471.3,14386,0.08231690752319992,15.721371278826833,-4.036
2026-07-29T11:24:00.369811+00:00,1,NONE,0.0,0.0,471.3,0,0.30084188692271707,57.456568071412136,-4.085
2026-07-29T11:24:00.436497+00:00,1,LEFT,551.3,-88.7,471.3,7399,-0.22583649126812816,-43.131592699022704,-4.114
2026-07-29T11:24:00.452999+00:00,1,LEFT,552.3,-87.7,471.3,14128,-0.22583649126812816,-43.131592699022704,-4.113
2026-07-29T11:24:00.469793+00:00,1,LEFT,553.3,-86.7,471.3,14103,0.25122870157239957,47.981147642167215,-4.093
2026-07-29T11:24:00.553024+00:00,1,NONE,0.0,0.0,471.3,0,0.06155977157875896,11.757050330840949,-4.082
2026-07-29T11:24:00.586385+00:00,1,NONE,0.0,0.0,471.3,0,-0.007664509555324912,-1.4638134985260294,-4.075
2026-07-29T11:24:00.603012+00:00,1,NONE,0.0,0.0,471.3,0,0.14762954756617547,28.195166689892297,-4.07
2026-07-29T11:24:00.636396+00:00,1,LEFT,552.3,-87.7,471.3,13287,-2.1086234191898253e-05,-0.004027174083400733,-4.087
2026-07-29T11:24:00.670093+00:00,1,LEFT,551.3,-88.7,471.3,14410,-1.3055091840215028e-05,-0.0024933388786666684,-4.115
2026-07-29T11:24:00.686263+00:00,1,LEFT,551.3,-88.7,471.3,14379,0.27108080495265313,51.772620102653626,-4.132
2026-07-29T11:24:00.753030+00:00,1,LEFT,551.3,-88.7,471.3,2807,-0.051696752624120566,-9.87335246631324,-4.142
2026-07-29T11:24:00.769564+00:00,1,NONE,0.0,0.0,471.3,0,-0.051696752624120566,-9.87335246631324,-4.149
2026-07-29T11:24:00.786321+00:00,1,LEFT,553.3,-86.7,471.3,14145,-0.27969781124033033,-53.418347077058954,-4.115
2026-07-29T11:24:00.803052+00:00,1,LEFT,550.3,-89.7,471.3,13992,0.6351753674913198,121.30955935974563,-4.151
2026-07-29T11:24:00.853060+00:00,1,LEFT,553.3,-86.7,471.3,14330,-0.0021970624756067992,-0.41960802392944657,-4.116
2026-07-29T11:24:00.919828+00:00,1,NONE,0.0,0.0,471.3,0,-0.44856900738552213,-85.67036981187691,-4.095
2026-07-29T11:24:00.986399+00:00,1,LEFT,552.3,-87.7,471.3,14117,-0.44856900738552213,-85.67036981187691,-4.102
2026-07-29T11:24:01.002965+00:00,1,LEFT,551.3,-88.7,471.3,14293,-0.006757531964685768,-1.2905935383374725,-4.124
2026-07-29T11:24:00.902936+00:00,1,NONE,0.0,0.0,471.3,0,-0.001448516035452485,-0.27664618462816576,-4.138
2026-07-29T11:24:00.820000+00:00,1,LEFT,551.3,-88.7,471.3,13819,-5.825946573168039e-05,-0.011126738343707783,-4.146
2026-07-29T11:24:01.052980+00:00,1,NONE,0.0,0.0,471.3,0,-0.0509197278105421,-9.724951658329953,-4.151
2026-07-29T11:24:01.119480+00:00,1,LEFT,551.3,-88.7,471.3,13961,-0.10104261942207814,-19.29771881277226,-4.153
2026-07-29T11:24:01.169621+00:00,1,LEFT,550.3,-89.7,471.3,14307,-0.08505159913736861,-16.243658904699114,-4.174
2026-07-29T11:24:01.236218+00:00,1,NONE,0.0,0.0,471.3,0,-0.23991678793914617,-45.820731277494154,-4.186
2026-07-29T11:24:01.202962+00:00,1,NONE,0.0,0.0,471.3,0,0.45833692671731113,87.53590498632943,-4.194
2026-07-29T11:24:01.153006+00:00,1,LEFT,553.3,-86.7,471.3,14304,-0.020349731985479593,-3.886512523301193,-4.142
2026-07-29T11:24:01.136217+00:00,1,LEFT,552.3,-87.7,471.3,13987,-0.020349731985479593,-3.886512523301193,-4.129
2026-07-29T11:24:01.352938+00:00,1,LEFT,552.3,-87.7,471.3,14334,0.12267474919557571,23.429151272441263,-4.122
2026-07-29T11:24:01.369530+00:00,1,NONE,0.0,0.0,471.3,0,0.12267474919557571,23.429151272441263,-4.118
2026-07-29T11:24:01.486242+00:00,1,LEFT,551.3,-88.7,471.3,14029,0.14315427464898675,27.340452522145252,-4.134
2026-07-29T11:24:01.502740+00:00,1,LEFT,553.3,-86.7,471.3,13765,-0.11599370082374662,-22.153165024346073,-4.106
2026-07-29T11:24:01.452930+00:00,1,LEFT,554.3,-85.7,471.3,2532,3.44705767929554e-06,0.000658339522539315,-4.07
2026-07-29T11:24:01.569437+00:00,1,NONE,0.0,0.0,471.3,0,0.3123673672042787,59.65777266139458,-4.049
2026-07-29T11:24:01.386232+00:00,1,LEFT,553.3,-86.7,471.3,7937,0.3123673672042787,59.65777266139458,-4.055
2026-07-29T11:24:01.636268+00:00,1,LEFT,553.3,-86.7,471.3,14232,0.5269523665867746,100.64048869950922,-4.059
2026-07-29T11:24:01.686249+00:00,1,LEFT,553.3,-86.7,471.3,14116,0.004962146980687976,0.9477002643900182,-4.061
2026-07-29T11:24:01.702718+00:00,1,LEFT,551.3,-88.7,471.3,14043,0.004962146980687976,0.9477002643900182,-4.1
2026-07-29T11:24:01.719473+00:00,1,LEFT,551.3,-88.7,471.3,7846,-1.4877056528348475e-05,-0.002841308502173054,-4.123
2026-07-29T11:24:01.786184+00:00,1,LEFT,550.3,-89.7,471.3,14438,0.20469802474835888,39.09444297581813,-4.156
2026-07-29T11:24:01.802831+00:00,1,LEFT,550.3,-89.7,471.3,14187,0.20469802474835888,39.09444297581813,-4.175
2026-07-29T11:24:01.819510+00:00,1,LEFT,553.3,-86.7,471.3,14343,0.03815887313277926,7.287807938278005,-4.131
2026-07-29T11:24:01.952753+00:00,1,NONE,0.0,0.0,471.3,0,0.00043208991526626044,0.08252309504974027,-4.104
2026-07-29T11:24:01.752933+00:00,1,LEFT,555.3,-84.7,471.3,12035,0.17385607667267322,33.2040647868234,-4.051
2026-07-29T11:24:02.019397+00:00,1,LEFT,553.3,-86.7,471.3,14299,-0.8168535577505827,-156.00753779784748,-4.056
2026-07-29T11:24:02.036643+00:00,1,LEFT,552.3,-87.7,471.3,13999,-4.3848854256793854e-05,-0.008374514284661806,-4.078
2026-07-29T11:24:02.086114+00:00,1,NONE,0.0,0.0,471.3,0,-3.1787134503247216e-05,-0.00607089549950248,-4.091
2026-07-29T11:24:02.052792+00:00,1,LEFT,553.3,-86.7,471.3,11674,-3.1787134503247216e-05,-0.00607089549950248,-4.08
2026-07-29T11:24:02.002766+00:00,1,LEFT,552.3,-87.7,471.3,13865,0.5671262137868325,108.31312833739847,-4.093
2026-07-29T11:24:02.236176+00:00,1,LEFT,553.3,-86.7,471.3,12967,0.14929740150459112,28.51370332827726,-4.081
2026-07-29T11:24:02.252676+00:00,1,NONE,0.0,0.0,471.3,0,-0.27500664294697347,-52.52239992974249,-4.074
2026-07-29T11:24:02.335899+00:00,1,LEFT,552.3,-87.7,471.3,14294,-0.1690709062642418,-32.29016455797669,-4.089
2026-07-29T11:24:02.319382+00:00,1,LEFT,551.3,-88.7,471.3,14041,0.08278874790645205,15.811486154040775,-4.117
2026-07-29T11:24:02.436280+00:00,1,NONE,0.0,0.0,471.3,0,0.018767865654081107,3.584398308157939,-4.133
2026-07-29T11:24:02.452585+00:00,1,LEFT,552.3,-87.7,471.3,6573,0.018767865654081107,3.584398308157939,-4.124
2026-07-29T11:24:02.519419+00:00,1,LEFT,551.3,-88.7,471.3,14126,0.037474798182956875,7.1571592466265175,-4.138
2026-07-29T11:24:02.535908+00:00,1,LEFT,553.3,-86.7,471.3,13684,0.037474798182956875,7.1571592466265175,-4.108
2026-07-29T11:24:02.552610+00:00,1,LEFT,551.3,-88.7,471.3,7959,0.20463481487706303,39.082370779655406,-4.128
2026-07-29T11:24:02.502495+00:00,1,LEFT,551.3,-88.7,471.3,14282,0.20463481487706303,39.082370779655406,-4.14
2026-07-29T11:24:02.469427+00:00,1,LEFT,553.3,-86.7,471.3,14021,8.447943837381898e-06,0.0016134384248184528,-4.11
2026-07-29T11:24:02.635849+00:00,1,LEFT,552.3,-87.7,471.3,13704,0.007851313529536129,1.4994904295879405,-4.11
2026-07-29T11:24:02.752584+00:00,1,NONE,0.0,0.0,471.3,0,0.0023686678141530138,0.4523822293981524,-4.11
2026-07-29T11:24:02.786649+00:00,1,NONE,0.0,0.0,471.3,0,0.0023686678141530138,0.4523822293981524,-4.111
2026-07-29T11:24:02.852497+00:00,1,LEFT,551.3,-88.7,471.3,14322,-0.18592256813310087,-35.508594900867244,-4.13
2026-07-29T11:24:02.952530+00:00,1,NONE,0.0,0.0,471.3,0,-0.18592256813310087,-35.508594900867244,-4.141
2026-07-29T11:24:02.969305+00:00,1,NONE,0.0,0.0,471.3,0,-1.5681779477745294e-05,-0.002994999264432245,-4.148
2026-07-29T11:24:03.002492+00:00,1,LEFT,550.3,-89.7,471.3,13890,-6.747925363015383e-05,-0.012887588125668847,-4.17
2026-07-29T11:24:03.019271+00:00,1,LEFT,551.3,-88.7,471.3,14024,-0.006334684174507856,-1.2098355591587135,-4.165
2026-07-29T11:24:03.069246+00:00,1,NONE,0.0,0.0,471.3,0,0.06798546502366662,12.984267380301242,-4.162
2026-07-29T11:24:03.102696+00:00,1,LEFT,554.3,-85.7,471.3,9771,-4.480301180592505e-05,-0.00855674495318102,-4.104
2026-07-29T11:24:03.135834+00:00,1,NONE,0.0,0.0,471.3,0,-4.480301180592505e-05,-0.00855674495318102,-4.069
2026-07-29T11:24:03.169124+00:00,1,LEFT,552.3,-87.7,471.3,13950,-1.909594866447151e-05,-0.0036470575475756615,-4.086
2026-07-29T11:24:03.185803+00:00,1,LEFT,553.3,-86.7,471.3,14060,-1.5249825084424629e-05,-0.002912502052167552,-4.077
2026-07-29T11:24:03.202584+00:00,1,LEFT,554.3,-85.7,471.3,13779,-1.5249825084424629e-05,-0.002912502052167552,-4.053
2026-07-29T11:24:03.235829+00:00,1,NONE,0.0,0.0,471.3,0,-0.06697551287710667,-12.791380728607697,-4.039
2026-07-29T11:24:03.269059+00:00,1,LEFT,552.3,-87.7,471.3,12900,-0.04463462958112359,-8.524586317093865,-4.068
2026-07-29T11:24:03.285835+00:00,1,NONE,0.0,0.0,471.3,0,-0.04463462958112359,-8.524586317093865,-4.085
2026-07-29T11:24:03.335770+00:00,1,LEFT,554.3,-85.7,471.3,14325,-9.766663424670696e-06,-0.0018652953138613923,-4.058
2026-07-29T11:24:03.402531+00:00,1,NONE,0.0,0.0,471.3,0,-9.766663424670696e-06,-0.0018652953138613923,-4.042
2026-07-29T11:24:03.419061+00:00,1,NONE,0.0,0.0,471.3,0,-0.013918289002031087,-2.6581973928657727,-4.032
2026-07-29T11:24:03.486014+00:00,1,LEFT,552.3,-87.7,471.3,14324,-0.021632481933608432,-4.131499717295886,-4.063
2026-07-29T11:24:03.535800+00:00,1,LEFT,551.3,-88.7,471.3,13872,-0.12397454346879386,-23.677393692743507,-4.101
2026-07-29T11:24:03.519102+00:00,1,LEFT,552.3,-87.7,471.3,14030,-0.12397454346879386,-23.677393692743507,-4.105
2026-07-29T11:24:03.302518+00:00,1,LEFT,549.3,-90.7,471.3,7354,0.031124497069977223,5.944341071923306,-4.164
2026-07-29T11:24:03.585750+00:00,1,NONE,0.0,0.0,471.3,0,0.031124497069977223,5.944341071923306,-4.199
2026-07-29T11:24:03.619136+00:00,1,NONE,0.0,0.0,471.3,0,-0.1883875656593591,-35.979374750083196,-4.22
2026-07-29T11:24:03.652573+00:00,1,LEFT,553.3,-86.7,471.3,13946,-0.19292181538417935,-36.845352658385046,-4.158
2026-07-29T11:24:03.769076+00:00,1,NONE,0.0,0.0,471.3,0,-6.524407508550212e-05,-0.012460700468779723,-4.12
2026-07-29T11:24:03.785703+00:00,1,NONE,0.0,0.0,471.3,0,1.0525040561333299e-05,0.00201013467789467,-4.098
2026-07-29T11:24:03.802424+00:00,1,NONE,0.0,0.0,471.3,0,0.25646670355228707,48.981532330596295,-4.084
2026-07-29T11:24:03.869087+00:00,1,LEFT,554.3,-85.7,471.3,14155,0.25646670355228707,48.981532330596295,-4.057
2026-07-29T11:24:03.902317+00:00,1,LEFT,549.3,-90.7,471.3,11287,0.0432176395598799,8.253961157662477,-4.135
2026-07-29T11:24:03.935788+00:00,1,NONE,0.0,0.0,471.3,0,0.15364404875785112,29.343851803757026,-4.182
2026-07-29T11:24:03.969042+00:00,1,LEFT,550.3,-89.7,471.3,3809,0.15961094003519974,30.48344409377536,-4.191
2026-07-29T11:24:03.952267+00:00,1,NONE,0.0,0.0,471.3,0,0.5524786992557347,105.51565912743698,-4.196
2026-07-29T11:24:04.035752+00:00,1,LEFT,551.3,-88.7,471.3,9195,0.0,0.0,-4.181
2026-07-29T11:24:04.135715+00:00,1,NONE,0.0,0.0,471.3,0,-0.02230381466448307,-4.259714824389581,-4.172
2026-07-29T11:24:04.152227+00:00,1,NONE,0.0,0.0,471.3,0,-0.0006156493071466684,-0.11758035653219136,-4.166
2026-07-29T11:24:04.185485+00:00,1,RIGHT,558.7,-81.3,471.3,10743,0.40391996955615467,77.14303172206787,-4.024
2026-07-29T11:24:04.219075+00:00,1,NONE,0.0,0.0,471.3,0,-0.49220771642401817,-94.00474931622765,-3.939
2026-07-29T11:24:04.269144+00:00,1,NONE,0.0,0.0,471.3,0,-0.49220771642401817,-94.00474931622765,-3.888
2026-07-29T11:24:04.302320+00:00,1,NONE,0.0,0.0,471.3,0,0.07239699635654688,13.826807802180449,-3.857
2026-07-29T11:24:04.385664+00:00,1,LEFT,552.3,-87.7,471.3,13671,0.01063096933066845,2.0303655826010663,-3.959
2026-07-29T11:24:04.435661+00:00,1,NONE,0.0,0.0,471.3,0,-0.905891857072711,-173.01260035178245,-4.02
2026-07-29T11:24:04.518886+00:00,1,NONE,0.0,0.0,471.3,0,0.4006850583665073,76.52520919451308,-4.056
2026-07-29T11:24:04.602253+00:00,1,NONE,0.0,0.0,471.3,0,0.4006850583665073,76.52520919451308,-4.078
2026-07-29T11:24:04.618965+00:00,0,NONE,0.0,0.0,471.3,0,-0.20069185903295875,-38.329321684076675,-2.447
2026-07-29T11:24:04.668920+00:00,1,LEFT,552.3,-87.7,471.3,12953,0.6127245894167572,117.02177659155471,-3.112
2026-07-29T11:24:04.702221+00:00,1,NONE,0.0,0.0,471.3,0,0.6127245894167572,117.02177659155471,-3.512
2026-07-29T11:24:04.502278+00:00,1,NONE,0.0,0.0,471.3,0,0.41747997565194966,79.73280212027028,-3.751
2026-07-29T11:24:04.802190+00:00,1,NONE,0.0,0.0,471.3,0,-0.1032365211751312,-19.716723183159907,-3.895
2026-07-29T11:24:04.885451+00:00,0,NONE,0.0,0.0,471.3,0,-0.5910371942119673,-112.87978921199898,-2.337
2026-07-29T11:24:04.735448+00:00,0,NONE,0.0,0.0,471.3,0,-0.27811385357752444,-53.115833447038334,-1.402
2026-07-29T11:24:04.719497+00:00,0,NONE,0.0,0.0,471.3,0,0.07192987453192473,13.737594105282783,-0.841
2026-07-29T11:24:04.935406+00:00,0,NONE,0.0,0.0,471.3,0,0.4332981991302222,82.75386026926951,-0.505
2026-07-29T11:24:04.902253+00:00,0,NONE,0.0,0.0,471.3,0,-0.10257486660033464,-19.59035646772202,-0.303
2026-07-29T11:24:05.118848+00:00,0,NONE,0.0,0.0,471.3,0,-0.26755383564159274,-51.09901858266721,-0.182
2026-07-29T11:24:05.152160+00:00,0,NONE,0.0,0.0,471.3,0,0.45500322526466336,86.8992149083516,-0.109
2026-07-29T11:24:05.102258+00:00,0,NONE,0.0,0.0,471.3,0,0.45500322526466336,86.8992149083516,-0.065
2026-07-29T11:24:05.252182+00:00,0,NONE,0.0,0.0,471.3,0,0.5201926688849926,99.34948153585458,-0.039
2026-07-29T11:24:05.285468+00:00,0,NONE,0.0,0.0,471.3,0,-0.25748372917994855,-49.17576991766845,-0.024
2026-07-29T11:24:05.302057+00:00,1,LEFT,549.3,-90.7,471.3,1463,-0.25748372917994855,-49.17576991766845,-1.715
2026-07-29T11:24:05.335491+00:00,1,NONE,0.0,0.0,471.3,0,-0.25748372917994855,-49.17576991766845,-2.729
2026-07-29T11:24:05.368763+00:00,1,NONE,0.0,0.0,471.3,0,-0.0076720488676801325,-1.465253401120646,-3.338
2026-07-29T11:24:05.402153+00:00,1,NONE,0.0,0.0,471.3,0,0.8993475349619985,171.76272689605588,-3.704
2026-07-29T11:24:05.437251+00:00,1,LEFT,553.3,-86.7,471.3,14178,0.31346094644628464,59.8666309118281,-3.848
2026-07-29T11:24:05.452112+00:00,1,BOTH,676.5,36.5,471.3,15424,0.796559819416143,152.13171927416,-1.624
2026-07-29T11:24:05.518656+00:00,1,BOTH,677.0,37.0,471.3,15358,0.07561035227030516,14.440513575286293,-0.281
2026-07-29T11:24:05.552121+00:00,1,BOTH,677.0,37.0,471.3,15390,0.5219829627964646,99.6914024865723,0.525
2026-07-29T11:24:05.618738+00:00,1,BOTH,676.5,36.5,471.3,15332,-0.12653281626524404,-24.1659878063426,1.0
2026-07-29T11:24:05.669106+00:00,1,BOTH,677.75,37.75,471.3,15324,0.5501307324226946,105.067230494204,1.308
2026-07-29T11:24:05.702194+00:00,1,BOTH,677.5,37.5,471.3,15200,0.3122056601010263,59.626888879615755,1.488
2026-07-29T11:24:05.685376+00:00,1,BOTH,677.5,37.5,471.3,15152,-0.06687396958470344,-12.77198738829914,1.596
2026-07-29T11:24:05.652133+00:00,1,BOTH,677.5,37.5,471.3,15294,-0.06687396958470344,-12.77198738829914,1.661
2026-07-29T11:24:05.752435+00:00,1,BOTH,677.0,37.0,471.3,15057,0.8470931171067059,161.78286821598482,1.69
2026-07-29T11:24:05.818693+00:00,1,BOTH,677.0,37.0,471.3,15261,-0.00010537530295550823,-0.02012520041421017,1.708
2026-07-29T11:24:05.868722+00:00,1,BOTH,677.0,37.0,471.3,15305,0.2098594512604177,40.08020282717779,1.718
2026-07-29T11:24:05.885310+00:00,1,BOTH,677.0,37.0,471.3,15235,-0.02767501202029962,-5.285537955789967,1.725
2026-07-29T11:24:05.902070+00:00,1,BOTH,676.5,36.5,471.3,15380,0.30964897162280974,59.138597348510636,1.719
2026-07-29T11:24:06.002027+00:00,1,BOTH,677.0,37.0,471.3,14882,-0.028106544301845133,-5.367954550643997,1.725
2026-07-29T11:24:06.018683+00:00,1,BOTH,677.5,37.5,471.3,15027,-0.08451190799474716,-16.140585488989775,1.738
2026-07-29T11:24:06.085289+00:00,1,BOTH,677.5,37.5,471.3,14993,-0.04090080359950662,-7.811478083150717,1.746
2026-07-29T11:24:06.168668+00:00,1,BOTH,677.0,37.0,471.3,15207,0.3449531023250893,65.88118964390681,1.741
2026-07-29T11:24:06.201974+00:00,1,BOTH,676.5,36.5,471.3,15157,0.0003486015927046537,0.06657799997838389,1.729
2026-07-29T11:24:06.218579+00:00,1,BOTH,677.0,37.0,471.3,15156,-0.012055150894448162,-2.30236422548413,1.731
2026-07-29T11:24:06.285356+00:00,1,BOTH,677.0,37.0,471.3,15158,0.025455322470515965,4.861608479016976,1.733
2026-07-29T11:24:06.268588+00:00,1,BOTH,677.5,37.5,471.3,14974,0.025455322470515965,4.861608479016976,1.743
2026-07-29T11:24:06.385376+00:00,1,BOTH,677.5,37.5,471.3,15038,0.15927594904322176,30.419465527057895,1.749
2026-07-29T11:24:06.435309+00:00,1,BOTH,677.5,37.5,471.3,15026,0.15927594904322176,30.419465527057895,1.752
2026-07-29T11:24:06.501811+00:00,1,BOTH,677.5,37.5,471.3,15083,-0.000722081505227834,-0.13790740904669527,1.755
2026-07-29T11:24:06.518609+00:00,1,BOTH,677.0,37.0,471.3,15028,0.10066646417602897,19.22587845263785,1.746
2026-07-29T11:24:06.585355+00:00,1,BOTH,677.0,37.0,471.3,15371,-0.2055556558351964,-39.25823844800149,1.742
2026-07-29T11:24:06.601836+00:00,1,BOTH,678.0,38.0,471.3,15186,0.025691988758044317,4.90680841044499,1.757
2026-07-29T11:24:06.685232+00:00,1,BOTH,677.5,37.5,471.3,15218,-0.0907066297903657,-17.323690202811928,1.758
2026-07-29T11:24:06.718481+00:00,1,BOTH,677.25,37.25,471.3,15169,0.16272373823449016,31.077944758092904,1.753
2026-07-29T11:24:06.768474+00:00,1,BOTH,677.5,37.5,471.3,15155,-0.04628561492427252,-8.83990129109517,1.755
2026-07-29T11:24:06.802326+00:00,1,BOTH,677.0,37.0,471.3,15075,-0.04628561492427252,-8.83990129109517,1.747
2026-07-29T11:24:06.818449+00:00,1,BOTH,677.25,37.25,471.3,15090,-0.09110233162064105,-17.399263685546522,1.746
2026-07-29T11:24:06.868486+00:00,1,BOTH,677.5,37.5,471.3,15052,0.18042790047358723,34.459190678476716,1.751
2026-07-29T11:24:06.951832+00:00,1,BOTH,677.0,37.0,471.3,15152,0.18042790047358723,34.459190678476716,1.744
2026-07-29T11:24:06.968765+00:00,1,BOTH,677.0,37.0,471.3,15113,0.11661807338707149,22.272411400087005,1.74
2026-07-29T11:24:07.101806+00:00,1,BOTH,677.0,37.0,471.3,15075,0.2550832725316286,48.717316468158934,1.738
2026-07-29T11:24:07.184993+00:00,1,BOTH,678.5,38.5,471.3,15213,0.2550832725316286,48.717316468158934,1.765
2026-07-29T11:24:07.201846+00:00,1,BOTH,678.5,38.5,471.3,15277,0.13984106054529546,26.70767523959615,1.781
2026-07-29T11:24:07.234998+00:00,1,BOTH,678.0,38.0,471.3,15214,0.13240404732292518,25.28731034018013,1.781
2026-07-29T11:24:07.268473+00:00,1,BOTH,677.5,37.5,471.3,15235,0.13240404732292518,25.28731034018013,1.772
2026-07-29T11:24:07.301768+00:00,1,BOTH,677.5,37.5,471.3,15093,0.16431238683871924,31.381354291931828,1.766
2026-07-29T11:24:07.334953+00:00,1,BOTH,678.5,38.5,471.3,15101,0.16431238683871924,31.381354291931828,1.782
2026-07-29T11:24:07.418518+00:00,1,BOTH,677.5,37.5,471.3,15007,0.13618979253573343,26.010334416866026,1.772
2026-07-29T11:24:07.468459+00:00,1,BOTH,677.0,37.0,471.3,14631,0.33858536585932597,64.6650415621075,1.757
2026-07-29T11:24:07.501741+00:00,1,BOTH,677.0,37.0,471.3,14684,0.011145897030364721,2.128709529090987,1.748
2026-07-29T11:24:07.551640+00:00,1,BOTH,676.5,36.5,471.3,14889,0.5582819928973913,106.6240065705771,1.733
2026-07-29T11:24:07.568431+00:00,1,BOTH,677.5,37.5,471.3,14668,0.5582819928973913,106.6240065705771,1.743
2026-07-29T11:24:07.601647+00:00,1,BOTH,677.0,37.0,471.3,14724,-0.25845596550032496,-49.3614533771581,1.74
2026-07-29T11:24:07.618446+00:00,1,BOTH,674.0,34.0,471.3,14791,1.2940425944328309,247.14393057053496,1.681
2026-07-29T11:24:07.651636+00:00,1,BOTH,675.0,35.0,471.3,14855,1.089947171881795,208.16457613682323,1.665
2026-07-29T11:24:07.701731+00:00,1,LEFT,542.3,-97.7,471.3,14377,0.5952528006210923,113.68491072976953,-0.833
2026-07-29T11:24:07.768263+00:00,1,LEFT,546.3,-93.7,471.3,14669,0.5952528006210923,113.68491072976953,-2.257
2026-07-29T11:24:07.801760+00:00,1,LEFT,538.3,-101.7,471.3,14202,0.5342376708984375,102.03187933126505,-3.261
2026-07-29T11:24:07.685056+00:00,1,LEFT,548.3,-91.7,471.3,14420,0.5043976704377564,96.33285904104685,-3.676
2026-07-29T11:24:07.818219+00:00,1,LEFT,545.3,-94.7,471.3,14362,0.4694214577972889,89.65289448221047,-3.981
2026-07-29T11:24:07.884993+00:00,1,LEFT,547.3,-92.7,471.3,14326,-0.264090316388756,-50.43753513116772,-4.127
2026-07-29T11:24:07.935013+00:00,1,LEFT,539.3,-100.7,471.3,14436,0.22773915458470584,43.49497462527025,-4.364
2026-07-29T11:24:07.968250+00:00,1,LEFT,552.3,-87.7,471.3,14316,0.6800414407625794,129.87834816563864,-4.263
2026-07-29T11:24:08.001761+00:00,1,LEFT,545.3,-94.7,471.3,14444,0.8060462719202042,153.9434982442734,-4.333
2026-07-29T11:24:08.084973+00:00,1,LEFT,546.3,-93.7,471.3,14288,0.8060462719202042,153.9434982442734,-4.357
2026-07-29T11:24:08.101614+00:00,1,LEFT,555.3,-84.7,471.3,14227,0.4249674144014716,81.16279758597135,-4.202
2026-07-29T11:24:08.118156+00:00,1,LEFT,550.3,-89.7,471.3,14251,1.3961275114957243,266.6407135693578,-4.203
2026-07-29T11:24:07.868339+00:00,1,LEFT,546.3,-93.7,471.3,14303,1.3961275114957243,266.6407135693578,-4.279
2026-07-29T11:24:08.218276+00:00,1,LEFT,558.3,-81.7,471.3,14023,0.41565578885376453,79.3844081050053,-4.099
2026-07-29T11:24:08.284872+00:00,1,LEFT,559.3,-80.7,471.3,14128,0.41565578885376453,79.3844081050053,-3.973
2026-07-29T11:24:08.201623+00:00,1,LEFT,559.3,-80.7,471.3,14198,0.6156254898756742,117.57580776849974,-3.897
2026-07-29T11:24:08.151679+00:00,1,LEFT,550.3,-89.7,471.3,14191,1.0352691374346614,197.72184078385095,-4.02
2026-07-29T11:24:08.351703+00:00,1,LEFT,564.3,-75.7,471.3,14223,1.0352691374346614,197.72184078385095,-3.831
2026-07-29T11:24:08.368340+00:00,1,LEFT,570.3,-69.7,471.3,14223,0.5300458013266325,101.23129121548591,-3.606
2026-07-29T11:24:08.468296+00:00,1,LEFT,578.3,-61.7,471.3,14493,1.8081831508874893,345.3375437750668,-3.32
2026-07-29T11:24:08.501619+00:00,1,LEFT,591.3,-48.7,471.3,14381,0.09669224321842193,18.466858160226774,-2.905
2026-07-29T11:24:08.401704+00:00,1,LEFT,566.3,-73.7,471.3,14159,1.2670478301867842,241.98831036970452,-3.125
2026-07-29T11:24:08.651427+00:00,1,LEFT,604.3,-35.7,471.3,14247,0.8297489669919014,158.470379546586,-2.544
2026-07-29T11:24:08.668152+00:00,1,LEFT,604.3,-35.7,471.3,13900,0.8297489669919014,158.470379546586,-2.196
2026-07-29T11:24:08.701419+00:00,1,LEFT,641.3,1.3,471.3,3816,1.5434155741333961,294.7706614420148,-1.293
2026-07-29T11:24:08.818162+00:00,1,LEFT,610.3,-29.7,471.3,4422,1.72430414034985,329.3178327965999,-1.333
2026-07-29T11:24:08.834915+00:00,1,LEFT,630.3,-9.7,471.3,2285,0.4915198241174221,93.87337156313606,-0.982
2026-07-29T11:24:08.868031+00:00,1,LEFT,630.3,-9.7,471.3,3389,1.5882613787800073,303.3355792257447,-0.771
2026-07-29T11:24:08.901468+00:00,1,LEFT,627.3,-12.7,471.3,2289,1.3457896213233471,257.02688471445686,-0.701
2026-07-29T11:24:08.918153+00:00,1,LEFT,659.3,19.3,471.3,4560,1.3457896213233471,257.02688471445686,-0.058
2026-07-29T11:24:08.951477+00:00,1,LEFT,635.3,-4.7,471.3,6659,1.290288300216198,246.42691319165687,-0.123
2026-07-29T11:24:08.984873+00:00,1,NONE,0.0,0.0,471.3,0,1.0108795787394047,193.0637781924349,-0.162
2026-07-29T11:24:09.018039+00:00,1,LEFT,648.3,8.3,471.3,5800,2.2674136970937253,433.044117512083,0.058
2026-07-29T11:24:09.034849+00:00,1,LEFT,651.3,11.3,471.3,3565,2.2674136970937253,433.044117512083,0.247
2026-07-29T11:24:09.051519+00:00,1,LEFT,655.3,15.3,471.3,3135,1.701371370125562,324.93799630861656,0.435
2026-07-29T11:24:09.068109+00:00,1,LEFT,639.3,-0.7,471.3,3974,1.8184069959074258,347.29015434186084,0.248
2026-07-29T11:24:09.118138+00:00,1,LEFT,643.3,3.3,471.3,2104,1.3210597189888358,252.3038212759961,0.211
2026-07-29T11:24:09.168085+00:00,1,LEFT,643.3,3.3,471.3,5511,1.472263226211071,281.1815639806959,0.188
2026-07-29T11:24:09.268090+00:00,1,LEFT,656.3,16.3,471.3,5011,0.7830405384302139,149.54972679900936,0.419
2026-07-29T11:24:09.334730+00:00,1,LEFT,691.3,51.3,471.3,5074,1.4823024373501539,283.09891207372976,1.213
2026-07-29T11:24:09.234865+00:00,1,LEFT,659.3,19.3,471.3,6220,1.4823024373501539,283.09891207372976,1.09
2026-07-29T11:24:09.451259+00:00,1,LEFT,667.3,27.3,471.3,5967,1.9528522250056266,372.96730168518206,1.166
2026-07-29T11:24:09.468106+00:00,1,LEFT,665.3,25.3,471.3,3234,1.9528522250056266,372.96730168518206,1.174
2026-07-29T11:24:09.501379+00:00,1,LEFT,669.3,29.3,471.3,7036,1.5658769950270652,299.0604768389288,1.254
2026-07-29T11:24:09.551464+00:00,1,LEFT,672.3,32.3,471.3,5751,0.36508764255791903,69.72660356983181,1.358
2026-07-29T11:24:09.518192+00:00,1,LEFT,664.3,24.3,471.3,1741,0.36508764255791903,69.72660356983181,1.27
2026-07-29T11:24:09.618088+00:00,1,LEFT,675.3,35.3,471.3,6228,1.755132366940379,335.2055903749675,1.424
2026-07-29T11:24:09.651209+00:00,1,LEFT,680.3,40.3,471.3,4883,1.755132366940379,335.2055903749675,1.61
2026-07-29T11:24:09.668081+00:00,1,LEFT,687.3,47.3,471.3,6089,1.1921695064008235,227.68760393653923,1.853
2026-07-29T11:24:09.701162+00:00,1,LEFT,677.3,37.3,471.3,6295,1.0683240087330341,204.03485617633385,1.811
2026-07-29T11:24:09.851307+00:00,1,LEFT,694.3,54.3,471.3,8169,0.6446044968441129,123.11039041440554,2.105
2026-07-29T11:24:09.884618+00:00,1,LEFT,679.3,39.3,471.3,5927,1.105827699135989,211.19753343051588,2.0
2026-07-29T11:24:09.901277+00:00,1,LEFT,666.3,26.3,471.3,7007,1.105827699135989,211.19753343051588,1.693
2026-07-29T11:24:09.934629+00:00,1,LEFT,692.3,52.3,471.3,6898,0.49519432544708253,94.5751496231519,1.996
2026-07-29T11:24:09.801288+00:00,1,LEFT,680.3,40.3,471.3,5613,1.2226886849850416,233.51633769347836,1.953
2026-07-29T11:24:09.768036+00:00,1,LEFT,689.3,49.3,471.3,7750,0.6631259544938802,126.64772826027875,2.096
2026-07-29T11:24:10.067917+00:00,1,LEFT,691.3,51.3,471.3,8260,0.6631259544938802,126.64772826027875,2.22
2026-07-29T11:24:10.084577+00:00,1,LEFT,684.3,44.3,471.3,6077,0.871357962563634,166.41711233338205,2.162
2026-07-29T11:24:10.117802+00:00,1,LEFT,704.3,64.3,471.3,7707,1.2901499377191066,246.4004879012361,2.503
2026-07-29T11:24:10.151310+00:00,1,LEFT,691.3,51.3,471.3,7135,1.0280953892320395,196.3517557995183,2.464
2026-07-29T11:24:10.201245+00:00,1,LEFT,701.3,61.3,471.3,7562,1.970181605098769,376.27696948823234,2.628
2026-07-29T11:24:10.051378+00:00,1,LEFT,695.3,55.3,471.3,6514,0.6305268043279648,120.42174919287825,2.613
2026-07-29T11:24:10.017991+00:00,1,LEFT,702.3,62.3,471.3,7538,1.4527931416034698,277.4630517314353,2.736
2026-07-29T11:24:10.318004+00:00,1,LEFT,712.3,72.3,471.3,8579,0.5207256397604942,99.45127147508671,2.997
2026-07-29T11:24:10.217800+00:00,1,LEFT,708.3,68.3,471.3,7801,1.1673154245689512,222.9408239610757,3.079
2026-07-29T11:24:10.384525+00:00,1,LEFT,692.3,52.3,471.3,7714,1.1673154245689512,222.9408239610757,2.828
2026-07-29T11:24:10.451264+00:00,1,LEFT,701.3,61.3,471.3,7480,0.703679534047842,134.39289143557886,2.846
2026-07-29T11:24:10.534513+00:00,1,LEFT,697.3,57.3,471.3,9114,0.703679534047842,134.39289143557886,2.782
2026-07-29T11:24:10.551199+00:00,1,LEFT,704.3,64.3,471.3,8470,1.0185882721096278,194.53603017801578,2.875
2026-07-29T11:24:10.567846+00:00,1,LEFT,699.3,59.3,471.3,9427,-0.0003180398046970373,-0.06074112842101737,2.837
2026-07-29T11:24:10.434491+00:00,1,LEFT,699.3,59.3,471.3,8987,1.9541012128069997,373.2058407841221,2.814
2026-07-29T11:24:10.417791+00:00,1,LEFT,707.3,67.3,471.3,9235,1.7765610262751579,339.29816284332236,2.95
2026-07-29T11:24:10.717772+00:00,1,LEFT,705.3,65.3,471.3,9653,1.299777234494686,248.23916614577146,2.995
2026-07-29T11:24:10.684398+00:00,1,LEFT,698.3,58.3,471.3,9145,1.4421820725500583,275.43648682182743,2.89
2026-07-29T11:24:10.667897+00:00,1,LEFT,703.3,63.3,471.3,8294,0.7961068842560053,152.04521503059675,2.921
2026-07-29T11:24:10.634456+00:00,1,LEFT,701.3,61.3,471.3,8261,0.7961068842560053,152.04521503059675,2.902
2026-07-29T11:24:10.817848+00:00,1,LEFT,695.3,55.3,471.3,8116,0.9837632961571217,187.8849496989385,2.778
2026-07-29T11:24:10.884519+00:00,1,LEFT,713.3,73.3,471.3,10106,1.985268792361021,379.1584100044009,3.041
2026-07-29T11:24:10.901036+00:00,1,LEFT,708.3,68.3,471.3,9493,1.985268792361021,379.1584100044009,3.105
2026-07-29T11:24:10.917790+00:00,1,LEFT,708.3,68.3,471.3,9791,1.1833081158995629,225.99520301540738,3.144
2026-07-29T11:24:10.784454+00:00,1,LEFT,713.3,73.3,471.3,9640,1.7684599141404034,337.7509643943768,3.261
2026-07-29T11:24:10.951372+00:00,1,LEFT,707.3,67.3,471.3,9916,0.9857018275558949,188.25518192428282,3.218
2026-07-29T11:24:11.034509+00:00,1,LEFT,712.3,72.3,471.3,9334,1.4694121754169465,280.6370533884267,3.287
2026-07-29T11:24:11.051006+00:00,1,LEFT,717.3,77.3,471.3,10074,1.3725100487098099,262.13011043455714,3.421
2026-07-29T11:24:10.934623+00:00,1,LEFT,702.3,62.3,471.3,9746,1.3725100487098099,262.13011043455714,3.221
2026-07-29T11:24:11.117798+00:00,1,LEFT,707.3,67.3,471.3,10164,1.68651023245533,322.09972808439267,3.194
2026-07-29T11:24:11.151028+00:00,1,LEFT,710.3,70.3,471.3,9875,1.68651023245533,322.09972808439267,3.235
2026-07-29T11:24:11.184503+00:00,1,LEFT,706.3,66.3,471.3,9755,1.0863050557672977,207.46898319729897,3.184
2026-07-29T11:24:11.234528+00:00,1,LEFT,709.3,69.3,471.3,9984,0.706339963702485,134.9009960719205,3.21
2026-07-29T11:24:11.267730+00:00,1,LEFT,703.3,63.3,471.3,10457,0.706339963702485,134.9009960719205,3.113
2026-07-29T11:24:11.351091+00:00,1,LEFT,705.3,65.3,471.3,10186,0.7956890251487494,151.96540981967388,3.092
2026-07-29T11:24:11.417671+00:00,1,LEFT,703.3,63.3,471.3,10274,1.4737423757091164,281.46406072571887,3.042
2026-07-29T11:24:11.484443+00:00,1,LEFT,716.3,76.3,471.3,11051,1.4737423757091164,281.46406072571887,3.256
2026-07-29T11:24:11.517646+00:00,1,LEFT,709.3,69.3,471.3,10102,2.3954240107536315,457.49228653494475,3.253
2026-07-29T11:24:11.534452+00:00,1,LEFT,712.3,72.3,471.3,11094,1.3507880705222488,257.98151819181555,3.307
2026-07-29T11:24:11.567757+00:00,1,LEFT,712.3,72.3,471.3,11310,0.8896742391679436,169.91526348611922,3.34
2026-07-29T11:24:11.617756+00:00,1,LEFT,715.3,75.3,471.3,10715,1.4844154570996761,283.5024691193145,3.416
2026-07-29T11:24:11.667773+00:00,1,LEFT,705.3,65.3,471.3,10474,1.1770778588578106,224.80531156949382,3.274
2026-07-29T11:24:11.684259+00:00,1,LEFT,706.3,66.3,471.3,10314,0.7505048289895058,143.33586401762093,3.207
2026-07-29T11:24:11.700996+00:00,1,LEFT,710.3,70.3,471.3,11144,1.9444069288671018,371.3543689335967,3.243
2026-07-29T11:24:11.717811+00:00,1,LEFT,726.3,86.3,471.3,11133,0.19574183912947773,37.38393752082595,3.564
2026-07-29T11:24:11.751049+00:00,1,LEFT,699.3,59.3,471.3,11070,0.9926971793919802,189.59119571233876,3.25
2026-07-29T11:24:11.767755+00:00,1,LEFT,701.3,61.3,471.3,10600,1.5263065323978662,291.50307516548463,3.099
2026-07-29T11:24:11.801486+00:00,1,LEFT,722.3,82.3,471.3,11235,1.18251138150692,225.84303795510286,3.403
2026-07-29T11:24:11.850986+00:00,1,LEFT,711.3,71.3,471.3,11229,1.210121157243848,231.11611669853178,3.379
2026-07-29T11:24:11.950978+00:00,1,LEFT,710.3,70.3,471.3,11030,1.210121157243848,231.11611669853178,3.345
2026-07-29T11:24:11.984304+00:00,1,LEFT,702.3,62.3,471.3,9918,2.2554032522439957,430.7502915122026,3.175
2026-07-29T11:24:12.051013+00:00,1,LEFT,706.3,66.3,471.3,10536,1.2777872616238892,244.03939068875863,3.148
2026-07-29T11:24:12.084297+00:00,1,LEFT,707.3,67.3,471.3,6677,1.2777872616238892,244.03939068875863,3.151
2026-07-29T11:24:12.100919+00:00,1,LEFT,712.3,72.3,471.3,10612,2.2304730009729976,425.9889642454398,3.246
2026-07-29T11:24:12.117762+00:00,1,LEFT,710.3,70.3,471.3,7620,1.4805292101576923,282.76025062624353,3.266
2026-07-29T11:24:12.217656+00:00,1,LEFT,712.3,72.3,471.3,10285,1.0114671039581298,193.1759872437364,3.315
2026-07-29T11:24:12.267704+00:00,1,LEFT,709.3,69.3,471.3,7886,0.4622130461037159,88.2761892587622,3.288
2026-07-29T11:24:12.300865+00:00,1,LEFT,711.3,71.3,471.3,5645,2.7274875766783953,520.9117560601219,3.31
2026-07-29T11:24:12.367612+00:00,1,LEFT,711.3,71.3,471.3,9559,0.9263459062576294,176.91903599261187,3.323
2026-07-29T11:24:12.450947+00:00,1,LEFT,709.3,69.3,471.3,9815,0.9124113509897143,174.2577319718008,3.293
2026-07-29T11:24:12.484078+00:00,1,LEFT,715.3,75.3,471.3,11173,1.1899622489511967,227.2660488159978,3.388
2026-07-29T11:24:12.500929+00:00,1,LEFT,704.3,64.3,471.3,10853,1.3486595547944307,257.57500163237825,3.238
2026-07-29T11:24:12.534187+00:00,1,LEFT,710.3,70.3,471.3,9817,1.2641582530131563,241.43644178095047,3.261
2026-07-29T11:24:12.600930+00:00,1,LEFT,708.3,68.3,471.3,9609,0.7683653803728521,146.74697806442853,3.237
2026-07-29T11:24:12.684157+00:00,1,LEFT,698.3,58.3,471.3,10854,1.4431958503648639,275.6301041223353,3.035
2026-07-29T11:24:12.800875+00:00,1,LEFT,703.3,63.3,471.3,9146,1.4431958503648639,275.6301041223353,3.008
2026-07-29T11:24:12.834138+00:00,1,LEFT,698.3,58.3,471.3,10386,1.2406929403543472,236.9548971799349,2.898
2026-07-29T11:24:12.867508+00:00,1,LEFT,703.3,63.3,471.3,11071,0.013148712962865829,2.511219196003893,2.926
2026-07-29T11:24:12.900958+00:00,1,LEFT,692.3,52.3,471.3,11200,2.6944801178202034,514.6077957767014,2.736
2026-07-29T11:24:12.934157+00:00,1,LEFT,702.3,62.3,471.3,11390,2.6944801178202034,514.6077957767014,2.81
2026-07-29T11:24:12.950835+00:00,1,LEFT,706.3,66.3,471.3,11288,1.357447449862957,259.2533659598128,2.929
2026-07-29T11:24:12.967655+00:00,1,LEFT,698.3,58.3,471.3,11406,0.8286421921849251,158.25900112888218,2.851
2026-07-29T11:24:13.000850+00:00,1,LEFT,696.3,56.3,471.3,11159,0.457510307431221,87.37803233180583,2.766
2026-07-29T11:24:13.050818+00:00,1,LEFT,704.3,64.3,471.3,11640,0.17960989952087403,34.3029640043829,2.865
2026-07-29T11:24:13.067450+00:00,1,LEFT,695.3,55.3,471.3,11596,0.17960989952087403,34.3029640043829,2.756
2026-07-29T11:24:13.084100+00:00,1,LEFT,693.3,53.3,471.3,11454,1.2969379136711359,247.69689581286133,2.653
2026-07-29T11:24:13.117485+00:00,1,LEFT,708.3,68.3,471.3,11586,0.7327948503941297,139.95350725501402,2.872
2026-07-29T11:24:13.150831+00:00,1,LEFT,696.3,56.3,471.3,11634,0.7327948503941297,139.95350725501402,2.779
2026-07-29T11:24:13.167444+00:00,1,LEFT,691.3,51.3,471.3,11689,1.473144298940897,281.3498364769062,2.629
2026-07-29T11:24:13.200713+00:00,1,LEFT,703.3,63.3,471.3,11573,1.473144298940897,281.3498364769062,2.764
2026-07-29T11:24:13.317425+00:00,1,LEFT,698.3,58.3,471.3,11596,1.248489638827741,238.44395690214012,2.752
2026-07-29T11:24:13.334176+00:00,1,LEFT,692.3,52.3,471.3,11503,1.248489638827741,238.44395690214012,2.632
2026-07-29T11:24:13.350669+00:00,1,LEFT,696.3,56.3,471.3,11576,1.2517646566033362,239.06943922337987,2.635
2026-07-29T11:24:13.417328+00:00,1,LEFT,685.3,45.3,471.3,11485,0.7601751324534416,145.1827559346018,2.43
2026-07-29T11:24:13.467425+00:00,1,LEFT,699.3,59.3,471.3,11446,0.0,0.0,2.57
2026-07-29T11:24:13.567518+00:00,1,LEFT,685.3,45.3,471.3,11553,1.3025972490757705,248.77774925797638,2.391
2026-07-29T11:24:13.600703+00:00,1,LEFT,691.3,51.3,471.3,11467,1.584829017817974,302.68004656944487,2.397
2026-07-29T11:24:13.650723+00:00,1,LEFT,681.3,41.3,471.3,11451,0.23329166069626808,44.55542517831397,2.212
2026-07-29T11:24:13.700741+00:00,1,LEFT,695.3,55.3,471.3,11412,1.825332733420655,348.6128727736058,2.364
2026-07-29T11:24:13.734080+00:00,1,LEFT,682.3,42.3,471.3,11358,0.4278357727825642,81.71061368386329,2.212
2026-07-29T11:24:13.784091+00:00,1,LEFT,690.3,50.3,471.3,11473,0.2944860603287816,56.24269460758043,2.27
2026-07-29T11:24:13.834074+00:00,1,LEFT,680.3,40.3,471.3,11311,1.855296881198883,354.335603454935,2.118
2026-07-29T11:24:13.850731+00:00,1,LEFT,683.3,43.3,471.3,11473,1.855296881198883,354.335603454935,2.083
2026-07-29T11:24:13.884064+00:00,1,LEFT,688.3,48.3,471.3,11461,1.614235624205321,308.29629468876965,2.155
2026-07-29T11:24:13.917253+00:00,1,LEFT,679.3,39.3,471.3,11325,1.6260756189376115,310.55756711416086,2.03
2026-07-29T11:24:13.950644+00:00,1,LEFT,684.3,44.3,471.3,11502,1.6260756189376115,310.55756711416086,2.049
2026-07-29T11:24:13.983870+00:00,1,LEFT,682.3,42.3,471.3,11381,0.49477329656481744,94.49473902979557,2.022
2026-07-29T11:24:14.017364+00:00,1,LEFT,682.3,42.3,471.3,11519,0.49477329656481744,94.49473902979557,2.006
2026-07-29T11:24:14.050785+00:00,1,LEFT,680.3,40.3,471.3,11319,1.5186857713758946,290.047617021362,1.96
2026-07-29T11:24:14.083882+00:00,1,LEFT,682.3,42.3,471.3,11400,1.3487935039401053,257.6005840347667,1.969
2026-07-29T11:24:14.117358+00:00,1,LEFT,675.3,35.3,471.3,11571,1.237291432856582,236.30525710125477,1.843
2026-07-29T11:24:14.150602+00:00,1,LEFT,680.3,40.3,471.3,11473,1.7138567541539669,327.32252901004205,1.862
2026-07-29T11:24:14.200517+00:00,1,LEFT,676.3,36.3,471.3,11261,1.3356295954436064,255.08646270561405,1.798
2026-07-29T11:24:14.267339+00:00,1,LEFT,670.3,30.3,471.3,11399,1.4830931851267815,283.24993377459685,1.647
2026-07-29T11:24:14.367298+00:00,1,LEFT,675.3,35.3,471.3,11535,0.6163922734558582,117.72225264498134,1.65
2026-07-29T11:24:14.383948+00:00,1,LEFT,674.3,34.3,471.3,11426,0.6163922734558582,117.72225264498134,1.633
2026-07-29T11:24:14.417314+00:00,1,LEFT,661.3,21.3,471.3,11343,0.7367830082029104,140.7151892899316,1.379
2026-07-29T11:24:14.433911+00:00,1,LEFT,673.3,33.3,471.3,11257,0.9462789857201278,180.72597374561207,1.452
2026-07-29T11:24:14.483946+00:00,1,LEFT,662.3,22.3,471.3,11435,1.3616792100667954,260.0615726251174,1.289
2026-07-29T11:24:14.500514+00:00,1,LEFT,666.3,26.3,471.3,11341,1.5266014763712883,291.559405315051,1.267
2026-07-29T11:24:14.600414+00:00,1,LEFT,658.3,18.3,471.3,11337,1.6924980250746011,323.24331223667207,1.103
2026-07-29T11:24:14.633877+00:00,1,LEFT,661.3,21.3,471.3,11470,1.6924980250746011,323.24331223667207,1.061
2026-07-29T11:24:14.667213+00:00,1,LEFT,666.3,26.3,471.3,11345,1.4435521468147636,275.69815173178444,1.13
2026-07-29T11:24:14.717104+00:00,1,LEFT,659.3,19.3,471.3,11304,0.65010423861444,124.16076372057739,1.04
2026-07-29T11:24:14.683871+00:00,1,LEFT,667.3,27.3,471.3,11269,1.6448791159689427,314.148770514101,1.136
2026-07-29T11:24:14.767090+00:00,1,LEFT,668.3,28.3,471.3,11425,0.9759584795683622,186.39433953090648,1.212
2026-07-29T11:24:14.817087+00:00,1,LEFT,659.3,19.3,471.3,11390,1.399380355963949,267.26196110083026,1.089
2026-07-29T11:24:14.833859+00:00,1,LEFT,662.3,22.3,471.3,11374,0.7297598193585872,139.37385902492133,1.072
2026-07-29T11:24:14.900571+00:00,1,LEFT,656.3,16.3,471.3,11394,1.4716475274413825,281.06397417751407,0.949
2026-07-29T11:24:14.917849+00:00,1,LEFT,661.3,21.3,471.3,11275,1.1078935437649489,211.59208069174645,0.969
2026-07-29T11:24:14.950565+00:00,1,LEFT,659.3,19.3,471.3,11452,1.6978456330671907,324.26463013155814,0.943
2026-07-29T11:24:14.983675+00:00,1,LEFT,651.3,11.3,471.3,11378,1.85137078627944,353.5857745587621,0.778
2026-07-29T11:24:15.033793+00:00,1,LEFT,663.3,23.3,471.3,11382,0.6410204587876797,122.42588956691256,0.903
2026-07-29T11:24:15.050566+00:00,1,LEFT,658.3,18.3,471.3,11567,1.0263887414708734,196.0258100867507,0.885
2026-07-29T11:24:15.200554+00:00,1,LEFT,656.3,16.3,471.3,11257,1.2352740152180195,235.91995871390515,0.837
2026-07-29T11:24:15.233794+00:00,1,LEFT,655.3,15.3,471.3,11270,0.36293439477682116,69.31536353615574,0.789
2026-07-29T11:24:15.283745+00:00,1,LEFT,659.3,19.3,471.3,11403,1.002070877328515,191.3814401463185,0.835
2026-07-29T11:24:15.400520+00:00,1,LEFT,655.3,15.3,471.3,11390,1.4223864106088877,271.65579388217134,0.788
2026-07-29T11:24:15.417154+00:00,1,LEFT,652.3,12.3,471.3,11389,1.3156683486560359,251.2741453897912,0.703
2026-07-29T11:24:15.450512+00:00,1,LEFT,652.3,12.3,471.3,11305,1.3061381077673286,249.4540034542381,0.653
2026-07-29T11:24:15.517094+00:00,1,LEFT,657.3,17.3,471.3,11547,0.527231141962111,100.69373087430571,0.716
2026-07-29T11:24:15.550340+00:00,1,LEFT,648.3,8.3,471.3,11492,0.8135460472479462,155.37584982285995,0.585
2026-07-29T11:24:15.583913+00:00,1,LEFT,656.3,16.3,471.3,11411,0.8135460472479462,155.37584982285995,0.657
2026-07-29T11:24:15.633786+00:00,1,LEFT,648.3,8.3,471.3,11540,0.3412771925330162,65.1791425873848,0.55
2026-07-29T11:24:15.600397+00:00,1,LEFT,656.3,16.3,471.3,11508,1.658205907344818,316.6940001817311,0.635
2026-07-29T11:24:15.717034+00:00,1,LEFT,650.3,10.3,471.3,11668,0.5459306645393371,104.26507661625458,0.574
2026-07-29T11:24:15.750722+00:00,1,LEFT,638.3,-1.7,471.3,11665,0.5459306645393371,104.26507661625458,0.313
2026-07-29T11:24:15.767046+00:00,1,LEFT,640.3,0.3,471.3,11532,0.8720638464018703,166.55192621590683,0.193
2026-07-29T11:24:15.800262+00:00,1,LEFT,648.3,8.3,471.3,11530,0.8720638464018703,166.55192621590683,0.272
2026-07-29T11:24:15.833748+00:00,1,LEFT,634.3,-5.7,471.3,11498,0.9518292352929711,181.78599333150612,0.056
2026-07-29T11:24:15.866979+00:00,1,LEFT,649.3,9.3,471.3,11560,0.6603607735037804,126.119617592537,0.208
2026-07-29T11:24:16.016824+00:00,1,LEFT,633.3,-6.7,471.3,11488,0.9801696738600731,187.19861839632188,-0.001
2026-07-29T11:24:16.050375+00:00,1,LEFT,644.3,4.3,471.3,11588,1.116803781799972,213.29381080462568,0.08
2026-07-29T11:24:16.067002+00:00,1,LEFT,641.3,1.3,471.3,11668,1.5217281440459192,290.6286674003565,0.072
2026-07-29T11:24:16.167029+00:00,1,LEFT,639.3,-0.7,471.3,11936,1.5217281440459192,290.6286674003565,0.03
2026-07-29T11:24:16.183835+00:00,1,LEFT,634.3,-5.7,471.3,11593,0.7881832144409419,150.5319055684023,-0.089
2026-07-29T11:24:16.333505+00:00,1,LEFT,640.3,0.3,471.3,11779,1.5831387371383607,302.35722673899704,-0.048
2026-07-29T11:24:16.450338+00:00,1,LEFT,631.3,-8.7,471.3,11755,1.1880150575190782,226.8941626461164,-0.192
2026-07-29T11:24:16.467020+00:00,1,LEFT,629.3,-10.7,471.3,11769,1.233567623347044,235.59406187256405,-0.316
2026-07-29T11:24:16.483519+00:00,1,LEFT,626.3,-13.7,471.3,12119,1.233567623347044,235.59406187256405,-0.446
2026-07-29T11:24:16.517039+00:00,1,LEFT,631.3,-8.7,471.3,11720,1.3057282969355584,249.3757353507075,-0.431
2026-07-29T11:24:16.550247+00:00,1,LEFT,638.3,-1.7,471.3,11987,0.5248927873559296,100.24713804117515,-0.29
2026-07-29T11:24:16.567010+00:00,1,LEFT,636.3,-3.7,471.3,12192,0.5248927873559296,100.24713804117515,-0.244
2026-07-29T11:24:16.600116+00:00,1,LEFT,645.3,5.3,471.3,11533,1.2296931021660567,234.85408283488198,-0.047
2026-07-29T11:24:16.683480+00:00,1,NONE,0.0,0.0,471.3,0,1.4933443638682364,285.2077646976622,0.071
2026-07-29T11:24:16.800245+00:00,1,LEFT,630.3,-9.7,471.3,1583,1.460666870623827,278.96682320442244,-0.139
2026-07-29T11:24:16.833603+00:00,1,LEFT,625.3,-14.7,471.3,1695,1.3509221848100423,258.0071321340254,-0.359
2026-07-29T11:24:16.866933+00:00,1,LEFT,619.3,-20.7,471.3,1167,1.5615741400420666,298.23869207060466,-0.604
2026-07-29T11:24:16.966902+00:00,1,LEFT,612.3,-27.7,471.3,1581,1.0751274726167321,205.3342220650191,-0.882
2026-07-29T11:24:16.983558+00:00,1,LEFT,629.3,-10.7,471.3,4616,0.8103368842601776,154.76294483963082,-0.73
2026-07-29T11:24:17.016897+00:00,1,LEFT,618.3,-21.7,471.3,2418,1.366536787673831,260.9893016102521,-0.845
2026-07-29T11:24:17.050291+00:00,1,LEFT,611.3,-28.7,471.3,1983,1.9306932698749006,368.7352529938142,-1.045
2026-07-29T11:24:17.116758+00:00,1,LEFT,628.3,-11.7,471.3,3106,1.2465151169151067,238.0668509949733,-0.846
2026-07-29T11:24:17.150242+00:00,1,NONE,0.0,0.0,471.3,0,0.7995125471055508,152.69564872300828,-0.727
2026-07-29T11:24:17.183537+00:00,1,LEFT,616.3,-23.7,471.3,4350,0.6735517616197467,128.638910748044,-0.881
2026-07-29T11:24:17.250255+00:00,1,LEFT,598.3,-41.7,471.3,2272,0.49753292560577395,95.02178935335738,-1.31
2026-07-29T11:24:17.266720+00:00,1,NONE,0.0,0.0,471.3,0,-0.0033838886395096777,-0.6462751246205687,-1.568
2026-07-29T11:24:17.316724+00:00,1,LEFT,606.3,-33.7,471.3,998,1.346543091610074,257.17078693918336,-1.573
2026-07-29T11:24:17.416673+00:00,1,LEFT,609.3,-30.7,471.3,1582,0.8884662356972695,169.68455181776326,-1.519
2026-07-29T11:24:17.450194+00:00,1,LEFT,605.3,-34.7,471.3,3920,0.8884662356972695,169.68455181776326,-1.562
2026-07-29T11:24:17.483324+00:00,1,LEFT,588.3,-51.7,471.3,2767,1.6225091548264026,309.8764226429704,-1.907
2026-07-29T11:24:17.500245+00:00,1,LEFT,599.3,-40.7,471.3,1119,1.6225091548264026,309.8764226429704,-1.907
2026-07-29T11:24:17.533439+00:00,1,LEFT,633.3,-6.7,471.3,5159,0.6584465059638024,125.75401942287155,-1.27
2026-07-29T11:24:17.633432+00:00,1,LEFT,600.3,-39.7,471.3,2309,1.5323525217175484,292.6577740688145,-1.506
2026-07-29T11:24:17.700165+00:00,1,LEFT,617.3,-22.7,471.3,4240,1.13272505287081,216.33454959410147,-1.329
2026-07-29T11:24:17.716797+00:00,1,LEFT,607.3,-32.7,471.3,4714,1.13272505287081,216.33454959410147,-1.411
2026-07-29T11:24:17.783399+00:00,1,LEFT,605.3,-34.7,471.3,3468,1.3811969835311175,263.789192775111,-1.497
2026-07-29T11:24:17.800105+00:00,1,LEFT,621.3,-18.7,471.3,6973,1.1985900136083365,228.9138304876186,-1.249
2026-07-29T11:24:17.833477+00:00,1,LEFT,616.3,-23.7,471.3,5476,0.9199748721532524,175.7022581082295,-1.194
2026-07-29T11:24:17.883465+00:00,1,LEFT,600.3,-39.7,471.3,6689,1.4888953159749507,284.3580591405394,-1.461
2026-07-29T11:24:17.966712+00:00,1,LEFT,604.3,-35.7,471.3,7531,0.674965538829565,128.90892230569187,-1.546
2026-07-29T11:24:18.016704+00:00,1,LEFT,610.3,-29.7,471.3,5694,1.8383971456438304,351.10799171429596,-1.484
2026-07-29T11:24:18.033507+00:00,1,LEFT,614.3,-25.7,471.3,7426,1.8383971456438304,351.10799171429596,-1.372
2026-07-29T11:24:18.066697+00:00,1,LEFT,604.3,-35.7,471.3,4616,0.741285031363368,141.5750123778128,-1.493
2026-07-29T11:24:18.149929+00:00,1,LEFT,612.3,-27.7,471.3,6704,0.8915761670470238,170.2785049541511,-1.415
2026-07-29T11:24:18.199917+00:00,1,LEFT,633.3,-6.7,471.3,8111,0.6723442387580871,128.40829086924845,-0.975
2026-07-29T11:24:18.233386+00:00,1,LEFT,613.3,-26.7,471.3,6930,1.9097695940732955,364.7391252760409,-1.085
2026-07-29T11:24:18.283393+00:00,1,LEFT,644.3,4.3,471.3,8232,1.8689396043121815,356.9411716397936,-0.571
2026-07-29T11:24:18.350047+00:00,1,LEFT,631.3,-8.7,471.3,5979,1.2668643492879346,241.9532680992867,-0.506
2026-07-29T11:24:18.366627+00:00,1,LEFT,630.3,-9.7,471.3,7958,1.2668643492879346,241.9532680992867,-0.485
2026-07-29T11:24:18.466620+00:00,1,LEFT,634.3,-5.7,471.3,6125,1.019720662869513,194.75230088235259,-0.398
2026-07-29T11:24:18.483370+00:00,1,LEFT,614.3,-25.7,471.3,5569,1.5828762628883124,302.3070978498016,-0.721
2026-07-29T11:24:18.499979+00:00,1,LEFT,622.3,-17.7,471.3,7550,1.5828762628883124,302.3070978498016,-0.764
2026-07-29T11:24:18.633453+00:00,1,LEFT,612.3,-27.7,471.3,6175,0.9641078539192677,184.13103674996447,-0.978
2026-07-29T11:24:18.649862+00:00,1,LEFT,621.3,-18.7,471.3,7817,0.9504581819474697,181.524141430891,-0.937
2026-07-29T11:24:18.733201+00:00,1,LEFT,631.3,-8.7,471.3,8356,1.382861616909504,264.1071143318382,-0.726
2026-07-29T11:24:18.766667+00:00,1,LEFT,619.3,-20.7,471.3,8378,1.8929174593091012,361.5206046167941,-0.823
2026-07-29T11:24:18.833294+00:00,1,LEFT,634.3,-5.7,471.3,9370,0.8880923396721482,169.6131429370427,-0.601
2026-07-29T11:24:18.849868+00:00,1,LEFT,621.3,-18.7,471.3,7948,1.5808690191805364,301.9237425401024,-0.711
2026-07-29T11:24:18.883299+00:00,1,LEFT,616.3,-23.7,471.3,9255,1.0645643644034863,203.31681700115593,-0.871
2026-07-29T11:24:18.916664+00:00,1,LEFT,632.3,-7.7,471.3,9145,1.7724944478273392,338.52150356959277,-0.667
2026-07-29T11:24:19.033124+00:00,1,LEFT,623.3,-16.7,471.3,9325,1.1301498532295227,215.84272269127024,-0.713
2026-07-29T11:24:19.049877+00:00,1,LEFT,622.3,-17.7,471.3,8279,1.6203589399438352,309.46576185024594,-0.76
2026-07-29T11:24:18.933131+00:00,1,LEFT,634.3,-5.7,471.3,8667,1.6203589399438352,309.46576185024594,-0.563
2026-07-29T11:24:19.099881+00:00,1,LEFT,640.3,0.3,471.3,9389,1.5098529635369777,288.3606749866287,-0.332
2026-07-29T11:24:19.149899+00:00,1,LEFT,625.3,-14.7,471.3,9689,0.9293218353390693,177.48739658093436,-0.475
2026-07-29T11:24:19.166590+00:00,1,LEFT,636.3,-3.7,471.3,8908,1.795113490447402,342.8414224987799,-0.354
2026-07-29T11:24:19.216591+00:00,1,LEFT,626.3,-13.7,471.3,9070,1.0600209353119134,202.4490859629423,-0.469
2026-07-29T11:24:19.266580+00:00,1,LEFT,640.3,0.3,471.3,9530,1.184166425615549,226.159128096211,-0.276
2026-07-29T11:24:19.299828+00:00,1,LEFT,632.3,-7.7,471.3,9583,1.184166425615549,226.159128096211,-0.31
2026-07-29T11:24:19.349841+00:00,1,LEFT,637.3,-2.7,471.3,9272,1.0055312677845358,192.042326041643,-0.237
2026-07-29T11:24:19.383187+00:00,1,LEFT,621.3,-18.7,471.3,9268,0.7810887972451747,149.1769716903273,-0.493
2026-07-29T11:24:19.433188+00:00,1,LEFT,634.3,-5.7,471.3,9865,1.5275483411550521,291.7402431679817,-0.402
2026-07-29T11:24:19.499917+00:00,1,LEFT,629.3,-10.7,471.3,9900,1.5275483411550521,291.7402431679817,-0.442
2026-07-29T11:24:19.516413+00:00,1,LEFT,630.3,-9.7,471.3,10412,1.281244879439473,244.69974704876594,-0.447
2026-07-29T11:24:19.583161+00:00,1,LEFT,629.3,-10.7,471.3,9836,1.013193741440773,193.5057507120849,-0.469
2026-07-29T11:24:19.616532+00:00,1,LEFT,633.3,-6.7,471.3,10445,1.013193741440773,193.5057507120849,-0.407
2026-07-29T11:24:19.399928+00:00,1,LEFT,622.3,-17.7,471.3,9974,1.0892933667451143,208.0397085536373,-0.576
2026-07-29T11:24:19.649902+00:00,1,LEFT,630.3,-9.7,471.3,9732,1.2367272575199604,236.1975075489421,-0.528
2026-07-29T11:24:19.699933+00:00,1,LEFT,626.3,-13.7,471.3,10218,1.2367272575199604,236.1975075489421,-0.573
2026-07-29T11:24:19.716382+00:00,1,LEFT,619.3,-20.7,471.3,10399,1.178622529283166,225.10032188986565,-0.732
2026-07-29T11:24:19.783151+00:00,1,LEFT,642.3,2.3,471.3,9767,0.713449927419424,136.25889911682637,-0.396
2026-07-29T11:24:19.733210+00:00,1,LEFT,624.3,-15.7,471.3,9960,0.713449927419424,136.25889911682637,-0.532
2026-07-29T11:24:19.833091+00:00,1,LEFT,629.3,-10.7,471.3,10033,1.2363668145379052,236.12866801018586,-0.52
2026-07-29T11:24:19.866483+00:00,1,LEFT,631.3,-8.7,471.3,10611,1.2806237090006471,244.58111223375593,-0.475
2026-07-29T11:24:19.933089+00:00,1,LEFT,641.3,1.3,471.3,9574,1.2806237090006471,244.58111223375593,-0.261
2026-07-29T11:24:19.966448+00:00,1,LEFT,627.3,-12.7,471.3,10643,1.2011929351091384,229.410951875618,-0.395
2026-07-29T11:24:19.983386+00:00,1,LEFT,624.3,-15.7,471.3,10309,0.9904330940544606,189.158787264681,-0.531
2026-07-29T11:24:20.033048+00:00,1,LEFT,640.3,0.3,471.3,9333,0.9904330940544606,189.158787264681,-0.313
2026-07-29T11:24:20.066447+00:00,1,LEFT,628.3,-11.7,471.3,10341,0.9904330940544606,189.158787264681,-0.407
2026-07-29T11:24:20.083079+00:00,1,LEFT,635.3,-4.7,471.3,9253,1.7217676382418723,328.8333965782227,-0.332
2026-07-29T11:24:20.116429+00:00,1,LEFT,624.3,-15.7,471.3,10244,1.7217676382418723,328.8333965782227,-0.494
2026-07-29T11:24:20.199652+00:00,1,LEFT,617.3,-22.7,471.3,1038,1.1705818924307823,223.56467336906917,-0.722
2026-07-29T11:24:20.233191+00:00,1,LEFT,630.3,-9.7,471.3,9411,1.1705818924307823,223.56467336906917,-0.615
2026-07-29T11:24:20.283138+00:00,1,LEFT,628.3,-11.7,471.3,7089,1.050866383984685,200.70069544832205,-0.588
2026-07-29T11:24:20.316309+00:00,1,LEFT,621.3,-18.7,471.3,9773,1.3738072430714965,262.37785630833315,-0.704
2026-07-29T11:24:20.333139+00:00,1,LEFT,630.3,-9.7,471.3,8174,0.9269399318099022,177.03248651617238,-0.604
2026-07-29T11:24:20.366300+00:00,1,LEFT,626.3,-13.7,471.3,9012,0.8021564918011427,153.20060496408635,-0.619
2026-07-29T11:24:20.466380+00:00,1,LEFT,626.3,-13.7,471.3,10153,0.8021564918011427,153.20060496408635,-0.628
2026-07-29T11:24:20.499601+00:00,1,LEFT,632.3,-7.7,471.3,10683,1.4035935672186315,268.066625177798,-0.521
2026-07-29T11:24:20.533104+00:00,1,LEFT,621.3,-18.7,471.3,6507,0.9723228455055505,185.69998457206276,-0.663
2026-07-29T11:24:20.599750+00:00,1,LEFT,626.3,-13.7,471.3,10634,1.0678278839588164,203.94010332408533,-0.655
2026-07-29T11:24:20.616303+00:00,1,LEFT,626.3,-13.7,471.3,8681,1.2877438839152455,245.94096547376063,-0.65
2026-07-29T11:24:20.633071+00:00,1,LEFT,631.3,-8.7,471.3,10926,1.5867288257926702,303.0428831655628,-0.553
2026-07-29T11:24:20.683089+00:00,1,LEFT,626.3,-13.7,471.3,8349,0.7902024753391743,150.91755599241733,-0.589
2026-07-29T11:24:20.716351+00:00,1,LEFT,622.3,-17.7,471.3,8647,0.7902024753391743,150.91755599241733,-0.685
2026-07-29T11:24:20.733000+00:00,1,LEFT,627.3,-12.7,471.3,10199,1.817076836079359,347.0361125277739,-0.649
2026-07-29T11:24:20.766299+00:00,1,LEFT,632.3,-7.7,471.3,9721,0.9946768970787525,189.96929393927027,-0.534
2026-07-29T11:24:20.799871+00:00,1,LEFT,618.3,-21.7,471.3,9596,1.600498293414712,305.672657768513,-0.727
2026-07-29T11:24:20.833049+00:00,1,LEFT,636.3,-3.7,471.3,10576,1.600498293414712,305.672657768513,-0.506
2026-07-29T11:24:20.866246+00:00,1,LEFT,623.3,-16.7,471.3,10499,0.800831750780344,152.94759806595428,-0.617
2026-07-29T11:24:20.883047+00:00,1,LEFT,625.3,-14.7,471.3,10736,0.800831750780344,152.94759806595428,-0.646
2026-07-29T11:24:20.916262+00:00,1,LEFT,633.3,-6.7,471.3,11524,1.136419861614704,217.04020608454536,-0.513
2026-07-29T11:24:20.949635+00:00,1,LEFT,627.3,-12.7,471.3,11409,1.060173787921667,202.47827866103046,-0.546
2026-07-29T11:24:20.982886+00:00,1,LEFT,628.3,-11.7,471.3,11702,1.798032907433808,343.39899007197937,-0.547
2026-07-29T11:24:21.032866+00:00,1,LEFT,626.3,-13.7,471.3,11642,1.0007902432978153,191.13685706278545,-0.585
2026-07-29T11:24:21.049657+00:00,1,LEFT,630.3,-9.7,471.3,11671,1.5857328143622726,302.85265899453424,-0.533
2026-07-29T11:24:21.099535+00:00,1,LEFT,627.3,-12.7,471.3,11708,0.9667919597029686,184.64366319387355,-0.558
2026-07-29T11:24:21.149593+00:00,1,LEFT,635.3,-4.7,471.3,11562,0.8674673480167985,165.67405968922913,-0.423
2026-07-29T11:24:21.166439+00:00,1,LEFT,631.3,-8.7,471.3,11633,1.7318587125092746,330.7606497991401,-0.417
2026-07-29T11:24:21.216290+00:00,1,LEFT,633.3,-6.7,471.3,11642,1.7318587125092746,330.7606497991401,-0.376
2026-07-29T11:24:21.232842+00:00,1,LEFT,639.3,-0.7,471.3,11545,2.4859753227233887,474.7863132190765,-0.239
2026-07-29T11:24:21.249585+00:00,1,LEFT,637.3,-2.7,471.3,11616,1.0625326699391007,202.92879194092464,-0.194
2026-07-29T11:24:21.282863+00:00,1,LEFT,632.3,-7.7,471.3,11696,1.0625326699391007,202.92879194092464,-0.261
2026-07-29T11:24:21.316368+00:00,1,LEFT,638.3,-1.7,471.3,11549,0.8757854985678568,167.26270942232935,-0.188
2026-07-29T11:24:21.366331+00:00,1,LEFT,634.3,-5.7,471.3,11643,1.2128946777177043,231.64582009034876,-0.22
2026-07-29T11:24:21.399574+00:00,1,LEFT,638.3,-1.7,471.3,11501,1.2128946777177043,231.64582009034876,-0.164
2026-07-29T11:24:21.433370+00:00,1,LEFT,641.3,1.3,471.3,11630,1.104530809521675,210.94984575920074,-0.074
2026-07-29T11:24:21.449537+00:00,1,LEFT,640.3,0.3,471.3,11591,1.3655801635608078,260.8065998627298,-0.039
2026-07-29T11:24:21.482953+00:00,1,LEFT,631.3,-8.7,471.3,11648,0.9847682686708867,188.07688531082314,-0.186
2026-07-29T11:24:21.516370+00:00,1,LEFT,645.3,5.3,471.3,11533,1.6855836429819464,321.92276253050557,-0.012
2026-07-29T11:24:21.550198+00:00,1,LEFT,636.3,-3.7,471.3,11599,1.6855836429819464,321.92276253050557,-0.077
2026-07-29T11:24:21.582928+00:00,1,LEFT,639.3,-0.7,471.3,11542,1.0089419189095497,192.69371242449245,-0.059
2026-07-29T11:24:21.632878+00:00,1,LEFT,638.3,-1.7,471.3,11450,1.336740150898695,255.29856317392006,-0.067
2026-07-29T11:24:21.666285+00:00,1,LEFT,646.3,6.3,471.3,11495,0.9025742828077636,172.37899033977345,0.078
2026-07-29T11:24:21.699453+00:00,1,LEFT,639.3,-0.7,471.3,11505,0.9025742828077636,172.37899033977345,0.033
2026-07-29T11:24:21.749614+00:00,1,LEFT,636.3,-3.7,471.3,11697,0.8334597612917424,159.17908905332632,-0.049
2026-07-29T11:24:21.766112+00:00,1,LEFT,643.3,3.3,471.3,11526,0.8334597612917424,159.17908905332632,0.032
2026-07-29T11:24:21.782854+00:00,1,LEFT,644.3,4.3,471.3,11577,1.5457005636394023,295.20706229176756,0.1
2026-07-29T11:24:21.816236+00:00,1,LEFT,641.3,1.3,471.3,11522,1.1524109571240841,220.0942803594723,0.084
2026-07-29T11:24:21.849561+00:00,1,LEFT,645.3,5.3,471.3,11584,1.0595343770831824,202.35616018629682,0.15
2026-07-29T11:24:21.899624+00:00,1,LEFT,646.3,6.3,471.3,11508,0.7849706239998341,149.9183459898038,0.208
2026-07-29T11:24:21.916132+00:00,1,LEFT,646.3,6.3,471.3,11490,1.4816675026528536,282.9776484789907,0.243
2026-07-29T11:24:21.932830+00:00,1,LEFT,645.3,5.3,471.3,11657,1.527578688263893,291.7460390388385,0.245
2026-07-29T11:24:21.999563+00:00,1,LEFT,646.3,6.3,471.3,11674,0.37120185017585755,70.89433120841385,0.265
2026-07-29T11:24:22.016080+00:00,1,LEFT,651.3,11.3,471.3,11629,0.37120185017585755,70.89433120841385,0.371
2026-07-29T11:24:22.032853+00:00,1,LEFT,649.3,9.3,471.3,11695,1.6068143438361586,306.87893454298194,0.397
2026-07-29T11:24:22.066761+00:00,1,LEFT,642.3,2.3,471.3,11517,1.0765084612369538,205.59797146333344,0.281
2026-07-29T11:24:22.116171+00:00,1,LEFT,647.3,7.3,471.3,11586,0.9014298704266548,172.1604236749066,0.306
2026-07-29T11:24:22.132854+00:00,1,LEFT,645.3,5.3,471.3,11484,0.9955402118898928,190.1341749228352,0.283
2026-07-29T11:24:22.182820+00:00,1,LEFT,654.3,14.3,471.3,11669,0.9087327153980732,173.55516432590866,0.438
2026-07-29T11:24:22.216205+00:00,1,LEFT,645.3,5.3,471.3,11548,1.1235099053382873,214.574586056755,0.362
2026-07-29T11:24:22.232773+00:00,1,LEFT,647.3,7.3,471.3,11562,1.1235099053382873,214.574586056755,0.354
2026-07-29T11:24:22.266281+00:00,1,LEFT,657.3,17.3,471.3,11684,1.2043597185332329,230.0157629583933,0.537
2026-07-29T11:24:22.282779+00:00,1,LEFT,652.3,12.3,471.3,11679,0.7169604825973511,136.9293657683031,0.553
2026-07-29T11:24:22.316125+00:00,1,LEFT,642.3,2.3,471.3,11596,0.7169604825973511,136.9293657683031,0.375
2026-07-29T11:24:22.349488+00:00,1,LEFT,661.3,21.3,471.3,11497,1.1418933760374785,218.08557033630856,0.624
2026-07-29T11:24:22.366126+00:00,1,LEFT,649.3,9.3,471.3,11731,1.1418933760374785,218.08557033630856,0.549
2026-07-29T11:24:22.449479+00:00,1,LEFT,647.3,7.3,471.3,11568,1.0318220431776717,197.06349427548662,0.466
2026-07-29T11:24:22.466202+00:00,1,LEFT,651.3,11.3,471.3,11746,0.887510583344847,169.50203566284475,0.492
2026-07-29T11:24:22.516112+00:00,1,LEFT,644.3,4.3,471.3,11789,1.6665866987407207,318.29461343494694,0.376
2026-07-29T11:24:22.532843+00:00,1,LEFT,645.3,5.3,471.3,11632,1.1487625361979008,219.39748328961392,0.325
2026-07-29T11:24:22.565996+00:00,1,LEFT,653.3,13.3,471.3,11727,0.9408420560508967,179.68759666709073,0.444
2026-07-29T11:24:22.582827+00:00,1,LEFT,654.3,14.3,471.3,11598,0.9408420560508967,179.68759666709073,0.535
2026-07-29T11:24:22.632888+00:00,1,LEFT,649.3,9.3,471.3,11664,0.6183009782293811,118.08678840451245,0.495
2026-07-29T11:24:22.682824+00:00,1,LEFT,648.3,8.3,471.3,11635,2.1715534564852716,414.73616014550646,0.453
2026-07-29T11:24:22.699303+00:00,1,LEFT,648.3,8.3,471.3,11530,2.1715534564852716,414.73616014550646,0.427
2026-07-29T11:24:22.716098+00:00,1,LEFT,648.3,8.3,471.3,11506,0.8316424122522585,158.83200095377774,0.412
2026-07-29T11:24:22.749313+00:00,1,LEFT,657.3,17.3,471.3,11644,1.0150636607408523,193.86287899183355,0.572
2026-07-29T11:24:22.782816+00:00,1,LEFT,651.3,11.3,471.3,11762,1.0150636607408523,193.86287899183355,0.555
2026-07-29T11:24:22.799301+00:00,1,LEFT,648.3,8.3,471.3,11621,1.1636230525374414,222.23563284841683,0.489
2026-07-29T11:24:22.816024+00:00,1,LEFT,656.3,16.3,471.3,11720,1.8440905638039111,352.1953544862152,0.599
2026-07-29T11:24:22.866056+00:00,1,LEFT,644.3,4.3,471.3,11808,1.0516209392249585,200.84480488391256,0.44
2026-07-29T11:24:22.882752+00:00,1,LEFT,649.3,9.3,471.3,11593,1.5006047427654265,286.5943949259117,0.438
2026-07-29T11:24:22.932784+00:00,1,LEFT,657.3,17.3,471.3,11846,1.5006047427654265,286.5943949259117,0.587
2026-07-29T11:24:22.966015+00:00,1,LEFT,645.3,5.3,471.3,11682,1.196082735657692,228.43497567215817,0.452
2026-07-29T11:24:22.982736+00:00,1,LEFT,654.3,14.3,471.3,11561,1.3016248795390128,248.59204035603207,0.539
2026-07-29T11:24:23.016028+00:00,1,LEFT,659.3,19.3,471.3,11612,1.1343972456455231,216.65391488917925,0.685
2026-07-29T11:24:23.049409+00:00,1,LEFT,651.3,11.3,471.3,11691,1.383890270590782,264.3035727135643,0.623
2026-07-29T11:24:23.083048+00:00,1,LEFT,653.3,13.3,471.3,11760,1.383890270590782,264.3035727135643,0.623
2026-07-29T11:24:23.115991+00:00,1,LEFT,641.3,1.3,471.3,11919,1.2850485244765877,245.42618974007448,0.398
2026-07-29T11:24:23.149357+00:00,1,LEFT,659.3,19.3,471.3,11677,1.197524059712887,228.710248289736,0.601
2026-07-29T11:24:23.165974+00:00,1,LEFT,657.3,17.3,471.3,11828,1.3187365605076775,251.86013068896148,0.685
2026-07-29T11:24:23.199343+00:00,1,LEFT,646.3,6.3,471.3,11799,0.40056614063680174,76.50249758110839,0.529
2026-07-29T11:24:23.249467+00:00,1,LEFT,649.3,9.3,471.3,11775,2.1084202387928963,402.6786037426605,0.492
2026-07-29T11:24:23.266042+00:00,1,LEFT,648.3,8.3,471.3,11836,1.0249523572623729,195.7514809103963,0.451
2026-07-29T11:24:23.282586+00:00,1,LEFT,648.3,8.3,471.3,11605,1.0249523572623729,195.7514809103963,0.426
2026-07-29T11:24:23.316068+00:00,1,LEFT,651.3,11.3,471.3,11792,1.4111605037748813,269.51180360618594,0.468
2026-07-29T11:24:23.332570+00:00,1,LEFT,654.3,14.3,471.3,11663,1.4111605037748813,269.51180360618594,0.549
2026-07-29T11:24:23.366079+00:00,1,LEFT,642.3,2.3,471.3,11817,1.2992306188866496,248.1347702545832,0.372
2026-07-29T11:24:23.399316+00:00,1,LEFT,656.3,16.3,471.3,11703,1.7785344943404198,339.67506748046685,0.529
2026-07-29T11:24:23.466037+00:00,1,LEFT,648.3,8.3,471.3,11682,0.968671049810946,185.00254296891316,0.473
2026-07-29T11:24:23.499323+00:00,1,LEFT,654.3,14.3,471.3,11745,0.968671049810946,185.00254296891316,0.552
2026-07-29T11:24:23.516033+00:00,1,LEFT,654.3,14.3,471.3,11685,1.015885410606861,194.01982165562606,0.599
2026-07-29T11:24:23.549281+00:00,1,LEFT,645.3,5.3,471.3,11877,1.4660234186053276,279.9898485114201,0.459
2026-07-29T11:24:23.582724+00:00,1,LEFT,657.3,17.3,471.3,11725,0.5728887190669775,109.41368577731234,0.6
2026-07-29T11:24:23.599312+00:00,1,LEFT,656.3,16.3,471.3,11834,1.5825011797249318,302.2354622423745,0.665
2026-07-29T11:24:23.632546+00:00,1,LEFT,646.3,6.3,471.3,11820,0.8142111778259278,155.50288040600472,0.517
2026-07-29T11:24:23.666141+00:00,1,LEFT,666.3,26.3,471.3,11772,0.9989210015162826,190.77985817954766,0.804
2026-07-29T11:24:23.682541+00:00,1,LEFT,656.3,16.3,471.3,11813,1.4170712582767009,270.64067456182664,0.788
2026-07-29T11:24:23.699276+00:00,1,LEFT,651.3,11.3,471.3,11979,1.1387956541776658,217.49394904073296,0.685
2026-07-29T11:24:23.749248+00:00,1,LEFT,653.3,13.3,471.3,11934,1.772179653197527,338.4613822239207,0.66
2026-07-29T11:24:23.782612+00:00,1,LEFT,665.3,25.3,471.3,11841,1.0252635047957301,195.81090571195392,0.87
2026-07-29T11:24:23.815991+00:00,1,LEFT,648.3,8.3,471.3,11913,1.1167857418954372,213.29036543665012,0.678
2026-07-29T11:24:23.849797+00:00,1,LEFT,652.3,12.3,471.3,11876,1.4029465245828032,267.9430491371381,0.637
2026-07-29T11:24:23.882606+00:00,1,LEFT,647.3,7.3,471.3,11800,0.6422476704418659,122.66026972809303,0.519
2026-07-29T11:24:23.899238+00:00,1,LEFT,660.3,20.3,471.3,11810,0.5236248615384101,100.00498204757669,0.692
2026-07-29T11:24:23.949206+00:00,1,LEFT,648.3,8.3,471.3,11893,0.7250631308555603,138.47685759521778,0.571
2026-07-29T11:24:24.015960+00:00,1,LEFT,656.3,16.3,471.3,11745,1.037019467353821,198.056129174262,0.648
2026-07-29T11:24:24.032598+00:00,1,LEFT,651.3,11.3,471.3,11946,1.5200795629620552,290.3138116060548,0.601
2026-07-29T11:24:24.066570+00:00,1,LEFT,652.3,12.3,471.3,11891,1.5200795629620552,290.3138116060548,0.591
2026-07-29T11:24:24.082566+00:00,1,LEFT,659.3,19.3,471.3,12024,1.42002309769392,271.20443436318334,0.717
2026-07-29T11:24:24.099385+00:00,1,LEFT,658.3,18.3,471.3,11974,1.3272997690737247,253.49558305537738,0.773
2026-07-29T11:24:24.115839+00:00,1,LEFT,647.3,7.3,471.3,12444,1.2518381624668837,239.08347780921565,0.601
2026-07-29T11:24:24.165977+00:00,1,LEFT,658.3,18.3,471.3,11950,0.7448550628870726,142.2568381746026,0.704
2026-07-29T11:24:24.215960+00:00,1,LEFT,652.3,12.3,471.3,12014,0.7448550628870726,142.2568381746026,0.653
2026-07-29T11:24:24.249280+00:00,1,LEFT,656.3,16.3,471.3,12192,1.0406478065997362,198.74909092570408,0.697
2026-07-29T11:24:24.265814+00:00,1,LEFT,656.3,16.3,471.3,12281,2.1261032620072364,406.0558124067057,0.724
2026-07-29T11:24:24.299299+00:00,1,LEFT,647.3,7.3,471.3,12030,1.3301650069467723,254.04280318013292,0.571
2026-07-29T11:24:24.332533+00:00,1,LEFT,658.3,18.3,471.3,11938,0.791122001633048,151.0931725783849,0.686
2026-07-29T11:24:24.349270+00:00,1,LEFT,657.3,17.3,471.3,11815,1.0908109660446643,208.32954866982473,0.736
2026-07-29T11:24:24.415898+00:00,1,LEFT,670.3,30.3,471.3,11112,1.2754169604182244,243.58669650456073,1.01
2026-07-29T11:24:24.449258+00:00,1,LEFT,648.3,8.3,471.3,12218,1.2754169604182244,243.58669650456073,0.761
2026-07-29T11:24:24.465761+00:00,1,LEFT,658.3,18.3,471.3,11080,0.5563995100371539,106.26447882758603,0.8
2026-07-29T11:24:24.499307+00:00,1,LEFT,665.3,25.3,471.3,1769,0.5563995100371539,106.26447882758603,0.954
2026-07-29T11:24:24.515852+00:00,1,LEFT,645.3,5.3,471.3,3530,0.6562968895584345,125.34347293087266,0.672
2026-07-29T11:24:24.532484+00:00,1,LEFT,634.3,-5.7,471.3,1575,0.5984657900035382,114.29854650055117,0.296
2026-07-29T11:24:24.565876+00:00,1,LEFT,662.3,22.3,471.3,3786,0.5984657900035382,114.29854650055117,0.596
2026-07-29T11:24:24.599236+00:00,1,NONE,0.0,0.0,471.3,0,1.9636357248201965,375.0267984443652,0.776
2026-07-29T11:24:24.649239+00:00,1,LEFT,644.3,4.3,471.3,1620,-0.3551949808001518,-67.83724434693004,0.546
2026-07-29T11:24:24.665832+00:00,1,LEFT,663.3,23.3,471.3,1763,1.2936481837183238,247.0686036727483,0.764
2026-07-29T11:24:24.682462+00:00,1,LEFT,646.3,6.3,471.3,2396,1.2936481837183238,247.0686036727483,0.577
2026-07-29T11:24:24.765849+00:00,1,LEFT,641.3,1.3,471.3,2005,0.9183104273676872,175.38437257007803,0.37
2026-07-29T11:24:24.799287+00:00,1,LEFT,659.3,19.3,471.3,3482,2.400480170994997,458.4579420095184,0.584
2026-07-29T11:24:24.815706+00:00,1,LEFT,638.3,-1.7,471.3,3538,1.2816179984435438,244.77100752939725,0.319
2026-07-29T11:24:24.832559+00:00,1,LEFT,642.3,2.3,471.3,3897,0.8382558608055115,160.0950765875387,0.234
2026-07-29T11:24:24.866189+00:00,1,NONE,0.0,0.0,471.3,0,0.5960369853675366,113.83467898420217,0.184
2026-07-29T11:24:24.882542+00:00,1,LEFT,627.3,-12.7,471.3,2770,0.5960369853675366,113.83467898420217,-0.128
2026-07-29T11:24:24.899029+00:00,1,LEFT,647.3,7.3,471.3,2034,1.2278445645421743,234.5010381544833,0.06
2026-07-29T11:24:24.915909+00:00,1,LEFT,645.3,5.3,471.3,4243,1.2278445645421743,234.5010381544833,0.135
2026-07-29T11:24:24.949064+00:00,1,LEFT,651.3,11.3,471.3,4091,1.1791390427947044,225.19896870410776,0.293
2026-07-29T11:24:24.999021+00:00,1,LEFT,626.3,-13.7,471.3,5368,1.1791390427947044,225.19896870410776,-0.081
2026-07-29T11:24:25.015790+00:00,1,LEFT,639.3,-0.7,471.3,4787,1.2649586123228074,241.58929914940717,-0.062
2026-07-29T11:24:25.065795+00:00,1,LEFT,646.3,6.3,471.3,3717,0.2975508910417557,56.828034156832054,0.081
2026-07-29T11:24:25.082503+00:00,1,LEFT,652.3,12.3,471.3,6375,1.597356963455677,305.0727079394772,0.279
2026-07-29T11:24:25.115732+00:00,1,LEFT,630.3,-9.7,471.3,3846,34.41123424291611,6572.061633183833,-0.014
2026-07-29T11:24:25.149122+00:00,1,LEFT,648.3,8.3,471.3,5432,-69.00628302693367,-13179.229257761823,0.147
2026-07-29T11:24:25.182255+00:00,1,RIGHT,501.7,-138.3,471.3,14332,0.0,0.0,-2.505
2026-07-29T11:24:25.232458+00:00,1,LEFT,629.3,-10.7,471.3,4947,-0.9793651504069567,-187.04496573504565,-1.704
2026-07-29T11:24:25.249092+00:00,1,LEFT,636.3,-3.7,471.3,5338,0.6377902529295534,121.80896569148231,-1.092
2026-07-29T11:24:25.282550+00:00,1,LEFT,641.3,1.3,471.3,3713,1.6981029786914588,324.31377952538054,-0.631
2026-07-29T11:24:25.315732+00:00,1,LEFT,622.3,-17.7,471.3,6716,1.4472793762385845,276.41000011599084,-0.71
2026-07-29T11:24:25.365708+00:00,1,LEFT,619.3,-20.7,471.3,4100,0.5416721545159817,103.45176111174649,-0.814
2026-07-29T11:24:25.382504+00:00,1,LEFT,632.3,-7.7,471.3,6478,-0.9688979870080948,-185.04588478095033,-0.633
2026-07-29T11:24:25.415746+00:00,1,LEFT,633.3,-6.7,471.3,6063,1.052374567091465,200.98873720416015,-0.505
2026-07-29T11:24:25.465602+00:00,1,LEFT,640.3,0.3,471.3,6070,-0.411774647757411,-78.6431647566192,-0.298
2026-07-29T11:24:25.482539+00:00,1,LEFT,638.3,-1.7,471.3,7170,0.7731873542163521,147.667907231612,-0.21
2026-07-29T11:24:25.499001+00:00,1,LEFT,627.3,-12.7,471.3,6238,1.4724024256318808,281.2081491117728,-0.364
2026-07-29T11:24:25.532461+00:00,1,LEFT,633.3,-6.7,471.3,6729,1.3921135924756527,265.8741115054998,-0.344
2026-07-29T11:24:25.565703+00:00,1,LEFT,637.3,-2.7,471.3,7662,1.0348351871594788,197.63896238622925,-0.257
2026-07-29T11:24:25.615887+00:00,1,LEFT,634.3,-5.7,471.3,7792,1.0781572771817445,205.91287211276804,-0.261
2026-07-29T11:24:25.632350+00:00,1,LEFT,633.3,-6.7,471.3,6181,1.086917257346213,207.58590508624258,-0.282
2026-07-29T11:24:25.682734+00:00,1,LEFT,621.3,-18.7,471.3,4964,0.9341572504723444,178.4108928453689,-0.52
2026-07-29T11:24:25.715808+00:00,1,LEFT,626.3,-13.7,471.3,6610,0.9341572504723444,178.4108928453689,-0.569
2026-07-29T11:24:25.765998+00:00,1,LEFT,626.3,-13.7,471.3,6615,0.6645998638635501,126.92922421450164,-0.598
2026-07-29T11:24:25.782291+00:00,1,LEFT,627.3,-12.7,471.3,6871,0.9514701181277633,181.71740700511572,-0.597
2026-07-29T11:24:25.799109+00:00,1,LEFT,624.3,-15.7,471.3,7633,-0.45236266738735137,-86.39490550191827,-0.653
2026-07-29T11:24:25.832541+00:00,1,LEFT,639.3,-0.7,471.3,7303,2.0622026644647122,393.8516972482035,-0.405
2026-07-29T11:24:25.865760+00:00,1,LEFT,605.3,-34.7,471.3,2275,0.513940231949091,98.15535404219169,-0.893
2026-07-29T11:24:25.882234+00:00,1,LEFT,618.3,-21.7,471.3,5612,0.7230196246504783,138.08657665868446,-0.943
2026-07-29T11:24:25.932302+00:00,1,LEFT,628.3,-11.7,471.3,7639,1.7170068714022637,327.92415708770466,-0.785
2026-07-29T11:24:25.948939+00:00,1,LEFT,622.3,-17.7,471.3,6141,1.1295915742218494,215.7360992548355,-0.803
2026-07-29T11:24:25.998976+00:00,1,LEFT,639.3,-0.7,471.3,8483,1.1515114517882465,219.922487494829,-0.495
2026-07-29T11:24:26.015692+00:00,1,LEFT,639.3,-0.7,471.3,7568,2.2425532995909454,428.29613133232687,-0.31
2026-07-29T11:24:26.082345+00:00,1,LEFT,639.3,-0.7,471.3,7126,0.5517129999957979,105.3694213408681,-0.199
2026-07-29T11:24:26.115711+00:00,1,LEFT,628.3,-11.7,471.3,6521,0.02911396186798811,5.560357133135111,-0.339
2026-07-29T11:24:26.132326+00:00,1,LEFT,625.3,-14.7,471.3,5824,1.4455001512914896,276.07019318174775,-0.479
2026-07-29T11:24:26.198939+00:00,1,LEFT,628.3,-11.7,471.3,8460,0.45224210048094393,86.37187891896461,-0.507
2026-07-29T11:24:26.232307+00:00,1,LEFT,622.3,-17.7,471.3,7292,1.2354798448085784,235.9592692700316,-0.636
2026-07-29T11:24:26.248931+00:00,1,LEFT,627.3,-12.7,471.3,7281,0.947743017077446,181.00558313844255,-0.62
2026-07-29T11:24:26.282322+00:00,1,LEFT,635.3,-4.7,471.3,7282,0.016181624382734298,3.090462609322204,-0.46
2026-07-29T11:24:26.332279+00:00,1,LEFT,623.3,-16.7,471.3,8306,1.088589583337307,207.90529582377496,-0.589
2026-07-29T11:24:26.348983+00:00,1,LEFT,632.3,-7.7,471.3,8590,1.2617212855815887,240.97101528548492,-0.498
2026-07-29T11:24:26.399034+00:00,1,LEFT,615.3,-24.7,471.3,6844,2.4688234519958496,471.5105472076032,-0.762
2026-07-29T11:24:26.415562+00:00,1,LEFT,615.3,-24.7,471.3,6800,0.17729175820946694,33.86023162618774,-0.92
2026-07-29T11:24:26.449372+00:00,1,LEFT,647.3,7.3,471.3,8486,1.281112486422062,244.6744618449838,-0.415
2026-07-29T11:24:26.499100+00:00,1,LEFT,621.3,-18.7,471.3,7679,0.28765558019280435,54.938168994782295,-0.6
2026-07-29T11:24:26.549472+00:00,1,LEFT,643.3,3.3,471.3,8544,0.5444030569493771,103.97332505739836,-0.298
2026-07-29T11:24:26.565515+00:00,1,LEFT,632.3,-7.7,471.3,9249,1.259678026518086,240.58078154951642,-0.323
2026-07-29T11:24:26.599061+00:00,1,LEFT,628.3,-11.7,471.3,8411,2.282047379612923,435.83894500236437,-0.413
2026-07-29T11:24:26.615637+00:00,1,LEFT,628.3,-11.7,471.3,8673,0.6442376823443919,123.0403340054115,-0.467
2026-07-29T11:24:26.665527+00:00,1,LEFT,645.3,5.3,471.3,8314,1.3509015830606221,258.0031974897176,-0.181
2026-07-29T11:24:26.699029+00:00,1,LEFT,631.3,-8.7,471.3,8446,1.0822680849581956,206.6979785660354,-0.272
2026-07-29T11:24:26.715552+00:00,1,LEFT,633.3,-6.7,471.3,9218,1.469378370717168,280.6305971663433,-0.289
2026-07-29T11:24:26.765599+00:00,1,LEFT,644.3,4.3,471.3,9335,0.8847326149046421,168.97148277203047,-0.093
2026-07-29T11:24:26.799008+00:00,1,LEFT,630.3,-9.7,471.3,9808,1.52560650030151,291.3693788833349,-0.237
2026-07-29T11:24:26.849019+00:00,1,LEFT,648.3,8.3,471.3,10091,1.0596749235130847,202.38300257716025,0.013
2026-07-29T11:24:26.865616+00:00,1,LEFT,629.3,-10.7,471.3,10051,1.1226233506202699,214.4052665779223,-0.193
2026-07-29T11:24:26.932149+00:00,1,LEFT,646.3,6.3,471.3,9261,0.9982720964960754,190.65592644967194,0.002
2026-07-29T11:24:26.948924+00:00,1,LEFT,651.3,11.3,471.3,10328,-0.0001404029130935673,-0.02681498117201164,0.213
2026-07-29T11:24:26.982193+00:00,1,LEFT,615.3,-24.7,471.3,9612,1.488797087073326,284.33929880224173,-0.335
2026-07-29T11:24:26.999035+00:00,1,LEFT,625.3,-14.7,471.3,9654,0.5103099386394024,97.46201909205925,-0.477
2026-07-29T11:24:27.032238+00:00,1,LEFT,644.3,4.3,471.3,10095,0.5103099386394024,97.46201909205925,-0.205
2026-07-29T11:24:27.049067+00:00,1,LEFT,639.3,-0.7,471.3,9982,0.5693063612282276,108.7295058277591,-0.136
2026-07-29T11:24:27.082168+00:00,1,LEFT,627.3,-12.7,471.3,10053,1.1746983917057514,224.35086681848384,-0.32
2026-07-29T11:24:27.132183+00:00,1,LEFT,640.3,0.3,471.3,10246,0.006468974836170673,1.235483186296376,-0.186
2026-07-29T11:24:27.148928+00:00,1,LEFT,643.3,3.3,471.3,9783,1.9653353487327694,375.35140270086504,-0.05
2026-07-29T11:24:27.198757+00:00,1,LEFT,641.3,1.3,471.3,10393,2.725941391950473,520.6164565292634,-0.006
2026-07-29T11:24:27.215521+00:00,1,LEFT,643.3,3.3,471.3,10409,0.9127918683737516,174.3304054389231,0.059
2026-07-29T11:24:27.265541+00:00,1,LEFT,639.3,-0.7,471.3,10824,1.2250507486704736,233.9674586271996,0.022
2026-07-29T11:24:27.315462+00:00,1,LEFT,647.3,7.3,471.3,10343,1.5300779305398464,292.2233591534811,0.15
2026-07-29T11:24:27.332270+00:00,1,LEFT,644.3,4.3,471.3,9642,1.3348270052671432,254.93317927298068,0.171
2026-07-29T11:24:27.365365+00:00,1,LEFT,629.3,-10.7,471.3,10542,1.3348270052671432,254.93317927298068,-0.098
2026-07-29T11:24:27.398706+00:00,1,LEFT,652.3,12.3,471.3,10566,1.6277756740897893,310.88225373135845,0.172
2026-07-29T11:24:27.432253+00:00,1,LEFT,628.3,-11.7,471.3,10784,1.7782692815363408,339.6244155659783,-0.116
2026-07-29T11:24:27.465514+00:00,1,LEFT,642.3,2.3,471.3,10942,1.0951189947128297,209.15232153884887,-0.027
2026-07-29T11:24:27.498894+00:00,1,LEFT,649.3,9.3,471.3,10877,1.2631865327060223,241.25085687273068,0.158
2026-07-29T11:24:27.515440+00:00,1,LEFT,638.3,-1.7,471.3,9181,1.328535345159471,253.73156070531255,0.063
2026-07-29T11:24:27.548835+00:00,1,LEFT,629.3,-10.7,471.3,10466,0.8474882043898105,161.85832432885545,-0.163
2026-07-29T11:24:27.565452+00:00,1,LEFT,640.3,0.3,471.3,9566,1.7309329219721257,330.5838368308341,-0.092
2026-07-29T11:24:27.615543+00:00,1,LEFT,638.3,-1.7,471.3,10081,0.7526244259998203,143.74067722748615,-0.087
2026-07-29T11:24:27.665398+00:00,1,LEFT,629.3,-10.7,471.3,10062,0.7526244259998203,143.74067722748615,-0.253
2026-07-29T11:24:27.682263+00:00,1,LEFT,641.3,1.3,471.3,10827,0.8580968550033867,163.88442735047806,-0.127
2026-07-29T11:24:27.715434+00:00,1,LEFT,634.3,-5.7,471.3,11193,0.0005658093094825746,0.1080616181418765,-0.183
2026-07-29T11:24:27.732151+00:00,1,LEFT,631.3,-8.7,471.3,10941,1.7697038307785988,337.9885349724925,-0.273
2026-07-29T11:24:27.782116+00:00,1,LEFT,630.3,-9.7,471.3,10850,2.0246751712076367,386.68447398374985,-0.346
2026-07-29T11:24:27.798778+00:00,1,LEFT,631.3,-8.7,471.3,10713,0.8301957453601062,158.55570792950562,-0.371
2026-07-29T11:24:27.832182+00:00,1,LEFT,637.3,-2.7,471.3,10577,1.077920246683061,205.86760262213326,-0.273
2026-07-29T11:24:27.882199+00:00,1,LEFT,643.3,3.3,471.3,11002,0.9981148794107139,190.62590019814337,-0.102
2026-07-29T11:24:27.898721+00:00,1,LEFT,631.3,-8.7,471.3,10475,0.9517785426974297,181.7763117589158,-0.224
2026-07-29T11:24:27.932155+00:00,1,LEFT,631.3,-8.7,471.3,10920,0.9517785426974297,181.7763117589158,-0.298
2026-07-29T11:24:27.948802+00:00,1,LEFT,641.3,1.3,471.3,10908,1.19315664768219,227.87613403389068,-0.154
2026-07-29T11:24:27.999391+00:00,1,LEFT,633.3,-6.7,471.3,11561,0.23005833461880684,43.9379053848869,-0.218
2026-07-29T11:24:28.032031+00:00,1,LEFT,638.3,-1.7,471.3,11261,0.8715490830689668,166.45361366116197,-0.163
2026-07-29T11:24:28.048739+00:00,1,LEFT,638.3,-1.7,471.3,11208,0.007531502768397331,1.4384110734008755,-0.13
2026-07-29T11:24:28.115494+00:00,1,LEFT,639.3,-0.7,471.3,11021,2.9722844210267065,567.6645094577191,-0.091
2026-07-29T11:24:28.132010+00:00,1,LEFT,650.3,10.3,471.3,10467,0.5091741232573986,97.24509433307638,0.139
2026-07-29T11:24:28.182171+00:00,1,LEFT,625.3,-14.7,471.3,11372,0.894931070804596,170.91924437408932,-0.192
2026-07-29T11:24:28.198755+00:00,1,LEFT,632.3,-7.7,471.3,11210,0.47242728523910044,90.22696523674516,-0.26
2026-07-29T11:24:28.248609+00:00,1,LEFT,643.3,3.3,471.3,10721,1.3876192998886108,265.015764848385,-0.094
2026-07-29T11:24:28.265560+00:00,1,LEFT,638.3,-1.7,471.3,11192,0.0,0.0,-0.088
2026-07-29T11:24:28.281960+00:00,1,LEFT,630.3,-9.7,471.3,11252,3.805277483230457,726.7544655508968,-0.235
2026-07-29T11:24:28.332192+00:00,1,LEFT,631.3,-8.7,471.3,11252,1.2854527327232064,245.5033878286599,-0.304
2026-07-29T11:24:28.348711+00:00,1,LEFT,631.3,-8.7,471.3,11148,2.074535201266408,396.2070382796266,-0.346
2026-07-29T11:24:28.365438+00:00,1,LEFT,634.3,-5.7,471.3,10058,0.09162904389202595,17.499858319440204,-0.314
2026-07-29T11:24:28.415483+00:00,1,LEFT,628.3,-11.7,471.3,10222,0.7800796637684106,148.9842413930475,-0.408
2026-07-29T11:24:28.448640+00:00,1,LEFT,631.3,-8.7,471.3,10728,1.5306388959288597,292.330495650959,-0.408
2026-07-29T11:24:28.482042+00:00,1,LEFT,604.3,-35.7,471.3,9940,1.6145414340496063,308.35470006680663,-0.914
2026-07-29T11:24:28.498715+00:00,1,LEFT,601.3,-38.7,471.3,10037,0.5712170606851578,109.09442254375921,-1.274
2026-07-29T11:24:28.548669+00:00,1,LEFT,632.3,-7.7,471.3,11570,0.5712170606851578,109.09442254375921,-0.909
2026-07-29T11:24:28.565435+00:00,1,LEFT,618.3,-21.7,471.3,11367,0.5712170606851578,109.09442254375921,-0.952
2026-07-29T11:24:28.615460+00:00,1,LEFT,617.3,-22.7,471.3,11411,0.5712170606851578,109.09442254375921,-0.997
2026-07-29T11:24:28.632007+00:00,1,LEFT,626.3,-13.7,471.3,11490,0.5712170606851578,109.09442254375921,-0.855
2026-07-29T11:24:28.665406+00:00,1,LEFT,626.3,-13.7,471.3,11635,0.5712170606851578,109.09442254375921,-0.77
2026-07-29T11:24:28.682044+00:00,1,LEFT,626.3,-13.7,471.3,11628,0.5712170606851578,109.09442254375921,-0.719
2026-07-29T11:24:28.731979+00:00,1,LEFT,627.3,-12.7,471.3,11799,0.26930554447695615,51.433570326674214,-0.669
2026-07-29T11:24:28.765242+00:00,1,LEFT,628.3,-11.7,471.3,11623,0.6673350269347429,127.45160188203293,-0.621
2026-07-29T11:24:28.798761+00:00,1,LEFT,627.3,-12.7,471.3,11621,-0.44243712443392724,-84.49926643322821,-0.611
2026-07-29T11:24:28.848782+00:00,1,LEFT,627.3,-12.7,471.3,11705,-0.018060673186555506,-3.449334495849074,-0.605
2026-07-29T11:24:28.865257+00:00,1,LEFT,629.3,-10.7,471.3,11677,0.6809901177883149,130.05953213129084,-0.563
2026-07-29T11:24:28.915236+00:00,1,LEFT,630.3,-9.7,471.3,11689,-0.477407084479928,-91.17803683448474,-0.52
2026-07-29T11:24:28.965211+00:00,1,LEFT,627.3,-12.7,471.3,11708,0.4300852217525244,82.14022679122586,-0.55
2026-07-29T11:24:29.015198+00:00,1,LEFT,632.3,-7.7,471.3,11644,-0.22423068959265946,-42.8249071698914,-0.474
2026-07-29T11:24:29.032017+00:00,1,LEFT,630.3,-9.7,471.3,11824,-0.46380596176721156,-88.5804137408908,-0.467
2026-07-29T11:24:29.065248+00:00,1,LEFT,628.3,-11.7,471.3,11735,0.6311163556016982,120.5343451921832,-0.499
2026-07-29T11:24:29.098685+00:00,1,LEFT,632.3,-7.7,471.3,11684,-0.19002076286822558,-36.29129244068518,-0.444
2026-07-29T11:24:29.148682+00:00,1,LEFT,629.3,-10.7,471.3,11715,-0.022302524335682392,-4.259468389741371,-0.467
2026-07-29T11:24:29.165323+00:00,1,LEFT,630.3,-9.7,471.3,11630,-0.7759986966475845,-148.20483408519752,-0.462
2026-07-29T11:24:29.215301+00:00,1,LEFT,630.3,-9.7,471.3,11791,-0.08549028639215976,-16.327441998784828,-0.459
2026-07-29T11:24:29.231931+00:00,1,LEFT,630.3,-9.7,471.3,11673,0.7576309636607766,144.6968554873065,-0.457
2026-07-29T11:24:29.281912+00:00,1,LEFT,631.3,-8.7,471.3,11768,0.5440877968538552,103.91311481432406,-0.438
2026-07-29T11:24:29.298676+00:00,1,LEFT,630.3,-9.7,471.3,11646,-0.19048633720725774,-36.38021058960563,-0.444
2026-07-29T11:24:29.315305+00:00,1,LEFT,630.3,-9.7,471.3,11748,-0.19048633720725774,-36.38021058960563,-0.449
2026-07-29T11:24:29.331911+00:00,1,LEFT,630.3,-9.7,471.3,11628,0.2891590347327292,55.22530766087388,-0.451
2026-07-29T11:24:29.415255+00:00,1,LEFT,631.3,-8.7,471.3,11602,0.0004037562757730484,0.07711176851238614,-0.434
2026-07-29T11:24:29.431911+00:00,1,LEFT,631.3,-8.7,471.3,11736,0.1858012802293524,35.48543061756466,-0.423
2026-07-29T11:24:29.481881+00:00,1,LEFT,630.3,-9.7,471.3,11710,-0.16510029343888163,-31.531833368064515,-0.436
2026-07-29T11:24:29.515252+00:00,1,LEFT,630.3,-9.7,471.3,11727,-0.14178331591188909,-27.078618690404312,-0.443
2026-07-29T11:24:29.532041+00:00,1,LEFT,631.3,-8.7,471.3,11753,-0.1760990822967142,-33.63244730576225,-0.429
2026-07-29T11:24:29.565237+00:00,1,LEFT,630.3,-9.7,471.3,11654,-0.1760990822967142,-33.63244730576225,-0.439
2026-07-29T11:24:29.598509+00:00,1,LEFT,630.3,-9.7,471.3,11724,0.1159100886527449,22.13719627596499,-0.446
2026-07-29T11:24:29.632007+00:00,1,LEFT,630.3,-9.7,471.3,11714,0.16656392449513077,31.811366309022347,-0.449
2026-07-29T11:24:29.681951+00:00,1,LEFT,630.3,-9.7,471.3,11793,-0.11635702900122852,-22.22255559483905,-0.451
2026-07-29T11:24:29.698456+00:00,1,LEFT,631.3,-8.7,471.3,11726,-0.09039052651030943,-17.263318923353708,-0.434
2026-07-29T11:24:29.715210+00:00,1,LEFT,630.3,-9.7,471.3,11782,-0.3378767803311348,-64.52971169480949,-0.442
2026-07-29T11:24:29.765199+00:00,1,LEFT,629.3,-10.7,471.3,11701,-0.07980836873874068,-15.242275661845527,-0.466
2026-07-29T11:24:29.798498+00:00,1,LEFT,630.3,-9.7,471.3,11774,-0.2123272413574159,-40.551516018118384,-0.461
2026-07-29T11:24:29.815829+00:00,1,LEFT,631.3,-8.7,471.3,11721,0.0,0.0,-0.44
2026-07-29T11:24:29.831971+00:00,1,LEFT,631.3,-8.7,471.3,11727,-0.20989530934020878,-40.08705121595604,-0.427
2026-07-29T11:24:29.915238+00:00,1,LEFT,630.3,-9.7,471.3,11732,-1.24329723469913,-237.45228076182107,-0.438
2026-07-29T11:24:29.931934+00:00,1,LEFT,629.3,-10.7,471.3,11686,-0.3836154988687486,-73.26516346994967,-0.464
2026-07-29T11:24:29.981928+00:00,1,LEFT,629.3,-10.7,471.3,11659,0.19007410201360472,36.301479467062045,-0.479
2026-07-29T11:24:29.998568+00:00,1,LEFT,629.3,-10.7,471.3,11719,-0.0005719186342321336,-0.10922841322129168,-0.488
2026-07-29T11:24:30.048504+00:00,1,LEFT,628.3,-11.7,471.3,11720,0.05345493957400322,10.209141439057424,-0.512
2026-07-29T11:24:30.081844+00:00,1,LEFT,628.3,-11.7,471.3,11745,0.38901402601972224,74.29620620774159,-0.527
2026-07-29T11:24:30.131914+00:00,1,LEFT,629.3,-10.7,471.3,11724,1.0076239751465619,192.44200370697652,-0.517
2026-07-29T11:24:30.165597+00:00,1,LEFT,629.3,-10.7,471.3,11742,-1.0681909013376572,-204.00943453641025,-0.511
2026-07-29T11:24:30.181896+00:00,1,LEFT,628.3,-11.7,471.3,11742,-0.002237108051776886,-0.4272561656051654,-0.526
2026-07-29T11:24:30.215238+00:00,1,LEFT,627.3,-12.7,471.3,11838,-0.8116948121786117,-155.02228996832835,-0.554
2026-07-29T11:24:30.248526+00:00,1,LEFT,628.3,-11.7,471.3,11670,-0.3739087475463748,-71.41131052476617,-0.552
2026-07-29T11:24:30.298473+00:00,1,LEFT,626.3,-13.7,471.3,11618,-0.23006480157375336,-43.9391404823027,-0.588
2026-07-29T11:24:30.348478+00:00,1,LEFT,628.3,-11.7,471.3,11599,-0.4292659445106983,-81.98375636386668,-0.572
2026-07-29T11:24:30.365321+00:00,1,LEFT,628.3,-11.7,471.3,11547,-0.0013816598011180759,-0.26387758442316817,-0.563
2026-07-29T11:24:30.415238+00:00,1,LEFT,624.3,-15.7,471.3,11512,0.6421910816337913,122.64946206185854,-0.632
2026-07-29T11:24:30.431736+00:00,1,LEFT,623.3,-16.7,471.3,11431,-0.09312420532107353,-17.785413118024124,-0.692
2026-07-29T11:24:30.448478+00:00,1,LEFT,622.3,-17.7,471.3,11403,-1.7323570136725903,-330.8558183110882,-0.747
2026-07-29T11:24:30.498465+00:00,1,LEFT,628.3,-11.7,471.3,11484,-0.08171157897915692,-15.605762042851957,-0.668
2026-07-29T11:24:30.548463+00:00,1,LEFT,619.3,-20.7,471.3,11187,0.25062741108238695,47.86630961770363,-0.789
2026-07-29T11:24:30.565183+00:00,1,LEFT,624.3,-15.7,471.3,11528,-0.4199498219788074,-80.20450802218642,-0.768
2026-07-29T11:24:30.598487+00:00,1,LEFT,626.3,-13.7,471.3,11546,-0.6982086278311909,-133.34802531449222,-0.717
2026-07-29T11:24:30.631720+00:00,1,LEFT,621.3,-18.7,471.3,11323,0.008484936207532882,1.6205034470979098,-0.781
2026-07-29T11:24:30.681667+00:00,1,LEFT,624.3,-15.7,471.3,11404,-0.6163006297964603,-117.70474999530587,-0.763
2026-07-29T11:24:30.698441+00:00,1,LEFT,623.3,-16.7,471.3,10866,-0.5753088618814945,-109.8758990076148,-0.771
2026-07-29T11:24:30.731794+00:00,1,LEFT,619.3,-20.7,471.3,10471,-0.44025817424058916,-84.08311760040324,-0.851
2026-07-29T11:24:30.765194+00:00,1,LEFT,624.3,-15.7,471.3,11530,-0.5790194773953408,-110.58457436874532,-0.805
2026-07-29T11:24:30.815206+00:00,1,LEFT,620.3,-19.7,471.3,11121,-0.4251451648026705,-81.19674541195619,-0.852
2026-07-29T11:24:30.831771+00:00,1,LEFT,620.3,-19.7,471.3,10063,-0.008937529027462005,-1.7069423084974538,-0.881
2026-07-29T11:24:30.865168+00:00,1,LEFT,627.8,-12.2,471.3,11208,-0.5948583657294512,-113.6095792144904,-0.757
2026-07-29T11:24:30.898533+00:00,1,LEFT,614.3,-25.7,471.3,10800,-0.43493508696556094,-83.06648281760688,-0.936
2026-07-29T11:24:30.948418+00:00,1,LEFT,625.3,-14.7,471.3,11084,-0.24885033407248558,-47.526912909246704,-0.837
2026-07-29T11:24:30.965289+00:00,1,LEFT,618.3,-21.7,471.3,9989,-0.9632539086043834,-183.9679452083717,-0.909
2026-07-29T11:24:31.031653+00:00,1,LEFT,622.3,-17.7,471.3,11374,-0.2813530964194797,-53.734483259244996,-0.877
2026-07-29T11:24:31.048561+00:00,1,LEFT,617.3,-22.7,471.3,11110,-1.343225295841694,-256.5371346231349,-0.952
2026-07-29T11:24:31.081673+00:00,1,LEFT,626.3,-13.7,471.3,11111,-0.21044064961373807,-40.19120353619516,-0.828
2026-07-29T11:24:31.098574+00:00,1,LEFT,625.3,-14.7,471.3,10540,-0.06795029103755951,-12.977549643792612,-0.773
2026-07-29T11:24:31.148562+00:00,1,LEFT,626.3,-13.7,471.3,11098,-1.04573389088735,-199.72046147213098,-0.72
2026-07-29T11:24:31.181593+00:00,1,LEFT,622.3,-17.7,471.3,10971,-0.28750042416155336,-54.90853637559336,-0.764
2026-07-29T11:24:31.215278+00:00,1,LEFT,620.3,-19.7,471.3,11089,-0.14541716129519044,-27.772632036625204,-0.828
2026-07-29T11:24:31.264940+00:00,1,LEFT,627.3,-12.7,471.3,11082,-0.7205708245933056,-137.61889029819318,-0.735
2026-07-29T11:24:31.314941+00:00,1,LEFT,622.3,-17.7,471.3,11084,-0.08321369428187608,-15.892644933478037,-0.773
2026-07-29T11:24:31.348466+00:00,1,LEFT,622.3,-17.7,471.3,11342,-0.47204828675836324,-90.1545818587848,-0.796
2026-07-29T11:24:31.381690+00:00,1,LEFT,625.3,-14.7,471.3,11292,-0.0032690211664885283,-0.6243370532624196,-0.753
2026-07-29T11:24:31.431588+00:00,1,LEFT,624.3,-15.7,471.3,11071,-0.5737284681946039,-109.57406604685497,-0.746
2026-07-29T11:24:31.448416+00:00,1,LEFT,621.3,-18.7,471.3,11478,-0.3594520140439272,-68.65027780731408,-0.798
2026-07-29T11:24:31.481697+00:00,1,LEFT,621.3,-18.7,471.3,11493,-0.48640671737492086,-92.89684010798538,-0.83
2026-07-29T11:24:31.531663+00:00,1,LEFT,623.3,-16.7,471.3,10572,-0.00898530002683401,-1.7160658973212473,-0.811
2026-07-29T11:24:31.548468+00:00,1,LEFT,619.3,-20.7,471.3,11550,-0.49354490868747236,-94.26013422653921,-0.875
2026-07-29T11:24:31.581612+00:00,1,LEFT,625.3,-14.7,471.3,10980,0.12239033430814743,23.3748320301735,-0.8
2026-07-29T11:24:31.615010+00:00,1,LEFT,619.3,-20.7,471.3,11258,-0.321478283777833,-61.397829551929426,-0.868
2026-07-29T11:24:31.631647+00:00,1,LEFT,619.3,-20.7,471.3,11223,-0.505311225950718,-96.50733529185887,-0.909
2026-07-29T11:24:31.681624+00:00,1,LEFT,622.3,-17.7,471.3,11585,-0.3518283626437187,-67.19426764161092,-0.877
2026-07-29T11:24:31.698414+00:00,1,LEFT,616.3,-23.7,471.3,11446,-0.7550660923495889,-144.20700115022234,-0.971
2026-07-29T11:24:31.748339+00:00,1,LEFT,627.3,-12.7,471.3,11072,-0.45963531531393526,-87.7838789421777,-0.821
2026-07-29T11:24:31.798400+00:00,1,LEFT,616.3,-23.7,471.3,10532,-0.38458408378064635,-73.45014956178898,-0.937
2026-07-29T11:24:31.848241+00:00,1,LEFT,620.3,-19.7,471.3,11621,-0.1474615254253149,-28.163076824772087,-0.931
2026-07-29T11:24:31.898317+00:00,1,LEFT,622.3,-17.7,471.3,11280,-0.5589570877701044,-106.75294019383503,-0.891
2026-07-29T11:24:31.914991+00:00,1,LEFT,623.3,-16.7,471.3,11466,-0.5206005204468965,-99.4273754464043,-0.848
2026-07-29T11:24:31.948386+00:00,1,LEFT,617.3,-22.7,471.3,10999,-0.5983826900459825,-114.28267557773232,-0.934
2026-07-29T11:24:31.998219+00:00,1,LEFT,623.3,-16.7,471.3,11466,-0.12553446013480424,-23.975315830591885,-0.874
2026-07-29T11:24:32.015038+00:00,1,LEFT,619.3,-20.7,471.3,11435,0.07266525558312424,13.878041540508201,-0.912
2026-07-29T11:24:32.064904+00:00,1,LEFT,611.3,-28.7,471.3,6801,-0.4097132695419714,-78.24947051753621,-1.086
2026-07-29T11:24:32.081804+00:00,1,LEFT,618.3,-21.7,471.3,11317,-0.1791159736737609,-34.20863111627621,-1.058
2026-07-29T11:24:32.115005+00:00,1,LEFT,622.3,-17.7,471.3,10884,-0.4714034583419561,-90.03142870288403,-0.967
2026-07-29T11:24:32.164929+00:00,1,LEFT,616.3,-23.7,471.3,10652,-0.1523548487527296,-29.097632739618,-1.024
2026-07-29T11:24:32.198206+00:00,1,LEFT,617.3,-22.7,471.3,11097,-0.5042085663601756,-96.29674282259987,-1.04
2026-07-29T11:24:32.248318+00:00,1,LEFT,616.3,-23.7,471.3,10884,-0.4257207955420017,-81.30668278502843,-1.069
2026-07-29T11:24:32.298275+00:00,1,LEFT,623.3,-16.7,471.3,10875,-0.860210117995739,-164.2880308520213,-0.954
2026-07-29T11:24:32.314904+00:00,1,LEFT,620.3,-19.7,471.3,11160,-0.3735481497179717,-71.3424414125359,-0.942
2026-07-29T11:24:32.348327+00:00,1,LEFT,614.3,-25.7,471.3,10938,-0.5593016862869262,-106.81875366263623,-1.047
2026-07-29T11:24:32.381697+00:00,1,LEFT,621.3,-18.7,471.3,10693,-0.4882614816725254,-93.25107399546634,-0.979
2026-07-29T11:24:32.414909+00:00,1,LEFT,614.3,-25.7,471.3,10958,-0.7214999574422837,-137.7963416010379,-1.069
2026-07-29T11:24:32.432406+00:00,1,LEFT,610.3,-29.7,471.3,9067,-0.7209908243641258,-137.69910434574138,-1.198
2026-07-29T11:24:32.448306+00:00,1,LEFT,613.3,-26.7,471.3,10753,-0.38339877302758396,-73.22377188324914,-1.22
2026-07-29T11:24:32.498245+00:00,1,LEFT,619.3,-20.7,471.3,11286,-0.5775899817049504,-110.3115608024403,-1.12
2026-07-29T11:24:32.548231+00:00,1,LEFT,615.3,-24.7,471.3,9934,-0.7322354528680444,-139.84667019729818,-1.135
2026-07-29T11:24:32.564859+00:00,1,LEFT,616.3,-23.7,471.3,10857,-0.18704361066222192,-35.722698252778265,-1.125
2026-07-29T11:24:32.615163+00:00,1,LEFT,613.3,-26.7,471.3,9563,-0.8394947378151119,-160.33168466749166,-1.176
2026-07-29T11:24:32.648361+00:00,1,LEFT,621.3,-18.7,471.3,9901,-0.5397043915092945,-103.07594606052932,-1.056
2026-07-29T11:24:32.664952+00:00,1,LEFT,617.3,-22.7,471.3,10781,-0.9305165666062385,-177.71557344513806,-1.059
2026-07-29T11:24:32.698196+00:00,1,LEFT,613.3,-26.7,471.3,10458,-1.1977117983996868,-228.74610373775252,-1.136
2026-07-29T11:24:32.748217+00:00,1,LEFT,615.3,-24.7,471.3,10582,-0.14302123725414276,-27.315044251338662,-1.145
2026-07-29T11:24:32.764967+00:00,1,LEFT,611.3,-28.7,471.3,10966,-0.6538830536603928,-124.88246423288948,-1.225
2026-07-29T11:24:32.798210+00:00,1,LEFT,627.3,-12.7,471.3,11024,-0.6538830536603928,-124.88246423288948,-0.973
2026-07-29T11:24:32.848271+00:00,1,LEFT,613.3,-26.7,471.3,10080,-0.6538830536603928,-124.88246423288948,-1.085
2026-07-29T11:24:32.865624+00:00,1,LEFT,617.3,-22.7,471.3,10428,-0.6538830536603928,-124.88246423288948,-1.076
2026-07-29T11:24:32.914905+00:00,1,LEFT,618.3,-21.7,471.3,10778,-0.6538830536603928,-124.88246423288948,-1.053
2026-07-29T11:24:32.931420+00:00,1,LEFT,620.3,-19.7,471.3,10911,-0.4045978162437677,-77.27249090325839,-1.001
2026-07-29T11:24:32.964998+00:00,1,LEFT,614.3,-25.7,471.3,10032,-0.17817978983744978,-34.02983317404623,-1.082
2026-07-29T11:24:32.981428+00:00,1,LEFT,616.3,-23.7,471.3,10713,-0.8260860353475437,-157.77081113369732,-1.094
2026-07-29T11:24:33.014903+00:00,1,LEFT,616.3,-23.7,471.3,10494,-0.35569306939840317,-67.93237226194132,-1.101
2026-07-29T11:24:33.064928+00:00,1,LEFT,618.3,-21.7,471.3,10927,-0.48204938411712644,-92.06465075597335,-1.067
2026-07-29T11:24:33.114909+00:00,1,LEFT,614.3,-25.7,471.3,10780,-0.48204938411712644,-92.06465075597335,-1.122
2026-07-29T11:24:33.131538+00:00,1,LEFT,618.3,-21.7,471.3,10439,-0.7033737307786941,-134.33448731330063,-1.08
2026-07-29T11:24:33.164905+00:00,1,LEFT,619.3,-20.7,471.3,10918,-0.4431837373226881,-84.6418589914151,-1.036
2026-07-29T11:24:33.198165+00:00,1,LEFT,614.3,-25.7,471.3,10631,-0.4596511953789741,-87.78691181119476,-1.104
2026-07-29T11:24:33.231525+00:00,1,LEFT,613.3,-26.7,471.3,10451,-1.273150160908699,-243.1537696882337,-1.163
2026-07-29T11:24:33.248129+00:00,1,LEFT,621.3,-18.7,471.3,10246,-0.42236563093960283,-80.66589354739794,-1.048
2026-07-29T11:24:33.264898+00:00,1,LEFT,624.3,-15.7,471.3,10799,-0.24209633640944958,-46.236994372802755,-0.923
2026-07-29T11:24:33.298248+00:00,1,LEFT,609.3,-30.7,471.3,10712,-0.9056008706986904,-172.95702604802514,-1.13
2026-07-29T11:24:33.348110+00:00,1,LEFT,617.3,-22.7,471.3,9985,-0.006596769113093613,-1.2598900953417445,-1.103
2026-07-29T11:24:33.398233+00:00,1,LEFT,617.3,-22.7,471.3,10817,-0.6876093100570142,-131.3237047338978,-1.088
2026-07-29T11:24:33.414761+00:00,1,LEFT,621.3,-18.7,471.3,10516,-0.41959546273574233,-80.13683039198948,-1.003
2026-07-29T11:24:33.464847+00:00,1,LEFT,612.3,-27.7,471.3,10880,-0.7954756300151348,-151.92465435125803,-1.121
2026-07-29T11:24:33.481524+00:00,1,LEFT,617.3,-22.7,471.3,10816,-0.4317105834186077,-82.45064800338892,-1.098
2026-07-29T11:24:33.514798+00:00,1,LEFT,623.3,-16.7,471.3,10884,-0.5923618547432125,-113.13278073775867,-0.972
2026-07-29T11:24:33.581465+00:00,1,LEFT,617.3,-22.7,471.3,10357,-0.5637447313591838,-107.66731276539207,-1.009
2026-07-29T11:24:33.598209+00:00,1,LEFT,621.3,-18.7,471.3,9935,-0.27847330673597753,-53.1844839434117,-0.956
2026-07-29T11:24:33.614841+00:00,1,LEFT,623.3,-16.7,471.3,10868,0.004806433618068695,0.9179612027504349,-0.887
2026-07-29T11:24:33.664760+00:00,1,LEFT,616.3,-23.7,471.3,10356,-0.06999969232827424,-13.368956458748004,-0.976
2026-07-29T11:24:33.681552+00:00,1,LEFT,612.3,-27.7,471.3,10031,-0.852206023731269,-162.75936145142464,-1.105
2026-07-29T11:24:33.748200+00:00,1,LEFT,615.3,-24.7,471.3,10578,-0.1997013868764043,-38.14015543642404,-1.126
2026-07-29T11:24:33.764713+00:00,1,LEFT,615.3,-24.7,471.3,9938,-0.45998985540121795,-87.851591111076,-1.139
2026-07-29T11:24:33.798067+00:00,1,LEFT,613.3,-26.7,471.3,10177,-0.45998985540121795,-87.851591111076,-1.184
2026-07-29T11:24:33.831300+00:00,1,LEFT,618.3,-21.7,471.3,9930,-1.289257042389363,-246.22995745476524,-1.117
2026-07-29T11:24:33.864768+00:00,1,LEFT,620.3,-19.7,471.3,10030,-0.39063017413951456,-74.60486776218193,-1.04
2026-07-29T11:24:33.898186+00:00,1,LEFT,609.3,-30.7,471.3,8756,-0.8264659950509667,-157.84337809166794,-1.199
2026-07-29T11:24:33.931413+00:00,1,LEFT,614.3,-25.7,471.3,10059,-0.23719025768339633,-45.30000235626352,-1.202
2026-07-29T11:24:33.964585+00:00,1,LEFT,619.3,-20.7,471.3,10280,-0.009455835968255995,-1.805931642496896,-1.109
2026-07-29T11:24:33.998136+00:00,1,LEFT,622.3,-17.7,471.3,10041,-0.36886915322393177,-70.44881890765258,-0.997
2026-07-29T11:24:34.048151+00:00,1,LEFT,616.3,-23.7,471.3,9754,-0.12397219754755497,-23.676945654789982,-1.043
2026-07-29T11:24:34.098179+00:00,1,LEFT,616.3,-23.7,471.3,9715,-0.5254945366084576,-100.36206368282518,-1.07
2026-07-29T11:24:34.114726+00:00,1,LEFT,621.3,-18.7,471.3,8311,-0.5043866498023272,-96.33075425472136,-0.993
2026-07-29T11:24:34.148169+00:00,1,LEFT,619.3,-20.7,471.3,9758,-0.09247122762724758,-17.660703564782747,-0.984
2026-07-29T11:24:34.181475+00:00,1,LEFT,619.3,-20.7,471.3,8779,-0.34069174617528913,-65.06733056928792,-0.978
2026-07-29T11:24:34.214659+00:00,1,LEFT,618.3,-21.7,471.3,9804,-0.21998815208673478,-42.01464219150659,-0.994
2026-07-29T11:24:34.231563+00:00,1,LEFT,620.3,-19.7,471.3,9670,0.0028236981108784674,0.5392866145746658,-0.966
2026-07-29T11:24:34.281542+00:00,1,LEFT,619.3,-20.7,471.3,8493,-0.5636425096169114,-107.64778985070313,-0.968
2026-07-29T11:24:34.297939+00:00,1,LEFT,614.3,-25.7,471.3,10035,-0.48040739974472674,-91.75105484075688,-1.062
2026-07-29T11:24:34.364697+00:00,1,LEFT,613.3,-26.7,471.3,9711,-0.6593085997423622,-125.91866720639145,-1.138
2026-07-29T11:24:34.414681+00:00,1,LEFT,621.3,-18.7,471.3,8766,-0.6605228886567056,-126.15057930606278,-1.033
2026-07-29T11:24:34.431473+00:00,1,LEFT,615.3,-24.7,471.3,8244,-0.39697366647422316,-75.81638555602323,-1.083
2026-07-29T11:24:34.464604+00:00,1,LEFT,614.3,-25.7,471.3,9072,-0.5465622437745332,-104.38569936493735,-1.132
2026-07-29T11:24:34.481522+00:00,1,LEFT,617.3,-22.7,471.3,9448,-1.0908047265186906,-208.3283570081432,-1.105
2026-07-29T11:24:34.497977+00:00,1,LEFT,611.3,-28.7,471.3,9108,-0.33588473085314036,-64.14925826924177,-1.201
2026-07-29T11:24:34.547923+00:00,1,LEFT,615.3,-24.7,471.3,8475,-0.9076189993694425,-173.34246023251993,-1.184
2026-07-29T11:24:34.597902+00:00,1,LEFT,617.3,-22.7,471.3,9524,-0.3197214800864458,-61.0623047620978,-1.136
2026-07-29T11:24:34.614727+00:00,1,LEFT,620.3,-19.7,471.3,8719,-0.7426297770906239,-141.83183989344622,-1.051
2026-07-29T11:24:34.631507+00:00,1,LEFT,619.3,-20.7,471.3,8920,-0.6751516517624259,-128.94446725757766,-1.019
2026-07-29T11:24:34.698158+00:00,1,LEFT,608.3,-31.7,471.3,8240,-0.7135550756752491,-136.2789809544328,-1.206
2026-07-29T11:24:34.714646+00:00,1,LEFT,617.3,-22.7,471.3,9732,-0.8346241427212954,-159.40146952551567,-1.149
2026-07-29T11:24:34.748007+00:00,1,LEFT,624.3,-15.7,471.3,9246,-0.6304364793002606,-120.40449838330541,-0.984
2026-07-29T11:24:34.798055+00:00,1,LEFT,618.3,-21.7,471.3,8307,-0.4146245028823614,-79.18744699289715,-0.997
2026-07-29T11:24:34.814609+00:00,1,LEFT,615.3,-24.7,471.3,9523,-0.6000102378800511,-114.59351431722496,-1.061
2026-07-29T11:24:34.831816+00:00,1,LEFT,612.3,-27.7,471.3,9023,-0.6000102378800511,-114.59351431722496,-1.156
2026-07-29T11:24:34.881386+00:00,1,LEFT,627.3,-12.7,471.3,8027,-0.6923959967494011,-132.2378945516485,-0.932
2026-07-29T11:24:34.914648+00:00,1,LEFT,612.3,-27.7,471.3,8143,-0.16856761772185563,-32.19404352678996,-1.078
2026-07-29T11:24:34.931360+00:00,1,LEFT,609.3,-30.7,471.3,8239,-1.0536585433594883,-201.23395860800244,-1.223
2026-07-29T11:24:34.981384+00:00,1,LEFT,620.3,-19.7,471.3,8271,-0.56686461457517,-108.26316656822445,-1.103
2026-07-29T11:24:35.014837+00:00,1,LEFT,623.3,-16.7,471.3,8758,-0.7557563646137715,-144.33883344173103,-0.975
2026-07-29T11:24:35.048030+00:00,1,LEFT,615.3,-24.7,471.3,8607,-0.46683341678231954,-89.15861505766215,-1.048
2026-07-29T11:24:35.064757+00:00,1,LEFT,615.3,-24.7,471.3,7626,-0.5123805115371942,-97.85746938611805,-1.092
2026-07-29T11:24:35.097893+00:00,1,LEFT,611.3,-28.7,471.3,8974,-0.44790538474917413,-85.54362722436996,-1.193
2026-07-29T11:24:35.147957+00:00,1,LEFT,627.3,-12.7,471.3,8965,-0.37592070177197456,-71.79556547710077,-0.954
2026-07-29T11:24:35.164661+00:00,1,LEFT,615.3,-24.7,471.3,8633,-0.37592070177197456,-71.79556547710077,-1.036
2026-07-29T11:24:35.197858+00:00,1,LEFT,605.3,-34.7,471.3,7626,-0.5647027291730047,-107.85027687044106,-1.272
2026-07-29T11:24:35.231339+00:00,1,LEFT,618.3,-21.7,471.3,7775,-0.47987632527947427,-91.6496270892031,-1.17
2026-07-29T11:24:35.247937+00:00,1,LEFT,633.3,-6.7,471.3,8740,-0.3113485861569643,-59.46319981386447,-0.828
2026-07-29T11:24:35.297948+00:00,1,LEFT,608.3,-31.7,471.3,7710,-0.44618896685540677,-85.21581555372461,-1.091
2026-07-29T11:24:35.331290+00:00,1,LEFT,610.3,-29.7,471.3,8564,-0.5068150666006841,-96.79454769953642,-1.211
2026-07-29T11:24:35.397912+00:00,1,LEFT,617.3,-22.7,471.3,6929,-0.17490411609411238,-33.404225572196054,-1.153
2026-07-29T11:24:35.414670+00:00,1,LEFT,615.3,-24.7,471.3,7882,-0.17490411609411238,-33.404225572196054,-1.155
2026-07-29T11:24:35.431320+00:00,1,LEFT,608.3,-31.7,471.3,7413,-0.5796290385350585,-110.7009919709487,-1.287
2026-07-29T11:24:35.481249+00:00,1,LEFT,618.3,-21.7,471.3,8136,-1.3249428095668554,-253.04543694795458,-1.179
2026-07-29T11:24:35.497904+00:00,1,LEFT,613.3,-26.7,471.3,8529,-1.3249428095668554,-253.04543694795458,-1.208
2026-07-29T11:24:35.514659+00:00,1,LEFT,618.3,-21.7,471.3,8065,-0.4472922511771321,-85.42652733785066,-1.132
2026-07-29T11:24:35.564688+00:00,1,LEFT,607.3,-32.7,471.3,7006,-0.490658975597471,-93.7089616064918,-1.292
2026-07-29T11:24:35.581238+00:00,1,LEFT,610.3,-29.7,471.3,7234,-0.5544604525715112,-105.89414613087048,-1.332
2026-07-29T11:24:35.614714+00:00,1,LEFT,618.3,-21.7,471.3,8555,-0.21074805535376073,-40.249913707866476,-1.206
2026-07-29T11:24:35.664623+00:00,1,LEFT,610.3,-29.7,471.3,7518,-0.7198753681592643,-137.4860679031739,-1.281
2026-07-29T11:24:35.681775+00:00,1,LEFT,619.3,-20.7,471.3,8493,-0.6321071338094771,-120.72356989131409,-1.156
2026-07-29T11:24:35.714610+00:00,1,LEFT,611.3,-28.7,471.3,5082,-0.49629891859716735,-94.78611137508165,-1.232
2026-07-29T11:24:35.781282+00:00,1,LEFT,615.3,-24.7,471.3,7927,-1.111453140452504,-212.271913581632,-1.202
2026-07-29T11:24:35.814494+00:00,1,LEFT,610.3,-29.7,471.3,6387,-0.2824035016167909,-53.935095874526795,-1.278
2026-07-29T11:24:35.831288+00:00,1,LEFT,606.3,-33.7,471.3,7099,-0.6007157728075981,-114.72826156271665,-1.399
2026-07-29T11:24:35.864489+00:00,1,LEFT,612.3,-27.7,471.3,6877,-0.7851087414473296,-149.94472447919918,-1.359
2026-07-29T11:24:35.914442+00:00,1,LEFT,611.3,-28.7,471.3,6604,-0.8183685812726617,-156.29688597677472,-1.353
2026-07-29T11:24:35.931258+00:00,1,LEFT,611.3,-28.7,471.3,7361,-0.5388450336828828,-102.91182080537958,-1.35
2026-07-29T11:24:35.947943+00:00,1,LEFT,617.3,-22.7,471.3,7445,-0.3683029168471694,-70.34067572566838,-1.236
2026-07-29T11:24:35.981207+00:00,1,LEFT,609.3,-30.7,471.3,7130,-0.7651657700538635,-146.13589750654674,-1.317
2026-07-29T11:24:36.031187+00:00,1,LEFT,612.3,-27.7,471.3,7424,-0.16832129016518593,-32.14699842887348,-1.31
2026-07-29T11:24:36.081176+00:00,1,LEFT,613.3,-26.7,471.3,7066,-0.7688364546746016,-146.83694662885296,-1.286
2026-07-29T11:24:36.097932+00:00,1,LEFT,614.3,-25.7,471.3,7588,0.0026913565769791604,0.5140112434189399,-1.254
2026-07-29T11:24:36.147968+00:00,1,LEFT,626.3,-13.7,471.3,7001,-0.6595996025204659,-125.97424464309785,-1.009
2026-07-29T11:24:36.181257+00:00,1,LEFT,611.3,-28.7,471.3,6919,-0.6595996025204659,-125.97424464309785,-1.144
2026-07-29T11:24:36.214557+00:00,1,LEFT,615.3,-24.7,471.3,6336,-0.6595996025204659,-125.97424464309785,-1.149
2026-07-29T11:24:36.264621+00:00,1,LEFT,613.3,-26.7,471.3,6371,-0.6595996025204659,-125.97424464309785,-1.19
2026-07-29T11:24:36.281139+00:00,1,LEFT,617.3,-22.7,471.3,6572,-0.6595996025204659,-125.97424464309785,-1.14
2026-07-29T11:24:36.314650+00:00,1,LEFT,618.3,-21.7,471.3,7095,-0.6595996025204659,-125.97424464309785,-1.091
2026-07-29T11:24:36.331095+00:00,1,LEFT,604.3,-35.7,471.3,7450,-0.6595996025204659,-125.97424464309785,-1.324
2026-07-29T11:24:36.364498+00:00,1,LEFT,615.3,-24.7,471.3,5332,-0.6708151592314243,-128.11625819118967,-1.257
2026-07-29T11:24:36.397908+00:00,1,LEFT,624.3,-15.7,471.3,7158,-0.10493600592017174,-20.041300860618872,-1.049
2026-07-29T11:24:36.431127+00:00,1,LEFT,610.3,-29.7,471.3,6168,-0.8112332347035408,-154.93413516419545,-1.186
2026-07-29T11:24:36.498510+00:00,1,LEFT,625.3,-14.7,471.3,6224,-0.6485906892269849,-123.87169708062476,-0.987
2026-07-29T11:24:36.514493+00:00,1,LEFT,629.3,-10.7,471.3,6586,-0.39545924454927445,-75.52715227368444,-0.793
2026-07-29T11:24:36.547910+00:00,1,LEFT,632.3,-7.7,471.3,6733,-0.39545924454927445,-75.52715227368444,-0.62
2026-07-29T11:24:36.564568+00:00,1,LEFT,641.3,1.3,471.3,6714,-0.3505241050198674,-66.94517278412945,-0.348
2026-07-29T11:24:36.581320+00:00,1,LEFT,634.3,-5.7,471.3,7214,-0.6650574675947428,-127.01662008945759,-0.316
2026-07-29T11:24:36.647969+00:00,1,LEFT,647.3,7.3,471.3,5923,-0.7817564624547958,-149.30448635245733,-0.052
2026-07-29T11:24:36.664382+00:00,1,LEFT,649.3,9.3,471.3,6501,-0.6564604485407471,-125.37471039549924,0.143
2026-07-29T11:24:36.714483+00:00,1,LEFT,653.3,13.3,471.3,6671,-0.5933692815899849,-113.32518509271944,0.335
2026-07-29T11:24:36.731298+00:00,1,LEFT,652.3,12.3,471.3,6404,-1.2773874334990978,-243.96302914182138,0.432
2026-07-29T11:24:36.764453+00:00,1,LEFT,669.3,29.3,471.3,7057,-0.42542872436344625,-81.25090129886631,0.808
2026-07-29T11:24:36.781204+00:00,1,LEFT,670.3,30.3,471.3,7653,0.004858421757817269,0.9278902060582004,1.053
2026-07-29T11:24:36.814574+00:00,1,LEFT,668.3,28.3,471.3,5058,-1.9435314253717662,-371.18716008282445,1.163
2026-07-29T11:24:36.831209+00:00,1,LEFT,659.3,19.3,471.3,7103,-0.24657250821590423,-47.09188021575376,1.059
2026-07-29T11:24:36.881224+00:00,1,LEFT,678.3,38.3,471.3,4682,-0.2550405456125736,-48.70915622771411,1.354
2026-07-29T11:24:36.947783+00:00,1,LEFT,689.3,49.3,471.3,5667,-1.4166420570015907,-270.5587031564085,1.737
2026-07-29T11:24:36.981214+00:00,1,LEFT,690.3,50.3,471.3,5768,-0.15587300152983516,-29.769550425652596,1.985
2026-07-29T11:24:36.997822+00:00,1,LEFT,693.3,53.3,471.3,5711,-0.21094241429120303,-40.287033530620114,2.19
2026-07-29T11:24:37.031254+00:00,1,LEFT,695.3,55.3,471.3,5329,-0.36089325696229935,-68.9255349289002,2.351
2026-07-29T11:24:37.047794+00:00,1,LEFT,695.3,55.3,471.3,5585,-0.4079297965764999,-77.90885227154556,2.448
2026-07-29T11:24:37.097737+00:00,1,LEFT,706.3,66.3,471.3,6716,-0.6486921761929989,-123.89107966338537,2.712
2026-07-29T11:24:37.114383+00:00,1,LEFT,703.3,63.3,471.3,6799,-0.32319528110325335,-61.72575188586889,2.814
2026-07-29T11:24:37.147761+00:00,1,LEFT,678.3,38.3,471.3,5595,-1.0390464366972447,-198.44325180286393,2.406
2026-07-29T11:24:37.197686+00:00,1,LEFT,699.3,59.3,471.3,7279,-0.5093485615216196,-97.27840958749454,2.556
2026-07-29T11:24:37.214391+00:00,1,LEFT,698.3,58.3,471.3,3579,-0.48950756589416416,-93.48905855152549,2.627
2026-07-29T11:24:37.264356+00:00,1,LEFT,691.3,51.3,471.3,5815,-0.3071295481175184,-58.65742290297981,2.538
2026-07-29T11:24:37.281137+00:00,1,LEFT,695.3,55.3,471.3,5176,-0.574487450569868,-109.71902100294646,2.56
2026-07-29T11:24:37.331208+00:00,1,LEFT,695.3,55.3,471.3,4360,-0.8148466587811708,-155.62424832832596,2.573
2026-07-29T11:24:37.364518+00:00,1,LEFT,701.3,61.3,471.3,3185,0.10001516401767731,19.101489285072013,2.693
2026-07-29T11:24:37.397731+00:00,1,LEFT,693.3,53.3,471.3,5689,0.10001516401767731,19.101489285072013,2.615
2026-07-29T11:24:37.414485+00:00,1,LEFT,693.3,53.3,471.3,4204,-0.44599199905991554,-85.17819747578581,2.568
2026-07-29T11:24:37.480984+00:00,1,LEFT,711.3,71.3,471.3,6095,-0.825670665204525,-157.69148127992827,2.878
2026-07-29T11:24:37.514498+00:00,1,LEFT,694.3,54.3,471.3,4585,0.24286455482244493,46.38371328216566,2.745
2026-07-29T11:24:37.530937+00:00,1,LEFT,697.3,57.3,471.3,4374,-0.4754971650242805,-90.81326908775632,2.721
2026-07-29T11:24:37.564518+00:00,1,LEFT,701.3,61.3,471.3,6004,-0.6862063881382346,-131.05576638412293,2.782
2026-07-29T11:24:37.614443+00:00,1,LEFT,679.3,39.3,471.3,4881,0.07684628840535879,14.676559989573907,2.406
2026-07-29T11:24:37.630962+00:00,1,LEFT,687.3,47.3,471.3,5671,-1.989389726817608,-379.94545051110913,2.331
2026-07-29T11:24:37.647950+00:00,1,LEFT,695.3,55.3,471.3,4606,-0.6175109858065844,-117.93591096560054,2.435
2026-07-29T11:24:37.664536+00:00,1,LEFT,699.3,59.3,471.3,6378,-0.6578603692352771,-125.64207555366455,2.573
2026-07-29T11:24:37.731129+00:00,1,LEFT,684.3,44.3,471.3,5371,-0.4537321029603481,-86.65644843074423,2.374
2026-07-29T11:24:37.747697+00:00,1,LEFT,705.3,65.3,471.3,3059,-1.3633397362660618,-260.3787097684136,2.649
2026-07-29T11:24:37.797664+00:00,1,LEFT,703.3,63.3,471.3,4152,-1.3633397362660618,-260.3787097684136,2.776
2026-07-29T11:24:37.831055+00:00,1,LEFT,680.3,40.3,471.3,2238,-0.0844041185081005,-16.11999921345399,2.421
2026-07-29T11:24:37.864457+00:00,1,NONE,0.0,0.0,471.3,0,-0.0844041185081005,-16.11999921345399,2.208
2026-07-29T11:24:37.914394+00:00,1,LEFT,701.3,61.3,471.3,3516,-0.8557711284980178,-163.4402463069469,2.474
2026-07-29T11:24:37.931017+00:00,1,NONE,0.0,0.0,471.3,0,-1.489563740938902,-284.485718905058,2.634
2026-07-29T11:24:37.964385+00:00,1,LEFT,685.3,45.3,471.3,3828,-1.489563740938902,-284.485718905058,2.43
2026-07-29T11:24:37.980986+00:00,1,LEFT,702.3,62.3,471.3,3932,-0.9704386804252862,-185.3401355487125,2.626
2026-07-29T11:24:38.014524+00:00,1,LEFT,687.3,47.3,471.3,3122,-1.0891734901070595,-208.0168138022281,2.462
2026-07-29T11:24:38.047604+00:00,1,LEFT,682.3,42.3,471.3,2261,-1.3816410399973393,-263.8740013130444,2.271
2026-07-29T11:24:38.064420+00:00,1,LEFT,713.3,73.3,471.3,3760,-0.06591140947304666,-12.588151948547225,2.737
2026-07-29T11:24:38.114289+00:00,1,LEFT,673.3,33.3,471.3,2107,-1.003596804589033,-191.6728707858907,2.266
2026-07-29T11:24:38.164271+00:00,1,LEFT,692.3,52.3,471.3,3438,-0.43459734864532945,-83.0019795498432,2.34
2026-07-29T11:24:38.180958+00:00,1,LEFT,679.3,39.3,471.3,4569,-0.041960359141230585,-8.013838285485654,2.141
2026-07-29T11:24:38.231027+00:00,1,LEFT,694.3,54.3,471.3,1573,-0.36286772340536116,-69.30263024215905,2.303
2026-07-29T11:24:38.264262+00:00,1,LEFT,695.3,55.3,471.3,5273,-0.8082482708245515,-154.36404905664517,2.419
2026-07-29T11:24:38.297725+00:00,1,LEFT,683.3,43.3,471.3,2935,-1.114701787084341,-212.8923593854108,2.263
2026-07-29T11:24:38.347766+00:00,1,LEFT,672.3,32.3,471.3,2519,-0.4202350631169975,-80.25898506672574,1.963
2026-07-29T11:24:38.364296+00:00,1,LEFT,675.3,35.3,471.3,2217,-1.4719590365327895,-281.12346803157266,1.84
2026-07-29T11:24:38.414296+00:00,1,LEFT,670.3,30.3,471.3,1813,-0.47681772176176307,-91.0654768466407,1.672
2026-07-29T11:24:38.431007+00:00,1,LEFT,695.3,55.3,471.3,2026,0.0037059700302779675,0.7077881391229914,2.04
2026-07-29T11:24:38.447681+00:00,1,LEFT,672.3,32.3,471.3,1855,-1.469735224209726,-280.69875116310357,1.83
2026-07-29T11:24:38.480816+00:00,1,LEFT,666.3,26.3,471.3,2197,-0.9781104074046015,-186.80532747368392,1.591
2026-07-29T11:24:38.497693+00:00,1,LEFT,689.3,49.3,471.3,2974,-1.300012790923938,-248.28415410988248,1.879
2026-07-29T11:24:38.547613+00:00,1,LEFT,688.3,48.3,471.3,2717,0.39175950923934577,74.82055487843631,2.033
2026-07-29T11:24:38.597662+00:00,1,NONE,0.0,0.0,471.3,0,-0.9391023226082325,-179.35533205461599,2.125
2026-07-29T11:24:38.614314+00:00,1,LEFT,688.3,48.3,471.3,1836,-1.1695198674872518,-223.36184154572945,2.181
2026-07-29T11:24:38.630965+00:00,1,NONE,0.0,0.0,471.3,0,-0.4416096843779087,-84.34123702319512,2.214
2026-07-29T11:24:38.664228+00:00,1,LEFT,668.3,28.3,471.3,3873,-0.4416096843779087,-84.34123702319512,1.859
2026-07-29T11:24:38.697714+00:00,1,LEFT,687.8,47.8,471.3,11528,-0.4416096843779087,-84.34123702319512,2.012
2026-07-29T11:24:38.731035+00:00,1,LEFT,690.3,50.3,471.3,11706,-0.7383329814113676,-141.01121236727474,2.15
2026-07-29T11:24:38.764253+00:00,1,LEFT,680.3,40.3,471.3,12224,-0.7383329814113676,-141.01121236727474,2.046
2026-07-29T11:24:38.797615+00:00,1,LEFT,684.3,44.3,471.3,12141,-0.7383329814113676,-141.01121236727474,2.058
2026-07-29T11:24:38.831018+00:00,1,LEFT,683.3,43.3,471.3,12151,-0.7383329814113676,-141.01121236727474,2.047
2026-07-29T11:24:38.864206+00:00,1,LEFT,680.3,40.3,471.3,12004,-0.7383329814113676,-141.01121236727474,1.984
2026-07-29T11:24:38.897528+00:00,1,LEFT,676.3,36.3,471.3,12233,-0.7383329814113676,-141.01121236727474,1.871
2026-07-29T11:24:38.949551+00:00,1,LEFT,685.3,45.3,471.3,11893,-0.7383329814113676,-141.01121236727474,1.972
2026-07-29T11:24:38.981033+00:00,1,LEFT,671.3,31.3,471.3,11978,-0.8594373922422528,-164.1404511040352,1.77
2026-07-29T11:24:38.997466+00:00,1,LEFT,671.3,31.3,471.3,11921,-0.8594373922422528,-164.1404511040352,1.649
2026-07-29T11:24:39.031007+00:00,1,LEFT,679.3,39.3,471.3,12179,-0.735564336180687,-140.482440078318,1.726
2026-07-29T11:24:39.064269+00:00,1,LEFT,675.3,35.3,471.3,12124,-0.25659357849508524,-49.00576365975729,1.698
2026-07-29T11:24:39.097575+00:00,1,LEFT,670.3,30.3,471.3,11966,-0.7133099045976996,-136.23215672775862,1.587
2026-07-29T11:24:39.114252+00:00,1,LEFT,674.3,34.3,471.3,11862,-0.4471349599212408,-85.39648692079437,1.595
2026-07-29T11:24:39.181024+00:00,1,LEFT,667.3,27.3,471.3,11929,-0.6656143101677299,-127.12296918707548,1.469
2026-07-29T11:24:39.214340+00:00,1,LEFT,677.3,37.3,471.3,12017,-0.6656143101677299,-127.12296918707548,1.581
2026-07-29T11:24:39.230956+00:00,1,LEFT,672.3,32.3,471.3,12068,-0.7357630211673677,-140.52038611561608,1.554
2026-07-29T11:24:39.280925+00:00,1,LEFT,665.3,25.3,471.3,11892,-0.8185399832576513,-156.32962134457495,1.407
2026-07-29T11:24:39.297596+00:00,1,LEFT,674.3,34.3,471.3,11774,-0.9440165501553566,-180.2938803813398,1.487
2026-07-29T11:24:39.330906+00:00,1,LEFT,669.3,29.3,471.3,11772,-0.7983153184130788,-152.4669948857062,1.442
2026-07-29T11:24:39.347563+00:00,1,LEFT,667.3,27.3,471.3,12017,-0.8233950870623812,-157.25687786827137,1.377
2026-07-29T11:24:39.397579+00:00,1,LEFT,671.3,31.3,471.3,11822,-1.155117035806179,-220.61110331785352,1.413
2026-07-29T11:24:39.430892+00:00,1,LEFT,665.3,25.3,471.3,11747,-0.42113202918320897,-80.43029296659364,1.322
2026-07-29T11:24:39.464201+00:00,1,LEFT,665.3,25.3,471.3,11941,-0.5471889539435506,-104.50539219047944,1.268
2026-07-29T11:24:39.480908+00:00,1,LEFT,669.3,29.3,471.3,11925,-0.9909254445880652,-189.25281929006954,1.31
2026-07-29T11:24:39.497572+00:00,1,LEFT,669.3,29.3,471.3,11881,-0.9123256176710128,-174.24135811405,1.335
2026-07-29T11:24:39.514275+00:00,1,LEFT,663.3,23.3,471.3,11860,-1.305435050316155,-249.31972937187982,1.238
2026-07-29T11:24:39.564145+00:00,1,LEFT,665.3,25.3,471.3,11892,-0.38007523337379095,-72.58902256589346,1.217
2026-07-29T11:24:39.614268+00:00,1,LEFT,654.3,14.3,471.3,11931,-0.38007523337379095,-72.58902256589346,0.998
2026-07-29T11:24:39.630757+00:00,1,LEFT,660.3,20.3,471.3,11854,-0.7672977992892265,-146.54308509649604,0.98
2026-07-29T11:24:39.664316+00:00,1,LEFT,666.3,26.3,471.3,11966,-0.7117081172019243,-135.9262378695747,1.081
2026-07-29T11:24:39.680773+00:00,1,LEFT,657.3,17.3,471.3,11946,-0.7117081172019243,-135.9262378695747,0.973
2026-07-29T11:24:39.714331+00:00,1,LEFT,659.3,19.3,471.3,11767,-0.45056821197271346,-86.0521897626411,0.946
2026-07-29T11:24:39.764246+00:00,1,LEFT,666.3,26.3,471.3,11971,-0.7667592992633581,-146.44023916732957,1.061
2026-07-29T11:24:39.780759+00:00,1,LEFT,656.3,16.3,471.3,11989,-1.9590817050635814,-374.1570447381211,0.942
2026-07-29T11:24:39.797481+00:00,1,LEFT,662.3,22.3,471.3,11874,-0.7209437067061663,-137.69010553593597,0.983
2026-07-29T11:24:39.814247+00:00,1,LEFT,671.3,31.3,471.3,11832,0.010434052236378192,1.9927571878783616,1.177
2026-07-29T11:24:39.864226+00:00,1,LEFT,651.3,11.3,471.3,11834,-0.7556711362272472,-144.3225560189225,0.918
2026-07-29T11:24:39.914375+00:00,1,LEFT,657.3,17.3,471.3,12016,-0.7623792666569352,-145.6037145590705,0.875
2026-07-29T11:24:39.930688+00:00,1,LEFT,653.3,13.3,471.3,11788,-0.014169227778911591,-2.7061231689705325,0.774
2026-07-29T11:24:39.980855+00:00,1,LEFT,660.3,20.3,471.3,12076,0.6081848029792308,116.15474124901809,0.845
2026-07-29T11:24:39.997537+00:00,1,LEFT,648.3,8.3,471.3,12021,-1.9842477523721755,-378.96340573081784,0.663
2026-07-29T11:24:40.047556+00:00,1,LEFT,662.3,22.3,471.3,11787,0.21155405344441533,40.403848004166846,0.816
2026-07-29T11:24:40.097419+00:00,1,LEFT,651.3,11.3,471.3,11823,-1.9318293712288142,-368.95223236940865,0.701
2026-07-29T11:24:40.147433+00:00,1,LEFT,652.3,12.3,471.3,11900,-1.0088618551194668,-192.67842136694722,0.651
2026-07-29T11:24:40.180784+00:00,1,LEFT,650.3,10.3,471.3,11796,-1.0088618551194668,-192.67842136694722,0.584
2026-07-29T11:24:40.197434+00:00,1,LEFT,656.3,16.3,471.3,11945,-0.9371490440890193,-178.98228333673438,0.656
2026-07-29T11:24:40.230800+00:00,1,LEFT,647.3,7.3,471.3,12015,-0.9371490440890193,-178.98228333673438,0.53
2026-07-29T11:24:40.264196+00:00,1,LEFT,652.3,12.3,471.3,11833,-0.8886056159064174,-169.71117147686937,0.549
2026-07-29T11:24:40.314162+00:00,1,LEFT,643.3,3.3,471.3,11886,-0.8886056159064174,-169.71117147686937,0.391
2026-07-29T11:24:40.330813+00:00,1,LEFT,644.3,4.3,471.3,11957,-1.9844325233250857,-378.9986943834123,0.315
2026-07-29T11:24:40.364152+00:00,1,LEFT,652.3,12.3,471.3,11926,-1.2339599977433682,-235.6689998622253,0.42
2026-07-29T11:24:40.397573+00:00,1,LEFT,639.3,-0.7,471.3,11922,-0.37298032373189927,-71.23399463753655,0.239
2026-07-29T11:24:40.414029+00:00,1,LEFT,644.3,4.3,471.3,11880,-1.2183930158615113,-232.69592532360187,0.224
2026-07-29T11:24:40.447500+00:00,1,LEFT,656.3,16.3,471.3,11816,-0.24158127903938292,-46.138625661096334,0.44
2026-07-29T11:24:40.497476+00:00,1,LEFT,640.3,0.3,471.3,11790,-0.24158127903938292,-46.138625661096334,0.27
2026-07-29T11:24:40.514081+00:00,1,LEFT,647.3,7.3,471.3,11826,-1.7965058040618898,-343.1073348116757,0.299
2026-07-29T11:24:40.564023+00:00,1,LEFT,640.3,0.3,471.3,12012,-0.2390544182062149,-45.65603079057154,0.185
2026-07-29T11:24:40.580734+00:00,1,LEFT,636.3,-3.7,471.3,11815,-1.227634793727193,-234.46097487993848,0.042
2026-07-29T11:24:40.597530+00:00,1,LEFT,646.3,6.3,471.3,11853,-0.11961820557713508,-22.845394441660286,0.143
2026-07-29T11:24:40.630794+00:00,1,LEFT,650.3,10.3,471.3,11950,-1.074515853971243,-205.217411508159,0.279
2026-07-29T11:24:40.714032+00:00,1,LEFT,654.3,14.3,471.3,11778,-1.0289707097411156,-196.5189297024893,0.435
2026-07-29T11:24:40.730798+00:00,1,LEFT,636.3,-3.7,471.3,11952,-0.08200413510203361,-15.66163614655711,0.192
2026-07-29T11:24:40.747466+00:00,1,LEFT,636.3,-3.7,471.3,11851,-1.6660188456811011,-318.18616148928095,0.046
2026-07-29T11:24:40.780876+00:00,1,LEFT,655.3,15.3,471.3,11768,-1.6660188456811011,-318.18616148928095,0.314
2026-07-29T11:24:40.814095+00:00,1,LEFT,640.3,0.3,471.3,11889,-1.2450644858181477,-237.78980086335267,0.194
2026-07-29T11:24:40.864162+00:00,1,LEFT,647.3,7.3,471.3,11706,-1.0645717316865921,-203.31822404858406,0.253
2026-07-29T11:24:40.880717+00:00,1,LEFT,652.3,12.3,471.3,11771,-1.0645717316865921,-203.31822404858406,0.383
2026-07-29T11:24:40.914105+00:00,1,LEFT,633.3,-6.7,471.3,12041,-0.4223625899851322,-80.6653127678751,0.104
2026-07-29T11:24:40.947475+00:00,1,LEFT,643.3,3.3,471.3,11804,-1.4752078360319139,-281.7439430308528,0.124
2026-07-29T11:24:40.980721+00:00,1,LEFT,648.3,8.3,471.3,11970,-1.4752078360319139,-281.7439430308528,0.23
2026-07-29T11:24:40.997528+00:00,1,LEFT,632.3,-7.7,471.3,11932,-1.41067032918334,-269.4181871551197,-0.006
2026-07-29T11:24:41.014094+00:00,1,LEFT,632.3,-7.7,471.3,11856,-0.548431686423719,-104.74273661107102,-0.148
2026-07-29T11:24:41.097899+00:00,1,LEFT,627.3,-12.7,471.3,11833,-1.0593874764442444,-202.32810423090038,-0.327
2026-07-29T11:24:41.114051+00:00,1,LEFT,638.3,-1.7,471.3,11610,-1.0593874764442444,-202.32810423090038,-0.228
2026-07-29T11:24:41.147440+00:00,1,LEFT,641.3,1.3,471.3,11907,-0.5836396403796971,-111.46696050096594,-0.112
2026-07-29T11:24:41.164036+00:00,1,LEFT,630.3,-9.7,471.3,11964,-0.808806447274983,-154.47065290608955,-0.249
2026-07-29T11:24:41.197456+00:00,1,LEFT,640.3,0.3,471.3,11718,-1.3265865443646907,-253.35936716980373,-0.144
2026-07-29T11:24:41.214003+00:00,1,LEFT,644.3,4.3,471.3,11754,-1.3265865443646907,-253.35936716980373,-0.006
2026-07-29T11:24:41.230753+00:00,1,LEFT,640.3,0.3,471.3,11762,-1.3265865443646907,-253.35936716980373,0.002
2026-07-29T11:24:41.314063+00:00,1,LEFT,634.3,-5.7,471.3,11768,-1.1700844402611255,-223.46966700296596,-0.106
2026-07-29T11:24:41.330822+00:00,1,LEFT,629.3,-10.7,471.3,11859,-1.332203278541565,-254.432084379743,-0.264
2026-07-29T11:24:41.347286+00:00,1,LEFT,630.3,-9.7,471.3,11759,-0.7425767248868942,-141.8217076688876,-0.34
2026-07-29T11:24:41.380800+00:00,1,LEFT,636.3,-3.7,471.3,11732,-0.7425767248868942,-141.8217076688876,-0.274
2026-07-29T11:24:41.397337+00:00,1,LEFT,635.3,-4.7,471.3,11761,-1.0994726563990116,-209.98380967233564,-0.252
2026-07-29T11:24:41.463990+00:00,1,LEFT,633.3,-6.7,471.3,11774,-0.8799452766031027,-168.05716850609872,-0.277
2026-07-29T11:24:41.480759+00:00,1,LEFT,630.3,-9.7,471.3,11838,-1.027665665000677,-196.26968451681304,-0.348
2026-07-29T11:24:41.497226+00:00,1,LEFT,629.3,-10.7,471.3,11780,-0.7541244203597307,-144.0271550478738,-0.409
2026-07-29T11:24:41.530790+00:00,1,LEFT,634.3,-5.7,471.3,11665,-1.2394002971053124,-236.708020504649,-0.353
2026-07-29T11:24:41.563911+00:00,1,LEFT,631.3,-8.7,471.3,11793,-0.940944908503443,-179.70724003856895,-0.375
2026-07-29T11:24:41.597347+00:00,1,LEFT,627.3,-12.7,471.3,11688,-1.227236907109618,-234.3849841335659,-0.463
2026-07-29T11:24:41.613961+00:00,1,LEFT,633.3,-6.7,471.3,11774,-1.2137238425016403,-231.80417889915014,-0.403
2026-07-29T11:24:41.664029+00:00,1,LEFT,630.3,-9.7,471.3,11722,-1.4280356908706018,-272.7347269364473,-0.424
2026-07-29T11:24:41.713943+00:00,1,LEFT,630.3,-9.7,471.3,11692,-1.1915758155891671,-227.57421734372718,-0.436
2026-07-29T11:24:41.747316+00:00,1,LEFT,626.3,-13.7,471.3,11710,-1.9350371311604977,-369.56486938866414,-0.519
2026-07-29T11:24:41.763946+00:00,1,LEFT,631.3,-8.7,471.3,11776,-1.9350371311604977,-369.56486938866414,-0.474
2026-07-29T11:24:41.797334+00:00,1,LEFT,631.3,-8.7,471.3,11785,-1.6864342957735061,-322.08522524646355,-0.448
2026-07-29T11:24:41.830688+00:00,1,LEFT,626.3,-13.7,471.3,11659,-1.0708567250519991,-204.5185693622692,-0.525
2026-07-29T11:24:41.847311+00:00,1,LEFT,627.3,-12.7,471.3,11833,-0.960307267634198,-183.40517823726518,-0.553
2026-07-29T11:24:41.880677+00:00,1,LEFT,624.3,-15.7,471.3,11725,-1.3379666131548584,-255.53280021062093,-0.626
2026-07-29T11:24:41.913914+00:00,1,LEFT,622.3,-17.7,471.3,11818,-1.0928223963361234,-208.7137035581093,-0.708
2026-07-29T11:24:41.947406+00:00,1,LEFT,626.3,-13.7,471.3,11793,-1.0928223963361234,-208.7137035581093,-0.682
2026-07-29T11:24:41.980661+00:00,1,LEFT,621.3,-18.7,471.3,11644,-0.68202382132411,-130.25695496418686,-0.76
2026-07-29T11:24:42.047294+00:00,1,LEFT,618.3,-21.7,471.3,11687,-1.5926588141731919,-304.17542752144783,-0.863
2026-07-29T11:24:42.064032+00:00,1,LEFT,621.3,-18.7,471.3,11724,-0.9630589536577463,-183.93071155624665,-0.868
2026-07-29T11:24:42.113894+00:00,1,LEFT,622.3,-17.7,471.3,11625,-0.9630589536577463,-183.93071155624665,-0.853
2026-07-29T11:24:42.147146+00:00,1,LEFT,623.3,-16.7,471.3,11566,-1.3977110474929213,-266.9431466671792,-0.825
2026-07-29T11:24:42.164002+00:00,1,LEFT,617.3,-22.7,471.3,11881,-1.0687825229018926,-204.12242593207566,-0.921
2026-07-29T11:24:42.180512+00:00,1,LEFT,619.3,-20.7,471.3,11749,-1.0687825229018926,-204.12242593207566,-0.94
2026-07-29T11:24:42.197285+00:00,1,LEFT,622.3,-17.7,471.3,11700,-1.2414589408412575,-237.101192496618,-0.896
2026-07-29T11:24:42.230504+00:00,1,LEFT,622.3,-17.7,471.3,11677,-0.7649218849465251,-146.08931888209145,-0.87
2026-07-29T11:24:42.297254+00:00,1,LEFT,626.3,-13.7,471.3,11681,-1.575483078584075,-300.895103657151,-0.779
2026-07-29T11:24:42.314032+00:00,1,LEFT,618.3,-21.7,471.3,11626,-0.9381379379332065,-179.17114814892903,-0.874
2026-07-29T11:24:42.347163+00:00,1,LEFT,615.3,-24.7,471.3,11735,-0.9381379379332065,-179.17114814892903,-0.988
2026-07-29T11:24:42.364173+00:00,1,LEFT,620.3,-19.7,471.3,11793,-0.5385030916286633,-102.84651468356353,-0.962
2026-07-29T11:24:42.380472+00:00,1,LEFT,619.3,-20.7,471.3,11707,-1.5574243042618037,-297.44613181766647,-0.965
2026-07-29T11:24:42.413977+00:00,1,LEFT,616.3,-23.7,471.3,11734,-1.5574243042618037,-297.44613181766647,-1.024
2026-07-29T11:24:42.447220+00:00,1,LEFT,619.3,-20.7,471.3,11729,-0.5315527310781181,-101.51909359809532,-1.002
2026-07-29T11:24:42.480590+00:00,1,LEFT,619.3,-20.7,471.3,11683,-0.5315527310781181,-101.51909359809532,-0.989
2026-07-29T11:24:42.514014+00:00,1,LEFT,619.3,-20.7,471.3,11641,-1.571973735578358,-300.22486851351323,-0.982
2026-07-29T11:24:42.547198+00:00,1,LEFT,611.3,-28.7,471.3,11662,-0.8387772633880377,-160.1946571455586,-1.127
2026-07-29T11:24:42.563939+00:00,1,LEFT,612.3,-27.7,471.3,11669,-1.2967725068330764,-247.66530543378326,-1.196
2026-07-29T11:24:42.580588+00:00,1,LEFT,614.3,-25.7,471.3,11844,-1.1697254391014575,-223.4011028320017,-1.199
2026-07-29T11:24:42.630576+00:00,1,LEFT,613.3,-26.7,471.3,11803,-0.4733897079527378,-90.41077443540833,-1.22
2026-07-29T11:24:42.680558+00:00,1,LEFT,612.3,-27.7,471.3,11734,-0.8342670400440693,-159.33326793798938,-1.251
2026-07-29T11:24:42.697213+00:00,1,LEFT,609.3,-30.7,471.3,11845,-0.8592117568850517,-164.09735792511339,-1.327
2026-07-29T11:24:42.713899+00:00,1,LEFT,610.3,-29.7,471.3,11798,-1.2108410938829184,-231.253614468317,-1.353
2026-07-29T11:24:42.763963+00:00,1,LEFT,612.3,-27.7,471.3,11893,-0.6551154377311468,-125.11783225286732,-1.331
2026-07-29T11:24:42.780574+00:00,1,LEFT,611.3,-28.7,471.3,11762,-1.3987356287240982,-267.1388272682284,-1.337
2026-07-29T11:24:42.847328+00:00,1,LEFT,610.3,-29.7,471.3,11752,-1.2116764756664633,-231.41316063658113,-1.359
2026-07-29T11:24:42.863789+00:00,1,LEFT,610.3,-29.7,471.3,11710,-1.1512309090793134,-219.86890778417887,-1.372
2026-07-29T11:24:42.880518+00:00,1,LEFT,613.3,-26.7,471.3,11887,-0.5970764389634132,-114.03319999768027,-1.324
2026-07-29T11:24:42.947267+00:00,1,LEFT,606.3,-33.7,471.3,11837,-1.2191462513804436,-232.83978271098243,-1.426
2026-07-29T11:24:42.963787+00:00,1,LEFT,612.3,-27.7,471.3,11753,-0.21253316082060336,-40.590843738652524,-1.375
2026-07-29T11:24:43.013812+00:00,1,LEFT,603.3,-36.7,471.3,11849,-1.0180391503870487,-194.43115565420666,-1.513
2026-07-29T11:24:43.030558+00:00,1,LEFT,609.3,-30.7,471.3,11757,-1.0990215481817722,-209.89765434916401,-1.484
2026-07-29T11:24:43.047240+00:00,1,LEFT,613.3,-26.7,471.3,11904,-0.46139156833291056,-88.11929856132566,-1.391
2026-07-29T11:24:43.097302+00:00,1,LEFT,603.3,-36.7,471.3,11795,-0.9280004015937448,-177.23502132589016,-1.523
2026-07-29T11:24:43.163878+00:00,1,LEFT,601.3,-38.7,471.3,11480,-0.9423045071959496,-179.96690426160941,-1.639
2026-07-29T11:24:43.180495+00:00,1,LEFT,602.3,-37.7,471.3,11287,-0.9423045071959496,-179.96690426160941,-1.69
2026-07-29T11:24:43.197284+00:00,1,LEFT,611.3,-28.7,471.3,11291,-0.4549287507124245,-86.88499131660356,-1.552
2026-07-29T11:24:43.247227+00:00,1,LEFT,596.3,-43.7,471.3,10320,-0.8044982202351093,-153.6478421508599,-1.751
2026-07-29T11:24:43.263868+00:00,1,LEFT,599.3,-40.7,471.3,10304,-1.3060468959528952,-249.43658328087554,-1.814
2026-07-29T11:24:43.313883+00:00,1,LEFT,601.3,-38.7,471.3,10216,-0.6928396024554968,-132.32261700073917,-1.814
2026-07-29T11:24:43.347223+00:00,1,LEFT,600.3,-39.7,471.3,9691,-0.6656268009915948,-127.12535475870912,-1.833
2026-07-29T11:24:43.363839+00:00,1,LEFT,605.3,-34.7,471.3,9889,-1.2457928897440433,-237.9289157658013,-1.75
2026-07-29T11:24:43.397189+00:00,1,LEFT,595.3,-44.7,471.3,9026,-1.189454857967794,-227.16914427629123,-1.888
2026-07-29T11:24:43.447293+00:00,1,LEFT,602.3,-37.7,471.3,9329,-0.7463274145871401,-142.5380366358452,-1.84
2026-07-29T11:24:43.463824+00:00,1,LEFT,597.3,-42.7,471.3,8491,-0.9855851619481109,-188.23290043448165,-1.905
2026-07-29T11:24:43.480437+00:00,1,LEFT,600.3,-39.7,471.3,9913,-1.2051482758671046,-230.1663663155098,-1.887
2026-07-29T11:24:43.497193+00:00,1,LEFT,598.3,-41.7,471.3,8357,-0.7954184409044683,-151.91373203567375,-1.914
2026-07-29T11:24:43.563728+00:00,1,LEFT,600.3,-39.7,471.3,8457,-1.2125360827008262,-231.57733348694364,-1.893
2026-07-29T11:24:43.597254+00:00,1,LEFT,593.3,-46.7,471.3,7012,-0.7637540304660797,-145.86627510604154,-2.011
2026-07-29T11:24:43.630492+00:00,1,LEFT,596.3,-43.7,471.3,8371,-0.7637540304660797,-145.86627510604154,-2.026
2026-07-29T11:24:43.647147+00:00,1,LEFT,598.3,-41.7,471.3,6631,-0.5245185039192438,-100.175655170296,-1.998
2026-07-29T11:24:43.680534+00:00,1,LEFT,598.3,-41.7,471.3,9829,-1.1430404407531023,-218.30464355975397,-1.98
2026-07-29T11:24:43.713752+00:00,1,LEFT,600.3,-39.7,471.3,10142,-1.1430404407531023,-218.30464355975397,-1.933
2026-07-29T11:24:43.730565+00:00,1,LEFT,605.3,-34.7,471.3,11054,-0.9040667144954204,-172.6640237961545,-1.81
2026-07-29T11:24:43.747060+00:00,1,LEFT,605.3,-34.7,471.3,8703,-0.7746445704996586,-147.94621504118265,-1.737
2026-07-29T11:24:43.813866+00:00,1,LEFT,600.3,-39.7,471.3,9844,-1.0219517123699189,-195.17839994987932,-1.786
2026-07-29T11:24:43.847079+00:00,1,LEFT,602.3,-37.7,471.3,9907,-1.1549746093153954,-220.58390186181097,-1.779
2026-07-29T11:24:43.863754+00:00,1,LEFT,599.3,-40.7,471.3,7173,-1.1549746093153954,-220.58390186181097,-1.83
2026-07-29T11:24:43.880548+00:00,1,LEFT,597.3,-42.7,471.3,8469,-1.1549746093153954,-220.58390186181097,-1.899
2026-07-29T11:24:43.930515+00:00,1,LEFT,593.3,-46.7,471.3,2747,-1.1549746093153954,-220.58390186181097,-2.015
2026-07-29T11:24:43.963739+00:00,1,LEFT,601.3,-38.7,471.3,9942,-1.1549746093153954,-220.58390186181097,-1.935
2026-07-29T11:24:43.997117+00:00,1,LEFT,605.3,-34.7,471.3,7984,-1.1549746093153954,-220.58390186181097,-1.811
2026-07-29T11:24:44.030494+00:00,1,LEFT,596.3,-43.7,471.3,1650,-1.1549746093153954,-220.58390186181097,-1.906
2026-07-29T11:24:44.063752+00:00,1,LEFT,602.3,-37.7,471.3,8531,-1.1549746093153954,-220.58390186181097,-1.851
2026-07-29T11:24:44.080731+00:00,1,LEFT,598.3,-41.7,471.3,9140,-1.1549746093153954,-220.58390186181097,-1.892
2026-07-29T11:24:44.130562+00:00,1,LEFT,603.3,-36.7,471.3,10152,-1.1549746093153954,-220.58390186181097,-1.823
2026-07-29T11:24:44.147119+00:00,1,LEFT,597.3,-42.7,471.3,9120,-1.4482942133396863,-276.6038197252789,-1.895
2026-07-29T11:24:44.180458+00:00,1,LEFT,608.3,-31.7,471.3,10148,-1.4482942133396863,-276.6038197252789,-1.731
2026-07-29T11:24:44.197161+00:00,1,LEFT,604.3,-35.7,471.3,9977,-1.1767242965102196,-224.7377861351215,-1.708
2026-07-29T11:24:44.247115+00:00,1,LEFT,605.3,-34.7,471.3,7764,-1.2624305016547441,-241.1064655780004,-1.675
2026-07-29T11:24:44.280448+00:00,1,LEFT,600.3,-39.7,471.3,9212,-1.2034190723113716,-229.8361127633014,-1.75
2026-07-29T11:24:44.313919+00:00,1,LEFT,599.3,-40.7,471.3,8829,-1.0090936276037246,-192.722686650798,-1.813
2026-07-29T11:24:44.330276+00:00,1,LEFT,602.3,-37.7,471.3,10052,-0.7662302580848336,-146.33919974493597,-1.795
2026-07-29T11:24:44.347092+00:00,1,LEFT,604.3,-35.7,471.3,9979,-1.0872790710628033,-207.65500641601113,-1.746
2026-07-29T11:24:44.380476+00:00,1,LEFT,604.3,-35.7,471.3,9958,-0.2289341004937887,-43.72319248305983,-1.717
2026-07-29T11:24:44.447104+00:00,1,LEFT,595.3,-44.7,471.3,6721,-1.0681248718500138,-203.99682383319237,-1.868
2026-07-29T11:24:44.480425+00:00,1,LEFT,606.3,-33.7,471.3,7831,-1.0681248718500138,-203.99682383319237,-1.753
2026-07-29T11:24:44.497066+00:00,1,LEFT,592.3,-47.7,471.3,6395,-0.5205225019901991,-99.41247501876134,-1.946
2026-07-29T11:24:44.530307+00:00,1,LEFT,594.3,-45.7,471.3,8679,-1.253131828904152,-239.33054989905966,-2.025
2026-07-29T11:24:44.547036+00:00,1,LEFT,596.3,-43.7,471.3,8120,-0.731833219844848,-139.76984934859837,-2.034
2026-07-29T11:24:44.596934+00:00,1,LEFT,592.3,-47.7,471.3,9178,-1.2363398177176714,-236.12351199732032,-2.115
2026-07-29T11:24:44.613885+00:00,1,LEFT,594.3,-45.7,471.3,9401,-1.2363398177176714,-236.12351199732032,-2.126
2026-07-29T11:24:44.630318+00:00,1,LEFT,596.3,-43.7,471.3,8159,-1.1389307948201894,-217.51975900225725,-2.095
2026-07-29T11:24:44.697040+00:00,1,LEFT,595.3,-44.7,471.3,4498,-1.0429255001991988,-199.18409835994797,-2.095
2026-07-29T11:24:44.713829+00:00,1,LEFT,599.3,-40.7,471.3,10127,-1.0449197948724032,-199.56498058621474,-2.02
2026-07-29T11:24:44.763744+00:00,1,LEFT,599.3,-40.7,471.3,9313,-1.0170592732355,-194.2440129034565,-1.975
2026-07-29T11:24:44.780407+00:00,1,LEFT,602.3,-37.7,471.3,9484,-1.0734659506380557,-205.01689474186452,-1.892
2026-07-29T11:24:44.830333+00:00,1,LEFT,597.3,-42.7,471.3,9442,-1.0734659506380557,-205.01689474186452,-1.936
2026-07-29T11:24:44.846996+00:00,1,LEFT,597.3,-42.7,471.3,9516,-1.0734659506380557,-205.01689474186452,-1.962
2026-07-29T11:24:44.880386+00:00,1,LEFT,596.3,-43.7,471.3,9167,-0.8856355666648597,-169.14393385524508,-1.997
2026-07-29T11:24:44.896979+00:00,1,LEFT,608.3,-31.7,471.3,10160,-0.7191445803642273,-137.34649771525628,-1.792
2026-07-29T11:24:44.946968+00:00,1,LEFT,586.3,-53.7,471.3,8076,-0.7191445803642273,-137.34649771525628,-2.082
2026-07-29T11:24:44.963738+00:00,1,LEFT,597.3,-42.7,471.3,8596,-1.1351513794437051,-216.79794383525925,-2.05
2026-07-29T11:24:44.996984+00:00,1,LEFT,604.3,-35.7,471.3,9487,-0.8443037196667865,-161.25013254701156,-1.899
2026-07-29T11:24:45.046966+00:00,1,LEFT,597.3,-42.7,471.3,8644,-1.7162226540967822,-327.77438261495394,-1.94
2026-07-29T11:24:45.063717+00:00,1,LEFT,596.3,-43.7,471.3,7685,-0.26000095307827,-49.65652426921273,-1.984
2026-07-29T11:24:45.080387+00:00,1,LEFT,595.3,-44.7,471.3,8636,-0.8862447770312428,-169.26028446467632,-2.028
2026-07-29T11:24:45.113587+00:00,1,LEFT,607.3,-32.7,471.3,9488,-0.6131806793063879,-117.10888334406947,-1.83
2026-07-29T11:24:45.147079+00:00,1,LEFT,604.3,-35.7,471.3,8547,-0.5251093461364508,-100.28849772164304,-1.767
2026-07-29T11:24:45.180357+00:00,1,LEFT,593.3,-46.7,471.3,9252,-0.8955977679789067,-171.04657415509365,-1.936
2026-07-29T11:24:45.213569+00:00,1,LEFT,604.3,-35.7,471.3,8741,-0.8635061175562442,-164.91752039900103,-1.831
2026-07-29T11:24:45.230322+00:00,1,LEFT,599.3,-40.7,471.3,8066,-1.142544234972447,-218.20987523641548,-1.862
2026-07-29T11:24:45.297054+00:00,1,LEFT,599.3,-40.7,471.3,8400,-1.142544234972447,-218.20987523641548,-1.88
2026-07-29T11:24:45.330470+00:00,1,LEFT,594.3,-45.7,471.3,8262,-1.880698963701725,-359.18704384912155,-1.985
2026-07-29T11:24:45.347048+00:00,1,LEFT,602.3,-37.7,471.3,7255,11.929199200570583,2278.3092238784334,-1.898
2026-07-29T11:24:45.396953+00:00,1,RIGHT,506.7,-133.3,471.3,13814,-29.8592051461339,-5702.688114962603,-3.638
2026-07-29T11:24:45.413744+00:00,1,LEFT,592.3,-47.7,471.3,8115,-1.1002765057981014,-210.13733359877557,-3.077
2026-07-29T11:24:45.447094+00:00,1,LEFT,601.3,-38.7,471.3,7952,-1.5202758369594813,-290.35129717832376,-2.572
2026-07-29T11:24:45.497113+00:00,1,LEFT,592.3,-47.7,471.3,7438,-0.7126039684005082,-136.09733284541,-2.438
2026-07-29T11:24:45.513559+00:00,1,LEFT,595.3,-44.7,471.3,8065,-0.7126039684005082,-136.09733284541,-2.301
2026-07-29T11:24:45.547064+00:00,1,LEFT,599.3,-40.7,471.3,8247,-0.9099440892785787,-173.7865196951265,-2.144
2026-07-29T11:24:45.596962+00:00,1,LEFT,588.3,-51.7,471.3,7647,-0.8125943913275842,-155.19409693024198,-2.255
2026-07-29T11:24:45.613639+00:00,1,LEFT,590.3,-49.7,471.3,6739,-1.563475652486086,-298.6018541963843,-2.285
2026-07-29T11:24:45.630264+00:00,1,LEFT,607.3,-32.7,471.3,8626,-1.1986129006929696,-228.9182015988014,-1.984
2026-07-29T11:24:45.680293+00:00,1,LEFT,604.3,-35.7,471.3,8308,-0.6945932197570801,-132.6575332349453,-1.86
2026-07-29T11:24:45.696996+00:00,1,LEFT,611.3,-28.7,471.3,8368,-0.5794904672726989,-110.6745268092987,-1.654
2026-07-29T11:24:45.730246+00:00,1,LEFT,618.3,-21.7,471.3,6868,-0.5794904672726989,-110.6745268092987,-1.399
2026-07-29T11:24:45.763634+00:00,1,LEFT,627.3,-12.7,471.3,7791,-1.0414422300457955,-198.90081462772218,-1.078
2026-07-29T11:24:45.780241+00:00,1,LEFT,621.3,-18.7,471.3,7548,-0.9553026753664017,-182.44937152017005,-0.997
2026-07-29T11:24:45.813608+00:00,1,LEFT,646.3,6.3,471.3,6084,-0.5792061679810285,-110.62022964419444,-0.48
2026-07-29T11:24:45.846975+00:00,1,LEFT,642.3,2.3,471.3,7994,-0.5792061679810285,-110.62022964419444,-0.245
2026-07-29T11:24:45.880392+00:00,1,LEFT,654.3,14.3,471.3,7023,-0.9545363526046277,-182.30301465352184,0.121
2026-07-29T11:24:45.930372+00:00,1,LEFT,672.3,32.3,471.3,7811,-0.41766401232220235,-79.76795053520735,0.678
2026-07-29T11:24:45.946894+00:00,1,LEFT,680.3,40.3,471.3,6375,-0.7610589548945427,-145.35155358698194,1.163
2026-07-29T11:24:45.963561+00:00,1,LEFT,693.3,53.3,471.3,6611,-0.3595248218625784,-68.66418307639496,1.697
2026-07-29T11:24:45.980336+00:00,1,LEFT,699.3,59.3,471.3,7912,-1.3974927827715873,-266.9014611760157,2.13
2026-07-29T11:24:46.030345+00:00,1,LEFT,685.3,45.3,471.3,5699,-1.2878657162189484,-245.96423372979575,2.127
2026-07-29T11:24:46.063570+00:00,1,LEFT,703.3,63.3,471.3,6529,-0.8738643331080675,-166.89579384702188,2.463
2026-07-29T11:24:46.096798+00:00,1,LEFT,692.3,52.3,471.3,6554,-1.419767752243206,-271.1556669743708,2.459
2026-07-29T11:24:46.146954+00:00,1,LEFT,698.3,58.3,471.3,7641,-1.090657352358103,-208.30021061677334,2.568
2026-07-29T11:24:46.163561+00:00,1,LEFT,696.3,56.3,471.3,7490,-0.5342246431484818,-102.02939121430167,2.597
2026-07-29T11:24:46.196819+00:00,1,LEFT,677.3,37.3,471.3,6941,-1.135119097083807,-216.7917783586763,2.257
2026-07-29T11:24:46.230360+00:00,1,LEFT,692.3,52.3,471.3,6817,-0.9757869104295969,-186.36157223908666,2.335
2026-07-29T11:24:46.296933+00:00,1,LEFT,685.3,45.3,471.3,5526,-0.3818804104626179,-72.93378599410511,2.25
2026-07-29T11:24:46.330283+00:00,1,LEFT,687.3,47.3,471.3,4995,-0.3818804104626179,-72.93378599410511,2.237
2026-07-29T11:24:46.346909+00:00,1,LEFT,659.3,19.3,471.3,4782,-0.7837642824649811,-149.6879517278091,1.704
2026-07-29T11:24:46.380280+00:00,1,LEFT,695.3,55.3,471.3,6235,-0.29597631946206093,-56.527313136639535,2.059
2026-07-29T11:24:46.413510+00:00,1,LEFT,668.3,28.3,471.3,5619,-0.29597631946206093,-56.527313136639535,1.766
2026-07-29T11:24:46.430284+00:00,1,LEFT,661.3,21.3,471.3,4176,-0.8356757690943778,-159.60231536818986,1.459
2026-07-29T11:24:46.480256+00:00,1,LEFT,669.3,29.3,471.3,5959,-0.9260558039229363,-176.86363052792916,1.425
2026-07-29T11:24:46.497132+00:00,1,LEFT,667.3,27.3,471.3,3804,-1.1150620155595243,-212.96115795637226,1.367
2026-07-29T11:24:46.530294+00:00,1,LEFT,678.3,38.3,471.3,4594,-1.1150620155595243,-212.96115795637226,1.538
2026-07-29T11:24:46.563486+00:00,1,LEFT,665.3,25.3,471.3,6703,-1.5312936875224112,-292.4555516335295,1.397
2026-07-29T11:24:46.596873+00:00,1,LEFT,666.3,26.3,471.3,4946,-1.2011264175176621,-229.39824795143477,1.332
2026-07-29T11:24:46.630282+00:00,1,LEFT,677.3,37.3,471.3,4911,-1.4525524707138537,-277.41708697734646,1.498
2026-07-29T11:24:46.663711+00:00,1,LEFT,669.3,29.3,471.3,5154,-1.4525524707138537,-277.41708697734646,1.448
2026-07-29T11:24:46.681210+00:00,1,LEFT,683.3,43.3,471.3,5347,-0.9368181210011244,-178.91908168246835,1.681
2026-07-29T11:24:46.696883+00:00,1,LEFT,670.3,30.3,471.3,5173,-0.9155598366633058,-174.8590484416481,1.577
2026-07-29T11:24:46.730140+00:00,1,LEFT,656.3,16.3,471.3,2637,-0.9155598366633058,-174.8590484416481,1.252
2026-07-29T11:24:46.764074+00:00,1,LEFT,684.3,44.3,471.3,6605,-1.6412293577287347,-313.45171803607764,1.582
2026-07-29T11:24:46.813598+00:00,1,LEFT,668.3,28.3,471.3,4547,-1.1808918427303434,-225.5337288329175,1.48
2026-07-29T11:24:46.846832+00:00,1,LEFT,668.3,28.3,471.3,3345,-1.1808918427303434,-225.5337288329175,1.418
2026-07-29T11:24:46.864051+00:00,1,LEFT,665.3,25.3,471.3,4964,-2.239596174452454,-427.7313620325682,1.325
2026-07-29T11:24:46.880071+00:00,1,LEFT,664.3,24.3,471.3,5109,-0.8850551175698638,-169.0330762440269,1.251
2026-07-29T11:24:46.946807+00:00,1,LEFT,668.3,28.3,471.3,4896,-0.0010526608116924762,-0.2010434058959813,1.281
2026-07-29T11:24:46.963604+00:00,1,LEFT,666.3,26.3,471.3,4945,-0.5545952644944191,-105.9198933115727,1.262
2026-07-29T11:24:46.996680+00:00,1,LEFT,645.3,5.3,471.3,2348,-0.9018253707885742,-172.23595868001954,0.856
2026-07-29T11:24:47.013562+00:00,1,LEFT,670.3,30.3,471.3,1325,-1.1735849350318313,-224.13821225819618,1.082
2026-07-29T11:24:47.030064+00:00,1,LEFT,670.3,30.3,471.3,2959,-0.8997668707370758,-171.84281412975847,1.217
2026-07-29T11:24:47.113682+00:00,1,LEFT,657.3,17.3,471.3,1348,-0.8127878766390495,-155.23104990272446,1.055
2026-07-29T11:24:47.130143+00:00,1,NONE,0.0,0.0,471.3,0,-0.8127878766390495,-155.23104990272446,0.957
2026-07-29T11:24:47.146783+00:00,1,LEFT,668.3,28.3,471.3,1826,-0.9067049022018909,-173.16788053330137,1.105
2026-07-29T11:24:47.163574+00:00,1,LEFT,660.3,20.3,471.3,1221,-0.9067049022018909,-173.16788053330137,1.044
2026-07-29T11:24:47.230182+00:00,1,LEFT,665.3,25.3,471.3,1430,-1.4351191407442092,-274.08756621028124,1.101
2026-07-29T11:24:47.246779+00:00,1,NONE,0.0,0.0,471.3,0,-0.17392159860115497,-33.21657855338194,1.135
2026-07-29T11:24:47.280187+00:00,1,LEFT,641.3,1.3,471.3,2005,-1.2990353426337242,-248.09747523747737,0.705
2026-07-29T11:24:47.330667+00:00,1,LEFT,677.3,37.3,471.3,3996,-0.6303898608684539,-120.39559491867193,1.122
2026-07-29T11:24:47.346697+00:00,1,LEFT,654.3,14.3,471.3,2604,-0.4429447459976654,-84.59621501053498,0.942
2026-07-29T11:24:47.363535+00:00,1,LEFT,666.3,26.3,471.3,2065,-1.3018859533965588,-248.64190178996066,1.058
2026-07-29T11:24:47.380143+00:00,1,LEFT,651.3,11.3,471.3,1946,-0.7762397806160152,-148.25087773152865,0.847
2026-07-29T11:24:47.446896+00:00,1,LEFT,641.3,1.3,471.3,1128,-0.7762397806160152,-148.25087773152865,0.532
2026-07-29T11:24:47.463351+00:00,1,NONE,0.0,0.0,471.3,0,-1.1357166244694963,-216.90589768315456,0.344
2026-07-29T11:24:47.513493+00:00,1,LEFT,648.3,8.3,471.3,2713,-0.958301789984107,-183.0221602197384,0.362
2026-07-29T11:24:47.530122+00:00,1,NONE,0.0,0.0,471.3,0,-0.8404365239292383,-160.5115525659699,0.373
2026-07-29T11:24:47.563327+00:00,1,NONE,0.0,0.0,471.3,0,-2.0505886625591665,-391.63358627338795,0.379
2026-07-29T11:24:47.613492+00:00,1,NONE,0.0,0.0,471.3,0,-0.7980145125091076,-152.40954518987235,0.383
2026-07-29T11:24:47.630138+00:00,1,LEFT,634.3,-5.7,471.3,1415,-1.3224890059232712,-252.5767949728506,0.123
2026-07-29T11:24:47.646810+00:00,1,NONE,0.0,0.0,471.3,0,-1.3224890059232712,-252.5767949728506,-0.033
2026-07-29T11:24:47.663432+00:00,1,LEFT,655.3,15.3,471.3,3219,-1.3837017884850502,-264.2675752829904,0.267
2026-07-29T11:24:47.680116+00:00,1,LEFT,635.3,-4.7,471.3,2167,-1.27445020057261,-243.402058974706,0.072
2026-07-29T11:24:47.746831+00:00,1,LEFT,665.3,25.3,471.3,3899,-1.0494354684650897,-200.42741071461347,0.518
2026-07-29T11:24:47.763427+00:00,1,LEFT,648.3,8.3,471.3,2585,-1.0000356094166636,-190.99273260789357,0.466
2026-07-29T11:24:47.830074+00:00,1,LEFT,635.3,-4.7,471.3,1986,-0.6642354695824906,-126.8596300332236,0.192
2026-07-29T11:24:47.846844+00:00,1,LEFT,656.3,16.3,471.3,1532,-1.448539503067732,-276.65066661252865,0.421
2026-07-29T11:24:47.863467+00:00,1,NONE,0.0,0.0,471.3,0,-0.7529570574313402,-143.8042051513511,0.558
2026-07-29T11:24:47.930103+00:00,1,NONE,0.0,0.0,471.3,0,-0.804363205358386,-153.62205620883412,0.64
2026-07-29T11:24:47.946797+00:00,1,NONE,0.0,0.0,471.3,0,-0.4150434938073158,-79.26746836507772,0.69
2026-07-29T11:24:47.980103+00:00,0,NONE,0.0,0.0,471.3,0,-1.012433463782072,-193.3605483750794,0.414
2026-07-29T11:24:48.013426+00:00,1,LEFT,656.3,16.3,471.3,7493,-1.4051511833071708,-268.3641079377146,0.554
2026-07-29T11:24:48.030034+00:00,1,LEFT,655.3,15.3,471.3,11847,-0.8552681903541088,-163.3441921969398,0.619
2026-07-29T11:24:48.096746+00:00,1,LEFT,657.3,17.3,471.3,12532,-1.0207746088504792,-194.9535897374997,0.696
2026-07-29T11:24:48.113388+00:00,1,LEFT,646.3,6.3,471.3,12695,-1.0207746088504792,-194.9535897374997,0.536
2026-07-29T11:24:48.146789+00:00,1,LEFT,652.3,12.3,471.3,12465,-0.3530233795195818,-67.42249905305712,0.552
2026-07-29T11:24:48.196675+00:00,1,LEFT,638.3,-1.7,471.3,12748,-1.1566720686852932,-220.90809272111125,0.299
2026-07-29T11:24:48.213476+00:00,1,LEFT,648.3,8.3,471.3,12608,-1.1566720686852932,-220.90809272111125,0.335
2026-07-29T11:24:48.246752+00:00,1,LEFT,657.3,17.3,471.3,12387,0.29568410421372393,56.47150413517594,0.526
2026-07-29T11:24:48.263441+00:00,1,LEFT,635.3,-4.7,471.3,12678,-1.8388525007665157,-351.19495813666106,0.227
2026-07-29T11:24:48.330190+00:00,1,LEFT,643.3,3.3,471.3,12677,-0.9206489685177803,-175.83100103047136,0.198
2026-07-29T11:24:48.346625+00:00,1,LEFT,644.3,4.3,471.3,12417,-0.543744287416339,-103.84750934434874,0.2
2026-07-29T11:24:48.380154+00:00,1,LEFT,649.3,9.3,471.3,12462,-0.7299556492129341,-139.41125977211044,0.294
2026-07-29T11:24:48.413351+00:00,1,LEFT,638.3,-1.7,471.3,12475,-0.5575939507782459,-106.49260020539617,0.145
2026-07-29T11:24:48.429991+00:00,1,LEFT,640.3,0.3,471.3,12489,-0.5575939507782459,-106.49260020539617,0.092
2026-07-29T11:24:48.446655+00:00,1,LEFT,638.3,-1.7,471.3,12310,-1.2647158920951187,-241.5429430005771,0.024
2026-07-29T11:24:48.496587+00:00,1,LEFT,646.3,6.3,471.3,12248,-1.0492894445359706,-200.39952219845864,0.132
2026-07-29T11:24:48.530123+00:00,1,LEFT,644.3,4.3,471.3,12285,-0.8209912686236203,-156.7977823640823,0.16
2026-07-29T11:24:48.563342+00:00,1,LEFT,642.3,2.3,471.3,12217,-1.090283664315939,-208.22884145787168,0.139
2026-07-29T11:24:48.613415+00:00,1,LEFT,635.3,-4.7,471.3,12522,-1.1023872723570094,-210.5404603166515,-0.005
2026-07-29T11:24:48.630085+00:00,1,LEFT,634.3,-5.7,471.3,12206,-0.4301407327502966,-82.15082861085554,-0.11
2026-07-29T11:24:48.663328+00:00,1,LEFT,640.3,0.3,471.3,12222,-0.44119769722223284,-84.26255327241569,-0.06
2026-07-29T11:24:48.713358+00:00,1,LEFT,640.3,0.3,471.3,12148,-1.207971952855587,-230.70564889600396,-0.03
2026-07-29T11:24:48.730087+00:00,1,LEFT,638.3,-1.7,471.3,12196,-1.315377552472055,-251.21860740965582,-0.05
2026-07-29T11:24:48.746704+00:00,1,LEFT,640.3,0.3,471.3,12240,-1.315377552472055,-251.21860740965582,-0.024
2026-07-29T11:24:48.763343+00:00,1,LEFT,630.3,-9.7,471.3,12321,-0.3183309529721737,-60.79673364561013,-0.197
2026-07-29T11:24:48.830086+00:00,1,LEFT,629.3,-10.7,471.3,12380,-0.3183309529721737,-60.79673364561013,-0.319
2026-07-29T11:24:48.863296+00:00,1,LEFT,637.3,-2.7,471.3,12256,-0.30498580157756805,-58.24799747269671,-0.242
2026-07-29T11:24:48.913794+00:00,1,LEFT,620.3,-19.7,471.3,12295,-1.5082620127499105,-288.0568257682554,-0.514
2026-07-29T11:24:48.946644+00:00,1,LEFT,640.3,0.3,471.3,12280,-0.8463958565890789,-161.64970126638104,-0.303
2026-07-29T11:24:48.996679+00:00,1,LEFT,624.3,-15.7,471.3,12325,0.007142582014203072,1.364132680799622,-0.476
2026-07-29T11:24:49.029929+00:00,1,LEFT,642.3,2.3,471.3,12192,1.1289085091650486,215.60564343854367,-0.243
2026-07-29T11:24:49.063508+00:00,1,LEFT,614.3,-25.7,471.3,12467,-1.319886277318001,-252.07971042518403,-0.627
2026-07-29T11:24:49.096658+00:00,1,LEFT,635.3,-4.7,471.3,12279,-3.063992968145758,-585.1795517750468,-0.465
2026-07-29T11:24:49.129854+00:00,1,LEFT,621.3,-18.7,471.3,12547,-0.9054107635840773,-172.920718263616,-0.629
2026-07-29T11:24:49.163391+00:00,1,LEFT,620.3,-19.7,471.3,12271,-0.9054107635840773,-172.920718263616,-0.747
2026-07-29T11:24:49.179882+00:00,1,LEFT,637.3,-2.7,471.3,12318,0.5878678981587291,112.27449825240558,-0.499
2026-07-29T11:24:49.213384+00:00,1,LEFT,624.3,-15.7,471.3,12346,0.5878678981587291,112.27449825240558,-0.594
2026-07-29T11:24:49.247712+00:00,1,LEFT,627.3,-12.7,471.3,12373,-2.585641650184989,-493.8211796294715,-0.594
2026-07-29T11:24:49.263489+00:00,1,LEFT,629.3,-10.7,471.3,12432,0.0,0.0,-0.557
2026-07-29T11:24:49.313100+00:00,1,RIGHT,499.7,-140.3,471.3,12943,-0.8081395542621612,-154.34328572268473,-2.965
2026-07-29T11:24:49.330122+00:00,1,LEFT,626.3,-13.7,471.3,12201,-0.8354240839742124,-159.55424705101748,-2.036
2026-07-29T11:24:49.379902+00:00,1,LEFT,622.3,-17.7,471.3,12260,-1.6692643265938387,-318.8060026852481,-1.553
2026-07-29T11:24:49.413391+00:00,1,LEFT,614.3,-25.7,471.3,12370,-1.6692643265938387,-318.8060026852481,-1.414
2026-07-29T11:24:49.446587+00:00,1,LEFT,623.3,-16.7,471.3,12181,-0.6181745164096355,-118.06263597604254,-1.161
2026-07-29T11:24:49.479995+00:00,1,LEFT,619.3,-20.7,471.3,12448,-0.8216795986122452,-156.92924370828393,-1.085
2026-07-29T11:24:49.513367+00:00,1,LEFT,629.3,-10.7,471.3,12267,-1.1121722646057606,-212.40925617805703,-0.852
2026-07-29T11:24:49.546571+00:00,1,LEFT,620.3,-19.7,471.3,12026,-0.9190973047539592,-175.53465508083693,-0.88
2026-07-29T11:24:49.579926+00:00,1,LEFT,622.3,-17.7,471.3,11803,-0.8661796697974204,-165.42813126475818,-0.86
2026-07-29T11:24:49.629944+00:00,1,LEFT,609.3,-30.7,471.3,11377,-0.8661796697974204,-165.42813126475818,-1.092
2026-07-29T11:24:49.646598+00:00,1,LEFT,613.3,-26.7,471.3,11460,0.0,0.0,-1.156
2026-07-29T11:24:49.679995+00:00,1,LEFT,624.3,-15.7,471.3,11525,-2.873513104021549,-548.8005774532382,-0.988
2026-07-29T11:24:49.713302+00:00,1,LEFT,608.3,-31.7,471.3,10298,-2.873513104021549,-548.8005774532382,-1.187
2026-07-29T11:24:49.746665+00:00,1,LEFT,619.3,-20.7,471.3,11267,-0.7225421693921089,-137.99538942131483,-1.1
2026-07-29T11:24:49.763193+00:00,1,LEFT,616.3,-23.7,471.3,9835,-0.8117226122319698,-155.02759938742054,-1.105
2026-07-29T11:24:49.813195+00:00,1,LEFT,614.3,-25.7,471.3,9466,-0.47344334483146666,-90.42101832466639,-1.145
2026-07-29T11:24:49.829978+00:00,1,LEFT,613.3,-26.7,471.3,8735,-1.0992434652894736,-209.9400373947408,-1.187
2026-07-29T11:24:49.863288+00:00,1,LEFT,613.3,-26.7,471.3,8211,-0.9040845753252507,-172.66743496338074,-1.213
2026-07-29T11:24:49.879891+00:00,1,LEFT,610.3,-29.7,471.3,7885,-0.8958061690628528,-171.08637583028053,-1.285
2026-07-29T11:24:49.946636+00:00,1,LEFT,609.3,-30.7,471.3,7619,-0.6119777517393231,-116.87914110189362,-1.346
2026-07-29T11:24:49.963155+00:00,1,LEFT,618.3,-21.7,471.3,7287,-0.6119777517393231,-116.87914110189362,-1.215
2026-07-29T11:24:49.979890+00:00,1,LEFT,602.3,-37.7,471.3,5982,-0.6680350091750733,-127.58528864238309,-1.436
2026-07-29T11:24:50.029793+00:00,1,LEFT,604.3,-35.7,471.3,5510,-0.8830733136087656,-168.65457956804946,-1.531
2026-07-29T11:24:50.063230+00:00,1,LEFT,597.3,-42.7,471.3,4507,-0.9098331706225872,-173.76533579226788,-1.719
2026-07-29T11:24:50.096436+00:00,1,RIGHT,489.7,-150.3,471.3,12956,-1.8765308067947626,-358.39098451873065,-3.85
2026-07-29T11:24:50.130029+00:00,1,LEFT,599.3,-40.7,471.3,9450,-2.043494916856289,-390.2787806410081,-3.073
2026-07-29T11:24:50.163113+00:00,1,LEFT,605.3,-34.7,471.3,11595,-0.9822134759277106,-187.588955838441,-2.494
2026-07-29T11:24:50.179877+00:00,1,LEFT,610.3,-29.7,471.3,11972,-0.5188628854975105,-99.09551161662347,-2.053
2026-07-29T11:24:50.196624+00:00,1,LEFT,601.3,-38.7,471.3,11459,-0.5680174528062344,-108.48334245189551,-1.958
2026-07-29T11:24:50.213283+00:00,1,LEFT,609.3,-30.7,471.3,7729,-0.7985461626201869,-152.5110828816807,-1.75
2026-07-29T11:24:50.279878+00:00,1,LEFT,602.3,-37.7,471.3,8304,-0.8975521411001682,-171.41983192656733,-1.757
2026-07-29T11:24:50.296597+00:00,1,LEFT,612.3,-27.7,471.3,2143,-0.796671143323183,-152.15298057426767,-1.574
2026-07-29T11:24:50.346588+00:00,1,NONE,0.0,0.0,471.3,0,-0.9286786879599095,-177.3645644794985,-1.464
2026-07-29T11:24:50.363225+00:00,1,LEFT,596.3,-43.7,471.3,2869,-1.2492520599067212,-238.58956860226468,-1.697
2026-07-29T11:24:50.413214+00:00,1,NONE,0.0,0.0,471.3,0,-1.2492520599067212,-238.58956860226468,-1.838
2026-07-29T11:24:50.429845+00:00,1,NONE,0.0,0.0,471.3,0,-0.5297779386863113,-101.1801332195538,-1.922
2026-07-29T11:24:50.446570+00:00,1,NONE,0.0,0.0,471.3,0,-0.7542722858954221,-144.05539528497565,-1.973
2026-07-29T11:24:50.479853+00:00,1,LEFT,587.3,-52.7,471.3,6244,-0.9237211525253951,-176.4177449555511,-2.172
2026-07-29T11:24:50.513223+00:00,1,LEFT,605.3,-34.7,471.3,9725,-2.0118267330667003,-384.2306030543813,-1.954
2026-07-29T11:24:50.579936+00:00,1,LEFT,595.3,-44.7,471.3,10553,-0.5570808200072497,-106.39459944700825,-2.01
2026-07-29T11:24:50.613185+00:00,1,LEFT,597.3,-42.7,471.3,8466,-0.43145821664482353,-82.40244949996504,-2.007
2026-07-29T11:24:50.629934+00:00,1,LEFT,580.3,-59.7,471.3,10522,-0.39097861778922377,-74.67141559727017,-2.323
2026-07-29T11:24:50.663156+00:00,1,LEFT,590.3,-49.7,471.3,8226,-1.0270794136077166,-196.15771874831205,-2.326
2026-07-29T11:24:50.679832+00:00,1,LEFT,604.3,-35.7,471.3,11967,-1.1184980399906634,-213.61739028373262,-2.065
2026-07-29T11:24:50.713170+00:00,1,LEFT,584.3,-55.7,471.3,11774,-0.7215416913107038,-137.80431218278198,-2.283
2026-07-29T11:24:50.746428+00:00,1,LEFT,605.3,-34.7,471.3,7178,-1.87282177567482,-357.68261175454603,-2.021
2026-07-29T11:24:50.763153+00:00,1,LEFT,598.3,-41.7,471.3,10854,-1.87282177567482,-357.68261175454603,-1.994
2026-07-29T11:24:50.796446+00:00,1,LEFT,585.3,-54.7,471.3,11565,1.6231721451878547,310.00304447486724,-2.222
2026-07-29T11:24:50.846520+00:00,1,LEFT,575.3,-64.7,471.3,7028,0.09930426195263863,18.96571699182584,-2.546
2026-07-29T11:24:50.863238+00:00,1,LEFT,585.3,-54.7,471.3,7899,0.03178421452641487,6.0703378250065825,-2.553
2026-07-29T11:24:50.896399+00:00,1,LEFT,598.3,-41.7,471.3,10903,0.25161823973059655,48.05554395024717,-2.314
2026-07-29T11:24:50.929890+00:00,1,LEFT,588.3,-51.7,471.3,1985,0.004229650064371526,0.8078036583524181,-2.358
2026-07-29T11:24:50.963224+00:00,1,LEFT,604.3,-35.7,471.3,11519,-1.3626190480589866,-260.2410684597127,-2.084
2026-07-29T11:24:50.979890+00:00,1,LEFT,602.3,-37.7,471.3,11208,-1.3626190480589866,-260.2410684597127,-1.957
2026-07-29T11:24:51.013198+00:00,1,LEFT,585.3,-54.7,471.3,12470,-0.2896975425630808,-55.32815508058686,-2.2
2026-07-29T11:24:51.029931+00:00,1,LEFT,584.3,-55.7,471.3,12468,-4.477988523468375,-855.2328103425236,-2.364
2026-07-29T11:24:51.063142+00:00,1,LEFT,582.3,-57.7,471.3,11639,-4.477988523468375,-855.2328103425236,-2.5
2026-07-29T11:24:51.096475+00:00,1,LEFT,587.3,-52.7,471.3,12083,-2.033892334215343,-388.4448224485021,-2.488
2026-07-29T11:24:51.129809+00:00,1,LEFT,586.3,-53.7,471.3,1514,-0.8938586939871311,-170.71443548846128,-2.5
2026-07-29T11:24:51.163601+00:00,1,LEFT,584.3,-55.7,471.3,12362,0.23693235381506383,45.25074634567836,-2.544
2026-07-29T11:24:51.213104+00:00,1,LEFT,574.3,-65.7,471.3,12629,-2.200324168447405,-420.2309613755624,-2.758
2026-07-29T11:24:51.229834+00:00,1,LEFT,580.3,-59.7,471.3,12261,-1.1867922449111938,-226.66062264089254,-2.774
2026-07-29T11:24:51.263106+00:00,1,BOTH,685.5,45.5,471.3,12826,-2.584437509998679,-493.59120579407937,-0.812
2026-07-29T11:24:51.313246+00:00,1,BOTH,675.5,35.5,471.3,15645,-2.584437509998679,-493.59120579407937,0.179
2026-07-29T11:24:51.329714+00:00,1,BOTH,672.5,32.5,471.3,15099,-2.237804400026798,-427.38915832446963,0.717
2026-07-29T11:24:51.379700+00:00,1,BOTH,663.5,23.5,471.3,17643,-2.237804400026798,-427.38915832446963,0.871
2026-07-29T11:24:51.396558+00:00,1,BOTH,658.0,18.0,471.3,22955,-0.9266919326782227,-176.98512217094526,0.86
2026-07-29T11:24:51.429923+00:00,1,BOTH,645.5,5.5,471.3,18119,-1.8666307693719864,-356.50021664757514,0.619
2026-07-29T11:24:51.463291+00:00,1,BOTH,638.0,-2.0,471.3,24623,-0.8004867497086525,-152.88170771483624,0.334
2026-07-29T11:24:51.496501+00:00,1,BOTH,633.5,-6.5,471.3,23257,0.1584654238820076,30.26466662396879,0.078
2026-07-29T11:24:51.546400+00:00,1,BOTH,629.0,-11.0,471.3,23891,-0.21390099916607141,-40.852081619490775,-0.159
2026-07-29T11:24:51.579679+00:00,1,BOTH,623.5,-16.5,471.3,23825,-0.8952319574356079,-170.9767094876523,-0.405
2026-07-29T11:24:51.596492+00:00,1,BOTH,631.5,-8.5,471.3,18133,-0.8952319574356079,-170.9767094876523,-0.402
2026-07-29T11:24:51.629651+00:00,1,BOTH,631.0,-9.0,471.3,21203,-1.114361840635538,-212.82743439615456,-0.41
2026-07-29T11:24:51.646461+00:00,1,BOTH,623.0,-17.0,471.3,28552,-0.10798987329006195,-20.624546565576956,-0.565
2026-07-29T11:24:51.663120+00:00,1,BOTH,625.0,-15.0,471.3,25969,-0.40249416314065456,-76.8707227553651,-0.62
2026-07-29T11:24:51.729647+00:00,1,BOTH,623.5,-16.5,471.3,27838,-3.466559637784958,-662.0641222515916,-0.681
2026-07-29T11:24:51.746391+00:00,1,BOTH,625.0,-15.0,471.3,23865,-0.510168627856765,-97.4350307205765,-0.69
2026-07-29T11:24:51.796503+00:00,1,BOTH,627.5,-12.5,471.3,23486,-2.323589837492327,-443.7729700259972,-0.648
2026-07-29T11:24:51.813026+00:00,1,BOTH,625.0,-15.0,471.3,24303,-0.3601130444929004,-68.77652532350008,-0.67
2026-07-29T11:24:51.863162+00:00,1,BOTH,631.5,-8.5,471.3,20814,-1.0411728351563214,-198.849363993758,-0.562
2026-07-29T11:24:51.879888+00:00,1,BOTH,629.5,-10.5,471.3,23762,-0.8002453848719597,-152.83561042661836,-0.534
2026-07-29T11:24:51.913166+00:00,1,BOTH,635.0,-5.0,471.3,20406,-0.8002453848719597,-152.83561042661836,-0.414
2026-07-29T11:24:51.946443+00:00,1,BOTH,631.0,-9.0,471.3,21494,-1.3450937974452972,-256.8939921428012,-0.417
2026-07-29T11:24:51.979730+00:00,1,BOTH,634.0,-6.0,471.3,22450,-1.2623241740558298,-241.08615850245525,-0.363
2026-07-29T11:24:52.013182+00:00,1,BOTH,630.5,-9.5,471.3,22333,-0.8835313716530799,-168.74206221042022,-0.396
2026-07-29T11:24:52.029691+00:00,1,BOTH,631.5,-8.5,471.3,20738,-0.8835313716530799,-168.74206221042022,-0.397
2026-07-29T11:24:52.046390+00:00,1,BOTH,633.0,-7.0,471.3,19918,-0.8835313716530799,-168.74206221042022,-0.369
2026-07-29T11:24:52.079708+00:00,1,BOTH,630.5,-9.5,471.3,22383,-0.8835313716530799,-168.74206221042022,-0.4
2026-07-29T11:24:52.096579+00:00,1,BOTH,633.5,-6.5,471.3,21719,-2.486066797375679,-474.803783590772,-0.362
2026-07-29T11:24:52.146362+00:00,1,BOTH,637.0,-3.0,471.3,23633,-0.8864115911722183,-169.292143618813,-0.273
2026-07-29T11:24:52.180118+00:00,1,BOTH,639.5,-0.5,471.3,20703,-0.4982862490415573,-95.16566353161966,-0.173
2026-07-29T11:24:52.212938+00:00,1,BOTH,644.5,4.5,471.3,21622,-1.511601655781269,-288.6946506041792,-0.02
2026-07-29T11:24:52.246529+00:00,1,BOTH,647.5,7.5,471.3,22838,-1.470836061090231,-280.9089955203878,0.129
2026-07-29T11:24:52.296455+00:00,1,BOTH,650.5,10.5,471.3,21822,-1.3138355377037079,-250.92410428241203,0.274
2026-07-29T11:24:52.312970+00:00,1,BOTH,656.5,16.5,471.3,21809,-1.1360548925027252,-216.9705021186486,0.474
2026-07-29T11:24:52.329694+00:00,1,BOTH,654.5,14.5,471.3,21604,-0.951068217754364,-181.64064968784737,0.556
2026-07-29T11:24:52.379659+00:00,1,BOTH,653.5,13.5,471.3,16794,-0.6764391367137432,-129.19035877056794,0.587
2026-07-29T11:24:52.412978+00:00,1,BOTH,654.0,14.0,471.3,22525,-37.0253125959076,-7071.313822993572,0.615
2026-07-29T11:24:52.446254+00:00,1,RIGHT,442.7,-197.3,471.3,27734,-37.0253125959076,-7071.313822993572,-3.331
2026-07-29T11:24:52.463156+00:00,1,BOTH,651.0,11.0,471.3,17043,0.0,0.0,-1.792
2026-07-29T11:24:52.513077+00:00,1,BOTH,658.5,18.5,471.3,20151,0.0,0.0,-0.728
2026-07-29T11:24:52.529665+00:00,1,BOTH,651.0,11.0,471.3,18212,-1.6850239364802837,-321.8158664628012,-0.231
2026-07-29T11:24:52.563040+00:00,1,BOTH,653.0,13.0,471.3,20974,-1.9207996336370707,-366.8457076589297,0.105
2026-07-29T11:24:52.596521+00:00,1,BOTH,652.0,12.0,471.3,18327,-1.540297557990998,-294.1751642239712,0.288
2026-07-29T11:24:52.629645+00:00,1,BOTH,653.5,13.5,471.3,18906,-1.5302631913870572,-292.2587413689951,0.426
2026-07-29T11:24:52.679649+00:00,1,BOTH,651.5,11.5,471.3,17038,-0.9864290909189731,-188.39407899527907,0.471
2026-07-29T11:24:52.729677+00:00,1,BOTH,656.0,16.0,471.3,18577,-1.0812069921940566,-206.4953247758453,0.583
2026-07-29T11:24:52.779689+00:00,1,BOTH,651.5,11.5,471.3,15103,-0.7867134546115995,-150.25120211800498,0.565
2026-07-29T11:24:52.796434+00:00,1,BOTH,652.5,12.5,471.3,14730,-1.0819981081038714,-206.6464167849721,0.574
2026-07-29T11:24:52.829692+00:00,1,BOTH,656.5,16.5,471.3,17154,-1.1205193941295146,-214.00344048725754,0.653
2026-07-29T11:24:52.863063+00:00,1,BOTH,656.0,16.0,471.3,17753,-0.6032245701784268,-115.20740656605665,0.692
2026-07-29T11:24:52.896309+00:00,1,BOTH,650.5,10.5,471.3,12729,-1.6037895914167166,-306.30124938396193,0.612
2026-07-29T11:24:52.913461+00:00,1,BOTH,656.0,16.0,471.3,17588,-0.6009758382313884,-114.77793039998488,0.667
2026-07-29T11:24:52.962965+00:00,1,BOTH,648.5,8.5,471.3,12163,-1.2920494542177767,-246.76326882953362,0.56
2026-07-29T11:24:52.996223+00:00,1,BOTH,651.5,11.5,471.3,16156,-0.7085391065478325,-135.32100141720318,0.551
2026-07-29T11:24:53.013021+00:00,1,BOTH,652.0,12.0,471.3,14113,-0.7085391065478325,-135.32100141720318,0.556
2026-07-29T11:24:53.046461+00:00,1,BOTH,653.0,13.0,471.3,13089,-1.206278007477522,-230.38212915970786,0.577
2026-07-29T11:24:53.079725+00:00,1,BOTH,659.0,19.0,471.3,20456,-1.2003345427289605,-229.2470110071167,0.703
2026-07-29T11:24:53.129731+00:00,1,BOTH,656.0,16.0,471.3,16198,-1.5358495388925075,-293.3256551521809,0.722
2026-07-29T11:24:53.162906+00:00,1,BOTH,658.5,18.5,471.3,17868,-1.0948775251209737,-209.10620424386855,0.78
2026-07-29T11:24:53.179709+00:00,1,BOTH,654.0,14.0,471.3,14096,-1.5718501444160937,-300.20126434023706,0.73
2026-07-29T11:24:53.212878+00:00,1,BOTH,654.5,14.5,471.3,16193,-0.8860435354709625,-169.22185015778734,0.71
2026-07-29T11:24:53.229694+00:00,1,BOTH,659.0,19.0,471.3,16023,-1.2328284121491015,-235.45288293319433,0.782
2026-07-29T11:24:53.279676+00:00,1,BOTH,656.5,16.5,471.3,17489,-0.5293060563132167,-101.09001032487068,0.779
2026-07-29T11:24:53.312936+00:00,1,BOTH,648.5,8.5,471.3,7471,-1.2975046842172742,-247.80514101368146,0.627
2026-07-29T11:24:53.346309+00:00,1,BOTH,655.5,15.5,471.3,15124,-0.8220466215908527,-156.9993399338124,0.667
2026-07-29T11:24:53.379679+00:00,1,BOTH,661.5,21.5,471.3,15701,-0.32035899445414545,-61.1840610375916,0.803
2026-07-29T11:24:53.412934+00:00,1,BOTH,657.5,17.5,471.3,12312,-1.7261531464010478,-329.67096694002583,0.81
2026-07-29T11:24:53.429685+00:00,1,BOTH,657.5,17.5,471.3,14946,-0.758288332936354,-144.82240377088033,0.814
2026-07-29T11:24:53.479669+00:00,1,BOTH,664.0,24.0,471.3,11474,-1.281352229937911,-244.72024948372967,0.938
2026-07-29T11:24:53.512946+00:00,1,BOTH,667.0,27.0,471.3,12209,-0.031723930165171624,-6.058824360106982,1.069
2026-07-29T11:24:53.562950+00:00,1,BOTH,660.0,20.0,471.3,12749,-0.996202461719513,-190.26065532357018,1.017
2026-07-29T11:24:53.596319+00:00,1,BOTH,663.0,23.0,471.3,14383,-1.216428070962429,-232.32064849129134,1.041
2026-07-29T11:24:53.629857+00:00,1,BOTH,662.5,22.5,471.3,10123,-1.167820000424981,-223.03719085105806,1.047
2026-07-29T11:24:53.663016+00:00,1,BOTH,664.5,24.5,471.3,13658,-0.5982663797214627,-114.26046194203637,1.087
2026-07-29T11:24:53.712995+00:00,1,BOTH,662.5,22.5,471.3,13135,-1.6753959022462368,-319.9770473740734,1.074
2026-07-29T11:24:53.729510+00:00,1,BOTH,666.5,26.5,471.3,11739,-0.5965530495345592,-113.93323997996329,1.141
2026-07-29T11:24:53.779490+00:00,1,BOTH,662.5,22.5,471.3,10837,-1.1539908733591437,-220.39602213364935,1.107
2026-07-29T11:24:53.812958+00:00,1,BOTH,664.0,24.0,471.3,12105,-0.9708243758976459,-185.41379795785758,1.114
2026-07-29T11:24:53.829530+00:00,1,BOTH,662.5,22.5,471.3,11675,-1.2431712662428618,-237.4282225588346,1.09
2026-07-29T11:24:53.879503+00:00,1,BOTH,665.5,25.5,471.3,13260,-0.7045391516387463,-134.55706630209227,1.132
2026-07-29T11:24:53.913006+00:00,1,BOTH,665.0,25.0,471.3,11692,-1.6300186402350665,-311.31062871040876,1.148
2026-07-29T11:24:53.946251+00:00,1,BOTH,669.5,29.5,471.3,13859,-0.08760006068274379,-16.7303792073704,1.242
2026-07-29T11:24:53.979507+00:00,1,LEFT,516.3,-123.7,471.3,9062,-1.7636928030103445,-336.8405132336361,-1.574
2026-07-29T11:24:54.029535+00:00,1,BOTH,666.5,26.5,471.3,12172,-0.4669629526883364,-89.18335459336272,-0.448
2026-07-29T11:24:54.063001+00:00,1,BOTH,668.0,28.0,471.3,11868,-1.69734117500484,-324.1682857385113,0.256
2026-07-29T11:24:54.079583+00:00,1,BOTH,666.5,26.5,471.3,12136,-0.8581840185821057,-163.9010743677709,0.651
2026-07-29T11:24:54.096203+00:00,1,BOTH,665.5,25.5,471.3,11296,-1.3787563525140285,-263.3230665863513,0.869
2026-07-29T11:24:54.162943+00:00,1,LEFT,541.3,-98.7,471.3,10966,0.17023199141025544,32.51191548638307,-1.329
2026-07-29T11:24:54.196226+00:00,1,LEFT,523.3,-116.7,471.3,9559,-1.70578974911361,-325.7818445362981,-2.986
2026-07-29T11:24:54.229585+00:00,1,BOTH,674.0,34.0,471.3,11479,-0.9652974827587605,-184.35823912226442,-1.154
2026-07-29T11:24:54.246200+00:00,1,BOTH,669.5,29.5,471.3,9623,-2.2987096647918226,-439.0212070616788,-0.139
2026-07-29T11:24:54.262954+00:00,1,LEFT,523.3,-116.7,471.3,10472,-0.5369059967622161,-102.54149203246541,-2.272
2026-07-29T11:24:54.312980+00:00,1,BOTH,673.0,33.0,471.3,11905,-1.6690775624662637,-318.7703333643331,-0.744
2026-07-29T11:24:54.362939+00:00,1,BOTH,668.5,28.5,471.3,10984,-0.1095688746869564,-20.92611361853467,0.088
2026-07-29T11:24:54.396305+00:00,1,LEFT,524.3,-115.7,471.3,9970,-1.5262537783384322,-291.4929998822921,-2.117
2026-07-29T11:24:54.429527+00:00,1,LEFT,536.3,-103.7,471.3,10152,-1.2541786850616337,-239.53048469766293,-3.214
2026-07-29T11:24:54.446490+00:00,1,BOTH,675.5,35.5,471.3,11052,-0.8469415944814682,-161.75392952622863,-1.263
2026-07-29T11:24:54.496272+00:00,1,LEFT,540.3,-99.7,471.3,10051,-1.6657267151400448,-318.1303686657163,-2.627
2026-07-29T11:24:54.562828+00:00,1,LEFT,552.3,-87.7,471.3,8870,-0.6613076673448086,-126.3004609949965,-3.221
2026-07-29T11:24:54.579538+00:00,1,LEFT,559.3,-80.7,471.3,10493,-0.6613076673448086,-126.3004609949965,-3.446
2026-07-29T11:24:54.596346+00:00,1,LEFT,571.3,-68.7,471.3,8868,-0.7114093662798404,-135.86918064637118,-3.355
2026-07-29T11:24:54.629386+00:00,1,LEFT,584.3,-55.7,471.3,9586,-1.3749933110922574,-262.60437861434997,-3.058
2026-07-29T11:24:54.696278+00:00,1,LEFT,604.3,-35.7,471.3,9438,-0.8417711536586284,-160.76644806832573,-2.504
2026-07-29T11:24:54.712773+00:00,1,LEFT,606.3,-33.7,471.3,8907,-0.640597705990076,-122.3451497299791,-2.134
2026-07-29T11:24:54.729507+00:00,1,LEFT,606.3,-33.7,471.3,9250,-1.7967494476214052,-343.15386730389497,-1.912
2026-07-29T11:24:54.796275+00:00,1,LEFT,621.3,-18.7,471.3,7992,-0.0922425578534603,-17.61703085498201,-1.498
2026-07-29T11:24:54.812787+00:00,1,LEFT,627.3,-12.7,471.3,8083,-0.7763331434130669,-148.26870871231068,-1.137
2026-07-29T11:24:54.846331+00:00,1,LEFT,643.3,3.3,471.3,8370,-0.6943567910790444,-132.61237868358762,-0.62
2026-07-29T11:24:54.896269+00:00,1,LEFT,651.3,11.3,471.3,8145,-0.7593781426735222,-145.03054209892034,-0.16
2026-07-29T11:24:54.912862+00:00,1,LEFT,660.3,20.3,471.3,8746,-0.5410553078353405,-103.33395207372183,0.284
2026-07-29T11:24:54.962834+00:00,1,LEFT,676.3,36.3,471.3,8338,-0.9729253190010786,-185.81504853393693,0.851
2026-07-29T11:24:54.979462+00:00,1,LEFT,679.3,39.3,471.3,6766,-0.45150082029402255,-86.23030483180706,1.248
2026-07-29T11:24:55.029490+00:00,1,LEFT,691.3,51.3,471.3,7394,-0.436954163312912,-83.4520979949999,1.71
2026-07-29T11:24:55.062828+00:00,1,LEFT,697.3,57.3,471.3,6781,-0.5798444996029138,-110.74214200374034,2.101
2026-07-29T11:24:55.079453+00:00,1,LEFT,701.3,61.3,471.3,6512,-0.07755879238247872,-14.812638225491431,2.41
2026-07-29T11:24:55.112822+00:00,1,LEFT,703.3,63.3,471.3,7772,0.001274434104561805,0.24339898486308564,2.633
2026-07-29T11:24:55.162815+00:00,1,LEFT,729.3,89.3,471.3,7524,-0.7637120696902275,-145.85826118817013,3.254
2026-07-29T11:24:55.179573+00:00,1,LEFT,737.3,97.3,471.3,8383,-0.1646739935874939,-31.450416093759273,3.777
2026-07-29T11:24:55.246150+00:00,1,LEFT,739.3,99.3,471.3,8382,-0.7625110624358058,-145.62888569869358,4.128
2026-07-29T11:24:55.262856+00:00,1,LEFT,749.3,109.3,471.3,6771,-0.3265614724159241,-62.368647070034335,4.526
2026-07-29T11:24:55.329703+00:00,1,LEFT,754.3,114.3,471.3,7287,-2.4326602847874166,-464.6038910247063,4.859
2026-07-29T11:24:55.346066+00:00,1,LEFT,756.3,116.3,471.3,7832,-0.7188387607783079,-137.28809047670418,5.096
2026-07-29T11:24:55.396035+00:00,1,LEFT,775.3,135.3,471.3,5927,-1.5579532477259637,-297.54715257799114,5.594
2026-07-29T11:24:55.412788+00:00,1,LEFT,784.3,144.3,471.3,8035,-0.2771465373039246,-52.931089647266354,6.062
2026-07-29T11:24:55.429545+00:00,1,LEFT,774.3,134.3,471.3,6107,-0.5919368150830269,-113.0516041422443,6.155
2026-07-29T11:24:55.496071+00:00,1,LEFT,805.3,165.3,471.3,6785,-1.4196226650476456,-271.12795736114737,6.793
2026-07-29T11:24:55.512776+00:00,1,LEFT,790.3,150.3,471.3,6281,-1.4883868489414454,-284.2609490904014,6.894
2026-07-29T11:24:55.562764+00:00,1,LEFT,823.3,183.3,471.3,6733,-1.2079507336765527,-230.70159633132596,7.573
2026-07-29T11:24:55.579535+00:00,1,LEFT,824.3,184.3,471.3,7203,-1.5501893866062164,-296.064364328367,7.999
2026-07-29T11:24:55.612764+00:00,1,LEFT,809.3,169.3,471.3,6207,-0.8734960534609855,-166.82545761549397,7.974
2026-07-29T11:24:55.646177+00:00,1,LEFT,847.3,207.3,471.3,6715,-0.38778862230479716,-74.06217133752538,8.671
2026-07-29T11:24:55.712724+00:00,1,LEFT,816.3,176.3,471.3,5527,-1.156695078164339,-220.91248720790497,8.508
2026-07-29T11:24:55.729496+00:00,1,LEFT,843.3,203.3,471.3,6571,-0.06366691634058952,-12.159485336427583,8.917
2026-07-29T11:24:55.779462+00:00,1,LEFT,805.3,165.3,471.3,6054,-1.006307884156704,-192.190648843063,8.45
2026-07-29T11:24:55.796191+00:00,1,LEFT,812.3,172.3,471.3,7189,-0.3376558035612106,-64.48750824051919,8.3
2026-07-29T11:24:55.829476+00:00,1,LEFT,805.3,165.3,471.3,7541,-4.401930365115404,-840.7067721053138,8.08
2026-07-29T11:24:55.896130+00:00,1,LEFT,808.3,168.3,471.3,7032,-0.986073667705059,-188.3261981616182,8.003
2026-07-29T11:24:55.912721+00:00,1,LEFT,810.3,170.3,471.3,6542,-1.705011435225606,-325.6331975332346,7.995
2026-07-29T11:24:55.946121+00:00,1,LEFT,794.3,154.3,471.3,4645,-0.25800105050206185,-49.27457101236584,7.69
2026-07-29T11:24:55.995960+00:00,1,LEFT,805.3,165.3,471.3,6400,-0.18217106614261866,-34.792110797902055,7.714
2026-07-29T11:24:56.062851+00:00,1,LEFT,794.3,154.3,471.3,4807,-0.8012756142765284,-153.03236974932523,7.521
2026-07-29T11:24:56.096158+00:00,1,LEFT,796.3,156.3,471.3,4279,-2.4981009677122348,-477.1021408248593,7.443
2026-07-29T11:24:56.112850+00:00,1,LEFT,778.3,138.3,471.3,4399,-1.08509585224092,-207.23804233518638,7.059
2026-07-29T11:24:56.162847+00:00,1,LEFT,795.3,155.3,471.3,5503,-1.08509585224092,-207.23804233518638,7.147
2026-07-29T11:24:56.179299+00:00,1,LEFT,788.3,148.3,471.3,4747,-0.32797927398234605,-62.63942722317773,7.069
2026-07-29T11:24:56.212794+00:00,1,LEFT,791.3,151.3,471.3,5766,-0.8767931208014488,-167.45515109342386,7.078
2026-07-29T11:24:56.262697+00:00,1,LEFT,776.3,136.3,471.3,4569,-1.0301342423260211,-196.74114805729275,6.803
2026-07-29T11:24:56.279306+00:00,1,LEFT,788.3,148.3,471.3,4828,-1.0301342423260211,-196.74114805729275,6.862
2026-07-29T11:24:56.329394+00:00,1,LEFT,771.3,131.3,471.3,5115,0.04449967674911022,8.498812224734852,6.579
2026-07-29T11:24:56.346047+00:00,1,LEFT,775.3,135.3,471.3,4847,-0.6418446663301438,-122.58330161233272,6.484
2026-07-29T11:24:56.379274+00:00,1,LEFT,758.3,118.3,471.3,4379,-0.9792151149362326,-187.01631107087982,6.109
2026-07-29T11:24:56.396034+00:00,1,LEFT,768.3,128.3,471.3,3084,-0.3923002552986145,-74.92382976838441,6.071
2026-07-29T11:24:56.446062+00:00,1,LEFT,759.3,119.3,471.3,1977,-0.5951420867815613,-113.66376594397349,5.879
2026-07-29T11:24:56.479398+00:00,1,LEFT,749.3,109.3,471.3,4347,-2.666031898111105,-509.1745860300607,5.577
2026-07-29T11:24:56.496750+00:00,1,LEFT,746.3,106.3,471.3,4517,-0.4924603989720345,-94.05300812808747,5.339
2026-07-29T11:24:56.545997+00:00,1,LEFT,705.3,65.3,471.3,4115,-0.5516476894170046,-105.3569479391267,4.428
2026-07-29T11:24:56.562761+00:00,1,LEFT,715.3,75.3,471.3,4143,-0.8512436709180474,-162.5755656027575,4.069
2026-07-29T11:24:56.612772+00:00,1,LEFT,692.3,52.3,471.3,5340,-0.23469172686338424,-44.82281811969668,3.422
2026-07-29T11:24:56.629376+00:00,1,LEFT,699.3,59.3,471.3,5545,-1.0446220607869328,-199.50811756449926,3.165
2026-07-29T11:24:56.679367+00:00,1,LEFT,678.3,38.3,471.3,4662,-0.6681953665614128,-127.61591464721975,2.617
2026-07-29T11:24:56.696005+00:00,1,LEFT,653.3,13.3,471.3,4485,-1.5233575211465358,-290.9398555040252,1.82
2026-07-29T11:24:56.746081+00:00,1,LEFT,649.3,9.3,471.3,2972,-0.7306373669952154,-139.5414582779229,1.266
2026-07-29T11:24:56.762621+00:00,1,LEFT,638.3,-1.7,471.3,2119,-0.9858908145129681,-188.29127577436054,0.728
2026-07-29T11:24:56.812633+00:00,1,LEFT,619.3,-20.7,471.3,1587,-0.5338091383129359,-101.9500356361548,0.049
2026-07-29T11:24:56.829342+00:00,1,LEFT,610.3,-29.7,471.3,2748,-1.5964730262011289,-304.9038883593439,-0.528
2026-07-29T11:24:56.879378+00:00,1,LEFT,621.3,-18.7,471.3,4519,-0.40477205378003417,-77.30576782146113,-0.667
2026-07-29T11:24:56.912582+00:00,1,LEFT,594.3,-45.7,471.3,5232,-0.9918790577352047,-189.43494598546712,-1.257
2026-07-29T11:24:56.946108+00:00,1,LEFT,618.3,-21.7,471.3,5886,-1.6332224299013616,-311.9225074648299,-1.161
2026-07-29T11:24:56.979313+00:00,1,LEFT,610.3,-29.7,471.3,4458,-0.27722875207662584,-52.94679151223106,-1.254
2026-07-29T11:24:56.996083+00:00,1,LEFT,605.3,-34.7,471.3,4604,-1.1297931879013776,-215.77460463126573,-1.403
2026-07-29T11:24:57.029232+00:00,1,LEFT,610.3,-29.7,471.3,4809,-1.1297931879013776,-215.77460463126573,-1.399
2026-07-29T11:24:57.046095+00:00,1,LEFT,623.3,-16.7,471.3,2939,-1.2883601872622967,-246.05867074271336,-1.152
2026-07-29T11:24:57.112565+00:00,1,LEFT,609.3,-30.7,471.3,3256,-0.40994856029748916,-78.29440774170158,-1.267
2026-07-29T11:24:57.129339+00:00,1,LEFT,598.3,-41.7,471.3,4562,-2.17379987180233,-415.16519386784313,-1.542
2026-07-29T11:24:57.162556+00:00,1,LEFT,580.3,-59.7,471.3,3171,-0.5820428190007806,-111.1619900821387,-2.045
2026-07-29T11:24:57.179354+00:00,1,LEFT,588.3,-51.7,471.3,3610,-0.43333954058587554,-82.76175590569571,-2.196
2026-07-29T11:24:57.229294+00:00,1,NONE,0.0,0.0,471.3,964,-0.7081493177823722,-135.24655724666155,-2.287
2026-07-29T11:24:57.246117+00:00,1,LEFT,567.3,-72.7,471.3,4024,-0.9461728951334953,-180.70571193607836,-2.735
2026-07-29T11:24:57.296024+00:00,1,LEFT,584.3,-55.7,471.3,3108,-0.8320384081453085,-158.9076305983653,-2.686
2026-07-29T11:24:57.346068+00:00,1,NONE,0.0,0.0,471.3,0,-0.5710046838968992,-109.05386156498001,-2.656
2026-07-29T11:24:57.362658+00:00,1,NONE,0.0,0.0,471.3,0,-0.6548537004739046,-125.06784411892963,-2.638
2026-07-29T11:24:57.379369+00:00,1,LEFT,582.3,-57.7,471.3,2417,-1.6070816995948554,-306.9299957316548,-2.665
2026-07-29T11:24:57.396023+00:00,1,LEFT,572.3,-67.7,471.3,2394,-0.6934230820834637,-132.43405340112042,-2.868
2026-07-29T11:24:57.429343+00:00,1,LEFT,573.3,-66.7,471.3,2977,-0.6078629511594772,-116.09327207934979,-2.971
2026-07-29T11:24:57.496040+00:00,1,LEFT,563.3,-76.7,471.3,1638,-0.9058354063562001,-173.0018190590939,-3.221
2026-07-29T11:24:57.512636+00:00,1,NONE,0.0,0.0,471.3,0,-0.44598948255181314,-85.1777168581412,-3.371
2026-07-29T11:24:57.546034+00:00,1,LEFT,559.8,-80.2,471.3,4134,0.20279211413115264,38.73044086083449,-3.526
2026-07-29T11:24:57.579404+00:00,1,LEFT,570.3,-69.7,471.3,13572,-5.4474046677351,-1040.3776558702857,-3.423
2026-07-29T11:24:57.629418+00:00,1,LEFT,569.3,-70.7,471.3,13644,-0.23777133956551552,-45.41098082092002,-3.379
2026-07-29T11:24:57.662609+00:00,1,LEFT,560.3,-79.7,471.3,13494,-0.29158076919615267,-55.6878248737257,-3.522
2026-07-29T11:24:57.679463+00:00,1,LEFT,573.3,-66.7,471.3,13739,-0.22951806724071502,-43.83472191630937,-3.364
2026-07-29T11:24:57.745949+00:00,1,LEFT,545.3,-94.7,471.3,13897,-2.512429483681917,-479.83868579735463,-3.794
2026-07-29T11:24:57.762691+00:00,1,LEFT,558.3,-81.7,471.3,13738,-0.02222837470471859,-4.2453068533857765,-3.808
2026-07-29T11:24:57.795880+00:00,1,LEFT,549.3,-90.7,471.3,13585,-1.7332084079831838,-331.01842264674974,-3.986
2026-07-29T11:24:57.829335+00:00,1,LEFT,555.3,-84.7,471.3,13720,-0.7127947576344014,-136.13377090500538,-3.979
2026-07-29T11:24:57.845890+00:00,1,LEFT,549.3,-90.7,471.3,13801,-1.8289881291985512,-349.31100194201707,-4.088
2026-07-29T11:24:57.895949+00:00,1,LEFT,535.3,-104.7,471.3,13716,-0.7217244565486908,-137.83921777204318,-4.416
2026-07-29T11:24:57.929346+00:00,1,LEFT,533.3,-106.7,471.3,13621,-0.63957834020257,-122.15046520529867,-4.65
2026-07-29T11:24:57.962561+00:00,1,LEFT,518.3,-121.7,471.3,13725,-0.6040552749484778,-115.366059490541,-5.072
2026-07-29T11:24:57.995962+00:00,1,BOTH,660.5,20.5,471.3,14399,-0.3079101885855198,-58.806514250091794,-2.659
2026-07-29T11:24:58.012581+00:00,1,LEFT,517.3,-122.7,471.3,13816,-0.674429922029376,-128.80662703206812,-3.896
2026-07-29T11:24:58.062589+00:00,1,BOTH,660.5,20.5,471.3,14515,-0.6087235172465444,-116.25762809528658,-1.953
2026-07-29T11:24:58.112556+00:00,1,BOTH,658.0,18.0,471.3,15236,-1.4054276779294015,-268.41691452075423,-0.834
2026-07-29T11:24:58.129284+00:00,1,BOTH,660.0,20.0,471.3,14863,-0.563795185610652,-107.67694881761747,-0.126
2026-07-29T11:24:58.162562+00:00,1,BOTH,649.5,9.5,471.3,12492,-0.7953825110197067,-151.9068699331563,0.103
2026-07-29T11:24:58.195918+00:00,1,BOTH,658.0,18.0,471.3,16369,-0.2464955623447895,-47.077184636867656,0.399
2026-07-29T11:24:58.245932+00:00,1,BOTH,655.0,15.0,471.3,14443,-0.6556450449675322,-125.2189797843489,0.521
2026-07-29T11:24:58.262542+00:00,1,BOTH,659.0,19.0,471.3,16030,-2.6717190662771464,-510.26075514104514,0.669
2026-07-29T11:24:58.295949+00:00,1,BOTH,653.5,13.5,471.3,16719,-2.6717190662771464,-510.26075514104514,0.654
2026-07-29T11:24:58.312645+00:00,1,BOTH,656.5,16.5,471.3,16746,-1.6225935220718384,-309.8925355999458,0.702
2026-07-29T11:24:58.362547+00:00,1,BOTH,654.5,14.5,471.3,17439,-1.6225935220718384,-309.8925355999458,0.693
2026-07-29T11:24:58.379113+00:00,1,BOTH,656.0,16.0,471.3,18314,-1.6225935220718384,-309.8925355999458,0.716
2026-07-29T11:24:58.445922+00:00,1,BOTH,657.0,17.0,471.3,17569,-1.6225935220718384,-309.8925355999458,0.748
2026-07-29T11:24:58.462632+00:00,1,BOTH,660.0,20.0,471.3,20516,-1.6225935220718384,-309.8925355999458,0.824
2026-07-29T11:24:58.479561+00:00,1,BOTH,664.0,24.0,471.3,21360,-1.6225935220718384,-309.8925355999458,0.944
2026-07-29T11:24:58.512640+00:00,1,BOTH,657.5,17.5,471.3,18868,-1.6225935220718384,-309.8925355999458,0.895
2026-07-29T11:24:58.545880+00:00,1,BOTH,664.5,24.5,471.3,20607,0.005113535150885584,0.976613275125122,0.996
2026-07-29T11:24:58.595903+00:00,1,BOTH,659.0,19.0,471.3,18690,-0.4905661442875862,-93.69123213228157,0.954
2026-07-29T11:24:58.612611+00:00,1,BOTH,663.0,23.0,471.3,21325,0.0,0.0,1.004
2026-07-29T11:24:58.662352+00:00,1,RIGHT,433.7,-206.3,471.3,24043,-0.8566927518323064,-163.61626339813193,-2.996
2026-07-29T11:24:58.679226+00:00,1,BOTH,658.5,18.5,471.3,20734,-0.8591083971038461,-164.07761766099844,-1.451
2026-07-29T11:24:58.729223+00:00,1,BOTH,662.0,22.0,471.3,23085,-2.5639101915061473,-489.67077674626967,-0.458
2026-07-29T11:24:58.762621+00:00,1,BOTH,679.5,39.5,490.9,24676,0.6197492029517889,118.36337895244736,0.466
2026-07-29T11:24:58.812671+00:00,1,BOTH,650.5,10.5,490.9,27354,-8.284476300515234,-1582.218424985589,0.476
2026-07-29T11:24:58.829251+00:00,1,BOTH,652.0,12.0,490.9,21653,-0.17212270230054855,-32.87301466736046,0.511
2026-07-29T11:24:58.879212+00:00,1,BOTH,666.5,26.5,490.9,23650,-0.5885812732111663,-112.41074285145416,0.803
2026-07-29T11:24:58.895859+00:00,1,BOTH,660.0,20.0,490.9,25236,-0.26382008895277975,-50.38592549253411,0.857
2026-07-29T11:24:58.945774+00:00,1,BOTH,661.0,21.0,490.9,23052,-0.048598928079009056,-9.281711559290162,0.908
2026-07-29T11:24:58.979221+00:00,1,BOTH,657.0,17.0,490.9,22556,-0.5084472495876252,-97.10627168801904,0.864
2026-07-29T11:24:58.995848+00:00,1,BOTH,658.0,18.0,490.9,23172,-0.3972004495561123,-75.85969793421395,0.856
2026-07-29T11:24:59.029219+00:00,1,BOTH,658.5,18.5,490.9,25116,-0.32064766258001326,-61.23919258856552,0.86
2026-07-29T11:24:59.062505+00:00,1,BOTH,660.5,20.5,490.9,22812,0.04533744692802429,8.658814542913838,0.901
2026-07-29T11:24:59.095925+00:00,1,BOTH,656.0,16.0,490.9,22748,-0.9141182444617152,-174.58372461188105,0.84
2026-07-29T11:24:59.129191+00:00,1,BOTH,657.5,17.5,490.9,23486,0.19402000535745173,37.055091493625355,0.832
2026-07-29T11:24:59.162411+00:00,1,BOTH,657.5,17.5,490.9,22784,0.19402000535745173,37.055091493625355,0.828
2026-07-29T11:24:59.179755+00:00,1,BOTH,658.0,18.0,490.9,22298,-0.3501531715178862,-66.87432970365103,0.834
2026-07-29T11:24:59.229061+00:00,1,BOTH,658.0,18.0,490.9,22707,-0.27845831917598846,-53.18162153030313,0.838
2026-07-29T11:24:59.279161+00:00,1,BOTH,657.5,17.5,490.9,22920,-0.004477560231462121,-0.8551510125946652,0.831
2026-07-29T11:24:59.295952+00:00,1,BOTH,656.5,16.5,490.9,22600,0.12140804337337613,23.187228280785646,0.808
2026-07-29T11:24:59.329132+00:00,1,BOTH,658.5,18.5,490.9,22556,-0.002066247146576643,-0.39462413643263605,0.832
2026-07-29T11:24:59.379173+00:00,1,BOTH,657.5,17.5,490.9,22464,-0.036721235401928426,-7.013239356789613,0.827
2026-07-29T11:24:59.412371+00:00,1,BOTH,658.0,18.0,490.9,22104,-0.18728136110119523,-35.768105241880114,0.834
2026-07-29T11:24:59.429230+00:00,1,BOTH,659.0,19.0,490.9,22675,-0.07719504265114666,-14.743167144143616,0.857
2026-07-29T11:24:59.495912+00:00,1,BOTH,657.5,17.5,490.9,22290,-0.011843139720149339,-2.26187307382768,0.842
2026-07-29T11:24:59.545810+00:00,1,BOTH,658.0,18.0,490.9,22409,0.0951570958411321,18.173666608062494,0.843
2026-07-29T11:24:59.579122+00:00,1,BOTH,657.5,17.5,490.9,22419,0.17452736655250192,33.332271709970165,0.834
2026-07-29T11:24:59.595850+00:00,1,BOTH,657.5,17.5,490.9,22104,0.16629405956715346,31.759825904316678,0.828
2026-07-29T11:24:59.629128+00:00,1,BOTH,658.0,18.0,490.9,22182,-0.06637860028073192,-12.677378820239468,0.835
2026-07-29T11:24:59.679078+00:00,1,BOTH,657.5,17.5,490.9,22319,0.11099872726947069,21.199195346214502,0.829
2026-07-29T11:24:59.695851+00:00,1,BOTH,657.5,17.5,490.9,22256,-0.6805019217450172,-129.96629355510436,0.825
2026-07-29T11:24:59.729149+00:00,1,BOTH,657.5,17.5,490.9,22254,0.13703666001325474,26.17207419109556,0.823
2026-07-29T11:24:59.745778+00:00,1,BOTH,657.5,17.5,490.9,22317,-0.004018825821003702,-0.7675391938057006,0.822
2026-07-29T11:24:59.795875+00:00,1,BOTH,657.5,17.5,490.9,22592,-0.14174874227494003,-27.072015612138983,0.821
2026-07-29T11:24:59.812455+00:00,1,BOTH,657.5,17.5,490.9,22376,0.00312877825461328,0.5975526300721635,0.821
2026-07-29T11:24:59.862477+00:00,1,BOTH,658.0,18.0,490.9,22446,-0.000288274549820926,-0.05505638348590948,0.83
2026-07-29T11:24:59.879228+00:00,1,BOTH,657.5,17.5,490.9,22608,0.10812801432795822,20.650929560407,0.826
2026-07-29T11:24:59.912469+00:00,1,BOTH,657.5,17.5,490.9,22399,-0.028950203880667685,-5.52908166135172,0.824
2026-07-29T11:24:59.945701+00:00,1,BOTH,657.5,17.5,490.9,22338,0.0035386856435798107,0.6758391746688621,0.822
2026-07-29T11:24:59.962489+00:00,1,BOTH,658.0,18.0,490.9,22423,4.2576781270327045e-05,0.008131566240137972,0.831
2026-07-29T11:25:00.029215+00:00,1,BOTH,657.5,17.5,490.9,22318,0.3687341698491946,70.423038982063,0.827
2026-07-29T11:25:00.045727+00:00,1,BOTH,657.5,17.5,490.9,22176,-0.28257370964158324,-53.967603212726324,0.824
2026-07-29T11:25:00.079186+00:00,1,BOTH,658.0,18.0,490.9,22124,0.10732805337756872,20.498148272965025,0.832
2026-07-29T11:25:00.129096+00:00,1,BOTH,657.5,17.5,490.9,22243,0.1550530716404319,29.61295535178781,0.827
2026-07-29T11:25:00.145643+00:00,1,BOTH,657.5,17.5,490.9,22183,0.07749022836098447,14.79954346196455,0.825
2026-07-29T11:25:00.179420+00:00,1,BOTH,657.5,17.5,490.9,22256,-0.1576391549129039,-30.106860875061233,0.823
2026-07-29T11:25:00.229160+00:00,1,BOTH,657.5,17.5,490.9,22322,0.5011330258729868,95.70935785714143,0.822
2026-07-29T11:25:00.279187+00:00,1,BOTH,657.5,17.5,490.9,22399,-0.2970425597508438,-56.73095003161976,0.821
2026-07-29T11:25:00.296027+00:00,1,BOTH,657.5,17.5,490.9,22203,0.05293123569805175,10.109121366368552,0.821
2026-07-29T11:25:00.329131+00:00,1,BOTH,657.5,17.5,490.9,22314,0.020269809115998214,3.8712483796083323,0.821
2026-07-29T11:25:00.345706+00:00,1,BOTH,658.0,18.0,490.9,21898,-0.3008176364307292,-57.4519365686054,0.83
2026-07-29T11:25:00.395754+00:00,1,BOTH,657.5,17.5,490.9,22112,-3.7329051992855965e-05,-0.007129323774716872,0.826
2026-07-29T11:25:00.429144+00:00,1,BOTH,657.5,17.5,490.9,22300,0.09681906700134277,18.491079718570933,0.824
2026-07-29T11:25:00.462341+00:00,1,BOTH,657.5,17.5,490.9,22148,-0.02948622759664431,-5.63145465016632,0.822
2026-07-29T11:25:00.479169+00:00,1,BOTH,658.0,18.0,490.9,22077,0.04502000600215979,8.598187791924634,0.831
2026-07-29T11:25:00.512485+00:00,1,BOTH,657.5,17.5,490.9,22454,0.01841160117648542,3.5163568049690523,0.827
2026-07-29T11:25:00.562359+00:00,1,BOTH,657.5,17.5,490.9,22295,-0.0912445861598826,-17.426432301263585,0.824
2026-07-29T11:25:00.579207+00:00,1,BOTH,658.0,18.0,490.9,22107,0.0724339030822739,13.8338564675798,0.832
2026-07-29T11:25:00.612358+00:00,1,BOTH,657.5,17.5,490.9,22241,0.06615509109571577,12.634691710293355,0.827
2026-07-29T11:25:00.662468+00:00,1,BOTH,657.5,17.5,490.9,22413,0.09836353970691562,18.78605227724585,0.825
2026-07-29T11:25:00.678971+00:00,1,BOTH,657.5,17.5,490.9,22464,0.08289532341063023,15.831840576003737,0.823
2026-07-29T11:25:00.712466+00:00,1,BOTH,658.0,18.0,490.9,22158,0.13050087055016774,24.923830351025696,0.831
2026-07-29T11:25:00.762490+00:00,1,BOTH,657.5,17.5,490.9,22205,-5.9217325178906316e-05,-0.011309676022683715,0.827
2026-07-29T11:25:00.795702+00:00,1,BOTH,658.5,18.5,490.9,22490,0.10540716792456806,20.13128617501498,0.843
2026-07-29T11:25:00.828950+00:00,1,BOTH,658.0,18.0,490.9,22186,-0.1007038621720858,-19.233020943758863,0.843
2026-07-29T11:25:00.845675+00:00,1,BOTH,658.0,18.0,490.9,22146,0.0613108788523823,11.709515321597994,0.843
2026-07-29T11:25:00.862485+00:00,1,BOTH,657.5,17.5,490.9,22253,-0.06642628316767514,-12.686485580828954,0.834
2026-07-29T11:25:00.895615+00:00,1,BOTH,658.5,18.5,490.9,22410,0.22082997328136117,42.175418196695766,0.847
2026-07-29T11:25:00.945682+00:00,1,BOTH,657.5,17.5,490.9,22159,-0.2454244207823649,-46.8726116675744,0.837
2026-07-29T11:25:00.978930+00:00,1,BOTH,657.5,17.5,490.9,22304,0.035842086912598464,6.84533436344325,0.83
2026-07-29T11:25:00.995679+00:00,1,BOTH,658.5,18.5,490.9,22457,0.06212517284788191,11.865034019014569,0.845
2026-07-29T11:25:01.029069+00:00,1,BOTH,657.5,17.5,490.9,22239,0.06212517284788191,11.865034019014569,0.835
2026-07-29T11:25:01.062418+00:00,1,BOTH,657.5,17.5,490.9,22310,-0.14508216851972974,-27.70865312928763,0.829
2026-07-29T11:25:01.095679+00:00,1,BOTH,657.5,17.5,490.9,22590,-0.2999940728303045,-57.29464750705562,0.826
2026-07-29T11:25:01.129071+00:00,1,BOTH,657.5,17.5,490.9,22265,0.07410958922468126,14.153888946741464,0.824
2026-07-29T11:25:01.162433+00:00,1,BOTH,658.0,18.0,490.9,22368,0.06318764895200729,12.067952007680859,0.832
2026-07-29T11:25:01.179056+00:00,1,BOTH,657.5,17.5,490.9,22229,-0.0001928083960223148,-0.036823691155885366,0.827
2026-07-29T11:25:01.212437+00:00,1,BOTH,657.5,17.5,490.9,22433,0.3513413614127785,67.10125725777576,0.824
2026-07-29T11:25:01.245645+00:00,1,BOTH,657.5,17.5,490.9,22280,-0.21842375251464546,-41.71586388166396,0.823
2026-07-29T11:25:01.312407+00:00,1,BOTH,657.5,17.5,490.9,22154,0.06315965080168098,12.062604754854624,0.822
2026-07-29T11:25:01.328972+00:00,1,BOTH,658.5,18.5,490.9,22260,-0.03239367980044335,-6.186737118211969,0.84
2026-07-29T11:25:01.362386+00:00,1,BOTH,658.0,18.0,490.9,22349,0.1681707740179263,32.11825196225166,0.841
2026-07-29T11:25:01.395799+00:00,1,BOTH,657.5,17.5,490.9,22398,-6.317684892565012e-05,-0.012065889354584537,0.833
2026-07-29T11:25:01.429031+00:00,1,BOTH,658.5,18.5,490.9,22402,-0.08211859900737181,-15.683497142165322,0.847
2026-07-29T11:25:01.478992+00:00,1,BOTH,657.5,17.5,490.9,22471,0.08780080446973443,16.768718446563856,0.836
2026-07-29T11:25:01.495767+00:00,1,BOTH,658.0,18.0,490.9,22413,-0.04273194039240479,-8.161199449631338,0.839
2026-07-29T11:25:01.545889+00:00,1,BOTH,658.5,18.5,490.9,22115,-0.16415439510485158,-31.35118009343659,0.85
2026-07-29T11:25:01.578977+00:00,1,BOTH,658.0,18.0,490.9,22022,0.016943547325208783,3.2359791723821276,0.848
2026-07-29T11:25:01.595724+00:00,1,BOTH,658.0,18.0,490.9,22033,0.09151295096613467,17.477686203823886,0.846
2026-07-29T11:25:01.645708+00:00,1,BOTH,657.5,17.5,490.9,22405,-0.06583795391023159,-12.574122969443685,0.836
2026-07-29T11:25:01.662220+00:00,1,BOTH,658.0,18.0,490.9,22365,0.017539984111208468,3.349890207662559,0.839
2026-07-29T11:25:01.695743+00:00,1,BOTH,658.0,18.0,490.9,22264,-0.2576866259239614,-49.21452034136472,0.841
2026-07-29T11:25:01.745724+00:00,1,BOTH,658.0,18.0,490.9,22233,0.04145296853675973,7.916933818149747,0.842
2026-07-29T11:25:01.795693+00:00,1,BOTH,658.5,18.5,490.9,22332,-0.03257171006174758,-6.220738393539781,0.852
2026-07-29T11:25:01.828974+00:00,1,BOTH,657.5,17.5,490.9,22193,0.1425615054584341,27.227241945998408,0.839
2026-07-29T11:25:01.845724+00:00,1,BOTH,657.5,17.5,490.9,22350,-0.11616003907169216,-22.184933289609006,0.832
2026-07-29T11:25:01.895685+00:00,1,BOTH,658.0,18.0,490.9,22454,0.10909977339673788,20.836521871555792,0.837
2026-07-29T11:25:01.912318+00:00,1,BOTH,658.0,18.0,490.9,22252,-0.06270461626816541,-11.975699560510801,0.839
2026-07-29T11:25:01.928927+00:00,1,BOTH,658.0,18.0,490.9,22202,0.1341877119266428,25.62796518637978,0.841
2026-07-29T11:25:01.978911+00:00,1,BOTH,657.0,17.0,490.9,22108,-0.4814413998927921,-91.94853432242371,0.823
2026-07-29T11:25:02.045640+00:00,1,BOTH,658.0,18.0,490.9,22176,-0.03866819233837305,-7.385080741296272,0.832
2026-07-29T11:25:02.062290+00:00,1,BOTH,657.5,17.5,490.9,22420,0.030389399831183255,5.8039478408745895,0.827
2026-07-29T11:25:02.095599+00:00,1,BOTH,658.0,18.0,490.9,22176,0.008733763918280601,1.6680260392703976,0.834
2026-07-29T11:25:02.112281+00:00,1,BOTH,657.5,17.5,490.9,22306,-0.12400135956442682,-23.682515189752802,0.828
2026-07-29T11:25:02.162269+00:00,1,BOTH,657.5,17.5,490.9,22405,-0.00010133474017493427,-0.019353509766928397,0.825
2026-07-29T11:25:02.179083+00:00,1,BOTH,658.0,18.0,490.9,22277,-0.00195642854552716,-0.37365032859208164,0.833
2026-07-29T11:25:02.229059+00:00,1,BOTH,658.0,18.0,490.9,22109,-8.68382622138597e-05,-0.01658488641701511,0.837
2026-07-29T11:25:02.279967+00:00,1,BOTH,657.5,17.5,490.9,22354,-0.29179143451619893,-55.728058986153776,0.83
2026-07-29T11:25:02.329004+00:00,1,BOTH,657.5,17.5,490.9,22460,0.09084961412474513,17.350998199133354,0.826
2026-07-29T11:25:02.345517+00:00,1,BOTH,658.5,18.5,490.9,22290,-0.1678920452389866,-32.0650186867114,0.843
2026-07-29T11:25:02.362246+00:00,1,BOTH,657.5,17.5,490.9,22203,-7.195452810265123e-05,-0.013742302590457969,0.834
2026-07-29T11:25:02.412446+00:00,1,BOTH,657.5,17.5,490.9,22421,-0.16997160802129657,-32.46218592224088,0.828
2026-07-29T11:25:02.429012+00:00,1,BOTH,658.0,18.0,490.9,22343,-0.3097869849856943,-59.164955959209614,0.835
2026-07-29T11:25:02.462265+00:00,1,BOTH,658.0,18.0,490.9,22268,-0.08117698687361553,-15.503662471490179,0.838
2026-07-29T11:25:02.512264+00:00,1,BOTH,658.0,18.0,490.9,22297,-0.08117698687361553,-15.503662471490179,0.84
2026-07-29T11:25:02.529869+00:00,1,BOTH,658.0,18.0,490.9,22276,-0.06263587242574431,-11.962570453716662,0.842
2026-07-29T11:25:02.545447+00:00,1,BOTH,657.5,17.5,490.9,22272,0.1937800779566169,37.009268735434084,0.833
2026-07-29T11:25:02.612212+00:00,1,BOTH,657.5,17.5,490.9,22126,0.14018213742994703,26.772816126196165,0.828
2026-07-29T11:25:02.628989+00:00,1,BOTH,657.5,17.5,490.9,22192,0.4821762882737676,92.08888766456737,0.825
2026-07-29T11:25:02.678911+00:00,1,BOTH,657.5,17.5,490.9,22267,0.08471402989380294,16.179187928199994,0.823
2026-07-29T11:25:02.728994+00:00,1,BOTH,657.5,17.5,490.9,22389,-0.0753328926116228,-14.387522683860828,0.822
2026-07-29T11:25:02.746414+00:00,1,BOTH,658.0,18.0,490.9,22540,-0.10217880924232305,-19.514715084191465,0.831
2026-07-29T11:25:02.795484+00:00,1,BOTH,658.0,18.0,490.9,22288,0.0025182400085031987,0.4809484142940728,0.836
2026-07-29T11:25:02.828987+00:00,1,BOTH,657.5,17.5,490.9,22480,-0.019205040561500936,-3.6678925651718677,0.83
2026-07-29T11:25:02.845538+00:00,1,BOTH,657.5,17.5,490.9,22375,0.2927155377855524,55.90454971004777,0.826
2026-07-29T11:25:02.895573+00:00,1,BOTH,657.5,17.5,490.9,22137,0.09547415942884982,18.234221292774162,0.824
2026-07-29T11:25:02.946123+00:00,1,BOTH,658.0,18.0,490.9,22299,-0.07775350650772453,-14.849825884118653,0.832
2026-07-29T11:25:02.978837+00:00,1,BOTH,657.5,17.5,490.9,22404,0.10629605391528457,20.301050894136186,0.827
2026-07-29T11:25:03.029017+00:00,1,BOTH,657.5,17.5,490.9,22371,0.0353940421367588,6.759764114481591,0.824
2026-07-29T11:25:03.062405+00:00,1,BOTH,658.5,18.5,490.9,22127,-0.00021887420676648615,-0.04180189430664461,0.842
2026-07-29T11:25:03.078871+00:00,1,BOTH,657.5,17.5,490.9,22335,-0.0397921551451509,-7.5997418251564355,0.833
2026-07-29T11:25:03.112498+00:00,1,BOTH,658.0,18.0,490.9,22453,-0.06709384165005758,-12.813979859557861,0.837
2026-07-29T11:25:03.145480+00:00,1,BOTH,657.5,17.5,490.9,22352,0.015761121343821287,3.010152444648401,0.831
2026-07-29T11:25:03.178969+00:00,1,BOTH,657.5,17.5,490.9,22177,-0.5110147687222343,-97.5966317221263,0.826
2026-07-29T11:25:03.212669+00:00,1,BOTH,657.5,17.5,490.9,22243,0.24075519228819758,45.98085471324769,0.824
2026-07-29T11:25:03.262442+00:00,1,BOTH,657.5,17.5,490.9,22429,0.3417201539967209,65.2637419952422,0.823
2026-07-29T11:25:03.279059+00:00,1,BOTH,657.5,17.5,490.9,22417,-0.207177213774994,-39.56793320195593,0.822
2026-07-29T11:25:03.312485+00:00,1,BOTH,657.5,17.5,490.9,22315,-0.207177213774994,-39.56793320195593,0.821
2026-07-29T11:25:03.329050+00:00,1,BOTH,657.5,17.5,490.9,22124,0.03231490804464556,6.171692821038474,0.821
2026-07-29T11:25:03.362490+00:00,1,BOTH,657.5,17.5,490.9,22350,-7.79845635406673e-05,-0.014893954526833442,0.821
2026-07-29T11:25:03.395793+00:00,1,BOTH,658.0,18.0,490.9,22300,-8.009607627172953e-05,-0.015297223753093468,0.83
2026-07-29T11:25:03.445817+00:00,1,BOTH,657.5,17.5,490.9,22303,0.018181657306849956,3.4724407607856573,0.826
2026-07-29T11:25:03.479251+00:00,1,BOTH,658.0,18.0,490.9,22226,-0.014639015858992934,-2.7958460831512486,0.833
2026-07-29T11:25:03.495912+00:00,1,BOTH,657.5,17.5,490.9,22136,-5.9739963908214116e-05,-0.011409492667348439,0.828
2026-07-29T11:25:03.512593+00:00,1,BOTH,658.5,18.5,490.9,22240,-0.00011733679042663425,-0.02240967624352395,0.844
2026-07-29T11:25:03.562645+00:00,1,BOTH,657.5,17.5,490.9,22235,0.018687487985007464,3.569047304141209,0.834
2026-07-29T11:25:03.579342+00:00,1,BOTH,657.5,17.5,490.9,22508,-0.1604271346173482,-30.639325776503863,0.829
2026-07-29T11:25:03.612659+00:00,1,BOTH,657.5,17.5,490.9,22237,-0.04953430968336761,-9.460356286503231,0.825
2026-07-29T11:25:03.662689+00:00,1,BOTH,657.5,17.5,490.9,22300,0.06671103278174996,12.740868751177176,0.823
2026-07-29T11:25:03.695971+00:00,1,BOTH,657.5,17.5,490.9,22374,0.06136030293535441,11.718954626133348,0.822
2026-07-29T11:25:03.746144+00:00,1,BOTH,657.5,17.5,490.9,22063,0.060712207150645556,11.595177448853226,0.821
2026-07-29T11:25:03.779390+00:00,1,BOTH,658.5,18.5,490.9,22465,0.05385918155778199,10.286345970965822,0.84
2026-07-29T11:25:03.796171+00:00,1,BOTH,658.0,18.0,490.9,22032,-0.02053908910602331,-3.922677069394209,0.841
2026-07-29T11:25:03.829275+00:00,1,BOTH,658.0,18.0,490.9,22243,-0.15634023289661855,-29.858785043561987,0.842
2026-07-29T11:25:03.846169+00:00,1,BOTH,657.5,17.5,490.9,22347,0.016219206098467113,3.0976401883167064,0.834
2026-07-29T11:25:03.862697+00:00,1,BOTH,658.0,18.0,490.9,22142,0.056124016791582104,10.718897638263392,0.838
2026-07-29T11:25:03.912690+00:00,1,BOTH,657.5,17.5,490.9,22061,-0.00013038625940680503,-0.02490194123502619,0.831
2026-07-29T11:25:03.962754+00:00,1,BOTH,658.0,18.0,490.9,22419,-0.00013038625940680503,-0.02490194123502619,0.836
2026-07-29T11:25:03.979984+00:00,1,BOTH,657.5,17.5,490.9,22320,0.0497698220598977,9.505335837164132,0.83
2026-07-29T11:25:04.012902+00:00,1,BOTH,657.5,17.5,490.9,22499,-0.030033720647916196,-5.736018120668381,0.826
2026-07-29T11:25:04.046301+00:00,1,BOTH,658.0,18.0,490.9,22192,0.19201762519776822,36.67266505319003,0.833
2026-07-29T11:25:04.079416+00:00,1,BOTH,658.0,18.0,490.9,22287,-0.021950290100649,-4.192196606183263,0.837
2026-07-29T11:25:04.096307+00:00,1,BOTH,658.0,18.0,490.9,21855,0.07001525041181594,13.371927833828842,0.84
2026-07-29T11:25:04.129453+00:00,1,BOTH,658.0,18.0,490.9,22164,-0.00010130105103598907,-0.01934707561533843,0.841
2026-07-29T11:25:04.162832+00:00,1,BOTH,657.5,17.5,490.9,22444,-0.00010130105103598907,-0.01934707561533843,0.833
2026-07-29T11:25:04.196409+00:00,1,BOTH,657.5,17.5,490.9,22363,-6.492523093356794e-05,-0.012399805721352204,0.828
2026-07-29T11:25:04.246411+00:00,1,BOTH,657.5,17.5,490.9,22093,0.0203703837050125,3.8904567111976034,0.825
2026-07-29T11:25:04.279629+00:00,1,BOTH,658.0,18.0,490.9,22283,-8.166273823007941e-05,-0.015596434146883961,0.832
2026-07-29T11:25:04.296442+00:00,1,BOTH,657.5,17.5,490.9,22416,-0.09120023452211172,-17.41796176240104,0.828
2026-07-29T11:25:04.363156+00:00,1,BOTH,657.5,17.5,490.9,22227,0.028773284247145058,5.495292500305561,0.825
2026-07-29T11:25:04.379728+00:00,1,BOTH,657.5,17.5,490.9,22288,0.044102002726867796,8.42286208107991,0.823
2026-07-29T11:25:04.429789+00:00,1,BOTH,658.0,18.0,490.9,22303,-0.0550911461818032,-10.52163388251861,0.831
2026-07-29T11:25:04.446567+00:00,1,BOTH,657.5,17.5,490.9,22111,-7.862224825657904e-05,-0.015015743336439246,0.827
2026-07-29T11:25:04.496523+00:00,1,BOTH,657.5,17.5,490.9,22346,0.13034945227205752,24.89491159010285,0.824
2026-07-29T11:25:04.529946+00:00,1,BOTH,657.5,17.5,490.9,22419,0.05909959692675329,11.287191582757647,0.823
2026-07-29T11:25:04.546453+00:00,1,BOTH,658.0,18.0,490.9,22197,-0.22925687178125373,-43.78483725812566,0.831
2026-07-29T11:25:04.596497+00:00,1,BOTH,657.5,17.5,490.9,22093,0.06940286978147923,13.25497174858266,0.827
2026-07-29T11:25:04.630019+00:00,1,BOTH,657.5,17.5,490.9,22310,0.3629493151884526,69.31821312487267,0.824
2026-07-29T11:25:04.663259+00:00,1,BOTH,658.0,18.0,490.9,22136,0.14413858062354848,27.52844111578491,0.832
2026-07-29T11:25:04.680066+00:00,1,BOTH,657.5,17.5,490.9,22353,0.02298977877013385,4.3907243182271,0.827
2026-07-29T11:25:04.730076+00:00,1,BOTH,657.5,17.5,490.9,22174,-0.12716378660406918,-24.286494264384665,0.825
2026-07-29T11:25:04.763534+00:00,1,BOTH,657.5,17.5,490.9,22307,0.3078388035995886,58.7928807220436,0.823
2026-07-29T11:25:04.780035+00:00,1,BOTH,657.5,17.5,490.9,22152,-0.07660699645988643,-14.630858594417102,0.822
2026-07-29T11:25:04.813221+00:00,1,BOTH,657.5,17.5,490.9,22228,-0.010122166621586074,-1.933191423150257,0.821
2026-07-29T11:25:04.863735+00:00,1,BOTH,658.0,18.0,490.9,22373,-0.00010514208785025403,-0.02008065961004429,0.83
2026-07-29T11:25:04.880145+00:00,1,BOTH,657.5,17.5,490.9,22284,0.03562518024584278,6.803908241598747,0.826
2026-07-29T11:25:04.913275+00:00,1,BOTH,657.5,17.5,490.9,22291,-8.092480617051478e-05,-0.015455499504949129,0.824
2026-07-29T11:25:04.963450+00:00,1,BOTH,658.5,18.5,490.9,22127,0.1593997041368857,30.443101008925197,0.841
2026-07-29T11:25:05.013430+00:00,1,BOTH,657.0,17.0,490.9,22459,0.1593997041368857,30.443101008925197,0.823
2026-07-29T11:25:05.030212+00:00,1,BOTH,657.5,17.5,490.9,22330,-0.18858285485068335,-36.016672238241206,0.822
2026-07-29T11:25:05.096876+00:00,1,BOTH,657.5,17.5,490.9,22370,0.06673623460810632,12.745681945464645,0.821
2026-07-29T11:25:05.113501+00:00,1,BOTH,657.5,17.5,490.9,22326,-0.09165134773589671,-17.504118039842584,0.821
2026-07-29T11:25:05.146896+00:00,1,BOTH,657.5,17.5,490.9,22260,-0.16362817931338214,-31.250680280222134,0.821
2026-07-29T11:25:05.180403+00:00,1,BOTH,657.5,17.5,490.9,22124,0.06426066396990791,12.272882780613724,0.821
2026-07-29T11:25:05.196925+00:00,1,BOTH,657.5,17.5,490.9,22518,-0.16922605744330213,-32.31979625046547,0.82
2026-07-29T11:25:05.246917+00:00,1,BOTH,658.0,18.0,490.9,22147,0.14497997306578328,27.68913523529911,0.83
2026-07-29T11:25:05.263587+00:00,1,BOTH,658.0,18.0,490.9,22154,0.14497997306578328,27.68913523529911,0.835
2026-07-29T11:25:05.297017+00:00,1,BOTH,658.0,18.0,490.9,22411,0.06803257300052792,12.993264341153084,0.839
2026-07-29T11:25:05.330248+00:00,1,BOTH,657.5,17.5,490.9,22277,-0.003322113147005439,-0.6344768746277856,0.831
2026-07-29T11:25:05.380328+00:00,1,BOTH,658.0,18.0,490.9,22466,0.41092873928137125,78.48160813818113,0.836
2026-07-29T11:25:05.413849+00:00,1,BOTH,658.0,18.0,490.9,22034,-0.06756482635973952,-12.903931313157761,0.839
2026-07-29T11:25:05.463817+00:00,1,BOTH,657.0,17.0,490.9,22163,-0.2758650117740035,-52.68633629992388,0.822
2026-07-29T11:25:05.480425+00:00,1,BOTH,658.0,18.0,490.9,22025,-0.09037065740383696,-17.259524203541808,0.831
2026-07-29T11:25:05.513895+00:00,1,BOTH,658.0,18.0,490.9,22203,-0.14003338749505928,-26.74440698128979,0.836
2026-07-29T11:25:05.547125+00:00,1,BOTH,657.5,17.5,490.9,22286,0.0001566380518488586,0.02991566427363653,0.83
2026-07-29T11:25:05.580571+00:00,1,BOTH,657.5,17.5,490.9,22400,0.1427413116605021,27.261582401027653,0.826
2026-07-29T11:25:05.597190+00:00,1,BOTH,657.5,17.5,490.9,22234,-0.11816074363654479,-22.567039715004384,0.824
2026-07-29T11:25:05.663941+00:00,1,BOTH,657.5,17.5,490.9,22293,-0.06632665041834115,-12.667457127368547,0.822
2026-07-29T11:25:05.680549+00:00,1,BOTH,658.5,18.5,490.9,22281,-0.17398414936382323,-33.228524869069325,0.84
2026-07-29T11:25:05.713969+00:00,1,BOTH,657.0,17.0,490.9,22241,0.050615627681836486,9.666872811915898,0.823
2026-07-29T11:25:05.730493+00:00,1,BOTH,657.5,17.5,490.9,22151,0.1845534899190534,35.24712022257315,0.822
2026-07-29T11:25:05.780517+00:00,1,BOTH,657.5,17.5,490.9,22260,-0.004016920496360399,-0.7671753036034887,0.821
2026-07-29T11:25:05.797280+00:00,1,BOTH,657.5,17.5,490.9,22192,0.048170343739911914,9.199857979971261,0.821
2026-07-29T11:25:05.847308+00:00,1,BOTH,658.0,18.0,490.9,21811,0.06207207542611286,11.854893158446592,0.83
2026-07-29T11:25:05.914069+00:00,1,BOTH,658.0,18.0,490.9,22040,0.023009373254608362,4.394466589100847,0.836
2026-07-29T11:25:05.947341+00:00,1,BOTH,657.5,17.5,490.9,22267,-0.10746764057825203,-20.524807464542356,0.829
2026-07-29T11:25:05.980768+00:00,1,BOTH,657.5,17.5,490.9,22328,-0.027214598312275483,-5.197605414790794,0.826
2026-07-29T11:25:06.030748+00:00,1,BOTH,657.0,17.0,490.9,22088,-0.3767561117792502,-71.9551170357004,0.814
2026-07-29T11:25:06.064128+00:00,1,BOTH,657.0,17.0,490.9,22249,0.1542310833465308,29.455967151622172,0.807
2026-07-29T11:25:06.114045+00:00,1,BOTH,657.5,17.5,490.9,22412,0.009871929072251078,1.885399571641617,0.812
2026-07-29T11:25:06.130837+00:00,1,BOTH,657.5,17.5,490.9,22229,-0.1956721168709919,-37.370621550328096,0.816
2026-07-29T11:25:06.164184+00:00,1,BOTH,657.5,17.5,490.9,22122,0.028117075796471908,5.369965917957593,0.817
