timestamp,lane_valid,side,lane_center_x,error_px,half_width,pixel_count,speed_mps,motor_rpm,steering_deg
2026-07-29T11:47:03.545337+00:00,1,LEFT,711.0,71.0,512.0,10287,0.09840730651281775,18.794411121449052,1.331
2026-07-29T11:47:04.362152+00:00,1,LEFT,712.0,72.0,512.0,10359,-0.00010784102138131856,-0.020596117945098746,2.149
2026-07-29T11:47:05.045478+00:00,1,LEFT,711.0,71.0,512.0,10285,0.0047454446536721664,0.9063131685611192,2.62
2026-07-29T11:47:05.095479+00:00,1,LEFT,712.0,72.0,512.0,10467,-0.01540668829344213,-2.9424607182928226,2.922
2026-07-29T11:47:05.145472+00:00,1,LEFT,711.0,71.0,512.0,10283,0.057794410106725994,11.037919261878763,3.085
2026-07-29T11:47:05.212223+00:00,1,LEFT,712.0,72.0,512.0,10327,0.021912317276000976,4.184944330888189,3.201
2026-07-29T11:47:05.228744+00:00,1,LEFT,711.0,71.0,512.0,10267,0.021912317276000976,4.184944330888189,3.252
2026-07-29T11:47:05.245481+00:00,1,LEFT,712.0,72.0,512.0,10311,0.021912317276000976,4.184944330888189,3.301
2026-07-29T11:47:05.295517+00:00,1,LEFT,712.0,72.0,512.0,10270,0.021912317276000976,4.184944330888189,3.331
2026-07-29T11:47:05.312073+00:00,1,LEFT,711.0,71.0,512.0,10395,0.021912317276000976,4.184944330888189,3.33
2026-07-29T11:47:05.362083+00:00,1,LEFT,710.0,70.0,512.0,10258,0.021912317276000976,4.184944330888189,3.31
2026-07-29T11:47:05.412085+00:00,1,LEFT,713.0,73.0,512.0,10319,0.021912317276000976,4.184944330888189,3.355
2026-07-29T11:47:05.429104+00:00,1,LEFT,712.0,72.0,512.0,10246,0.021912317276000976,4.184944330888189,3.363
2026-07-29T11:47:05.495699+00:00,1,LEFT,710.0,70.0,512.0,10149,0.17459425147622823,33.3450457894454,3.33
2026-07-29T11:47:05.512108+00:00,1,LEFT,711.0,71.0,512.0,10251,0.0022774023609235883,0.43495181178017017,3.329
2026-07-29T11:47:05.528698+00:00,1,LEFT,712.0,72.0,512.0,10186,-0.026087883953005077,-4.982418823114192,3.348
2026-07-29T11:47:05.595445+00:00,1,LEFT,712.0,72.0,512.0,10311,-2.519686357118189e-05,-0.004812246465318845,3.359
2026-07-29T11:47:05.612078+00:00,1,LEFT,712.0,72.0,512.0,10304,0.010547021774109454,2.0143327802968454,3.365
2026-07-29T11:47:05.662133+00:00,1,LEFT,711.0,71.0,512.0,10341,-0.24585977444425225,-46.95575809231343,3.35
2026-07-29T11:47:05.695306+00:00,1,LEFT,712.0,72.0,512.0,10275,-0.16634217962622644,-31.769016158632684,3.36
2026-07-29T11:47:05.712092+00:00,1,LEFT,713.0,73.0,512.0,10229,-0.00012291937542613596,-0.023475871441005585,3.385
2026-07-29T11:47:05.745348+00:00,1,LEFT,712.0,72.0,512.0,10407,0.11794145572464913,22.525158808838192,3.381
2026-07-29T11:47:05.795310+00:00,1,LEFT,713.0,73.0,512.0,10279,-0.06185619548661634,-11.813663127064293,3.397
2026-07-29T11:47:05.828837+00:00,1,LEFT,710.0,70.0,512.0,10312,0.09303811929188668,17.768971897532634,3.351
2026-07-29T11:47:05.845351+00:00,1,LEFT,711.0,71.0,512.0,10205,0.1710453652497381,32.667258446945425,3.342
2026-07-29T11:47:05.879138+00:00,1,LEFT,711.0,71.0,512.0,10196,0.11160446278052405,21.31488230716303,3.336
2026-07-29T11:47:05.945317+00:00,1,LEFT,712.0,72.0,512.0,10152,-0.15223554211203008,-29.074846849684782,3.352
2026-07-29T11:47:05.997707+00:00,1,LEFT,712.0,72.0,512.0,10317,0.028561600545071997,5.454863891237257,3.361
2026-07-29T11:47:06.012037+00:00,1,LEFT,711.0,71.0,512.0,10301,0.21509199895430356,41.07954582371303,3.348
2026-07-29T11:47:06.078798+00:00,1,LEFT,711.0,71.0,512.0,10254,-0.0870562012027949,-16.626509697872894,3.34
2026-07-29T11:47:06.095420+00:00,1,LEFT,711.0,71.0,512.0,10246,-0.0870562012027949,-16.626509697872894,3.335
2026-07-29T11:47:06.145487+00:00,1,LEFT,712.0,72.0,512.0,10289,-0.0870562012027949,-16.626509697872894,3.351
2026-07-29T11:47:06.178869+00:00,1,LEFT,712.0,72.0,512.0,10323,-0.0870562012027949,-16.626509697872894,3.361
2026-07-29T11:47:06.212024+00:00,1,LEFT,712.0,72.0,512.0,10391,-0.0870562012027949,-16.626509697872894,3.366
2026-07-29T11:47:06.245431+00:00,1,LEFT,711.0,71.0,512.0,10198,-0.0870562012027949,-16.626509697872894,3.351
2026-07-29T11:47:06.278792+00:00,1,LEFT,711.0,71.0,512.0,10221,-0.0870562012027949,-16.626509697872894,3.342
2026-07-29T11:47:06.312037+00:00,1,LEFT,710.0,70.0,512.0,10292,4.8826237907633186e-05,0.009325124538696843,3.318
2026-07-29T11:47:06.328815+00:00,1,LEFT,712.0,72.0,512.0,10322,0.05671653184574097,10.83205967793429,3.341
2026-07-29T11:47:06.378789+00:00,1,LEFT,712.0,72.0,512.0,10296,-0.09192994609475136,-17.557326406981392,3.354
2026-07-29T11:47:06.412140+00:00,1,LEFT,709.0,69.0,512.0,10060,3.5777577431872486e-05,0.006833013960162654,3.306
2026-07-29T11:47:06.428635+00:00,1,LEFT,712.0,72.0,512.0,10175,-0.004632586855441332,-0.884758916815233,3.334
2026-07-29T11:47:06.445403+00:00,1,LEFT,712.0,72.0,512.0,10331,0.06756872063037007,12.904675064062468,3.35
2026-07-29T11:47:06.478864+00:00,1,LEFT,713.0,73.0,512.0,10292,3.917565816664137e-05,0.007481999575319222,3.379
2026-07-29T11:47:06.512137+00:00,1,LEFT,712.0,72.0,512.0,10366,0.49754981136880816,95.0250142965431,3.377
2026-07-29T11:47:06.578716+00:00,1,LEFT,711.0,71.0,512.0,10197,-0.060206601312384006,-11.49861384675469,3.358
2026-07-29T11:47:06.595383+00:00,1,LEFT,711.0,71.0,512.0,10210,2.0416496772668326e-05,0.0038992636583878703,3.346
2026-07-29T11:47:06.645391+00:00,1,LEFT,712.0,72.0,512.0,10238,-0.05349517998285592,-10.216826791034558,3.358
2026-07-29T11:47:06.695365+00:00,1,LEFT,712.0,72.0,512.0,10348,0.11953836882021278,22.830146744254755,3.365
2026-07-29T11:47:06.728669+00:00,1,LEFT,711.0,71.0,512.0,10284,-8.531485917046665e-05,-0.016293937867402422,3.35
2026-07-29T11:47:06.745378+00:00,1,LEFT,712.0,72.0,512.0,10294,0.0076076862821355465,1.452961052753131,3.36
2026-07-29T11:47:06.795247+00:00,1,LEFT,713.0,73.0,512.0,10352,-0.00010788413579575717,-0.02060435219171045,3.385
2026-07-29T11:47:06.845408+00:00,1,LEFT,713.0,73.0,512.0,10306,0.02250346129760146,4.297844522628516,3.4
2026-07-29T11:47:06.895471+00:00,1,LEFT,712.0,72.0,512.0,10341,-0.028763764192117378,-5.493474303726166,3.39
2026-07-29T11:47:06.928750+00:00,1,LEFT,713.0,73.0,512.0,10264,0.07025589270633645,13.417887126656739,3.403
2026-07-29T11:47:06.962124+00:00,1,LEFT,711.0,71.0,512.0,10241,0.2572697920072824,49.13491092741934,3.373
2026-07-29T11:47:07.012115+00:00,1,LEFT,711.0,71.0,512.0,10332,0.02311897958628833,4.415399856478092,3.355
2026-07-29T11:47:07.062122+00:00,1,LEFT,711.0,71.0,512.0,10300,-0.2526746243331581,-48.25729854781178,3.344
2026-07-29T11:47:07.095446+00:00,1,LEFT,712.0,72.0,512.0,10367,-0.2526746243331581,-48.25729854781178,3.357
2026-07-29T11:47:07.145368+00:00,1,LEFT,710.0,70.0,512.0,10161,-0.2526746243331581,-48.25729854781178,3.326
2026-07-29T11:47:07.162173+00:00,1,LEFT,711.0,71.0,512.0,10228,-0.2526746243331581,-48.25729854781178,3.327
2026-07-29T11:47:07.211994+00:00,1,LEFT,712.0,72.0,512.0,10266,0.14613178571686147,27.90911524762096,3.346
2026-07-29T11:47:07.261982+00:00,1,LEFT,712.0,72.0,512.0,10237,0.12434792360290885,23.74870404553957,3.358
2026-07-29T11:47:07.278719+00:00,1,LEFT,711.0,71.0,512.0,10223,-0.19670894887764007,-37.56864187714483,3.346
2026-07-29T11:47:07.312102+00:00,1,LEFT,711.0,71.0,512.0,10171,0.24341908521018923,46.48962078493067,3.339
2026-07-29T11:47:07.328888+00:00,1,LEFT,712.0,72.0,512.0,10288,-0.13373005566187202,-25.540559278249482,3.353
2026-07-29T11:47:07.361975+00:00,1,LEFT,712.0,72.0,512.0,10372,0.15310880756005646,29.24162826490649,3.362
2026-07-29T11:47:07.411970+00:00,1,LEFT,712.0,72.0,512.0,10287,0.23251773458439856,44.407616178763654,3.367
2026-07-29T11:47:07.445457+00:00,1,LEFT,711.0,71.0,512.0,10272,-0.025742453802376986,-4.916446523955664,3.352
2026-07-29T11:47:07.495566+00:00,1,LEFT,711.0,71.0,512.0,10182,0.08672789723612367,16.563808258914012,3.342
2026-07-29T11:47:07.528705+00:00,1,LEFT,712.0,72.0,512.0,10271,0.36577841605991124,69.85853159071056,3.355
2026-07-29T11:47:07.545457+00:00,1,LEFT,712.0,72.0,512.0,10287,0.23309320488711818,44.51752291070015,3.363
2026-07-29T11:47:07.595448+00:00,1,LEFT,711.0,71.0,512.0,10323,-0.08893356934655458,-16.985060601972027,3.349
2026-07-29T11:47:07.628691+00:00,1,LEFT,713.0,73.0,512.0,10414,-0.0787235395051539,-15.035088539922413,3.378
2026-07-29T11:47:07.662057+00:00,1,LEFT,712.0,72.0,512.0,10300,0.15832754238974303,30.238333198703042,3.377
2026-07-29T11:47:07.678739+00:00,1,LEFT,712.0,72.0,512.0,10250,-0.07849526274949312,-14.99149089105474,3.376
2026-07-29T11:47:07.712060+00:00,1,LEFT,711.0,71.0,512.0,10246,-0.029556550078559667,-5.644885254895103,3.357
2026-07-29T11:47:07.728693+00:00,1,LEFT,710.0,70.0,512.0,10280,-0.029556550078559667,-5.644885254895103,3.327
2026-07-29T11:47:07.762097+00:00,1,LEFT,712.0,72.0,512.0,10353,0.0637434128113091,12.174095086160511,3.346
2026-07-29T11:47:07.828679+00:00,1,LEFT,710.0,70.0,512.0,10143,-0.22354961041361093,-42.694830628312346,3.32
2026-07-29T11:47:07.845553+00:00,1,LEFT,713.0,73.0,512.0,10430,0.19492375842062756,37.227695614432,3.361
2026-07-29T11:47:07.878697+00:00,1,LEFT,712.0,72.0,512.0,10358,-0.1486837116535753,-28.396497200299866,3.366
2026-07-29T11:47:07.895431+00:00,1,LEFT,711.0,71.0,512.0,10261,0.29195139577612284,55.75860933641789,3.351
2026-07-29T11:47:07.962047+00:00,1,LEFT,713.0,73.0,512.0,10317,-0.035474172988906504,-6.775067979937759,3.379
2026-07-29T11:47:07.978818+00:00,1,LEFT,712.0,72.0,512.0,10262,-0.035474172988906504,-6.775067979937759,3.378
2026-07-29T11:47:08.012044+00:00,1,LEFT,712.0,72.0,512.0,10261,-0.035474172988906504,-6.775067979937759,3.377
2026-07-29T11:47:08.078910+00:00,1,LEFT,712.0,72.0,512.0,10321,-0.4362847878970206,-83.32425670753193,3.376
2026-07-29T11:47:08.095320+00:00,1,LEFT,711.0,71.0,512.0,10343,0.16212580278981478,30.96374750008898,3.357
2026-07-29T11:47:08.112145+00:00,1,LEFT,712.0,72.0,512.0,10278,-0.07984527723863721,-15.249324666086295,3.364
2026-07-29T11:47:08.161976+00:00,1,LEFT,713.0,73.0,512.0,10260,-0.05459248227067292,-10.426396090841106,3.387
2026-07-29T11:47:08.178896+00:00,1,LEFT,713.0,73.0,512.0,10362,0.11833310274174437,22.599957879299673,3.401
2026-07-29T11:47:08.228778+00:00,1,LEFT,711.0,71.0,512.0,10280,0.11833310274174437,22.599957879299673,3.372
2026-07-29T11:47:08.245312+00:00,1,LEFT,711.0,71.0,512.0,10407,-0.1437216575886123,-27.44881468150615,3.354
2026-07-29T11:47:08.278545+00:00,1,RIGHT,593.0,-47.0,512.0,23307,-0.05559103921055794,-10.617106418370806,1.131
2026-07-29T11:47:08.312056+00:00,1,LEFT,711.0,71.0,512.0,10436,0.00020320092095062135,0.03880851721214024,2.01
2026-07-29T11:47:08.362020+00:00,1,LEFT,711.0,71.0,512.0,10266,-0.07649387693963945,-14.609254357448116,2.537
2026-07-29T11:47:08.395417+00:00,1,LEFT,712.0,72.0,512.0,10335,0.0661316045327112,12.630206107175256,2.872
2026-07-29T11:47:08.445416+00:00,1,LEFT,711.0,71.0,512.0,10209,8.570907404646277e-05,0.01636922736278859,3.055
2026-07-29T11:47:08.478801+00:00,1,LEFT,712.0,72.0,512.0,10315,0.02667438901029527,5.0944330379335465,3.183
2026-07-29T11:47:08.528799+00:00,1,LEFT,711.0,71.0,512.0,10294,0.07748798948712647,14.799115868554798,3.241
2026-07-29T11:47:08.545445+00:00,1,LEFT,712.0,72.0,512.0,10275,0.049934966667206024,9.536876133857838,3.295
2026-07-29T11:47:08.562077+00:00,1,LEFT,713.0,73.0,512.0,10294,-0.03701893567340449,-7.070095920507871,3.345
2026-07-29T11:47:08.628778+00:00,1,LEFT,711.0,71.0,512.0,10284,-0.13452685920521618,-25.692737545365116,3.339
2026-07-29T11:47:08.645433+00:00,1,LEFT,712.0,72.0,512.0,10481,0.058134193797595796,11.10281316665949,3.353
2026-07-29T11:47:08.678765+00:00,1,LEFT,712.0,72.0,512.0,10351,-0.0645640927925706,-12.330833417017708,3.362
2026-07-29T11:47:08.728734+00:00,1,LEFT,712.0,72.0,512.0,10291,0.14526186673901975,27.74297296112541,3.367
2026-07-29T11:47:08.762133+00:00,1,LEFT,711.0,71.0,512.0,10397,0.011409628423862159,2.179078514999344,3.352
2026-07-29T11:47:08.778627+00:00,1,LEFT,712.0,72.0,512.0,10229,-0.00016538152238354086,-0.03158554414008416,3.361
2026-07-29T11:47:08.828652+00:00,1,LEFT,713.0,73.0,512.0,10336,0.02017803461290896,3.8537207406285843,3.385
2026-07-29T11:47:08.845379+00:00,1,LEFT,711.0,71.0,512.0,10273,-0.026793894907459617,-5.117256983048351,3.362
2026-07-29T11:47:08.862133+00:00,1,LEFT,712.0,72.0,512.0,10278,-0.00012675850186496973,-0.0242090905808798,3.367
2026-07-29T11:47:08.912131+00:00,1,LEFT,712.0,72.0,512.0,10263,-0.035644915979355575,-6.807677489051673,3.37
2026-07-29T11:47:08.962115+00:00,1,LEFT,711.0,71.0,512.0,10266,-6.706832209601998e-05,-0.01280910598375316,3.354
2026-07-29T11:47:09.012124+00:00,1,LEFT,712.0,72.0,512.0,10435,0.0,0.0,3.362
2026-07-29T11:47:09.028660+00:00,1,LEFT,712.0,72.0,512.0,10351,-0.0511452842829749,-9.768029771370815,3.367
2026-07-29T11:47:09.061912+00:00,1,RIGHT,587.0,-53.0,512.0,21487,-0.3300252572819591,-63.03018124991798,1.027
2026-07-29T11:47:09.095471+00:00,1,LEFT,712.0,72.0,512.0,10366,-0.00014673671568743885,-0.02802464836167115,1.966
2026-07-29T11:47:09.145265+00:00,1,LEFT,711.0,71.0,512.0,10168,-0.00014673671568743885,-0.02802464836167115,2.511
2026-07-29T11:47:09.162120+00:00,1,LEFT,710.0,70.0,512.0,10154,-0.00014673671568743885,-0.02802464836167115,2.819
2026-07-29T11:47:09.178733+00:00,1,LEFT,711.0,71.0,512.0,10262,0.2352334290370345,44.926275614040755,3.023
2026-07-29T11:47:09.295339+00:00,1,LEFT,712.0,72.0,512.0,10356,-0.22711256800219418,-43.37530540301211,3.164
2026-07-29T11:47:09.345406+00:00,1,LEFT,710.0,70.0,512.0,10132,-0.00018593526910990474,-0.035511020608755765,3.211
2026-07-29T11:47:09.362079+00:00,1,LEFT,713.0,73.0,512.0,10258,-0.05415079009253532,-10.342039098670355,3.295
2026-07-29T11:47:09.395605+00:00,1,LEFT,712.0,72.0,512.0,10395,-0.1749731966201216,-33.417418980818965,3.327
2026-07-29T11:47:09.445379+00:00,1,LEFT,711.0,71.0,512.0,10322,0.1007724092528224,19.246112471839364,3.328
2026-07-29T11:47:09.462221+00:00,1,LEFT,711.0,71.0,512.0,10304,0.12550634644227102,23.969946510829615,3.328
2026-07-29T11:47:09.512033+00:00,1,LEFT,712.0,72.0,512.0,10282,-0.30423514707712457,-58.104633023537005,3.347
2026-07-29T11:47:09.528723+00:00,1,LEFT,712.0,72.0,512.0,10233,0.06012224243953824,11.482502488826212,3.358
2026-07-29T11:47:09.545461+00:00,1,LEFT,711.0,71.0,512.0,10271,-0.27186102794948963,-51.92163171864623,3.346
2026-07-29T11:47:09.578578+00:00,1,LEFT,712.0,72.0,512.0,10275,-0.27186102794948963,-51.92163171864623,3.358
2026-07-29T11:47:09.595904+00:00,1,LEFT,712.0,72.0,512.0,10258,0.24501872466411442,46.79512941643909,3.365
2026-07-29T11:47:09.628584+00:00,1,LEFT,711.0,71.0,512.0,10334,0.24501872466411442,46.79512941643909,3.35
2026-07-29T11:47:09.662081+00:00,1,LEFT,713.0,73.0,512.0,10397,-0.06217429793905467,-11.874416220322551,3.379
2026-07-29T11:47:09.745453+00:00,1,LEFT,712.0,72.0,512.0,10380,-0.41432419780641794,-79.13009294817076,3.377
2026-07-29T11:47:09.762035+00:00,1,LEFT,712.0,72.0,512.0,10388,-0.25289532575407064,-48.29944941431454,3.376
2026-07-29T11:47:09.811952+00:00,1,LEFT,712.0,72.0,512.0,10268,-0.06249930970370769,-11.936488895011609,3.376
2026-07-29T11:47:09.828733+00:00,1,LEFT,711.0,71.0,512.0,10267,-0.06249930970370769,-11.936488895011609,3.357
2026-07-29T11:47:09.862053+00:00,1,LEFT,711.0,71.0,512.0,10306,0.08459037074353545,16.155570770171657,3.345
2026-07-29T11:47:09.912071+00:00,1,LEFT,712.0,72.0,512.0,10388,-0.0002491080248728394,-0.04757612822684545,3.357
2026-07-29T11:47:09.945429+00:00,1,LEFT,712.0,72.0,512.0,10364,0.11401302203768865,21.774883240972017,3.364
2026-07-29T11:47:09.962059+00:00,1,LEFT,712.0,72.0,512.0,10314,-0.08641648899763822,-16.504333666344614,3.369
2026-07-29T11:47:10.012092+00:00,1,LEFT,711.0,71.0,512.0,10215,-0.1663037743512541,-31.761681291409502,3.352
2026-07-29T11:47:10.045416+00:00,1,LEFT,711.0,71.0,512.0,10238,0.06219432257348671,11.878240643786711,3.343
2026-07-29T11:47:10.078678+00:00,1,LEFT,712.0,72.0,512.0,10359,-0.0007688116747885942,-0.14683221401923616,3.356
2026-07-29T11:47:10.112167+00:00,1,LEFT,713.0,73.0,512.0,10377,0.06225693758577108,11.890199230246893,3.382
2026-07-29T11:47:10.145442+00:00,1,LEFT,711.0,71.0,512.0,10314,-0.18876406061463058,-36.05127998989994,3.361
2026-07-29T11:47:10.178688+00:00,1,LEFT,712.0,72.0,512.0,10277,-0.9804874594509602,-187.25931097348152,3.366
2026-07-29T11:47:10.228692+00:00,1,LEFT,713.0,73.0,512.0,10439,2.629081718623637e-05,0.005021176215737848,3.389
2026-07-29T11:47:10.245468+00:00,1,LEFT,711.0,71.0,512.0,10325,2.629081718623637e-05,0.005021176215737848,3.364
2026-07-29T11:47:10.278631+00:00,1,LEFT,713.0,73.0,512.0,10388,0.005123770325735677,0.9785680495300845,3.387
2026-07-29T11:47:10.312046+00:00,1,LEFT,711.0,71.0,512.0,10225,0.2366902817878872,45.20451399402703,3.364
2026-07-29T11:47:10.361930+00:00,1,LEFT,711.0,71.0,512.0,10197,0.05261318899225444,10.048378919934468,3.349
2026-07-29T11:47:10.378849+00:00,1,LEFT,712.0,72.0,512.0,10357,-0.0882912920974195,-16.86239468312965,3.36
2026-07-29T11:47:10.412027+00:00,1,LEFT,712.0,72.0,512.0,10276,0.031123231041710823,5.944099278335276,3.366
2026-07-29T11:47:10.445483+00:00,1,LEFT,711.0,71.0,512.0,10228,0.031123231041710823,5.944099278335276,3.351
2026-07-29T11:47:10.478728+00:00,1,LEFT,712.0,72.0,512.0,10150,-0.39015870231203736,-74.51482327593605,3.36
2026-07-29T11:47:10.545374+00:00,1,LEFT,712.0,72.0,512.0,10304,0.058056388972327115,11.087953539613995,3.366
2026-07-29T11:47:10.562020+00:00,1,LEFT,710.0,70.0,512.0,10275,0.0679146764241159,12.970747753661584,3.332
2026-07-29T11:47:10.595388+00:00,1,LEFT,712.0,72.0,512.0,10403,-0.012888931573834271,-2.461604605378712,3.349
2026-07-29T11:47:10.612017+00:00,1,LEFT,712.0,72.0,512.0,10266,-0.10914890345185996,-20.845905020908262,3.36
2026-07-29T11:47:10.678867+00:00,1,LEFT,710.0,70.0,512.0,10200,3.152171499095857e-05,0.0060202041066539464,3.328
2026-07-29T11:47:10.712069+00:00,1,LEFT,711.0,71.0,512.0,10272,0.08071185648906976,15.414829111630945,3.328
2026-07-29T11:47:10.745378+00:00,1,LEFT,712.0,72.0,512.0,10199,-0.023222491666383575,-4.43516920753835,3.347
2026-07-29T11:47:10.762027+00:00,1,LEFT,713.0,73.0,512.0,10351,-0.023222491666383575,-4.43516920753835,3.377
2026-07-29T11:47:10.795370+00:00,1,LEFT,711.0,71.0,512.0,10276,-0.008824840346351266,-1.685420355742317,3.357
2026-07-29T11:47:10.828767+00:00,1,LEFT,710.0,70.0,512.0,10213,0.013574872999452054,2.592609767648998,3.327
2026-07-29T11:47:10.878743+00:00,1,LEFT,712.0,72.0,512.0,10292,0.013574872999452054,2.592609767648998,3.346
2026-07-29T11:47:10.912017+00:00,1,LEFT,711.0,71.0,512.0,10227,0.03209918309992645,6.130492391478148,3.339
2026-07-29T11:47:10.929340+00:00,1,LEFT,712.0,72.0,512.0,10352,0.03209918309992645,6.130492391478148,3.353
2026-07-29T11:47:10.979242+00:00,1,LEFT,712.0,72.0,512.0,10310,0.045319612944149414,8.655408502887388,3.362
2026-07-29T11:47:10.995356+00:00,1,LEFT,711.0,71.0,512.0,10221,0.024654236556962132,4.708612339436921,3.348
2026-07-29T11:47:11.045350+00:00,1,LEFT,712.0,72.0,512.0,10271,0.024654236556962132,4.708612339436921,3.359
2026-07-29T11:47:11.062015+00:00,1,LEFT,712.0,72.0,512.0,10271,0.024654236556962132,4.708612339436921,3.365
2026-07-29T11:47:11.112105+00:00,1,LEFT,712.0,72.0,512.0,10354,0.024654236556962132,4.708612339436921,3.369
2026-07-29T11:47:11.128615+00:00,1,LEFT,712.0,72.0,512.0,10330,0.024654236556962132,4.708612339436921,3.372
2026-07-29T11:47:11.145525+00:00,1,LEFT,712.0,72.0,512.0,10402,0.024654236556962132,4.708612339436921,3.373
2026-07-29T11:47:11.195348+00:00,1,LEFT,712.0,72.0,512.0,10092,0.024654236556962132,4.708612339436921,3.374
2026-07-29T11:47:11.212114+00:00,1,LEFT,712.0,72.0,512.0,10278,0.024654236556962132,4.708612339436921,3.374
2026-07-29T11:47:11.228597+00:00,1,LEFT,711.0,71.0,512.0,10296,-0.0017852775612846017,-0.3409628984033862,3.356
2026-07-29T11:47:11.278735+00:00,1,LEFT,711.0,71.0,512.0,10369,-0.08224105120170862,-15.706883788590703,3.345
2026-07-29T11:47:11.312120+00:00,1,LEFT,713.0,73.0,512.0,10141,-0.05969762635417283,-11.40140679014353,3.376
2026-07-29T11:47:11.362082+00:00,1,LEFT,711.0,71.0,512.0,10189,0.12111177594168111,23.130645369307963,3.357
2026-07-29T11:47:11.378609+00:00,1,LEFT,713.0,73.0,512.0,10285,0.0,0.0,3.383
2026-07-29T11:47:11.411879+00:00,1,RIGHT,592.0,-48.0,512.0,23578,-9.54262912273407e-06,-0.0018225079139709648,1.13
2026-07-29T11:47:11.445464+00:00,1,LEFT,712.0,72.0,512.0,10293,0.030678138572257013,5.859092878359413,2.028
2026-07-29T11:47:11.495343+00:00,1,LEFT,712.0,72.0,512.0,10272,-0.1071056766062975,-20.455677438113067,2.567
2026-07-29T11:47:11.528750+00:00,1,LEFT,711.0,71.0,512.0,10162,-0.15429074582643806,-29.467361845935407,2.871
2026-07-29T11:47:11.545327+00:00,1,LEFT,711.0,71.0,512.0,10288,-0.06197861618828029,-11.837043758832205,3.054
2026-07-29T11:47:11.562093+00:00,1,LEFT,711.0,71.0,512.0,10206,0.10081392527208663,19.254041447459446,3.164
2026-07-29T11:47:11.595330+00:00,1,LEFT,713.0,73.0,512.0,10408,0.10081392527208663,19.254041447459446,3.267
2026-07-29T11:47:11.628749+00:00,1,LEFT,711.0,71.0,512.0,10345,-0.050253196915145966,-9.59765363425904,3.291
2026-07-29T11:47:11.678717+00:00,1,LEFT,711.0,71.0,512.0,10341,0.014093800419941545,2.691717604541193,3.306
2026-07-29T11:47:11.695336+00:00,1,LEFT,710.0,70.0,512.0,10229,-0.06467262912541628,-12.351562329670658,3.296
2026-07-29T11:47:11.728697+00:00,1,LEFT,713.0,73.0,512.0,10307,-0.10956551838666201,-20.925472612395847,3.346
2026-07-29T11:47:11.762083+00:00,1,LEFT,712.0,72.0,512.0,10337,0.24453425768297166,46.70260303866267,3.358
2026-07-29T11:47:11.812074+00:00,1,LEFT,712.0,72.0,512.0,10349,0.0634632350744505,12.120585080042094,3.365
2026-07-29T11:47:11.828709+00:00,1,LEFT,711.0,71.0,512.0,10237,0.021918261689133942,4.186079630168859,3.35
2026-07-29T11:47:11.862212+00:00,1,LEFT,712.0,72.0,512.0,10351,-3.3069960772991186e-05,-0.006315897269851948,3.36
2026-07-29T11:47:11.878786+00:00,1,LEFT,710.0,70.0,512.0,10228,-6.3751768902875476e-06,-0.0012175690982093772,3.329
2026-07-29T11:47:11.928796+00:00,1,LEFT,712.0,72.0,512.0,10250,-0.0691811363492161,-13.212623782430569,3.347
2026-07-29T11:47:11.945460+00:00,1,LEFT,710.0,70.0,512.0,10204,-4.316516336984933e-05,-0.008243938943616882,3.321
2026-07-29T11:47:12.012802+00:00,1,LEFT,710.0,70.0,512.0,10274,-8.277211629319935e-05,-0.015808309749887863,3.305
2026-07-29T11:47:12.028691+00:00,1,LEFT,712.0,72.0,512.0,10238,0.026411070802714674,5.044142964722487,3.333
2026-07-29T11:47:12.078843+00:00,1,LEFT,712.0,72.0,512.0,10358,0.06576653320342302,12.560482619210443,3.35
2026-07-29T11:47:12.095469+00:00,1,LEFT,712.0,72.0,512.0,10222,0.08766110779717565,16.742038347398392,3.36
2026-07-29T11:47:12.145425+00:00,1,LEFT,711.0,71.0,512.0,10399,0.11017115151509643,21.041140019704503,3.347
2026-07-29T11:47:12.161926+00:00,1,LEFT,712.0,72.0,512.0,10292,0.0,0.0,3.358
2026-07-29T11:47:12.195184+00:00,1,RIGHT,593.0,-47.0,512.0,23423,0.18489944574423134,35.31319291817535,1.134
2026-07-29T11:47:12.228822+00:00,1,LEFT,712.0,72.0,512.0,10311,0.18489944574423134,35.31319291817535,2.03
2026-07-29T11:47:12.245412+00:00,1,LEFT,711.0,71.0,512.0,10322,-0.17215385280316695,-32.87896397512627,2.549
2026-07-29T11:47:12.295312+00:00,1,LEFT,711.0,71.0,512.0,10324,0.15783254068112001,30.143794836183496,2.861
2026-07-29T11:47:12.345425+00:00,1,LEFT,711.0,71.0,512.0,10304,-0.02480951958335936,-4.738269212912186,3.048
2026-07-29T11:47:12.362055+00:00,1,LEFT,712.0,72.0,512.0,10253,2.836977713741361e-05,0.0054182283190017805,3.179
2026-07-29T11:47:12.395458+00:00,1,LEFT,712.0,72.0,512.0,10328,0.03247467764420435,6.202206566869187,3.257
2026-07-29T11:47:12.428688+00:00,1,LEFT,711.0,71.0,512.0,10215,0.10648013564758002,20.336207915289474,3.286
2026-07-29T11:47:12.495424+00:00,1,LEFT,712.0,72.0,512.0,10385,-5.7121849386021496e-05,-0.010909469626003282,3.321
2026-07-29T11:47:12.512011+00:00,1,LEFT,713.0,73.0,512.0,10458,-0.02867676410380227,-5.476858510800429,3.362
2026-07-29T11:47:12.529319+00:00,1,LEFT,711.0,71.0,512.0,10304,0.0007089551415992901,0.13540045825912994,3.348
2026-07-29T11:47:12.595505+00:00,1,LEFT,712.0,72.0,512.0,10317,-0.11870700074359775,-22.671367137548255,3.359
2026-07-29T11:47:12.612034+00:00,1,LEFT,713.0,73.0,512.0,10275,0.023526887979824097,4.493304621069961,3.384
2026-07-29T11:47:12.678777+00:00,1,LEFT,710.0,70.0,512.0,10186,0.08913632015231997,17.02378315351614,3.343
2026-07-29T11:47:12.695261+00:00,1,LEFT,713.0,73.0,512.0,10279,-0.14154969302238896,-27.034000005184282,3.375
2026-07-29T11:47:12.728789+00:00,1,LEFT,713.0,73.0,512.0,10242,1.1464578565210102e-05,0.0021895732189422925,3.393
2026-07-29T11:47:12.745250+00:00,1,LEFT,712.0,72.0,512.0,10164,-0.022012132951058447,-4.204007720588329,3.386
2026-07-29T11:47:12.812406+00:00,1,LEFT,712.0,72.0,512.0,10417,-0.13654134856304154,-26.077476672289826,3.382
2026-07-29T11:47:12.828906+00:00,1,LEFT,712.0,72.0,512.0,10218,0.500022286195308,95.49722220491238,3.379
2026-07-29T11:47:12.861889+00:00,1,LEFT,713.0,73.0,512.0,10318,-0.06064124029129744,-11.581623777100074,3.396
2026-07-29T11:47:12.911996+00:00,1,LEFT,711.0,71.0,512.0,10303,-0.15906962893903256,-30.380061289728765,3.369
2026-07-29T11:47:12.928788+00:00,1,LEFT,711.0,71.0,512.0,10308,-4.738075949717313e-05,-0.009049058497708042,3.353
2026-07-29T11:47:12.978848+00:00,1,LEFT,711.0,71.0,512.0,10278,-4.738075949717313e-05,-0.009049058497708042,3.343
2026-07-29T11:47:12.995317+00:00,1,LEFT,711.0,71.0,512.0,10342,0.1614891024120152,30.842146685214644,3.337
2026-07-29T11:47:13.045425+00:00,1,LEFT,712.0,72.0,512.0,10346,-0.10011964834295213,-19.121444321283747,3.352
2026-07-29T11:47:13.061939+00:00,1,LEFT,711.0,71.0,512.0,10234,0.018934885328635572,3.61629671631667,3.343
2026-07-29T11:47:13.095386+00:00,1,LEFT,711.0,71.0,512.0,10239,0.005835953201167286,1.1145849595424926,3.337
2026-07-29T11:47:13.112024+00:00,1,LEFT,713.0,73.0,512.0,10371,-0.1740142011269927,-33.23426433305779,3.371
2026-07-29T11:47:13.178740+00:00,1,LEFT,710.0,70.0,512.0,10330,0.043069565955083815,8.225681182288797,3.335
2026-07-29T11:47:13.195389+00:00,1,LEFT,712.0,72.0,512.0,10274,-0.00010931049648206681,-0.0208767670163402,3.351
2026-07-29T11:47:13.245350+00:00,1,LEFT,711.0,71.0,512.0,10323,-0.004500320581719279,-0.8594979192945806,3.342
2026-07-29T11:47:13.295354+00:00,1,LEFT,712.0,72.0,512.0,10307,-0.22536642536520957,-43.04181672458857,3.355
2026-07-29T11:47:13.311995+00:00,1,LEFT,710.0,70.0,512.0,10144,-0.1255478984164074,-23.977882353324453,3.326
2026-07-29T11:47:13.361973+00:00,1,LEFT,713.0,73.0,512.0,10357,0.07565742793260143,14.449504364510823,3.364
2026-07-29T11:47:13.411994+00:00,1,LEFT,711.0,71.0,512.0,10268,-2.3830082500353456e-05,-0.00455121050906271,3.35
2026-07-29T11:47:13.428735+00:00,1,LEFT,712.0,72.0,512.0,10225,-2.3830082500353456e-05,-0.00455121050906271,3.36
2026-07-29T11:47:13.462161+00:00,1,LEFT,712.0,72.0,512.0,10203,0.13679497999604792,26.125916707833564,3.366
2026-07-29T11:47:13.512048+00:00,1,LEFT,710.0,70.0,512.0,10137,0.06525856278836727,12.463467416209765,3.332
2026-07-29T11:47:13.528497+00:00,1,LEFT,712.0,72.0,512.0,10274,0.01694985385658583,3.237183631153033,3.349
2026-07-29T11:47:13.545383+00:00,1,LEFT,711.0,71.0,512.0,10268,0.01694985385658583,3.237183631153033,3.341
2026-07-29T11:47:13.562084+00:00,1,LEFT,712.0,72.0,512.0,10220,-0.0743735977646429,-14.204310863725507,3.354
2026-07-29T11:47:13.628709+00:00,1,LEFT,713.0,73.0,512.0,10317,-0.0743735977646429,-14.204310863725507,3.381
2026-07-29T11:47:13.662121+00:00,1,LEFT,711.0,71.0,512.0,10351,-3.4933910937979805e-05,-0.006671885528773819,3.36
2026-07-29T11:47:13.695233+00:00,1,LEFT,711.0,71.0,512.0,10276,-3.4933910937979805e-05,-0.006671885528773819,3.347
2026-07-29T11:47:13.728706+00:00,1,LEFT,711.0,71.0,512.0,10249,-6.566646276041865e-05,-0.012541370572416595,3.34
2026-07-29T11:47:13.761839+00:00,1,RIGHT,585.0,-55.0,512.0,20507,0.08914087607176042,17.02465327003527,0.973
2026-07-29T11:47:13.795340+00:00,1,LEFT,713.0,73.0,512.0,10315,0.03202680562622845,6.1166693122290985,1.952
2026-07-29T11:47:13.812063+00:00,1,LEFT,711.0,71.0,512.0,10339,0.3767231703456491,71.94882568531222,2.503
2026-07-29T11:47:13.862103+00:00,1,LEFT,712.0,72.0,512.0,10171,0.3767231703456491,71.94882568531222,2.852
2026-07-29T11:47:13.878678+00:00,1,LEFT,712.0,72.0,512.0,10434,0.04120829549618065,7.870204709530366,3.061
2026-07-29T11:47:13.928697+00:00,1,LEFT,711.0,71.0,512.0,10189,0.07607820519246161,14.529866901527718,3.168
2026-07-29T11:47:13.962062+00:00,1,LEFT,712.0,72.0,512.0,10227,0.07811544583033538,14.918951202870073,3.251
2026-07-29T11:47:13.995321+00:00,1,LEFT,710.0,70.0,512.0,10288,0.07811544583033538,14.918951202870073,3.263
2026-07-29T11:47:14.028832+00:00,1,LEFT,711.0,71.0,512.0,10246,-0.05650276066502556,-10.791232389812551,3.289
2026-07-29T11:47:14.095185+00:00,1,LEFT,711.0,71.0,512.0,10305,0.08918066733051092,17.032252840661656,3.305
2026-07-29T11:47:14.112618+00:00,1,LEFT,712.0,72.0,512.0,10231,-0.013368330064695328,-2.5531629728163105,3.333
2026-07-29T11:47:14.128688+00:00,1,LEFT,711.0,71.0,512.0,10184,-0.013368330064695328,-2.5531629728163105,3.331
2026-07-29T11:47:14.162550+00:00,1,LEFT,713.0,73.0,512.0,10375,-0.01241811758140102,-2.371685756371613,3.367
2026-07-29T11:47:14.212612+00:00,1,LEFT,712.0,72.0,512.0,10259,-0.01241811758140102,-2.371685756371613,3.37
2026-07-29T11:47:14.228578+00:00,1,LEFT,713.0,73.0,512.0,10258,-0.08139099012129009,-15.544534081136327,3.391
2026-07-29T11:47:14.278679+00:00,1,LEFT,713.0,73.0,512.0,10361,-0.06914538939017803,-13.205796616152874,3.403
2026-07-29T11:47:14.328628+00:00,1,LEFT,712.0,72.0,512.0,10224,0.14072177026420832,26.875878405829013,3.392
2026-07-29T11:47:14.345518+00:00,1,LEFT,712.0,72.0,512.0,10313,-0.0910231278045103,-17.384136870927787,3.385
2026-07-29T11:47:14.378534+00:00,1,LEFT,712.0,72.0,512.0,10259,0.10938058025203645,20.890152030445623,3.381
2026-07-29T11:47:14.428620+00:00,1,LEFT,711.0,71.0,512.0,10348,-0.11739450913271866,-22.420699704382592,3.36
2026-07-29T11:47:14.461934+00:00,1,LEFT,712.0,72.0,512.0,10278,0.06410830667824484,12.243784681312597,3.366
2026-07-29T11:47:14.511938+00:00,1,LEFT,712.0,72.0,512.0,10376,-1.1504162321216427e-05,-0.0021971331594637525,3.37
2026-07-29T11:47:14.545413+00:00,1,LEFT,713.0,73.0,512.0,10298,0.055266585974022744,10.555140414694717,3.39
2026-07-29T11:47:14.561915+00:00,1,LEFT,712.0,72.0,512.0,10342,-0.08838247001753188,-16.87980838315372,3.384
2026-07-29T11:47:14.628548+00:00,1,LEFT,711.0,71.0,512.0,10226,-0.059774989299476146,-11.416182024332135,3.362
2026-07-29T11:47:14.645456+00:00,1,LEFT,712.0,72.0,512.0,10263,-6.443218271670048e-05,-0.01230564044827568,3.367
2026-07-29T11:47:14.712643+00:00,1,LEFT,712.0,72.0,512.0,10331,-0.272408988289535,-52.02628443473008,3.37
2026-07-29T11:47:14.728628+00:00,1,LEFT,712.0,72.0,512.0,10281,0.005047843936481513,0.9640671773369811,3.372
2026-07-29T11:47:14.745332+00:00,1,LEFT,712.0,72.0,512.0,10296,0.12275335349142552,23.44416358712057,3.373
2026-07-29T11:47:14.778638+00:00,1,LEFT,712.0,72.0,512.0,10260,0.12275335349142552,23.44416358712057,3.374
2026-07-29T11:47:14.795382+00:00,1,LEFT,712.0,72.0,512.0,10394,1.3100215073791332e-05,0.0025019567814730187,3.374
2026-07-29T11:47:14.878613+00:00,1,LEFT,711.0,71.0,512.0,10183,0.2888891081884503,55.17375548832145,3.356
2026-07-29T11:47:14.911996+00:00,1,LEFT,711.0,71.0,512.0,10230,-1.9662958220578733e-05,-0.0037553483959374286,3.345
2026-07-29T11:47:14.945387+00:00,1,LEFT,712.0,72.0,512.0,10222,-0.09187183876987547,-17.546228725400777,3.357
2026-07-29T11:47:14.962026+00:00,1,LEFT,712.0,72.0,512.0,10259,-0.05790251031750813,-11.058564881353066,3.364
2026-07-29T11:47:15.011997+00:00,1,LEFT,711.0,71.0,512.0,10222,-0.11602559462189674,-22.159256291101553,3.35
2026-07-29T11:47:15.045275+00:00,1,LEFT,711.0,71.0,512.0,10391,-3.073714091442525e-05,-0.005870361495651502,3.341
2026-07-29T11:47:15.096012+00:00,1,LEFT,713.0,73.0,512.0,10424,-0.15435621329117566,-29.479865210685023,3.373
2026-07-29T11:47:15.112033+00:00,1,LEFT,711.0,71.0,512.0,10096,0.03548640523571521,6.777404166991429,3.355
2026-07-29T11:47:15.128742+00:00,1,LEFT,711.0,71.0,512.0,10310,-6.877701496705412e-05,-0.01313544228373432,3.344
2026-07-29T11:47:15.195135+00:00,1,LEFT,711.0,71.0,512.0,10214,0.2338479704852216,44.6616725216768,3.338
2026-07-29T11:47:15.228745+00:00,1,LEFT,712.0,72.0,512.0,10323,-6.09592990076635e-05,-0.01164236851738382,3.353
2026-07-29T11:47:15.245234+00:00,1,LEFT,712.0,72.0,512.0,10317,0.16494089854881167,31.501391186474642,3.362
2026-07-29T11:47:15.311987+00:00,1,LEFT,712.0,72.0,512.0,10348,0.14146640504244715,27.01809317273483,3.367
2026-07-29T11:47:15.328735+00:00,1,LEFT,712.0,72.0,512.0,10381,-0.06097517749178223,-11.645401084467384,3.37
2026-07-29T11:47:15.361852+00:00,1,LEFT,711.0,71.0,512.0,10288,-0.06097517749178223,-11.645401084467384,3.353
2026-07-29T11:47:15.378733+00:00,1,LEFT,713.0,73.0,512.0,10314,-0.06097517749178223,-11.645401084467384,3.381
2026-07-29T11:47:15.445369+00:00,1,LEFT,712.0,72.0,512.0,10270,-0.06097517749178223,-11.645401084467384,3.378
2026-07-29T11:47:15.462086+00:00,1,LEFT,713.0,73.0,512.0,10349,-0.06097517749178223,-11.645401084467384,3.396
2026-07-29T11:47:15.495372+00:00,1,LEFT,712.0,72.0,512.0,10318,-0.06097517749178223,-11.645401084467384,3.387
2026-07-29T11:47:15.545449+00:00,1,LEFT,711.0,71.0,512.0,10274,0.048668775176629424,9.295051372306446,3.364
2026-07-29T11:47:15.578709+00:00,1,LEFT,712.0,72.0,512.0,10220,-0.06176778269466013,-11.79677752761743,3.368
2026-07-29T11:47:15.645374+00:00,1,LEFT,711.0,71.0,512.0,10292,0.04532227857969701,8.655917601776046,3.352
2026-07-29T11:47:15.678751+00:00,1,LEFT,711.0,71.0,512.0,10174,0.010295162053371314,1.9662311168713824,3.343
2026-07-29T11:47:15.712053+00:00,1,LEFT,712.0,72.0,512.0,10269,-0.04784928674111143,-9.138540609923245,3.356
2026-07-29T11:47:15.728673+00:00,1,LEFT,711.0,71.0,512.0,10377,0.043602990163490174,8.3275577017281,3.345
2026-07-29T11:47:15.745378+00:00,1,LEFT,711.0,71.0,512.0,10149,-0.05842052140273154,-11.15749771110071,3.338
2026-07-29T11:47:15.795320+00:00,1,LEFT,711.0,71.0,512.0,10254,-0.05935686864890158,-11.336326862314845,3.334
2026-07-29T11:47:15.862104+00:00,1,LEFT,711.0,71.0,512.0,10224,0.037995756091549995,7.25665487818101,3.332
2026-07-29T11:47:15.878619+00:00,1,LEFT,711.0,71.0,512.0,10274,0.0004989537131041288,0.09529313977749299,3.33
2026-07-29T11:47:15.912089+00:00,1,LEFT,713.0,73.0,512.0,10337,-0.013497107990551739,-2.5777577449697135,3.367
2026-07-29T11:47:15.928579+00:00,1,LEFT,712.0,72.0,512.0,10277,0.006146673649782315,1.1739281939226682,3.37
2026-07-29T11:47:15.995173+00:00,1,LEFT,713.0,73.0,512.0,10242,-0.09080185443162918,-17.34187676964541,3.391
2026-07-29T11:47:16.028542+00:00,1,LEFT,711.0,71.0,512.0,10204,-0.004852830137001547,-0.9268222851469391,3.366
2026-07-29T11:47:16.045398+00:00,1,LEFT,713.0,73.0,512.0,10260,-0.13991584956180303,-26.72195888959554,3.388
2026-07-29T11:47:16.078698+00:00,1,LEFT,710.0,70.0,512.0,10371,-0.13991584956180303,-26.72195888959554,3.345
2026-07-29T11:47:16.112061+00:00,1,LEFT,712.0,72.0,512.0,10348,0.029973796689882874,5.72457348771162,3.357
2026-07-29T11:47:16.145190+00:00,1,LEFT,712.0,72.0,512.0,10279,-0.10221363490447402,-19.521366295724796,3.364
2026-07-29T11:47:16.162077+00:00,1,LEFT,713.0,73.0,512.0,10269,0.2097701609134674,40.063149627072754,3.387
2026-07-29T11:47:16.195327+00:00,1,LEFT,711.0,71.0,512.0,10304,0.2097701609134674,40.063149627072754,3.364
2026-07-29T11:47:16.245328+00:00,1,LEFT,713.0,73.0,512.0,10336,0.2097701609134674,40.063149627072754,3.387
2026-07-29T11:47:16.345300+00:00,1,LEFT,712.0,72.0,512.0,10232,0.2097701609134674,40.063149627072754,3.382
2026-07-29T11:47:16.362040+00:00,1,LEFT,711.0,71.0,512.0,10188,0.2097701609134674,40.063149627072754,3.361
2026-07-29T11:47:16.412070+00:00,1,LEFT,713.0,73.0,512.0,10345,0.12949777912697755,24.732254000977132,3.385
2026-07-29T11:47:16.428751+00:00,1,LEFT,712.0,72.0,512.0,10321,-0.11485135659226216,-21.934993346962155,3.381
2026-07-29T11:47:16.462174+00:00,1,LEFT,712.0,72.0,512.0,10247,-0.16125770521815866,-30.79795307655081,3.379
2026-07-29T11:47:16.512077+00:00,1,LEFT,711.0,71.0,512.0,10288,-0.16773836515843868,-32.03566795334264,3.358
2026-07-29T11:47:16.545298+00:00,1,LEFT,711.0,71.0,512.0,10173,0.3910547102428973,74.68594818543113,3.346
2026-07-29T11:47:16.578662+00:00,1,LEFT,711.0,71.0,512.0,10226,-0.08630277185060549,-16.482615291067134,3.339
2026-07-29T11:47:16.595415+00:00,1,LEFT,712.0,72.0,512.0,10311,0.13438181900186463,25.665036906992576,3.353
2026-07-29T11:47:16.612210+00:00,1,LEFT,711.0,71.0,512.0,10300,-0.01677641429036157,-3.2040591140022667,3.343
2026-07-29T11:47:16.628623+00:00,1,LEFT,712.0,72.0,512.0,10229,-0.11239171050488948,-21.465235547287755,3.356
2026-07-29T11:47:16.711955+00:00,1,LEFT,712.0,72.0,512.0,10357,0.0581197550939396,11.100055577389023,3.364
2026-07-29T11:47:16.745417+00:00,1,LEFT,711.0,71.0,512.0,10231,0.11837955228984356,22.60882908952092,3.349
2026-07-29T11:47:16.761906+00:00,1,LEFT,712.0,72.0,512.0,10352,0.08272382826078684,15.799087415027103,3.36
2026-07-29T11:47:16.811894+00:00,1,LEFT,710.0,70.0,512.0,10283,-0.08114472886547447,-15.49750164575024,3.328
2026-07-29T11:47:16.828653+00:00,1,LEFT,710.0,70.0,512.0,10297,0.0,0.0,3.309
2026-07-29T11:47:16.861851+00:00,1,LEFT,712.0,72.0,512.0,10237,0.23013850758317858,43.95321729318541,3.336
2026-07-29T11:47:16.895297+00:00,1,RIGHT,595.0,-45.0,512.0,24732,0.23013850758317858,43.95321729318541,1.158
2026-07-29T11:47:16.912024+00:00,1,LEFT,712.0,72.0,512.0,10185,-0.5339512134762481,-101.97716999359287,2.045
2026-07-29T11:47:16.962010+00:00,1,LEFT,711.0,71.0,512.0,10222,0.3789785966090858,72.3795803716385,2.558
2026-07-29T11:47:16.995431+00:00,1,LEFT,713.0,73.0,512.0,10243,-0.3234568325616419,-61.77570453483941,2.904
2026-07-29T11:47:17.012024+00:00,1,LEFT,712.0,72.0,512.0,10253,-0.3234568325616419,-61.77570453483941,3.092
2026-07-29T11:47:17.028678+00:00,1,LEFT,712.0,72.0,512.0,10303,-0.3234568325616419,-61.77570453483941,3.205
2026-07-29T11:47:17.062134+00:00,1,LEFT,712.0,72.0,512.0,10304,0.07988034076988697,15.256021307271082,3.273
2026-07-29T11:47:17.228620+00:00,1,LEFT,711.0,71.0,512.0,10355,-0.5964627282554283,-113.91598988631519,3.295
2026-07-29T11:47:17.245488+00:00,1,LEFT,711.0,71.0,512.0,10331,0.027752541957888753,5.300345083155866,3.308
2026-07-29T11:47:17.278624+00:00,1,LEFT,712.0,72.0,512.0,10373,0.05253178865648806,10.032832600966598,3.335
2026-07-29T11:47:17.295412+00:00,1,LEFT,710.0,70.0,512.0,10248,0.31225982919335366,59.637234414183794,3.314
2026-07-29T11:47:17.328676+00:00,1,LEFT,712.0,72.0,512.0,10293,-0.13670268189162016,-26.108289068364336,3.338
2026-07-29T11:47:17.395225+00:00,1,LEFT,712.0,72.0,512.0,10446,-0.13030228100717067,-24.885902542128484,3.353
2026-07-29T11:47:17.412008+00:00,1,LEFT,711.0,71.0,512.0,10396,0.08450646756216884,16.139546442904898,3.343
2026-07-29T11:47:17.461935+00:00,1,LEFT,713.0,73.0,512.0,10341,-0.2609769066050649,-49.842917662833585,3.375
2026-07-29T11:47:17.478740+00:00,1,LEFT,713.0,73.0,512.0,10326,-0.2609769066050649,-49.842917662833585,3.393
2026-07-29T11:47:17.495251+00:00,1,LEFT,712.0,72.0,512.0,10344,0.0033916150406002998,0.6477507585316284,3.386
2026-07-29T11:47:17.545360+00:00,1,LEFT,711.0,71.0,512.0,10170,0.0033916150406002998,0.6477507585316284,3.363
2026-07-29T11:47:17.562010+00:00,1,LEFT,711.0,71.0,512.0,10360,1.2724492220953108,243.01990023588684,3.349
2026-07-29T11:47:17.761960+00:00,1,LEFT,711.0,71.0,512.0,10332,1.2724492220953108,243.01990023588684,3.341
2026-07-29T11:47:17.778727+00:00,1,LEFT,712.0,72.0,512.0,10347,-0.18515165799995884,-35.361361910824215,3.354
2026-07-29T11:47:17.845387+00:00,1,LEFT,711.0,71.0,512.0,10246,-0.2180558831617236,-41.64560601054852,3.344
2026-07-29T11:47:17.895422+00:00,1,LEFT,710.0,70.0,512.0,10320,0.043101509772241114,8.231782001970966,3.319
2026-07-29T11:47:17.912072+00:00,1,LEFT,711.0,71.0,512.0,10372,0.043101509772241114,8.231782001970966,3.323
2026-07-29T11:47:17.945456+00:00,1,LEFT,711.0,71.0,512.0,10162,0.1640712661971338,31.335303641544048,3.325
2026-07-29T11:47:18.028739+00:00,1,LEFT,711.0,71.0,512.0,10133,0.4072784262627829,77.78444970529189,3.326
2026-07-29T11:47:18.045372+00:00,1,LEFT,713.0,73.0,512.0,10441,-0.20570377074182034,-39.28652631144325,3.364
2026-07-29T11:47:18.078731+00:00,1,LEFT,712.0,72.0,512.0,10282,0.629962639696896,120.31400168517558,3.369
2026-07-29T11:47:18.111956+00:00,1,LEFT,712.0,72.0,512.0,10303,-0.44865522649139167,-85.68683644814263,3.371
2026-07-29T11:47:18.162105+00:00,1,LEFT,710.0,70.0,512.0,10344,-0.12401979506015777,-23.68603611008152,3.335
2026-07-29T11:47:18.178615+00:00,1,LEFT,709.0,69.0,512.0,10212,-0.22462602136656643,-42.90040997706569,3.295
2026-07-29T11:47:18.228945+00:00,1,LEFT,711.0,71.0,512.0,10182,-0.12120394313707948,-23.148248006994244,3.308
2026-07-29T11:47:18.245354+00:00,1,LEFT,711.0,71.0,512.0,10242,-0.05040951482951641,-9.627508156778086,3.316
2026-07-29T11:47:18.278676+00:00,1,LEFT,711.0,71.0,512.0,10370,-0.5177410485967994,-98.88125655091419,3.321
2026-07-29T11:47:18.312063+00:00,1,LEFT,712.0,72.0,512.0,10388,0.06457131781615316,12.332213294878255,3.343
2026-07-29T11:47:18.328604+00:00,1,LEFT,711.0,71.0,512.0,10347,0.11385867914184927,21.745405919207272,3.337
2026-07-29T11:47:18.378551+00:00,1,LEFT,711.0,71.0,512.0,10305,-0.07696939955465495,-14.700072487126157,3.333
2026-07-29T11:47:18.395307+00:00,1,LEFT,711.0,71.0,512.0,10258,0.1722794340364635,32.90294822397275,3.331
2026-07-29T11:47:18.462109+00:00,1,LEFT,712.0,72.0,512.0,10325,0.06377925975713879,12.180941348508762,3.349
2026-07-29T11:47:18.478536+00:00,1,LEFT,712.0,72.0,512.0,10398,-0.21390233006328344,-40.85233580213483,3.359
2026-07-29T11:47:18.512133+00:00,1,LEFT,711.0,71.0,512.0,10341,0.13375756167806685,25.545812540380094,3.347
2026-07-29T11:47:18.528899+00:00,1,LEFT,713.0,73.0,512.0,10356,-0.21480607533012516,-41.02493843395135,3.377
2026-07-29T11:47:18.562109+00:00,1,LEFT,709.5,69.5,512.0,10228,0.08044406643602997,15.363684978848399,3.329
2026-07-29T11:47:18.628707+00:00,1,LEFT,712.0,72.0,512.0,10498,-0.09104188203811646,-17.38771866570657,3.348
2026-07-29T11:47:18.645289+00:00,1,LEFT,713.0,73.0,512.0,10215,0.1573577677551657,30.05311988656929,3.377
2026-07-29T11:47:18.678676+00:00,1,LEFT,711.0,71.0,512.0,10249,-0.1521220681699924,-29.053174923139878,3.358
2026-07-29T11:47:18.695276+00:00,1,LEFT,711.0,71.0,512.0,10288,0.12362450998276472,23.61054222128444,3.346
2026-07-29T11:47:18.778675+00:00,1,LEFT,711.0,71.0,512.0,10215,0.2704631000757217,51.6546471612109,3.339
2026-07-29T11:47:18.795259+00:00,1,LEFT,713.0,73.0,512.0,10347,0.23225771066732703,44.35795526869479,3.372
2026-07-29T11:47:18.828693+00:00,1,LEFT,712.0,72.0,512.0,10263,0.08677363798953593,16.572544099321583,3.373
2026-07-29T11:47:18.862054+00:00,1,LEFT,712.0,72.0,512.0,10347,-0.09771363722160459,-18.661930045567903,3.374
2026-07-29T11:47:18.895349+00:00,1,LEFT,712.0,72.0,512.0,10227,-0.2730324555374682,-52.14535790796744,3.374
2026-07-29T11:47:18.945395+00:00,1,LEFT,713.0,73.0,512.0,10239,0.07748018162557856,14.797624676842403,3.393
2026-07-29T11:47:18.961900+00:00,1,LEFT,711.0,71.0,512.0,10243,0.2635235225409269,50.329285480052434,3.367
2026-07-29T11:47:18.995415+00:00,1,LEFT,711.0,71.0,512.0,10359,0.00016404949128627773,0.0313311449399063,3.352
2026-07-29T11:47:19.028662+00:00,1,LEFT,712.0,72.0,512.0,10337,-0.12442736823111772,-23.763876851877416,3.361
2026-07-29T11:47:19.062036+00:00,1,LEFT,713.0,73.0,512.0,10319,-0.4961964163184166,-94.766534881872,3.385
2026-07-29T11:47:19.111900+00:00,1,LEFT,711.0,71.0,512.0,10275,-0.2816649207472801,-53.79403731901989,3.362
2026-07-29T11:47:19.128624+00:00,1,LEFT,712.0,72.0,512.0,10417,-0.2816649207472801,-53.79403731901989,3.367
2026-07-29T11:47:19.145402+00:00,1,LEFT,711.0,71.0,512.0,10256,-0.014706558026373386,-2.8087456869181353,3.352
2026-07-29T11:47:19.195273+00:00,1,LEFT,712.0,72.0,512.0,10311,-0.16229349965695292,-30.995775242504255,3.361
2026-07-29T11:47:19.228454+00:00,1,LEFT,710.0,70.0,512.0,10394,0.0,0.0,3.329
2026-07-29T11:47:19.262057+00:00,1,LEFT,713.0,73.0,512.0,10412,0.18032913071278017,34.440327043684185,3.366
2026-07-29T11:47:19.295135+00:00,1,RIGHT,573.0,-67.0,512.0,16185,-0.3032674568518996,-57.91981780426549,0.763
2026-07-29T11:47:19.328722+00:00,1,LEFT,712.0,72.0,512.0,10382,-0.3032674568518996,-57.91981780426549,1.808
2026-07-29T11:47:19.362019+00:00,1,LEFT,712.0,72.0,512.0,10320,-0.3032674568518996,-57.91981780426549,2.435
2026-07-29T11:47:19.395412+00:00,1,LEFT,710.0,70.0,512.0,10210,0.359064659466967,68.5762985325311,2.773
2026-07-29T11:47:19.445437+00:00,1,LEFT,713.0,73.0,512.0,10454,0.359064659466967,68.5762985325311,3.033
2026-07-29T11:47:19.495398+00:00,1,LEFT,712.0,72.0,512.0,10403,0.23470389215275644,44.82514151882195,3.17
2026-07-29T11:47:19.511976+00:00,1,LEFT,712.0,72.0,512.0,10474,0.23470389215275644,44.82514151882195,3.252
2026-07-29T11:47:19.528608+00:00,1,LEFT,709.0,69.0,512.0,10191,0.05948413582751527,11.36063310299852,3.245
2026-07-29T11:47:19.595346+00:00,1,LEFT,713.0,73.0,512.0,10357,-0.08045346930623054,-15.365480794774403,3.316
2026-07-29T11:47:19.645400+00:00,1,LEFT,711.0,71.0,512.0,10293,-0.11696898747235536,-22.339431053615204,3.321
2026-07-29T11:47:19.678563+00:00,1,LEFT,714.0,74.0,512.0,10431,0.24600315580144524,46.98314191440682,3.38
2026-07-29T11:47:19.711974+00:00,1,LEFT,711.0,71.0,512.0,10334,-0.005924626509658993,-1.1315203139826138,3.359
2026-07-29T11:47:19.728720+00:00,1,LEFT,710.0,70.0,512.0,10263,0.014600832890719175,2.7885536733800205,3.328
2026-07-29T11:47:19.761849+00:00,1,LEFT,710.0,70.0,512.0,10297,0.03949192503467202,7.542402097779147,3.309
2026-07-29T11:47:19.811848+00:00,1,LEFT,711.0,71.0,512.0,10215,-0.10158472512848675,-19.401253376196166,3.317
2026-07-29T11:47:19.828766+00:00,1,LEFT,710.0,70.0,512.0,10225,0.24799433132633567,47.36342842722671,3.303
2026-07-29T11:47:19.845196+00:00,1,LEFT,713.0,73.0,512.0,10497,0.1124506345205009,21.476489205309413,3.35
2026-07-29T11:47:19.895281+00:00,1,LEFT,709.0,69.0,512.0,9714,0.1124506345205009,21.476489205309413,3.304
2026-07-29T11:47:19.912080+00:00,1,LEFT,713.0,73.0,512.0,9797,0.14558075069915502,27.803875311359302,3.351
2026-07-29T11:47:19.978667+00:00,1,NONE,0.0,0.0,512.0,0,-0.057029837779700755,-10.891896703641956,3.379
2026-07-29T11:47:20.028696+00:00,1,NONE,0.0,0.0,512.0,0,0.4019980061613023,76.77596375238896,3.396
2026-07-29T11:47:20.045200+00:00,1,LEFT,730.0,90.0,512.0,1797,-0.11855821360368282,-22.642950887005092,3.725
2026-07-29T11:47:20.078737+00:00,1,NONE,0.0,0.0,512.0,0,0.0831597898248583,15.882349940531162,3.923
2026-07-29T11:47:20.095248+00:00,1,NONE,0.0,0.0,512.0,0,0.0831597898248583,15.882349940531162,4.041
2026-07-29T11:47:20.128707+00:00,1,NONE,0.0,0.0,512.0,0,0.04414404940558597,8.430892405190223,4.112
2026-07-29T11:47:20.162019+00:00,0,NONE,0.0,0.0,512.0,0,-0.1887759538507089,-36.0535514306734,2.467
2026-07-29T11:47:20.195276+00:00,0,NONE,0.0,0.0,512.0,0,-0.5352995914360509,-102.2346912145434,1.48
2026-07-29T11:47:20.245358+00:00,1,LEFT,716.0,76.0,512.0,8535,0.6884438946843148,131.48309865653388,2.313
2026-07-29T11:47:20.278762+00:00,1,NONE,0.0,0.0,512.0,0,0.4102789271250367,78.35750315806692,2.813
2026-07-29T11:47:20.295566+00:00,1,NONE,0.0,0.0,512.0,0,-0.5133097422122955,-98.03493937237604,3.113
2026-07-29T11:47:20.328608+00:00,1,NONE,0.0,0.0,512.0,0,0.2480754112760769,47.378913556971064,3.293
2026-07-29T11:47:20.345432+00:00,0,NONE,0.0,0.0,512.0,0,0.09062316422350705,17.3077494537597,1.976
2026-07-29T11:47:20.378686+00:00,0,NONE,0.0,0.0,512.0,0,0.007450694218277931,1.4229777771661654,1.185
2026-07-29T11:47:20.428811+00:00,0,NONE,0.0,0.0,512.0,0,0.15773445676080883,30.125062187277067,0.711
2026-07-29T11:47:20.478735+00:00,0,NONE,0.0,0.0,512.0,0,-0.2649316537752748,-50.59821873581469,0.427
2026-07-29T11:47:20.495336+00:00,0,NONE,0.0,0.0,512.0,0,1.0633195469435304,203.079074378757,0.256
2026-07-29T11:47:20.562050+00:00,0,NONE,0.0,0.0,512.0,0,-0.09600141605362296,-18.334919890506878,0.154
2026-07-29T11:47:20.578608+00:00,0,NONE,0.0,0.0,512.0,0,0.0003126680385321378,0.05971519665508432,0.092
2026-07-29T11:47:20.595318+00:00,0,NONE,0.0,0.0,512.0,0,0.10148463065270334,19.382136739479623,0.055
2026-07-29T11:47:20.612139+00:00,0,NONE,0.0,0.0,512.0,0,0.10148463065270334,19.382136739479623,0.033
2026-07-29T11:47:20.647594+00:00,0,NONE,0.0,0.0,512.0,0,-0.13678588884882628,-26.124180426611122,0.02
2026-07-29T11:47:20.678659+00:00,0,NONE,0.0,0.0,512.0,0,-0.7765933811059221,-148.31841045054676,0.012
2026-07-29T11:47:20.745253+00:00,0,NONE,0.0,0.0,512.0,0,-0.7765933811059221,-148.31841045054676,0.007
2026-07-29T11:47:20.762115+00:00,0,NONE,0.0,0.0,512.0,0,81.18533388733864,15505.256633683086,0.004
2026-07-29T11:47:20.828755+00:00,0,NONE,0.0,0.0,512.0,0,-45.26696420073509,-8645.353333573028,0.003
2026-07-29T11:47:20.862037+00:00,0,NONE,0.0,0.0,512.0,0,-0.27548147902823983,-52.613086941132806,0.002
2026-07-29T11:47:20.895292+00:00,0,NONE,0.0,0.0,512.0,0,0.035249636685475705,6.732184704824247,0.001
2026-07-29T11:47:20.945346+00:00,0,NONE,0.0,0.0,512.0,0,-0.3586140412651002,-68.49023679540197,0.001
2026-07-29T11:47:20.962057+00:00,0,NONE,0.0,0.0,512.0,0,-0.38506671722978353,-73.54232576074698,0.0
2026-07-29T11:47:21.012096+00:00,0,NONE,0.0,0.0,512.0,0,-0.372396018805448,-71.12240061675536,0.0
2026-07-29T11:47:21.028643+00:00,0,NONE,0.0,0.0,512.0,0,0.9700705112284049,185.26982041161912,0.0
2026-07-29T11:47:21.045275+00:00,0,NONE,0.0,0.0,512.0,0,0.4526737852022052,86.45432462765979,0.0
2026-07-29T11:47:21.128658+00:00,0,NONE,0.0,0.0,512.0,0,-0.037669053375720976,-7.194259255606128,0.0
2026-07-29T11:47:21.162013+00:00,0,NONE,0.0,0.0,512.0,0,0.39951523824594914,76.30179000885485,0.0
2026-07-29T11:47:21.178685+00:00,0,NONE,0.0,0.0,512.0,0,3.778459969907999e-05,0.007216326977828546,0.0
2026-07-29T11:47:21.195259+00:00,0,NONE,0.0,0.0,512.0,0,0.0416014077141881,7.945283612753212,0.0
2026-07-29T11:47:21.245314+00:00,0,NONE,0.0,0.0,512.0,0,0.9972077441005968,190.45265011575336,0.0
2026-07-29T11:47:21.262030+00:00,0,NONE,0.0,0.0,512.0,0,0.9972077441005968,190.45265011575336,0.0
2026-07-29T11:47:21.278614+00:00,0,NONE,0.0,0.0,512.0,0,-0.19376364555675538,-37.00613037823629,0.0
2026-07-29T11:47:21.328684+00:00,0,NONE,0.0,0.0,512.0,0,-0.33817576890811324,-64.58681430675445,0.0
2026-07-29T11:47:21.345407+00:00,0,NONE,0.0,0.0,512.0,0,-0.0659874514315743,-12.6026748928457,0.0
2026-07-29T11:47:21.378492+00:00,0,NONE,0.0,0.0,512.0,0,-0.6170185763807967,-117.84186769263357,0.0
2026-07-29T11:47:21.411999+00:00,0,NONE,0.0,0.0,512.0,0,-0.23099638849496842,-44.11706047842006,0.0
2026-07-29T11:47:21.428649+00:00,0,NONE,0.0,0.0,512.0,0,-0.23099638849496842,-44.11706047842006,0.0
2026-07-29T11:47:21.461885+00:00,0,NONE,0.0,0.0,512.0,0,0.16368330508470536,31.261208527019548,0.0
2026-07-29T11:47:21.495440+00:00,0,NONE,0.0,0.0,512.0,0,-0.0003069830808090046,-0.0586294497075982,0.0
2026-07-29T11:47:21.528555+00:00,0,NONE,0.0,0.0,512.0,0,0.42811767596867867,81.76445322651546,0.0
2026-07-29T11:47:21.545353+00:00,0,NONE,0.0,0.0,512.0,0,0.09137031557969749,17.450444851650325,0.0
2026-07-29T11:47:21.561877+00:00,0,NONE,0.0,0.0,512.0,0,0.1523986060358584,29.105989765105463,0.0
2026-07-29T11:47:21.645367+00:00,0,NONE,0.0,0.0,512.0,0,0.0068543353874702005,1.3090816302307011,0.0
2026-07-29T11:47:21.661854+00:00,0,NONE,0.0,0.0,512.0,0,0.000475952485576272,0.09090022890760524,0.0
2026-07-29T11:47:21.695356+00:00,0,NONE,0.0,0.0,512.0,0,-0.514946217588149,-98.34748314675433,0.0
2026-07-29T11:47:21.728592+00:00,0,NONE,0.0,0.0,512.0,0,0.2436393264681101,46.53168376677572,0.0
2026-07-29T11:47:21.745409+00:00,0,NONE,0.0,0.0,512.0,0,0.2436393264681101,46.53168376677572,0.0
2026-07-29T11:47:21.778637+00:00,0,NONE,0.0,0.0,512.0,0,0.07460805676877498,14.249089235077536,0.0
2026-07-29T11:47:21.812028+00:00,0,NONE,0.0,0.0,512.0,0,0.2713151587266475,51.81737837652976,0.0
2026-07-29T11:47:21.845408+00:00,0,NONE,0.0,0.0,512.0,0,0.047493633404374125,9.070615826040603,0.0
2026-07-29T11:47:21.878613+00:00,0,NONE,0.0,0.0,512.0,0,-0.5714062426192686,-109.13055363170812,0.0
2026-07-29T11:47:21.912037+00:00,0,NONE,0.0,0.0,512.0,0,-0.1358670797245577,-25.948700809948786,0.0
2026-07-29T11:47:21.945471+00:00,0,NONE,0.0,0.0,512.0,0,-0.10705676798708737,-20.44633657990456,0.0
2026-07-29T11:47:22.011995+00:00,0,NONE,0.0,0.0,512.0,0,-0.8029732496291399,-153.35659421884802,0.0
2026-07-29T11:47:22.028648+00:00,0,NONE,0.0,0.0,512.0,0,0.10310539458878339,19.69167984989428,0.0
2026-07-29T11:47:22.061944+00:00,1,LEFT,711.0,71.0,512.0,10367,-0.13981262455694377,-26.702244365866697,1.331
2026-07-29T11:47:22.095422+00:00,1,LEFT,714.0,74.0,512.0,10586,-0.13981262455694377,-26.702244365866697,2.186
2026-07-29T11:47:22.112623+00:00,1,LEFT,713.0,73.0,512.0,10500,8.364440873265266e-06,0.0015974905334160683,2.681
2026-07-29T11:47:22.145362+00:00,1,LEFT,711.0,71.0,512.0,10255,-0.13636480923974886,-26.043760145147274,2.94
2026-07-29T11:47:22.161920+00:00,1,LEFT,712.0,72.0,512.0,10412,0.20066590174101293,38.32436420648973,3.114
2026-07-29T11:47:22.228846+00:00,1,LEFT,710.0,70.0,512.0,10319,-0.029554705042392014,-5.644532878943584,3.181
2026-07-29T11:47:22.278708+00:00,1,LEFT,712.0,72.0,512.0,10552,0.0004339590668678283,0.08288007670987346,3.258
2026-07-29T11:47:22.295228+00:00,1,LEFT,712.0,72.0,512.0,10462,-0.1766091676603537,-33.729866434188715,3.305
2026-07-29T11:47:22.345189+00:00,1,LEFT,711.0,71.0,512.0,10383,-0.1766091676603537,-33.729866434188715,3.314
2026-07-29T11:47:22.361942+00:00,1,LEFT,711.0,71.0,512.0,10268,0.01858960083918646,3.5503522363941253,3.32
2026-07-29T11:47:22.411963+00:00,1,LEFT,709.0,69.0,512.0,10348,0.04652654450852424,8.885915452220054,3.286
2026-07-29T11:47:22.428693+00:00,1,LEFT,713.0,73.0,512.0,10458,-0.11367992595769465,-21.71126657578532,3.34
2026-07-29T11:47:22.461865+00:00,1,LEFT,712.0,72.0,512.0,10494,-0.009126075566746295,-1.7429520449734117,3.354
2026-07-29T11:47:22.478651+00:00,1,LEFT,710.0,70.0,512.0,10326,-0.00045140667585656045,-0.08621232456870304,3.325
2026-07-29T11:47:22.545436+00:00,1,LEFT,712.0,72.0,512.0,10408,-0.18728431507945062,-35.76866941016947,3.345
2026-07-29T11:47:22.561910+00:00,1,LEFT,711.0,71.0,512.0,10277,0.0960994368372485,18.35364048119457,3.338
2026-07-29T11:47:22.595332+00:00,1,LEFT,711.0,71.0,512.0,10316,-0.04151709190569818,-7.929180479510859,3.334
2026-07-29T11:47:22.628754+00:00,1,LEFT,714.0,74.0,512.0,10500,1.6105173732154072,307.5861610591283,3.388
2026-07-29T11:47:22.661901+00:00,1,LEFT,711.0,71.0,512.0,10382,0.0007407631678506732,0.14147534378861523,3.364
2026-07-29T11:47:22.728676+00:00,1,LEFT,712.0,72.0,512.0,10317,-1.0214431049488484,-195.0812630876914,3.368
2026-07-29T11:47:22.745335+00:00,1,LEFT,712.0,72.0,512.0,10304,-1.0214431049488484,-195.0812630876914,3.371
2026-07-29T11:47:22.778654+00:00,1,LEFT,711.0,71.0,512.0,10205,0.01193043795414269,2.278545808383562,3.354
2026-07-29T11:47:22.845328+00:00,1,LEFT,712.0,72.0,512.0,10387,-0.18006843484938145,-34.39053780131996,3.362
2026-07-29T11:47:22.878550+00:00,1,LEFT,713.0,73.0,512.0,10468,0.04273127951193601,8.161073230759259,3.386
2026-07-29T11:47:22.895306+00:00,1,LEFT,712.0,72.0,512.0,10199,-0.12042684790561907,-22.999833750186166,3.382
2026-07-29T11:47:22.928655+00:00,1,LEFT,712.0,72.0,512.0,10216,-0.00013795939274132253,-0.026348303160885152,3.379
2026-07-29T11:47:22.995181+00:00,1,LEFT,711.0,71.0,512.0,10306,0.2474609485641122,47.26155982342526,3.359
2026-07-29T11:47:23.012002+00:00,1,LEFT,712.0,72.0,512.0,10339,-0.0003557312954217195,-0.06793967289461997,3.365
2026-07-29T11:47:23.062017+00:00,1,LEFT,712.0,72.0,512.0,10285,0.22802166328299792,43.54892981222982,3.369
2026-07-29T11:47:23.078586+00:00,1,LEFT,711.0,71.0,512.0,10327,-0.15145085220225155,-28.924982116162077,3.353
2026-07-29T11:47:23.111997+00:00,1,LEFT,712.0,72.0,512.0,10417,-0.15145085220225155,-28.924982116162077,3.362
2026-07-29T11:47:23.128520+00:00,1,LEFT,712.0,72.0,512.0,10398,0.0,0.0,3.367
2026-07-29T11:47:23.161790+00:00,1,RIGHT,580.0,-60.0,512.0,19748,-0.04124950223602355,-7.878074617132005,0.895
2026-07-29T11:47:23.195391+00:00,1,LEFT,711.0,71.0,512.0,10261,0.3174905960634351,60.636237298425534,1.868
2026-07-29T11:47:23.245394+00:00,1,LEFT,711.0,71.0,512.0,10138,-6.783096101571573e-05,-0.01295475928838977,2.452
2026-07-29T11:47:23.262071+00:00,1,LEFT,712.0,72.0,512.0,10283,-0.11465100899338722,-21.89672977412511,2.821
2026-07-29T11:47:23.295361+00:00,1,LEFT,713.0,73.0,512.0,10277,-0.40836096707731484,-77.99119977136966,3.062
2026-07-29T11:47:23.328547+00:00,1,LEFT,710.0,70.0,512.0,10153,-0.2904597830027342,-55.47373228114131,3.149
2026-07-29T11:47:23.395303+00:00,1,LEFT,712.0,72.0,512.0,10334,0.022334543243050575,4.2655835505974276,3.24
2026-07-29T11:47:23.428660+00:00,1,LEFT,711.0,71.0,512.0,10340,0.6061041363142431,115.75736318742689,3.275
2026-07-29T11:47:23.461982+00:00,1,LEFT,712.0,72.0,512.0,10314,0.486955632455647,93.00167516610769,3.315
2026-07-29T11:47:23.512032+00:00,1,LEFT,711.0,71.0,512.0,10283,0.21536697090836243,41.132061598553165,3.32
2026-07-29T11:47:23.528637+00:00,1,LEFT,711.0,71.0,512.0,10376,0.21536697090836243,41.132061598553165,3.323
2026-07-29T11:47:23.545238+00:00,1,LEFT,710.0,70.0,512.0,10125,-0.05587661968078464,-10.67164827055531,3.307
2026-07-29T11:47:23.581228+00:00,1,LEFT,712.0,72.0,512.0,10347,-0.020816496638581157,-3.9756580054632176,3.334
2026-07-29T11:47:23.661826+00:00,1,LEFT,712.0,72.0,512.0,10240,-0.017894115578383208,-3.417524335868853,3.35
2026-07-29T11:47:23.678613+00:00,1,LEFT,712.0,72.0,512.0,10305,0.010761354202404618,2.055267258810523,3.36
2026-07-29T11:47:23.728511+00:00,1,LEFT,712.0,72.0,512.0,10284,-0.15274229990551247,-29.171630459024456,3.366
2026-07-29T11:47:23.745395+00:00,1,LEFT,713.0,73.0,512.0,10344,-0.00017609854694455862,-0.03363234506103202,3.388
2026-07-29T11:47:23.811847+00:00,1,LEFT,712.0,72.0,512.0,10325,0.1393770007044077,26.619046338514877,3.383
2026-07-29T11:47:23.845366+00:00,1,LEFT,712.0,72.0,512.0,10310,-0.00022068235790356994,-0.04214722573623354,3.38
2026-07-29T11:47:23.861875+00:00,1,LEFT,711.0,71.0,512.0,10395,-0.11802013485692442,-22.540185416221945,3.359
2026-07-29T11:47:23.928637+00:00,1,LEFT,711.0,71.0,512.0,10328,0.30786813700105997,58.798482989053845,3.347
2026-07-29T11:47:23.945408+00:00,1,LEFT,712.0,72.0,512.0,10351,-0.37214498545101377,-71.07445677766837,3.358
2026-07-29T11:47:23.978606+00:00,1,LEFT,711.0,71.0,512.0,10297,0.07125138779403642,13.608012683494119,3.346
2026-07-29T11:47:24.045387+00:00,1,LEFT,713.0,73.0,512.0,10351,-0.11281509556807577,-21.5460961380526,3.376
2026-07-29T11:47:24.061923+00:00,1,LEFT,711.0,71.0,512.0,10197,0.06496843988075852,12.408058022389616,3.357
2026-07-29T11:47:24.095364+00:00,1,LEFT,711.0,71.0,512.0,10331,0.22255571912042796,42.50501137366506,3.346
2026-07-29T11:47:24.111984+00:00,1,LEFT,711.0,71.0,512.0,10313,-0.06652265580836683,-12.704891399402838,3.339
2026-07-29T11:47:24.178628+00:00,1,LEFT,711.0,71.0,512.0,10275,0.35076409117202273,66.99100676299639,3.334
2026-07-29T11:47:24.195372+00:00,1,LEFT,711.0,71.0,512.0,10413,-0.1092756982872379,-20.87012105067897,3.332
2026-07-29T11:47:24.228574+00:00,1,LEFT,711.0,71.0,512.0,10328,-0.0001772361563052982,-0.0338496124447152,3.33
2026-07-29T11:47:24.261953+00:00,1,LEFT,712.0,72.0,512.0,10311,-0.08373503234237432,-15.99221316869832,3.348
2026-07-29T11:47:24.312002+00:00,1,LEFT,709.0,69.0,512.0,10143,0.08610823208466173,16.445460932613663,3.303
2026-07-29T11:47:24.345357+00:00,1,LEFT,711.0,71.0,512.0,10367,-0.23764412509277463,-45.38668464631657,3.313
2026-07-29T11:47:24.378595+00:00,1,LEFT,711.0,71.0,512.0,10277,0.0852886519394815,16.288932654975177,3.319
2026-07-29T11:47:24.395407+00:00,1,LEFT,712.0,72.0,512.0,10299,0.076719035403803,14.652256456508844,3.341
2026-07-29T11:47:24.462018+00:00,1,LEFT,711.0,71.0,512.0,10485,-0.025792160848504865,-4.9259398704729636,3.336
2026-07-29T11:47:24.478691+00:00,1,LEFT,712.0,72.0,512.0,10311,0.32525158873293547,62.118477714406666,3.352
2026-07-29T11:47:24.511824+00:00,1,LEFT,712.0,72.0,512.0,10270,-0.19982590921223164,-38.163937450750765,3.361
2026-07-29T11:47:24.545292+00:00,1,LEFT,711.0,71.0,512.0,10207,4.286784213575301,818.7154770705749,3.348
2026-07-29T11:47:24.595208+00:00,1,LEFT,711.0,71.0,512.0,10329,0.21226238835602998,40.53913000722449,3.34
2026-07-29T11:47:24.628760+00:00,1,LEFT,714.0,74.0,512.0,10370,-0.00010570401020231656,-0.02018797887400178,3.391
2026-07-29T11:47:24.661924+00:00,1,LEFT,712.0,72.0,512.0,10340,-0.33800166443921625,-64.55356280254725,3.385
2026-07-29T11:47:24.678686+00:00,1,LEFT,712.0,72.0,512.0,10304,-0.024445234038867055,-4.668695798788739,3.381
2026-07-29T11:47:24.745504+00:00,1,LEFT,713.0,73.0,512.0,10441,0.05121483719907701,9.781313399855744,3.397
2026-07-29T11:47:24.761965+00:00,1,LEFT,711.0,71.0,512.0,10293,0.007135841769631952,1.3628453889102516,3.37
2026-07-29T11:47:24.795318+00:00,1,LEFT,712.0,72.0,512.0,10337,-0.006872522581834346,-1.312555128491533,3.372
2026-07-29T11:47:24.878652+00:00,1,LEFT,711.0,71.0,512.0,10390,0.1138874621130526,21.75090306177993,3.354
2026-07-29T11:47:24.911908+00:00,1,LEFT,711.0,71.0,512.0,10272,-0.11616070468677207,-22.185060412725203,3.344
2026-07-29T11:47:24.945274+00:00,1,LEFT,713.0,73.0,512.0,10276,0.042813986141700296,8.176869033503408,3.375
2026-07-29T11:47:25.011991+00:00,1,LEFT,711.0,71.0,512.0,10419,-0.08934143502265215,-17.06295720813416,3.356
2026-07-29T11:47:25.028625+00:00,1,LEFT,713.0,73.0,512.0,10295,0.1649046423204709,31.49446675692468,3.383
2026-07-29T11:47:25.078667+00:00,1,LEFT,711.0,71.0,512.0,10286,0.10003440489061177,19.10516402111632,3.361
2026-07-29T11:47:25.128690+00:00,1,LEFT,713.0,73.0,512.0,10440,0.2864866681717103,54.71492324334631,3.385
2026-07-29T11:47:25.161911+00:00,1,LEFT,713.0,73.0,512.0,10395,-0.026530775062856265,-5.067004794375318,3.4
2026-07-29T11:47:25.178668+00:00,1,LEFT,711.0,71.0,512.0,10284,-0.022673955502687023,-4.330406517237985,3.371
2026-07-29T11:47:25.212098+00:00,1,LEFT,710.0,70.0,512.0,10228,-0.02520376563537866,-4.813564662480189,3.335
2026-07-29T11:47:25.278547+00:00,1,LEFT,711.0,71.0,512.0,10357,0.041765533771831544,7.976629380790179,3.332
2026-07-29T11:47:25.295331+00:00,1,LEFT,712.0,72.0,512.0,10399,-0.02676280127838254,-5.111318537328812,3.349
2026-07-29T11:47:25.345320+00:00,1,LEFT,712.0,72.0,512.0,10348,-0.037463029415812345,-7.154911577668338,3.36
2026-07-29T11:47:25.362021+00:00,1,LEFT,712.0,72.0,512.0,10374,0.08020324033685028,15.317690581916413,3.366
2026-07-29T11:47:25.428666+00:00,1,LEFT,711.0,71.0,512.0,10438,-4.10643414943479e-05,-0.007842711520366915,3.351
2026-07-29T11:47:25.461986+00:00,1,LEFT,712.0,72.0,512.0,10341,-0.028013470692385453,-5.350178800623701,3.36
2026-07-29T11:47:25.478580+00:00,1,LEFT,711.0,71.0,512.0,10448,-0.028013470692385453,-5.350178800623701,3.348
2026-07-29T11:47:25.511997+00:00,1,LEFT,711.0,71.0,512.0,10352,0.09712794668041169,18.550071391864282,3.34
2026-07-29T11:47:25.545091+00:00,1,LEFT,711.0,71.0,512.0,10254,0.039746324010193346,7.590988723145227,3.335
2026-07-29T11:47:25.595249+00:00,1,LEFT,713.0,73.0,512.0,10369,0.056496660590637474,10.79006736142204,3.37
2026-07-29T11:47:25.612024+00:00,1,LEFT,712.0,72.0,512.0,10322,-1.625933451578021e-05,-0.0031053041514853066,3.372
2026-07-29T11:47:25.661989+00:00,1,LEFT,711.0,71.0,512.0,10343,-0.11673739614896476,-22.295200368941433,3.354
2026-07-29T11:47:25.679042+00:00,1,LEFT,711.0,71.0,512.0,10311,0.09136650872882456,17.449717796689477,3.344
2026-07-29T11:47:25.712015+00:00,1,LEFT,712.0,72.0,512.0,10333,0.016656900933012368,3.181233744097106,3.356
2026-07-29T11:47:25.745264+00:00,1,LEFT,711.0,71.0,512.0,10403,-0.18004413398797625,-34.38589667866313,3.345
2026-07-29T11:47:25.778588+00:00,1,LEFT,712.0,72.0,512.0,10215,0.0762621682882309,14.565001264773523,3.357
2026-07-29T11:47:25.795242+00:00,1,LEFT,712.0,72.0,512.0,10262,-0.021626682375790553,-4.13039208334253,3.364
2026-07-29T11:47:25.828720+00:00,1,LEFT,712.0,72.0,512.0,10296,-0.06479290156625211,-12.374532673842758,3.369
2026-07-29T11:47:25.912061+00:00,1,LEFT,711.0,71.0,512.0,10342,-0.00011569491703994572,-0.022096101525016936,3.352
2026-07-29T11:47:25.945268+00:00,1,LEFT,711.0,71.0,512.0,10260,0.08423500862554648,16.087701604972995,3.343
2026-07-29T11:47:26.028665+00:00,1,LEFT,711.0,71.0,512.0,10259,0.055667722567450256,10.631751860733557,3.337
2026-07-29T11:47:26.045374+00:00,1,LEFT,711.0,71.0,512.0,10362,-0.17974686819361524,-34.32912309396149,3.333
2026-07-29T11:47:26.061955+00:00,1,LEFT,711.0,71.0,512.0,10292,0.0010918508528266102,0.20852815241574787,3.331
2026-07-29T11:47:26.128587+00:00,1,LEFT,713.0,73.0,512.0,10324,0.011714317212463356,2.2372697871720186,3.368
2026-07-29T11:47:26.178476+00:00,1,LEFT,712.0,72.0,512.0,10390,-0.05297347105573863,-10.117187725507495,3.371
2026-07-29T11:47:26.195326+00:00,1,LEFT,712.0,72.0,512.0,10361,0.007872622524009784,1.503560147751301,3.372
2026-07-29T11:47:26.245326+00:00,1,LEFT,712.0,72.0,512.0,10266,0.025487345475703478,4.867724422498876,3.373
2026-07-29T11:47:26.261833+00:00,1,LEFT,712.0,72.0,512.0,10184,-0.04026602726429701,-7.690244733343077,3.374
2026-07-29T11:47:26.311819+00:00,1,LEFT,711.0,71.0,512.0,10458,0.014766686772927641,2.820229431601371,3.356
2026-07-29T11:47:26.345467+00:00,1,LEFT,711.0,71.0,512.0,10369,0.012088035631459207,2.3086447476212317,3.345
2026-07-29T11:47:26.395489+00:00,1,LEFT,713.0,73.0,512.0,10351,-0.06417376779514598,-12.256286833714757,3.376
2026-07-29T11:47:26.411916+00:00,1,LEFT,712.0,72.0,512.0,10337,-0.07731819865119177,-14.766688207557943,3.375
2026-07-29T11:47:26.445483+00:00,1,LEFT,714.0,74.0,512.0,10472,0.28488366698846224,54.408772568831004,3.413
2026-07-29T11:47:26.478575+00:00,1,LEFT,712.0,72.0,512.0,10348,-0.006437676236964762,-1.2295055941658084,3.398
2026-07-29T11:47:26.528649+00:00,1,LEFT,713.0,73.0,512.0,10436,-0.09825214167125523,-18.76477681961456,3.407
2026-07-29T11:47:26.578622+00:00,1,LEFT,710.0,70.0,512.0,10190,-0.0029353769402951004,-0.5606156998631142,3.357
2026-07-29T11:47:26.612161+00:00,1,LEFT,713.0,73.0,512.0,10409,-8.194871305022388e-05,-0.01565105131435493,3.383
2026-07-29T11:47:26.628562+00:00,1,LEFT,713.0,73.0,512.0,10376,-0.032407462766022944,-6.189369470734919,3.398
2026-07-29T11:47:26.645422+00:00,1,LEFT,710.0,70.0,512.0,10280,0.00683324160578195,1.3050530146816774,3.352
2026-07-29T11:47:26.711956+00:00,1,LEFT,712.0,72.0,512.0,10339,-0.09784169648075476,-18.686387562490825,3.361
2026-07-29T11:47:26.745336+00:00,1,LEFT,714.0,74.0,512.0,10459,-0.09784169648075476,-18.686387562490825,3.404
2026-07-29T11:47:26.761980+00:00,1,LEFT,712.0,72.0,512.0,10318,0.09761521104024723,18.64313202961668,3.392
2026-07-29T11:47:26.811849+00:00,1,LEFT,712.0,72.0,512.0,10270,-0.039362897303071805,-7.5177596162430165,3.385
2026-07-29T11:47:26.845306+00:00,1,LEFT,711.0,71.0,512.0,10266,0.01136770674958825,2.1710720649792874,3.363
2026-07-29T11:47:26.878675+00:00,1,LEFT,712.0,72.0,512.0,10409,0.07932473906781524,15.1499091985411,3.368
2026-07-29T11:47:26.928713+00:00,1,LEFT,713.0,73.0,512.0,10318,-0.04276466670678929,-8.167449715275504,3.389
2026-07-29T11:47:26.945153+00:00,1,LEFT,712.0,72.0,512.0,10375,2.5782575248740615e-05,0.004924109155770986,3.384
2026-07-29T11:47:26.961938+00:00,1,LEFT,713.0,73.0,512.0,10394,-0.013480430090567097,-2.574572500702176,3.399
2026-07-29T11:47:26.995316+00:00,1,LEFT,711.0,71.0,512.0,10246,-0.01485779725946486,-2.837630252761258,3.371
2026-07-29T11:47:27.095131+00:00,1,LEFT,710.0,70.0,512.0,10378,-0.039399044141173366,-7.524663153796224,3.335
2026-07-29T11:47:27.111974+00:00,1,LEFT,710.0,70.0,512.0,10262,0.0039190166676417,0.7484770496576449,3.313
2026-07-29T11:47:27.161915+00:00,1,LEFT,711.0,71.0,512.0,10341,-0.024204056587623198,-4.622634298555422,3.319
2026-07-29T11:47:27.228673+00:00,1,LEFT,712.0,72.0,512.0,10355,0.10373958176001906,19.812800677671426,3.342
2026-07-29T11:47:27.261931+00:00,1,LEFT,711.0,71.0,512.0,10318,0.09367900875397027,17.891372768571966,3.336
2026-07-29T11:47:27.295728+00:00,1,LEFT,712.0,72.0,512.0,10295,-0.07829239975195378,-14.95274691246015,3.352
2026-07-29T11:47:27.361879+00:00,1,LEFT,710.0,70.0,512.0,10129,-0.08116290027275681,-15.500972128900546,3.324
2026-07-29T11:47:27.411901+00:00,1,LEFT,712.0,72.0,512.0,10308,-8.326024340931327e-05,-0.01590153516195193,3.344
2026-07-29T11:47:27.445304+00:00,1,LEFT,712.0,72.0,512.0,10381,-5.2912813844159244e-05,-0.010105603051439059,3.356
2026-07-29T11:47:27.495257+00:00,1,LEFT,711.0,71.0,512.0,10311,-0.2012081231828779,-38.4279208737576,3.345
2026-07-29T11:47:27.511917+00:00,1,LEFT,712.0,72.0,512.0,10326,-0.06910406057722866,-13.19790339430526,3.357
2026-07-29T11:47:27.561985+00:00,1,LEFT,711.0,71.0,512.0,10383,-0.043688447313616055,-8.343878815166198,3.345
2026-07-29T11:47:27.612012+00:00,1,LEFT,711.0,71.0,512.0,10208,0.05390943604230415,10.295943870514908,3.339
2026-07-29T11:47:27.628517+00:00,1,LEFT,713.0,73.0,512.0,10291,0.1135299428110011,21.682621904773214,3.372
2026-07-29T11:47:27.695250+00:00,1,LEFT,711.0,71.0,512.0,10314,-0.15927847590297461,-30.4199481217221,3.354
2026-07-29T11:47:27.712016+00:00,1,LEFT,711.0,71.0,512.0,10097,-0.10360678560566157,-19.78743848040392,3.344
2026-07-29T11:47:27.761964+00:00,1,LEFT,712.0,72.0,512.0,10242,0.11835113879293203,22.60340251134013,3.356
2026-07-29T11:47:27.795271+00:00,1,LEFT,712.0,72.0,512.0,10344,-0.06631801906973124,-12.665808661212367,3.364
2026-07-29T11:47:27.828514+00:00,1,LEFT,712.0,72.0,512.0,10233,-0.06631801906973124,-12.665808661212367,3.368
2026-07-29T11:47:27.845290+00:00,1,LEFT,712.0,72.0,512.0,10329,-0.001568005329463631,-0.29946695877428736,3.371
2026-07-29T11:47:27.895301+00:00,1,LEFT,711.0,71.0,512.0,10406,-0.03919745984021574,-7.486163388259667,3.354
2026-07-29T11:47:27.928588+00:00,1,LEFT,711.0,71.0,512.0,10392,-0.012050592896994203,-2.3014937120936527,3.344
2026-07-29T11:47:27.962032+00:00,1,LEFT,713.0,73.0,512.0,10394,-0.0869771235063672,-16.61140697034315,3.375
2026-07-29T11:47:27.978640+00:00,1,LEFT,713.0,73.0,512.0,10333,-0.0327602259645937,-6.256742278887051,3.394
2026-07-29T11:47:28.045396+00:00,1,LEFT,713.0,73.0,512.0,10300,-0.12523012591525912,-23.917192276120744,3.405
2026-07-29T11:47:28.062521+00:00,1,LEFT,711.0,71.0,512.0,10293,0.0035849650704767554,0.6846778941337927,3.374
2026-07-29T11:47:28.078578+00:00,1,LEFT,712.0,72.0,512.0,10299,-0.015256923772394657,-2.9138578017034282,3.375
2026-07-29T11:47:28.145227+00:00,1,LEFT,711.0,71.0,512.0,10271,-0.08774927786085755,-16.758877589159635,3.356
2026-07-29T11:47:28.178611+00:00,1,LEFT,712.0,72.0,512.0,10280,-0.17073328783735633,-32.607656051575965,3.364
2026-07-29T11:47:28.211995+00:00,1,LEFT,711.0,71.0,512.0,10174,0.12591187410987914,24.047396590262046,3.349
2026-07-29T11:47:28.228605+00:00,1,LEFT,711.0,71.0,512.0,10342,0.05013182307593524,9.574472938492127,3.341
2026-07-29T11:47:28.245238+00:00,1,LEFT,711.0,71.0,512.0,10252,-0.019702195004356327,-3.762842069644507,3.336
2026-07-29T11:47:28.278612+00:00,1,LEFT,710.0,70.0,512.0,10210,-0.019702195004356327,-3.762842069644507,3.314
2026-07-29T11:47:28.311933+00:00,1,LEFT,710.0,70.0,512.0,10266,0.011951228813268244,2.282516569984713,3.301
2026-07-29T11:47:28.361997+00:00,1,LEFT,711.0,71.0,512.0,10288,0.05028931427514181,9.60455154190876,3.312
2026-07-29T11:47:28.395826+00:00,1,LEFT,712.0,72.0,512.0,10312,0.10202684348914773,19.485691763233223,3.337
2026-07-29T11:47:28.428618+00:00,1,LEFT,712.0,72.0,512.0,10229,0.042142015853896736,8.048532162005623,3.352
2026-07-29T11:47:28.445342+00:00,1,LEFT,713.0,73.0,512.0,10359,0.22465108102187514,42.90519601868317,3.38
2026-07-29T11:47:28.495384+00:00,1,LEFT,712.0,72.0,512.0,10303,0.0996369581669569,19.0292572882939,3.378
2026-07-29T11:47:28.511808+00:00,1,LEFT,712.0,72.0,512.0,10407,0.1842977645015344,35.198280265446286,3.377
2026-07-29T11:47:28.562349+00:00,1,LEFT,713.0,73.0,512.0,10454,-0.14531496773939578,-27.753114505156972,3.395
2026-07-29T11:47:28.613015+00:00,1,LEFT,712.0,72.0,512.0,10128,0.09960442129522562,19.023043203531362,3.387
2026-07-29T11:47:28.628612+00:00,1,LEFT,712.0,72.0,512.0,10336,0.10664809909183531,20.368286570183837,3.382
2026-07-29T11:47:28.678540+00:00,1,LEFT,712.0,72.0,512.0,10206,0.022143429182469844,4.229083453674483,3.379
2026-07-29T11:47:28.695326+00:00,1,LEFT,711.0,71.0,512.0,10321,-0.11493037723004818,-21.95008517709406,3.359
2026-07-29T11:47:28.745195+00:00,1,LEFT,712.0,72.0,512.0,10249,-0.03551778946071863,-6.783398112444713,3.365
2026-07-29T11:47:28.778586+00:00,1,LEFT,711.0,71.0,512.0,10177,-0.019657910563983024,-3.7543843645395443,3.35
2026-07-29T11:47:28.811948+00:00,1,LEFT,710.0,70.0,512.0,10346,-0.05579331986606121,-10.655739177829062,3.323
2026-07-29T11:47:28.828572+00:00,1,LEFT,711.0,71.0,512.0,10238,-0.05579331986606121,-10.655739177829062,3.325
2026-07-29T11:47:28.862392+00:00,1,LEFT,712.0,72.0,512.0,10327,-0.11291117328219116,-21.564445629799522,3.345
2026-07-29T11:47:28.928658+00:00,1,LEFT,710.0,70.0,512.0,10216,0.10701896886341274,20.439117479051728,3.319
2026-07-29T11:47:28.945395+00:00,1,LEFT,711.0,71.0,512.0,10353,-0.13271903864573686,-25.347469251447972,3.323
2026-07-29T11:47:28.978548+00:00,1,LEFT,713.0,73.0,512.0,10266,0.014820729601196944,2.830550851510642,3.363
2026-07-29T11:47:29.028537+00:00,1,LEFT,710.0,70.0,512.0,10230,0.05300091861092369,10.122429822407684,3.33
2026-07-29T11:47:29.061935+00:00,1,LEFT,712.0,72.0,512.0,10323,0.08447600714251166,16.133728931276384,3.348
2026-07-29T11:47:29.095396+00:00,1,LEFT,711.0,71.0,512.0,10420,-0.1973431707941927,-37.68976934078871,3.34
2026-07-29T11:47:29.128772+00:00,1,LEFT,712.0,72.0,512.0,10311,-0.0736695296689868,-14.069843762489146,3.354
2026-07-29T11:47:29.178680+00:00,1,LEFT,711.0,71.0,512.0,10330,0.08444139301776886,16.127118120412046,3.344
2026-07-29T11:47:29.195171+00:00,1,LEFT,711.0,71.0,512.0,10260,-0.12183423606096767,-23.268625088313424,3.337
2026-07-29T11:47:29.245549+00:00,1,LEFT,711.0,71.0,512.0,10257,-0.051784470624406824,-9.890105370325672,3.334
2026-07-29T11:47:29.261854+00:00,1,LEFT,712.0,72.0,512.0,10358,-0.051784470624406824,-9.890105370325672,3.35
2026-07-29T11:47:29.279458+00:00,1,LEFT,710.0,70.0,512.0,10149,0.13015275818761438,24.857345787123577,3.323
2026-07-29T11:47:29.328555+00:00,1,LEFT,709.0,69.0,512.0,10301,0.16874543529003858,32.228004180723836,3.287
2026-07-29T11:47:29.361834+00:00,1,LEFT,712.0,72.0,512.0,10338,-0.08636813566787169,-16.495098860607857,3.322
2026-07-29T11:47:29.378672+00:00,1,LEFT,711.0,71.0,512.0,10284,9.165261173620821e-05,0.017504359446119756,3.325
2026-07-29T11:47:29.445185+00:00,1,LEFT,712.0,72.0,512.0,10376,-0.10369997441768647,-19.80523623249347,3.345
2026-07-29T11:47:29.478764+00:00,1,LEFT,711.0,71.0,512.0,10263,0.29733450055122373,56.78670661738457,3.338
2026-07-29T11:47:29.495159+00:00,1,LEFT,713.0,73.0,512.0,10312,-0.03791399519890547,-7.241039697921831,3.372
2026-07-29T11:47:29.561896+00:00,1,LEFT,711.0,71.0,512.0,10341,0.005690407553920522,1.0867877884966946,3.354
2026-07-29T11:47:29.595315+00:00,1,LEFT,711.0,71.0,512.0,10246,0.054214302790351214,10.354169130438157,3.344
2026-07-29T11:47:29.628654+00:00,1,LEFT,712.0,72.0,512.0,10343,0.054214302790351214,10.354169130438157,3.356
2026-07-29T11:47:29.645284+00:00,1,LEFT,713.0,73.0,512.0,10393,0.009861081931740045,1.883327920404725,3.383
2026-07-29T11:47:29.695305+00:00,1,LEFT,712.0,72.0,512.0,10401,0.047665020090353206,9.103348271945055,3.38
2026-07-29T11:47:29.728668+00:00,1,LEFT,711.0,71.0,512.0,10311,-0.13139340866357088,-25.094292574200928,3.359
2026-07-29T11:47:29.795267+00:00,1,LEFT,711.0,71.0,512.0,10133,-0.04865245047956705,-9.2919335848281,3.347
2026-07-29T11:47:29.811900+00:00,1,LEFT,712.0,72.0,512.0,10312,-0.04865245047956705,-9.2919335848281,3.358
2026-07-29T11:47:29.845285+00:00,1,LEFT,710.0,70.0,512.0,10194,-0.04865245047956705,-9.2919335848281,3.327
2026-07-29T11:47:29.878648+00:00,1,LEFT,713.0,73.0,512.0,10378,-5.083706608274952e-05,-0.009709164431230707,3.365
2026-07-29T11:47:29.912111+00:00,1,LEFT,712.0,72.0,512.0,10263,-0.04469446116825566,-8.536013308507986,3.369
2026-07-29T11:47:29.961954+00:00,1,LEFT,711.0,71.0,512.0,10235,-0.04469446116825566,-8.536013308507986,3.353
2026-07-29T11:47:29.995193+00:00,1,LEFT,712.0,72.0,512.0,10346,-0.05668716828164179,-10.826451650286472,3.362
2026-07-29T11:47:30.028686+00:00,1,LEFT,712.0,72.0,512.0,10321,-3.603067641961388e-05,-0.006881352306151371,3.367
2026-07-29T11:47:30.062032+00:00,1,LEFT,711.0,71.0,512.0,10261,-0.0012565324152819812,-0.23998001405679065,3.351
2026-07-29T11:47:30.095268+00:00,1,LEFT,712.0,72.0,512.0,10265,-0.00014379728352651,-0.027463258171717006,3.361
2026-07-29T11:47:30.128585+00:00,1,LEFT,712.0,72.0,512.0,10393,-0.08349986674729734,-15.947299848416343,3.367
2026-07-29T11:47:30.161989+00:00,1,LEFT,711.0,71.0,512.0,10287,3.117164022114594e-05,0.0059533447505730214,3.351
2026-07-29T11:47:30.195110+00:00,1,LEFT,710.0,70.0,512.0,10194,-0.11744242822984234,-22.42985157779347,3.323
2026-07-29T11:47:30.228695+00:00,1,LEFT,711.0,71.0,512.0,10316,-0.03059257021523081,-5.842750525967846,3.325
2026-07-29T11:47:30.278599+00:00,1,LEFT,711.0,71.0,512.0,10304,0.22847470819950103,43.635455017714776,3.326
2026-07-29T11:47:30.295259+00:00,1,LEFT,712.0,72.0,512.0,10284,6.305286660790443e-05,0.012042210476114278,3.346
2026-07-29T11:47:30.361999+00:00,1,LEFT,711.0,71.0,512.0,10256,-0.15278121947660112,-29.179063549570586,3.339
2026-07-29T11:47:30.378621+00:00,1,LEFT,712.0,72.0,512.0,10360,-0.016364671057090163,-3.125421948970526,3.353
2026-07-29T11:47:30.395253+00:00,1,LEFT,712.0,72.0,512.0,10359,0.04082367342431098,7.796747304778002,3.362
2026-07-29T11:47:30.461963+00:00,1,LEFT,713.0,73.0,512.0,10222,-0.0017562406184151768,-0.33541725081545104,3.386
2026-07-29T11:47:30.478685+00:00,1,LEFT,712.0,72.0,512.0,10341,-0.0017562406184151768,-0.33541725081545104,3.382
2026-07-29T11:47:30.512026+00:00,1,LEFT,712.0,72.0,512.0,10258,-0.0017562406184151768,-0.33541725081545104,3.379
2026-07-29T11:47:30.561917+00:00,1,LEFT,711.0,71.0,512.0,10262,-0.0017562406184151768,-0.33541725081545104,3.359
2026-07-29T11:47:30.578623+00:00,1,LEFT,711.0,71.0,512.0,10327,-0.0017562406184151768,-0.33541725081545104,3.346
2026-07-29T11:47:30.611962+00:00,1,LEFT,712.0,72.0,512.0,10293,-0.0017562406184151768,-0.33541725081545104,3.358
2026-07-29T11:47:30.645158+00:00,1,LEFT,713.0,73.0,512.0,10342,-0.0017562406184151768,-0.33541725081545104,3.383
2026-07-29T11:47:30.661964+00:00,1,LEFT,712.0,72.0,512.0,10331,0.07750531617319212,14.802425021836497,3.38
2026-07-29T11:47:30.711740+00:00,1,LEFT,711.0,71.0,512.0,10194,0.07750531617319212,14.802425021836497,3.359
2026-07-29T11:47:30.745348+00:00,1,LEFT,711.0,71.0,512.0,10334,0.07750531617319212,14.802425021836497,3.347
2026-07-29T11:47:30.761820+00:00,1,LEFT,711.0,71.0,512.0,10355,0.07750531617319212,14.802425021836497,3.339
2026-07-29T11:47:30.812023+00:00,1,LEFT,712.0,72.0,512.0,10254,0.07750531617319212,14.802425021836497,3.354
2026-07-29T11:47:30.861823+00:00,1,LEFT,711.0,71.0,512.0,10310,0.07750531617319212,14.802425021836497,3.343
2026-07-29T11:47:30.895704+00:00,1,LEFT,712.0,72.0,512.0,10233,-0.00015060308418469502,-0.02876307035145487,3.356
2026-07-29T11:47:30.945309+00:00,1,LEFT,712.0,72.0,512.0,10300,0.06175957826548256,11.7952105970668,3.364
2026-07-29T11:47:30.978595+00:00,1,LEFT,713.0,73.0,512.0,10290,0.003943374083610252,0.7531289734404536,3.387
2026-07-29T11:47:30.995313+00:00,1,LEFT,711.0,71.0,512.0,10294,0.01681067682278808,3.2106027756804973,3.363
2026-07-29T11:47:31.045328+00:00,1,LEFT,711.0,71.0,512.0,10248,0.01074565834365785,2.052269570603779,3.349
2026-07-29T11:47:31.078647+00:00,1,LEFT,712.0,72.0,512.0,10289,0.11473862654995173,21.913463494799757,3.36
2026-07-29T11:47:31.128512+00:00,1,LEFT,711.0,71.0,512.0,10276,-0.055765008428134026,-10.650332091478482,3.347
2026-07-29T11:47:31.145311+00:00,1,LEFT,712.0,72.0,512.0,10257,0.01599038969259709,3.053939473851024,3.358
2026-07-29T11:47:31.195314+00:00,1,LEFT,713.0,73.0,512.0,10432,-0.0415230315621011,-7.930314870323009,3.384
2026-07-29T11:47:31.211917+00:00,1,LEFT,709.0,69.0,512.0,10238,-0.05106413792353123,-9.75253195830757,3.324
2026-07-29T11:47:31.261943+00:00,1,LEFT,712.0,72.0,512.0,10363,0.017211095492821186,3.2870771084509585,3.344
2026-07-29T11:47:31.278564+00:00,1,LEFT,712.0,72.0,512.0,10267,-0.08720960533479229,-16.655807728950624,3.357
2026-07-29T11:47:31.311922+00:00,1,LEFT,712.0,72.0,512.0,10467,-7.21188832540065e-05,-0.013773692112170938,3.364
2026-07-29T11:47:31.328544+00:00,1,LEFT,711.0,71.0,512.0,10383,0.026254196415829937,5.014182163781828,3.35
2026-07-29T11:47:31.378544+00:00,1,LEFT,711.0,71.0,512.0,10231,0.026254196415829937,5.014182163781828,3.341
2026-07-29T11:47:31.411942+00:00,1,LEFT,711.0,71.0,512.0,10263,0.12025904044974595,22.967784886878306,3.336
2026-07-29T11:47:31.478679+00:00,1,LEFT,711.0,71.0,512.0,10270,-1.6699195839464664e-05,-0.003189311476212497,3.333
2026-07-29T11:47:31.511866+00:00,1,LEFT,711.0,71.0,512.0,10296,-0.048184171211905776,-9.202498832593205,3.331
2026-07-29T11:47:31.545161+00:00,1,LEFT,710.0,70.0,512.0,10193,0.04240251491079107,8.098283817096236,3.311
2026-07-29T11:47:31.561904+00:00,1,LEFT,712.0,72.0,512.0,10334,-0.052964746903744524,-10.11552153521052,3.337
2026-07-29T11:47:31.595192+00:00,1,LEFT,711.0,71.0,512.0,10367,-0.1681004814337939,-32.10482706757882,3.333
2026-07-29T11:47:31.645151+00:00,1,LEFT,712.0,72.0,512.0,10334,0.07881900182925165,15.05332050083345,3.35
2026-07-29T11:47:31.678709+00:00,1,LEFT,712.0,72.0,512.0,10238,-1.2788155072485096e-05,-0.002442357711374038,3.36
2026-07-29T11:47:31.745167+00:00,1,LEFT,712.0,72.0,512.0,10354,-0.015336362798698246,-2.929029538156176,3.366
2026-07-29T11:47:31.761985+00:00,1,LEFT,712.0,72.0,512.0,10294,-3.6031706258654594e-05,-0.006881548990920074,3.37
2026-07-29T11:47:31.778658+00:00,1,LEFT,713.0,73.0,512.0,10266,-0.027676415275782348,-5.285805957845763,3.391
2026-07-29T11:47:31.811954+00:00,1,LEFT,712.0,72.0,512.0,10287,0.07048669491894544,13.46196710227266,3.384
2026-07-29T11:47:31.845245+00:00,1,LEFT,712.0,72.0,512.0,10406,-0.026676328904868568,-5.094803530506048,3.381
2026-07-29T11:47:31.861962+00:00,1,LEFT,711.0,71.0,512.0,10295,-0.026676328904868568,-5.094803530506048,3.36
2026-07-29T11:47:31.911889+00:00,1,LEFT,710.0,70.0,512.0,10348,0.06645448248251341,12.691871253246934,3.328
2026-07-29T11:47:31.945273+00:00,1,LEFT,712.0,72.0,512.0,10221,-0.023157181646674872,-4.422695912574267,3.347
2026-07-29T11:47:31.978602+00:00,1,LEFT,711.0,71.0,512.0,10315,0.013496010495873633,2.577548138926068,3.339
2026-07-29T11:47:31.996334+00:00,1,LEFT,712.0,72.0,512.0,10339,0.04547331658075564,8.684763735131884,3.354
2026-07-29T11:47:32.028635+00:00,1,LEFT,713.0,73.0,512.0,10358,-1.6645061405142768e-05,-0.003178972560835921,3.381
2026-07-29T11:47:32.095365+00:00,1,LEFT,712.0,72.0,512.0,10319,-1.6645061405142768e-05,-0.003178972560835921,3.379
2026-07-29T11:47:32.111890+00:00,1,LEFT,712.0,72.0,512.0,10324,-0.09157036581309512,-17.48865163186463,3.377
2026-07-29T11:47:32.145375+00:00,1,LEFT,710.0,70.0,512.0,10334,-4.5097924703441096e-05,-0.008613069167686498,3.339
2026-07-29T11:47:32.195226+00:00,1,LEFT,711.0,71.0,512.0,10226,-0.07505354829132557,-14.334171848580889,3.335
2026-07-29T11:47:32.211911+00:00,1,LEFT,712.0,72.0,512.0,10340,0.01604102398036048,3.0636099104760004,3.351
2026-07-29T11:47:32.245384+00:00,1,LEFT,712.0,72.0,512.0,10340,0.01604102398036048,3.0636099104760004,3.36
2026-07-29T11:47:32.278601+00:00,1,LEFT,712.0,72.0,512.0,10236,-0.022481401211116463,-4.29363135645757,3.366
2026-07-29T11:47:32.312076+00:00,1,LEFT,711.0,71.0,512.0,10273,-6.710288511385442e-05,-0.01281570703391699,3.351
2026-07-29T11:47:32.328487+00:00,1,LEFT,712.0,72.0,512.0,10460,-0.06829673898639158,-13.043716328089417,3.361
2026-07-29T11:47:32.378582+00:00,1,LEFT,712.0,72.0,512.0,10422,0.03975563709740527,7.592767391783495,3.366
2026-07-29T11:47:32.395267+00:00,1,LEFT,712.0,72.0,512.0,10402,-0.11352994476794265,-21.68262227852152,3.37
2026-07-29T11:47:32.445170+00:00,1,LEFT,712.0,72.0,512.0,10352,-3.322520939036621e-05,-0.006345547571688049,3.372
2026-07-29T11:47:32.512030+00:00,1,LEFT,712.0,72.0,512.0,10351,0.0,0.0,3.373
2026-07-29T11:47:32.528516+00:00,1,LEFT,711.0,71.0,512.0,10301,0.0,0.0,3.355
2026-07-29T11:47:32.578734+00:00,1,LEFT,712.0,72.0,512.0,10296,0.0,0.0,3.363
2026-07-29T11:47:32.595284+00:00,1,LEFT,710.0,70.0,512.0,10242,0.0,0.0,3.33
2026-07-29T11:47:32.628613+00:00,1,LEFT,712.0,72.0,512.0,10363,0.0,0.0,3.348
2026-07-29T11:47:32.661942+00:00,1,LEFT,712.0,72.0,512.0,10324,0.0,0.0,3.359
2026-07-29T11:47:32.695210+00:00,1,LEFT,713.0,73.0,512.0,10315,0.0,0.0,3.384
2026-07-29T11:47:32.711957+00:00,1,LEFT,713.0,73.0,512.0,10315,0.0,0.0,3.399
2026-07-29T11:47:32.745237+00:00,1,LEFT,714.0,74.0,512.0,10447,0.0,0.0,3.427
2026-07-29T11:47:32.761933+00:00,1,LEFT,712.0,72.0,512.0,10316,-4.329828982008621e-05,-0.008269364222750654,3.406
2026-07-29T11:47:32.795190+00:00,1,LEFT,712.0,72.0,512.0,10400,-3.671950995340012e-05,-0.007012909820394816,3.394
2026-07-29T11:47:32.861992+00:00,1,LEFT,712.0,72.0,512.0,10325,-9.811755444388836e-07,-0.00018739072552599595,3.386
2026-07-29T11:47:32.878672+00:00,1,LEFT,710.0,70.0,512.0,10183,0.09454049792140723,18.05590507987322,3.344
2026-07-29T11:47:32.911988+00:00,1,LEFT,712.0,72.0,512.0,10357,-0.06148476548492909,-11.742725222126904,3.357
2026-07-29T11:47:32.945208+00:00,1,LEFT,712.0,72.0,512.0,10302,0.2959319280972704,56.51883501047513,3.364
2026-07-29T11:47:32.961961+00:00,1,LEFT,712.0,72.0,512.0,10364,-0.11333648551313673,-21.645674282494436,3.368
2026-07-29T11:47:33.011954+00:00,1,LEFT,711.0,71.0,512.0,10183,0.28507976963883264,54.44622541622285,3.352
2026-07-29T11:47:33.061992+00:00,1,LEFT,711.0,71.0,512.0,10231,0.002614858276210725,0.4994011441724274,3.343
2026-07-29T11:47:33.095307+00:00,1,LEFT,711.0,71.0,512.0,10317,-0.24809030197095125,-47.38175747020545,3.337
2026-07-29T11:47:33.145445+00:00,1,LEFT,712.0,72.0,512.0,10265,-0.29743883456569165,-56.806632946346795,3.352
2026-07-29T11:47:33.161821+00:00,1,LEFT,712.0,72.0,512.0,10285,0.5854356636758894,111.80997568356258,3.361
2026-07-29T11:47:33.211839+00:00,1,LEFT,712.0,72.0,512.0,10347,-0.11835377722745762,-22.60390641521625,3.367
2026-07-29T11:47:33.228617+00:00,1,LEFT,713.0,73.0,512.0,10419,-0.12303395868279039,-23.49775523103613,3.389
2026-07-29T11:47:33.262007+00:00,1,LEFT,712.0,72.0,512.0,10320,0.13359394819941373,25.514564667719167,3.383
2026-07-29T11:47:33.295261+00:00,1,LEFT,711.0,71.0,512.0,10295,0.002788713973131962,0.532605136432069,3.361
2026-07-29T11:47:33.328462+00:00,1,LEFT,713.0,73.0,512.0,10394,0.011289073042571544,2.1560541331808687,3.385
2026-07-29T11:47:33.378552+00:00,1,LEFT,710.0,70.0,512.0,10273,-6.224466691492125e-05,-0.011887855704741926,3.344
2026-07-29T11:47:33.411817+00:00,1,LEFT,712.0,72.0,512.0,10287,-0.10240995964035392,-19.55886155832459,3.356
2026-07-29T11:47:33.461923+00:00,1,LEFT,712.0,72.0,512.0,10335,-0.26629453716799617,-50.85851029038605,3.364
2026-07-29T11:47:33.495328+00:00,1,LEFT,712.0,72.0,512.0,10284,-0.1750734674028354,-33.43656928967887,3.368
2026-07-29T11:47:33.528549+00:00,1,LEFT,711.0,71.0,512.0,10246,-0.002588789082947187,-0.4944222950080554,3.352
2026-07-29T11:47:33.546681+00:00,1,LEFT,710.0,70.0,512.0,10314,-0.002588789082947187,-0.4944222950080554,3.324
2026-07-29T11:47:33.561885+00:00,1,LEFT,711.0,71.0,512.0,10370,-0.05044441806807299,-9.63417418431352,3.326
2026-07-29T11:47:33.628516+00:00,1,LEFT,711.0,71.0,512.0,10235,7.625890430063012e-06,0.0014564377889060495,3.327
2026-07-29T11:47:33.678569+00:00,1,LEFT,711.0,71.0,512.0,10348,-0.10477411797444802,-20.010382540472165,3.327
2026-07-29T11:47:33.695379+00:00,1,LEFT,712.0,72.0,512.0,10315,0.012688907249830662,2.423402773494165,3.346
2026-07-29T11:47:33.745274+00:00,1,LEFT,712.0,72.0,512.0,10262,-0.07890796922612936,-15.070312022017976,3.358
2026-07-29T11:47:33.778523+00:00,1,LEFT,713.0,73.0,512.0,10335,-0.0001507016667164862,-0.028781898228139372,3.383
2026-07-29T11:47:33.795371+00:00,1,LEFT,712.0,72.0,512.0,10283,-0.10228971617761999,-19.535896748562283,3.38
2026-07-29T11:47:33.862143+00:00,1,LEFT,711.0,71.0,512.0,10205,0.18616614368744194,35.555114405054915,3.359
2026-07-29T11:47:33.878684+00:00,1,LEFT,713.0,73.0,512.0,10326,-0.00016579241026192903,-0.03166401794436658,3.384
2026-07-29T11:47:33.911902+00:00,1,LEFT,711.0,71.0,512.0,10276,-1.229520421475172e-05,-0.0023482110325224502,3.362
2026-07-29T11:47:33.961890+00:00,1,LEFT,711.0,71.0,512.0,10274,0.23226941033266485,44.36018974018003,3.348
2026-07-29T11:47:33.978651+00:00,1,LEFT,712.0,72.0,512.0,10261,0.23226941033266485,44.36018974018003,3.359
2026-07-29T11:47:34.011761+00:00,1,LEFT,712.0,72.0,512.0,10295,0.23226941033266485,44.36018974018003,3.365
2026-07-29T11:47:34.078641+00:00,1,LEFT,712.0,72.0,512.0,10319,0.23226941033266485,44.36018974018003,3.369
2026-07-29T11:47:34.111884+00:00,1,LEFT,712.0,72.0,512.0,10266,0.23226941033266485,44.36018974018003,3.372
2026-07-29T11:47:34.128666+00:00,1,LEFT,712.0,72.0,512.0,10275,0.23226941033266485,44.36018974018003,3.373
2026-07-29T11:47:34.161851+00:00,1,LEFT,711.0,71.0,512.0,10286,0.23226941033266485,44.36018974018003,3.355
2026-07-29T11:47:34.211883+00:00,1,LEFT,712.0,72.0,512.0,10261,0.40220905628055337,76.81627135605169,3.363
2026-07-29T11:47:34.261918+00:00,1,LEFT,710.0,70.0,512.0,10187,-0.17651582738384605,-33.7120397545138,3.33
2026-07-29T11:47:34.278588+00:00,1,LEFT,711.0,71.0,512.0,10373,-0.17651582738384605,-33.7120397545138,3.329
2026-07-29T11:47:34.295258+00:00,1,LEFT,710.0,70.0,512.0,10281,0.0038339400023687633,0.7322286034736899,3.31
2026-07-29T11:47:34.361876+00:00,1,LEFT,712.0,72.0,512.0,10301,0.0038339400023687633,0.7322286034736899,3.336
2026-07-29T11:47:34.395228+00:00,1,LEFT,712.0,72.0,512.0,10267,0.0038339400023687633,0.7322286034736899,3.352
2026-07-29T11:47:34.428657+00:00,1,LEFT,712.0,72.0,512.0,10332,0.0038339400023687633,0.7322286034736899,3.361
2026-07-29T11:47:34.445422+00:00,1,LEFT,710.0,70.0,512.0,10223,0.0038339400023687633,0.7322286034736899,3.329
2026-07-29T11:47:34.478643+00:00,1,LEFT,712.0,72.0,512.0,10349,0.0038339400023687633,0.7322286034736899,3.347
2026-07-29T11:47:34.511856+00:00,1,LEFT,712.0,72.0,512.0,10391,0.0038339400023687633,0.7322286034736899,3.358
2026-07-29T11:47:34.545279+00:00,1,LEFT,712.0,72.0,512.0,10150,-0.060793134961277244,-11.61063352216799,3.365
2026-07-29T11:47:34.595342+00:00,1,LEFT,711.0,71.0,512.0,10340,-0.04633302259258926,-8.848955488798854,3.35
2026-07-29T11:47:34.628487+00:00,1,LEFT,711.0,71.0,512.0,10216,-0.2810778103908524,-53.68190750058079,3.341
2026-07-29T11:47:34.661940+00:00,1,LEFT,711.0,71.0,512.0,10181,0.4415629873168655,84.33231854148364,3.336
2026-07-29T11:47:34.678501+00:00,1,LEFT,711.0,71.0,512.0,10243,0.015233107954263686,2.9093093154882426,3.333
2026-07-29T11:47:34.695243+00:00,1,LEFT,711.0,71.0,512.0,10136,0.10394399148295634,19.851840059057245,3.331
2026-07-29T11:47:34.761998+00:00,1,LEFT,712.0,72.0,512.0,10326,-0.017062753308564424,-3.258745838178744,3.349
2026-07-29T11:47:34.795398+00:00,1,LEFT,712.0,72.0,512.0,10480,0.0675777043402195,12.906390826258276,3.359
2026-07-29T11:47:34.811992+00:00,1,LEFT,712.0,72.0,512.0,10367,-0.13733868533643545,-26.229756778843328,3.365
2026-07-29T11:47:34.845297+00:00,1,LEFT,711.0,71.0,512.0,10407,-0.13733868533643545,-26.229756778843328,3.351
2026-07-29T11:47:34.862061+00:00,1,LEFT,711.0,71.0,512.0,10285,0.22130427832249552,42.266003786891694,3.342
2026-07-29T11:47:34.929582+00:00,1,LEFT,711.0,71.0,512.0,10312,0.033785463450476526,6.452548215352682,3.336
2026-07-29T11:47:34.945207+00:00,1,LEFT,711.0,71.0,512.0,10278,-0.09243899396940833,-17.654547389607888,3.333
2026-07-29T11:47:34.978602+00:00,1,LEFT,711.0,71.0,512.0,10102,-0.06724461142439395,-12.84277476538324,3.331
2026-07-29T11:47:35.012051+00:00,1,LEFT,712.0,72.0,512.0,10445,0.07300418946892023,13.942773144475135,3.349
2026-07-29T11:47:35.045125+00:00,1,LEFT,713.0,73.0,512.0,10389,0.08333983297459781,15.916735649232214,3.378
2026-07-29T11:47:35.095201+00:00,1,LEFT,711.0,71.0,512.0,10366,-0.014414593270048499,-2.7529845259048638,3.358
2026-07-29T11:47:35.145328+00:00,1,LEFT,711.0,71.0,512.0,10388,-0.1255569552164525,-23.979612074719377,3.346
2026-07-29T11:47:35.178565+00:00,1,LEFT,712.0,72.0,512.0,10252,-0.090281511345529,-17.242498560537566,3.358
2026-07-29T11:47:35.228593+00:00,1,LEFT,711.0,71.0,512.0,10270,-0.023989297514781356,-4.581618336935487,3.346
2026-07-29T11:47:35.245272+00:00,1,LEFT,713.0,73.0,512.0,10357,-0.023989297514781356,-4.581618336935487,3.376
2026-07-29T11:47:35.278545+00:00,1,LEFT,712.0,72.0,512.0,10409,0.05036851336248219,9.619677453395067,3.376
2026-07-29T11:47:35.312021+00:00,1,LEFT,712.0,72.0,512.0,10314,-0.13232599542941897,-25.272403526577097,3.375
2026-07-29T11:47:35.361935+00:00,1,LEFT,711.0,71.0,512.0,10338,0.08155257893493399,15.575395271264066,3.357
2026-07-29T11:47:35.395821+00:00,1,LEFT,711.0,71.0,512.0,10301,0.1885427731787786,36.009017202787966,3.345
2026-07-29T11:47:35.428596+00:00,1,LEFT,711.0,71.0,512.0,10246,-0.3692381120822392,-70.5192848589692,3.338
2026-07-29T11:47:35.461818+00:00,1,LEFT,712.0,72.0,512.0,10342,0.10896991651854478,20.811721034685096,3.353
2026-07-29T11:47:35.511968+00:00,1,LEFT,711.0,71.0,512.0,10358,-0.12642528621479868,-24.14545107947144,3.343
2026-07-29T11:47:35.545410+00:00,1,LEFT,711.0,71.0,512.0,10303,-0.00011231750948354601,-0.021451064196092617,3.337
2026-07-29T11:47:35.561849+00:00,1,LEFT,711.0,71.0,512.0,10357,-0.022065083400812,-4.21412051156899,3.333
2026-07-29T11:47:35.595332+00:00,1,LEFT,712.0,72.0,512.0,10417,0.02796425627078861,5.3407795384614465,3.35
2026-07-29T11:47:35.628400+00:00,1,LEFT,711.0,71.0,512.0,10333,5.155199440196155e-05,0.009845705682381477,3.341
2026-07-29T11:47:35.678606+00:00,1,LEFT,712.0,72.0,512.0,10254,-0.06297195586375892,-12.026757662258275,3.355
2026-07-29T11:47:35.711797+00:00,1,LEFT,711.0,71.0,512.0,10307,0.14408919866429643,27.51900985628748,3.344
2026-07-29T11:47:35.728554+00:00,1,LEFT,711.0,71.0,512.0,10314,0.14408919866429643,27.51900985628748,3.338
2026-07-29T11:47:35.745282+00:00,1,LEFT,711.0,71.0,512.0,10139,3.3852411434054375e-05,0.006465334338372422,3.334
2026-07-29T11:47:35.795412+00:00,1,LEFT,711.0,71.0,512.0,10234,3.3852411434054375e-05,0.006465334338372422,3.332
2026-07-29T11:47:35.811953+00:00,1,LEFT,710.5,70.5,512.0,10304,3.3852411434054375e-05,0.006465334338372422,3.321
2026-07-29T11:47:35.861938+00:00,1,LEFT,711.0,71.0,512.0,10402,-0.019145328507293016,-3.656488402864634,3.324
2026-07-29T11:47:35.911920+00:00,1,LEFT,712.0,72.0,512.0,10266,-0.14839209917001425,-28.34080331842861,3.344
2026-07-29T11:47:35.928541+00:00,1,LEFT,711.0,71.0,512.0,10225,0.112597741256468,21.504584522338945,3.338
2026-07-29T11:47:35.961934+00:00,1,LEFT,712.0,72.0,512.0,10311,-0.03401998078916222,-6.497337727783783,3.353
2026-07-29T11:47:36.011917+00:00,1,LEFT,711.0,71.0,512.0,10314,-0.09695068525150419,-18.51621695270809,3.343
2026-07-29T11:47:36.028518+00:00,1,LEFT,711.0,71.0,512.0,10346,-0.09695068525150419,-18.51621695270809,3.337
2026-07-29T11:47:36.061953+00:00,1,LEFT,710.0,70.0,512.0,10220,-0.15485171692445873,-29.57449943375342,3.315
2026-07-29T11:47:36.128601+00:00,1,LEFT,713.0,73.0,512.0,10359,-0.00014870597573462873,-0.02840074932656353,3.358
2026-07-29T11:47:36.145298+00:00,1,LEFT,712.0,72.0,512.0,10437,-0.00014870597573462873,-0.02840074932656353,3.365
2026-07-29T11:47:36.178622+00:00,1,LEFT,710.0,70.0,512.0,10299,-0.07918026652419939,-15.12231697519207,3.331
2026-07-29T11:47:36.228627+00:00,1,LEFT,710.0,70.0,512.0,10299,-0.00016856499889399856,-0.032193543367511686,3.311
2026-07-29T11:47:36.245168+00:00,1,LEFT,713.0,73.0,512.0,10352,-0.10484353350009769,-20.023639929313525,3.355
2026-07-29T11:47:36.311950+00:00,1,LEFT,710.0,70.0,512.0,10210,-0.11325562682002782,-21.630231409654158,3.326
2026-07-29T11:47:36.328625+00:00,1,LEFT,710.0,70.0,512.0,10323,0.28078817534260453,53.626591281035225,3.308
2026-07-29T11:47:36.361805+00:00,1,LEFT,711.0,71.0,512.0,10253,0.28078817534260453,53.626591281035225,3.316
2026-07-29T11:47:36.378617+00:00,1,LEFT,711.0,71.0,512.0,10204,0.12816258230879612,24.47725019264016,3.321
2026-07-29T11:47:36.428552+00:00,1,LEFT,710.0,70.0,512.0,10212,0.14326643550302834,27.361873667355805,3.305
2026-07-29T11:47:36.461897+00:00,1,LEFT,710.0,70.0,512.0,10172,-0.04598658296046779,-8.78279039287677,3.296
2026-07-29T11:47:36.478637+00:00,1,LEFT,711.0,71.0,512.0,10209,-0.11444669388176408,-21.857708462169274,3.309
2026-07-29T11:47:36.528369+00:00,1,RIGHT,592.0,-48.0,512.0,23187,-0.9395490382937715,-179.44064846602825,1.085
2026-07-29T11:47:36.562080+00:00,1,LEFT,712.0,72.0,512.0,10285,1.6687077218666673,318.69969901283486,2.001
2026-07-29T11:47:36.595241+00:00,1,LEFT,712.0,72.0,512.0,10366,0.1979508824343793,37.80583371460092,2.551
2026-07-29T11:47:36.645241+00:00,1,LEFT,713.0,73.0,512.0,10328,-0.000146232966799289,-0.027928439410919836,2.899
2026-07-29T11:47:36.678603+00:00,1,LEFT,712.0,72.0,512.0,10363,-0.05156963877379894,-9.849075509176284,3.089
2026-07-29T11:47:36.695245+00:00,1,LEFT,711.0,71.0,512.0,10414,-0.05156963877379894,-9.849075509176284,3.185
2026-07-29T11:47:36.728645+00:00,1,LEFT,712.0,72.0,512.0,10322,1.107088755816222e-05,0.0021143837751552968,3.261
2026-07-29T11:47:36.761907+00:00,1,LEFT,711.0,71.0,512.0,10191,0.034143125494010745,6.520856633974466,3.288
2026-07-29T11:47:36.795228+00:00,1,LEFT,712.0,72.0,512.0,10278,-1.5263285022228956e-05,-0.0029150727109298735,3.323
2026-07-29T11:47:36.828616+00:00,1,LEFT,712.0,72.0,512.0,10328,-0.17557205795776099,-33.53179307135328,3.344
2026-07-29T11:47:36.845230+00:00,1,LEFT,713.0,73.0,512.0,10289,-0.03544540913644596,-6.769574488776005,3.375
2026-07-29T11:47:36.895247+00:00,1,LEFT,712.0,72.0,512.0,10355,-0.1154013832192868,-22.040040694789916,3.375
2026-07-29T11:47:36.928609+00:00,1,LEFT,712.0,72.0,512.0,10338,0.02474423357285559,4.725800503368477,3.375
2026-07-29T11:47:36.978583+00:00,1,LEFT,712.0,72.0,512.0,10276,-0.07041655750945211,-13.448571843772832,3.375
2026-07-29T11:47:36.995244+00:00,1,LEFT,713.0,73.0,512.0,10310,-0.0197264014382381,-3.7674651579728007,3.394
2026-07-29T11:47:37.028614+00:00,1,LEFT,711.0,71.0,512.0,10279,-0.3164747856929898,-60.44223180838508,3.367
2026-07-29T11:47:37.062011+00:00,1,LEFT,712.0,72.0,512.0,10474,0.09050120141357183,17.284456272870223,3.37
2026-07-29T11:47:37.112022+00:00,1,LEFT,712.0,72.0,512.0,10333,-0.35535621526651084,-67.86803786171141,3.372
2026-07-29T11:47:37.145224+00:00,1,LEFT,711.0,71.0,512.0,10237,0.4222708639129996,80.64779437852673,3.355
2026-07-29T11:47:37.161990+00:00,1,LEFT,710.0,70.0,512.0,10251,-0.00019029885472264142,-0.036344404072601824,3.325
2026-07-29T11:47:37.211971+00:00,1,LEFT,712.0,72.0,512.0,10270,0.2655785998143256,50.721776327849085,3.345
2026-07-29T11:47:37.245201+00:00,1,LEFT,712.0,72.0,512.0,10259,0.07682091891765594,14.671714774327965,3.357
2026-07-29T11:47:37.295223+00:00,1,LEFT,712.0,72.0,512.0,10323,-0.17474474574439228,-33.373788077467765,3.364
2026-07-29T11:47:37.311949+00:00,1,LEFT,713.0,73.0,512.0,10244,0.00573073314037174,1.0944894081968435,3.387
2026-07-29T11:47:37.329023+00:00,1,LEFT,712.0,72.0,512.0,10217,-0.02988429490942508,-5.70747990678116,3.382
2026-07-29T11:47:37.378567+00:00,1,LEFT,712.0,72.0,512.0,10380,-0.07145544160157442,-13.646984090045793,3.379
2026-07-29T11:47:37.428571+00:00,1,LEFT,711.0,71.0,512.0,10249,-1.2370704207569352e-05,-0.0023626304689948444,3.359
2026-07-29T11:47:37.445195+00:00,1,LEFT,711.0,71.0,512.0,10313,-0.008848253439646214,-1.6898919271794726,3.347
2026-07-29T11:47:37.478673+00:00,1,LEFT,711.0,71.0,512.0,10326,-0.10790685756132007,-20.608691729276583,3.339
2026-07-29T11:47:37.495218+00:00,1,LEFT,711.0,71.0,512.0,10331,-2.7820088434964417e-05,-0.005313245510013909,3.335
2026-07-29T11:47:37.511957+00:00,1,LEFT,711.0,71.0,512.0,10294,-2.7820088434964417e-05,-0.005313245510013909,3.332
2026-07-29T11:47:37.561944+00:00,1,LEFT,711.0,71.0,512.0,10326,-0.19385391112416983,-37.02336983173031,3.331
2026-07-29T11:47:37.595222+00:00,1,LEFT,711.0,71.0,512.0,10163,-0.05944064829538547,-11.352327596156929,3.33
2026-07-29T11:47:37.628558+00:00,1,LEFT,711.0,71.0,512.0,10407,0.005295468769036233,1.011360036697045,3.329
2026-07-29T11:47:37.662002+00:00,1,LEFT,712.0,72.0,512.0,10244,0.0012500454485416413,0.23874109466991325,3.347
2026-07-29T11:47:37.695184+00:00,1,LEFT,713.0,73.0,512.0,10378,0.19196625078096985,36.662853262331716,3.377
2026-07-29T11:47:37.745330+00:00,1,LEFT,712.0,72.0,512.0,10368,-0.18440026261727327,-35.21785596357922,3.376
2026-07-29T11:47:37.761806+00:00,1,LEFT,713.0,73.0,512.0,10217,0.06056586230173707,11.56722764153344,3.395
2026-07-29T11:47:37.795304+00:00,1,LEFT,712.0,72.0,512.0,10433,0.06056586230173707,11.56722764153344,3.387
2026-07-29T11:47:37.828578+00:00,1,LEFT,712.0,72.0,512.0,10426,0.13319239668082447,25.437873976811723,3.382
2026-07-29T11:47:37.878527+00:00,1,LEFT,711.0,71.0,512.0,10316,0.13319239668082447,25.437873976811723,3.36
2026-07-29T11:47:37.895298+00:00,1,LEFT,712.0,72.0,512.0,10341,0.027452578535303473,5.243056289414414,3.366
2026-07-29T11:47:37.945365+00:00,1,LEFT,713.0,73.0,512.0,10400,-0.15208976301830263,-29.047005093645364,3.389
2026-07-29T11:47:37.961836+00:00,1,LEFT,712.0,72.0,512.0,10342,0.0,0.0,3.383
2026-07-29T11:47:38.011997+00:00,1,LEFT,712.0,72.0,512.0,10335,-3.331395491841249e-06,-0.0006362496719047087,3.38
2026-07-29T11:47:38.045058+00:00,1,RIGHT,571.0,-69.0,512.0,15551,-0.016458951109088956,-3.1434281125432086,0.734
2026-07-29T11:47:38.062003+00:00,1,LEFT,712.0,72.0,512.0,10293,-0.22674946230952628,-43.30595732398863,1.791
2026-07-29T11:47:38.111937+00:00,1,LEFT,712.0,72.0,512.0,10317,-0.034284565495327116,-6.547869684406975,2.424
2026-07-29T11:47:38.128679+00:00,1,LEFT,711.0,71.0,512.0,10302,0.11671902953181416,22.291692603452564,2.786
2026-07-29T11:47:38.145283+00:00,1,LEFT,713.0,73.0,512.0,10332,0.05430082050152123,10.370692796115401,3.04
2026-07-29T11:47:38.211906+00:00,1,LEFT,712.0,72.0,512.0,10287,0.05849706549255643,11.172116555412831,3.174
2026-07-29T11:47:38.229060+00:00,1,LEFT,713.0,73.0,512.0,10270,0.023677854230045342,4.522137051025272,3.273
2026-07-29T11:47:38.245339+00:00,1,LEFT,712.0,72.0,512.0,10262,-0.07121209433302284,-13.600508185232318,3.314
2026-07-29T11:47:38.295264+00:00,1,LEFT,711.0,71.0,512.0,10355,-0.04520647936500609,-8.633801580866983,3.32
2026-07-29T11:47:38.345372+00:00,1,LEFT,712.0,72.0,512.0,10325,-9.068069164641201e-05,-0.017318736382222095,3.342
2026-07-29T11:47:38.361886+00:00,1,LEFT,712.0,72.0,512.0,10247,-9.068069164641201e-05,-0.017318736382222095,3.355
2026-07-29T11:47:38.378521+00:00,1,LEFT,712.0,72.0,512.0,10215,0.06882583487138617,13.144766198649183,3.363
2026-07-29T11:47:38.429102+00:00,1,LEFT,711.0,71.0,512.0,10259,-0.14542212211177685,-27.773579482803,3.349
2026-07-29T11:47:38.461843+00:00,1,LEFT,711.0,71.0,512.0,10292,-0.08839833030477166,-16.882837474889403,3.341
2026-07-29T11:47:38.478501+00:00,1,LEFT,711.0,71.0,512.0,10227,0.1819296913337894,34.7460116051464,3.336
2026-07-29T11:47:38.528692+00:00,1,LEFT,712.0,72.0,512.0,10330,-0.343278965447098,-65.5614530524531,3.351
2026-07-29T11:47:38.545142+00:00,1,LEFT,712.0,72.0,512.0,10333,-0.0003811744716949761,-0.07279896162083663,3.361
2026-07-29T11:47:38.561917+00:00,1,LEFT,712.0,72.0,512.0,10231,-0.016574706733226776,-3.1655358082698744,3.367
2026-07-29T11:47:38.629152+00:00,1,LEFT,711.0,71.0,512.0,10241,0.022121408467646687,4.224877806937056,3.351
2026-07-29T11:47:38.695100+00:00,1,LEFT,711.0,71.0,512.0,10212,-0.0668564428575337,-12.768640029980794,3.342
2026-07-29T11:47:38.711911+00:00,1,LEFT,710.0,70.0,512.0,10242,-0.0668564428575337,-12.768640029980794,3.318
2026-07-29T11:47:38.728602+00:00,1,LEFT,711.0,71.0,512.0,10207,-0.04380917859263718,-8.36693679097662,3.322
2026-07-29T11:47:38.811767+00:00,1,LEFT,713.0,73.0,512.0,10308,0.05087261696346104,9.71595414930652,3.362
2026-07-29T11:47:38.828608+00:00,1,LEFT,711.0,71.0,512.0,10334,-0.028410456073470414,-5.425997423505572,3.348
2026-07-29T11:47:38.861833+00:00,1,LEFT,711.0,71.0,512.0,10338,0.05096236450597644,9.733094667332528,3.34
2026-07-29T11:47:38.895290+00:00,1,LEFT,712.0,72.0,512.0,10263,-0.2264610109757632,-43.250867177256815,3.354
2026-07-29T11:47:38.945196+00:00,1,LEFT,711.0,71.0,512.0,10287,-0.09797630382003263,-18.712095670597847,3.344
2026-07-29T11:47:38.961863+00:00,1,LEFT,711.0,71.0,512.0,10316,0.18118782613426446,34.60432578881171,3.337
2026-07-29T11:47:39.011830+00:00,1,LEFT,712.0,72.0,512.0,10281,0.0009788083424791694,0.18693862325417354,3.352
2026-07-29T11:47:39.028638+00:00,1,LEFT,713.0,73.0,512.0,10315,0.25503997958265245,48.70904812396224,3.38
2026-07-29T11:47:39.078602+00:00,1,LEFT,711.0,71.0,512.0,10471,0.2585609226487577,49.381498715941184,3.359
2026-07-29T11:47:39.111897+00:00,1,LEFT,711.0,71.0,512.0,10238,-0.21791204600594938,-41.61813513733843,3.347
2026-07-29T11:47:39.161845+00:00,1,LEFT,712.0,72.0,512.0,10357,-0.010232354756444692,-1.9542358067496475,3.358
2026-07-29T11:47:39.195251+00:00,1,LEFT,711.0,71.0,512.0,10269,0.08229586804285645,15.717353034070735,3.346
2026-07-29T11:47:39.211847+00:00,1,LEFT,711.0,71.0,512.0,10287,0.054541038481984286,10.4165710509277,3.339
2026-07-29T11:47:39.245219+00:00,1,LEFT,712.0,72.0,512.0,10189,0.014424291495233775,2.7548367504778097,3.353
2026-07-29T11:47:39.278587+00:00,1,LEFT,711.0,71.0,512.0,10323,1.360332942567766e-05,0.00259804454472484,3.343
2026-07-29T11:47:39.295215+00:00,1,LEFT,710.0,70.0,512.0,10208,0.005896523945266381,1.1261531195386427,3.318
2026-07-29T11:47:39.345333+00:00,1,LEFT,713.0,73.0,512.0,10300,0.005896523945266381,1.1261531195386427,3.36
2026-07-29T11:47:39.361952+00:00,1,LEFT,711.0,71.0,512.0,10283,-0.0792140067089349,-15.12876087580986,3.347
2026-07-29T11:47:39.395187+00:00,1,LEFT,711.0,71.0,512.0,10316,9.506886068265884e-05,0.018156814934111875,3.34
2026-07-29T11:47:39.411856+00:00,1,LEFT,711.0,71.0,512.0,10490,-0.012828821181319654,-2.4501243660588377,3.335
2026-07-29T11:47:39.478485+00:00,1,LEFT,710.0,70.0,512.0,10216,0.09508354143908945,18.159618752056986,3.313
2026-07-29T11:47:39.495182+00:00,1,LEFT,713.0,73.0,512.0,10241,-0.2660425407346338,-50.81038251677267,3.357
2026-07-29T11:47:39.545242+00:00,1,LEFT,712.0,72.0,512.0,10315,0.01889497336582281,3.6086740929124885,3.364
2026-07-29T11:47:39.561978+00:00,1,LEFT,713.0,73.0,512.0,10437,0.0555416978802532,10.60768291843073,3.387
2026-07-29T11:47:39.611909+00:00,1,LEFT,712.0,72.0,512.0,10359,0.09440644468268147,18.0303027971764,3.382
2026-07-29T11:47:39.645169+00:00,1,LEFT,713.0,73.0,512.0,10264,-0.06106110701155558,-11.66181241386271,3.398
2026-07-29T11:47:39.678449+00:00,1,LEFT,711.0,71.0,512.0,10302,-0.06106110701155558,-11.66181241386271,3.37
2026-07-29T11:47:39.712017+00:00,1,LEFT,710.0,70.0,512.0,10252,-0.053262791726738215,-10.172443903421392,3.335
2026-07-29T11:47:39.762087+00:00,1,LEFT,710.0,70.0,512.0,10187,-0.0413665128685534,-7.900422001805728,3.313
2026-07-29T11:47:39.795255+00:00,1,LEFT,713.0,73.0,512.0,10364,0.1233890200033784,23.56556694816291,3.357
2026-07-29T11:47:39.828548+00:00,1,LEFT,713.0,73.0,512.0,10282,-0.3230726682487875,-61.702334555619075,3.383
2026-07-29T11:47:39.878575+00:00,1,LEFT,713.0,73.0,512.0,10339,-0.05042850038036704,-9.631134129896326,3.398
2026-07-29T11:47:39.911952+00:00,1,LEFT,712.0,72.0,512.0,10290,-0.06065451198955998,-11.584158484758122,3.389
2026-07-29T11:47:39.928558+00:00,1,LEFT,711.0,71.0,512.0,10251,-5.668796016834676e-05,-0.010826602889506631,3.365
2026-07-29T11:47:39.978577+00:00,1,LEFT,712.0,72.0,512.0,10327,-0.0617057418031618,-11.784928590150486,3.369
2026-07-29T11:47:39.995233+00:00,1,LEFT,711.0,71.0,512.0,10324,-0.12368213203153573,-23.621547221956025,3.353
2026-07-29T11:47:40.045220+00:00,1,LEFT,710.0,70.0,512.0,10285,0.021499626806471498,4.10612625705715,3.324
2026-07-29T11:47:40.061894+00:00,1,LEFT,712.0,72.0,512.0,10326,-0.05152477273717523,-9.840506727369556,3.344
2026-07-29T11:47:40.095399+00:00,1,LEFT,712.0,72.0,512.0,10414,0.07138565523549914,13.633655875900232,3.357
2026-07-29T11:47:40.145301+00:00,1,LEFT,711.0,71.0,512.0,10224,0.0624676380190067,11.930440048800154,3.345
2026-07-29T11:47:40.161793+00:00,1,LEFT,711.0,71.0,512.0,10206,-0.015475608187261968,-2.955623448427378,3.338
2026-07-29T11:47:40.195305+00:00,1,LEFT,711.0,71.0,512.0,10289,-0.015475608187261968,-2.955623448427378,3.334
2026-07-29T11:47:40.211778+00:00,1,LEFT,712.0,72.0,512.0,10245,-0.024166703950722877,-4.615500470395178,3.351
2026-07-29T11:47:40.261913+00:00,1,LEFT,712.0,72.0,512.0,10358,-0.24625256687402725,-47.030775920482746,3.36
2026-07-29T11:47:40.311828+00:00,1,LEFT,711.0,71.0,512.0,10231,-0.04878932000603527,-9.318073738863376,3.347
2026-07-29T11:47:40.328586+00:00,1,LEFT,711.0,71.0,512.0,10221,0.02657108024228364,5.074702516621005,3.34
2026-07-29T11:47:40.378537+00:00,1,LEFT,711.0,71.0,512.0,10275,0.07356037766207009,14.048997264750113,3.335
2026-07-29T11:47:40.395279+00:00,1,LEFT,712.0,72.0,512.0,10268,-0.04568334089592099,-8.724875424645553,3.351
2026-07-29T11:47:40.428407+00:00,1,LEFT,713.0,73.0,512.0,10387,0.06916676718694362,13.209879474586064,3.379
2026-07-29T11:47:40.478530+00:00,1,LEFT,711.0,71.0,512.0,10379,-0.12409675829578191,-23.700735005344637,3.359
2026-07-29T11:47:40.495276+00:00,1,LEFT,711.0,71.0,512.0,10238,0.062131759754847735,11.866292025578526,3.347
2026-07-29T11:47:40.545323+00:00,1,LEFT,712.0,72.0,512.0,10269,0.026134992586448788,4.9914159093640365,3.358
2026-07-29T11:47:40.561977+00:00,1,LEFT,712.0,72.0,512.0,10286,0.010559048382565378,2.016629693318115,3.365
2026-07-29T11:47:40.578547+00:00,1,LEFT,711.0,71.0,512.0,10340,0.010559048382565378,2.016629693318115,3.35
2026-07-29T11:47:40.611892+00:00,1,LEFT,711.0,71.0,512.0,10339,0.017088305708020925,3.2636259869963764,3.341
2026-07-29T11:47:40.661927+00:00,1,LEFT,711.0,71.0,512.0,10246,0.029462856053141875,5.626991014154999,3.336
2026-07-29T11:47:40.695298+00:00,1,LEFT,712.0,72.0,512.0,10367,-0.01436317638028413,-2.7431646233075715,3.352
2026-07-29T11:47:40.728579+00:00,1,LEFT,711.0,71.0,512.0,10152,0.07688905959017575,14.684728684156527,3.342
2026-07-29T11:47:40.745271+00:00,1,LEFT,711.0,71.0,512.0,10236,-0.00018111721059540286,-0.034590839214329,3.337
2026-07-29T11:47:40.811855+00:00,1,LEFT,712.0,72.0,512.0,10266,-0.0023834961440297774,-0.45521423179537346,3.352
2026-07-29T11:47:40.828568+00:00,1,LEFT,712.0,72.0,512.0,10403,-0.08387863795273005,-16.019639819990932,3.361
2026-07-29T11:47:40.878627+00:00,1,LEFT,711.0,71.0,512.0,10403,-9.780365915503352e-05,-0.018679122968398187,3.348
2026-07-29T11:47:40.895271+00:00,1,LEFT,712.0,72.0,512.0,10372,0.08686685645952821,16.590347515665666,3.359
2026-07-29T11:47:40.945190+00:00,1,LEFT,712.0,72.0,512.0,10318,-0.20754840694367885,-39.6388258751217,3.365
2026-07-29T11:47:40.961870+00:00,1,LEFT,710.0,70.0,512.0,10153,0.07553610526025295,14.426333440894771,3.332
2026-07-29T11:47:41.011847+00:00,1,LEFT,711.0,71.0,512.0,10292,-0.10745212263893336,-20.52184375644336,3.33
2026-07-29T11:47:41.045117+00:00,1,LEFT,711.0,71.0,512.0,10281,0.026237943231826648,5.011078034291701,3.329
2026-07-29T11:47:41.061871+00:00,1,LEFT,711.0,71.0,512.0,10304,-0.00011419281363487243,-0.021809220906673837,3.329
2026-07-29T11:47:41.111959+00:00,1,LEFT,711.0,71.0,512.0,10402,0.0613848429027712,11.723641414674583,3.329
2026-07-29T11:47:41.128607+00:00,1,LEFT,711.0,71.0,512.0,10326,0.02670827661291696,5.100905093293678,3.328
2026-07-29T11:47:41.145126+00:00,1,LEFT,711.0,71.0,512.0,10319,0.19345029512725886,36.94628485450709,3.328
2026-07-29T11:47:41.211844+00:00,1,LEFT,712.0,72.0,512.0,10318,-0.29033539892174304,-55.4499766715433,3.347
2026-07-29T11:47:41.245137+00:00,1,LEFT,712.0,72.0,512.0,10228,0.20799183298833668,39.72351401140527,3.358
2026-07-29T11:47:41.261930+00:00,1,LEFT,710.0,70.0,512.0,10279,-0.07108726267702878,-13.576667095105357,3.327
2026-07-29T11:47:41.295302+00:00,1,LEFT,711.0,71.0,512.0,10334,0.11963535167276859,22.848669104710048,3.328
2026-07-29T11:47:41.328587+00:00,1,LEFT,711.0,71.0,512.0,10361,-0.15594277367927134,-29.782875924620093,3.328
2026-07-29T11:47:41.378596+00:00,1,LEFT,710.0,70.0,512.0,10225,-8.033479331061244e-05,-0.015342815349179636,3.309
2026-07-29T11:47:41.395236+00:00,1,LEFT,711.0,71.0,512.0,10288,-0.04756015473976731,-9.083320465259282,3.317
2026-07-29T11:47:41.428595+00:00,1,LEFT,711.0,71.0,512.0,10286,0.018711147553403862,3.573565948855258,3.321
2026-07-29T11:47:41.461869+00:00,1,LEFT,713.0,73.0,512.0,10248,0.0686156259290874,13.10461924795042,3.362
2026-07-29T11:47:41.478583+00:00,1,LEFT,712.0,72.0,512.0,10282,-0.1152734741801396,-22.015611867774222,3.367
2026-07-29T11:47:41.528650+00:00,1,LEFT,712.0,72.0,512.0,10372,-9.386546560563147e-05,-0.017926983404110242,3.37
2026-07-29T11:47:41.545253+00:00,1,LEFT,713.0,73.0,512.0,10362,-9.386546560563147e-05,-0.017926983404110242,3.391
2026-07-29T11:47:41.578645+00:00,1,LEFT,712.0,72.0,512.0,10338,0.26803310345858333,51.19055199323391,3.385
2026-07-29T11:47:41.611832+00:00,1,LEFT,713.0,73.0,512.0,10371,-4.805449774721637e-05,-0.009177733025121402,3.399
2026-07-29T11:47:41.645206+00:00,1,LEFT,711.0,71.0,512.0,10370,-0.00012917334715893957,-0.0246702920592848,3.371
2026-07-29T11:47:41.661962+00:00,1,LEFT,711.0,71.0,512.0,10317,-8.642234999570063e-05,-0.016505453034520313,3.354
2026-07-29T11:47:41.728498+00:00,1,LEFT,713.0,73.0,512.0,10270,-6.927293725311756e-05,-0.013230156463594035,3.381
2026-07-29T11:47:41.745249+00:00,1,LEFT,713.0,73.0,512.0,10288,0.04170726794283837,7.965501427153046,3.397
2026-07-29T11:47:41.795215+00:00,1,LEFT,712.0,72.0,512.0,10425,0.049863415379077194,9.523210844429485,3.388
2026-07-29T11:47:41.828480+00:00,1,LEFT,710.0,70.0,512.0,10134,0.05507921659853309,10.519355499942854,3.346
2026-07-29T11:47:41.878576+00:00,1,LEFT,711.0,71.0,512.0,10258,-0.06538738330826163,-12.488070323225193,3.339
2026-07-29T11:47:41.911955+00:00,1,LEFT,711.0,71.0,512.0,10214,0.04680130310705863,8.938390479156553,3.334
2026-07-29T11:47:41.928658+00:00,1,LEFT,711.0,71.0,512.0,10270,-0.03665573963662609,-7.00073058703027,3.332
2026-07-29T11:47:41.978466+00:00,1,LEFT,711.0,71.0,512.0,10273,-0.03665573963662609,-7.00073058703027,3.33
2026-07-29T11:47:42.045240+00:00,1,LEFT,713.0,73.0,512.0,10407,0.09791823958512395,18.70100621859477,3.367
2026-07-29T11:47:42.061911+00:00,1,LEFT,711.0,71.0,512.0,10195,0.06223544126201887,11.88609373482673,3.351
2026-07-29T11:47:42.078544+00:00,1,LEFT,712.0,72.0,512.0,10312,-0.01263097305316478,-2.412338156966045,3.361
2026-07-29T11:47:42.145352+00:00,1,LEFT,709.0,69.0,512.0,10201,-6.99364993488416e-05,-0.013356887488693512,3.31
2026-07-29T11:47:42.195185+00:00,1,LEFT,711.0,71.0,512.0,10180,-8.513044944265857e-05,-0.01625871820372056,3.317
2026-07-29T11:47:42.212017+00:00,1,LEFT,711.0,71.0,512.0,10163,0.012964989393949508,2.4761305790172727,3.322
2026-07-29T11:47:42.261931+00:00,1,LEFT,711.0,71.0,512.0,10302,-6.729736895067617e-05,-0.01285285071069498,3.324
2026-07-29T11:47:42.278593+00:00,1,LEFT,710.0,70.0,512.0,10294,-9.139396835962543e-05,-0.017454962199862402,3.307
2026-07-29T11:47:42.328474+00:00,1,LEFT,710.0,70.0,512.0,10240,-3.721401037182659e-05,-0.007107352443539116,3.297
2026-07-29T11:47:42.378562+00:00,1,LEFT,713.0,73.0,512.0,10381,-0.00013061100617051125,-0.02494486470509149,3.347
2026-07-29T11:47:42.395220+00:00,1,LEFT,711.0,71.0,512.0,10317,0.011754212570376694,2.2448892392740123,3.339
2026-07-29T11:47:42.428548+00:00,1,LEFT,712.0,72.0,512.0,10367,-0.08382475641323253,-16.009349203968014,3.354
2026-07-29T11:47:42.461935+00:00,1,LEFT,713.0,73.0,512.0,10407,-0.09567343485541642,-18.272280095783948,3.381
2026-07-29T11:47:42.478519+00:00,1,LEFT,711.0,71.0,512.0,10268,-0.0054569398262538015,-1.0421987370039851,3.36
2026-07-29T11:47:42.495332+00:00,1,LEFT,712.0,72.0,512.0,10281,0.25235135831870137,48.19555928685049,3.366
2026-07-29T11:47:42.561786+00:00,1,LEFT,711.0,71.0,512.0,10275,-0.00011645607417449354,-0.022241471829536476,3.351
2026-07-29T11:47:42.595278+00:00,1,LEFT,713.0,73.0,512.0,10410,-0.04901321961078793,-9.360835413486626,3.379
2026-07-29T11:47:42.645328+00:00,1,LEFT,710.0,70.0,512.0,10193,-0.10362131762318313,-19.79021389130991,3.34
2026-07-29T11:47:42.678551+00:00,1,LEFT,711.0,71.0,512.0,10377,-9.197740306262858e-05,-0.017566390020207566,3.335
2026-07-29T11:47:42.711772+00:00,1,LEFT,710.0,70.0,512.0,10269,-0.014636298080440611,-2.795327025682251,3.314
2026-07-29T11:47:42.728626+00:00,1,LEFT,712.0,72.0,512.0,10247,-0.13445900871651248,-25.679779056563042,3.338
2026-07-29T11:47:42.778556+00:00,1,LEFT,711.0,71.0,512.0,10300,-0.00010197488925768993,-0.019475769235931965,3.334
2026-07-29T11:47:42.828960+00:00,1,LEFT,710.0,70.0,512.0,10279,0.08786478958558291,16.780938703529767,3.313
2026-07-29T11:47:42.845325+00:00,1,LEFT,712.0,72.0,512.0,10366,-0.00010613625812766257,-0.020270532146753818,3.338
2026-07-29T11:47:42.895342+00:00,1,LEFT,711.0,71.0,512.0,10293,-0.00013011754061153624,-0.024850619725543716,3.334
2026-07-29T11:47:42.911891+00:00,1,LEFT,712.0,72.0,512.0,10386,-0.07886011088266968,-15.06117175170222,3.35
2026-07-29T11:47:42.961886+00:00,1,LEFT,711.0,71.0,512.0,10259,-0.03713022941723466,-7.091351459866801,3.341
2026-07-29T11:47:42.995274+00:00,1,LEFT,710.0,70.0,512.0,10193,-0.03229056431911886,-6.167043511937457,3.317
2026-07-29T11:47:43.045257+00:00,1,LEFT,711.0,71.0,512.0,10317,0.04377808190882206,8.360997761845091,3.322
2026-07-29T11:47:43.078505+00:00,1,LEFT,711.0,71.0,512.0,10154,-0.00012191097288450691,-0.02328328074205355,3.324
2026-07-29T11:47:43.095273+00:00,1,LEFT,712.0,72.0,512.0,10368,-0.00012191097288450691,-0.02328328074205355,3.345
2026-07-29T11:47:43.128496+00:00,1,LEFT,712.0,72.0,512.0,10274,0.0549751801090315,10.499485994063525,3.357
2026-07-29T11:47:43.178474+00:00,1,LEFT,711.0,71.0,512.0,10396,0.036469137992244216,6.965092298119328,3.345
2026-07-29T11:47:43.195333+00:00,1,LEFT,712.0,72.0,512.0,10302,-5.974981613690034e-05,-0.0114113743044235,3.357
2026-07-29T11:47:43.245152+00:00,1,LEFT,713.0,73.0,512.0,10350,-4.014602869574446e-05,-0.007667326694924169,3.383
2026-07-29T11:47:43.278580+00:00,1,LEFT,711.0,71.0,512.0,10380,0.07445147979538888,14.219185235931015,3.361
2026-07-29T11:47:43.311875+00:00,1,LEFT,711.0,71.0,512.0,10244,-0.062140688230283556,-11.867997238778386,3.348
2026-07-29T11:47:43.328620+00:00,1,LEFT,711.0,71.0,512.0,10367,0.11288335724500939,21.559133158021872,3.34
2026-07-29T11:47:43.361768+00:00,1,LEFT,713.0,73.0,512.0,10327,-0.029254676753189414,-5.587231696590786,3.373
2026-07-29T11:47:43.428586+00:00,1,LEFT,710.0,70.0,512.0,10225,-6.756861694157124e-05,-0.012904655260960613,3.336
2026-07-29T11:47:43.445209+00:00,1,LEFT,711.0,71.0,512.0,10427,-0.22888699513860047,-43.714196022910656,3.333
2026-07-29T11:47:43.478665+00:00,1,LEFT,713.0,73.0,512.0,10268,-9.439665955142116e-05,-0.018028433974765744,3.369
2026-07-29T11:47:43.528696+00:00,1,LEFT,712.0,72.0,512.0,10312,-0.1035569482226856,-19.777920241382255,3.371
2026-07-29T11:47:43.561878+00:00,1,LEFT,712.0,72.0,512.0,10351,-0.0039828928571660075,-0.7606765032280469,3.373
2026-07-29T11:47:43.611820+00:00,1,LEFT,712.0,72.0,512.0,10310,0.08767587475012988,16.74485862766688,3.374
2026-07-29T11:47:43.628624+00:00,1,LEFT,711.0,71.0,512.0,10354,0.009928439127688761,1.8961921972303823,3.355
2026-07-29T11:47:43.645277+00:00,1,LEFT,711.0,71.0,512.0,10355,0.009928439127688761,1.8961921972303823,3.344
2026-07-29T11:47:43.678571+00:00,1,LEFT,711.0,71.0,512.0,10310,0.12962766665033995,24.757060690644042,3.338
2026-07-29T11:47:43.745256+00:00,1,LEFT,712.0,72.0,512.0,10344,0.1866227962076664,35.64232861209783,3.353
2026-07-29T11:47:43.778592+00:00,1,LEFT,712.0,72.0,512.0,10391,-0.11854710708837957,-22.640829698831848,3.362
2026-07-29T11:47:43.795225+00:00,1,LEFT,713.0,73.0,512.0,10333,0.1277688689349452,24.402056477108445,3.386
2026-07-29T11:47:43.828649+00:00,1,LEFT,713.0,73.0,512.0,10364,-0.00900105093838647,-1.7190740998393796,3.4
2026-07-29T11:47:43.845187+00:00,1,LEFT,712.0,72.0,512.0,10329,0.08286763891388546,15.826553226599007,3.39
2026-07-29T11:47:43.895213+00:00,1,LEFT,712.0,72.0,512.0,10388,-0.08073702361434698,-15.419635678500486,3.384
2026-07-29T11:47:43.945249+00:00,1,LEFT,712.0,72.0,512.0,10327,-0.17981778290122746,-34.34266680546678,3.38
2026-07-29T11:47:44.011993+00:00,1,LEFT,711.0,71.0,512.0,10194,0.0013288746506441385,0.2537963632794362,3.36
2026-07-29T11:47:44.028412+00:00,1,LEFT,712.0,72.0,512.0,10261,0.1416726650670171,27.057485935701905,3.366
2026-07-29T11:47:44.061949+00:00,1,LEFT,712.0,72.0,512.0,10332,0.1416726650670171,27.057485935701905,3.369
2026-07-29T11:47:44.078457+00:00,1,LEFT,710.0,70.0,512.0,10207,-0.024223161640111356,-4.626283094805246,3.334
2026-07-29T11:47:44.145111+00:00,1,LEFT,711.0,71.0,512.0,10294,-0.03321697475621477,-6.343974872412343,3.332
2026-07-29T11:47:44.161876+00:00,1,LEFT,712.0,72.0,512.0,10291,0.2116204467578791,40.416528192998065,3.349
2026-07-29T11:47:44.178511+00:00,1,LEFT,711.0,71.0,512.0,10356,0.2116204467578791,40.416528192998065,3.341
2026-07-29T11:47:44.211935+00:00,1,LEFT,712.0,72.0,512.0,10372,-0.00880115027539432,-1.6808958854683227,3.354
2026-07-29T11:47:44.261936+00:00,1,LEFT,713.0,73.0,512.0,10409,0.2300869021913968,43.9433613893547,3.381
2026-07-29T11:47:44.295180+00:00,1,LEFT,712.0,72.0,512.0,10418,-0.09885350965429097,-18.879629644155365,3.379
2026-07-29T11:47:44.328603+00:00,1,LEFT,710.0,70.0,512.0,10336,0.06275114420801402,11.984585742453346,3.34
2026-07-29T11:47:44.361787+00:00,1,RIGHT,589.0,-51.0,512.0,22604,0.06275114420801402,11.984585742453346,1.048
2026-07-29T11:47:44.378732+00:00,1,LEFT,712.0,72.0,512.0,10331,0.06275114420801402,11.984585742453346,1.979
2026-07-29T11:47:44.395168+00:00,1,LEFT,713.0,73.0,512.0,10454,0.040585662540979686,7.751290574467788,2.556
2026-07-29T11:47:44.511947+00:00,1,LEFT,710.0,70.0,512.0,10231,-6.745295017026365e-05,-0.012882564534874517,2.846
2026-07-29T11:47:44.528550+00:00,1,LEFT,711.0,71.0,512.0,10354,0.055827282953541724,10.662225649735287,3.039
2026-07-29T11:47:44.545355+00:00,1,LEFT,712.0,72.0,512.0,10302,-0.09244121594820172,-17.654971756297982,3.173
2026-07-29T11:47:44.611925+00:00,1,LEFT,712.0,72.0,512.0,10283,0.05078469173051417,9.699161666771317,3.254
2026-07-29T11:47:44.628546+00:00,1,LEFT,712.0,72.0,512.0,10344,0.047319241035729646,9.037309337031877,3.302
2026-07-29T11:47:44.661919+00:00,1,LEFT,712.0,72.0,512.0,10325,-0.1746099803969264,-33.34804979201974,3.331
2026-07-29T11:47:44.711939+00:00,1,LEFT,711.0,71.0,512.0,10303,-0.1746099803969264,-33.34804979201974,3.33
2026-07-29T11:47:44.728498+00:00,1,LEFT,713.0,73.0,512.0,10372,0.048777451021596786,9.315806929811938,3.367
2026-07-29T11:47:44.761948+00:00,1,LEFT,712.0,72.0,512.0,10400,0.01189739846624434,2.272235731004065,3.37
2026-07-29T11:47:44.795254+00:00,1,LEFT,712.0,72.0,512.0,10309,0.01189739846624434,2.272235731004065,3.372
2026-07-29T11:47:44.828420+00:00,1,LEFT,713.0,73.0,512.0,10405,-0.0001260161599202547,-0.024067313712920785,3.392
2026-07-29T11:47:44.861879+00:00,1,LEFT,712.0,72.0,512.0,10435,-0.12974544566939586,-24.77955482633436,3.385
2026-07-29T11:47:44.895285+00:00,1,LEFT,711.0,71.0,512.0,10349,-0.03448632544837892,-6.586402997022395,3.362
2026-07-29T11:47:44.928637+00:00,1,LEFT,712.0,72.0,512.0,10398,-0.014467231472954154,-2.7630376821303546,3.367
2026-07-29T11:47:44.978526+00:00,1,LEFT,710.0,70.0,512.0,10353,0.02055460032541305,3.9256394940813206,3.333
2026-07-29T11:47:44.995304+00:00,1,LEFT,712.0,72.0,512.0,10335,0.02055460032541305,3.9256394940813206,3.35
2026-07-29T11:47:45.028413+00:00,1,LEFT,711.0,71.0,512.0,10371,-5.375758657464757e-05,-0.010266942758454805,3.341
2026-07-29T11:47:45.061851+00:00,1,LEFT,711.0,71.0,512.0,10209,-0.22965945314615965,-43.86172463519141,3.336
2026-07-29T11:47:45.095336+00:00,1,LEFT,711.0,71.0,512.0,10349,0.10213320658542216,19.506005618274784,3.333
2026-07-29T11:47:45.111753+00:00,1,LEFT,711.0,71.0,512.0,10388,-0.037889468480134386,-7.236355439685541,3.331
2026-07-29T11:47:45.128517+00:00,1,LEFT,711.0,71.0,512.0,10263,-5.6715066020842644e-05,-0.010831779726000359,3.33
2026-07-29T11:47:45.161901+00:00,1,LEFT,713.0,73.0,512.0,10335,-5.6715066020842644e-05,-0.010831779726000359,3.367
2026-07-29T11:47:45.195316+00:00,1,LEFT,712.0,72.0,512.0,10364,-0.1458713617734611,-27.859377938150974,3.37
2026-07-29T11:47:45.262039+00:00,1,LEFT,711.0,71.0,512.0,10380,-0.00011761382455006241,-0.022462585863702415,3.353
2026-07-29T11:47:45.311879+00:00,1,LEFT,712.0,72.0,512.0,10267,0.15127902098931373,28.89216477186224,3.362
2026-07-29T11:47:45.328491+00:00,1,LEFT,713.0,73.0,512.0,10428,0.09469237161334604,18.084910818430433,3.386
2026-07-29T11:47:45.361870+00:00,1,LEFT,711.0,71.0,512.0,10335,0.09699764579534531,18.525185755927204,3.363
2026-07-29T11:47:45.428407+00:00,1,LEFT,713.0,73.0,512.0,10242,-5.7461438700556755e-05,-0.010974326407638652,3.386
2026-07-29T11:47:45.445270+00:00,1,LEFT,712.0,72.0,512.0,10446,0.06499757559678983,12.4136225342619,3.382
2026-07-29T11:47:45.495253+00:00,1,LEFT,711.0,71.0,512.0,10351,0.03798965066671371,7.255488827930166,3.36
2026-07-29T11:47:45.511938+00:00,1,LEFT,711.0,71.0,512.0,10352,0.1433810928091407,27.38377159979106,3.347
2026-07-29T11:47:45.528607+00:00,1,LEFT,711.0,71.0,512.0,10350,0.06455264202319086,12.32864648115892,3.34
2026-07-29T11:47:45.578602+00:00,1,LEFT,711.0,71.0,512.0,10295,-5.55605164845474e-05,-0.010611277007105346,3.335
2026-07-29T11:47:45.611851+00:00,1,LEFT,713.0,73.0,512.0,10281,0.09102318291552365,17.384147396356017,3.37
2026-07-29T11:47:45.645118+00:00,1,LEFT,711.0,71.0,512.0,10256,0.18838842385914176,35.97953865416828,3.353
2026-07-29T11:47:45.661861+00:00,1,LEFT,711.0,71.0,512.0,10445,-8.875387022271752e-05,-0.016950740597378486,3.343
2026-07-29T11:47:45.711848+00:00,1,LEFT,711.0,71.0,512.0,10342,0.11028978087008,21.063796557594227,3.337
2026-07-29T11:47:45.728605+00:00,1,LEFT,711.0,71.0,512.0,10212,-0.28913822354283186,-55.221333016381344,3.334
2026-07-29T11:47:45.761861+00:00,1,LEFT,710.0,70.0,512.0,10277,-0.005103792268782854,-0.9747525217091886,3.313
2026-07-29T11:47:45.811840+00:00,1,LEFT,712.0,72.0,512.0,10360,-0.0101351657230407,-1.935674068652965,3.338
2026-07-29T11:47:45.828623+00:00,1,LEFT,711.0,71.0,512.0,10369,-0.1647987746099193,-31.47424751358695,3.334
2026-07-29T11:47:45.878593+00:00,1,LEFT,712.0,72.0,512.0,10392,0.06071283098775893,11.595296592965559,3.35
2026-07-29T11:47:45.928595+00:00,1,LEFT,712.0,72.0,512.0,10291,-0.06740110144019126,-12.872662156853648,3.36
2026-07-29T11:47:45.945128+00:00,1,LEFT,710.0,70.0,512.0,10315,-8.371877498575485e-05,-0.015989108242297205,3.329
2026-07-29T11:47:45.995373+00:00,1,LEFT,710.0,70.0,512.0,10339,0.0013111345982179045,0.25040826283822276,3.31
2026-07-29T11:47:46.045265+00:00,1,LEFT,711.0,71.0,512.0,10244,-9.91151895141229e-05,-0.018929606815995183,3.317
2026-07-29T11:47:46.078596+00:00,1,LEFT,710.0,70.0,512.0,10176,-6.17798650637269e-05,-0.011799085090130914,3.303
2026-07-29T11:47:46.095201+00:00,1,LEFT,711.0,71.0,512.0,10309,-0.0001497484531137161,-0.02859984784009541,3.313
2026-07-29T11:47:46.145206+00:00,1,LEFT,711.0,71.0,512.0,10337,0.010206275363452732,1.9492550095806396,3.319
2026-07-29T11:47:46.178618+00:00,1,LEFT,711.0,71.0,512.0,10294,0.022344431208912285,4.267472012970246,3.323
2026-07-29T11:47:46.195178+00:00,1,LEFT,712.0,72.0,512.0,10417,0.1583797902520746,30.248311805370303,3.344
2026-07-29T11:47:46.245190+00:00,1,LEFT,711.0,71.0,512.0,10279,-0.08682313039666041,-16.581996452808834,3.337
2026-07-29T11:47:46.295196+00:00,1,LEFT,710.0,70.0,512.0,10370,0.1292461524391547,24.684196843560116,3.315
2026-07-29T11:47:46.311876+00:00,1,LEFT,712.0,72.0,512.0,10280,0.20043370202183725,38.2800173267801,3.339
2026-07-29T11:47:46.345354+00:00,1,LEFT,711.0,71.0,512.0,10219,-0.3570747121144086,-68.19624658334834,3.335
2026-07-29T11:47:46.361841+00:00,1,LEFT,711.0,71.0,512.0,10226,-0.00013499055057764053,-0.0257812960741536,3.332
2026-07-29T11:47:46.428400+00:00,1,LEFT,711.0,71.0,512.0,10274,-0.07926747607067228,-15.138972771679226,3.33
2026-07-29T11:47:46.445187+00:00,1,LEFT,712.0,72.0,512.0,10318,-0.01450983916874975,-2.7711751526099047,3.348
2026-07-29T11:47:46.478670+00:00,1,LEFT,712.0,72.0,512.0,10289,0.07125184785341844,13.608100548363836,3.359
2026-07-29T11:47:46.511912+00:00,1,LEFT,712.0,72.0,512.0,10328,0.02276509747840464,4.347813352388329,3.365
2026-07-29T11:47:46.561832+00:00,1,LEFT,712.0,72.0,512.0,10372,-0.16711699616047554,-31.916995216330776,3.369
2026-07-29T11:47:46.578440+00:00,1,LEFT,710.0,70.0,512.0,10341,-0.13720010199263924,-26.20328930980888,3.334
2026-07-29T11:47:46.645181+00:00,1,LEFT,713.0,73.0,512.0,10387,-0.11149113524705172,-21.293238342594385,3.369
2026-07-29T11:47:46.661915+00:00,1,LEFT,712.0,72.0,512.0,10324,0.10438224610697944,19.935540526752632,3.372
2026-07-29T11:47:46.678426+00:00,1,LEFT,712.0,72.0,512.0,10383,0.034806613489054145,6.647573506886411,3.373
2026-07-29T11:47:46.761959+00:00,1,LEFT,711.0,71.0,512.0,10290,0.13762231523171067,26.283926098653353,3.355
2026-07-29T11:47:46.795182+00:00,1,LEFT,710.0,70.0,512.0,10163,0.10066241800785064,19.225105691438458,3.325
2026-07-29T11:47:46.828631+00:00,1,LEFT,711.0,71.0,512.0,10293,0.05073610457242467,9.68988220311444,3.327
2026-07-29T11:47:46.861957+00:00,1,LEFT,711.0,71.0,512.0,10342,0.05073610457242467,9.68988220311444,3.327
2026-07-29T11:47:46.878506+00:00,1,LEFT,712.0,72.0,512.0,10283,-0.03198438265128061,-6.108567120832764,3.346
2026-07-29T11:47:46.912012+00:00,1,LEFT,711.0,71.0,512.0,10280,0.027732964174356313,5.296606001927102,3.339
2026-07-29T11:47:46.961880+00:00,1,LEFT,711.0,71.0,512.0,10188,-0.2734059430100024,-52.21668876089149,3.335
2026-07-29T11:47:46.995158+00:00,1,LEFT,711.0,71.0,512.0,10263,-0.0011030266573652625,-0.21066257385817427,3.332
2026-07-29T11:47:47.028530+00:00,1,LEFT,712.0,72.0,512.0,10422,-0.02929883196949959,-5.595664721717653,3.349
2026-07-29T11:47:47.045152+00:00,1,LEFT,711.0,71.0,512.0,10271,0.0066410343546886,1.2683441337501433,3.341
2026-07-29T11:47:47.111907+00:00,1,LEFT,713.0,73.0,512.0,10293,0.007436246713623405,1.4202185070288322,3.373
2026-07-29T11:47:47.128556+00:00,1,LEFT,712.0,72.0,512.0,10289,-5.892642249818891e-05,-0.011254117703169886,3.374
2026-07-29T11:47:47.195324+00:00,1,LEFT,713.0,73.0,512.0,10273,0.1934121227543801,36.93899446830725,3.393
2026-07-29T11:47:47.228484+00:00,1,LEFT,711.0,71.0,512.0,10299,-0.11307867245050147,-21.59643561451996,3.367
2026-07-29T11:47:47.261747+00:00,1,LEFT,712.0,72.0,512.0,10313,-0.0416220425022766,-7.949224566981937,3.37
2026-07-29T11:47:47.278525+00:00,1,LEFT,711.0,71.0,512.0,10278,-0.028490451211109758,-5.4412753693999125,3.353
2026-07-29T11:47:47.328527+00:00,1,LEFT,711.0,71.0,512.0,10299,-0.06846014861948788,-13.074925269116749,3.343
2026-07-29T11:47:47.345367+00:00,1,LEFT,712.0,72.0,512.0,10369,0.026793314861133694,5.11714620236036,3.356
2026-07-29T11:47:47.378537+00:00,1,LEFT,712.0,72.0,512.0,10372,0.08264228051761165,15.783512943317918,3.364
2026-07-29T11:47:47.411780+00:00,1,LEFT,711.0,71.0,512.0,10218,0.03607255619484931,6.889350754044527,3.349
2026-07-29T11:47:47.445272+00:00,1,LEFT,712.0,72.0,512.0,10299,0.015961599793517963,3.048441008151552,3.36
2026-07-29T11:47:47.495257+00:00,1,LEFT,712.0,72.0,512.0,10278,-0.20772856498602776,-39.673233526694794,3.366
2026-07-29T11:47:47.511801+00:00,1,LEFT,711.0,71.0,512.0,10204,0.03516362531110644,6.715757742352652,3.351
2026-07-29T11:47:47.545326+00:00,1,LEFT,712.0,72.0,512.0,10335,0.03401069097686559,6.495563504326897,3.36
2026-07-29T11:47:47.578511+00:00,1,LEFT,711.0,71.0,512.0,10260,0.18386487730778753,35.1156049014231,3.348
2026-07-29T11:47:47.628534+00:00,1,LEFT,713.0,73.0,512.0,10285,-3.8936404598644005e-05,-0.007436305509720238,3.377
2026-07-29T11:47:47.678490+00:00,1,LEFT,713.0,73.0,512.0,10454,-0.1341790740005672,-25.62631546402018,3.395
2026-07-29T11:47:47.695295+00:00,1,LEFT,712.0,72.0,512.0,10223,0.025578772414010017,4.885185681494768,3.387
2026-07-29T11:47:47.745236+00:00,1,LEFT,711.0,71.0,512.0,10338,0.03665966968750581,7.001481171459201,3.363
2026-07-29T11:47:47.778600+00:00,1,LEFT,711.0,71.0,512.0,10266,-0.056269997091731055,-10.746777821898688,3.349
2026-07-29T11:47:47.811851+00:00,1,LEFT,712.0,72.0,512.0,10366,-0.056269997091731055,-10.746777821898688,3.36
2026-07-29T11:47:47.828549+00:00,1,LEFT,713.0,73.0,512.0,10322,-0.056269997091731055,-10.746777821898688,3.385
2026-07-29T11:47:47.861931+00:00,1,LEFT,711.0,71.0,512.0,10270,0.015293953893706202,2.920930033923458,3.362
2026-07-29T11:47:47.895226+00:00,1,LEFT,713.0,73.0,512.0,10416,-0.029693094084504993,-5.670963239090024,3.386
2026-07-29T11:47:47.945102+00:00,1,LEFT,712.0,72.0,512.0,10369,-0.3114215512527153,-59.47713512065881,3.382
2026-07-29T11:47:47.978689+00:00,1,LEFT,713.0,73.0,512.0,10325,0.06609046402387321,12.622348848763796,3.398
2026-07-29T11:47:47.995109+00:00,1,LEFT,712.0,72.0,512.0,10409,-0.021018895569723098,-4.014313353904525,3.389
2026-07-29T11:47:48.011869+00:00,1,LEFT,711.0,71.0,512.0,10264,0.1372207204112783,26.207227137703057,3.364
2026-07-29T11:47:48.061781+00:00,1,LEFT,710.0,70.0,512.0,10249,-7.070381805533543e-05,-0.013503434566771961,3.331
2026-07-29T11:47:48.095109+00:00,1,LEFT,711.0,71.0,512.0,10318,-0.03147320721996948,-6.010939804816407,3.33
2026-07-29T11:47:48.145166+00:00,1,LEFT,712.0,72.0,512.0,10255,0.03301532703451812,6.305462994406854,3.348
2026-07-29T11:47:48.161780+00:00,1,LEFT,711.0,71.0,512.0,10316,-0.08606984111480415,-16.438128797466153,3.34
2026-07-29T11:47:48.211829+00:00,1,LEFT,710.0,70.0,512.0,10233,0.15865896158560644,30.30162960261168,3.317
2026-07-29T11:47:48.228591+00:00,1,LEFT,712.0,72.0,512.0,10354,0.15865896158560644,30.30162960261168,3.34
2026-07-29T11:47:48.245142+00:00,1,LEFT,712.0,72.0,512.0,10284,-6.303016562014818e-05,-0.012037874906816907,3.354
2026-07-29T11:47:48.311839+00:00,1,LEFT,711.0,71.0,512.0,10170,0.03477113018278032,6.640796694577544,3.344
2026-07-29T11:47:48.328584+00:00,1,LEFT,711.0,71.0,512.0,10191,-0.1608217706513824,-30.71469570715033,3.337
2026-07-29T11:47:48.345219+00:00,1,LEFT,712.0,72.0,512.0,10377,0.12635475458577275,24.131980530586876,3.352
2026-07-29T11:47:48.411837+00:00,1,LEFT,713.0,73.0,512.0,10492,0.029770579235628248,5.68576181287101,3.38
2026-07-29T11:47:48.445238+00:00,1,LEFT,713.0,73.0,512.0,10438,-0.1474625954311341,-28.163281180830403,3.397
2026-07-29T11:47:48.495213+00:00,1,LEFT,711.0,71.0,512.0,10233,-0.0695412696711719,-13.281404180464214,3.369
2026-07-29T11:47:48.511824+00:00,1,LEFT,711.0,71.0,512.0,10244,0.23325062518008052,44.547587972021674,3.353
2026-07-29T11:47:48.561863+00:00,1,LEFT,712.0,72.0,512.0,10232,0.03200981566216796,6.1134244681132826,3.362
2026-07-29T11:47:48.595214+00:00,1,LEFT,711.0,71.0,512.0,10298,-7.187564391642808e-05,-0.013727236820654935,3.348
2026-07-29T11:47:48.645191+00:00,1,LEFT,713.0,73.0,512.0,10297,-0.028305916646495462,-5.406031863644302,3.378
2026-07-29T11:47:48.661947+00:00,1,LEFT,713.0,73.0,512.0,10306,-9.218531573424115e-05,-0.017606098415509867,3.395
2026-07-29T11:47:48.695084+00:00,1,LEFT,712.0,72.0,512.0,10361,-0.01562566040782258,-2.984281311576342,3.387
2026-07-29T11:47:48.711970+00:00,1,LEFT,712.0,72.0,512.0,10281,0.07550046152900905,14.419525989673522,3.382
2026-07-29T11:47:48.745216+00:00,1,LEFT,711.0,71.0,512.0,10322,0.11484060959308408,21.93294082131104,3.361
2026-07-29T11:47:48.778419+00:00,1,LEFT,712.0,72.0,512.0,10372,-0.07216005109716207,-13.781554591052508,3.366
2026-07-29T11:47:48.828441+00:00,1,LEFT,712.0,72.0,512.0,10349,0.14178519672015683,27.078977898323696,3.37
2026-07-29T11:47:48.845188+00:00,1,LEFT,712.0,72.0,512.0,10294,-0.16662563449703158,-31.82315205123122,3.372
2026-07-29T11:47:48.878551+00:00,1,LEFT,712.0,72.0,512.0,10238,0.18806948587298394,35.918625985724134,3.373
2026-07-29T11:47:48.895203+00:00,1,LEFT,711.0,71.0,512.0,10329,-0.027474422231316565,-5.247228128049471,3.355
2026-07-29T11:47:48.911937+00:00,1,LEFT,711.0,71.0,512.0,10445,0.026895582030992956,5.136677793079304,3.344
2026-07-29T11:47:48.978475+00:00,1,LEFT,712.0,72.0,512.0,10317,-0.017157913929549976,-3.2769201780397976,3.357
2026-07-29T11:47:48.995224+00:00,1,LEFT,712.0,72.0,512.0,10352,-0.017157913929549976,-3.2769201780397976,3.364
2026-07-29T11:47:49.011945+00:00,1,LEFT,712.0,72.0,512.0,10283,0.0,0.0,3.368
2026-07-29T11:47:49.061563+00:00,1,RIGHT,594.0,-46.0,512.0,24479,-0.03166927597951144,-6.048386179536806,1.159
2026-07-29T11:47:49.111961+00:00,1,LEFT,712.0,72.0,512.0,10303,-0.03053175323875621,-5.831135339052043,2.045
2026-07-29T11:47:49.161944+00:00,1,LEFT,712.0,72.0,512.0,10310,-0.03053175323875621,-5.831135339052043,2.577
2026-07-29T11:47:49.178678+00:00,1,LEFT,712.0,72.0,512.0,10443,-0.03053175323875621,-5.831135339052043,2.896
2026-07-29T11:47:49.211923+00:00,1,LEFT,712.0,72.0,512.0,10278,-0.03053175323875621,-5.831135339052043,3.088
2026-07-29T11:47:49.245167+00:00,1,LEFT,711.0,71.0,512.0,10352,-0.03053175323875621,-5.831135339052043,3.184
2026-07-29T11:47:49.278546+00:00,1,LEFT,711.0,71.0,512.0,10311,-0.03053175323875621,-5.831135339052043,3.242
2026-07-29T11:47:49.328573+00:00,1,LEFT,710.0,70.0,512.0,10187,-0.03053175323875621,-5.831135339052043,3.257
2026-07-29T11:47:49.345152+00:00,1,LEFT,712.0,72.0,512.0,10279,0.12527757542207837,23.926254464389814,3.304
2026-07-29T11:47:49.411907+00:00,1,LEFT,713.0,73.0,512.0,10340,0.12527757542207837,23.926254464389814,3.351
2026-07-29T11:47:49.428629+00:00,1,LEFT,712.0,72.0,512.0,10262,0.12527757542207837,23.926254464389814,3.361
2026-07-29T11:47:49.461961+00:00,1,LEFT,712.0,72.0,512.0,10349,0.12527757542207837,23.926254464389814,3.367
2026-07-29T11:47:49.511868+00:00,1,LEFT,712.0,72.0,512.0,10391,0.12527757542207837,23.926254464389814,3.37
2026-07-29T11:47:49.561941+00:00,1,LEFT,711.0,71.0,512.0,10234,0.12527757542207837,23.926254464389814,3.353
2026-07-29T11:47:49.578543+00:00,1,LEFT,713.0,73.0,512.0,10319,0.12527757542207837,23.926254464389814,3.381
2026-07-29T11:47:49.611784+00:00,1,LEFT,712.0,72.0,512.0,10286,-9.706736855150667e-05,-0.01853850182147409,3.378
2026-07-29T11:47:49.679359+00:00,1,LEFT,712.0,72.0,512.0,10290,-0.05678108860738575,-10.844389111205217,3.377
2026-07-29T11:47:49.695262+00:00,1,LEFT,712.0,72.0,512.0,10292,-0.05041470671538264,-9.628499733937582,3.376
2026-07-29T11:47:49.711784+00:00,1,LEFT,711.0,71.0,512.0,10369,-5.266793523333036e-05,-0.010058834681793987,3.357
2026-07-29T11:47:49.778535+00:00,1,LEFT,713.0,73.0,512.0,10320,0.11163564515532926,21.32083770206814,3.383
2026-07-29T11:47:49.828561+00:00,1,LEFT,711.0,71.0,512.0,10167,0.1344747119024396,25.682778144158156,3.361
2026-07-29T11:47:49.845286+00:00,1,LEFT,713.0,73.0,512.0,10452,0.08352660284144804,15.95240606626801,3.385
2026-07-29T11:47:49.879524+00:00,1,LEFT,712.0,72.0,512.0,10334,-0.21334254049696028,-40.745423870248906,3.381
2026-07-29T11:47:49.945272+00:00,1,LEFT,712.0,72.0,512.0,10413,-0.06476405693683773,-12.369023755419216,3.379
2026-07-29T11:47:49.961872+00:00,1,LEFT,712.0,72.0,512.0,10293,-0.09775091876275838,-18.669050295440755,3.377
2026-07-29T11:47:49.995233+00:00,1,LEFT,712.0,72.0,512.0,10247,-0.02952022820012644,-5.637948287101064,3.376
2026-07-29T11:47:50.045302+00:00,1,LEFT,711.0,71.0,512.0,10175,0.0,0.0,3.357
2026-07-29T11:47:50.078493+00:00,1,LEFT,711.0,71.0,512.0,10335,0.0,0.0,3.345
2026-07-29T11:47:50.095351+00:00,1,LEFT,712.0,72.0,512.0,10365,-7.303956197574734e-05,-0.013949528795648437,3.357
2026-07-29T11:47:50.128547+00:00,1,LEFT,710.0,70.0,512.0,10198,0.16220303972891997,30.97849866886644,3.327
2026-07-29T11:47:50.195235+00:00,1,LEFT,711.0,71.0,512.0,10223,-0.2692942995391786,-51.43142270175575,3.327
2026-07-29T11:47:50.211890+00:00,1,LEFT,712.0,72.0,512.0,10356,-0.2692942995391786,-51.43142270175575,3.346
2026-07-29T11:47:50.278584+00:00,1,LEFT,712.0,72.0,512.0,10322,0.18549378761672414,35.42670385444782,3.358
2026-07-29T11:47:50.295128+00:00,1,LEFT,711.0,71.0,512.0,10398,-0.13605926762800663,-25.985405995752423,3.346
2026-07-29T11:47:50.328584+00:00,1,LEFT,711.0,71.0,512.0,10238,-0.13067473649338354,-24.95703630018345,3.339
2026-07-29T11:47:50.345151+00:00,1,LEFT,712.0,72.0,512.0,10360,0.07387332783080637,14.1087663443051,3.353
2026-07-29T11:47:50.378612+00:00,1,LEFT,711.0,71.0,512.0,10325,0.09814503728179261,18.744321388002778,3.343
2026-07-29T11:47:50.411856+00:00,1,LEFT,711.0,71.0,512.0,10227,0.0,0.0,3.337
2026-07-29T11:47:50.461693+00:00,1,LEFT,711.0,71.0,512.0,10396,0.12316139903268777,23.522094544998765,3.334
2026-07-29T11:47:50.478625+00:00,1,LEFT,713.0,73.0,512.0,10389,-0.059437681280542165,-11.35176093806268,3.369
2026-07-29T11:47:50.511826+00:00,1,LEFT,711.0,71.0,512.0,10461,0.0019169774686452002,0.3661157279168069,3.353
2026-07-29T11:47:50.545108+00:00,1,LEFT,711.0,71.0,512.0,10214,0.0019169774686452002,0.3661157279168069,3.343
2026-07-29T11:47:50.578684+00:00,1,LEFT,711.0,71.0,512.0,10156,0.05280074929120019,10.08420029838048,3.337
2026-07-29T11:47:50.628669+00:00,1,LEFT,712.0,72.0,512.0,10372,0.06081302444450557,11.614432133653589,3.352
2026-07-29T11:47:50.661807+00:00,1,LEFT,712.0,72.0,512.0,10385,-0.10268640836438862,-19.611659375454476,3.361
2026-07-29T11:47:50.678588+00:00,1,LEFT,712.0,72.0,512.0,10326,-0.010194046365795658,-1.9469194430692207,3.367
2026-07-29T11:47:50.711864+00:00,1,LEFT,712.0,72.0,512.0,10417,0.08427216415992006,16.094797789323525,3.37
2026-07-29T11:47:50.745215+00:00,1,LEFT,713.0,73.0,512.0,10383,-0.04286761702154763,-8.187111777059492,3.391
2026-07-29T11:47:50.761873+00:00,1,LEFT,711.0,71.0,512.0,10333,0.07078868927434087,13.519643775609099,3.366
2026-07-29T11:47:50.795308+00:00,1,LEFT,712.0,72.0,512.0,10411,-3.812892391579226e-05,-0.00728208805916775,3.369
2026-07-29T11:47:50.845162+00:00,1,LEFT,710.0,70.0,512.0,10284,-0.0290840798872523,-5.554650095202933,3.334
2026-07-29T11:47:50.878567+00:00,1,LEFT,712.0,72.0,512.0,10229,-0.056393804177641865,-10.770423233553696,3.35
2026-07-29T11:47:50.911846+00:00,1,LEFT,710.0,70.0,512.0,10255,0.016828415142372252,3.2139905451732544,3.323
2026-07-29T11:47:50.961904+00:00,1,LEFT,712.0,72.0,512.0,10385,0.0010012081370223314,0.19121666888511807,3.344
2026-07-29T11:47:50.978558+00:00,1,LEFT,712.0,72.0,512.0,10280,-0.18796114838216454,-35.89793504910083,3.356
2026-07-29T11:47:51.012059+00:00,1,LEFT,713.0,73.0,512.0,10373,0.08233425001613796,15.724683450998786,3.382
2026-07-29T11:47:51.045177+00:00,1,LEFT,711.0,71.0,512.0,10315,-0.09872901112306863,-18.855852176173308,3.361
2026-07-29T11:47:51.111960+00:00,1,LEFT,711.0,71.0,512.0,10235,-0.05177377919666469,-9.888063458037028,3.348
2026-07-29T11:47:51.162023+00:00,1,LEFT,711.0,71.0,512.0,10343,-2.4937094422057272e-05,-0.004762634212343695,3.34
2026-07-29T11:47:51.228470+00:00,1,LEFT,710.0,70.0,512.0,10256,0.12081485069647897,23.07393682470473,3.316
2026-07-29T11:47:51.261935+00:00,1,LEFT,710.0,70.0,512.0,10283,0.06873756526969373,13.127907946528255,3.302
2026-07-29T11:47:51.313189+00:00,1,LEFT,712.0,72.0,512.0,10386,0.0,0.0,3.331
2026-07-29T11:47:51.328459+00:00,1,LEFT,711.0,71.0,512.0,10398,0.20068088839761913,38.32722644706489,3.33
2026-07-29T11:47:51.395207+00:00,1,LEFT,712.0,72.0,512.0,10291,-0.25165398919954896,-48.06237159588319,3.348
2026-07-29T11:47:51.411989+00:00,1,LEFT,711.0,71.0,512.0,10356,0.05442564891651273,10.39453326725647,3.34
2026-07-29T11:47:51.445184+00:00,1,LEFT,712.0,72.0,512.0,10279,0.07198702792229597,13.748509598793234,3.354
2026-07-29T11:47:51.511881+00:00,1,LEFT,712.0,72.0,512.0,10349,0.017438025651499628,3.3304175762393213,3.362
2026-07-29T11:47:51.561910+00:00,1,LEFT,710.0,70.0,512.0,10247,0.06452704645693302,12.323758088089514,3.33
2026-07-29T11:47:51.578603+00:00,1,LEFT,711.0,71.0,512.0,10298,-0.056126395715400575,-10.719351979245332,3.329
2026-07-29T11:47:51.628679+00:00,1,LEFT,711.0,71.0,512.0,10216,-8.949736064096214e-05,-0.017092736807624596,3.329
2026-07-29T11:47:51.661916+00:00,1,LEFT,711.0,71.0,512.0,10327,-7.805647415807471e-05,-0.014907688443098857,3.329
2026-07-29T11:47:51.711970+00:00,1,LEFT,712.0,72.0,512.0,10355,0.16656104099936783,31.81081560189748,3.347
2026-07-29T11:47:51.728578+00:00,1,LEFT,711.0,71.0,512.0,10222,0.03693244301714003,7.0535770399651065,3.34
2026-07-29T11:47:51.762022+00:00,1,LEFT,712.0,72.0,512.0,10304,0.03848348452243954,7.34980414697604,3.354
2026-07-29T11:47:51.778426+00:00,1,LEFT,711.0,71.0,512.0,10274,-0.13846008144319058,-26.44392765910823,3.343
2026-07-29T11:47:51.845306+00:00,1,LEFT,714.0,74.0,512.0,10347,0.04608203982934356,8.801021311917154,3.394
2026-07-29T11:47:51.861781+00:00,1,LEFT,713.0,73.0,512.0,10287,0.15149920362979175,28.93421655860036,3.405
2026-07-29T11:47:51.912110+00:00,1,LEFT,712.0,72.0,512.0,10360,-0.0019058959465473894,-0.36399931309418854,3.393
2026-07-29T11:47:51.945260+00:00,1,LEFT,711.0,71.0,512.0,10380,0.05829457533545792,11.133443784097214,3.367
2026-07-29T11:47:51.961844+00:00,1,LEFT,711.0,71.0,512.0,10377,-0.30445667918975233,-58.14694254047096,3.351
2026-07-29T11:47:52.028527+00:00,1,LEFT,712.0,72.0,512.0,10339,0.15120405673515053,28.877847653935916,3.361
2026-07-29T11:47:52.045264+00:00,1,LEFT,712.0,72.0,512.0,10410,0.3826013986673206,73.07148459813237,3.367
2026-07-29T11:47:52.111833+00:00,1,LEFT,713.0,73.0,512.0,10272,0.06331087997299618,12.091487399040028,3.389
2026-07-29T11:47:52.161779+00:00,1,LEFT,711.0,71.0,512.0,10218,-0.1822503861784935,-34.8072598088569,3.364
2026-07-29T11:47:52.195241+00:00,1,LEFT,711.0,71.0,512.0,10443,0.13859792883973568,26.47025457257123,3.35
2026-07-29T11:47:52.228546+00:00,1,LEFT,711.0,71.0,512.0,10284,4.841781570576131e-05,0.009247121643941182,3.341
2026-07-29T11:47:52.245269+00:00,1,LEFT,711.0,71.0,512.0,10203,0.33394223934970796,63.77826971961944,3.336
2026-07-29T11:47:52.345274+00:00,1,LEFT,710.0,70.0,512.0,10200,-0.3688706662319601,-70.44910787090055,3.314
2026-07-29T11:47:52.378484+00:00,1,LEFT,711.0,71.0,512.0,10278,-0.08535789583809673,-16.302157265467457,3.32
2026-07-29T11:47:52.395339+00:00,1,LEFT,712.0,72.0,512.0,10324,0.047895903160679154,9.147443690247385,3.342
2026-07-29T11:47:52.429827+00:00,1,LEFT,712.0,72.0,512.0,10278,-0.2970641799084842,-56.73507917757044,3.355
2026-07-29T11:47:52.511905+00:00,1,LEFT,711.0,71.0,512.0,10337,-0.0318227391783148,-6.077695491543505,3.344
2026-07-29T11:47:52.528509+00:00,1,LEFT,710.0,70.0,512.0,10304,-0.16387641004286707,-31.298088857371937,3.319
2026-07-29T11:47:52.595202+00:00,1,LEFT,712.0,72.0,512.0,10349,-0.05280892526730895,-10.085761794795252,3.341
2026-07-29T11:47:52.611848+00:00,1,LEFT,713.0,73.0,512.0,10368,-0.05280892526730895,-10.085761794795252,3.374
2026-07-29T11:47:52.628607+00:00,1,LEFT,711.0,71.0,512.0,10191,0.400135448789224,76.42024149731874,3.355
2026-07-29T11:47:52.678583+00:00,1,LEFT,711.0,71.0,512.0,10403,0.1448432838311419,27.66302951446636,3.345
2026-07-29T11:47:52.728587+00:00,1,LEFT,711.0,71.0,512.0,10256,-0.1523807212803513,-29.10257402841153,3.338
2026-07-29T11:47:52.745151+00:00,1,LEFT,713.0,73.0,512.0,10355,0.05478052934631705,10.462310436788393,3.372
2026-07-29T11:47:52.795468+00:00,1,LEFT,711.0,71.0,512.0,10309,0.20992979120463132,40.09363676695988,3.354
2026-07-29T11:47:52.845260+00:00,1,LEFT,712.0,72.0,512.0,10310,-0.199995184908621,-38.196266727341595,3.362
2026-07-29T11:47:52.861866+00:00,1,LEFT,710.0,70.0,512.0,10169,0.0,0.0,3.33
2026-07-29T11:47:52.895290+00:00,1,LEFT,710.5,70.5,512.0,10176,0.03400979003403336,6.4953914369206665,3.32
2026-07-29T11:47:52.961857+00:00,1,LEFT,712.0,72.0,512.0,10305,-0.01647671249695122,-3.146820287752551,3.342
2026-07-29T11:47:52.995081+00:00,1,LEFT,713.0,73.0,512.0,10351,0.15660304633900524,29.908978713722192,3.374
2026-07-29T11:47:53.028600+00:00,1,LEFT,712.0,72.0,512.0,10293,-0.08582860483787953,-16.392056062355387,3.374
2026-07-29T11:47:53.045208+00:00,1,LEFT,711.0,71.0,512.0,10424,5.614303518086672e-05,0.010722529883060545,3.356
2026-07-29T11:47:53.095174+00:00,1,LEFT,711.0,71.0,512.0,10231,0.16027791682630776,30.610827277654252,3.345
2026-07-29T11:47:53.111891+00:00,1,LEFT,711.0,71.0,512.0,10255,-0.18416529157664627,-35.17297980046014,3.338
2026-07-29T11:47:53.161800+00:00,1,LEFT,712.0,72.0,512.0,10322,-0.1328401959966868,-25.370608601002694,3.353
2026-07-29T11:47:53.195194+00:00,1,LEFT,713.0,73.0,512.0,10289,0.057995270402170715,11.076280752547875,3.38
2026-07-29T11:47:53.211869+00:00,1,LEFT,712.0,72.0,512.0,10349,0.042028237981721756,8.026802189080273,3.378
2026-07-29T11:47:53.278604+00:00,1,LEFT,712.0,72.0,512.0,10279,0.12478725391440093,23.832609954408447,3.377
2026-07-29T11:47:53.295180+00:00,1,LEFT,711.0,71.0,512.0,10281,-0.18369075034046545,-35.082349100333204,3.357
2026-07-29T11:47:53.311837+00:00,1,LEFT,711.0,71.0,512.0,10325,-0.2605900308396667,-49.769029834322886,3.346
2026-07-29T11:47:53.361933+00:00,1,LEFT,712.0,72.0,512.0,10300,0.1519877236802131,29.027517015589236,3.357
2026-07-29T11:47:53.378874+00:00,1,LEFT,711.0,71.0,512.0,10291,0.054786286163143814,10.463409907813737,3.346
2026-07-29T11:47:53.428375+00:00,1,LEFT,714.0,74.0,512.0,10404,-0.11271671301685274,-21.527306454843234,3.395
2026-07-29T11:47:53.445167+00:00,1,LEFT,711.0,71.0,512.0,10257,-0.11271671301685274,-21.527306454843234,3.368
2026-07-29T11:47:53.478572+00:00,1,LEFT,712.0,72.0,512.0,10285,2.639471786096687e-06,0.0005041019782906579,3.371
2026-07-29T11:47:53.545170+00:00,1,LEFT,711.0,71.0,512.0,10254,-0.04645348290039692,-8.871961712919607,3.354
2026-07-29T11:47:53.561985+00:00,1,LEFT,711.0,71.0,512.0,10339,0.019873061133548618,3.7954750965260247,3.344
2026-07-29T11:47:53.578554+00:00,1,LEFT,712.0,72.0,512.0,10312,0.02025039047934115,3.8675396931938395,3.356
2026-07-29T11:47:53.612042+00:00,1,LEFT,711.0,71.0,512.0,10149,-0.029840568760992028,-5.699128827582571,3.345
2026-07-29T11:47:53.678518+00:00,1,LEFT,711.0,71.0,512.0,10428,0.09445100724929943,18.038813620481335,3.338
2026-07-29T11:47:53.711917+00:00,1,LEFT,711.0,71.0,512.0,10298,-0.19556344643235207,-37.3498670253551,3.334
2026-07-29T11:47:53.728457+00:00,1,LEFT,712.0,72.0,512.0,10288,0.009907091483473778,1.8921150975101642,3.351
2026-07-29T11:47:53.778616+00:00,1,LEFT,711.0,71.0,512.0,10251,-0.14706061569973827,-28.08650870730112,3.342
2026-07-29T11:47:53.795299+00:00,1,LEFT,710.0,70.0,512.0,10243,-0.14706061569973827,-28.08650870730112,3.317
2026-07-29T11:47:53.811903+00:00,1,LEFT,712.0,72.0,512.0,10384,-0.14706061569973827,-28.08650870730112,3.34
2026-07-29T11:47:53.878504+00:00,1,LEFT,712.0,72.0,512.0,10353,0.11246174299158156,21.47861076700863,3.354
2026-07-29T11:47:53.911963+00:00,1,LEFT,711.0,71.0,512.0,10403,0.10057311180047691,19.208049462215676,3.344
2026-07-29T11:47:53.945173+00:00,1,LEFT,711.0,71.0,512.0,10358,0.06026072530599777,11.508950768102896,3.338
2026-07-29T11:47:53.978532+00:00,1,LEFT,712.0,72.0,512.0,10393,-0.027378090913407503,-5.22883020154573,3.353
2026-07-29T11:47:53.995156+00:00,1,LEFT,712.0,72.0,512.0,10278,-0.05590409843251109,-10.676896325556022,3.362
2026-07-29T11:47:54.029054+00:00,1,LEFT,712.0,72.0,512.0,10384,0.2881438602041453,55.03142360768374,3.367
2026-07-29T11:47:54.078560+00:00,1,LEFT,712.0,72.0,512.0,10354,-0.015910465852357447,-3.038675144756992,3.37
2026-07-29T11:47:54.095119+00:00,1,LEFT,711.0,71.0,512.0,10254,0.03639629036188126,6.951179425561573,3.353
2026-07-29T11:47:54.145353+00:00,1,LEFT,711.0,71.0,512.0,10353,0.03639629036188126,6.951179425561573,3.343
2026-07-29T11:47:54.161674+00:00,1,LEFT,711.0,71.0,512.0,10347,-0.02791420385481615,-5.331220231162597,3.337
2026-07-29T11:47:54.195280+00:00,1,LEFT,712.0,72.0,512.0,10324,-0.1775791578181088,-33.91512090821737,3.352
2026-07-29T11:47:54.245289+00:00,1,LEFT,711.0,71.0,512.0,10431,-0.01951590192038566,-3.7272627114311883,3.343
2026-07-29T11:47:54.261812+00:00,1,LEFT,711.0,71.0,512.0,10342,-0.00013016161741688848,-0.02485903777528073,3.337
2026-07-29T11:47:54.311947+00:00,1,LEFT,711.0,71.0,512.0,10286,-0.07483078827848658,-14.29162781998104,3.333
2026-07-29T11:47:54.345301+00:00,1,LEFT,711.0,71.0,512.0,10299,-0.16479830144438892,-31.47415714562728,3.331
2026-07-29T11:47:54.395241+00:00,1,LEFT,712.0,72.0,512.0,10276,0.24145505874417722,46.11451936041573,3.349
2026-07-29T11:47:54.411781+00:00,1,LEFT,712.0,72.0,512.0,10316,0.04068884123116732,7.7709962527459195,3.359
2026-07-29T11:47:54.428522+00:00,1,LEFT,712.0,72.0,512.0,10310,-0.1142744859540835,-21.824819170653306,3.366
2026-07-29T11:47:54.495247+00:00,1,LEFT,712.0,72.0,512.0,10310,0.026827690096688457,5.1237113887505465,3.369
2026-07-29T11:47:54.511764+00:00,1,LEFT,711.0,71.0,512.0,10416,-0.00012417789504979738,-0.023716230983906225,3.353
2026-07-29T11:47:54.561737+00:00,1,LEFT,712.0,72.0,512.0,10351,-0.05723444633884355,-10.93097405994574,3.362
2026-07-29T11:47:54.578500+00:00,1,LEFT,712.0,72.0,512.0,10308,0.11292204128578305,21.56652126559135,3.367
2026-07-29T11:47:54.645253+00:00,1,LEFT,711.0,71.0,512.0,10306,-0.025285498877055942,-4.829174561793626,3.351
2026-07-29T11:47:54.661927+00:00,1,LEFT,710.0,70.0,512.0,10197,0.010763947900850326,2.055762618724752,3.323
2026-07-29T11:47:54.695232+00:00,1,LEFT,713.0,73.0,512.0,10383,-0.09938241615425795,-18.980643344839184,3.363
2026-07-29T11:47:54.761961+00:00,1,LEFT,711.0,71.0,512.0,10280,-6.87233847565949e-05,-0.013125199668021946,3.349
2026-07-29T11:47:54.795256+00:00,1,LEFT,711.0,71.0,512.0,10348,-3.979925037128851e-05,-0.007601096913531021,3.341
2026-07-29T11:47:54.811896+00:00,1,LEFT,712.0,72.0,512.0,10291,-0.10341760284267366,-19.751307234151152,3.354
2026-07-29T11:47:54.828487+00:00,1,LEFT,711.0,71.0,512.0,10206,-4.553838733045268e-05,-0.00869719133288986,3.344
2026-07-29T11:47:54.861885+00:00,1,LEFT,712.0,72.0,512.0,10301,-8.727369073312729e-05,-0.016668047138460658,3.356
2026-07-29T11:47:54.911861+00:00,1,LEFT,711.0,71.0,512.0,10276,-0.056036439915187655,-10.702171686928924,3.345
2026-07-29T11:47:54.961728+00:00,1,LEFT,711.0,71.0,512.0,10313,-7.834459422156214e-05,-0.014962715321868426,3.338
2026-07-29T11:47:54.995106+00:00,1,LEFT,711.0,71.0,512.0,10316,-7.834459422156214e-05,-0.014962715321868426,3.334
2026-07-29T11:47:55.011861+00:00,1,LEFT,712.0,72.0,512.0,10359,0.056613093204796315,10.812304352718629,3.351
2026-07-29T11:47:55.045227+00:00,1,LEFT,711.0,71.0,512.0,10231,0.056613093204796315,10.812304352718629,3.342
2026-07-29T11:47:55.078594+00:00,1,LEFT,712.0,72.0,512.0,10352,-0.08683103118906729,-16.58350539300791,3.355
2026-07-29T11:47:55.111743+00:00,1,LEFT,712.0,72.0,512.0,10241,-0.019765938093187288,-3.775016102854979,3.363
2026-07-29T11:47:55.145211+00:00,1,LEFT,712.0,72.0,512.0,10324,0.03413827683776617,6.519930608844053,3.368
2026-07-29T11:47:55.178584+00:00,1,LEFT,711.0,71.0,512.0,10150,0.056490270893555135,10.788847019171422,3.352
2026-07-29T11:47:55.195082+00:00,1,LEFT,711.0,71.0,512.0,10288,-0.04168862123275176,-7.9619401678538235,3.342
2026-07-29T11:47:55.228633+00:00,1,LEFT,710.0,70.0,512.0,10180,-0.04168862123275176,-7.9619401678538235,3.318
2026-07-29T11:47:55.245071+00:00,1,LEFT,711.0,71.0,512.0,10286,-0.04168862123275176,-7.9619401678538235,3.322
2026-07-29T11:47:55.311927+00:00,1,LEFT,711.0,71.0,512.0,10256,-0.15235128994449043,-29.096953057310667,3.324
2026-07-29T11:47:55.345020+00:00,1,LEFT,713.0,73.0,512.0,10382,0.008378387650009245,1.6001541715668721,3.363
2026-07-29T11:47:55.395169+00:00,1,LEFT,713.0,73.0,512.0,10465,0.006550694401375949,1.251090473596064,3.387
2026-07-29T11:47:55.412008+00:00,1,LEFT,711.0,71.0,512.0,10313,0.04362951757851988,8.332624064803413,3.363
2026-07-29T11:47:55.495211+00:00,1,LEFT,711.0,71.0,512.0,10295,9.275973716285079e-06,0.0017715804827247224,3.349
2026-07-29T11:47:55.511875+00:00,1,LEFT,710.0,70.0,512.0,10257,-0.01255624040379189,-2.3980652722963867,3.322
2026-07-29T11:47:55.528665+00:00,1,LEFT,710.0,70.0,512.0,10374,-0.17519359631696715,-33.45951222226967,3.306
2026-07-29T11:47:55.578701+00:00,1,LEFT,713.0,73.0,512.0,10347,-0.00010892283171415329,-0.020802728499448992,3.352
2026-07-29T11:47:55.595050+00:00,1,LEFT,713.0,73.0,512.0,10300,-0.015900648343376816,-3.0368001386572527,3.38
2026-07-29T11:47:55.645194+00:00,1,LEFT,710.0,70.0,512.0,10213,0.0002150093179079704,0.04106375490704432,3.341
2026-07-29T11:47:55.695187+00:00,1,LEFT,711.0,71.0,512.0,10361,0.14493496814742685,27.68053992903526,3.336
2026-07-29T11:47:55.711939+00:00,1,LEFT,711.0,71.0,512.0,10342,0.08700555333060038,16.616836666812684,3.333
2026-07-29T11:47:55.762605+00:00,1,LEFT,712.0,72.0,512.0,10349,-0.09108889831230044,-17.39669811263714,3.35
2026-07-29T11:47:55.795170+00:00,1,LEFT,712.0,72.0,512.0,10299,-8.868380973581225e-06,-0.0016937360030010807,3.36
2026-07-29T11:47:55.828582+00:00,1,LEFT,713.0,73.0,512.0,10357,0.07443455490749329,14.215952820447184,3.385
2026-07-29T11:47:55.878635+00:00,1,LEFT,712.0,72.0,512.0,10239,0.017604062606114895,3.3621282987148544,3.381
2026-07-29T11:47:55.895183+00:00,1,LEFT,712.0,72.0,512.0,10257,-0.0072020858549512925,-1.3754970772652608,3.378
2026-07-29T11:47:55.928531+00:00,1,LEFT,714.0,74.0,512.0,10353,-0.0072020858549512925,-1.3754970772652608,3.415
2026-07-29T11:47:55.961917+00:00,1,LEFT,710.0,70.0,512.0,10379,0.056319683744804935,10.756267273629568,3.361
2026-07-29T11:47:55.995021+00:00,1,LEFT,711.0,71.0,512.0,10224,-0.07290008479962125,-13.922890617213676,3.348
2026-07-29T11:47:56.028577+00:00,1,LEFT,712.0,72.0,512.0,10272,0.29639866278273985,56.607974769241004,3.359
2026-07-29T11:47:56.045179+00:00,1,LEFT,711.0,71.0,512.0,10416,0.014124839731957764,2.697645676466256,3.347
2026-07-29T11:47:56.095260+00:00,1,LEFT,711.0,71.0,512.0,10432,-0.00024482842069119216,-0.04675878403486236,3.339
2026-07-29T11:47:56.145144+00:00,1,LEFT,711.0,71.0,512.0,10276,-0.10701891653239727,-20.439107484563984,3.335
2026-07-29T11:47:56.178621+00:00,1,LEFT,711.0,71.0,512.0,10285,-0.019402550586964936,-3.7056142014072297,3.332
2026-07-29T11:47:56.229019+00:00,1,LEFT,711.0,71.0,512.0,10360,0.026438865747768433,5.049451408200415,3.331
2026-07-29T11:47:56.278531+00:00,1,LEFT,711.0,71.0,512.0,10220,0.0028979921992868187,0.5534757402699002,3.33
2026-07-29T11:47:56.311954+00:00,1,LEFT,711.0,71.0,512.0,10330,0.04688016435597092,8.953451868255902,3.329
2026-07-29T11:47:56.345253+00:00,1,LEFT,712.0,72.0,512.0,10275,-0.09917569514131173,-18.941162539577554,3.347
2026-07-29T11:47:56.361943+00:00,1,LEFT,711.0,71.0,512.0,10254,-0.010973142732400448,-2.0957158885373257,3.34
2026-07-29T11:47:56.395242+00:00,1,LEFT,711.0,71.0,512.0,10323,-0.010973142732400448,-2.0957158885373257,3.335
2026-07-29T11:47:56.428556+00:00,1,LEFT,713.0,73.0,512.0,10327,0.07117892113048584,13.594172570237976,3.37
2026-07-29T11:47:56.478514+00:00,1,LEFT,712.0,72.0,512.0,10307,0.18334168410860002,35.01568236081179,3.372
2026-07-29T11:47:56.495336+00:00,1,LEFT,711.0,71.0,512.0,10358,-0.06691158032277598,-12.779170510152236,3.354
2026-07-29T11:47:56.545258+00:00,1,LEFT,711.0,71.0,512.0,10240,-0.09263264418812468,-17.691531857055327,3.344
2026-07-29T11:47:56.561836+00:00,1,LEFT,712.0,72.0,512.0,10336,0.024516540677286685,4.68231436356444,3.356
2026-07-29T11:47:56.611762+00:00,1,LEFT,712.0,72.0,512.0,10301,-0.05609845290891826,-10.714015296314708,3.364
2026-07-29T11:47:56.628691+00:00,1,LEFT,711.0,71.0,512.0,10384,-0.15208071958390065,-29.045277924900244,3.35
2026-07-29T11:47:56.678451+00:00,1,LEFT,712.0,72.0,512.0,10322,0.31160965596791357,59.51306047495004,3.36
2026-07-29T11:47:56.695294+00:00,1,LEFT,710.0,70.0,512.0,10117,-0.09178155544679611,-17.528985880824564,3.328
2026-07-29T11:47:56.745267+00:00,1,LEFT,711.0,71.0,512.0,10389,0.08544687675021123,16.319151367872077,3.328
2026-07-29T11:47:56.778500+00:00,1,LEFT,712.0,72.0,512.0,10367,0.09494393831584602,18.132956519494677,3.347
2026-07-29T11:47:56.828487+00:00,1,LEFT,712.0,72.0,512.0,10362,-0.059312504202507624,-11.327853877185484,3.358
2026-07-29T11:47:56.845245+00:00,1,LEFT,711.0,71.0,512.0,10470,0.08505766042042523,16.244816524491043,3.346
2026-07-29T11:47:56.895214+00:00,1,LEFT,711.0,71.0,512.0,10301,-0.06306636050576345,-12.044787620769286,3.339
2026-07-29T11:47:56.945227+00:00,1,LEFT,711.0,71.0,512.0,10391,0.03424043395440094,6.539441180945379,3.335
2026-07-29T11:47:56.961861+00:00,1,LEFT,711.0,71.0,512.0,10246,0.03424043395440094,6.539441180945379,3.332
2026-07-29T11:47:56.995234+00:00,1,LEFT,711.0,71.0,512.0,10314,0.0502722395316232,9.601290506109146,3.33
2026-07-29T11:47:57.045325+00:00,1,LEFT,711.0,71.0,512.0,10246,0.0502722395316232,9.601290506109146,3.33
2026-07-29T11:47:57.078477+00:00,1,LEFT,711.0,71.0,512.0,10363,-0.042480640241410586,-8.113204656154776,3.329
2026-07-29T11:47:57.111913+00:00,1,LEFT,711.0,71.0,512.0,10276,-0.1712516704853624,-32.70665984458785,3.329
2026-07-29T11:47:57.145128+00:00,1,LEFT,711.0,71.0,512.0,10309,0.0001788361254148185,0.034155184035804594,3.328
2026-07-29T11:47:57.161893+00:00,1,LEFT,711.0,71.0,512.0,10248,0.06703432866139337,12.802613715968965,3.328
2026-07-29T11:47:57.195244+00:00,1,LEFT,712.0,72.0,512.0,10318,0.11349060117732733,21.675108206211025,3.347
2026-07-29T11:47:57.245269+00:00,1,LEFT,711.0,71.0,512.0,10223,0.11349060117732733,21.675108206211025,3.339
2026-07-29T11:47:57.261788+00:00,1,LEFT,712.0,72.0,512.0,10321,-0.13327820884995162,-25.45426289388455,3.354
2026-07-29T11:47:57.328584+00:00,1,LEFT,712.0,72.0,512.0,10298,-0.0033446080260910093,-0.6387730800686533,3.362
2026-07-29T11:47:57.345102+00:00,1,LEFT,712.0,72.0,512.0,10290,0.09120626846328378,17.419114160277672,3.367
2026-07-29T11:47:57.395105+00:00,1,LEFT,712.0,72.0,512.0,10373,-0.08261447190539911,-15.778201889604938,3.37
2026-07-29T11:47:57.411831+00:00,1,LEFT,712.0,72.0,512.0,10330,0.0012442804221063854,0.23764005572484154,3.372
2026-07-29T11:47:57.445226+00:00,1,LEFT,712.0,72.0,512.0,10372,0.0012442804221063854,0.23764005572484154,3.373
2026-07-29T11:47:57.478612+00:00,1,LEFT,711.0,71.0,512.0,10282,-0.05294980216305703,-10.11266729998615,3.355
2026-07-29T11:47:57.511776+00:00,1,LEFT,712.0,72.0,512.0,10342,0.23572392280213536,45.01995302276662,3.363
2026-07-29T11:47:57.595213+00:00,1,LEFT,712.0,72.0,512.0,10386,-0.2724772218056023,-52.039316076370056,3.368
2026-07-29T11:47:57.612698+00:00,1,LEFT,712.0,72.0,512.0,10496,-0.2724772218056023,-52.039316076370056,3.371
2026-07-29T11:47:57.628593+00:00,1,LEFT,711.0,71.0,512.0,10394,-0.012840739082312211,-2.4524005174839316,3.354
2026-07-29T11:47:57.695719+00:00,1,LEFT,712.0,72.0,512.0,10245,0.04377689469838515,8.360771021353662,3.362
2026-07-29T11:47:57.728578+00:00,1,LEFT,711.0,71.0,512.0,10317,-0.04706203641602769,-8.988186873097913,3.349
2026-07-29T11:47:57.778542+00:00,1,LEFT,711.0,71.0,512.0,10457,0.42617708309553565,81.3938272885679,3.34
2026-07-29T11:47:57.811816+00:00,1,LEFT,711.0,71.0,512.0,10221,-0.007720107908826321,-1.474432001871053,3.335
2026-07-29T11:47:57.861851+00:00,1,LEFT,711.0,71.0,512.0,10235,0.024795477809384465,4.735587431626726,3.333
2026-07-29T11:47:57.878542+00:00,1,LEFT,711.0,71.0,512.0,10409,-0.08520276147581171,-16.272528784746175,3.331
2026-07-29T11:47:57.911878+00:00,1,LEFT,710.0,70.0,512.0,10329,0.03780409098078962,7.220049538426087,3.311
2026-07-29T11:47:57.928532+00:00,1,LEFT,713.0,73.0,512.0,10417,0.03780409098078962,7.220049538426087,3.355
2026-07-29T11:47:57.945184+00:00,1,LEFT,712.0,72.0,512.0,10220,0.004529224266298116,0.8650181164237296,3.363
2026-07-29T11:47:58.028553+00:00,1,LEFT,712.0,72.0,512.0,10268,0.13722764936246676,26.20855046990156,3.368
2026-07-29T11:47:58.061962+00:00,1,LEFT,712.0,72.0,512.0,10383,-0.03520871174056083,-6.724368616089488,3.371
2026-07-29T11:47:58.078541+00:00,1,LEFT,712.0,72.0,512.0,10345,-0.007642224655137397,-1.4595573961006463,3.372
2026-07-29T11:47:58.111933+00:00,1,LEFT,710.0,70.0,512.0,10110,0.06802496034342767,12.991810430744001,3.336
2026-07-29T11:47:58.145085+00:00,1,LEFT,711.0,71.0,512.0,10347,-0.03551298258302268,-6.782480066429334,3.333
2026-07-29T11:47:58.178597+00:00,1,LEFT,710.0,70.0,512.0,10177,-3.238701508962549e-05,-0.006185464252206841,3.312
2026-07-29T11:47:58.228502+00:00,1,LEFT,712.0,72.0,512.0,10313,0.015492281005717813,2.9588077221944036,3.337
2026-07-29T11:47:58.278443+00:00,1,LEFT,711.0,71.0,512.0,10257,0.12228487062267959,23.354689949942827,3.334
2026-07-29T11:47:58.295166+00:00,1,LEFT,711.0,71.0,512.0,10273,-0.03642989174812101,-6.957596817619328,3.331
2026-07-29T11:47:58.311910+00:00,1,LEFT,710.0,70.0,512.0,10214,-0.19416171008720995,-37.08215510346598,3.311
2026-07-29T11:47:58.361960+00:00,1,LEFT,711.0,71.0,512.0,10291,0.015820493935607374,3.0214917744087204,3.318
2026-07-29T11:47:58.378409+00:00,1,LEFT,711.0,71.0,512.0,10339,0.015820493935607374,3.0214917744087204,3.322
2026-07-29T11:47:58.395226+00:00,1,LEFT,710.0,70.0,512.0,10349,-0.13256476483307778,-25.318005123598777,3.306
2026-07-29T11:47:58.495160+00:00,1,LEFT,710.0,70.0,512.0,10266,-9.386910300236195e-05,-0.017927678095713814,3.296
2026-07-29T11:47:58.528512+00:00,1,LEFT,711.0,71.0,512.0,10310,0.029549135183915495,5.643469114332952,3.309
2026-07-29T11:47:58.561861+00:00,1,LEFT,712.0,72.0,512.0,10343,-0.11380634558852762,-21.735410946766425,3.335
2026-07-29T11:47:58.578557+00:00,1,LEFT,711.0,71.0,512.0,10193,-0.0034533773141447455,-0.6595464838890592,3.332
2026-07-29T11:47:58.611869+00:00,1,LEFT,712.0,72.0,512.0,10212,0.016637166696600616,3.177464782569417,3.349
2026-07-29T11:47:58.661884+00:00,1,LEFT,712.0,72.0,512.0,10302,0.07179913282161579,13.712624277926036,3.36
2026-07-29T11:47:58.695137+00:00,1,LEFT,712.0,72.0,512.0,10283,0.07179913282161579,13.712624277926036,3.366
2026-07-29T11:47:58.711890+00:00,1,LEFT,711.0,71.0,512.0,10295,-0.04227294543990865,-8.07353787097855,3.351
2026-07-29T11:47:58.761896+00:00,1,LEFT,711.0,71.0,512.0,10419,0.10570566144306212,20.18829423775405,3.342
2026-07-29T11:47:58.811895+00:00,1,LEFT,712.0,72.0,512.0,10305,-7.633275148691608e-05,-0.014578481662737503,3.355
2026-07-29T11:47:58.845260+00:00,1,LEFT,711.0,71.0,512.0,10293,0.08797623986843973,16.802224139640554,3.344
2026-07-29T11:47:58.863509+00:00,1,LEFT,711.0,71.0,512.0,10308,-0.05232917452231049,-9.994136151773022,3.338
2026-07-29T11:47:58.945260+00:00,1,LEFT,711.0,71.0,512.0,10338,0.09875407848507166,18.860639689660978,3.334
2026-07-29T11:47:58.978526+00:00,1,LEFT,711.0,71.0,512.0,10395,-0.12686139028228355,-24.228740821122678,3.332
2026-07-29T11:47:58.995362+00:00,1,LEFT,710.0,70.0,512.0,10080,-3.824068699032068e-05,-0.007303433234087366,3.311
2026-07-29T11:47:59.045208+00:00,1,LEFT,712.0,72.0,512.0,10415,-8.676913465023971e-05,-0.016571684024870286,3.337
2026-07-29T11:47:59.078497+00:00,1,LEFT,712.0,72.0,512.0,10329,0.1199054201785475,22.90024838991183,3.352
2026-07-29T11:47:59.111822+00:00,1,LEFT,712.0,72.0,512.0,10294,0.009173647100105882,1.752037538594979,3.361
2026-07-29T11:47:59.178495+00:00,1,LEFT,711.0,71.0,512.0,10274,0.012828839713474736,2.450127905439742,3.348
2026-07-29T11:47:59.195256+00:00,1,LEFT,711.0,71.0,512.0,10287,3.403325215913357e-05,0.0064998723727428325,3.34
2026-07-29T11:47:59.228417+00:00,1,LEFT,712.0,72.0,512.0,10304,-0.024928488295990973,-4.760990563338507,3.354
2026-07-29T11:47:59.295254+00:00,1,LEFT,711.0,71.0,512.0,10241,0.04791771608404815,9.151609651740337,3.344
2026-07-29T11:47:59.311861+00:00,1,LEFT,713.0,73.0,512.0,10314,-0.026488150998484342,-5.058864197727967,3.375
2026-07-29T11:47:59.361858+00:00,1,LEFT,711.0,71.0,512.0,10410,0.06790503694210201,12.968906748207957,3.356
2026-07-29T11:47:59.378480+00:00,1,LEFT,712.0,72.0,512.0,10344,1.585280435392633e-05,0.003027662609755315,3.364
2026-07-29T11:47:59.395325+00:00,1,LEFT,711.0,71.0,512.0,10349,0.04593725712969899,8.773369853130006,3.349
2026-07-29T11:47:59.428491+00:00,1,LEFT,711.0,71.0,512.0,10186,0.03369130780920386,6.434565812478444,3.341
2026-07-29T11:47:59.511866+00:00,1,LEFT,712.0,72.0,512.0,10287,-3.6904927201248937e-05,-0.007048321906230378,3.355
2026-07-29T11:47:59.528495+00:00,1,LEFT,710.0,70.0,512.0,10248,0.16715197324752806,31.92367534789001,3.325
2026-07-29T11:47:59.578509+00:00,1,LEFT,712.0,72.0,512.0,10255,-0.07909332203911618,-15.105711801701382,3.345
2026-07-29T11:47:59.595253+00:00,1,LEFT,712.0,72.0,512.0,10321,0.05239415086398367,10.0065457189266,3.357
2026-07-29T11:47:59.628644+00:00,1,LEFT,712.0,72.0,512.0,10388,0.08066593701019883,15.406059137175133,3.364
2026-07-29T11:47:59.678537+00:00,1,LEFT,711.0,71.0,512.0,10265,-9.689479779808607e-05,-0.018505543235346113,3.35
2026-07-29T11:47:59.711878+00:00,1,LEFT,711.0,71.0,512.0,10276,0.002702804051223211,0.5161975499531692,3.341
2026-07-29T11:47:59.728906+00:00,1,LEFT,712.0,72.0,512.0,10255,-0.08163493417887366,-15.59112396425911,3.355
2026-07-29T11:47:59.761820+00:00,1,LEFT,713.0,73.0,512.0,10387,0.13441493574064226,25.671361738203224,3.382
2026-07-29T11:47:59.795336+00:00,1,LEFT,712.0,72.0,512.0,10370,-6.509012964670547e-05,-0.012431299055718598,3.379
2026-07-29T11:47:59.828537+00:00,1,LEFT,710.0,70.0,512.0,10235,-0.10427974273916334,-19.915963825546832,3.34
2026-07-29T11:47:59.895187+00:00,1,LEFT,711.0,71.0,512.0,10188,-4.63289170875214e-05,-0.008848171395088329,3.335
2026-07-29T11:47:59.911833+00:00,1,LEFT,712.0,72.0,512.0,10269,0.0006189738633111119,0.11821529998878076,3.351
2026-07-29T11:47:59.945077+00:00,1,LEFT,710.0,70.0,512.0,10224,-0.0009642033046111464,-0.1841492664892853,3.323
2026-07-29T11:47:59.995078+00:00,1,LEFT,711.0,71.0,512.0,10240,-0.22241524375975133,-42.4781825560239,3.325
2026-07-29T11:48:00.011838+00:00,1,LEFT,710.0,70.0,512.0,10244,0.022696760726394132,4.3347619941355475,3.308
2026-07-29T11:48:00.045210+00:00,1,LEFT,711.0,71.0,512.0,10256,-0.17098055123817177,-32.65487988255855,3.316
2026-07-29T11:48:00.095199+00:00,1,LEFT,713.0,73.0,512.0,10273,0.1083221128815785,20.687999653513785,3.358
2026-07-29T11:48:00.111794+00:00,1,LEFT,713.0,73.0,512.0,10316,-0.14428076926618816,-27.555597146178073,3.384
2026-07-29T11:48:00.145224+00:00,1,LEFT,711.0,71.0,512.0,10303,0.09823783019150141,18.76204352831962,3.361
2026-07-29T11:48:00.161787+00:00,1,LEFT,711.0,71.0,512.0,10309,0.1903177130408585,36.34800574607701,3.348
2026-07-29T11:48:00.211779+00:00,1,LEFT,712.0,72.0,512.0,10332,0.05219153174199164,9.967848317130635,3.359
2026-07-29T11:48:00.245235+00:00,1,LEFT,712.0,72.0,512.0,10319,0.08443516731786076,16.12592909931455,3.365
2026-07-29T11:48:00.261851+00:00,1,LEFT,711.0,71.0,512.0,10206,0.10186495201429352,19.454772769072243,3.35
2026-07-29T11:48:00.278561+00:00,1,LEFT,712.0,72.0,512.0,10317,0.07355809777043759,14.048561837522483,3.36
2026-07-29T11:48:00.345169+00:00,1,LEFT,712.0,72.0,512.0,10247,0.292677093767561,55.897207443452984,3.366
2026-07-29T11:48:00.361808+00:00,1,LEFT,711.0,71.0,512.0,10348,-0.08183652940206229,-15.629625815788131,3.351
2026-07-29T11:48:00.411954+00:00,1,LEFT,711.0,71.0,512.0,10270,0.18744091940112412,35.79857863245414,3.342
2026-07-29T11:48:00.428427+00:00,1,LEFT,712.0,72.0,512.0,10468,0.06876790548674762,13.133702501150585,3.355
2026-07-29T11:48:00.461963+00:00,1,LEFT,712.0,72.0,512.0,10347,0.06004875460639596,11.468467346544164,3.363
2026-07-29T11:48:00.511878+00:00,1,LEFT,710.0,70.0,512.0,10178,0.015033319258945995,2.871152485367813,3.33
2026-07-29T11:48:00.528430+00:00,1,LEFT,712.0,72.0,512.0,10317,-0.007775023248977959,-1.4849200592751004,3.348
2026-07-29T11:48:00.561938+00:00,1,LEFT,711.0,71.0,512.0,10343,0.26388634253293275,50.398578994268775,3.34
2026-07-29T11:48:00.578418+00:00,1,LEFT,710.0,70.0,512.0,10295,0.548730544988066,104.79981439243242,3.317
2026-07-29T11:48:00.595175+00:00,1,LEFT,712.0,72.0,512.0,10450,0.43898987953551116,83.84089115447073,3.34
2026-07-29T11:48:00.661941+00:00,1,LEFT,711.0,71.0,512.0,10344,0.237446914575994,45.349020212026154,3.335
2026-07-29T11:48:00.695159+00:00,1,LEFT,709.0,69.0,512.0,10296,0.237446914575994,45.349020212026154,3.295
2026-07-29T11:48:00.745063+00:00,1,LEFT,709.0,69.0,512.0,10564,0.1599876205995679,30.555384782318367,3.271
2026-07-29T11:48:00.761908+00:00,1,LEFT,709.0,69.0,512.0,10361,0.1569776562973857,29.98052394565143,3.256
2026-07-29T11:48:00.778419+00:00,1,LEFT,712.0,72.0,512.0,10529,0.1569776562973857,29.98052394565143,3.304
2026-07-29T11:48:00.828396+00:00,1,LEFT,708.0,68.0,512.0,10489,0.1569776562973857,29.98052394565143,3.257
2026-07-29T11:48:00.847666+00:00,1,LEFT,705.0,65.0,512.0,10179,0.1569776562973857,29.98052394565143,3.173
2026-07-29T11:48:00.861968+00:00,1,LEFT,709.0,69.0,512.0,10495,0.1569776562973857,29.98052394565143,3.198
2026-07-29T11:48:00.911913+00:00,1,LEFT,702.0,62.0,512.0,10393,0.1569776562973857,29.98052394565143,3.081
2026-07-29T11:48:00.928571+00:00,1,LEFT,699.0,59.0,512.0,10309,0.1569776562973857,29.98052394565143,2.955
2026-07-29T11:48:00.978540+00:00,1,LEFT,707.0,67.0,512.0,10595,0.6242772576212883,119.22817369233674,3.029
2026-07-29T11:48:01.011881+00:00,1,LEFT,702.0,62.0,512.0,10412,0.6887647829111665,131.54438379351402,2.98
2026-07-29T11:48:01.045160+00:00,1,LEFT,697.0,57.0,512.0,10336,0.5195790291205049,99.23228497369944,2.857
2026-07-29T11:48:01.061890+00:00,1,LEFT,703.0,63.0,512.0,10516,0.3237324789352715,61.82834911432962,2.895
2026-07-29T11:48:01.111971+00:00,1,LEFT,699.0,59.0,512.0,10670,0.3636105743050575,69.44450431335936,2.843
2026-07-29T11:48:01.145087+00:00,1,LEFT,700.0,60.0,512.0,10640,0.5025251706689596,95.97523792807593,2.831
2026-07-29T11:48:01.161922+00:00,1,LEFT,709.0,69.0,512.0,10402,0.7254202865809202,138.54506931419132,2.992
2026-07-29T11:48:01.228507+00:00,1,LEFT,689.0,49.0,512.0,10293,0.49623019382357597,94.77298591016572,2.714
2026-07-29T11:48:01.245293+00:00,1,LEFT,699.0,59.0,512.0,10580,0.4894046942517161,93.46941151504598,2.735
2026-07-29T11:48:01.311763+00:00,1,NONE,0.0,0.0,512.0,0,0.26058092385530474,49.76729052842945,2.747
2026-07-29T11:48:01.328509+00:00,1,NONE,0.0,0.0,512.0,0,1.089049479290843,207.99312948095084,2.755
2026-07-29T11:48:01.361924+00:00,1,NONE,0.0,0.0,512.0,0,1.089049479290843,207.99312948095084,2.759
2026-07-29T11:48:01.411832+00:00,0,NONE,0.0,0.0,512.0,0,1.289249611585401,246.2285382757472,1.655
2026-07-29T11:48:01.428489+00:00,0,NONE,0.0,0.0,512.0,0,0.3817769473791122,72.91402600070415,0.993
2026-07-29T11:48:01.461733+00:00,0,NONE,0.0,0.0,512.0,0,0.3817769473791122,72.91402600070415,0.596
2026-07-29T11:48:01.478548+00:00,1,LEFT,692.0,52.0,512.0,1317,1.91974321231246,366.6439460479703,1.333
2026-07-29T11:48:01.511818+00:00,1,NONE,0.0,0.0,512.0,0,-0.24938207238912583,-47.6284674470763,1.775
2026-07-29T11:48:01.561806+00:00,1,LEFT,697.0,57.0,512.0,3261,1.1831846514344215,225.97162303949926,2.133
2026-07-29T11:48:01.578473+00:00,1,LEFT,681.0,41.0,512.0,1616,1.1831846514344215,225.97162303949926,2.049
2026-07-29T11:48:01.611895+00:00,1,NONE,0.0,0.0,512.0,0,0.7272804346308113,138.90033142261882,1.998
2026-07-29T11:48:01.661901+00:00,1,NONE,0.0,0.0,512.0,0,1.934694439470768,369.4994200970117,1.968
2026-07-29T11:48:01.695227+00:00,1,NONE,0.0,0.0,512.0,0,0.34362084820866584,65.62674785020683,1.949
2026-07-29T11:48:01.728470+00:00,0,NONE,0.0,0.0,512.0,0,1.3538564325869082,258.56753217955895,1.17
2026-07-29T11:48:01.745240+00:00,0,NONE,0.0,0.0,512.0,0,0.28388530291616915,54.218099076298046,0.702
2026-07-29T11:48:01.811846+00:00,1,LEFT,657.0,17.0,512.0,1589,1.1680883891880511,223.08844932903358,0.74
2026-07-29T11:48:01.828509+00:00,1,LEFT,647.0,7.0,512.0,3075,1.4277669827174395,272.68340745945744,0.575
2026-07-29T11:48:01.878468+00:00,1,NONE,0.0,0.0,512.0,0,0.7717519541084766,147.39376600463234,0.476
2026-07-29T11:48:01.911854+00:00,1,LEFT,632.0,-8.0,512.0,1365,0.2564387672394514,48.97619688786082,0.136
2026-07-29T11:48:01.928493+00:00,1,LEFT,667.0,27.0,512.0,3922,2.2021212489902973,420.5741784774051,0.588
2026-07-29T11:48:01.978603+00:00,1,NONE,0.0,0.0,512.0,0,0.48075907304883003,91.81821949439868,0.859
2026-07-29T11:48:02.011833+00:00,1,LEFT,637.0,-3.0,512.0,2744,1.6110954332351684,307.69656239058685,0.459
2026-07-29T11:48:02.045101+00:00,1,LEFT,646.0,6.0,512.0,1698,1.6981331222504377,324.31953652107717,0.388
2026-07-29T11:48:02.062610+00:00,1,LEFT,626.5,-13.5,512.0,1436,0.6437981636822223,122.95639212421298,-0.02
2026-07-29T11:48:02.078620+00:00,1,LEFT,662.0,22.0,512.0,1313,1.6107094478607178,307.62284461422087,0.4
2026-07-29T11:48:02.111846+00:00,1,LEFT,644.0,4.0,512.0,3868,1.3281628967821597,253.6604283049578,0.315
2026-07-29T11:48:02.178549+00:00,1,LEFT,653.0,13.0,512.0,4459,0.8790603117644786,167.88815267186325,0.433
2026-07-29T11:48:02.211869+00:00,1,LEFT,639.0,-1.0,512.0,3663,1.2541116373159458,239.51767952148364,0.241
2026-07-29T11:48:02.261981+00:00,1,LEFT,651.0,11.0,512.0,4390,0.8896588125824928,169.9123172253238,0.351
2026-07-29T11:48:02.311877+00:00,1,LEFT,629.0,-11.0,512.0,1789,1.2727659346163274,243.08038787179748,0.004
2026-07-29T11:48:02.361721+00:00,1,LEFT,647.0,7.0,512.0,3752,1.2351074360869825,235.88814444336055,0.134
2026-07-29T11:48:02.378524+00:00,1,LEFT,628.0,-12.0,512.0,1796,1.1882353487610817,226.93623517421804,-0.145
2026-07-29T11:48:02.428594+00:00,1,LEFT,642.0,2.0,512.0,3992,1.2551667396724224,239.71918922808504,-0.049
2026-07-29T11:48:02.461841+00:00,1,LEFT,609.0,-31.0,512.0,4178,1.0045441550016403,191.85380138709857,-0.611
2026-07-29T11:48:02.495204+00:00,1,LEFT,644.0,4.0,512.0,4559,2.2200853551295587,424.0050700257542,-0.292
2026-07-29T11:48:02.545196+00:00,1,LEFT,636.0,-4.0,512.0,5618,1.3849011686444284,264.496640020204,-0.25
2026-07-29T11:48:02.578537+00:00,1,LEFT,629.0,-11.0,512.0,4166,1.3948400958627463,266.3948352951951,-0.356
2026-07-29T11:48:02.595189+00:00,1,LEFT,622.0,-18.0,512.0,4203,0.6098865558207035,116.47975210098734,-0.551
2026-07-29T11:48:02.645175+00:00,1,LEFT,633.0,-7.0,512.0,4386,1.2811240224540235,244.6766650647962,-0.462
2026-07-29T11:48:02.661860+00:00,1,LEFT,647.0,7.0,512.0,7297,1.24708853200078,238.17636520936736,-0.146
2026-07-29T11:48:02.695181+00:00,1,LEFT,621.0,-19.0,512.0,3016,1.1154427520930768,213.03387327796892,-0.444
2026-07-29T11:48:02.728543+00:00,1,LEFT,629.0,-11.0,512.0,5351,1.3428716796822846,256.4695989114623,-0.473
2026-07-29T11:48:02.761947+00:00,1,LEFT,637.0,-3.0,512.0,6221,1.8181723191961645,347.2453343915099,-0.34
2026-07-29T11:48:02.778504+00:00,1,LEFT,627.0,-13.0,512.0,6211,1.0382152053713798,198.28449831362684,-0.448
2026-07-29T11:48:02.861991+00:00,1,LEFT,633.0,-7.0,512.0,6081,1.5408284725248813,294.2765614308834,-0.4
2026-07-29T11:48:02.895185+00:00,1,LEFT,634.0,-6.0,512.0,6719,0.5631961587816476,107.56254312056062,-0.352
2026-07-29T11:48:02.928378+00:00,1,LEFT,630.0,-10.0,512.0,5852,1.03475440941751,197.6235349739179,-0.399
2026-07-29T11:48:02.978437+00:00,1,LEFT,627.0,-13.0,512.0,5775,0.8674258258193731,165.66612953366717,-0.483
2026-07-29T11:48:03.028599+00:00,1,LEFT,622.0,-18.0,512.0,5515,1.6962749464809894,323.9646510904676,-0.627
2026-07-29T11:48:03.045134+00:00,1,LEFT,634.0,-6.0,512.0,6229,1.1283063930273056,215.49064772697903,-0.489
2026-07-29T11:48:03.095154+00:00,1,LEFT,621.0,-19.0,512.0,7228,1.1283063930273056,215.49064772697903,-0.65
2026-07-29T11:48:03.111984+00:00,1,LEFT,629.0,-11.0,512.0,6013,0.8729505698010326,166.72127791046515,-0.596
2026-07-29T11:48:03.145014+00:00,1,LEFT,622.0,-18.0,512.0,5508,-0.0027322344481945033,-0.5218183417393346,-0.695
2026-07-29T11:48:03.195107+00:00,1,LEFT,611.0,-29.0,512.0,5598,0.4012933541834354,76.64138513786456,-0.961
2026-07-29T11:48:03.211918+00:00,1,LEFT,628.0,-12.0,512.0,7157,2.1466528298705816,409.9804907713302,-0.801
2026-07-29T11:48:03.261962+00:00,1,LEFT,605.0,-35.0,512.0,5179,0.3684172360599041,70.3625090870249,-1.137
2026-07-29T11:48:03.295129+00:00,1,LEFT,613.0,-27.0,512.0,5995,0.8359570452943444,159.65603516530842,-1.189
2026-07-29T11:48:03.311922+00:00,1,LEFT,629.0,-11.0,512.0,6582,0.8359570452943444,159.65603516530842,-0.919
2026-07-29T11:48:03.345183+00:00,1,LEFT,624.0,-16.0,512.0,6252,0.8359570452943444,159.65603516530842,-0.852
2026-07-29T11:48:03.378505+00:00,1,LEFT,617.0,-23.0,512.0,6059,0.8359570452943444,159.65603516530842,-0.942
2026-07-29T11:48:03.411964+00:00,1,LEFT,624.0,-16.0,512.0,7110,0.8359570452943444,159.65603516530842,-0.865
2026-07-29T11:48:03.495160+00:00,1,LEFT,614.0,-26.0,512.0,6337,0.8359570452943444,159.65603516530842,-1.007
2026-07-29T11:48:03.511946+00:00,1,LEFT,614.0,-26.0,512.0,5103,1.1496251811087133,219.56223633164055,-1.092
2026-07-29T11:48:03.578577+00:00,1,LEFT,612.0,-28.0,512.0,5513,1.5041978716850282,287.2806320003769,-1.18
2026-07-29T11:48:03.595251+00:00,1,LEFT,591.0,-49.0,512.0,5970,-0.41279486924409864,-78.83801270780508,-1.627
2026-07-29T11:48:03.628421+00:00,1,LEFT,623.0,-17.0,512.0,6334,1.8751003177464007,358.1177812350279,-1.295
2026-07-29T11:48:03.661750+00:00,1,LEFT,618.0,-22.0,512.0,7627,1.7821822188794614,340.3717315501781,-1.189
2026-07-29T11:48:03.695337+00:00,1,LEFT,614.0,-26.0,512.0,7024,0.9934215291589499,189.7295363274676,-1.201
2026-07-29T11:48:03.728540+00:00,1,LEFT,614.0,-26.0,512.0,6708,0.8893784795701504,169.85877756377243,-1.208
2026-07-29T11:48:03.745293+00:00,1,LEFT,621.0,-19.0,512.0,7851,1.3591898245364427,259.58613501021694,-1.081
2026-07-29T11:48:03.778394+00:00,1,LEFT,620.0,-20.0,512.0,7010,1.077152867168188,205.72104393050984,-1.024
2026-07-29T11:48:03.845250+00:00,1,LEFT,625.0,-15.0,512.0,7647,0.8631777422130108,164.85480532812295,-0.895
2026-07-29T11:48:03.895198+00:00,1,LEFT,614.0,-26.0,512.0,8693,0.9847944321669638,188.08188217049823,-1.025
2026-07-29T11:48:03.945244+00:00,1,LEFT,623.0,-17.0,512.0,7886,0.7431623567640782,141.93355511859082,-0.934
2026-07-29T11:48:03.961746+00:00,1,LEFT,618.0,-22.0,512.0,8078,1.8017799042910339,344.1146137578722,-0.973
2026-07-29T11:48:04.011880+00:00,1,LEFT,620.0,-20.0,512.0,7814,0.34140475645661356,65.20350550218566,-0.959
2026-07-29T11:48:04.028486+00:00,1,LEFT,625.0,-15.0,512.0,6910,1.0411863705515862,198.85194906383373,-0.856
2026-07-29T11:48:04.078575+00:00,1,LEFT,611.0,-29.0,512.0,7960,1.5752677326649427,300.85397561614553,-1.058
2026-07-29T11:48:04.095348+00:00,1,LEFT,616.0,-24.0,512.0,8417,1.5808356580138208,301.91737102659425,-1.085
2026-07-29T11:48:04.161856+00:00,1,LEFT,608.0,-32.0,512.0,7881,0.9991711259260774,190.82762842299582,-1.251
2026-07-29T11:48:04.211845+00:00,1,LEFT,623.0,-17.0,512.0,9349,1.7348249688744546,331.3271630347355,-1.069
2026-07-29T11:48:04.228518+00:00,1,LEFT,611.0,-29.0,512.0,7192,1.7348249688744546,331.3271630347355,-1.185
2026-07-29T11:48:04.245181+00:00,1,LEFT,609.0,-31.0,512.0,7581,0.9606048465520144,183.46201162414167,-1.292
2026-07-29T11:48:04.295379+00:00,1,LEFT,622.0,-18.0,512.0,7689,1.0130295617878438,193.47439470810232,-1.113
2026-07-29T11:48:04.328602+00:00,1,LEFT,611.0,-29.0,512.0,9908,2.0857164311036467,398.3424958777583,-1.212
2026-07-29T11:48:04.345168+00:00,1,LEFT,602.0,-38.0,512.0,8151,2.0857164311036467,398.3424958777583,-1.439
2026-07-29T11:48:04.361856+00:00,1,LEFT,606.0,-34.0,512.0,7155,1.9420483443140983,370.90391246522387,-1.501
2026-07-29T11:48:04.428503+00:00,1,LEFT,616.0,-24.0,512.0,5375,0.3436708680912852,65.63630094409292,-1.351
2026-07-29T11:48:04.445127+00:00,1,LEFT,621.0,-19.0,512.0,9117,1.752081076130271,334.62283675668,-1.167
2026-07-29T11:48:04.478586+00:00,1,LEFT,616.0,-24.0,512.0,7473,0.2185510915517807,41.740183846314316,-1.15
2026-07-29T11:48:04.511830+00:00,1,LEFT,628.0,-12.0,512.0,7758,1.9421782401949168,370.9287207510473,-0.915
2026-07-29T11:48:04.561864+00:00,1,LEFT,626.0,-14.0,512.0,8443,1.341916897445917,256.2872489364692,-0.811
2026-07-29T11:48:04.578613+00:00,1,LEFT,623.0,-17.0,512.0,8818,1.341916897445917,256.2872489364692,-0.806
2026-07-29T11:48:04.595086+00:00,1,NONE,0.0,0.0,512.0,0,0.702438531704247,134.15587744673275,-0.802
2026-07-29T11:48:04.661776+00:00,1,LEFT,627.0,-13.0,512.0,6568,1.0868040935695171,207.56429239691448,-0.725
2026-07-29T11:48:04.678571+00:00,1,LEFT,630.0,-10.0,512.0,7637,0.4981230860948563,95.13450170422335,-0.623
2026-07-29T11:48:04.728518+00:00,1,LEFT,621.0,-19.0,512.0,6574,0.6842141436040401,130.6752757055651,-0.73
2026-07-29T11:48:04.745069+00:00,1,LEFT,634.0,-6.0,512.0,6843,1.8775203358754515,358.57997065216045,-0.55
2026-07-29T11:48:04.778621+00:00,1,LEFT,608.0,-32.0,512.0,2506,1.3680036328732967,261.2694484073468,-0.93
2026-07-29T11:48:04.845675+00:00,1,LEFT,627.0,-13.0,512.0,6392,0.5849781332165003,111.72259380249034,-0.802
2026-07-29T11:48:04.895183+00:00,1,LEFT,616.0,-24.0,512.0,8521,1.0889867886900901,207.9811564581566,-0.931
2026-07-29T11:48:04.911808+00:00,1,NONE,0.0,0.0,512.0,0,0.16567902982234956,31.64236387547577,-1.009
2026-07-29T11:48:04.945235+00:00,1,NONE,0.0,0.0,512.0,0,1.6014363950118422,305.85182197607975,-1.055
2026-07-29T11:48:04.961816+00:00,1,NONE,0.0,0.0,512.0,0,1.0550103713944554,201.49213874477272,-1.083
2026-07-29T11:48:05.011819+00:00,0,NONE,0.0,0.0,512.0,0,1.5038925245404244,287.22231499146966,-0.65
2026-07-29T11:48:05.045191+00:00,1,LEFT,621.0,-19.0,512.0,7043,1.4195696943998337,271.1178407126217,-0.746
2026-07-29T11:48:05.061808+00:00,1,LEFT,614.0,-26.0,512.0,1268,1.8787439011782407,358.813654411522,-0.935
2026-07-29T11:48:05.111929+00:00,1,LEFT,599.0,-41.0,512.0,1009,1.2316991847753525,235.23721639110613,-1.33
2026-07-29T11:48:05.161987+00:00,1,LEFT,599.0,-41.0,512.0,1974,1.993515787422657,380.7334700400575,-1.567
2026-07-29T11:48:05.195194+00:00,1,LEFT,609.0,-31.0,512.0,3419,0.12865826923400164,24.571919421887138,-1.521
2026-07-29T11:48:05.211926+00:00,1,LEFT,613.0,-27.0,512.0,3521,1.387364091873169,264.96702370777587,-1.419
2026-07-29T11:48:05.261834+00:00,1,LEFT,605.0,-35.0,512.0,3714,1.2336306563019752,235.60610028019005,-1.508
2026-07-29T11:48:05.278408+00:00,1,LEFT,605.0,-35.0,512.0,4161,0.85063781529665,162.459855702423,-1.561
2026-07-29T11:48:05.312016+00:00,1,LEFT,623.0,-17.0,512.0,5416,1.0647802362591028,203.35804548863086,-1.255
2026-07-29T11:48:05.378398+00:00,1,LEFT,614.0,-26.0,512.0,5750,0.48450569849461317,92.53377224593099,-1.241
2026-07-29T11:48:05.411919+00:00,1,LEFT,619.0,-21.0,512.0,6192,1.3270356529951095,253.44514060002336,-1.138
2026-07-29T11:48:05.428405+00:00,1,LEFT,623.0,-17.0,512.0,6363,4.047446254789829,773.0052940182962,-1.002
2026-07-29T11:48:05.478647+00:00,1,LEFT,609.0,-31.0,512.0,6166,0.48219848406908566,92.09312674921622,-1.182
2026-07-29T11:48:05.495157+00:00,1,LEFT,622.0,-18.0,512.0,7207,0.6913759136199951,132.04307302475695,-1.047
2026-07-29T11:48:05.528432+00:00,1,LEFT,627.0,-13.0,512.0,7706,0.3900103705003858,74.4864939866855,-0.872
2026-07-29T11:48:05.561933+00:00,1,LEFT,624.0,-16.0,512.0,7743,0.9599652509391308,183.33985786009728,-0.823
2026-07-29T11:48:05.595188+00:00,1,LEFT,625.0,-15.0,512.0,8223,1.0686188990436494,204.09117607705903,-0.775
2026-07-29T11:48:05.628508+00:00,1,LEFT,625.0,-15.0,512.0,8492,1.0686188990436494,204.09117607705903,-0.746
2026-07-29T11:48:05.661916+00:00,1,LEFT,628.0,-12.0,512.0,8960,0.28724396482110026,54.859556249511115,-0.673
2026-07-29T11:48:05.711901+00:00,1,LEFT,633.0,-7.0,512.0,9480,0.0014252977073192594,0.27221181059688676,-0.535
2026-07-29T11:48:05.745153+00:00,1,LEFT,632.0,-8.0,512.0,9792,0.0014252977073192594,0.27221181059688676,-0.471
2026-07-29T11:48:05.761914+00:00,1,LEFT,631.0,-9.0,512.0,10034,0.6980938397720456,133.32610241006716,-0.451
2026-07-29T11:48:05.795236+00:00,1,LEFT,626.0,-14.0,512.0,10285,0.6980938397720456,133.32610241006716,-0.533
2026-07-29T11:48:05.811785+00:00,1,LEFT,635.0,-5.0,512.0,10609,1.1667395241558551,222.8308350841082,-0.414
2026-07-29T11:48:05.828703+00:00,1,LEFT,634.0,-6.0,512.0,10773,1.5915145372599364,303.9568867290352,-0.361
2026-07-29T11:48:05.895283+00:00,1,LEFT,645.0,5.0,512.0,11108,3.1160278280079363,595.1174779672384,-0.123
2026-07-29T11:48:05.928487+00:00,1,LEFT,632.0,-8.0,512.0,11503,0.43986591428518296,84.00820146734738,-0.224
2026-07-29T11:48:05.945275+00:00,1,LEFT,630.0,-10.0,512.0,11068,1.2605400628596544,240.74541836337897,-0.322
2026-07-29T11:48:06.011918+00:00,1,LEFT,627.0,-13.0,512.0,11161,1.2605400628596544,240.74541836337897,-0.437
2026-07-29T11:48:06.045208+00:00,1,LEFT,630.0,-10.0,512.0,11088,1.139093900769949,217.55090994403957,-0.45
2026-07-29T11:48:06.078405+00:00,1,LEFT,646.0,6.0,512.0,11139,-0.2636723566800356,-50.35771070678039,-0.157
2026-07-29T11:48:06.095334+00:00,1,LEFT,636.0,-4.0,512.0,11200,0.5384857362508774,102.8432000505669,-0.169
2026-07-29T11:48:06.111764+00:00,1,LEFT,630.0,-10.0,512.0,11238,-0.015511461496353149,-2.962470926069053,-0.289
2026-07-29T11:48:06.161896+00:00,1,LEFT,640.0,0.0,512.0,11187,0.550422478010878,105.12294979718556,-0.173
2026-07-29T11:48:06.211946+00:00,1,LEFT,635.0,-5.0,512.0,11047,0.9352072757482529,178.6114329010076,-0.198
2026-07-29T11:48:06.228490+00:00,1,LEFT,634.0,-6.0,512.0,11018,0.2190556550119072,41.83654836885354,-0.231
2026-07-29T11:48:06.261746+00:00,1,LEFT,642.0,2.0,512.0,11171,1.2951912736892701,247.36331214856227,-0.101
2026-07-29T11:48:06.311774+00:00,1,LEFT,638.0,-2.0,512.0,10916,0.191696018576622,36.61124271300623,-0.098
2026-07-29T11:48:06.345213+00:00,1,LEFT,641.0,1.0,512.0,11230,1.9227994093298912,367.22763668283454,-0.04
2026-07-29T11:48:06.361896+00:00,1,LEFT,635.0,-5.0,512.0,11095,1.0393135133385658,198.4942596840447,-0.118
2026-07-29T11:48:06.378510+00:00,1,LEFT,632.0,-8.0,512.0,11025,1.0393135133385658,198.4942596840447,-0.221
2026-07-29T11:48:06.412508+00:00,1,LEFT,640.0,0.0,512.0,11227,1.0393135133385658,198.4942596840447,-0.132
2026-07-29T11:48:06.428495+00:00,1,LEFT,642.0,2.0,512.0,11114,1.0393135133385658,198.4942596840447,-0.042
2026-07-29T11:48:06.461915+00:00,1,LEFT,641.0,1.0,512.0,11171,1.0393135133385658,198.4942596840447,-0.006
2026-07-29T11:48:06.578514+00:00,1,LEFT,635.0,-5.0,512.0,11191,1.7191015243530274,328.3242063331159,-0.098
2026-07-29T11:48:06.678590+00:00,1,LEFT,629.0,-11.0,512.0,11056,0.4202438035979867,80.26065437563106,-0.265
2026-07-29T11:48:06.695080+00:00,1,LEFT,633.0,-7.0,512.0,10953,1.951766354739666,372.75991574072106,-0.29
2026-07-29T11:48:06.761735+00:00,1,LEFT,634.0,-6.0,512.0,11116,1.8811380647495388,359.27090597185315,-0.287
2026-07-29T11:48:06.778559+00:00,1,LEFT,631.0,-9.0,512.0,11167,0.8689611022919417,165.95934574121355,-0.341
2026-07-29T11:48:06.595244+00:00,1,LEFT,628.0,-12.0,512.0,11058,2.0021498879790305,382.3824617792967,-0.429
2026-07-29T11:48:06.862399+00:00,1,LEFT,630.0,-10.0,512.0,11040,1.6305514764785767,311.4123929368246,-0.445
2026-07-29T11:48:06.878575+00:00,1,LEFT,635.0,-5.0,512.0,11107,0.6814600148051977,130.14927585086807,-0.361
2026-07-29T11:48:06.945107+00:00,1,LEFT,632.0,-8.0,512.0,11174,0.6138632671907545,117.23924802713937,-0.367
2026-07-29T11:48:06.961847+00:00,1,LEFT,633.0,-7.0,512.0,11242,1.6782027002424003,320.5131063044932,-0.351
2026-07-29T11:48:06.995157+00:00,1,LEFT,641.0,1.0,512.0,11070,1.079356063902378,206.14182351153013,-0.192
2026-07-29T11:48:07.012348+00:00,1,LEFT,632.0,-8.0,512.0,11075,1.3252234737575055,253.09903985990357,-0.265
2026-07-29T11:48:06.895108+00:00,1,LEFT,638.0,-2.0,512.0,11182,0.6595928013697266,125.9729457189872,-0.197
2026-07-29T11:48:07.128462+00:00,1,LEFT,628.0,-12.0,512.0,11106,2.238684895634651,427.5573205985022,-0.343
2026-07-29T11:48:07.211835+00:00,1,LEFT,627.0,-13.0,512.0,11222,2.238684895634651,427.5573205985022,-0.45
2026-07-29T11:48:07.228561+00:00,1,LEFT,623.0,-17.0,512.0,11076,0.7133658192306757,136.2428356360338,-0.588
2026-07-29T11:48:07.361818+00:00,1,LEFT,620.0,-20.0,512.0,11277,1.114126673862338,212.78252085086766,-0.728
2026-07-29T11:48:07.445228+00:00,1,LEFT,626.0,-14.0,512.0,11240,0.791228864043951,151.113581795496,-0.699
2026-07-29T11:48:07.478542+00:00,1,LEFT,618.0,-22.0,512.0,11214,0.9172371983435005,175.1794009249552,-0.832
2026-07-29T11:48:07.511922+00:00,1,LEFT,627.0,-13.0,512.0,11286,1.0254463056847454,195.84581811005995,-0.743
2026-07-29T11:48:07.545110+00:00,1,LEFT,627.0,-13.0,512.0,11139,0.8524207510054111,162.80037133994028,-0.69
2026-07-29T11:48:07.645042+00:00,1,LEFT,624.0,-16.0,512.0,11435,0.3019611091539264,57.6703237720305,-0.714
2026-07-29T11:48:07.728385+00:00,1,LEFT,619.0,-21.0,512.0,11238,0.8597025076299906,164.19108441337303,-0.822
2026-07-29T11:48:07.745198+00:00,1,LEFT,634.0,-6.0,512.0,11029,1.227571614831686,234.44890859971565,-0.606
2026-07-29T11:48:07.778587+00:00,1,LEFT,629.0,-11.0,512.0,11064,1.2201999827474355,233.04103057787972,-0.57
2026-07-29T11:48:07.795134+00:00,1,LEFT,627.0,-13.0,512.0,11119,0.8275653050839901,158.05333084256335,-0.586
2026-07-29T11:48:07.811946+00:00,1,LEFT,632.0,-8.0,512.0,11061,0.03103809267282486,5.9278390476292975,-0.501
2026-07-29T11:48:07.861940+00:00,1,LEFT,621.0,-19.0,512.0,11098,0.03103809267282486,5.9278390476292975,-0.657
2026-07-29T11:48:07.878394+00:00,1,LEFT,626.0,-14.0,512.0,11124,1.7327574518322946,330.93229636611176,-0.657
2026-07-29T11:48:07.945315+00:00,1,LEFT,626.0,-14.0,512.0,11289,1.5827548407018184,302.28390792038374,-0.657
2026-07-29T11:48:07.978461+00:00,1,LEFT,624.0,-16.0,512.0,11101,1.541282812450081,294.36333396481086,-0.694
2026-07-29T11:48:08.028489+00:00,1,LEFT,630.0,-10.0,512.0,11343,0.9720849088579416,185.65454201973117,-0.604
2026-07-29T11:48:08.045135+00:00,1,LEFT,621.0,-19.0,512.0,11199,1.499023565351963,286.2924122844021,-0.719
2026-07-29T11:48:08.128503+00:00,1,LEFT,635.0,-5.0,512.0,11089,0.9728373982012272,185.7982568980606,-0.525
2026-07-29T11:48:08.261811+00:00,1,LEFT,624.0,-16.0,512.0,11339,1.441192798241973,275.2475493463807,-0.615
2026-07-29T11:48:08.278579+00:00,1,LEFT,617.0,-23.0,512.0,11268,1.1543099807202817,220.4569671503319,-0.8
2026-07-29T11:48:08.328472+00:00,1,LEFT,641.0,1.0,512.0,11172,1.6529836234450341,315.69661742547527,-0.461
2026-07-29T11:48:08.361845+00:00,1,LEFT,623.0,-17.0,512.0,11213,1.6529836234450341,315.69661742547527,-0.596
2026-07-29T11:48:08.395250+00:00,1,LEFT,637.0,-3.0,512.0,11216,0.8579737284965813,163.86091191985759,-0.414
2026-07-29T11:48:08.478496+00:00,1,LEFT,636.0,-4.0,512.0,11283,1.5112747192475944,288.6322103256852,-0.323
2026-07-29T11:48:08.528498+00:00,1,LEFT,633.0,-7.0,512.0,11222,0.7134957079589367,136.26764255581938,-0.325
2026-07-29T11:48:08.578499+00:00,1,LEFT,638.0,-2.0,512.0,11098,1.2958524119853974,247.48958026203746,-0.233
2026-07-29T11:48:08.595248+00:00,1,LEFT,632.0,-8.0,512.0,11334,2.4520157454162836,468.300511706592,-0.29
2026-07-29T11:48:08.611748+00:00,1,LEFT,628.0,-12.0,512.0,11196,1.1610572564601898,221.74560189402436,-0.399
2026-07-29T11:48:08.628496+00:00,1,LEFT,629.0,-11.0,512.0,11078,0.45127440601587293,86.18706288994215,-0.445
2026-07-29T11:48:08.678388+00:00,1,LEFT,645.0,5.0,512.0,11177,1.7923979772254826,342.32279767602,-0.174
2026-07-29T11:48:08.711856+00:00,1,LEFT,629.0,-11.0,512.0,11361,0.9197763470374047,175.66434260401144,-0.31
2026-07-29T11:48:08.745355+00:00,1,LEFT,637.0,-3.0,512.0,11194,1.217549739042297,232.53487131459454,-0.242
2026-07-29T11:48:08.795143+00:00,1,LEFT,632.0,-8.0,512.0,11398,0.8031098457053304,153.38268214772725,-0.295
2026-07-29T11:48:08.811869+00:00,1,LEFT,633.0,-7.0,512.0,11119,1.3766775581985713,262.9260461171796,-0.309
2026-07-29T11:48:08.828485+00:00,1,LEFT,628.0,-12.0,512.0,11341,1.599602302610874,305.5015361300381,-0.41
2026-07-29T11:48:08.945390+00:00,1,LEFT,631.0,-9.0,512.0,11667,1.1361076360940934,216.98057540258782,-0.415
2026-07-29T11:48:08.961753+00:00,1,LEFT,632.0,-8.0,512.0,11410,0.44483034757897255,84.95633838537528,-0.399
2026-07-29T11:48:08.995339+00:00,1,LEFT,641.0,1.0,512.0,11332,1.329703106759116,253.95458674243625,-0.221
2026-07-29T11:48:09.078646+00:00,1,LEFT,636.0,-4.0,512.0,11558,1.4153352585434913,270.3091230353308,-0.207
2026-07-29T11:48:09.095068+00:00,1,LEFT,631.0,-9.0,512.0,11482,1.4153352585434913,270.3091230353308,-0.293
2026-07-29T11:48:09.111858+00:00,1,LEFT,636.0,-4.0,512.0,11393,0.5648990479111672,107.8877709875612,-0.251
2026-07-29T11:48:09.161828+00:00,1,LEFT,637.0,-3.0,512.0,11359,0.9749638006091118,186.2043698431214,-0.207
2026-07-29T11:48:09.211842+00:00,1,LEFT,637.0,-3.0,512.0,11394,1.3295867033768445,253.9323553340189,-0.18
2026-07-29T11:48:09.245255+00:00,1,LEFT,640.0,0.0,512.0,11399,0.9904944505199091,189.17050548640114,-0.108
2026-07-29T11:48:09.295067+00:00,1,LEFT,639.0,-1.0,512.0,11425,1.8043479970365297,344.6050833435891,-0.084
2026-07-29T11:48:09.378560+00:00,1,LEFT,635.0,-5.0,512.0,11549,1.6735838727653027,319.6309752353707,-0.144
2026-07-29T11:48:09.411791+00:00,1,LEFT,641.0,1.0,512.0,11640,1.099467491209507,209.98282319380564,-0.068
2026-07-29T11:48:09.428580+00:00,1,LEFT,643.0,3.0,512.0,11669,1.3788792748749257,263.3465430279752,0.016
2026-07-29T11:48:09.478585+00:00,1,LEFT,632.0,-8.0,512.0,11661,0.9711205938458443,185.47037141868353,-0.141
2026-07-29T11:48:09.495254+00:00,1,LEFT,642.0,2.0,512.0,11555,1.1604058901965617,221.62120010128072,-0.047
2026-07-29T11:48:09.611864+00:00,1,NONE,0.0,0.0,512.0,0,1.142032362371683,218.11211477084163,0.009
2026-07-29T11:48:09.628606+00:00,1,NONE,0.0,0.0,512.0,0,0.9848023966513574,188.0834032749707,0.043
2026-07-29T11:48:09.661764+00:00,1,NONE,0.0,0.0,512.0,0,1.1867144991783425,226.6457742996674,0.063
2026-07-29T11:48:09.695181+00:00,0,NONE,0.0,0.0,512.0,0,1.9355949246883393,369.67140010528095,0.038
2026-07-29T11:48:09.728636+00:00,0,NONE,0.0,0.0,512.0,0,0.9298423711955547,177.58681160647382,0.023
2026-07-29T11:48:09.778569+00:00,0,NONE,0.0,0.0,512.0,0,0.6673635746538639,127.45705409476744,0.014
2026-07-29T11:48:09.878401+00:00,0,NONE,0.0,0.0,512.0,0,1.4189176282286644,270.9933052473842,0.008
2026-07-29T11:48:09.895281+00:00,0,NONE,0.0,0.0,512.0,0,0.8854358398914337,169.1057888513348,0.005
2026-07-29T11:48:09.945167+00:00,0,NONE,0.0,0.0,512.0,0,1.2446096974611283,237.70294268525635,0.003
2026-07-29T11:48:09.978543+00:00,0,NONE,0.0,0.0,512.0,0,1.2446096974611283,237.70294268525635,0.002
2026-07-29T11:48:09.995268+00:00,0,NONE,0.0,0.0,512.0,0,1.2729850397258997,243.12223386529166,0.001
2026-07-29T11:48:10.061983+00:00,0,NONE,0.0,0.0,512.0,0,1.6382172422111034,312.8764463475239,0.001
2026-07-29T11:48:10.111923+00:00,0,NONE,0.0,0.0,512.0,0,0.7181186838448048,137.15056591265602,0.0
2026-07-29T11:48:10.128409+00:00,0,NONE,0.0,0.0,512.0,0,1.2067334546893835,230.46911316981013,0.0
2026-07-29T11:48:10.161928+00:00,0,NONE,0.0,0.0,512.0,0,1.1288741024956108,215.59907224872404,0.0
2026-07-29T11:48:10.228477+00:00,0,NONE,0.0,0.0,512.0,0,1.2344190704077482,235.7566762827546,0.0
2026-07-29T11:48:10.262180+00:00,0,NONE,0.0,0.0,512.0,0,1.2699731091409923,242.54699749628642,0.0
2026-07-29T11:48:10.312001+00:00,0,NONE,0.0,0.0,512.0,0,0.9218067380413413,176.05211872163443,0.0
2026-07-29T11:48:10.361850+00:00,0,NONE,0.0,0.0,512.0,0,0.9475802190601825,180.9744910074349,0.0
2026-07-29T11:48:10.378546+00:00,0,NONE,0.0,0.0,512.0,0,1.130679254680872,215.94383092070495,0.0
2026-07-29T11:48:10.295150+00:00,0,NONE,0.0,0.0,512.0,0,1.130679254680872,215.94383092070495,0.0
2026-07-29T11:48:10.428709+00:00,0,NONE,0.0,0.0,512.0,0,-0.4102050636708736,-78.34339627745423,0.0
2026-07-29T11:48:10.445291+00:00,0,NONE,0.0,0.0,512.0,0,-0.4102050636708736,-78.34339627745423,0.0
2026-07-29T11:48:10.545136+00:00,0,NONE,0.0,0.0,512.0,0,0.7861498316377401,150.14355805920917,0.0
2026-07-29T11:48:10.561880+00:00,1,LEFT,598.0,-42.0,512.0,2077,0.9396589523553849,179.46164050549353,-0.787
2026-07-29T11:48:10.578506+00:00,1,NONE,0.0,0.0,512.0,0,0.7927369333803653,151.40160182279482,-1.26
2026-07-29T11:48:10.629185+00:00,1,RIGHT,762.0,122.0,512.0,2098,1.2092426246404648,230.9483293307368,1.532
2026-07-29T11:48:10.695280+00:00,1,RIGHT,750.0,110.0,512.0,8937,1.3745022454112767,262.5105919777369,2.981
2026-07-29T11:48:10.711757+00:00,1,BOTH,639.5,-0.5,512.0,8253,1.3745022454112767,262.5105919777369,1.779
2026-07-29T11:48:10.761747+00:00,1,BOTH,624.5,-15.5,512.0,12747,-0.7488126374781132,-143.0126792451854,0.777
2026-07-29T11:48:10.745235+00:00,1,BOTH,628.0,-12.0,512.0,11753,-0.013001057468354702,-2.483019073812544,0.241
2026-07-29T11:48:10.612043+00:00,1,LEFT,551.0,-89.0,512.0,1555,-0.013001057468354702,-2.483019073812544,-1.524
2026-07-29T11:48:10.878485+00:00,1,RIGHT,697.0,57.0,512.0,12752,1.9214043299295007,366.96119614374123,0.154
2026-07-29T11:48:10.928377+00:00,1,RIGHT,666.0,26.0,512.0,12433,1.9214043299295007,366.96119614374123,0.58
2026-07-29T11:48:10.861922+00:00,1,RIGHT,692.0,52.0,512.0,12720,0.9915352623164654,189.36928589710146,1.323
2026-07-29T11:48:11.011910+00:00,1,RIGHT,629.0,-11.0,512.0,12476,0.930471690185368,177.7070026800863,0.588
2026-07-29T11:48:11.028498+00:00,1,RIGHT,624.0,-16.0,512.0,12557,1.2178604175150394,232.5942065321736,0.053
2026-07-29T11:48:11.078581+00:00,1,RIGHT,620.0,-20.0,512.0,12411,2.117049429342151,404.3266577396154,-0.343
2026-07-29T11:48:11.095813+00:00,1,RIGHT,609.0,-31.0,512.0,12721,1.038015504758805,198.24635830607116,-0.787
2026-07-29T11:48:11.128486+00:00,1,RIGHT,599.0,-41.0,512.0,12864,1.4452596828341484,276.0242670893755,-1.241
2026-07-29T11:48:11.145230+00:00,1,RIGHT,606.0,-34.0,512.0,12645,1.7226558905094862,329.0030402651467,-1.382
2026-07-29T11:48:11.278446+00:00,1,RIGHT,596.0,-44.0,512.0,12898,1.8504435551166534,353.4086864512266,-1.654
2026-07-29T11:48:11.295238+00:00,1,RIGHT,588.0,-52.0,512.0,12733,1.6853237730264663,321.8731310249347,-1.968
2026-07-29T11:48:11.311881+00:00,1,RIGHT,592.0,-48.0,512.0,12645,1.3622975709289313,260.1796708505056,-2.081
2026-07-29T11:48:11.361843+00:00,1,RIGHT,585.0,-55.0,512.0,12453,0.8514721223711967,162.6191966163878,-2.28
2026-07-29T11:48:11.378602+00:00,1,RIGHT,580.0,-60.0,512.0,12377,0.6773896922543645,129.37190150613586,-2.493
2026-07-29T11:48:11.411855+00:00,1,RIGHT,582.0,-58.0,512.0,12160,2.546286276304163,486.30485688103585,-2.583
2026-07-29T11:48:11.478687+00:00,1,RIGHT,580.0,-60.0,512.0,12544,1.6748590847104787,319.8745227768482,-2.675
2026-07-29T11:48:11.511686+00:00,1,RIGHT,576.0,-64.0,512.0,12135,1.2466857429035008,238.09943815834072,-2.805
2026-07-29T11:48:11.578531+00:00,1,RIGHT,575.0,-65.0,512.0,12202,2.2058658730983733,421.2893490015908,-2.902
2026-07-29T11:48:11.628555+00:00,1,RIGHT,569.0,-71.0,512.0,11989,1.607546321079135,307.01873189872254,-3.072
2026-07-29T11:48:11.728588+00:00,1,RIGHT,563.0,-77.0,512.0,12077,1.0943531305715442,209.00605226226196,-3.287
2026-07-29T11:48:11.745097+00:00,1,RIGHT,567.0,-73.0,512.0,12347,1.009730359017849,192.84429339317379,-3.341
2026-07-29T11:48:11.778583+00:00,1,RIGHT,562.0,-78.0,512.0,11953,1.6605942931771278,317.1501482751983,-3.467
2026-07-29T11:48:11.811735+00:00,1,RIGHT,573.0,-67.0,512.0,12216,1.6605942931771278,317.1501482751983,-3.337
2026-07-29T11:48:11.845164+00:00,1,RIGHT,556.0,-84.0,512.0,12020,1.638103329986334,312.8546907151431,-3.577
2026-07-29T11:48:11.878630+00:00,1,RIGHT,570.0,-70.0,512.0,12162,0.017644348964095117,3.369822426328921,-3.459
2026-07-29T11:48:11.945175+00:00,1,RIGHT,561.0,-79.0,512.0,11996,1.2007788949459792,229.33187602929155,-3.556
2026-07-29T11:48:11.961782+00:00,1,RIGHT,563.0,-77.0,512.0,12004,0.4221750522777438,80.62949570409872,-3.578
2026-07-29T11:48:11.995182+00:00,1,RIGHT,563.0,-77.0,512.0,11936,1.4180455731973052,270.8267550047174,-3.59
2026-07-29T11:48:12.045169+00:00,1,RIGHT,567.0,-73.0,512.0,11946,1.9051367745967582,363.8543219318689,-3.523
2026-07-29T11:48:12.128531+00:00,1,RIGHT,577.0,-63.0,512.0,11875,1.0097125801444053,192.84089787846438,-3.295
2026-07-29T11:48:12.145265+00:00,1,RIGHT,564.0,-76.0,512.0,11919,1.7107052339613438,326.7206329897502,-3.402
2026-07-29T11:48:12.161974+00:00,1,RIGHT,541.0,-99.0,512.0,11876,0.4384394559264183,83.7357679886528,-3.897
2026-07-29T11:48:12.212032+00:00,1,RIGHT,576.0,-64.0,512.0,11658,0.7427924540638924,141.86290890675372,-3.538
2026-07-29T11:48:12.279495+00:00,1,RIGHT,569.0,-71.0,512.0,11846,1.7107913015782834,326.73707069376155,-3.454
2026-07-29T11:48:12.311914+00:00,1,RIGHT,558.0,-82.0,512.0,11835,0.7371414086222648,140.78363872794736,-3.61
2026-07-29T11:48:12.245167+00:00,1,RIGHT,554.0,-86.0,512.0,11712,0.3573700261861086,68.25264741647912,-3.779
2026-07-29T11:48:12.328513+00:00,1,RIGHT,560.0,-80.0,512.0,11700,0.6350667709857225,121.28881895494366,-3.767
2026-07-29T11:48:12.378411+00:00,1,RIGHT,565.0,-75.0,512.0,11777,1.249981768503785,238.72893267855196,-3.667
2026-07-29T11:48:12.395172+00:00,1,RIGHT,564.0,-76.0,512.0,11628,0.7888050329685211,150.65066415924673,-3.625
2026-07-29T11:48:12.445242+00:00,1,RIGHT,573.0,-67.0,512.0,11508,1.4288241730071605,272.8853159319349,-3.431
2026-07-29T11:48:12.511903+00:00,1,RIGHT,566.0,-74.0,512.0,11364,0.31436366349458694,60.039037168368864,-3.446
2026-07-29T11:48:12.562135+00:00,1,RIGHT,566.0,-74.0,512.0,10972,0.6952239859104157,132.77800069643143,-3.455
2026-07-29T11:48:12.628543+00:00,1,NONE,0.0,0.0,512.0,0,-0.9251591818034649,-176.6923883170499,-3.461
2026-07-29T11:48:12.661905+00:00,1,RIGHT,570.0,-70.0,512.0,2745,1.2587948469817638,240.41210668290447,-3.389
2026-07-29T11:48:12.678601+00:00,1,RIGHT,577.0,-63.0,512.0,2772,1.6793266919255256,320.7277729033295,-3.215
2026-07-29T11:48:12.711873+00:00,1,RIGHT,559.0,-81.0,512.0,7388,1.1940749280154705,228.05151265891348,-3.447
2026-07-29T11:48:12.728544+00:00,1,NONE,0.0,0.0,512.0,0,0.22612299472093583,43.18631082789539,-3.587
2026-07-29T11:48:12.778445+00:00,1,NONE,0.0,0.0,512.0,0,1.3197961714863777,252.06250147897896,-3.671
2026-07-29T11:48:12.795175+00:00,1,RIGHT,562.0,-78.0,512.0,1218,1.1728468903899192,223.99725611461682,-3.665
2026-07-29T11:48:12.928511+00:00,1,RIGHT,575.0,-65.0,512.0,1424,1.2742685939650982,243.36737466756563,-3.418
2026-07-29T11:48:12.945277+00:00,1,RIGHT,584.0,-56.0,512.0,1729,0.9858472510799765,188.28295577152215,-3.101
2026-07-29T11:48:13.028488+00:00,1,RIGHT,587.0,-53.0,512.0,2250,1.2191380235552787,232.83821131212738,-2.854
2026-07-29T11:48:13.078559+00:00,1,RIGHT,572.0,-68.0,512.0,5871,1.309418583959341,250.08052825622292,-2.988
2026-07-29T11:48:13.095204+00:00,1,RIGHT,577.0,-63.0,512.0,4367,0.9051132222265005,172.86389205021686,-2.974
2026-07-29T11:48:13.161761+00:00,1,RIGHT,575.0,-65.0,512.0,5954,0.9051132222265005,172.86389205021686,-3.003
2026-07-29T11:48:13.195251+00:00,1,RIGHT,582.0,-58.0,512.0,5943,0.6988515314459801,133.47081086036263,-2.889
2026-07-29T11:48:13.228423+00:00,1,RIGHT,583.0,-57.0,512.0,6472,0.8846995079517365,168.96515980978373,-2.802
2026-07-29T11:48:13.245231+00:00,1,RIGHT,576.0,-64.0,512.0,6987,0.8846995079517365,168.96515980978373,-2.881
2026-07-29T11:48:13.278378+00:00,1,RIGHT,582.0,-58.0,512.0,6918,0.7932034928351641,151.4907081149678,-2.816
2026-07-29T11:48:13.295337+00:00,1,RIGHT,586.0,-54.0,512.0,6967,1.288708123229444,246.12512161757448,-2.702
2026-07-29T11:48:13.311759+00:00,1,RIGHT,588.0,-52.0,512.0,7041,1.2172224179957993,232.4723575995608,-2.596
2026-07-29T11:48:13.329465+00:00,1,RIGHT,589.0,-51.0,512.0,7434,0.7286006928235292,139.1524821636532,-2.514
2026-07-29T11:48:13.395294+00:00,1,RIGHT,591.0,-49.0,512.0,8065,1.140451688244939,217.81022825001506,-2.427
2026-07-29T11:48:13.428541+00:00,1,RIGHT,588.0,-52.0,512.0,8453,0.9452047563926317,180.52081105662973,-2.431
2026-07-29T11:48:13.511909+00:00,1,RIGHT,598.0,-42.0,512.0,9740,1.1181660218164324,213.55397948338236,-2.246
2026-07-29T11:48:13.528467+00:00,1,RIGHT,588.0,-52.0,512.0,10679,0.8268859472498298,157.92358305364155,-2.323
2026-07-29T11:48:13.478438+00:00,1,RIGHT,585.0,-55.0,512.0,9657,0.8268859472498298,157.92358305364155,-2.425
2026-07-29T11:48:13.445232+00:00,1,RIGHT,590.0,-50.0,512.0,9283,1.31233119353652,250.6367957100287,-2.392
2026-07-29T11:48:13.728616+00:00,1,RIGHT,598.0,-42.0,512.0,10697,1.0252102144909576,195.80072801344582,-2.223
2026-07-29T11:48:13.745120+00:00,1,RIGHT,595.0,-45.0,512.0,10484,1.2817891319689807,244.80369162519966,-2.178
2026-07-29T11:48:13.795278+00:00,1,RIGHT,602.0,-38.0,512.0,10775,0.37800224877893923,72.19311167162465,-2.019
2026-07-29T11:48:13.711888+00:00,1,RIGHT,598.0,-42.0,512.0,10701,1.326036022226326,253.25422518628105,-1.999
2026-07-29T11:48:13.895203+00:00,1,RIGHT,606.0,-34.0,512.0,10974,1.820050420537591,347.6040253260486,-1.837
2026-07-29T11:48:13.928577+00:00,1,RIGHT,605.0,-35.0,512.0,10873,1.046295679807663,199.82775525250148,-1.758
2026-07-29T11:48:13.995070+00:00,1,RIGHT,592.0,-48.0,512.0,10586,1.159975464977324,221.538994939753,-1.955
2026-07-29T11:48:14.011934+00:00,1,RIGHT,608.0,-32.0,512.0,11001,0.7538862353563309,143.98166506308007,-1.773
2026-07-29T11:48:13.911840+00:00,1,RIGHT,602.0,-38.0,512.0,10785,1.3354408861324192,255.05042188199457,-1.776
2026-07-29T11:48:14.061781+00:00,1,RIGHT,605.0,-35.0,512.0,10654,1.1717026315629482,223.77871877643005,-1.722
2026-07-29T11:48:14.145074+00:00,1,RIGHT,612.0,-28.0,512.0,10755,1.0877336842939258,207.7418311475249,-1.558
2026-07-29T11:48:14.178586+00:00,1,RIGHT,601.0,-39.0,512.0,10747,1.0339834915753454,197.47630051156,-1.666
2026-07-29T11:48:14.195176+00:00,1,RIGHT,614.0,-26.0,512.0,10355,1.2778187166154384,244.04539814962664,-1.487
2026-07-29T11:48:14.245231+00:00,1,RIGHT,611.0,-29.0,512.0,10557,1.0807467157393693,206.40741844830254,-1.436
2026-07-29T11:48:14.261772+00:00,1,RIGHT,617.0,-23.0,512.0,10864,0.7555219956871588,144.29407227391795,-1.293
2026-07-29T11:48:14.311824+00:00,1,RIGHT,608.0,-32.0,512.0,10520,0.8070813060924411,154.14117521001003,-1.376
2026-07-29T11:48:14.328645+00:00,1,RIGHT,619.0,-21.0,512.0,10241,1.36172613684088,260.0705349787881,-1.219
2026-07-29T11:48:14.378604+00:00,1,RIGHT,617.0,-23.0,512.0,10655,0.8236437585949897,157.30437063261647,-1.163
2026-07-29T11:48:14.461855+00:00,1,RIGHT,626.0,-14.0,512.0,10234,0.8236437585949897,157.30437063261647,-0.96
2026-07-29T11:48:14.511934+00:00,1,RIGHT,610.0,-30.0,512.0,6679,0.9926740392544889,189.58677627162007,-1.139
2026-07-29T11:48:14.528449+00:00,1,RIGHT,622.0,-18.0,512.0,10144,0.7090653289295733,135.42150248906674,-1.021
2026-07-29T11:48:14.545588+00:00,1,RIGHT,619.0,-21.0,512.0,9739,0.9455743922293186,180.5914063012929,-1.006
2026-07-29T11:48:14.595210+00:00,1,NONE,0.0,0.0,512.0,0,1.8575754748284816,354.770782782273,-0.997
2026-07-29T11:48:14.611894+00:00,1,NONE,0.0,0.0,512.0,0,1.576277765724808,301.0468777211421,-0.992
2026-07-29T11:48:14.678593+00:00,1,NONE,0.0,0.0,512.0,0,0.9577797193825245,182.9224520794766,-0.989
2026-07-29T11:48:14.711971+00:00,0,NONE,0.0,0.0,512.0,0,1.4745410475879908,281.6165958186365,-0.593
2026-07-29T11:48:14.745204+00:00,0,NONE,0.0,0.0,512.0,0,0.9467453080415725,180.81503474865048,-0.356
2026-07-29T11:48:14.761968+00:00,0,NONE,0.0,0.0,512.0,0,0.7297144981473684,139.36520331117046,-0.214
2026-07-29T11:48:14.878439+00:00,0,NONE,0.0,0.0,512.0,0,0.7297144981473684,139.36520331117046,-0.128
2026-07-29T11:48:14.912041+00:00,0,NONE,0.0,0.0,512.0,0,0.9680382516607642,184.88168742461613,-0.077
2026-07-29T11:48:14.928478+00:00,0,NONE,0.0,0.0,512.0,0,0.7300575914233923,139.4307293001554,-0.046
2026-07-29T11:48:14.995279+00:00,0,NONE,0.0,0.0,512.0,0,1.2061276041157543,230.35340423352832,-0.028
2026-07-29T11:48:15.011945+00:00,0,NONE,0.0,0.0,512.0,0,1.1592376972734928,221.39809168745106,-0.017
2026-07-29T11:48:15.045239+00:00,0,NONE,0.0,0.0,512.0,0,0.36522143632173537,69.75215629647128,-0.01
2026-07-29T11:48:15.145157+00:00,0,NONE,0.0,0.0,512.0,0,1.2950452755019068,247.33542854872067,-0.006
2026-07-29T11:48:15.178490+00:00,1,RIGHT,757.0,117.0,512.0,2231,1.4454805269837379,276.0664452150476,2.19
2026-07-29T11:48:15.195252+00:00,1,RIGHT,733.0,93.0,512.0,5567,0.7896239718422293,150.80706996305565,3.058
2026-07-29T11:48:15.228512+00:00,1,RIGHT,747.0,107.0,512.0,6907,0.6940014426596463,132.5445121346271,3.841
2026-07-29T11:48:15.161986+00:00,1,RIGHT,752.0,112.0,512.0,4401,0.8007264725491404,152.92749140487905,4.405
2026-07-29T11:48:15.278409+00:00,1,RIGHT,729.0,89.0,512.0,10852,1.1890570947807282,227.09317710340946,4.311
2026-07-29T11:48:15.328490+00:00,1,RIGHT,734.0,94.0,512.0,9301,1.1127769173681736,212.52473634924766,4.349
2026-07-29T11:48:15.345288+00:00,1,RIGHT,736.0,96.0,512.0,11796,1.328725411221385,253.76786064923374,4.41
2026-07-29T11:48:15.378404+00:00,1,RIGHT,717.0,77.0,512.0,14455,1.1982993061840534,228.85830945933685,4.09
2026-07-29T11:48:15.395277+00:00,1,RIGHT,722.0,82.0,512.0,13993,1.0001751755177974,191.0193877697538,3.991
2026-07-29T11:48:15.428371+00:00,1,RIGHT,730.0,90.0,512.0,9890,1.7381148059666156,331.9554756369569,4.082
2026-07-29T11:48:15.511924+00:00,1,RIGHT,694.0,54.0,512.0,17633,1.1531654866598546,220.23838488586435,3.462
2026-07-29T11:48:15.611771+00:00,1,RIGHT,701.0,61.0,512.0,17819,1.2541095591336489,239.5172826179014,3.221
2026-07-29T11:48:15.628475+00:00,1,RIGHT,694.0,54.0,512.0,18224,1.0194871679786592,194.7077066430733,2.945
2026-07-29T11:48:15.695244+00:00,1,RIGHT,658.0,18.0,512.0,17754,1.3721985793067142,262.0706241604077,2.105
2026-07-29T11:48:15.728512+00:00,1,RIGHT,692.0,52.0,512.0,17509,0.7966939158737659,152.15732981105816,2.238
2026-07-29T11:48:15.745271+00:00,1,RIGHT,675.0,35.0,512.0,16175,1.1663345210440457,222.75348518745372,1.999
2026-07-29T11:48:15.678497+00:00,1,RIGHT,665.0,25.0,512.0,18142,0.7301435321569443,139.44714277122472,1.668
2026-07-29T11:48:15.661742+00:00,1,RIGHT,691.0,51.0,512.0,17567,1.10311870098114,210.68015289391064,1.957
2026-07-29T11:48:15.861859+00:00,1,RIGHT,574.0,-66.0,512.0,9744,1.1690568250790239,223.27340695997268,-0.063
2026-07-29T11:48:15.945319+00:00,1,RIGHT,578.0,-62.0,512.0,14824,1.373741282261908,262.36525872165754,-1.2
2026-07-29T11:48:15.978479+00:00,1,RIGHT,583.0,-57.0,512.0,15376,1.373741282261908,262.36525872165754,-1.789
2026-07-29T11:48:16.011849+00:00,1,RIGHT,620.0,-20.0,512.0,18519,0.777837923169136,148.55610047604227,-1.448
2026-07-29T11:48:16.078580+00:00,1,RIGHT,622.0,-18.0,512.0,18646,1.1389699554257096,217.52723812698886,-1.207
2026-07-29T11:48:16.111841+00:00,1,RIGHT,569.0,-71.0,512.0,20401,1.4999923144280911,286.4774297292999,-2.055
2026-07-29T11:48:16.128626+00:00,1,RIGHT,547.0,-93.0,512.0,14616,1.28936633720994,246.25083122790423,-2.977
2026-07-29T11:48:16.145132+00:00,1,RIGHT,564.0,-76.0,512.0,20124,0.545118454117328,104.10995585206236,-3.211
2026-07-29T11:48:16.211876+00:00,1,RIGHT,568.0,-72.0,512.0,20888,1.3197112485766411,252.04628239793936,-3.277
2026-07-29T11:48:16.261882+00:00,1,RIGHT,646.0,6.0,512.0,22104,0.7979453758895397,152.39634106816888,-1.854
2026-07-29T11:48:16.178626+00:00,1,RIGHT,656.0,16.0,512.0,20675,0.0,0.0,-0.812
2026-07-29T11:48:16.295179+00:00,1,RIGHT,653.0,13.0,512.0,22321,0.0,0.0,-0.244
2026-07-29T11:48:16.328587+00:00,1,RIGHT,571.0,-69.0,512.0,21420,0.6272561940446031,119.7971086406492,-1.44
2026-07-29T11:48:16.378337+00:00,1,RIGHT,212.0,-428.0,512.0,21265,0.7874272871762514,150.38753409545018,-5.44
2026-07-29T11:48:16.445198+00:00,1,RIGHT,565.0,-75.0,512.0,20909,1.2591096198558807,240.47222387354478,-4.67
2026-07-29T11:48:16.461816+00:00,1,RIGHT,568.0,-72.0,512.0,21000,1.2054723685514181,230.22826345878389,-4.152
2026-07-29T11:48:16.478612+00:00,1,RIGHT,576.0,-64.0,512.0,21031,1.1181590674817563,213.55265130329482,-3.691
2026-07-29T11:48:16.495108+00:00,1,RIGHT,575.0,-65.0,512.0,21134,0.3005485075095203,57.400536730838134,-3.434
2026-07-29T11:48:16.528584+00:00,1,RIGHT,643.0,3.0,512.0,21835,1.1372890351340175,217.20620599894934,-2.004
2026-07-29T11:48:16.578585+00:00,1,RIGHT,582.0,-58.0,512.0,21357,1.1372890351340175,217.20620599894934,-2.29
2026-07-29T11:48:16.511794+00:00,1,RIGHT,549.0,-91.0,512.0,11094,1.1372890351340175,217.20620599894934,-3.08
2026-07-29T11:48:16.645189+00:00,1,RIGHT,563.0,-77.0,512.0,18915,0.7363805501442403,140.6383254626222,-3.292
2026-07-29T11:48:16.711854+00:00,1,RIGHT,651.0,11.0,512.0,22156,0.9560712201148271,182.59615275500911,-1.769
2026-07-29T11:48:16.745293+00:00,1,RIGHT,652.0,12.0,512.0,21625,1.9574356634169816,373.84267394061135,-0.836
2026-07-29T11:48:16.778648+00:00,1,RIGHT,650.0,10.0,512.0,21414,1.039731896072626,198.5741649003207,-0.314
2026-07-29T11:48:16.845183+00:00,1,RIGHT,554.0,-86.0,512.0,10801,1.379232481867075,263.41400059445743,-1.801
2026-07-29T11:48:16.861953+00:00,1,RIGHT,550.0,-90.0,512.0,10554,-0.5946195106208324,-113.56396124902709,-2.768
2026-07-29T11:48:16.928431+00:00,1,RIGHT,556.0,-84.0,512.0,11179,1.259156991019845,240.48127109943073,-3.236
2026-07-29T11:48:16.945257+00:00,1,RIGHT,569.0,-71.0,512.0,18940,1.3478142203530297,257.41355464648046,-3.273
2026-07-29T11:48:17.045163+00:00,1,RIGHT,562.0,-78.0,512.0,10894,0.9845287943258881,188.03114907992287,-3.426
2026-07-29T11:48:17.062075+00:00,1,RIGHT,559.0,-81.0,512.0,10484,0.0,0.0,-3.574
2026-07-29T11:48:17.128567+00:00,1,RIGHT,577.0,-63.0,512.0,17981,2.4725170163810253,472.2159660430379,-3.326
2026-07-29T11:48:17.161664+00:00,1,RIGHT,199.0,-441.0,512.0,15843,1.0270149172097445,196.14540084365336,-7.326
2026-07-29T11:48:17.228534+00:00,1,RIGHT,579.0,-61.0,512.0,13916,1.8265927976369858,348.85352731197645,-5.539
2026-07-29T11:48:17.295184+00:00,1,RIGHT,566.0,-74.0,512.0,10353,0.07487227890640497,14.299551946211277,-4.711
2026-07-29T11:48:17.328526+00:00,1,RIGHT,577.0,-63.0,512.0,10642,2.6983878710865974,515.3541216751776,-4.008
2026-07-29T11:48:17.395461+00:00,1,RIGHT,579.0,-61.0,512.0,10677,1.2010836702585221,229.39008382631988,-3.548
2026-07-29T11:48:17.411895+00:00,1,RIGHT,586.0,-54.0,512.0,10632,1.334968192949891,254.96014413411632,-3.142
2026-07-29T11:48:17.461925+00:00,1,RIGHT,584.0,-56.0,512.0,12067,0.5963373427651822,113.8920430216376,-2.935
2026-07-29T11:48:17.511890+00:00,1,RIGHT,586.0,-54.0,512.0,15236,0.7636937555670739,145.85476344829618,-2.773
2026-07-29T11:48:17.545137+00:00,1,RIGHT,591.0,-49.0,512.0,15086,0.08703156553208828,16.621804631349683,-2.583
2026-07-29T11:48:17.578544+00:00,1,RIGHT,601.0,-39.0,512.0,12412,1.4428606070578098,275.56607736698794,-2.281
2026-07-29T11:48:17.661910+00:00,1,RIGHT,609.0,-31.0,512.0,10600,1.5174334702361376,289.8084451214037,-1.95
2026-07-29T11:48:17.711762+00:00,1,RIGHT,597.0,-43.0,512.0,12072,1.1783183507621289,225.04222807161912,-1.976
2026-07-29T11:48:17.728608+00:00,1,RIGHT,604.0,-36.0,512.0,10947,1.0865226455777883,207.51053978998618,-1.861
2026-07-29T11:48:17.761778+00:00,1,RIGHT,608.0,-32.0,512.0,13708,1.4119136169552804,269.6556376286277,-1.716
2026-07-29T11:48:17.795348+00:00,1,RIGHT,610.0,-30.0,512.0,10791,0.9876841088570655,188.63376976549876,-1.592
2026-07-29T11:48:17.828468+00:00,1,RIGHT,609.0,-31.0,512.0,13138,1.4338987615890801,273.85449096029913,-1.537
2026-07-29T11:48:17.845908+00:00,1,RIGHT,621.0,-19.0,512.0,13903,1.3552977705001832,258.84280744383517,-1.278
2026-07-29T11:48:17.861709+00:00,1,RIGHT,622.0,-18.0,512.0,12547,1.1665468033030628,222.79402811247766,-1.104
2026-07-29T11:48:17.961775+00:00,1,RIGHT,634.0,-6.0,512.0,15143,0.8455803897976876,161.49395858144837,-0.775
2026-07-29T11:48:17.978524+00:00,1,RIGHT,621.0,-19.0,512.0,11028,1.1729846787452698,224.02357175204227,-0.821
2026-07-29T11:48:18.011931+00:00,1,RIGHT,605.0,-35.0,512.0,10548,1.1729846787452698,224.02357175204227,-1.149
2026-07-29T11:48:18.045287+00:00,1,RIGHT,630.0,-10.0,512.0,10665,1.0559180989861487,201.66550194461138,-0.877
2026-07-29T11:48:18.111815+00:00,1,RIGHT,620.0,-20.0,512.0,10660,1.1543998433463276,220.4741296476932,-0.901
2026-07-29T11:48:18.128528+00:00,1,RIGHT,617.0,-23.0,512.0,10657,1.0896791231632232,208.11338260256304,-0.972
2026-07-29T11:48:18.145314+00:00,1,RIGHT,620.0,-20.0,512.0,10623,1.4207211653888225,271.3377554722911,-0.958
2026-07-29T11:48:18.195340+00:00,1,RIGHT,617.0,-23.0,512.0,10521,0.6521527621150017,124.55200288996254,-1.006
2026-07-29T11:48:18.211855+00:00,1,RIGHT,621.0,-19.0,512.0,10705,1.1119899968802929,212.37444560668786,-0.96
2026-07-29T11:48:18.228489+00:00,1,RIGHT,628.0,-12.0,512.0,10764,0.9228624629229307,176.2537473217745,-0.801
2026-07-29T11:48:18.278835+00:00,1,RIGHT,616.0,-24.0,512.0,10809,1.1171340169012547,213.3568810631276,-0.931
2026-07-29T11:48:18.378507+00:00,1,RIGHT,615.0,-25.0,512.0,10904,1.1171340169012547,213.3568810631276,-1.027
2026-07-29T11:48:18.261917+00:00,1,RIGHT,634.0,-6.0,512.0,18003,1.3098178531974554,250.15678306366743,-0.729
2026-07-29T11:48:18.445228+00:00,1,RIGHT,617.0,-23.0,512.0,10640,1.2502497568167745,238.7801146761957,-0.869
2026-07-29T11:48:18.511743+00:00,1,RIGHT,623.0,-17.0,512.0,10783,0.6262371404841542,119.6024837469442,-0.84
2026-07-29T11:48:18.528594+00:00,1,RIGHT,625.0,-15.0,512.0,10847,1.657140913780313,316.4906013935486,-0.785
2026-07-29T11:48:18.545119+00:00,1,RIGHT,631.0,-9.0,512.0,10941,1.2312322651594878,235.1480413132364,-0.64
2026-07-29T11:48:18.678591+00:00,1,RIGHT,641.0,1.0,512.0,10924,0.9274308189190924,177.12623904808567,-0.365
2026-07-29T11:48:18.695109+00:00,1,RIGHT,636.0,-4.0,512.0,10752,1.1805496766790748,225.46837993081633,-0.294
2026-07-29T11:48:18.828609+00:00,1,RIGHT,633.0,-7.0,512.0,10777,2.1838531629554927,417.08523104548453,-0.308
2026-07-29T11:48:18.861895+00:00,1,RIGHT,643.0,3.0,512.0,10877,1.0207964473217725,194.95776057828678,-0.128
2026-07-29T11:48:18.878613+00:00,1,RIGHT,644.0,4.0,512.0,10897,0.8756711257249117,167.24086581835712,-0.002
2026-07-29T11:48:18.895230+00:00,1,RIGHT,643.0,3.0,512.0,10832,0.88454306229949,168.93528089112738,0.055
2026-07-29T11:48:18.928592+00:00,1,RIGHT,642.0,2.0,512.0,10930,1.1089068816424696,211.78561397042205,0.071
2026-07-29T11:48:19.095189+00:00,1,RIGHT,647.0,7.0,512.0,11047,1.4920725586265327,284.96486778862135,0.174
2026-07-29T11:48:19.111808+00:00,1,RIGHT,643.0,3.0,512.0,11354,1.0802278017997742,206.3083131860715,0.16
2026-07-29T11:48:19.178567+00:00,1,RIGHT,647.0,7.0,512.0,11086,1.7821814673021437,340.37158800948384,0.227
2026-07-29T11:48:19.145262+00:00,1,RIGHT,644.0,4.0,512.0,11067,1.3048176294611766,249.20181067463443,0.211
2026-07-29T11:48:19.278459+00:00,1,RIGHT,647.0,7.0,512.0,10992,0.9986328315734864,190.72482177453182,0.258
2026-07-29T11:48:19.128643+00:00,1,RIGHT,641.0,1.0,512.0,11032,1.0233488180022687,195.44522747077133,0.174
2026-07-29T11:48:19.311947+00:00,1,RIGHT,642.0,2.0,512.0,10997,0.773245992064476,147.6791062356694,0.142
2026-07-29T11:48:19.328444+00:00,1,RIGHT,646.0,6.0,512.0,11080,1.0940336104109882,208.94502840669796,0.198
2026-07-29T11:48:19.395173+00:00,1,RIGHT,643.0,3.0,512.0,11733,1.3564593236893416,259.0646477618976,0.175
2026-07-29T11:48:19.461924+00:00,1,RIGHT,645.0,5.0,512.0,10925,0.7595443272590637,145.06228101682586,0.199
2026-07-29T11:48:19.528420+00:00,1,RIGHT,652.0,12.0,512.0,11070,0.7119766037166119,135.97751501673395,0.344
2026-07-29T11:48:19.545209+00:00,1,RIGHT,636.0,-4.0,512.0,11360,1.8846023720502854,359.9325399294169,0.131
2026-07-29T11:48:19.562397+00:00,1,RIGHT,637.0,-3.0,512.0,10809,0.6336188168823719,121.01228009144153,0.023
2026-07-29T11:48:19.611973+00:00,1,RIGHT,657.0,17.0,512.0,10910,1.6126080580451525,307.98545244924975,0.332
2026-07-29T11:48:19.445210+00:00,1,RIGHT,645.0,5.0,512.0,10931,0.6697159833461046,127.90633106061841,0.293
2026-07-29T11:48:19.745195+00:00,1,RIGHT,651.0,11.0,512.0,10660,1.1996094666980206,229.10853168578686,0.382
2026-07-29T11:48:19.778525+00:00,1,RIGHT,658.0,18.0,512.0,10227,0.7007414200901985,133.83175300390735,0.567
2026-07-29T11:48:19.811881+00:00,1,RIGHT,648.0,8.0,512.0,10517,0.809801206542179,154.66063793156243,0.49
2026-07-29T11:48:19.645151+00:00,1,RIGHT,645.0,5.0,512.0,10901,1.0067873672395944,192.28222336638814,0.388
2026-07-29T11:48:19.862081+00:00,1,RIGHT,652.0,12.0,512.0,10836,1.184698830060661,226.26080985520736,0.458
2026-07-29T11:48:19.828521+00:00,1,RIGHT,656.0,16.0,512.0,10750,0.7558963394910098,144.3655666740764,0.575
2026-07-29T11:48:19.961815+00:00,1,RIGHT,656.0,16.0,512.0,11032,1.5489297368563713,295.82378894726423,0.645
2026-07-29T11:48:19.978527+00:00,1,RIGHT,661.0,21.0,512.0,10940,1.0217828844860195,195.14615619917413,0.781
2026-07-29T11:48:20.028505+00:00,1,RIGHT,650.0,10.0,512.0,11044,1.0217828844860195,195.14615619917413,0.656
2026-07-29T11:48:20.061766+00:00,1,RIGHT,661.0,21.0,512.0,11731,1.0217828844860195,195.14615619917413,0.787
2026-07-29T11:48:20.145300+00:00,1,RIGHT,660.0,20.0,512.0,11628,1.0217828844860195,195.14615619917413,0.847
2026-07-29T11:48:20.111796+00:00,1,RIGHT,658.0,18.0,512.0,11247,1.5954312998056412,304.70493327311453,0.846
2026-07-29T11:48:20.245250+00:00,1,RIGHT,653.0,13.0,512.0,11251,0.0,0.0,0.751
2026-07-29T11:48:20.211865+00:00,1,RIGHT,664.0,24.0,512.0,11177,1.17461760006845,224.3354367523594,0.901
2026-07-29T11:48:20.361954+00:00,1,RIGHT,666.0,26.0,512.0,13287,1.187719664424658,226.83774672075776,1.028
2026-07-29T11:48:20.395260+00:00,1,RIGHT,659.0,19.0,512.0,11742,0.3053837463259697,58.32399932123942,0.973
2026-07-29T11:48:20.411875+00:00,1,RIGHT,660.0,20.0,512.0,11620,2.2879421250522136,436.9647584522822,0.959
2026-07-29T11:48:20.428507+00:00,1,RIGHT,659.0,19.0,512.0,11433,1.419177526831627,271.04294222422124,0.932
2026-07-29T11:48:20.445305+00:00,1,RIGHT,655.0,15.0,512.0,11309,0.9667927053570747,184.64380560331773,0.84
2026-07-29T11:48:20.511862+00:00,1,RIGHT,686.0,46.0,512.0,22365,1.4461193880438805,276.1884586898524,1.367
2026-07-29T11:48:20.545193+00:00,1,RIGHT,686.0,46.0,512.0,18645,1.2991103803366422,248.11180638308258,1.682
2026-07-29T11:48:20.595268+00:00,1,RIGHT,673.0,33.0,512.0,19033,0.6024493815004826,115.05935643414821,1.628
2026-07-29T11:48:20.611859+00:00,1,RIGHT,652.0,12.0,512.0,11764,1.2833017487823963,245.09258015663048,1.202
2026-07-29T11:48:20.661938+00:00,1,RIGHT,669.0,29.0,512.0,16466,1.8665859885513783,356.49166414082856,1.265
2026-07-29T11:48:20.745242+00:00,1,RIGHT,645.0,5.0,512.0,11451,1.4649547363072635,279.78574522702206,0.853
2026-07-29T11:48:20.811942+00:00,1,RIGHT,652.0,12.0,512.0,11474,1.0568628649041056,201.8459389437005,0.737
2026-07-29T11:48:20.845269+00:00,1,RIGHT,667.0,27.0,512.0,18877,0.9236852760612965,176.41089305562875,0.948
2026-07-29T11:48:20.878597+00:00,1,RIGHT,666.0,26.0,512.0,17797,1.5082995593175292,288.06399663445467,1.056
2026-07-29T11:48:20.961712+00:00,1,RIGHT,665.0,25.0,512.0,17349,1.9366327995061874,369.86961959436627,1.103
2026-07-29T11:48:20.978594+00:00,1,RIGHT,651.0,11.0,512.0,11402,0.8256963079050184,157.69637867497354,0.868
2026-07-29T11:48:20.911828+00:00,1,RIGHT,659.0,19.0,512.0,15248,-0.5265644688531756,-100.56640568944952,0.877
2026-07-29T11:48:20.861853+00:00,1,RIGHT,669.0,29.0,512.0,18749,2.1743104506004602,415.2627072353155,1.07
2026-07-29T11:48:21.061778+00:00,1,RIGHT,650.0,10.0,512.0,15439,1.304530079253018,249.14689263021575,0.829
2026-07-29T11:48:21.145241+00:00,1,RIGHT,655.0,15.0,512.0,14439,1.5888395136536564,303.44599485324284,0.779
2026-07-29T11:48:21.195148+00:00,1,RIGHT,639.0,-1.0,512.0,11487,0.2392264088988304,45.68887859324621,0.449
2026-07-29T11:48:21.212007+00:00,1,RIGHT,643.0,3.0,512.0,11644,0.9935376281291246,189.751709597457,0.325
2026-07-29T11:48:21.245236+00:00,1,RIGHT,642.0,2.0,512.0,11249,1.6733663061261177,319.5894230680769,0.233
2026-07-29T11:48:21.128524+00:00,1,RIGHT,648.0,8.0,512.0,13414,0.9419071108847856,179.89100715686354,0.29
2026-07-29T11:48:21.345279+00:00,1,RIGHT,638.0,-2.0,512.0,11249,1.9265079969912768,367.93592475267354,0.136
2026-07-29T11:48:21.361854+00:00,1,RIGHT,647.0,7.0,512.0,11198,0.2289042939990759,43.71749986189608,0.213
2026-07-29T11:48:21.378604+00:00,1,RIGHT,641.0,1.0,512.0,10730,0.2289042939990759,43.71749986189608,0.147
2026-07-29T11:48:21.411886+00:00,1,RIGHT,644.0,4.0,512.0,10867,0.3387570209801197,64.69782527528514,0.163
2026-07-29T11:48:21.495189+00:00,1,BOTH,574.5,-65.5,523.7,12107,-0.8513510626927018,-162.59607592089787,-1.13
2026-07-29T11:48:21.445209+00:00,1,RIGHT,627.3,-12.7,523.7,11218,1.4138947868347167,270.0340132039282,-0.916
2026-07-29T11:48:21.428526+00:00,1,RIGHT,631.3,-8.7,523.7,10883,1.6920535826683045,323.158429989614,-0.713
2026-07-29T11:48:21.595194+00:00,1,BOTH,576.0,-64.0,533.4,11990,1.9621441382169724,374.74192638722195,-1.628
2026-07-29T11:48:21.712022+00:00,1,RIGHT,616.64,-23.36,533.4,11235,0.014486138336360454,2.7666486270537263,-1.415
2026-07-29T11:48:21.745267+00:00,1,RIGHT,617.64,-22.36,533.4,11221,2.181530764400959,416.6416855937443,-1.268
2026-07-29T11:48:21.578462+00:00,1,BOTH,572.5,-67.5,540.6,11755,0.0026865536719560615,0.5130939561281873,-2.026
2026-07-29T11:48:21.811993+00:00,1,RIGHT,604.41,-35.59,540.6,11063,2.023799296617508,386.5171942590927,-1.883
2026-07-29T11:48:21.828432+00:00,1,RIGHT,602.41,-37.59,540.6,11287,0.5484850188344716,104.75292235122897,-1.835
2026-07-29T11:48:21.845186+00:00,1,RIGHT,614.41,-25.59,540.6,11638,2.1184430074412375,404.59281155128053,-1.581
2026-07-29T11:48:21.928440+00:00,1,BOTH,582.0,-58.0,540.6,12310,2.1184430074412375,404.59281155128053,-2.036
2026-07-29T11:48:21.978636+00:00,1,RIGHT,621.41,-18.59,540.6,12146,0.8456306844577193,161.50356415395458,-1.57
2026-07-29T11:48:22.011895+00:00,1,RIGHT,616.41,-23.59,540.6,11505,1.5738544689118863,300.58406212151573,-1.384
2026-07-29T11:48:22.061968+00:00,1,BOTH,579.0,-61.0,547.3,12601,1.5170530338585377,289.7357871253713,-1.974
2026-07-29T11:48:21.995235+00:00,1,RIGHT,606.73,-33.27,547.3,11681,3.1076849272102116,593.5241012852186,-1.808
2026-07-29T11:48:22.195247+00:00,1,RIGHT,619.73,-20.27,547.3,11280,1.4837409904040397,283.37365546904084,-1.465
2026-07-29T11:48:22.228486+00:00,1,RIGHT,621.73,-18.27,547.3,11518,2.4131662565469743,460.880805878419,-1.222
2026-07-29T11:48:22.278529+00:00,1,RIGHT,628.73,-11.27,547.3,11396,1.6086962321400642,307.23834873407804,-0.944
2026-07-29T11:48:22.295144+00:00,1,BOTH,591.5,-48.5,547.3,11944,0.3927985231950879,75.01899192683369,-1.476
2026-07-29T11:48:22.395331+00:00,1,RIGHT,632.73,-7.27,547.3,12221,1.4690009607747196,280.5585171768481,-1.022
2026-07-29T11:48:22.461990+00:00,1,RIGHT,630.73,-9.27,547.3,11675,0.02958246901631355,5.6498354073709685,-0.787
2026-07-29T11:48:22.478529+00:00,1,BOTH,594.0,-46.0,547.3,12772,1.8042157782614232,344.5798314176358,-1.335
2026-07-29T11:48:22.495264+00:00,1,BOTH,593.0,-47.0,547.3,12342,0.7883372007869184,150.56131479415927,-1.682
2026-07-29T11:48:22.512328+00:00,1,RIGHT,633.73,-6.27,547.3,11346,1.2908601954579353,246.53613713724067,-1.127
2026-07-29T11:48:22.561924+00:00,1,BOTH,590.5,-49.5,547.3,12133,0.6549161397793796,125.07976914786113,-1.604
2026-07-29T11:48:22.595256+00:00,1,BOTH,597.5,-42.5,547.3,11887,1.3076408365368843,249.7410035083995,-1.759
2026-07-29T11:48:22.528532+00:00,1,RIGHT,639.73,-0.27,547.3,11841,1.0136719416826963,193.5970802308327,-1.061
2026-07-29T11:48:22.611756+00:00,1,BOTH,597.0,-43.0,547.3,13285,1.1573111474514008,221.03014777469255,-1.443
2026-07-29T11:48:22.711758+00:00,1,BOTH,594.5,-45.5,547.3,12936,1.7838001602888107,340.68073559769533,-1.719
2026-07-29T11:48:22.661754+00:00,1,RIGHT,640.73,0.73,547.3,11452,1.1531953254999825,220.24408368454735,-1.018
2026-07-29T11:48:22.628535+00:00,1,BOTH,591.5,-48.5,547.3,11865,1.1531953254999825,220.24408368454735,-1.52
2026-07-29T11:48:22.778506+00:00,1,RIGHT,643.73,3.73,547.3,11654,0.8298079086095095,158.4816365663414,-0.842
2026-07-29T11:48:22.828517+00:00,1,RIGHT,644.73,4.73,547.3,11659,0.6439808982238173,122.99129185089514,-0.417
2026-07-29T11:48:22.845262+00:00,1,BOTH,600.0,-40.0,547.3,11710,0.21715234816074372,41.47304353655353,-1.0
2026-07-29T11:48:22.878494+00:00,1,BOTH,598.0,-42.0,547.3,12787,0.21715234816074372,41.47304353655353,-1.387
2026-07-29T11:48:22.961863+00:00,1,BOTH,596.5,-43.5,547.3,12166,1.7748356387764215,338.9686381043149,-1.648
2026-07-29T11:48:23.095320+00:00,1,RIGHT,666.73,26.73,547.3,11834,0.32074388399720194,61.25756952557779,-0.488
2026-07-29T11:48:22.928515+00:00,1,BOTH,604.5,-35.5,547.3,13028,2.7648859132826327,528.0543122208966,-0.958
2026-07-29T11:48:23.145238+00:00,1,BOTH,604.0,-36.0,547.3,13846,2.7648859132826327,528.0543122208966,-1.25
2026-07-29T11:48:23.111855+00:00,1,BOTH,612.5,-27.5,547.3,12794,0.452485320843989,86.41833058661169,-1.266
2026-07-29T11:48:23.211736+00:00,1,BOTH,607.0,-33.0,547.3,13250,0.370377745218575,70.73693875532018,-1.378
2026-07-29T11:48:23.245119+00:00,1,BOTH,609.0,-31.0,547.3,14888,-1.0818515676259994,-206.61842961527245,-1.408
2026-07-29T11:48:23.278645+00:00,1,BOTH,613.0,-27.0,547.3,12848,0.748951810374856,143.03925931053865,-1.351
2026-07-29T11:48:23.228575+00:00,1,BOTH,606.5,-33.5,547.3,17761,1.3628162610530854,260.27873336713606,-1.439
2026-07-29T11:48:23.361840+00:00,1,BOTH,613.5,-26.5,547.3,15631,-0.0014802202465943992,-0.28270124293224347,-1.36
2026-07-29T11:48:23.445102+00:00,1,BOTH,616.0,-24.0,547.3,15416,2.7435607132315636,523.9814990202351,-1.266
2026-07-29T11:48:23.461869+00:00,1,BOTH,615.0,-25.0,547.3,13964,1.212444221097976,231.55978921313488,-1.228
2026-07-29T11:48:23.595234+00:00,1,BOTH,617.0,-23.0,547.3,15200,1.415868202894926,270.4109079088393,-1.168
2026-07-29T11:48:23.661875+00:00,1,BOTH,616.5,-23.5,547.3,18611,1.415868202894926,270.4109079088393,-1.142
2026-07-29T11:48:23.678612+00:00,1,BOTH,619.5,-20.5,547.3,17792,1.7230790553987025,329.0838588057807,-1.069
2026-07-29T11:48:23.711835+00:00,1,BOTH,617.0,-23.0,547.3,17825,1.1068046705424786,211.38412122483857,-1.073
2026-07-29T11:48:23.795222+00:00,1,BOTH,620.5,-19.5,547.3,22722,0.34327558854594825,65.56080811184073,-1.009
2026-07-29T11:48:23.811834+00:00,1,BOTH,622.0,-18.0,547.3,21746,0.34327558854594825,65.56080811184073,-0.943
2026-07-29T11:48:23.878545+00:00,1,BOTH,623.5,-16.5,547.3,24430,0.9943707943707705,189.91083262838728,-0.875
2026-07-29T11:48:23.895283+00:00,1,BOTH,622.0,-18.0,547.3,23947,1.209754008948803,231.0459965393268,-0.863
2026-07-29T11:48:23.928545+00:00,1,BOTH,627.0,-13.0,547.3,19894,1.6645111298561097,317.8982089776907,-0.761
2026-07-29T11:48:23.978427+00:00,1,BOTH,622.5,-17.5,547.3,24067,0.4794544118642807,91.56904756250131,-0.785
2026-07-29T11:48:23.995840+00:00,1,BOTH,631.5,-8.5,547.3,23168,0.38380258589982985,73.30089446089164,-0.63
2026-07-29T11:48:24.045068+00:00,1,BOTH,634.0,-6.0,547.3,24871,1.317653520554304,251.653285294387,-0.491
2026-07-29T11:48:24.062410+00:00,1,BOTH,635.0,-5.0,547.3,25704,0.19323327738791704,36.90483751936124,-0.388
2026-07-29T11:48:24.095167+00:00,1,BOTH,631.0,-9.0,547.3,21832,1.2783459848165513,244.14609895827735,-0.402
2026-07-29T11:48:24.128422+00:00,1,BOTH,638.5,-1.5,547.3,25026,1.1177733248053119,213.47897987883368,-0.269
2026-07-29T11:48:24.195263+00:00,1,BOTH,642.5,2.5,547.3,23215,1.1025381299853325,210.56927200135237,-0.115
2026-07-29T11:48:24.245127+00:00,1,BOTH,643.5,3.5,547.3,23114,1.1025381299853325,210.56927200135237,-0.003
2026-07-29T11:48:24.261948+00:00,1,BOTH,639.5,-0.5,547.3,22994,1.0121711222687737,193.31044483673583,-0.011
2026-07-29T11:48:24.278547+00:00,1,BOTH,643.5,3.5,547.3,23604,1.0121711222687737,193.31044483673583,0.059
2026-07-29T11:48:24.361922+00:00,1,BOTH,641.5,1.5,547.3,23640,0.9649275671504438,184.2875904451559,0.063
2026-07-29T11:48:24.411903+00:00,1,BOTH,639.0,-1.0,547.3,23993,0.9649275671504438,184.2875904451559,0.019
2026-07-29T11:48:24.428635+00:00,1,BOTH,647.5,7.5,547.3,23808,1.1750397631525993,224.41606396231936,0.152
2026-07-29T11:48:24.495191+00:00,1,BOTH,643.0,3.0,547.3,21303,0.7653121975064278,146.16386309000265,0.148
2026-07-29T11:48:24.511969+00:00,1,BOTH,643.0,3.0,547.3,21838,1.484176543559879,283.45683999431816,0.145
2026-07-29T11:48:24.545203+00:00,1,BOTH,646.5,6.5,547.3,24869,1.484176543559879,283.45683999431816,0.209
2026-07-29T11:48:24.611901+00:00,1,BOTH,645.0,5.0,547.3,23472,0.660797194391489,126.20296784239385,0.219
2026-07-29T11:48:24.661883+00:00,1,BOTH,644.5,4.5,547.3,22915,1.574165508300066,300.64346626886584,0.216
2026-07-29T11:48:24.711823+00:00,1,BOTH,648.5,8.5,547.3,22877,1.140739728808403,217.86523994539857,0.289
2026-07-29T11:48:24.795360+00:00,1,BOTH,650.0,10.0,547.3,24843,0.8719159403908998,166.52367824859607,0.361
2026-07-29T11:48:24.828522+00:00,1,BOTH,658.5,18.5,547.3,21406,1.0663796016573905,203.66350177936803,0.563
2026-07-29T11:48:24.864502+00:00,1,BOTH,654.0,14.0,547.3,20519,1.0663796016573905,203.66350177936803,0.601
2026-07-29T11:48:24.878449+00:00,1,RIGHT,709.73,69.73,547.3,7568,1.628012381643057,310.92746154396207,1.668
2026-07-29T11:48:24.978398+00:00,1,RIGHT,707.73,67.73,547.3,8404,1.5992524179816245,305.4347130881298,2.271
2026-07-29T11:48:24.995323+00:00,1,RIGHT,710.73,70.73,547.3,6944,1.5992524179816245,305.4347130881298,2.689
2026-07-29T11:48:25.011802+00:00,1,RIGHT,712.73,72.73,547.3,5929,1.3416233286261559,256.231181421906,2.977
2026-07-29T11:48:25.045428+00:00,1,RIGHT,711.73,71.73,547.3,6309,1.1432114471588284,218.33730337748,3.131
2026-07-29T11:48:25.061811+00:00,1,RIGHT,709.73,69.73,547.3,7896,1.2857154518924654,245.553563493979,3.186
2026-07-29T11:48:25.128495+00:00,1,BOTH,652.5,12.5,547.3,11364,0.8864969179034233,169.30843982407194,2.146
2026-07-29T11:48:25.211875+00:00,1,RIGHT,709.73,69.73,547.3,7781,0.5882785532251,112.35292759286799,2.595
2026-07-29T11:48:25.228490+00:00,1,RIGHT,710.73,70.73,547.3,7972,0.5882785532251,112.35292759286799,2.883
2026-07-29T11:48:25.261878+00:00,1,BOTH,654.5,14.5,547.3,6634,2.1285387066006662,406.5209480615107,2.002
2026-07-29T11:48:25.311839+00:00,1,RIGHT,712.73,72.73,547.3,7443,0.5334404082596302,101.87961338337465,2.565
2026-07-29T11:48:25.362027+00:00,1,RIGHT,711.73,71.73,547.3,6887,1.634856266733259,312.23454731443235,2.884
2026-07-29T11:48:25.395325+00:00,1,BOTH,657.5,17.5,547.3,8186,0.6501737895607949,124.1740469728683,2.058
2026-07-29T11:48:25.428615+00:00,1,RIGHT,710.73,70.73,547.3,7765,2.0411924187093975,389.8390358871628,2.561
2026-07-29T11:48:25.461876+00:00,1,RIGHT,712.73,72.73,547.3,7106,1.1238402219861745,214.63767188951115,2.9
2026-07-29T11:48:25.478601+00:00,1,RIGHT,709.73,69.73,547.3,7825,1.2774951054347912,243.98359296677884,3.048
2026-07-29T11:48:25.561759+00:00,1,BOTH,650.0,10.0,547.3,8642,2.0006646084040405,382.098794275817,2.016
2026-07-29T11:48:25.595203+00:00,1,BOTH,645.75,5.75,547.3,8991,1.1774000216089189,224.8668401226766,1.317
2026-07-29T11:48:25.678627+00:00,1,BOTH,657.5,17.5,547.3,13507,1.0822490369528532,206.69434066498786,1.119
2026-07-29T11:48:25.511867+00:00,1,RIGHT,710.73,70.73,547.3,8566,1.920793582648039,366.8445520051517,1.997
2026-07-29T11:48:25.728578+00:00,1,BOTH,641.5,1.5,547.3,8558,1.2943302549421787,247.19886968092902,1.227
2026-07-29T11:48:25.495166+00:00,1,RIGHT,711.73,71.73,547.3,7592,1.2943302549421787,247.19886968092902,2.081
2026-07-29T11:48:25.778630+00:00,1,RIGHT,697.73,57.73,547.3,11390,1.0094831838458775,192.79708641265916,2.331
2026-07-29T11:48:25.878606+00:00,1,BOTH,643.0,3.0,547.3,12823,1.702596738114953,325.17202435575837,1.455
2026-07-29T11:48:25.895302+00:00,1,BOTH,636.0,-4.0,547.3,10971,0.706834258986637,134.99539951730426,0.798
2026-07-29T11:48:25.911852+00:00,1,BOTH,635.0,-5.0,547.3,12767,0.9294838057458401,177.51833064998098,0.385
2026-07-29T11:48:26.028620+00:00,1,BOTH,635.5,-4.5,547.3,15943,0.8555717769637704,163.40217296844077,0.147
2026-07-29T11:48:26.045160+00:00,1,BOTH,632.5,-7.5,547.3,12358,0.34062994524836543,65.05552746167884,-0.053
2026-07-29T11:48:26.095963+00:00,1,BOTH,633.5,-6.5,547.3,13156,0.9346006934344768,178.4955842126521,-0.153
2026-07-29T11:48:26.111863+00:00,1,BOTH,632.5,-7.5,547.3,11725,2.7465748373419046,524.5571543217391,-0.233
2026-07-29T11:48:26.161837+00:00,1,BOTH,630.5,-9.5,547.3,12300,2.7465748373419046,524.5571543217391,-0.318
2026-07-29T11:48:26.179808+00:00,1,BOTH,642.5,2.5,547.3,17207,1.5569967076182365,297.3644668742986,-0.144
2026-07-29T11:48:26.295011+00:00,1,BOTH,632.5,-7.5,547.3,11074,0.48940412476658823,93.46930275139825,-0.227
2026-07-29T11:48:26.311901+00:00,1,BOTH,633.5,-6.5,547.3,16540,2.5294417921453713,483.08779737979,-0.258
2026-07-29T11:48:26.328478+00:00,1,BOTH,632.0,-8.0,547.3,16063,1.1622169626131653,221.96708945416054,-0.305
2026-07-29T11:48:26.345222+00:00,1,BOTH,632.0,-8.0,547.3,14030,0.8095088520739228,154.60480234105285,-0.333
2026-07-29T11:48:26.445165+00:00,1,BOTH,634.5,-5.5,547.3,17967,1.6037424758076668,306.29225096546946,-0.303
2026-07-29T11:48:26.461920+00:00,1,BOTH,633.5,-6.5,547.3,19255,2.1719225488789378,414.80665160019794,-0.304
2026-07-29T11:48:26.562179+00:00,1,BOTH,642.0,2.0,547.3,20455,3.66605418123072,700.1647735026963,-0.145
2026-07-29T11:48:26.595194+00:00,1,BOTH,636.5,-3.5,547.3,17884,1.1836791267991067,226.06606087773145,-0.152
2026-07-29T11:48:26.678550+00:00,1,BOTH,635.5,-4.5,547.3,14685,1.243814528286457,237.55107655956445,-0.176
2026-07-29T11:48:26.761915+00:00,1,BOTH,633.0,-7.0,547.3,17864,0.7808843996282667,149.1379346210228,-0.237
2026-07-29T11:48:26.778542+00:00,1,BOTH,632.5,-7.5,547.3,17407,1.5850274265930056,302.7179398542038,-0.283
2026-07-29T11:48:26.795164+00:00,1,BOTH,636.5,-3.5,547.3,18797,1.5850274265930056,302.7179398542038,-0.235
2026-07-29T11:48:26.861948+00:00,1,BOTH,636.5,-3.5,547.3,11231,-0.4667666166648269,-89.14585717498447,-0.207
2026-07-29T11:48:26.895196+00:00,1,BOTH,634.0,-6.0,547.3,20587,2.1414028335362674,408.97781532994566,-0.237
2026-07-29T11:48:26.928527+00:00,1,BOTH,639.5,-0.5,547.3,19301,0.5765051015466451,110.10436395461238,-0.151
2026-07-29T11:48:26.961931+00:00,1,BOTH,636.5,-3.5,547.3,17689,1.7612948374450206,336.38253554593354,-0.156
2026-07-29T11:48:26.978724+00:00,1,BOTH,631.5,-8.5,547.3,15409,1.6166740259248764,308.7619951130629,-0.253
2026-07-29T11:48:27.011936+00:00,1,BOTH,634.0,-6.0,547.3,17910,1.1635265069454908,222.21719399858563,-0.264
2026-07-29T11:48:27.095263+00:00,1,BOTH,638.5,-1.5,547.3,19163,0.9070675358176231,173.23713845227147,-0.187
2026-07-29T11:48:27.128541+00:00,1,RIGHT,693.73,53.73,547.3,11736,1.65269654661417,315.64178978946023,0.895
2026-07-29T11:48:27.245282+00:00,1,RIGHT,697.73,57.73,547.3,11289,1.2438843189179898,237.5644055883524,1.62
2026-07-29T11:48:27.261740+00:00,1,BOTH,634.0,-6.0,547.3,16883,1.2438843189179898,237.5644055883524,0.859
2026-07-29T11:48:27.295295+00:00,1,BOTH,641.0,1.0,547.3,17568,0.9713651238381863,185.5170732071021,0.534
2026-07-29T11:48:27.361791+00:00,1,BOTH,630.5,-9.5,547.3,13305,3.281627483069897,626.7446823801471,0.142
2026-07-29T11:48:27.445338+00:00,1,BOTH,630.0,-10.0,547.3,10231,0.2572754014283419,49.13598224792674,-0.102
2026-07-29T11:48:27.461832+00:00,1,RIGHT,709.73,69.73,547.3,8735,0.0046684395521879194,0.891606277507706,1.246
2026-07-29T11:48:27.545271+00:00,1,BOTH,630.5,-9.5,547.3,10406,0.9094643384218216,173.6948940307599,0.57
2026-07-29T11:48:27.578504+00:00,1,BOTH,632.5,-7.5,547.3,10843,0.13390757262706757,25.57446252124174,0.201
2026-07-29T11:48:27.595367+00:00,1,BOTH,637.5,-2.5,547.3,10519,1.1318839704990387,216.17391469368363,0.074
2026-07-29T11:48:27.695251+00:00,1,BOTH,635.5,-4.5,547.3,11396,0.477490319237113,91.19393350213639,-0.04
2026-07-29T11:48:27.728516+00:00,1,BOTH,634.0,-6.0,547.3,10133,1.2738388263434173,243.28529509791997,-0.137
2026-07-29T11:48:27.761881+00:00,1,BOTH,635.0,-5.0,547.3,14165,1.3232034499198198,252.71324372518617,-0.176
2026-07-29T11:48:27.845274+00:00,1,BOTH,640.5,0.5,547.3,15450,0.6820660942792892,130.2650285039179,-0.096
2026-07-29T11:48:27.961828+00:00,1,BOTH,639.0,-1.0,547.3,7022,1.9439750710129737,371.27189015895965,-0.076
2026-07-29T11:48:27.995092+00:00,1,BOTH,639.0,-1.0,547.3,15825,0.19275332551449537,36.81317346363971,-0.065
2026-07-29T11:48:28.028658+00:00,1,BOTH,642.5,2.5,547.3,17842,2.1377310235239566,408.27655127368143,0.008
2026-07-29T11:48:28.062405+00:00,1,BOTH,638.5,-1.5,547.3,13046,0.0,0.0,-0.023
2026-07-29T11:48:28.078604+00:00,1,BOTH,637.5,-2.5,547.3,13858,2.2916688731312753,437.6765149064113,-0.061
2026-07-29T11:48:28.095128+00:00,1,BOTH,637.5,-2.5,547.3,18457,0.33106398705393075,63.228564023213195,-0.083
2026-07-29T11:48:28.245272+00:00,1,BOTH,643.5,3.5,547.3,23440,2.5088175791502,479.14886284511607,0.016
2026-07-29T11:48:28.261790+00:00,1,BOTH,638.0,-2.0,547.3,19863,0.4339150953292847,82.87167876461598,-0.028
2026-07-29T11:48:28.295253+00:00,1,BOTH,641.0,1.0,547.3,15670,2.338526242375374,446.6256132289878,0.002
2026-07-29T11:48:28.311860+00:00,1,BOTH,637.0,-3.0,547.3,22879,0.0018105036020278926,0.3457807172981049,-0.055
2026-07-29T11:48:28.461875+00:00,1,BOTH,641.0,1.0,547.3,11902,1.5967552791535855,304.95779470244685,-0.014
2026-07-29T11:48:28.528577+00:00,1,BOTH,640.5,0.5,547.3,16194,0.7861829782277345,150.14988859158225,0.001
2026-07-29T11:48:28.545198+00:00,1,BOTH,641.0,1.0,547.3,16957,2.044115623831749,390.3973269410354,0.019
2026-07-29T11:48:28.628564+00:00,1,BOTH,643.5,3.5,547.3,17890,1.3967357361316681,266.7568759181426,0.077
2026-07-29T11:48:28.661968+00:00,1,BOTH,648.0,8.0,547.3,19794,0.8014275438711047,153.06138616449977,0.196
2026-07-29T11:48:28.679383+00:00,1,BOTH,645.0,5.0,547.3,24799,1.7664915271475912,337.3750301705882,0.212
2026-07-29T11:48:28.728747+00:00,1,BOTH,639.0,-1.0,547.3,9558,1.0313503882393706,196.97341481764943,0.108
2026-07-29T11:48:28.761979+00:00,1,BOTH,643.5,3.5,547.3,21447,1.2168644814193248,232.40399674900965,0.131
2026-07-29T11:48:28.828581+00:00,1,BOTH,638.0,-2.0,547.3,16898,0.6197031747549773,118.35458821439434,0.041
2026-07-29T11:48:28.861936+00:00,1,BOTH,640.5,0.5,547.3,18397,1.3035694620758296,248.96342826361354,0.034
2026-07-29T11:48:28.945191+00:00,1,BOTH,641.0,1.0,547.3,18363,2.214642251357436,422.96551378043966,0.039
2026-07-29T11:48:28.995301+00:00,1,BOTH,641.5,1.5,547.3,24061,0.2087755672633648,39.873196232134795,0.052
2026-07-29T11:48:29.011915+00:00,1,BOTH,642.5,2.5,547.3,22278,2.87350754648447,548.7995160418412,0.078
2026-07-29T11:48:29.045263+00:00,1,BOTH,640.5,0.5,547.3,14461,1.2801594230532647,244.4924401495151,0.056
2026-07-29T11:48:29.078540+00:00,1,BOTH,640.5,0.5,547.3,20117,1.5598543891310692,297.9102438405582,0.043
2026-07-29T11:48:29.195155+00:00,1,BOTH,640.5,0.5,547.3,20370,1.1946027776785195,228.15232451861385,0.035
2026-07-29T11:48:29.211956+00:00,1,BOTH,643.0,3.0,547.3,15002,1.1316280151903628,216.12503083058002,0.077
2026-07-29T11:48:29.262007+00:00,1,BOTH,646.0,6.0,547.3,20899,1.6973034527897835,324.16108132612254,0.159
2026-07-29T11:48:29.328568+00:00,1,BOTH,643.5,3.5,547.3,17817,1.1731310360133649,224.05152393125198,0.161
2026-07-29T11:48:29.378543+00:00,1,BOTH,646.0,6.0,547.3,20401,1.0530318219121546,201.1142636284606,0.209
2026-07-29T11:48:29.395307+00:00,1,BOTH,645.0,5.0,547.3,17141,0.9153226845897734,174.8137557319275,0.219
2026-07-29T11:48:29.245170+00:00,1,BOTH,642.5,2.5,547.3,19992,0.9153226845897734,174.8137557319275,0.178
2026-07-29T11:48:29.511945+00:00,1,BOTH,650.0,10.0,547.3,20581,1.2769063112139702,243.8711415539297,0.295
2026-07-29T11:48:29.528506+00:00,1,BOTH,649.5,9.5,547.3,18453,1.3558482813835144,258.9479472778048,0.355
2026-07-29T11:48:29.545289+00:00,1,BOTH,646.5,6.5,547.3,19323,1.1944615590572356,228.1253537486531,0.335
2026-07-29T11:48:29.578520+00:00,1,BOTH,646.0,6.0,547.3,20160,1.1944615590572356,228.1253537486531,0.313
2026-07-29T11:48:29.628462+00:00,1,BOTH,645.0,5.0,547.3,19629,1.1944615590572356,228.1253537486531,0.282
2026-07-29T11:48:29.478553+00:00,1,BOTH,645.5,5.5,547.3,14888,1.1944615590572356,228.1253537486531,0.272
2026-07-29T11:48:29.711754+00:00,1,BOTH,644.0,4.0,547.3,15760,0.8814468719437718,168.3439520912882,0.238
2026-07-29T11:48:29.761798+00:00,1,BOTH,646.0,6.0,547.3,21043,0.8943899960815906,170.81590671399127,0.255
2026-07-29T11:48:29.745261+00:00,1,BOTH,647.0,7.0,547.3,23463,1.2809054052829743,244.6349122606955,0.285
2026-07-29T11:48:29.678395+00:00,1,BOTH,644.0,4.0,547.3,21279,1.8765832539647818,358.40100119036236,0.246
2026-07-29T11:48:29.895281+00:00,1,BOTH,648.0,8.0,547.3,18803,1.0754609015583991,205.39790230210255,0.297
2026-07-29T11:48:29.961943+00:00,1,BOTH,647.0,7.0,547.3,16274,1.2780893355607987,244.0970825610447,0.31
2026-07-29T11:48:29.978487+00:00,1,BOTH,644.5,4.5,547.3,20107,0.6433485868945718,122.87052928254823,0.27
2026-07-29T11:48:30.011906+00:00,1,BOTH,650.0,10.0,547.3,17712,1.3506797217018902,257.9608250914096,0.35
2026-07-29T11:48:30.095369+00:00,1,BOTH,648.5,8.5,547.3,15812,0.8948977205529809,170.91287494521185,0.369
2026-07-29T11:48:30.145342+00:00,1,BOTH,647.5,7.5,547.3,18222,1.093677420169115,208.8770010814877,0.362
2026-07-29T11:48:30.161880+00:00,1,BOTH,649.0,9.0,547.3,17938,1.076673435345292,205.6294791971225,0.386
2026-07-29T11:48:30.178627+00:00,1,BOTH,645.5,5.5,547.3,20624,1.6304517248086632,311.3933417712065,0.335
2026-07-29T11:48:30.211779+00:00,1,BOTH,649.0,9.0,547.3,17392,1.1647410660237074,222.44915769575599,0.37
2026-07-29T11:48:30.261769+00:00,1,BOTH,646.5,6.5,547.3,18327,1.5985965579748154,305.3094530536578,0.344
2026-07-29T11:48:30.345188+00:00,1,BOTH,644.5,4.5,547.3,19492,0.91630375739187,175.00112683511153,0.291
2026-07-29T11:48:30.361892+00:00,1,BOTH,643.0,3.0,547.3,24308,1.2900230646133424,246.37625692292272,0.231
2026-07-29T11:48:30.445189+00:00,1,BOTH,645.0,5.0,547.3,18974,0.9421438909322023,179.9362288148298,0.232
2026-07-29T11:48:30.528603+00:00,1,BOTH,644.0,4.0,547.3,18538,0.7101091248169541,135.62085281913352,0.214
2026-07-29T11:48:30.545155+00:00,1,BOTH,642.5,2.5,547.3,21695,0.7101091248169541,135.62085281913352,0.175
2026-07-29T11:48:30.579222+00:00,1,BOTH,650.5,10.5,547.3,19171,0.8458545656502247,161.54632231209763,0.302
2026-07-29T11:48:30.595278+00:00,1,BOTH,649.5,9.5,547.3,20282,0.8458545656502247,161.54632231209763,0.359
2026-07-29T11:48:30.561867+00:00,1,BOTH,647.5,7.5,547.3,23002,1.1598616334795953,221.51725472510128,0.356
2026-07-29T11:48:30.628657+00:00,1,BOTH,650.5,10.5,547.3,21936,1.1672901207953692,222.93599129630235,0.411
2026-07-29T11:48:30.695269+00:00,1,BOTH,651.0,11.0,547.3,17393,1.0810054297745229,206.45682918935285,0.453
2026-07-29T11:48:30.761845+00:00,1,BOTH,649.0,9.0,547.3,18801,0.4136580760031939,79.00287305494948,0.44
2026-07-29T11:48:30.795293+00:00,1,BOTH,645.5,5.5,547.3,17803,1.6969709900720045,324.0975856242086,0.367
2026-07-29T11:48:30.845194+00:00,1,BOTH,653.5,13.5,547.3,21783,1.0378626985102892,198.21717446232722,0.474
2026-07-29T11:48:30.911996+00:00,1,BOTH,650.0,10.0,547.3,18340,1.059429432377219,202.33611722385035,0.472
2026-07-29T11:48:30.878628+00:00,1,BOTH,651.0,11.0,547.3,17354,1.083520795106888,206.93722858094634,0.489
2026-07-29T11:48:30.811895+00:00,1,BOTH,648.0,8.0,547.3,21478,1.2409155596792698,236.99741433912197,0.444
2026-07-29T11:48:31.062001+00:00,1,BOTH,648.5,8.5,547.3,18289,0.9110966011881828,174.0066332559894,0.425
2026-07-29T11:48:31.095231+00:00,1,BOTH,651.5,11.5,547.3,19914,1.8695872563123703,357.06486406047367,0.471
2026-07-29T11:48:31.078538+00:00,1,BOTH,651.5,11.5,547.3,16437,1.464976193010807,279.78984315553976,0.498
2026-07-29T11:48:31.161942+00:00,1,BOTH,648.5,8.5,547.3,12727,1.400797151774168,267.53254916868815,0.458
2026-07-29T11:48:31.261936+00:00,1,LEFT,564.27,-75.73,547.3,5320,1.2823431758768857,244.90950621715928,-1.145
2026-07-29T11:48:31.328411+00:00,1,BOTH,644.5,4.5,547.3,11745,0.9500217701494694,181.4407929170406,-0.603
2026-07-29T11:48:31.345219+00:00,1,BOTH,647.75,7.75,547.3,14088,0.9500217701494694,181.4407929170406,-0.216
2026-07-29T11:48:31.361975+00:00,1,BOTH,645.5,5.5,547.3,7250,0.9500217701494694,181.4407929170406,-0.027
2026-07-29T11:48:31.395198+00:00,1,BOTH,647.5,7.5,547.3,16572,0.9500217701494694,181.4407929170406,0.125
2026-07-29T11:48:31.495169+00:00,1,BOTH,648.5,8.5,547.3,13901,0.9500217701494694,181.4407929170406,0.234
2026-07-29T11:48:31.511924+00:00,1,BOTH,659.5,19.5,547.3,14208,0.9500217701494694,181.4407929170406,0.506
2026-07-29T11:48:31.595311+00:00,1,BOTH,664.5,24.5,547.3,18552,0.8149995754659176,155.65345326383638,0.763
2026-07-29T11:48:31.628532+00:00,1,LEFT,601.27,-38.73,547.3,12115,0.8697444839030504,166.10896060809583,-0.268
2026-07-29T11:48:31.645192+00:00,1,BOTH,653.5,13.5,547.3,22710,1.2642593209445476,241.4557443339933,0.092
2026-07-29T11:48:31.761926+00:00,1,BOTH,677.0,37.0,547.3,15887,0.5016950383782387,95.81669433908979,0.749
2026-07-29T11:48:31.778540+00:00,1,LEFT,624.27,-15.73,547.3,14716,1.1352777190506458,216.82207292280273,0.154
2026-07-29T11:48:31.828539+00:00,1,LEFT,614.27,-25.73,547.3,14631,1.0938136529922486,208.9030196341434,-0.39
2026-07-29T11:48:31.845290+00:00,1,LEFT,625.27,-14.73,547.3,14929,1.3184523065388203,251.80584217987692,-0.51
2026-07-29T11:48:31.861777+00:00,1,LEFT,621.27,-18.73,547.3,14833,0.8866272568702698,169.33333273309327,-0.657
2026-07-29T11:48:31.878537+00:00,1,BOTH,672.5,32.5,547.3,17260,1.140248884856701,217.77149565595843,0.215
2026-07-29T11:48:31.896020+00:00,1,BOTH,665.5,25.5,547.3,23320,1.8120933402329684,346.08433493037677,0.607
2026-07-29T11:48:31.995285+00:00,1,BOTH,683.0,43.0,547.3,16944,1.8120933402329684,346.08433493037677,1.171
2026-07-29T11:48:32.011764+00:00,1,BOTH,679.5,39.5,547.3,16398,1.8120933402329684,346.08433493037677,1.443
2026-07-29T11:48:32.061915+00:00,1,BOTH,699.5,59.5,547.3,13137,1.5295734845101834,292.12701705850833,1.981
2026-07-29T11:48:32.128576+00:00,1,BOTH,681.5,41.5,547.3,16588,1.5295734845101834,292.12701705850833,1.967
2026-07-29T11:48:32.145194+00:00,1,LEFT,646.27,6.27,547.3,14723,0.922056787610054,176.09987467148878,1.298
2026-07-29T11:48:32.161926+00:00,1,BOTH,690.5,50.5,547.3,15221,0.6759728914499283,129.10131248445276,1.726
2026-07-29T11:48:32.245259+00:00,1,BOTH,704.0,64.0,550.8,16406,0.9470164417475462,180.86681747210392,2.235
2026-07-29T11:48:32.295236+00:00,1,BOTH,685.5,45.5,550.8,15076,1.1587724314257501,221.30923245602696,2.194
2026-07-29T11:48:32.328563+00:00,1,BOTH,696.0,56.0,550.8,15207,1.229139706492424,234.74839204654884,2.367
2026-07-29T11:48:32.361928+00:00,1,BOTH,693.5,53.5,550.8,16951,1.3070835024490952,249.6345605383692,2.423
2026-07-29T11:48:32.411984+00:00,1,BOTH,688.5,48.5,554.6,20966,1.262710401341319,241.15992248042633,2.363
2026-07-29T11:48:32.495065+00:00,1,LEFT,684.55,44.55,554.6,15221,0.8199673093855381,156.60222055496382,2.253
2026-07-29T11:48:32.511874+00:00,1,BOTH,704.5,64.5,558.1,15493,0.9553272744268179,182.45406959464282,2.561
2026-07-29T11:48:32.561943+00:00,1,BOTH,700.0,60.0,558.1,14909,0.9661283326335252,184.51691975970772,2.662
2026-07-29T11:48:32.645263+00:00,1,BOTH,682.0,42.0,558.3,20458,0.8231647916138172,157.21289467745876,2.385
2026-07-29T11:48:32.678614+00:00,1,LEFT,686.31,46.31,558.3,14246,0.8231647916138172,157.21289467745876,2.299
2026-07-29T11:48:32.728621+00:00,1,BOTH,694.5,54.5,557.0,16010,1.6125442260503768,307.9732614362546,2.401
2026-07-29T11:48:32.811933+00:00,1,BOTH,682.5,42.5,553.3,23809,0.432669697701931,82.63382533840607,2.238
2026-07-29T11:48:32.828596+00:00,1,BOTH,696.0,56.0,551.4,17654,1.0815035551786423,206.55196413376717,2.393
2026-07-29T11:48:32.861898+00:00,1,BOTH,698.0,58.0,555.9,16508,-0.5562102282326669,-106.22832866580025,2.523
2026-07-29T11:48:32.895267+00:00,1,BOTH,691.0,51.0,553.5,22128,2.339830785393715,446.8747625928018,2.47
2026-07-29T11:48:32.911897+00:00,1,BOTH,696.0,56.0,550.8,17672,1.8430457270517946,351.9958053656271,2.532
2026-07-29T11:48:32.995270+00:00,1,BOTH,687.5,47.5,547.2,28923,2.459792890418321,469.785836990852,2.41
2026-07-29T11:48:33.028590+00:00,1,BOTH,711.0,71.0,549.7,14775,1.3078173046372832,249.7747064329713,2.777
2026-07-29T11:48:33.061917+00:00,1,BOTH,683.0,43.0,547.0,25425,0.9585893144458533,183.0770733469545,2.473
2026-07-29T11:48:33.078596+00:00,1,BOTH,700.5,60.5,546.3,20244,1.3359994348790496,255.1570968347754,2.618
2026-07-29T11:48:33.111853+00:00,1,BOTH,707.5,67.5,547.5,20536,1.2797236569225787,244.40921494903827,2.836
2026-07-29T11:48:33.161885+00:00,1,BOTH,682.0,42.0,542.4,25625,1.0042384576797485,191.79541749925576,2.489
2026-07-29T11:48:33.178583+00:00,1,BOTH,697.0,57.0,541.1,27494,1.080051163956523,206.27457784300287,2.562
2026-07-29T11:48:33.228863+00:00,1,BOTH,687.0,47.0,538.7,27631,1.8278073408827185,349.0854879853651,2.419
2026-07-29T11:48:33.278478+00:00,1,BOTH,685.0,45.0,536.8,26919,0.5140340309590101,98.17326833349458,2.295
2026-07-29T11:48:33.378588+00:00,1,BOTH,692.0,52.0,536.4,28620,0.45537326849997045,86.96988796041981,2.352
2026-07-29T11:48:33.395235+00:00,1,BOTH,687.5,47.5,535.4,26581,5.058384995236993,966.080371264609,2.302
2026-07-29T11:48:33.445173+00:00,1,BOTH,688.0,48.0,536.3,26656,0.32096541873179374,61.29987954326999,2.281
2026-07-29T11:48:33.461953+00:00,1,BOTH,688.0,48.0,535.1,25593,1.2018756187986583,229.54133485612437,2.269
2026-07-29T11:48:33.511943+00:00,1,BOTH,697.0,57.0,535.1,21482,1.6840416686981916,321.62826713524936,2.43
2026-07-29T11:48:33.495073+00:00,1,BOTH,707.0,67.0,536.2,16731,1.506462600082159,287.71316326337364,2.714
2026-07-29T11:48:33.411996+00:00,1,BOTH,679.5,39.5,533.7,19294,0.296375695168972,56.603588278126395,2.369
2026-07-29T11:48:33.595090+00:00,1,BOTH,688.5,48.5,532.9,25565,1.2383180098980666,236.50131887399507,2.331
2026-07-29T11:48:33.611938+00:00,1,BOTH,693.5,53.5,534.2,24028,0.7296793675422668,139.35849385982357,2.402
2026-07-29T11:48:33.678452+00:00,1,BOTH,652.5,12.5,536.3,28589,0.6028096157312394,115.12815610434325,1.675
2026-07-29T11:48:33.645149+00:00,1,BOTH,673.0,33.0,537.0,26713,1.8500017392635346,353.3243058388743,1.624
2026-07-29T11:48:33.628492+00:00,1,BOTH,663.5,23.5,538.1,27939,1.180344175696373,225.42913213416765,1.415
2026-07-29T11:48:33.828503+00:00,1,BOTH,647.0,7.0,535.5,20210,0.967108235694468,184.70406745878765,0.98
2026-07-29T11:48:33.895238+00:00,1,BOTH,654.5,14.5,532.5,15268,1.1202902910136618,213.95968501521867,0.86
2026-07-29T11:48:33.928594+00:00,1,RIGHT,627.52,-12.48,532.5,14259,1.03865251429379,198.3680181656186,0.282
2026-07-29T11:48:33.995141+00:00,1,RIGHT,645.52,5.52,532.5,23806,0.11169665854424238,21.332490400996512,0.273
2026-07-29T11:48:34.062039+00:00,1,RIGHT,671.52,31.52,532.5,23270,0.9767150717228651,186.53883798845888,0.754
2026-07-29T11:48:34.078473+00:00,1,RIGHT,618.52,-21.48,532.5,13854,0.9669136933609843,184.66691260997015,0.05
2026-07-29T11:48:34.095329+00:00,1,RIGHT,621.52,-18.48,532.5,18145,1.40139613032341,267.6469456449896,-0.317
2026-07-29T11:48:34.145301+00:00,1,RIGHT,622.52,-17.48,532.5,16359,1.40139613032341,267.6469456449896,-0.518
2026-07-29T11:48:34.211806+00:00,1,RIGHT,610.52,-29.48,532.5,20441,2.5051458532363178,478.4476148504685,-0.864
2026-07-29T11:48:34.245297+00:00,1,RIGHT,624.52,-15.48,532.5,16710,2.5051458532363178,478.4476148504685,-0.808
2026-07-29T11:48:34.362003+00:00,1,RIGHT,627.52,-12.48,532.5,19551,1.0805339504033327,206.36678326236395,-0.719
2026-07-29T11:48:34.395278+00:00,1,RIGHT,605.52,-34.48,532.5,18092,1.0805339504033327,206.36678326236395,-1.078
2026-07-29T11:48:34.411781+00:00,1,RIGHT,599.52,-40.48,532.5,19057,0.3877627870440483,74.05723716618029,-1.406
2026-07-29T11:48:34.511931+00:00,1,RIGHT,608.52,-31.48,532.5,19610,1.1683553246827796,223.13943025320083,-1.434
2026-07-29T11:48:34.578570+00:00,1,RIGHT,622.52,-17.48,532.5,22813,-0.01990121863782406,-3.8008527837147064,-1.188
2026-07-29T11:48:34.611970+00:00,1,RIGHT,686.52,46.52,532.5,24835,0.8788283168338239,167.8438449038801,0.159
2026-07-29T11:48:34.695346+00:00,1,RIGHT,632.52,-7.48,532.5,21066,0.9992364494502545,190.84010429712336,-0.045
2026-07-29T11:48:34.728517+00:00,1,RIGHT,601.52,-38.48,532.5,21485,0.7742553531005979,147.8718799935852,-0.748
2026-07-29T11:48:34.795353+00:00,1,RIGHT,623.52,-16.48,532.5,23659,0.6259139701165259,119.54076275318155,-0.758
2026-07-29T11:48:34.828737+00:00,1,RIGHT,624.52,-15.48,532.5,23616,1.8255525509640576,348.65485483193874,-0.745
2026-07-29T11:48:34.711860+00:00,1,RIGHT,619.52,-20.48,532.5,22421,1.414154530018568,270.0836204979014,-0.831
2026-07-29T11:48:34.945111+00:00,1,RIGHT,634.52,-5.48,532.5,22996,2.4239727200567724,462.94468838033083,-0.602
2026-07-29T11:48:34.961896+00:00,1,RIGHT,630.52,-9.48,532.5,23441,1.2945681551098824,247.24430526611195,-0.539
2026-07-29T11:48:35.061870+00:00,1,RIGHT,642.52,2.52,532.5,24021,0.7071825059503317,135.06190978813078,-0.276
2026-07-29T11:48:35.095161+00:00,1,RIGHT,640.52,0.52,532.5,24066,1.7340215282700955,331.1737171823381,-0.156
2026-07-29T11:48:35.111835+00:00,1,RIGHT,644.52,4.52,532.5,24495,0.5901435579732061,112.7091172623291,-0.009
2026-07-29T11:48:35.161817+00:00,1,RIGHT,627.52,-12.48,532.5,23952,2.0495978795737027,391.4443606617864,-0.239
2026-07-29T11:48:35.228810+00:00,1,RIGHT,631.52,-8.48,532.5,24235,1.347838715563994,257.4182328871689,-0.303
2026-07-29T11:48:35.245136+00:00,1,RIGHT,643.52,3.52,532.5,24281,1.0274352329224348,196.225675231654,-0.116
2026-07-29T11:48:35.278661+00:00,1,RIGHT,625.52,-14.48,532.5,23990,0.8766423569910694,167.42635732663038,-0.341
2026-07-29T11:48:35.311897+00:00,1,RIGHT,650.52,10.52,532.5,24524,0.002696508318185806,0.5149951535132212,-0.007
2026-07-29T11:48:35.329075+00:00,1,RIGHT,640.52,0.52,532.5,24214,0.002696508318185806,0.5149951535132212,0.005
2026-07-29T11:48:35.345225+00:00,1,RIGHT,626.52,-13.48,532.5,23978,1.1588840856961906,221.33055685089644,-0.25
2026-07-29T11:48:35.361863+00:00,1,RIGHT,627.52,-12.48,532.5,23809,1.1200346076488494,213.91085308956715,-0.384
2026-07-29T11:48:35.445258+00:00,1,RIGHT,636.52,-3.48,532.5,24062,1.5816483971476556,302.0725927673071,-0.296
2026-07-29T11:48:35.495211+00:00,1,RIGHT,627.52,-12.48,532.5,24098,1.9370451200008392,369.9483670082006,-0.411
2026-07-29T11:48:35.511936+00:00,1,RIGHT,619.52,-20.48,532.5,23547,1.5096816983108874,288.32796573785424,-0.631
2026-07-29T11:48:35.578610+00:00,1,RIGHT,627.52,-12.48,532.5,23772,1.1180718759447337,213.5359989463593,-0.613
2026-07-29T11:48:35.628465+00:00,1,RIGHT,601.52,-38.48,532.5,22340,0.5498528653383254,105.01416179020414,-1.089
2026-07-29T11:48:35.645282+00:00,1,RIGHT,620.52,-19.48,532.5,22068,0.5498528653383254,105.01416179020414,-1.019
2026-07-29T11:48:35.661962+00:00,1,RIGHT,596.52,-43.48,532.5,22378,1.2037441009283065,229.89818865653922,-1.427
2026-07-29T11:48:35.695292+00:00,1,RIGHT,626.52,-13.48,532.5,22828,0.6496538855135441,124.07475261400415,-1.109
2026-07-29T11:48:35.711954+00:00,1,RIGHT,578.52,-61.48,532.5,15599,1.2017213687533512,229.51187526750505,-1.818
2026-07-29T11:48:35.778482+00:00,1,RIGHT,593.52,-46.48,532.5,21074,1.0031884593330325,191.59488258671394,-1.962
2026-07-29T11:48:35.812641+00:00,1,RIGHT,597.52,-42.48,532.5,22218,1.374648053124547,262.5384391997064,-1.974
2026-07-29T11:48:35.861965+00:00,1,RIGHT,616.02,-23.98,532.5,21212,0.9953846422210336,190.10446330468224,-1.634
2026-07-29T11:48:35.895176+00:00,1,RIGHT,616.52,-23.48,532.5,20832,0.009766406267881392,1.8652462005323915,-1.421
2026-07-29T11:48:35.911911+00:00,1,RIGHT,621.52,-18.48,532.5,18955,1.7132944237440824,327.2151318127813,-1.199
2026-07-29T11:48:35.928457+00:00,1,RIGHT,587.52,-52.48,532.5,19274,0.8279477733746171,158.1263769053984,-1.704
2026-07-29T11:48:35.945222+00:00,1,RIGHT,620.52,-19.48,532.5,22123,1.0898368170857429,208.14349992328053,-1.387
2026-07-29T11:48:35.978484+00:00,1,RIGHT,590.52,-49.48,532.5,19653,0.35563120439648627,67.92055691690997,-1.76
2026-07-29T11:48:36.045090+00:00,1,RIGHT,615.52,-24.48,532.5,21286,0.7779433730989694,148.5762399291403,-1.515
2026-07-29T11:48:36.095203+00:00,1,RIGHT,657.52,17.52,532.5,7904,2.2944291949272158,438.2036975364291,-0.581
2026-07-29T11:48:36.128594+00:00,1,RIGHT,658.52,18.52,532.5,16654,1.0329597202129661,197.28077458405772,-0.001
2026-07-29T11:48:36.211956+00:00,1,RIGHT,609.52,-30.48,532.5,17768,1.395157569553703,266.4554683038559,-0.572
2026-07-29T11:48:36.228565+00:00,1,RIGHT,666.52,26.52,532.5,12409,0.9417363826930523,179.85840047409613,0.154
2026-07-29T11:48:36.245246+00:00,1,RIGHT,597.52,-42.48,532.5,19363,0.7538484542071819,143.97444939510876,-0.704
2026-07-29T11:48:36.278483+00:00,1,RIGHT,647.52,7.52,532.5,17877,1.2720037503540516,242.93482140033183,-0.282
2026-07-29T11:48:36.362010+00:00,1,RIGHT,649.52,9.52,532.5,20815,1.3446525841206312,256.8097266049069,0.009
2026-07-29T11:48:36.395292+00:00,1,RIGHT,639.52,-0.48,532.5,13336,0.002774183973670006,0.5298301109470774,-0.003
2026-07-29T11:48:36.428438+00:00,1,RIGHT,581.52,-58.48,532.5,16376,1.059021312519908,202.25817207265231,-1.099
2026-07-29T11:48:36.461958+00:00,1,RIGHT,587.52,-52.48,532.5,17670,1.4373520529270172,274.51402102394206,-1.643
2026-07-29T11:48:36.478578+00:00,1,RIGHT,657.52,17.52,532.5,16844,0.8311708809342235,158.74194510567224,-0.658
2026-07-29T11:48:36.511924+00:00,1,RIGHT,592.52,-47.48,532.5,20368,0.9717816121131182,185.59661660833635,-1.285
2026-07-29T11:48:36.545315+00:00,1,RIGHT,653.52,13.52,532.5,20684,0.6820994178205728,130.27139283149785,-0.517
2026-07-29T11:48:36.611793+00:00,1,RIGHT,646.52,6.52,532.5,21331,0.6820994178205728,130.27139283149785,-0.188
2026-07-29T11:48:36.661914+00:00,1,RIGHT,643.52,3.52,532.5,22080,0.14700844325125217,28.0765445036174,-0.047
2026-07-29T11:48:36.528548+00:00,1,RIGHT,652.52,12.52,532.5,21384,2.244230299927294,428.61641480404285,0.206
2026-07-29T11:48:36.678528+00:00,1,RIGHT,590.52,-49.48,532.5,21295,0.7848826494812965,149.90154409441413,-0.804
2026-07-29T11:48:36.711948+00:00,1,RIGHT,641.52,1.52,532.5,22170,1.2965952675044536,247.63145521547057,-0.454
2026-07-29T11:48:36.745311+00:00,1,RIGHT,595.52,-44.48,532.5,17737,1.1254308780096471,214.94146481218462,-1.106
2026-07-29T11:48:36.861902+00:00,1,RIGHT,642.52,2.52,532.5,21995,0.958092941083014,182.98227301777646,-0.617
2026-07-29T11:48:36.829422+00:00,1,RIGHT,595.52,-44.48,532.5,20381,0.9366520930174738,178.88737267332084,-1.204
2026-07-29T11:48:36.928431+00:00,1,RIGHT,586.52,-53.48,532.5,20470,1.0321830412000417,197.1324398191345,-1.725
2026-07-29T11:48:36.978552+00:00,1,RIGHT,591.52,-48.48,532.5,20998,0.7043827588856221,134.52719748642411,-1.944
2026-07-29T11:48:37.028950+00:00,1,RIGHT,597.52,-42.48,532.5,21841,4.3376724490523335,828.4344141362477,-1.963
2026-07-29T11:48:36.961904+00:00,1,RIGHT,643.52,3.52,532.5,22069,0.18945516988635064,36.183272138073,-1.112
2026-07-29T11:48:37.095270+00:00,1,RIGHT,635.52,-4.48,532.5,22444,0.7109380395710468,135.77916387575232,-0.751
2026-07-29T11:48:37.145373+00:00,1,RIGHT,648.52,8.52,532.5,22426,0.7145121094584465,136.46176094319497,-0.291
2026-07-29T11:48:37.128518+00:00,1,RIGHT,648.52,8.52,532.5,22669,0.5589751036465168,106.75638097277722,-0.015
2026-07-29T11:48:37.278661+00:00,1,RIGHT,643.52,3.52,532.5,22525,1.618991982685402,309.2046922446359,0.057
2026-07-29T11:48:37.261792+00:00,1,RIGHT,593.52,-46.48,532.5,21709,0.9298853504657746,177.595020042441,-0.837
2026-07-29T11:48:37.111870+00:00,1,RIGHT,643.52,3.52,532.5,22376,1.4956274157762528,285.64379549345756,-0.437
2026-07-29T11:48:37.395096+00:00,1,RIGHT,649.52,9.52,532.5,22516,1.2783139266073704,244.13997629132797,-0.083
2026-07-29T11:48:37.495161+00:00,1,RIGHT,603.52,-36.48,532.5,21188,0.42280269488692285,80.74936661259383,-0.734
2026-07-29T11:48:37.511877+00:00,1,RIGHT,648.52,8.52,532.5,22507,1.9391263460367918,370.34585190177665,-0.281
2026-07-29T11:48:37.378614+00:00,1,RIGHT,648.52,8.52,532.5,21695,1.9391263460367918,370.34585190177665,-0.009
2026-07-29T11:48:37.578620+00:00,1,RIGHT,597.52,-42.48,532.5,20444,1.2933905681222677,247.01940271811242,-0.802
2026-07-29T11:48:37.561917+00:00,1,RIGHT,606.52,-33.48,532.5,21462,1.243092175386846,237.41311731800863,-1.109
2026-07-29T11:48:37.695232+00:00,1,RIGHT,641.52,1.52,532.5,22206,1.2393796895816922,236.70408475755016,-0.637
2026-07-29T11:48:37.711884+00:00,1,RIGHT,635.52,-4.48,532.5,21776,1.4717525120824575,281.0840247670051,-0.466
2026-07-29T11:48:37.728624+00:00,1,RIGHT,627.52,-12.48,532.5,21611,0.978423459159676,186.86511595480033,-0.514
2026-07-29T11:48:37.628670+00:00,1,RIGHT,596.52,-43.48,532.5,20954,1.3432687605917453,256.54543577892,-1.124
2026-07-29T11:48:37.545254+00:00,1,RIGHT,642.52,2.52,532.5,21880,1.4617031499557198,279.16473797813615,-0.627
2026-07-29T11:48:37.845195+00:00,1,RIGHT,631.52,-8.48,532.5,22086,1.7499404987692833,334.21401659499384,-0.535
2026-07-29T11:48:37.911885+00:00,1,RIGHT,587.52,-52.48,532.5,21181,1.5501501029729843,296.0568617070732,-1.305
2026-07-29T11:48:37.995310+00:00,1,RIGHT,634.52,-5.48,532.5,22464,1.3533790466934443,258.47635818991046,-0.886
2026-07-29T11:48:38.045134+00:00,1,RIGHT,645.52,5.52,532.5,22223,1.0518190214782954,200.8826358076214,-0.428
2026-07-29T11:48:38.178512+00:00,1,RIGHT,636.52,-3.48,532.5,22087,1.2310381539911033,235.11096881088713,-0.322
2026-07-29T11:48:38.245187+00:00,1,RIGHT,627.52,-12.48,532.5,21932,1.2708462607394904,242.7137571678499,-0.427
2026-07-29T11:48:38.295264+00:00,1,RIGHT,632.52,-7.48,532.5,21847,1.1617065301537515,221.86960403532422,-0.397
2026-07-29T11:48:38.328484+00:00,1,RIGHT,635.52,-4.48,532.5,22017,1.038845108114183,198.404800875848,-0.322
2026-07-29T11:48:38.361935+00:00,1,RIGHT,630.52,-9.48,532.5,22102,0.6357870840467512,121.42638861602732,-0.371
2026-07-29T11:48:38.395082+00:00,1,RIGHT,626.52,-13.48,532.5,21836,0.992313380241394,189.51789547397445,-0.475
2026-07-29T11:48:38.428624+00:00,1,RIGHT,632.52,-7.48,532.5,22550,1.2925691569852642,246.86252474679463,-0.426
2026-07-29T11:48:38.478600+00:00,1,RIGHT,626.52,-13.48,532.5,22042,-0.005910530760884285,-1.1288282242697223,-0.508
2026-07-29T11:48:38.511934+00:00,1,RIGHT,587.52,-52.48,532.5,21358,1.1897703763097525,227.22940384080187,-1.289
2026-07-29T11:48:38.545222+00:00,1,RIGHT,590.52,-49.48,532.5,21260,0.9487303927540779,181.19415800199215,-1.701
2026-07-29T11:48:38.611942+00:00,1,RIGHT,616.52,-23.48,532.5,22514,0.9285352049767971,177.33716124828422,-1.461
2026-07-29T11:48:38.461958+00:00,1,RIGHT,622.52,-17.48,532.5,21947,0.9187964087724686,175.47718818146407,-1.204
2026-07-29T11:48:38.411993+00:00,1,RIGHT,616.52,-23.48,532.5,21715,1.7540235204994679,334.9938163043265,-1.163
2026-07-29T11:48:38.628575+00:00,1,RIGHT,624.52,-15.48,532.5,21996,1.7540235204994679,334.9938163043265,-0.988
2026-07-29T11:48:38.778611+00:00,1,RIGHT,610.52,-29.48,532.5,21559,1.7551355603337289,335.20620026817176,-1.146
2026-07-29T11:48:38.695249+00:00,1,RIGHT,620.52,-19.48,532.5,22012,1.1138994888216258,212.7391317041966,-1.053
2026-07-29T11:48:38.678521+00:00,1,RIGHT,621.52,-18.48,532.5,22134,0.763596977069974,145.83628011685803,-0.978
2026-07-29T11:48:38.662157+00:00,1,RIGHT,619.52,-20.48,532.5,22281,1.236108982153237,236.07942565197493,-0.971
2026-07-29T11:48:38.961716+00:00,1,RIGHT,590.52,-49.48,532.5,21044,0.7945205029845238,151.74223852541513,-1.51
2026-07-29T11:48:38.995295+00:00,1,RIGHT,591.52,-48.48,532.5,21787,1.1933201481029392,227.9073603140825,-1.815
2026-07-29T11:48:38.978633+00:00,1,RIGHT,594.52,-45.48,532.5,21236,0.47186102870851754,90.11881820566477,-1.942
2026-07-29T11:48:39.061801+00:00,1,RIGHT,577.52,-62.48,532.5,20164,1.034327079989016,197.54192106486977,-2.337
2026-07-29T11:48:39.078527+00:00,1,RIGHT,586.52,-53.48,532.5,21065,1.4839096536673606,283.4058677795315,-2.405
2026-07-29T11:48:39.045396+00:00,1,RIGHT,590.52,-49.48,532.5,21259,0.906325089558959,173.09534166181567,-2.371
2026-07-29T11:48:39.245288+00:00,1,RIGHT,591.52,-48.48,532.5,20977,1.0206431655585766,194.92848591792858,-2.332
2026-07-29T11:48:39.211945+00:00,1,RIGHT,582.52,-57.48,532.5,20035,1.1139394131302833,212.74675668548346,-2.477
2026-07-29T11:48:39.195323+00:00,1,RIGHT,590.52,-49.48,532.5,21100,0.652366523751989,124.59282835536649,-2.414
2026-07-29T11:48:39.178555+00:00,1,RIGHT,583.52,-56.48,532.5,20841,1.0001006342098118,191.00515142859723,-2.507
2026-07-29T11:48:39.328570+00:00,1,RIGHT,583.52,-56.48,532.5,21250,0.6272921768575906,119.80398085171319,-2.564
2026-07-29T11:48:39.378540+00:00,1,RIGHT,584.52,-55.48,532.5,21277,0.6058340522646904,115.70578093358299,-2.578
2026-07-29T11:48:39.411933+00:00,1,RIGHT,585.52,-54.48,532.5,21454,1.62923006542027,311.1600220146816,-2.569
2026-07-29T11:48:39.395403+00:00,1,RIGHT,586.52,-53.48,532.5,21419,0.7432809663563966,141.95620788208956,-2.544
2026-07-29T11:48:39.361903+00:00,1,RIGHT,581.52,-58.48,532.5,21081,1.0574175952188671,201.95188462971313,-2.623
2026-07-29T11:48:39.311922+00:00,1,RIGHT,588.52,-51.48,532.5,21329,1.5343571685627102,293.04063341428775,-2.539
2026-07-29T11:48:39.545141+00:00,1,RIGHT,592.52,-47.48,532.5,21646,0.8041869986616075,153.58840320867628,-2.414
2026-07-29T11:48:39.661895+00:00,1,RIGHT,604.52,-35.48,532.5,21768,1.3289726747572421,253.81508450600737,-2.114
2026-07-29T11:48:39.728648+00:00,1,RIGHT,610.52,-29.48,532.5,21265,0.6349286557361483,121.26244088532036,-1.821
2026-07-29T11:48:39.745123+00:00,1,RIGHT,610.52,-29.48,532.5,21434,1.6124845203012228,307.96185847812393,-1.645
2026-07-29T11:48:39.761934+00:00,1,RIGHT,606.52,-33.48,532.5,21187,0.7586596309021115,144.89331645881265,-1.615
2026-07-29T11:48:39.645130+00:00,1,RIGHT,601.52,-38.48,532.5,21678,1.5759925025701522,300.99239647176756,-1.691
2026-07-29T11:48:39.628654+00:00,1,RIGHT,603.52,-36.48,532.5,21629,0.74894376963377,143.03772364211068,-1.698
2026-07-29T11:48:39.778652+00:00,1,RIGHT,613.52,-26.48,532.5,21793,1.2766889248788358,243.82962382217298,-1.516
2026-07-29T11:48:39.811794+00:00,1,RIGHT,632.52,-7.48,532.5,21552,1.0900200606510042,208.17849686632186,-1.05
2026-07-29T11:48:39.878655+00:00,1,RIGHT,638.52,-1.48,532.5,21009,1.5535599333979189,296.7080913477534,-0.658
2026-07-29T11:48:39.861920+00:00,1,RIGHT,626.52,-13.48,532.5,23789,1.5535599333979189,296.7080913477534,-0.647
2026-07-29T11:48:39.845280+00:00,1,RIGHT,646.52,6.52,532.5,21516,1.0870106438919902,207.60374060269706,-0.266
2026-07-29T11:48:39.961874+00:00,1,RIGHT,646.52,6.52,532.5,22616,0.7939633464813233,151.63582947154293,-0.038
2026-07-29T11:48:40.061863+00:00,1,RIGHT,654.52,14.52,532.5,21528,1.1050816839933395,211.05505503342698,0.25
2026-07-29T11:48:40.095277+00:00,1,RIGHT,660.52,20.52,532.5,21845,1.5725322268903255,300.3315324970814,0.534
2026-07-29T11:48:40.145239+00:00,1,RIGHT,658.52,18.52,532.5,21727,0.7560629698634148,144.3973907310014,0.668
2026-07-29T11:48:40.128613+00:00,1,RIGHT,650.52,10.52,532.5,21432,1.6236206781864166,310.0887079675004,0.598
2026-07-29T11:48:40.278604+00:00,1,RIGHT,671.52,31.52,532.5,21831,0.800922663398087,152.96496109695815,0.95
2026-07-29T11:48:40.362015+00:00,1,RIGHT,635.52,-4.48,532.5,22002,1.2931357511878014,246.97073626846785,0.486
2026-07-29T11:48:40.395227+00:00,1,RIGHT,659.52,19.52,532.5,21132,0.955728231370449,182.53064673009794,0.657
2026-07-29T11:48:40.445258+00:00,1,RIGHT,660.52,20.52,532.5,21436,1.2910550650954247,246.57335449651868,0.779
2026-07-29T11:48:40.478591+00:00,1,RIGHT,633.52,-6.48,532.5,21600,1.1224288260936737,214.36811512996982,0.346
2026-07-29T11:48:40.495205+00:00,1,RIGHT,644.52,4.52,532.5,21400,1.1224288260936737,214.36811512996982,0.292
2026-07-29T11:48:40.512043+00:00,1,RIGHT,671.52,31.52,532.5,21899,1.0847100533545018,207.164360175411,0.766
2026-07-29T11:48:40.595116+00:00,1,RIGHT,627.52,-12.48,532.5,20337,1.327539028385654,253.5412782179866,0.226
2026-07-29T11:48:40.628479+00:00,1,RIGHT,644.52,4.52,532.5,22321,0.9871856090240181,188.53856331042675,0.22
2026-07-29T11:48:40.645211+00:00,1,RIGHT,660.52,20.52,532.5,21674,1.5264727923646568,291.53482848014824,0.517
2026-07-29T11:48:40.745227+00:00,1,RIGHT,647.52,7.52,532.5,21098,0.7981679563224315,152.4388507995252,0.451
2026-07-29T11:48:40.762005+00:00,1,RIGHT,639.52,-0.48,532.5,21738,0.7894257900118827,150.76922002153884,0.261
2026-07-29T11:48:40.778567+00:00,1,RIGHT,626.52,-13.48,532.5,20688,1.6982740050554275,324.3464431548501,-0.096
2026-07-29T11:48:40.695227+00:00,1,RIGHT,648.52,8.52,532.5,21007,0.9996003215759992,190.90959875408214,0.102
2026-07-29T11:48:40.895174+00:00,1,RIGHT,634.52,-5.48,532.5,20913,1.3337526175985113,254.72798634306903,-0.042
2026-07-29T11:48:40.945203+00:00,1,RIGHT,644.52,4.52,532.5,22004,1.1850544925406574,226.3287363853239,0.06
2026-07-29T11:48:40.978661+00:00,1,RIGHT,642.52,2.52,532.5,22010,0.9606947577372194,183.47918339561917,0.083
2026-07-29T11:48:41.078628+00:00,1,RIGHT,642.52,2.52,532.5,21979,1.518813955783844,290.07209843994497,0.097
2026-07-29T11:48:41.145279+00:00,1,RIGHT,647.52,7.52,532.5,22183,1.518813955783844,290.07209843994497,0.199
2026-07-29T11:48:41.161862+00:00,1,RIGHT,635.52,-4.48,532.5,21979,1.2734478806704284,243.2106299743161,0.035
2026-07-29T11:48:41.212042+00:00,1,RIGHT,635.52,-4.48,532.5,21441,0.8539933580160141,163.1007171550744,-0.063
2026-07-29T11:48:41.011951+00:00,1,RIGHT,640.52,0.52,532.5,21827,0.7334347308427095,140.0757154186692,-0.028
2026-07-29T11:48:41.295299+00:00,1,RIGHT,632.02,-7.98,532.5,21742,1.4453132236003876,276.03449262250024,-0.167
2026-07-29T11:48:41.311813+00:00,1,RIGHT,640.52,0.52,532.5,21682,1.1435924623906613,218.4100719265274,-0.09
2026-07-29T11:48:41.245290+00:00,1,RIGHT,630.52,-9.48,532.5,21715,1.1435924623906613,218.4100719265274,-0.232
2026-07-29T11:48:41.361803+00:00,1,RIGHT,635.52,-4.48,532.5,21349,1.204896587729454,230.11829742204014,-0.223
2026-07-29T11:48:41.412245+00:00,1,RIGHT,635.52,-4.48,532.5,21583,1.2635309368371963,241.31663321660784,-0.218
2026-07-29T11:48:41.478546+00:00,1,BOTH,600.0,-40.0,539.2,22430,1.5762872034311295,301.0486801902771,-0.881
2026-07-29T11:48:41.495368+00:00,1,BOTH,665.0,25.0,528.9,29738,1.5151630967110394,289.3748357183825,-0.06
2026-07-29T11:48:41.595339+00:00,1,BOTH,715.5,75.5,511.5,51351,1.20482889264822,230.10536861387848,1.38
2026-07-29T11:48:41.695334+00:00,1,BOTH,754.5,114.5,492.1,58616,1.5594102980010212,297.8254286823217,2.975
2026-07-29T11:48:41.728633+00:00,1,BOTH,799.5,159.5,463.4,64704,1.0788358674943448,206.0424733158696,4.775
2026-07-29T11:48:41.762052+00:00,1,BOTH,839.0,199.0,435.1,73216,1.101991009991616,210.4647797795951,6.597
2026-07-29T11:48:41.795230+00:00,1,BOTH,809.5,169.5,417.6,65596,1.6135214505158364,308.15989756128045,7.136
2026-07-29T11:48:41.861944+00:00,1,BOTH,842.0,202.0,397.7,71775,2.190665040612221,418.3862038464511,8.069
2026-07-29T11:48:41.879738+00:00,1,BOTH,836.0,196.0,383.3,68166,1.0784800887107848,205.97452457340864,8.516
2026-07-29T11:48:41.911870+00:00,1,BOTH,847.0,207.0,366.5,65198,1.720275510698557,328.548421209132,8.991
2026-07-29T11:48:41.978638+00:00,1,BOTH,838.5,198.5,355.5,61817,0.9215219904482365,175.99773593726303,9.117
2026-07-29T11:48:41.995173+00:00,1,BOTH,823.5,183.5,351.1,59566,1.169844430088997,223.42382843662205,8.911
2026-07-29T11:48:42.011949+00:00,1,BOTH,831.5,191.5,346.2,60874,1.199790678024292,229.14314049977125,8.937
2026-07-29T11:48:42.028702+00:00,1,BOTH,804.0,164.0,344.7,56594,1.0109460394084453,193.0764712452337,8.437
2026-07-29T11:48:42.078586+00:00,1,BOTH,828.5,188.5,338.1,57245,0.8573077775002457,163.73372464834904,8.597
2026-07-29T11:48:42.195277+00:00,1,BOTH,803.5,163.5,337.4,50033,1.0894066209346056,208.06133851053738,8.224
2026-07-29T11:48:42.228643+00:00,1,BOTH,727.5,87.5,344.0,44829,0.9853709276765585,188.19198470252496,6.575
2026-07-29T11:48:42.246750+00:00,1,BOTH,738.5,98.5,345.3,45024,0.15183888733386994,28.999091367310534,5.792
2026-07-29T11:48:42.328637+00:00,1,RIGHT,746.71,106.71,345.3,21815,1.0323502773232758,197.164379565946,5.476
2026-07-29T11:48:42.378617+00:00,1,RIGHT,710.71,70.71,345.3,21542,0.6603238713741303,126.11256980492367,4.611
2026-07-29T11:48:42.295265+00:00,1,RIGHT,762.71,122.71,345.3,22118,-0.009060255959630012,-1.7303814259835044,5.067
2026-07-29T11:48:42.395247+00:00,1,RIGHT,710.71,70.71,345.3,21888,-0.009060255959630012,-1.7303814259835044,4.366
2026-07-29T11:48:42.445289+00:00,1,RIGHT,690.71,50.71,345.3,21447,2.9126447536051274,556.2741720083179,3.57
2026-07-29T11:48:42.578667+00:00,1,RIGHT,639.71,-0.29,345.3,21082,1.7701699796691537,338.07756285267084,2.137
2026-07-29T11:48:42.628618+00:00,1,RIGHT,621.71,-18.29,345.3,20633,1.1077719485759736,211.5688577212885,0.939
2026-07-29T11:48:42.645269+00:00,1,RIGHT,612.71,-27.29,345.3,20708,0.2595370166748762,49.56791894295626,0.052
2026-07-29T11:48:42.678628+00:00,1,RIGHT,641.71,1.71,345.3,21283,0.2187505429238081,41.778276252431866,0.063
2026-07-29T11:48:42.761992+00:00,1,RIGHT,609.71,-30.29,345.3,20650,0.0020833054929971697,0.397882040617197,-0.53
2026-07-29T11:48:42.778483+00:00,1,RIGHT,592.71,-47.29,345.3,20626,1.829716664403677,349.45014191695174,-1.205
2026-07-29T11:48:42.745104+00:00,1,RIGHT,611.71,-28.29,345.3,20854,0.9060531357303262,173.04340230647207,-1.253
2026-07-29T11:48:42.878505+00:00,1,RIGHT,580.71,-59.29,345.3,20648,0.9060531357303262,173.04340230647207,-1.864
2026-07-29T11:48:42.912365+00:00,1,RIGHT,588.71,-51.29,345.3,20195,0.9060531357303262,173.04340230647207,-2.08
2026-07-29T11:48:42.995187+00:00,1,RIGHT,601.71,-38.29,345.3,20185,0.9060531357303262,173.04340230647207,-1.966
2026-07-29T11:48:43.078599+00:00,1,RIGHT,625.71,-14.29,345.3,19985,0.9060531357303262,173.04340230647207,-1.448
2026-07-29T11:48:43.095303+00:00,1,RIGHT,592.71,-47.29,345.3,18801,0.9060531357303262,173.04340230647207,-1.755
2026-07-29T11:48:43.195264+00:00,1,RIGHT,622.71,-17.29,345.3,19881,0.005025691241025924,0.9598363241555014,-1.377
2026-07-29T11:48:43.261955+00:00,1,RIGHT,654.71,14.71,345.3,19861,5.0621659761667255,966.8024854302529,-0.551
2026-07-29T11:48:43.295278+00:00,1,RIGHT,641.71,1.71,345.3,19838,0.8172551529109477,156.08423682372015,-0.298
2026-07-29T11:48:43.378704+00:00,1,RIGHT,645.71,5.71,345.3,19641,2.10074490621686,401.21272319944,-0.072
2026-07-29T11:48:43.462054+00:00,1,RIGHT,664.71,24.71,345.3,19942,2.710669075548649,517.6996589518869,0.42
2026-07-29T11:48:43.545322+00:00,1,RIGHT,661.71,21.71,345.3,19592,2.710669075548649,517.6996589518869,0.659
2026-07-29T11:48:43.561805+00:00,1,RIGHT,666.71,26.71,345.3,19765,2.3157622438669203,442.2780097643995,0.896
2026-07-29T11:48:43.611870+00:00,1,RIGHT,667.71,27.71,345.3,19910,1.7988924727961422,343.56315496357064,1.057
2026-07-29T11:48:43.578566+00:00,1,RIGHT,670.71,30.71,345.3,19926,1.6956251367926598,323.8405465817076,1.21
2026-07-29T11:48:43.678507+00:00,1,RIGHT,665.71,25.71,345.3,19940,0.6439410886541009,122.98368878313187,1.208
2026-07-29T11:48:43.695315+00:00,1,RIGHT,662.71,22.71,345.3,19716,0.6439410886541009,122.98368878313187,1.151
2026-07-29T11:48:43.745418+00:00,1,RIGHT,666.71,26.71,345.3,19921,1.535466732531786,293.25254452271383,1.191
2026-07-29T11:48:43.828480+00:00,1,RIGHT,672.71,32.71,345.3,19979,1.319600423052907,252.02511628203172,1.328
2026-07-29T11:48:43.845312+00:00,1,RIGHT,677.71,37.71,345.3,19633,1.26824282258749,242.21653710674002,1.504
2026-07-29T11:48:43.895278+00:00,1,RIGHT,678.71,38.71,345.3,19559,1.97721015997231,377.61932458933234,1.628
2026-07-29T11:48:43.795347+00:00,1,RIGHT,679.71,39.71,345.3,19832,1.6114872132241727,307.7713868568123,1.721
2026-07-29T11:48:44.045304+00:00,1,RIGHT,697.71,57.71,345.3,19701,1.5772909480333328,301.2403812883281,2.115
2026-07-29T11:48:44.012063+00:00,1,RIGHT,690.71,50.71,345.3,19908,1.0664698201417924,203.680732240669,2.22
2026-07-29T11:48:44.078671+00:00,1,RIGHT,707.71,67.71,345.3,19863,0.8248043766058981,157.5260323447895,2.601
2026-07-29T11:48:44.145283+00:00,1,RIGHT,683.71,43.71,345.3,19682,0.6940019451826811,132.54460810945713,2.38
2026-07-29T11:48:44.178564+00:00,1,RIGHT,677.71,37.71,345.3,19750,1.2089224815368653,230.88718650181522,2.135
2026-07-29T11:48:44.278647+00:00,1,RIGHT,660.71,20.71,345.3,19426,1.0292590832244606,196.57400498088649,1.669
2026-07-29T11:48:44.328655+00:00,1,RIGHT,645.71,5.71,345.3,19406,0.8998155726492405,171.85211550982933,1.109
2026-07-29T11:48:44.345152+00:00,1,RIGHT,642.71,2.71,345.3,19322,1.0892393722152338,208.02939635804083,0.716
2026-07-29T11:48:44.361914+00:00,1,RIGHT,643.71,3.71,345.3,19412,1.4239876465499401,271.96160742026126,0.499
2026-07-29T11:48:44.411809+00:00,1,RIGHT,641.71,1.71,345.3,19064,-0.0164730204641819,-3.146115161434197,0.331
2026-07-29T11:48:44.428628+00:00,1,RIGHT,637.71,-2.29,345.3,19043,1.3198232826031744,252.06767932088007,0.156
2026-07-29T11:48:44.461939+00:00,1,RIGHT,621.71,-18.29,345.3,19057,1.0109724005963654,193.08150586126962,-0.25
2026-07-29T11:48:44.528685+00:00,1,RIGHT,604.71,-35.29,345.3,19035,1.212335723787546,231.53906775321437,-0.811
2026-07-29T11:48:44.545162+00:00,1,RIGHT,602.71,-37.29,345.3,19075,2.0449002236127853,390.5471744612363,-1.186
2026-07-29T11:48:44.578639+00:00,1,BOTH,501.5,-138.5,364.1,22728,0.03487004578113556,6.659688182290099,-3.309
2026-07-29T11:48:44.445160+00:00,1,RIGHT,610.87,-29.13,364.1,19257,2.353019637465477,449.3936477939163,-2.531
2026-07-29T11:48:44.661963+00:00,1,BOTH,559.0,-81.0,370.3,39199,1.3007247671484947,248.42013155248503,-3.038
2026-07-29T11:48:44.728770+00:00,1,BOTH,535.5,-104.5,379.7,32384,1.4382528775930405,274.68606586209006,-3.782
2026-07-29T11:48:44.795259+00:00,1,BOTH,645.5,5.5,362.3,57034,0.060423773955553775,11.540090766352451,-2.166
2026-07-29T11:48:44.811883+00:00,1,BOTH,561.0,-79.0,366.4,40043,0.329612777531147,62.95140342039752,-2.781
2026-07-29T11:48:44.861885+00:00,1,BOTH,661.0,21.0,347.4,52279,0.9459865764901042,180.67012769637535,-1.275
2026-07-29T11:48:44.928594+00:00,1,BOTH,653.5,13.5,336.0,52225,0.4940644271671772,94.35935494742635,-0.512
2026-07-29T11:48:44.962048+00:00,1,BOTH,737.5,97.5,313.7,58571,1.3273258363828062,253.5005615446895,1.521
2026-07-29T11:48:44.978530+00:00,1,BOTH,658.0,18.0,306.9,52071,1.3273258363828062,253.5005615446895,1.25
2026-07-29T11:48:45.028526+00:00,1,BOTH,666.5,26.5,302.1,51385,0.46962021172046664,89.69085368540965,1.247
2026-07-29T11:48:45.062020+00:00,1,BOTH,650.5,10.5,299.9,46745,1.0206941288709641,194.938219193628,0.945
2026-07-29T11:48:45.212055+00:00,1,BOTH,630.5,-9.5,304.1,34774,0.993400828577578,189.72558280764736,0.389
2026-07-29T11:48:45.228486+00:00,1,BOTH,646.5,6.5,301.9,36596,1.0945369490981103,209.0411590148238,0.355
2026-07-29T11:48:45.278623+00:00,1,BOTH,651.0,11.0,301.4,40149,1.3538874335214495,258.5734529219262,0.419
2026-07-29T11:48:45.328613+00:00,1,BOTH,678.5,38.5,294.8,40274,1.3241207213513553,252.88842966416922,0.974
2026-07-29T11:48:45.345220+00:00,1,BOTH,656.5,16.5,294.7,39443,0.6787447306141258,129.63069476977802,0.893
2026-07-29T11:48:45.428606+00:00,1,BOTH,667.0,27.0,291.4,32457,1.372387653142214,262.10673460304264,1.042
2026-07-29T11:48:45.445226+00:00,1,BOTH,650.5,10.5,290.4,21366,0.9624799164570867,183.8201235969838,0.822
2026-07-29T11:48:45.478609+00:00,1,BOTH,652.0,12.0,291.5,23287,1.1479265909793321,219.23782951318682,0.718
2026-07-29T11:48:45.511965+00:00,1,BOTH,681.0,41.0,284.8,17541,1.2443451306968927,237.65241415528922,1.2
2026-07-29T11:48:45.561989+00:00,1,BOTH,721.0,81.0,272.7,16210,0.9440799489617347,180.3059886614452,2.239
2026-07-29T11:48:45.611961+00:00,1,RIGHT,674.34,34.34,272.7,9174,1.314458968937397,251.04317087743544,1.987
2026-07-29T11:48:45.628647+00:00,1,RIGHT,664.34,24.34,272.7,11937,1.4622925579547883,279.2773066139957,1.649
2026-07-29T11:48:45.661962+00:00,1,RIGHT,664.34,24.34,272.7,8978,0.8487630169652403,162.10179559632985,1.446
2026-07-29T11:48:45.711937+00:00,1,RIGHT,662.34,22.34,272.7,5366,1.0213086535036564,195.05558475316164,1.286
2026-07-29T11:48:45.795334+00:00,1,RIGHT,664.34,24.34,272.7,9405,1.1461391478520817,218.89645302214979,1.228
2026-07-29T11:48:45.761974+00:00,1,RIGHT,671.34,31.34,272.7,8698,1.2078360145166516,230.67968658568722,1.325
2026-07-29T11:48:45.845401+00:00,1,RIGHT,661.34,21.34,272.7,9592,1.4428177671786397,275.55789555275027,1.195
2026-07-29T11:48:45.878490+00:00,1,RIGHT,652.34,12.34,272.7,9619,1.4428177671786397,275.55789555275027,0.948
2026-07-29T11:48:45.928582+00:00,1,RIGHT,650.34,10.34,272.7,13992,1.5313671882729978,292.4695892428617,0.763
2026-07-29T11:48:45.945321+00:00,1,RIGHT,646.34,6.34,272.7,10005,1.0135386379808187,193.57162109912917,0.577
2026-07-29T11:48:46.028433+00:00,1,RIGHT,647.34,7.34,272.7,9731,1.1443975803256035,218.56383812546898,0.484
2026-07-29T11:48:46.045362+00:00,1,RIGHT,622.34,-17.66,272.7,17711,3.4817509961128237,664.9654579757837,-0.041
2026-07-29T11:48:46.078638+00:00,1,RIGHT,620.34,-19.66,272.7,17082,0.6929610285162926,132.34580767009416,-0.393
2026-07-29T11:48:46.145141+00:00,1,LEFT,718.66,78.66,272.7,14676,0.9400448702275753,179.53534538987748,1.239
2026-07-29T11:48:46.162061+00:00,1,RIGHT,625.34,-14.66,272.7,15139,1.0172333964705467,194.27726799173433,0.469
2026-07-29T11:48:46.195342+00:00,1,RIGHT,597.34,-42.66,272.7,17570,1.3321988441050052,254.431237464745,-0.519
2026-07-29T11:48:46.211970+00:00,1,RIGHT,600.34,-39.66,272.7,17361,0.5860613982565701,111.92948218545723,-1.055
2026-07-29T11:48:46.345335+00:00,1,RIGHT,588.34,-51.66,272.7,16055,0.9655587965250015,184.4081463753787,-1.601
2026-07-29T11:48:46.278664+00:00,1,RIGHT,595.34,-44.66,272.7,17528,1.2022023332118987,229.60373271274025,-1.798
2026-07-29T11:48:46.395335+00:00,1,RIGHT,602.34,-37.66,272.7,15045,0.5163650194555521,98.61845434331259,-1.785
2026-07-29T11:48:46.261925+00:00,1,RIGHT,603.34,-36.66,272.7,17468,1.7622190810739995,336.5590530765414,-1.758
2026-07-29T11:48:46.445304+00:00,1,RIGHT,599.34,-40.66,272.7,9345,0.8491808468103409,162.18159521859275,-1.817
2026-07-29T11:48:46.462098+00:00,1,RIGHT,593.34,-46.66,272.7,10482,1.6902785765193402,322.81942878646254,-1.965
2026-07-29T11:48:46.511926+00:00,1,RIGHT,601.34,-38.66,272.7,7628,1.0905110827088356,208.2722751715271,-1.904
2026-07-29T11:48:46.545331+00:00,1,RIGHT,598.34,-41.66,272.7,8509,1.1571430344879627,220.99804056373776,-1.923
2026-07-29T11:48:46.595241+00:00,1,RIGHT,590.34,-49.66,272.7,8059,1.082748457416892,206.7897229476275,-2.085
2026-07-29T11:48:46.645321+00:00,1,RIGHT,599.34,-40.66,272.7,9048,1.236854999959469,236.22190455777059,-2.013
2026-07-29T11:48:46.561927+00:00,1,RIGHT,600.34,-39.66,272.7,8865,0.44815326541662215,85.59096894459549,-1.952
2026-07-29T11:48:46.745207+00:00,1,RIGHT,600.34,-39.66,272.7,8643,2.0339881399273874,388.46311999168006,-1.914
2026-07-29T11:48:46.778670+00:00,1,NONE,0.0,0.0,272.7,0,-0.16389500975608826,-31.30164114093103,-1.892
2026-07-29T11:48:46.845319+00:00,1,NONE,0.0,0.0,272.7,0,0.12810573145747184,24.46639247983147,-1.879
2026-07-29T11:48:46.878678+00:00,1,NONE,0.0,0.0,272.7,0,0.0,0.0,-1.871
2026-07-29T11:48:46.945525+00:00,1,RIGHT,590.34,-49.66,272.7,8117,-13.406230798959733,-2560.401479862301,-2.054
2026-07-29T11:48:46.861859+00:00,1,NONE,0.0,0.0,272.7,0,0.9489568946324289,181.23741667426316,-2.163
2026-07-29T11:48:46.811832+00:00,1,RIGHT,592.34,-47.66,272.7,8335,1.4142492005974054,270.1017012466063,-2.191
2026-07-29T11:48:47.061918+00:00,1,RIGHT,591.34,-48.66,272.7,8540,0.956987863816321,182.77121880638526,-2.227
2026-07-29T11:48:47.095289+00:00,1,NONE,0.0,0.0,272.7,0,1.5906469712778926,303.7911938316344,-2.249
2026-07-29T11:48:47.128647+00:00,1,NONE,0.0,0.0,272.7,0,0.4823181514441967,92.11598153434714,-2.261
2026-07-29T11:48:47.078653+00:00,1,NONE,0.0,0.0,272.7,0,-1.1138118556886911,-212.7223950086544,-2.269
2026-07-29T11:48:47.161862+00:00,0,NONE,0.0,0.0,272.7,0,0.9127516922354698,174.32273236172085,-1.362
2026-07-29T11:48:47.195266+00:00,1,RIGHT,589.34,-50.66,272.7,3525,1.254891750216484,239.66667011063214,-1.767
2026-07-29T11:48:47.328681+00:00,1,RIGHT,594.34,-45.66,272.7,6748,1.3312067315727472,254.2417579284103,-1.916
2026-07-29T11:48:47.345303+00:00,1,RIGHT,586.34,-53.66,272.7,8440,0.7570953559875488,144.5945619568039,-2.156
2026-07-29T11:48:47.378657+00:00,1,RIGHT,585.34,-54.66,272.7,7749,0.4746098140627146,90.64379753760764,-2.318
2026-07-29T11:48:47.395308+00:00,1,RIGHT,598.34,-41.66,272.7,8256,1.6009941407293082,305.7673576298771,-2.172
2026-07-29T11:48:47.412038+00:00,1,RIGHT,601.34,-38.66,272.7,6615,1.1253758606314659,214.93095726695242,-2.028
2026-07-29T11:48:47.562008+00:00,1,RIGHT,592.34,-47.66,272.7,2111,0.5038206705451012,96.22266017895136,-2.11
2026-07-29T11:48:47.578519+00:00,1,NONE,0.0,0.0,272.7,0,1.6661124223470687,318.20403331601716,-2.16
2026-07-29T11:48:47.628716+00:00,1,NONE,0.0,0.0,272.7,0,0.0,0.0,-2.189
2026-07-29T11:48:47.595264+00:00,1,RIGHT,600.34,-39.66,272.7,6955,0.22570634633302689,43.106736847335014,-2.057
2026-07-29T11:48:47.678471+00:00,1,RIGHT,607.34,-32.66,272.7,3335,0.897566068470478,171.4224918583622,-1.847
2026-07-29T11:48:47.711743+00:00,1,NONE,0.0,0.0,272.7,0,1.093029364310205,208.75323152947345,-1.72
2026-07-29T11:48:47.795281+00:00,1,NONE,0.0,0.0,272.7,0,1.3514124920964241,258.1007739279394,-1.644
2026-07-29T11:48:47.811997+00:00,1,NONE,0.0,0.0,272.7,0,1.3514124920964241,258.1007739279394,-1.599
2026-07-29T11:48:47.845238+00:00,0,NONE,0.0,0.0,272.7,0,0.8412599298544228,160.66881151376703,-0.959
2026-07-29T11:48:47.862035+00:00,0,NONE,0.0,0.0,272.7,0,1.5942287253588439,304.47525847194197,-0.576
2026-07-29T11:48:47.912058+00:00,0,NONE,0.0,0.0,272.7,0,1.234720875993371,235.81431690372014,-0.345
2026-07-29T11:48:48.012014+00:00,0,NONE,0.0,0.0,272.7,0,1.4030065838992596,267.95451962164935,-0.207
2026-07-29T11:48:48.028689+00:00,0,NONE,0.0,0.0,272.7,0,1.0737172155082226,205.0648827971994,-0.124
2026-07-29T11:48:48.061981+00:00,0,NONE,0.0,0.0,272.7,0,0.8397591209411621,160.38217812514887,-0.075
2026-07-29T11:48:48.178532+00:00,1,LEFT,341.66,-298.34,272.7,2281,0.8397591209411621,160.38217812514887,-4.075
2026-07-29T11:48:48.195316+00:00,1,LEFT,394.66,-245.34,272.7,7773,1.0726870901882648,204.86814335318888,-7.045
2026-07-29T11:48:48.045250+00:00,1,NONE,0.0,0.0,272.7,0,1.315697515681386,251.27971588130288,-8.827
2026-07-29T11:48:48.245227+00:00,1,LEFT,315.66,-324.34,272.7,1238,1.2175443434715272,232.533840836484,-11.378
2026-07-29T11:48:48.345279+00:00,1,LEFT,510.66,-129.34,272.7,26573,1.522326296567917,290.7429061170751,-9.252
2026-07-29T11:48:48.378590+00:00,1,LEFT,608.66,-31.34,272.7,37463,1.522326296567917,290.7429061170751,-6.139
2026-07-29T11:48:48.411827+00:00,1,LEFT,529.66,-110.34,272.7,28812,1.522326296567917,290.7429061170751,-5.752
2026-07-29T11:48:48.428572+00:00,1,LEFT,658.66,18.66,272.7,41058,1.522326296567917,290.7429061170751,-3.102
2026-07-29T11:48:48.511988+00:00,1,LEFT,643.66,3.66,272.7,39516,1.522326296567917,290.7429061170751,-1.792
2026-07-29T11:48:48.529275+00:00,1,LEFT,709.66,69.66,272.7,42547,1.522326296567917,290.7429061170751,0.231
2026-07-29T11:48:48.595355+00:00,1,LEFT,672.66,32.66,272.7,41331,0.5552549511939288,106.04588419051542,0.751
2026-07-29T11:48:48.545333+00:00,1,LEFT,657.66,17.66,272.7,40153,0.15584158897399902,29.76355106940883,0.781
2026-07-29T11:48:48.478675+00:00,1,LEFT,382.66,-257.34,272.7,8942,0.45638491148129107,87.1630975377655,-3.219
2026-07-29T11:48:48.745451+00:00,1,LEFT,707.66,67.66,272.7,43289,0.0988396818190813,18.876988722164313,-0.663
2026-07-29T11:48:48.828577+00:00,1,LEFT,707.66,67.66,272.7,41632,-0.02490431286394596,-4.756373395924892,0.871
2026-07-29T11:48:48.878565+00:00,1,LEFT,708.66,68.66,272.7,38751,0.10758259213296696,20.546761594321133,1.81
2026-07-29T11:48:48.779283+00:00,1,LEFT,703.66,63.66,272.7,40086,-0.04193180799484253,-8.008385418191335,2.279
2026-07-29T11:48:48.711887+00:00,1,LEFT,708.66,68.66,272.7,38732,0.19265446327626706,36.79429216696071,2.655
2026-07-29T11:48:48.695386+00:00,1,LEFT,699.66,59.66,272.7,39060,-0.09394339960068464,-17.941867700767375,2.712
2026-07-29T11:48:48.961917+00:00,1,LEFT,708.66,68.66,272.7,38766,0.013617171598598361,2.600688205016995,2.914
2026-07-29T11:48:48.978678+00:00,1,LEFT,706.66,66.66,272.7,38010,0.19538241174188442,37.31529194632426,2.998
2026-07-29T11:48:49.095260+00:00,1,LEFT,710.66,70.66,272.7,39122,0.023366664182394744,4.462704129835758,3.124
2026-07-29T11:48:49.028669+00:00,1,LEFT,708.66,68.66,272.7,39730,0.023366664182394744,4.462704129835758,3.162
2026-07-29T11:48:49.128684+00:00,1,LEFT,711.66,71.66,272.7,39092,-0.18436472497764045,-35.21106877436316,3.24
2026-07-29T11:48:49.145202+00:00,1,LEFT,707.66,67.66,272.7,38727,0.006192188758868724,1.182620939438431,3.213
2026-07-29T11:48:49.228303+00:00,1,LEFT,451.66,-188.34,272.7,19453,-0.1631547252286691,-31.160257210731185,-0.787
2026-07-29T11:48:49.278677+00:00,1,LEFT,711.66,71.66,272.7,38916,-0.019374767728149892,-3.7003080662308636,0.871
2026-07-29T11:48:49.262081+00:00,1,LEFT,708.66,68.66,272.7,37968,0.008017625339562073,1.531253645580168,1.81
2026-07-29T11:48:49.345204+00:00,1,LEFT,709.66,69.66,272.7,38094,0.13506440120050683,25.795400504169102,2.392
2026-07-29T11:48:49.445286+00:00,1,LEFT,708.66,68.66,272.7,38523,-0.03486348487436772,-6.6584351413981775,2.723
2026-07-29T11:48:49.528679+00:00,1,LEFT,707.66,67.66,272.7,38977,-0.027235902813263237,-5.201674274761563,2.902
2026-07-29T11:48:49.545324+00:00,1,LEFT,709.66,69.66,272.7,38268,-0.027235902813263237,-5.201674274761563,3.047
2026-07-29T11:48:49.595293+00:00,1,LEFT,707.66,67.66,272.7,38637,-0.12891269547864795,-24.620511255272458,3.097
2026-07-29T11:48:49.678552+00:00,1,LEFT,709.66,69.66,272.7,38610,0.10194678325206041,19.470401384260157,3.164
2026-07-29T11:48:49.728587+00:00,1,LEFT,707.66,67.66,272.7,38486,-0.16940219659358263,-32.35343635019245,3.167
2026-07-29T11:48:49.745211+00:00,1,LEFT,707.66,67.66,272.7,38597,-0.0002736263908445835,-0.05225879119597247,3.169
2026-07-29T11:48:49.795294+00:00,1,LEFT,705.66,65.66,272.7,38745,0.055252528358250855,10.552455607848898,3.132
2026-07-29T11:48:49.828508+00:00,1,LEFT,706.66,66.66,272.7,38874,-0.03137948102492374,-5.993039420129937,3.129
2026-07-29T11:48:49.845260+00:00,1,LEFT,711.66,71.66,272.7,39009,-0.03632990757585503,-6.93850124732283,3.221
2026-07-29T11:48:49.895244+00:00,1,LEFT,707.66,67.66,272.7,39276,-0.22578698366880418,-43.122137444039076,3.201
2026-07-29T11:48:49.978534+00:00,1,LEFT,710.66,70.66,272.7,38386,0.09649222855223342,18.428658172849044,3.246
2026-07-29T11:48:49.995275+00:00,1,LEFT,707.66,67.66,272.7,39086,-0.0888065052498132,-16.96079314706895,3.216
2026-07-29T11:48:50.045166+00:00,1,LEFT,710.66,70.66,272.7,38834,-0.2927072538621724,-55.90296759722281,3.254
2026-07-29T11:48:50.095110+00:00,1,LEFT,709.66,69.66,272.7,38630,-0.05562315653078258,-10.623240374697945,3.259
2026-07-29T11:48:50.178625+00:00,1,LEFT,707.66,67.66,272.7,38590,-0.05562315653078258,-10.623240374697945,3.224
2026-07-29T11:48:50.195269+00:00,1,LEFT,709.66,69.66,272.7,38406,-0.032900159151759,-6.283467549015004,3.24
2026-07-29T11:48:50.245308+00:00,1,LEFT,709.66,69.66,272.7,38563,-0.13096714643761515,-25.012882485823873,3.25
2026-07-29T11:48:50.261942+00:00,1,LEFT,710.66,70.66,272.7,38472,0.005922175943851471,1.1310522903886469,3.275
2026-07-29T11:48:50.311975+00:00,1,LEFT,707.66,67.66,272.7,38964,-0.0001629721251083538,-0.031125383156622353,3.234
2026-07-29T11:48:50.328702+00:00,1,LEFT,707.66,67.66,272.7,38768,-0.030216591097414494,-5.77094380384809,3.209
2026-07-29T11:48:50.361991+00:00,1,LEFT,710.66,70.66,272.7,38366,-0.03747472419869155,-7.157145116672672,3.25
2026-07-29T11:48:50.411981+00:00,1,LEFT,708.66,68.66,272.7,38881,-0.06409076510928571,-12.240434488421279,3.237
2026-07-29T11:48:50.445390+00:00,1,LEFT,708.66,68.66,272.7,39091,-0.010207598571432754,-1.9495077236895506,3.23
2026-07-29T11:48:50.461889+00:00,1,LEFT,709.66,69.66,272.7,38662,-0.023804342178627848,-4.546294469735423,3.244
2026-07-29T11:48:50.511865+00:00,1,LEFT,706.66,66.66,272.7,39224,-0.1347989457843255,-25.744702254182172,3.196
2026-07-29T11:48:50.428611+00:00,1,LEFT,711.66,71.66,272.7,38488,0.04524752330966294,8.641640396878335,3.261
2026-07-29T11:48:50.645336+00:00,1,LEFT,708.66,68.66,272.7,38322,0.015375336144352332,2.9364728988877884,3.244
2026-07-29T11:48:50.678601+00:00,1,LEFT,710.66,70.66,272.7,39033,4.151097843647003,792.801289289434,3.271
2026-07-29T11:48:50.712072+00:00,1,LEFT,707.66,67.66,272.7,38976,-0.00827167735202238,-1.5797740058827698,3.231
2026-07-29T11:48:50.795101+00:00,1,LEFT,445.66,-194.34,272.7,19076,-0.04530562126077711,-8.652736288202334,-0.769
2026-07-29T11:48:50.812095+00:00,1,LEFT,706.66,66.66,272.7,38481,-0.024223596248775722,-4.626366098945939,0.789
2026-07-29T11:48:50.962007+00:00,1,LEFT,702.66,62.66,272.7,38599,0.1537822362780571,29.370243676054297,1.648
2026-07-29T11:48:50.978614+00:00,1,LEFT,713.66,73.66,272.7,38905,0.0528186216019094,10.087613658293094,2.37
2026-07-29T11:48:50.995320+00:00,1,LEFT,709.66,69.66,272.7,38358,-0.07770139666623437,-14.83987363749038,2.728
2026-07-29T11:48:51.012020+00:00,1,LEFT,711.66,71.66,272.7,39101,-0.005885566137731075,-1.1240603324570106,2.98
2026-07-29T11:48:51.061988+00:00,1,LEFT,708.66,68.66,272.7,38905,-0.056655695099616425,-10.820440715293472,3.075
2026-07-29T11:48:51.078662+00:00,1,LEFT,708.66,68.66,272.7,38737,0.17704517903272063,33.813138472376494,3.133
2026-07-29T11:48:51.128551+00:00,1,LEFT,706.66,66.66,272.7,38476,0.17704517903272063,33.813138472376494,3.129
2026-07-29T11:48:51.145417+00:00,1,LEFT,712.66,72.66,272.7,38967,0.17704517903272063,33.813138472376494,3.24
2026-07-29T11:48:51.195314+00:00,1,LEFT,712.66,72.66,272.7,38934,0.17704517903272063,33.813138472376494,3.306
2026-07-29T11:48:51.228698+00:00,1,LEFT,709.66,69.66,272.7,38880,0.17704517903272063,33.813138472376494,3.29
2026-07-29T11:48:51.211971+00:00,1,LEFT,708.66,68.66,272.7,38680,0.17704517903272063,33.813138472376494,3.261
2026-07-29T11:48:51.345244+00:00,1,LEFT,707.66,67.66,272.7,38580,0.17704517903272063,33.813138472376494,3.225
2026-07-29T11:48:51.362118+00:00,1,LEFT,709.66,69.66,272.7,38738,-0.2462113294779556,-47.0229001579727,3.241
2026-07-29T11:48:51.395195+00:00,1,LEFT,712.66,72.66,272.7,39041,0.007098234426230192,1.3556629153915183,3.307
2026-07-29T11:48:51.428836+00:00,1,LEFT,710.66,70.66,272.7,39020,-4.794971478986553e-05,-0.009157720954384394,3.309
2026-07-29T11:48:51.478656+00:00,1,LEFT,708.66,68.66,272.7,38706,-0.08653440716443583,-16.526854377296022,3.273
2026-07-29T11:48:51.511912+00:00,1,LEFT,707.66,67.66,272.7,39004,-0.03868375687161461,-7.388053348179046,3.232
2026-07-29T11:48:51.495185+00:00,1,LEFT,708.66,68.66,272.7,39268,-0.06553473330568522,-12.516212099770645,3.227
2026-07-29T11:48:51.628679+00:00,1,LEFT,707.66,67.66,272.7,39041,-0.09373547981493174,-17.902157946764362,3.205
2026-07-29T11:48:51.645205+00:00,1,LEFT,707.66,67.66,272.7,38770,0.046393282944336534,8.860464368222496,3.191
2026-07-29T11:48:51.745340+00:00,1,LEFT,706.66,66.66,272.7,39026,-0.23217277355492116,-44.341733475145176,3.165
2026-07-29T11:48:51.778682+00:00,1,LEFT,706.66,66.66,272.7,38397,0.24480172323063015,46.753685195482625,3.149
2026-07-29T11:48:51.711928+00:00,1,LEFT,705.66,65.66,272.7,38612,-0.12281113240402192,-23.455198546576,3.12
2026-07-29T11:48:51.878938+00:00,1,LEFT,704.66,64.66,272.7,39462,-0.012025453456444665,-2.296692432617624,3.084
2026-07-29T11:48:51.795312+00:00,1,LEFT,705.66,65.66,272.7,38823,-0.047094092983752486,-8.994309226552266,3.082
2026-07-29T11:48:51.911929+00:00,1,LEFT,705.66,65.66,272.7,38999,0.014918388617224991,2.849202349676667,3.08
2026-07-29T11:48:51.662001+00:00,1,LEFT,712.66,72.66,272.7,39274,-0.019477266622707247,-3.7198839131071737,3.21
2026-07-29T11:48:51.961867+00:00,1,LEFT,709.66,69.66,272.7,38518,0.0070353162847459315,1.343646435518668,3.232
2026-07-29T11:48:52.078704+00:00,1,LEFT,710.66,70.66,272.7,39286,-0.05325778572820127,-10.171487828126674,3.264
2026-07-29T11:48:52.112023+00:00,1,LEFT,704.66,64.66,272.7,38906,0.015175413471879437,2.8982904810155445,3.171
2026-07-29T11:48:52.145144+00:00,1,LEFT,710.66,70.66,272.7,38906,0.04607015928719193,8.798752295505103,3.227
2026-07-29T11:48:52.195283+00:00,1,LEFT,710.66,70.66,272.7,38921,0.1371597874071449,26.195589791136733,3.261
2026-07-29T11:48:52.262084+00:00,1,LEFT,710.66,70.66,272.7,38760,-0.009375078547745943,-1.7905081112982653,3.281
2026-07-29T11:48:52.295417+00:00,1,LEFT,711.66,71.66,272.7,39169,0.05628555245697498,10.749748677822893,3.312
2026-07-29T11:48:52.378666+00:00,1,LEFT,705.66,65.66,272.7,38976,-0.0507023778068833,-9.683440865373946,3.219
2026-07-29T11:48:52.395247+00:00,1,LEFT,710.66,70.66,272.7,39069,-0.10945893810130655,-20.905117277295286,3.256
2026-07-29T11:48:52.445220+00:00,1,LEFT,706.66,66.66,272.7,38748,-0.027863488574512305,-5.321534326101818,3.203
2026-07-29T11:48:52.545300+00:00,1,LEFT,707.66,67.66,272.7,39238,0.10828214768320323,20.6803668628661,3.191
2026-07-29T11:48:52.628652+00:00,1,LEFT,706.66,66.66,272.7,38580,0.030969766583293677,5.914789725760064,3.164
2026-07-29T11:48:52.578688+00:00,1,LEFT,709.66,69.66,272.7,38970,0.5736982178688049,109.56828866019771,3.205
2026-07-29T11:48:52.678833+00:00,1,LEFT,707.66,67.66,272.7,38862,0.010911326566711068,2.083909870538383,3.191
2026-07-29T11:48:52.695209+00:00,1,LEFT,705.66,65.66,272.7,38841,-0.09378353324253112,-17.9113354754063,3.146
2026-07-29T11:48:52.711994+00:00,1,LEFT,708.66,68.66,272.7,38656,-0.09813350510783493,-18.742118905014827,3.175
2026-07-29T11:48:52.811835+00:00,1,LEFT,707.66,67.66,272.7,38424,-0.09813350510783493,-18.742118905014827,3.173
2026-07-29T11:48:52.828617+00:00,1,LEFT,704.66,64.66,272.7,38105,-0.011659286175854504,-2.226759633372295,3.116
2026-07-29T11:48:52.845363+00:00,1,LEFT,706.66,66.66,272.7,39003,-0.10571801111102104,-20.190652850595495,3.12
2026-07-29T11:48:52.861868+00:00,1,LEFT,709.66,69.66,272.7,38760,0.03168802872300148,6.051967689724375,3.178
2026-07-29T11:48:52.945383+00:00,1,LEFT,713.66,73.66,272.7,39443,0.05431671993341297,10.373729363928911,3.288
2026-07-29T11:48:52.961902+00:00,1,LEFT,712.66,72.66,272.7,38997,-0.06126291565131396,-11.70035502495415,3.335
2026-07-29T11:48:53.012040+00:00,1,LEFT,705.66,65.66,272.7,38978,0.06446696957107634,12.312284248069925,3.232
2026-07-29T11:48:53.028535+00:00,1,LEFT,706.66,66.66,272.7,39120,0.022939232748467476,4.381070739184899,3.189
2026-07-29T11:48:53.062074+00:00,1,LEFT,709.66,69.66,272.7,38675,0.1418051739409566,27.082793266451123,3.219
2026-07-29T11:48:53.078599+00:00,1,LEFT,711.66,71.66,272.7,39103,-0.0456905631441623,-8.726254772454961,3.275
2026-07-29T11:48:53.095375+00:00,1,LEFT,708.66,68.66,272.7,38957,0.05781600461457856,11.042043509080811,3.252
2026-07-29T11:48:53.195365+00:00,1,LEFT,709.16,69.16,272.7,38732,-0.009098428450524807,-1.7376718347227487,3.248
2026-07-29T11:48:53.212868+00:00,1,LEFT,710.66,70.66,272.7,38987,0.00013564158231019966,0.025905633976169358,3.274
2026-07-29T11:48:53.228600+00:00,1,LEFT,708.66,68.66,272.7,38649,0.07643932562321425,14.598835823454625,3.252
2026-07-29T11:48:53.245441+00:00,1,LEFT,712.66,72.66,272.7,38741,0.0773261345550418,14.768203853548702,3.313
2026-07-29T11:48:53.311980+00:00,1,LEFT,707.66,67.66,272.7,38976,0.0018974502850323915,0.36238631056083703,3.256
2026-07-29T11:48:53.295450+00:00,1,LEFT,711.66,71.66,272.7,39286,0.025125123667530714,4.79854515297922,3.297
2026-07-29T11:48:53.262143+00:00,1,LEFT,706.66,66.66,272.7,38550,-0.005765628369990736,-1.1011539061378715,3.228
2026-07-29T11:48:53.411999+00:00,1,LEFT,707.66,67.66,272.7,38495,-0.06841120623110328,-13.065577961470991,3.206
2026-07-29T11:48:53.428591+00:00,1,LEFT,710.66,70.66,272.7,38973,0.012519464419456198,2.391041576663472,3.248
2026-07-29T11:48:53.446013+00:00,1,LEFT,707.66,67.66,272.7,38592,-0.06917454339098185,-13.211364620159474,3.217
2026-07-29T11:48:53.462027+00:00,1,LEFT,708.66,68.66,272.7,38421,-0.7829405867308378,-149.53063743057797,3.218
2026-07-29T11:48:53.495336+00:00,1,LEFT,709.66,69.66,272.7,38747,-0.023633398651145398,-4.513646660869346,3.237
2026-07-29T11:48:53.562066+00:00,1,LEFT,706.66,66.66,272.7,38464,-0.03340793889015913,-6.380446335456952,3.192
2026-07-29T11:48:53.678668+00:00,1,LEFT,711.66,71.66,272.7,38775,0.04468134947121143,8.533509158831693,3.259
2026-07-29T11:48:53.745214+00:00,1,LEFT,704.66,64.66,272.7,39157,-0.03459477070020512,-6.607114514481977,3.167
2026-07-29T11:48:53.761940+00:00,1,LEFT,711.66,71.66,272.7,38910,-0.08175268342718482,-15.613612414156004,3.244
2026-07-29T11:48:53.845344+00:00,1,LEFT,711.66,71.66,272.7,38826,0.1329188418854028,25.385628859334297,3.29
2026-07-29T11:48:53.861956+00:00,1,LEFT,709.66,69.66,272.7,38705,-0.0332331158593297,-6.347057596029579,3.28
2026-07-29T11:48:53.928667+00:00,1,LEFT,709.66,69.66,272.7,39425,0.004233718292089179,0.8085806326134836,3.274
2026-07-29T11:48:54.011967+00:00,1,LEFT,708.66,68.66,272.7,38954,0.09829463586211204,18.77289261224762,3.252
2026-07-29T11:48:54.028644+00:00,1,LEFT,707.66,67.66,272.7,38611,0.027943963035941124,5.336903816096684,3.22
2026-07-29T11:48:54.112305+00:00,1,LEFT,709.66,69.66,272.7,39106,0.040250986579339953,7.687372174112992,3.238
2026-07-29T11:48:54.195287+00:00,1,LEFT,710.66,70.66,272.7,39184,-0.17461585794575513,-33.34917232115897,3.267
2026-07-29T11:48:54.245287+00:00,1,LEFT,708.66,68.66,272.7,39131,0.14138658390787895,27.00284845897915,3.248
2026-07-29T11:48:54.261998+00:00,1,LEFT,704.66,64.66,272.7,39235,-0.08187075779773295,-15.636162957826244,3.161
2026-07-29T11:48:54.328670+00:00,1,LEFT,709.66,69.66,272.7,39167,0.11963889053324238,22.849344977274825,3.203
2026-07-29T11:48:54.345289+00:00,1,LEFT,708.16,68.16,272.7,39114,-0.0071002606768161055,-1.3560499007475475,3.2
2026-07-29T11:48:54.378533+00:00,1,LEFT,701.66,61.66,272.7,39021,0.09611500598373823,18.356613969142845,3.076
2026-07-29T11:48:54.445155+00:00,1,LEFT,704.16,64.16,272.7,38562,0.03328672017902136,6.357295266969587,3.048
2026-07-29T11:48:54.462027+00:00,1,LEFT,708.66,68.66,272.7,39655,0.09305384153471095,17.771974624727,3.116
2026-07-29T11:48:54.514577+00:00,1,LEFT,708.66,68.66,272.7,39088,-0.05093211102299392,-9.727316677697631,3.157
2026-07-29T11:48:54.595302+00:00,1,LEFT,706.66,66.66,272.7,39178,-0.06517553253099323,-12.447609805145042,3.144
2026-07-29T11:48:54.645235+00:00,1,LEFT,710.66,70.66,272.7,38630,0.026442604986950755,5.050165550279538,3.211
2026-07-29T11:48:54.678563+00:00,1,LEFT,704.66,64.66,272.7,38829,0.008431129902601243,1.6102271998186535,3.139
2026-07-29T11:48:54.711991+00:00,1,LEFT,705.66,65.66,272.7,38386,-0.09402560323476791,-17.95756743841274,3.114
2026-07-29T11:48:54.528529+00:00,1,LEFT,708.66,68.66,272.7,39116,0.078552536489442,15.002429369641408,3.156
2026-07-29T11:48:54.745315+00:00,1,LEFT,708.66,68.66,272.7,38721,-0.04247590546030551,-8.11230037957398,3.181
2026-07-29T11:48:54.778628+00:00,1,LEFT,708.66,68.66,272.7,39144,0.08317831124411895,15.885887271045252,3.196
2026-07-29T11:48:54.862051+00:00,1,LEFT,703.66,63.66,272.7,38840,0.04746719087241218,9.065565674437073,3.111
2026-07-29T11:48:54.911970+00:00,1,LEFT,709.66,69.66,272.7,39121,0.001218412113375962,0.2326995726801926,3.173
2026-07-29T11:48:54.928638+00:00,1,LEFT,708.66,68.66,272.7,38881,0.02732955272309482,5.219560090045332,3.191
2026-07-29T11:48:54.895305+00:00,1,LEFT,707.66,67.66,272.7,38722,-0.04991501766256988,-9.533066154620712,3.183
2026-07-29T11:48:55.061991+00:00,1,LEFT,707.66,67.66,272.7,38971,-0.27520439319312573,-52.56016744474982,3.178
2026-07-29T11:48:55.112059+00:00,1,LEFT,708.66,68.66,272.7,39180,0.1700088136550039,32.46929167485934,3.194
2026-07-29T11:48:55.128612+00:00,1,LEFT,704.66,64.66,272.7,38509,0.042607479324797165,8.13742913667264,3.129
2026-07-29T11:48:55.195391+00:00,1,LEFT,706.66,66.66,272.7,39357,-0.05019943001680076,-9.587384913083408,3.127
2026-07-29T11:48:55.211857+00:00,1,LEFT,708.66,68.66,272.7,39292,-0.04296418948157225,-8.205555758314848,3.164
2026-07-29T11:48:55.278607+00:00,1,LEFT,706.66,66.66,272.7,39471,0.15472147088265045,29.549624272107092,3.148
2026-07-29T11:48:55.378561+00:00,1,LEFT,707.66,67.66,272.7,39074,-0.10083787370007485,-19.258615260291773,3.157
2026-07-29T11:48:55.261907+00:00,1,LEFT,704.66,64.66,272.7,39083,-0.10083787370007485,-19.258615260291773,3.107
2026-07-29T11:48:55.246090+00:00,1,LEFT,707.66,67.66,272.7,39182,0.01394444159930572,2.663192171022912,3.133
2026-07-29T11:48:55.228616+00:00,1,LEFT,707.66,67.66,272.7,39158,0.0545660304534249,10.421344165878562,3.148
2026-07-29T11:48:55.528740+00:00,1,LEFT,706.66,66.66,272.7,38742,-0.00015460666269063948,-0.029527697522587906,3.139
2026-07-29T11:48:55.578609+00:00,1,LEFT,710.66,70.66,272.7,39009,0.050511214900761846,9.646931439639898,3.208
2026-07-29T11:48:55.511968+00:00,1,LEFT,707.66,67.66,272.7,38773,3.5276803355372974e-05,0.0067373731565860415,3.193
2026-07-29T11:48:55.628617+00:00,1,LEFT,711.66,71.66,272.7,38808,0.08462390064727515,16.16197451007754,3.26
2026-07-29T11:48:55.678622+00:00,1,LEFT,710.66,70.66,272.7,39618,-0.0726177978143096,-13.868977774314247,3.281
2026-07-29T11:48:55.761931+00:00,1,LEFT,705.66,65.66,272.7,38826,0.1504057175759226,28.725376105789977,3.199
2026-07-29T11:48:55.778627+00:00,1,LEFT,709.66,69.66,272.7,38976,-0.018120380635373294,-3.4607377785915827,3.226
2026-07-29T11:48:55.878595+00:00,1,LEFT,706.66,66.66,272.7,38623,-0.018120380635373294,-3.4607377785915827,3.185
2026-07-29T11:48:55.945238+00:00,1,LEFT,709.66,69.66,272.7,39088,-0.012188457950251176,-2.3278239977402224,3.217
2026-07-29T11:48:56.011841+00:00,1,LEFT,708.66,68.66,272.7,39420,0.07884178054518998,15.057670915120093,3.218
2026-07-29T11:48:56.028715+00:00,1,LEFT,710.66,70.66,272.7,38794,-0.0745020520122489,-14.228843817886679,3.255
2026-07-29T11:48:56.061932+00:00,1,LEFT,710.66,70.66,272.7,39071,0.02121299217455089,4.051383074819362,3.278
2026-07-29T11:48:56.178800+00:00,1,LEFT,709.66,69.66,272.7,39194,0.02121299217455089,4.051383074819362,3.273
2026-07-29T11:48:56.161860+00:00,1,LEFT,710.66,70.66,272.7,39220,0.0029223063529934734,0.5581194015693126,3.289
2026-07-29T11:48:56.128687+00:00,1,LEFT,708.66,68.66,272.7,39635,-0.0602610726444982,-11.509017104870018,3.26
2026-07-29T11:48:56.245392+00:00,1,LEFT,704.66,64.66,272.7,38657,-0.03886704608798027,-7.423059009939089,3.169
2026-07-29T11:48:56.311947+00:00,1,LEFT,707.66,67.66,272.7,39281,-0.00868485443352256,-1.6586850157544137,3.17
2026-07-29T11:48:56.361913+00:00,1,LEFT,711.66,71.66,272.7,38775,-0.00025491113774478436,-0.048684441145513735,3.245
2026-07-29T11:48:56.345166+00:00,1,LEFT,704.66,64.66,272.7,38830,0.14369690900202842,27.444088049638914,3.16
2026-07-29T11:48:56.428734+00:00,1,LEFT,707.66,67.66,272.7,39062,0.014390844338340685,2.748448814055523,3.164
2026-07-29T11:48:56.545347+00:00,1,LEFT,709.66,69.66,272.7,38298,-0.045294484085170554,-8.650609244342496,3.205
2026-07-29T11:48:56.628683+00:00,1,LEFT,704.66,64.66,272.7,38579,-0.11242652406916022,-21.471884448296155,3.135
2026-07-29T11:48:56.645352+00:00,1,LEFT,707.66,67.66,272.7,39133,-0.11242652406916022,-21.471884448296155,3.15
2026-07-29T11:48:56.661995+00:00,1,LEFT,711.66,71.66,272.7,39185,-0.06449104613624514,-12.316882533301069,3.233
2026-07-29T11:48:56.762010+00:00,1,LEFT,704.66,64.66,272.7,38653,0.09521243557333946,18.184235718378712,3.152
2026-07-29T11:48:56.778533+00:00,1,LEFT,711.66,71.66,272.7,39169,-0.00046993311960250137,-0.08975061468879954,3.235
2026-07-29T11:48:56.895302+00:00,1,LEFT,707.66,67.66,272.7,39169,-0.00046993311960250137,-0.08975061468879954,3.209
2026-07-29T11:48:56.912087+00:00,1,LEFT,705.66,65.66,272.7,38884,-0.08149520198814571,-15.564437081623016,3.157
2026-07-29T11:48:56.978660+00:00,1,LEFT,710.66,70.66,272.7,38889,-0.13048818204551935,-24.921407025143413,3.219
2026-07-29T11:48:57.062032+00:00,1,LEFT,708.66,68.66,272.7,38567,-0.1262713081901893,-24.11604344297851,3.219
2026-07-29T11:48:57.145290+00:00,1,LEFT,713.66,73.66,272.7,39043,-0.018160502759274097,-3.468400539806973,3.312
2026-07-29T11:48:57.162026+00:00,1,LEFT,706.66,66.66,272.7,38851,0.08641543184872717,16.50413176577488,3.237
2026-07-29T11:48:57.195314+00:00,1,LEFT,704.66,64.66,272.7,38964,0.0817092946046614,15.605325759460557,3.155
2026-07-29T11:48:57.311982+00:00,1,LEFT,706.66,66.66,272.7,38335,-0.054128082325332796,-10.33770223459412,3.143
2026-07-29T11:48:57.345257+00:00,1,LEFT,708.66,68.66,272.7,38859,-0.1515095169004053,-28.936186248197473,3.173
2026-07-29T11:48:57.395312+00:00,1,LEFT,709.66,69.66,272.7,38951,0.16325494523160158,31.179397821367253,3.21
2026-07-29T11:48:57.445266+00:00,1,LEFT,707.66,67.66,272.7,38973,-0.038119248640723524,-7.280240217744193,3.194
2026-07-29T11:48:57.412072+00:00,1,LEFT,709.66,69.66,272.7,38978,-0.04770903810393065,-9.111755093280179,3.223
2026-07-29T11:48:57.511904+00:00,1,LEFT,710.66,70.66,272.7,39210,0.05132411171216518,9.802183294550074,3.258
2026-07-29T11:48:57.528678+00:00,1,LEFT,706.66,66.66,272.7,39126,0.02992049342021346,5.714393313090603,3.205
2026-07-29T11:48:57.545364+00:00,1,LEFT,709.66,69.66,272.7,39071,0.02992049342021346,5.714393313090603,3.229
2026-07-29T11:48:57.578676+00:00,1,LEFT,710.66,70.66,272.7,39283,-0.13145948087563739,-25.106911437182607,3.262
2026-07-29T11:48:57.662012+00:00,1,LEFT,708.66,68.66,272.7,39145,0.017495805679354815,3.34145274869349,3.245
2026-07-29T11:48:57.561887+00:00,1,LEFT,706.66,66.66,272.7,39018,0.0,0.0,3.197
2026-07-29T11:48:57.761902+00:00,1,LEFT,708.66,68.66,272.7,38908,-0.03679302431643009,-7.026950029512183,3.205
2026-07-29T11:48:57.862128+00:00,1,LEFT,706.66,66.66,272.7,39103,0.33013347836211326,63.05084995374192,3.173
2026-07-29T11:48:57.896059+00:00,1,LEFT,707.66,67.66,272.7,39400,0.33013347836211326,63.05084995374192,3.172
2026-07-29T11:48:57.928542+00:00,1,LEFT,708.66,68.66,272.7,39262,-0.06226000435650349,-11.890784940312562,3.191
2026-07-29T11:48:57.995358+00:00,1,LEFT,706.66,66.66,272.7,38714,0.4241807689145207,81.01255936472035,3.164
2026-07-29T11:48:58.061960+00:00,1,LEFT,707.66,67.66,272.7,38993,0.21905370123684406,41.83617522530275,3.167
2026-07-29T11:48:58.111971+00:00,1,LEFT,706.66,66.66,272.7,39374,-0.052464798260480165,-10.020038377769389,3.15
2026-07-29T11:48:58.128707+00:00,1,LEFT,712.66,72.66,272.7,38872,0.04752410904504359,9.07643624466833,3.252
2026-07-29T11:48:58.178519+00:00,1,LEFT,708.66,68.66,272.7,39526,-0.03602890155278146,-6.88101333155572,3.239
2026-07-29T11:48:58.228695+00:00,1,LEFT,708.66,68.66,272.7,39319,0.03690169118810445,7.047703873244951,3.231
2026-07-29T11:48:58.345984+00:00,1,LEFT,707.66,67.66,272.7,38850,0.11023963157786057,21.054218748295092,3.207
2026-07-29T11:48:58.395656+00:00,1,LEFT,711.66,71.66,272.7,39535,0.29959145694971084,57.217753537979085,3.268
2026-07-29T11:48:58.445168+00:00,1,LEFT,708.66,68.66,272.7,39348,-0.11731128165731207,-22.40480442744817,3.248
2026-07-29T11:48:58.462018+00:00,1,LEFT,707.66,67.66,272.7,38903,0.08966860441956669,17.125441960230976,3.217
2026-07-29T11:48:58.495511+00:00,1,LEFT,707.66,67.66,272.7,38774,-0.05853775378789578,-11.179887447407921,3.199
2026-07-29T11:48:58.528683+00:00,1,LEFT,707.66,67.66,272.7,38543,0.10212552189826965,19.50453795113906,3.188
2026-07-29T11:48:58.561865+00:00,1,LEFT,707.66,67.66,272.7,38783,0.06483954044058919,12.383440042711944,3.181
2026-07-29T11:48:58.611889+00:00,1,LEFT,711.66,71.66,272.7,39358,-0.15334385951980947,-29.286519882440242,3.252
2026-07-29T11:48:58.645223+00:00,1,LEFT,712.66,72.66,272.7,39365,-0.15334385951980947,-29.286519882440242,3.314
2026-07-29T11:48:58.578655+00:00,1,LEFT,704.66,64.66,272.7,38855,-0.15334385951980947,-29.286519882440242,3.201
2026-07-29T11:48:58.745355+00:00,1,LEFT,706.66,66.66,272.7,38458,-0.15334385951980947,-29.286519882440242,3.17
2026-07-29T11:48:58.795424+00:00,1,LEFT,712.66,72.66,272.7,39534,-0.15334385951980947,-29.286519882440242,3.264
2026-07-29T11:48:58.945472+00:00,1,LEFT,709.66,69.66,272.7,38573,-0.15334385951980947,-29.286519882440242,3.265
2026-07-29T11:48:58.811936+00:00,1,LEFT,709.66,69.66,272.7,38997,-0.08741765154001768,-16.695541627294382,3.265
2026-07-29T11:48:58.961963+00:00,1,LEFT,706.66,66.66,272.7,39233,-0.011252438356168569,-2.1490574234652824,3.209
2026-07-29T11:48:59.028682+00:00,1,LEFT,710.66,70.66,272.7,39666,0.020380988605320453,3.8924820979636126,3.25
2026-07-29T11:48:59.128559+00:00,1,LEFT,708.66,68.66,272.7,39301,-0.06316248531453311,-12.063146106932631,3.237
2026-07-29T11:48:59.011929+00:00,1,LEFT,706.66,66.66,272.7,38950,-0.005785305080935359,-1.1049118811106242,3.192
2026-07-29T11:48:58.978817+00:00,1,LEFT,702.66,62.66,272.7,38403,0.07169648909009993,13.69302076922826,3.09
2026-07-29T11:48:59.212049+00:00,1,LEFT,708.66,68.66,272.7,39131,-0.000134927686303854,-0.025769289882253188,3.141
2026-07-29T11:48:59.262100+00:00,1,LEFT,709.66,69.66,272.7,38932,-0.028306633597239853,-5.40616879115021,3.191
2026-07-29T11:48:59.228591+00:00,1,LEFT,707.66,67.66,272.7,39020,0.0,0.0,3.183
2026-07-29T11:48:59.178680+00:00,1,LEFT,709.66,69.66,272.7,38674,0.19583127194084227,37.40101792962988,3.216
2026-07-29T11:48:59.362124+00:00,1,LEFT,712.66,72.66,272.7,38995,-0.007486374569125474,-1.4297922222165327,3.292
2026-07-29T11:48:59.462031+00:00,1,LEFT,709.66,69.66,272.7,38898,-0.07336192924529314,-14.011096408975538,3.281
2026-07-29T11:48:59.445456+00:00,1,LEFT,709.66,69.66,272.7,39367,-0.10755487574962899,-20.54146815502569,3.275
2026-07-29T11:48:59.411811+00:00,1,LEFT,449.66,-190.34,272.7,19359,0.11465049297719815,21.896631222292463,-0.725
2026-07-29T11:48:59.378467+00:00,1,LEFT,707.66,67.66,272.7,39238,-0.033376177692698544,-6.374380393567709,0.833
2026-07-29T11:48:59.678661+00:00,1,LEFT,708.66,68.66,272.7,38780,0.031697914732503704,6.053855778460054,1.787
2026-07-29T11:48:59.695286+00:00,1,LEFT,710.66,70.66,272.7,39761,-0.016101262317970395,-3.0751145855091084,2.397
2026-07-29T11:48:59.728647+00:00,1,LEFT,710.66,70.66,272.7,39336,-0.00019360713002242844,-0.03697623811308574,2.763
2026-07-29T11:48:59.762797+00:00,1,LEFT,709.66,69.66,272.7,39419,0.13619176724896534,26.010711559312483,2.964
2026-07-29T11:48:59.629303+00:00,1,LEFT,707.66,67.66,272.7,38833,-0.14254916821606456,-27.224885706269724,3.047
2026-07-29T11:48:59.612061+00:00,1,LEFT,703.66,63.66,272.7,38995,-0.0071836545411497355,-1.371976955626226,3.022
2026-07-29T11:48:59.928722+00:00,1,LEFT,710.66,70.66,272.7,39150,0.08811655525118113,16.829022403746702,3.138
2026-07-29T11:48:59.961931+00:00,1,LEFT,709.66,69.66,272.7,38893,0.026341683310456575,5.030890929864535,3.189
2026-07-29T11:49:00.012127+00:00,1,LEFT,707.66,67.66,272.7,39000,0.1386655330900976,26.483166033314177,3.182
2026-07-29T11:48:59.878629+00:00,1,LEFT,707.66,67.66,272.7,38605,-0.12303025296889246,-23.49704749181468,3.178
2026-07-29T11:48:59.845457+00:00,1,LEFT,713.66,73.66,272.7,39046,0.031165744327008724,5.952218717737961,3.288
2026-07-29T11:49:00.112044+00:00,1,LEFT,711.66,71.66,272.7,39360,-0.24778008250519634,-47.322509916503584,3.316
2026-07-29T11:49:00.211918+00:00,1,LEFT,711.66,71.66,272.7,39410,0.08128403100185096,15.524106394055334,3.333
2026-07-29T11:49:00.145355+00:00,1,LEFT,706.66,66.66,272.7,39025,-0.10994275312870741,-20.99751914107887,3.25
2026-07-29T11:49:00.128671+00:00,1,LEFT,707.66,67.66,272.7,38245,-0.09797662921249867,-18.712157815981147,3.218
2026-07-29T11:49:00.362000+00:00,1,LEFT,706.66,66.66,272.7,38828,0.1573103898949921,30.044071381801604,3.181
2026-07-29T11:49:00.395469+00:00,1,LEFT,710.66,70.66,272.7,39365,0.007946196355624125,1.5176117145316603,3.233
2026-07-29T11:49:00.428610+00:00,1,LEFT,709.66,69.66,272.7,39140,-0.12455393826239743,-23.788049947227968,3.246
2026-07-29T11:49:00.462084+00:00,1,LEFT,708.66,68.66,272.7,39426,-0.0003037700057029724,-0.058015797564817555,3.235
2026-07-29T11:49:00.528601+00:00,1,LEFT,705.66,65.66,272.7,39055,-0.007494197143241763,-1.431286223822505,3.172
2026-07-29T11:49:00.561987+00:00,1,LEFT,709.66,69.66,272.7,38577,-0.02707579443231225,-5.171095826451015,3.209
2026-07-29T11:49:00.678725+00:00,1,LEFT,708.66,68.66,272.7,38760,-0.02183902941644192,-4.170947380747251,3.213
2026-07-29T11:49:00.745229+00:00,1,LEFT,706.66,66.66,272.7,38961,-0.005362753365188837,-1.0242104479829994,3.178
2026-07-29T11:49:00.595335+00:00,1,LEFT,712.66,72.66,272.7,39721,0.019607063885778188,3.7446733643282206,3.269
2026-07-29T11:49:00.578626+00:00,1,LEFT,707.66,67.66,272.7,38943,-0.03549885501386598,-6.779781899471141,3.23
2026-07-29T11:49:00.845259+00:00,1,LEFT,707.66,67.66,272.7,38740,-0.08526575370691716,-16.28455941469436,3.206
2026-07-29T11:49:00.911970+00:00,1,LEFT,707.66,67.66,272.7,38676,-0.015447165071964263,-2.950191213551503,3.192
2026-07-29T11:49:00.928802+00:00,1,LEFT,708.66,68.66,272.7,39343,0.009829271607450209,1.8772525959822248,3.203
2026-07-29T11:49:00.895242+00:00,1,LEFT,707.66,67.66,272.7,39312,-0.17263283409178257,-32.97044266280432,3.19
2026-07-29T11:49:00.978785+00:00,1,LEFT,711.66,71.66,272.7,38168,-0.015381768718361855,-2.9377014300282926,3.258
2026-07-29T11:49:01.095346+00:00,1,LEFT,706.66,66.66,272.7,38983,-0.1687484330171719,-32.22857670443341,3.204
2026-07-29T11:49:01.178722+00:00,1,LEFT,707.66,67.66,272.7,39559,-0.0144941709889099,-2.768182750684987,3.191
2026-07-29T11:49:01.195322+00:00,1,LEFT,710.66,70.66,272.7,39446,-0.005364629116374999,-1.0245686900709454,3.24
2026-07-29T11:49:01.212004+00:00,1,LEFT,703.66,63.66,272.7,38582,-0.07950051347841508,-15.183479638120334,3.137
2026-07-29T11:49:01.228751+00:00,1,LEFT,706.66,66.66,272.7,38347,0.2863478871621192,54.68841802292585,3.132
2026-07-29T11:49:01.295317+00:00,1,LEFT,708.66,68.66,272.7,39247,0.1276057073008269,24.370894900396994,3.167
2026-07-29T11:49:01.263351+00:00,1,LEFT,706.66,66.66,272.7,39140,-0.14672169508441585,-28.021779637807953,3.15
2026-07-29T11:49:01.428704+00:00,1,LEFT,706.66,66.66,272.7,39182,0.048695612573064866,9.300176937469345,3.14
2026-07-29T11:49:01.445332+00:00,1,LEFT,707.66,67.66,272.7,38716,0.03294775090878829,6.292556905072972,3.152
2026-07-29T11:49:01.495208+00:00,1,LEFT,712.66,72.66,272.7,39269,-0.1784825890045613,-34.08766355509812,3.254
2026-07-29T11:49:01.545315+00:00,1,LEFT,710.66,70.66,272.7,39117,0.10666685479693115,20.37186864599645,3.277
2026-07-29T11:49:01.562065+00:00,1,LEFT,707.66,67.66,272.7,39064,0.08852940624579787,16.907871135611092,3.235
2026-07-29T11:49:01.578592+00:00,1,LEFT,702.66,62.66,272.7,38668,-0.14689249732298776,-28.05440046247981,3.116
2026-07-29T11:49:01.595291+00:00,1,LEFT,711.66,71.66,272.7,39823,-0.14689249732298776,-28.05440046247981,3.213
2026-07-29T11:49:01.645186+00:00,1,LEFT,707.66,67.66,272.7,38921,-0.2661070009879768,-50.82269351831566,3.196
2026-07-29T11:49:01.662087+00:00,1,LEFT,708.66,68.66,272.7,39155,0.12779160721227525,24.40639916818981,3.205
2026-07-29T11:49:01.761740+00:00,1,LEFT,449.66,-190.34,272.7,19427,0.12779160721227525,24.40639916818981,-0.795
2026-07-29T11:49:01.778805+00:00,1,LEFT,709.66,69.66,272.7,38748,-0.08022988218814135,-15.322778800707725,0.829
2026-07-29T11:49:01.812075+00:00,1,LEFT,705.66,65.66,272.7,38698,-0.28390673955902457,-54.222193173506525,1.729
2026-07-29T11:49:01.912050+00:00,1,LEFT,706.66,66.66,272.7,38805,0.031675198823213575,6.0495173593596325,2.287
2026-07-29T11:49:01.962070+00:00,1,LEFT,707.66,67.66,272.7,38536,-0.0002012302866205573,-0.038432153778552705,2.641
2026-07-29T11:49:01.995340+00:00,1,LEFT,707.66,67.66,272.7,39196,-0.039898915274534374,-7.620131507936246,2.853
2026-07-29T11:49:02.011990+00:00,1,LEFT,709.66,69.66,272.7,39139,0.0317862880975008,6.070733847912397,3.018
2026-07-29T11:49:02.062042+00:00,1,LEFT,713.66,73.66,272.7,39566,-0.0562763898819685,-10.747998754898413,3.192
2026-07-29T11:49:02.078705+00:00,1,LEFT,707.66,67.66,272.7,39241,0.1791814745031297,34.22114085320101,3.184
2026-07-29T11:49:02.128643+00:00,1,LEFT,708.66,68.66,272.7,38898,-0.05334240577183664,-10.18764906600174,3.197
2026-07-29T11:49:01.928686+00:00,1,LEFT,711.66,71.66,272.7,38733,-0.007065053610131144,-1.3493258463139344,3.262
2026-07-29T11:49:02.145341+00:00,1,LEFT,710.66,70.66,272.7,38950,-0.007065053610131144,-1.3493258463139344,3.282
2026-07-29T11:49:02.228642+00:00,1,LEFT,710.66,70.66,272.7,38998,-0.20161182129755617,-38.50502153431911,3.294
2026-07-29T11:49:02.328715+00:00,1,LEFT,708.66,68.66,272.7,38795,-0.05040766010060906,-9.627153929649648,3.264
2026-07-29T11:49:02.212036+00:00,1,LEFT,708.66,68.66,272.7,38785,0.10156749891117216,19.397963411032496,3.246
2026-07-29T11:49:02.361888+00:00,1,LEFT,711.66,71.66,272.7,39245,0.10662181120365859,20.363265953367712,3.291
2026-07-29T11:49:02.178656+00:00,1,LEFT,707.66,67.66,272.7,39578,-0.014941346356645227,-2.8535869549298023,3.243
2026-07-29T11:49:02.161984+00:00,1,LEFT,711.66,71.66,272.7,39161,-0.13957870699465275,-26.657569402289152,3.289
2026-07-29T11:49:02.428729+00:00,1,LEFT,710.66,70.66,272.7,39011,-0.022078704107552766,-4.216721874936428,3.298
2026-07-29T11:49:02.412014+00:00,1,LEFT,709.66,69.66,272.7,38593,0.052568112928420306,10.039770025885273,3.285
2026-07-29T11:49:02.578639+00:00,1,LEFT,709.66,69.66,272.7,39570,0.025735035194084047,4.915029674138845,3.277
2026-07-29T11:49:02.712706+00:00,1,LEFT,709.66,69.66,272.7,39037,0.052953343443805354,10.113343634789317,3.272
2026-07-29T11:49:02.612056+00:00,1,LEFT,708.66,68.66,272.7,38884,-0.01974185083527118,-3.7704157754595258,3.251
2026-07-29T11:49:02.595395+00:00,1,LEFT,709.66,69.66,272.7,38848,0.043639780418016014,8.334584122766577,3.256
2026-07-29T11:49:02.762028+00:00,1,LEFT,707.66,67.66,272.7,39309,-0.09724661588668823,-18.572735540790326,3.222
2026-07-29T11:49:02.778604+00:00,1,LEFT,710.66,70.66,272.7,38956,0.09088076304644346,17.35694720496568,3.258
2026-07-29T11:49:02.895451+00:00,1,LEFT,711.66,71.66,272.7,39381,0.08130793256685137,15.528671256716272,3.298
2026-07-29T11:49:02.928702+00:00,1,LEFT,703.66,63.66,272.7,38681,-0.014671265464276075,-2.8020053040635378,3.173
2026-07-29T11:49:02.978732+00:00,1,LEFT,709.66,69.66,272.7,39288,-0.000400782055221498,-0.07654373422923644,3.21
2026-07-29T11:49:03.078763+00:00,1,LEFT,708.66,68.66,272.7,39775,-0.049333206210285425,-9.421948352326456,3.213
2026-07-29T11:49:02.862002+00:00,1,LEFT,706.66,66.66,272.7,38612,-0.020682895835489035,-3.950142131607428,3.178
2026-07-29T11:49:03.145487+00:00,1,LEFT,711.66,71.66,272.7,39062,0.19862588169722584,37.93474907771942,3.25
2026-07-29T11:49:03.161844+00:00,1,LEFT,705.66,65.66,272.7,39146,-0.1028722058609128,-19.64714408343758,3.181
2026-07-29T11:49:03.095220+00:00,1,LEFT,708.66,68.66,272.7,39519,0.1377116435021162,26.300986541604818,3.196
2026-07-29T11:49:03.211918+00:00,1,LEFT,709.66,69.66,272.7,39250,-0.2118973342142999,-40.46940980184147,3.224
2026-07-29T11:49:03.178746+00:00,1,LEFT,707.66,67.66,272.7,39167,-0.2118973342142999,-40.46940980184147,3.203
2026-07-29T11:49:03.261987+00:00,1,LEFT,709.66,69.66,272.7,39335,0.005312637756578625,1.0146390717793508,3.228
2026-07-29T11:49:03.328482+00:00,1,LEFT,448.66,-191.34,272.7,19168,0.06843966114334762,13.07101244939771,-0.772
2026-07-29T11:49:03.395350+00:00,1,LEFT,707.66,67.66,272.7,38910,-0.12211465167813003,-23.32218052622329,0.805
2026-07-29T11:49:03.528746+00:00,1,LEFT,710.66,70.66,272.7,38977,0.09814300255384296,18.74393278358954,1.808
2026-07-29T11:49:03.545370+00:00,1,LEFT,705.66,65.66,272.7,38757,-0.0210411018691957,-4.018554444699138,2.316
2026-07-29T11:49:03.612001+00:00,1,LEFT,709.66,69.66,272.7,39016,-0.06340908885002136,-12.110243912920902,2.696
2026-07-29T11:49:03.678741+00:00,1,LEFT,706.66,66.66,272.7,39161,0.036640135610941794,6.9977504376465225,2.867
2026-07-29T11:49:03.712003+00:00,1,LEFT,707.66,67.66,272.7,39258,-0.2612122309580445,-49.887861303641515,2.989
2026-07-29T11:49:03.745328+00:00,1,LEFT,711.66,71.66,272.7,39434,-0.22758523903787137,-43.46557892115338,3.137
2026-07-29T11:49:03.778619+00:00,1,LEFT,714.66,74.66,272.7,38890,0.04944996069185436,9.444246815770251,3.282
2026-07-29T11:49:03.762087+00:00,1,LEFT,703.66,63.66,272.7,38756,-0.043023957745172085,-8.216970655825168,3.163
2026-07-29T11:49:03.728668+00:00,1,LEFT,706.66,66.66,272.7,38922,0.08329996515065431,15.909121455731102,3.147
2026-07-29T11:49:03.878583+00:00,1,LEFT,707.66,67.66,272.7,38968,0.06604307059198618,12.613297370017905,3.157
2026-07-29T11:49:03.862066+00:00,1,LEFT,708.66,68.66,272.7,38942,-0.05065183266007807,-9.673787453417917,3.181
2026-07-29T11:49:03.962051+00:00,1,LEFT,710.66,70.66,272.7,39466,-0.030969744166359305,-5.914785444440968,3.234
2026-07-29T11:49:03.928572+00:00,1,LEFT,708.66,68.66,272.7,38786,-0.06775639289058745,-12.940517825536258,3.228
2026-07-29T11:49:04.078687+00:00,1,LEFT,702.66,62.66,272.7,38975,-0.014412359732668847,-2.7525579516874012,3.111
2026-07-29T11:49:04.045376+00:00,1,LEFT,708.66,68.66,272.7,38552,0.10163642258150503,19.41112686242791,3.154
2026-07-29T11:49:04.112082+00:00,1,LEFT,709.66,69.66,272.7,38952,-0.09988336546346545,-19.076317615397794,3.198
2026-07-29T11:49:04.128607+00:00,1,LEFT,709.66,69.66,272.7,39095,0.010092097964370623,1.9274487326366871,3.225
2026-07-29T11:49:04.162021+00:00,1,LEFT,708.66,68.66,272.7,38463,-0.13486385790631175,-25.75709955627901,3.222
2026-07-29T11:49:04.195467+00:00,1,LEFT,705.66,65.66,272.7,38518,0.015573299541138112,2.9742811226674513,3.164
2026-07-29T11:49:04.278665+00:00,1,LEFT,705.66,65.66,272.7,38990,0.010614115837961435,2.027146802593845,3.13
2026-07-29T11:49:04.312057+00:00,1,LEFT,707.66,67.66,272.7,38917,-0.03186862552538514,-6.086459138291515,3.146
2026-07-29T11:49:04.362065+00:00,1,LEFT,705.66,65.66,272.7,39042,-0.1165413306443952,-22.257754615874973,3.119
2026-07-29T11:49:04.412022+00:00,1,LEFT,711.66,71.66,272.7,38708,0.10386290931463009,19.836354505594368,3.215
2026-07-29T11:49:04.428731+00:00,1,LEFT,707.66,67.66,272.7,38892,-0.07478441936895251,-14.282772010591287,3.197
2026-07-29T11:49:04.445309+00:00,1,LEFT,704.66,64.66,272.7,38804,0.5506327768415212,105.16311391529355,3.131
2026-07-29T11:49:04.512015+00:00,1,LEFT,709.66,69.66,272.7,38951,-0.09184032371267677,-17.54020979283878,3.185
2026-07-29T11:49:04.562106+00:00,1,LEFT,705.66,65.66,272.7,39269,-0.09184032371267677,-17.54020979283878,3.142
2026-07-29T11:49:04.578603+00:00,1,LEFT,704.66,64.66,272.7,39160,-0.09184032371267677,-17.54020979283878,3.097
2026-07-29T11:49:04.628676+00:00,1,LEFT,707.66,67.66,272.7,38764,-0.09184032371267677,-17.54020979283878,3.127
2026-07-29T11:49:04.695414+00:00,1,LEFT,710.66,70.66,272.7,38946,-0.09184032371267677,-17.54020979283878,3.201
2026-07-29T11:49:04.762085+00:00,1,LEFT,705.66,65.66,272.7,38908,-0.09184032371267677,-17.54020979283878,3.152
2026-07-29T11:49:04.778634+00:00,1,LEFT,707.66,67.66,272.7,38954,-0.09184032371267677,-17.54020979283878,3.16
2026-07-29T11:49:04.812111+00:00,1,LEFT,707.66,67.66,272.7,39264,0.01913538243272342,3.6545888425460995,3.164
2026-07-29T11:49:04.828617+00:00,1,LEFT,710.66,70.66,272.7,38958,-0.06033160797320306,-11.522488360341207,3.223
2026-07-29T11:49:04.878646+00:00,1,LEFT,704.66,64.66,272.7,38819,0.08136747770011425,15.540043539471295,3.146
2026-07-29T11:49:04.895453+00:00,1,LEFT,710.66,70.66,272.7,39379,0.3102062029950321,59.24502070131272,3.213
2026-07-29T11:49:04.978747+00:00,1,LEFT,709.66,69.66,272.7,38691,0.03050089256837964,5.82524138516697,3.234
2026-07-29T11:49:04.996397+00:00,1,LEFT,712.66,72.66,272.7,38692,0.008869470083154737,1.6939440076077126,3.302
2026-07-29T11:49:05.028731+00:00,1,LEFT,707.66,67.66,272.7,38994,0.028734297873452306,5.487846651401846,3.25
2026-07-29T11:49:05.078635+00:00,1,LEFT,706.66,66.66,272.7,38920,0.15435044440440834,29.47876343447084,3.2
2026-07-29T11:49:05.095433+00:00,1,LEFT,708.66,68.66,272.7,38853,0.07961241113953292,15.204850517185125,3.207
2026-07-29T11:49:05.145480+00:00,1,LEFT,706.66,66.66,272.7,39294,0.20261169132776558,38.695982643627836,3.174
2026-07-29T11:49:05.195492+00:00,1,LEFT,707.66,67.66,272.7,39245,0.019961145389825106,3.8122979502799965,3.173
2026-07-29T11:49:05.112021+00:00,1,LEFT,709.66,69.66,272.7,38986,0.01739367576315999,3.321947371493529,3.21
2026-07-29T11:49:05.262054+00:00,1,LEFT,708.66,68.66,272.7,39144,0.01739367576315999,3.321947371493529,3.213
2026-07-29T11:49:05.278633+00:00,1,LEFT,711.66,71.66,272.7,39167,0.08607138752937317,16.438424140893428,3.271
2026-07-29T11:49:05.312008+00:00,1,LEFT,710.66,70.66,272.7,39423,0.11708735790103673,22.36203814022386,3.288
2026-07-29T11:49:05.378635+00:00,1,LEFT,707.66,67.66,272.7,38831,0.023262772317975758,4.44286224531258,3.241
2026-07-29T11:49:05.395620+00:00,1,LEFT,706.66,66.66,272.7,39117,0.02809365151450038,5.365492209640617,3.194
2026-07-29T11:49:05.428742+00:00,1,LEFT,711.66,71.66,272.7,39040,0.02809365151450038,5.365492209640617,3.26
2026-07-29T11:49:05.445256+00:00,1,LEFT,708.66,68.66,272.7,39036,-0.14329173964855726,-27.36670640316578,3.243
2026-07-29T11:49:05.495274+00:00,1,LEFT,708.66,68.66,272.7,38823,0.07754953711119014,14.810870598881152,3.233
2026-07-29T11:49:05.578710+00:00,1,LEFT,706.66,66.66,272.7,38763,0.07754953711119014,14.810870598881152,3.19
2026-07-29T11:49:05.595244+00:00,1,LEFT,706.66,66.66,272.7,38673,-0.14436696030839813,-27.57205842267962,3.164
2026-07-29T11:49:05.612764+00:00,1,LEFT,705.66,65.66,272.7,39347,0.23599916817620398,45.07252101698206,3.129
2026-07-29T11:49:05.728734+00:00,1,LEFT,710.66,70.66,272.7,39398,-0.019916869616135955,-3.8038419003897808,3.202
2026-07-29T11:49:05.828738+00:00,1,LEFT,708.66,68.66,272.7,39082,0.009483141363598407,1.811146588867084,3.209
2026-07-29T11:49:05.861996+00:00,1,LEFT,706.66,66.66,272.7,39104,0.06812024659942835,13.010008765125475,3.175
2026-07-29T11:49:05.895494+00:00,1,LEFT,706.66,66.66,272.7,39088,0.020415658140555026,3.8991034914523497,3.155
2026-07-29T11:49:05.911862+00:00,1,LEFT,707.66,67.66,272.7,39088,0.020415658140555026,3.8991034914523497,3.161
2026-07-29T11:49:05.928732+00:00,1,LEFT,712.66,72.66,272.7,39423,0.0687795781402383,13.135931813753036,3.259
2026-07-29T11:49:05.962002+00:00,1,LEFT,706.66,66.66,272.7,38602,0.003078172719106078,0.5878876847236232,3.205
2026-07-29T11:49:05.995480+00:00,1,LEFT,701.66,61.66,272.7,39027,-0.12710741863120348,-24.27572877456829,3.079
2026-07-29T11:49:06.045345+00:00,1,LEFT,705.66,65.66,272.7,38808,0.16417438556149136,31.354997989423254,3.079
2026-07-29T11:49:06.078747+00:00,1,LEFT,709.66,69.66,272.7,38732,0.02938151821028441,5.611456630453563,3.153
2026-07-29T11:49:06.128591+00:00,1,LEFT,709.66,69.66,272.7,38787,0.18505319785792382,35.34255740886134,3.198
2026-07-29T11:49:06.212100+00:00,1,LEFT,709.66,69.66,272.7,39080,-0.09437885782215744,-18.025034094916258,3.225
2026-07-29T11:49:06.245429+00:00,1,LEFT,706.66,66.66,272.7,39030,-0.0216254139598459,-4.130149833741544,3.185
2026-07-29T11:49:06.295197+00:00,1,LEFT,708.66,68.66,272.7,39151,0.052109543862752614,9.95218978562522,3.198
2026-07-29T11:49:06.312080+00:00,1,LEFT,710.66,70.66,272.7,38655,-0.04381809828802943,-8.368640327311681,3.244
2026-07-29T11:49:06.328602+00:00,1,LEFT,709.66,69.66,272.7,38943,-0.003664394780062139,-0.6998478512244337,3.252
2026-07-29T11:49:06.395327+00:00,1,LEFT,707.66,67.66,272.7,38529,0.020988580007106065,4.00852350793279,3.22
2026-07-29T11:49:06.412114+00:00,1,LEFT,707.66,67.66,272.7,38933,-0.07906980347819627,-15.101220087431612,3.2
2026-07-29T11:49:06.462094+00:00,1,LEFT,706.66,66.66,272.7,39186,-0.45882311776280404,-87.62876063614209,3.17
2026-07-29T11:49:06.512086+00:00,1,LEFT,712.66,72.66,272.7,39512,-0.45882311776280404,-87.62876063614209,3.264
2026-07-29T11:49:06.528698+00:00,1,LEFT,705.66,65.66,272.7,38749,0.0003321682490059175,0.06343946252096558,3.19
2026-07-29T11:49:06.595299+00:00,1,LEFT,711.66,71.66,272.7,39257,-0.00014968418749049305,-0.02858757401016722,3.257
2026-07-29T11:49:06.628715+00:00,1,LEFT,706.66,66.66,272.7,38861,-0.10468727384926751,-19.993796534311002,3.204
2026-07-29T11:49:06.645419+00:00,1,LEFT,709.66,69.66,272.7,39216,0.03575253490358591,6.828231189565461,3.229
2026-07-29T11:49:06.712096+00:00,1,LEFT,709.66,69.66,272.7,39120,-2.323267006278038,-443.71131380575105,3.243
2026-07-29T11:49:06.728716+00:00,1,LEFT,709.66,69.66,272.7,38952,-0.01207885324023664,-2.306891040078262,3.252
2026-07-29T11:49:06.795320+00:00,1,LEFT,708.66,68.66,272.7,39194,-0.07489693135023118,-14.304260216164362,3.238
2026-07-29T11:49:06.812067+00:00,1,LEFT,707.66,67.66,272.7,39140,-2.2260518744587887e-05,-0.004251445912789146,3.212
2026-07-29T11:49:06.828693+00:00,1,LEFT,708.66,68.66,272.7,39246,0.025105009159306066,4.794703564885042,3.214
2026-07-29T11:49:06.928706+00:00,1,LEFT,710.66,70.66,272.7,39191,0.033869002433493736,6.468502985858352,3.253
2026-07-29T11:49:06.845308+00:00,1,LEFT,708.66,68.66,272.7,39090,-0.4325746673345566,-82.61567587515229,3.239
2026-07-29T11:49:06.978548+00:00,1,LEFT,708.66,68.66,272.7,38499,0.07402284022420645,14.137321108060846,3.231
2026-07-29T11:49:06.995449+00:00,1,LEFT,710.16,70.16,272.7,38892,-0.012758709515037481,-2.4367340241501765,3.254
2026-07-29T11:49:07.028686+00:00,1,LEFT,710.66,70.66,272.7,39181,0.009953353626769967,1.9009505160505011,3.277
2026-07-29T11:49:07.061955+00:00,1,LEFT,708.66,68.66,272.7,39099,-0.662666877657175,-126.56005104289399,3.254
2026-07-29T11:49:07.145427+00:00,1,LEFT,707.66,67.66,272.7,38437,-0.0156696102861315,-2.9926751200337245,3.221
2026-07-29T11:49:07.178529+00:00,1,LEFT,704.66,64.66,272.7,38992,-0.015144466898636893,-2.892380120891577,3.145
2026-07-29T11:49:07.230713+00:00,1,LEFT,711.66,71.66,272.7,39578,-0.03721310775727034,-7.107180056857116,3.23
2026-07-29T11:49:07.295412+00:00,1,LEFT,707.66,67.66,272.7,39358,-0.049101157475961374,-9.37763030859939,3.207
2026-07-29T11:49:07.328654+00:00,1,LEFT,706.66,66.66,272.7,39355,0.017195090111345054,3.2840203057573616,3.174
2026-07-29T11:49:07.345407+00:00,1,LEFT,710.66,70.66,272.7,39074,-0.012001645602285862,-2.2921454674090826,3.229
2026-07-29T11:49:07.395436+00:00,1,LEFT,708.66,68.66,272.7,38141,0.0007303031720221043,0.13947763173961042,3.225
2026-07-29T11:49:07.378690+00:00,1,LEFT,709.66,69.66,272.7,38660,-0.0021848332067020237,-0.41727240561353257,3.241
2026-07-29T11:49:07.428662+00:00,1,LEFT,709.66,69.66,272.7,39346,0.02239573057740927,4.2772694706587915,3.251
2026-07-29T11:49:07.445447+00:00,1,LEFT,710.66,70.66,272.7,39019,-0.022888614838011564,-4.37140343039525,3.275
2026-07-29T11:49:07.478743+00:00,1,LEFT,708.66,68.66,272.7,38694,-0.03576661005616188,-6.830919345694147,3.252
2026-07-29T11:49:07.512122+00:00,1,LEFT,704.66,64.66,272.7,38817,0.024729974303772904,4.723077183577213,3.164
2026-07-29T11:49:07.562029+00:00,1,LEFT,710.66,70.66,272.7,38783,-0.01501365507952869,-2.867396903740481,3.223
2026-07-29T11:49:07.578693+00:00,1,LEFT,709.66,69.66,272.7,38723,0.02443492377176881,4.666726682820799,3.24
2026-07-29T11:49:07.596995+00:00,1,LEFT,708.66,68.66,272.7,38357,-0.05369315596297383,-10.254637418053635,3.231
2026-07-29T11:49:07.528577+00:00,1,LEFT,707.66,67.66,272.7,38852,0.013859876361675561,2.647041400323815,3.207
2026-07-29T11:49:07.712022+00:00,1,LEFT,711.66,71.66,272.7,39206,0.011395865068770945,2.1764499078037893,3.268
2026-07-29T11:49:07.811901+00:00,1,LEFT,704.66,64.66,272.7,38863,-0.03278992145787925,-6.2624137003397875,3.173
2026-07-29T11:49:07.845417+00:00,1,LEFT,708.66,68.66,272.7,38753,-0.03620866008102894,-6.915344681555932,3.191
2026-07-29T11:49:07.878730+00:00,1,LEFT,701.66,61.66,272.7,38474,0.039287636242806914,7.5033858125268225,3.071
2026-07-29T11:49:07.912008+00:00,1,LEFT,708.66,68.66,272.7,38745,0.039287636242806914,7.5033858125268225,3.13
2026-07-29T11:49:07.928804+00:00,1,LEFT,708.66,68.66,272.7,39043,0.039287636242806914,7.5033858125268225,3.165
2026-07-29T11:49:08.011838+00:00,1,LEFT,705.66,65.66,272.7,38706,-0.025432919568847866,-4.85732983996888,3.13
2026-07-29T11:49:08.028742+00:00,1,LEFT,710.66,70.66,272.7,38932,0.019898654515855013,3.8003630724914297,3.203
2026-07-29T11:49:08.062017+00:00,1,LEFT,709.66,69.66,272.7,39653,-0.07053408998996019,-13.471018894068886,3.228
2026-07-29T11:49:08.111970+00:00,1,LEFT,706.66,66.66,272.7,39169,0.031043410184793174,5.928854617606946,3.186
2026-07-29T11:49:08.178751+00:00,1,LEFT,708.66,68.66,272.7,38600,0.04707732932642102,8.991107603837944,3.199
2026-07-29T11:49:08.195367+00:00,1,LEFT,706.66,66.66,272.7,38897,0.04707732932642102,8.991107603837944,3.169
2026-07-29T11:49:08.245365+00:00,1,LEFT,706.66,66.66,272.7,39210,-0.0159024058887735,-3.0371358051023614,3.151
2026-07-29T11:49:08.328718+00:00,1,LEFT,710.66,70.66,272.7,38976,-0.05767665959894657,-11.015430571441152,3.216
2026-07-29T11:49:08.345365+00:00,1,LEFT,708.66,68.66,272.7,38974,0.08914656894747168,17.025740529207095,3.217
2026-07-29T11:49:08.378806+00:00,1,LEFT,709.66,69.66,272.7,39151,0.027844826309010386,5.31797009593711,3.236
2026-07-29T11:49:08.411967+00:00,1,LEFT,708.66,68.66,272.7,38720,-0.009758138880133629,-1.8636672457805747,3.229
2026-07-29T11:49:08.545240+00:00,1,LEFT,707.66,67.66,272.7,38838,-0.0003643264062702656,-0.06958121814818263,3.206
2026-07-29T11:49:08.562101+00:00,1,LEFT,705.66,65.66,272.7,38643,-0.0051144355908036235,-0.9767852464818179,3.155
2026-07-29T11:49:08.578689+00:00,1,LEFT,711.66,71.66,272.7,39157,0.06993519249372185,13.356637897750856,3.236
2026-07-29T11:49:08.678700+00:00,1,LEFT,707.66,67.66,272.7,38973,0.006741952760203276,1.287618129454079,3.21
2026-07-29T11:49:08.695331+00:00,1,LEFT,706.66,66.66,272.7,39178,0.006741952760203276,1.287618129454079,3.176
2026-07-29T11:49:08.728738+00:00,1,LEFT,705.66,65.66,272.7,39567,0.06825791618786753,13.036301719741703,3.137
2026-07-29T11:49:08.778847+00:00,1,LEFT,710.66,70.66,272.7,39564,0.038618581648916,7.375605797547528,3.207
2026-07-29T11:49:08.862079+00:00,1,LEFT,706.66,66.66,272.7,38977,0.03408100325614214,6.508992160495203,3.174
2026-07-29T11:49:08.878744+00:00,1,LEFT,709.66,69.66,272.7,39532,0.03408100325614214,6.508992160495203,3.21
2026-07-29T11:49:08.912119+00:00,1,LEFT,707.66,67.66,272.7,39278,0.07817193150520324,14.929739172112994,3.195
2026-07-29T11:49:08.962211+00:00,1,LEFT,707.66,67.66,272.7,38594,0.12042786734178662,23.000028448152445,3.185
2026-07-29T11:49:09.028704+00:00,1,LEFT,707.66,67.66,272.7,38860,-0.430027613658458,-82.12922445570652,3.18
2026-07-29T11:49:09.012069+00:00,1,LEFT,706.66,66.66,272.7,39028,-0.08517683772370219,-16.26757771279611,3.158
2026-07-29T11:49:09.095461+00:00,1,LEFT,707.66,67.66,272.7,39094,-0.0023462925478816028,-0.44810886832204155,3.163
2026-07-29T11:49:09.112183+00:00,1,LEFT,708.66,68.66,272.7,39453,0.07522472056560219,14.366863344866573,3.185
2026-07-29T11:49:09.162077+00:00,1,LEFT,706.66,66.66,272.7,38943,9.902170859277248e-05,0.01891175327513394,3.161
2026-07-29T11:49:09.178677+00:00,1,LEFT,710.66,70.66,272.7,38793,0.03943777559325099,7.532060316257762,3.221
2026-07-29T11:49:09.212101+00:00,1,LEFT,708.66,68.66,272.7,39111,-0.2034127677883953,-38.848976977832365,3.22
2026-07-29T11:49:09.195401+00:00,1,LEFT,710.66,70.66,272.7,38705,0.1740771697089076,33.24629044634328,3.257
2026-07-29T11:49:09.278701+00:00,1,LEFT,708.66,68.66,272.7,38669,0.048707328233867885,9.302414463863412,3.241
2026-07-29T11:49:09.361957+00:00,1,LEFT,708.66,68.66,272.7,39367,0.11294110663235188,21.570162478569173,3.232
2026-07-29T11:49:09.428663+00:00,1,LEFT,708.66,68.66,272.7,39157,-0.21646721171215177,-41.34219211357053,3.227
2026-07-29T11:49:09.445437+00:00,1,LEFT,709.66,69.66,272.7,39046,0.04805019015446305,9.17691033550598,3.242
2026-07-29T11:49:09.478630+00:00,1,LEFT,707.66,67.66,272.7,39053,-0.2478024106658995,-47.326774281078855,3.214
2026-07-29T11:49:09.528559+00:00,1,LEFT,706.66,66.66,272.7,38478,-0.00021315014222636817,-0.04070867850728043,3.178
2026-07-29T11:49:09.611931+00:00,1,LEFT,706.66,66.66,272.7,38700,-0.00021315014222636817,-0.04070867850728043,3.157
2026-07-29T11:49:09.628669+00:00,1,LEFT,706.66,66.66,272.7,39348,0.01598242369480431,3.0524180803405674,3.144
2026-07-29T11:49:09.745334+00:00,1,LEFT,709.66,69.66,272.7,39221,-0.73539999618195,-140.45105345054193,3.192
2026-07-29T11:49:09.762143+00:00,1,LEFT,711.66,71.66,272.7,39430,-0.16954950515180825,-32.38157021243407,3.259
2026-07-29T11:49:09.812089+00:00,1,LEFT,706.66,66.66,272.7,38539,0.23019630728289486,43.9642562226883,3.205
2026-07-29T11:49:09.896064+00:00,1,LEFT,706.66,66.66,272.7,39074,0.14180793207138775,27.083320030561293,3.173
2026-07-29T11:49:09.912647+00:00,1,LEFT,706.66,66.66,272.7,38748,-0.10654426381923258,-20.348455493901415,3.154
2026-07-29T11:49:09.929161+00:00,1,LEFT,707.66,67.66,272.7,38797,0.012706200880929828,2.4267056137422927,3.161
2026-07-29T11:49:10.062047+00:00,1,LEFT,707.66,67.66,272.7,38774,0.030974497804418206,5.91569332243466,3.165
2026-07-29T11:49:10.078795+00:00,1,LEFT,707.66,67.66,272.7,38945,0.030974497804418206,5.91569332243466,3.168
2026-07-29T11:49:10.095331+00:00,1,LEFT,706.66,66.66,272.7,38800,-0.04392899109050631,-8.38981929251269,3.15
2026-07-29T11:49:10.145429+00:00,1,LEFT,707.66,67.66,272.7,38700,-0.11920345291495323,-22.766182518044168,3.159
2026-07-29T11:49:10.228767+00:00,1,LEFT,707.66,67.66,272.7,39352,0.018537124590948223,3.540330011231686,3.164
2026-07-29T11:49:10.245264+00:00,1,LEFT,709.66,69.66,272.7,39117,-0.025883412910625337,-4.943367730577525,3.204
2026-07-29T11:49:10.295399+00:00,1,LEFT,706.66,66.66,272.7,39170,-0.025883412910625337,-4.943367730577525,3.172
2026-07-29T11:49:10.329313+00:00,1,LEFT,707.66,67.66,272.7,38929,6.639192437380553,1267.9923534569325,3.172
2026-07-29T11:49:10.345257+00:00,1,LEFT,710.66,70.66,272.7,39321,0.0,0.0,3.228
2026-07-29T11:49:10.378517+00:00,1,LEFT,451.66,-188.34,272.7,19582,0.0,0.0,-0.772
2026-07-29T11:49:10.428907+00:00,1,LEFT,705.66,65.66,272.7,38946,-0.018900026911869646,-3.6096392491126847,0.768
2026-07-29T11:49:10.478737+00:00,1,LEFT,708.66,68.66,272.7,39340,0.13078182347118855,24.977488406413578,1.748
2026-07-29T11:49:10.495406+00:00,1,LEFT,709.66,69.66,272.7,39479,0.03226655803155154,6.162458648739508,2.355
2026-07-29T11:49:10.578774+00:00,1,LEFT,708.66,68.66,272.7,38991,-0.0018447273424317245,-0.3523169702457413,2.7
2026-07-29T11:49:10.595423+00:00,1,LEFT,712.66,72.66,272.7,39142,-0.0018447273424317245,-0.3523169702457413,2.982
2026-07-29T11:49:10.628750+00:00,1,LEFT,710.66,70.66,272.7,38761,-0.025143681846093387,-4.802089504002859,3.114
2026-07-29T11:49:10.762027+00:00,1,LEFT,708.66,68.66,272.7,38238,-0.07704670816659927,-14.71483734440757,3.156
2026-07-29T11:49:10.795429+00:00,1,LEFT,708.66,68.66,272.7,38820,0.252574356906116,48.23814887983795,3.181
2026-07-29T11:49:10.812081+00:00,1,LEFT,710.66,70.66,272.7,38677,-0.021490245314780623,-4.104334524125737,3.233
2026-07-29T11:49:10.845361+00:00,1,LEFT,711.66,71.66,272.7,38858,-0.03445650338195264,-6.5807074018804474,3.284
2026-07-29T11:49:10.878599+00:00,1,LEFT,706.66,66.66,272.7,38847,0.12612856183201074,24.088780896763527,3.22
2026-07-29T11:49:11.012145+00:00,1,LEFT,710.66,70.66,272.7,39605,-0.0030096109118312596,-0.5747933440815016,3.257
2026-07-29T11:49:11.045240+00:00,1,LEFT,706.66,66.66,272.7,38987,0.01982977656647563,3.7872083531549143,3.204
2026-07-29T11:49:11.128720+00:00,1,LEFT,710.66,70.66,272.7,38496,0.020222344938665628,3.8621833894776074,3.247
2026-07-29T11:49:11.162195+00:00,1,LEFT,711.66,71.66,272.7,39452,0.008961335847852752,1.7114890762708397,3.292
2026-07-29T11:49:11.178554+00:00,1,LEFT,709.66,69.66,272.7,38746,-0.13814182099886238,-26.38314439162168,3.281
2026-07-29T11:49:11.145352+00:00,1,LEFT,710.66,70.66,272.7,39210,0.03915952597511932,7.478918553690855,3.293
2026-07-29T11:49:11.095232+00:00,1,LEFT,709.66,69.66,272.7,38592,0.08334377001971006,15.91748756946116,3.282
2026-07-29T11:49:11.278733+00:00,1,LEFT,711.66,71.66,272.7,39178,0.07132434750674292,13.621946962202685,3.313
2026-07-29T11:49:11.328786+00:00,1,LEFT,707.66,67.66,272.7,39158,-3.584660240449011e-05,-0.0068461967588693065,3.256
2026-07-29T11:49:11.295368+00:00,1,LEFT,709.66,69.66,272.7,38605,-0.0096841510606464,-1.8495366131405948,3.26
2026-07-29T11:49:11.395370+00:00,1,LEFT,709.66,69.66,272.7,39131,-0.008415669852402061,-1.6072745477270751,3.262
2026-07-29T11:49:11.445321+00:00,1,LEFT,708.66,68.66,272.7,38715,-0.023165913538541645,-4.424363581078036,3.244
2026-07-29T11:49:11.462126+00:00,1,LEFT,707.66,67.66,272.7,38940,0.0197641204908723,3.774668966383372,3.215
2026-07-29T11:49:11.478673+00:00,1,LEFT,711.66,71.66,272.7,39406,-0.03328099407895934,-6.3562016624141755,3.273
2026-07-29T11:49:11.578683+00:00,1,LEFT,709.66,69.66,272.7,38948,-0.07009627123363316,-13.387401670971535,3.27
2026-07-29T11:49:11.612100+00:00,1,LEFT,709.66,69.66,272.7,38929,-0.07600745028466918,-14.516353709539906,3.268
2026-07-29T11:49:11.678661+00:00,1,LEFT,709.66,69.66,272.7,38478,0.005093330219388008,0.9727544174579149,3.267
2026-07-29T11:49:11.695465+00:00,1,LEFT,710.66,70.66,272.7,38978,-4.8587098717689514e-05,-0.009279452317697012,3.285
2026-07-29T11:49:11.728576+00:00,1,LEFT,709.66,69.66,272.7,39511,-0.02454466275055893,-4.687685283929964,3.277
2026-07-29T11:49:11.812025+00:00,1,LEFT,706.66,66.66,272.7,38890,0.039603075440973044,7.563630261686524,3.216
2026-07-29T11:49:11.845442+00:00,1,LEFT,708.66,68.66,272.7,38272,-0.09841210995335131,-18.79532851101477,3.217
2026-07-29T11:49:11.878678+00:00,1,LEFT,707.66,67.66,272.7,38487,-0.027315083278808744,-5.216796629747026,3.199
2026-07-29T11:49:11.895443+00:00,1,LEFT,707.66,67.66,272.7,38745,0.14434306883253156,27.56749548690131,3.188
2026-07-29T11:49:11.945502+00:00,1,LEFT,710.66,70.66,272.7,38710,0.1167026749625802,22.288569110809696,3.237
2026-07-29T11:49:11.995497+00:00,1,LEFT,706.66,66.66,272.7,38865,-0.19511699562659487,-37.26460120225476,3.192
2026-07-29T11:49:12.012081+00:00,1,LEFT,707.66,67.66,272.7,38547,-0.02351006773795234,-4.490092191504491,3.184
2026-07-29T11:49:12.045457+00:00,1,LEFT,709.66,69.66,272.7,38682,0.035504930314491506,6.780942196421527,3.216
2026-07-29T11:49:12.062078+00:00,1,LEFT,711.66,71.66,272.7,38739,0.07989946742542088,15.259674229398726,3.273
2026-07-29T11:49:12.111983+00:00,1,LEFT,707.66,67.66,272.7,38756,0.11822984153404832,22.580236441338318,3.233
2026-07-29T11:49:12.211970+00:00,1,LEFT,708.66,68.66,272.7,38249,-0.08010985499247908,-15.299855294913593,3.227
2026-07-29T11:49:12.262053+00:00,1,LEFT,712.66,72.66,272.7,39581,0.12501073095947504,23.87529092607779,3.298
2026-07-29T11:49:12.278767+00:00,1,LEFT,707.66,67.66,272.7,38951,0.0312535012094304,5.968979047691254,3.248
2026-07-29T11:49:12.295496+00:00,1,LEFT,710.66,70.66,272.7,38898,0.0312535012094304,5.968979047691254,3.273
2026-07-29T11:49:12.345445+00:00,1,LEFT,711.66,71.66,272.7,38793,-4.2045723530463876e-05,-0.008030141682898251,3.308
2026-07-29T11:49:12.412095+00:00,1,LEFT,708.66,68.66,272.7,38651,0.03470442167017609,6.628056307144818,3.272
2026-07-29T11:49:12.428771+00:00,1,LEFT,708.66,68.66,272.7,39396,0.08761143878567963,16.7325522649607,3.25
2026-07-29T11:49:12.478795+00:00,1,LEFT,709.66,69.66,272.7,39247,0.08128897842951119,15.525051283136593,3.256
2026-07-29T11:49:12.512156+00:00,1,LEFT,707.66,67.66,272.7,38524,0.05192456666845828,9.916861743827765,3.222
2026-07-29T11:49:12.528799+00:00,1,LEFT,710.66,70.66,272.7,39036,-0.057987473155371845,-11.074791588103217,3.258
2026-07-29T11:49:12.628759+00:00,1,LEFT,706.66,66.66,272.7,38652,-0.057987473155371845,-11.074791588103217,3.205
2026-07-29T11:49:12.645297+00:00,1,LEFT,707.66,67.66,272.7,38294,0.05652819610433653,10.796090200887816,3.191
2026-07-29T11:49:12.712070+00:00,1,LEFT,710.66,70.66,272.7,39070,-0.06384224450681358,-12.19297054960894,3.24
2026-07-29T11:49:12.745288+00:00,1,LEFT,711.66,71.66,272.7,39035,-0.06531442490406335,-12.474136294423289,3.287
2026-07-29T11:49:12.828769+00:00,1,LEFT,706.66,66.66,272.7,38916,0.09378871161490679,17.912324471679206,3.222
2026-07-29T11:49:12.845461+00:00,1,LEFT,711.66,71.66,272.7,39626,-1.8213380317320117e-05,-0.003478499409496956,3.277
2026-07-29T11:49:12.862115+00:00,1,LEFT,708.66,68.66,272.7,38311,0.11602753581624711,22.15962703191319,3.253
2026-07-29T11:49:12.912061+00:00,1,LEFT,711.66,71.66,272.7,38851,-3.471293193797464e-05,-0.006629681648569428,3.296
2026-07-29T11:49:12.978760+00:00,1,LEFT,709.66,69.66,272.7,38761,0.030487266661366447,5.8226390286206575,3.283
2026-07-29T11:49:13.045379+00:00,1,LEFT,708.66,68.66,272.7,38600,0.030487266661366447,5.8226390286206575,3.257
2026-07-29T11:49:13.062018+00:00,1,LEFT,709.66,69.66,272.7,38858,0.030487266661366447,5.8226390286206575,3.26
2026-07-29T11:49:13.078816+00:00,1,LEFT,709.66,69.66,272.7,38855,0.030487266661366447,5.8226390286206575,3.262
2026-07-29T11:49:13.195392+00:00,1,LEFT,706.66,66.66,272.7,38874,0.030487266661366447,5.8226390286206575,3.207
2026-07-29T11:49:13.212153+00:00,1,LEFT,709.66,69.66,272.7,38701,0.030487266661366447,5.8226390286206575,3.23
2026-07-29T11:49:13.245271+00:00,1,LEFT,709.66,69.66,272.7,38625,0.10483352308161557,20.02172808021291,3.244
2026-07-29T11:49:13.278766+00:00,1,LEFT,707.66,67.66,272.7,39044,-2.7523868484422562e-05,-0.005256671666768502,3.215
2026-07-29T11:49:13.312161+00:00,1,LEFT,710.66,70.66,272.7,39189,-0.06983810689300299,-13.338095913841913,3.254
2026-07-29T11:49:13.345366+00:00,1,LEFT,711.66,71.66,272.7,38748,0.02895447926595807,5.529898199794824,3.296
2026-07-29T11:49:13.395254+00:00,1,LEFT,710.66,70.66,272.7,39074,0.05077575474628247,9.697454828511146,3.302
2026-07-29T11:49:13.412124+00:00,1,LEFT,709.66,69.66,272.7,39081,0.0,0.0,3.287
2026-07-29T11:49:13.428729+00:00,1,LEFT,708.66,68.66,272.7,38453,3.698391315992922e-05,0.007063407113140961,3.26
2026-07-29T11:49:13.511897+00:00,1,LEFT,439.66,-200.34,272.7,18495,-0.1419012872345047,-27.10114955336915,-0.74
2026-07-29T11:49:13.528890+00:00,1,LEFT,711.66,71.66,272.7,38627,-2.1027568291174244e-05,-0.0040159697216913355,0.899
2026-07-29T11:49:13.628811+00:00,1,LEFT,704.66,64.66,272.7,38723,0.012223482057452202,2.334513109486331,1.752
2026-07-29T11:49:13.662242+00:00,1,LEFT,707.66,67.66,272.7,38536,-0.08698727360926568,-16.613345497202168,2.32
2026-07-29T11:49:13.695399+00:00,1,LEFT,713.66,73.66,272.7,38995,0.028572220075875523,5.456892072222095,2.773
2026-07-29T11:49:13.728729+00:00,1,LEFT,709.66,69.66,272.7,38748,0.15050590109080075,28.74450974772099,2.97
2026-07-29T11:49:13.762165+00:00,1,LEFT,709.66,69.66,272.7,39146,0.15050590109080075,28.74450974772099,3.088
2026-07-29T11:49:13.778721+00:00,1,LEFT,709.66,69.66,272.7,38237,0.043298084023408595,8.269324918480438,3.159
2026-07-29T11:49:13.912091+00:00,1,LEFT,712.66,72.66,272.7,39022,1.7601176368771123e-05,0.0033615770679866173,3.258
2026-07-29T11:49:13.928799+00:00,1,LEFT,707.66,67.66,272.7,38882,-0.12339945757295936,-23.56756037711412,3.223
2026-07-29T11:49:13.978779+00:00,1,LEFT,707.66,67.66,272.7,38914,-4.208064550766721e-05,-0.008036811289251596,3.202
2026-07-29T11:49:14.028723+00:00,1,LEFT,708.66,68.66,272.7,38614,-6.486113196956466e-05,-0.012387563720990372,3.209
2026-07-29T11:49:14.061940+00:00,1,LEFT,708.66,68.66,272.7,39121,0.19618723257444798,37.469001402891244,3.213
2026-07-29T11:49:14.161965+00:00,1,LEFT,705.66,65.66,272.7,38627,-0.0653273641411215,-12.476607506668461,3.159
2026-07-29T11:49:14.178702+00:00,1,LEFT,711.66,71.66,272.7,39223,-0.0653273641411215,-12.476607506668461,3.239
2026-07-29T11:49:14.195454+00:00,1,LEFT,706.66,66.66,272.7,38906,0.08746095407754183,16.70381180276885,3.193
2026-07-29T11:49:14.245341+00:00,1,LEFT,712.66,72.66,272.7,39207,0.16941348559223116,32.35559239011742,3.278
2026-07-29T11:49:14.278571+00:00,1,LEFT,710.66,70.66,272.7,39011,0.1534641879820265,29.309500925908026,3.292
2026-07-29T11:49:14.362048+00:00,1,LEFT,711.66,71.66,272.7,38792,-0.039203398171812294,-7.487297526052439,3.319
2026-07-29T11:49:14.378744+00:00,1,LEFT,709.66,69.66,272.7,39042,0.017141306223347783,3.2737483397972014,3.297
2026-07-29T11:49:14.295562+00:00,1,LEFT,705.66,65.66,272.7,38287,0.017141306223347783,3.2737483397972014,3.209
2026-07-29T11:49:14.462050+00:00,1,LEFT,706.66,66.66,272.7,38799,9.032023604959249e-05,0.017249894434223336,3.175
2026-07-29T11:49:14.528685+00:00,1,LEFT,709.66,69.66,272.7,38278,0.1197877810895443,22.877780978893007,3.211
2026-07-29T11:49:14.545544+00:00,1,LEFT,706.66,66.66,272.7,38239,-0.2386361506395042,-45.576147569639105,3.177
2026-07-29T11:49:14.612055+00:00,1,LEFT,710.66,70.66,272.7,39515,0.029807898998260498,5.692889362508537,3.231
2026-07-29T11:49:14.628721+00:00,1,LEFT,708.66,68.66,272.7,39394,0.029807898998260498,5.692889362508537,3.226
2026-07-29T11:49:14.645445+00:00,1,LEFT,709.66,69.66,272.7,38962,-0.0001137729047331959,-0.02172902421385371,3.241
2026-07-29T11:49:14.678834+00:00,1,LEFT,710.66,70.66,272.7,39080,-0.01276151979342103,-2.437270747785624,3.27
2026-07-29T11:49:14.695341+00:00,1,LEFT,708.66,68.66,272.7,39014,0.028453462289999152,5.434211005838646,3.249
2026-07-29T11:49:14.728795+00:00,1,LEFT,710.66,70.66,272.7,39315,0.04734809821471572,9.042820652247062,3.274
2026-07-29T11:49:14.795497+00:00,1,LEFT,712.66,72.66,272.7,39332,-0.0829587131831795,-15.843947130774962,3.327
2026-07-29T11:49:14.846011+00:00,1,LEFT,709.66,69.66,272.7,38656,0.09847100153565407,18.806575974730755,3.302
2026-07-29T11:49:14.895442+00:00,1,LEFT,707.66,67.66,272.7,38881,-0.09257539372774773,-17.680597824539394,3.25
2026-07-29T11:49:14.945329+00:00,1,LEFT,710.66,70.66,272.7,38805,0.03410172469913959,6.512949664592453,3.275
2026-07-29T11:49:14.962046+00:00,1,LEFT,709.66,69.66,272.7,38777,0.0,0.0,3.271
2026-07-29T11:49:14.995446+00:00,1,LEFT,705.66,65.66,272.7,39364,-1.4940738910809156e-05,-0.002853470941320837,3.194
2026-07-29T11:49:15.028564+00:00,1,LEFT,447.66,-192.34,272.7,19483,-0.12244294628500939,-23.3848801775936,-0.806
2026-07-29T11:49:15.062174+00:00,1,LEFT,709.66,69.66,272.7,39027,0.19674659316893667,37.57583140719168,0.822
2026-07-29T11:49:15.112041+00:00,1,LEFT,711.66,71.66,272.7,38868,0.025722581651061772,4.912651222621641,1.837
2026-07-29T11:49:15.162043+00:00,1,LEFT,709.66,69.66,272.7,38678,0.030340879226569088,5.794681087995207,2.408
2026-07-29T11:49:15.195457+00:00,1,LEFT,709.66,69.66,272.7,38338,0.030340879226569088,5.794681087995207,2.751
2026-07-29T11:49:15.212017+00:00,1,LEFT,707.66,67.66,272.7,38968,-0.15821926486678423,-30.21765371509747,2.919
2026-07-29T11:49:15.311992+00:00,1,LEFT,710.66,70.66,272.7,39449,0.10216585997957736,19.51224195718102,3.076
2026-07-29T11:49:15.328783+00:00,1,LEFT,707.66,67.66,272.7,38795,0.003177413800731301,0.6068413351617518,3.114
2026-07-29T11:49:15.378807+00:00,1,LEFT,707.66,67.66,272.7,38882,-0.044868706271518025,-8.569291671900503,3.137
2026-07-29T11:49:15.395370+00:00,1,LEFT,705.66,65.66,272.7,38907,-0.0001019442468532361,-0.01946991696776751,3.113
2026-07-29T11:49:15.462121+00:00,1,LEFT,708.66,68.66,272.7,38885,-2.6168471958953887e-05,-0.004997809998514998,3.155
2026-07-29T11:49:15.495300+00:00,1,LEFT,707.66,67.66,272.7,38562,-0.0024381615023594348,-0.4656545461882391,3.162
2026-07-29T11:49:15.528748+00:00,1,LEFT,706.66,66.66,272.7,38060,-0.018392558595805894,-3.5127199399558053,3.147
2026-07-29T11:49:15.578674+00:00,1,LEFT,709.66,69.66,272.7,38306,0.0454654726665467,8.683265657868436,3.194
2026-07-29T11:49:15.595392+00:00,1,LEFT,707.66,67.66,272.7,38464,0.06853767661610619,13.089732025784528,3.185
2026-07-29T11:49:15.612327+00:00,1,LEFT,706.66,66.66,272.7,39389,0.10827573182061315,20.67914152337161,3.161
2026-07-29T11:49:15.695331+00:00,1,LEFT,710.66,70.66,272.7,39223,0.04548271787585691,8.686559250236085,3.221
2026-07-29T11:49:15.712133+00:00,1,LEFT,710.66,70.66,272.7,38686,0.04076310023199767,7.785178677207378,3.258
2026-07-29T11:49:15.762102+00:00,1,LEFT,707.66,67.66,272.7,38613,-0.09773769107181579,-18.666523992561707,3.223
2026-07-29T11:49:15.895363+00:00,1,LEFT,709.66,69.66,272.7,39057,-0.027899790757801385,-5.328467532400401,3.24
2026-07-29T11:49:15.912174+00:00,1,LEFT,709.66,69.66,272.7,39049,0.13922748806886376,26.59049152851306,3.25
2026-07-29T11:49:15.962000+00:00,1,LEFT,708.66,68.66,272.7,38536,-0.04594947299920023,-8.775702912348354,3.237
2026-07-29T11:49:16.012102+00:00,1,LEFT,709.66,69.66,272.7,38921,-0.04778173505561426,-9.125639188329972,3.248
2026-07-29T11:49:16.028796+00:00,1,LEFT,706.66,66.66,272.7,38610,-0.008564063208177685,-1.635615591039497,3.199
2026-07-29T11:49:16.062116+00:00,1,LEFT,707.66,67.66,272.7,38752,-0.05918469339609146,-11.303443811239454,3.188
2026-07-29T11:49:16.078767+00:00,1,LEFT,708.66,68.66,272.7,38538,0.043176417218055575,8.246088270301879,3.2
2026-07-29T11:49:16.145378+00:00,1,LEFT,710.66,70.66,272.7,39389,-0.00016407052287831903,-0.031335161678107654,3.245
2026-07-29T11:49:16.212136+00:00,1,LEFT,711.66,71.66,272.7,39658,-0.05200558219105005,-9.932334568892948,3.29
2026-07-29T11:49:16.228788+00:00,1,LEFT,710.66,70.66,272.7,38639,-0.018104246051516382,-3.457656300060913,3.299
2026-07-29T11:49:16.245413+00:00,1,LEFT,709.66,69.66,272.7,39143,0.13839512520004063,26.431521930489836,3.285
2026-07-29T11:49:16.328601+00:00,1,LEFT,707.66,67.66,272.7,39507,0.08414956371765583,16.071382829629602,3.24
2026-07-29T11:49:16.411965+00:00,1,LEFT,708.66,68.66,272.7,38752,2.3050235904520376e-05,0.004402270780366444,3.231
2026-07-29T11:49:16.295494+00:00,1,LEFT,710.66,70.66,272.7,38738,-0.13778208664851263,-26.314440191551945,3.264
2026-07-29T11:49:16.445473+00:00,1,LEFT,711.66,71.66,272.7,39002,0.034551462806994095,6.59884331614666,3.302
2026-07-29T11:49:16.261979+00:00,1,LEFT,704.66,64.66,272.7,39105,0.03448463024571538,6.586079237162261,3.193
2026-07-29T11:49:16.561995+00:00,1,LEFT,709.16,69.16,272.7,38852,5.685970885679126e-05,0.01085940447278922,3.213
2026-07-29T11:49:16.545453+00:00,1,LEFT,710.66,70.66,272.7,38829,0.03308209019363858,6.318213818555397,3.252
2026-07-29T11:49:16.645511+00:00,1,LEFT,710.66,70.66,272.7,38557,-3.7923997733741996e-05,-0.00724295004135705,3.276
2026-07-29T11:49:16.695461+00:00,1,LEFT,707.66,67.66,272.7,38849,-0.035326422466896476,-6.746849708830994,3.234
2026-07-29T11:49:16.745482+00:00,1,LEFT,707.66,67.66,272.7,38639,0.06665655400371179,12.730464070995117,3.209
2026-07-29T11:49:16.795489+00:00,1,LEFT,709.66,69.66,272.7,38543,-0.035415239427238704,-6.763812498753628,3.232
2026-07-29T11:49:16.828723+00:00,1,LEFT,711.66,71.66,272.7,38492,-0.02112070869654417,-4.033758228790784,3.282
2026-07-29T11:49:16.728737+00:00,1,LEFT,704.66,64.66,272.7,38589,-0.02112070869654417,-4.033758228790784,3.182
2026-07-29T11:49:16.912084+00:00,1,LEFT,710.66,70.66,272.7,38710,-0.02074058539699763,-3.961160026262104,3.234
2026-07-29T11:49:16.978744+00:00,1,LEFT,708.66,68.66,272.7,39556,4.4172634952701626e-05,0.008436351842539554,3.228
2026-07-29T11:49:17.012067+00:00,1,LEFT,706.66,66.66,272.7,38533,4.4172634952701626e-05,0.008436351842539554,3.186
2026-07-29T11:49:16.962070+00:00,1,LEFT,708.16,68.16,272.7,38342,0.021317299774382265,4.071304358957619,3.19
2026-07-29T11:49:16.945459+00:00,1,LEFT,708.66,68.66,272.7,38733,-0.011426922921091319,-2.182381520666116,3.201
2026-07-29T11:49:17.128804+00:00,1,LEFT,707.66,67.66,272.7,38612,-3.443811438046396e-05,-0.006577195361297909,3.189
2026-07-29T11:49:17.228825+00:00,1,LEFT,707.66,67.66,272.7,38678,-0.16669575017876923,-31.83654316003538,3.182
2026-07-29T11:49:17.262069+00:00,1,LEFT,707.66,67.66,272.7,38679,-0.0001172283076448366,-0.0223889575583678,3.178
2026-07-29T11:49:17.312621+00:00,1,LEFT,709.66,69.66,272.7,38513,-0.031896343400003385,-6.091752862400509,3.213
2026-07-29T11:49:17.328823+00:00,1,LEFT,707.66,67.66,272.7,39011,-3.109028621111065e-05,-0.0059378072791680635,3.196
2026-07-29T11:49:17.378835+00:00,1,LEFT,709.66,69.66,272.7,39043,-0.07770739631618198,-14.84101948622556,3.224
2026-07-29T11:49:17.478863+00:00,1,LEFT,711.66,71.66,272.7,38330,0.004013536137063056,0.7665289385898434,3.278
2026-07-29T11:49:17.361929+00:00,1,LEFT,707.66,67.66,272.7,38713,0.06354097498115152,12.135432308554458,3.235
2026-07-29T11:49:17.562047+00:00,1,LEFT,707.66,67.66,272.7,38872,-0.014050625611562282,-2.683471823536467,3.21
2026-07-29T11:49:17.578804+00:00,1,LEFT,708.66,68.66,272.7,38525,-0.014050625611562282,-2.683471823536467,3.213
2026-07-29T11:49:17.545487+00:00,1,LEFT,706.66,66.66,272.7,38655,0.057235223850002515,10.931122553638849,3.178
2026-07-29T11:49:17.612050+00:00,1,LEFT,709.66,69.66,272.7,39454,0.0051265532756224275,0.9790995538071084,3.213
2026-07-29T11:49:17.628804+00:00,1,LEFT,709.66,69.66,272.7,38931,0.0654144731850829,12.493244108589819,3.234
2026-07-29T11:49:17.695385+00:00,1,LEFT,709.66,69.66,272.7,38292,-0.16358787612523884,-31.242982938283696,3.246
2026-07-29T11:49:17.712040+00:00,1,LEFT,711.66,71.66,272.7,38865,-0.051906699413666504,-9.913449349524251,3.291
2026-07-29T11:49:17.812348+00:00,1,LEFT,705.66,65.66,272.7,38712,0.11871177974389865,22.672279859373365,3.206
2026-07-29T11:49:17.828771+00:00,1,LEFT,711.66,71.66,272.7,39095,0.009666679732035846,1.8461998351676918,3.267
2026-07-29T11:49:17.862122+00:00,1,LEFT,712.66,72.66,272.7,39403,-1.8578239541966467e-05,-0.0035481823884591273,3.323
2026-07-29T11:49:17.895329+00:00,1,LEFT,713.66,73.66,272.7,39508,-0.10859809006506112,-20.740707413031995,3.375
2026-07-29T11:49:17.662071+00:00,1,LEFT,706.66,66.66,272.7,38810,-0.0358372622798197,-6.844412926456838,3.275
2026-07-29T11:49:17.962183+00:00,1,LEFT,709.66,69.66,272.7,38820,-0.0019504425837658344,-0.37250709410791283,3.271
2026-07-29T11:49:17.995412+00:00,1,LEFT,706.66,66.66,272.7,38658,-0.02499840657459572,-4.774343970921413,3.212
2026-07-29T11:49:18.012138+00:00,1,LEFT,708.66,68.66,272.7,38624,0.016377290424425154,3.127832070598594,3.215
2026-07-29T11:49:18.062199+00:00,1,LEFT,709.66,69.66,272.7,38680,-0.06949524625437334,-13.27261435532645,3.235
2026-07-29T11:49:17.945346+00:00,1,LEFT,711.66,71.66,272.7,38864,-0.07058860771823675,-13.481431013198513,3.284
2026-07-29T11:49:17.928880+00:00,1,LEFT,707.66,67.66,272.7,38459,0.0679726533871144,12.981820537957583,3.239
2026-07-29T11:49:18.128783+00:00,1,LEFT,709.66,69.66,272.7,38888,0.00852294052951038,1.6277617379397995,3.25
2026-07-29T11:49:18.212184+00:00,1,LEFT,708.66,68.66,272.7,38806,-0.03325866336934268,-6.351936811032287,3.237
2026-07-29T11:49:18.228638+00:00,1,LEFT,710.66,70.66,272.7,38857,0.017399372393265368,3.3230353477018135,3.267
2026-07-29T11:49:18.245414+00:00,1,LEFT,706.66,66.66,272.7,38611,-0.06356395680457354,-12.139821513513114,3.21
2026-07-29T11:49:18.145480+00:00,1,LEFT,711.66,71.66,272.7,39031,0.0629821088956669,12.028696748516904,3.27
2026-07-29T11:49:18.312181+00:00,1,LEFT,708.66,68.66,272.7,38552,0.03468169029802084,6.623714934854695,3.249
2026-07-29T11:49:18.345347+00:00,1,LEFT,711.66,71.66,272.7,38998,-0.05558944874210283,-10.61680266127105,3.293
2026-07-29T11:49:18.445379+00:00,1,LEFT,709.66,69.66,272.7,38637,-0.04854432191234082,-9.271282549671902,3.282
2026-07-29T11:49:18.462125+00:00,1,LEFT,707.66,67.66,272.7,38873,-0.15088356530293823,-28.81663829914969,3.238
2026-07-29T11:49:18.395387+00:00,1,LEFT,709.66,69.66,272.7,38844,0.07028538866434246,13.423520439678203,3.249
2026-07-29T11:49:18.362158+00:00,1,LEFT,708.66,68.66,272.7,39137,0.022015287636313587,4.204610221091035,3.236
2026-07-29T11:49:18.562181+00:00,1,LEFT,706.66,66.66,272.7,38560,0.021198442988097668,4.048604384888966,3.192
2026-07-29T11:49:18.628712+00:00,1,LEFT,706.66,66.66,272.7,38656,-0.04220895775593817,-8.061317123537465,3.165
2026-07-29T11:49:18.745518+00:00,1,LEFT,708.66,68.66,272.7,38479,7.104636286385357e-05,0.013568855806179314,3.186
2026-07-29T11:49:18.762042+00:00,1,LEFT,708.66,68.66,272.7,39232,-0.007282692820299417,-1.3908918736446103,3.199
2026-07-29T11:49:18.795449+00:00,1,LEFT,707.66,67.66,272.7,38624,-7.709707235335373e-05,-0.014724456195539701,3.188
2026-07-29T11:49:18.828879+00:00,1,LEFT,706.66,66.66,272.7,39001,0.0029884866485372186,0.5707589069745961,3.163
2026-07-29T11:49:18.861979+00:00,1,LEFT,704.66,64.66,272.7,38940,0.0,0.0,3.11
2026-07-29T11:49:18.612152+00:00,1,LEFT,707.66,67.66,272.7,38678,4.294327867683023e-05,0.00820156208878838,3.134
2026-07-29T11:49:18.911986+00:00,1,LEFT,710.66,70.66,272.7,39327,0.05459220725111663,10.426343565974909,3.205
2026-07-29T11:49:18.962189+00:00,1,LEFT,708.66,68.66,272.7,39472,-0.18979041814804076,-36.247299839686136,3.211
2026-07-29T11:49:18.978718+00:00,1,LEFT,707.66,67.66,272.7,38911,0.038704600830096754,7.392034251010289,3.195
2026-07-29T11:49:19.062090+00:00,1,LEFT,705.66,65.66,272.7,38966,-0.14597855212166905,-27.87984978667382,3.148
2026-07-29T11:49:19.078740+00:00,1,LEFT,704.66,64.66,272.7,38794,0.004914823711733334,0.9386621857771399,3.101
2026-07-29T11:49:19.112123+00:00,1,LEFT,708.66,68.66,272.7,38795,-0.09261543456465006,-17.688245061081645,3.148
2026-07-29T11:49:19.178721+00:00,1,LEFT,710.66,70.66,272.7,38716,0.2781649480946362,53.12559178099422,3.214
2026-07-29T11:49:19.228715+00:00,1,LEFT,711.66,71.66,272.7,39220,-0.06560966733843088,-12.53052344583138,3.272
2026-07-29T11:49:19.245502+00:00,1,LEFT,708.66,68.66,272.7,38935,0.16787570782063996,32.06189846964672,3.25
2026-07-29T11:49:19.328775+00:00,1,LEFT,707.66,67.66,272.7,38933,-2.1630241099046545e-05,-0.004131071749419274,3.219
2026-07-29T11:49:19.347505+00:00,1,LEFT,710.66,70.66,272.7,38988,1.5194944571703674e-05,0.0029020206463128027,3.256
2026-07-29T11:49:19.362108+00:00,1,LEFT,710.66,70.66,272.7,39072,1.5194944571703674e-05,0.0029020206463128027,3.278
2026-07-29T11:49:19.378835+00:00,1,LEFT,709.66,69.66,272.7,38875,-0.03766625843942165,-7.193725462092931,3.273
2026-07-29T11:49:19.395323+00:00,1,LEFT,708.66,68.66,272.7,39108,0.08474176418036222,16.184484786758837,3.251
2026-07-29T11:49:19.495549+00:00,1,LEFT,706.66,66.66,272.7,38711,0.10243100940831937,19.562881767871758,3.2
2026-07-29T11:49:19.545313+00:00,1,LEFT,711.66,71.66,272.7,38526,0.09229713409673422,17.62745414965292,3.264
2026-07-29T11:49:19.562121+00:00,1,LEFT,706.66,66.66,272.7,38469,-0.0974671743111685,-18.614859096986237,3.208
2026-07-29T11:49:19.595328+00:00,1,LEFT,709.66,69.66,272.7,38712,0.0,0.0,3.231
2026-07-29T11:49:19.612134+00:00,1,LEFT,709.66,69.66,272.7,38834,0.1853262481279671,35.3947061690893,3.245
2026-07-29T11:49:19.661940+00:00,1,LEFT,708.66,68.66,272.7,38547,-0.09970667846035212,-19.0425728834871,3.234
2026-07-29T11:49:19.678868+00:00,1,LEFT,708.66,68.66,272.7,38640,-0.5269141277181916,-100.63318561356535,3.228
2026-07-29T11:49:19.762065+00:00,1,LEFT,707.66,67.66,272.7,38793,0.0015389054198749364,0.29390928542880573,3.205
2026-07-29T11:49:19.811992+00:00,1,LEFT,712.66,72.66,272.7,39088,-3.391712409211323e-05,-0.00647769354566524,3.285
2026-07-29T11:49:19.828819+00:00,1,LEFT,709.66,69.66,272.7,38460,-2.2416348801925782e-05,-0.004281207261478289,3.277
2026-07-29T11:49:19.928818+00:00,1,LEFT,708.66,68.66,272.7,38946,0.0698954501748085,13.349047673944863,3.254
2026-07-29T11:49:19.695310+00:00,1,LEFT,707.66,67.66,272.7,39358,-5.191017757169902e-05,-0.009914113628776727,3.221
2026-07-29T11:49:19.995450+00:00,1,LEFT,706.66,66.66,272.7,38258,2.273632228025235e-05,0.004342317694359066,3.182
2026-07-29T11:49:20.012060+00:00,1,LEFT,710.66,70.66,272.7,38951,0.07493120037484914,14.310805117759825,3.234
2026-07-29T11:49:20.112234+00:00,1,LEFT,711.66,71.66,272.7,38640,-0.07378582992590964,-14.0920554754157,3.284
2026-07-29T11:49:20.145466+00:00,1,LEFT,706.66,66.66,272.7,38890,-0.00933666291180998,-1.7831712652767928,3.22
2026-07-29T11:49:20.162118+00:00,1,LEFT,704.66,64.66,272.7,38775,-0.18633436242118478,-35.58724181664992,3.144
2026-07-29T11:49:20.245339+00:00,1,LEFT,707.66,67.66,272.7,38982,-0.003249634951353073,-0.6206345589024389,3.155
2026-07-29T11:49:20.345227+00:00,1,LEFT,711.66,71.66,272.7,39037,0.14887268372112886,28.432588206688795,3.237
2026-07-29T11:49:20.362186+00:00,1,LEFT,707.66,67.66,272.7,38943,-0.10833562315441668,-20.690579925559447,3.211
2026-07-29T11:49:20.378641+00:00,1,LEFT,712.66,72.66,272.7,39128,0.18259320907294752,34.87273415876581,3.289
2026-07-29T11:49:20.395436+00:00,1,LEFT,711.66,71.66,272.7,38688,-3.608491737395526e-05,-0.006891711565353113,3.317
2026-07-29T11:49:20.312218+00:00,1,LEFT,705.66,65.66,272.7,38752,-0.06695390419219621,-12.787253773787041,3.221
2026-07-29T11:49:20.278703+00:00,1,LEFT,707.66,67.66,272.7,38581,0.08510068886680529,16.253034352412985,3.201
2026-07-29T11:49:20.495437+00:00,1,LEFT,710.66,70.66,272.7,38616,0.049118785792961715,9.380997069146183,3.246
2026-07-29T11:49:20.478660+00:00,1,LEFT,707.66,67.66,272.7,38637,0.049118785792961715,9.380997069146183,3.216
2026-07-29T11:49:20.562126+00:00,1,LEFT,707.66,67.66,272.7,39023,-0.03872721301857382,-7.39635286089459,3.198
2026-07-29T11:49:20.612239+00:00,1,LEFT,711.66,71.66,272.7,39042,0.041795516302809116,7.982355622403963,3.262
2026-07-29T11:49:20.712177+00:00,1,LEFT,709.66,69.66,272.7,38966,-0.07802848556544632,-14.902343015658465,3.263
2026-07-29T11:49:20.595408+00:00,1,LEFT,710.16,70.16,272.7,38734,0.016092572977649978,3.073455043752066,3.274
2026-07-29T11:49:20.578712+00:00,1,LEFT,706.66,66.66,272.7,38941,0.036798609241959636,7.0280166717179755,3.214
2026-07-29T11:49:20.745451+00:00,1,LEFT,710.66,70.66,272.7,38747,-3.981650399509817e-05,-0.007604392112949687,3.253
2026-07-29T11:49:20.928756+00:00,1,LEFT,708.66,68.66,272.7,38686,-0.09809204596560449,-18.734200792108034,3.239
2026-07-29T11:49:20.978753+00:00,1,LEFT,709.66,69.66,272.7,39094,-0.09809204596560449,-18.734200792108034,3.25
2026-07-29T11:49:20.912119+00:00,1,LEFT,707.66,67.66,272.7,38685,-0.09809204596560449,-18.734200792108034,3.218
2026-07-29T11:49:21.012136+00:00,1,LEFT,706.66,66.66,272.7,39405,-0.09809204596560449,-18.734200792108034,3.181
2026-07-29T11:49:20.812158+00:00,1,LEFT,709.66,69.66,272.7,38771,-0.09809204596560449,-18.734200792108034,3.215
2026-07-29T11:49:21.128796+00:00,1,LEFT,709.66,69.66,272.7,39159,-0.05847652497701347,-11.168193605914052,3.235
2026-07-29T11:49:21.145526+00:00,1,LEFT,707.66,67.66,272.7,38971,-0.05847652497701347,-11.168193605914052,3.209
2026-07-29T11:49:21.162009+00:00,1,LEFT,712.16,72.16,272.7,38680,-0.012790007684379816,-2.4427115341828483,3.279
2026-07-29T11:49:21.195524+00:00,1,LEFT,707.66,67.66,272.7,38955,0.03132663897704333,5.982947332382019,3.236
2026-07-29T11:49:21.212028+00:00,1,LEFT,708.66,68.66,272.7,38789,-0.031170320818200706,-5.953092763172225,3.229
2026-07-29T11:49:21.295538+00:00,1,LEFT,711.66,71.66,272.7,38537,-0.09582326025236398,-18.30089463881384,3.281
2026-07-29T11:49:21.328743+00:00,1,LEFT,708.66,68.66,272.7,38745,-0.04390540546039119,-8.385314768970181,3.256
2026-07-29T11:49:21.362125+00:00,1,LEFT,708.66,68.66,272.7,38855,-0.030252363690233323,-5.777775865817286,3.241
2026-07-29T11:49:21.378906+00:00,1,LEFT,713.66,73.66,272.7,38905,0.01968240423128009,3.7590623104092753,3.326
2026-07-29T11:49:21.445542+00:00,1,LEFT,707.66,67.66,272.7,39255,0.02772070361417718,5.294264407418,3.264
2026-07-29T11:49:21.478720+00:00,1,LEFT,710.66,70.66,272.7,39159,0.06179538271622732,11.802048743451662,3.283
2026-07-29T11:49:21.528723+00:00,1,LEFT,708.66,68.66,272.7,38457,0.01517837326740846,2.898855760322327,3.257
2026-07-29T11:49:21.562113+00:00,1,LEFT,711.66,71.66,272.7,39124,3.09949621441774e-05,0.005919601723430406,3.298
2026-07-29T11:49:21.578733+00:00,1,LEFT,707.66,67.66,272.7,38472,0.06127171498723328,11.702035574323132,3.247
2026-07-29T11:49:21.645458+00:00,1,LEFT,710.66,70.66,272.7,38378,0.06127171498723328,11.702035574323132,3.273
2026-07-29T11:49:21.662118+00:00,1,LEFT,711.66,71.66,272.7,39326,0.010694170616625342,2.042436139084831,3.307
2026-07-29T11:49:21.678720+00:00,1,LEFT,710.66,70.66,272.7,38748,0.1752462741173804,33.46957294106204,3.309
2026-07-29T11:49:21.828804+00:00,1,LEFT,711.66,71.66,272.7,38662,0.0014013133163098246,0.26763112933344635,3.329
2026-07-29T11:49:21.846717+00:00,1,LEFT,711.66,71.66,272.7,38697,-0.0007321937131928279,-0.13983869850653768,3.341
2026-07-29T11:49:21.895428+00:00,1,LEFT,708.66,68.66,272.7,38520,0.0001800094405189157,0.03437927071415034,3.292
2026-07-29T11:49:21.928882+00:00,1,LEFT,709.66,69.66,272.7,39107,0.03212239305226831,6.134925165851108,3.281
2026-07-29T11:49:21.962002+00:00,1,LEFT,710.66,70.66,272.7,39096,0.008076089217793197,1.5424194238355349,3.294
2026-07-29T11:49:21.978878+00:00,1,LEFT,710.66,70.66,272.7,38723,-0.03600067920939182,-6.875623261008402,3.301
2026-07-29T11:49:22.028820+00:00,1,LEFT,706.66,66.66,272.7,39034,-0.14397718725726008,-27.497617253352463,3.23
2026-07-29T11:49:22.078622+00:00,1,LEFT,446.66,-193.34,272.7,19044,-0.14397718725726008,-27.497617253352463,-0.77
2026-07-29T11:49:22.095595+00:00,1,LEFT,708.66,68.66,272.7,38355,0.025267102215439083,4.825661058234372,0.826
2026-07-29T11:49:22.145369+00:00,1,LEFT,707.66,67.66,272.7,38812,0.0048105792701244356,0.9187529639708472,1.764
2026-07-29T11:49:22.212102+00:00,1,LEFT,709.66,69.66,272.7,39079,0.14409424440003932,27.5199735208295,2.364
2026-07-29T11:49:22.245447+00:00,1,LEFT,709.66,69.66,272.7,39049,0.08622221883386373,16.467230798112634,2.725
2026-07-29T11:49:22.295459+00:00,1,LEFT,710.66,70.66,272.7,39385,-0.017283044445794076,-3.300818346270065,2.96
2026-07-29T11:49:22.312108+00:00,1,LEFT,707.66,67.66,272.7,39132,0.05730319840833545,10.944104737994659,3.044
2026-07-29T11:49:22.395472+00:00,1,LEFT,708.66,68.66,272.7,39188,0.08247522862860933,15.751608382652849,3.114
2026-07-29T11:49:22.412092+00:00,1,LEFT,709.66,69.66,272.7,38610,0.054692425522953274,10.445483845996023,3.174
2026-07-29T11:49:22.445458+00:00,1,LEFT,709.66,69.66,272.7,38854,-0.15390692239627243,-29.39405697051299,3.211
2026-07-29T11:49:22.512185+00:00,1,LEFT,706.66,66.66,272.7,39108,-0.061544474553084004,-11.754128814140023,3.176
2026-07-29T11:49:22.545508+00:00,1,LEFT,709.66,69.66,272.7,39144,-0.10807601127773524,-20.64099770940839,3.212
2026-07-29T11:49:22.562147+00:00,1,LEFT,709.66,69.66,272.7,38309,-0.05152975243516266,-9.841457779629323,3.233
2026-07-29T11:49:22.595324+00:00,1,LEFT,709.66,69.66,272.7,38886,-2.9067125942674466e-05,-0.005551412130301572,3.246
2026-07-29T11:49:22.628860+00:00,1,LEFT,708.66,68.66,272.7,38721,0.08098873861134052,15.467709701726745,3.235
2026-07-29T11:49:22.678808+00:00,1,LEFT,706.66,66.66,272.7,39065,0.004308407278731465,0.8228451783158569,3.191
2026-07-29T11:49:22.695530+00:00,1,LEFT,707.66,67.66,272.7,39114,-0.16188245689496397,-30.917271857633033,3.183
2026-07-29T11:49:22.762183+00:00,1,LEFT,709.66,69.66,272.7,39143,0.08753216728568076,16.717412523675343,3.216
2026-07-29T11:49:22.812200+00:00,1,LEFT,710.66,70.66,272.7,39115,-0.001531794621841982,-0.2925512230412784,3.254
2026-07-29T11:49:22.828670+00:00,1,LEFT,712.66,72.66,272.7,38893,-0.10877078072342555,-20.773688899317385,3.315
2026-07-29T11:49:22.878647+00:00,1,LEFT,708.66,68.66,272.7,38675,-0.10877078072342555,-20.773688899317385,3.276
2026-07-29T11:49:22.895450+00:00,1,LEFT,713.66,73.66,272.7,38657,-0.10877078072342555,-20.773688899317385,3.347
2026-07-29T11:49:22.912206+00:00,1,LEFT,708.66,68.66,272.7,38537,4.11666500440333e-05,0.00786225101405051,3.295
2026-07-29T11:49:23.112169+00:00,1,LEFT,709.66,69.66,272.7,38815,0.02536807713098824,4.844945846559893,3.283
2026-07-29T11:49:23.178755+00:00,1,LEFT,710.66,70.66,272.7,39103,-0.024653517245315015,-4.708474961031806,3.295
2026-07-29T11:49:23.195442+00:00,1,LEFT,704.66,64.66,272.7,38026,-0.0009574005426838994,-0.18285003466440689,3.189
2026-07-29T11:49:23.228753+00:00,1,LEFT,707.66,67.66,272.7,38652,-0.00011265627108514309,-0.021515762896201298,3.182
2026-07-29T11:49:23.262175+00:00,1,LEFT,703.66,63.66,272.7,38791,-0.025689081005984916,-4.906253070708742,3.103
2026-07-29T11:49:23.278735+00:00,1,LEFT,712.66,72.66,272.7,39184,0.026979389779735356,5.152683894057412,3.224
2026-07-29T11:49:23.345500+00:00,1,LEFT,709.66,69.66,272.7,38708,0.015922360410913824,3.0409468381051643,3.24
2026-07-29T11:49:23.362027+00:00,1,LEFT,709.66,69.66,272.7,38728,-0.00012165591702796517,-0.023234568661653764,3.25
2026-07-29T11:49:23.412202+00:00,1,LEFT,704.66,64.66,272.7,38776,0.029294868856668474,5.5949078229211295,3.162
2026-07-29T11:49:23.429717+00:00,1,LEFT,706.66,66.66,272.7,38869,0.029294868856668474,5.5949078229211295,3.147
2026-07-29T11:49:23.462347+00:00,1,LEFT,710.66,70.66,272.7,38905,0.16646005019545554,31.791527779118127,3.213
2026-07-29T11:49:23.528992+00:00,1,LEFT,709.66,69.66,272.7,39076,0.0012177026475546882,0.23256407468930004,3.234
2026-07-29T11:49:23.546020+00:00,1,LEFT,705.66,65.66,272.7,38449,-0.2176443422352895,-41.56700748327659,3.171
2026-07-29T11:49:23.595502+00:00,1,LEFT,710.66,70.66,272.7,39144,17.848121705055238,3408.7401531183464,3.228
2026-07-29T11:49:23.612001+00:00,1,LEFT,709.66,69.66,272.7,38892,0.0,0.0,3.243
2026-07-29T11:49:23.662252+00:00,1,LEFT,702.66,62.66,272.7,39190,0.09578948616981506,18.294444264190574,3.12
2026-07-29T11:49:23.680201+00:00,1,LEFT,707.66,67.66,272.7,38521,1.092657743319869,208.68225714839105,3.141
2026-07-29T11:49:23.746129+00:00,1,LEFT,709.66,69.66,272.7,39356,-0.046106412960216406,-8.805676237025601,3.191
2026-07-29T11:49:23.779256+00:00,1,LEFT,709.66,69.66,272.7,38854,0.033390596802346406,6.377134240658238,3.22
2026-07-29T11:49:23.829260+00:00,1,LEFT,709.66,69.66,272.7,39239,0.0029433620069175956,0.5621407352517801,3.238
2026-07-29T11:49:23.878789+00:00,1,LEFT,710.66,70.66,272.7,39205,0.004002424404025078,0.7644067539026694,3.268
2026-07-29T11:49:23.895540+00:00,1,LEFT,712.66,72.66,272.7,38499,0.08218225110322237,15.695653796996652,3.323
2026-07-29T11:49:23.962039+00:00,1,LEFT,707.66,67.66,272.7,38893,0.04677578093134798,8.93351610264918,3.262
2026-07-29T11:49:23.978730+00:00,1,LEFT,706.66,66.66,272.7,38560,-0.012013435084372758,-2.29439709262983,3.207
2026-07-29T11:49:24.012121+00:00,1,LEFT,709.66,69.66,272.7,38950,0.07894506109878421,15.077396047875842,3.23
2026-07-29T11:49:24.028799+00:00,1,LEFT,707.66,67.66,272.7,38937,-0.01871217260544654,-3.5737617193746805,3.207
2026-07-29T11:49:24.062110+00:00,1,LEFT,708.66,68.66,272.7,38561,0.028240492991171776,5.393536865876415,3.211
2026-07-29T11:49:24.112613+00:00,1,LEFT,709.66,69.66,272.7,38754,-0.059621655208757146,-11.38689737015322,3.233
2026-07-29T11:49:24.161959+00:00,1,LEFT,709.66,69.66,272.7,39074,0.051543882330879566,9.844156390927784,3.246
2026-07-29T11:49:24.179589+00:00,1,LEFT,709.66,69.66,272.7,39055,0.023561636409722267,4.499941082329531,3.254
2026-07-29T11:49:24.245331+00:00,1,LEFT,706.66,66.66,272.7,39010,0.023561636409722267,4.499941082329531,3.202
2026-07-29T11:49:24.262104+00:00,1,LEFT,708.66,68.66,272.7,38923,0.06363317826995626,12.153041839573584,3.208
2026-07-29T11:49:24.312249+00:00,1,LEFT,707.66,67.66,272.7,38805,-0.001242070090956986,-0.23721791357088523,3.194
2026-07-29T11:49:24.362095+00:00,1,LEFT,706.66,66.66,272.7,38983,0.030875689685344695,5.896822361752865,3.166
2026-07-29T11:49:24.378858+00:00,1,LEFT,704.66,64.66,272.7,38930,0.14613269544206559,27.909288992336666,3.112
2026-07-29T11:49:24.428884+00:00,1,LEFT,707.66,67.66,272.7,38791,-0.12710470667108895,-24.275210828339056,3.136
2026-07-29T11:49:24.479637+00:00,1,LEFT,708.66,68.66,272.7,38630,-0.006401940525975079,-1.2226805761071144,3.169
2026-07-29T11:49:24.512192+00:00,1,LEFT,710.66,70.66,272.7,39251,-0.05204660475254059,-9.940169301020362,3.226
2026-07-29T11:49:24.562175+00:00,1,LEFT,710.66,70.66,272.7,38785,-0.10461398921906948,-19.979800200932587,3.26
2026-07-29T11:49:24.578911+00:00,1,LEFT,711.66,71.66,272.7,39065,-0.05976418185979128,-11.414117955394518,3.3
2026-07-29T11:49:24.645472+00:00,1,LEFT,707.66,67.66,272.7,38731,0.03732467494904995,7.128487820927444,3.248
2026-07-29T11:49:24.678949+00:00,1,LEFT,707.66,67.66,272.7,39171,-0.10182771866268013,-19.447661722723662,3.218
2026-07-29T11:49:24.745762+00:00,1,LEFT,711.66,71.66,272.7,39295,-0.6185543467104435,-118.13517821993418,3.274
2026-07-29T11:49:24.762094+00:00,1,LEFT,709.66,69.66,272.7,39069,-0.1965839112829417,-37.54476145562254,3.271
2026-07-29T11:49:24.812629+00:00,1,LEFT,707.66,67.66,272.7,39212,-1.4886001160740852,-284.30168011243177,3.231
2026-07-29T11:49:24.862237+00:00,1,LEFT,708.66,68.66,272.7,38963,0.0011744558881036937,0.22430455204210173,3.226
2026-07-29T11:49:24.879353+00:00,1,LEFT,706.66,66.66,272.7,38772,-1.391117614209652,-265.68389366840444,3.185
2026-07-29T11:49:24.962183+00:00,1,LEFT,708.66,68.66,272.7,38662,0.056466931807808575,10.78438958213485,3.198
2026-07-29T11:49:24.995447+00:00,1,LEFT,711.66,71.66,272.7,38971,-1.3481563711166382,-257.4789006288536,3.263
2026-07-29T11:49:25.045660+00:00,1,LEFT,704.66,64.66,272.7,38546,-1.3481563711166382,-257.4789006288536,3.17
2026-07-29T11:49:25.078881+00:00,1,LEFT,708.66,68.66,272.7,38428,7.139244815334679e-05,0.013634953227644395,3.189
2026-07-29T11:49:25.145331+00:00,1,LEFT,707.66,67.66,272.7,38501,0.0291318663675338,5.56377664066265,3.182
2026-07-29T11:49:25.195388+00:00,1,LEFT,706.66,66.66,272.7,38817,-0.028695105237420648,-5.480361409293158,3.159
2026-07-29T11:49:25.212167+00:00,1,LEFT,706.66,66.66,272.7,38497,0.052738543800078336,10.072319924701077,3.145
2026-07-29T11:49:25.262217+00:00,1,LEFT,707.66,67.66,272.7,39299,0.015656282883137463,2.9901297735556294,3.156
2026-07-29T11:49:25.312159+00:00,1,LEFT,707.66,67.66,272.7,38539,0.008037470811977983,1.5350438516197509,3.162
2026-07-29T11:49:25.328824+00:00,1,LEFT,708.66,68.66,272.7,38727,-0.06522792028379626,-12.457615128924337,3.184
2026-07-29T11:49:25.378835+00:00,1,LEFT,707.66,67.66,272.7,39093,-6.770276930183172e-05,-0.012930276474476095,3.179
2026-07-29T11:49:25.428812+00:00,1,LEFT,708.66,68.66,272.7,38805,-0.055208606887608765,-10.544067224856233,3.195
2026-07-29T11:49:25.495430+00:00,1,LEFT,710.66,70.66,272.7,39241,-0.294261294323951,-56.19976746273106,3.242
2026-07-29T11:49:25.512188+00:00,1,LEFT,704.66,64.66,272.7,38744,0.038500987609586444,7.353146990382598,3.157
2026-07-29T11:49:25.528769+00:00,1,LEFT,709.66,69.66,272.7,39029,-0.03237923070788384,-6.183977544807123,3.2
2026-07-29T11:49:25.562265+00:00,1,LEFT,707.66,67.66,272.7,38984,0.052958525964058936,10.114333423248555,3.189
2026-07-29T11:49:25.628741+00:00,1,LEFT,705.66,65.66,272.7,38423,0.06600545057095587,12.606112475250471,3.144
2026-07-29T11:49:25.662036+00:00,1,LEFT,708.66,68.66,272.7,38713,-0.1192495184019208,-22.774980377992357,3.174
2026-07-29T11:49:25.712233+00:00,1,LEFT,710.66,70.66,272.7,38892,0.05404154737945646,10.32117527733043,3.229
2026-07-29T11:49:25.745559+00:00,1,LEFT,711.66,71.66,272.7,39389,0.08088581445161253,15.448052635185597,3.281
2026-07-29T11:49:25.778774+00:00,1,LEFT,709.66,69.66,272.7,38544,-0.17328354494529777,-33.0947192814369,3.275
2026-07-29T11:49:25.828895+00:00,1,LEFT,708.66,68.66,272.7,38679,0.025410871016792954,4.85311887671181,3.252
2026-07-29T11:49:25.845527+00:00,1,LEFT,710.66,70.66,272.7,39296,0.06072802817914635,11.598199042722065,3.276
2026-07-29T11:49:25.912155+00:00,1,LEFT,708.66,68.66,272.7,38579,-0.03692367812327575,-7.051903068544096,3.253
2026-07-29T11:49:25.962191+00:00,1,LEFT,710.66,70.66,272.7,38920,-0.07255063210614025,-13.856150068960545,3.277
2026-07-29T11:49:25.995509+00:00,1,LEFT,705.66,65.66,272.7,38875,-0.07255063210614025,-13.856150068960545,3.197
2026-07-29T11:49:26.012087+00:00,1,LEFT,708.66,68.66,272.7,38599,-0.07255063210614025,-13.856150068960545,3.205
2026-07-29T11:49:26.045512+00:00,1,LEFT,708.66,68.66,272.7,38969,-0.07255063210614025,-13.856150068960545,3.211
2026-07-29T11:49:26.095584+00:00,1,LEFT,710.66,70.66,272.7,38703,-0.07255063210614025,-13.856150068960545,3.251
2026-07-29T11:49:26.112414+00:00,1,LEFT,709.66,69.66,272.7,38514,-0.07255063210614025,-13.856150068960545,3.257
2026-07-29T11:49:26.178912+00:00,1,LEFT,707.66,67.66,272.7,38914,-0.02661400372162461,-5.082900297315187,3.223
2026-07-29T11:49:26.245456+00:00,1,LEFT,707.66,67.66,272.7,38759,-0.017926767274329906,-3.4237603504411536,3.202
2026-07-29T11:49:26.262139+00:00,1,LEFT,707.66,67.66,272.7,39191,-3.858961863443256e-05,-0.007370074269241269,3.19
2026-07-29T11:49:26.295513+00:00,1,LEFT,707.66,67.66,272.7,38410,0.00012582222931087017,0.02403027569480034,3.182
2026-07-29T11:49:26.345456+00:00,1,LEFT,704.66,64.66,272.7,38670,0.00012582222931087017,0.02403027569480034,3.122
2026-07-29T11:49:26.362183+00:00,1,LEFT,705.66,65.66,272.7,38732,-0.08812840030994266,-16.831284643330438,3.104
2026-07-29T11:49:26.412141+00:00,1,LEFT,712.66,72.66,272.7,39003,0.042496124468743804,8.116161925738826,3.225
2026-07-29T11:49:26.463221+00:00,1,LEFT,712.66,72.66,272.7,38896,0.004780344707542099,0.9129785878662071,3.297
2026-07-29T11:49:26.478865+00:00,1,LEFT,706.66,66.66,272.7,39039,-0.04673631358891726,-8.925978395482922,3.228
2026-07-29T11:49:26.528842+00:00,1,LEFT,709.66,69.66,272.7,39165,-0.00909379969118163,-1.7367878068069296,3.243
2026-07-29T11:49:26.562178+00:00,1,LEFT,712.66,72.66,272.7,38883,-0.00909379969118163,-1.7367878068069296,3.308
2026-07-29T11:49:26.578869+00:00,1,LEFT,707.66,67.66,272.7,38460,-6.78128795698285e-05,-0.012951305986600329,3.253
2026-07-29T11:49:26.645396+00:00,1,LEFT,711.66,71.66,272.7,38651,-0.019931181352585554,-3.8065752407099995,3.296
2026-07-29T11:49:26.695577+00:00,1,LEFT,706.66,66.66,272.7,38529,-0.012991827316582202,-2.4812562446764463,3.227
2026-07-29T11:49:26.712103+00:00,1,LEFT,706.66,66.66,272.7,38571,0.020734778121113778,3.9600509182667283,3.186
2026-07-29T11:49:26.745479+00:00,1,LEFT,704.66,64.66,272.7,38362,0.06386659124866129,12.197620434784834,3.124
2026-07-29T11:49:26.812145+00:00,1,LEFT,706.66,66.66,272.7,39429,0.0016699647344648838,0.31893977073507684,3.124
2026-07-29T11:49:26.862106+00:00,1,LEFT,709.66,69.66,272.7,39070,0.0006889646407216788,0.1315825538236643,3.181
2026-07-29T11:49:26.878904+00:00,1,LEFT,711.66,71.66,272.7,38390,-0.093526902628073,-17.862322638398634,3.252
2026-07-29T11:49:26.912110+00:00,1,LEFT,706.66,66.66,272.7,39399,-0.01632514428347349,-3.1178728912838447,3.201
2026-07-29T11:49:26.928844+00:00,1,LEFT,705.66,65.66,272.7,38826,-0.02551305953413248,-4.872635445905991,3.152
2026-07-29T11:49:26.978858+00:00,1,LEFT,709.66,69.66,272.7,38875,-0.06570924239233136,-12.549540880275666,3.197
2026-07-29T11:49:27.028845+00:00,1,LEFT,706.66,66.66,272.7,38954,0.09942075238563121,18.987965025706263,3.168
2026-07-29T11:49:27.045486+00:00,1,LEFT,708.66,68.66,272.7,38897,0.027565631102770567,5.264647739344356,3.188
2026-07-29T11:49:27.112092+00:00,1,LEFT,707.66,67.66,272.7,38640,-0.02597256575478241,-4.9603946695834855,3.181
2026-07-29T11:49:27.145379+00:00,1,LEFT,709.66,69.66,272.7,38720,-0.031587375262752175,-6.032744294838798,3.215
2026-07-29T11:49:27.162122+00:00,1,LEFT,709.66,69.66,272.7,39535,0.04597606113646179,8.780780872515694,3.235
2026-07-29T11:49:27.212283+00:00,1,LEFT,708.66,68.66,272.7,39391,0.011753585382830351,2.244769455276117,3.228
2026-07-29T11:49:27.245491+00:00,1,LEFT,710.66,70.66,272.7,39286,0.03599256164394319,6.874072920207976,3.262
2026-07-29T11:49:27.278728+00:00,1,LEFT,708.66,68.66,272.7,39325,-0.012151397513225675,-2.320745975645317,3.244
2026-07-29T11:49:27.362241+00:00,1,LEFT,709.66,69.66,272.7,38719,0.00899924585595727,1.7187293544898252,3.253
2026-07-29T11:49:27.378756+00:00,1,LEFT,709.66,69.66,272.7,39467,-0.04898976686876267,-9.35635626969977,3.258
2026-07-29T11:49:27.412332+00:00,1,LEFT,713.66,73.66,272.7,39121,-0.04898976686876267,-9.35635626969977,3.336
2026-07-29T11:49:27.462023+00:00,1,LEFT,708.66,68.66,272.7,38977,0.02902056556660682,5.542519753497511,3.289
2026-07-29T11:49:27.478667+00:00,1,LEFT,710.66,70.66,272.7,39727,0.026480301432311535,5.057365041018933,3.298
2026-07-29T11:49:27.512180+00:00,1,LEFT,711.66,71.66,272.7,39115,0.0,0.0,3.322
2026-07-29T11:49:27.561923+00:00,1,LEFT,452.66,-187.34,272.7,19548,0.0002593344147317111,0.04952922482207456,-0.678
2026-07-29T11:49:27.595445+00:00,1,LEFT,709.66,69.66,272.7,39003,-0.05295990822836757,-10.114597416285408,0.899
2026-07-29T11:49:27.612233+00:00,1,LEFT,711.66,71.66,272.7,39054,-2.2379684960469607e-05,-0.004274204983557703,1.883
2026-07-29T11:49:27.662133+00:00,1,LEFT,710.66,70.66,272.7,38858,-0.3047240427043289,-58.1980052104077,2.455
2026-07-29T11:49:27.678822+00:00,1,LEFT,707.66,67.66,272.7,39539,0.06026459733489901,11.509690271150207,2.741
2026-07-29T11:49:27.728844+00:00,1,LEFT,704.66,64.66,272.7,39415,0.16835835054145717,32.15407643936518,2.857
2026-07-29T11:49:27.779219+00:00,1,LEFT,708.66,68.66,272.7,38741,0.04037985490169376,7.7119842107256735,3.002
2026-07-29T11:49:27.828849+00:00,1,LEFT,712.66,72.66,272.7,39243,0.06884515225887299,13.148455547896559,3.163
2026-07-29T11:49:27.845699+00:00,1,LEFT,708.66,68.66,272.7,39088,-0.040527992472052576,-7.740276402621949,3.185
2026-07-29T11:49:27.878830+00:00,1,LEFT,707.66,67.66,272.7,39074,0.23838225617073477,45.52765729796509,3.18
2026-07-29T11:49:27.945402+00:00,1,LEFT,705.66,65.66,272.7,38966,-0.1478611816681223,-28.239405544668482,3.139
2026-07-29T11:49:27.995596+00:00,1,LEFT,710.66,70.66,272.7,38984,-0.13388462096452713,-25.570079076587152,3.208
2026-07-29T11:49:28.028801+00:00,1,LEFT,702.66,62.66,272.7,38486,-0.0799623806006275,-15.271689760782417,3.1
2026-07-29T11:49:28.045547+00:00,1,LEFT,706.66,66.66,272.7,38819,-0.2776477005518973,-53.026804777119374,3.11
2026-07-29T11:49:28.078696+00:00,1,LEFT,706.66,66.66,272.7,39253,0.08603671131189912,16.43180147119096,3.116
2026-07-29T11:49:28.128767+00:00,1,LEFT,706.66,66.66,272.7,38811,0.031303169578313826,5.978465007398984,3.119
2026-07-29T11:49:28.195714+00:00,1,LEFT,706.66,66.66,272.7,38978,-0.28081904815509917,-53.63248755389403,3.121
2026-07-29T11:49:28.228833+00:00,1,LEFT,710.66,70.66,272.7,39392,0.10614593960577622,20.27238117287169,3.198
2026-07-29T11:49:28.278860+00:00,1,LEFT,709.66,69.66,272.7,38901,0.10878533544018865,20.77646864545916,3.225
2026-07-29T11:49:28.295551+00:00,1,LEFT,711.66,71.66,272.7,39318,-0.2541077484516427,-48.53100509283701,3.278
2026-07-29T11:49:28.345568+00:00,1,LEFT,708.66,68.66,272.7,39152,0.051829478399595244,9.89870122220424,3.254
2026-07-29T11:49:28.362067+00:00,1,LEFT,710.66,70.66,272.7,38948,0.12263339895755053,23.421253958705584,3.277
2026-07-29T11:49:28.429504+00:00,1,LEFT,705.66,65.66,272.7,38664,-0.5464730906486511,-104.36867237212589,3.197
2026-07-29T11:49:28.462135+00:00,1,LEFT,713.66,73.66,272.7,39136,-0.00024260021047666668,-0.04633322723099486,3.3
2026-07-29T11:49:28.478979+00:00,1,LEFT,712.66,72.66,272.7,38774,-0.0359233239851892,-6.8608495014414075,3.342
2026-07-29T11:49:28.512216+00:00,1,LEFT,706.66,66.66,272.7,39027,-0.00047972763888537884,-0.09162123007969414,3.255
2026-07-29T11:49:28.562145+00:00,1,LEFT,709.66,69.66,272.7,38836,-0.10114725735038518,-19.317703185002216,3.259
2026-07-29T11:49:28.578772+00:00,1,LEFT,705.66,65.66,272.7,38908,-0.05477352418005466,-10.460972548582983,3.186
2026-07-29T11:49:28.628828+00:00,1,LEFT,708.66,68.66,272.7,38937,0.022106803618371487,4.222088486190744,3.199
2026-07-29T11:49:28.678758+00:00,1,LEFT,710.66,70.66,272.7,38632,0.16058712363243102,30.669881427612864,3.244
2026-07-29T11:49:28.712182+00:00,1,LEFT,707.66,67.66,272.7,39103,-1.1202670282125473,-213.95524214747363,3.215
2026-07-29T11:49:28.762184+00:00,1,LEFT,709.66,69.66,272.7,38325,0.10928119406104088,20.8711706661592,3.235
2026-07-29T11:49:28.795412+00:00,1,LEFT,707.66,67.66,272.7,39209,-0.03634261419996619,-6.940928033767593,3.21
2026-07-29T11:49:28.845360+00:00,1,LEFT,708.66,68.66,272.7,38517,-0.03634261419996619,-6.940928033767593,3.213
2026-07-29T11:49:28.862148+00:00,1,LEFT,708.16,68.16,272.7,38654,-0.03634261419996619,-6.940928033767593,3.206
2026-07-29T11:49:28.896117+00:00,1,LEFT,708.66,68.66,272.7,38487,-0.03634261419996619,-6.940928033767593,3.211
2026-07-29T11:49:28.912101+00:00,1,LEFT,708.66,68.66,272.7,38821,-0.03634261419996619,-6.940928033767593,3.214
2026-07-29T11:49:28.978894+00:00,1,LEFT,705.66,65.66,272.7,37838,-0.03634261419996619,-6.940928033767593,3.159
2026-07-29T11:49:28.995798+00:00,1,LEFT,708.66,68.66,272.7,38399,-0.03634261419996619,-6.940928033767593,3.183
2026-07-29T11:49:29.012125+00:00,1,LEFT,706.66,66.66,272.7,39750,-0.03634261419996619,-6.940928033767593,3.16
2026-07-29T11:49:29.062166+00:00,1,LEFT,706.66,66.66,272.7,38800,0.05605193207040429,10.705130470627173,3.146
2026-07-29T11:49:29.095457+00:00,1,LEFT,709.66,69.66,272.7,38635,-0.06938464265316725,-13.251490623499594,3.193
2026-07-29T11:49:29.145514+00:00,1,LEFT,706.66,66.66,272.7,39011,0.08455954287201166,16.14968308040604,3.166
2026-07-29T11:49:29.162151+00:00,1,LEFT,706.66,66.66,272.7,38391,-0.015358232241123915,-2.933206293993827,3.149
2026-07-29T11:49:29.195465+00:00,1,LEFT,708.66,68.66,272.7,38772,0.04809385340660811,9.185249402398405,3.177
2026-07-29T11:49:29.228891+00:00,1,LEFT,707.66,67.66,272.7,38997,0.04809385340660811,9.185249402398405,3.175
2026-07-29T11:49:29.262354+00:00,1,LEFT,710.66,70.66,272.7,38871,0.16663231682032348,31.824428280971105,3.23
2026-07-29T11:49:29.345495+00:00,1,LEFT,707.66,67.66,272.7,38929,0.007585274931043386,1.4486807999839086,3.206
2026-07-29T11:49:29.378884+00:00,1,LEFT,711.66,71.66,272.7,38833,-0.1660223965719342,-31.707942094063526,3.267
2026-07-29T11:49:29.428856+00:00,1,LEFT,708.66,68.66,272.7,38989,0.020386174065060915,3.8934724478234912,3.248
2026-07-29T11:49:29.462179+00:00,1,LEFT,709.66,69.66,272.7,39020,-1.2652159862220287,-241.63845394334783,3.255
2026-07-29T11:49:29.495481+00:00,1,LEFT,708.66,68.66,272.7,38284,-0.014620437314733862,-2.7922978425661094,3.24
2026-07-29T11:49:29.528880+00:00,1,LEFT,710.66,70.66,272.7,38876,-0.5526861888542771,-105.55528672173479,3.269
2026-07-29T11:49:29.562333+00:00,1,LEFT,708.66,68.66,272.7,38677,0.2436836671642959,46.540152215949455,3.249
2026-07-29T11:49:29.595506+00:00,1,LEFT,709.66,69.66,272.7,38617,-0.32026927802711724,-61.166926462185906,3.255
2026-07-29T11:49:29.645476+00:00,1,LEFT,704.66,64.66,272.7,38541,0.05423409280832857,10.357948745460124,3.165
2026-07-29T11:49:29.662269+00:00,1,LEFT,709.66,69.66,272.7,38589,-0.07426623279228807,-14.183805664447272,3.205
2026-07-29T11:49:29.695347+00:00,1,LEFT,710.66,70.66,272.7,39071,0.060231002140790225,11.503274061702355,3.248
2026-07-29T11:49:29.712248+00:00,1,LEFT,711.66,71.66,272.7,38736,-0.017054135500220582,-3.2570999580228945,3.292
2026-07-29T11:49:29.762233+00:00,1,LEFT,711.66,71.66,272.7,38994,-0.22843379750847817,-43.62764165127287,3.319
2026-07-29T11:49:29.778789+00:00,1,LEFT,709.66,69.66,272.7,38667,-0.23987751763314008,-45.81323120151304,3.297
2026-07-29T11:49:29.812224+00:00,1,LEFT,707.66,67.66,272.7,38682,-34.09479257106781,-6511.625725653929,3.247
2026-07-29T11:49:29.861982+00:00,1,LEFT,448.66,-191.34,272.7,19491,0.7094393616542221,135.4929374774739,-0.753
2026-07-29T11:49:29.879019+00:00,1,LEFT,712.66,72.66,272.7,38933,0.0063370534486602995,1.210288057190195,0.91
2026-07-29T11:49:29.895503+00:00,1,LEFT,706.66,66.66,272.7,38926,0.31633639998734,60.415802085456164,1.796
2026-07-29T11:49:29.995466+00:00,1,LEFT,708.66,68.66,272.7,38353,0.2251240061223507,42.99551805962667,2.365
2026-07-29T11:49:30.012229+00:00,1,LEFT,711.66,71.66,272.7,38923,-0.030603744685649872,-5.8448846926122,2.763
2026-07-29T11:49:30.062196+00:00,1,LEFT,709.66,69.66,272.7,38877,-0.030603744685649872,-5.8448846926122,2.964
2026-07-29T11:49:30.078860+00:00,1,LEFT,706.66,66.66,272.7,39303,-0.030603744685649872,-5.8448846926122,3.028
2026-07-29T11:49:30.112268+00:00,1,LEFT,708.66,68.66,272.7,38787,-0.014078257177025079,-2.6887490638109925,3.104
2026-07-29T11:49:30.145434+00:00,1,LEFT,708.66,68.66,272.7,38514,-0.10903568612602613,-20.82428210444814,3.15
2026-07-29T11:49:30.195598+00:00,1,LEFT,711.66,71.66,272.7,39309,-0.014723415868356824,-2.811965297575967,3.233
2026-07-29T11:49:30.228830+00:00,1,LEFT,710.66,70.66,272.7,38301,-0.022819450499955565,-4.3581940148505005,3.265
2026-07-29T11:49:30.296595+00:00,1,LEFT,709.66,69.66,272.7,39201,-0.11537540922407061,-22.035080027113313,3.265
2026-07-29T11:49:30.312288+00:00,1,LEFT,704.66,64.66,272.7,39189,0.10184997090138495,19.451911587265343,3.171
2026-07-29T11:49:30.362061+00:00,1,LEFT,709.66,69.66,272.7,39117,0.06768178299069405,12.926268384290305,3.209
2026-07-29T11:49:30.395601+00:00,1,LEFT,708.66,68.66,272.7,39729,8.765333332121371e-05,0.016740553531863243,3.213
2026-07-29T11:49:30.445522+00:00,1,LEFT,707.66,67.66,272.7,39238,-0.054007916147820655,-10.314752185221902,3.196
2026-07-29T11:49:30.462072+00:00,1,LEFT,708.66,68.66,272.7,39020,-0.054007916147820655,-10.314752185221902,3.205
2026-07-29T11:49:30.512163+00:00,1,LEFT,705.66,65.66,272.7,38636,-0.054007916147820655,-10.314752185221902,3.154
2026-07-29T11:49:30.545613+00:00,1,LEFT,706.66,66.66,272.7,38392,-0.054007916147820655,-10.314752185221902,3.142
2026-07-29T11:49:30.578924+00:00,1,LEFT,710.66,70.66,272.7,38908,-0.054007916147820655,-10.314752185221902,3.21
2026-07-29T11:49:30.645266+00:00,1,LEFT,444.66,-195.34,272.7,18929,-0.054007916147820655,-10.314752185221902,-0.79
2026-07-29T11:49:30.679174+00:00,1,LEFT,709.66,69.66,272.7,38846,-0.08047289057227318,-15.36918998336455,0.832
2026-07-29T11:49:30.695628+00:00,1,LEFT,707.66,67.66,272.7,38786,-0.032309495052322744,-6.17065901565636,1.768
2026-07-29T11:49:30.728800+00:00,1,LEFT,711.66,71.66,272.7,39335,-0.2820407999679446,-53.86582496218904,2.404
2026-07-29T11:49:30.778826+00:00,1,LEFT,708.66,68.66,272.7,38689,-0.1505472775734961,-28.75241207381945,2.73
2026-07-29T11:49:30.828826+00:00,1,LEFT,709.66,69.66,272.7,38617,0.009739119615405798,1.8600348337860857,2.944
2026-07-29T11:49:30.845520+00:00,1,LEFT,713.66,73.66,272.7,38798,-0.3603141160309315,-68.81492715853138,3.147
2026-07-29T11:49:30.928797+00:00,1,LEFT,707.66,67.66,272.7,38594,-0.0774223542958498,-14.78658047039584,3.157
2026-07-29T11:49:30.978806+00:00,1,LEFT,709.66,69.66,272.7,38650,0.018483265289105474,3.5300436422879837,3.2
2026-07-29T11:49:30.996605+00:00,1,LEFT,707.66,67.66,272.7,39366,-0.15407721591182053,-29.42658063624416,3.189
2026-07-29T11:49:31.045575+00:00,1,LEFT,710.66,70.66,272.7,39195,0.0692388022877276,13.223637165425133,3.238
2026-07-29T11:49:31.095455+00:00,1,LEFT,707.66,67.66,272.7,39022,0.025094362971140073,4.792670292718997,3.211
2026-07-29T11:49:31.128901+00:00,1,LEFT,705.66,65.66,272.7,38632,-0.13153820870444177,-25.12194734491834,3.158
2026-07-29T11:49:31.162168+00:00,1,LEFT,710.66,70.66,272.7,39248,-0.20517443540971725,-39.185430709854366,3.22
2026-07-29T11:49:31.212184+00:00,1,LEFT,709.66,69.66,272.7,38896,-5.969229445327072e-05,-0.011400388472081954,3.238
2026-07-29T11:49:31.228887+00:00,1,LEFT,708.66,68.66,272.7,38721,0.03802353305742145,7.261959887888054,3.23
2026-07-29T11:49:31.278935+00:00,1,LEFT,708.66,68.66,272.7,38978,0.01909193695522845,3.6462913675481246,3.225
2026-07-29T11:49:31.345392+00:00,1,LEFT,708.66,68.66,272.7,39161,-0.025343101573525928,-4.8401758664479715,3.222
2026-07-29T11:49:31.395525+00:00,1,LEFT,709.66,69.66,272.7,39574,0.008689853087998927,1.6596396884368803,3.24
2026-07-29T11:49:31.412147+00:00,1,LEFT,705.66,65.66,272.7,38920,21.615730295181276,4128.300390023201,3.175
2026-07-29T11:49:31.445567+00:00,1,LEFT,708.66,68.66,272.7,38975,0.0,0.0,3.192
2026-07-29T11:49:31.495614+00:00,1,LEFT,710.66,70.66,272.7,38831,0.0,0.0,3.24
2026-07-29T11:49:31.528966+00:00,1,LEFT,707.66,67.66,272.7,39105,6.849494646303356e-05,0.013081571167687829,3.213
2026-07-29T11:49:31.595531+00:00,1,LEFT,706.66,66.66,272.7,38790,0.05347739178221673,10.213429494962035,3.177
2026-07-29T11:49:31.612127+00:00,1,LEFT,710.66,70.66,272.7,38768,-1.9089265882968902,-364.578123032397,3.231
2026-07-29T11:49:31.645524+00:00,1,LEFT,713.66,73.66,272.7,39175,0.06782773000188172,12.954142210202313,3.32
2026-07-29T11:49:31.695599+00:00,1,LEFT,708.66,68.66,272.7,38569,-1.8746358064562083,-358.0290661134806,3.279
2026-07-29T11:49:31.728850+00:00,1,LEFT,713.66,73.66,272.7,38640,-0.0012866000772919508,-0.2457225145001143,3.349
2026-07-29T11:49:31.779131+00:00,1,LEFT,706.66,66.66,272.7,39215,-0.01115917089395225,-2.1312446502956464,3.259
2026-07-29T11:49:31.795562+00:00,1,LEFT,705.66,65.66,272.7,38611,0.02163628484471701,4.1322260198171685,3.186
2026-07-29T11:49:31.878929+00:00,1,LEFT,707.66,67.66,272.7,38695,0.02240261608734727,4.2785845061896,3.18
2026-07-29T11:49:31.895573+00:00,1,LEFT,708.66,68.66,272.7,38941,0.02128837801865302,4.065780710492972,3.196
2026-07-29T11:49:31.928783+00:00,1,LEFT,706.66,66.66,272.7,39117,-0.09584974974626675,-18.305953759487394,3.167
2026-07-29T11:49:31.996297+00:00,1,LEFT,708.66,68.66,272.7,38664,-0.09472999586258084,-18.09209652072544,3.188
2026-07-29T11:49:32.045484+00:00,1,LEFT,706.66,66.66,272.7,39524,-1.7318345046043395,-330.75602642986127,3.162
2026-07-29T11:49:32.062262+00:00,1,LEFT,710.66,70.66,272.7,39360,-0.12266537616029381,-23.427361154564995,3.222
2026-07-29T11:49:32.128735+00:00,1,LEFT,706.66,66.66,272.7,38306,0.01495597938541323,2.8563816575628027,3.183
2026-07-29T11:49:32.162233+00:00,1,LEFT,704.66,64.66,272.7,38617,0.0399155698902905,7.623312305243707,3.122
2026-07-29T11:49:32.212227+00:00,1,LEFT,710.66,70.66,272.7,38768,0.0399155698902905,7.623312305243707,3.198
2026-07-29T11:49:32.228858+00:00,1,LEFT,704.66,64.66,272.7,38468,0.0399155698902905,7.623312305243707,3.131
2026-07-29T11:49:32.295498+00:00,1,LEFT,711.66,71.66,272.7,38850,-0.045296142488950863,-8.650925976133628,3.222
2026-07-29T11:49:32.312174+00:00,1,LEFT,706.66,66.66,272.7,38899,0.027988958824425935,5.345497378683493,3.183
2026-07-29T11:49:32.362193+00:00,1,LEFT,707.66,67.66,272.7,39251,0.05534028238384053,10.56921539218747,3.178
2026-07-29T11:49:32.395463+00:00,1,LEFT,708.66,68.66,272.7,38823,-0.021289369777077807,-4.065970122399762,3.194
2026-07-29T11:49:32.412244+00:00,1,LEFT,707.66,67.66,272.7,38800,-0.03432876658625901,-6.556311470941213,3.185
2026-07-29T11:49:32.445448+00:00,1,LEFT,704.66,64.66,272.7,38518,-0.3580096836015582,-68.37481298394415,3.123
2026-07-29T11:49:32.495546+00:00,1,LEFT,710.66,70.66,272.7,38909,0.019381658174097538,3.7016240444700745,3.199
2026-07-29T11:49:32.528843+00:00,1,LEFT,710.66,70.66,272.7,38936,0.0226115143019706,4.31848112634205,3.244
2026-07-29T11:49:32.562252+00:00,1,LEFT,704.66,64.66,272.7,38833,0.0226115143019706,4.31848112634205,3.159
2026-07-29T11:49:32.595476+00:00,1,LEFT,711.66,71.66,272.7,38883,0.0226115143019706,4.31848112634205,3.239
2026-07-29T11:49:32.628838+00:00,1,LEFT,708.66,68.66,272.7,39045,0.0226115143019706,4.31848112634205,3.231
2026-07-29T11:49:32.662209+00:00,1,LEFT,708.66,68.66,272.7,38603,0.0226115143019706,4.31848112634205,3.226
2026-07-29T11:49:32.695640+00:00,1,LEFT,712.66,72.66,272.7,38942,0.0226115143019706,4.31848112634205,3.298
2026-07-29T11:49:32.728726+00:00,1,LEFT,708.66,68.66,272.7,38377,0.0226115143019706,4.31848112634205,3.266
2026-07-29T11:49:32.762109+00:00,1,LEFT,707.66,67.66,272.7,38583,0.0226115143019706,4.31848112634205,3.228
2026-07-29T11:49:32.812063+00:00,1,LEFT,706.66,66.66,272.7,38433,0.04709953823359683,8.995349192667184,3.187
2026-07-29T11:49:32.862072+00:00,1,LEFT,707.66,67.66,272.7,39128,-0.08160452400039503,-15.585316047988895,3.181
2026-07-29T11:49:32.912119+00:00,1,LEFT,709.66,69.66,272.7,39044,0.1557281897123903,29.741893405775233,3.214
2026-07-29T11:49:32.928831+00:00,1,LEFT,706.66,66.66,272.7,38518,0.02602189465193078,4.969815794965607,3.178
2026-07-29T11:49:32.978810+00:00,1,LEFT,709.66,69.66,272.7,38758,-0.056776194348931316,-10.843454376694265,3.213
2026-07-29T11:49:33.012092+00:00,1,LEFT,703.66,63.66,272.7,38620,1.779817332625389,339.92007154555534,3.121
2026-07-29T11:49:33.062234+00:00,1,LEFT,708.66,68.66,272.7,39091,0.08385797078022733,16.015692680794686,3.16
2026-07-29T11:49:33.095599+00:00,1,LEFT,710.66,70.66,272.7,38939,-0.06057889256160706,-11.569716237855136,3.221
2026-07-29T11:49:33.112191+00:00,1,LEFT,711.66,71.66,272.7,38869,-0.08924465253017842,-17.044473113635824,3.276
2026-07-29T11:49:33.162233+00:00,1,LEFT,710.66,70.66,272.7,38913,-0.1399558411259204,-26.72959671572905,3.29
2026-07-29T11:49:33.212157+00:00,1,LEFT,706.66,66.66,272.7,38675,0.1097044612141326,20.952008737754777,3.224
2026-07-29T11:49:33.245579+00:00,1,LEFT,707.66,67.66,272.7,38959,0.1097044612141326,20.952008737754777,3.203
2026-07-29T11:49:33.262182+00:00,1,LEFT,706.66,66.66,272.7,38933,-0.22937193194404246,-43.8068121305186,3.172
2026-07-29T11:49:33.345542+00:00,1,LEFT,708.66,68.66,272.7,39290,0.16300429657567292,31.131527454282786,3.19
2026-07-29T11:49:33.395554+00:00,1,LEFT,710.66,70.66,272.7,38720,-0.04695296628400683,-8.967356012312145,3.239
2026-07-29T11:49:33.412186+00:00,1,LEFT,707.66,67.66,272.7,38825,-0.004592140093445778,-0.8770341542908484,3.212
2026-07-29T11:49:33.428837+00:00,1,LEFT,707.66,67.66,272.7,38486,-0.08051237563602626,-15.376731075054073,3.196
2026-07-29T11:49:33.495578+00:00,1,LEFT,710.66,70.66,272.7,38759,0.07588852297514677,14.49364026652497,3.242
2026-07-29T11:49:33.512161+00:00,1,LEFT,703.66,63.66,272.7,38970,-0.035366080887615683,-6.75442390926221,3.139
2026-07-29T11:49:33.578818+00:00,1,LEFT,705.66,65.66,272.7,38785,0.060708618997596206,11.594492162099977,3.114
2026-07-29T11:49:33.612182+00:00,1,LEFT,706.66,66.66,272.7,38923,-0.2226334434770979,-42.51985563234026,3.118
2026-07-29T11:49:33.645452+00:00,1,LEFT,705.66,65.66,272.7,38679,0.0890068096620962,16.9990484718745,3.102
2026-07-29T11:49:33.695535+00:00,1,LEFT,705.66,65.66,272.7,39001,-0.07295509736286476,-13.93339724286051,3.092
2026-07-29T11:49:33.728909+00:00,1,LEFT,708.66,68.66,272.7,38882,-0.12505455897189677,-23.88366145986516,3.143
2026-07-29T11:49:33.795402+00:00,1,LEFT,707.66,67.66,272.7,38547,0.012996653686277568,2.4821780133894937,3.154
2026-07-29T11:49:33.878908+00:00,1,LEFT,709.66,69.66,272.7,38993,-0.08526684501208365,-16.284767838628362,3.199
2026-07-29T11:49:33.912124+00:00,1,LEFT,705.66,65.66,272.7,38438,-0.011798572277184576,-2.25336131920911,3.15
2026-07-29T11:49:33.946211+00:00,1,LEFT,706.66,66.66,272.7,39108,-0.023146787555888296,-4.420710787461112,3.14
2026-07-29T11:49:34.012123+00:00,1,LEFT,709.66,69.66,272.7,38453,-2.074767558951862e-05,-0.00396251415328673,3.19
2026-07-29T11:49:34.045538+00:00,1,LEFT,712.66,72.66,272.7,39203,-0.029027378098107876,-5.543820851173545,3.276
2026-07-29T11:49:34.062715+00:00,1,LEFT,709.66,69.66,272.7,38850,2.5896796141751108e-05,0.004945923739443375,3.272
2026-07-29T11:49:34.145478+00:00,1,LEFT,707.66,67.66,272.7,39176,0.009509877031669021,1.8162527253434468,3.232
2026-07-29T11:49:34.195508+00:00,1,LEFT,707.66,67.66,272.7,39048,0.027344039184972645,5.222326800464254,3.208
2026-07-29T11:49:34.245541+00:00,1,LEFT,708.66,68.66,272.7,38726,0.10460495284292846,19.97807438021601,3.212
2026-07-29T11:49:34.312341+00:00,1,LEFT,708.66,68.66,272.7,38482,0.005306365427095443,1.0134411450890115,3.214
2026-07-29T11:49:34.328818+00:00,1,LEFT,709.66,69.66,272.7,38926,0.03702195557300001,7.070672678845793,3.235
2026-07-29T11:49:34.395386+00:00,1,LEFT,708.66,68.66,272.7,39390,-0.00012238894010806688,-0.023374565757572126,3.228
2026-07-29T11:49:34.428753+00:00,1,LEFT,707.66,67.66,272.7,38732,-0.09965340417809784,-19.03239824505457,3.205
2026-07-29T11:49:34.445502+00:00,1,LEFT,707.66,67.66,272.7,38985,0.08485851912293584,16.206783338248037,3.192
2026-07-29T11:49:34.512217+00:00,1,LEFT,709.66,69.66,272.7,38915,-0.07703356154728681,-14.71232652506934,3.221
2026-07-29T11:49:34.528744+00:00,1,LEFT,708.66,68.66,272.7,38665,0.0,0.0,3.22
2026-07-29T11:49:34.562130+00:00,1,LEFT,445.66,-194.34,272.7,19133,0.0,0.0,-0.78
2026-07-29T11:49:34.595515+00:00,1,LEFT,712.66,72.66,272.7,39116,-0.014974429924041032,-2.8599054508731903,0.894
2026-07-29T11:49:34.645505+00:00,1,LEFT,711.66,71.66,272.7,38747,-0.014974429924041032,-2.8599054508731903,1.88
2026-07-29T11:49:34.662201+00:00,1,LEFT,708.66,68.66,272.7,38931,-0.014974429924041032,-2.8599054508731903,2.415
2026-07-29T11:49:34.728889+00:00,1,LEFT,708.66,68.66,272.7,38712,0.032769867843016984,6.258583742021159,2.737
2026-07-29T11:49:34.745488+00:00,1,LEFT,712.66,72.66,272.7,38810,-0.007408434562385082,-1.414906777411714,3.004
2026-07-29T11:49:34.778853+00:00,1,LEFT,706.66,66.66,272.7,39115,0.03538382448139601,6.757812686052234,3.052
2026-07-29T11:49:34.795523+00:00,1,LEFT,710.66,70.66,272.7,39201,0.032078433972783385,6.1265296000985545,3.156
2026-07-29T11:49:34.862274+00:00,1,LEFT,707.66,67.66,272.7,39354,-0.017994340828736313,-3.4366659486884363,3.162
2026-07-29T11:49:34.878854+00:00,1,LEFT,712.16,72.16,272.7,39634,-0.017804791065864266,-3.400464610620857,3.25
2026-07-29T11:49:34.928834+00:00,1,LEFT,709.66,69.66,272.7,39467,-0.011700983103364706,-2.2347231599222863,3.256
2026-07-29T11:49:34.962222+00:00,1,LEFT,707.66,67.66,272.7,39093,-0.041669730457942936,-7.9583322956262315,3.222
2026-07-29T11:49:35.045652+00:00,1,LEFT,708.66,68.66,272.7,39442,-0.18423910905607044,-35.18707790054447,3.221
2026-07-29T11:49:35.095598+00:00,1,LEFT,709.66,69.66,272.7,39326,-0.00037618241971358656,-0.07184554992202483,3.238
2026-07-29T11:49:35.145601+00:00,1,LEFT,707.66,67.66,272.7,39155,-0.02978880811482668,-5.689243272348756,3.212
2026-07-29T11:49:35.195581+00:00,1,LEFT,704.66,64.66,272.7,38740,0.10214861558750271,19.508948520893867,3.139
2026-07-29T11:49:35.212168+00:00,1,LEFT,708.66,68.66,272.7,38988,0.10214861558750271,19.508948520893867,3.171
2026-07-29T11:49:35.328811+00:00,1,LEFT,709.66,69.66,272.7,38986,0.002846820221748203,0.5437026124622305,3.209
2026-07-29T11:49:35.362201+00:00,1,LEFT,709.66,69.66,272.7,39305,-0.05056026404723525,-9.656299136578715,3.231
2026-07-29T11:49:35.395592+00:00,1,LEFT,707.66,67.66,272.7,39214,0.03183270497247577,6.07959881802657,3.207
2026-07-29T11:49:35.412129+00:00,1,LEFT,709.66,69.66,272.7,39201,-0.09116930153686553,-17.41205399739322,3.23
2026-07-29T11:49:35.478844+00:00,1,LEFT,709.66,69.66,272.7,38507,0.03521352879703045,6.725288606107439,3.244
2026-07-29T11:49:35.495595+00:00,1,LEFT,714.66,74.66,272.7,39036,0.03521352879703045,6.725288606107439,3.346
2026-07-29T11:49:35.545588+00:00,1,LEFT,710.66,70.66,272.7,38840,0.03521352879703045,6.725288606107439,3.333
2026-07-29T11:49:35.578860+00:00,1,LEFT,708.66,68.66,272.7,39119,0.03521352879703045,6.725288606107439,3.287
2026-07-29T11:49:35.612418+00:00,1,LEFT,705.66,65.66,272.7,38882,0.03521352879703045,6.725288606107439,3.203
2026-07-29T11:49:35.662210+00:00,1,LEFT,709.66,69.66,272.7,39049,0.03521352879703045,6.725288606107439,3.228
2026-07-29T11:49:35.745599+00:00,1,LEFT,707.66,67.66,272.7,38923,0.2564813167671673,48.98432324905547,3.205
2026-07-29T11:49:35.763714+00:00,1,LEFT,712.66,72.66,272.7,39423,0.00022259130142629146,0.04251180709350281,3.285
2026-07-29T11:49:35.812122+00:00,1,LEFT,707.16,67.16,272.7,39360,0.0001651252422016114,0.03153659823075948,3.23
2026-07-29T11:49:35.878949+00:00,1,LEFT,710.66,70.66,272.7,39036,-0.020179174630902706,-3.8539384680272866,3.263
2026-07-29T11:49:35.912174+00:00,1,LEFT,710.66,70.66,272.7,38981,0.00782866964698769,1.4951657665818892,3.283
2026-07-29T11:49:35.929025+00:00,1,LEFT,707.66,67.66,272.7,38295,0.08168319836258889,15.6003417443542,3.238
2026-07-29T11:49:36.012113+00:00,1,LEFT,708.66,68.66,272.7,38682,0.06983802352100611,13.338079990963411,3.23
2026-07-29T11:49:36.062218+00:00,1,LEFT,707.66,67.66,272.7,38870,0.06983802352100611,13.338079990963411,3.207
2026-07-29T11:49:36.095616+00:00,1,LEFT,705.66,65.66,272.7,38586,1.2302185641601678e-05,0.0023495443868340564,3.155
2026-07-29T11:49:36.179030+00:00,1,LEFT,706.66,66.66,272.7,39096,0.038700237987795844,7.391201009508544,3.143
2026-07-29T11:49:36.195466+00:00,1,LEFT,708.66,68.66,272.7,39144,0.010789406760595739,2.060624902773511,3.173
2026-07-29T11:49:36.228955+00:00,1,LEFT,705.66,65.66,272.7,38767,-0.0778699569310993,-14.87206627672494,3.135
2026-07-29T11:49:36.295563+00:00,1,LEFT,707.66,67.66,272.7,39081,0.07134701463393867,13.626276064609359,3.149
2026-07-29T11:49:36.312247+00:00,1,LEFT,706.66,66.66,272.7,38602,0.06330532096326351,12.090425706386847,3.139
2026-07-29T11:49:36.378916+00:00,1,LEFT,711.66,71.66,272.7,39016,-0.004710688348859548,-0.899675203303675,3.227
2026-07-29T11:49:36.395568+00:00,1,LEFT,709.66,69.66,272.7,39015,0.0001223001815378666,0.023357614119345154,3.242
2026-07-29T11:49:36.445503+00:00,1,LEFT,707.66,67.66,272.7,38403,0.03553206276148558,6.7861241120902696,3.214
2026-07-29T11:49:36.462263+00:00,1,LEFT,707.66,67.66,272.7,38873,-0.05230058964341879,-9.988676842045066,3.197
2026-07-29T11:49:36.562370+00:00,1,LEFT,710.66,70.66,272.7,38869,-0.03320619422011077,-6.341915941680185,3.243
2026-07-29T11:49:36.612242+00:00,1,LEFT,710.66,70.66,272.7,38534,0.04739147490821779,9.051104990470066,3.271
2026-07-29T11:49:36.678816+00:00,1,LEFT,708.66,68.66,272.7,38655,-0.0303979957010597,-5.805589531091803,3.25
2026-07-29T11:49:36.695509+00:00,1,LEFT,705.66,65.66,272.7,39086,-0.09688024247639987,-18.502763373672533,3.181
2026-07-29T11:49:36.745559+00:00,1,LEFT,709.66,69.66,272.7,38819,0.0015496831299969926,0.2959676764381699,3.215
2026-07-29T11:49:36.762232+00:00,1,LEFT,709.66,69.66,272.7,39022,-0.04675111643329728,-8.928805530508802,3.235
2026-07-29T11:49:36.795411+00:00,1,LEFT,707.66,67.66,272.7,38830,-0.006130572757683694,-1.1708531500438468,3.209
2026-07-29T11:49:36.862243+00:00,1,LEFT,708.66,68.66,272.7,38556,0.02040366655215621,3.8968132667693163,3.213
2026-07-29T11:49:36.895393+00:00,1,LEFT,706.66,66.66,272.7,39240,-0.08846521224360913,-16.895610984292865,3.178
2026-07-29T11:49:36.912270+00:00,1,LEFT,705.66,65.66,272.7,38710,-0.08846521224360913,-16.895610984292865,3.138
2026-07-29T11:49:36.928773+00:00,1,LEFT,708.66,68.66,272.7,38608,-0.002211990468204021,-0.42245906050419113,3.17
2026-07-29T11:49:36.978935+00:00,1,LEFT,706.66,66.66,272.7,38599,-0.02868978425860405,-5.479345177196259,3.152
2026-07-29T11:49:37.045496+00:00,1,LEFT,707.66,67.66,272.7,38640,0.07759882904298138,14.8202846644001,3.16
2026-07-29T11:49:37.062247+00:00,1,LEFT,710.66,70.66,272.7,38878,0.08802142744418234,16.81085433089548,3.221
2026-07-29T11:49:37.128982+00:00,1,LEFT,709.66,69.66,272.7,38751,-0.04483540118671954,-8.562930869249573,3.238
2026-07-29T11:49:37.145536+00:00,1,LEFT,709.66,69.66,272.7,38875,-0.0217802750505507,-4.159726123435469,3.249
2026-07-29T11:49:37.178897+00:00,1,LEFT,709.66,69.66,272.7,38867,0.10523968694731593,20.099299664530736,3.255
2026-07-29T11:49:37.228949+00:00,1,LEFT,706.66,66.66,272.7,38410,0.03403798910323531,6.500777062425563,3.203
2026-07-29T11:49:37.278879+00:00,1,LEFT,705.66,65.66,272.7,38468,-0.02719296648632735,-5.193474040357496,3.153
2026-07-29T11:49:37.328870+00:00,1,LEFT,710.66,70.66,272.7,38994,0.094820945430547,18.109466608702107,3.217
2026-07-29T11:49:37.345613+00:00,1,LEFT,711.66,71.66,272.7,38695,-0.046319933384656904,-8.846455634226544,3.273
2026-07-29T11:49:37.362145+00:00,1,LEFT,706.66,66.66,272.7,38596,0.012603013431653381,2.406998262601424,3.214
2026-07-29T11:49:37.378870+00:00,1,LEFT,710.66,70.66,272.7,39073,0.012964984653517603,2.4761296736614686,3.253
2026-07-29T11:49:37.445611+00:00,1,LEFT,705.66,65.66,272.7,38911,0.012964984653517603,2.4761296736614686,3.183
2026-07-29T11:49:37.462136+00:00,1,LEFT,706.66,66.66,272.7,38602,-0.01468985727056861,-2.8055560775104946,3.16
2026-07-29T11:49:37.512273+00:00,1,LEFT,707.66,67.66,272.7,39285,-0.09196957923937589,-17.564895780034114,3.164
2026-07-29T11:49:37.545597+00:00,1,LEFT,708.66,68.66,272.7,38528,0.21025205336511135,40.15518430593413,3.186
2026-07-29T11:49:37.595588+00:00,1,LEFT,711.66,71.66,272.7,39188,0.012451901356689632,2.378137982171799,3.255
2026-07-29T11:49:37.628887+00:00,1,LEFT,710.66,70.66,272.7,38957,-0.05508635362610221,-10.520718571802783,3.278
2026-07-29T11:49:37.695580+00:00,1,LEFT,706.66,66.66,272.7,38773,0.06346225941553713,12.120398742915492,3.217
2026-07-29T11:49:37.712127+00:00,1,LEFT,710.66,70.66,272.7,38566,0.010026822991203516,1.914982131069004,3.255
2026-07-29T11:49:37.762076+00:00,1,LEFT,707.66,67.66,272.7,38874,0.13291376251727344,25.384658771479614,3.221
2026-07-29T11:49:37.795574+00:00,1,LEFT,709.66,69.66,272.7,39469,0.0388698814122472,7.423600516985908,3.239
2026-07-29T11:49:37.845601+00:00,1,LEFT,709.66,69.66,272.7,38195,0.01298473552800715,2.4799018128279475,3.249
2026-07-29T11:49:37.862248+00:00,1,LEFT,710.66,70.66,272.7,38765,0.06824085084255785,13.033042478867776,3.274
2026-07-29T11:49:37.928888+00:00,1,LEFT,707.66,67.66,272.7,38826,-0.19414849777705967,-37.07963173810188,3.233
2026-07-29T11:49:37.962238+00:00,1,LEFT,706.66,66.66,272.7,38800,-0.19414849777705967,-37.07963173810188,3.19
2026-07-29T11:49:37.978836+00:00,1,LEFT,706.66,66.66,272.7,39021,-0.08270477829035372,-15.795449138674881,3.164
2026-07-29T11:49:38.012211+00:00,1,LEFT,708.66,68.66,272.7,39037,0.05674151057377458,10.836830263580726,3.185
2026-07-29T11:49:38.062335+00:00,1,LEFT,709.66,69.66,272.7,38506,0.0707618953846395,13.514526519620343,3.217
2026-07-29T11:49:38.095583+00:00,1,LEFT,707.66,67.66,272.7,39053,0.0707618953846395,13.514526519620343,3.199
2026-07-29T11:49:38.112310+00:00,1,LEFT,708.66,68.66,272.7,38812,-0.043006380051374436,-8.213613563597905,3.207
2026-07-29T11:49:38.162201+00:00,1,LEFT,710.66,70.66,272.7,38498,0.03258792331442237,6.223834896707929,3.249
2026-07-29T11:49:38.195583+00:00,1,LEFT,709.66,69.66,272.7,38762,0.1511045920336619,28.858851295249824,3.255
2026-07-29T11:49:38.262194+00:00,1,LEFT,707.66,67.66,272.7,38978,-0.04003083803923801,-7.645326900066965,3.222
2026-07-29T11:49:38.295416+00:00,1,LEFT,709.66,69.66,272.7,38883,0.0657337075844407,12.55421338778514,3.239
2026-07-29T11:49:38.345606+00:00,1,LEFT,708.66,68.66,272.7,38776,0.08221927499398589,15.702724839269662,3.231
2026-07-29T11:49:38.395440+00:00,1,LEFT,706.66,66.66,272.7,38759,-0.24766641815192997,-47.30080162409276,3.188
2026-07-29T11:49:38.412197+00:00,1,LEFT,709.66,69.66,272.7,38902,-0.002298425876069814,-0.43896700740819716,3.219
2026-07-29T11:49:38.462294+00:00,1,LEFT,709.66,69.66,272.7,39284,0.125760050797835,24.018400473555957,3.237
2026-07-29T11:49:38.512733+00:00,1,LEFT,709.66,69.66,272.7,39174,0.010054506100714207,1.9202692155315408,3.249
2026-07-29T11:49:38.562216+00:00,1,LEFT,708.66,68.66,272.7,39411,0.031591200940310954,6.033474945431784,3.236
2026-07-29T11:49:38.595735+00:00,1,LEFT,708.66,68.66,272.7,38421,0.06007236225530505,11.472976075366557,3.229
2026-07-29T11:49:38.612210+00:00,1,LEFT,707.66,67.66,272.7,38164,0.0035378046380355956,0.6756709150041583,3.206
2026-07-29T11:49:38.645576+00:00,1,LEFT,770.66,130.66,272.7,32296,0.031213150802068414,5.9612726875463355,4.373
2026-07-29T11:49:38.728926+00:00,1,LEFT,709.66,69.66,272.7,38779,-0.022890022778883575,-4.371672327294484,3.93
2026-07-29T11:49:38.745551+00:00,1,LEFT,708.66,68.66,272.7,39352,-0.0026253375830128786,-0.5014025443457145,3.645
2026-07-29T11:49:38.762196+00:00,1,LEFT,710.66,70.66,272.7,38913,0.11435017875162884,21.839275430116256,3.512
2026-07-29T11:49:38.845600+00:00,1,LEFT,709.66,69.66,272.7,38819,-0.023839199235662818,-4.552951677249925,3.413
2026-07-29T11:49:38.862150+00:00,1,LEFT,709.66,69.66,272.7,39190,0.04203465462429449,8.028027677540479,3.354
2026-07-29T11:49:38.928887+00:00,1,LEFT,709.66,69.66,272.7,38415,-0.13724005478434265,-26.210919730956782,3.318
2026-07-29T11:49:38.945574+00:00,1,LEFT,708.66,68.66,272.7,38673,0.21109050530474632,40.3153168308196,3.278
2026-07-29T11:49:39.012294+00:00,1,LEFT,708.66,68.66,272.7,38449,-0.0983561888593249,-18.78464836876988,3.254
2026-07-29T11:49:39.028791+00:00,1,LEFT,711.66,71.66,272.7,38638,0.02479437300004065,4.735376428584835,3.296
2026-07-29T11:49:39.045534+00:00,1,LEFT,709.66,69.66,272.7,38366,0.016605972856341397,3.1715071979238885,3.284
2026-07-29T11:49:39.078957+00:00,1,LEFT,711.66,71.66,272.7,39026,0.016605972856341397,3.1715071979238885,3.314
2026-07-29T11:49:39.112329+00:00,1,LEFT,711.66,71.66,272.7,38810,0.047614665697328744,9.093731291277573,3.332
2026-07-29T11:49:39.178777+00:00,1,LEFT,707.66,67.66,272.7,38779,-0.007505872510373593,-1.4335160546922368,3.268
2026-07-29T11:49:39.195524+00:00,1,LEFT,708.66,68.66,272.7,38279,17.909538442492487,3420.4698859404048,3.248
2026-07-29T11:49:39.229048+00:00,1,LEFT,710.66,70.66,272.7,39063,17.909538442492487,3420.4698859404048,3.274
2026-07-29T11:49:39.261937+00:00,1,LEFT,448.66,-191.34,272.7,19529,-12.717257240116597,-2428.817222802901,-0.726
2026-07-29T11:49:39.312438+00:00,1,LEFT,710.66,70.66,272.7,38654,0.06490697345230728,12.396318799282952,0.889
2026-07-29T11:49:39.345365+00:00,1,LEFT,710.66,70.66,272.7,38366,0.06490697345230728,12.396318799282952,1.858
2026-07-29T11:49:39.362275+00:00,1,LEFT,710.66,70.66,272.7,39547,0.04195879798382521,8.01354012638404,2.44
2026-07-29T11:49:39.412328+00:00,1,LEFT,706.66,66.66,272.7,38780,-0.06398304518312216,-12.21986149795917,2.714
2026-07-29T11:49:39.445514+00:00,1,LEFT,709.66,69.66,272.7,39389,4.0969427354866644e-05,0.00782458425500561,2.934
2026-07-29T11:49:39.495524+00:00,1,LEFT,710.66,70.66,272.7,38398,-0.02188947657123208,-4.1805820776069815,3.085
2026-07-29T11:49:39.562318+00:00,1,LEFT,709.66,69.66,272.7,39221,-0.03609016398899257,-6.89271359501434,3.157
2026-07-29T11:49:39.612334+00:00,1,LEFT,707.66,67.66,272.7,38686,0.0373628799803555,7.135784444427355,3.163
2026-07-29T11:49:39.628908+00:00,1,LEFT,708.66,68.66,272.7,38592,1.3167805736884478e-05,0.0025148656472387784,3.185
2026-07-29T11:49:39.695663+00:00,1,LEFT,707.66,67.66,272.7,38864,0.10930806383490563,20.876302414955603,3.18
2026-07-29T11:49:39.745691+00:00,1,LEFT,708.66,68.66,272.7,38881,0.02987431493587792,5.705573872234811,3.195
2026-07-29T11:49:39.795687+00:00,1,LEFT,710.66,70.66,272.7,39134,-0.00010257313406327739,-0.019590025577517916,3.242
2026-07-29T11:49:39.829024+00:00,1,LEFT,710.66,70.66,272.7,38685,0.04467643897165544,8.532571322498828,3.27
2026-07-29T11:49:39.878734+00:00,1,LEFT,710.66,70.66,272.7,38324,-0.11570862968452275,-22.09872044721769,3.287
2026-07-29T11:49:39.928810+00:00,1,LEFT,706.66,66.66,272.7,39368,0.08294261476141401,15.840872558695015,3.222
2026-07-29T11:49:39.978776+00:00,1,LEFT,710.66,70.66,272.7,38730,-0.03126308490522206,-5.970809398761252,3.258
2026-07-29T11:49:39.995620+00:00,1,LEFT,705.66,65.66,272.7,38617,0.08594827287364751,16.414910973662472,3.186
2026-07-29T11:49:40.028718+00:00,1,LEFT,705.66,65.66,272.7,38148,0.09116545353783295,17.41131908371276,3.143
2026-07-29T11:49:40.078842+00:00,1,LEFT,707.66,67.66,272.7,38800,0.02448529180139303,4.676346267886991,3.154
2026-07-29T11:49:40.095653+00:00,1,LEFT,710.66,70.66,272.7,39095,-0.1947001170378644,-37.184983256576004,3.217
2026-07-29T11:49:40.162250+00:00,1,LEFT,711.66,71.66,272.7,38873,0.03971360671101138,7.584740179277915,3.274
2026-07-29T11:49:40.178846+00:00,1,LEFT,702.66,62.66,272.7,39196,-0.00044153840863145886,-0.08432762435835105,3.139
2026-07-29T11:49:40.228890+00:00,1,LEFT,710.66,70.66,272.7,39315,0.00011123970150947571,0.021245218035960037,3.208
2026-07-29T11:49:40.245659+00:00,1,LEFT,712.66,72.66,272.7,39562,0.003682895116508007,0.7033811552175014,3.287
2026-07-29T11:49:40.312266+00:00,1,LEFT,710.66,70.66,272.7,39246,-0.000102586280554533,-0.019592536372399088,3.297
2026-07-29T11:49:40.362334+00:00,1,LEFT,710.66,70.66,272.7,39075,-0.003522026427090168,-0.6726574986860246,3.303
2026-07-29T11:49:40.412231+00:00,1,LEFT,709.66,69.66,272.7,38430,0.016627596663311123,3.1756370408451247,3.288
2026-07-29T11:49:40.445602+00:00,1,LEFT,710.66,70.66,272.7,38824,0.02923372022807598,5.5832292951165865,3.298
2026-07-29T11:49:40.478997+00:00,1,LEFT,708.66,68.66,272.7,38537,0.05479859367012978,10.46576046850248,3.266
2026-07-29T11:49:40.512123+00:00,1,LEFT,707.66,67.66,272.7,39127,-0.11783602559473366,-22.505023137245953,3.228
2026-07-29T11:49:40.528972+00:00,1,LEFT,709.66,69.66,272.7,39459,0.09622451039962471,18.377527772037315,3.243
2026-07-29T11:49:40.578956+00:00,1,LEFT,704.66,64.66,272.7,38656,-0.0002000709855929017,-0.03821074359165322,3.158
2026-07-29T11:49:40.612173+00:00,1,LEFT,706.66,66.66,272.7,38888,-0.014962871428579091,-2.857697940848223,3.145
2026-07-29T11:49:40.645592+00:00,1,LEFT,710.66,70.66,272.7,38983,0.08540410735178738,16.31098301446541,3.212
2026-07-29T11:49:40.695449+00:00,1,LEFT,708.66,68.66,272.7,38797,0.016533778589218853,3.157719108553349,3.214
2026-07-29T11:49:40.712256+00:00,1,LEFT,708.66,68.66,272.7,38833,0.016533778589218853,3.157719108553349,3.216
2026-07-29T11:49:40.745491+00:00,1,LEFT,708.66,68.66,272.7,38448,0.016533778589218853,3.157719108553349,3.217
2026-07-29T11:49:40.762209+00:00,1,LEFT,708.16,68.16,272.7,39288,0.016533778589218853,3.157719108553349,3.208
2026-07-29T11:49:40.829666+00:00,1,LEFT,450.66,-189.34,272.7,19636,0.11101140337064862,21.201616303208425,-0.792
2026-07-29T11:49:40.895455+00:00,1,LEFT,711.66,71.66,272.7,38455,-0.04292872963473201,-8.19878342642776,0.868
2026-07-29T11:49:40.945599+00:00,1,LEFT,707.66,67.66,272.7,38512,0.038921343511901796,7.433429054036209,1.79
2026-07-29T11:49:40.995580+00:00,1,LEFT,705.66,65.66,272.7,39019,-0.0075421531614847485,-1.4404451486477563,2.305
2026-07-29T11:49:41.028968+00:00,1,LEFT,708.66,68.66,272.7,38667,-0.12726112693548203,-24.305084898272533,2.67
2026-07-29T11:49:41.062173+00:00,1,LEFT,710.66,70.66,272.7,39189,0.17341359490994365,33.11955699510369,2.927
2026-07-29T11:49:41.112184+00:00,1,LEFT,710.66,70.66,272.7,38390,-0.021210596216842532,-4.050925480604093,3.081
2026-07-29T11:49:41.145559+00:00,1,LEFT,709.66,69.66,272.7,38789,0.13367927600629628,25.530861078417423,3.155
2026-07-29T11:49:41.178953+00:00,1,LEFT,707.66,67.66,272.7,38345,-0.11921804105862975,-22.768968648256152,3.161
2026-07-29T11:49:41.262363+00:00,1,LEFT,706.66,66.66,272.7,38561,0.08071711550466716,15.415833509624694,3.147
2026-07-29T11:49:41.295609+00:00,1,LEFT,707.66,67.66,272.7,38744,-0.06041722216643393,-11.538839466803028,3.156
2026-07-29T11:49:41.328834+00:00,1,LEFT,706.66,66.66,272.7,38576,-0.06041722216643393,-11.538839466803028,3.144
2026-07-29T11:49:41.362354+00:00,1,LEFT,708.66,68.66,272.7,38636,0.031602541380561885,6.035640809979113,3.174
2026-07-29T11:49:41.412301+00:00,1,LEFT,707.66,67.66,272.7,38455,-0.0898729402013123,-17.164467219889406,3.173
2026-07-29T11:49:41.445467+00:00,1,LEFT,707.66,67.66,272.7,38718,0.06614442449004855,12.632654538671815,3.172
2026-07-29T11:49:41.462325+00:00,1,LEFT,708.66,68.66,272.7,38797,-0.02124091506935656,-4.056715954899871,3.191
2026-07-29T11:49:41.512302+00:00,1,LEFT,704.66,64.66,272.7,38921,-0.012719437079504133,-2.4292335414593085,3.127
2026-07-29T11:49:41.578886+00:00,1,LEFT,708.66,68.66,272.7,38424,0.11854149560444056,22.63975798434348,3.163
2026-07-29T11:49:41.595557+00:00,1,LEFT,709.66,69.66,272.7,39029,-0.05279688745737076,-10.083462742448456,3.204
2026-07-29T11:49:41.612417+00:00,1,LEFT,708.66,68.66,272.7,39502,-0.05279688745737076,-10.083462742448456,3.21
2026-07-29T11:49:41.645428+00:00,1,LEFT,712.66,72.66,272.7,39189,-0.05279688745737076,-10.083462742448456,3.288
2026-07-29T11:49:41.662328+00:00,1,LEFT,707.66,67.66,272.7,38707,-0.05279688745737076,-10.083462742448456,3.241
2026-07-29T11:49:41.695424+00:00,1,LEFT,709.66,69.66,272.7,38938,0.011888817250728607,2.270596839563586,3.251
2026-07-29T11:49:41.762258+00:00,1,LEFT,706.66,66.66,272.7,38568,0.041042124705854804,7.838468426316951,3.2
2026-07-29T11:49:41.778976+00:00,1,LEFT,707.66,67.66,272.7,38449,-0.04172225251793862,-7.968363270189849,3.189
2026-07-29T11:49:41.812360+00:00,1,LEFT,709.66,69.66,272.7,38529,-0.011230691839009523,-2.144904144624209,3.219
2026-07-29T11:49:41.862262+00:00,1,LEFT,707.66,67.66,272.7,38622,-0.04354888910427689,-8.317225160527741,3.2
2026-07-29T11:49:41.895643+00:00,1,LEFT,707.66,67.66,272.7,38799,0.0015763791231438518,0.3010662355622539,3.189
2026-07-29T11:49:41.945535+00:00,1,LEFT,708.66,68.66,272.7,39235,0.0015763791231438518,0.3010662355622539,3.2
2026-07-29T11:49:41.962277+00:00,1,LEFT,710.66,70.66,272.7,38955,-0.03902435896918178,-7.453103557125386,3.245
2026-07-29T11:49:42.012303+00:00,1,LEFT,704.66,64.66,272.7,38591,0.026324354495154693,5.0275813699286696,3.159
2026-07-29T11:49:42.028869+00:00,1,LEFT,707.66,67.66,272.7,39087,-0.02020495282486081,-3.858861740418183,3.164
2026-07-29T11:49:42.078896+00:00,1,LEFT,705.66,65.66,272.7,38586,-0.07032750909216702,-13.431564848830314,3.13
2026-07-29T11:49:42.162270+00:00,1,LEFT,708.66,68.66,272.7,38767,-0.0427080852445215,-8.156643451986762,3.165
2026-07-29T11:49:42.178928+00:00,1,LEFT,708.66,68.66,272.7,39184,-0.01936203399556689,-3.69787610244935,3.186
2026-07-29T11:49:42.213606+00:00,1,LEFT,706.66,66.66,272.7,38897,-0.0020285903289914134,-0.3874322140408772,3.162
2026-07-29T11:49:42.245664+00:00,1,LEFT,710.66,70.66,272.7,39225,0.1010479628201574,19.29873932663293,3.222
2026-07-29T11:49:42.312289+00:00,1,LEFT,707.66,67.66,272.7,38359,-0.030253883220721037,-5.778066074763244,3.202
2026-07-29T11:49:42.328852+00:00,1,LEFT,706.66,66.66,272.7,38934,0.0,0.0,3.171
2026-07-29T11:49:42.395375+00:00,1,LEFT,443.66,-196.34,272.7,18880,0.23163625556975603,44.2392660878691,-0.829
2026-07-29T11:49:42.428876+00:00,1,LEFT,706.66,66.66,272.7,38510,-0.2075993252545595,-39.64855055616635,0.752
2026-07-29T11:49:42.495618+00:00,1,LEFT,706.66,66.66,272.7,38565,-0.18897150215227157,-36.09089840524171,1.701
2026-07-29T11:49:42.545655+00:00,1,LEFT,711.66,71.66,272.7,38962,0.020503307729959487,3.9158433299487845,2.364
2026-07-29T11:49:42.595630+00:00,1,LEFT,701.66,61.66,272.7,39297,0.004968677274882793,0.9489474587111574,2.575
2026-07-29T11:49:42.612261+00:00,1,LEFT,710.66,70.66,272.7,38947,0.019895969681674616,3.7998503069339984,2.87
2026-07-29T11:49:42.728939+00:00,1,LEFT,707.66,67.66,272.7,39030,0.34146156296133995,65.21435474541804,2.99
2026-07-29T11:49:42.745632+00:00,1,LEFT,712.66,72.66,272.7,39549,0.2986263298243284,57.03342783471906,3.156
2026-07-29T11:49:42.812368+00:00,1,LEFT,709.66,69.66,272.7,38274,-0.004059253027662635,-0.7752602215359006,3.2
2026-07-29T11:49:42.878987+00:00,1,LEFT,711.16,71.16,272.7,38532,-0.1338470778428018,-25.56290886850513,3.254
2026-07-29T11:49:42.912221+00:00,1,LEFT,708.66,68.66,272.7,38283,0.2660787948127836,50.81730653566641,3.24
2026-07-29T11:49:42.962129+00:00,1,LEFT,710.66,70.66,272.7,38635,-0.17001062739640474,-32.46963807395066,3.269
2026-07-29T11:49:42.995469+00:00,1,LEFT,708.66,68.66,272.7,39467,-0.13896240439265967,-26.539864275632038,3.248
2026-07-29T11:49:43.045700+00:00,1,LEFT,707.66,67.66,272.7,38965,-7.929025756311603e-05,-0.015143323716239346,3.218
2026-07-29T11:49:43.062167+00:00,1,LEFT,711.66,71.66,272.7,38961,0.12696750592440367,24.249007415902025,3.274
2026-07-29T11:49:43.128974+00:00,1,LEFT,710.66,70.66,272.7,39027,-0.034327882528305056,-6.556142628309192,3.289
2026-07-29T11:49:43.162274+00:00,1,LEFT,704.66,64.66,272.7,39085,-0.034327882528305056,-6.556142628309192,3.186
2026-07-29T11:49:43.195598+00:00,1,LEFT,704.66,64.66,272.7,39136,-0.034327882528305056,-6.556142628309192,3.124
2026-07-29T11:49:43.229010+00:00,1,LEFT,707.66,67.66,272.7,38466,-0.034327882528305056,-6.556142628309192,3.143
2026-07-29T11:49:43.245434+00:00,1,LEFT,709.66,69.66,272.7,38688,-0.034327882528305056,-6.556142628309192,3.192
2026-07-29T11:49:43.362218+00:00,1,LEFT,711.66,71.66,272.7,38795,-0.034327882528305056,-6.556142628309192,3.259
2026-07-29T11:49:43.379017+00:00,1,LEFT,709.66,69.66,272.7,39181,-0.034327882528305056,-6.556142628309192,3.261
2026-07-29T11:49:43.445576+00:00,1,LEFT,711.66,71.66,272.7,39229,0.03507805100176484,6.699414253152582,3.3
2026-07-29T11:49:43.478969+00:00,1,LEFT,705.66,65.66,272.7,38427,-0.08865625547245144,-16.932097553350253,3.211
2026-07-29T11:49:43.495581+00:00,1,LEFT,705.66,65.66,272.7,38791,-0.0034885970083996655,-0.666272950010886,3.158
2026-07-29T11:49:43.545584+00:00,1,LEFT,710.66,70.66,272.7,38786,-0.006675043497234583,-1.2748394015259552,3.219
2026-07-29T11:49:43.595563+00:00,1,LEFT,710.66,70.66,272.7,38867,0.28196542922407386,53.851430210447184,3.256
2026-07-29T11:49:43.645460+00:00,1,LEFT,707.66,67.66,272.7,38720,0.024780450784601272,4.732717481297674,3.222
2026-07-29T11:49:43.695599+00:00,1,LEFT,710.66,70.66,272.7,38862,0.040002902448177335,7.639991595180366,3.258
2026-07-29T11:49:43.712322+00:00,1,LEFT,708.66,68.66,272.7,38757,-0.020003655636683104,-3.820416809383405,3.242
2026-07-29T11:49:43.795573+00:00,1,LEFT,708.66,68.66,272.7,38771,-0.1672090949676931,-31.934584792836624,3.233
2026-07-29T11:49:43.828823+00:00,1,LEFT,709.66,69.66,272.7,39659,0.07840728896204383,14.974689135292655,3.246
2026-07-29T11:49:43.845584+00:00,1,LEFT,712.66,72.66,272.7,38565,0.0884550728648901,16.893674505601247,3.31
2026-07-29T11:49:43.912718+00:00,1,LEFT,707.66,67.66,272.7,39343,-0.011433051284402609,-2.183551951842982,3.254
2026-07-29T11:49:43.946022+00:00,1,LEFT,706.66,66.66,272.7,38497,0.05633711200207472,10.759595825582323,3.202
2026-07-29T11:49:43.978846+00:00,1,LEFT,707.66,67.66,272.7,38998,0.05633711200207472,10.759595825582323,3.19
2026-07-29T11:49:43.995611+00:00,1,LEFT,710.66,70.66,272.7,38889,0.03807342469925061,7.271488489587352,3.239
2026-07-29T11:49:44.062394+00:00,1,LEFT,708.66,68.66,272.7,38611,-0.05047152417479083,-9.639351069360066,3.231
2026-07-29T11:49:44.078986+00:00,1,LEFT,710.66,70.66,272.7,38680,0.09668503621011042,18.46548172302956,3.263
2026-07-29T11:49:44.128937+00:00,1,LEFT,704.66,64.66,272.7,38675,-0.24280030777677894,-46.37144300028952,3.17
2026-07-29T11:49:44.195514+00:00,1,LEFT,710.66,70.66,272.7,39091,-0.04429512514732778,-8.459745746485602,3.227
2026-07-29T11:49:44.212338+00:00,1,LEFT,711.66,71.66,272.7,39096,0.03067093363031745,5.857716835810167,3.28
2026-07-29T11:49:44.295536+00:00,1,LEFT,708.66,68.66,272.7,39392,0.3052732652798295,58.302898995706,3.255
2026-07-29T11:49:44.328935+00:00,1,LEFT,708.66,68.66,272.7,38636,-0.05175591669045389,-9.884651970645677,3.24
2026-07-29T11:49:44.362377+00:00,1,LEFT,708.66,68.66,272.7,38978,-0.026792891232762486,-5.117065295301186,3.232
2026-07-29T11:49:44.413431+00:00,1,LEFT,708.66,68.66,272.7,38913,0.08002206863835454,15.283089336279673,3.226
2026-07-29T11:49:44.478859+00:00,1,LEFT,709.66,69.66,272.7,38592,-0.042397929141880016,-8.097407999748151,3.242
2026-07-29T11:49:44.528893+00:00,1,LEFT,710.66,70.66,272.7,38598,0.00012423377484083176,0.023726903237860704,3.27
2026-07-29T11:49:44.562161+00:00,1,LEFT,707.66,67.66,272.7,38589,0.1620247599668801,30.944449742408164,3.23
2026-07-29T11:49:44.595655+00:00,1,LEFT,709.66,69.66,272.7,38817,-0.0366142937168479,-6.992814999425843,3.244
2026-07-29T11:49:44.645673+00:00,1,LEFT,713.66,73.66,272.7,39037,-0.06552522450685501,-12.51439605296661,3.328
2026-07-29T11:49:44.678944+00:00,1,LEFT,707.66,67.66,272.7,38886,0.03897391179576516,7.443468856708264,3.265
2026-07-29T11:49:44.695708+00:00,1,LEFT,707.66,67.66,272.7,38743,0.03897391179576516,7.443468856708264,3.228
2026-07-29T11:49:44.728828+00:00,1,LEFT,711.66,71.66,272.7,39172,-0.022649142406880856,-4.325667565016828,3.28
2026-07-29T11:49:44.778897+00:00,1,LEFT,709.66,69.66,272.7,39404,0.06332224374637008,12.093657719885588,3.274
2026-07-29T11:49:44.812128+00:00,1,LEFT,709.66,69.66,272.7,39367,-0.028929614960215986,-5.525149467196344,3.271
2026-07-29T11:49:44.862249+00:00,1,LEFT,709.66,69.66,272.7,38744,0.039602962620556355,7.563608714574126,3.268
2026-07-29T11:49:44.878961+00:00,1,LEFT,709.66,69.66,272.7,38549,-0.04434176728129387,-8.46865373789807,3.267
2026-07-29T11:49:44.962275+00:00,1,LEFT,707.66,67.66,272.7,38749,-0.37094351010629906,-70.84499188953112,3.229
2026-07-29T11:49:45.045650+00:00,1,LEFT,708.66,68.66,272.7,38967,2.682034042663872e-05,0.005122307705168334,3.225
2026-07-29T11:49:45.078900+00:00,1,LEFT,710.66,70.66,272.7,38742,0.1774897912889719,33.898053158386446,3.26
2026-07-29T11:49:45.112251+00:00,1,LEFT,709.66,69.66,272.7,38823,-0.11104206982068718,-21.207473163741284,3.262
2026-07-29T11:49:45.162272+00:00,1,LEFT,708.66,68.66,272.7,38993,0.09134766671806574,17.44611923770941,3.244
2026-07-29T11:49:45.179008+00:00,1,LEFT,708.66,68.66,272.7,38502,0.11043047688901425,21.090667517858314,3.234
2026-07-29T11:49:45.212279+00:00,1,LEFT,708.66,68.66,272.7,38680,-0.012260228926315904,-2.3415312444737,3.228
2026-07-29T11:49:45.279008+00:00,1,LEFT,709.66,69.66,272.7,38663,-0.018313916586339473,-3.497700422506292,3.243
2026-07-29T11:49:45.295506+00:00,1,LEFT,709.66,69.66,272.7,38787,-0.08373879911378027,-15.992932569044825,3.252
2026-07-29T11:49:45.362828+00:00,1,LEFT,707.66,67.66,272.7,38714,-6.136210926342756e-05,-0.011719299609383371,3.22
2026-07-29T11:49:45.395497+00:00,1,LEFT,707.66,67.66,272.7,38553,-6.136210926342756e-05,-0.011719299609383371,3.2
2026-07-29T11:49:45.412243+00:00,1,LEFT,712.66,72.66,272.7,38996,-6.136210926342756e-05,-0.011719299609383371,3.282
2026-07-29T11:49:45.512268+00:00,1,LEFT,711.66,71.66,272.7,38696,-6.136210926342756e-05,-0.011719299609383371,3.313
2026-07-29T11:49:45.545498+00:00,1,LEFT,707.66,67.66,272.7,38476,-6.136210926342756e-05,-0.011719299609383371,3.256
2026-07-29T11:49:45.612249+00:00,1,LEFT,706.66,66.66,272.7,38597,-6.136210926342756e-05,-0.011719299609383371,3.204
2026-07-29T11:49:45.629033+00:00,1,LEFT,712.66,72.66,272.7,38336,-7.083979435265062e-06,-0.0013529404126605214,3.284
2026-07-29T11:49:45.662207+00:00,1,LEFT,709.66,69.66,272.7,38765,0.060239780768752096,11.50495065614279,3.277
2026-07-29T11:49:45.695597+00:00,1,LEFT,709.66,69.66,272.7,39185,0.020717508643865585,3.9567526910643327,3.272
2026-07-29T11:49:45.745638+00:00,1,LEFT,704.66,64.66,272.7,38942,0.03514212605776265,6.711651687421713,3.176
2026-07-29T11:49:45.779000+00:00,1,LEFT,707.66,67.66,272.7,38823,-0.03188114168122411,-6.08884954797585,3.174
2026-07-29T11:49:45.829022+00:00,1,LEFT,707.66,67.66,272.7,38842,4.635356599465012e-05,0.008852878989581946,3.173
2026-07-29T11:49:45.862251+00:00,1,LEFT,703.66,63.66,272.7,38537,0.03017309131799266,5.76263595794602,3.097
2026-07-29T11:49:45.912279+00:00,1,LEFT,705.66,65.66,272.7,38888,0.19658501967787742,37.544973143462045,3.089
2026-07-29T11:49:45.978976+00:00,1,LEFT,708.16,68.16,272.7,38202,-0.0053302781656384465,-1.0180081417393911,3.132
2026-07-29T11:49:46.045599+00:00,1,LEFT,708.66,68.66,272.7,38562,-0.09572515673935414,-18.282158247977602,3.166
2026-07-29T11:49:46.128848+00:00,1,LEFT,707.66,67.66,272.7,38721,0.08281463395804167,15.816430025721917,3.168
2026-07-29T11:49:46.178950+00:00,1,LEFT,707.66,67.66,272.7,38495,-8.39505228213966e-06,-0.0016033368818609086,3.17
2026-07-29T11:49:46.228909+00:00,1,LEFT,713.66,73.66,272.7,39006,-0.06833809182047844,-13.051614137636356,3.283
2026-07-29T11:49:46.245640+00:00,1,LEFT,711.16,71.16,272.7,38840,-0.10510407663881778,-20.0734000034127,3.304
2026-07-29T11:49:46.329297+00:00,1,LEFT,707.66,67.66,272.7,38387,0.03494387920945883,6.673789328389781,3.251
2026-07-29T11:49:46.345602+00:00,1,LEFT,709.66,69.66,272.7,38640,0.039094677045941356,7.466533320531388,3.257
2026-07-29T11:49:46.412331+00:00,1,LEFT,707.66,67.66,272.7,38884,-0.0427296041417867,-8.160753258630333,3.222
2026-07-29T11:49:46.428959+00:00,1,LEFT,708.66,68.66,272.7,39410,0.14350474378559738,27.40738719673653,3.221
2026-07-29T11:49:46.462337+00:00,1,LEFT,706.66,66.66,272.7,38282,-0.09306747335940599,-17.774578111467296,3.182
2026-07-29T11:49:46.528915+00:00,1,LEFT,705.66,65.66,272.7,38665,0.019659305326640605,3.7546507445852164,3.14
2026-07-29T11:49:46.545603+00:00,1,LEFT,709.66,69.66,272.7,38485,0.0685562116932124,13.093271964754978,3.19
2026-07-29T11:49:46.578909+00:00,1,LEFT,705.66,65.66,272.7,38513,0.19877370957285165,37.96298212227857,3.145
2026-07-29T11:49:46.645505+00:00,1,LEFT,705.66,65.66,272.7,38922,0.12648601096123457,24.157048651747367,3.118
2026-07-29T11:49:46.662321+00:00,1,LEFT,704.66,64.66,272.7,38659,-0.05336607985198498,-10.192170482256254,3.083
2026-07-29T11:49:46.695558+00:00,1,LEFT,709.66,69.66,272.7,38462,-0.05336607985198498,-10.192170482256254,3.156
2026-07-29T11:49:46.728935+00:00,1,LEFT,705.66,65.66,272.7,38768,-0.041391787005704825,-7.905249006437766,3.125
2026-07-29T11:49:46.795638+00:00,1,LEFT,705.66,65.66,272.7,38490,0.018338804099475966,3.5024535873906175,3.106
2026-07-29T11:49:46.812184+00:00,1,LEFT,703.66,63.66,272.7,38509,0.049520171973854304,9.457656182879584,3.057
2026-07-29T11:49:46.878977+00:00,1,LEFT,708.66,68.66,272.7,39085,0.11544734601629898,22.0488189424013,3.122
2026-07-29T11:49:46.895710+00:00,1,LEFT,710.66,70.66,272.7,39019,0.33309743197634817,63.61692339630261,3.198
2026-07-29T11:49:46.945587+00:00,1,LEFT,706.66,66.66,272.7,39508,0.3696534823253751,70.59861473185921,3.168
2026-07-29T11:49:46.978965+00:00,1,LEFT,707.66,67.66,272.7,39007,-0.018949269661679865,-3.6190439215651655,3.17
2026-07-29T11:49:47.012318+00:00,1,LEFT,712.66,72.66,272.7,39112,-0.018949269661679865,-3.6190439215651655,3.264
2026-07-29T11:49:47.045653+00:00,1,LEFT,712.66,72.66,272.7,39021,-0.1609859090670943,-30.746043835404517,3.321
2026-07-29T11:49:47.095333+00:00,1,LEFT,449.66,-190.34,272.7,19067,-0.0882334017334506,-16.851338438030005,-0.679
2026-07-29T11:49:47.162189+00:00,1,LEFT,710.66,70.66,272.7,39050,0.0206366004049778,3.941300355677311,0.917
2026-07-29T11:49:47.196000+00:00,1,LEFT,709.66,69.66,272.7,38815,0.04600889552617446,8.787051779027106,1.856
2026-07-29T11:49:47.245673+00:00,1,LEFT,709.66,69.66,272.7,38772,-0.001228508169297129,-0.23462777732689571,2.42
2026-07-29T11:49:47.278913+00:00,1,LEFT,705.66,65.66,272.7,38410,0.02250617100740783,4.2983620390805495,2.683
2026-07-29T11:49:47.362287+00:00,1,LEFT,710.66,70.66,272.7,39598,-0.024509275276213886,-4.680926774171302,2.935
2026-07-29T11:49:47.412300+00:00,1,LEFT,710.66,70.66,272.7,38667,0.059866728922352196,11.433703001681867,3.086
2026-07-29T11:49:47.428997+00:00,1,LEFT,708.66,68.66,272.7,39019,-0.03662181914551184,-6.994252250430744,3.139
2026-07-29T11:49:47.512188+00:00,1,LEFT,709.66,69.66,272.7,38655,0.030542389790061863,5.833166770713337,3.189
2026-07-29T11:49:47.529026+00:00,1,LEFT,709.66,69.66,272.7,38903,0.152981447475031,29.217304280405205,3.22
2026-07-29T11:49:47.578900+00:00,1,LEFT,714.66,74.66,272.7,39532,-0.23022055792622267,-43.96888775439884,3.332
2026-07-29T11:49:47.645597+00:00,1,LEFT,707.66,67.66,272.7,39433,0.011181425964459778,2.1354950556718046,3.267
2026-07-29T11:49:47.679053+00:00,1,LEFT,709.66,69.66,272.7,39026,-0.020349932289682328,-3.8865507785859776,3.267
2026-07-29T11:49:47.730812+00:00,1,LEFT,712.66,72.66,272.7,39163,-0.06628675078973174,-12.659836859623685,3.322
2026-07-29T11:49:47.762132+00:00,1,LEFT,710.66,70.66,272.7,38546,0.11460172738879919,21.887317680956684,3.318
2026-07-29T11:49:47.812288+00:00,1,LEFT,704.66,64.66,272.7,38640,14.035031603574753,2680.4935873918707,3.203
2026-07-29T11:49:47.878766+00:00,1,LEFT,444.66,-195.34,272.7,18722,-0.07814458091161214,-14.924515593513169,-0.797
2026-07-29T11:49:47.912270+00:00,1,LEFT,707.66,67.66,272.7,38524,-0.03778091936837882,-7.215624086440581,0.79
2026-07-29T11:49:47.962221+00:00,1,LEFT,710.66,70.66,272.7,39209,-0.08353426695335657,-15.95386980382159,1.799
2026-07-29T11:49:48.029002+00:00,1,LEFT,707.66,67.66,272.7,38895,-0.5840038761845789,-111.53652441552354,2.348
2026-07-29T11:49:48.078982+00:00,1,LEFT,710.66,70.66,272.7,39307,0.053478086940012874,10.213562260321416,2.734
2026-07-29T11:49:48.112309+00:00,1,LEFT,710.66,70.66,272.7,38265,-0.6126844237418845,-117.01410551271637,2.965
2026-07-29T11:49:48.179081+00:00,1,LEFT,710.66,70.66,272.7,38665,-0.2344998147734441,-44.78616561039299,3.104
2026-07-29T11:49:48.195626+00:00,1,LEFT,708.66,68.66,272.7,38521,-0.05608732206281274,-10.711889461300522,3.15
2026-07-29T11:49:48.295621+00:00,1,LEFT,708.66,68.66,272.7,38888,-0.42712177231907844,-81.57424964010289,3.177
2026-07-29T11:49:48.328940+00:00,1,LEFT,711.66,71.66,272.7,38493,0.05412555115297437,10.337218816282927,3.25
2026-07-29T11:49:48.345602+00:00,1,LEFT,708.66,68.66,272.7,39483,0.15997387376613914,30.55275933052791,3.237
2026-07-29T11:49:48.428887+00:00,1,LEFT,711.66,71.66,272.7,38863,-0.3231130568124354,-61.710048203077804,3.286
2026-07-29T11:49:48.445811+00:00,1,LEFT,703.66,63.66,272.7,38990,-0.029702547520864753,-5.672768712441057,3.165
2026-07-29T11:49:48.495614+00:00,1,LEFT,711.66,71.66,272.7,39083,-0.05620927937619854,-10.73518159242639,3.243
2026-07-29T11:49:48.562340+00:00,1,LEFT,708.66,68.66,272.7,39050,-0.06131962661631405,-11.711186021442881,3.233
2026-07-29T11:49:48.612895+00:00,1,LEFT,710.66,70.66,272.7,38987,-0.06126060697250068,-11.699914099779974,3.265
2026-07-29T11:49:48.628831+00:00,1,LEFT,706.66,66.66,272.7,38467,0.06118662820663303,11.685785196253967,3.209
2026-07-29T11:49:48.679017+00:00,1,LEFT,705.66,65.66,272.7,38276,0.06118662820663303,11.685785196253967,3.156
2026-07-29T11:49:48.695610+00:00,1,LEFT,706.66,66.66,272.7,38310,-0.029478555228561163,-5.629989335799535,3.143
2026-07-29T11:49:48.762383+00:00,1,LEFT,709.66,69.66,272.7,38777,-0.029478555228561163,-5.629989335799535,3.192
2026-07-29T11:49:48.778918+00:00,1,LEFT,710.66,70.66,272.7,39140,0.017299384232610463,3.3039390156791395,3.24
2026-07-29T11:49:48.829040+00:00,1,LEFT,708.66,68.66,272.7,39188,-0.06149934185435996,-11.745509103623611,3.231
2026-07-29T11:49:48.862352+00:00,1,LEFT,711.66,71.66,272.7,39145,-0.11131232358049602,-21.259087829856583,3.282
2026-07-29T11:49:48.945604+00:00,1,LEFT,708.66,68.66,272.7,38755,-0.009592235037125647,-1.8319819457493804,3.257
2026-07-29T11:49:49.012394+00:00,1,LEFT,712.66,72.66,272.7,38748,0.10834445720538496,20.692267105014402,3.316
2026-07-29T11:49:49.028904+00:00,1,LEFT,709.66,69.66,272.7,38767,-0.007856263406574726,-1.5004357864660085,3.296
2026-07-29T11:49:49.095722+00:00,1,LEFT,708.66,68.66,272.7,38814,-0.16933750558644534,-32.34108127792106,3.265
2026-07-29T11:49:49.128929+00:00,1,LEFT,708.66,68.66,272.7,38226,0.019231590963900088,3.6729633185113526,3.246
2026-07-29T11:49:49.178844+00:00,1,LEFT,707.66,67.66,272.7,38663,-0.023400527779012918,-4.46917160038694,3.216
2026-07-29T11:49:49.228919+00:00,1,LEFT,710.66,70.66,272.7,39286,-0.09419883142225444,-17.990651585198336,3.255
2026-07-29T11:49:49.278981+00:00,1,LEFT,711.66,71.66,272.7,39126,0.01807862623012625,3.4527632746024675,3.296
2026-07-29T11:49:49.295668+00:00,1,LEFT,707.66,67.66,272.7,39164,-0.03953374756500125,-7.550389612700555,3.246
2026-07-29T11:49:49.378921+00:00,1,LEFT,712.16,72.16,272.7,38648,-0.20510433750227094,-39.17204299568979,3.301
2026-07-29T11:49:49.462279+00:00,1,LEFT,713.66,73.66,272.7,39413,0.09694272230495699,18.51469614194261,3.361
2026-07-29T11:49:49.528888+00:00,1,LEFT,711.66,71.66,272.7,38769,-0.019377120397984983,-3.700757393071325,3.36
2026-07-29T11:49:49.595976+00:00,1,LEFT,709.66,69.66,272.7,39231,-0.20356857563368977,-38.87873408433371,3.322
2026-07-29T11:49:49.612298+00:00,1,LEFT,707.66,67.66,272.7,38593,0.038700168000068515,7.391187642837232,3.262
2026-07-29T11:49:49.662301+00:00,1,LEFT,712.16,72.16,272.7,39240,0.03477382966317236,6.641312257355351,3.31
2026-07-29T11:49:49.728914+00:00,1,LEFT,705.66,65.66,272.7,38749,0.19836284708231688,37.884513166718975,3.217
2026-07-29T11:49:49.778952+00:00,1,LEFT,708.66,68.66,272.7,38852,-0.03950627761427313,-7.545143238566711,3.218
2026-07-29T11:49:49.828951+00:00,1,LEFT,706.66,66.66,272.7,38467,-0.039864456262439486,-7.613550321405488,3.18
2026-07-29T11:49:49.879102+00:00,1,LEFT,709.66,69.66,272.7,39135,0.009365713457227684,1.7887195107600844,3.214
2026-07-29T11:49:49.945543+00:00,1,LEFT,709.66,69.66,272.7,39065,0.08840665220515803,16.884426840788294,3.235
2026-07-29T11:49:49.962304+00:00,1,LEFT,708.66,68.66,272.7,38817,0.08840665220515803,16.884426840788294,3.228
2026-07-29T11:49:49.979052+00:00,1,LEFT,705.66,65.66,272.7,39075,0.08840665220515803,16.884426840788294,3.168
2026-07-29T11:49:50.045565+00:00,1,LEFT,709.16,69.16,272.7,39340,0.08840665220515803,16.884426840788294,3.197
2026-07-29T11:49:50.128996+00:00,1,LEFT,708.66,68.66,272.7,38290,0.0,0.0,3.206
2026-07-29T11:49:50.178866+00:00,1,LEFT,446.66,-193.34,272.7,18895,-0.06746835017576813,-12.885505719274132,-0.794
2026-07-29T11:49:50.229098+00:00,1,LEFT,710.66,70.66,272.7,39242,-0.024634412381565197,-4.704826200828349,0.848
2026-07-29T11:49:50.263700+00:00,1,LEFT,709.66,69.66,272.7,39500,-0.38040206060744824,-72.65144196962179,1.815
2026-07-29T11:49:50.345627+00:00,1,LEFT,706.66,66.66,272.7,38624,-0.6568952957121655,-125.45776008768416,2.339
2026-07-29T11:49:50.395674+00:00,1,LEFT,711.66,71.66,272.7,38382,-0.42960066857747736,-82.04768395162633,2.747
2026-07-29T11:49:50.462323+00:00,1,LEFT,711.66,71.66,272.7,39227,-0.36060762948705816,-68.87098409941923,2.992
2026-07-29T11:49:50.528998+00:00,1,LEFT,706.66,66.66,272.7,38596,7.352572632953524e-05,0.014042379347720941,3.045
2026-07-29T11:49:50.545624+00:00,1,LEFT,706.66,66.66,272.7,38680,0.008481603963300586,1.6198670353285185,3.077
2026-07-29T11:49:50.612377+00:00,1,LEFT,710.66,70.66,272.7,38719,-0.09006918196624611,-17.20194663620576,3.171
2026-07-29T11:49:50.629146+00:00,1,LEFT,706.66,66.66,272.7,38204,-0.057248582830652595,-10.933673931005005,3.152
2026-07-29T11:49:50.712393+00:00,1,LEFT,705.66,65.66,272.7,38955,-0.07464408145286143,-14.255969442932354,3.122
2026-07-29T11:49:50.728904+00:00,1,LEFT,706.66,66.66,272.7,39223,0.1740436543338001,33.23988948120175,3.123
2026-07-29T11:49:50.762432+00:00,1,LEFT,707.66,67.66,272.7,38131,-0.6896184353827266,-131.7074194061517,3.142
2026-07-29T11:49:50.812518+00:00,1,LEFT,706.66,66.66,272.7,38414,-0.023621490597724913,-4.51137239019198,3.135
2026-07-29T11:49:50.879069+00:00,1,LEFT,711.66,71.66,272.7,39374,-3.330409402678924e-05,-0.006360613427472928,3.225
2026-07-29T11:49:50.895669+00:00,1,LEFT,710.66,70.66,272.7,39167,0.06520298145711421,12.452852163874704,3.26
2026-07-29T11:49:50.962358+00:00,1,LEFT,707.66,67.66,272.7,38745,-0.11976087129558437,-22.87264158682144,3.224
2026-07-29T11:49:51.012398+00:00,1,LEFT,707.66,67.66,272.7,38747,0.058189362823031845,11.11334967438394,3.203
2026-07-29T11:49:51.095624+00:00,1,LEFT,709.66,69.66,272.7,39007,-0.20901515543926508,-39.918954203135876,3.228
2026-07-29T11:49:51.145615+00:00,1,LEFT,708.66,68.66,272.7,38586,0.04020083907991648,7.677794707212659,3.224
2026-07-29T11:49:51.162428+00:00,1,LEFT,710.66,70.66,272.7,39231,-0.21159387018007692,-40.41145244052484,3.259
2026-07-29T11:49:51.228998+00:00,1,LEFT,706.66,66.66,272.7,39231,-0.13098239571321757,-25.01579488293271,3.205
2026-07-29T11:49:51.262388+00:00,1,LEFT,709.66,69.66,272.7,38604,-0.12230415109544993,-23.35837224899868,3.229
2026-07-29T11:49:51.312365+00:00,1,LEFT,709.66,69.66,272.7,39128,-8.028713258681819e-05,-0.015333712821439808,3.244
2026-07-29T11:49:51.345707+00:00,1,LEFT,709.66,69.66,272.7,39104,5.798303755000232e-06,0.001107394444987902,3.252
2026-07-29T11:49:51.395764+00:00,1,LEFT,707.66,67.66,272.7,38815,5.798303755000232e-06,0.001107394444987902,3.22
2026-07-29T11:49:51.412310+00:00,1,LEFT,705.66,65.66,272.7,38500,5.798303755000232e-06,0.001107394444987902,3.163
2026-07-29T11:49:51.529026+00:00,1,LEFT,711.66,71.66,272.7,38839,0.1378588029742241,26.329091930495338,3.241
2026-07-29T11:49:51.545665+00:00,1,LEFT,707.66,67.66,272.7,38602,-0.08608427853323519,-16.4408861412767,3.213
2026-07-29T11:49:51.562212+00:00,1,LEFT,708.66,68.66,272.7,38725,0.14066710897954182,26.8654388694485,3.215
2026-07-29T11:49:51.595809+00:00,1,LEFT,710.66,70.66,272.7,39078,-0.11328702412545681,-21.636227853284705,3.254
2026-07-29T11:49:51.662317+00:00,1,LEFT,706.66,66.66,272.7,38742,0.09960639091208577,19.023419372642508,3.202
2026-07-29T11:49:51.712370+00:00,1,LEFT,709.66,69.66,272.7,38843,0.09151154801482335,17.47741825986055,3.227
2026-07-29T11:49:51.762446+00:00,1,LEFT,709.66,69.66,272.7,38759,0.0509184093773365,9.724699856135786,3.242
2026-07-29T11:49:51.778884+00:00,1,LEFT,709.66,69.66,272.7,39219,-0.08595905645750462,-16.4169704864726,3.252
2026-07-29T11:49:51.862378+00:00,1,LEFT,710.66,70.66,272.7,39038,0.0003869237191975117,0.07389698701174136,3.276
2026-07-29T11:49:51.878967+00:00,1,LEFT,709.66,69.66,272.7,38584,0.0003869237191975117,0.07389698701174136,3.271
2026-07-29T11:49:51.945719+00:00,1,LEFT,708.66,68.66,272.7,38970,0.013522906024008989,2.582684806425839,3.25
2026-07-29T11:49:51.962319+00:00,1,LEFT,710.66,70.66,272.7,39160,0.12768353173043578,24.385758271595666,3.275
2026-07-29T11:49:52.012338+00:00,1,LEFT,711.66,71.66,272.7,38569,-0.05541999796405435,-10.58443994654643,3.308
2026-07-29T11:49:52.062321+00:00,1,LEFT,707.66,67.66,272.7,39172,0.0917107185907662,17.515457037876267,3.254
2026-07-29T11:49:52.112324+00:00,1,LEFT,707.66,67.66,272.7,38986,0.0917107185907662,17.515457037876267,3.221
2026-07-29T11:49:52.129853+00:00,1,LEFT,709.66,69.66,272.7,39029,-0.023560890955850483,-4.499798711127283,3.238
2026-07-29T11:49:52.178943+00:00,1,LEFT,710.66,70.66,272.7,39170,5.066778569016605e-05,0.009676834257732872,3.268
2026-07-29T11:49:52.212325+00:00,1,LEFT,710.66,70.66,272.7,39094,0.00039479265455156544,0.07539984296190323,3.286
2026-07-29T11:49:52.229266+00:00,1,LEFT,708.66,68.66,272.7,39030,0.07110756371868775,13.580544308461285,3.259
2026-07-29T11:49:52.279064+00:00,1,LEFT,706.66,66.66,272.7,38955,-0.013611931870691478,-2.5996874907007905,3.205
2026-07-29T11:49:52.329008+00:00,1,LEFT,708.66,68.66,272.7,38859,-2.244213625090197e-05,-0.004286132301447437,3.21
2026-07-29T11:49:52.412336+00:00,1,LEFT,701.66,61.66,272.7,39062,-0.0927473983168602,-17.713448281249484,3.082
2026-07-29T11:49:52.464363+00:00,1,LEFT,709.66,69.66,272.7,38675,0.20196840399992652,38.57312381396308,3.155
2026-07-29T11:49:52.529087+00:00,1,LEFT,707.66,67.66,272.7,39101,-0.0436131990654394,-8.329507458378613,3.162
2026-07-29T11:49:52.579092+00:00,1,LEFT,709.66,69.66,272.7,39077,-0.04207803369034082,-8.036312468886058,3.203
2026-07-29T11:49:52.595552+00:00,1,LEFT,708.66,68.66,272.7,38599,0.06940666059032083,13.255695739741208,3.209
2026-07-29T11:49:52.662303+00:00,1,LEFT,708.66,68.66,272.7,39100,-0.040683810319751504,-7.770035419441818,3.213
2026-07-29T11:49:52.695687+00:00,1,LEFT,707.66,67.66,272.7,38755,-0.010809491481631994,-2.0644608019337607,3.196
2026-07-29T11:49:52.762295+00:00,1,LEFT,706.66,66.66,272.7,38626,0.10290781513787806,19.65394495437632,3.168
2026-07-29T11:49:52.812277+00:00,1,LEFT,708.66,68.66,272.7,38558,-1.3883480132790282e-05,-0.0026515493885420367,3.188
2026-07-29T11:49:52.829036+00:00,1,LEFT,711.66,71.66,272.7,39035,-0.00770047175232321,-1.4706817722260976,3.256
2026-07-29T11:49:52.862491+00:00,1,LEFT,706.66,66.66,272.7,38674,-1.7848374845925718e-05,-0.0034087884994633486,3.204
2026-07-29T11:49:52.912296+00:00,1,LEFT,711.66,71.66,272.7,38887,-0.1377475559269078,-26.307845309513617,3.266
2026-07-29T11:49:52.979034+00:00,1,LEFT,706.66,66.66,272.7,38639,5.2099282911513e-05,0.009950230088292489,3.209
2026-07-29T11:49:53.012448+00:00,1,LEFT,710.66,70.66,272.7,39233,0.0932772295922041,17.814638601020278,3.25
2026-07-29T11:49:53.079086+00:00,1,LEFT,706.66,66.66,272.7,38957,0.1654691611789167,31.60228191707297,3.2
2026-07-29T11:49:53.128936+00:00,1,LEFT,706.66,66.66,272.7,39106,-0.07365717958658934,-14.06748507049577,3.17
2026-07-29T11:49:53.162438+00:00,1,LEFT,708.66,68.66,272.7,38873,0.01411967153660953,2.696658623862413,3.189
2026-07-29T11:49:53.195479+00:00,1,LEFT,711.66,71.66,272.7,39169,3.111432306468487e-05,0.00594239798004332,3.257
2026-07-29T11:49:53.229062+00:00,1,LEFT,711.66,71.66,272.7,39250,0.0867554735019803,16.569074937741732,3.298
2026-07-29T11:49:53.279027+00:00,1,LEFT,709.66,69.66,272.7,39142,0.29749781904742123,56.81789815254637,3.285
2026-07-29T11:49:53.312600+00:00,1,LEFT,451.66,-188.34,272.7,19427,0.0,0.0,-0.715
2026-07-29T11:49:53.329118+00:00,1,LEFT,708.66,68.66,272.7,38951,-0.06877779080532491,-13.135590457929322,0.858
2026-07-29T11:49:53.395769+00:00,1,LEFT,712.66,72.66,272.7,38818,-0.030051458850502966,-5.739405867816282,1.877
2026-07-29T11:49:53.445630+00:00,1,LEFT,709.66,69.66,272.7,38248,0.15938993479125202,30.44123520134715,2.432
2026-07-29T11:49:53.512394+00:00,1,LEFT,710.66,70.66,272.7,39312,-0.12605834168381988,-24.075369836336463,2.784
2026-07-29T11:49:53.562425+00:00,1,LEFT,711.66,71.66,272.7,39162,-3.0409048777073617e-05,-0.005807700513112585,3.014
2026-07-29T11:49:53.612461+00:00,1,LEFT,708.66,68.66,272.7,39022,-0.19334316545166075,-36.92582459359917,3.096
2026-07-29T11:49:53.629040+00:00,1,LEFT,709.66,69.66,272.7,39030,-0.015639418298378588,-2.986908875122549,3.163
2026-07-29T11:49:53.662334+00:00,1,LEFT,708.66,68.66,272.7,38702,-0.007493817186914384,-1.4312136575093113,3.185
2026-07-29T11:49:53.728992+00:00,1,LEFT,712.66,72.66,272.7,39512,-0.012943210368975997,-2.4719710916409654,3.274
2026-07-29T11:49:53.779027+00:00,1,LEFT,709.66,69.66,272.7,39080,0.01756894993595779,3.3554222726900647,3.27
2026-07-29T11:49:53.795743+00:00,1,LEFT,707.66,67.66,272.7,38778,-5.215022873017005e-05,-0.009959960022935449,3.231
2026-07-29T11:49:53.862305+00:00,1,LEFT,711.66,71.66,272.7,39346,2.8920855838805438e-05,0.005523476598232786,3.282
2026-07-29T11:49:53.912244+00:00,1,LEFT,711.66,71.66,272.7,38611,-0.03460393268149346,-6.608864324014643,3.313
2026-07-29T11:49:53.929032+00:00,1,LEFT,707.66,67.66,272.7,38734,-0.0536391835368704,-10.244329443967604,3.256
2026-07-29T11:49:53.962312+00:00,1,LEFT,709.66,69.66,272.7,38915,0.006877646846696735,1.3135337909906066,3.26
2026-07-29T11:49:54.028985+00:00,1,LEFT,707.66,67.66,272.7,38993,0.005331981205381453,1.0183333983714489,3.224
2026-07-29T11:49:54.078896+00:00,1,LEFT,707.66,67.66,272.7,38973,0.005331981205381453,1.0183333983714489,3.203
2026-07-29T11:49:54.112221+00:00,1,LEFT,707.66,67.66,272.7,38952,0.11527257762849331,22.015440639022728,3.19
2026-07-29T11:49:54.178974+00:00,1,LEFT,709.66,69.66,272.7,38783,8.191564993467181e-06,0.0015644736724425975,3.22
2026-07-29T11:49:54.229006+00:00,1,LEFT,711.66,71.66,272.7,39355,-0.22043503913097084,-42.099991330019265,3.276
2026-07-29T11:49:54.262377+00:00,1,LEFT,714.66,74.66,272.7,39344,0.16743891191203147,31.978476596073897,3.365
2026-07-29T11:49:54.295728+00:00,1,LEFT,711.66,71.66,272.7,38368,0.0775936584523879,14.819297154338113,3.363
2026-07-29T11:49:54.362367+00:00,1,LEFT,708.66,68.66,272.7,39501,-0.032184927350608634,-6.146868337083484,3.305
2026-07-29T11:49:54.412338+00:00,1,LEFT,706.66,66.66,272.7,38893,-0.03697883454966359,-7.062437170027586,3.233
2026-07-29T11:49:54.428981+00:00,1,LEFT,705.66,65.66,272.7,38467,0.07805990477558225,14.908343642779876,3.171
2026-07-29T11:49:54.462345+00:00,1,LEFT,710.66,70.66,272.7,38569,-0.13399110516766086,-25.590416061335073,3.227
2026-07-29T11:49:54.512371+00:00,1,LEFT,707.66,67.66,272.7,38454,-8.747583779040722e-06,-0.0016706654382537755,3.205
2026-07-29T11:49:54.545720+00:00,1,LEFT,708.66,68.66,272.7,38597,2.3084946587914597e-05,0.004408900032574789,3.21
2026-07-29T11:49:54.579106+00:00,1,LEFT,711.66,71.66,272.7,39133,2.3084946587914597e-05,0.004408900032574789,3.27
2026-07-29T11:49:54.612169+00:00,1,LEFT,705.66,65.66,272.7,38451,0.08974083385430276,17.13923676612095,3.193
2026-07-29T11:49:54.679070+00:00,1,LEFT,709.66,69.66,272.7,39186,2.299689600476995e-05,0.004392083609915276,3.222
2026-07-29T11:49:54.745741+00:00,1,LEFT,707.66,67.66,272.7,38249,-0.014863443993963301,-2.8387086996105633,3.202
2026-07-29T11:49:54.795855+00:00,1,LEFT,709.66,69.66,272.7,38925,-0.05100055785267614,-9.740389059237105,3.227
2026-07-29T11:49:54.862223+00:00,1,LEFT,710.66,70.66,272.7,38953,-1.2248585117049513e-05,-0.002339307440712302,3.261
2026-07-29T11:49:54.879105+00:00,1,LEFT,710.66,70.66,272.7,38907,-0.03318502240108501,-6.337872422097547,3.281
2026-07-29T11:49:54.912181+00:00,1,LEFT,711.66,71.66,272.7,39084,-0.1962527899444103,-37.48152193827398,3.312
2026-07-29T11:49:54.979076+00:00,1,LEFT,709.66,69.66,272.7,38847,-0.1962527899444103,-37.48152193827398,3.293
2026-07-29T11:49:54.995669+00:00,1,LEFT,707.66,67.66,272.7,38518,0.02270162514410913,4.3356910294850755,3.245
2026-07-29T11:49:55.045695+00:00,1,LEFT,710.66,70.66,272.7,38013,0.003733487172285095,0.7130435261272265,3.272
2026-07-29T11:49:55.079113+00:00,1,LEFT,708.66,68.66,272.7,39126,-0.017910181754559745,-3.42059274949495,3.25
2026-07-29T11:49:55.145686+00:00,1,LEFT,706.66,66.66,272.7,38729,0.019229231639765202,3.672512720793245,3.2
2026-07-29T11:49:55.212302+00:00,1,LEFT,711.66,71.66,272.7,38697,0.06020952965161996,11.499173118352031,3.264
2026-07-29T11:49:55.229233+00:00,1,LEFT,710.66,70.66,272.7,39230,4.151671193540096e-05,0.007929107910529622,3.283
2026-07-29T11:49:55.279025+00:00,1,LEFT,707.66,67.66,272.7,38662,4.151671193540096e-05,0.007929107910529622,3.238
2026-07-29T11:49:55.296098+00:00,1,LEFT,708.66,68.66,272.7,38534,-3.263518621679395e-05,-0.006232861446152699,3.23
2026-07-29T11:49:55.345718+00:00,1,LEFT,709.66,69.66,272.7,38677,0.1274478532082867,24.340746989458918,3.244
2026-07-29T11:49:55.395641+00:00,1,LEFT,707.66,67.66,272.7,38500,0.1274478532082867,24.340746989458918,3.215
2026-07-29T11:49:55.412413+00:00,1,LEFT,710.66,70.66,272.7,39230,-3.4804619208443906e-05,-0.006647192627345973,3.254
2026-07-29T11:49:55.478957+00:00,1,LEFT,709.66,69.66,272.7,38595,0.023339748553698882,4.457563623411711,3.258
2026-07-29T11:49:55.529071+00:00,1,LEFT,712.66,72.66,272.7,38818,-0.027886811923235656,-5.325988757588352,3.317
2026-07-29T11:49:55.545660+00:00,1,LEFT,707.66,67.66,272.7,38366,-0.011790189193561673,-2.2517602681727853,3.259
2026-07-29T11:49:55.579098+00:00,1,LEFT,708.66,68.66,272.7,39008,-0.00012444495732779614,-0.023767236121894488,3.243
2026-07-29T11:49:55.645721+00:00,1,LEFT,711.66,71.66,272.7,39285,3.880326985381544e-06,0.0007410878646436146,3.289
2026-07-29T11:49:55.695533+00:00,1,LEFT,710.66,70.66,272.7,39420,3.880326985381544e-06,0.0007410878646436146,3.298
2026-07-29T11:49:55.712518+00:00,1,LEFT,708.66,68.66,272.7,39104,-3.7033219705335796e-05,-0.007072823969654851,3.266
2026-07-29T11:49:55.779057+00:00,1,LEFT,709.66,69.66,272.7,38564,-0.057666148515418174,-11.013423102360196,3.266
2026-07-29T11:49:55.795606+00:00,1,LEFT,709.66,69.66,272.7,38498,-8.853385224938393e-06,-0.0016908720259748364,3.266
2026-07-29T11:49:55.829049+00:00,1,LEFT,709.66,69.66,272.7,39429,0.028858781896997244,5.511621348621619,3.265
2026-07-29T11:49:55.845681+00:00,1,LEFT,708.66,68.66,272.7,38417,-4.5538290578406304e-05,-0.00869717285461014,3.247
2026-07-29T11:49:55.912403+00:00,1,LEFT,712.66,72.66,272.7,39281,-0.08985339793667663,-17.160734922270237,3.31
2026-07-29T11:49:55.928987+00:00,1,LEFT,709.66,69.66,272.7,38578,-3.303127217805013e-05,-0.006308508292500568,3.292
2026-07-29T11:49:55.978976+00:00,1,LEFT,707.66,67.66,272.7,38359,-0.00963024712400511,-1.8392417195783064,3.244
2026-07-29T11:49:55.995673+00:00,1,LEFT,706.66,66.66,272.7,38825,-1.6341323826054576e-05,-0.0031209629562983393,3.196
2026-07-29T11:49:56.012344+00:00,1,LEFT,708.66,68.66,272.7,39031,-0.04672419866656128,-8.923664615749166,3.205
2026-07-29T11:49:56.045659+00:00,1,LEFT,707.66,67.66,272.7,38498,0.058091316358186304,11.094624178944516,3.192
2026-07-29T11:49:56.112337+00:00,1,LEFT,705.66,65.66,272.7,38115,-0.03955142291728407,-7.553765356324598,3.146
2026-07-29T11:49:56.145747+00:00,1,LEFT,709.66,69.66,272.7,39411,-0.028729487480595707,-5.486927934040235,3.194
2026-07-29T11:49:56.195733+00:00,1,LEFT,709.66,69.66,272.7,38969,0.001912065502256155,0.36517761143946553,3.222
2026-07-29T11:49:56.245779+00:00,1,LEFT,709.66,69.66,272.7,39163,0.06511009810026736,12.43511274942693,3.239
2026-07-29T11:49:56.262319+00:00,1,LEFT,708.66,68.66,272.7,38901,-0.0038768741115927695,-0.7404284143259874,3.231
2026-07-29T11:49:56.296294+00:00,1,LEFT,704.66,64.66,272.7,38486,-2.028335951763438e-05,-0.0038738363156898643,3.151
2026-07-29T11:49:56.378932+00:00,1,LEFT,711.66,71.66,272.7,38900,-0.028509136123466304,-5.4448439247952525,3.234
2026-07-29T11:49:56.395800+00:00,1,LEFT,708.66,68.66,272.7,39037,0.0,0.0,3.228
2026-07-29T11:49:56.445531+00:00,1,LEFT,445.66,-194.34,272.7,18759,0.02388296186545631,4.561309723875127,-0.772
2026-07-29T11:49:56.462459+00:00,1,LEFT,707.66,67.66,272.7,38629,-0.15390051383525133,-29.39283302551545,0.805
2026-07-29T11:49:56.495830+00:00,1,LEFT,710.66,70.66,272.7,38957,8.893034464563242e-06,0.001698444472946192,1.808
2026-07-29T11:49:56.528867+00:00,1,LEFT,706.66,66.66,272.7,38927,-0.09680916194338351,-18.489187991847942,2.335
2026-07-29T11:49:56.578996+00:00,1,LEFT,708.66,68.66,272.7,39041,-1.1261332256253809e-05,-0.0021507560332596006,2.688
2026-07-29T11:49:56.629042+00:00,1,LEFT,707.66,67.66,272.7,39088,-0.04926063637714833,-9.408088535130709,2.881
2026-07-29T11:49:56.678972+00:00,1,LEFT,705.66,65.66,272.7,38761,-0.09149370654951781,-17.474010790986096,2.96
2026-07-29T11:49:56.695776+00:00,1,LEFT,709.66,69.66,272.7,38822,0.04510098611935973,8.613653855058073,3.082
2026-07-29T11:49:56.762345+00:00,1,LEFT,710.66,70.66,272.7,38789,0.012181100302259438,2.326418790483324,3.174
2026-07-29T11:49:56.795749+00:00,1,LEFT,711.66,71.66,272.7,39025,-0.10784683346748353,-20.597227971790144,3.248
2026-07-29T11:49:56.828977+00:00,1,LEFT,708.66,68.66,272.7,38904,-0.03755996432155371,-7.1734247809566,3.236
2026-07-29T11:49:56.879122+00:00,1,LEFT,708.66,68.66,272.7,39531,0.08458557525009383,16.1546548983887,3.229
2026-07-29T11:49:56.912358+00:00,1,LEFT,708.66,68.66,272.7,38897,0.012086528036743403,2.308356818239792,3.225
2026-07-29T11:49:56.945594+00:00,1,LEFT,709.66,69.66,272.7,38900,-0.07214616816490889,-13.778903146301264,3.241
2026-07-29T11:49:56.979228+00:00,1,LEFT,705.66,65.66,272.7,39019,-0.1689922315534204,-32.27513879502843,3.176
2026-07-29T11:49:57.029053+00:00,1,LEFT,710.66,70.66,272.7,38948,0.030003687534481287,5.730282218516854,3.23
2026-07-29T11:49:57.062350+00:00,1,LEFT,707.66,67.66,272.7,38539,0.00036262337816879154,0.06925596373949384,3.207
2026-07-29T11:49:57.095619+00:00,1,LEFT,708.66,68.66,272.7,39317,0.08875390259549022,16.950746780122643,3.211
2026-07-29T11:49:57.145620+00:00,1,LEFT,709.66,69.66,272.7,38541,0.04041343558579683,7.718397648966567,3.233
2026-07-29T11:49:57.179089+00:00,1,LEFT,704.66,64.66,272.7,38484,-0.03035905725089833,-5.79815283490838,3.152
2026-07-29T11:49:57.195601+00:00,1,LEFT,708.66,68.66,272.7,39190,0.22085217501968146,42.17965841637445,3.178
2026-07-29T11:49:57.245706+00:00,1,LEFT,705.66,65.66,272.7,38689,0.02638831710908562,5.039797329344892,3.138
2026-07-29T11:49:57.295693+00:00,1,LEFT,706.66,66.66,272.7,39145,-0.15969561363337562,-30.499615559814238,3.133
2026-07-29T11:49:57.329095+00:00,1,LEFT,712.66,72.66,272.7,39425,-0.0916403528675437,-17.502018174666148,3.242
2026-07-29T11:49:57.395713+00:00,1,LEFT,710.66,70.66,272.7,38878,-0.011263760316651314,-2.151219758636867,3.27
2026-07-29T11:49:57.412312+00:00,1,LEFT,707.66,67.66,272.7,38517,-0.011263760316651314,-2.151219758636867,3.231
2026-07-29T11:49:57.462319+00:00,1,LEFT,702.66,62.66,272.7,38663,-0.011263760316651314,-2.151219758636867,3.113
2026-07-29T11:49:57.512341+00:00,1,LEFT,707.66,67.66,272.7,39205,-0.011263760316651314,-2.151219758636867,3.136
2026-07-29T11:49:57.529093+00:00,1,LEFT,710.66,70.66,272.7,39077,-0.011263760316651314,-2.151219758636867,3.207
2026-07-29T11:49:57.562333+00:00,1,LEFT,706.66,66.66,272.7,38980,-0.011263760316651314,-2.151219758636867,3.174
2026-07-29T11:49:57.629060+00:00,1,LEFT,707.66,67.66,272.7,38583,-0.011263760316651314,-2.151219758636867,3.173
2026-07-29T11:49:57.645705+00:00,1,LEFT,708.16,68.16,272.7,39118,-0.07763826576061547,-14.827816522661042,3.182
2026-07-29T11:49:57.728939+00:00,1,LEFT,709.66,69.66,272.7,39082,-6.413203664124012e-05,-0.0122483167704047,3.215
2026-07-29T11:49:57.762435+00:00,1,LEFT,710.16,70.16,272.7,38810,-0.020301977144554256,-3.8773920205133914,3.244
2026-07-29T11:49:57.778915+00:00,1,LEFT,707.66,67.66,272.7,38647,0.1754362339238287,33.505852591684075,3.215
2026-07-29T11:49:57.829281+00:00,1,LEFT,707.66,67.66,272.7,39238,-2.4028129409998648e-05,-0.004589034682623638,3.198
2026-07-29T11:49:57.862436+00:00,1,LEFT,708.66,68.66,272.7,38514,0.004303435566835105,0.8218956512871355,3.206
2026-07-29T11:49:57.929045+00:00,1,LEFT,707.66,67.66,272.7,39042,-0.03822624764638022,-7.30067552253161,3.192
2026-07-29T11:49:57.962430+00:00,1,LEFT,707.66,67.66,272.7,38829,0.07427230023458833,14.184964460568086,3.184
2026-07-29T11:49:57.978929+00:00,1,LEFT,710.66,70.66,272.7,38894,-0.19600899679586292,-37.434960876654074,3.235
2026-07-29T11:49:58.012172+00:00,1,LEFT,446.66,-193.34,272.7,19122,0.03364833221770823,6.42635807909585,-0.765
2026-07-29T11:49:58.062429+00:00,1,LEFT,709.66,69.66,272.7,38879,0.14362524501309962,27.430401235943272,0.847
2026-07-29T11:49:58.095547+00:00,1,LEFT,701.66,61.66,272.7,39066,-0.017817197511903943,-3.4028340672769577,1.664
2026-07-29T11:49:58.162455+00:00,1,LEFT,706.66,66.66,272.7,38728,0.006366723831743002,1.2159546829474457,2.248
2026-07-29T11:49:58.195662+00:00,1,LEFT,706.66,66.66,272.7,39246,-0.023696810870897023,-4.525757502740427,2.599
2026-07-29T11:49:58.229013+00:00,1,LEFT,708.66,68.66,272.7,38446,-0.06320565170724876,-12.071390280664001,2.847
2026-07-29T11:49:58.295539+00:00,1,LEFT,712.66,72.66,272.7,39650,0.10454745368449948,19.967092849870895,3.07
2026-07-29T11:49:58.312399+00:00,1,LEFT,707.66,67.66,272.7,38722,-0.04731839417014271,-9.037147597618723,3.111
2026-07-29T11:49:58.362638+00:00,1,LEFT,713.66,73.66,272.7,39691,0.13371609303168952,25.537892612314955,3.247
2026-07-29T11:49:58.431832+00:00,1,LEFT,711.66,71.66,272.7,39601,-0.1554942760244012,-29.697219182134845,3.292
2026-07-29T11:49:58.479093+00:00,1,LEFT,708.66,68.66,272.7,38917,0.05353794388756796,10.224994095219559,3.263
2026-07-29T11:49:58.528940+00:00,1,LEFT,709.66,69.66,272.7,38981,-0.08967529051122256,-17.12671890967537,3.264
2026-07-29T11:49:58.562274+00:00,1,LEFT,705.66,65.66,272.7,38942,-0.03096199852414429,-5.913306135745839,3.189
2026-07-29T11:49:58.579016+00:00,1,LEFT,711.66,71.66,272.7,38979,0.03389855150133372,6.474146442110942,3.257
2026-07-29T11:49:58.612276+00:00,1,LEFT,707.66,67.66,272.7,38419,0.013680190878221764,2.6127240008515806,3.223
2026-07-29T11:49:58.662281+00:00,1,LEFT,705.66,65.66,272.7,38737,0.0001567817386239767,0.029943106426256902,3.165
2026-07-29T11:49:58.679016+00:00,1,LEFT,710.66,70.66,272.7,38736,0.0001567817386239767,0.029943106426256902,3.224
2026-07-29T11:49:58.712415+00:00,1,LEFT,710.66,70.66,272.7,39506,0.00019415117218159138,0.03708014251174314,3.259
2026-07-29T11:49:58.795739+00:00,1,LEFT,710.66,70.66,272.7,38548,6.568194832652806e-05,0.012544328097688061,3.28
2026-07-29T11:49:58.812221+00:00,1,LEFT,706.66,66.66,272.7,38815,-0.00028101399075239895,-0.05366971884746935,3.218
2026-07-29T11:49:58.862242+00:00,1,LEFT,710.66,70.66,272.7,39024,0.03374718843959272,6.445238226737818,3.256
2026-07-29T11:49:58.929007+00:00,1,LEFT,708.16,68.16,272.7,38654,-0.005989899272099137,-1.143986493332548,3.231
2026-07-29T11:49:58.945848+00:00,1,LEFT,710.66,70.66,272.7,38431,-0.017756237102439627,-3.3911914866779758,3.264
2026-07-29T11:49:58.978965+00:00,1,LEFT,712.66,72.66,272.7,39225,-0.00024819656973704694,-0.04740205311852401,3.32
2026-07-29T11:49:58.995773+00:00,1,LEFT,710.66,70.66,272.7,38396,0.20316154515836388,38.80099698976911,3.317
2026-07-29T11:49:59.078999+00:00,1,LEFT,708.66,68.66,272.7,38555,-0.3956386220874265,-75.5614108599363,3.278
2026-07-29T11:49:59.095780+00:00,1,LEFT,707.66,67.66,272.7,38471,-0.3956386220874265,-75.5614108599363,3.235
2026-07-29T11:49:59.162408+00:00,1,LEFT,706.66,66.66,272.7,38364,-0.3956386220874265,-75.5614108599363,3.191
2026-07-29T11:49:59.178986+00:00,1,LEFT,707.66,67.66,272.7,38497,-0.3956386220874265,-75.5614108599363,3.183
2026-07-29T11:49:59.195725+00:00,1,LEFT,707.66,67.66,272.7,38962,-0.3956386220874265,-75.5614108599363,3.178
2026-07-29T11:49:59.262422+00:00,1,LEFT,707.66,67.66,272.7,38507,-0.3956386220874265,-75.5614108599363,3.176
2026-07-29T11:49:59.329095+00:00,1,LEFT,706.66,66.66,272.7,38338,-0.3956386220874265,-75.5614108599363,3.155
2026-07-29T11:49:59.362358+00:00,1,LEFT,708.66,68.66,272.7,39028,-0.07340377001091838,-14.019087406581948,3.18
2026-07-29T11:49:59.395756+00:00,1,LEFT,713.66,73.66,272.7,39471,-0.07340377001091838,-14.019087406581948,3.289
2026-07-29T11:49:59.429069+00:00,1,LEFT,710.66,70.66,272.7,38937,-0.07340377001091838,-14.019087406581948,3.298
2026-07-29T11:49:59.445641+00:00,1,LEFT,708.66,68.66,272.7,38762,-0.07340377001091838,-14.019087406581948,3.266
2026-07-29T11:49:59.479249+00:00,1,LEFT,708.66,68.66,272.7,38519,-0.07340377001091838,-14.019087406581948,3.247
2026-07-29T11:49:59.529628+00:00,1,LEFT,705.66,65.66,272.7,38451,-0.07340377001091838,-14.019087406581948,3.179
2026-07-29T11:49:59.546577+00:00,1,LEFT,707.66,67.66,272.7,38560,-0.07340377001091838,-14.019087406581948,3.176
2026-07-29T11:49:59.612891+00:00,1,LEFT,712.66,72.66,272.7,38757,-0.02754586733877659,-5.2608731384638645,3.268
2026-07-29T11:49:59.629140+00:00,1,LEFT,705.66,65.66,272.7,38558,0.026579900300130247,5.076387023586578,3.192
2026-07-29T11:49:59.645595+00:00,1,LEFT,704.66,64.66,272.7,38718,0.026579900300130247,5.076387023586578,3.127
2026-07-29T11:49:59.662421+00:00,1,LEFT,709.66,69.66,272.7,38662,0.026579900300130247,5.076387023586578,3.182
2026-07-29T11:49:59.695700+00:00,1,LEFT,706.66,66.66,272.7,38964,0.026579900300130247,5.076387023586578,3.159
2026-07-29T11:49:59.729077+00:00,1,LEFT,708.66,68.66,272.7,38323,0.026579900300130247,5.076387023586578,3.183
2026-07-29T11:49:59.746470+00:00,1,LEFT,709.66,69.66,272.7,39017,0.026579900300130247,5.076387023586578,3.216
2026-07-29T11:49:59.845742+00:00,1,LEFT,710.66,70.66,272.7,39139,0.026579900300130247,5.076387023586578,3.254
2026-07-29T11:49:59.879096+00:00,1,LEFT,707.66,67.66,272.7,38767,-0.05138286425732076,-9.813404204126963,3.221
2026-07-29T11:49:59.913304+00:00,1,LEFT,707.66,67.66,272.7,38722,0.0007280034112045542,0.1390384097771598,3.201
2026-07-29T11:49:59.962309+00:00,1,LEFT,709.66,69.66,272.7,39161,0.00020458304788917303,0.0390724840132414,3.227
2026-07-29T11:50:00.012507+00:00,1,LEFT,703.66,63.66,272.7,38084,-0.04275472456589341,-8.16555090623331,3.13
2026-07-29T11:50:00.062559+00:00,1,LEFT,710.66,70.66,272.7,38826,-0.08601394745521247,-16.42745389481234,3.203
2026-07-29T11:50:00.112493+00:00,1,LEFT,709.66,69.66,272.7,38966,-2.3480832169298083e-05,-0.004484508609185978,3.228
2026-07-29T11:50:00.145628+00:00,1,LEFT,712.66,72.66,272.7,39021,0.0544405518961139,10.39737952670086,3.299
2026-07-29T11:50:00.212491+00:00,1,LEFT,710.66,70.66,272.7,38961,-0.11285208734450862,-21.553161046940247,3.304
2026-07-29T11:50:00.228976+00:00,1,LEFT,709.66,69.66,272.7,38711,-0.0001962814712896943,-0.037486999671725744,3.289
2026-07-29T11:50:00.279254+00:00,1,LEFT,709.66,69.66,272.7,38913,0.009342429797397927,1.7842726592938731,3.279
2026-07-29T11:50:00.329067+00:00,1,LEFT,709.66,69.66,272.7,38960,0.16745438271202148,31.98143130122429,3.274
2026-07-29T11:50:00.379104+00:00,1,LEFT,707.66,67.66,272.7,39201,-0.12148839069297537,-23.202573488479732,3.233
2026-07-29T11:50:00.395812+00:00,1,LEFT,706.66,66.66,272.7,38880,-0.12148839069297537,-23.202573488479732,3.189
2026-07-29T11:50:00.429118+00:00,1,LEFT,709.66,69.66,272.7,39356,0.06883159181801603,13.145865694465092,3.22
2026-07-29T11:50:00.495687+00:00,1,LEFT,710.66,70.66,272.7,39314,-0.1523891474865377,-29.104183315250825,3.257
2026-07-29T11:50:00.529087+00:00,1,LEFT,707.66,67.66,272.7,38882,-0.054912046866957095,-10.487428433004057,3.223
2026-07-29T11:50:00.545699+00:00,1,LEFT,711.66,71.66,272.7,38551,0.003506294871913269,0.669652992963313,3.277
2026-07-29T11:50:00.595682+00:00,1,LEFT,708.66,68.66,272.7,39451,-0.013487668810412287,-2.5759549943561995,3.254
2026-07-29T11:50:00.612442+00:00,1,LEFT,707.66,67.66,272.7,39020,-0.00795339714270085,-1.5189869635605562,3.221
2026-07-29T11:50:00.695673+00:00,1,LEFT,707.66,67.66,272.7,39674,-0.09879181537544354,-18.867846904828497,3.201
2026-07-29T11:50:00.745880+00:00,1,LEFT,711.66,71.66,272.7,38839,-0.09984092371538282,-19.06821183859682,3.264
2026-07-29T11:50:00.762430+00:00,1,LEFT,709.66,69.66,272.7,38914,0.03158273196779191,6.031857490824606,3.265
2026-07-29T11:50:00.779085+00:00,1,LEFT,709.66,69.66,272.7,38554,0.08057299330830574,15.388308197672476,3.265
2026-07-29T11:50:00.845763+00:00,1,LEFT,709.66,69.66,272.7,38640,0.1692977845063433,32.33349511042924,3.265
2026-07-29T11:50:00.895841+00:00,1,LEFT,710.66,70.66,272.7,39078,9.24589647911489e-05,0.01765836153560503,3.284
2026-07-29T11:50:00.912380+00:00,1,LEFT,704.66,64.66,272.7,38525,-0.027337064450839534,-5.22099472436741,3.183
2026-07-29T11:50:00.945779+00:00,1,LEFT,707.66,67.66,272.7,38394,0.04556254412047565,8.701804939939526,3.178
2026-07-29T11:50:00.978941+00:00,1,LEFT,708.66,68.66,272.7,38911,-0.00950658505782485,-1.815624004651652,3.194
2026-07-29T11:50:00.995779+00:00,1,LEFT,708.66,68.66,272.7,39009,0.0928797718277201,17.73872975955482,3.204
2026-07-29T11:50:01.045803+00:00,1,LEFT,705.66,65.66,272.7,38610,-0.143936270121485,-27.48980265605354,3.153
2026-07-29T11:50:01.079095+00:00,1,LEFT,707.66,67.66,272.7,38560,-0.1808404324296862,-34.53797847847254,3.161
2026-07-29T11:50:01.129121+00:00,1,LEFT,707.66,67.66,272.7,38716,-1.6938024200499053e-05,-0.0032349243332634873,3.165
2026-07-29T11:50:01.145741+00:00,1,LEFT,710.66,70.66,272.7,39419,0.027443651943467557,5.241351435955635,3.224
2026-07-29T11:50:01.212384+00:00,1,LEFT,705.66,65.66,272.7,38735,0.13849354476900771,26.450318683567538,3.165
2026-07-29T11:50:01.229081+00:00,1,LEFT,709.66,69.66,272.7,39110,-0.26555554589256647,-50.71737335312234,3.205
2026-07-29T11:50:01.279027+00:00,1,LEFT,705.66,65.66,272.7,38697,0.0889197369851172,16.982418815535155,3.154
2026-07-29T11:50:01.295795+00:00,1,LEFT,708.66,68.66,272.7,38694,-0.06741685422952287,-12.87567071800118,3.18
2026-07-29T11:50:01.345768+00:00,1,LEFT,710.66,70.66,272.7,39245,-0.06741685422952287,-12.87567071800118,3.233
2026-07-29T11:50:01.379129+00:00,1,LEFT,709.66,69.66,272.7,38773,0.15069065721239894,28.779795567743594,3.246
2026-07-29T11:50:01.429019+00:00,1,LEFT,705.66,65.66,272.7,38951,-0.02924597211269429,-5.5855692327156214,3.178
2026-07-29T11:50:01.462398+00:00,1,LEFT,710.66,70.66,272.7,38658,0.08965873836074024,17.1235576817937,3.232
2026-07-29T11:50:01.495794+00:00,1,LEFT,706.66,66.66,272.7,38743,0.03667600867571309,7.004601688345172,3.189
2026-07-29T11:50:01.545763+00:00,1,LEFT,706.66,66.66,272.7,38505,-0.0690161993788206,-13.181123141466115,3.163
2026-07-29T11:50:01.579187+00:00,1,LEFT,706.66,66.66,272.7,38711,0.1661049059778452,31.723700229826292,3.148
2026-07-29T11:50:01.629166+00:00,1,LEFT,709.66,69.66,272.7,38669,-0.005348995178937912,-1.021582827963223,3.195
2026-07-29T11:50:01.645685+00:00,1,LEFT,709.66,69.66,272.7,38603,-0.07052943127695471,-13.470129145424965,3.223
2026-07-29T11:50:01.679160+00:00,1,LEFT,707.66,67.66,272.7,38862,-0.07302247947547585,-13.946266278418147,3.202
2026-07-29T11:50:01.695724+00:00,1,LEFT,707.66,67.66,272.7,39005,0.14449964862316847,27.597400024103102,3.19
2026-07-29T11:50:01.712311+00:00,1,LEFT,709.66,69.66,272.7,38777,0.08674484499031677,16.56704504153898,3.22
2026-07-29T11:50:01.779357+00:00,1,LEFT,711.66,71.66,272.7,39546,0.08674484499031677,16.56704504153898,3.276
2026-07-29T11:50:01.812250+00:00,1,LEFT,708.66,68.66,272.7,38718,-0.08326818050816655,-15.9030510361715,3.253
2026-07-29T11:50:01.862407+00:00,1,LEFT,707.66,67.66,272.7,38149,-0.12471733208745718,-23.81925586914271,3.22
2026-07-29T11:50:01.895753+00:00,1,LEFT,709.66,69.66,272.7,38466,-0.05887887048069387,-11.245035936803891,3.238
2026-07-29T11:50:01.913674+00:00,1,LEFT,709.66,69.66,272.7,38659,0.07226225638762117,13.801074363676557,3.249
2026-07-29T11:50:01.962526+00:00,1,LEFT,709.66,69.66,272.7,38853,-0.1466375420615077,-28.0057075943216,3.255
2026-07-29T11:50:01.995636+00:00,1,LEFT,708.66,68.66,272.7,38899,-4.785219964105636e-05,-0.009139096932833208,3.241
2026-07-29T11:50:02.029215+00:00,1,LEFT,707.66,67.66,272.7,39146,0.1571636302722618,30.016042358517005,3.213
2026-07-29T11:50:02.079099+00:00,1,LEFT,710.66,70.66,272.7,39399,1.8308704602532083e-06,0.00034967050069227795,3.253
2026-07-29T11:50:02.095737+00:00,1,LEFT,706.66,66.66,272.7,38871,5.190041134483181e-05,0.009912248416839199,3.201
2026-07-29T11:50:02.145834+00:00,1,LEFT,706.66,66.66,272.7,38995,2.0390725694596767e-05,0.003894341745031196,3.171
2026-07-29T11:50:02.195738+00:00,1,LEFT,707.16,67.16,272.7,38612,-7.448717689840123e-05,-0.014226002880409188,3.162
2026-07-29T11:50:02.212352+00:00,1,LEFT,709.66,69.66,272.7,38982,3.808178269537166e-05,0.007273084749263761,3.203
2026-07-29T11:50:02.279828+00:00,1,LEFT,708.66,68.66,272.7,39055,0.04698334115324542,8.973157185014255,3.209
2026-07-29T11:50:02.295707+00:00,1,LEFT,711.66,71.66,272.7,38535,-8.122721977997571e-05,-0.015513256249913893,3.269
2026-07-29T11:50:02.345633+00:00,1,LEFT,706.66,66.66,272.7,39213,0.01117826756206341,2.134891845247418,3.211
2026-07-29T11:50:02.379008+00:00,1,LEFT,705.66,65.66,272.7,38558,0.049910817821510134,9.532264044062883,3.158
2026-07-29T11:50:02.412587+00:00,1,LEFT,710.66,70.66,272.7,38915,-0.09288715152535587,-17.74013917798353,3.219
2026-07-29T11:50:02.445588+00:00,1,LEFT,708.66,68.66,272.7,38703,0.11766349530080333,22.47207227831142,3.219
2026-07-29T11:50:02.512470+00:00,1,LEFT,709.66,69.66,272.7,38562,-5.163087684195488e-05,-0.009860771118679182,3.237
2026-07-29T11:50:02.562464+00:00,1,LEFT,709.66,69.66,272.7,38819,0.027342558277305216,5.222043967933613,3.249
2026-07-29T11:50:02.613543+00:00,1,LEFT,707.66,67.66,272.7,39471,-0.1753376753628254,-33.487029293082834,3.218
2026-07-29T11:50:02.662469+00:00,1,LEFT,709.66,69.66,272.7,38818,0.04457188460510224,8.512602909388288,3.237
2026-07-29T11:50:02.712445+00:00,1,LEFT,705.66,65.66,272.7,38785,0.14251022974029184,27.217449005194894,3.173
2026-07-29T11:50:02.745719+00:00,1,LEFT,708.66,68.66,272.7,39143,-0.0447390318592079,-8.544525683446471,3.191
2026-07-29T11:50:02.762468+00:00,1,LEFT,707.66,67.66,272.7,39378,0.036664453027769925,7.002394722156231,3.183
2026-07-29T11:50:02.795570+00:00,1,LEFT,707.66,67.66,272.7,39002,0.08045317592273932,15.365424762654985,3.178
2026-07-29T11:50:02.829121+00:00,1,LEFT,703.66,63.66,272.7,38656,-0.040854619685560464,-7.802657605315683,3.101
2026-07-29T11:50:02.929175+00:00,1,LEFT,710.66,70.66,272.7,38918,-0.1268559353845194,-24.227699012390804,3.185
2026-07-29T11:50:02.979080+00:00,1,LEFT,713.66,73.66,272.7,39107,-4.53904687310569e-05,-0.008668940961366979,3.292
2026-07-29T11:50:02.995809+00:00,1,LEFT,710.66,70.66,272.7,38473,0.05713026036508381,10.911076004676094,3.3
2026-07-29T11:50:03.062435+00:00,1,LEFT,706.66,66.66,272.7,38495,0.06640993603505194,12.68336350847412,3.23
2026-07-29T11:50:03.112438+00:00,1,LEFT,705.66,65.66,272.7,38864,0.04650661656633019,8.882109495613054,3.169
2026-07-29T11:50:03.145873+00:00,1,LEFT,711.66,71.66,272.7,39257,0.03844618992879987,7.342681404262012,3.245
2026-07-29T11:50:03.162302+00:00,1,LEFT,712.66,72.66,272.7,39041,0.015261416765861213,2.914715900246806,3.309
2026-07-29T11:50:03.212441+00:00,1,LEFT,707.66,67.66,272.7,38813,0.023115079797571526,4.414655051696538,3.254
2026-07-29T11:50:03.262633+00:00,1,LEFT,709.66,69.66,272.7,38727,-1.3215467333793633e-05,-0.002523968341731273,3.259
2026-07-29T11:50:03.312515+00:00,1,LEFT,705.66,65.66,272.7,38533,-0.010135922585614025,-1.935818618756708,3.186
2026-07-29T11:50:03.329037+00:00,1,LEFT,707.66,67.66,272.7,39131,0.0636279862606898,12.15205023884638,3.18
2026-07-29T11:50:03.362438+00:00,1,LEFT,710.66,70.66,272.7,38879,0.0636279862606898,12.15205023884638,3.233
2026-07-29T11:50:03.379070+00:00,1,LEFT,705.66,65.66,272.7,37981,7.621245415066368e-05,0.014555506563891074,3.171
2026-07-29T11:50:03.445752+00:00,1,LEFT,707.66,67.66,272.7,38801,-0.011916093565523624,-2.275806231958335,3.171
2026-07-29T11:50:03.462401+00:00,1,LEFT,707.66,67.66,272.7,38485,-0.00015222839545458555,-0.029073481938654125,3.171
2026-07-29T11:50:03.480099+00:00,1,LEFT,709.66,69.66,272.7,38995,0.07155781730543823,13.666536409232718,3.209
2026-07-29T11:50:03.529021+00:00,1,LEFT,710.66,70.66,272.7,38551,-0.07459429265931249,-14.246460483807677,3.25
2026-07-29T11:50:03.578923+00:00,1,LEFT,712.66,72.66,272.7,39042,0.032724576238542795,6.249933682742003,3.312
2026-07-29T11:50:03.595802+00:00,1,LEFT,707.66,67.66,272.7,39064,0.07790334932506085,14.878443754197724,3.256
2026-07-29T11:50:03.646215+00:00,1,LEFT,706.66,66.66,272.7,38801,0.026701670624315738,5.099643442405807,3.203
2026-07-29T11:50:03.695782+00:00,1,LEFT,709.66,69.66,272.7,38711,-0.0033412405417766423,-0.638129937939354,3.228
2026-07-29T11:50:03.712434+00:00,1,LEFT,710.66,70.66,272.7,39229,-0.13393677196465434,-25.58003918393607,3.262
2026-07-29T11:50:03.762436+00:00,1,LEFT,709.66,69.66,272.7,38776,0.00014294924971181897,0.027301295643496423,3.263
2026-07-29T11:50:03.812451+00:00,1,LEFT,709.16,69.16,272.7,39314,0.028962103500962257,5.531354321420677,3.254
2026-07-29T11:50:03.829026+00:00,1,LEFT,706.66,66.66,272.7,38583,0.021673128618858756,4.139262662349352,3.202
2026-07-29T11:50:03.864506+00:00,1,LEFT,704.66,64.66,272.7,38364,0.06802903790026903,12.992589186736451,3.134
2026-07-29T11:50:03.929151+00:00,1,LEFT,707.66,67.66,272.7,38792,0.0963355633282481,18.398737319079608,3.149
2026-07-29T11:50:03.979182+00:00,1,LEFT,708.66,68.66,272.7,38796,-0.02606278474908322,-4.977625228267989,3.177
2026-07-29T11:50:03.995600+00:00,1,LEFT,708.66,68.66,272.7,38868,0.04671461713500321,8.921834678017339,3.193
2026-07-29T11:50:04.045592+00:00,1,LEFT,709.66,69.66,272.7,39194,0.12461547675076873,23.799802932765605,3.222
2026-07-29T11:50:04.079131+00:00,1,LEFT,707.66,67.66,272.7,38704,-0.09716031630290672,-18.556253534375607,3.202
2026-07-29T11:50:04.095651+00:00,1,LEFT,707.66,67.66,272.7,39268,-0.09716031630290672,-18.556253534375607,3.19
2026-07-29T11:50:04.129101+00:00,1,LEFT,712.66,72.66,272.7,38945,-0.0030429598689079283,-0.5811625257203552,3.276
2026-07-29T11:50:04.179024+00:00,1,LEFT,708.66,68.66,272.7,38769,-0.02601786229759455,-4.9690456720157155,3.253
2026-07-29T11:50:04.195635+00:00,1,LEFT,708.66,68.66,272.7,39116,-0.02601786229759455,-4.9690456720157155,3.239
2026-07-29T11:50:04.278961+00:00,1,LEFT,452.66,-187.34,272.7,19475,0.0,0.0,-0.761
2026-07-29T11:50:04.312606+00:00,1,LEFT,709.66,69.66,272.7,38391,-0.13106258681043984,-25.031110254350573,0.849
2026-07-29T11:50:04.362407+00:00,1,LEFT,707.66,67.66,272.7,38584,0.043931198315694926,8.390240841471833,1.778
2026-07-29T11:50:04.379159+00:00,1,LEFT,710.66,70.66,272.7,39536,0.15039975585939827,28.724237501804982,2.392
2026-07-29T11:50:04.429117+00:00,1,LEFT,702.66,62.66,272.7,38463,-0.1992556495219469,-38.055025872484926,2.61
2026-07-29T11:50:04.479127+00:00,1,LEFT,708.66,68.66,272.7,38662,-0.1992556495219469,-38.055025872484926,2.853
2026-07-29T11:50:04.512389+00:00,1,LEFT,706.66,66.66,272.7,39006,-0.1992556495219469,-38.055025872484926,2.962
2026-07-29T11:50:04.545746+00:00,1,LEFT,709.66,69.66,272.7,38936,0.03752982691861689,7.167668960977384,3.083
2026-07-29T11:50:04.579156+00:00,1,LEFT,706.66,66.66,272.7,38926,-0.23224092677235603,-44.354749780876034,3.1
2026-07-29T11:50:04.645737+00:00,1,LEFT,711.66,71.66,272.7,39073,0.2874689205765026,54.90251963405022,3.203
2026-07-29T11:50:04.695739+00:00,1,LEFT,711.66,71.66,272.7,38844,-0.7130342930555343,-136.17951880058806,3.266
2026-07-29T11:50:04.712487+00:00,1,LEFT,703.66,63.66,272.7,38479,-0.15859314419329165,-30.2890594066177,3.153
2026-07-29T11:50:04.745622+00:00,1,LEFT,708.16,68.16,272.7,38832,-0.014873755844309926,-2.8406781179566707,3.17
2026-07-29T11:50:04.795736+00:00,1,LEFT,704.66,64.66,272.7,38576,-0.39370329342782495,-75.1917903127167,3.114
2026-07-29T11:50:04.828993+00:00,1,LEFT,707.66,67.66,272.7,38841,-0.0010785464983200654,-0.2059872078745116,3.137
2026-07-29T11:50:04.845760+00:00,1,LEFT,710.66,70.66,272.7,38798,-0.521252009421587,-99.55180067523453,3.207
2026-07-29T11:50:04.895636+00:00,1,LEFT,709.66,69.66,272.7,39308,-0.12746465545147656,-24.34395598152936,3.23
2026-07-29T11:50:04.912483+00:00,1,LEFT,707.66,67.66,272.7,38705,-0.12351345453877002,-23.589332193841614,3.207
2026-07-29T11:50:04.995709+00:00,1,LEFT,710.66,70.66,272.7,39110,-0.34063629031181336,-65.05673927953319,3.249
2026-07-29T11:50:05.045717+00:00,1,LEFT,708.66,68.66,272.7,38891,-6.416982680093497e-05,-0.012255534159263502,3.237
2026-07-29T11:50:05.062494+00:00,1,LEFT,708.66,68.66,272.7,39111,-0.22686607155948876,-43.32822805023875,3.229
2026-07-29T11:50:05.129117+00:00,1,LEFT,709.66,69.66,272.7,38923,-0.004915156420320272,-0.9387257284366043,3.244
2026-07-29T11:50:05.145761+00:00,1,LEFT,708.66,68.66,272.7,38780,-0.09682955164462329,-18.49308213793651,3.233
2026-07-29T11:50:05.179145+00:00,1,LEFT,712.66,72.66,272.7,38901,0.05493592711864039,10.491989225121266,3.302
2026-07-29T11:50:05.245754+00:00,1,LEFT,710.66,70.66,272.7,38674,-0.0030912111792713404,-0.5903778471863531,3.306
2026-07-29T11:50:05.279158+00:00,1,LEFT,708.66,68.66,272.7,38972,1.8648911209311335e-05,0.0035616796826925057,3.271
2026-07-29T11:50:05.312486+00:00,1,LEFT,711.66,71.66,272.7,38817,0.1020227441098541,19.484908839459397,3.306
2026-07-29T11:50:05.362436+00:00,1,LEFT,707.66,67.66,272.7,38759,9.364721830934286e-05,0.017885301240885314,3.252
2026-07-29T11:50:05.412498+00:00,1,LEFT,708.66,68.66,272.7,39336,-7.578637450933456e-07,-0.0001447413134660905,3.239
2026-07-29T11:50:05.429112+00:00,1,LEFT,708.66,68.66,272.7,38977,-0.1944673560926458,-37.140529190587664,3.23
2026-07-29T11:50:05.496010+00:00,1,LEFT,707.66,67.66,272.7,39147,-0.03132884985767305,-5.983369579478985,3.207
2026-07-29T11:50:05.528977+00:00,1,LEFT,703.66,63.66,272.7,38874,-0.02068158905371092,-3.949892554671993,3.118
2026-07-29T11:50:05.597011+00:00,1,LEFT,711.66,71.66,272.7,39095,-6.6069111926481125e-06,-0.0012618270898549402,3.214
2026-07-29T11:50:05.612340+00:00,1,LEFT,709.66,69.66,272.7,38610,-0.2601592258177698,-49.68675213583044,3.235
2026-07-29T11:50:05.678971+00:00,1,LEFT,708.66,68.66,272.7,38794,0.01798416248522699,3.4347220282700404,3.228
2026-07-29T11:50:05.745870+00:00,1,LEFT,707.66,67.66,272.7,38446,2.15004023630172e-05,0.004106274377446626,3.205
2026-07-29T11:50:05.779070+00:00,1,LEFT,709.66,69.66,272.7,38715,0.01913021091837436,3.653601156059792,3.229
2026-07-29T11:50:05.795843+00:00,1,LEFT,708.66,68.66,272.7,38831,-0.08020623808959498,-15.318263110517398,3.225
2026-07-29T11:50:05.846007+00:00,1,LEFT,708.66,68.66,272.7,38441,-1.2556768269860185e-05,-0.0023981660872892576,3.222
2026-07-29T11:50:05.895847+00:00,1,LEFT,707.66,67.66,272.7,38796,-0.026556654279120268,-5.071947360605431,3.202
2026-07-29T11:50:05.929094+00:00,1,LEFT,706.66,66.66,272.7,39093,0.015321965659968555,2.926279887201924,3.171
2026-07-29T11:50:05.945863+00:00,1,LEFT,706.66,66.66,272.7,38766,-1.0155250638490543e-05,-0.0019395100049434753,3.152
2026-07-29T11:50:06.012421+00:00,1,LEFT,709.66,69.66,272.7,38835,-2.5833723630057647e-05,-0.004933877777032292,3.197
2026-07-29T11:50:06.029081+00:00,1,LEFT,706.66,66.66,272.7,39080,0.04317306914017536,8.245448834528487,3.168
2026-07-29T11:50:06.063068+00:00,1,LEFT,708.66,68.66,272.7,38774,0.04213638940360397,8.04745758915424,3.188
2026-07-29T11:50:06.113455+00:00,1,LEFT,712.66,72.66,272.7,39097,0.04213638940360397,8.04745758915424,3.275
2026-07-29T11:50:06.145786+00:00,1,LEFT,705.66,65.66,272.7,39101,-0.01717930384678766,-3.2810053513126425,3.196
2026-07-29T11:50:06.179058+00:00,1,LEFT,708.66,68.66,272.7,38940,-0.09166948325932026,-17.507581669680683,3.205
2026-07-29T11:50:06.212422+00:00,1,LEFT,706.66,66.66,272.7,39053,0.2821631259704009,53.889187507740544,3.173
2026-07-29T11:50:06.245823+00:00,1,LEFT,704.66,64.66,272.7,38515,-0.07261222136876314,-13.867912751665925,3.116
2026-07-29T11:50:06.312324+00:00,1,LEFT,708.66,68.66,272.7,39592,0.0018636769615113734,0.35593608090122286,3.157
2026-07-29T11:50:06.329510+00:00,1,LEFT,711.66,71.66,272.7,39430,0.0018636769615113734,0.35593608090122286,3.238
2026-07-29T11:50:06.362312+00:00,1,LEFT,710.66,70.66,272.7,39088,-0.014743315456435084,-2.8157658389457443,3.267
2026-07-29T11:50:06.412411+00:00,1,LEFT,708.66,68.66,272.7,38816,3.8251164260145745e-05,0.007305434245226684,3.248
2026-07-29T11:50:06.429162+00:00,1,LEFT,708.66,68.66,272.7,39019,9.748327662236988e-05,0.018617934411893723,3.236
2026-07-29T11:50:06.479188+00:00,1,LEFT,708.66,68.66,272.7,39224,-0.00011516076978296041,-0.02199408691347111,3.229
2026-07-29T11:50:06.495647+00:00,1,LEFT,711.66,71.66,272.7,38577,0.03530079577118159,6.74195537047323,3.281
2026-07-29T11:50:06.529154+00:00,1,LEFT,704.66,64.66,272.7,38710,-0.25251159705221654,-48.226162630666956,3.181
2026-07-29T11:50:06.578955+00:00,1,LEFT,449.66,-190.34,272.7,19319,0.015385612919926643,2.938435618445826,-0.819
2026-07-29T11:50:06.629197+00:00,1,LEFT,710.66,70.66,272.7,38907,0.06799388415645807,12.98587531622161,0.833
2026-07-29T11:50:06.679155+00:00,1,LEFT,709.66,69.66,272.7,38844,-0.5090310094412416,-97.21776160755702,1.806
2026-07-29T11:50:06.695820+00:00,1,LEFT,709.66,69.66,272.7,38275,0.02316488729789853,4.424167583552652,2.39
2026-07-29T11:50:06.712491+00:00,1,LEFT,705.66,65.66,272.7,38489,-0.10019226623699069,-19.135313317435536,2.665
2026-07-29T11:50:06.779169+00:00,1,LEFT,707.66,67.66,272.7,38547,7.428996032103896e-05,0.014188337288632943,2.867
2026-07-29T11:50:06.812398+00:00,1,LEFT,704.66,64.66,272.7,38555,7.561036327388138e-06,0.001444051567681455,2.933
2026-07-29T11:50:06.829194+00:00,1,LEFT,707.66,67.66,272.7,39019,-0.024731396682327614,-4.723348837870729,3.028
2026-07-29T11:50:06.929131+00:00,1,LEFT,708.66,68.66,272.7,38732,-0.06511254971148446,-12.43558097267942,3.104
2026-07-29T11:50:06.979146+00:00,1,LEFT,709.66,69.66,272.7,38879,-2.344138832995668e-05,-0.00447697539077913,3.169
2026-07-29T11:50:06.995748+00:00,1,LEFT,706.66,66.66,272.7,38525,0.0039040980068966746,0.7456277953353867,3.151
2026-07-29T11:50:07.062516+00:00,1,LEFT,708.66,68.66,272.7,38825,-2.3107754532247786e-06,-0.00044132560290736597,3.178
2026-07-29T11:50:07.129133+00:00,1,LEFT,709.66,69.66,272.7,38383,-1.884531076939311e-05,-0.003599189235662211,3.213
2026-07-29T11:50:07.146155+00:00,1,LEFT,709.66,69.66,272.7,39728,-0.052531927484087644,-10.03285911508505,3.234
2026-07-29T11:50:07.213079+00:00,1,LEFT,708.66,68.66,272.7,38578,-0.0016756849514786155,-0.3200322517110294,3.228
2026-07-29T11:50:07.245729+00:00,1,LEFT,706.66,66.66,272.7,38252,0.050365907833911476,9.61917983409339,3.186
2026-07-29T11:50:07.312592+00:00,1,LEFT,710.66,70.66,272.7,39064,0.032785520730540155,6.261573223328727,3.237
2026-07-29T11:50:07.345754+00:00,1,LEFT,708.66,68.66,272.7,38483,-0.018616207586601378,-3.5554337508389433,3.229
2026-07-29T11:50:07.395620+00:00,1,LEFT,713.66,73.66,272.7,38761,0.1257074369993643,24.008351978234213,3.319
2026-07-29T11:50:07.462493+00:00,1,LEFT,708.66,68.66,272.7,38251,0.1257074369993643,24.008351978234213,3.278
2026-07-29T11:50:07.479250+00:00,1,LEFT,706.66,66.66,272.7,38424,-0.07308174524456262,-13.957585206545708,3.217
2026-07-29T11:50:07.546223+00:00,1,LEFT,706.66,66.66,272.7,38553,0.12374859252944588,23.634240242071325,3.18
2026-07-29T11:50:07.579145+00:00,1,LEFT,708.66,68.66,272.7,39002,0.06644118485157378,12.68933159281239,3.195
2026-07-29T11:50:07.612551+00:00,1,LEFT,710.66,70.66,272.7,39363,-0.025039042634889482,-4.7821048867576526,3.242
2026-07-29T11:50:07.645756+00:00,1,LEFT,706.66,66.66,272.7,39223,0.12517512153834104,23.9066872139469,3.195
2026-07-29T11:50:07.695718+00:00,1,LEFT,708.66,68.66,272.7,38966,9.499490261077881e-07,0.0001814268998284637,3.204
2026-07-29T11:50:07.712482+00:00,1,LEFT,704.66,64.66,272.7,39499,-0.147011349350214,-28.07709952763527,3.135
2026-07-29T11:50:07.779153+00:00,1,LEFT,710.66,70.66,272.7,38933,7.415105821564793e-05,0.014161808940618319,3.206
2026-07-29T11:50:07.812487+00:00,1,LEFT,711.66,71.66,272.7,38832,-0.007994053652510047,-1.5267517849665535,3.267
2026-07-29T11:50:07.862375+00:00,1,LEFT,707.66,67.66,272.7,38927,0.2204813841264695,42.10884257216468,3.229
2026-07-29T11:50:07.929159+00:00,1,LEFT,709.66,69.66,272.7,38677,-0.0002614424604689702,-0.04993183190129286,3.243
2026-07-29T11:50:07.945927+00:00,1,LEFT,706.66,66.66,272.7,38814,-4.6737841330468655e-05,-0.008926270172626528,3.196
2026-07-29T11:50:07.979047+00:00,1,LEFT,707.66,67.66,272.7,38803,0.08877792066603434,16.955333893703393,3.186
2026-07-29T11:50:08.045808+00:00,1,LEFT,708.66,68.66,272.7,38665,0.041581325116567314,7.941448119135444,3.199
2026-07-29T11:50:08.095842+00:00,1,LEFT,708.66,68.66,272.7,38579,0.11607234851748217,22.168185627411024,3.207
2026-07-29T11:50:08.129794+00:00,1,LEFT,710.66,70.66,272.7,38822,-2.6789219118654726e-05,-0.005116363973166969,3.249
2026-07-29T11:50:08.162367+00:00,1,LEFT,709.66,69.66,272.7,38671,-2.6789219118654726e-05,-0.005116363973166969,3.255
2026-07-29T11:50:08.179089+00:00,1,LEFT,707.66,67.66,272.7,38642,-0.00012576347042340784,-0.024019053573932088,3.222
2026-07-29T11:50:08.229226+00:00,1,LEFT,708.66,68.66,272.7,38585,0.04266235018032603,8.14790869813956,3.22
2026-07-29T11:50:08.279072+00:00,1,LEFT,706.66,66.66,272.7,39072,0.04266235018032603,8.14790869813956,3.182
2026-07-29T11:50:08.295836+00:00,1,LEFT,709.66,69.66,272.7,38980,0.04266235018032603,8.14790869813956,3.215
2026-07-29T11:50:08.312460+00:00,1,LEFT,709.66,69.66,272.7,39030,0.04266235018032603,8.14790869813956,3.235
2026-07-29T11:50:08.362495+00:00,1,LEFT,710.66,70.66,272.7,38672,-0.13254949321970344,-25.315088460289765,3.266
2026-07-29T11:50:08.462453+00:00,1,LEFT,708.66,68.66,272.7,38467,0.03872186159715056,7.395330814688094,3.247
2026-07-29T11:50:08.479184+00:00,1,LEFT,711.66,71.66,272.7,39153,-0.08804164173430763,-16.814714975928922,3.292
2026-07-29T11:50:08.562442+00:00,1,LEFT,709.66,69.66,272.7,39176,0.08098866819869727,15.467696253902467,3.281
2026-07-29T11:50:08.579071+00:00,1,LEFT,709.66,69.66,272.7,38879,-0.08450288682244718,-16.138862571992945,3.275
2026-07-29T11:50:08.629149+00:00,1,LEFT,708.66,68.66,272.7,38805,0.08323797175195068,15.897281588719803,3.252
2026-07-29T11:50:08.645704+00:00,1,LEFT,709.66,69.66,272.7,38920,-0.06644841230940074,-12.690711935579367,3.257
2026-07-29T11:50:08.695852+00:00,1,LEFT,709.66,69.66,272.7,38764,-0.034137178640812636,-6.51972086867568,3.26
2026-07-29T11:50:08.745612+00:00,1,LEFT,708.66,68.66,272.7,38989,-0.16142794388404583,-30.830466266768383,3.244
2026-07-29T11:50:08.795685+00:00,1,LEFT,711.66,71.66,272.7,38854,0.08315128874557559,15.88072635398381,3.29
2026-07-29T11:50:08.829260+00:00,1,LEFT,706.66,66.66,272.7,38212,0.08315128874557559,15.88072635398381,3.224
2026-07-29T11:50:08.879251+00:00,1,LEFT,709.66,69.66,272.7,38435,0.1571497510187328,30.013391616350326,3.24
2026-07-29T11:50:08.895704+00:00,1,LEFT,711.66,71.66,272.7,39092,-0.10203006248921156,-19.486306546959593,3.288
2026-07-29T11:50:08.962500+00:00,1,LEFT,708.66,68.66,272.7,38747,0.03820130846928805,7.2959124905585755,3.26
2026-07-29T11:50:08.979202+00:00,1,LEFT,706.66,66.66,272.7,38807,-9.567696251906454e-05,-0.018272953829912546,3.206
2026-07-29T11:50:09.012322+00:00,1,LEFT,708.66,68.66,272.7,38860,-0.03542305996641517,-6.7653061117147235,3.211
2026-07-29T11:50:09.029271+00:00,1,LEFT,711.66,71.66,272.7,39017,0.05453412162140012,10.415250027864523,3.27
2026-07-29T11:50:09.095793+00:00,1,LEFT,709.66,69.66,272.7,38852,-8.659860177431255e-05,-0.016539114644674106,3.268
2026-07-29T11:50:09.129181+00:00,1,LEFT,706.66,66.66,272.7,38834,0.0743393131555058,14.197762985706136,3.211
2026-07-29T11:50:09.195789+00:00,1,LEFT,707.66,67.66,272.7,38877,0.024437386454083027,4.667197020497086,3.195
2026-07-29T11:50:09.245773+00:00,1,LEFT,710.66,70.66,272.7,39055,0.024437386454083027,4.667197020497086,3.242
2026-07-29T11:50:09.262450+00:00,1,LEFT,707.66,67.66,272.7,39045,0.0046459695929661395,0.8873148314102425,3.214
2026-07-29T11:50:09.312466+00:00,1,LEFT,705.66,65.66,272.7,38893,-0.04403803858149331,-8.410645829179511,3.159
2026-07-29T11:50:09.345796+00:00,1,LEFT,707.66,67.66,272.7,39086,-0.04403803858149331,-8.410645829179511,3.164
2026-07-29T11:50:09.395775+00:00,1,LEFT,706.66,66.66,272.7,38663,-0.04403803858149331,-8.410645829179511,3.148
2026-07-29T11:50:09.412576+00:00,1,LEFT,709.66,69.66,272.7,39043,-0.04403803858149331,-8.410645829179511,3.195
2026-07-29T11:50:09.462441+00:00,1,LEFT,710.66,70.66,272.7,39241,-0.11505252319388092,-21.973413337801304,3.242
2026-07-29T11:50:09.512499+00:00,1,LEFT,712.66,72.66,272.7,39387,-2.673498471267521e-05,-0.005106005964610218,3.307
2026-07-29T11:50:09.545783+00:00,1,LEFT,708.66,68.66,272.7,38953,-2.673498471267521e-05,-0.005106005964610218,3.272
2026-07-29T11:50:09.562514+00:00,1,LEFT,709.66,69.66,272.7,38949,-2.673498471267521e-05,-0.005106005964610218,3.269
2026-07-29T11:50:09.645783+00:00,1,LEFT,710.66,70.66,272.7,39493,-0.025808627530932427,-4.929084775158569,3.286
2026-07-29T11:50:09.679148+00:00,1,LEFT,704.66,64.66,272.7,38446,-0.051766149532049895,-9.886606299431936,3.184
2026-07-29T11:50:09.712512+00:00,1,LEFT,706.66,66.66,272.7,39429,0.0,0.0,3.16
2026-07-29T11:50:09.729030+00:00,1,LEFT,710.66,70.66,272.7,38489,1.378412009216845e-05,0.002632573018609105,3.221
2026-07-29T11:50:09.812608+00:00,1,LEFT,711.66,71.66,272.7,39218,0.038041064995341003,7.2653082413863075,3.276
2026-07-29T11:50:09.862514+00:00,1,LEFT,707.66,67.66,272.7,38731,-0.11506662889383733,-21.976107328049906,3.234
2026-07-29T11:50:09.879254+00:00,1,LEFT,708.66,68.66,272.7,38970,-0.016770045786252012,-3.202842819311302,3.228
2026-07-29T11:50:09.912572+00:00,1,LEFT,707.66,67.66,272.7,38587,5.3397804731503125e-05,0.010198229487929424,3.205
2026-07-29T11:50:09.929068+00:00,1,LEFT,708.66,68.66,272.7,38059,-0.05702739393571392,-10.891429963821174,3.21
2026-07-29T11:50:09.962550+00:00,1,LEFT,704.66,64.66,272.7,38785,1.4558265247615052e-05,0.0027804238524010696,3.139
2026-07-29T11:50:10.012529+00:00,1,LEFT,707.66,67.66,272.7,39163,-0.06218246649485081,-11.875976299562003,3.152
2026-07-29T11:50:10.079861+00:00,1,LEFT,707.66,67.66,272.7,38621,-0.06218246649485081,-11.875976299562003,3.16
2026-07-29T11:50:10.095741+00:00,1,LEFT,700.66,60.66,272.7,38693,-0.02216034383047372,-4.232313913483054,3.033
2026-07-29T11:50:10.145810+00:00,1,LEFT,711.66,71.66,272.7,39017,-0.02216034383047372,-4.232313913483054,3.163
2026-07-29T11:50:10.162573+00:00,1,LEFT,708.66,68.66,272.7,38932,9.21565544558689e-05,0.017600605415962763,3.185
2026-07-29T11:50:10.229359+00:00,1,LEFT,705.66,65.66,272.7,38689,-0.13702177648432554,-26.16923164645588,3.142
2026-07-29T11:50:10.245913+00:00,1,LEFT,713.66,73.66,272.7,39040,-0.13702177648432554,-26.16923164645588,3.266
2026-07-29T11:50:10.262507+00:00,1,LEFT,709.66,69.66,272.7,38813,-0.02929193651303649,-5.594347786540481,3.266
2026-07-29T11:50:10.329087+00:00,1,LEFT,706.66,66.66,272.7,38769,-0.08405302330851555,-16.052944969642255,3.209
2026-07-29T11:50:10.378982+00:00,1,LEFT,709.66,69.66,272.7,39337,0.08594420705921949,16.414134460305778,3.232
2026-07-29T11:50:10.395884+00:00,1,LEFT,711.66,71.66,272.7,38782,-1.508085126260994e-05,-0.0028802304293736275,3.283
2026-07-29T11:50:10.445850+00:00,1,LEFT,707.66,67.66,272.7,38721,-0.21524492719676347,-41.10875296658405,3.238
2026-07-29T11:50:10.479167+00:00,1,LEFT,706.66,66.66,272.7,38726,-0.08187275192234665,-15.636543807573535,3.193
2026-07-29T11:50:10.512617+00:00,1,LEFT,707.66,67.66,272.7,38864,-0.343704424649477,-65.64270977462417,3.184
2026-07-29T11:50:10.595987+00:00,1,LEFT,707.66,67.66,272.7,38274,-0.0030168045312166216,-0.576167224182184,3.179
2026-07-29T11:50:10.645883+00:00,1,LEFT,707.66,67.66,272.7,38550,1.1169169832766057,213.3154306941115,3.176
2026-07-29T11:50:10.662448+00:00,1,LEFT,704.66,64.66,272.7,38809,0.2561142454133369,48.914217784540014,3.118
2026-07-29T11:50:10.695895+00:00,1,LEFT,707.66,67.66,272.7,37904,-0.720533658284694,-137.61179205611475,3.139
2026-07-29T11:50:10.745841+00:00,1,LEFT,705.66,65.66,272.7,39088,-0.32615933409892023,-62.29184430888496,3.115
2026-07-29T11:50:10.762550+00:00,1,LEFT,704.66,64.66,272.7,38412,0.0010719704255461693,0.20473127048879447,3.081
2026-07-29T11:50:10.779074+00:00,1,LEFT,705.66,65.66,272.7,37779,-0.1909339815750718,-36.46570436626745,3.08
2026-07-29T11:50:10.845842+00:00,1,LEFT,709.66,69.66,272.7,38682,-0.0004729258082807064,-0.09032217612432532,3.154
2026-07-29T11:50:10.862604+00:00,1,LEFT,710.66,70.66,272.7,38836,0.12910373395308852,24.656996916306,3.217
2026-07-29T11:50:10.929330+00:00,1,LEFT,708.66,68.66,272.7,38268,0.02056885709054768,3.9283623356537327,3.218
2026-07-29T11:50:10.962426+00:00,1,LEFT,703.66,63.66,272.7,38121,0.0009337316988967359,0.1783296184812105,3.124
2026-07-29T11:50:11.029281+00:00,1,LEFT,706.66,66.66,272.7,37874,-0.0437953503173776,-8.364295784942222,3.124
2026-07-29T11:50:11.045767+00:00,1,LEFT,705.66,65.66,272.7,37745,-0.06971259236335754,-13.3141244044544,3.106
2026-07-29T11:50:11.112221+00:00,1,LEFT,705.66,65.66,272.7,38006,0.07283094989135862,13.909686822345433,3.094
2026-07-29T11:50:11.129218+00:00,1,LEFT,706.66,66.66,272.7,37741,0.07283094989135862,13.909686822345433,3.106
2026-07-29T11:50:11.146662+00:00,1,LEFT,705.66,65.66,272.7,37916,0.23659716946072876,45.18673084947096,3.095
2026-07-29T11:50:11.195917+00:00,1,LEFT,707.66,67.66,272.7,37946,0.09824417585507035,18.763255460788656,3.125
2026-07-29T11:50:11.229210+00:00,1,LEFT,707.66,67.66,272.7,37961,-0.4975916672311723,-95.03300817741426,3.144
2026-07-29T11:50:11.279232+00:00,1,LEFT,708.66,68.66,272.7,38215,0.00022378695197403423,0.04274015952736336,3.174
2026-07-29T11:50:11.295690+00:00,1,LEFT,703.66,63.66,272.7,37683,-0.5012786604929715,-95.7371720207285,3.098
2026-07-29T11:50:11.362345+00:00,1,LEFT,704.66,64.66,272.7,38112,-0.5012786604929715,-95.7371720207285,3.071
2026-07-29T11:50:11.379203+00:00,1,LEFT,706.66,66.66,272.7,37891,-0.5012786604929715,-95.7371720207285,3.092
2026-07-29T11:50:11.395823+00:00,1,LEFT,707.66,67.66,272.7,38041,-0.5012786604929715,-95.7371720207285,3.124
2026-07-29T11:50:11.445822+00:00,1,LEFT,707.66,67.66,272.7,37635,-0.5012786604929715,-95.7371720207285,3.143
2026-07-29T11:50:11.479325+00:00,1,LEFT,706.66,66.66,272.7,38088,-0.5012786604929715,-95.7371720207285,3.136
2026-07-29T11:50:11.512439+00:00,1,LEFT,707.66,67.66,272.7,37887,-0.5012786604929715,-95.7371720207285,3.15
2026-07-29T11:50:11.545817+00:00,1,LEFT,709.66,69.66,272.7,37708,-0.5012786604929715,-95.7371720207285,3.196
2026-07-29T11:50:11.612487+00:00,1,LEFT,707.66,67.66,272.7,37563,-0.4741829558927566,-90.56227363231008,3.186
2026-07-29T11:50:11.645864+00:00,1,LEFT,705.66,65.66,272.7,38388,-0.5657993736211211,-108.05972053211947,3.143
2026-07-29T11:50:11.679211+00:00,1,LEFT,706.66,66.66,272.7,37886,0.06248407926876098,11.933580096202956,3.135
2026-07-29T11:50:11.712568+00:00,1,LEFT,712.66,72.66,272.7,38287,-0.2500276676751673,-47.75176706428869,3.244
2026-07-29T11:50:11.762523+00:00,1,LEFT,701.66,61.66,272.7,37183,-0.23894426049664616,-45.63499221777449,3.102
2026-07-29T11:50:11.779146+00:00,1,LEFT,712.66,72.66,272.7,38478,-0.4568280281545594,-87.247726588466,3.224
2026-07-29T11:50:11.845653+00:00,1,LEFT,709.66,69.66,272.7,37797,0.3453116106987,65.94965969966678,3.24
2026-07-29T11:50:11.879051+00:00,1,LEFT,705.66,65.66,272.7,37551,-0.24177463191095738,-46.17555333942284,3.175
2026-07-29T11:50:11.895793+00:00,1,LEFT,705.66,65.66,272.7,37596,-0.05759087808080949,-10.99904750827622,3.136
2026-07-29T11:50:11.945784+00:00,1,LEFT,707.66,67.66,272.7,36855,-0.24423111109877937,-46.644706305835925,3.15
2026-07-29T11:50:11.979083+00:00,1,LEFT,712.66,72.66,272.7,37425,-0.11105289932340384,-21.209541446407584,3.252
2026-07-29T11:50:11.995850+00:00,1,LEFT,710.66,70.66,272.7,37997,-0.11105289932340384,-21.209541446407584,3.276
2026-07-29T11:50:12.029065+00:00,1,LEFT,712.66,72.66,272.7,37417,-0.023226964968052925,-4.436023545225492,3.328
2026-07-29T11:50:12.045864+00:00,1,LEFT,709.66,69.66,272.7,36791,0.24677004417404533,47.12960680476562,3.303
2026-07-29T11:50:12.112529+00:00,1,LEFT,708.66,68.66,272.7,37559,-0.06637648010626435,-12.67697389674339,3.269
2026-07-29T11:50:12.145818+00:00,1,LEFT,708.66,68.66,272.7,37411,-0.06637648010626435,-12.67697389674339,3.249
2026-07-29T11:50:12.162497+00:00,1,LEFT,710.66,70.66,272.7,37187,0.12264256451278925,23.423004450812492,3.274
2026-07-29T11:50:12.229160+00:00,1,LEFT,708.66,68.66,272.7,37147,0.27842320861294867,53.1749159067081,3.252
2026-07-29T11:50:12.262559+00:00,1,LEFT,710.66,70.66,272.7,36665,0.24698796607321127,47.1712268217179,3.276
2026-07-29T11:50:12.279167+00:00,1,LEFT,705.66,65.66,272.7,37038,0.24698796607321127,47.1712268217179,3.197
2026-07-29T11:50:12.295756+00:00,1,LEFT,696.66,56.66,272.7,35341,0.18656376329250635,35.631054155794416,2.98
2026-07-29T11:50:12.345857+00:00,1,LEFT,708.66,68.66,272.7,36358,-0.0007755410112440587,-0.14811742261197494,3.075
2026-07-29T11:50:12.379135+00:00,1,LEFT,630.66,-9.34,272.7,28929,0.416791210398078,79.60125764652993,1.67
2026-07-29T11:50:12.412515+00:00,1,LEFT,467.66,-172.34,272.7,14763,-0.35343233957886694,-67.500604671012,-2.229
2026-07-29T11:50:12.445776+00:00,1,LEFT,471.66,-168.34,272.7,14250,0.23726905912160873,45.31505232236063,-4.494
2026-07-29T11:50:12.495868+00:00,1,LEFT,704.66,64.66,272.7,35088,0.5277395136281848,100.79082271060595,-1.484
2026-07-29T11:50:12.529172+00:00,1,LEFT,703.66,63.66,272.7,35288,0.37465984020382165,71.5547586557494,0.303
2026-07-29T11:50:12.545934+00:00,1,LEFT,701.66,61.66,272.7,35243,0.4680898143351078,89.39856931487994,1.338
2026-07-29T11:50:12.595971+00:00,1,LEFT,705.66,65.66,272.7,34601,-0.0849191876873374,-16.218370180545797,2.034
2026-07-29T11:50:12.612312+00:00,1,LEFT,701.66,61.66,272.7,34835,0.6228748229891061,118.96032840744668,2.376
2026-07-29T11:50:12.645890+00:00,1,LEFT,700.66,60.66,272.7,34523,-0.3355093816667795,-64.07757185516795,2.563
2026-07-29T11:50:12.695881+00:00,1,LEFT,706.66,66.66,272.7,34769,0.4750658805668354,90.730899823819,2.788
2026-07-29T11:50:12.729165+00:00,1,LEFT,691.66,51.66,272.7,34391,0.0002948990743607283,0.056321574477281186,2.641
2026-07-29T11:50:12.762411+00:00,1,LEFT,347.66,-292.34,272.7,5383,0.32950645292177794,62.931096915813434,-1.359
2026-07-29T11:50:12.812403+00:00,1,LEFT,652.66,12.66,272.7,30581,-0.011748893447220327,-2.2438733615821116,-0.578
2026-07-29T11:50:12.845917+00:00,1,LEFT,699.66,59.66,272.7,34788,0.22592952959239482,43.14936171006754,0.772
2026-07-29T11:50:12.895933+00:00,1,LEFT,677.66,37.66,272.7,32228,0.003459493014961481,0.6607144967076047,1.169
2026-07-29T11:50:12.912361+00:00,1,LEFT,660.66,20.66,272.7,31582,-0.00019944006577134134,-0.038090246781698034,1.089
2026-07-29T11:50:12.979078+00:00,1,LEFT,701.66,61.66,272.7,35431,0.10661190897226333,20.361374766478676,1.809
2026-07-29T11:50:12.995910+00:00,1,LEFT,696.66,56.66,272.7,35338,0.13253614825196564,25.312539759192713,2.148
2026-07-29T11:50:13.029183+00:00,1,LEFT,698.66,58.66,272.7,35489,0.0001895637530833483,0.03620401000111968,2.389
2026-07-29T11:50:13.095871+00:00,1,LEFT,703.66,63.66,272.7,35333,-0.059774167658761146,-11.416025102514649,2.627
2026-07-29T11:50:13.112545+00:00,1,LEFT,699.66,59.66,272.7,35606,0.15950727608054877,30.46364573681157,2.695
2026-07-29T11:50:13.162535+00:00,1,LEFT,697.66,57.66,272.7,35081,-0.3360200803540647,-64.17510811978232,2.698
2026-07-29T11:50:13.212478+00:00,1,LEFT,696.66,56.66,272.7,35192,-0.32676358659751714,-62.40724803531775,2.681
2026-07-29T11:50:13.279309+00:00,1,LEFT,701.66,61.66,272.7,35629,0.1267174763698131,24.201255288463436,2.765
2026-07-29T11:50:13.295941+00:00,1,LEFT,697.66,57.66,272.7,35153,0.14481415989808738,27.657467252976875,2.74
2026-07-29T11:50:13.329042+00:00,1,LEFT,698.66,58.66,272.7,36034,0.12752800511196255,24.356054875460803,2.744
2026-07-29T11:50:13.362380+00:00,1,LEFT,697.66,57.66,272.7,35784,-0.40217007194645704,-76.8088258966822,2.727
2026-07-29T11:50:13.379227+00:00,1,LEFT,695.66,55.66,272.7,35298,0.09159003184176981,17.49240756667411,2.68
2026-07-29T11:50:13.429221+00:00,1,LEFT,698.66,58.66,272.7,36237,-0.0007266958965919912,-0.13878869288065465,2.708
2026-07-29T11:50:13.462379+00:00,1,LEFT,703.66,63.66,272.7,36360,-0.09617821867577732,-18.368686704027848,2.818
2026-07-29T11:50:13.512475+00:00,1,LEFT,701.66,61.66,272.7,36797,-0.04856621621132945,-9.275464052763388,2.847
2026-07-29T11:50:13.545902+00:00,1,LEFT,693.66,53.66,272.7,36089,-3.403745591640467e-05,-0.006500675231241939,2.714
2026-07-29T11:50:13.579218+00:00,1,LEFT,693.66,53.66,272.7,35489,-0.5282905002683401,-100.89605340743591,2.635
2026-07-29T11:50:13.595717+00:00,1,LEFT,692.66,52.66,272.7,35152,0.039445568583905695,7.533548667838758,2.568
2026-07-29T11:50:13.612496+00:00,1,LEFT,696.66,56.66,272.7,35119,0.3892357882671058,74.3385596771763,2.603
2026-07-29T11:50:13.695639+00:00,1,LEFT,699.66,59.66,272.7,35883,0.33538700318778863,64.05419928733659,2.68
2026-07-29T11:50:13.712506+00:00,1,LEFT,696.66,56.66,272.7,35556,0.44520690381992606,85.0282553298951,2.671
2026-07-29T11:50:13.762492+00:00,1,LEFT,693.66,53.66,272.7,35296,0.44520690381992606,85.0282553298951,2.608
2026-07-29T11:50:13.779215+00:00,1,LEFT,697.66,57.66,272.7,34857,-0.462328179590404,-88.29817813498839,2.646
2026-07-29T11:50:13.829483+00:00,1,LEFT,693.66,53.66,272.7,34702,0.0942807619459927,18.00629916261,2.594
2026-07-29T11:50:13.862431+00:00,1,LEFT,696.66,56.66,272.7,35360,0.3372787884622812,64.41550366058132,2.619
2026-07-29T11:50:13.895846+00:00,1,LEFT,692.66,52.66,272.7,35487,0.3372787884622812,64.41550366058132,2.558
2026-07-29T11:50:13.912488+00:00,1,LEFT,697.66,57.66,272.7,35010,0.05275275373831391,10.075033822994543,2.616
2026-07-29T11:50:13.962516+00:00,1,LEFT,701.66,61.66,272.7,35076,0.0975809489749372,18.636588457151127,2.726
2026-07-29T11:50:13.995811+00:00,1,LEFT,706.66,66.66,272.7,36039,0.05686061704065651,10.859577923130889,2.885
2026-07-29T11:50:14.012449+00:00,1,LEFT,700.66,60.66,272.7,35341,-0.01647996863350272,-3.1474421640256147,2.868
2026-07-29T11:50:14.079152+00:00,1,LEFT,702.66,62.66,272.7,34769,0.23451900313491933,44.789830317487336,2.896
2026-07-29T11:50:14.129205+00:00,1,LEFT,705.66,65.66,272.7,34689,0.1277952900249511,24.407102533600025,2.969
2026-07-29T11:50:14.179232+00:00,1,LEFT,705.66,65.66,272.7,34613,0.2246067733503878,42.896733876762255,3.012
2026-07-29T11:50:14.195935+00:00,1,LEFT,695.66,55.66,272.7,33866,0.12363167069852352,23.611909817255345,2.851
2026-07-29T11:50:14.229216+00:00,1,LEFT,707.66,67.66,272.7,34082,0.1951251308619976,37.266154917767835,2.979
2026-07-29T11:50:14.279164+00:00,1,LEFT,702.66,62.66,272.7,34074,0.29068526775343345,55.51679669634007,2.962
2026-07-29T11:50:14.295844+00:00,1,LEFT,703.66,63.66,272.7,34766,0.31885462446138263,60.89674753288681,2.971
2026-07-29T11:50:14.345785+00:00,1,LEFT,704.66,64.66,272.7,32942,0.2154868991114199,41.15496619815244,2.995
2026-07-29T11:50:14.379141+00:00,1,LEFT,712.66,72.66,272.7,33927,0.15885415310040116,30.338908435926694,3.159
2026-07-29T11:50:14.395811+00:00,1,LEFT,713.66,73.66,272.7,33697,0.15885415310040116,30.338908435926694,3.277
2026-07-29T11:50:14.412591+00:00,1,LEFT,709.66,69.66,272.7,33787,0.15271469787228853,29.166358858992087,3.272
2026-07-29T11:50:14.479184+00:00,1,LEFT,712.66,72.66,272.7,33065,0.15271469787228853,29.166358858992087,3.325
2026-07-29T11:50:14.495830+00:00,1,LEFT,710.66,70.66,272.7,33485,0.1039019100368023,19.8438030948558,3.32
2026-07-29T11:50:14.545804+00:00,1,LEFT,709.66,69.66,272.7,32886,0.17080728124827146,32.62178775210001,3.298
2026-07-29T11:50:14.562550+00:00,1,LEFT,713.66,73.66,272.7,33268,0.17358728358522058,33.15272908857898,3.36
2026-07-29T11:50:14.595793+00:00,1,LEFT,723.66,83.66,272.7,33544,0.16691974744200708,31.879323486055416,3.584
2026-07-29T11:50:14.645792+00:00,1,LEFT,709.66,69.66,272.7,33136,0.07547499720007181,14.414662661086068,3.457
2026-07-29T11:50:14.679159+00:00,1,LEFT,721.66,81.66,272.7,32770,0.22959919571876525,43.85021631427803,3.605
2026-07-29T11:50:14.712508+00:00,1,LEFT,718.66,78.66,272.7,33034,0.057951546870172024,11.067930173051442,3.638
2026-07-29T11:50:14.745810+00:00,1,LEFT,716.66,76.66,272.7,32662,0.13028882782906293,24.88333317437311,3.62
2026-07-29T11:50:14.762554+00:00,1,LEFT,724.66,84.66,272.7,33024,0.13028882782906293,24.88333317437311,3.759
2026-07-29T11:50:14.779185+00:00,1,LEFT,723.66,83.66,272.7,32807,0.13028882782906293,24.88333317437311,3.824
2026-07-29T11:50:14.862590+00:00,1,LEFT,728.66,88.66,272.7,32116,0.19471731090918185,37.188267044109274,3.957
2026-07-29T11:50:14.895956+00:00,1,LEFT,726.66,86.66,272.7,32064,0.05261898227035999,10.049485354551114,3.999
2026-07-29T11:50:14.912355+00:00,1,LEFT,720.16,80.16,272.7,31726,0.1736502675153315,33.16475813315399,3.902
2026-07-29T11:50:14.962562+00:00,1,LEFT,721.66,81.66,272.7,31873,0.13737935420125724,26.237523959882914,3.872
2026-07-29T11:50:14.995884+00:00,1,LEFT,729.66,89.66,272.7,31738,0.2650189800839871,50.614896832246934,4.004
2026-07-29T11:50:15.012423+00:00,1,LEFT,725.66,85.66,272.7,31460,0.158931466601789,30.353674227023035,4.009
2026-07-29T11:50:15.062822+00:00,1,LEFT,728.66,88.66,272.7,31627,0.19521812599152327,37.283915679224805,4.068
2026-07-29T11:50:15.079256+00:00,1,LEFT,730.66,90.66,272.7,31710,0.2500915719382465,47.76397187951312,4.14
2026-07-29T11:50:15.129183+00:00,1,LEFT,725.66,85.66,272.7,31447,0.14905264563858509,28.46695840116654,4.09
2026-07-29T11:50:15.162371+00:00,1,LEFT,733.66,93.66,272.7,31079,0.32019758619368077,61.15323433058102,4.21
2026-07-29T11:50:15.212641+00:00,1,LEFT,733.66,93.66,272.7,31837,0.5684066457115113,108.55767282152485,4.282
2026-07-29T11:50:15.229204+00:00,1,BOTH,706.0,66.0,267.7,32078,0.16427353896200658,31.373934894002893,3.807
2026-07-29T11:50:15.295892+00:00,1,LEFT,731.72,91.72,267.7,30206,0.33850489385426047,64.64967254124349,4.004
2026-07-29T11:50:15.312533+00:00,1,LEFT,725.72,85.72,267.7,30340,0.17160273410379887,32.77370805684451,4.01
2026-07-29T11:50:15.345879+00:00,1,LEFT,731.72,91.72,267.7,30525,0.34637672390788793,66.15308133830047,4.126
2026-07-29T11:50:15.396003+00:00,1,LEFT,738.72,98.72,267.7,29686,0.4860986511781812,92.83800379837261,4.326
2026-07-29T11:50:15.412463+00:00,1,LEFT,741.72,101.72,267.7,30834,0.49616658002138136,94.76083656888395,4.503
2026-07-29T11:50:15.462498+00:00,1,LEFT,751.72,111.72,267.7,30888,0.49616658002138136,94.76083656888395,4.797
2026-07-29T11:50:15.479135+00:00,1,LEFT,729.72,89.72,267.7,29168,0.39768206683918833,75.95168005975,4.56
2026-07-29T11:50:15.529328+00:00,1,LEFT,732.72,92.72,267.7,29068,0.47746304631233216,91.18872475718665,4.475
2026-07-29T11:50:15.562490+00:00,1,LEFT,763.72,123.72,267.7,29712,0.1990105300396681,38.00821149978157,5.005
2026-07-29T11:50:15.579115+00:00,1,LEFT,735.72,95.72,267.7,29381,0.1990105300396681,38.00821149978157,4.798
2026-07-29T11:50:15.595878+00:00,1,LEFT,809.72,169.72,267.7,31552,0.5575065905228257,106.4759156256203,6.061
2026-07-29T11:50:15.662494+00:00,1,BOTH,661.5,21.5,264.1,27250,0.42113648779690266,80.43114449908407,4.04
2026-07-29T11:50:15.695779+00:00,1,LEFT,738.08,98.08,264.1,26176,0.42113648779690266,80.43114449908407,4.263
2026-07-29T11:50:15.729345+00:00,1,LEFT,681.08,41.08,264.1,23479,0.704879787787795,134.62212301439254,3.328
2026-07-29T11:50:15.779164+00:00,1,LEFT,737.08,97.08,264.1,26290,0.3201041044294834,61.13538062874787,3.817
2026-07-29T11:50:15.812402+00:00,1,BOTH,572.5,-67.5,233.8,7136,0.3201041044294834,61.13538062874787,1.025
2026-07-29T11:50:15.829273+00:00,1,LEFT,680.76,40.76,233.8,19413,0.4095309573505074,78.21465145378731,1.379
2026-07-29T11:50:15.895867+00:00,1,LEFT,826.76,186.76,233.8,11766,0.5472797356545925,104.52273022014505,4.329
2026-07-29T11:50:15.929233+00:00,1,LEFT,848.76,208.76,233.8,10566,0.5068681110814214,96.80467844911213,6.512
2026-07-29T11:50:15.962450+00:00,1,LEFT,977.76,337.76,233.8,2242,0.483222488486208,92.28869718689579,10.24
2026-07-29T11:50:15.995823+00:00,1,NONE,0.0,0.0,233.8,0,0.38312707778066396,73.17188191337489,12.477
2026-07-29T11:50:16.029352+00:00,1,NONE,0.0,0.0,233.8,0,0.4419047694094479,84.39759411287737,13.819
2026-07-29T11:50:16.079234+00:00,1,NONE,0.0,0.0,233.8,0,0.3241088582761586,61.90023227342543,14.625
2026-07-29T11:50:16.112483+00:00,0,NONE,0.0,0.0,233.8,0,1.2077736784517765,230.66778127425792,10.625
2026-07-29T11:50:16.162511+00:00,0,NONE,0.0,0.0,233.8,0,0.6211443043127656,118.62982368570374,6.625
2026-07-29T11:50:16.179253+00:00,0,NONE,0.0,0.0,233.8,0,0.44972417745739224,85.89099104433684,3.975
2026-07-29T11:50:16.212459+00:00,0,NONE,0.0,0.0,233.8,0,0.4955987208383158,94.65238345372595,2.385
2026-07-29T11:50:16.245849+00:00,0,NONE,0.0,0.0,233.8,0,0.4955987208383158,94.65238345372595,1.431
2026-07-29T11:50:16.262480+00:00,0,NONE,0.0,0.0,233.8,0,0.4395531207509339,83.94846230277587,0.859
2026-07-29T11:50:16.312500+00:00,0,NONE,0.0,0.0,233.8,0,0.337247172370553,64.40946543184559,0.515
2026-07-29T11:50:16.329234+00:00,0,NONE,0.0,0.0,233.8,0,0.38810949043137954,74.12345263563685,0.309
2026-07-29T11:50:16.345906+00:00,0,NONE,0.0,0.0,233.8,0,0.38810949043137954,74.12345263563685,0.185
2026-07-29T11:50:16.379230+00:00,0,NONE,0.0,0.0,233.8,0,0.4216474504396319,80.52873117547485,0.111
2026-07-29T11:50:16.429328+00:00,0,NONE,0.0,0.0,233.8,0,0.45802872337400913,87.47704248365268,0.067
2026-07-29T11:50:16.446157+00:00,0,NONE,0.0,0.0,233.8,0,0.47979590758681295,91.63426844124419,0.04
2026-07-29T11:50:16.479692+00:00,0,NONE,0.0,0.0,233.8,0,0.4079000616632402,77.90317332143232,0.024
2026-07-29T11:50:16.512677+00:00,0,NONE,0.0,0.0,233.8,0,0.34365224063396455,65.63274336180115,0.014
2026-07-29T11:50:16.529118+00:00,0,NONE,0.0,0.0,233.8,0,0.34429486472159626,65.75547552191695,0.009
2026-07-29T11:50:16.562652+00:00,0,NONE,0.0,0.0,233.8,0,0.46854079347103833,89.48469998533751,0.005
2026-07-29T11:50:16.595695+00:00,0,NONE,0.0,0.0,233.8,0,0.17784656349569558,33.9661916306959,0.003
2026-07-29T11:50:16.645855+00:00,0,NONE,0.0,0.0,233.8,0,0.5108436938747764,97.56395883299237,0.002
2026-07-29T11:50:16.662686+00:00,0,NONE,0.0,0.0,233.8,0,0.5108436938747764,97.56395883299237,0.001
2026-07-29T11:50:16.712606+00:00,0,NONE,0.0,0.0,233.8,0,0.38739381536841394,73.98676876693456,0.001
2026-07-29T11:50:16.745711+00:00,0,NONE,0.0,0.0,233.8,0,0.25862792297732085,49.39429483611671,0.0
2026-07-29T11:50:16.779250+00:00,0,NONE,0.0,0.0,233.8,0,0.4285881887562573,81.85431454963276,0.0
2026-07-29T11:50:16.812556+00:00,0,NONE,0.0,0.0,233.8,0,0.24040438532829284,45.91385551915983,0.0
2026-07-29T11:50:16.845734+00:00,0,NONE,0.0,0.0,233.8,0,0.22675598323345184,43.30720272872016,0.0
2026-07-29T11:50:16.895854+00:00,0,NONE,0.0,0.0,233.8,0,0.3558036107942462,67.95348411341897,0.0
2026-07-29T11:50:16.929175+00:00,0,NONE,0.0,0.0,233.8,0,0.3024448757711798,57.76271639015697,0.0
2026-07-29T11:50:16.945822+00:00,0,NONE,0.0,0.0,233.8,0,0.12186902496963739,23.275269280448892,0.0
2026-07-29T11:50:16.995792+00:00,0,NONE,0.0,0.0,233.8,0,0.08005167612805962,15.2887439502866,0.0
2026-07-29T11:50:17.012606+00:00,0,NONE,0.0,0.0,233.8,0,0.13554991250857712,25.888126333696782,0.0
2026-07-29T11:50:17.062561+00:00,0,NONE,0.0,0.0,233.8,0,0.12064875267446042,23.042214439214284,0.0
2026-07-29T11:50:17.079189+00:00,0,NONE,0.0,0.0,233.8,0,0.0357297794893384,6.823885225573947,0.0
2026-07-29T11:50:17.112642+00:00,0,NONE,0.0,0.0,233.8,0,-0.010193826109170915,-1.9468773771525285,0.0
2026-07-29T11:50:17.145865+00:00,0,NONE,0.0,0.0,233.8,0,-0.010193826109170915,-1.9468773771525285,0.0
2026-07-29T11:50:17.162517+00:00,0,NONE,0.0,0.0,233.8,0,-0.03074106592684984,-5.871111117806388,0.0
2026-07-29T11:50:17.212580+00:00,0,NONE,0.0,0.0,233.8,0,0.09018541119992733,17.224144784692335,0.0
2026-07-29T11:50:17.229171+00:00,0,NONE,0.0,0.0,233.8,0,-0.03485029516275972,-6.655916092037734,0.0
2026-07-29T11:50:17.295939+00:00,0,NONE,0.0,0.0,233.8,0,0.021158406857866793,4.040958047254749,0.0
2026-07-29T11:50:17.312447+00:00,0,NONE,0.0,0.0,233.8,0,0.0007600795553298666,0.14516450204860565,0.0
2026-07-29T11:50:17.345944+00:00,0,NONE,0.0,0.0,233.8,0,-0.07730395916849375,-14.76396866668779,0.0
2026-07-29T11:50:17.395836+00:00,0,NONE,0.0,0.0,233.8,0,0.04884872388094664,9.329419043260526,0.0
2026-07-29T11:50:17.445995+00:00,0,NONE,0.0,0.0,233.8,0,0.05865521715022624,11.202321297104424,0.0
2026-07-29T11:50:17.479164+00:00,0,NONE,0.0,0.0,233.8,0,0.05865521715022624,11.202321297104424,0.0
2026-07-29T11:50:17.495915+00:00,0,NONE,0.0,0.0,233.8,0,0.0,0.0,0.0
2026-07-29T11:50:17.545538+00:00,0,NONE,0.0,0.0,233.8,0,-0.036603273924265524,-6.990710374072243,0.0
2026-07-29T11:50:17.562666+00:00,0,NONE,0.0,0.0,233.8,0,-0.27459315830375997,-52.44343017991047,0.0
2026-07-29T11:50:17.579188+00:00,0,NONE,0.0,0.0,233.8,0,0.06657529348507524,12.714944455132057,0.0
2026-07-29T11:50:17.645935+00:00,0,NONE,0.0,0.0,233.8,0,-0.1787201108597219,-34.13302688790752,0.0
2026-07-29T11:50:17.662510+00:00,0,NONE,0.0,0.0,233.8,0,-0.011288350438699126,-2.1559161260070376,0.0
2026-07-29T11:50:17.712581+00:00,0,NONE,0.0,0.0,233.8,0,-4.7430922277271696e-05,-0.009058638883002344,0.0
2026-07-29T11:50:17.729245+00:00,0,NONE,0.0,0.0,233.8,0,0.06109967803582549,11.669178936869923,0.0
2026-07-29T11:50:17.746196+00:00,0,NONE,0.0,0.0,233.8,0,0.0011711525917053223,0.22367366890174356,0.0
2026-07-29T11:50:17.812440+00:00,0,NONE,0.0,0.0,233.8,0,-0.4519368660170585,-86.31358343048937,0.0
2026-07-29T11:50:17.829351+00:00,0,NONE,0.0,0.0,233.8,0,-0.4519368660170585,-86.31358343048937,0.0
2026-07-29T11:50:17.845946+00:00,0,NONE,0.0,0.0,233.8,0,-0.014028142048045993,-2.679177779210141,0.0
2026-07-29T11:50:17.912525+00:00,0,NONE,0.0,0.0,233.8,0,-0.10545524876564741,-20.140468939245935,0.0
2026-07-29T11:50:17.929154+00:00,0,NONE,0.0,0.0,233.8,0,-0.07525535649154336,-14.372714375726256,0.0
2026-07-29T11:50:17.945916+00:00,0,NONE,0.0,0.0,233.8,0,-0.07525535649154336,-14.372714375726256,0.0
2026-07-29T11:50:17.979299+00:00,0,NONE,0.0,0.0,233.8,0,-0.026225673740846105,-5.008734734125171,0.0
2026-07-29T11:50:18.029128+00:00,0,NONE,0.0,0.0,233.8,0,-0.029693873608484862,-5.671112117203609,0.0
2026-07-29T11:50:18.047158+00:00,0,NONE,0.0,0.0,233.8,0,-0.011155003984458744,-2.1304488292036767,0.0
2026-07-29T11:50:18.062582+00:00,0,NONE,0.0,0.0,233.8,0,0.00035579071613028645,0.06795102141400852,0.0
2026-07-29T11:50:18.129344+00:00,0,NONE,0.0,0.0,233.8,0,-0.001994349588640034,-0.38089271434241945,0.0
2026-07-29T11:50:18.179260+00:00,0,NONE,0.0,0.0,233.8,0,-0.09045318106887862,-17.275285062597938,0.0
2026-07-29T11:50:18.229262+00:00,0,NONE,0.0,0.0,233.8,0,0.14331124796532094,27.370432217218987,0.0
2026-07-29T11:50:18.245799+00:00,0,NONE,0.0,0.0,233.8,0,-0.03446091079505095,-6.581549155777459,0.0
2026-07-29T11:50:18.295794+00:00,0,NONE,0.0,0.0,233.8,0,0.02354387823725119,4.496549521214671,0.0
2026-07-29T11:50:18.329369+00:00,0,NONE,0.0,0.0,233.8,0,-0.02796512901353708,-5.340946220048406,0.0
2026-07-29T11:50:18.362503+00:00,0,NONE,0.0,0.0,233.8,0,-0.02796512901353708,-5.340946220048406,0.0
2026-07-29T11:50:18.379291+00:00,0,NONE,0.0,0.0,233.8,0,-0.09292420396581293,-17.74721567284636,0.0
2026-07-29T11:50:18.429287+00:00,0,NONE,0.0,0.0,233.8,0,0.11626186370383948,22.204380361850717,0.0
2026-07-29T11:50:18.462519+00:00,0,NONE,0.0,0.0,233.8,0,-0.042692591082304714,-8.153684284979718,0.0
2026-07-29T11:50:18.479298+00:00,0,NONE,0.0,0.0,233.8,0,-0.053056670376099645,-10.133077625224306,0.0
2026-07-29T11:50:18.495874+00:00,0,NONE,0.0,0.0,233.8,0,-0.053056670376099645,-10.133077625224306,0.0
2026-07-29T11:50:18.545914+00:00,0,NONE,0.0,0.0,233.8,0,0.025039037065580486,4.782103823097985,0.0
2026-07-29T11:50:18.579246+00:00,0,NONE,0.0,0.0,233.8,0,0.00017176985973492266,0.03280562670121735,0.0
2026-07-29T11:50:18.612519+00:00,0,NONE,0.0,0.0,233.8,0,-0.009360782545991242,-1.787777776083412,0.0
2026-07-29T11:50:18.629241+00:00,0,NONE,0.0,0.0,233.8,0,-0.11025237252004444,-21.056652089008942,0.0
2026-07-29T11:50:18.679290+00:00,0,NONE,0.0,0.0,233.8,0,0.054553941489430144,10.419035343826613,0.0
2026-07-29T11:50:18.695861+00:00,0,NONE,0.0,0.0,233.8,0,-0.036717773755663076,-7.012578231052374,0.0
2026-07-29T11:50:18.762664+00:00,0,NONE,0.0,0.0,233.8,0,-0.01132161488290876,-2.162269166877239,0.0
2026-07-29T11:50:18.779105+00:00,0,NONE,0.0,0.0,233.8,0,0.03793991505284794,7.245990025376829,0.0
2026-07-29T11:50:18.829128+00:00,0,NONE,0.0,0.0,233.8,0,0.006152825829922222,1.1751031737787379,0.0
2026-07-29T11:50:18.845861+00:00,0,NONE,0.0,0.0,233.8,0,0.03620126042515039,6.9139314513836325,0.0
2026-07-29T11:50:18.879244+00:00,0,NONE,0.0,0.0,233.8,0,1.6278969123959538e-05,0.003109054085422202,0.0
2026-07-29T11:50:18.895896+00:00,0,NONE,0.0,0.0,233.8,0,-0.15877193286796681,-30.323205528229785,0.0
2026-07-29T11:50:18.945747+00:00,0,NONE,0.0,0.0,233.8,0,-0.04302469557733275,-8.217111571387818,0.0
2026-07-29T11:50:18.979131+00:00,0,NONE,0.0,0.0,233.8,0,-0.06463675987441092,-12.344711807347649,0.0
2026-07-29T11:50:19.013012+00:00,0,NONE,0.0,0.0,233.8,0,-0.06463675987441092,-12.344711807347649,0.0
2026-07-29T11:50:19.045876+00:00,0,NONE,0.0,0.0,233.8,0,0.034249879361807414,6.541245120879287,0.0
2026-07-29T11:50:19.079227+00:00,0,NONE,0.0,0.0,233.8,0,0.1596946779638529,30.499436860098676,0.0
2026-07-29T11:50:19.112425+00:00,0,NONE,0.0,0.0,233.8,0,-2.5933257475116986e-05,-0.004952887341167655,0.0
2026-07-29T11:50:19.145837+00:00,0,NONE,0.0,0.0,233.8,0,0.07704088872531428,14.713725912991723,0.0
2026-07-29T11:50:19.195830+00:00,0,NONE,0.0,0.0,233.8,0,-0.07240522667299956,-13.828379676836434,0.0
2026-07-29T11:50:19.212633+00:00,0,NONE,0.0,0.0,233.8,0,-0.07240522667299956,-13.828379676836434,0.0
2026-07-29T11:50:19.245839+00:00,0,NONE,0.0,0.0,233.8,0,0.03200582821620628,6.112662922031147,0.0
2026-07-29T11:50:19.279354+00:00,0,NONE,0.0,0.0,233.8,0,0.08082781580276788,15.436975709198066,0.0
2026-07-29T11:50:19.312543+00:00,0,NONE,0.0,0.0,233.8,0,-0.07310736145824194,-13.962477542982143,0.0
2026-07-29T11:50:19.345829+00:00,0,NONE,0.0,0.0,233.8,0,0.16240200553322212,31.01649833837957,0.0
2026-07-29T11:50:19.379325+00:00,0,NONE,0.0,0.0,233.8,0,0.16240200553322212,31.01649833837957,0.0
2026-07-29T11:50:19.395826+00:00,0,NONE,0.0,0.0,233.8,0,-0.05305990514010773,-10.133695419642253,0.0
2026-07-29T11:50:19.446103+00:00,0,NONE,0.0,0.0,233.8,0,-0.05820998784853146,-11.117288764095534,0.0
2026-07-29T11:50:19.462597+00:00,0,NONE,0.0,0.0,233.8,0,0.05560526882763952,10.61982407504701,0.0
2026-07-29T11:50:19.529211+00:00,0,NONE,0.0,0.0,233.8,0,-6.367944530211389e-05,-0.012161878191817677,0.0
2026-07-29T11:50:19.546084+00:00,0,NONE,0.0,0.0,233.8,0,0.04753906617639586,9.079292846335356,0.0
2026-07-29T11:50:19.578984+00:00,0,NONE,0.0,0.0,233.8,0,0.11363161904504522,21.702040635064925,0.0
2026-07-29T11:50:19.595942+00:00,0,NONE,0.0,0.0,233.8,0,-0.07134889124892652,-13.626634471671274,0.0
2026-07-29T11:50:19.612477+00:00,0,NONE,0.0,0.0,233.8,0,-0.018979439260438085,-3.624805890493329,0.0
2026-07-29T11:50:19.662852+00:00,0,NONE,0.0,0.0,233.8,0,-0.0023752191360108554,-0.4536334397071062,0.0
2026-07-29T11:50:19.695973+00:00,0,NONE,0.0,0.0,233.8,0,-0.0023752191360108554,-0.4536334397071062,0.0
2026-07-29T11:50:19.729068+00:00,0,NONE,0.0,0.0,233.8,0,0.04347496486618183,8.303106671039183,0.0
2026-07-29T11:50:19.745975+00:00,0,NONE,0.0,0.0,233.8,0,-0.02101157991332002,-4.01291616645031,0.0
2026-07-29T11:50:19.779190+00:00,0,NONE,0.0,0.0,233.8,0,-0.16938899375498295,-32.35091479376127,0.0
2026-07-29T11:50:19.846844+00:00,0,NONE,0.0,0.0,233.8,0,0.06187895284499973,11.81800946235841,0.0
2026-07-29T11:50:19.862531+00:00,0,NONE,0.0,0.0,233.8,0,-0.03229662425583228,-6.168200874596776,0.0
2026-07-29T11:50:19.895957+00:00,0,NONE,0.0,0.0,233.8,0,-0.00011750278354156762,-0.022441378593236992,0.0
2026-07-29T11:50:19.979231+00:00,0,NONE,0.0,0.0,233.8,0,0.0031241481559118258,0.5966683463577558,0.0
2026-07-29T11:50:19.995970+00:00,0,NONE,0.0,0.0,233.8,0,-0.06222719104029238,-11.884518058543481,0.0
2026-07-29T11:50:20.012557+00:00,0,NONE,0.0,0.0,233.8,0,-0.1356162717938423,-25.90080002362078,0.0
2026-07-29T11:50:20.129187+00:00,0,NONE,0.0,0.0,233.8,0,0.04770503105595708,9.11098980348954,0.0
2026-07-29T11:50:20.146013+00:00,0,NONE,0.0,0.0,233.8,0,-0.09320309654343874,-17.8004802316313,0.0
2026-07-29T11:50:20.229218+00:00,0,NONE,0.0,0.0,233.8,0,0.10708231742028147,20.451216162207807,0.0
2026-07-29T11:50:20.262518+00:00,0,NONE,0.0,0.0,233.8,0,0.07217195625882596,13.783828309445045,0.0
2026-07-29T11:50:20.362562+00:00,0,NONE,0.0,0.0,233.8,0,-0.02302510856767185,-4.39747181252703,0.0
2026-07-29T11:50:20.412428+00:00,0,NONE,0.0,0.0,233.8,0,0.10074252129532396,19.240404292429606,0.0
2026-07-29T11:50:20.429367+00:00,0,NONE,0.0,0.0,233.8,0,0.03535695326398127,6.752680661558091,0.0
2026-07-29T11:50:20.462377+00:00,0,NONE,0.0,0.0,233.8,0,-5.7791476137936115e-05,-0.011037358915115819,0.0
2026-07-29T11:50:20.495955+00:00,0,NONE,0.0,0.0,233.8,0,1.8257760093547407e-05,0.0034869753224088186,0.0
2026-07-29T11:50:20.512527+00:00,0,NONE,0.0,0.0,233.8,0,0.04770187895745039,9.110387797019396,0.0
2026-07-29T11:50:20.562523+00:00,0,NONE,0.0,0.0,233.8,0,0.04770187895745039,9.110387797019396,0.0
2026-07-29T11:50:20.612602+00:00,0,NONE,0.0,0.0,233.8,0,0.04770187895745039,9.110387797019396,0.0
2026-07-29T11:50:20.645876+00:00,0,NONE,0.0,0.0,233.8,0,-0.02278726024323987,-4.35204612867966,0.0
2026-07-29T11:50:20.679377+00:00,0,NONE,0.0,0.0,233.8,0,0.05079302377998829,9.700752971003187,0.0
2026-07-29T11:50:20.779242+00:00,0,NONE,0.0,0.0,233.8,0,0.05079302377998829,9.700752971003187,0.0
2026-07-29T11:50:20.662562+00:00,0,NONE,0.0,0.0,233.8,0,0.05079302377998829,9.700752971003187,0.0
2026-07-29T11:50:20.862548+00:00,0,NONE,0.0,0.0,233.8,0,0.02530326764244819,4.832568146007406,0.0
2026-07-29T11:50:20.912539+00:00,0,NONE,0.0,0.0,233.8,0,-0.021750487620010972,-4.1540371432605845,0.0
2026-07-29T11:50:20.945930+00:00,0,NONE,0.0,0.0,233.8,0,1.1292709823464973e-05,0.0021567487071682263,0.0
2026-07-29T11:50:20.979307+00:00,0,NONE,0.0,0.0,233.8,0,-0.013853044868446886,-2.645736681224564,0.0
2026-07-29T11:50:20.795889+00:00,0,NONE,0.0,0.0,233.8,0,0.0234927790844813,4.486790301913308,0.0
2026-07-29T11:50:21.029260+00:00,0,NONE,0.0,0.0,233.8,0,-0.027773154713213444,-5.304281829436668,0.0
2026-07-29T11:50:21.162668+00:00,0,NONE,0.0,0.0,233.8,0,0.06034038022626191,11.52416373726485,0.0
2026-07-29T11:50:21.245906+00:00,0,NONE,0.0,0.0,233.8,0,-0.015071473615244031,-2.878439430654199,0.0
2026-07-29T11:50:21.262687+00:00,0,NONE,0.0,0.0,233.8,0,0.032617724342271684,6.229526473777655,0.0
2026-07-29T11:50:21.279137+00:00,0,NONE,0.0,0.0,233.8,0,-5.630502593703568e-05,-0.010753467838555925,0.0
2026-07-29T11:50:21.079340+00:00,0,NONE,0.0,0.0,233.8,0,-0.024416242782026528,-4.663158876589598,0.0
2026-07-29T11:50:21.329161+00:00,0,NONE,0.0,0.0,233.8,0,-7.765256705170031e-05,-0.014830547868063539,0.0
2026-07-29T11:50:21.362641+00:00,0,NONE,0.0,0.0,233.8,0,-7.765256705170031e-05,-0.014830547868063539,0.0
2026-07-29T11:50:21.345904+00:00,0,NONE,0.0,0.0,233.8,0,-0.006978145831380971,-1.332727683216462,0.0
2026-07-29T11:50:21.312625+00:00,0,NONE,0.0,0.0,233.8,0,-0.01096551534254104,-2.0942591643785096,0.0
2026-07-29T11:50:21.479267+00:00,0,NONE,0.0,0.0,233.8,0,0.002675471338443458,0.5109773863367588,0.0
2026-07-29T11:50:21.529263+00:00,0,NONE,0.0,0.0,233.8,0,0.072703395615099,13.885325750050361,0.0
2026-07-29T11:50:21.595864+00:00,0,NONE,0.0,0.0,233.8,0,0.0339260335220024,6.479395121433631,0.0
2026-07-29T11:50:21.629319+00:00,0,NONE,0.0,0.0,233.8,0,0.0339260335220024,6.479395121433631,0.0
2026-07-29T11:50:21.645850+00:00,0,NONE,0.0,0.0,233.8,0,6.710453890264034e-06,0.0012816022884309121,0.0
2026-07-29T11:50:21.662640+00:00,0,NONE,0.0,0.0,233.8,0,-0.06675059315981344,-12.74842422684044,0.0
2026-07-29T11:50:21.695889+00:00,0,NONE,0.0,0.0,233.8,0,8.62715154653415e-06,0.0016476645761205595,0.0
2026-07-29T11:50:21.795857+00:00,0,NONE,0.0,0.0,233.8,0,0.11042835267726332,21.09026182329791,0.0
2026-07-29T11:50:21.862624+00:00,0,NONE,0.0,0.0,233.8,0,3.610906991525553e-05,0.006896324360956516,0.0
2026-07-29T11:50:21.879250+00:00,0,NONE,0.0,0.0,233.8,0,-7.014174945652485e-05,-0.013396087371743033,0.0
2026-07-29T11:50:21.945945+00:00,0,NONE,0.0,0.0,233.8,0,0.04646823483635672,8.874779125153418,0.0
2026-07-29T11:50:21.962478+00:00,0,NONE,0.0,0.0,233.8,0,-0.07231191501952708,-13.810558463758566,0.0
2026-07-29T11:50:21.979229+00:00,0,NONE,0.0,0.0,233.8,0,4.8957086619338945e-05,0.009350114801815057,0.0
2026-07-29T11:50:21.995968+00:00,0,NONE,0.0,0.0,233.8,0,0.03186583024042193,6.08592527818842,0.0
2026-07-29T11:50:22.012508+00:00,0,NONE,0.0,0.0,233.8,0,-0.001342604304663837,-0.25641853404444803,0.0
2026-07-29T11:50:22.029249+00:00,0,NONE,0.0,0.0,233.8,0,-2.41941161948489e-05,-0.004620735823379856,0.0
2026-07-29T11:50:22.062676+00:00,0,NONE,0.0,0.0,233.8,0,-0.05853419381950516,-11.17920754352798,0.0
2026-07-29T11:50:22.162601+00:00,0,NONE,0.0,0.0,233.8,0,9.393144166097044e-05,0.017939583902509725,0.0
2026-07-29T11:50:22.179603+00:00,0,NONE,0.0,0.0,233.8,0,-8.510096959071234e-06,-0.0016253087966729926,0.0
2026-07-29T11:50:22.212585+00:00,0,NONE,0.0,0.0,233.8,0,-1.3225327857071534e-05,-0.002525851562956654,0.0
2026-07-29T11:50:22.245960+00:00,0,NONE,0.0,0.0,233.8,0,5.954119187663308e-05,0.011371530005698993,0.0
2026-07-29T11:50:22.262489+00:00,0,NONE,0.0,0.0,233.8,0,5.954119187663308e-05,0.011371530005698993,0.0
2026-07-29T11:50:22.295936+00:00,0,NONE,0.0,0.0,233.8,0,5.954119187663308e-05,0.011371530005698993,0.0
2026-07-29T11:50:22.379255+00:00,0,NONE,0.0,0.0,233.8,0,5.954119187663308e-05,0.011371530005698993,0.0
2026-07-29T11:50:22.412582+00:00,0,NONE,0.0,0.0,233.8,0,5.954119187663308e-05,0.011371530005698993,0.0
2026-07-29T11:50:22.545962+00:00,0,NONE,0.0,0.0,233.8,0,-0.014685951098799705,-2.80481005365579,0.0
2026-07-29T11:50:22.612669+00:00,0,NONE,0.0,0.0,233.8,0,-0.20561068073060595,-39.268747428918545,0.0
2026-07-29T11:50:22.629185+00:00,0,NONE,0.0,0.0,233.8,0,0.06684221085626632,12.765921917958641,0.0
2026-07-29T11:50:22.695942+00:00,0,NONE,0.0,0.0,233.8,0,0.04557119635399431,8.703457394819464,0.0
2026-07-29T11:50:22.729299+00:00,0,NONE,0.0,0.0,233.8,0,0.04862224802549463,9.286165340997142,0.0
2026-07-29T11:50:22.762662+00:00,0,NONE,0.0,0.0,233.8,0,-0.09544191567227245,-18.228063188882395,0.0
2026-07-29T11:50:22.862595+00:00,0,NONE,0.0,0.0,233.8,0,-0.09544191567227245,-18.228063188882395,0.0
2026-07-29T11:50:22.879292+00:00,0,NONE,0.0,0.0,233.8,0,0.04385434568859637,8.375563070881032,0.0
2026-07-29T11:50:22.929273+00:00,0,NONE,0.0,0.0,233.8,0,0.0,0.0,0.0
2026-07-29T11:50:22.945786+00:00,0,NONE,0.0,0.0,233.8,0,0.0,0.0,0.0
2026-07-29T11:50:23.012691+00:00,0,NONE,0.0,0.0,233.8,0,0.0038288010866381226,0.731247142864893,0.0
2026-07-29T11:50:23.029287+00:00,0,NONE,0.0,0.0,233.8,0,-0.024684662027284504,-4.714423176234162,0.0
2026-07-29T11:50:23.062580+00:00,0,NONE,0.0,0.0,233.8,0,-0.5279486149922014,-100.83075812943453,0.0
2026-07-29T11:50:23.079278+00:00,0,NONE,0.0,0.0,233.8,0,-0.054797591641545296,-10.465569095139672,0.0
2026-07-29T11:50:23.162605+00:00,0,NONE,0.0,0.0,233.8,0,-0.21618970999494194,-41.28919318955801,0.0
2026-07-29T11:50:23.195919+00:00,0,NONE,0.0,0.0,233.8,0,0.46323744201101363,88.47183446555765,0.0
2026-07-29T11:50:23.212568+00:00,0,NONE,0.0,0.0,233.8,0,-0.3655550644407049,-69.81587457361742,0.0
2026-07-29T11:50:23.296009+00:00,0,NONE,0.0,0.0,233.8,0,-0.020819374974817038,-3.9762077271910026,0.0
2026-07-29T11:50:23.312552+00:00,0,NONE,0.0,0.0,233.8,0,-0.39965388259850443,-76.32826912970398,0.0
2026-07-29T11:50:23.397688+00:00,0,NONE,0.0,0.0,233.8,0,-0.2643439295701683,-50.48597168091375,0.0
2026-07-29T11:50:23.445981+00:00,0,NONE,0.0,0.0,233.8,0,-0.10748014054261149,-20.527194781881896,0.0
2026-07-29T11:50:23.462652+00:00,0,NONE,0.0,0.0,233.8,0,-0.6533625136036426,-124.78304840515852,0.0
2026-07-29T11:50:23.479188+00:00,0,NONE,0.0,0.0,233.8,0,-0.6533625136036426,-124.78304840515852,0.0
2026-07-29T11:50:23.529154+00:00,0,NONE,0.0,0.0,233.8,0,-6.928547169081866e-05,-0.013232550364856844,0.0
2026-07-29T11:50:23.545896+00:00,0,NONE,0.0,0.0,233.8,0,0.00022153719328343868,0.04231048726771668,0.0
2026-07-29T11:50:23.595777+00:00,0,NONE,0.0,0.0,233.8,0,1.413949213422602,270.0444079165253,0.0
2026-07-29T11:50:23.645937+00:00,0,NONE,0.0,0.0,233.8,0,-0.00641044968739152,-1.2243057062283067,0.0
2026-07-29T11:50:23.662652+00:00,0,NONE,0.0,0.0,233.8,0,-0.24517260991968215,-46.82451933535016,0.0
2026-07-29T11:50:23.679245+00:00,0,NONE,0.0,0.0,233.8,0,-0.06256395067553967,-11.948834411243595,0.0
2026-07-29T11:50:23.779144+00:00,0,NONE,0.0,0.0,233.8,0,0.030772750421892852,5.8771624106129465,0.0
2026-07-29T11:50:23.845778+00:00,0,NONE,0.0,0.0,233.8,0,-0.02842688674107194,-5.429135449866071,0.0
2026-07-29T11:50:23.862686+00:00,0,NONE,0.0,0.0,233.8,0,-0.05864200424868613,-11.19979781879319,0.0
2026-07-29T11:50:23.912663+00:00,0,NONE,0.0,0.0,233.8,0,0.017959426275920124,3.4299977602885887,0.0
2026-07-29T11:50:23.947380+00:00,0,NONE,0.0,0.0,233.8,0,0.1362019847938791,26.012662966647625,0.0
2026-07-29T11:50:24.029325+00:00,0,NONE,0.0,0.0,233.8,0,0.03917075791279785,7.481063695773301,0.0
2026-07-29T11:50:23.929258+00:00,0,NONE,0.0,0.0,233.8,0,0.03917075791279785,7.481063695773301,0.0
2026-07-29T11:50:24.179253+00:00,0,NONE,0.0,0.0,233.8,0,0.027489609625190495,5.250128706618734,0.0
2026-07-29T11:50:24.195984+00:00,0,NONE,0.0,0.0,233.8,0,0.05957093057222664,11.377209678184776,0.0
2026-07-29T11:50:24.262442+00:00,0,NONE,0.0,0.0,233.8,0,0.05957093057222664,11.377209678184776,0.0
2026-07-29T11:50:24.279272+00:00,0,NONE,0.0,0.0,233.8,0,0.00011278549209237099,0.02154044229066326,0.0
2026-07-29T11:50:24.329248+00:00,0,NONE,0.0,0.0,233.8,0,0.004098516814410686,0.7827590524304507,0.0
2026-07-29T11:50:24.346077+00:00,0,NONE,0.0,0.0,233.8,0,-0.025887254737317563,-4.94410146542781,0.0
2026-07-29T11:50:24.396000+00:00,0,NONE,0.0,0.0,233.8,0,0.06852701537776738,13.087695879247207,0.0
2026-07-29T11:50:24.429119+00:00,0,NONE,0.0,0.0,233.8,0,0.06852701537776738,13.087695879247207,0.0
2026-07-29T11:50:24.462482+00:00,0,NONE,0.0,0.0,233.8,0,0.06852701537776738,13.087695879247207,0.0
2026-07-29T11:50:24.512860+00:00,0,NONE,0.0,0.0,233.8,0,0.06852701537776738,13.087695879247207,0.0
2026-07-29T11:50:24.612708+00:00,0,NONE,0.0,0.0,233.8,0,0.39977508858195504,76.35141776738217,0.0
2026-07-29T11:50:24.629297+00:00,0,NONE,0.0,0.0,233.8,0,-0.14602386600337922,-27.888504100591646,0.0
2026-07-29T11:50:24.679260+00:00,0,NONE,0.0,0.0,233.8,0,-9.385984623804688e-05,-0.01792591018395648,0.0
2026-07-29T11:50:24.696031+00:00,0,NONE,0.0,0.0,233.8,0,0.14906387068331242,28.469102226792284,0.0
2026-07-29T11:50:24.712627+00:00,0,NONE,0.0,0.0,233.8,0,-0.17224534263368696,-32.896437245650155,0.0
2026-07-29T11:50:24.829221+00:00,0,NONE,0.0,0.0,233.8,0,0.00012608653167262674,0.02408075372761364,0.0
2026-07-29T11:50:24.846020+00:00,0,NONE,0.0,0.0,233.8,0,-0.17278680184623227,-32.99984833784123,0.0
2026-07-29T11:50:24.862560+00:00,0,NONE,0.0,0.0,233.8,0,-0.08935507494024933,-17.065562240504914,0.0
2026-07-29T11:50:24.879294+00:00,0,NONE,0.0,0.0,233.8,0,-0.08935507494024933,-17.065562240504914,0.0
2026-07-29T11:50:24.929223+00:00,0,NONE,0.0,0.0,233.8,0,0.2899281007167883,55.37218844438609,0.0
2026-07-29T11:50:24.962614+00:00,0,NONE,0.0,0.0,233.8,0,-0.23299347182619384,-44.498475299137205,0.0
2026-07-29T11:50:24.996024+00:00,0,NONE,0.0,0.0,233.8,0,-0.2409631538204849,-46.02057244025148,0.0
2026-07-29T11:50:25.012536+00:00,0,NONE,0.0,0.0,233.8,0,-0.232724231146276,-44.447054117028785,0.0
2026-07-29T11:50:25.045829+00:00,0,NONE,0.0,0.0,233.8,0,-0.1491730032581836,-28.489945013283997,0.0
2026-07-29T11:50:25.079375+00:00,0,NONE,0.0,0.0,233.8,0,4.968689783709123e-05,0.009489498477210086,0.0
2026-07-29T11:50:25.129350+00:00,0,NONE,0.0,0.0,233.8,0,-0.14592609686369543,-27.869831570356624,0.0
2026-07-29T11:50:25.195942+00:00,0,NONE,0.0,0.0,233.8,0,1.1563033510372043,220.83767283755296,0.0
2026-07-29T11:50:25.212590+00:00,0,NONE,0.0,0.0,233.8,0,-0.17954240578226746,-34.29007364983051,0.0
2026-07-29T11:50:25.262597+00:00,0,NONE,0.0,0.0,233.8,0,-7.040634343866259e-05,-0.013446621099946541,0.0
2026-07-29T11:50:25.295866+00:00,0,NONE,0.0,0.0,233.8,0,-0.12626047064317392,-24.11397362396432,0.0
2026-07-29T11:50:25.329072+00:00,0,NONE,0.0,0.0,233.8,0,1.1745613301172834e-06,0.00022432468998330858,0.0
2026-07-29T11:50:25.346117+00:00,0,NONE,0.0,0.0,233.8,0,-0.03211248968727887,-6.133033762461533,0.0
2026-07-29T11:50:25.379344+00:00,0,NONE,0.0,0.0,233.8,0,-0.03341519382316619,-6.381831925596801,0.0
2026-07-29T11:50:25.445875+00:00,0,NONE,0.0,0.0,233.8,0,0.24481809191405773,46.75681138373792,0.0
2026-07-29T11:50:25.545971+00:00,0,NONE,0.0,0.0,233.8,0,4.641602339688688e-05,0.008864807474740338,0.0
2026-07-29T11:50:25.430259+00:00,0,NONE,0.0,0.0,233.8,0,1.1818482162198052e-05,0.0022571638271486534,0.0
2026-07-29T11:50:25.362587+00:00,0,NONE,0.0,0.0,233.8,0,0.012448214082978666,2.37743376476664,0.0
2026-07-29T11:50:25.662621+00:00,0,NONE,0.0,0.0,233.8,0,-7.301952573470772e-05,-0.013945702155485514,0.0
2026-07-29T11:50:25.795920+00:00,0,NONE,0.0,0.0,233.8,0,0.2351889073010534,44.91777258881305,0.0
2026-07-29T11:50:25.812703+00:00,0,NONE,0.0,0.0,233.8,0,-0.03727186236530542,-7.118401360414968,0.0
2026-07-29T11:50:25.845920+00:00,0,NONE,0.0,0.0,233.8,0,-0.013510320628993213,-2.5802811730328092,0.0
2026-07-29T11:50:25.862671+00:00,0,NONE,0.0,0.0,233.8,0,-0.06909294470213354,-13.19578041854344,0.0
2026-07-29T11:50:25.929296+00:00,0,NONE,0.0,0.0,233.8,0,0.09801011819392443,18.718553740300774,0.0
2026-07-29T11:50:25.979218+00:00,0,NONE,0.0,0.0,233.8,0,0.016919770324602724,3.2314380997681034,0.0
2026-07-29T11:50:26.029250+00:00,0,NONE,0.0,0.0,233.8,0,-0.01039730678545311,-1.9857393236973204,0.0
2026-07-29T11:50:26.146000+00:00,0,NONE,0.0,0.0,233.8,0,0.06171991143375635,11.787634790251577,0.0
2026-07-29T11:50:26.162719+00:00,0,NONE,0.0,0.0,233.8,0,-0.012131988416658714,-2.3170391112538216,0.0
2026-07-29T11:50:26.195778+00:00,0,NONE,0.0,0.0,233.8,0,0.014488144570495933,2.767031789549319,0.0
2026-07-29T11:50:26.212686+00:00,0,NONE,0.0,0.0,233.8,0,-0.02132403871510178,-4.072591401829676,0.0
2026-07-29T11:50:26.229342+00:00,0,NONE,0.0,0.0,233.8,0,0.007283057197928429,1.3909614646455812,0.0
2026-07-29T11:50:26.012668+00:00,0,NONE,0.0,0.0,233.8,0,6.65457311697537e-05,0.01270929846879686,0.0
2026-07-29T11:50:26.279904+00:00,0,NONE,0.0,0.0,233.8,0,6.8386468046810475e-06,0.0013060853316295008,0.0
2026-07-29T11:50:26.345941+00:00,0,NONE,0.0,0.0,233.8,0,-0.02764250457752496,-5.2793294915441304,0.0
2026-07-29T11:50:26.362643+00:00,0,NONE,0.0,0.0,233.8,0,0.048668829086236653,9.29506166828301,0.0
2026-07-29T11:50:26.329273+00:00,0,NONE,0.0,0.0,233.8,0,0.02556188566610217,4.881960550212032,0.0
2026-07-29T11:50:26.395885+00:00,0,NONE,0.0,0.0,233.8,0,0.09861752894852543,18.834560649199087,0.0
2026-07-29T11:50:26.479298+00:00,0,NONE,0.0,0.0,233.8,0,-0.049823350086226126,-9.515558937145077,0.0
2026-07-29T11:50:26.495871+00:00,0,NONE,0.0,0.0,233.8,0,0.030009723267285154,5.731434958569956,0.0
2026-07-29T11:50:26.512654+00:00,0,NONE,0.0,0.0,233.8,0,0.06555965433828533,12.520971666400957,0.0
2026-07-29T11:50:26.564013+00:00,0,NONE,0.0,0.0,233.8,0,0.08961071912199259,17.114386682741458,0.0
2026-07-29T11:50:26.646077+00:00,0,NONE,0.0,0.0,233.8,0,5.7191381347365634e-05,0.010922749252424235,0.0
2026-07-29T11:50:26.712547+00:00,0,NONE,0.0,0.0,233.8,0,0.031134523516520858,5.946255982158185,0.0
2026-07-29T11:50:26.746705+00:00,0,NONE,0.0,0.0,233.8,0,0.031134523516520858,5.946255982158185,0.0
2026-07-29T11:50:26.795947+00:00,0,NONE,0.0,0.0,233.8,0,0.031134523516520858,5.946255982158185,0.0
2026-07-29T11:50:26.829202+00:00,0,NONE,0.0,0.0,233.8,0,0.031134523516520858,5.946255982158185,0.0
2026-07-29T11:50:26.912514+00:00,0,NONE,0.0,0.0,233.8,0,0.03136121934745461,5.989551696643903,0.0
2026-07-29T11:50:26.946024+00:00,0,NONE,0.0,0.0,233.8,0,0.034204772161319855,6.5326302801673295,0.0
2026-07-29T11:50:26.862521+00:00,0,NONE,0.0,0.0,233.8,0,-0.046445647049695254,-8.870465175672605,0.0
2026-07-29T11:50:26.846058+00:00,0,NONE,0.0,0.0,233.8,0,-3.245066036470234e-05,-0.00619761960436635,0.0
2026-07-29T11:50:27.012643+00:00,0,NONE,0.0,0.0,233.8,0,0.022713971994817256,4.338049104271254,0.0
2026-07-29T11:50:27.079247+00:00,0,NONE,0.0,0.0,233.8,0,0.0824634189531207,15.749352900776458,0.0
2026-07-29T11:50:27.129211+00:00,0,NONE,0.0,0.0,233.8,0,-0.10308335662790341,-19.687470909402624,0.0
2026-07-29T11:50:27.146014+00:00,0,NONE,0.0,0.0,233.8,0,-0.10308335662790341,-19.687470909402624,0.0
2026-07-29T11:50:27.179264+00:00,0,NONE,0.0,0.0,233.8,0,6.444131227908656e-05,0.012307384066254094,0.0
2026-07-29T11:50:27.112681+00:00,0,NONE,0.0,0.0,233.8,0,-0.00012788164895027876,-0.02442359587341522,0.0
2026-07-29T11:50:27.280255+00:00,0,NONE,0.0,0.0,233.8,0,-9.729252895340323e-05,-0.018581504290614566,0.0
2026-07-29T11:50:27.296075+00:00,0,NONE,0.0,0.0,233.8,0,-4.428602856933139e-05,-0.008458008428061586,0.0
2026-07-29T11:50:27.329365+00:00,0,NONE,0.0,0.0,233.8,0,-4.428602856933139e-05,-0.008458008428061586,0.0
2026-07-29T11:50:27.395924+00:00,0,NONE,0.0,0.0,233.8,0,-5.817205077619292e-05,-0.011110043316988597,0.0
2026-07-29T11:50:27.446086+00:00,0,NONE,0.0,0.0,233.8,0,-5.817205077619292e-05,-0.011110043316988597,0.0
2026-07-29T11:50:27.479354+00:00,0,NONE,0.0,0.0,233.8,0,-0.12233614356373437,-23.3644823603617,0.0
2026-07-29T11:50:27.579350+00:00,0,NONE,0.0,0.0,233.8,0,-0.00012421322870068252,-0.02372297921414125,0.0
2026-07-29T11:50:27.629383+00:00,0,NONE,0.0,0.0,233.8,0,-0.17641743643209337,-33.69324846692146,0.0
2026-07-29T11:50:27.662440+00:00,0,NONE,0.0,0.0,233.8,0,0.004443678455427289,0.8486800700306538,0.0
2026-07-29T11:50:27.762596+00:00,0,NONE,0.0,0.0,233.8,0,-9.760202374309301e-05,-0.018640613441382944,0.0
2026-07-29T11:50:27.829264+00:00,0,NONE,0.0,0.0,233.8,0,-9.760202374309301e-05,-0.018640613441382944,0.0
2026-07-29T11:50:27.845994+00:00,0,NONE,0.0,0.0,233.8,0,-0.10280646759085357,-19.634588998681302,0.0
2026-07-29T11:50:27.879340+00:00,0,NONE,0.0,0.0,233.8,0,-2.8855117270722983e-05,-0.005510921456558259,0.0
2026-07-29T11:50:27.912606+00:00,0,NONE,0.0,0.0,233.8,0,-2.8855117270722983e-05,-0.005510921456558259,0.0
2026-07-29T11:50:27.930039+00:00,0,NONE,0.0,0.0,233.8,0,1.2359200045466427e-05,0.0023604333358770713,0.0
2026-07-29T11:50:27.945967+00:00,0,NONE,0.0,0.0,233.8,0,-0.05967248946428299,-11.39660599780762,0.0
2026-07-29T11:50:27.962570+00:00,0,NONE,0.0,0.0,233.8,0,-0.05967248946428299,-11.39660599780762,0.0
2026-07-29T11:50:28.062609+00:00,0,NONE,0.0,0.0,233.8,0,1.3975079054944219e-05,0.002669043494033263,0.0
2026-07-29T11:50:28.079373+00:00,0,NONE,0.0,0.0,233.8,0,5.611273285467177e-05,0.010716742565059214,0.0
2026-07-29T11:50:28.129346+00:00,0,NONE,0.0,0.0,233.8,0,-7.026500359643251e-05,-0.013419627178490445,0.0
2026-07-29T11:50:28.229176+00:00,0,NONE,0.0,0.0,233.8,0,0.003718772567808628,0.7102332436815405,0.0
2026-07-29T11:50:28.262686+00:00,0,NONE,0.0,0.0,233.8,0,-0.02275196589063853,-4.345305403863984,0.0
2026-07-29T11:50:28.312699+00:00,0,NONE,0.0,0.0,233.8,0,-5.483243556227535e-05,-0.010472223793804742,0.0
2026-07-29T11:50:28.329215+00:00,0,NONE,0.0,0.0,233.8,0,-0.03205157806631178,-6.121400499779151,0.0
2026-07-29T11:50:28.362718+00:00,0,NONE,0.0,0.0,233.8,0,-0.072140036621131,-13.77773210770002,0.0
2026-07-29T11:50:28.395811+00:00,0,NONE,0.0,0.0,233.8,0,0.03652989513706416,6.976696058030821,0.0
2026-07-29T11:50:28.412674+00:00,0,NONE,0.0,0.0,233.8,0,6.873160164104774e-06,0.001312676897735493,0.0
2026-07-29T11:50:28.479229+00:00,0,NONE,0.0,0.0,233.8,0,-1.5723829128546638e-05,-0.0030030301561686317,0.0
2026-07-29T11:50:28.495893+00:00,0,NONE,0.0,0.0,233.8,0,0.1904642692039488,36.37599591143269,0.0
2026-07-29T11:50:28.512730+00:00,0,NONE,0.0,0.0,233.8,0,0.1263922738377005,24.139146179873368,0.0
2026-07-29T11:50:28.563529+00:00,0,NONE,0.0,0.0,233.8,0,0.021100121187628246,4.029826304218883,0.0
2026-07-29T11:50:28.595927+00:00,0,NONE,0.0,0.0,233.8,0,-4.0553621875005765e-06,-0.0007745171258024141,0.0
2026-07-29T11:50:28.612806+00:00,0,NONE,0.0,0.0,233.8,0,-4.0553621875005765e-06,-0.0007745171258024141,0.0
2026-07-29T11:50:28.679389+00:00,0,NONE,0.0,0.0,233.8,0,-0.20608864937443286,-39.36003271568812,0.0
2026-07-29T11:50:28.695933+00:00,0,NONE,0.0,0.0,233.8,0,-3.3624579082243144e-05,-0.006421821564388011,0.0
2026-07-29T11:50:28.729292+00:00,0,NONE,0.0,0.0,233.8,0,-3.3624579082243144e-05,-0.006421821564388011,0.0
2026-07-29T11:50:28.762631+00:00,0,NONE,0.0,0.0,233.8,0,-0.19861682096496225,-37.933018605326076,0.0
2026-07-29T11:50:28.779293+00:00,0,NONE,0.0,0.0,233.8,0,3.325232391944155e-05,0.0063507260652863875,0.0
2026-07-29T11:50:28.795993+00:00,0,NONE,0.0,0.0,233.8,0,0.16052494121715427,30.658005461095236,0.0
2026-07-29T11:50:28.812667+00:00,0,NONE,0.0,0.0,233.8,0,-3.7520449259318406e-05,-0.007165877959979001,0.0
2026-07-29T11:50:28.862688+00:00,0,NONE,0.0,0.0,233.8,0,5.599111318588257e-05,0.010693514919301213,0.0
2026-07-29T11:50:28.946021+00:00,0,NONE,0.0,0.0,233.8,0,-2.1814314459334126e-05,-0.004166227171636839,0.0
2026-07-29T11:50:28.979192+00:00,0,NONE,0.0,0.0,233.8,0,-0.598589051514864,-114.32208771513574,0.0
2026-07-29T11:50:29.079285+00:00,0,NONE,0.0,0.0,233.8,0,0.3049581032525748,58.24270748229106,0.0
2026-07-29T11:50:29.096083+00:00,0,NONE,0.0,0.0,233.8,0,0.027470585736446083,5.24649541150213,0.0
2026-07-29T11:50:29.179390+00:00,0,NONE,0.0,0.0,233.8,0,0.10141790837282315,19.36939372269087,0.0
2026-07-29T11:50:29.229267+00:00,0,NONE,0.0,0.0,233.8,0,-0.015483843656256794,-2.957196307146426,0.0
2026-07-29T11:50:29.329262+00:00,0,NONE,0.0,0.0,233.8,0,1.5752739273011684e-05,0.0030085515870451676,0.0
2026-07-29T11:50:29.346028+00:00,0,NONE,0.0,0.0,233.8,0,-0.497537493519485,-95.02266176061346,0.0
2026-07-29T11:50:29.362644+00:00,0,NONE,0.0,0.0,233.8,0,-3.0674478330183776e-05,-0.005858393823616771,0.0
2026-07-29T11:50:29.396062+00:00,0,NONE,0.0,0.0,233.8,0,6.361864594509825e-05,0.01215026636997066,0.0
2026-07-29T11:50:29.445999+00:00,0,NONE,0.0,0.0,233.8,0,-0.0735392288863659,-14.044958146117716,0.0
2026-07-29T11:50:29.479300+00:00,0,NONE,0.0,0.0,233.8,0,0.09698514950228855,18.522799139754834,0.0
2026-07-29T11:50:29.496783+00:00,0,NONE,0.0,0.0,233.8,0,-3.085362142883241e-05,-0.0058926076352216455,0.0
2026-07-29T11:50:29.546106+00:00,0,NONE,0.0,0.0,233.8,0,0.11004242711700499,21.016555470601162,0.0
2026-07-29T11:50:29.662627+00:00,0,NONE,0.0,0.0,233.8,0,-0.16828046640730462,-32.139201665438605,0.0
2026-07-29T11:50:29.696026+00:00,0,NONE,0.0,0.0,233.8,0,0.13758233955595642,26.276291306973675,0.0
2026-07-29T11:50:29.712680+00:00,0,NONE,0.0,0.0,233.8,0,0.07102802537148818,13.56535360311468,0.0
2026-07-29T11:50:29.746080+00:00,0,NONE,0.0,0.0,233.8,0,0.07102802537148818,13.56535360311468,0.0
2026-07-29T11:50:29.762662+00:00,0,NONE,0.0,0.0,233.8,0,-0.051284057064913215,-9.794533420425331,0.0
2026-07-29T11:50:29.812504+00:00,0,NONE,0.0,0.0,233.8,0,-0.15803254194557667,-30.181992264018984,0.0
2026-07-29T11:50:29.895859+00:00,0,NONE,0.0,0.0,233.8,0,5.101456685224548e-05,0.009743064581072183,0.0
2026-07-29T11:50:29.995893+00:00,0,NONE,0.0,0.0,233.8,0,-0.1500640707090497,-28.66012636060436,0.0
2026-07-29T11:50:30.012592+00:00,0,NONE,0.0,0.0,233.8,0,-0.24729900235310198,-47.230630375428525,0.0
2026-07-29T11:50:30.046053+00:00,0,NONE,0.0,0.0,233.8,0,-0.1431738429836696,-27.344189798776675,0.0
2026-07-29T11:50:30.112608+00:00,0,NONE,0.0,0.0,233.8,0,-0.1431738429836696,-27.344189798776675,0.0
2026-07-29T11:50:30.129368+00:00,0,NONE,0.0,0.0,233.8,0,-0.16726849399507046,-31.945929171422975,0.0
2026-07-29T11:50:30.146018+00:00,0,NONE,0.0,0.0,233.8,0,-0.0506418743217364,-9.671885550891448,0.0
2026-07-29T11:50:30.195943+00:00,0,NONE,0.0,0.0,233.8,0,-1.0092798038385807e-05,-0.0019275824369247435,0.0
2026-07-29T11:50:30.329411+00:00,0,NONE,0.0,0.0,233.8,0,-0.15272062737261877,-29.167491310137233,0.0
2026-07-29T11:50:30.379346+00:00,0,NONE,0.0,0.0,233.8,0,3.488350863335654e-05,0.006662259397665,0.0
2026-07-29T11:50:30.395967+00:00,0,NONE,0.0,0.0,233.8,0,-2.0580037526087834e-05,-0.003930497641552296,0.0
2026-07-29T11:50:30.545888+00:00,0,NONE,0.0,0.0,233.8,0,-0.16162556836381556,-30.868209762165968,0.0
2026-07-29T11:50:30.579224+00:00,0,NONE,0.0,0.0,233.8,0,0.008758991800714284,1.6728442099020717,0.0
2026-07-29T11:50:30.645991+00:00,0,NONE,0.0,0.0,233.8,0,0.08156030271202326,15.576870404027783,0.0
2026-07-29T11:50:30.712781+00:00,0,NONE,0.0,0.0,233.8,0,-2.9708606198255436e-05,-0.0056739258345874476,0.0
2026-07-29T11:50:30.729234+00:00,0,NONE,0.0,0.0,233.8,0,-4.457930044736714e-06,-0.0008514019230932666,0.0
2026-07-29T11:50:30.779163+00:00,0,NONE,0.0,0.0,233.8,0,0.07869691959582269,15.030004511736747,0.0
2026-07-29T11:50:30.862804+00:00,0,NONE,0.0,0.0,233.8,0,0.07869691959582269,15.030004511736747,0.0
2026-07-29T11:50:30.879194+00:00,0,NONE,0.0,0.0,233.8,0,0.14659344724525,27.99728610475503,0.0
2026-07-29T11:50:30.979319+00:00,0,NONE,0.0,0.0,233.8,0,0.2466537838894874,47.107402725998426,0.0
2026-07-29T11:50:31.012680+00:00,0,NONE,0.0,0.0,233.8,0,0.29371398798190057,56.09523965106362,0.0
2026-07-29T11:50:31.045988+00:00,0,NONE,0.0,0.0,233.8,0,-5.516278240975225e-05,-0.01053531539425767,0.0
2026-07-29T11:50:31.079326+00:00,0,NONE,0.0,0.0,233.8,0,-1.6623261908534916e-05,-0.003174809163665455,0.0
2026-07-29T11:50:31.145925+00:00,0,NONE,0.0,0.0,233.8,0,-0.7550534041598439,-144.20457788448215,0.0
2026-07-29T11:50:31.179353+00:00,0,NONE,0.0,0.0,233.8,0,-0.1596051349467598,-30.482335403550998,0.0
2026-07-29T11:50:31.279240+00:00,0,NONE,0.0,0.0,233.8,0,0.3429988531838171,65.50795555086694,0.0
2026-07-29T11:50:31.329338+00:00,0,NONE,0.0,0.0,233.8,0,-1.2138113379478455e-05,-0.00231820889298464,0.0
2026-07-29T11:50:31.379337+00:00,0,NONE,0.0,0.0,233.8,0,4.690579589805566e-06,0.0008958347132202127,0.0
2026-07-29T11:50:31.462570+00:00,0,NONE,0.0,0.0,233.8,0,-0.7251098330505192,-138.48577705743494,0.0
2026-07-29T11:50:31.496092+00:00,0,NONE,0.0,0.0,233.8,0,-5.2180139027768746e-06,-0.0009965672468990065,0.0
2026-07-29T11:50:31.579293+00:00,0,NONE,0.0,0.0,233.8,0,0.25118679872713984,47.97314478822397,0.0
2026-07-29T11:50:31.562731+00:00,0,NONE,0.0,0.0,233.8,0,0.13865960649156478,26.482034136371514,0.0
2026-07-29T11:50:31.729452+00:00,0,NONE,0.0,0.0,233.8,0,0.14797807857394218,28.261731209140542,0.0
2026-07-29T11:50:31.762591+00:00,0,NONE,0.0,0.0,233.8,0,0.24859181560575963,47.47753951901474,0.0
2026-07-29T11:50:31.829284+00:00,0,NONE,0.0,0.0,233.8,0,-7.15880311327055e-05,-0.01367230682518389,0.0
2026-07-29T11:50:31.862712+00:00,0,NONE,0.0,0.0,233.8,0,0.21249264845158905,40.583106446110534,0.0
2026-07-29T11:50:31.879229+00:00,0,NONE,0.0,0.0,233.8,0,0.13143996946280823,25.103185031824445,0.0
2026-07-29T11:50:31.812767+00:00,0,NONE,0.0,0.0,233.8,0,-0.08360888324910774,-15.968120466586397,0.0
2026-07-29T11:50:31.779308+00:00,0,NONE,0.0,0.0,233.8,0,0.1348160372301936,25.74796647989557,0.0
2026-07-29T11:50:31.979283+00:00,0,NONE,0.0,0.0,233.8,0,0.002585028014145792,0.4937039837787945,0.0
2026-07-29T11:50:32.012649+00:00,0,NONE,0.0,0.0,233.8,0,-0.034663196252658963,-6.620182832370165,0.0
2026-07-29T11:50:32.046079+00:00,0,NONE,0.0,0.0,233.8,0,-0.03187741841655225,-6.088138456803492,0.0
2026-07-29T11:50:32.112690+00:00,0,NONE,0.0,0.0,233.8,0,-0.19189560022205115,-36.64935999951078,0.0
2026-07-29T11:50:32.196027+00:00,0,NONE,0.0,0.0,233.8,0,-0.23261111908126622,-44.42545130390522,0.0
2026-07-29T11:50:32.162633+00:00,0,NONE,0.0,0.0,233.8,0,-0.20258504138560965,-38.69089287959516,0.0
2026-07-29T11:50:32.096060+00:00,0,NONE,0.0,0.0,233.8,0,-0.14851070947013795,-28.36345621710817,0.0
2026-07-29T11:50:32.062622+00:00,0,NONE,0.0,0.0,233.8,0,6.858491570255864e-05,0.013098754026723792,0.0
2026-07-29T11:50:32.312581+00:00,0,NONE,0.0,0.0,233.8,0,6.56237272778526e-05,0.012533208696461628,0.0
2026-07-29T11:50:32.346405+00:00,0,NONE,0.0,0.0,233.8,0,-0.15358973090536893,-29.333477858092213,0.0
2026-07-29T11:50:32.379466+00:00,0,NONE,0.0,0.0,233.8,0,0.0007444520760327578,0.14217987335476429,0.0
2026-07-29T11:50:32.462656+00:00,0,NONE,0.0,0.0,233.8,0,-3.8288530195131895e-05,-0.0073125706131342404,0.0
2026-07-29T11:50:32.429391+00:00,0,NONE,0.0,0.0,233.8,0,-3.8288530195131895e-05,-0.0073125706131342404,0.0
2026-07-29T11:50:32.412668+00:00,0,NONE,0.0,0.0,233.8,0,0.011827472659060732,2.2588808855685105,0.0
2026-07-29T11:50:32.512653+00:00,0,NONE,0.0,0.0,233.8,0,-0.07468997590243816,-14.264734637145095,0.0
2026-07-29T11:50:32.595986+00:00,0,NONE,0.0,0.0,233.8,0,1.3138222857378424e-05,0.0025092157334336423,0.0
2026-07-29T11:50:32.612672+00:00,0,NONE,0.0,0.0,233.8,0,-2.0471567077038343e-05,-0.003909781311777547,0.0
2026-07-29T11:50:32.629419+00:00,0,NONE,0.0,0.0,233.8,0,-0.011665027234703302,-2.227856094845536,0.0
2026-07-29T11:50:32.729391+00:00,0,NONE,0.0,0.0,233.8,0,0.04525067826500163,8.642242948963199,0.0
2026-07-29T11:50:32.779423+00:00,0,NONE,0.0,0.0,233.8,0,1.652352075325325e-06,0.00031557600061941275,0.0
2026-07-29T11:50:32.812867+00:00,0,NONE,0.0,0.0,233.8,0,1.652352075325325e-06,0.00031557600061941275,0.0
2026-07-29T11:50:32.696046+00:00,0,NONE,0.0,0.0,233.8,0,-2.0275989227229728e-05,-0.0038724286939099566,0.0
2026-07-29T11:50:32.929231+00:00,0,NONE,0.0,0.0,233.8,0,-0.5975641419366002,-114.12634440441227,0.0
2026-07-29T11:50:32.862743+00:00,0,NONE,0.0,0.0,233.8,0,-0.05616732057649642,-10.727168051971836,0.0
2026-07-29T11:50:32.679432+00:00,0,NONE,0.0,0.0,233.8,0,4.90357750095427e-05,0.009365143177332903,0.0
2026-07-29T11:50:33.112744+00:00,0,NONE,0.0,0.0,233.8,0,4.90357750095427e-05,0.009365143177332903,0.0
2026-07-29T11:50:33.129283+00:00,0,NONE,0.0,0.0,233.8,0,0.10974153543822468,20.959089392985437,0.0
2026-07-29T11:50:33.179362+00:00,0,NONE,0.0,0.0,233.8,0,-0.30213617893867195,-57.70375963798445,0.0
2026-07-29T11:50:33.196097+00:00,0,NONE,0.0,0.0,233.8,0,0.12179205681663006,23.26056944603477,0.0
2026-07-29T11:50:33.312750+00:00,0,NONE,0.0,0.0,233.8,0,-6.946297022295767e-05,-0.013266450087394618,0.0
2026-07-29T11:50:33.329345+00:00,0,NONE,0.0,0.0,233.8,0,-9.575686999596655e-07,-0.0001828821503383929,0.0
2026-07-29T11:50:33.346019+00:00,0,NONE,0.0,0.0,233.8,0,0.0752190336433705,14.365777222725592,0.0
2026-07-29T11:50:33.462674+00:00,0,NONE,0.0,0.0,233.8,0,-0.19351142417617667,-36.95795964286922,0.0
2026-07-29T11:50:33.479509+00:00,0,NONE,0.0,0.0,233.8,0,-0.19351142417617667,-36.95795964286922,0.0
2026-07-29T11:50:33.512705+00:00,0,NONE,0.0,0.0,233.8,0,-6.188967323396355e-05,-0.01182005690583296,0.0
2026-07-29T11:50:33.579315+00:00,0,NONE,0.0,0.0,233.8,0,-1.1525938462000341e-05,-0.002201292096000422,0.0
2026-07-29T11:50:33.646175+00:00,0,NONE,0.0,0.0,233.8,0,0.0380245147133246,7.262147370355337,0.0
2026-07-29T11:50:33.696113+00:00,0,NONE,0.0,0.0,233.8,0,0.0380245147133246,7.262147370355337,0.0
2026-07-29T11:50:33.729306+00:00,0,NONE,0.0,0.0,233.8,0,0.06620966450776905,12.645114464240958,0.0
2026-07-29T11:50:33.779355+00:00,0,NONE,0.0,0.0,233.8,0,0.0111888050660491,2.1369043602640256,0.0
2026-07-29T11:50:33.812598+00:00,0,NONE,0.0,0.0,233.8,0,3.320630377857014e-05,0.0063419368658046244,0.0
2026-07-29T11:50:33.829317+00:00,0,NONE,0.0,0.0,233.8,0,-0.6008807411044836,-114.7597681866,0.0
2026-07-29T11:50:33.962616+00:00,0,NONE,0.0,0.0,233.8,0,-0.6008807411044836,-114.7597681866,0.0
2026-07-29T11:50:33.979374+00:00,0,NONE,0.0,0.0,233.8,0,-3.1699240425950845e-05,-0.006054108967258218,0.0
2026-07-29T11:50:34.029341+00:00,0,NONE,0.0,0.0,233.8,0,6.03776442585513e-05,0.01153128064319092,0.0
2026-07-29T11:50:34.129345+00:00,0,NONE,0.0,0.0,233.8,0,-0.41628143228590486,-79.50389719881105,0.0
2026-07-29T11:50:34.146137+00:00,0,NONE,0.0,0.0,233.8,0,0.0008075356530025602,0.1542279490779588,0.0
2026-07-29T11:50:34.196066+00:00,0,NONE,0.0,0.0,233.8,0,-0.06434639778919518,-12.289256733969383,0.0
2026-07-29T11:50:34.229301+00:00,0,NONE,0.0,0.0,233.8,0,-0.06434639778919518,-12.289256733969383,0.0
2026-07-29T11:50:34.296062+00:00,0,NONE,0.0,0.0,233.8,0,4.8389879520982507e-05,0.009241786225662772,0.0
2026-07-29T11:50:34.312659+00:00,0,NONE,0.0,0.0,233.8,0,-0.0639918661559932,-12.221546179681537,0.0
2026-07-29T11:50:34.362712+00:00,0,NONE,0.0,0.0,233.8,0,-2.105501160258427e-05,-0.0040212110080901945,0.0
2026-07-29T11:50:34.379437+00:00,0,NONE,0.0,0.0,233.8,0,8.59555962961167e-06,0.0016416309644326063,0.0
2026-07-29T11:50:34.262731+00:00,0,NONE,0.0,0.0,233.8,0,-4.515709078987129e-05,-0.00862436905782902,0.0
2026-07-29T11:50:34.429460+00:00,0,NONE,0.0,0.0,233.8,0,0.10313404304441065,19.697151301884315,0.0
2026-07-29T11:50:34.496047+00:00,0,NONE,0.0,0.0,233.8,0,0.10313404304441065,19.697151301884315,0.0
2026-07-29T11:50:34.529405+00:00,0,NONE,0.0,0.0,233.8,0,0.10313404304441065,19.697151301884315,0.0
2026-07-29T11:50:34.562600+00:00,0,NONE,0.0,0.0,233.8,0,0.10313404304441065,19.697151301884315,0.0
2026-07-29T11:50:34.629412+00:00,0,NONE,0.0,0.0,233.8,0,0.10313404304441065,19.697151301884315,0.0
2026-07-29T11:50:34.679427+00:00,0,NONE,0.0,0.0,233.8,0,0.10313404304441065,19.697151301884315,0.0
2026-07-29T11:50:34.712650+00:00,0,NONE,0.0,0.0,233.8,0,-2.4269717250717804e-05,-0.004635174561473259,0.0
2026-07-29T11:50:34.812641+00:00,0,NONE,0.0,0.0,233.8,0,-3.4924596548080444e-08,-6.670106611340577e-06,0.0
2026-07-29T11:50:34.846036+00:00,0,NONE,0.0,0.0,233.8,0,-3.4924596548080444e-08,-6.670106611340577e-06,0.0
2026-07-29T11:50:34.862636+00:00,0,NONE,0.0,0.0,233.8,0,0.049501181041123346,9.454029181897914,0.0
2026-07-29T11:50:34.879555+00:00,0,NONE,0.0,0.0,233.8,0,-0.005720816887915135,-1.0925955434823444,0.0
2026-07-29T11:50:34.912674+00:00,0,NONE,0.0,0.0,233.8,0,-0.005720816887915135,-1.0925955434823444,0.0
2026-07-29T11:50:34.962760+00:00,0,NONE,0.0,0.0,233.8,0,-0.005720816887915135,-1.0925955434823444,0.0
2026-07-29T11:50:35.029482+00:00,0,NONE,0.0,0.0,233.8,0,0.01652202323981328,3.1554740021945458,0.0
2026-07-29T11:50:35.096101+00:00,0,NONE,0.0,0.0,233.8,0,-0.12576184940291568,-24.018743981823068,0.0
2026-07-29T11:50:35.129381+00:00,0,NONE,0.0,0.0,233.8,0,0.08101427374029299,15.472586552121076,0.0
2026-07-29T11:50:35.195908+00:00,0,NONE,0.0,0.0,233.8,0,0.0031571208685636522,0.6029656706045798,0.0
2026-07-29T11:50:35.229253+00:00,0,NONE,0.0,0.0,233.8,0,-0.05857285455156671,-11.186591199461354,0.0
2026-07-29T11:50:35.329303+00:00,0,NONE,0.0,0.0,233.8,0,0.124729510206962,23.821581718642822,0.0
2026-07-29T11:50:35.345985+00:00,0,NONE,0.0,0.0,233.8,0,0.124729510206962,23.821581718642822,0.0
2026-07-29T11:50:35.446075+00:00,0,NONE,0.0,0.0,233.8,0,-0.10333808197174221,-19.736119866525897,0.0
2026-07-29T11:50:35.546018+00:00,0,NONE,0.0,0.0,233.8,0,-0.04427395761013031,-8.455703044671932,0.0
2026-07-29T11:50:35.562747+00:00,0,NONE,0.0,0.0,233.8,0,0.02775736413896084,5.301266051900794,0.0
2026-07-29T11:50:35.612784+00:00,0,NONE,0.0,0.0,233.8,0,-0.15849706619977952,-30.270709861509935,0.0
2026-07-29T11:50:35.648080+00:00,0,NONE,0.0,0.0,233.8,0,-0.05657725845929235,-10.805460420460955,0.0
2026-07-29T11:50:35.662735+00:00,0,NONE,0.0,0.0,233.8,0,-0.05657725845929235,-10.805460420460955,0.0
2026-07-29T11:50:35.679360+00:00,0,NONE,0.0,0.0,233.8,0,0.046408470796886835,8.863365034392492,0.0
2026-07-29T11:50:35.696038+00:00,0,NONE,0.0,0.0,233.8,0,0.05276424490963109,10.077228475054998,0.0
2026-07-29T11:50:35.712738+00:00,0,NONE,0.0,0.0,233.8,0,0.007335029393434524,1.4008874228273416,0.0
2026-07-29T11:50:35.746004+00:00,0,NONE,0.0,0.0,233.8,0,0.16182444555684924,30.90619250817343,0.0
2026-07-29T11:50:35.896247+00:00,0,NONE,0.0,0.0,233.8,0,0.16182444555684924,30.90619250817343,0.0
2026-07-29T11:50:35.912721+00:00,0,NONE,0.0,0.0,233.8,0,0.2956044586841017,56.456292959494476,0.0
2026-07-29T11:50:35.996115+00:00,0,NONE,0.0,0.0,233.8,0,-0.20342663864139468,-38.85162611561607,0.0
2026-07-29T11:50:36.079453+00:00,0,NONE,0.0,0.0,233.8,0,0.09897850137669593,18.903501304714954,0.0
2026-07-29T11:50:36.096144+00:00,0,NONE,0.0,0.0,233.8,0,-0.11472381737665273,-21.91063515103939,0.0
2026-07-29T11:50:36.112617+00:00,0,NONE,0.0,0.0,233.8,0,0.017234667940065264,3.2915791142505606,0.0
2026-07-29T11:50:36.179247+00:00,0,NONE,0.0,0.0,233.8,0,0.07703357692807913,14.712329462584293,0.0
2026-07-29T11:50:36.212594+00:00,0,NONE,0.0,0.0,233.8,0,-0.7656851273961365,-146.2350874524513,0.0
2026-07-29T11:50:36.295837+00:00,0,NONE,0.0,0.0,233.8,0,0.033074483973905444,6.316761137592871,0.0
2026-07-29T11:50:36.446148+00:00,0,NONE,0.0,0.0,233.8,0,0.4869462359882891,92.99988057303455,0.0
2026-07-29T11:50:36.462684+00:00,0,NONE,0.0,0.0,233.8,0,0.09685374903958291,18.497703499957836,0.0
2026-07-29T11:50:36.496091+00:00,0,NONE,0.0,0.0,233.8,0,0.3350089698750526,63.982000242886166,0.0
2026-07-29T11:50:36.512687+00:00,0,NONE,0.0,0.0,233.8,0,0.09236523428000509,17.64046032660455,0.0
2026-07-29T11:50:36.562706+00:00,0,NONE,0.0,0.0,233.8,0,0.22572022592648863,43.10938765442407,0.0
2026-07-29T11:50:36.596066+00:00,0,NONE,0.0,0.0,233.8,0,-0.3175466303527355,-60.6469390593753,0.0
2026-07-29T11:50:36.612774+00:00,0,NONE,0.0,0.0,233.8,0,-0.3175466303527355,-60.6469390593753,0.0
2026-07-29T11:50:36.646165+00:00,0,NONE,0.0,0.0,233.8,0,0.08021010776981712,15.319002165000043,0.0
2026-07-29T11:50:36.695942+00:00,0,NONE,0.0,0.0,233.8,0,0.5327188455685973,101.74180506054034,0.0
2026-07-29T11:50:36.797349+00:00,0,NONE,0.0,0.0,233.8,0,0.2930380279570818,55.9661407959247,0.0
2026-07-29T11:50:36.829440+00:00,0,NONE,0.0,0.0,233.8,0,0.40133380264043805,76.64911022411145,0.0
2026-07-29T11:50:36.912729+00:00,0,NONE,0.0,0.0,233.8,0,0.6317002005130052,120.64585135654346,0.0
2026-07-29T11:50:36.945988+00:00,0,NONE,0.0,0.0,233.8,0,0.6317002005130052,120.64585135654346,0.0
2026-07-29T11:50:36.962792+00:00,0,NONE,0.0,0.0,233.8,0,0.4163874767138623,79.52415019268717,0.0
2026-07-29T11:50:37.029441+00:00,0,NONE,0.0,0.0,233.8,0,0.603275072351098,115.21705177055766,0.0
2026-07-29T11:50:37.079351+00:00,0,NONE,0.0,0.0,233.8,0,0.5613937668129801,107.21831161111754,0.0
2026-07-29T11:50:37.146021+00:00,0,NONE,0.0,0.0,233.8,0,0.508113961446943,97.04261834194286,0.0
2026-07-29T11:50:37.212738+00:00,0,NONE,0.0,0.0,233.8,0,0.3251116047799587,62.091742748722915,0.0
2026-07-29T11:50:37.262677+00:00,0,NONE,0.0,0.0,233.8,0,0.6978085941635073,133.2716245117542,0.0
2026-07-29T11:50:37.329408+00:00,0,NONE,0.0,0.0,233.8,0,0.6978085941635073,133.2716245117542,0.0
2026-07-29T11:50:37.346053+00:00,0,NONE,0.0,0.0,233.8,0,0.4177306928858161,79.7806855847761,0.0
2026-07-29T11:50:37.396041+00:00,0,NONE,0.0,0.0,233.8,0,0.7378163384646177,140.91254083272818,0.0
2026-07-29T11:50:37.429480+00:00,0,NONE,0.0,0.0,233.8,0,0.7378163384646177,140.91254083272818,0.0
2026-07-29T11:50:37.462780+00:00,0,NONE,0.0,0.0,233.8,0,0.7378163384646177,140.91254083272818,0.0
2026-07-29T11:50:37.529267+00:00,0,NONE,0.0,0.0,233.8,0,0.3858593894354999,73.69371500049655,0.0
2026-07-29T11:50:37.562850+00:00,0,NONE,0.0,0.0,233.8,0,0.499330880548805,95.36517345332526,0.0
2026-07-29T11:50:37.579270+00:00,0,NONE,0.0,0.0,233.8,0,0.2844945550709963,54.3344576667342,0.0
2026-07-29T11:50:37.596130+00:00,0,NONE,0.0,0.0,233.8,0,0.5425918731093406,103.62741442421041,0.0
2026-07-29T11:50:37.646042+00:00,0,NONE,0.0,0.0,233.8,0,0.26340862065553666,50.307340836415904,0.0
2026-07-29T11:50:37.679436+00:00,0,NONE,0.0,0.0,233.8,0,0.22788864716887475,43.52352560574153,0.0
2026-07-29T11:50:37.779400+00:00,0,NONE,0.0,0.0,233.8,0,0.573233167976141,109.47947067315552,0.0
2026-07-29T11:50:37.812892+00:00,0,NONE,0.0,0.0,233.8,0,0.573233167976141,109.47947067315552,0.0
2026-07-29T11:50:37.845965+00:00,0,NONE,0.0,0.0,233.8,0,0.422014819085598,80.59889341860583,0.0
2026-07-29T11:50:37.879290+00:00,0,NONE,0.0,0.0,233.8,0,0.2748454988747835,52.4916236789757,0.0
2026-07-29T11:50:37.929387+00:00,0,NONE,0.0,0.0,233.8,0,0.2748454988747835,52.4916236789757,0.0
2026-07-29T11:50:37.962774+00:00,0,NONE,0.0,0.0,233.8,0,0.4949439962953329,94.52734027687076,0.0
2026-07-29T11:50:37.745907+00:00,0,NONE,0.0,0.0,233.8,0,0.4949439962953329,94.52734027687076,0.0
2026-07-29T11:50:38.012755+00:00,0,NONE,0.0,0.0,233.8,0,0.4014147019397933,76.66456085217352,0.0
2026-07-29T11:50:38.079431+00:00,0,NONE,0.0,0.0,233.8,0,0.37304602399468423,71.24654246343816,0.0
2026-07-29T11:50:37.979374+00:00,0,NONE,0.0,0.0,233.8,0,0.31126588854938747,59.4474057342312,0.0
2026-07-29T11:50:38.129376+00:00,0,NONE,0.0,0.0,233.8,0,0.5120318857207894,97.79088675975372,0.0
2026-07-29T11:50:38.179404+00:00,0,NONE,0.0,0.0,233.8,0,0.5120318857207894,97.79088675975372,0.0
2026-07-29T11:50:38.196007+00:00,0,NONE,0.0,0.0,233.8,0,0.18874888207763432,36.04838110286971,0.0
2026-07-29T11:50:38.229383+00:00,0,NONE,0.0,0.0,233.8,0,0.4873848743736744,93.08365433375126,0.0
2026-07-29T11:50:38.279384+00:00,0,NONE,0.0,0.0,233.8,0,0.46331194320693614,88.48606314587444,0.0
2026-07-29T11:50:38.312795+00:00,0,NONE,0.0,0.0,233.8,0,0.30598043878446335,58.43795918636932,0.0
2026-07-29T11:50:38.346132+00:00,0,NONE,0.0,0.0,233.8,0,0.5901749737560749,112.71511723489071,0.0
2026-07-29T11:50:38.396131+00:00,0,NONE,0.0,0.0,233.8,0,0.49863061620504595,95.23143281518895,0.0
2026-07-29T11:50:38.462569+00:00,0,NONE,0.0,0.0,233.8,0,0.3561065098689869,68.01133357542248,0.0
2026-07-29T11:50:38.362619+00:00,0,NONE,0.0,0.0,233.8,0,0.3534732111816993,67.50841057215943,0.0
2026-07-29T11:50:38.329392+00:00,0,NONE,0.0,0.0,233.8,0,0.39776353783905505,75.96723987456693,0.0
2026-07-29T11:50:38.529364+00:00,0,NONE,0.0,0.0,233.8,0,0.39776353783905505,75.96723987456693,0.0
2026-07-29T11:50:38.579320+00:00,0,NONE,0.0,0.0,233.8,0,0.24452897172421217,46.70159349490401,0.0
2026-07-29T11:50:38.662599+00:00,0,NONE,0.0,0.0,233.8,0,0.5648870939016342,107.88548793991286,0.0
2026-07-29T11:50:38.646149+00:00,0,NONE,0.0,0.0,233.8,0,0.03281076446175575,6.266394420854782,0.0
2026-07-29T11:50:38.612624+00:00,0,NONE,0.0,0.0,233.8,0,0.5594419428706169,106.84554069695086,0.0
2026-07-29T11:50:38.762768+00:00,0,NONE,0.0,0.0,233.8,0,0.147003537081182,28.075607494155417,0.0
2026-07-29T11:50:38.812718+00:00,0,NONE,0.0,0.0,233.8,0,0.147003537081182,28.075607494155417,0.0
2026-07-29T11:50:38.829345+00:00,0,NONE,0.0,0.0,233.8,0,0.6610121508222073,126.24402149659169,0.0
2026-07-29T11:50:38.962780+00:00,0,NONE,0.0,0.0,233.8,0,0.24654766842722892,47.08713616557012,0.0
2026-07-29T11:50:38.979857+00:00,0,NONE,0.0,0.0,233.8,0,0.24654766842722892,47.08713616557012,0.0
2026-07-29T11:50:39.029515+00:00,0,NONE,0.0,0.0,233.8,0,0.46088019147515297,88.02163277569176,0.0
2026-07-29T11:50:39.062519+00:00,0,NONE,0.0,0.0,233.8,0,0.4873217171430588,93.07159219121789,0.0
2026-07-29T11:50:39.112724+00:00,0,NONE,0.0,0.0,233.8,0,0.6384054712112993,121.92646372822676,0.0
2026-07-29T11:50:39.179345+00:00,0,NONE,0.0,0.0,233.8,0,0.8945259638130665,170.8418746378697,0.0
2026-07-29T11:50:39.229485+00:00,0,NONE,0.0,0.0,233.8,0,0.6667979456204921,127.34902690682658,0.0
2026-07-29T11:50:39.262837+00:00,0,NONE,0.0,0.0,233.8,0,0.6063301339745522,115.80052556114535,0.0
2026-07-29T11:50:39.279434+00:00,0,NONE,0.0,0.0,233.8,0,0.6957271522283555,132.8740983844684,0.0
2026-07-29T11:50:39.346155+00:00,0,NONE,0.0,0.0,233.8,0,0.5545817591063679,105.91731397245262,0.0
2026-07-29T11:50:39.362759+00:00,0,NONE,0.0,0.0,233.8,0,0.7487304402142763,142.99698072416749,0.0
2026-07-29T11:50:39.396132+00:00,0,NONE,0.0,0.0,233.8,0,0.7487304402142763,142.99698072416749,0.0
2026-07-29T11:50:39.412711+00:00,0,NONE,0.0,0.0,233.8,0,0.7487304402142763,142.99698072416749,0.0
2026-07-29T11:50:39.496188+00:00,0,NONE,0.0,0.0,233.8,0,0.7487304402142763,142.99698072416749,0.0
2026-07-29T11:50:39.546106+00:00,0,NONE,0.0,0.0,233.8,0,0.7487304402142763,142.99698072416749,0.0
2026-07-29T11:50:39.612699+00:00,0,NONE,0.0,0.0,233.8,0,0.8496100642532111,162.2635697118256,0.0
2026-07-29T11:50:39.512684+00:00,0,NONE,0.0,0.0,233.8,0,0.8496100642532111,162.2635697118256,0.0
2026-07-29T11:50:39.462616+00:00,0,NONE,0.0,0.0,233.8,0,1.146590005978942,218.98256058157736,0.0
2026-07-29T11:50:39.712699+00:00,0,NONE,0.0,0.0,233.8,0,0.6768234098702669,129.26374953739787,0.0
2026-07-29T11:50:39.812851+00:00,0,NONE,0.0,0.0,233.8,0,0.7746055337786675,147.93875957665327,0.0
2026-07-29T11:50:39.829293+00:00,0,NONE,0.0,0.0,233.8,0,0.998983813226223,190.79185433249293,0.0
2026-07-29T11:50:39.862868+00:00,0,NONE,0.0,0.0,233.8,0,1.140016769170761,217.7271648254146,0.0
2026-07-29T11:50:39.912792+00:00,0,NONE,0.0,0.0,233.8,0,1.140016769170761,217.7271648254146,0.0
2026-07-29T11:50:39.980435+00:00,0,NONE,0.0,0.0,233.8,0,0.033827227503061295,6.460524561847581,0.0
2026-07-29T11:50:39.996040+00:00,0,NONE,0.0,0.0,233.8,0,2.4985649594664574,477.1907567223454,0.0
2026-07-29T11:50:39.896067+00:00,0,NONE,0.0,0.0,233.8,0,2.4985649594664574,477.1907567223454,0.0
2026-07-29T11:50:40.079392+00:00,0,NONE,0.0,0.0,233.8,0,1.5352451281994581,293.2102212128332,0.0
2026-07-29T11:50:40.129290+00:00,0,NONE,0.0,0.0,233.8,0,1.688233234398067,322.4287972157649,0.0
2026-07-29T11:50:40.096076+00:00,0,NONE,0.0,0.0,233.8,0,1.688233234398067,322.4287972157649,0.0
2026-07-29T11:50:40.046084+00:00,0,NONE,0.0,0.0,233.8,0,1.1870958741009234,226.71861154458747,0.0
2026-07-29T11:50:40.262768+00:00,0,NONE,0.0,0.0,233.8,0,1.3011171711981298,248.4950752055114,0.0
2026-07-29T11:50:40.279412+00:00,0,NONE,0.0,0.0,233.8,0,1.3011171711981298,248.4950752055114,0.0
2026-07-29T11:50:40.312783+00:00,0,NONE,0.0,0.0,233.8,0,1.5759283004701137,300.98013477387394,0.0
2026-07-29T11:50:40.412838+00:00,0,NONE,0.0,0.0,233.8,0,1.7199575451016427,328.48769425335354,0.0
2026-07-29T11:50:40.429444+00:00,0,NONE,0.0,0.0,233.8,0,1.37450931571424,262.5119423061359,0.0
2026-07-29T11:50:40.512801+00:00,0,NONE,0.0,0.0,233.8,0,0.7105716498196125,135.70918858770554,0.0
2026-07-29T11:50:40.529400+00:00,0,NONE,0.0,0.0,233.8,0,0.7105716498196125,135.70918858770554,0.0
2026-07-29T11:50:40.562800+00:00,0,NONE,0.0,0.0,233.8,0,1.6209099756926297,309.5710019261351,0.0
2026-07-29T11:50:40.462799+00:00,0,NONE,0.0,0.0,233.8,0,1.3613218373805285,259.9933194696629,0.0
2026-07-29T11:50:40.446027+00:00,0,NONE,0.0,0.0,233.8,0,1.760736358165741,336.27587386043945,0.0
2026-07-29T11:50:40.679450+00:00,1,RIGHT,832.24,192.24,233.8,3180,1.3301917706429958,254.0479146695922,3.604
2026-07-29T11:50:40.696117+00:00,1,RIGHT,842.24,202.24,233.8,1830,1.8114315312169493,345.9579387188381,5.955
2026-07-29T11:50:40.729408+00:00,1,NONE,0.0,0.0,233.8,0,1.776271475329995,339.2428626862828,7.365
2026-07-29T11:50:40.746027+00:00,1,RIGHT,868.24,228.24,233.8,2988,1.9401020468771457,370.53219703584216,8.698
2026-07-29T11:50:40.779273+00:00,1,RIGHT,899.24,259.24,233.8,5094,1.9484478784352541,372.12613345186446,10.08
2026-07-29T11:50:40.829455+00:00,1,RIGHT,927.24,287.24,233.8,5754,2.113424410149455,403.63433007163076,11.433
2026-07-29T11:50:40.929275+00:00,1,RIGHT,932.24,292.24,233.8,7186,1.5725390523672105,300.3328360671437,12.339
2026-07-29T11:50:41.062758+00:00,1,RIGHT,943.24,303.24,233.8,3853,1.5725390523672105,300.3328360671437,13.089
2026-07-29T11:50:41.112810+00:00,1,NONE,0.0,0.0,233.8,0,2.002849483937025,382.51607476515505,13.539
2026-07-29T11:50:41.129431+00:00,1,RIGHT,928.24,288.24,233.8,4765,2.4907248904556036,475.69341383763464,13.528
2026-07-29T11:50:41.196127+00:00,1,NONE,0.0,0.0,233.8,0,1.0687397915124892,204.11426483785718,13.521
2026-07-29T11:50:41.279326+00:00,1,NONE,0.0,0.0,233.8,0,2.0137867757491765,384.6049436322859,13.517
2026-07-29T11:50:41.346108+00:00,1,NONE,0.0,0.0,233.8,0,2.0137867757491765,384.6049436322859,13.515
2026-07-29T11:50:41.379524+00:00,0,NONE,0.0,0.0,233.8,0,1.9788448157906533,377.9315208538243,9.515
2026-07-29T11:50:41.396023+00:00,0,NONE,0.0,0.0,233.8,0,2.2329535749554634,426.4627189786573,5.709
2026-07-29T11:50:41.446511+00:00,0,NONE,0.0,0.0,233.8,0,1.4658027289062738,279.9476998836275,3.425
2026-07-29T11:50:41.495956+00:00,0,NONE,0.0,0.0,233.8,0,1.4658027289062738,279.9476998836275,2.055
2026-07-29T11:50:41.529497+00:00,0,NONE,0.0,0.0,233.8,0,1.3123830461502075,250.64669882976546,1.233
2026-07-29T11:50:41.562729+00:00,0,NONE,0.0,0.0,233.8,0,3.0092725251615047,574.7287169881002,0.74
2026-07-29T11:50:41.595990+00:00,0,NONE,0.0,0.0,233.8,0,2.426960808187723,463.5153711760529,0.444
2026-07-29T11:50:41.629495+00:00,0,NONE,0.0,0.0,233.8,0,2.426960808187723,463.5153711760529,0.266
2026-07-29T11:50:41.662744+00:00,0,NONE,0.0,0.0,233.8,0,2.312825883086771,441.71720616496515,0.16
2026-07-29T11:50:41.862737+00:00,0,NONE,0.0,0.0,233.8,0,2.243211405128241,428.4218202315309,0.096
2026-07-29T11:50:41.879450+00:00,0,NONE,0.0,0.0,233.8,0,1.7007321106642486,324.81590674479304,0.058
2026-07-29T11:50:41.896082+00:00,0,NONE,0.0,0.0,233.8,0,1.847995223030448,352.94108946660646,0.035
2026-07-29T11:50:41.929454+00:00,0,NONE,0.0,0.0,233.8,0,1.3940207040309907,266.2383429827714,0.021
2026-07-29T11:50:42.012716+00:00,0,NONE,0.0,0.0,233.8,0,2.1170940374583007,404.33517726224017,0.012
2026-07-29T11:50:42.046050+00:00,0,NONE,0.0,0.0,233.8,0,2.1170940374583007,404.33517726224017,0.007
2026-07-29T11:50:42.096206+00:00,0,NONE,0.0,0.0,233.8,0,1.4030905535817146,267.97055664968843,0.004
2026-07-29T11:50:42.079457+00:00,0,NONE,0.0,0.0,233.8,0,1.4030905535817146,267.97055664968843,0.003
2026-07-29T11:50:41.996256+00:00,0,NONE,0.0,0.0,233.8,0,1.6358836972899735,312.4307720965741,0.002
2026-07-29T11:50:42.146377+00:00,0,NONE,0.0,0.0,233.8,0,1.6358836972899735,312.4307720965741,0.001
2026-07-29T11:50:42.262941+00:00,0,NONE,0.0,0.0,233.8,0,1.6807537251710891,321.00031617731497,0.001
2026-07-29T11:50:42.296650+00:00,0,NONE,0.0,0.0,233.8,0,1.6807537251710891,321.00031617731497,0.0
2026-07-29T11:50:42.379284+00:00,0,NONE,0.0,0.0,233.8,0,1.765748585909605,337.2331388460454,0.0
2026-07-29T11:50:42.412851+00:00,0,NONE,0.0,0.0,233.8,0,1.9029372798278927,363.4342493741453,0.0
2026-07-29T11:50:42.479305+00:00,0,NONE,0.0,0.0,233.8,0,2.033743170239031,388.4163342275086,0.0
2026-07-29T11:50:42.546060+00:00,0,NONE,0.0,0.0,233.8,0,2.033743170239031,388.4163342275086,0.0
2026-07-29T11:50:42.579311+00:00,1,RIGHT,948.24,308.24,233.8,12685,1.8460740253329277,352.57416773434596,4.0
2026-07-29T11:50:42.679437+00:00,1,RIGHT,890.24,250.24,233.8,9269,1.4687370842695235,280.5081204766468,7.092
2026-07-29T11:50:42.712878+00:00,1,NONE,0.0,0.0,233.8,0,1.4687370842695235,280.5081204766468,8.947
2026-07-29T11:50:42.729473+00:00,1,NONE,0.0,0.0,233.8,0,1.6477538169920445,314.6977979673866,10.06
2026-07-29T11:50:42.796041+00:00,1,NONE,0.0,0.0,233.8,0,1.406166816651821,268.55807961831863,10.728
2026-07-29T11:50:42.829516+00:00,0,NONE,0.0,0.0,233.8,0,1.226736274957657,234.28937043557949,6.728
2026-07-29T11:50:42.845962+00:00,0,NONE,0.0,0.0,233.8,0,3.062419258952141,584.8789954584628,4.037
2026-07-29T11:50:42.946214+00:00,0,NONE,0.0,0.0,233.8,0,1.1459688229113818,218.86392335465672,2.422
2026-07-29T11:50:43.012720+00:00,1,RIGHT,958.24,318.24,233.8,7184,1.1459688229113818,218.86392335465672,6.422
2026-07-29T11:50:43.046151+00:00,1,NONE,0.0,0.0,233.8,0,2.0021078142523767,382.37442628941113,9.82
2026-07-29T11:50:43.112632+00:00,1,RIGHT,927.24,287.24,233.8,9574,2.0021078142523767,382.37442628941113,11.278
2026-07-29T11:50:43.162692+00:00,1,RIGHT,842.24,202.24,233.8,13879,1.7612212885171175,336.3684887354117,10.559
2026-07-29T11:50:43.229289+00:00,1,RIGHT,829.24,189.24,233.8,14131,1.9322072975337505,369.0244109768747,9.883
2026-07-29T11:50:43.262747+00:00,1,RIGHT,756.24,116.24,233.8,2911,2.3826337191462517,455.0495207754631,8.109
2026-07-29T11:50:43.312739+00:00,1,NONE,0.0,0.0,233.8,0,2.3826337191462517,455.0495207754631,7.045
2026-07-29T11:50:43.329387+00:00,1,RIGHT,797.24,157.24,233.8,1461,2.2555632930994034,430.78085706408433,7.175
2026-07-29T11:50:43.446150+00:00,1,RIGHT,743.24,103.24,233.8,11168,2.2555632930994034,430.78085706408433,6.241
2026-07-29T11:50:43.462812+00:00,1,RIGHT,737.24,97.24,233.8,5730,1.71807183817029,328.1275507581366,5.568
2026-07-29T11:50:43.496159+00:00,1,NONE,0.0,0.0,233.8,0,1.3719550032913685,262.0241045681746,5.164
2026-07-29T11:50:43.596126+00:00,1,RIGHT,632.24,-7.76,233.8,3144,1.4835912430286406,283.34505582702906,2.953
2026-07-29T11:50:43.612744+00:00,1,RIGHT,670.24,30.24,233.8,11778,1.4835912430286406,283.34505582702906,2.339
2026-07-29T11:50:43.630747+00:00,1,RIGHT,671.24,31.24,233.8,16920,1.3896494090557099,265.403487139137,1.989
2026-07-29T11:50:43.646098+00:00,1,RIGHT,671.24,31.24,233.8,18930,2.0267754907906057,387.0856054761925,1.779
2026-07-29T11:50:43.712744+00:00,1,RIGHT,633.24,-6.76,233.8,18744,2.0267754907906057,387.0856054761925,0.941
2026-07-29T11:50:43.762939+00:00,1,RIGHT,636.24,-3.76,233.8,18266,1.2916174081373901,246.68075410632923,0.494
2026-07-29T11:50:43.796016+00:00,1,RIGHT,609.24,-30.76,233.8,21531,2.1244218425452708,405.7346849441664,-0.281
2026-07-29T11:50:43.845993+00:00,1,RIGHT,600.24,-39.76,233.8,20648,0.9321333845704793,178.02436293044454,-0.914
2026-07-29T11:50:43.896102+00:00,1,RIGHT,588.24,-51.76,233.8,19190,1.6874619180336594,322.28148664126513,-1.519
2026-07-29T11:50:43.930080+00:00,1,RIGHT,575.24,-64.76,233.8,18858,1.3611033923737705,259.9515995465198,-2.126
2026-07-29T11:50:43.962648+00:00,1,RIGHT,573.24,-66.76,233.8,18486,0.9600614410638809,183.35822882069402,-2.527
2026-07-29T11:50:43.996243+00:00,1,RIGHT,568.24,-71.76,233.8,17663,3.328174705803394,635.6345470824297,-2.862
2026-07-29T11:50:44.129577+00:00,1,RIGHT,552.24,-87.76,233.8,15835,2.9743926775455476,568.0671567932542,-3.363
2026-07-29T11:50:44.162745+00:00,1,RIGHT,525.24,-114.76,233.8,10528,1.5145610204339028,289.25984761963286,-4.169
2026-07-29T11:50:44.179514+00:00,1,RIGHT,524.24,-115.76,233.8,8284,1.0809471763670444,206.4457036080503,-4.672
2026-07-29T11:50:44.212806+00:00,1,RIGHT,538.24,-101.76,233.8,13228,1.4460857847332955,276.18204093027174,-4.711
2026-07-29T11:50:44.262744+00:00,1,RIGHT,526.24,-113.76,233.8,8412,-0.773697894513607,-147.76541324595885,-4.96
2026-07-29T11:50:44.296117+00:00,1,RIGHT,537.24,-102.76,233.8,9363,0.8721681120991707,166.57183949725118,-4.903
2026-07-29T11:50:44.346060+00:00,1,RIGHT,527.24,-112.76,233.8,7820,1.7548850142210721,335.15834948540964,-5.056
2026-07-29T11:50:44.396143+00:00,1,RIGHT,531.24,-108.76,233.8,7921,0.2002845526859164,38.251531901895284,-5.073
2026-07-29T11:50:44.412821+00:00,1,RIGHT,526.24,-113.76,233.8,7964,1.160389241836965,221.6180204988117,-5.177
2026-07-29T11:50:44.479516+00:00,1,RIGHT,531.24,-108.76,233.8,7830,1.652544461110956,315.6127435979293,-5.145
2026-07-29T11:50:44.496159+00:00,1,RIGHT,531.24,-108.76,233.8,7716,1.652544461110956,315.6127435979293,-5.127
2026-07-29T11:50:44.529396+00:00,1,RIGHT,534.24,-105.76,233.8,7805,2.3368123899400235,446.29829152480846,-5.059
2026-07-29T11:50:44.629496+00:00,1,RIGHT,540.24,-99.76,233.8,7644,1.6570985659956932,316.4825135624471,-4.906
2026-07-29T11:50:44.679304+00:00,1,RIGHT,541.24,-98.76,233.8,7767,2.7360658319294453,522.5500821316922,-4.795
2026-07-29T11:50:44.696096+00:00,1,RIGHT,544.24,-95.76,233.8,7793,1.3978441916406155,266.9685753262783,-4.673
2026-07-29T11:50:44.779747+00:00,1,RIGHT,552.24,-87.76,233.8,7806,-0.3399361979961395,-64.92303149634103,-4.449
2026-07-29T11:50:44.812917+00:00,1,RIGHT,556.24,-83.76,233.8,7718,2.034412472248077,388.5441614953018,-4.24
2026-07-29T11:50:44.896085+00:00,1,RIGHT,560.24,-79.76,233.8,7802,2.1312960721366108,407.04756608745885,-4.04
2026-07-29T11:50:44.946090+00:00,1,RIGHT,563.24,-76.76,233.8,7815,1.0896974432468414,208.11688148080185,-3.863
2026-07-29T11:50:44.962889+00:00,1,RIGHT,564.24,-75.76,233.8,7781,1.4829086658731103,283.214693193016,-3.738
2026-07-29T11:50:44.979475+00:00,1,RIGHT,565.24,-74.76,233.8,7737,1.6265006810054183,310.6387479892157,-3.645
2026-07-29T11:50:44.996133+00:00,1,RIGHT,570.24,-69.76,233.8,7816,1.6265006810054183,310.6387479892157,-3.495
2026-07-29T11:50:45.012831+00:00,1,RIGHT,570.24,-69.76,233.8,7743,-1.0506950423121453,-200.66797159935126,-3.405
2026-07-29T11:50:45.146039+00:00,1,RIGHT,577.24,-62.76,233.8,7662,1.676972336359322,320.2781241119408,-3.22
2026-07-29T11:50:45.196085+00:00,1,RIGHT,583.24,-56.76,233.8,7579,-0.1765040552057326,-33.709791434108546,-2.996
2026-07-29T11:50:45.229449+00:00,1,RIGHT,583.24,-56.76,233.8,7661,1.8135309491015505,346.3588979995779,-2.862
2026-07-29T11:50:45.246073+00:00,1,RIGHT,586.24,-53.76,233.8,7711,1.8135309491015505,346.3588979995779,-2.725
2026-07-29T11:50:45.312877+00:00,1,RIGHT,590.24,-49.76,233.8,7667,2.0842664386332035,398.06556771481786,-2.568
2026-07-29T11:50:45.412761+00:00,1,RIGHT,596.24,-43.76,233.8,7670,-0.5797941075637937,-110.7325178331982,-2.362
2026-07-29T11:50:45.462910+00:00,1,RIGHT,594.24,-45.76,233.8,7649,1.7868530729413032,341.26379896506177,-2.275
2026-07-29T11:50:45.512897+00:00,1,RIGHT,604.24,-35.76,233.8,7698,2.6584390357136725,507.72445613073916,-2.036
2026-07-29T11:50:45.562676+00:00,1,RIGHT,604.24,-35.76,233.8,7753,1.362549979388714,260.22787731536874,-1.892
2026-07-29T11:50:45.579432+00:00,1,RIGHT,605.24,-34.76,233.8,7349,0.7196362575888634,137.44040114810412,-1.787
2026-07-29T11:50:45.646192+00:00,1,RIGHT,608.24,-31.76,233.8,7680,1.4509965704753995,277.11993192065705,-1.668
2026-07-29T11:50:45.679385+00:00,1,RIGHT,614.24,-25.76,233.8,7553,0.9780348693579435,186.79090076946335,-1.484
2026-07-29T11:50:45.729413+00:00,1,RIGHT,616.24,-23.76,233.8,7573,1.4495068984758108,276.8354255258729,-1.336
2026-07-29T11:50:45.746244+00:00,1,RIGHT,618.24,-21.76,233.8,7642,0.9010635129734874,172.09045455537444,-1.21
2026-07-29T11:50:45.779424+00:00,1,RIGHT,616.24,-23.76,233.8,7543,1.7112464373465628,326.82399522252103,-1.171
2026-07-29T11:50:45.796201+00:00,1,RIGHT,619.24,-20.76,233.8,7407,0.5425296130776406,103.61552363404786,-1.092
2026-07-29T11:50:45.812822+00:00,1,RIGHT,618.24,-21.76,233.8,7434,1.567697189487517,299.40810837385203,-1.063
2026-07-29T11:50:45.946165+00:00,1,RIGHT,626.24,-13.76,233.8,7363,0.8376372940838337,159.9769390458741,-0.896
2026-07-29T11:50:45.962835+00:00,1,RIGHT,630.24,-9.76,233.8,7088,0.8700574751198292,166.1687375272495,-0.721
2026-07-29T11:50:45.979449+00:00,1,RIGHT,632.24,-7.76,233.8,7367,1.0181822124868631,194.45847850263215,-0.578
2026-07-29T11:50:46.012818+00:00,1,RIGHT,631.24,-8.76,233.8,7152,1.2106873996928333,231.22426104022517,-0.511
2026-07-29T11:50:46.046459+00:00,1,RIGHT,626.24,-13.76,233.8,2880,0.45715547807514667,87.31026491663782,-0.565
2026-07-29T11:50:46.079620+00:00,1,RIGHT,635.24,-4.76,233.8,5532,0.45715547807514667,87.31026491663782,-0.428
2026-07-29T11:50:46.162780+00:00,1,RIGHT,630.24,-9.76,233.8,4372,0.8320125376153737,158.9026896911019,-0.44
2026-07-29T11:50:46.179517+00:00,1,RIGHT,630.24,-9.76,233.8,4031,-0.12970720767974853,-24.77225190825483,-0.447
2026-07-29T11:50:46.229469+00:00,1,NONE,0.0,0.0,233.8,0,-0.2915814378485084,-55.68795257691884,-0.451
2026-07-29T11:50:46.029408+00:00,1,RIGHT,625.24,-14.76,233.8,3303,0.6826687415316701,130.3801256509065,-0.548
2026-07-29T11:50:46.412799+00:00,1,RIGHT,632.24,-7.76,233.8,5089,0.23960257602855564,45.76072122299556,-0.474
2026-07-29T11:50:46.462748+00:00,1,NONE,0.0,0.0,233.8,0,-0.03875115700531751,-7.400925825511692,-0.43
2026-07-29T11:50:46.479466+00:00,1,NONE,0.0,0.0,233.8,0,0.3286411409010179,62.765834493308475,-0.404
2026-07-29T11:50:46.512836+00:00,1,NONE,0.0,0.0,233.8,0,-0.06355506747961044,-12.138123777502761,-0.388
2026-07-29T11:50:46.529460+00:00,1,RIGHT,632.24,-7.76,233.8,2831,0.13590481989085673,25.955908650772308,-0.378
2026-07-29T11:50:46.546137+00:00,1,RIGHT,630.24,-9.76,233.8,6079,0.22362887158989905,42.70996839791418,-0.41
2026-07-29T11:50:46.596103+00:00,1,NONE,0.0,0.0,233.8,0,0.1005227902950719,19.198438762620835,-0.429
2026-07-29T11:50:46.612769+00:00,1,RIGHT,630.24,-9.76,233.8,6639,0.2692153865471482,51.41635143044878,-0.441
2026-07-29T11:50:46.662755+00:00,1,NONE,0.0,0.0,233.8,0,-0.02522599058225751,-4.817809314667058,-0.447
2026-07-29T11:50:46.762888+00:00,1,RIGHT,632.24,-7.76,233.8,4550,-0.19649474373552947,-37.5277317085017,-0.414
2026-07-29T11:50:46.812769+00:00,1,NONE,0.0,0.0,233.8,0,0.17728319274960086,33.858595743854686,-0.394
2026-07-29T11:50:46.829577+00:00,1,NONE,0.0,0.0,233.8,0,-0.002320869117975235,-0.4432533508741031,-0.382
2026-07-29T11:50:46.646124+00:00,1,RIGHT,630.24,-9.76,233.8,7247,0.07208419520407915,13.76706718263635,-0.412
2026-07-29T11:50:46.864747+00:00,1,RIGHT,630.24,-9.76,233.8,5004,-0.13556121215224265,-25.890284406670236,-0.43
2026-07-29T11:50:46.896113+00:00,1,RIGHT,636.24,-3.76,233.8,1376,0.01029725931584835,1.9666316644996,-0.329
2026-07-29T11:50:46.962913+00:00,1,RIGHT,629.24,-10.76,233.8,6008,0.13825344061478972,26.40446216796671,-0.399
2026-07-29T11:50:47.012872+00:00,1,RIGHT,632.24,-7.76,233.8,2672,0.1298844508988259,24.806102869589647,-0.385
2026-07-29T11:50:47.029485+00:00,1,RIGHT,632.24,-7.76,233.8,2478,0.015734482035040857,3.0050647114408524,-0.377
2026-07-29T11:50:47.079378+00:00,1,NONE,0.0,0.0,233.8,0,-0.08448491675779224,-16.135430542451925,-0.372
2026-07-29T11:50:47.129353+00:00,1,NONE,0.0,0.0,233.8,0,0.010869799954816699,2.0759788718749657,-0.368
2026-07-29T11:50:47.146164+00:00,1,NONE,0.0,0.0,233.8,0,-0.1085884533636272,-20.73886693863002,-0.367
2026-07-29T11:50:47.196124+00:00,0,NONE,0.0,0.0,233.8,0,-0.05599044179543853,-10.693386693171716,-0.22
2026-07-29T11:50:47.063130+00:00,1,RIGHT,633.24,-6.76,233.8,3108,-0.019318594456417485,-3.6895797615918355,-0.259
2026-07-29T11:50:47.229507+00:00,1,RIGHT,630.24,-9.76,233.8,6551,0.02156566008925438,4.118737685093327,-0.338
2026-07-29T11:50:47.329463+00:00,1,RIGHT,632.24,-7.76,233.8,3884,-0.16274034988193306,-31.08111734905703,-0.349
2026-07-29T11:50:47.279497+00:00,1,RIGHT,630.24,-9.76,233.8,5982,0.07427505038678646,14.18548970094799,-0.392
2026-07-29T11:50:47.362877+00:00,1,NONE,0.0,0.0,233.8,0,-0.11194808536907658,-21.38050938739443,-0.418
2026-07-29T11:50:47.396095+00:00,1,NONE,0.0,0.0,233.8,0,-0.2475534591730684,-47.27922804826984,-0.434
2026-07-29T11:50:47.462871+00:00,1,RIGHT,630.24,-9.76,233.8,6076,-0.010603014728985727,-2.0250266469531017,-0.444
2026-07-29T11:50:47.529469+00:00,1,RIGHT,631.24,-8.76,233.8,3923,-0.06482395181432367,-12.38046283440054,-0.43
2026-07-29T11:50:47.562866+00:00,1,RIGHT,630.24,-9.76,233.8,5405,-0.033982823854312304,-6.490241275961973,-0.441
2026-07-29T11:50:47.614097+00:00,1,RIGHT,630.24,-9.76,233.8,5098,0.1203423481003847,22.983695476154143,-0.448
2026-07-29T11:50:47.646653+00:00,1,NONE,0.0,0.0,233.8,0,0.1203423481003847,22.983695476154143,-0.452
2026-07-29T11:50:47.679510+00:00,1,NONE,0.0,0.0,233.8,0,-0.00823235061019659,-1.572263151454042,-0.454
2026-07-29T11:50:47.712885+00:00,1,NONE,0.0,0.0,233.8,0,-0.051709199119359256,-9.875729571802928,-0.456
2026-07-29T11:50:47.829454+00:00,1,RIGHT,631.24,-8.76,233.8,1943,0.027786697670817376,5.306868343812769,-0.438
2026-07-29T11:50:47.862713+00:00,1,RIGHT,631.24,-8.76,233.8,2914,0.10496389748412184,20.046627756946737,-0.427
2026-07-29T11:50:47.879496+00:00,1,NONE,0.0,0.0,233.8,0,-0.03986906496807933,-7.614430519346092,-0.42
2026-07-29T11:50:47.912831+00:00,1,RIGHT,630.24,-9.76,233.8,5787,0.17028491865843534,32.52202384618956,-0.435
2026-07-29T11:50:47.946231+00:00,1,RIGHT,632.24,-7.76,233.8,3149,89.53991730412469,17100.864531589174,-0.407
2026-07-29T11:50:48.029425+00:00,1,RIGHT,630.24,-9.76,233.8,4762,89.53991730412469,17100.864531589174,-0.427
2026-07-29T11:50:48.046207+00:00,1,NONE,0.0,0.0,233.8,0,89.53991730412469,17100.864531589174,-0.439
2026-07-29T11:50:47.929477+00:00,1,RIGHT,632.24,-7.76,233.8,2554,89.53991730412469,17100.864531589174,-0.409
2026-07-29T11:50:48.112814+00:00,1,NONE,0.0,0.0,233.8,0,89.53991730412469,17100.864531589174,-0.391
2026-07-29T11:50:48.162815+00:00,1,NONE,0.0,0.0,233.8,0,89.53991730412469,17100.864531589174,-0.38
2026-07-29T11:50:48.179570+00:00,1,RIGHT,631.24,-8.76,233.8,4869,89.53991730412469,17100.864531589174,-0.392
2026-07-29T11:50:48.146220+00:00,1,RIGHT,632.24,-7.76,233.8,3190,89.53991730412469,17100.864531589174,-0.381
2026-07-29T11:50:48.279424+00:00,1,NONE,0.0,0.0,233.8,0,0.0024248619191348554,0.46311451289473443,-0.374
2026-07-29T11:50:48.379518+00:00,1,NONE,0.0,0.0,233.8,0,-0.020505072250962257,-3.916180328636521,-0.37
2026-07-29T11:50:48.396048+00:00,1,RIGHT,629.24,-10.76,233.8,4986,0.00014373566955327988,0.02745149076963328,-0.424
2026-07-29T11:50:48.446195+00:00,1,RIGHT,634.24,-5.76,233.8,2046,0.00014373566955327988,0.02745149076963328,-0.362
2026-07-29T11:50:48.462824+00:00,1,NONE,0.0,0.0,233.8,0,-0.019021654080133885,-3.6328683271649127,-0.326
2026-07-29T11:50:48.512812+00:00,1,NONE,0.0,0.0,233.8,0,-0.056669157028081826,-10.823011754244053,-0.303
2026-07-29T11:50:48.562790+00:00,1,RIGHT,630.24,-9.76,233.8,5527,-0.06160133379511535,-11.76498812945572,-0.365
2026-07-29T11:50:48.629650+00:00,1,RIGHT,631.24,-8.76,233.8,5504,0.0386180795961991,7.375509912541622,-0.383
2026-07-29T11:50:48.679525+00:00,1,RIGHT,632.24,-7.76,233.8,5216,6.222987198270858e-05,0.0118850300808287,-0.376
2026-07-29T11:50:48.696054+00:00,1,RIGHT,632.24,-7.76,233.8,2442,-0.15716640648897737,-30.01657257685306,-0.371
2026-07-29T11:50:48.729442+00:00,1,NONE,0.0,0.0,233.8,0,-0.055364287479314954,-10.573800027712446,-0.368
2026-07-29T11:50:48.762832+00:00,1,RIGHT,629.24,-10.76,233.8,5688,0.07544812945183367,14.409531299155848,-0.423
2026-07-29T11:50:48.829528+00:00,1,RIGHT,630.24,-9.76,233.8,5623,-0.1450720989331603,-27.706729979914726,-0.437
2026-07-29T11:50:48.746258+00:00,1,NONE,0.0,0.0,233.8,0,-0.03929448487702757,-7.504693805314398,-0.445
2026-07-29T11:50:48.862797+00:00,1,RIGHT,628.24,-11.76,233.8,4734,-0.1887977058699471,-36.057705760334194,-0.488
2026-07-29T11:50:48.929523+00:00,1,NONE,0.0,0.0,233.8,0,0.41551253946498035,79.35704948702143,-0.513
2026-07-29T11:50:48.946197+00:00,1,RIGHT,632.24,-7.76,233.8,2932,-0.010819345110212453,-2.0663427063689266,-0.453
2026-07-29T11:50:48.996146+00:00,1,RIGHT,630.24,-9.76,233.8,4559,0.005807428108528256,1.1091370681477055,-0.455
2026-07-29T11:50:49.062838+00:00,1,NONE,0.0,0.0,233.8,0,6.988761015236378e-05,0.01334755033995363,-0.456
2026-07-29T11:50:49.079472+00:00,1,NONE,0.0,0.0,233.8,0,0.41561195079237223,79.37603565200592,-0.457
2026-07-29T11:50:49.162911+00:00,1,RIGHT,633.24,-6.76,233.8,3092,0.0003510176623240113,0.0670394352857138,-0.401
2026-07-29T11:50:49.096204+00:00,1,RIGHT,630.24,-9.76,233.8,5008,0.3730977322033141,71.2564180038404,-0.424
2026-07-29T11:50:49.212906+00:00,1,NONE,0.0,0.0,233.8,0,-0.08389132840558887,-16.022063517954,-0.437
2026-07-29T11:50:49.263158+00:00,1,RIGHT,629.24,-10.76,233.8,5689,-0.07675053461454809,-14.658272362621133,-0.464
2026-07-29T11:50:49.279433+00:00,1,RIGHT,632.24,-7.76,233.8,4606,-0.0030355450138449666,-0.5797463927176588,-0.424
2026-07-29T11:50:49.346159+00:00,1,RIGHT,628.24,-11.76,233.8,5569,0.27914829451125117,53.31339711256539,-0.475
2026-07-29T11:50:49.362920+00:00,1,RIGHT,628.24,-11.76,233.8,4572,0.27914829451125117,53.31339711256539,-0.506
2026-07-29T11:50:49.379401+00:00,1,RIGHT,628.24,-11.76,233.8,5115,0.27914829451125117,53.31339711256539,-0.524
2026-07-29T11:50:49.429519+00:00,1,RIGHT,630.24,-9.76,233.8,4513,0.27914829451125117,53.31339711256539,-0.497
2026-07-29T11:50:49.479379+00:00,1,RIGHT,634.24,-5.76,233.8,2849,0.27914829451125117,53.31339711256539,-0.407
2026-07-29T11:50:49.496184+00:00,1,RIGHT,632.24,-7.76,233.8,2315,0.27914829451125117,53.31339711256539,-0.389
2026-07-29T11:50:49.312898+00:00,1,RIGHT,629.24,-10.76,233.8,5854,0.27914829451125117,53.31339711256539,-0.436
2026-07-29T11:50:49.546164+00:00,1,RIGHT,629.24,-10.76,233.8,6381,0.8126803867891431,155.21052085359068,-0.463
2026-07-29T11:50:49.612958+00:00,1,RIGHT,630.24,-9.76,233.8,6497,0.10302226291969419,19.67580287061865,-0.461
2026-07-29T11:50:49.662939+00:00,1,RIGHT,631.24,-8.76,233.8,5423,-0.1994562871567905,-38.093344838111676,-0.441
2026-07-29T11:50:49.696153+00:00,1,RIGHT,632.24,-7.76,233.8,5309,0.5505037637613713,105.1384742319783,-0.41
2026-07-29T11:50:49.646115+00:00,1,RIGHT,630.24,-9.76,233.8,6816,-0.02784935472533107,-5.318834959747288,-0.429
2026-07-29T11:50:49.729683+00:00,1,RIGHT,631.24,-8.76,233.8,5439,0.13919806491583586,26.584872120218172,-0.422
2026-07-29T11:50:49.812902+00:00,1,RIGHT,630.24,-9.76,233.8,5135,0.11879418822936713,22.688018720751394,-0.436
2026-07-29T11:50:49.579376+00:00,1,RIGHT,629.24,-10.76,233.8,5922,0.14789099775254727,28.24509999733234,-0.464
2026-07-29T11:50:49.879503+00:00,1,RIGHT,628.24,-11.76,233.8,1117,0.4487719936762005,85.70913733772653,-0.499
2026-07-29T11:50:49.946258+00:00,1,RIGHT,631.24,-8.76,233.8,1683,-0.36788044083630667,-70.25998875110851,-0.464
2026-07-29T11:50:49.962805+00:00,1,RIGHT,631.24,-8.76,233.8,6651,0.4045588654698804,77.26505185341667,-0.442
2026-07-29T11:50:49.996244+00:00,1,RIGHT,631.24,-8.76,233.8,5274,-0.24069283954799175,-45.96894621706479,-0.43
2026-07-29T11:50:50.112746+00:00,1,RIGHT,631.24,-8.76,233.8,5899,-0.24069283954799175,-45.96894621706479,-0.422
2026-07-29T11:50:49.862836+00:00,1,RIGHT,631.24,-8.76,233.8,6338,0.7130712215788663,136.18657162902332,-0.418
2026-07-29T11:50:50.179494+00:00,1,RIGHT,629.24,-10.76,233.8,5209,0.16349283019080757,31.224830501941064,-0.452
2026-07-29T11:50:50.129530+00:00,1,RIGHT,631.24,-8.76,233.8,5298,0.010388734024018048,1.9841020468673152,-0.436
2026-07-29T11:50:50.296314+00:00,1,RIGHT,629.24,-10.76,233.8,4250,0.15875920382328332,30.320774459771126,-0.463
2026-07-29T11:50:50.346231+00:00,1,NONE,0.0,0.0,233.8,0,-0.15993104625493287,-30.544579878397347,-0.48
2026-07-29T11:50:50.362718+00:00,1,RIGHT,630.24,-9.76,233.8,4243,0.3099291402287781,59.19210561075747,-0.471
2026-07-29T11:50:50.396277+00:00,1,NONE,0.0,0.0,233.8,0,-0.44884540006401946,-85.72315692509763,-0.466
2026-07-29T11:50:50.429471+00:00,1,NONE,0.0,0.0,233.8,0,0.6455676992237568,123.29434851830739,-0.462
2026-07-29T11:50:50.512849+00:00,1,RIGHT,629.24,-10.76,233.8,2436,-0.19849566172808408,-37.9098788955856,-0.479
2026-07-29T11:50:50.579489+00:00,1,RIGHT,628.24,-11.76,233.8,3295,0.6811102734878659,130.08248017951988,-0.508
2026-07-29T11:50:50.596183+00:00,1,RIGHT,634.24,-5.76,233.8,1437,-0.002212031967937946,-0.4224669863695405,-0.413
2026-07-29T11:50:50.629627+00:00,1,NONE,0.0,0.0,233.8,0,-0.48045744180679323,-91.76061217060534,-0.356
2026-07-29T11:50:50.662854+00:00,1,NONE,0.0,0.0,233.8,0,-0.0018352402746677396,-0.3505050737696382,-0.322
2026-07-29T11:50:50.746103+00:00,1,RIGHT,630.24,-9.76,233.8,3068,0.5181704677641392,98.96326957068284,-0.376
2026-07-29T11:50:50.762822+00:00,1,NONE,0.0,0.0,233.8,0,-0.005144464541226626,-0.9825203535566366,-0.409
2026-07-29T11:50:50.779588+00:00,1,NONE,0.0,0.0,233.8,0,1.090381091274321,208.24744863629195,-0.428
2026-07-29T11:50:50.829587+00:00,1,NONE,0.0,0.0,233.8,0,0.1872426836937666,35.76071840118622,-0.44
2026-07-29T11:50:50.846114+00:00,0,NONE,0.0,0.0,233.8,0,-0.15300154395401477,-29.221142425168015,-0.264
2026-07-29T11:50:50.896099+00:00,1,RIGHT,620.24,-19.76,233.8,3158,-0.10180960766971112,-19.444202777857274,-0.529
2026-07-29T11:50:50.962816+00:00,1,NONE,0.0,0.0,233.8,0,0.5104873452614993,97.49590126107198,-0.688
2026-07-29T11:50:50.979632+00:00,1,NONE,0.0,0.0,233.8,0,0.5104873452614993,97.49590126107198,-0.783
2026-07-29T11:50:51.012839+00:00,1,NONE,0.0,0.0,233.8,0,0.5104873452614993,97.49590126107198,-0.841
2026-07-29T11:50:51.129623+00:00,0,NONE,0.0,0.0,233.8,0,0.5104873452614993,97.49590126107198,-0.504
2026-07-29T11:50:51.146065+00:00,1,RIGHT,593.24,-46.76,233.8,2439,0.5104873452614993,97.49590126107198,-1.179
2026-07-29T11:50:51.162806+00:00,1,NONE,0.0,0.0,233.8,0,0.5104873452614993,97.49590126107198,-1.584
2026-07-29T11:50:51.212848+00:00,1,NONE,0.0,0.0,233.8,0,0.16118081696331502,30.783268501561917,-1.828
2026-07-29T11:50:51.229602+00:00,1,NONE,0.0,0.0,233.8,0,0.5857623561471701,111.87236934957286,-1.973
2026-07-29T11:50:51.279594+00:00,1,RIGHT,588.24,-51.76,233.8,2787,0.026891439110040667,5.135886553461229,-2.155
2026-07-29T11:50:51.379545+00:00,1,RIGHT,590.24,-49.76,233.8,2791,0.6864601589739323,131.10423304361956,-2.226
2026-07-29T11:50:51.396179+00:00,1,RIGHT,591.24,-48.76,233.8,2634,0.34418172677978875,65.73386776668907,-2.25
2026-07-29T11:50:51.462873+00:00,1,RIGHT,589.24,-50.76,233.8,1833,0.25146026216447354,48.02537245759184,-2.302
2026-07-29T11:50:51.496180+00:00,1,RIGHT,589.24,-50.76,233.8,2515,0.11666861847043038,22.282064799925678,-2.333
2026-07-29T11:50:51.562990+00:00,1,RIGHT,592.24,-47.76,233.8,2825,0.9527802522480487,181.96762419074386,-2.295
2026-07-29T11:50:51.629429+00:00,1,RIGHT,591.24,-48.76,233.8,2180,0.9527802522480487,181.96762419074386,-2.291
2026-07-29T11:50:51.646184+00:00,1,RIGHT,595.24,-44.76,233.8,2400,0.0026348081231117246,0.5032112842702922,-2.214
2026-07-29T11:50:51.730193+00:00,1,NONE,0.0,0.0,233.8,0,0.0032096078619360917,0.6129899479364863,-2.168
2026-07-29T11:50:51.762902+00:00,1,RIGHT,594.24,-45.76,233.8,1995,0.0032096078619360917,0.6129899479364863,-2.159
2026-07-29T11:50:51.846057+00:00,1,RIGHT,596.24,-43.76,233.8,2032,0.0032096078619360917,0.6129899479364863,-2.116
2026-07-29T11:50:51.862978+00:00,1,RIGHT,599.24,-40.76,233.8,1257,0.0032096078619360917,0.6129899479364863,-2.034
2026-07-29T11:50:51.912836+00:00,1,RIGHT,595.24,-44.76,233.8,1916,0.0032096078619360917,0.6129899479364863,-2.06
2026-07-29T11:50:51.929435+00:00,1,RIGHT,596.24,-43.76,233.8,2233,0.0032096078619360917,0.6129899479364863,-2.056
2026-07-29T11:50:51.979633+00:00,1,RIGHT,595.24,-44.76,233.8,1877,0.0032096078619360917,0.6129899479364863,-2.073
2026-07-29T11:50:51.996266+00:00,1,RIGHT,596.24,-43.76,233.8,2424,-0.27419003447517754,-52.36643919991405,-2.064
2026-07-29T11:50:52.046222+00:00,1,RIGHT,596.24,-43.76,233.8,1886,0.19443064104765653,37.133517133512605,-2.059
2026-07-29T11:50:52.129522+00:00,1,RIGHT,596.24,-43.76,233.8,1883,-0.21339979585260152,-40.75635883769146,-2.056
2026-07-29T11:50:52.146157+00:00,1,RIGHT,596.24,-43.76,233.8,1498,-0.1595760133303702,-30.47677358451192,-2.054
2026-07-29T11:50:52.229486+00:00,1,RIGHT,596.24,-43.76,233.8,2201,0.16924096282571555,32.3226429688132,-2.053
2026-07-29T11:50:52.246158+00:00,1,RIGHT,596.24,-43.76,233.8,1867,-0.1856009551603347,-35.447171347613384,-2.052
2026-07-29T11:50:52.296295+00:00,1,RIGHT,595.24,-44.76,233.8,1814,0.17855384395224974,34.10127224767136,-2.071
2026-07-29T11:50:52.312755+00:00,1,RIGHT,596.24,-43.76,233.8,2011,-0.14598424710333346,-27.88093744805307,-2.063
2026-07-29T11:50:52.379453+00:00,1,RIGHT,595.24,-44.76,233.8,1887,0.036687231957912445,7.006745177352863,-2.077
2026-07-29T11:50:52.396380+00:00,1,RIGHT,595.24,-44.76,233.8,1480,-0.4443511212803423,-84.86481290423131,-2.086
2026-07-29T11:50:52.529554+00:00,1,RIGHT,596.24,-43.76,233.8,1776,-0.07887031503487378,-15.063120601218232,-2.072
2026-07-29T11:50:52.546291+00:00,1,RIGHT,596.24,-43.76,233.8,2032,-0.035929019115865234,-6.8619371912797815,-2.064
2026-07-29T11:50:52.579393+00:00,1,RIGHT,595.24,-44.76,233.8,2102,0.05025396476339665,9.59780028247261,-2.078
2026-07-29T11:50:52.629394+00:00,1,RIGHT,596.24,-43.76,233.8,2002,0.13566350703593344,25.909821290341117,-2.067
2026-07-29T11:50:52.696267+00:00,1,RIGHT,595.24,-44.76,233.8,1387,-0.04789660731330514,-9.147578173492725,-2.08
2026-07-29T11:50:52.762911+00:00,1,RIGHT,596.24,-43.76,233.8,2245,0.001771393334493041,0.3383112064135232,-2.068
2026-07-29T11:50:52.779489+00:00,1,RIGHT,596.24,-43.76,233.8,2071,0.001771393334493041,0.3383112064135232,-2.062
2026-07-29T11:50:52.829576+00:00,1,RIGHT,595.24,-44.76,233.8,2045,-0.026984613167587667,-5.15368148765307,-2.076
2026-07-29T11:50:52.896193+00:00,1,RIGHT,596.24,-43.76,233.8,2134,-0.11087973857298493,-21.17647017915318,-2.066
2026-07-29T11:50:53.012884+00:00,1,RIGHT,596.24,-43.76,233.8,1131,-0.11087973857298493,-21.17647017915318,-2.06
2026-07-29T11:50:53.029542+00:00,1,NONE,0.0,0.0,233.8,0,-0.11087973857298493,-21.17647017915318,-2.057
2026-07-29T11:50:53.062928+00:00,1,RIGHT,595.24,-44.76,233.8,1545,0.08126198114827275,15.519895182225627,-2.073
2026-07-29T11:50:53.146419+00:00,1,RIGHT,595.24,-44.76,233.8,1543,0.03158149167895317,6.031620613105149,-2.083
2026-07-29T11:50:53.179577+00:00,1,NONE,0.0,0.0,233.8,0,-0.30253532622009516,-57.77999115341669,-2.089
2026-07-29T11:50:53.246105+00:00,1,RIGHT,596.24,-43.76,233.8,1135,-0.30253532622009516,-57.77999115341669,-2.074
2026-07-29T11:50:53.262835+00:00,1,RIGHT,595.24,-44.76,233.8,1174,-0.17385301955975593,-33.20348092126454,-2.084
2026-07-29T11:50:53.346217+00:00,1,RIGHT,596.24,-43.76,233.8,1891,-0.046416283138096336,-8.86485708165723,-2.071
2026-07-29T11:50:53.396128+00:00,1,RIGHT,596.24,-43.76,233.8,2145,-0.046416283138096336,-8.86485708165723,-2.063
2026-07-29T11:50:53.413333+00:00,1,NONE,0.0,0.0,233.8,0,0.07863488536328077,15.018156846036796,-2.058
2026-07-29T11:50:53.446122+00:00,1,RIGHT,596.24,-43.76,233.8,2212,0.07863488536328077,15.018156846036796,-2.056
2026-07-29T11:50:53.496223+00:00,1,RIGHT,595.24,-44.76,233.8,1345,-0.07335350576788187,-14.009487643293905,-2.073
2026-07-29T11:50:53.562797+00:00,1,RIGHT,595.24,-44.76,233.8,1756,-0.19230533039895817,-36.727612699097186,-2.083
2026-07-29T11:50:53.579582+00:00,1,RIGHT,595.24,-44.76,233.8,1787,-0.04900885218754411,-9.360001297089232,-2.089
2026-07-29T11:50:53.629684+00:00,1,RIGHT,597.24,-42.76,233.8,1262,0.08102976940572262,15.475546006220624,-2.055
2026-07-29T11:50:53.712875+00:00,1,RIGHT,596.24,-43.76,233.8,2078,-0.050178120638011026,-9.583315121521084,-2.054
2026-07-29T11:50:53.729599+00:00,1,RIGHT,595.24,-44.76,233.8,1043,0.2745133986184374,52.42819720209622,-2.072
2026-07-29T11:50:53.762863+00:00,1,RIGHT,595.24,-44.76,233.8,2151,0.05146286801435054,9.828683796203617,-2.082
2026-07-29T11:50:53.812905+00:00,1,RIGHT,594.24,-45.76,233.8,1874,-0.07749297648202629,-14.800068314422173,-2.107
2026-07-29T11:50:53.829541+00:00,1,RIGHT,595.24,-44.76,233.8,1535,-0.059192804899066684,-11.304992994192746,-2.104
2026-07-29T11:50:53.846264+00:00,1,RIGHT,597.24,-42.76,233.8,1189,0.007421048684045672,1.4173158971897686,-2.064
2026-07-29T11:50:53.912972+00:00,1,RIGHT,595.24,-44.76,233.8,1401,-0.00011653290130198002,-0.022256144730060105,-2.078
2026-07-29T11:50:53.929416+00:00,1,RIGHT,596.24,-43.76,233.8,1883,-0.03210048881592229,-6.130741764864162,-2.067
2026-07-29T11:50:53.996071+00:00,1,NONE,0.0,0.0,233.8,0,0.049919015913983456,9.533829764392145,-2.061
2026-07-29T11:50:54.012941+00:00,1,NONE,0.0,0.0,233.8,0,-0.06640597287099809,-12.682606599894775,-2.057
2026-07-29T11:50:54.029439+00:00,1,RIGHT,596.24,-43.76,233.8,2134,0.10504497496425756,20.06211241503118,-2.055
2026-07-29T11:50:54.096070+00:00,1,RIGHT,595.24,-44.76,233.8,1803,0.02205255941487849,4.211728606446751,-2.072
2026-07-29T11:50:54.112939+00:00,1,RIGHT,595.24,-44.76,233.8,1894,-0.10245116447098553,-19.566731101293733,-2.083
2026-07-29T11:50:54.146105+00:00,1,RIGHT,596.24,-43.76,233.8,1981,0.10408621923415921,19.87900355863578,-2.07
2026-07-29T11:50:54.196217+00:00,1,RIGHT,595.24,-44.76,233.8,1105,0.10408621923415921,19.87900355863578,-2.081
2026-07-29T11:50:54.212904+00:00,1,RIGHT,597.24,-42.76,233.8,1490,-0.12360711568500847,-23.60722015512102,-2.051
2026-07-29T11:50:54.279586+00:00,1,RIGHT,596.24,-43.76,233.8,1890,-0.20373411780339665,-38.91035030985252,-2.051
2026-07-29T11:50:54.329579+00:00,1,RIGHT,596.24,-43.76,233.8,1526,-0.10103539442643523,-19.296338940247797,-2.051
2026-07-29T11:50:54.379581+00:00,1,RIGHT,596.24,-43.76,233.8,1648,0.1362301376578398,26.01803976760148,-2.051
2026-07-29T11:50:54.396164+00:00,1,RIGHT,595.24,-44.76,233.8,1947,0.09195144247962161,17.56143191407424,-2.07
2026-07-29T11:50:54.429617+00:00,1,RIGHT,595.24,-44.76,233.8,2122,-0.397444597966969,-75.90632684593702,-2.081
2026-07-29T11:50:54.496169+00:00,1,RIGHT,596.24,-43.76,233.8,1142,-0.08945808354765176,-17.085235435363842,-2.069
2026-07-29T11:50:54.479431+00:00,1,RIGHT,595.24,-44.76,233.8,1231,-0.13660828742198647,-26.090261052633046,-2.081
2026-07-29T11:50:54.529554+00:00,1,RIGHT,596.24,-43.76,233.8,2020,0.034425191897898916,6.574727348925214,-2.069
2026-07-29T11:50:54.563842+00:00,1,RIGHT,595.24,-44.76,233.8,1557,0.034425191897898916,6.574727348925214,-2.081
2026-07-29T11:50:54.579515+00:00,1,RIGHT,595.24,-44.76,233.8,1381,0.031002456499263645,5.92103303981912,-2.088
2026-07-29T11:50:54.712946+00:00,1,NONE,0.0,0.0,233.8,0,-0.0636462142271921,-12.155531524012007,-2.092
2026-07-29T11:50:54.613006+00:00,1,RIGHT,596.24,-43.76,233.8,1753,0.05018196781631559,9.584049878454037,-2.076
2026-07-29T11:50:54.779526+00:00,1,RIGHT,596.24,-43.76,233.8,1914,1.6426065849373116e-05,0.0031371474905768446,-2.066
2026-07-29T11:50:54.862770+00:00,1,RIGHT,595.24,-44.76,233.8,1756,0.023228142959997058,4.436248525114489,-2.079
2026-07-29T11:50:54.896355+00:00,1,RIGHT,595.24,-44.76,233.8,1862,0.023228142959997058,4.436248525114489,-2.087
2026-07-29T11:50:54.979352+00:00,1,RIGHT,596.24,-43.76,233.8,1835,0.301161509656813,57.51761151707923,-2.073
2026-07-29T11:50:54.996304+00:00,1,RIGHT,595.24,-44.76,233.8,1775,-0.12486814560717903,-23.848059129721292,-2.083
2026-07-29T11:50:55.012775+00:00,1,RIGHT,595.24,-44.76,233.8,1097,0.14489314517937602,27.672552330515185,-2.089
2026-07-29T11:50:55.096272+00:00,1,RIGHT,595.24,-44.76,233.8,1951,-0.019936605906113982,-3.8076112541197387,-2.093
2026-07-29T11:50:55.112926+00:00,1,RIGHT,596.24,-43.76,233.8,2222,-0.019936605906113982,-3.8076112541197387,-2.076
2026-07-29T11:50:55.146244+00:00,1,RIGHT,595.24,-44.76,233.8,1215,-0.1472511724033393,-28.122902356882,-2.085
2026-07-29T11:50:55.162904+00:00,1,RIGHT,596.24,-43.76,233.8,1944,-0.14207950305659323,-27.13518626819624,-2.072
2026-07-29T11:50:55.262899+00:00,1,RIGHT,597.24,-42.76,233.8,1072,-0.24436249781865627,-46.66979932094597,-2.045
2026-07-29T11:50:55.179519+00:00,1,RIGHT,596.24,-43.76,233.8,1516,1.1867377688759006e-05,0.0022665021848453618,-2.047
2026-07-29T11:50:55.299062+00:00,1,RIGHT,595.24,-44.76,233.8,2039,-1.1100269184680655e-05,-0.002119995252471083,-2.068
2026-07-29T11:50:55.363012+00:00,1,RIGHT,596.24,-43.76,233.8,1915,0.06731029489077628,12.85531938340823,-2.061
2026-07-29T11:50:55.396267+00:00,1,RIGHT,596.24,-43.76,233.8,2012,0.11360996378585696,21.697904785212422,-2.057
2026-07-29T11:50:55.496164+00:00,1,RIGHT,595.24,-44.76,233.8,2102,-5.675040883943436e-06,-0.0010838529707138363,-2.074
2026-07-29T11:50:55.529685+00:00,1,NONE,0.0,0.0,233.8,0,0.05614283746574074,10.722492122252996,-2.084
2026-07-29T11:50:55.629700+00:00,1,RIGHT,596.24,-43.76,233.8,1839,-0.29821128679905085,-56.95416045583658,-2.071
2026-07-29T11:50:55.779640+00:00,1,RIGHT,596.24,-43.76,233.8,2059,0.10548743458464742,20.14661597787551,-2.063
2026-07-29T11:50:55.812764+00:00,1,NONE,0.0,0.0,233.8,0,-3.0973928369348864e-06,-0.0005915584568347394,-2.058
2026-07-29T11:50:55.879496+00:00,1,RIGHT,596.24,-43.76,233.8,2280,2.4049488856690005e-05,0.004593114036450803,-2.056
2026-07-29T11:50:55.896315+00:00,1,RIGHT,595.24,-44.76,233.8,1649,0.021158622014336288,4.04099913911354,-2.073
2026-07-29T11:50:55.929607+00:00,1,NONE,0.0,0.0,233.8,0,0.1109937245468609,21.198239896575785,-2.083
2026-07-29T11:50:55.979582+00:00,1,RIGHT,597.24,-42.76,233.8,1377,-5.113484803587198e-05,-0.009766036594994306,-2.052
2026-07-29T11:50:55.997954+00:00,1,RIGHT,595.24,-44.76,233.8,1615,0.05057796606328338,9.659679972606817,-2.07
2026-07-29T11:50:56.079558+00:00,1,NONE,0.0,0.0,233.8,0,-0.046768665919080375,-8.932157235402123,-2.081
2026-07-29T11:50:56.112881+00:00,1,RIGHT,596.24,-43.76,233.8,2319,-0.12266228948254138,-23.426771642538558,-2.069
2026-07-29T11:50:56.162830+00:00,1,RIGHT,596.24,-43.76,233.8,2113,-0.03458698690403253,-6.605627918917712,-2.062
2026-07-29T11:50:56.179626+00:00,1,RIGHT,596.24,-43.76,233.8,1608,0.07433345442637801,14.196644050865025,-2.058
2026-07-29T11:50:56.229614+00:00,1,RIGHT,595.24,-44.76,233.8,1937,-0.09831634637666867,-18.777039015098126,-2.074
2026-07-29T11:50:56.263135+00:00,1,RIGHT,596.24,-43.76,233.8,2148,0.332864747941494,63.572484019111876,-2.065
2026-07-29T11:50:56.296216+00:00,1,RIGHT,596.24,-43.76,233.8,1718,0.012117649437277578,2.314300567916941,-2.06
2026-07-29T11:50:56.312984+00:00,1,RIGHT,596.24,-43.76,233.8,2251,0.012117649437277578,2.314300567916941,-2.056
2026-07-29T11:50:56.379574+00:00,1,RIGHT,596.24,-43.76,233.8,1898,-0.08885463802143931,-16.96998582930376,-2.054
2026-07-29T11:50:56.413002+00:00,1,RIGHT,596.24,-43.76,233.8,1468,1.2457809810939581e-06,0.00023792664138116932,-2.053
2026-07-29T11:50:56.446040+00:00,1,RIGHT,595.24,-44.76,233.8,1870,2.4986290648030262e-05,0.004772029999397775,-2.071
2026-07-29T11:50:56.562938+00:00,1,RIGHT,595.24,-44.76,233.8,1685,-0.15050040611997248,-28.743460285597628,-2.082
2026-07-29T11:50:56.579447+00:00,1,RIGHT,596.24,-43.76,233.8,2186,0.2621906017931178,50.074716369136155,-2.07
2026-07-29T11:50:56.462956+00:00,1,RIGHT,596.24,-43.76,233.8,1864,-7.627203245647252e-05,-0.014566885182135694,-2.062
2026-07-29T11:50:56.612989+00:00,1,RIGHT,596.24,-43.76,233.8,2003,0.035907876958372074,6.857899336632585,-2.058
2026-07-29T11:50:56.646318+00:00,1,RIGHT,595.24,-44.76,233.8,2157,-0.031279306523501874,-5.973907499642269,-2.074
2026-07-29T11:50:56.713052+00:00,1,NONE,0.0,0.0,233.8,0,-0.08456836828961968,-16.151368611010643,-2.084
2026-07-29T11:50:56.812926+00:00,1,RIGHT,596.24,-43.76,233.8,2443,5.391309969127178e-05,0.010296643575926448,-2.071
2026-07-29T11:50:56.696261+00:00,1,RIGHT,595.24,-44.76,233.8,1410,-1.971525343833491e-05,-0.003765336046824584,-2.082
2026-07-29T11:50:56.863900+00:00,1,RIGHT,596.24,-43.76,233.8,2222,-0.20265488954260946,-38.704232894938016,-2.07
2026-07-29T11:50:56.912930+00:00,1,RIGHT,595.24,-44.76,233.8,1837,0.16366598641499877,31.257900904749654,-2.081
2026-07-29T11:50:56.830090+00:00,1,RIGHT,595.24,-44.76,233.8,2189,-4.861504112341208e-06,-0.0009284788924088163,-2.088
2026-07-29T11:50:56.946208+00:00,1,RIGHT,595.24,-44.76,233.8,1813,-4.861504112341208e-06,-0.0009284788924088163,-2.092
2026-07-29T11:50:56.979584+00:00,1,RIGHT,597.24,-42.76,233.8,2411,-4.861504112341208e-06,-0.0009284788924088163,-2.057
2026-07-29T11:50:57.096338+00:00,1,RIGHT,595.24,-44.76,233.8,1879,-4.861504112341208e-06,-0.0009284788924088163,-2.074
2026-07-29T11:50:57.179503+00:00,1,RIGHT,596.24,-43.76,233.8,1991,-0.015902472464367746,-3.0371485201042576,-2.065
2026-07-29T11:50:57.079527+00:00,1,RIGHT,595.24,-44.76,233.8,2444,2.877088263630867e-05,0.005494833826422367,-2.078
2026-07-29T11:50:57.012871+00:00,1,RIGHT,596.24,-43.76,233.8,2080,3.555149311068817e-05,0.006789835035436183,-2.067
2026-07-29T11:50:57.279579+00:00,1,RIGHT,595.24,-44.76,233.8,2449,-0.003304345787037164,-0.6310835588302128,-2.08
2026-07-29T11:50:57.362796+00:00,1,RIGHT,596.24,-43.76,233.8,2444,0.3272358488384634,62.497443479416454,-2.068
2026-07-29T11:50:57.263172+00:00,1,RIGHT,596.24,-43.76,233.8,2388,-0.09206164251547307,-17.582478570595836,-2.062
2026-07-29T11:50:57.446337+00:00,1,RIGHT,595.24,-44.76,233.8,2538,0.012456300221383571,2.378978103443839,-2.076
2026-07-29T11:50:57.479648+00:00,1,RIGHT,600.24,-39.76,233.8,3896,-0.0075436780508607625,-1.4407363810659897,-1.991
2026-07-29T11:50:57.529540+00:00,1,RIGHT,595.24,-44.76,233.8,2374,-0.043177317538538776,-8.2462602188482,-2.034
2026-07-29T11:50:57.562906+00:00,1,RIGHT,596.24,-43.76,233.8,2311,-0.043177317538538776,-8.2462602188482,-2.041
2026-07-29T11:50:57.579540+00:00,1,RIGHT,596.24,-43.76,233.8,2524,7.830998132703825e-05,0.014956104745958591,-2.045
2026-07-29T11:50:57.512906+00:00,1,RIGHT,597.24,-42.76,233.8,2763,7.830998132703825e-05,0.014956104745958591,-2.029
2026-07-29T11:50:57.662913+00:00,1,RIGHT,596.24,-43.76,233.8,2440,0.13519241921138017,25.819850143251443,-2.038
2026-07-29T11:50:57.712893+00:00,1,RIGHT,595.24,-44.76,233.8,2278,0.22671889452263713,43.300119306729286,-2.062
2026-07-29T11:50:57.679541+00:00,1,RIGHT,596.24,-43.76,233.8,2402,2.3285256174858658e-05,0.004447156345667801,-2.058
2026-07-29T11:50:57.796155+00:00,1,RIGHT,596.24,-43.76,233.8,2654,-0.07238599296659232,-13.824706309498003,-2.055
2026-07-29T11:50:57.862879+00:00,1,RIGHT,595.24,-44.76,233.8,2575,-0.07423720790538937,-14.178262319380138,-2.072
2026-07-29T11:50:57.879635+00:00,1,RIGHT,596.24,-43.76,233.8,2566,0.011545922951772808,2.2051088523993716,-2.064
2026-07-29T11:50:57.896156+00:00,1,RIGHT,596.24,-43.76,233.8,2420,-0.14154199016280472,-27.032528867369756,-2.059
2026-07-29T11:50:57.946400+00:00,1,RIGHT,595.24,-44.76,233.8,2208,-0.05931718833744526,-11.328748481060805,-2.075
2026-07-29T11:50:57.929658+00:00,1,RIGHT,596.24,-43.76,233.8,2681,-0.14384213076904417,-27.471823364117032,-2.065
2026-07-29T11:50:58.062783+00:00,1,RIGHT,595.24,-44.76,233.8,2430,0.027748995078727603,5.29966767913461,-2.079
2026-07-29T11:50:58.079643+00:00,1,RIGHT,596.24,-43.76,233.8,2658,0.02371857838705182,4.529914792094269,-2.068
2026-07-29T11:50:58.112958+00:00,1,RIGHT,595.24,-44.76,233.8,1890,-0.4556189620308578,-87.01681196833151,-2.08
2026-07-29T11:50:58.146255+00:00,1,RIGHT,594.24,-45.76,233.8,2319,0.3047712813690305,58.20702713079849,-2.106
2026-07-29T11:50:58.212933+00:00,1,RIGHT,595.24,-44.76,233.8,2506,-0.027194159738719463,-5.193701934777369,-2.103
2026-07-29T11:50:58.196246+00:00,1,RIGHT,594.24,-45.76,233.8,2186,-0.18857156738638878,-36.014516491356254,-2.12
2026-07-29T11:50:58.313000+00:00,1,RIGHT,595.24,-44.76,233.8,2554,0.05523256851360202,10.548643558321848,-2.111
2026-07-29T11:50:58.329710+00:00,1,RIGHT,595.24,-44.76,233.8,2551,-0.1625293469335884,-31.04081875437381,-2.106
2026-07-29T11:50:58.362932+00:00,1,RIGHT,596.24,-43.76,233.8,2455,0.06442629732191563,12.304516420669213,-2.084
2026-07-29T11:50:58.462926+00:00,1,RIGHT,595.24,-44.76,233.8,2297,0.10075724634341895,19.24321656945951,-2.09
2026-07-29T11:50:58.429681+00:00,1,RIGHT,595.24,-44.76,233.8,2429,-0.05879451934248209,-11.228926056081692,-2.093
2026-07-29T11:50:58.412891+00:00,1,RIGHT,594.24,-45.76,233.8,2369,-0.04588464748114347,-8.763322150383681,-2.114
2026-07-29T11:50:58.596269+00:00,1,RIGHT,596.24,-43.76,233.8,2365,0.1245999873499386,23.79684467511643,-2.089
2026-07-29T11:50:58.663080+00:00,1,RIGHT,596.24,-43.76,233.8,2423,-0.16840117339976132,-32.162255002856895,-2.074
2026-07-29T11:50:58.546254+00:00,1,RIGHT,596.24,-43.76,233.8,2374,0.3095764127187431,59.12473961861359,-2.065
2026-07-29T11:50:58.713139+00:00,1,RIGHT,596.24,-43.76,233.8,2508,0.03311453792674001,6.3244108790936595,-2.06
2026-07-29T11:50:58.829516+00:00,1,RIGHT,597.24,-42.76,233.8,3040,-0.031088975742459297,-5.937556998091709,-2.038
2026-07-29T11:50:58.896088+00:00,1,RIGHT,596.24,-43.76,233.8,2343,-0.031088975742459297,-5.937556998091709,-2.043
2026-07-29T11:50:58.929576+00:00,1,RIGHT,596.24,-43.76,233.8,2245,-0.031088975742459297,-5.937556998091709,-2.046
2026-07-29T11:50:58.946244+00:00,1,RIGHT,596.24,-43.76,233.8,2475,-0.1433676516916603,-27.381204535445843,-2.048
2026-07-29T11:50:59.062980+00:00,1,RIGHT,596.24,-43.76,233.8,2395,0.12062695466913283,23.038051326857367,-2.05
2026-07-29T11:50:58.813027+00:00,1,RIGHT,596.24,-43.76,233.8,2629,0.3600073580816388,68.75634070577617,-2.05
2026-07-29T11:50:59.129610+00:00,1,RIGHT,596.24,-43.76,233.8,2201,0.09112397952005268,17.403398129785224,-2.051
2026-07-29T11:50:59.179552+00:00,1,RIGHT,596.24,-43.76,233.8,2367,0.03785851264838129,7.230443311316309,-2.051
2026-07-29T11:50:59.212968+00:00,1,RIGHT,596.24,-43.76,233.8,1813,-0.0003936316492035985,-0.07517810727380116,-2.051
2026-07-29T11:50:59.079614+00:00,1,RIGHT,596.24,-43.76,233.8,1944,0.004894034004537388,0.9346916441783384,-2.051
2026-07-29T11:50:59.263003+00:00,1,RIGHT,596.24,-43.76,233.8,2117,-0.04081242738291621,-7.794599469084169,-2.051
2026-07-29T11:50:59.329531+00:00,1,RIGHT,597.24,-42.76,233.8,2239,-0.3070547549985349,-58.64313846946523,-2.033
2026-07-29T11:50:59.412847+00:00,1,RIGHT,596.24,-43.76,233.8,1615,0.5992684333957732,114.45184009664827,-2.04
2026-07-29T11:50:59.296204+00:00,1,RIGHT,596.24,-43.76,233.8,2328,-0.0002376762544736266,-0.04539282090605386,-2.045
2026-07-29T11:50:59.479499+00:00,1,RIGHT,596.24,-43.76,233.8,2334,0.2022056358284317,38.61843175576147,-2.047
2026-07-29T11:50:59.529579+00:00,1,RIGHT,596.24,-43.76,233.8,1935,-0.036400042232126,-6.951895979995921,-2.049
2026-07-29T11:50:59.512822+00:00,1,RIGHT,595.24,-44.76,233.8,1617,0.09823095544241368,18.760730547959827,-2.069
2026-07-29T11:50:59.665288+00:00,1,RIGHT,594.24,-45.76,233.8,1848,0.21205551322549582,40.49961976767174,-2.099
2026-07-29T11:50:59.612781+00:00,1,RIGHT,596.24,-43.76,233.8,2223,0.21512426123954356,41.0857074663187,-2.08
2026-07-29T11:50:59.596428+00:00,1,RIGHT,596.24,-43.76,233.8,2052,-0.18406970949843526,-35.1547249681982,-2.069
2026-07-29T11:50:59.563024+00:00,1,RIGHT,596.24,-43.76,233.8,2238,-0.028965598810464142,-5.53202187636251,-2.062
2026-07-29T11:50:59.496333+00:00,1,RIGHT,596.24,-43.76,233.8,2069,-0.6325094199366867,-120.80040088213335,-2.058
2026-07-29T11:50:59.846304+00:00,1,RIGHT,589.24,-50.76,233.8,1176,0.15413834885694086,29.43825616872616,-2.186
2026-07-29T11:50:59.862958+00:00,1,RIGHT,587.24,-52.76,233.8,2163,-0.37260711217299103,-71.16271648023341,-2.301
2026-07-29T11:50:59.896308+00:00,1,RIGHT,588.24,-51.76,233.8,2692,0.35148641616106036,67.12896067402536,-2.351
2026-07-29T11:50:59.912943+00:00,1,RIGHT,586.24,-53.76,233.8,2348,-0.0049607564136385915,-0.9474346856464857,-2.419
2026-07-29T11:50:59.879546+00:00,1,RIGHT,588.24,-51.76,233.8,1961,-0.06726482584141195,-12.846635434651404,-2.422
2026-07-29T11:50:59.946311+00:00,1,RIGHT,584.24,-55.76,233.8,2190,-0.8686472941748797,-165.89941280559825,-2.499
2026-07-29T11:51:00.012922+00:00,1,RIGHT,581.24,-58.76,233.8,2258,-0.25046198911964895,-47.83471635002476,-2.601
2026-07-29T11:51:00.096307+00:00,1,NONE,0.0,0.0,233.8,0,0.19606540966778993,37.4457349415595,-2.662
2026-07-29T11:51:00.113023+00:00,1,RIGHT,576.24,-63.76,233.8,2401,0.19606540966778993,37.4457349415595,-2.793
2026-07-29T11:51:00.129694+00:00,1,RIGHT,577.24,-62.76,233.8,1588,0.21203266933560372,40.49525690607681,-2.853
2026-07-29T11:51:00.146194+00:00,1,RIGHT,578.24,-61.76,233.8,2476,-0.05582970644114539,-10.66268850177326,-2.87
2026-07-29T11:51:00.181874+00:00,1,RIGHT,579.24,-60.76,233.8,2866,-0.09643584478646516,-18.41788966681046,-2.861
2026-07-29T11:51:00.279657+00:00,1,RIGHT,579.24,-60.76,233.8,3109,-0.14508078508079053,-27.70838891191286,-2.856
2026-07-29T11:51:00.379849+00:00,1,RIGHT,576.24,-63.76,233.8,2325,-0.5401610682904721,-103.16316490107296,-2.909
2026-07-29T11:51:00.396165+00:00,1,RIGHT,575.24,-64.76,233.8,1613,-0.49708129692822695,-94.93553462958899,-2.96
2026-07-29T11:51:00.429690+00:00,1,RIGHT,574.24,-65.76,233.8,2788,-0.2391342531144619,-45.671278134906096,-3.009
2026-07-29T11:51:00.462940+00:00,1,RIGHT,575.24,-64.76,233.8,2197,-0.13243487033993007,-25.293197102800928,-3.02
2026-07-29T11:51:00.512917+00:00,1,RIGHT,575.24,-64.76,233.8,2843,0.07480918116867542,14.28750116598219,-3.026
2026-07-29T11:51:00.529663+00:00,1,RIGHT,574.24,-65.76,233.8,3046,0.047626530006527903,9.095997207424073,-3.049
2026-07-29T11:51:00.562947+00:00,1,RIGHT,573.24,-66.76,233.8,1755,-0.1385886077210307,-26.46847437003078,-3.081
2026-07-29T11:51:00.679649+00:00,1,NONE,0.0,0.0,233.8,0,-0.39432692194357516,-75.31089458583835,-3.1
2026-07-29T11:51:00.696390+00:00,1,RIGHT,565.24,-74.76,233.8,2393,0.30875301502645014,58.967482243182936,-3.262
2026-07-29T11:51:00.729661+00:00,1,RIGHT,563.24,-76.76,233.8,1780,0.30875301502645014,58.967482243182936,-3.397
2026-07-29T11:51:00.779671+00:00,1,NONE,0.0,0.0,233.8,0,-0.019830204397439957,-3.787290062850251,-3.477
2026-07-29T11:51:00.846297+00:00,1,NONE,0.0,0.0,233.8,0,-0.1873180864751339,-35.7751192716392,-3.526
2026-07-29T11:51:00.863022+00:00,1,NONE,0.0,0.0,233.8,0,0.012755079604685308,2.436040762339542,-3.555
2026-07-29T11:51:00.879538+00:00,0,NONE,0.0,0.0,233.8,0,-0.17656864892225713,-33.722127925241615,-2.133
2026-07-29T11:51:00.896303+00:00,0,NONE,0.0,0.0,233.8,0,0.007381056547164917,1.4096779616665127,-1.28
2026-07-29T11:51:00.963111+00:00,1,RIGHT,563.24,-76.76,233.8,2224,-0.0019910893123596908,-0.38027004743938514,-2.207
2026-07-29T11:51:01.029453+00:00,1,NONE,0.0,0.0,233.8,0,-0.37194660739507523,-71.03656935982409,-2.764
2026-07-29T11:51:01.063041+00:00,1,NONE,0.0,0.0,233.8,0,-0.1218835084233433,-23.2780354163493,-3.097
2026-07-29T11:51:01.079547+00:00,1,NONE,0.0,0.0,233.8,0,-0.23166626440361143,-44.24499735296251,-3.298
2026-07-29T11:51:01.146298+00:00,0,NONE,0.0,0.0,233.8,0,-0.29996050694957377,-57.28823689605059,-1.979
2026-07-29T11:51:01.179970+00:00,0,NONE,0.0,0.0,233.8,0,-0.04854417035356164,-9.271253604077252,-1.187
2026-07-29T11:51:01.196262+00:00,0,NONE,0.0,0.0,233.8,0,-0.04854417035356164,-9.271253604077252,-0.712
2026-07-29T11:51:01.229523+00:00,0,NONE,0.0,0.0,233.8,0,0.07610290039330721,14.534583337469986,-0.427
2026-07-29T11:51:01.263146+00:00,0,NONE,0.0,0.0,233.8,0,-0.16023710748180747,-30.603033266972382,-0.256
2026-07-29T11:51:01.313006+00:00,0,NONE,0.0,0.0,233.8,0,0.2605916419625282,49.76933753612369,-0.154
2026-07-29T11:51:01.329630+00:00,0,NONE,0.0,0.0,233.8,0,-0.40850356021896006,-78.01843305538227,-0.092
2026-07-29T11:51:01.279437+00:00,0,NONE,0.0,0.0,233.8,0,-0.01881966823711991,-3.594291872744604,-0.055
2026-07-29T11:51:01.446254+00:00,0,NONE,0.0,0.0,233.8,0,-0.01881966823711991,-3.594291872744604,-0.033
2026-07-29T11:51:01.463018+00:00,0,NONE,0.0,0.0,233.8,0,0.13564237714395858,25.905785778235362,-0.02
2026-07-29T11:51:01.579775+00:00,0,NONE,0.0,0.0,233.8,0,-0.1352450060658157,-25.829893492641524,-0.012
2026-07-29T11:51:01.496208+00:00,0,NONE,0.0,0.0,233.8,0,0.0005552272091154008,0.10604058584380019,-0.007
2026-07-29T11:51:01.479625+00:00,0,NONE,0.0,0.0,233.8,0,-0.0457065590005368,-8.72930975598815,-0.004
2026-07-29T11:51:01.613069+00:00,0,NONE,0.0,0.0,233.8,0,-0.0457065590005368,-8.72930975598815,-0.003
2026-07-29T11:51:01.712854+00:00,0,NONE,0.0,0.0,233.8,0,-0.16877778159454465,-32.23418186982731,-0.002
2026-07-29T11:51:01.846384+00:00,0,NONE,0.0,0.0,233.8,0,-0.1611637054756284,-30.78000044814314,-0.001
2026-07-29T11:51:01.896398+00:00,0,NONE,0.0,0.0,233.8,0,0.001628641951829195,0.31104770059253867,-0.001
2026-07-29T11:51:01.946387+00:00,1,RIGHT,561.24,-78.76,233.8,2551,-0.22082841336727144,-42.17512027504995,-1.477
2026-07-29T11:51:01.979638+00:00,1,NONE,0.0,0.0,233.8,0,0.059349744957871736,11.334966337546295,-2.363
2026-07-29T11:51:02.062834+00:00,1,NONE,0.0,0.0,233.8,0,0.2757103658467531,52.656801103422765,-2.895
2026-07-29T11:51:02.079615+00:00,1,NONE,0.0,0.0,233.8,0,-0.03375459322705865,-6.446652436971115,-3.214
2026-07-29T11:51:02.112966+00:00,0,NONE,0.0,0.0,233.8,0,0.003233859837055206,0.6176217340004246,-1.928
2026-07-29T11:51:02.146331+00:00,0,NONE,0.0,0.0,233.8,0,-0.49838706928770987,-95.18491878026636,-1.157
2026-07-29T11:51:02.212961+00:00,0,NONE,0.0,0.0,233.8,0,0.10795810706913471,20.618479664276254,-0.694
2026-07-29T11:51:02.262993+00:00,0,NONE,0.0,0.0,233.8,0,0.001588584529235959,0.3033972964166573,-0.416
2026-07-29T11:51:02.346341+00:00,0,NONE,0.0,0.0,233.8,0,-0.14656396167818456,-27.991654776257032,-0.25
2026-07-29T11:51:02.396352+00:00,0,NONE,0.0,0.0,233.8,0,-0.9071424150466919,-173.2514393316009,-0.15
2026-07-29T11:51:02.246336+00:00,0,NONE,0.0,0.0,233.8,0,0.06336402722634375,12.101637776738455,-0.09
2026-07-29T11:51:02.412968+00:00,1,RIGHT,560.24,-79.76,233.8,2620,0.3679448184370995,70.2722839671772,-1.55
2026-07-29T11:51:02.429708+00:00,1,RIGHT,560.24,-79.76,233.8,1762,0.39032560848630965,74.54670000713764,-2.425
2026-07-29T11:51:02.546322+00:00,1,RIGHT,560.24,-79.76,233.8,3673,-0.19843268416821958,-37.89785106763803,-2.951
2026-07-29T11:51:02.646246+00:00,1,NONE,0.0,0.0,233.8,0,-0.08312185909599065,-15.875105704937923,-3.266
2026-07-29T11:51:02.679683+00:00,1,RIGHT,560.24,-79.76,233.8,2058,0.2953695108368993,56.4114212259932,-3.455
2026-07-29T11:51:02.729680+00:00,1,RIGHT,561.24,-78.76,233.8,4688,0.02139635568135418,4.086402925007851,-3.55
2026-07-29T11:51:02.762839+00:00,1,RIGHT,561.24,-78.76,233.8,1462,0.30973948396276685,59.15588393208863,-3.607
2026-07-29T11:51:02.796216+00:00,1,NONE,0.0,0.0,233.8,0,-0.15425712238065897,-29.46094024081598,-3.641
2026-07-29T11:51:02.829719+00:00,1,NONE,0.0,0.0,233.8,0,0.3372816063836217,64.41604184391403,-3.661
2026-07-29T11:51:02.929705+00:00,1,NONE,0.0,0.0,233.8,0,0.016058066114783286,3.0668647183970723,-3.674
2026-07-29T11:51:02.979678+00:00,0,NONE,0.0,0.0,233.8,0,0.24443293842952699,46.68325248664335,-2.204
2026-07-29T11:51:02.996378+00:00,1,RIGHT,566.24,-73.76,233.8,3801,0.009453615732491016,1.8055076087007051,-2.706
2026-07-29T11:51:03.063806+00:00,1,RIGHT,569.24,-70.76,233.8,3071,0.32191877281991765,61.48195676204013,-2.95
2026-07-29T11:51:03.112929+00:00,1,NONE,0.0,0.0,233.8,0,0.32191877281991765,61.48195676204013,-3.097
2026-07-29T11:51:03.029738+00:00,1,NONE,0.0,0.0,233.8,0,0.18054689224343748,34.48191643250742,-3.185
2026-07-29T11:51:03.162939+00:00,1,NONE,0.0,0.0,233.8,0,-0.06957401975989341,-13.287658986672286,-3.238
2026-07-29T11:51:03.179647+00:00,1,RIGHT,576.24,-63.76,233.8,3172,0.6628072826191783,126.58686641537895,-3.138
2026-07-29T11:51:03.279696+00:00,1,NONE,0.0,0.0,233.8,0,0.6669646336138249,127.38086196853813,-3.079
2026-07-29T11:51:03.363169+00:00,1,NONE,0.0,0.0,233.8,0,0.6669646336138249,127.38086196853813,-3.043
2026-07-29T11:51:03.396329+00:00,1,RIGHT,595.24,-44.76,233.8,1971,0.3542200648225844,67.65104911061508,-2.665
2026-07-29T11:51:03.446205+00:00,1,NONE,0.0,0.0,233.8,0,0.17691940799355507,33.78911797327929,-2.438
2026-07-29T11:51:03.412998+00:00,1,RIGHT,595.24,-44.76,233.8,1459,0.18299706816673278,34.949865564072056,-2.302
2026-07-29T11:51:03.513046+00:00,1,RIGHT,605.24,-34.76,233.8,3057,1.1165351662784815,213.24250901898196,-2.033
2026-07-29T11:51:03.546327+00:00,1,RIGHT,611.24,-28.76,233.8,2914,-0.10215332826599478,-19.509848576186524,-1.759
2026-07-29T11:51:03.596183+00:00,1,RIGHT,613.24,-26.76,233.8,3186,0.989287471473217,188.93998946861387,-1.557
2026-07-29T11:51:03.713038+00:00,1,RIGHT,632.24,-7.76,233.8,1956,-0.2160680502280593,-41.265957885628275,-1.08
2026-07-29T11:51:03.746312+00:00,1,RIGHT,638.24,-1.76,233.8,2653,1.1531783533096314,220.24084223495996,-0.681
2026-07-29T11:51:03.762981+00:00,1,RIGHT,638.24,-1.76,233.8,2478,0.5472220668941736,104.51171629820587,-0.442
2026-07-29T11:51:03.813068+00:00,1,RIGHT,649.24,9.24,233.8,3101,0.5815030693262816,111.05890548766418,-0.092
2026-07-29T11:51:03.929500+00:00,1,NONE,0.0,0.0,233.8,0,-0.024792846627533435,-4.735084912909408,0.118
2026-07-29T11:51:03.979636+00:00,1,NONE,0.0,0.0,233.8,0,-0.024792846627533435,-4.735084912909408,0.244
2026-07-29T11:51:03.996422+00:00,1,NONE,0.0,0.0,233.8,0,0.11119681317359209,21.2370269671718,0.32
2026-07-29T11:51:04.062909+00:00,0,NONE,0.0,0.0,233.8,0,0.3244655825942755,61.9683615996847,0.192
2026-07-29T11:51:04.129630+00:00,0,NONE,0.0,0.0,233.8,0,-0.08553035385906696,-16.335094321283368,0.115
2026-07-29T11:51:04.162921+00:00,0,NONE,0.0,0.0,233.8,0,0.1285103976354003,24.54367802685477,0.069
2026-07-29T11:51:04.029553+00:00,0,NONE,0.0,0.0,233.8,0,-0.067770303087309,-12.943174477417395,0.041
2026-07-29T11:51:04.212874+00:00,0,NONE,0.0,0.0,233.8,0,0.12035791954025626,22.986669402106084,0.025
2026-07-29T11:51:04.262874+00:00,0,NONE,0.0,0.0,233.8,0,0.2662080885097384,50.84199981284359,0.015
2026-07-29T11:51:04.313097+00:00,0,NONE,0.0,0.0,233.8,0,-0.24049373988062142,-45.93092098158886,0.009
2026-07-29T11:51:04.346370+00:00,0,NONE,0.0,0.0,233.8,0,-0.03492802131921053,-6.670760694445751,0.005
2026-07-29T11:51:04.362869+00:00,0,NONE,0.0,0.0,233.8,0,0.2586810455098748,49.40444049249134,0.003
2026-07-29T11:51:04.329530+00:00,0,NONE,0.0,0.0,233.8,0,-0.05790250052232295,-11.058563010610499,0.002
2026-07-29T11:51:04.463076+00:00,0,NONE,0.0,0.0,233.8,0,0.29015306434128435,55.415153331811396,0.001
2026-07-29T11:51:04.479556+00:00,0,NONE,0.0,0.0,233.8,0,0.6992892500385642,133.55440895359422,0.001
2026-07-29T11:51:04.496424+00:00,0,NONE,0.0,0.0,233.8,0,0.02647687977179885,5.05671155199792,0.0
2026-07-29T11:51:04.512942+00:00,0,NONE,0.0,0.0,233.8,0,0.02647687977179885,5.05671155199792,0.0
2026-07-29T11:51:04.613042+00:00,0,NONE,0.0,0.0,233.8,0,0.12682808745652438,24.222380449916475,0.0
2026-07-29T11:51:04.596372+00:00,0,NONE,0.0,0.0,233.8,0,-0.3006195622868836,-57.41410719369533,0.0
2026-07-29T11:51:04.563010+00:00,0,NONE,0.0,0.0,233.8,0,-0.3006195622868836,-57.41410719369533,0.0
2026-07-29T11:51:04.796200+00:00,0,NONE,0.0,0.0,233.8,0,-0.19738634230569005,-37.69801449213537,0.0
2026-07-29T11:51:04.779737+00:00,0,NONE,0.0,0.0,233.8,0,-0.19738634230569005,-37.69801449213537,0.0
2026-07-29T11:51:04.746373+00:00,0,NONE,0.0,0.0,233.8,0,0.0024182551447302103,0.46185271192946364,0.0
2026-07-29T11:51:04.929743+00:00,0,NONE,0.0,0.0,233.8,0,-0.3085604368522763,-58.93070252116128,0.0
2026-07-29T11:51:04.964469+00:00,0,NONE,0.0,0.0,233.8,0,-0.3085604368522763,-58.93070252116128,0.0
2026-07-29T11:51:04.879708+00:00,0,NONE,0.0,0.0,233.8,0,-0.39190110155148433,-74.84759701809311,0.0
2026-07-29T11:51:04.996201+00:00,0,NONE,0.0,0.0,233.8,0,0.386070204009302,73.73397761829226,0.0
2026-07-29T11:51:05.029726+00:00,0,NONE,0.0,0.0,233.8,0,-0.12460989076644183,-23.798736088344413,0.0
2026-07-29T11:51:05.096205+00:00,0,NONE,0.0,0.0,233.8,0,0.008936796382768078,1.7068023836679715,0.0
2026-07-29T11:51:05.196198+00:00,1,RIGHT,680.24,40.24,233.8,2315,0.005046236235648393,0.9637601290954562,0.754
2026-07-29T11:51:05.212965+00:00,1,RIGHT,678.24,38.24,233.8,1446,-0.7915097612142563,-151.16722920328155,1.17
2026-07-29T11:51:05.262916+00:00,1,RIGHT,683.24,43.24,233.8,2296,-0.6107712154835463,-116.64870965094187,1.512
2026-07-29T11:51:05.312924+00:00,1,RIGHT,685.24,45.24,233.8,2072,-0.5690359792113304,-108.67786666634427,1.756
2026-07-29T11:51:05.329693+00:00,1,RIGHT,686.24,46.24,233.8,1592,-0.5690359792113304,-108.67786666634427,1.92
2026-07-29T11:51:05.429696+00:00,1,RIGHT,697.24,57.24,233.8,2642,-0.2660251431912184,-50.807059830734005,2.225
2026-07-29T11:51:05.246415+00:00,1,RIGHT,684.24,44.24,233.8,2549,-0.2660251431912184,-50.807059830734005,2.165
2026-07-29T11:51:05.446364+00:00,1,RIGHT,694.24,54.24,233.8,1888,0.40575030997395517,77.49260099210846,2.316
2026-07-29T11:51:05.512954+00:00,1,RIGHT,696.24,56.24,233.8,1465,-0.16156540527939797,-30.856719459433908,2.444
2026-07-29T11:51:05.496333+00:00,1,NONE,0.0,0.0,233.8,0,-0.40059780806303025,-76.50854561401151,2.521
2026-07-29T11:51:05.663052+00:00,1,NONE,0.0,0.0,233.8,0,-0.2089607549458742,-39.90856447422012,2.567
2026-07-29T11:51:05.679667+00:00,1,NONE,0.0,0.0,233.8,0,-0.2793146426230669,-53.34516726168875,2.595
2026-07-29T11:51:05.696337+00:00,0,NONE,0.0,0.0,233.8,0,0.048068427667021754,9.180393443834083,1.557
2026-07-29T11:51:05.779582+00:00,0,NONE,0.0,0.0,233.8,0,1.2873183318972587,245.85969102511424,0.934
2026-07-29T11:51:05.729570+00:00,0,NONE,0.0,0.0,233.8,0,-0.348160664010793,-66.4937888009691,0.56
2026-07-29T11:51:05.846201+00:00,0,NONE,0.0,0.0,233.8,0,0.3659886440075934,69.89868217117017,0.336
2026-07-29T11:51:05.879575+00:00,0,NONE,0.0,0.0,233.8,0,-0.6589833625033498,-125.85655146927176,0.202
2026-07-29T11:51:05.913004+00:00,0,NONE,0.0,0.0,233.8,0,-0.4705309461057186,-89.86479114051758,0.121
2026-07-29T11:51:05.980424+00:00,0,NONE,0.0,0.0,233.8,0,0.06395514525473117,12.214533004140767,0.073
2026-07-29T11:51:05.963048+00:00,0,NONE,0.0,0.0,233.8,0,-0.12161979035008699,-23.227668974419608,0.044
2026-07-29T11:51:06.029671+00:00,0,NONE,0.0,0.0,233.8,0,-0.12161979035008699,-23.227668974419608,0.026
2026-07-29T11:51:06.113048+00:00,0,NONE,0.0,0.0,233.8,0,-0.03381749191321433,-6.458665201149909,0.016
2026-07-29T11:51:06.146321+00:00,0,NONE,0.0,0.0,233.8,0,-0.40543512124568226,-77.4324043791747,0.009
2026-07-29T11:51:06.246246+00:00,0,NONE,0.0,0.0,233.8,0,0.30317844728007914,57.90281822826022,0.006
2026-07-29T11:51:06.163086+00:00,0,NONE,0.0,0.0,233.8,0,-0.1271707883756608,-24.28783150425571,0.003
2026-07-29T11:51:06.096248+00:00,0,NONE,0.0,0.0,233.8,0,-0.1271707883756608,-24.28783150425571,0.002
2026-07-29T11:51:06.313030+00:00,0,NONE,0.0,0.0,233.8,0,-0.39475396877154706,-75.39245452216248,0.001
2026-07-29T11:51:06.412901+00:00,0,NONE,0.0,0.0,233.8,0,-0.39475396877154706,-75.39245452216248,0.001
2026-07-29T11:51:06.546417+00:00,0,NONE,0.0,0.0,233.8,0,0.15453294991515576,29.51361941948319,0.0
2026-07-29T11:51:06.662882+00:00,0,NONE,0.0,0.0,233.8,0,0.08002305317670107,15.283277369253089,0.0
2026-07-29T11:51:06.679754+00:00,0,NONE,0.0,0.0,233.8,0,0.36273100646212697,69.27651922937488,0.0
2026-07-29T11:51:06.762892+00:00,0,NONE,0.0,0.0,233.8,0,1.8768190195411443,358.44602909862914,0.0
2026-07-29T11:51:06.863124+00:00,0,NONE,0.0,0.0,233.8,0,1.8768190195411443,358.44602909862914,0.0
2026-07-29T11:51:06.879626+00:00,0,NONE,0.0,0.0,233.8,0,-0.15315930909942835,-29.251273348456234,0.0
2026-07-29T11:51:06.896418+00:00,0,NONE,0.0,0.0,233.8,0,0.1696645063860342,32.403533830300546,0.0
2026-07-29T11:51:06.746396+00:00,0,NONE,0.0,0.0,233.8,0,0.5153201887456816,98.41890637670848,0.0
2026-07-29T11:51:06.963006+00:00,0,NONE,0.0,0.0,233.8,0,0.481370057836175,91.93490899327057,0.0
2026-07-29T11:51:06.996654+00:00,0,NONE,0.0,0.0,233.8,0,0.004314691834151745,0.8240454399881838,0.0
2026-07-29T11:51:07.030047+00:00,0,NONE,0.0,0.0,233.8,0,0.9810757253319025,187.37166148084665,0.0
2026-07-29T11:51:07.096345+00:00,0,NONE,0.0,0.0,233.8,0,0.9810757253319025,187.37166148084665,0.0
2026-07-29T11:51:07.129764+00:00,0,NONE,0.0,0.0,233.8,0,0.5257082262635231,100.40287540069471,0.0
2026-07-29T11:51:07.113024+00:00,0,NONE,0.0,0.0,233.8,0,0.2973376461991575,56.787307391886024,0.0
2026-07-29T11:51:07.013047+00:00,0,NONE,0.0,0.0,233.8,0,0.2474484556168318,47.259173846249105,0.0
2026-07-29T11:51:07.263031+00:00,0,NONE,0.0,0.0,233.8,0,0.5202043379470705,99.35171016254773,0.0
2026-07-29T11:51:07.296465+00:00,0,NONE,0.0,0.0,233.8,0,0.22711232079192997,43.37525818932947,0.0
2026-07-29T11:51:07.346217+00:00,0,NONE,0.0,0.0,233.8,0,0.7373816191963851,140.8295155682524,0.0
2026-07-29T11:51:07.312991+00:00,0,NONE,0.0,0.0,233.8,0,0.7373816191963851,140.8295155682524,0.0
2026-07-29T11:51:07.446246+00:00,0,NONE,0.0,0.0,233.8,0,0.6995246040076017,133.59935825065259,0.0
2026-07-29T11:51:07.546213+00:00,0,NONE,0.0,0.0,233.8,0,0.9706388106383383,185.37835760391567,0.0
2026-07-29T11:51:07.563006+00:00,0,NONE,0.0,0.0,233.8,0,2.3946531603485344,457.345064952118,0.0
2026-07-29T11:51:07.596388+00:00,0,NONE,0.0,0.0,233.8,0,-0.07504111409187317,-14.3317970914134,0.0
2026-07-29T11:51:07.679671+00:00,0,NONE,0.0,0.0,233.8,0,0.22211881898343563,42.42156959393724,0.0
2026-07-29T11:51:07.729831+00:00,0,NONE,0.0,0.0,233.8,0,1.1107995429215953,212.14708564822783,0.0
2026-07-29T11:51:07.812969+00:00,0,NONE,0.0,0.0,233.8,0,1.1107995429215953,212.14708564822783,0.0
2026-07-29T11:51:07.862960+00:00,0,NONE,0.0,0.0,233.8,0,2.078175485469401,396.9022813498254,0.0
2026-07-29T11:51:07.696352+00:00,0,NONE,0.0,0.0,233.8,0,2.078175485469401,396.9022813498254,0.0
2026-07-29T11:51:07.663053+00:00,0,NONE,0.0,0.0,233.8,0,1.5759073033183812,300.976124613287,0.0
2026-07-29T11:51:08.029684+00:00,0,NONE,0.0,0.0,233.8,0,0.4081335194408894,77.94776047261166,0.0
2026-07-29T11:51:08.079588+00:00,0,NONE,0.0,0.0,233.8,0,0.8269784191250801,157.94124388089324,0.0
2026-07-29T11:51:07.996386+00:00,0,NONE,0.0,0.0,233.8,0,0.8269784191250801,157.94124388089324,0.0
2026-07-29T11:51:07.979574+00:00,0,NONE,0.0,0.0,233.8,0,2.3527920735627412,449.3501862899286,0.0
2026-07-29T11:51:07.963105+00:00,0,NONE,0.0,0.0,233.8,0,2.3527920735627412,449.3501862899286,0.0
2026-07-29T11:51:08.179628+00:00,0,NONE,0.0,0.0,233.8,0,1.1003130848705769,210.14431968701336,0.0
2026-07-29T11:51:08.212860+00:00,0,NONE,0.0,0.0,233.8,0,-4.163897235915065,-795.245793147075,0.0
2026-07-29T11:51:08.329559+00:00,0,NONE,0.0,0.0,233.8,0,0.007083910368382931,1.352927221857687,0.0
2026-07-29T11:51:08.263032+00:00,0,NONE,0.0,0.0,233.8,0,0.9621030384115875,183.74814519232297,0.0
2026-07-29T11:51:08.246356+00:00,0,NONE,0.0,0.0,233.8,0,1.3528575385641306,258.376757473939,0.0
2026-07-29T11:51:08.496349+00:00,0,NONE,0.0,0.0,233.8,0,0.007033158838748932,1.3432343936848163,0.0
2026-07-29T11:51:08.529676+00:00,0,NONE,0.0,0.0,233.8,0,2.0143507207930087,384.7126492019156,0.0
2026-07-29T11:51:08.563097+00:00,0,NONE,0.0,0.0,233.8,0,-0.0047358083445578816,-0.9044727690866793,0.0
2026-07-29T11:51:08.513102+00:00,0,NONE,0.0,0.0,233.8,0,-1.175846821507439,-224.57020075416295,0.0
2026-07-29T11:51:08.462994+00:00,0,NONE,0.0,0.0,233.8,0,0.21793112315237523,41.62177860392294,0.0
2026-07-29T11:51:08.613036+00:00,0,NONE,0.0,0.0,233.8,0,0.21793112315237523,41.62177860392294,0.0
2026-07-29T11:51:08.646325+00:00,0,NONE,0.0,0.0,233.8,0,0.47045774791389705,89.85081131565303,0.0
2026-07-29T11:51:08.762924+00:00,0,NONE,0.0,0.0,233.8,0,-0.37733656153082845,-72.06597477231655,0.0
2026-07-29T11:51:08.696429+00:00,0,NONE,0.0,0.0,233.8,0,-0.37733656153082845,-72.06597477231655,0.0
2026-07-29T11:51:08.663039+00:00,0,NONE,0.0,0.0,233.8,0,1.474530843347311,281.61464695222287,0.0
2026-07-29T11:51:08.879767+00:00,0,NONE,0.0,0.0,233.8,0,1.474530843347311,281.61464695222287,0.0
2026-07-29T11:51:08.996408+00:00,0,NONE,0.0,0.0,233.8,0,0.5065274359285832,96.73961428763678,0.0
2026-07-29T11:51:09.029655+00:00,0,NONE,0.0,0.0,233.8,0,0.5065274359285832,96.73961428763678,0.0
2026-07-29T11:51:09.096389+00:00,0,NONE,0.0,0.0,233.8,0,0.8978425895981491,171.47530350356803,0.0
2026-07-29T11:51:08.946432+00:00,0,NONE,0.0,0.0,233.8,0,0.8978425895981491,171.47530350356803,0.0
2026-07-29T11:51:08.929645+00:00,0,NONE,0.0,0.0,233.8,0,0.7369042434869334,140.7383435236069,0.0
2026-07-29T11:51:09.213084+00:00,0,NONE,0.0,0.0,233.8,0,0.9875006822799333,188.59873786976473,0.0
2026-07-29T11:51:09.346504+00:00,0,NONE,0.0,0.0,233.8,0,0.5273054556548595,100.70792374415413,0.0
2026-07-29T11:51:09.363052+00:00,0,NONE,0.0,0.0,233.8,0,-0.3593545074015856,-68.63165541037853,0.0
2026-07-29T11:51:09.379646+00:00,0,NONE,0.0,0.0,233.8,0,1.4393058279901743,274.8871645747314,0.0
2026-07-29T11:51:09.546307+00:00,0,NONE,0.0,0.0,233.8,0,1.4393058279901743,274.8871645747314,0.0
2026-07-29T11:51:09.562966+00:00,0,NONE,0.0,0.0,233.8,0,0.7107141416147351,135.7364025159581,0.0
2026-07-29T11:51:09.596311+00:00,0,NONE,0.0,0.0,233.8,0,0.7107141416147351,135.7364025159581,0.0
2026-07-29T11:51:09.612990+00:00,0,NONE,0.0,0.0,233.8,0,0.002046037008985877,0.39076428447487077,0.0
2026-07-29T11:51:09.679801+00:00,0,NONE,0.0,0.0,233.8,0,0.9942170459777117,189.88146884828998,0.0
2026-07-29T11:51:09.746266+00:00,0,NONE,0.0,0.0,233.8,0,0.07553614896722138,14.42634178831086,0.0
2026-07-29T11:51:09.729762+00:00,0,NONE,0.0,0.0,233.8,0,-0.4252831612713635,-81.22310079610226,0.0
2026-07-29T11:51:09.663015+00:00,0,NONE,0.0,0.0,233.8,0,0.36188171699643135,69.1143168894773,0.0
2026-07-29T11:51:09.946348+00:00,0,NONE,0.0,0.0,233.8,0,-0.591344372369349,-112.93845591858756,0.0
2026-07-29T11:51:09.996334+00:00,0,NONE,0.0,0.0,233.8,0,1.236420952230692,236.13900754788338,0.0
2026-07-29T11:51:10.062989+00:00,0,NONE,0.0,0.0,233.8,0,-0.004643110111355781,-0.8867687106506799,0.0
2026-07-29T11:51:10.129835+00:00,0,NONE,0.0,0.0,233.8,0,1.5356015490740538,293.2782925856488,0.0
2026-07-29T11:51:10.163019+00:00,0,NONE,0.0,0.0,233.8,0,0.15230069443583488,29.08729002694973,0.0
2026-07-29T11:51:10.179754+00:00,0,NONE,0.0,0.0,233.8,0,0.5418765066564083,103.49078949568285,0.0
2026-07-29T11:51:10.313109+00:00,0,NONE,0.0,0.0,233.8,0,1.1910123121878131,227.4665961215977,0.0
2026-07-29T11:51:10.296201+00:00,0,NONE,0.0,0.0,233.8,0,-0.14000624999403954,-26.739224100373246,0.0
2026-07-29T11:51:10.413112+00:00,0,NONE,0.0,0.0,233.8,0,0.0010443241428583858,0.19945121943134253,0.0
2026-07-29T11:51:10.429604+00:00,0,NONE,0.0,0.0,233.8,0,0.0010443241428583858,0.19945121943134253,0.0
2026-07-29T11:51:10.463089+00:00,0,NONE,0.0,0.0,233.8,0,1.0303024449199438,196.77327238640916,0.0
2026-07-29T11:51:10.529613+00:00,0,NONE,0.0,0.0,233.8,0,0.000911099016666412,0.17400709457834954,0.0
2026-07-29T11:51:10.546350+00:00,0,NONE,0.0,0.0,233.8,0,1.5531875026226043,296.63696230913234,0.0
2026-07-29T11:51:10.479600+00:00,0,NONE,0.0,0.0,233.8,0,1.5531875026226043,296.63696230913234,0.0
2026-07-29T11:51:10.629617+00:00,0,NONE,0.0,0.0,233.8,0,-0.1050500907935202,-20.063089466449377,0.0
2026-07-29T11:51:10.713093+00:00,0,NONE,0.0,0.0,233.8,0,0.37399211011826994,71.42723160322933,0.0
2026-07-29T11:51:10.779764+00:00,0,NONE,0.0,0.0,233.8,0,1.6436012154445052,313.9047094918083,0.0
2026-07-29T11:51:10.813112+00:00,0,NONE,0.0,0.0,233.8,0,0.004384024366736412,0.8372869783216995,0.0
2026-07-29T11:51:10.896292+00:00,0,NONE,0.0,0.0,233.8,0,0.0006256961077451707,0.11949915410520366,0.0
2026-07-29T11:51:10.946351+00:00,0,NONE,0.0,0.0,233.8,0,0.0006256961077451707,0.11949915410520366,0.0
2026-07-29T11:51:10.963101+00:00,0,NONE,0.0,0.0,233.8,0,0.07715225774096325,14.734995828209097,0.0
2026-07-29T11:51:10.979711+00:00,0,NONE,0.0,0.0,233.8,0,1.4864403173606844,283.88918894284626,0.0
2026-07-29T11:51:11.013056+00:00,0,NONE,0.0,0.0,233.8,0,1.4864403173606844,283.88918894284626,0.0
2026-07-29T11:51:11.079748+00:00,0,NONE,0.0,0.0,233.8,0,1.4864403173606844,283.88918894284626,0.0
2026-07-29T11:51:11.113109+00:00,0,NONE,0.0,0.0,233.8,0,0.3846718212962151,73.46690619294581,0.0
2026-07-29T11:51:11.146410+00:00,0,NONE,0.0,0.0,233.8,0,1.148389399945736,219.32621951483935,0.0
2026-07-29T11:51:11.179586+00:00,0,NONE,0.0,0.0,233.8,0,0.7257530261576176,138.60861789226377,0.0
2026-07-29T11:51:11.246497+00:00,0,NONE,0.0,0.0,233.8,0,1.0508558855205774,200.69869038937296,0.0
2026-07-29T11:51:11.280120+00:00,0,NONE,0.0,0.0,233.8,0,1.0508558855205774,200.69869038937296,0.0
2026-07-29T11:51:11.379664+00:00,0,NONE,0.0,0.0,233.8,0,0.1722028112411499,32.88831434801953,0.0
2026-07-29T11:51:11.446441+00:00,0,NONE,0.0,0.0,233.8,0,0.2512919012457132,47.993217890658805,0.0
2026-07-29T11:51:11.513059+00:00,0,NONE,0.0,0.0,233.8,0,0.17442335130646824,33.31240626129435,0.0
2026-07-29T11:51:11.563227+00:00,0,NONE,0.0,0.0,233.8,0,-6.854964078664779,-1309.2017014042558,0.0
2026-07-29T11:51:11.579611+00:00,0,NONE,0.0,0.0,233.8,0,-6.854964078664779,-1309.2017014042558,0.0
2026-07-29T11:51:11.663080+00:00,0,NONE,0.0,0.0,233.8,0,-4.19379307731986,-800.9554782720325,0.0
2026-07-29T11:51:11.729661+00:00,0,NONE,0.0,0.0,233.8,0,0.17559376111254096,33.53593806858999,0.0
2026-07-29T11:51:11.813047+00:00,0,NONE,0.0,0.0,233.8,0,0.17559376111254096,33.53593806858999,0.0
2026-07-29T11:51:11.863066+00:00,0,NONE,0.0,0.0,233.8,0,-3.049787096977234,-582.46643023417,0.0
2026-07-29T11:51:11.879789+00:00,0,NONE,0.0,0.0,233.8,0,-3.049787096977234,-582.46643023417,0.0
2026-07-29T11:51:11.929786+00:00,0,NONE,0.0,0.0,233.8,0,-0.2759635408874601,-52.70515397445797,0.0
2026-07-29T11:51:12.013078+00:00,0,NONE,0.0,0.0,233.8,0,2.0284001237899063,387.39588752325125,0.0
2026-07-29T11:51:12.079777+00:00,0,NONE,0.0,0.0,233.8,0,0.003529142141342163,0.674016500002226,0.0
2026-07-29T11:51:12.113047+00:00,0,NONE,0.0,0.0,233.8,0,0.003529142141342163,0.674016500002226,0.0
2026-07-29T11:51:12.146280+00:00,0,NONE,0.0,0.0,233.8,0,0.33642059731297197,64.251601224345,0.0
2026-07-29T11:51:12.179536+00:00,1,RIGHT,1005.24,365.24,233.8,1926,0.33642059731297197,64.251601224345,4.0
2026-07-29T11:51:12.213154+00:00,1,NONE,0.0,0.0,233.8,0,-0.45833573159761726,-87.53567673528119,8.0
2026-07-29T11:51:12.279809+00:00,1,NONE,0.0,0.0,233.8,0,-0.07279684642329812,-13.903173539723348,11.648
2026-07-29T11:51:12.363017+00:00,1,NONE,0.0,0.0,233.8,0,-0.07279684642329812,-13.903173539723348,13.837
2026-07-29T11:51:12.413027+00:00,0,NONE,0.0,0.0,233.8,0,0.3156865582661703,60.291691458874375,9.837
2026-07-29T11:51:12.446417+00:00,0,NONE,0.0,0.0,233.8,0,-0.07951919340528547,-15.187047241357956,5.902
2026-07-29T11:51:12.479765+00:00,0,NONE,0.0,0.0,233.8,0,-0.07951919340528547,-15.187047241357956,3.541
2026-07-29T11:51:12.529771+00:00,0,NONE,0.0,0.0,233.8,0,0.0006893787276931107,0.13166163860971228,2.125
2026-07-29T11:51:12.629790+00:00,0,NONE,0.0,0.0,233.8,0,-0.22307603629305958,-42.60438463366498,1.275
2026-07-29T11:51:12.663110+00:00,0,NONE,0.0,0.0,233.8,0,-0.22307603629305958,-42.60438463366498,0.765
2026-07-29T11:51:12.696244+00:00,0,NONE,0.0,0.0,233.8,0,-0.16122478481382133,-30.791665742456168,0.459
2026-07-29T11:51:12.713151+00:00,0,NONE,0.0,0.0,233.8,0,0.08927292006555945,17.049871815217724,0.275
2026-07-29T11:51:12.763183+00:00,0,NONE,0.0,0.0,233.8,0,-0.18253812132403255,-34.862213173713464,0.165
2026-07-29T11:51:12.779807+00:00,0,NONE,0.0,0.0,233.8,0,-0.18253812132403255,-34.862213173713464,0.099
2026-07-29T11:51:12.813139+00:00,0,NONE,0.0,0.0,233.8,0,-0.2061484918743372,-39.371461791288226,0.059
2026-07-29T11:51:12.830045+00:00,0,NONE,0.0,0.0,233.8,0,-0.595499944104813,-113.73211165827404,0.036
2026-07-29T11:51:12.946422+00:00,0,NONE,0.0,0.0,233.8,0,0.36981117229908705,70.62873129840996,0.021
2026-07-29T11:51:13.013113+00:00,0,NONE,0.0,0.0,233.8,0,0.10562398309120909,20.172694821624837,0.013
2026-07-29T11:51:12.896383+00:00,0,NONE,0.0,0.0,233.8,0,0.10562398309120909,20.172694821624837,0.008
2026-07-29T11:51:13.146379+00:00,0,NONE,0.0,0.0,233.8,0,0.7767518532089889,148.34867639280105,0.005
2026-07-29T11:51:13.179789+00:00,0,NONE,0.0,0.0,233.8,0,-0.27925877735950055,-53.3344977822763,0.003
2026-07-29T11:51:13.213140+00:00,0,NONE,0.0,0.0,233.8,0,-0.27925877735950055,-53.3344977822763,0.002
2026-07-29T11:51:13.063117+00:00,0,NONE,0.0,0.0,233.8,0,-0.0002162525779567659,-0.04130120008582168,0.001
2026-07-29T11:51:13.263137+00:00,0,NONE,0.0,0.0,233.8,0,-1.5902257408946752,-303.710744754431,0.001
2026-07-29T11:51:13.329729+00:00,0,NONE,0.0,0.0,233.8,0,-1.5902257408946752,-303.710744754431,0.0
2026-07-29T11:51:13.379742+00:00,0,NONE,0.0,0.0,233.8,0,0.0001943073165602982,0.03710996389139178,0.0
2026-07-29T11:51:13.396465+00:00,0,NONE,0.0,0.0,233.8,0,0.5955679257307201,113.74509519243709,0.0
2026-07-29T11:51:13.313097+00:00,0,NONE,0.0,0.0,233.8,0,-0.13614856543950737,-26.002460621481582,0.0
2026-07-29T11:51:13.279709+00:00,0,NONE,0.0,0.0,233.8,0,0.15234822063241155,29.09636686188357,0.0
2026-07-29T11:51:13.579725+00:00,0,NONE,0.0,0.0,233.8,0,1.0791508715972304,206.10263466795175,0.0
2026-07-29T11:51:13.679590+00:00,0,NONE,0.0,0.0,233.8,0,-1.0123311289586128,-193.3410038634746,0.0
2026-07-29T11:51:13.546419+00:00,0,NONE,0.0,0.0,233.8,0,-0.35416399931535125,-67.64034138747935,0.0
2026-07-29T11:51:13.512974+00:00,0,NONE,0.0,0.0,233.8,0,-0.0001137637929059565,-0.02172728398303881,0.0
2026-07-29T11:51:13.779684+00:00,0,NONE,0.0,0.0,233.8,0,-3.254717797972262e-05,-0.006216053110997451,0.0
2026-07-29T11:51:13.896456+00:00,0,NONE,0.0,0.0,233.8,0,0.9274305597227067,177.12618954522245,0.0
2026-07-29T11:51:13.963100+00:00,0,NONE,0.0,0.0,233.8,0,-2.9548331603594122,-564.3315641796571,0.0
2026-07-29T11:51:13.996459+00:00,0,NONE,0.0,0.0,233.8,0,-0.2721879334328696,-51.984066066970755,0.0
2026-07-29T11:51:14.013086+00:00,0,NONE,0.0,0.0,233.8,0,0.6700652298424393,127.97303222811743,0.0
2026-07-29T11:51:14.096447+00:00,0,NONE,0.0,0.0,233.8,0,-0.6207603106182069,-118.5564862921776,0.0
2026-07-29T11:51:14.063080+00:00,0,NONE,0.0,0.0,233.8,0,-0.6207603106182069,-118.5564862921776,0.0
2026-07-29T11:51:14.163066+00:00,0,NONE,0.0,0.0,233.8,0,-2.7664423011615873,-528.3515604100612,0.0
2026-07-29T11:51:14.196881+00:00,0,NONE,0.0,0.0,233.8,0,-0.0002275883895345032,-0.04346618062168796,0.0
2026-07-29T11:51:14.213066+00:00,0,NONE,0.0,0.0,233.8,0,7.844768101014197,1498.2403448232367,0.0
2026-07-29T11:51:14.312902+00:00,0,NONE,0.0,0.0,233.8,0,0.45729684728197756,87.33726444631955,0.0
2026-07-29T11:51:14.429676+00:00,0,NONE,0.0,0.0,233.8,0,-0.000198659569141455,-0.03794118290564247,0.0
2026-07-29T11:51:14.496204+00:00,0,NONE,0.0,0.0,233.8,0,-0.000198659569141455,-0.03794118290564247,0.0
2026-07-29T11:51:14.529778+00:00,0,NONE,0.0,0.0,233.8,0,-0.18803273444063962,-35.91160697917616,0.0
2026-07-29T11:51:14.546314+00:00,0,NONE,0.0,0.0,233.8,0,-0.18803273444063962,-35.91160697917616,0.0
