timestamp,lane_valid,side,lane_center_x,error_px,half_width,pixel_count,speed_mps,motor_rpm,steering_deg
2026-07-29T07:45:06.475478+00:00,1,BOTH,689.0,49.0,514.8,20937,0.02306664761155844,4.405405185526064,0.919
2026-07-29T07:45:07.275684+00:00,1,BOTH,688.0,48.0,516.8,21966,0.0036179292044835167,0.6909735799800963,1.451
2026-07-29T07:45:08.025697+00:00,1,BOTH,687.5,47.5,518.6,21868,-0.01825575726048555,-3.4865928094704395,1.761
2026-07-29T07:45:08.075713+00:00,1,BOTH,686.5,46.5,519.8,22872,0.0084482203645166,1.613491237610917,1.929
2026-07-29T07:45:08.109572+00:00,1,BOTH,687.5,47.5,520.9,22055,-0.013729221183457412,-2.62208809937905,2.048
2026-07-29T07:45:08.125685+00:00,1,BOTH,687.0,47.0,521.7,22377,-0.005846540916245431,-1.116607064171375,2.11
2026-07-29T07:45:08.175869+00:00,1,BOTH,687.0,47.0,522.4,22661,-0.005791761245054658,-1.1061449176302227,2.147
2026-07-29T07:45:08.259189+00:00,1,BOTH,687.0,47.0,522.7,22740,0.013505327160237357,2.579327490750006,2.17
2026-07-29T07:45:08.292389+00:00,1,BOTH,687.0,47.0,523.2,22222,-0.003511697206413373,-0.6706847628512259,2.183
2026-07-29T07:45:08.375883+00:00,1,BOTH,688.0,48.0,523.5,22148,-0.013254753092478495,-2.5314713689566464,2.21
2026-07-29T07:45:08.442509+00:00,1,BOTH,688.5,48.5,523.9,21874,-0.0028722830885089933,-0.5485656617945547,2.235
2026-07-29T07:45:08.577172+00:00,1,BOTH,688.0,48.0,524.1,22361,0.010604476855951362,2.025305892633912,2.241
2026-07-29T07:45:08.592589+00:00,1,BOTH,687.5,47.5,524.2,22227,-0.0019429236468567978,-0.3710710829368697,2.235
2026-07-29T07:45:08.692704+00:00,1,BOTH,688.0,48.0,524.4,22048,-0.010266483002342284,-1.9607538215900366,2.241
2026-07-29T07:45:08.725910+00:00,1,BOTH,688.0,48.0,524.5,22247,0.0019243881182046607,0.36753105772749883,2.245
2026-07-29T07:45:08.809293+00:00,1,BOTH,687.0,47.0,524.6,22271,-0.0007238412712467834,-0.1382434995994164,2.228
2026-07-29T07:45:08.859281+00:00,1,BOTH,686.5,46.5,524.6,23109,0.0027183041512034833,0.5191578509895038,2.209
2026-07-29T07:45:08.875925+00:00,1,BOTH,687.0,47.0,524.5,22734,-0.0004746426289784722,-0.09065006472486761,2.206
2026-07-29T07:45:08.959293+00:00,1,BOTH,686.0,46.0,524.4,23096,0.009108069618232548,1.7395131621201867,2.186
2026-07-29T07:45:09.059264+00:00,1,BOTH,687.5,47.5,524.4,22426,0.004732749009272084,0.9038884790867071,2.202
2026-07-29T07:45:09.092672+00:00,1,BOTH,687.5,47.5,524.4,22253,-0.008388171684928239,-1.602022784591762,2.212
2026-07-29T07:45:09.142839+00:00,1,BOTH,687.5,47.5,524.4,22679,-0.002456190425436944,-0.46909781685993,2.218
2026-07-29T07:45:09.226150+00:00,1,BOTH,688.5,48.5,524.6,21165,-0.00027338090985722373,-0.052211907780884415,2.24
2026-07-29T07:45:09.242734+00:00,1,BOTH,688.0,48.0,524.9,21666,-0.015760473357513547,-3.010028688379682,2.244
2026-07-29T07:45:09.359450+00:00,1,BOTH,687.0,47.0,524.9,22851,0.005416162351029925,1.0344108129055607,2.228
2026-07-29T07:45:09.409462+00:00,1,BOTH,687.0,47.0,524.9,22561,0.013222293490543961,2.5252720416382344,2.218
2026-07-29T07:45:09.475974+00:00,1,BOTH,687.5,47.5,524.9,22441,0.013222293490543961,2.5252720416382344,2.221
2026-07-29T07:45:09.592782+00:00,1,BOTH,686.5,46.5,524.8,22861,0.013222293490543961,2.5252720416382344,2.205
2026-07-29T07:45:09.609498+00:00,1,BOTH,687.0,47.0,524.6,22868,0.013222293490543961,2.5252720416382344,2.204
2026-07-29T07:45:09.709217+00:00,1,BOTH,686.5,46.5,524.6,22620,-0.0007325277198106051,-0.13990248907163125,2.194
2026-07-29T07:45:09.759427+00:00,1,BOTH,686.5,46.5,524.6,22899,-0.002553000090410933,-0.48758710092354685,2.188
2026-07-29T07:45:09.859398+00:00,1,BOTH,687.5,47.5,524.8,22113,-0.005320473974570632,-1.0161356791736391,2.204
2026-07-29T07:45:09.876126+00:00,1,BOTH,687.5,47.5,524.9,22019,0.0009178308444097638,0.17529277897202664,2.213
2026-07-29T07:45:09.926150+00:00,1,BOTH,687.0,47.0,524.9,22454,-0.0026960877032252027,-0.5149148219730791,2.209
2026-07-29T07:45:09.976566+00:00,1,BOTH,687.5,47.5,525.0,22134,0.0010103923585484153,0.19297072599031073,2.216
2026-07-29T07:45:09.992800+00:00,1,BOTH,688.0,48.0,525.2,21606,-0.012705103188636713,-2.4264959699569606,2.23
2026-07-29T07:45:10.076140+00:00,1,BOTH,688.0,48.0,525.4,21685,-0.0036720564763527363,-0.7013111274289746,2.238
2026-07-29T07:45:10.159428+00:00,1,BOTH,687.5,47.5,525.4,22182,-0.006717278505675495,-1.2829056939638341,2.233
2026-07-29T07:45:10.226288+00:00,1,BOTH,687.0,47.0,525.3,22189,-0.0025608248698699753,-0.48908152371895947,2.221
2026-07-29T07:45:10.292991+00:00,1,BOTH,688.0,48.0,525.3,21897,-0.0037129668251145633,-0.7091244285038444,2.233
2026-07-29T07:45:10.309579+00:00,1,BOTH,688.5,48.5,525.5,21467,-0.004107385773677379,-0.7844528988793006,2.249
2026-07-29T07:45:10.392832+00:00,1,BOTH,686.5,46.5,525.3,22805,0.006870851166895591,1.3122359117521805,2.221
2026-07-29T07:45:10.442721+00:00,1,BOTH,687.5,47.5,525.3,21963,-0.0009052119817351922,-0.17288275372699957,2.223
2026-07-29T07:45:10.509524+00:00,1,BOTH,687.0,47.0,525.3,22340,0.0038661898870486766,0.7383878777468321,2.215
2026-07-29T07:45:10.526128+00:00,1,BOTH,687.5,47.5,525.3,22057,0.0,0.0,2.22
2026-07-29T07:45:10.576157+00:00,1,BOTH,687.0,47.0,525.3,22360,0.0053586247586645186,1.0234219422192874,2.213
2026-07-29T07:45:10.643084+00:00,1,BOTH,687.5,47.5,525.3,21962,0.013439829324488528,2.5668183255645096,2.219
2026-07-29T07:45:10.709697+00:00,1,BOTH,687.5,47.5,525.1,22496,0.006615344292295049,1.2634376932482159,2.222
2026-07-29T07:45:10.759673+00:00,1,BOTH,687.5,47.5,525.2,21884,-0.0015320920634258072,-0.2926080301992946,2.224
2026-07-29T07:45:10.776290+00:00,1,BOTH,687.5,47.5,525.3,21918,-0.00918813414464239,-1.7548043602935122,2.225
2026-07-29T07:45:10.859752+00:00,1,BOTH,687.0,47.0,525.2,22644,-0.011749038750713226,-2.2439011125050836,2.216
2026-07-29T07:45:10.926439+00:00,1,BOTH,687.0,47.0,525.2,22601,0.0044579792968579566,0.8514113295555308,2.211
2026-07-29T07:45:10.976325+00:00,1,BOTH,688.5,48.5,525.2,22001,0.0059237884220056,1.1313602510312757,2.236
2026-07-29T07:45:11.026317+00:00,1,BOTH,688.0,48.0,525.2,22106,0.0011502751085936324,0.219686363337892,2.242
2026-07-29T07:45:11.076328+00:00,1,BOTH,688.0,48.0,525.4,21525,0.0034189415836590343,0.6529697438181218,2.245
2026-07-29T07:45:11.126345+00:00,1,BOTH,688.0,48.0,525.3,22272,-0.01894589504940086,-3.6183994180948984,2.247
2026-07-29T07:45:11.159624+00:00,1,BOTH,688.5,48.5,525.3,21451,0.0007216908534155664,0.13783280004635504,2.258
2026-07-29T07:45:11.176366+00:00,1,BOTH,689.0,49.0,525.5,21355,0.010213217728596647,1.950580903655923,2.273
2026-07-29T07:45:11.243141+00:00,1,BOTH,688.0,48.0,525.6,21629,-0.0005254940074883052,-0.10036196262831988,2.264
2026-07-29T07:45:11.259624+00:00,1,BOTH,688.0,48.0,525.5,22075,-0.0034193145285826175,-0.6530409710518289,2.258
2026-07-29T07:45:11.326308+00:00,1,BOTH,688.0,48.0,525.4,22049,-0.023494119035312906,-4.487046213671329,2.255
2026-07-29T07:45:11.376390+00:00,1,BOTH,687.5,47.5,525.4,21853,-7.726142488536424e-05,-0.01475584521699467,2.244
2026-07-29T07:45:11.426396+00:00,1,BOTH,687.5,47.5,525.2,22391,0.006000013337179553,1.1459181374753098,2.237
2026-07-29T07:45:11.493176+00:00,1,BOTH,688.0,48.0,525.2,22015,-0.011015657741954782,-2.1038356572487316,2.242
2026-07-29T07:45:11.509750+00:00,1,BOTH,688.0,48.0,525.1,22113,0.004545786029593728,0.8681811802175072,2.245
2026-07-29T07:45:11.593238+00:00,1,BOTH,687.5,47.5,525.2,21976,-4.400663921842351e-05,-0.008404648992568516,2.238
2026-07-29T07:45:11.643304+00:00,1,BOTH,687.5,47.5,525.3,22237,0.017447238181484862,3.33217703986196,2.233
2026-07-29T07:45:11.693307+00:00,1,BOTH,687.5,47.5,525.3,21806,-0.0029151027923217045,-0.5567436228227832,2.231
2026-07-29T07:45:11.709928+00:00,1,BOTH,687.5,47.5,525.4,21867,-4.7668372717453165e-05,-0.009103988576555418,2.229
2026-07-29T07:45:11.793279+00:00,1,BOTH,687.5,47.5,525.2,22261,0.006438508431456285,1.2296645316061359,2.228
2026-07-29T07:45:11.859730+00:00,1,BOTH,687.5,47.5,525.2,21996,-0.011743189570261166,-2.2427840013267057,2.227
2026-07-29T07:45:11.876580+00:00,1,BOTH,688.0,48.0,525.4,21615,-0.01774645552999573,-3.389323343951186,2.236
2026-07-29T07:45:11.926594+00:00,1,BOTH,687.5,47.5,525.4,21942,0.0031021647769557603,0.5924698302456914,2.233
2026-07-29T07:45:11.993215+00:00,1,BOTH,687.5,47.5,525.4,21798,0.015061402261308103,2.876515943739162,2.23
2026-07-29T07:45:12.027384+00:00,1,BOTH,687.5,47.5,525.4,22030,0.0051657414317014625,0.9865839403078708,2.229
2026-07-29T07:45:12.076693+00:00,1,BOTH,687.5,47.5,525.3,22208,-0.0024233402596291853,-0.46282389733629825,2.228
2026-07-29T07:45:12.143344+00:00,1,BOTH,689.0,49.0,525.4,21075,-9.723181603476404e-05,-0.01856990897728141,2.255
2026-07-29T07:45:12.159920+00:00,1,BOTH,688.0,48.0,525.5,21597,0.0045491264783777295,0.8688191589408502,2.253
2026-07-29T07:45:12.226633+00:00,1,BOTH,688.5,48.5,525.5,21258,0.0045491264783777295,0.8688191589408502,2.261
2026-07-29T07:45:12.293337+00:00,1,BOTH,687.5,47.5,525.5,22136,0.0045491264783777295,0.8688191589408502,2.247
2026-07-29T07:45:12.343298+00:00,1,BOTH,687.5,47.5,525.5,22116,0.0045491264783777295,0.8688191589408502,2.239
2026-07-29T07:45:12.359932+00:00,1,BOTH,688.5,48.5,525.5,21688,0.0045491264783777295,0.8688191589408502,2.253
2026-07-29T07:45:12.426683+00:00,1,BOTH,688.5,48.5,525.5,21599,-6.057980026525911e-05,-0.011569889596482839,2.261
2026-07-29T07:45:12.443451+00:00,1,BOTH,687.5,47.5,525.5,22177,-5.9808162041008474e-05,-0.01142251755128107,2.247
2026-07-29T07:45:12.509964+00:00,1,BOTH,689.0,49.0,525.6,20849,-2.206577133620158e-05,-0.004214251897550325,2.267
2026-07-29T07:45:12.593332+00:00,1,BOTH,687.5,47.5,525.6,21860,-3.374859026735066e-05,-0.006445505956118264,2.251
2026-07-29T07:45:12.643209+00:00,1,BOTH,688.0,48.0,525.7,21441,-3.79892298951745e-05,-0.0072554084664857126,2.251
2026-07-29T07:45:12.677581+00:00,1,BOTH,687.5,47.5,525.6,21838,-4.480518226046115e-05,-0.00855715947946283,2.241
2026-07-29T07:45:12.693332+00:00,1,BOTH,687.0,47.0,525.5,22468,-9.040055971127004e-05,-0.017265235123587203,2.226
2026-07-29T07:45:12.760189+00:00,1,BOTH,687.5,47.5,525.3,22377,-3.811141403275542e-05,-0.0072787439178418215,2.226
2026-07-29T07:45:12.793504+00:00,1,BOTH,688.0,48.0,525.2,22269,-3.344193130033091e-05,-0.006386938407584687,2.236
2026-07-29T07:45:12.876648+00:00,1,BOTH,688.0,48.0,525.4,21674,-6.347217131406068e-05,-0.012122291776090031,2.241
2026-07-29T07:45:12.893528+00:00,1,BOTH,687.0,47.0,525.3,22281,-3.949848483443929e-05,-0.007543654927249533,2.226
2026-07-29T07:45:12.976881+00:00,1,BOTH,689.0,49.0,525.5,21088,0.008836313504434656,1.6876115675285326,2.254
2026-07-29T07:45:13.043307+00:00,1,BOTH,688.0,48.0,525.4,22034,-7.373034321062732e-05,-0.014081458293399964,2.253
2026-07-29T07:45:13.060224+00:00,1,BOTH,688.5,48.5,525.6,21342,-0.002775178546726238,-0.530020060408876,2.261
2026-07-29T07:45:13.160167+00:00,1,BOTH,688.0,48.0,525.5,22009,0.00032291102441377005,0.06167146285718304,2.257
2026-07-29T07:45:13.176826+00:00,1,BOTH,687.0,47.0,525.4,22408,-6.152974296128378e-05,-0.01175131528735448,2.235
2026-07-29T07:45:13.243457+00:00,1,BOTH,687.5,47.5,525.2,22638,-3.3712182521412614e-05,-0.006438552588838816,2.232
2026-07-29T07:45:13.293484+00:00,1,BOTH,689.0,49.0,525.4,20954,0.002551577949197963,0.4873154919589642,2.258
2026-07-29T07:45:13.360294+00:00,1,BOTH,687.5,47.5,525.2,22530,3.885167534463108e-06,0.0007420123414199464,2.245
2026-07-29T07:45:13.376869+00:00,1,BOTH,687.5,47.5,525.1,22195,2.594398756627925e-06,0.0004954936637625617,2.238
2026-07-29T07:45:13.443464+00:00,1,BOTH,688.0,48.0,525.0,21991,0.0012353997086756861,0.23594396439602752,2.243
2026-07-29T07:45:13.493673+00:00,1,BOTH,687.5,47.5,525.1,21826,-4.242851544404402e-05,-0.008103249553164516,2.236
2026-07-29T07:45:13.543644+00:00,1,BOTH,689.0,49.0,525.3,20920,-0.0001246423926204443,-0.023804943485213385,2.26
2026-07-29T07:45:13.560239+00:00,1,BOTH,688.5,48.5,525.3,21994,-2.364702522754669e-05,-0.004516249145259369,2.266
2026-07-29T07:45:13.576846+00:00,1,BOTH,687.5,47.5,525.4,22046,-1.7846878326963635e-05,-0.003408502685395053,2.25
2026-07-29T07:45:13.677013+00:00,1,BOTH,687.5,47.5,525.4,22017,2.4955717963166533e-05,0.004766191046694192,2.241
2026-07-29T07:45:13.726884+00:00,1,BOTH,687.0,47.0,525.3,22413,-4.19721699290676e-05,-0.008016093979804937,2.226
2026-07-29T07:45:13.743657+00:00,1,BOTH,688.5,48.5,525.4,21767,7.197098573669792e-05,0.013745445767030122,2.245
2026-07-29T07:45:13.826805+00:00,1,BOTH,688.5,48.5,525.4,21635,-2.8695739529212003e-05,-0.005480482550101906,2.256
2026-07-29T07:45:13.893697+00:00,1,BOTH,687.0,47.0,525.3,22250,5.1569868810474864e-06,0.0009849119442945163,2.235
2026-07-29T07:45:13.943848+00:00,1,BOTH,687.0,47.0,525.2,22278,0.002277516521862708,0.4349736149134928,2.222
2026-07-29T07:45:13.960324+00:00,1,BOTH,687.5,47.5,525.3,22055,0.003113655303022824,0.5946643590724509,2.224
2026-07-29T07:45:14.044652+00:00,1,BOTH,688.0,48.0,525.2,21825,-1.1006589193129911e-05,-0.0021021036920021536,2.234
2026-07-29T07:45:14.093691+00:00,1,BOTH,688.0,48.0,525.2,22015,0.005249923595692962,1.0026615493311744,2.241
2026-07-29T07:45:14.126988+00:00,1,BOTH,687.5,47.5,525.1,22593,-0.0022310843272134663,-0.42610571895705457,2.235
2026-07-29T07:45:14.143819+00:00,1,BOTH,687.5,47.5,524.9,22491,2.655666321516037e-05,0.005071949067263375,2.232
2026-07-29T07:45:14.227115+00:00,1,BOTH,687.0,47.0,525.0,22334,0.005241791276203003,1.0011083907164189,2.22
2026-07-29T07:45:14.260399+00:00,1,BOTH,687.5,47.5,524.9,22928,-0.004381573670107173,-0.8368189297426248,2.223
2026-07-29T07:45:14.293889+00:00,1,BOTH,688.0,48.0,524.9,22223,-1.4319643814815207e-05,-0.0027348505157317507,2.234
2026-07-29T07:45:14.377119+00:00,1,BOTH,687.5,47.5,524.8,22354,-2.190799423260614e-05,-0.004184118690417602,2.231
2026-07-29T07:45:14.427083+00:00,1,BOTH,687.5,47.5,524.7,22419,3.733891469892114e-05,0.0071312074128239145,2.229
2026-07-29T07:45:14.493776+00:00,1,BOTH,688.5,48.5,524.9,21400,-8.630237658508122e-05,-0.016482539800912705,2.247
2026-07-29T07:45:14.510392+00:00,1,BOTH,688.5,48.5,525.0,21570,-6.072770047467203e-06,-0.0011598136455777711,2.257
2026-07-29T07:45:14.577154+00:00,1,BOTH,688.0,48.0,525.2,21568,4.539868386927992e-05,0.00867050993719463,2.254
2026-07-29T07:45:14.643888+00:00,1,BOTH,687.5,47.5,525.3,22081,1.702512156043667e-05,0.0032515587037006783,2.243
2026-07-29T07:45:14.710507+00:00,1,BOTH,687.0,47.0,525.2,22248,-0.0006117264932254329,-0.11683115426051816,2.227
2026-07-29T07:45:14.727178+00:00,1,BOTH,687.5,47.5,525.3,21969,-5.664358148351312e-05,-0.010818127185035602,2.227
2026-07-29T07:45:14.810478+00:00,1,BOTH,687.5,47.5,525.3,22207,1.7706767612253315e-05,0.0033817435100035103,2.227
2026-07-29T07:45:14.893936+00:00,1,BOTH,688.0,48.0,525.3,22094,-2.3836773179937152e-05,-0.004552488334736778,2.236
2026-07-29T07:45:14.927231+00:00,1,BOTH,687.5,47.5,525.3,21787,4.6312125778058544e-06,0.0008844964491205927,2.232
2026-07-29T07:45:14.960638+00:00,1,BOTH,686.5,46.5,525.1,22653,-0.0004327074648972484,-0.08264103834139185,2.211
2026-07-29T07:45:15.043934+00:00,1,BOTH,688.0,48.0,525.3,21855,4.476593094295822e-05,0.00854966303001868,2.227
2026-07-29T07:45:15.127154+00:00,1,BOTH,687.5,47.5,525.4,21863,-5.834153853356838e-06,-0.0011142413094244433,2.227
2026-07-29T07:45:15.143912+00:00,1,BOTH,687.5,47.5,525.4,22019,-1.4620668298448435e-05,-0.0027923419572060465,2.227
2026-07-29T07:45:15.210610+00:00,1,BOTH,687.0,47.0,525.3,22207,-4.649490714655258e-05,-0.008879873161167041,2.217
2026-07-29T07:45:15.243871+00:00,1,BOTH,688.0,48.0,525.4,21441,-6.873160164104774e-06,-0.001312676897735493,2.23
2026-07-29T07:45:15.293796+00:00,1,BOTH,687.0,47.0,525.4,22751,-2.4803860578685996e-05,-0.0047371884226320915,2.219
2026-07-29T07:45:15.310678+00:00,1,BOTH,687.5,47.5,525.4,22125,-8.160925426636823e-06,-0.0015586219462243023,2.222
2026-07-29T07:45:15.393851+00:00,1,BOTH,687.0,47.0,525.1,22524,-5.38512656930834e-05,-0.01028483415217107,2.215
2026-07-29T07:45:15.443934+00:00,1,BOTH,687.0,47.0,525.1,22301,-1.4095143706072122e-05,-0.0026919741532943947,2.21
2026-07-29T07:45:15.460685+00:00,1,BOTH,687.5,47.5,525.2,21907,-1.3075768947601318e-05,-0.002497287915285912,2.217
2026-07-29T07:45:15.510691+00:00,1,BOTH,687.0,47.0,525.1,22490,-8.151574758812784e-05,-0.015568361002178151,2.211
2026-07-29T07:45:15.594097+00:00,1,BOTH,688.0,48.0,525.1,21999,-5.593895766651258e-05,-0.010683553948840503,2.227
2026-07-29T07:45:15.610756+00:00,1,BOTH,688.0,48.0,525.3,21856,0.0007851580111309886,0.14995413429563786,2.236
2026-07-29T07:45:15.662040+00:00,1,BOTH,687.5,47.5,525.3,21955,-1.5169598918873817e-06,-0.00028971799831922876,2.232
2026-07-29T07:45:15.777431+00:00,1,BOTH,686.5,46.5,525.2,22838,-1.5169598918873817e-06,-0.00028971799831922876,2.211
2026-07-29T07:45:15.844229+00:00,1,BOTH,687.0,47.0,525.1,22339,-1.5169598918873817e-06,-0.00028971799831922876,2.208
2026-07-29T07:45:15.894101+00:00,1,BOTH,688.0,48.0,525.3,21813,2.1875019301660357e-05,0.00417782094250784,2.225
2026-07-29T07:45:15.977507+00:00,1,BOTH,688.0,48.0,525.4,21948,2.1466985635925085e-05,0.00409989225268823,2.235
2026-07-29T07:45:16.027304+00:00,1,BOTH,687.0,47.0,525.4,22466,0.0,0.0,2.222
2026-07-29T07:45:16.093990+00:00,1,RIGHT,265.65,-374.35,525.4,8876,-2.357286928599933e-05,-0.004502086403671094,-1.778
2026-07-29T07:45:16.144337+00:00,1,BOTH,688.0,48.0,525.5,21700,0.004635052056546556,0.8852297355451675,-0.167
2026-07-29T07:45:16.210861+00:00,1,BOTH,687.0,47.0,525.2,22804,-1.0531512089073658e-05,-0.0020113706486497513,0.781
2026-07-29T07:45:16.260805+00:00,1,BOTH,688.0,48.0,525.1,21892,-2.156121307052672e-05,-0.0041178883670782915,1.369
2026-07-29T07:45:16.310851+00:00,1,BOTH,687.0,47.0,525.1,22632,4.33377266745083e-05,0.00827689610713618,1.702
2026-07-29T07:45:16.394280+00:00,1,BOTH,688.0,48.0,525.1,22432,5.0117210776079446e-05,0.009571682194789738,1.921
2026-07-29T07:45:16.410904+00:00,1,BOTH,688.5,48.5,525.2,21881,7.679918562644161e-06,0.0014667564021456265,2.062
2026-07-29T07:45:16.510934+00:00,1,BOTH,688.0,48.0,525.1,22080,2.1994113949403983e-05,0.004200566344768863,2.137
2026-07-29T07:45:16.577706+00:00,1,BOTH,688.5,48.5,525.2,21713,0.0025225736579159276,0.48177608036486846,2.192
2026-07-29T07:45:16.627657+00:00,1,BOTH,687.0,47.0,525.0,22825,1.324833705439232e-05,0.0025302459959448695,2.196
2026-07-29T07:45:16.694187+00:00,1,BOTH,687.0,47.0,525.0,22297,2.3046945570968092e-05,0.004401642372947323,2.199
2026-07-29T07:45:16.710900+00:00,1,BOTH,687.5,47.5,525.1,22029,5.67231370951049e-06,0.0010833321187638239,2.21
2026-07-29T07:45:16.777631+00:00,1,BOTH,687.5,47.5,525.0,22520,5.368691185140051e-05,0.0102534448805871,2.217
2026-07-29T07:45:16.827659+00:00,1,BOTH,687.0,47.0,525.0,22374,-0.010310186146671185,-1.96910050732836,2.211
2026-07-29T07:45:16.894996+00:00,1,BOTH,687.0,47.0,525.0,22545,-2.4715108447708187e-05,-0.0047202380142060225,2.208
2026-07-29T07:45:16.910903+00:00,1,BOTH,687.5,47.5,525.1,21749,2.8702266281470656e-05,0.005481729067963067,2.215
2026-07-29T07:45:16.994383+00:00,1,BOTH,687.0,47.0,525.1,22635,2.5080515879380982e-05,0.00479002569299791,2.211
2026-07-29T07:45:17.044392+00:00,1,BOTH,687.0,47.0,525.1,22260,-2.5602604437153788e-05,-0.004889737262639422,2.208
2026-07-29T07:45:17.077731+00:00,1,BOTH,688.0,48.0,525.0,22104,1.4700741448905319e-05,0.0028076348024510317,2.225
2026-07-29T07:45:17.144413+00:00,1,BOTH,686.5,46.5,524.9,22936,1.3368313957471401e-05,0.002553159896563141,2.207
2026-07-29T07:45:17.194406+00:00,1,BOTH,687.0,47.0,524.9,22184,0.007869652703520842,1.5029929538182079,2.205
2026-07-29T07:45:17.261053+00:00,1,BOTH,687.0,47.0,525.0,22385,4.348975344328209e-05,0.008305931081215344,2.204
2026-07-29T07:45:17.277774+00:00,1,BOTH,686.5,46.5,524.9,22624,4.348975344328209e-05,0.008305931081215344,2.194
2026-07-29T07:45:17.361161+00:00,1,BOTH,687.5,47.5,524.8,22317,4.348975344328209e-05,0.008305931081215344,2.207
2026-07-29T07:45:17.411189+00:00,1,BOTH,687.5,47.5,524.7,22604,-6.233691936358809e-05,-0.011905474624603118,2.215
2026-07-29T07:45:17.461160+00:00,1,BOTH,687.5,47.5,524.9,22091,-6.233691936358809e-05,-0.011905474624603118,2.22
2026-07-29T07:45:17.527988+00:00,1,BOTH,688.0,48.0,524.9,21911,-6.233691936358809e-05,-0.011905474624603118,2.232
2026-07-29T07:45:17.594385+00:00,1,BOTH,688.5,48.5,525.0,21640,-6.233691936358809e-05,-0.011905474624603118,2.248
2026-07-29T07:45:17.611232+00:00,1,BOTH,687.5,47.5,524.9,22640,-0.015932686300075147,-3.0429189376673764,2.24
2026-07-29T07:45:17.694571+00:00,1,BOTH,688.0,48.0,524.9,21872,7.80338748882059e-06,0.0014903372300486988,2.244
2026-07-29T07:45:17.744490+00:00,1,BOTH,687.5,47.5,525.1,22242,-1.4338133837554778e-05,-0.002738381849952012,2.237
2026-07-29T07:45:17.794514+00:00,1,BOTH,687.5,47.5,524.9,22417,4.7480519860982895e-05,0.009068111323738007,2.233
2026-07-29T07:45:17.844490+00:00,1,BOTH,688.0,48.0,525.0,21898,-4.2773952882271255e-05,-0.008169223244151954,2.24
2026-07-29T07:45:17.861267+00:00,1,BOTH,687.0,47.0,525.0,22211,-4.2773952882271255e-05,-0.008169223244151954,2.225
2026-07-29T07:45:17.946412+00:00,1,BOTH,687.0,47.0,525.0,22527,3.2760094036348164e-05,0.006256717082448158,2.216
2026-07-29T07:45:17.977893+00:00,1,BOTH,688.0,48.0,525.0,21980,2.1953322866465894e-05,0.004192775821788461,2.23
2026-07-29T07:45:17.994529+00:00,1,BOTH,687.5,47.5,525.1,21922,0.000131101188599132,0.02503848265292963,2.228
2026-07-29T07:45:18.077896+00:00,1,BOTH,687.5,47.5,525.2,22044,-2.366983693718794e-05,-0.004520605860879106,2.228
2026-07-29T07:45:18.094704+00:00,1,BOTH,687.5,47.5,525.2,22041,-1.8955326631839852e-05,-0.003620200717654512,2.227
2026-07-29T07:45:18.194697+00:00,1,BOTH,687.5,47.5,525.3,21859,2.7629874239210036e-05,0.005276917274613238,2.227
2026-07-29T07:45:18.261413+00:00,1,BOTH,687.5,47.5,525.3,21799,5.951315702986903e-05,0.011366175744369406,2.227
2026-07-29T07:45:18.311195+00:00,1,BOTH,687.5,47.5,525.4,21959,4.702333244495093e-06,0.0008980794959120929,2.227
2026-07-29T07:45:18.394442+00:00,1,RIGHT,264.64,-375.36,525.4,8726,1.9229079043725491e-07,3.672483577096425e-05,-1.773
2026-07-29T07:45:18.411466+00:00,1,BOTH,688.0,48.0,525.3,22056,1.2448769193724728e-05,0.0023775397831096784,-0.164
2026-07-29T07:45:18.478063+00:00,1,BOTH,688.0,48.0,525.2,22330,-0.004890577551559545,-0.9340315102859522,0.802
2026-07-29T07:45:18.561372+00:00,1,BOTH,687.5,47.5,525.1,22206,-6.612006516661494e-05,-0.012628002250590013,1.372
2026-07-29T07:45:18.628029+00:00,1,BOTH,687.0,47.0,525.1,22294,-5.499514445546083e-05,-0.010503298903367318,1.704
2026-07-29T07:45:18.694762+00:00,1,BOTH,687.5,47.5,525.2,21841,-2.9438256751745927e-06,-0.0005622292893658473,1.913
2026-07-29T07:45:18.744767+00:00,1,BOTH,687.5,47.5,525.2,21968,0.001977327123750001,0.37764166302539104,2.039
2026-07-29T07:45:18.794781+00:00,1,BOTH,687.0,47.0,525.2,22483,-3.598466195398941e-05,-0.006872564190561932,2.104
2026-07-29T07:45:18.844781+00:00,1,BOTH,687.0,47.0,525.1,22436,-5.212527903495356e-05,-0.00995519498214864,2.144
2026-07-29T07:45:18.894826+00:00,1,BOTH,687.0,47.0,525.1,22374,-3.3757713390514253e-06,-0.0006447248344295771,2.168
2026-07-29T07:45:18.961433+00:00,1,BOTH,687.5,47.5,525.0,22362,1.0133370815310626e-05,0.0019353312665278029,2.191
2026-07-29T07:45:18.978259+00:00,1,BOTH,686.5,46.5,524.9,22823,6.259842164581642e-05,0.011955417881618859,2.187
2026-07-29T07:45:19.044875+00:00,1,BOTH,687.5,47.5,525.0,21964,-8.909470197977498e-06,-0.0017015834668056555,2.203
2026-07-29T07:45:19.061473+00:00,1,BOTH,687.0,47.0,525.0,22376,3.8444148085545745e-05,0.007342291440925716,2.203
2026-07-29T07:45:19.144913+00:00,1,BOTH,688.0,48.0,525.2,21529,-1.614738634089008e-05,-0.0030839236250006503,2.222
2026-07-29T07:45:19.178929+00:00,1,BOTH,687.5,47.5,525.3,22469,2.624262124300003e-05,0.0050119714686142,2.224
2026-07-29T07:45:19.194742+00:00,1,BOTH,687.5,47.5,525.3,22093,-2.7877869433723388e-05,-0.005324280867897041,2.225
2026-07-29T07:45:19.261484+00:00,1,BOTH,688.0,48.0,525.5,21139,0.001324564622482285,0.2529732085352471,2.235
2026-07-29T07:45:19.344880+00:00,1,BOTH,687.5,47.5,525.3,22058,-3.083050440181978e-05,-0.005888192608279267,2.232
2026-07-29T07:45:19.394887+00:00,1,BOTH,687.5,47.5,525.3,21919,0.014975021326099522,2.8600184003463465,2.23
2026-07-29T07:45:19.444924+00:00,1,BOTH,686.5,46.5,525.1,22618,3.204855427611619e-05,0.00612082299839135,2.21
2026-07-29T07:45:19.511520+00:00,1,BOTH,688.0,48.0,525.1,21887,-7.38847301727219e-05,-0.014110944031199517,2.226
2026-07-29T07:45:19.578336+00:00,1,BOTH,687.5,47.5,525.2,21976,0.005047004054649733,0.963906771722812,2.226
2026-07-29T07:45:19.644967+00:00,1,BOTH,687.5,47.5,525.1,22369,-0.00604537567065563,-1.1545817049987908,2.226
2026-07-29T07:45:19.711760+00:00,1,BOTH,688.0,48.0,525.0,21778,1.95873569464311e-05,0.0037409096161558587,2.236
2026-07-29T07:45:19.778733+00:00,1,BOTH,688.0,48.0,525.2,21670,-0.0015349379426334052,-0.29315155309129265,2.241
2026-07-29T07:45:19.828282+00:00,1,BOTH,687.5,47.5,525.3,21949,1.6494270530529322e-05,0.0031501736251544647,2.236
2026-07-29T07:45:19.895020+00:00,1,BOTH,688.5,48.5,525.3,21781,3.781810286454856e-05,0.007222725611100805,2.251
2026-07-29T07:45:19.911792+00:00,1,BOTH,688.0,48.0,525.5,21479,-2.1984416671330107e-05,-0.00419871430108087,2.25
2026-07-29T07:45:19.978408+00:00,1,BOTH,687.0,47.0,525.4,22466,1.8909922800958157e-05,0.003611529224710356,2.231
2026-07-29T07:45:20.044940+00:00,1,BOTH,688.0,48.0,525.3,21934,-2.769479382550344e-05,-0.005289316002287729,2.239
2026-07-29T07:45:20.095080+00:00,1,BOTH,687.5,47.5,525.3,22383,-7.822263360139913e-06,-0.001493942255919463,2.234
2026-07-29T07:45:20.111969+00:00,1,BOTH,687.5,47.5,525.4,21861,-3.517181903589517e-05,-0.006717322628515604,2.231
2026-07-29T07:45:20.228593+00:00,1,BOTH,688.0,48.0,525.5,21815,1.494115473178681e-05,0.002853550357277679,2.239
2026-07-29T07:45:20.261818+00:00,1,BOTH,688.0,48.0,525.6,21562,-1.7051420982170385e-05,-0.003256581523263933,2.243
2026-07-29T07:45:20.328464+00:00,1,BOTH,688.0,48.0,525.5,22169,6.859190762042999e-06,0.0013100089384672892,2.246
2026-07-29T07:45:20.379425+00:00,1,BOTH,688.0,48.0,525.4,21898,-0.021013403929537162,-4.013264527886996,2.248
2026-07-29T07:45:20.411894+00:00,1,BOTH,688.0,48.0,525.3,22167,0.03972030787263066,7.586020006873314,2.249
2026-07-29T07:45:20.478336+00:00,1,BOTH,689.5,49.5,525.7,20941,-0.012395842969417571,-2.3674316188484696,2.277
2026-07-29T07:45:20.495236+00:00,1,BOTH,688.5,48.5,525.9,21841,-0.020908448104746638,-3.993219441900958,2.276
2026-07-29T07:45:20.578599+00:00,1,BOTH,687.0,47.0,525.7,22419,-0.012761146761476994,-2.4371995039322347,2.247
2026-07-29T07:45:20.611917+00:00,1,BOTH,688.0,48.0,525.8,21469,0.008612472089007497,1.6448610062478302,2.248
2026-07-29T07:45:20.695280+00:00,1,BOTH,687.5,47.5,525.7,21943,0.01242143746931106,2.3723198082572856,2.239
2026-07-29T07:45:20.745292+00:00,1,BOTH,687.0,47.0,525.6,22352,0.02220725279301405,4.241272865399382,2.225
2026-07-29T07:45:20.761831+00:00,1,BOTH,688.5,48.5,525.6,21781,0.0012036037573125214,0.22987138500031892,2.244
2026-07-29T07:45:20.828542+00:00,1,BOTH,687.0,47.0,525.4,22260,-0.02737369641661644,-5.2279909144816905,2.228
2026-07-29T07:45:20.878589+00:00,1,BOTH,688.0,48.0,525.6,21644,-0.011363570371177047,-2.170282074894517,2.237
2026-07-29T07:45:20.928569+00:00,1,BOTH,688.0,48.0,525.6,21465,-0.011797743309289217,-2.2532029980032573,2.242
2026-07-29T07:45:20.978586+00:00,1,BOTH,688.0,48.0,525.7,21954,0.0139095966424793,2.656537274478014,2.245
2026-07-29T07:45:21.011965+00:00,1,BOTH,688.5,48.5,525.9,21287,-0.014091677563264966,-2.691312168780929,2.257
2026-07-29T07:45:21.028583+00:00,1,BOTH,687.5,47.5,525.8,21995,0.01970928052207455,3.764195303847571,2.245
2026-07-29T07:45:21.095309+00:00,1,BOTH,688.0,48.0,525.8,21880,0.013113068838138134,2.504411669632777,2.247
2026-07-29T07:45:21.161981+00:00,1,BOTH,689.0,49.0,525.7,21795,-0.000609503670129925,-0.1164066263205955,2.267
2026-07-29T07:45:21.228854+00:00,1,BOTH,688.0,48.0,525.5,22616,0.016932218899019063,3.2338156023514726,2.26
2026-07-29T07:45:21.295286+00:00,1,BOTH,688.0,48.0,525.4,22384,-0.017715965094976128,-3.383500099810716,2.256
2026-07-29T07:45:21.345694+00:00,1,BOTH,688.0,48.0,525.3,22532,-0.003771031234646216,-0.7202139138574539,2.254
2026-07-29T07:45:21.411821+00:00,1,BOTH,688.0,48.0,525.3,22224,0.0035817592992680148,0.6840656369326413,2.252
2026-07-29T07:45:21.478804+00:00,1,BOTH,688.0,48.0,525.2,22422,-0.01635196342598647,-3.1229949702043567,2.251
2026-07-29T07:45:21.528839+00:00,1,BOTH,688.0,48.0,525.2,22434,-0.004021317721344531,-0.7680151117140229,2.251
2026-07-29T07:45:21.612121+00:00,1,BOTH,688.5,48.5,525.2,22102,0.012965708834963152,2.476267982129574,2.26
2026-07-29T07:45:21.678811+00:00,1,BOTH,687.0,47.0,525.4,22210,-0.017854845016263426,-3.41002421097362,2.237
2026-07-29T07:45:21.712091+00:00,1,BOTH,687.0,47.0,525.3,22274,0.01396510646212846,2.667138869102778,2.224
2026-07-29T07:45:21.762036+00:00,1,BOTH,687.5,47.5,525.4,22038,-0.0029205068876035512,-0.5577757289952379,2.225
2026-07-29T07:45:21.845579+00:00,1,BOTH,689.0,49.0,525.5,21087,0.025457044877111912,4.861937434445487,2.254
2026-07-29T07:45:21.895521+00:00,1,BOTH,687.5,47.5,525.5,21858,-0.030040324004366993,-5.737279268852552,2.243
2026-07-29T07:45:21.912112+00:00,1,BOTH,688.0,48.0,525.4,21976,0.030274246456101536,5.781955166245025,2.246
2026-07-29T07:45:21.995556+00:00,1,BOTH,688.0,48.0,525.7,21254,0.10232971351593732,19.54353567748675,2.247
2026-07-29T07:45:22.045419+00:00,1,BOTH,689.0,49.0,526.2,20700,-0.02477227441035211,-4.731155908843687,2.267
2026-07-29T07:45:22.095543+00:00,1,BOTH,686.5,46.5,525.8,22840,-0.023332231626845897,-4.4561279961330955,2.232
2026-07-29T07:45:22.128803+00:00,1,BOTH,687.5,47.5,525.8,22494,-0.050392144974321124,-9.624190758799942,2.23
2026-07-29T07:45:22.195509+00:00,1,BOTH,687.5,47.5,525.5,22979,-0.027524483082816006,-5.2567890464153,2.229
2026-07-29T07:45:22.245505+00:00,1,BOTH,687.5,47.5,525.5,22743,0.02728450494352728,5.210956597893146,2.228
2026-07-29T07:45:22.295456+00:00,1,BOTH,688.0,48.0,525.4,22685,0.026449034512042998,5.051393499119735,2.237
2026-07-29T07:45:22.328881+00:00,1,BOTH,687.5,47.5,525.4,22503,0.011164366630837322,2.132236962945563,2.233
2026-07-29T07:45:22.412488+00:00,1,BOTH,687.0,47.0,525.3,22067,0.011164366630837322,2.132236962945563,2.221
2026-07-29T07:45:22.429262+00:00,1,BOTH,687.0,47.0,525.3,22296,0.008874463778920472,1.6948977332462092,2.214
2026-07-29T07:45:22.495705+00:00,1,BOTH,686.5,46.5,525.1,22738,0.008874463778920472,1.6948977332462092,2.2
2026-07-29T07:45:22.512430+00:00,1,BOTH,686.5,46.5,525.0,22647,0.008235136255971156,1.5727951706077121,2.192
2026-07-29T07:45:22.562495+00:00,1,BOTH,687.5,47.5,525.1,21849,-0.033526205904781815,-6.403033671435258,2.206
2026-07-29T07:45:22.662525+00:00,1,BOTH,688.5,48.5,525.4,21050,-0.04867769435979426,-9.296754810813276,2.233
2026-07-29T07:45:22.729109+00:00,1,BOTH,688.5,48.5,525.2,21724,0.03914983516559005,7.477067745403881,2.249
2026-07-29T07:45:22.795828+00:00,1,BOTH,687.0,47.0,525.2,22288,-0.021268343785777688,-4.061954453861177,2.231
2026-07-29T07:45:22.845818+00:00,1,BOTH,689.5,49.5,525.2,21081,-0.021268343785777688,-4.061954453861177,2.267
2026-07-29T07:45:22.862382+00:00,1,BOTH,687.0,47.0,525.2,22661,-0.0354819495882839,-6.776553201015388,2.241
2026-07-29T07:45:22.945852+00:00,1,BOTH,687.5,47.5,524.8,22633,-0.0354819495882839,-6.776553201015388,2.235
2026-07-29T07:45:22.962350+00:00,1,BOTH,687.5,47.5,524.8,22337,-0.03099490062566474,-5.919589974259948,2.232
2026-07-29T07:45:23.045910+00:00,1,BOTH,688.0,48.0,524.8,21979,0.022929763183929027,4.379262185578633,2.239
2026-07-29T07:45:23.062317+00:00,1,BOTH,687.5,47.5,524.8,22273,0.022929763183929027,4.379262185578633,2.234
2026-07-29T07:45:23.112508+00:00,1,BOTH,688.0,48.0,525.0,21451,-0.015560837564989924,-2.971901060541838,2.24
2026-07-29T07:45:23.229157+00:00,1,BOTH,688.5,48.5,525.1,21525,0.002430819636210799,0.46425235304134976,2.254
2026-07-29T07:45:23.279202+00:00,1,BOTH,688.5,48.5,525.2,21642,-0.00653844325337559,-1.2487506766806948,2.262
2026-07-29T07:45:23.312585+00:00,1,BOTH,688.0,48.0,525.3,21295,0.007094899043440819,1.3550259042018793,2.257
2026-07-29T07:45:23.362579+00:00,1,BOTH,687.5,47.5,525.2,22391,0.02995178811921505,5.720370160337014,2.245
2026-07-29T07:45:23.429202+00:00,1,BOTH,688.5,48.5,525.4,20874,0.011632911365013569,2.2217224155501567,2.256
2026-07-29T07:45:23.512609+00:00,1,BOTH,687.0,47.0,525.4,22292,-0.026879987795837224,-5.133699513548778,2.235
2026-07-29T07:45:23.562622+00:00,1,BOTH,688.0,48.0,525.3,21833,0.0038032882777042686,0.7263745552801146,2.241
2026-07-29T07:45:23.629232+00:00,1,BOTH,687.5,47.5,525.3,21726,0.0068694256176240745,1.311963651896361,2.235
2026-07-29T07:45:23.679396+00:00,1,BOTH,687.0,47.0,525.1,22723,-0.0030914486246183515,-0.5904231959071822,2.222
2026-07-29T07:45:23.746013+00:00,1,BOTH,687.5,47.5,525.1,21652,-0.008227492143632845,-1.5713352526906816,2.224
2026-07-29T07:45:23.812794+00:00,1,BOTH,687.5,47.5,525.0,22321,-0.0062806450808420775,-1.1995148525061758,2.225
2026-07-29T07:45:23.862701+00:00,1,BOTH,688.0,48.0,525.0,21852,0.015474887951277196,2.9554858934867747,2.235
2026-07-29T07:45:23.929425+00:00,1,BOTH,687.0,47.0,525.0,22158,-0.0003491135616786778,-0.06667577884989463,2.222
2026-07-29T07:45:23.996096+00:00,1,BOTH,688.5,48.5,525.1,21174,0.011701242711860687,2.234772741492771,2.243
2026-07-29T07:45:24.062692+00:00,1,BOTH,688.0,48.0,525.3,21528,-0.013818896487355231,-2.6392148208453774,2.246
2026-07-29T07:45:24.096185+00:00,1,BOTH,687.5,47.5,525.3,22076,0.009944805419072509,1.899317928638949,2.238
2026-07-29T07:45:24.162728+00:00,1,BOTH,688.5,48.5,525.4,21668,-0.0008280947967432439,-0.15815445630043873,2.252
2026-07-29T07:45:24.212741+00:00,1,BOTH,687.5,47.5,525.2,22279,0.007944151366828009,1.5172211504410973,2.242
2026-07-29T07:45:24.279675+00:00,1,BOTH,687.5,47.5,525.3,21887,0.0033977360266726465,0.6489197807596412,2.236
2026-07-29T07:45:24.329475+00:00,1,BOTH,687.5,47.5,525.1,22484,-0.014809066966408864,-2.8283234523394443,2.232
2026-07-29T07:45:24.412908+00:00,1,BOTH,688.0,48.0,525.1,21879,-0.00019650223897770046,-0.03752916319431112,2.239
2026-07-29T07:45:24.463009+00:00,1,BOTH,687.0,47.0,525.1,22548,0.018941906075924636,3.6176375802789744,2.225
2026-07-29T07:45:24.496159+00:00,1,BOTH,688.0,48.0,525.3,21485,0.018941906075924636,3.6176375802789744,2.235
2026-07-29T07:45:24.579447+00:00,1,BOTH,687.5,47.5,525.3,22160,0.018941906075924636,3.6176375802789744,2.232
2026-07-29T07:45:24.629483+00:00,1,BOTH,689.5,49.5,525.5,21278,0.018941906075924636,3.6176375802789744,2.267
2026-07-29T07:45:24.663091+00:00,1,BOTH,688.0,48.0,525.4,20966,-0.03216177551075816,-6.142446661378834,2.26
2026-07-29T07:45:24.762962+00:00,1,BOTH,688.0,48.0,525.1,21845,0.02233309306204319,4.265306586426584,2.256
2026-07-29T07:45:24.829630+00:00,1,BOTH,687.5,47.5,525.2,21889,-0.011729651056230068,-2.240198335610504,2.244
2026-07-29T07:45:24.879756+00:00,1,BOTH,688.0,48.0,525.4,21563,0.0033275741804391144,0.635519855186217,2.247
2026-07-29T07:45:24.929643+00:00,1,BOTH,687.5,47.5,525.4,22006,0.031010086194146424,5.922490204204972,2.239
2026-07-29T07:45:24.979648+00:00,1,BOTH,688.0,48.0,525.3,22126,-0.059350989889353514,-11.335204101945257,2.243
2026-07-29T07:45:25.046268+00:00,1,BOTH,688.0,48.0,525.3,22056,0.0010559397959150375,0.20166964575279045,2.246
2026-07-29T07:45:25.112932+00:00,1,BOTH,688.5,48.5,525.5,21265,0.013064657113864087,2.4951657113665973,2.257
2026-07-29T07:45:25.163677+00:00,1,BOTH,688.5,48.5,525.3,21760,-0.017643185765482485,-3.3696002717581237,2.264
2026-07-29T07:45:25.262990+00:00,1,BOTH,688.0,48.0,525.2,21969,0.006879142965190112,1.3138195285750134,2.258
2026-07-29T07:45:25.363109+00:00,1,BOTH,688.5,48.5,525.5,20975,0.005716837085783482,1.0918354572642082,2.264
2026-07-29T07:45:25.446488+00:00,1,BOTH,687.0,47.0,525.4,22106,-0.03522109623067081,-6.726733879471898,2.24
2026-07-29T07:45:25.496607+00:00,1,BOTH,687.5,47.5,525.2,22430,0.04056259541306645,7.746885077551399,2.235
2026-07-29T07:45:25.563134+00:00,1,BOTH,687.0,47.0,525.2,22289,-0.01941720931790769,-3.708413812794022,2.222
2026-07-29T07:45:25.629806+00:00,1,BOTH,687.5,47.5,525.2,21850,0.0016645322320982814,0.31790223920907296,2.224
2026-07-29T07:45:25.696582+00:00,1,BOTH,688.0,48.0,525.4,21356,0.005162504911422729,0.9859658104669375,2.234
2026-07-29T07:45:25.763156+00:00,1,BOTH,687.0,47.0,525.3,22162,0.02149069248465821,4.104419927281441,2.222
2026-07-29T07:45:25.796527+00:00,1,BOTH,688.0,48.0,525.5,21462,0.014747960679233073,2.8166530111498203,2.233
2026-07-29T07:45:25.863306+00:00,1,BOTH,688.0,48.0,525.4,22072,-0.13983430108986794,-26.706384278703467,2.24
2026-07-29T07:45:25.930014+00:00,1,BOTH,687.5,47.5,525.4,21184,-0.037265508358832446,-7.117187834568634,2.235
2026-07-29T07:45:25.980000+00:00,1,BOTH,689.0,49.0,525.5,21044,-0.10767236367333681,-20.563906695599734,2.259
2026-07-29T07:45:26.029968+00:00,1,BOTH,688.5,48.5,525.5,21486,-0.04090721491724253,-7.812702554642,2.265
2026-07-29T07:45:26.080081+00:00,1,BOTH,687.5,47.5,525.7,21917,-0.04164242902770639,-7.953118106535482,2.25
2026-07-29T07:45:26.130022+00:00,1,BOTH,688.5,48.5,525.5,21809,0.18080496571958066,34.531204835798334,2.259
2026-07-29T07:45:26.180144+00:00,1,BOTH,686.0,46.0,525.6,22222,0.0,0.0,2.218
2026-07-29T07:45:26.229829+00:00,1,RIGHT,264.43,-375.57,525.6,8821,0.07735483855009079,14.773685912786942,-1.782
2026-07-29T07:45:26.280087+00:00,1,BOTH,687.5,47.5,525.8,21282,0.0025233500730246303,0.481924364727798,-0.179
2026-07-29T07:45:26.346783+00:00,1,BOTH,688.0,48.0,525.4,22046,0.033113253845367584,6.324165637616355,0.793
2026-07-29T07:45:26.396794+00:00,1,BOTH,687.0,47.0,525.3,22129,0.01623037291690707,3.099772893540701,1.357
2026-07-29T07:45:26.446708+00:00,1,BOTH,687.5,47.5,525.0,21925,-0.030365839883452282,-5.799448222306145,1.705
2026-07-29T07:45:26.496775+00:00,1,BOTH,686.5,46.5,524.9,22756,-0.017234116460895166,-3.29147378948744,1.895
2026-07-29T07:45:26.563431+00:00,1,BOTH,687.5,47.5,524.8,21961,-0.016396350152790548,-3.131472210578603,2.027
2026-07-29T07:45:26.613378+00:00,1,BOTH,687.0,47.0,524.8,22103,-0.016396350152790548,-3.131472210578603,2.098
2026-07-29T07:45:26.630371+00:00,1,BOTH,687.0,47.0,524.9,22128,-0.010951078264042735,-2.091501885490336,2.14
2026-07-29T07:45:26.713601+00:00,1,BOTH,687.5,47.5,525.0,21504,-0.0012457850016653537,-0.23792740925374334,2.175
2026-07-29T07:45:26.763581+00:00,1,BOTH,687.5,47.5,524.9,22313,0.009789148913696408,1.869589725932929,2.195
2026-07-29T07:45:26.780128+00:00,1,BOTH,688.0,48.0,524.9,21473,-0.012489768415689469,-2.385370057716011,2.217
2026-07-29T07:45:26.863511+00:00,1,BOTH,688.0,48.0,524.9,21985,0.0018040038226172328,0.3445393508714488,2.23
2026-07-29T07:45:26.930074+00:00,1,BOTH,688.0,48.0,524.9,22008,-0.010856413107248955,-2.073422172319577,2.238
2026-07-29T07:45:26.980183+00:00,1,BOTH,688.0,48.0,525.0,21699,0.00347860248060897,0.664364135808776,2.243
2026-07-29T07:45:27.046829+00:00,1,BOTH,688.0,48.0,525.2,21392,0.0054575507319532335,1.0423154113981783,2.246
2026-07-29T07:45:27.063731+00:00,1,BOTH,687.5,47.5,525.0,22178,0.008845695359632373,1.6894033698846396,2.238
2026-07-29T07:45:27.146823+00:00,1,BOTH,686.5,46.5,524.9,22760,0.003713120105676353,0.7091537029347508,2.215
2026-07-29T07:45:27.213709+00:00,1,BOTH,687.0,47.0,524.9,22068,-0.017587770763784646,-3.359016786028135,2.21
2026-07-29T07:45:27.263649+00:00,1,BOTH,688.5,48.5,525.1,21681,-0.008316868104739115,-1.588404803895064,2.235
2026-07-29T07:45:27.313632+00:00,1,BOTH,688.0,48.0,525.0,21517,-0.003108474444015883,-0.5936748878879506,2.241
2026-07-29T07:45:27.363630+00:00,1,BOTH,688.0,48.0,525.0,22174,-0.011285315519198775,-2.1553364990785973,2.245
2026-07-29T07:45:27.430423+00:00,1,BOTH,687.5,47.5,525.1,21657,-0.011285315519198775,-2.1553364990785973,2.237
2026-07-29T07:45:27.447053+00:00,1,BOTH,686.5,46.5,525.0,22550,-0.005182779439492151,-0.9898379601002623,2.214
2026-07-29T07:45:27.530325+00:00,1,BOTH,687.5,47.5,525.1,22083,0.020465568401268685,3.9086356490966514,2.219
2026-07-29T07:45:27.597072+00:00,1,BOTH,686.5,46.5,525.0,22851,0.013065938544459641,2.4954104465828113,2.203
2026-07-29T07:45:27.647135+00:00,1,BOTH,687.0,47.0,525.0,22205,0.017708316313801334,3.3820392902116,2.203
2026-07-29T07:45:27.713656+00:00,1,BOTH,688.5,48.5,525.1,21246,-0.0033760274754604325,-0.6447737528802963,2.231
2026-07-29T07:45:27.813765+00:00,1,BOTH,688.5,48.5,525.2,21366,-0.0018006951856659726,-0.3439074477606213,2.248
2026-07-29T07:45:27.830411+00:00,1,BOTH,687.0,47.0,524.9,22832,-0.0031752384442370386,-0.606425872674893,2.23
2026-07-29T07:45:27.897168+00:00,1,BOTH,688.5,48.5,525.0,21420,-0.010526384846307336,-2.0103914174129205,2.247
2026-07-29T07:45:27.963737+00:00,1,BOTH,689.0,49.0,525.2,21178,0.0028376294067129493,0.5419472960895458,2.267
2026-07-29T07:45:28.063781+00:00,1,BOTH,688.0,48.0,525.4,21106,-0.02788280539796688,-5.325223567626972,2.26
2026-07-29T07:45:28.113809+00:00,1,BOTH,686.5,46.5,525.2,22635,0.028880073865875603,5.515687815135799,2.228
2026-07-29T07:45:28.147199+00:00,1,BOTH,687.5,47.5,525.3,22004,-0.04443334231851623,-8.486143281703386,2.227
2026-07-29T07:45:28.197245+00:00,1,BOTH,688.0,48.0,525.0,21820,0.04816762786358595,9.199339285800738,2.236
2026-07-29T07:45:28.263730+00:00,1,BOTH,687.0,47.0,525.0,22270,-0.027041022722842173,-5.164454919120714,2.223
2026-07-29T07:45:28.330482+00:00,1,BOTH,687.0,47.0,525.0,22249,0.03752050377079286,7.165888370903738,2.215
2026-07-29T07:45:28.380630+00:00,1,BOTH,687.5,47.5,525.1,21857,-0.04434470443986356,-8.469214693864085,2.22
2026-07-29T07:45:28.397111+00:00,1,BOTH,687.0,47.0,524.9,22382,0.039167775381356476,7.480494074227115,2.213
2026-07-29T07:45:28.480504+00:00,1,BOTH,689.0,49.0,524.9,22072,-0.0505116780847311,-9.64701990126182,2.247
2026-07-29T07:45:28.530657+00:00,1,BOTH,690.0,50.0,524.7,22454,0.023276441050693392,4.4454727809659556,2.285
2026-07-29T07:45:28.597259+00:00,1,BOTH,691.0,51.0,524.8,22061,0.026580627786461263,5.0765259632413136,2.328
2026-07-29T07:45:28.647412+00:00,1,BOTH,691.0,51.0,524.8,22315,-0.004571720091626048,-0.873134221217782,2.353
2026-07-29T07:45:28.697461+00:00,1,BOTH,691.5,51.5,525.0,22330,-0.011911334693431854,-2.2748973543379987,2.377
2026-07-29T07:45:28.713994+00:00,1,BOTH,691.5,51.5,525.1,21996,-0.004698927076533437,-0.8974289657503745,2.392
2026-07-29T07:45:28.797347+00:00,1,BOTH,690.5,50.5,525.2,22684,-0.02923842867836356,-5.584128542881672,2.382
2026-07-29T07:45:28.847411+00:00,1,BOTH,691.5,51.5,525.2,21458,-0.020825346172787248,-3.97734814199877,2.395
2026-07-29T07:45:28.914091+00:00,1,BOTH,690.0,50.0,525.2,22369,0.059009022205136714,11.269893085160307,2.374
2026-07-29T07:45:28.963972+00:00,1,BOTH,690.5,50.5,525.4,22043,-0.01974441516213119,-3.770905525814094,2.372
2026-07-29T07:45:29.030686+00:00,1,BOTH,691.5,51.5,525.5,21756,0.026394578353501855,5.040993138943392,2.389
2026-07-29T07:45:29.047510+00:00,1,BOTH,690.5,50.5,525.7,21846,-0.015408668350428343,-2.942838881321174,2.38
2026-07-29T07:45:29.114243+00:00,1,BOTH,690.0,50.0,525.5,22757,0.022557241322938352,4.308115750874884,2.365
2026-07-29T07:45:29.197540+00:00,1,BOTH,691.0,51.0,525.8,22325,-0.02587598789483309,-4.941949657018479,2.376
2026-07-29T07:45:29.247573+00:00,1,BOTH,691.5,51.5,526.0,22213,-0.01228000562172383,-2.3453083150723333,2.391
2026-07-29T07:45:29.264337+00:00,1,BOTH,691.0,51.0,526.0,22437,0.038518352292303465,7.356463400490162,2.391
2026-07-29T07:45:29.297462+00:00,1,BOTH,690.5,50.5,526.3,22630,0.00759522913955152,1.450581913770273,2.381
2026-07-29T07:45:29.364361+00:00,1,BOTH,691.0,51.0,526.2,21983,-0.01969974777661264,-3.7623746835737717,2.385
2026-07-29T07:45:29.380924+00:00,1,BOTH,690.0,50.0,526.0,23038,-0.03711670957505703,-7.08876936021193,2.369
2026-07-29T07:45:29.481079+00:00,1,BOTH,691.5,51.5,525.7,22254,-0.01091218167450279,-2.0840731840966975,2.387
2026-07-29T07:45:29.514579+00:00,1,BOTH,691.5,51.5,525.4,23082,-0.010724523279350251,-2.048233070655235,2.398
2026-07-29T07:45:29.581140+00:00,1,BOTH,692.0,52.0,525.6,21860,-0.02180217090062797,-4.163907922763065,2.414
2026-07-29T07:45:29.631205+00:00,1,BOTH,691.5,51.5,525.7,22211,0.05166470529511571,9.867231877324421,2.414
2026-07-29T07:45:29.647760+00:00,1,BOTH,691.0,51.0,526.0,22404,0.009300708393566311,1.7763044581108316,2.405
2026-07-29T07:45:29.664805+00:00,1,BOTH,692.5,52.5,526.3,21911,-0.06928395763970911,-13.23226120239503,2.427
2026-07-29T07:45:29.714619+00:00,1,BOTH,692.75,52.75,526.3,22063,0.012465296210721136,2.380696210849129,2.445
2026-07-29T07:45:29.764721+00:00,1,BOTH,691.5,51.5,526.3,21895,0.0037498680665157733,0.7161720464741202,2.433
2026-07-29T07:45:29.797945+00:00,1,BOTH,691.5,51.5,526.4,23066,-0.022407518727704884,-4.27952084152614,2.425
2026-07-29T07:45:29.864654+00:00,1,BOTH,691.5,51.5,526.4,21912,0.015069176480174064,2.8780007101725973,2.421
2026-07-29T07:45:29.914769+00:00,1,BOTH,692.0,52.0,526.5,22030,0.03325945542193949,6.352088081935452,2.427
2026-07-29T07:45:29.981301+00:00,1,BOTH,692.0,52.0,526.4,22794,0.028540081521496178,5.450754060470134,2.431
2026-07-29T07:45:30.048055+00:00,1,BOTH,691.0,51.0,526.5,22207,0.04897642164956778,9.353807520577957,2.415
2026-07-29T07:45:30.131512+00:00,1,BOTH,690.0,50.0,526.6,22675,0.00641042944509536,1.2243018402345147,2.387
2026-07-29T07:45:30.164806+00:00,1,BOTH,691.0,51.0,526.5,23249,0.05091043240390718,9.723176366433158,2.388
2026-07-29T07:45:30.231444+00:00,1,BOTH,690.5,50.5,526.7,22166,-0.02141638385131955,-4.090228023709139,2.38
2026-07-29T07:45:30.281528+00:00,1,BOTH,691.5,51.5,526.7,22778,-0.02326564638875425,-4.443411152398012,2.394
2026-07-29T07:45:30.348397+00:00,1,BOTH,691.0,51.0,526.7,22895,-0.004540765504352748,-0.8672223305266837,2.392
2026-07-29T07:45:30.398453+00:00,1,BOTH,690.0,50.0,526.6,22480,0.036037890119478104,6.882730021341018,2.373
2026-07-29T07:45:30.448494+00:00,1,BOTH,690.5,50.5,526.6,23119,-0.003496014061383903,-0.6676895027856252,2.371
2026-07-29T07:45:30.515089+00:00,1,BOTH,691.0,51.0,526.7,21592,0.010214772219769656,1.9508777896009357,2.379
2026-07-29T07:45:30.531799+00:00,1,BOTH,691.0,51.0,526.7,22183,-0.009652033383026719,-1.84340258855603,2.383
2026-07-29T07:45:30.598426+00:00,1,BOTH,690.0,50.0,526.8,22384,-0.01579792721197009,-3.017181847669206,2.368
2026-07-29T07:45:30.615194+00:00,1,BOTH,690.5,50.5,526.7,21979,0.0227243813930545,4.340037152892137,2.367
2026-07-29T07:45:30.698516+00:00,1,BOTH,690.5,50.5,526.9,22388,-0.017139323959127067,-3.2733697552181122,2.367
2026-07-29T07:45:30.748614+00:00,1,BOTH,692.0,52.0,526.9,22471,0.06502066249879135,12.418031807750964,2.395
2026-07-29T07:45:30.798620+00:00,1,BOTH,690.5,50.5,527.0,22491,-0.05948153498582542,-11.360136378825151,2.384
2026-07-29T07:45:30.865275+00:00,1,BOTH,690.0,50.0,527.0,22643,0.006187285101041198,1.1816844097794525,2.368
2026-07-29T07:45:30.915204+00:00,1,BOTH,690.0,50.0,527.0,22921,0.01939151250757277,3.7035060835302254,2.358
2026-07-29T07:45:30.998905+00:00,1,BOTH,690.5,50.5,527.1,22453,-0.03465392811689526,-6.618412748826116,2.362
2026-07-29T07:45:31.048797+00:00,1,BOTH,691.5,51.5,527.0,22897,0.00444961353612598,0.8498135869476692,2.383
2026-07-29T07:45:31.115604+00:00,1,BOTH,691.0,51.0,527.0,22889,0.001464058901183307,0.2796146533212145,2.386
2026-07-29T07:45:31.165511+00:00,1,BOTH,689.5,49.5,526.9,22533,0.01680630540387938,3.209767896167323,2.36
2026-07-29T07:45:31.215583+00:00,1,BOTH,691.5,51.5,527.0,22121,-0.003426369947846979,-0.6543884568736397,2.381
2026-07-29T07:45:31.265529+00:00,1,BOTH,691.5,51.5,527.3,21769,-0.0038539360323920848,-0.7360475638982006,2.394
2026-07-29T07:45:31.282386+00:00,1,BOTH,691.0,51.0,527.4,21668,-0.007158117848448455,-1.3670998065778732,2.393
2026-07-29T07:45:31.382276+00:00,1,BOTH,689.0,49.0,527.4,22496,-0.03192232727538794,-6.096715417050271,2.355
2026-07-29T07:45:31.415672+00:00,1,BOTH,691.0,51.0,527.1,23114,0.0017473644972778857,0.3337220365500722,2.369
2026-07-29T07:45:31.465797+00:00,1,BOTH,689.5,49.5,527.2,21987,0.003941229251213371,0.7527193406267728,2.349
2026-07-29T07:45:31.532476+00:00,1,BOTH,691.0,51.0,527.1,22459,0.022681915289722382,4.331926724581148,2.366
2026-07-29T07:45:31.566892+00:00,1,BOTH,690.5,50.5,527.2,22368,-0.0119407176139066,-2.2805090787812365,2.366
2026-07-29T07:45:31.615961+00:00,1,BOTH,690.0,50.0,527.2,22802,0.016315820598974823,3.1160921987128942,2.357
2026-07-29T07:45:31.632379+00:00,1,BOTH,691.5,51.5,527.0,22140,0.0,0.0,2.38
2026-07-29T07:45:31.665723+00:00,1,RIGHT,271.97,-368.03,527.0,9917,0.031071197278797626,5.934161561644908,-1.62
2026-07-29T07:45:31.749071+00:00,1,BOTH,691.0,51.0,527.2,22117,-0.022191607714630662,-4.2382848755276505,-0.016
2026-07-29T07:45:31.799239+00:00,1,BOTH,691.5,51.5,527.1,22596,0.016750560725777176,3.199121446882084,0.956
2026-07-29T07:45:31.849291+00:00,1,BOTH,691.0,51.0,527.1,22265,0.006495864934258862,1.2406188167335293,1.53
2026-07-29T07:45:31.899419+00:00,1,BOTH,691.0,51.0,527.1,21923,-0.013705671192146838,-2.6175903823468314,1.874
2026-07-29T07:45:31.982636+00:00,1,BOTH,691.5,51.5,526.9,22475,-0.03148404581472278,-6.013009823933795,2.09
2026-07-29T07:45:32.032752+00:00,1,BOTH,691.0,51.0,527.0,21957,-0.02623818430118263,-5.01112407514726,2.21
2026-07-29T07:45:32.099532+00:00,1,BOTH,691.5,51.5,527.1,21573,-0.0034766266820952297,-0.6639867860887574,2.292
2026-07-29T07:45:32.149609+00:00,1,BOTH,689.0,49.0,527.1,22193,-0.0433061817381531,-8.270871468075642,2.294
2026-07-29T07:45:32.200162+00:00,1,BOTH,691.0,51.0,526.6,22684,-0.005553687438368798,-1.060676169844512,2.333
2026-07-29T07:45:32.266143+00:00,1,BOTH,689.0,49.0,526.7,22984,0.021023804708383977,4.015250930325569,2.318
2026-07-29T07:45:32.349785+00:00,1,BOTH,689.5,49.5,527.1,22167,-0.03763621190795675,-7.187986997286443,2.319
2026-07-29T07:45:32.399715+00:00,1,BOTH,690.5,50.5,526.8,23036,0.05703238472342491,10.892383134062127,2.338
2026-07-29T07:45:32.449510+00:00,1,RIGHT,271.24,-368.76,526.8,9704,-0.036588847027160226,-6.9879550396868995,-1.662
2026-07-29T07:45:32.499796+00:00,1,BOTH,690.5,50.5,526.7,22729,0.029994387179613113,5.72850598157712,-0.05
2026-07-29T07:45:32.549823+00:00,1,BOTH,691.0,51.0,526.8,22278,0.08078159323427826,15.428147848889035,0.926
2026-07-29T07:45:32.616466+00:00,1,BOTH,690.0,50.0,526.8,22731,-0.029057384820189328,-5.549551712947843,1.493
2026-07-29T07:45:32.683164+00:00,1,BOTH,691.0,51.0,526.8,21391,0.003125832569785416,0.5969900457107891,1.852
2026-07-29T07:45:32.733260+00:00,1,BOTH,690.0,50.0,526.9,22713,-0.020256646997877395,-3.868734600215747,2.049
2026-07-29T07:45:32.783319+00:00,1,BOTH,691.5,51.5,526.8,21476,0.014994617374613882,2.863760969929701,2.195
2026-07-29T07:45:32.800066+00:00,1,BOTH,690.0,50.0,526.6,22431,-0.002016834174282849,-0.38518695388053187,2.254
2026-07-29T07:45:32.883420+00:00,1,BOTH,691.0,51.0,526.7,21620,0.017350087901577355,3.313622703137911,2.309
2026-07-29T07:45:32.899893+00:00,1,BOTH,691.0,51.0,526.8,22161,-0.04110282082110643,-7.850060530439479,2.342
2026-07-29T07:45:32.966692+00:00,1,BOTH,690.5,50.5,526.7,21983,0.0029205833992455156,0.5577903416424651,2.352
2026-07-29T07:45:33.033580+00:00,1,BOTH,690.5,50.5,526.9,21716,0.001596245630644262,0.3048604590070489,2.358
2026-07-29T07:45:33.066996+00:00,1,BOTH,688.5,48.5,527.0,22313,0.0019060012372210623,0.3640194221316003,2.324
2026-07-29T07:45:33.150143+00:00,1,BOTH,690.0,50.0,527.0,22967,-0.03436804603785276,-6.563813293600915,2.332
2026-07-29T07:45:33.233586+00:00,1,BOTH,692.0,52.0,526.8,22454,-0.023954684836789964,-4.5750078023803145,2.374
2026-07-29T07:45:33.316895+00:00,1,BOTH,691.5,51.5,526.9,21041,-0.037367638181895015,-7.136693193981644,2.39
2026-07-29T07:45:33.383740+00:00,1,BOTH,691.0,51.0,527.0,21565,0.01952872298192233,3.7297113538142845,2.39
2026-07-29T07:45:33.433957+00:00,1,BOTH,689.5,49.5,526.7,22621,0.01656185630708933,3.16308155766114,2.362
2026-07-29T07:45:33.483839+00:00,1,BOTH,690.0,50.0,526.7,22862,0.07276723586022854,13.89751833874704,2.355
2026-07-29T07:45:33.550524+00:00,1,BOTH,690.0,50.0,526.8,22645,-0.014136341800913214,-2.699842409822309,2.35
2026-07-29T07:45:33.600452+00:00,1,BOTH,691.5,51.5,526.7,22358,-0.004633263596333564,-0.8848881648050624,2.376
2026-07-29T07:45:33.650431+00:00,1,BOTH,691.5,51.5,526.9,21629,0.028842478794977068,5.5085076854925275,2.391
2026-07-29T07:45:33.700463+00:00,1,BOTH,689.5,49.5,527.0,22809,-0.02143606492318213,-4.093986831555871,2.363
2026-07-29T07:45:33.750401+00:00,1,BOTH,691.5,51.5,527.1,21577,-0.023981757583096622,-4.580178316057648,2.383
2026-07-29T07:45:33.800684+00:00,1,BOTH,690.5,50.5,527.0,21977,0.021934637557715176,4.189207190687411,2.377
2026-07-29T07:45:33.817405+00:00,1,BOTH,690.5,50.5,527.1,21539,-0.0025541985407471655,-0.48781598807762067,2.373
2026-07-29T07:45:33.900619+00:00,1,BOTH,690.5,50.5,527.0,21861,-0.026689083855599163,-5.097239546655249,2.371
2026-07-29T07:45:33.950625+00:00,1,BOTH,690.75,50.75,526.9,22621,0.0016142028028843923,0.3082900262782121,2.374
2026-07-29T07:45:34.000547+00:00,1,BOTH,688.0,48.0,526.9,22209,0.0097307797241956,1.8584420318929435,2.324
2026-07-29T07:45:34.050610+00:00,1,BOTH,692.5,52.5,526.7,22695,0.06050298944115639,11.555219809676148,2.379
2026-07-29T07:45:34.084686+00:00,1,BOTH,688.0,48.0,526.5,22724,-0.004404561136616394,-0.8412092124515472,2.327
2026-07-29T07:45:34.150835+00:00,1,BOTH,690.5,50.5,526.9,21813,-0.027102326368913056,-5.1761630530827984,2.343
2026-07-29T07:45:34.200761+00:00,1,BOTH,688.5,48.5,526.6,22737,0.0028284004353918133,0.5401846924030512,2.315
2026-07-29T07:45:34.250832+00:00,1,BOTH,690.5,50.5,526.8,22241,-0.0013587337452918291,-0.2594990302907506,2.336
2026-07-29T07:45:34.300860+00:00,1,BOTH,690.5,50.5,526.9,21661,-0.03301012144656852,-6.3044688003422005,2.349
2026-07-29T07:45:34.350851+00:00,1,BOTH,692.0,52.0,527.2,21715,0.001190213938243687,0.22731411793002557,2.384
2026-07-29T07:45:34.384324+00:00,1,BOTH,689.0,49.0,526.9,22512,0.005488318530842662,1.0481916281357502,2.349
2026-07-29T07:45:34.434334+00:00,1,BOTH,690.5,50.5,527.0,22424,0.010796705338871107,2.0620188285455923,2.356
2026-07-29T07:45:34.501048+00:00,1,BOTH,689.0,49.0,527.0,22485,0.03845147851854563,7.343691450502039,2.333
2026-07-29T07:45:34.517601+00:00,1,BOTH,689.0,49.0,527.0,22411,-0.002176026910747169,-0.41559052697567817,2.318
2026-07-29T07:45:34.584309+00:00,1,BOTH,689.5,49.5,527.1,22571,0.037916157357394696,7.241452639775402,2.319
2026-07-29T07:45:34.667730+00:00,1,BOTH,689.5,49.5,527.0,23187,0.018311230815015733,3.4971874779676675,2.32
2026-07-29T07:45:34.684537+00:00,1,BOTH,692.0,52.0,527.2,21636,-0.010552832063403912,-2.0154424638112536,2.367
2026-07-29T07:45:34.784497+00:00,1,BOTH,690.0,50.0,527.2,21922,-0.006246467144810594,-1.192987347549269,2.358
2026-07-29T07:45:34.834528+00:00,1,BOTH,690.5,50.5,527.0,22897,0.06128490954171866,11.704555548605025,2.361
2026-07-29T07:45:34.884653+00:00,1,BOTH,690.0,50.0,527.0,22266,0.06059962244704366,11.57367535433949,2.354
2026-07-29T07:45:34.951367+00:00,1,BOTH,690.0,50.0,527.2,22410,-0.03650736961513758,-6.972394000238412,2.35
2026-07-29T07:45:34.984604+00:00,1,BOTH,690.0,50.0,527.2,22704,0.009071087911725045,1.732450176446615,2.348
2026-07-29T07:45:35.051353+00:00,1,BOTH,690.5,50.5,527.4,21590,-0.06555358963087202,-12.519813392605075,2.355
2026-07-29T07:45:35.101867+00:00,1,BOTH,691.5,51.5,527.5,21370,0.057762508308514954,11.031826467224196,2.379
2026-07-29T07:45:35.168192+00:00,1,BOTH,689.0,49.0,527.6,22705,-0.02687465144554153,-5.132680345715622,2.346
2026-07-29T07:45:35.184714+00:00,1,BOTH,689.5,49.5,527.5,22622,0.04163514741230756,7.95172742043418,2.336
2026-07-29T07:45:35.268152+00:00,1,BOTH,690.5,50.5,527.7,21728,-0.012186450429726391,-2.327440589562369,2.348
2026-07-29T07:45:35.284928+00:00,1,BOTH,691.5,51.5,527.9,21482,0.0003762739105150104,0.07186302337797768,2.375
2026-07-29T07:45:35.384846+00:00,1,BOTH,690.0,50.0,527.7,23088,-0.02631789500359446,-5.026347697914663,2.362
2026-07-29T07:45:35.418216+00:00,1,BOTH,690.5,50.5,527.7,22178,0.03039240898564458,5.804522547043046,2.364
2026-07-29T07:45:35.435058+00:00,1,BOTH,690.5,50.5,527.6,21514,-0.038335810247808695,-7.32160043804603,2.365
2026-07-29T07:45:35.551577+00:00,1,BOTH,690.0,50.0,527.3,22024,0.010799397993832827,2.0625330877622305,2.357
2026-07-29T07:45:35.601687+00:00,1,BOTH,690.5,50.5,527.5,21722,-0.010738891195505857,-2.050977140508949,2.361
2026-07-29T07:45:35.635090+00:00,1,BOTH,690.75,50.75,527.4,22143,0.006370574545580893,1.216690115117525,2.368
2026-07-29T07:45:35.701771+00:00,1,BOTH,690.0,50.0,527.5,22457,0.006370574545580893,1.216690115117525,2.358
2026-07-29T07:45:35.718420+00:00,1,BOTH,690.5,50.5,527.5,22058,0.006370574545580893,1.216690115117525,2.362
2026-07-29T07:45:35.785178+00:00,1,BOTH,690.5,50.5,527.7,21539,-0.004543152586556971,-0.8676782296455262,2.364
2026-07-29T07:45:35.801842+00:00,1,BOTH,690.0,50.0,527.6,22960,-0.01265178848290816,-2.4163136112095343,2.356
2026-07-29T07:45:35.885324+00:00,1,BOTH,690.5,50.5,527.6,22196,0.00022335183719405903,0.042657058725708887,2.36
2026-07-29T07:45:35.935255+00:00,1,BOTH,690.5,50.5,527.5,22537,-0.0197673610644415,-3.7752878703457613,2.363
2026-07-29T07:45:35.985381+00:00,1,BOTH,689.5,49.5,527.3,22345,0.008069415907375515,1.5411449154278223,2.346
2026-07-29T07:45:36.051939+00:00,1,BOTH,691.5,51.5,527.6,20865,-0.03897800637641922,-7.444250864009441,2.373
2026-07-29T07:45:36.085236+00:00,1,BOTH,690.5,50.5,527.6,21398,-0.05952446024864912,-11.368334500139445,2.371
2026-07-29T07:45:36.151841+00:00,1,BOTH,691.0,51.0,527.4,22547,0.012987532887345879,2.480436069107583,2.379
2026-07-29T07:45:36.168744+00:00,1,BOTH,690.5,50.5,527.5,22423,0.07306602561846376,13.95458297910908,2.374
2026-07-29T07:45:36.268823+00:00,1,BOTH,688.5,48.5,527.7,21894,-0.042534700620744846,-8.123529428070542,2.334
2026-07-29T07:45:36.318858+00:00,1,BOTH,691.0,51.0,527.5,21430,0.035931046470068395,6.862324387411179,2.357
2026-07-29T07:45:36.385718+00:00,1,BOTH,689.5,49.5,527.5,22523,-0.017427798814605922,-3.328464394266728,2.342
2026-07-29T07:45:36.435450+00:00,1,BOTH,689.5,49.5,527.5,22361,-0.025499482341110706,-4.870042393046718,2.333
2026-07-29T07:45:36.485632+00:00,1,BOTH,691.0,51.0,527.4,22124,0.016348261435050516,3.1222879420162704,2.356
2026-07-29T07:45:36.502295+00:00,1,BOTH,690.5,50.5,527.2,22755,0.01112858222797513,2.1254026454242316,2.361
2026-07-29T07:45:36.602251+00:00,1,BOTH,691.0,51.0,527.6,21185,0.012179364822804928,2.3260873383227407,2.373
2026-07-29T07:45:36.619259+00:00,1,BOTH,691.0,51.0,527.7,21728,-0.01742275703698397,-3.327501485670123,2.38
2026-07-29T07:45:36.685740+00:00,1,BOTH,690.5,50.5,527.6,21662,0.048713874714449046,9.303664749556628,2.375
2026-07-29T07:45:36.719102+00:00,1,BOTH,691.0,51.0,527.7,22167,0.030657028583809733,5.855061167547416,2.381
2026-07-29T07:45:36.802492+00:00,1,BOTH,690.5,50.5,527.7,21617,-0.007792024025693536,-1.4881669684559231,2.376
2026-07-29T07:45:36.835768+00:00,1,BOTH,691.0,51.0,527.5,22519,-0.024802886184770615,-4.737002327102309,2.382
2026-07-29T07:45:36.902577+00:00,1,BOTH,689.5,49.5,527.3,22605,0.03181149324867874,6.075547677194013,2.357
2026-07-29T07:45:36.935927+00:00,1,BOTH,690.0,50.0,527.5,21770,0.01631378021091223,3.115702513297709,2.352
2026-07-29T07:45:37.019261+00:00,1,BOTH,691.0,51.0,527.4,22406,-0.0009989321904140525,-0.19078199510161306,2.367
2026-07-29T07:45:37.119280+00:00,1,BOTH,690.5,50.5,527.2,21632,-0.04475428279489279,-8.547438397607705,2.367
2026-07-29T07:45:37.185984+00:00,1,BOTH,689.5,49.5,527.5,22624,-0.029685165155678987,-5.669448925230725,2.348
2026-07-29T07:45:37.252847+00:00,1,BOTH,690.5,50.5,527.1,21893,0.05344499094411731,10.207241390709424,2.356
2026-07-29T07:45:37.302772+00:00,1,BOTH,690.5,50.5,527.2,22996,-0.06275428142398595,-11.985184906568724,2.36
2026-07-29T07:45:37.369493+00:00,1,BOTH,690.0,50.0,526.9,22076,-0.06275428142398595,-11.985184906568724,2.354
2026-07-29T07:45:37.419559+00:00,1,BOTH,691.0,51.0,527.7,21878,-0.06275428142398595,-11.985184906568724,2.369
2026-07-29T07:45:37.469483+00:00,1,BOTH,690.5,50.5,526.9,22728,-0.06275428142398595,-11.985184906568724,2.368
2026-07-29T07:45:37.486117+00:00,1,BOTH,689.5,49.5,526.4,22386,-0.06275428142398595,-11.985184906568724,2.349
2026-07-29T07:45:37.569639+00:00,1,BOTH,690.5,50.5,526.4,21944,-0.06275428142398595,-11.985184906568724,2.356
2026-07-29T07:45:37.619450+00:00,1,BOTH,691.0,51.0,526.5,22475,0.00514712393283844,0.9830282599414013,2.37
2026-07-29T07:45:37.669436+00:00,1,BOTH,690.5,50.5,526.7,22519,-0.029865109925158322,-5.703815844686126,2.369
2026-07-29T07:45:37.686403+00:00,1,BOTH,690.5,50.5,526.5,21906,0.04264654920436442,8.1448909340236,2.368
2026-07-29T07:45:37.769671+00:00,1,BOTH,690.5,50.5,526.7,22470,0.07114155779127032,13.587036698086093,2.368
2026-07-29T07:45:37.819741+00:00,1,BOTH,690.5,50.5,526.7,21391,0.11540904224850237,22.041503461620646,2.368
2026-07-29T07:45:37.836526+00:00,1,BOTH,690.0,50.0,526.9,22578,0.04729797696694732,9.033248199043532,2.358
2026-07-29T07:45:37.919707+00:00,1,BOTH,691.5,51.5,526.8,21123,0.09390110747888684,17.93379050048182,2.38
2026-07-29T07:45:37.969791+00:00,1,BOTH,690.5,50.5,527.2,22243,0.020481486693024634,3.9116758188788974,2.375
2026-07-29T07:45:38.019842+00:00,1,BOTH,689.5,49.5,527.0,21980,0.0022185051999986174,0.42370328262582463,2.353
2026-07-29T07:45:38.069881+00:00,1,BOTH,689.5,49.5,527.1,22812,-0.017872715946286918,-3.4134373071946857,2.34
2026-07-29T07:45:38.103600+00:00,1,BOTH,690.0,50.0,527.3,21583,0.0016400466486811637,0.3132258372466852,2.342
2026-07-29T07:45:38.119847+00:00,1,BOTH,688.5,48.5,527.1,22524,0.006523528378456831,1.2459021453979933,2.314
2026-07-29T07:45:38.203272+00:00,1,BOTH,688.5,48.5,527.4,22591,0.002387780249118805,0.45603243559734613,2.298
2026-07-29T07:45:38.269987+00:00,1,BOTH,691.0,51.0,527.3,22241,0.02154790820553899,4.115347325042331,2.335
2026-07-29T07:45:38.319997+00:00,1,BOTH,689.5,49.5,527.6,22322,-0.06340522725135088,-12.10950640190093,2.329
2026-07-29T07:45:38.370116+00:00,1,BOTH,690.0,50.0,527.7,21369,-0.010517428927123547,-2.0086809628432825,2.335
2026-07-29T07:45:38.386643+00:00,1,BOTH,688.5,48.5,527.4,22502,0.005845271712169051,1.1163646640483171,2.31
2026-07-29T07:45:38.420166+00:00,1,BOTH,690.5,50.5,527.4,22799,0.036500208098441365,6.971026251299727,2.333
2026-07-29T07:45:38.504073+00:00,1,BOTH,690.0,50.0,527.3,21921,0.007256627664901316,1.3859137956557308,2.337
2026-07-29T07:45:38.520217+00:00,1,BOTH,690.5,50.5,527.4,22565,0.012900905623100698,2.463891480334205,2.349
2026-07-29T07:45:38.603480+00:00,1,BOTH,689.5,49.5,527.2,22179,-0.04332818299531937,-8.275073398674339,2.338
2026-07-29T07:45:38.670814+00:00,1,BOTH,690.5,50.5,527.3,22509,-0.00793134816813108,-1.5147759196090924,2.349
2026-07-29T07:45:38.737107+00:00,1,BOTH,690.0,50.0,527.4,22314,-0.01887511271168478,-3.604880987377562,2.347
2026-07-29T07:45:38.786953+00:00,1,BOTH,690.5,50.5,527.4,21581,0.00961636230815202,1.8365899150859784,2.355
2026-07-29T07:45:38.837047+00:00,1,BOTH,689.5,49.5,527.4,21950,-0.024229464316740633,-4.627486817373557,2.341
2026-07-29T07:45:38.886995+00:00,1,BOTH,690.0,50.0,527.4,21805,0.0069683393323794005,1.3308547798678314,2.342
2026-07-29T07:45:38.903786+00:00,1,BOTH,689.0,49.0,527.3,22327,-0.0358570799883455,-6.848197829984001,2.324
2026-07-29T07:45:38.987137+00:00,1,BOTH,689.5,49.5,527.3,22236,0.03624236585572362,6.921782010340013,2.323
2026-07-29T07:45:39.053684+00:00,1,BOTH,690.0,50.0,527.5,22350,-0.0124651266541332,-2.3806638279262047,2.331
2026-07-29T07:45:39.103712+00:00,1,BOTH,689.5,49.5,527.5,22047,0.010254751718603074,1.958513311434946,2.327
2026-07-29T07:45:39.170404+00:00,1,BOTH,689.5,49.5,527.5,22607,0.0007637888687895611,0.14587292873571084,2.324
2026-07-29T07:45:39.237203+00:00,1,BOTH,689.0,49.0,527.4,22378,-0.005805577503051609,-1.10878362853652,2.313
2026-07-29T07:45:39.320650+00:00,1,BOTH,690.5,50.5,527.4,22096,-0.0036629053950309755,-0.6995633996365815,2.335
2026-07-29T07:45:39.370632+00:00,1,BOTH,688.5,48.5,527.2,22540,0.005980092781828717,1.142113591651444,2.31
2026-07-29T07:45:39.420823+00:00,1,BOTH,690.0,50.0,527.2,22827,-0.0017913100845180453,-0.34211502547368927,2.324
2026-07-29T07:45:39.470070+00:00,1,BOTH,688.5,48.5,527.2,22211,-0.005890217451378703,-1.1249486679276797,2.304
2026-07-29T07:45:39.537381+00:00,1,BOTH,690.0,50.0,527.4,22160,-0.031753486634697764,-6.064469229977498,2.32
2026-07-29T07:45:39.587394+00:00,1,BOTH,690.0,50.0,527.3,22437,0.03609568860381842,6.893768718724195,2.329
2026-07-29T07:45:39.637589+00:00,1,BOTH,689.0,49.0,527.5,22050,-0.032323356810957195,-6.173306416544304,2.316
2026-07-29T07:45:39.704174+00:00,1,BOTH,689.5,49.5,527.5,22698,-0.022042044948320835,-4.209720491254802,2.318
2026-07-29T07:45:39.787594+00:00,1,BOTH,689.5,49.5,527.5,22489,-0.0222210932103917,-4.2439161904075124,2.319
2026-07-29T07:45:39.837519+00:00,1,BOTH,690.5,50.5,527.5,22468,0.021861138209351337,4.175169849160045,2.338
2026-07-29T07:45:39.904282+00:00,1,BOTH,689.5,49.5,527.5,22405,0.012739267256110907,2.4330208262145328,2.331
2026-07-29T07:45:40.004204+00:00,1,BOTH,690.0,50.0,527.6,21483,-0.014884278392783017,-2.8426877766807706,2.336
2026-07-29T07:45:40.054342+00:00,1,BOTH,690.0,50.0,527.5,22647,0.008529948438517749,1.6291001499709126,2.339
2026-07-29T07:45:40.104289+00:00,1,BOTH,691.0,51.0,527.4,21715,0.0004662819905206561,0.08905330039930884,2.36
2026-07-29T07:45:40.171007+00:00,1,BOTH,690.5,50.5,527.4,22246,-0.029552808799780905,-5.644170723281753,2.363
2026-07-29T07:45:40.204336+00:00,1,BOTH,691.5,51.5,527.4,21753,-0.008569731023162603,-1.636698063965153,2.383
2026-07-29T07:45:40.254487+00:00,1,BOTH,690.0,50.0,527.5,22220,-0.009729921195103089,-1.8582780649143102,2.367
2026-07-29T07:45:40.305083+00:00,1,BOTH,691.0,51.0,527.6,21718,0.013426509802229702,2.564274484195972,2.377
2026-07-29T07:45:40.371122+00:00,1,BOTH,691.0,51.0,527.7,21837,-0.003999542540404946,-0.7638563584941164,2.382
2026-07-29T07:45:40.421213+00:00,1,BOTH,690.5,50.5,527.7,21644,-0.010457149937865324,-1.9971685239172472,2.376
2026-07-29T07:45:40.471269+00:00,1,BOTH,690.0,50.0,527.7,21852,0.007473034167196602,1.4272443931247576,2.363
2026-07-29T07:45:40.521333+00:00,1,BOTH,690.5,50.5,527.7,21893,-0.00033511802525026724,-0.06400282828532956,2.365
2026-07-29T07:45:40.538012+00:00,1,BOTH,690.5,50.5,527.6,21987,0.00022982986105489543,0.043894270148412115,2.366
2026-07-29T07:45:40.571264+00:00,1,BOTH,690.0,50.0,527.7,22711,0.015006959950551391,2.866118228294831,2.357
2026-07-29T07:45:40.671352+00:00,1,BOTH,690.5,50.5,527.7,22657,5.592360277660189e-05,0.010680621380884601,2.361
2026-07-29T07:45:40.721487+00:00,1,BOTH,690.5,50.5,527.6,21657,-0.008430058481171726,-1.610022573398683,2.364
2026-07-29T07:45:40.771497+00:00,1,BOTH,690.5,50.5,527.6,22662,-0.03304840985685587,-6.311781348054636,2.365
2026-07-29T07:45:40.854833+00:00,1,BOTH,690.0,50.0,527.5,22230,0.023536904419306667,4.495217620096959,2.356
2026-07-29T07:45:40.904763+00:00,1,BOTH,690.0,50.0,527.4,22831,-0.010938910319819115,-2.0891779793257896,2.351
2026-07-29T07:45:40.971589+00:00,1,BOTH,691.5,51.5,527.4,21724,0.012263966938480735,2.3422451522097445,2.376
2026-07-29T07:45:41.038356+00:00,1,BOTH,690.0,50.0,527.3,22738,-0.019613853944465517,-3.7459701700129875,2.363
2026-07-29T07:45:41.088189+00:00,1,BOTH,691.0,51.0,527.5,21633,-0.004930498865433037,-0.9416559196111794,2.374
2026-07-29T07:45:41.138332+00:00,1,BOTH,690.5,50.5,527.5,22835,0.004181139809079468,0.798538882047961,2.371
2026-07-29T07:45:41.188392+00:00,1,BOTH,691.0,51.0,527.4,21996,0.0063720359839499,1.2169692292860668,2.379
2026-07-29T07:45:41.238368+00:00,1,BOTH,690.5,50.5,527.4,22425,-0.004361176416277885,-0.8329233412157074,2.374
2026-07-29T07:45:41.288385+00:00,1,BOTH,690.0,50.0,527.3,22676,-0.027973821624182164,-5.342606386391452,2.362
2026-07-29T07:45:41.338460+00:00,1,BOTH,691.0,51.0,527.3,22204,0.03784359293989837,7.227593856890852,2.374
2026-07-29T07:45:41.405070+00:00,1,BOTH,689.5,49.5,527.3,22918,-0.047380348835140466,-9.048980067037117,2.352
2026-07-29T07:45:41.439301+00:00,1,BOTH,691.0,51.0,527.2,22193,-0.01818255789577961,-3.472612760601475,2.368
2026-07-29T07:45:41.471783+00:00,1,BOTH,690.5,50.5,527.1,21893,-0.08126784790423698,-15.52101565007957,2.367
2026-07-29T07:45:41.555305+00:00,1,BOTH,691.0,51.0,526.9,21805,0.015140426235739142,2.8916084111233227,2.377
2026-07-29T07:45:41.638613+00:00,1,BOTH,690.0,50.0,527.1,22788,-0.023601172361522912,-4.507491892920231,2.364
2026-07-29T07:45:41.688588+00:00,1,BOTH,690.0,50.0,526.9,21799,0.027352632344700395,5.223967973081193,2.356
2026-07-29T07:45:41.755433+00:00,1,BOTH,690.5,50.5,527.2,21837,-0.03206697660731152,-6.124341404478965,2.36
2026-07-29T07:45:41.805429+00:00,1,BOTH,690.5,50.5,527.3,21906,0.024316469667246564,4.644103615303711,2.363
2026-07-29T07:45:41.821927+00:00,1,BOTH,690.0,50.0,527.2,22978,-0.012685738269938155,-2.422797542916823,2.355
2026-07-29T07:45:41.905392+00:00,1,BOTH,690.5,50.5,527.3,21902,-0.003470421060919762,-0.6628015997467197,2.36
2026-07-29T07:45:41.955489+00:00,1,BOTH,690.5,50.5,527.3,22392,0.0053672524134162816,1.0250697029005273,2.363
2026-07-29T07:45:42.022175+00:00,1,BOTH,690.5,50.5,527.4,22543,0.030610590772621436,5.846192198911034,2.365
2026-07-29T07:45:42.088845+00:00,1,BOTH,690.5,50.5,527.4,22169,-0.01147075135144405,-2.1907521342724317,2.366
2026-07-29T07:45:42.155548+00:00,1,BOTH,690.0,50.0,527.3,23028,0.015152627184870654,2.893938620760954,2.357
2026-07-29T07:45:42.222299+00:00,1,BOTH,690.5,50.5,527.3,22374,0.00996412493987009,1.9030076853186708,2.361
2026-07-29T07:45:42.272298+00:00,1,BOTH,691.0,51.0,527.5,21863,-0.011571338676149026,-2.209962898199455,2.373
2026-07-29T07:45:42.289044+00:00,1,BOTH,690.0,50.0,527.4,23038,0.015384633173234762,2.9382485006110364,2.361
2026-07-29T07:45:42.372412+00:00,1,BOTH,691.0,51.0,527.5,21842,0.002325491448864341,0.44413615104563214,2.373
2026-07-29T07:45:42.422276+00:00,1,BOTH,692.0,52.0,527.8,21319,-0.011626491142669693,-2.2204962434040243,2.399
2026-07-29T07:45:42.472424+00:00,1,BOTH,690.0,50.0,527.6,22562,-0.007281642835587263,-1.390691341336078,2.377
2026-07-29T07:45:42.505843+00:00,1,BOTH,691.0,51.0,527.7,21971,0.0,0.0,2.382
2026-07-29T07:45:42.555687+00:00,1,BOTH,690.5,50.5,527.7,22364,-0.013498281631618737,-2.5779818939023875,2.376
2026-07-29T07:45:42.655930+00:00,1,BOTH,691.0,51.0,527.7,21804,0.020231293929973616,3.8638925209204302,2.382
2026-07-29T07:45:42.722544+00:00,1,BOTH,691.5,51.5,527.9,21703,0.000626404033973813,0.11963435805556305,2.395
2026-07-29T07:45:42.772541+00:00,1,BOTH,691.0,51.0,527.9,21899,-0.0017522705905139446,-0.33465903133781844,2.393
2026-07-29T07:45:42.839422+00:00,1,BOTH,691.0,51.0,527.9,21481,0.01895802002516575,3.620715117888321,2.392
2026-07-29T07:45:42.905990+00:00,1,BOTH,690.5,50.5,527.8,22362,-0.003090821523219347,-0.5903034283622165,2.382
2026-07-29T07:45:42.989526+00:00,1,BOTH,690.0,50.0,527.7,22561,-0.004399203008797485,-0.8401858854178302,2.367
2026-07-29T07:45:43.039416+00:00,1,BOTH,691.0,51.0,527.7,21682,0.004456272570823785,0.8510853688937203,2.376
2026-07-29T07:45:43.122887+00:00,1,BOTH,690.5,50.5,527.7,22058,-0.0059600146999582646,-1.1382789604784607,2.373
2026-07-29T07:45:43.172859+00:00,1,BOTH,691.0,51.0,527.8,21738,-0.007062715788924834,-1.3488793553526752,2.38
2026-07-29T07:45:43.222870+00:00,1,BOTH,691.5,51.5,527.9,21190,-0.006398960349615663,-1.2221114043484507,2.394
2026-07-29T07:45:43.322876+00:00,1,BOTH,690.5,50.5,527.6,22675,-0.01931253412971273,-3.6884223244496592,2.383
2026-07-29T07:45:43.373007+00:00,1,BOTH,691.0,51.0,527.7,21932,0.0030160628671001177,0.5760255767698775,2.386
2026-07-29T07:45:43.423068+00:00,1,BOTH,690.5,50.5,527.7,22026,0.0030486599303549155,0.5822511572666139,2.379
2026-07-29T07:45:43.439526+00:00,1,BOTH,691.5,51.5,527.6,21871,-0.002313456376432441,-0.44183762152402506,2.393
2026-07-29T07:45:43.523093+00:00,1,BOTH,690.5,50.5,527.4,22357,-0.02988199981744401,-5.707041576500794,2.383
2026-07-29T07:45:43.556302+00:00,1,BOTH,690.5,50.5,527.2,22459,1.6534683527424929e-06,0.00031578919390197767,2.376
2026-07-29T07:45:43.623257+00:00,1,BOTH,690.5,50.5,527.3,22150,0.037836252826964484,7.226191998583316,2.373
2026-07-29T07:45:43.673162+00:00,1,BOTH,690.5,50.5,527.3,22173,-0.010416715745523107,-1.9894461620198163,2.37
2026-07-29T07:45:43.739910+00:00,1,BOTH,690.5,50.5,527.4,22423,-1.907162422867259e-05,-0.0036424119225412785,2.369
2026-07-29T07:45:43.789860+00:00,1,BOTH,692.0,52.0,527.5,21386,-6.758269089914392e-05,-0.012907343188860484,2.397
2026-07-29T07:45:43.839861+00:00,1,BOTH,690.0,50.0,527.2,22860,-0.020107525631028692,-3.840254517030238,2.375
2026-07-29T07:45:43.906646+00:00,1,BOTH,690.5,50.5,527.3,22016,-7.597127405460924e-05,-0.014509444558536142,2.372
2026-07-29T07:45:43.956617+00:00,1,BOTH,690.5,50.5,527.3,21953,-7.597127405460924e-05,-0.014509444558536142,2.37
2026-07-29T07:45:43.973260+00:00,1,BOTH,691.0,51.0,527.4,21729,0.0040005839336663485,0.7640552499564222,2.378
2026-07-29T07:45:44.056721+00:00,1,BOTH,691.5,51.5,527.5,21673,1.5332910697907204e-06,0.00029283702354702414,2.393
2026-07-29T07:45:44.073242+00:00,1,BOTH,691.0,51.0,527.4,22472,-2.408728982118191e-05,-0.004600333488873836,2.392
2026-07-29T07:45:44.156714+00:00,1,BOTH,690.0,50.0,527.3,22638,-4.442154779098927e-05,-0.00848389069287457,2.373
2026-07-29T07:45:44.206786+00:00,1,BOTH,690.5,50.5,527.3,22526,4.092654759006109e-05,0.007816394823172704,2.37
2026-07-29T07:45:44.256820+00:00,1,BOTH,690.5,50.5,527.4,22228,7.155943312682209e-06,0.001366684500838519,2.369
2026-07-29T07:45:44.306859+00:00,1,BOTH,691.5,51.5,527.6,21357,6.980152800679206e-05,0.013331109861177994,2.387
2026-07-29T07:45:44.356792+00:00,1,BOTH,690.0,50.0,527.5,22502,6.247804485610686e-05,0.011932427608279885,2.37
2026-07-29T07:45:44.423494+00:00,1,BOTH,691.0,51.0,527.4,22161,1.4309344114735724e-05,0.0027328834179157343,2.378
2026-07-29T07:45:44.473540+00:00,1,BOTH,691.0,51.0,527.5,21677,-2.0231711387168618e-05,-0.003863972249371767,2.383
2026-07-29T07:45:44.523577+00:00,1,BOTH,690.5,50.5,527.5,22103,0.0035927279852330683,0.6861605016413145,2.377
2026-07-29T07:45:44.540161+00:00,1,BOTH,690.5,50.5,527.5,22256,-0.0015948759799357503,-0.3045988749903662,2.373
2026-07-29T07:45:44.590418+00:00,1,BOTH,690.5,50.5,527.5,22515,-0.0015948759799357503,-0.3045988749903662,2.371
2026-07-29T07:45:44.656798+00:00,1,BOTH,691.0,51.0,527.6,21584,-0.0001037687819916755,-0.019818377511120488,2.379
2026-07-29T07:45:44.690492+00:00,1,BOTH,690.0,50.0,527.5,22972,-0.032878451253054664,-6.279321645755484,2.365
2026-07-29T07:45:44.740394+00:00,1,BOTH,690.5,50.5,527.5,22112,-0.012761947892722674,-2.4373525087296133,2.366
2026-07-29T07:45:44.807045+00:00,1,BOTH,690.0,50.0,527.4,22826,-0.007061163142789155,-1.3485828217838363,2.357
2026-07-29T07:45:44.857071+00:00,1,BOTH,691.5,51.5,527.6,21432,0.010784149963874369,2.0596209285538687,2.38
2026-07-29T07:45:44.906993+00:00,1,BOTH,690.5,50.5,527.6,22252,-5.803234671475366e-06,-0.001108336180665091,2.375
2026-07-29T07:45:44.957158+00:00,1,BOTH,690.5,50.5,527.6,22127,0.006769867594703101,1.292949470129566,2.372
2026-07-29T07:45:45.023626+00:00,1,BOTH,689.5,49.5,527.4,23234,-0.018677185381529852,-3.5670796518169956,2.351
2026-07-29T07:45:45.090598+00:00,1,BOTH,690.5,50.5,527.4,22275,-5.19660534337163e-05,-0.009924785132344212,2.358
2026-07-29T07:45:45.173838+00:00,1,BOTH,690.0,50.0,527.3,22645,-0.0009009527275338769,-0.1720692960949705,2.352
2026-07-29T07:45:45.225111+00:00,1,BOTH,690.5,50.5,527.3,22195,-0.004074968805944081,-0.7782617140935348,2.358
2026-07-29T07:45:45.240604+00:00,1,BOTH,690.5,50.5,527.4,21989,-7.294001989066601e-06,-0.0013930517657784797,2.362
2026-07-29T07:45:45.307423+00:00,1,BOTH,690.5,50.5,527.2,22635,-0.0159999132307712,-3.055758335662384,2.364
2026-07-29T07:45:45.390641+00:00,1,BOTH,692.0,52.0,527.4,21445,-0.03439560330123641,-6.569076343223625,2.393
2026-07-29T07:45:45.424113+00:00,1,BOTH,690.5,50.5,527.4,22430,0.011372899102279916,2.1720637312958733,2.383
2026-07-29T07:45:45.474273+00:00,1,BOTH,690.0,50.0,527.3,22521,0.012621178175322711,2.4104674730953892,2.367
2026-07-29T07:45:45.540720+00:00,1,BOTH,690.5,50.5,527.1,22836,0.009274228980502812,1.7712472627357578,2.367
2026-07-29T07:45:45.590850+00:00,1,BOTH,690.5,50.5,527.2,22616,0.015403671523090452,2.9418845575964516,2.367
2026-07-29T07:45:45.640841+00:00,1,BOTH,690.5,50.5,527.1,22607,0.02476788711064728,4.730317996321867,2.367
2026-07-29T07:45:45.690765+00:00,1,BOTH,690.5,50.5,527.2,21950,-0.003030720287752047,-0.5788249379095556,2.367
2026-07-29T07:45:45.757565+00:00,1,BOTH,691.0,51.0,527.3,22094,-0.0007660748099442571,-0.14630951133697534,2.377
2026-07-29T07:45:45.774315+00:00,1,BOTH,690.0,50.0,527.3,22858,-0.0017955413368053996,-0.3429231351340909,2.363
2026-07-29T07:45:45.790828+00:00,1,BOTH,691.0,51.0,527.2,22431,1.3307667395565658e-05,0.002541577256432548,2.374
2026-07-29T07:45:45.841033+00:00,1,BOTH,690.5,50.5,527.1,22571,-0.0011185286554973573,-0.21362323741480332,2.371
2026-07-29T07:45:45.940993+00:00,1,BOTH,691.5,51.5,527.2,21909,-0.0042565231150365436,-0.8129360329715738,2.389
2026-07-29T07:45:46.007671+00:00,1,BOTH,691.0,51.0,527.1,22511,0.008850109048653394,1.6902463223945987,2.389
2026-07-29T07:45:46.024417+00:00,1,BOTH,690.5,50.5,527.2,22483,-2.252329119073693e-05,-0.004301631753244708,2.38
2026-07-29T07:45:46.091045+00:00,1,BOTH,690.5,50.5,527.3,22495,-1.7219057190231977e-05,-0.003288597680648954,2.375
2026-07-29T07:45:46.107689+00:00,1,BOTH,690.5,50.5,527.3,22355,0.00281361158216896,0.5373602294913581,2.372
2026-07-29T07:45:46.174500+00:00,1,BOTH,690.0,50.0,527.2,22817,-0.00028719740686938166,-0.054850664335723616,2.361
2026-07-29T07:45:46.224595+00:00,1,BOTH,692.0,52.0,527.6,21117,-0.0075378458038903775,-1.4396225039443862,2.391
2026-07-29T07:45:46.274370+00:00,1,BOTH,690.0,50.0,527.5,22547,-0.00011520841915626079,-0.022003187273426292,2.372
2026-07-29T07:45:46.324588+00:00,1,BOTH,690.0,50.0,527.4,22502,0.00048440239625051617,0.09251404297059437,2.361
2026-07-29T07:45:46.391293+00:00,1,BOTH,690.5,50.5,527.4,22289,0.009337804554961622,1.7833893030577896,2.363
2026-07-29T07:45:46.441102+00:00,1,BOTH,690.0,50.0,527.3,22508,0.009337804554961622,1.7833893030577896,2.356
2026-07-29T07:45:46.474618+00:00,1,BOTH,690.0,50.0,527.3,22943,0.009337804554961622,1.7833893030577896,2.351
2026-07-29T07:45:46.574604+00:00,1,BOTH,690.5,50.5,527.3,22120,0.009337804554961622,1.7833893030577896,2.357
2026-07-29T07:45:46.641322+00:00,1,BOTH,691.0,51.0,527.4,21997,0.009337804554961622,1.7833893030577896,2.371
2026-07-29T07:45:46.691381+00:00,1,BOTH,690.0,50.0,527.4,22784,-5.434760445496067e-05,-0.010379627873052124,2.36
2026-07-29T07:45:46.758365+00:00,1,BOTH,690.5,50.5,527.4,22204,0.004128533117473125,0.7884917440373287,2.363
2026-07-29T07:45:46.808320+00:00,1,BOTH,690.5,50.5,527.4,22584,-0.0012296399101614953,-0.2348439239103313,2.365
2026-07-29T07:45:46.858222+00:00,1,BOTH,690.5,50.5,527.4,22354,0.02659918538061902,5.080070202651833,2.366
2026-07-29T07:45:46.908229+00:00,1,BOTH,690.5,50.5,527.4,22466,0.0029752796050161122,0.5682365474625793,2.366
2026-07-29T07:45:46.958247+00:00,1,BOTH,691.0,51.0,527.4,22485,-0.003890485195443034,-0.7430279398567169,2.376
2026-07-29T07:45:47.008264+00:00,1,BOTH,690.5,50.5,527.4,22619,-0.011949499282272881,-2.2821862538961417,2.372
2026-07-29T07:45:47.074862+00:00,1,BOTH,691.5,51.5,527.4,22125,0.011533239162527026,2.2026864270926487,2.389
2026-07-29T07:45:47.108216+00:00,1,BOTH,690.5,50.5,527.4,22140,-0.004627006747759879,-0.8836931947506471,2.38
2026-07-29T07:45:47.158337+00:00,1,BOTH,690.5,50.5,527.4,22335,-0.00024536115623050134,-0.046860529028192495,2.375
2026-07-29T07:45:47.175006+00:00,1,BOTH,691.5,51.5,527.7,21500,0.0,0.0,2.391
2026-07-29T07:45:47.241495+00:00,1,RIGHT,271.35,-368.65,527.7,10055,0.0,0.0,-1.609
2026-07-29T07:45:47.291675+00:00,1,RIGHT,272.35,-367.65,527.7,10043,-0.018542593538877553,-3.541374503347444,-5.609
2026-07-29T07:45:47.341783+00:00,1,BOTH,690.5,50.5,527.6,22342,-0.03298987109679729,-6.300601268423682,-2.419
2026-07-29T07:45:47.391809+00:00,1,BOTH,690.5,50.5,527.4,22822,0.018019549995660782,3.441480544921146,-0.504
2026-07-29T07:45:47.408494+00:00,1,BOTH,691.5,51.5,527.4,21558,-0.04439007217762992,-8.47787929353098,0.663
2026-07-29T07:45:47.475152+00:00,1,BOTH,691.0,51.0,527.5,21940,-0.013737555425614119,-2.623679822382448,1.354
2026-07-29T07:45:47.508525+00:00,1,BOTH,690.5,50.5,527.5,22382,0.013210917144315317,2.523099319554299,1.759
2026-07-29T07:45:47.558488+00:00,1,BOTH,691.0,51.0,527.6,22083,-0.0013855860149487853,-0.26462743602972,2.012
2026-07-29T07:45:47.641951+00:00,1,BOTH,691.5,51.5,527.8,21629,0.01652707676636055,3.1564391546705988,2.173
2026-07-29T07:45:47.725332+00:00,1,BOTH,691.0,51.0,527.6,22802,0.01796192683978006,3.43047533280718,2.26
2026-07-29T07:45:47.775333+00:00,1,BOTH,690.5,50.5,527.6,22510,0.003788754838751629,0.7235988729007904,2.303
2026-07-29T07:45:47.841954+00:00,1,BOTH,690.5,50.5,527.6,22550,-0.007744921645899012,-1.479171076565095,2.329
2026-07-29T07:45:47.892205+00:00,1,BOTH,691.5,51.5,527.8,21718,0.003269535519357305,0.6244352874242908,2.363
2026-07-29T07:45:47.942102+00:00,1,BOTH,691.0,51.0,527.8,22080,0.004116017160704359,0.7861013723726004,2.374
2026-07-29T07:45:47.992132+00:00,1,BOTH,690.0,50.0,527.7,22811,3.7102247297298163e-05,0.0070860072686195,2.362
2026-07-29T07:45:48.025550+00:00,1,BOTH,690.5,50.5,527.6,22333,-0.00542808290803805,-1.0366874715922627,2.364
2026-07-29T07:45:48.092323+00:00,1,BOTH,690.5,50.5,527.6,22222,-0.002624306664802134,-0.5012056534707184,2.365
2026-07-29T07:45:48.108758+00:00,1,BOTH,690.0,50.0,527.5,22803,-0.021611152665500413,-4.127426127153576,2.357
2026-07-29T07:45:48.175567+00:00,1,BOTH,690.5,50.5,527.5,22315,0.0060490624280646445,1.155285823797541,2.361
2026-07-29T07:45:48.192220+00:00,1,BOTH,690.5,50.5,527.5,22921,-0.0008670481953595299,-0.16559400742845184,2.363
2026-07-29T07:45:48.292302+00:00,1,BOTH,690.5,50.5,527.5,22102,0.008054440357373096,1.5382847960577362,2.365
2026-07-29T07:45:48.342377+00:00,1,BOTH,690.0,50.0,527.4,22961,0.007171944765141234,1.3697405531451239,2.356
2026-07-29T07:45:48.358901+00:00,1,BOTH,689.5,49.5,527.2,23231,0.018043990223668517,3.4461482846384146,2.342
2026-07-29T07:45:48.442377+00:00,1,BOTH,690.0,50.0,527.2,22820,-0.03521990352950524,-6.726506090328541,2.343
2026-07-29T07:45:48.509128+00:00,1,BOTH,690.5,50.5,527.2,21632,0.013861286106985062,2.6473106418452246,2.352
2026-07-29T07:45:48.575663+00:00,1,BOTH,691.0,51.0,527.4,22072,0.005776547469431534,1.1032393005180094,2.368
2026-07-29T07:45:48.592391+00:00,1,BOTH,690.0,50.0,527.3,22888,0.027143058775691314,5.183942369742146,2.358
2026-07-29T07:45:48.675763+00:00,1,BOTH,691.5,51.5,527.5,21698,-0.01664909493178129,-3.1797429076790573,2.381
2026-07-29T07:45:48.709356+00:00,1,BOTH,690.5,50.5,527.5,22369,0.0028843025349488014,0.5508612069715032,2.375
2026-07-29T07:45:48.825872+00:00,1,BOTH,691.0,51.0,527.4,22276,-0.017434006020775997,-3.3296498833204375,2.381
2026-07-29T07:45:48.842478+00:00,1,BOTH,690.5,50.5,527.2,22637,-0.00037174715602304785,-0.07099847695370654,2.376
2026-07-29T07:45:48.925912+00:00,1,BOTH,690.5,50.5,527.3,22258,-0.003924594264244661,-0.7495422921415654,2.372
2026-07-29T07:45:49.009439+00:00,1,BOTH,691.0,51.0,527.4,21961,-0.01788017230690457,-3.414861367174416,2.38
2026-07-29T07:45:49.059406+00:00,1,BOTH,691.0,51.0,527.3,22414,0.0011454946451704019,0.2187733620769994,2.384
2026-07-29T07:45:49.126015+00:00,1,BOTH,690.5,50.5,527.4,22116,0.0020925619796616957,0.39964989934718526,2.377
2026-07-29T07:45:49.142722+00:00,1,BOTH,690.5,50.5,527.4,22259,7.745207170955837e-05,0.01479225607834099,2.373
2026-07-29T07:45:49.226180+00:00,1,BOTH,690.5,50.5,527.2,22755,2.5704501313157378e-05,0.004909198132441334,2.371
2026-07-29T07:45:49.292914+00:00,1,BOTH,691.0,51.0,527.4,21818,3.6834359052591024e-05,0.007034844382609877,2.379
2026-07-29T07:45:49.359478+00:00,1,BOTH,691.0,51.0,527.5,21700,-4.601839114911854e-05,-0.00878886530942225,2.383
2026-07-29T07:45:49.426241+00:00,1,BOTH,690.0,50.0,527.4,22603,7.311115390621126e-05,0.013963201847191025,2.368
2026-07-29T07:45:49.492922+00:00,1,BOTH,690.0,50.0,527.3,22691,0.00010803451761603355,0.02063307300376822,2.358
2026-07-29T07:45:49.559513+00:00,1,BOTH,691.0,51.0,527.5,22137,-7.367453654296696e-05,-0.014070800004981203,2.371
2026-07-29T07:45:49.627414+00:00,1,BOTH,690.5,50.5,527.5,22801,9.741579182446003e-05,0.018605045764888632,2.37
2026-07-29T07:45:49.676230+00:00,1,BOTH,692.0,52.0,527.8,21073,-9.167830226942895e-05,-0.01750926597654305,2.397
2026-07-29T07:45:49.743092+00:00,1,BOTH,691.0,51.0,527.8,21781,-0.00408685123999021,-0.7805310918308205,2.394
2026-07-29T07:45:49.793124+00:00,1,BOTH,691.0,51.0,527.9,22072,-3.0008958710823207e-05,-0.005731288939041726,2.393
2026-07-29T07:45:49.859756+00:00,1,BOTH,690.5,50.5,527.8,22446,-0.008608844244881765,-1.6441681390573777,2.383
2026-07-29T07:45:49.909728+00:00,1,BOTH,691.0,51.0,527.8,22216,0.00487075672717765,0.9302460116741105,2.386
2026-07-29T07:45:49.976459+00:00,1,BOTH,690.5,50.5,527.8,22538,-0.021665583018389042,-4.1378215588133305,2.378
2026-07-29T07:45:50.009904+00:00,1,BOTH,690.0,50.0,527.6,22564,-0.006917416153009981,-1.3211291690103133,2.365
2026-07-29T07:45:50.076611+00:00,1,BOTH,690.5,50.5,527.6,22383,-0.02547936133109033,-4.866199563201024,2.366
2026-07-29T07:45:50.143221+00:00,1,BOTH,691.5,51.5,527.6,21986,-7.127083372324704e-06,-0.0013611726582402383,2.385
2026-07-29T07:45:50.193272+00:00,1,BOTH,690.5,50.5,527.6,22606,-0.020138426072662696,-3.8461560666659675,2.378
2026-07-29T07:45:50.226718+00:00,1,BOTH,690.0,50.0,527.4,22480,0.01282685144804418,2.449748174714,2.364
2026-07-29T07:45:50.310068+00:00,1,BOTH,690.5,50.5,527.5,22443,-3.330573323182762e-05,-0.006360926492574447,2.365
2026-07-29T07:45:50.326742+00:00,1,BOTH,691.5,51.5,527.7,21446,-0.006494434187188745,-1.240345564171301,2.385
2026-07-29T07:45:50.360349+00:00,1,BOTH,691.5,51.5,527.8,21598,2.5196559727191924e-05,0.004812188435391327,2.397
2026-07-29T07:45:50.393418+00:00,1,BOTH,691.0,51.0,527.9,22165,-0.001678582917957101,-0.3205857225389881,2.394
2026-07-29T07:45:50.443442+00:00,1,BOTH,690.5,50.5,527.8,22297,2.863816829631105e-05,0.005469487254546608,2.383
2026-07-29T07:45:50.543561+00:00,1,BOTH,691.5,51.5,527.9,21865,-4.015096026705578e-05,-0.007668268555665856,2.396
2026-07-29T07:45:50.593557+00:00,1,BOTH,691.0,51.0,527.9,21931,-1.8407171883154657e-05,-0.0035155108722554587,2.394
2026-07-29T07:45:50.643437+00:00,1,BOTH,691.5,51.5,528.1,21597,-3.818337834673002e-05,-0.007292488089396151,2.402
2026-07-29T07:45:50.693545+00:00,1,BOTH,691.0,51.0,528.0,21938,3.065152108320035e-05,0.005854009312412137,2.397
2026-07-29T07:45:50.743530+00:00,1,BOTH,690.5,50.5,527.9,22411,-1.5384899452328682e-05,-0.0029382993561718838,2.385
2026-07-29T07:45:50.810362+00:00,1,BOTH,690.5,50.5,527.8,22304,7.731432648142799e-05,0.014765948677607867,2.378
2026-07-29T07:45:50.860385+00:00,1,BOTH,691.0,51.0,527.9,21991,-3.398998640477657e-05,-0.006491609222335814,2.383
2026-07-29T07:45:50.927114+00:00,1,BOTH,691.0,51.0,527.9,22049,-3.610463492805138e-05,-0.006895477340793209,2.386
2026-07-29T07:45:50.943565+00:00,1,BOTH,690.0,50.0,527.7,22858,2.1675950847566128e-05,0.004139801668328529,2.369
2026-07-29T07:45:51.026914+00:00,1,BOTH,691.0,51.0,527.8,21825,-0.016208440795890056,-3.095584166973884,2.378
2026-07-29T07:45:51.093684+00:00,1,BOTH,690.5,50.5,527.7,22303,-0.03369246679998469,-6.4347871634125635,2.374
2026-07-29T07:45:51.160456+00:00,1,BOTH,691.5,51.5,527.9,21536,-0.02349492171779275,-4.48719951473261,2.39
2026-07-29T07:45:51.243723+00:00,1,BOTH,691.5,51.5,528.0,21573,-0.02349492171779275,-4.48719951473261,2.399
2026-07-29T07:45:51.293751+00:00,1,BOTH,691.0,51.0,528.0,22108,-0.02349492171779275,-4.48719951473261,2.396
2026-07-29T07:45:51.310572+00:00,1,BOTH,690.5,50.5,527.9,22371,-0.02349492171779275,-4.48719951473261,2.384
2026-07-29T07:45:51.393826+00:00,1,BOTH,690.0,50.0,527.7,22757,-0.02349492171779275,-4.48719951473261,2.368
2026-07-29T07:45:51.444045+00:00,1,BOTH,691.0,51.0,527.8,21949,-0.02349492171779275,-4.48719951473261,2.377
2026-07-29T07:45:51.510620+00:00,1,BOTH,690.5,50.5,527.7,22255,0.012641974200378173,2.4144392213164765,2.373
2026-07-29T07:45:51.527369+00:00,1,BOTH,692.0,52.0,528.0,21188,-0.0002680878469254822,-0.05120100722526464,2.399
2026-07-29T07:45:51.610657+00:00,1,BOTH,690.0,50.0,527.8,22624,0.021334373224526644,4.074565147740953,2.377
2026-07-29T07:45:51.677251+00:00,1,BOTH,690.0,50.0,527.8,22357,0.007190326412674039,1.3732511892255466,2.364
2026-07-29T07:45:51.744134+00:00,1,BOTH,692.0,52.0,528.1,21240,0.006118122045882047,1.168475239249953,2.393
2026-07-29T07:45:51.760645+00:00,1,BOTH,691.0,51.0,528.0,21919,0.03099716520984657,5.920022477979851,2.392
2026-07-29T07:45:51.827406+00:00,1,BOTH,690.5,50.5,527.9,22129,0.03099716520984657,5.920022477979851,2.382
2026-07-29T07:45:51.944336+00:00,1,BOTH,690.5,50.5,527.9,22163,0.03099716520984657,5.920022477979851,2.376
2026-07-29T07:45:51.994257+00:00,1,BOTH,691.5,51.5,528.0,21491,-0.0002980298106558621,-0.056919501065546496,2.391
2026-07-29T07:45:52.060904+00:00,1,BOTH,690.5,50.5,527.9,22497,-0.0005875091408961453,-0.11220598066235318,2.382
2026-07-29T07:45:52.077474+00:00,1,BOTH,691.0,51.0,527.9,22072,-0.006015938656637445,-1.1489596494497591,2.385
2026-07-29T07:45:52.161038+00:00,1,BOTH,691.0,51.0,527.9,22012,5.745713424403219e-06,0.0010973504316998802,2.387
2026-07-29T07:45:52.177603+00:00,1,BOTH,690.5,50.5,527.8,22293,-0.001039147239207523,-0.19846250366420817,2.379
2026-07-29T07:45:52.260998+00:00,1,BOTH,691.0,51.0,527.9,22174,-7.699845358729362e-05,-0.014705621398619594,2.384
2026-07-29T07:45:52.311018+00:00,1,BOTH,690.5,50.5,527.8,22468,0.010631695867050438,2.0305043408289016,2.377
2026-07-29T07:45:52.360748+00:00,1,BOTH,691.0,51.0,527.8,21635,-0.02172233507357305,-4.148660402949121,2.383
2026-07-29T07:45:52.411040+00:00,1,BOTH,691.0,51.0,527.9,22109,-3.3003331627696755e-05,-0.006303172040458832,2.386
2026-07-29T07:45:52.427803+00:00,1,BOTH,691.5,51.5,528.0,21548,0.008474870004574768,1.6185809439471697,2.397
2026-07-29T07:45:52.528552+00:00,1,BOTH,690.5,50.5,527.9,22088,-0.014745396896032617,-2.816163364626578,2.385
2026-07-29T07:45:52.577863+00:00,1,BOTH,691.0,51.0,527.9,21683,0.01694228273932822,3.2357376542695,2.387
2026-07-29T07:45:52.661215+00:00,1,BOTH,690.5,50.5,527.8,22267,0.005338517377676908,1.0195817153271152,2.379
2026-07-29T07:45:52.727932+00:00,1,BOTH,690.5,50.5,527.8,22208,0.026933884890750052,5.143993100437181,2.374
2026-07-29T07:45:52.794464+00:00,1,BOTH,692.0,52.0,528.0,21210,-0.01812410908532911,-3.4614498600802293,2.4
2026-07-29T07:45:52.844596+00:00,1,BOTH,691.0,51.0,528.0,22052,0.009276619903685059,1.7717038954273672,2.396
2026-07-29T07:45:52.894636+00:00,1,BOTH,691.0,51.0,528.0,22204,-0.008835484035080299,-1.6874531505510657,2.394
2026-07-29T07:45:52.944665+00:00,1,BOTH,690.5,50.5,527.9,22041,-0.003185104480944574,-0.6083101468877694,2.383
2026-07-29T07:45:52.961320+00:00,1,BOTH,691.0,51.0,527.9,22099,-0.011555008955474478,-2.2068441512818575,2.386
2026-07-29T07:45:52.994707+00:00,1,BOTH,691.0,51.0,527.9,22222,-0.010652692827861757,-2.0345144649525353,2.388
2026-07-29T07:45:53.111442+00:00,1,BOTH,690.5,50.5,527.9,22278,0.002994408793747425,0.5718899533952908,2.38
2026-07-29T07:45:53.178028+00:00,1,BOTH,690.5,50.5,527.8,22084,0.003780671547865495,0.7220550780596169,2.375
2026-07-29T07:45:53.211544+00:00,1,BOTH,691.0,51.0,527.8,22059,-0.011652253813808784,-2.225416551154869,2.381
2026-07-29T07:45:53.278075+00:00,1,BOTH,690.5,50.5,527.8,22538,-0.005823029117600527,-1.1121166414009935,2.376
2026-07-29T07:45:53.328071+00:00,1,BOTH,691.0,51.0,527.8,21709,0.017045533496711868,3.2554570963682075,2.382
2026-07-29T07:45:53.378189+00:00,1,BOTH,690.5,50.5,527.7,22266,-0.010856661040452308,-2.0734695240734213,2.376
2026-07-29T07:45:53.444862+00:00,1,BOTH,690.5,50.5,527.7,22195,0.0,0.0,2.372
2026-07-29T07:45:53.478360+00:00,1,BOTH,691.5,51.5,527.9,21644,0.07359031512925868,14.054714899814172,2.389
2026-07-29T07:45:53.561737+00:00,1,BOTH,690.0,50.0,527.7,22724,-5.38956408854574e-05,-0.01029330918963144,2.371
2026-07-29T07:45:53.611731+00:00,1,BOTH,690.0,50.0,527.5,22766,0.002141672131838277,0.409029247517063,2.36
2026-07-29T07:45:53.678334+00:00,1,BOTH,690.5,50.5,527.5,22504,0.006794561441201949,1.2976656474106592,2.363
2026-07-29T07:45:53.728417+00:00,1,BOTH,690.0,50.0,527.4,23170,-0.007398119459394365,-1.4129367378563444,2.355
2026-07-29T07:45:53.778391+00:00,1,BOTH,690.5,50.5,527.4,22605,0.007278952301712707,1.3901774872172479,2.36
2026-07-29T07:45:53.845132+00:00,1,BOTH,690.0,50.0,527.4,22577,0.006114766019163653,1.1678342853602959,2.354
2026-07-29T07:45:53.878449+00:00,1,BOTH,690.0,50.0,527.3,22768,0.0013416721893008798,0.2562405131233922,2.35
2026-07-29T07:45:53.945233+00:00,1,BOTH,690.5,50.5,527.3,22236,0.011423095406207721,2.181650519169937,2.357
2026-07-29T07:45:53.978492+00:00,1,BOTH,690.5,50.5,527.4,22356,0.0034448492576484567,0.6579177450734377,2.361
2026-07-29T07:45:54.045189+00:00,1,BOTH,690.5,50.5,527.4,22581,-0.014774930854910053,-2.8218039352798776,2.363
2026-07-29T07:45:54.095298+00:00,1,BOTH,690.0,50.0,527.3,22691,0.004505345098805264,0.8604575313716417,2.356
2026-07-29T07:45:54.111944+00:00,1,BOTH,691.0,51.0,527.4,21942,0.001974842064664699,0.37716705170062953,2.37
2026-07-29T07:45:54.195349+00:00,1,BOTH,690.5,50.5,527.5,22137,0.004293780532898381,0.8200516756350359,2.369
2026-07-29T07:45:54.245377+00:00,1,BOTH,690.5,50.5,527.5,22441,0.0,0.0,2.368
2026-07-29T07:45:54.295241+00:00,1,RIGHT,272.53,-367.47,527.5,10078,0.012291656356755993,2.34753344155756,-1.632
2026-07-29T07:45:54.361896+00:00,1,BOTH,691.0,51.0,527.6,21727,-0.005177595285931602,-0.9888478597023718,-0.023
2026-07-29T07:45:54.378695+00:00,1,BOTH,690.0,50.0,527.5,22914,-0.009545845041866414,-1.8231221092827605,0.924
2026-07-29T07:45:54.445526+00:00,1,BOTH,690.5,50.5,527.5,22334,-0.0743561991531169,-14.20098797369275,1.501
2026-07-29T07:45:54.528775+00:00,1,BOTH,690.0,50.0,527.4,22607,-0.002923384187743068,-0.5583252528431936,1.838
2026-07-29T07:45:54.595499+00:00,1,BOTH,690.5,50.5,527.4,22596,0.0010227746982127428,0.19533557866785542,2.05
2026-07-29T07:45:54.645574+00:00,1,BOTH,690.0,50.0,527.3,22463,0.008675815596943722,1.6569587251288274,2.167
2026-07-29T07:45:54.662164+00:00,1,BOTH,690.5,50.5,527.4,22340,-0.03757423563190969,-7.176150400461663,2.247
2026-07-29T07:45:54.745519+00:00,1,BOTH,691.0,51.0,527.5,21990,0.022073266276856886,4.215683325774492,2.305
2026-07-29T07:45:54.795555+00:00,1,BOTH,691.0,51.0,527.6,21998,0.003657189761288464,0.6984717940009534,2.339
2026-07-29T07:45:54.879025+00:00,1,BOTH,690.5,50.5,527.6,22345,0.009218376884309692,1.760580298106343,2.35
2026-07-29T07:45:54.895528+00:00,1,BOTH,690.0,50.0,527.5,22787,-0.01596858430595603,-3.049774951767078,2.348
2026-07-29T07:45:54.962156+00:00,1,BOTH,690.5,50.5,527.5,22566,0.016222553923726082,3.0982795758429935,2.355
2026-07-29T07:45:55.012265+00:00,1,BOTH,691.5,51.5,527.7,21137,0.0,0.0,2.379
2026-07-29T07:45:55.078911+00:00,1,RIGHT,272.33,-367.67,527.7,10270,0.01787845864892006,3.4145340826076116,-1.621
2026-07-29T07:45:55.129164+00:00,1,BOTH,690.5,50.5,527.6,22116,0.003440952517557889,0.6571735225366079,-0.026
2026-07-29T07:45:55.195741+00:00,1,BOTH,691.0,51.0,527.7,21659,0.0007042580598499626,0.1345033817249153,0.941
2026-07-29T07:45:55.279184+00:00,1,BOTH,690.0,50.0,527.6,22884,-0.022474249261431396,-4.292265434683421,1.502
2026-07-29T07:45:55.295978+00:00,1,BOTH,691.5,51.5,527.6,21505,-0.022474249261431396,-4.292265434683421,1.867
2026-07-29T07:45:55.329299+00:00,1,BOTH,690.5,50.5,527.5,22154,-0.022474249261431396,-4.292265434683421,2.067
2026-07-29T07:45:55.462581+00:00,1,BOTH,690.0,50.0,527.6,22527,0.005715528653527144,1.0915855651106516,2.178
2026-07-29T07:45:55.562860+00:00,1,BOTH,690.5,50.5,527.6,22340,0.018297195768682287,3.4945069815670773,2.253
2026-07-29T07:45:55.612698+00:00,1,BOTH,691.0,51.0,527.7,22028,-0.014633685617009179,-2.7948280819197397,2.308
2026-07-29T07:45:55.645946+00:00,1,BOTH,692.0,52.0,527.9,21068,0.00020508542424067854,0.03916843082880289,2.36
2026-07-29T07:45:55.712768+00:00,1,BOTH,690.0,50.0,527.8,22374,0.013302967050112784,2.5406795565768707,2.354
2026-07-29T07:45:55.762815+00:00,1,BOTH,691.0,51.0,527.8,21880,0.0013776604784652591,0.26311377006010994,2.368
2026-07-29T07:45:55.829432+00:00,1,BOTH,690.5,50.5,527.7,22376,0.009820890324772336,1.875651888901064,2.368
2026-07-29T07:45:55.896073+00:00,1,BOTH,690.5,50.5,527.7,22158,0.005042173691326752,0.9629842402830734,2.368
2026-07-29T07:45:55.979534+00:00,1,BOTH,691.0,51.0,527.8,22061,0.0470277829002589,8.981644933474456,2.377
2026-07-29T07:45:56.046206+00:00,1,BOTH,690.0,50.0,527.6,22812,-0.010828158055082894,-2.0680258548561192,2.364
2026-07-29T07:45:56.112960+00:00,1,BOTH,690.5,50.5,527.6,22082,-0.0034020368194615,-0.6497411716775132,2.365
2026-07-29T07:45:56.162932+00:00,1,BOTH,690.5,50.5,527.6,22564,-0.006390557627892122,-1.2205066027111782,2.366
2026-07-29T07:45:56.179597+00:00,1,BOTH,691.0,51.0,527.7,21741,-0.006028979986149352,-1.1514503599173311,2.376
2026-07-29T07:45:56.263035+00:00,1,BOTH,691.0,51.0,527.5,22162,0.02082506340550026,3.9772941374250075,2.382
2026-07-29T07:45:56.312882+00:00,1,BOTH,691.0,51.0,527.6,22038,-0.03411196764660417,-6.514905923457435,2.385
2026-07-29T07:45:56.362943+00:00,1,BOTH,690.5,50.5,527.6,22443,-0.0008464542799629271,-0.16166085930886911,2.378
2026-07-29T07:45:56.396613+00:00,1,BOTH,690.5,50.5,527.6,22236,-0.0019766823854297398,-0.3775185270765866,2.374
2026-07-29T07:45:56.463057+00:00,1,BOTH,691.5,51.5,527.8,21408,-0.010902734939008951,-2.0822689905167864,2.39
2026-07-29T07:45:56.513152+00:00,1,BOTH,692.0,52.0,528.0,21151,0.003003330617793836,0.5735938962733498,2.409
2026-07-29T07:45:56.563117+00:00,1,BOTH,691.0,51.0,528.0,21743,-6.810422230046242e-05,-0.013006948349457462,2.402
2026-07-29T07:45:56.629718+00:00,1,BOTH,691.5,51.5,528.1,21451,0.003243495732635893,0.6194620544957651,2.407
2026-07-29T07:45:56.663039+00:00,1,BOTH,690.5,50.5,528.0,22166,0.01147023989004083,2.1906544523398033,2.391
2026-07-29T07:45:56.746668+00:00,1,BOTH,690.5,50.5,527.9,22122,-0.00014711882744450122,-0.028097626331611156,2.381
2026-07-29T07:45:56.779820+00:00,1,BOTH,690.5,50.5,527.8,22651,-0.016917141721496592,-3.2309360735547825,2.376
2026-07-29T07:45:56.863352+00:00,1,BOTH,690.5,50.5,527.7,22501,-0.0038529930962249636,-0.7358674763557796,2.372
2026-07-29T07:45:56.897296+00:00,1,BOTH,691.0,51.0,527.8,21616,0.002604598620091565,0.4974416941894826,2.38
2026-07-29T07:45:56.979927+00:00,1,BOTH,690.5,50.5,527.7,22285,-0.003874437948106788,-0.7399631413728188,2.375
2026-07-29T07:45:57.063352+00:00,1,BOTH,690.5,50.5,527.7,22385,-0.005367043435107917,-1.0250297909835973,2.372
2026-07-29T07:45:57.096638+00:00,1,BOTH,690.5,50.5,527.7,22064,0.003677461072074948,0.7023433291784985,2.37
2026-07-29T07:45:57.196696+00:00,1,BOTH,691.0,51.0,527.7,21949,-0.005460880899918265,-1.0429514266297317,2.378
2026-07-29T07:45:57.263457+00:00,1,BOTH,691.0,51.0,527.8,21726,-0.015763784081864286,-3.010660990154443,2.383
2026-07-29T07:45:57.313464+00:00,1,BOTH,691.0,51.0,527.8,21925,-0.030077407606877386,-5.744361715229172,2.386
2026-07-29T07:45:57.379994+00:00,1,RIGHT,271.18,-368.82,527.8,9927,0.03580789662781172,6.838804500047814,-1.614
2026-07-29T07:45:57.447018+00:00,1,BOTH,690.5,50.5,527.8,22349,-0.011094378705020063,-2.1188702537248845,-0.021
2026-07-29T07:45:57.496882+00:00,1,BOTH,691.5,51.5,527.9,21567,-0.021274095953558572,-4.063053036984162,0.953
2026-07-29T07:45:57.580309+00:00,1,BOTH,691.0,51.0,527.9,21335,-0.014865687970013823,-2.839137267467308,1.528
2026-07-29T07:45:57.630329+00:00,1,BOTH,691.5,51.5,528.0,21661,-0.03329887125990354,-6.359615952473156,1.882
2026-07-29T07:45:57.646963+00:00,1,BOTH,690.5,50.5,527.9,22134,-0.03329887125990354,-6.359615952473156,2.076
2026-07-29T07:45:57.680493+00:00,1,BOTH,690.5,50.5,527.8,22346,2.9742209553660358e-05,0.005680343602728048,2.193
2026-07-29T07:45:57.780307+00:00,1,BOTH,690.5,50.5,527.8,22183,-0.015768210932874352,-3.011506456419143,2.262
2026-07-29T07:45:57.797052+00:00,1,BOTH,691.0,51.0,527.8,21610,-0.015018992888217326,-2.8684163501061715,2.314
2026-07-29T07:45:57.863821+00:00,1,BOTH,692.0,52.0,527.9,21205,0.0037028587493114174,0.7071939282287825,2.363
2026-07-29T07:45:57.913828+00:00,1,BOTH,690.5,50.5,527.8,21915,-1.2714196782326325e-05,-0.0024282327184203664,2.365
2026-07-29T07:45:57.963822+00:00,1,BOTH,691.5,51.5,527.7,21586,-7.912390341516583e-05,-0.015111552414299212,2.385
2026-07-29T07:45:58.013867+00:00,1,BOTH,691.5,51.5,527.7,21481,0.0008958168316166848,0.17108841222805857,2.396
2026-07-29T07:45:58.063935+00:00,1,BOTH,691.0,51.0,527.7,21629,0.013102620138670317,2.5024161150297553,2.394
2026-07-29T07:45:58.080856+00:00,1,BOTH,692.0,52.0,528.0,20984,-0.001011490297837554,-0.1931804169484082,2.411
2026-07-29T07:45:58.147747+00:00,1,BOTH,690.5,50.5,527.7,22526,0.0,0.0,2.394
2026-07-29T07:45:58.213671+00:00,1,RIGHT,270.3,-369.7,527.7,9766,0.0023638222634326665,0.45145679737917754,-1.606
2026-07-29T07:45:58.264031+00:00,1,BOTH,691.5,51.5,527.9,21518,1.7256134888157246e-05,0.0032956789993328836,0.002
2026-07-29T07:45:58.280722+00:00,1,BOTH,690.5,50.5,527.8,22040,-0.008973921103752218,-1.7138926830946115,0.948
2026-07-29T07:45:58.380712+00:00,1,BOTH,692.5,52.5,527.9,20849,0.004237538535380736,0.8093102453378815,1.553
2026-07-29T07:45:58.430687+00:00,1,BOTH,692.5,52.5,528.0,20983,0.022516269823536276,4.300290770888012,1.916
2026-07-29T07:45:58.447291+00:00,1,BOTH,691.5,51.5,528.1,21350,-0.005502402307756711,-1.0508814313916794,2.115
2026-07-29T07:45:58.514074+00:00,1,BOTH,690.5,50.5,527.8,22810,-0.009838879554299637,-1.8790875786630858,2.216
2026-07-29T07:45:58.580681+00:00,1,BOTH,692.0,52.0,527.8,21158,0.005108294658130035,0.9756124147335824,2.305
2026-07-29T07:45:58.647496+00:00,1,BOTH,691.0,51.0,527.7,22051,-0.0014733016045647674,-0.2813798796380444,2.339
2026-07-29T07:45:58.664064+00:00,1,BOTH,691.5,51.5,527.6,21874,-0.019116019401699304,-3.6508907760252236,2.369
2026-07-29T07:45:58.780848+00:00,1,BOTH,692.5,52.5,527.8,20780,-4.922724387142807e-05,-0.009401711036313586,2.406
2026-07-29T07:45:58.864084+00:00,1,BOTH,691.0,51.0,527.7,22232,-0.014809033606798038,-2.828317081123089,2.4
2026-07-29T07:45:58.930797+00:00,1,BOTH,691.5,51.5,527.6,22079,-0.0025696839910233395,-0.49077349122656894,2.405
2026-07-29T07:45:58.997687+00:00,1,BOTH,692.0,52.0,527.9,20939,0.007557816166618068,1.4434365622765262,2.418
2026-07-29T07:45:59.031079+00:00,1,BOTH,691.5,51.5,528.0,21700,0.007557816166618068,1.4434365622765262,2.417
2026-07-29T07:45:59.047684+00:00,1,BOTH,691.0,51.0,528.0,22103,0.0050658786404528654,0.9675115520780687,2.406
2026-07-29T07:45:59.097697+00:00,1,BOTH,690.5,50.5,527.9,21913,0.010882934800538351,2.0784874426229862,2.391
2026-07-29T07:45:59.181094+00:00,1,BOTH,691.0,51.0,527.9,21825,-0.007844770176670863,-1.4982407412444587,2.391
2026-07-29T07:45:59.231013+00:00,1,BOTH,690.5,50.5,527.8,22053,-4.620482912287116e-05,-0.00882447233954557,2.381
2026-07-29T07:45:59.314450+00:00,1,BOTH,691.0,51.0,527.9,21902,-0.0042969326861202715,-0.8206536925550122,2.385
2026-07-29T07:45:59.331035+00:00,1,BOTH,690.5,50.5,527.8,22272,-0.0015321194881107658,-0.2926132679283033,2.378
2026-07-29T07:45:59.431398+00:00,1,BOTH,691.5,51.5,527.9,21335,0.008919101749779657,1.7034229577004067,2.392
2026-07-29T07:45:59.481253+00:00,1,BOTH,691.0,51.0,527.8,21682,0.015776945492252708,3.013174634380097,2.392
2026-07-29T07:45:59.497738+00:00,1,BOTH,691.0,51.0,527.8,21509,-0.01363796943682246,-2.604660299527784,2.391
2026-07-29T07:45:59.547760+00:00,1,BOTH,690.5,50.5,527.7,22507,-0.01363796943682246,-2.604660299527784,2.382
2026-07-29T07:45:59.615338+00:00,1,BOTH,690.5,50.5,527.7,22187,-0.01363796943682246,-2.604660299527784,2.376
2026-07-29T07:45:59.681262+00:00,1,BOTH,690.5,50.5,527.7,22034,-0.01363796943682246,-2.604660299527784,2.372
2026-07-29T07:45:59.731368+00:00,1,BOTH,691.5,51.5,527.8,21581,0.04423524000681937,8.448308527130003,2.389
2026-07-29T07:45:59.814637+00:00,1,BOTH,690.5,50.5,527.8,22297,-0.009908225741819479,-1.892331724897118,2.38
2026-07-29T07:45:59.864607+00:00,1,BOTH,690.5,50.5,527.7,22274,0.003284887899644673,0.6273673760774443,2.375
2026-07-29T07:45:59.881490+00:00,1,BOTH,691.0,51.0,527.8,21737,0.00014881987270200627,0.0284225020449971,2.381
2026-07-29T07:45:59.981451+00:00,1,BOTH,690.5,50.5,527.7,22006,0.010252465872326866,1.9580767469541378,2.376
2026-07-29T07:46:00.031467+00:00,1,BOTH,691.0,51.0,527.8,21766,0.03242836436489597,6.193361382069918,2.382
2026-07-29T07:46:00.081475+00:00,1,BOTH,690.5,50.5,527.7,22573,1.2926207855343819e-05,0.0024687238507335074,2.376
2026-07-29T07:46:00.098176+00:00,1,BOTH,690.5,50.5,527.7,22597,-0.026297090612351894,-5.022374351869537,2.372
2026-07-29T07:46:00.198123+00:00,1,BOTH,690.5,50.5,527.6,22176,0.009545675113331526,1.8230896553232008,2.37
2026-07-29T07:46:00.214917+00:00,1,BOTH,691.5,51.5,527.8,21622,2.1191417472437026e-05,0.0040472626102347736,2.388
2026-07-29T07:46:00.298180+00:00,1,BOTH,691.5,51.5,527.9,21534,0.01258855884661898,2.404237640211143,2.398
2026-07-29T07:46:00.315001+00:00,1,BOTH,691.0,51.0,528.0,21770,-8.480516262352468e-06,-0.00161965929974952,2.395
2026-07-29T07:46:00.414869+00:00,1,BOTH,690.0,50.0,527.8,22597,-0.0001382586546242237,-0.0264054579704164,2.375
2026-07-29T07:46:00.431538+00:00,1,BOTH,691.5,51.5,527.9,21509,-0.0001738645043224096,-0.03320567434936043,2.39
2026-07-29T07:46:00.548294+00:00,1,BOTH,690.0,50.0,527.7,23002,1.0582152754068375e-05,0.002021042303236195,2.372
2026-07-29T07:46:00.615117+00:00,1,BOTH,691.0,51.0,527.8,22196,4.63305332232267e-06,0.0008848480054271774,2.379
2026-07-29T07:46:00.665103+00:00,1,BOTH,691.0,51.0,527.8,21732,3.2402165816165505e-05,0.006188357827831173,2.384
2026-07-29T07:46:00.715154+00:00,1,BOTH,690.5,50.5,527.8,22435,-2.1358137018978596e-05,-0.00407910369816533,2.377
2026-07-29T07:46:00.781774+00:00,1,BOTH,690.5,50.5,527.7,22242,-2.2956553730182348e-05,-0.004384378803015851,2.373
2026-07-29T07:46:00.848487+00:00,1,BOTH,690.0,50.0,527.6,22636,-3.0009327601874248e-05,-0.005731359392042808,2.361
2026-07-29T07:46:00.865469+00:00,1,BOTH,691.0,51.0,527.7,22064,-0.00012153410352766514,-0.023211303996804072,2.373
2026-07-29T07:46:00.981919+00:00,1,BOTH,690.5,50.5,527.6,22280,-0.013634981593495467,-2.6040896634861737,2.371
2026-07-29T07:46:00.998714+00:00,1,BOTH,690.5,50.5,527.6,22269,-9.155482985079288e-05,-0.01748568448162932,2.369
2026-07-29T07:46:01.065195+00:00,1,BOTH,691.0,51.0,527.7,22029,-8.722854632651433e-05,-0.016659425191902173,2.378
2026-07-29T07:46:01.115416+00:00,1,BOTH,691.5,51.5,527.8,21262,-4.139591037528589e-06,-0.000790603651201899,2.392
2026-07-29T07:46:01.165298+00:00,1,BOTH,691.0,51.0,527.9,21939,0.007470540101639927,1.4267680616906695,2.392
2026-07-29T07:46:01.215381+00:00,1,BOTH,690.5,50.5,527.8,22197,0.01390679445117712,2.6560020953613366,2.382
2026-07-29T07:46:01.298773+00:00,1,BOTH,690.5,50.5,527.7,22094,0.01390679445117712,2.6560020953613366,2.376
2026-07-29T07:46:01.365432+00:00,1,BOTH,691.0,51.0,527.8,21924,0.01390679445117712,2.6560020953613366,2.382
2026-07-29T07:46:01.415482+00:00,1,BOTH,692.0,52.0,528.0,21022,8.681904670083894e-05,0.01658121652435755,2.404
2026-07-29T07:46:01.465424+00:00,1,BOTH,690.5,50.5,527.9,22069,-0.00014476039563305674,-0.02764719903472728,2.389
2026-07-29T07:46:01.532120+00:00,1,BOTH,691.0,51.0,527.9,22020,8.784671823377721e-05,0.016777487329567894,2.39
2026-07-29T07:46:01.582110+00:00,1,BOTH,690.5,50.5,527.9,22391,-2.861284531718411e-05,-0.005464650921784369,2.381
2026-07-29T07:46:01.632117+00:00,1,BOTH,690.5,50.5,527.8,22339,-2.861284531718411e-05,-0.005464650921784369,2.375
2026-07-29T07:46:01.648889+00:00,1,BOTH,691.0,51.0,527.8,22050,1.500114449299873e-06,0.00028650075577158146,2.381
2026-07-29T07:46:01.698950+00:00,1,BOTH,690.0,50.0,527.7,22341,2.2293326910585162e-05,0.00425771181093984,2.366
2026-07-29T07:46:01.732297+00:00,1,BOTH,691.0,51.0,527.7,22027,2.2293326910585162e-05,0.00425771181093984,2.376
2026-07-29T07:46:01.765477+00:00,1,BOTH,691.0,51.0,527.8,21985,2.2293326910585162e-05,0.00425771181093984,2.382
2026-07-29T07:46:01.849016+00:00,1,BOTH,691.0,51.0,527.8,21982,-6.325716676656158e-06,-0.001208122893226397,2.385
2026-07-29T07:46:01.932383+00:00,1,BOTH,691.5,51.5,528.0,21574,-4.699614364653826e-06,-0.0008975602281124003,2.397
2026-07-29T07:46:01.998887+00:00,1,BOTH,691.0,51.0,528.0,21639,5.811370574519969e-05,0.01109890023688369,2.394
2026-07-29T07:46:02.048946+00:00,1,BOTH,691.0,51.0,528.0,22180,0.0003236227808520198,0.061807398323692954,2.393
2026-07-29T07:46:02.115782+00:00,1,BOTH,691.5,51.5,527.9,21958,0.00016014283988624811,0.03058502948240439,2.401
2026-07-29T07:46:02.199302+00:00,1,BOTH,692.0,52.0,527.9,21417,-0.01733105445280671,-3.30998758219079,2.416
2026-07-29T07:46:02.249198+00:00,1,BOTH,690.5,50.5,527.8,22318,-2.971210051327944e-06,-0.0005674593199597995,2.396
2026-07-29T07:46:02.299224+00:00,1,BOTH,692.0,52.0,528.1,20769,1.8444295419612897e-05,0.003522600945454316,2.413
2026-07-29T07:46:02.365816+00:00,1,BOTH,691.0,51.0,528.0,22132,0.0002454007579945028,0.046868092407987685,2.404
2026-07-29T07:46:02.415870+00:00,1,BOTH,692.5,52.5,528.1,20827,-0.00010232864529825747,-0.019543331662937893,2.427
2026-07-29T07:46:02.465862+00:00,1,BOTH,691.0,51.0,528.1,21564,0.00018201913218945264,0.03476309355029821,2.412
2026-07-29T07:46:02.516043+00:00,1,BOTH,691.0,51.0,528.1,21852,-0.00019035476791032124,-0.03635508270484575,2.404
2026-07-29T07:46:02.616042+00:00,1,BOTH,690.5,50.5,528.0,22114,-0.005057838048087433,-0.9659759120536541,2.389
2026-07-29T07:46:02.632497+00:00,1,BOTH,690.5,50.5,527.9,22334,0.011046282874012832,2.1096846266285882,2.38
2026-07-29T07:46:02.649410+00:00,1,BOTH,691.0,51.0,527.9,21788,-0.008054600629839115,-1.5383154058439865,2.384
2026-07-29T07:46:02.732702+00:00,1,BOTH,690.5,50.5,527.8,22258,0.03068961157463491,5.86128406040807,2.378
2026-07-29T07:46:02.782745+00:00,1,BOTH,691.0,51.0,527.9,22014,-0.0046912811743095514,-0.89596870599038,2.383
2026-07-29T07:46:02.849282+00:00,1,BOTH,692.5,52.5,528.0,20972,-0.009148178319446743,-1.7471733597912686,2.414
2026-07-29T07:46:02.882725+00:00,1,BOTH,691.5,51.5,528.1,21438,0.008656145331915468,1.6532019812354182,2.414
2026-07-29T07:46:02.949540+00:00,1,BOTH,691.5,51.5,528.0,21651,-0.0019053629753580026,-0.3638975230950087,2.414
2026-07-29T07:46:02.999404+00:00,1,BOTH,691.5,51.5,528.1,21528,-0.0019053629753580026,-0.3638975230950087,2.414
2026-07-29T07:46:03.049471+00:00,1,BOTH,691.0,51.0,528.1,22104,1.9175657071173193e-05,0.0036622807318947245,2.405
2026-07-29T07:46:03.116213+00:00,1,BOTH,691.5,51.5,528.1,21576,6.390460766851902e-05,0.012204881036151652,2.408
2026-07-29T07:46:03.166295+00:00,1,BOTH,691.0,51.0,528.1,21660,-9.377459005918353e-05,-0.017909627453202202,2.401
2026-07-29T07:46:03.183363+00:00,1,BOTH,691.0,51.0,528.1,21915,6.050090189091861e-05,0.011554821116948994,2.397
2026-07-29T07:46:03.266394+00:00,1,BOTH,691.5,51.5,528.2,21605,-3.524179221130907e-05,-0.006730686520616754,2.404
2026-07-29T07:46:03.349857+00:00,1,BOTH,691.0,51.0,528.1,21944,0.0061828096606768666,1.180829663631657,2.399
2026-07-29T07:46:03.366260+00:00,1,BOTH,690.0,50.0,527.9,22867,9.206041053403169e-05,0.017582243279472404,2.377
2026-07-29T07:46:03.382926+00:00,1,BOTH,691.5,51.5,528.0,21192,8.121554274111986e-06,0.001551102609976839,2.392
2026-07-29T07:46:03.449602+00:00,1,BOTH,690.5,50.5,527.9,22435,-0.03320572935452219,-6.341827158892629,2.382
2026-07-29T07:46:03.583028+00:00,1,BOTH,691.0,51.0,527.9,21695,-0.011001042265634168,-2.1010443068862497,2.385
2026-07-29T07:46:03.599840+00:00,1,BOTH,690.5,50.5,527.9,22028,-1.939902693266049e-05,-0.00370494123300687,2.378
2026-07-29T07:46:03.666398+00:00,1,BOTH,692.0,52.0,528.1,21074,-5.528738256543875e-05,-0.0105591122710827,2.402
2026-07-29T07:46:03.699848+00:00,1,BOTH,691.0,51.0,528.1,21862,7.64516880735755e-05,0.014601196877555091,2.397
2026-07-29T07:46:03.766590+00:00,1,BOTH,690.5,50.5,528.0,22391,-0.016805982870864683,-3.2097062968990038,2.385
2026-07-29T07:46:03.816641+00:00,1,BOTH,691.0,51.0,528.0,22116,-0.002902814224071335,-0.5543966791661012,2.387
2026-07-29T07:46:03.833258+00:00,1,BOTH,690.5,50.5,527.9,22399,-0.00023876193154137582,-0.04560016995237442,2.379
2026-07-29T07:46:03.916511+00:00,1,BOTH,690.5,50.5,527.8,21947,-0.002270817998505663,-0.4336942911890646,2.374
2026-07-29T07:46:03.966591+00:00,1,BOTH,692.0,52.0,527.8,21413,0.017399304019054398,3.323022289189426,2.4
2026-07-29T07:46:04.016680+00:00,1,BOTH,692.5,52.5,528.0,21069,-0.0080597123503685,-1.5392916725519334,2.424
2026-07-29T07:46:04.083503+00:00,1,BOTH,691.5,51.5,527.9,21672,-8.888103766366839e-06,-0.0016975027789571699,2.42
2026-07-29T07:46:04.150010+00:00,1,BOTH,691.0,51.0,527.9,21753,-1.29219260998072e-07,-2.4679060956629906e-05,2.408
2026-07-29T07:46:04.199873+00:00,1,BOTH,691.5,51.5,527.8,21811,0.0008098579177749344,0.15467146897918863,2.411
2026-07-29T07:46:04.250119+00:00,1,BOTH,690.0,50.0,527.7,22786,-6.8961689248681085e-06,-0.001317071247347377,2.384
2026-07-29T07:46:04.283557+00:00,1,BOTH,691.5,51.5,527.6,22061,-2.850964665412903e-06,-0.000544494142896954,2.396
2026-07-29T07:46:04.350338+00:00,1,BOTH,691.0,51.0,527.7,21968,-2.216835273429748e-06,-0.0004233843501441814,2.394
2026-07-29T07:46:04.400000+00:00,1,BOTH,691.5,51.5,527.7,21719,3.4179265494458374e-05,0.006527758865631965,2.402
2026-07-29T07:46:04.450188+00:00,1,BOTH,691.5,51.5,527.8,21139,0.001276192021323368,0.24373472223366183,2.407
2026-07-29T07:46:04.466795+00:00,1,BOTH,690.0,50.0,527.7,22534,-3.3143962500616905e-05,-0.006330030558750716,2.382
2026-07-29T07:46:04.533518+00:00,1,BOTH,691.0,51.0,527.7,21659,-0.010663547063741135,-2.036587471304961,2.385
2026-07-29T07:46:04.583574+00:00,1,BOTH,691.5,51.5,527.7,22118,-4.8693774151615794e-05,-0.00929982582483602,2.397
2026-07-29T07:46:04.600221+00:00,1,BOTH,690.5,50.5,527.6,22294,4.0834659012034534e-05,0.007798845397484769,2.385
2026-07-29T07:46:04.683615+00:00,1,BOTH,690.5,50.5,527.6,22404,4.0834659012034534e-05,0.007798845397484769,2.378
2026-07-29T07:46:04.700272+00:00,1,BOTH,690.5,50.5,527.6,22237,4.0834659012034534e-05,0.007798845397484769,2.374
2026-07-29T07:46:04.783663+00:00,1,BOTH,691.0,51.0,527.5,22106,4.0834659012034534e-05,0.007798845397484769,2.38
2026-07-29T07:46:04.850335+00:00,1,BOTH,691.0,51.0,527.4,22275,4.0834659012034534e-05,0.007798845397484769,2.384
2026-07-29T07:46:04.900348+00:00,1,BOTH,691.5,51.5,527.4,21853,4.0834659012034534e-05,0.007798845397484769,2.396
2026-07-29T07:46:04.950244+00:00,1,BOTH,691.25,51.25,527.5,21994,8.618517313152552e-06,0.001646015559013571,2.399
2026-07-29T07:46:05.033596+00:00,1,BOTH,690.5,50.5,527.5,22180,2.093750015774276e-05,0.003998767975310518,2.386
2026-07-29T07:46:05.050569+00:00,1,BOTH,691.0,51.0,527.4,22568,-1.628719037398699e-06,-0.0003110624228518518,2.388
2026-07-29T07:46:05.150401+00:00,1,BOTH,689.5,49.5,527.2,22981,-1.744959925417788e-05,-0.003332627971530072,2.361
2026-07-29T07:46:05.200343+00:00,1,BOTH,692.0,52.0,527.6,21071,-2.0597293332684785e-05,-0.003933793257852626,2.392
2026-07-29T07:46:05.250249+00:00,1,BOTH,691.0,51.0,527.7,22071,4.314132733270526e-05,0.008239386595854641,2.391
2026-07-29T07:46:05.283700+00:00,1,BOTH,691.0,51.0,527.5,22162,-2.1483147866092618e-05,-0.004102979011275292,2.391
2026-07-29T07:46:05.367397+00:00,1,BOTH,691.5,51.5,527.5,21957,6.08674093382433e-05,0.011624818883255053,2.4
2026-07-29T07:46:05.417300+00:00,1,BOTH,691.0,51.0,527.4,22291,-2.668518922291695e-05,-0.005096495726603768,2.396
2026-07-29T07:46:05.468290+00:00,1,BOTH,691.0,51.0,527.3,22640,-2.668518922291695e-05,-0.005096495726603768,2.394
2026-07-29T07:46:05.533937+00:00,1,BOTH,691.0,51.0,527.5,22071,-2.668518922291695e-05,-0.005096495726603768,2.393
2026-07-29T07:46:05.600753+00:00,1,BOTH,690.0,50.0,527.2,22356,-2.668518922291695e-05,-0.005096495726603768,2.373
2026-07-29T07:46:05.650847+00:00,1,BOTH,690.5,50.5,527.2,22375,0.0031191035523079336,0.5957048980383574,2.371
2026-07-29T07:46:05.717501+00:00,1,BOTH,690.5,50.5,527.3,21925,0.02306212134193629,4.404540731705106,2.369
2026-07-29T07:46:05.784000+00:00,1,BOTH,691.0,51.0,527.4,21719,0.026486389297060667,5.058527737540171,2.378
2026-07-29T07:46:05.850871+00:00,1,BOTH,691.5,51.5,527.4,21960,0.028632778665050863,5.468457910798806,2.392
2026-07-29T07:46:05.900829+00:00,1,BOTH,689.0,49.0,527.6,22163,0.03867259050253779,7.385920728777089,2.354
2026-07-29T07:46:05.984118+00:00,1,BOTH,690.0,50.0,527.6,22603,-0.058949055832927116,-11.258440351692572,2.35
2026-07-29T07:46:06.067400+00:00,1,BOTH,689.5,49.5,527.6,21588,0.02976270210929215,5.684257392558511,2.338
2026-07-29T07:46:06.117583+00:00,1,BOTH,690.0,50.0,527.7,22406,0.04527154128998518,8.646227493227977,2.34
2026-07-29T07:46:06.201120+00:00,1,BOTH,690.5,50.5,527.9,21683,0.0021485579339787365,0.4103443388544312,2.351
2026-07-29T07:46:06.251063+00:00,1,BOTH,691.0,51.0,528.1,21030,0.0021485579339787365,0.4103443388544312,2.367
2026-07-29T07:46:06.301044+00:00,1,BOTH,690.0,50.0,528.3,21422,0.0021485579339787365,0.4103443388544312,2.358
2026-07-29T07:46:06.367733+00:00,1,BOTH,689.5,49.5,528.1,21565,0.0021485579339787365,0.4103443388544312,2.343
2026-07-29T07:46:06.384315+00:00,1,BOTH,689.0,49.0,527.9,22205,0.0021485579339787365,0.4103443388544312,2.324
2026-07-29T07:46:06.451116+00:00,1,BOTH,689.5,49.5,528.0,22111,0.026350137647241353,5.032505589252368,2.323
2026-07-29T07:46:06.501213+00:00,1,BOTH,690.0,50.0,528.0,21509,-0.028140829866752027,-5.374502611201953,2.331
2026-07-29T07:46:06.567759+00:00,1,BOTH,690.0,50.0,528.0,21526,0.0033859505149303,0.6466689138188467,2.336
2026-07-29T07:46:06.617746+00:00,1,BOTH,691.0,51.0,528.2,20974,-0.009850711030885577,-1.8813472242423597,2.358
2026-07-29T07:46:06.667792+00:00,1,BOTH,690.0,50.0,528.2,22088,-0.013713956580031663,-2.6191727748715956,2.352
2026-07-29T07:46:06.717676+00:00,1,BOTH,690.0,50.0,528.1,21658,0.0003244429265032522,0.0619640346050317,2.349
2026-07-29T07:46:06.767719+00:00,1,BOTH,690.5,50.5,528.2,21489,-0.005067350342869759,-0.9677926265353594,2.356
2026-07-29T07:46:06.834573+00:00,1,BOTH,689.0,49.0,528.2,22172,-0.004838328817859292,-0.9240527371995274,2.332
2026-07-29T07:46:06.901303+00:00,1,BOTH,690.0,50.0,528.1,21797,0.0037609521578997373,0.7182889519942484,2.337
2026-07-29T07:46:06.917918+00:00,1,BOTH,690.0,50.0,528.1,21385,0.004742601114558056,0.9057700925940562,2.34
2026-07-29T07:46:07.001343+00:00,1,BOTH,690.0,50.0,528.1,21664,0.011369218330364673,2.171360755642228,2.341
2026-07-29T07:46:07.017899+00:00,1,BOTH,689.5,49.5,528.0,22131,-0.022556504890089854,-4.307975102561172,2.333
2026-07-29T07:46:07.084704+00:00,1,BOTH,689.5,49.5,528.1,21858,-6.536263885209337e-05,-0.012483344480209234,2.328
2026-07-29T07:46:07.151478+00:00,1,BOTH,690.5,50.5,528.4,21274,0.016226579223293812,3.0990483514313496,2.344
2026-07-29T07:46:07.201424+00:00,1,BOTH,690.0,50.0,528.5,21022,-0.00736226502340287,-1.4060890449925625,2.344
2026-07-29T07:46:07.218129+00:00,1,BOTH,690.5,50.5,528.5,21586,-0.00736226502340287,-1.4060890449925625,2.353
2026-07-29T07:46:07.251274+00:00,1,BOTH,691.0,51.0,528.6,21351,-0.00736226502340287,-1.4060890449925625,2.368
2026-07-29T07:46:07.334757+00:00,1,BOTH,690.0,50.0,528.5,22569,-0.00736226502340287,-1.4060890449925625,2.358
2026-07-29T07:46:07.351534+00:00,1,BOTH,690.0,50.0,528.4,21959,-0.00736226502340287,-1.4060890449925625,2.353
2026-07-29T07:46:07.401440+00:00,1,BOTH,690.0,50.0,528.5,21167,-0.00736226502340287,-1.4060890449925625,2.349
2026-07-29T07:46:07.468257+00:00,1,BOTH,690.5,50.5,528.5,21723,-0.024335495961131527,-4.647737369768325,2.356
2026-07-29T07:46:07.551943+00:00,1,BOTH,691.0,51.0,528.6,20989,-0.0011248216149397194,-0.21482510413711783,2.37
2026-07-29T07:46:07.601441+00:00,1,BOTH,690.0,50.0,528.5,21656,-0.006221114626387134,-1.1881453731969625,2.36
2026-07-29T07:46:07.618360+00:00,1,BOTH,690.25,50.25,528.4,21188,-0.006221114626387134,-1.1881453731969625,2.358
2026-07-29T07:46:07.718388+00:00,1,BOTH,689.5,49.5,528.2,21882,0.019121084157377483,3.651858073107306,2.343
2026-07-29T07:46:07.784990+00:00,1,BOTH,689.5,49.5,528.1,21774,-0.010410309957806022,-1.9882227466843303,2.334
2026-07-29T07:46:07.835027+00:00,1,BOTH,689.5,49.5,528.0,22350,-0.004859282684046775,-0.9280546308562764,2.328
2026-07-29T07:46:07.885002+00:00,1,BOTH,689.5,49.5,527.9,22130,0.026008099419996142,4.967181099741411,2.325
2026-07-29T07:46:07.935043+00:00,1,BOTH,689.5,49.5,528.0,22073,0.02563634323887527,4.896180899120988,2.323
2026-07-29T07:46:08.002045+00:00,1,BOTH,689.5,49.5,528.1,21934,0.01118557742331177,2.136287925908609,2.322
2026-07-29T07:46:08.051847+00:00,1,BOTH,689.5,49.5,528.2,21591,-0.00011075636954046786,-0.021152908429533712,2.321
2026-07-29T07:46:08.102888+00:00,1,BOTH,690.0,50.0,528.1,21759,0.011012885371674202,2.103306173527649,2.33
2026-07-29T07:46:08.118344+00:00,1,BOTH,689.0,49.0,528.1,22016,0.017677266870159657,3.3761092832886086,2.317
2026-07-29T07:46:08.235178+00:00,1,BOTH,689.5,49.5,528.2,21925,-0.013064308631583118,-2.495099156153482,2.318
2026-07-29T07:46:08.285180+00:00,1,BOTH,688.5,48.5,528.1,22156,-0.013064308631583118,-2.495099156153482,2.3
2026-07-29T07:46:08.318645+00:00,1,BOTH,689.0,49.0,528.0,22322,-0.020716012094635517,-3.9564668712152775,2.299
2026-07-29T07:46:08.435295+00:00,1,BOTH,689.5,49.5,528.1,22015,-0.014766792750451714,-2.820249671817546,2.308
2026-07-29T07:46:08.452254+00:00,1,BOTH,689.5,49.5,528.2,22009,-0.014082573036430403,-2.689573332240649,2.313
2026-07-29T07:46:08.468634+00:00,1,BOTH,690.0,50.0,528.2,21470,0.01469275550916791,2.8061096003097004,2.325
2026-07-29T07:46:08.568657+00:00,1,BOTH,689.0,49.0,528.1,22008,-0.024997586132958532,-4.7741872781109205,2.314
2026-07-29T07:46:08.585285+00:00,1,BOTH,689.0,49.0,528.1,21970,0.0038935840136400655,0.7436197705372777,2.307
2026-07-29T07:46:08.602052+00:00,1,BOTH,688.0,48.0,527.7,22722,0.004685729196644388,0.894908356363164,2.284
2026-07-29T07:46:08.735510+00:00,1,BOTH,689.5,49.5,527.8,21455,0.014955376790603624,2.8562665704316466,2.299
2026-07-29T07:46:08.785554+00:00,1,BOTH,689.0,49.0,527.9,22303,-0.014915378299192525,-2.8486274212824925,2.298
2026-07-29T07:46:08.835523+00:00,1,BOTH,689.0,49.0,527.9,22018,-0.004849812313914299,-0.9262459233928843,2.298
2026-07-29T07:46:08.902047+00:00,1,BOTH,690.0,50.0,527.9,21646,0.003642027070745826,0.695575933420433,2.316
2026-07-29T07:46:08.952171+00:00,1,BOTH,690.0,50.0,528.1,21172,-0.00012839766684919596,-0.024522148032619106,2.327
2026-07-29T07:46:09.002486+00:00,1,BOTH,689.0,49.0,528.1,22197,0.0033818285213783384,0.6458816710398216,2.315
2026-07-29T07:46:09.069068+00:00,1,BOTH,690.0,50.0,528.3,21153,-0.02961941767251119,-5.656892080900318,2.327
2026-07-29T07:46:09.118957+00:00,1,BOTH,689.0,49.0,528.2,22205,-7.841922284569591e-05,-0.014976968339180871,2.315
2026-07-29T07:46:09.203451+00:00,1,BOTH,690.5,50.5,528.3,21674,5.9538627974689e-05,0.011371040336497386,2.336
2026-07-29T07:46:09.235681+00:00,1,BOTH,690.5,50.5,528.3,21297,-0.0024641650239937006,-0.47062085299530765,2.348
2026-07-29T07:46:09.252305+00:00,1,BOTH,690.0,50.0,528.3,21566,-0.00019947096356190741,-0.038096147825017086,2.346
2026-07-29T07:46:09.352380+00:00,1,BOTH,690.0,50.0,528.2,21541,0.00015815006030607035,0.030204436617590934,2.345
2026-07-29T07:46:09.402325+00:00,1,BOTH,689.0,49.0,528.2,22150,-0.02399844614439644,-4.583365596486396,2.326
2026-07-29T07:46:09.485760+00:00,1,BOTH,690.0,50.0,528.1,22033,-0.010523805130505935,-2.009898727987042,2.333
2026-07-29T07:46:09.569208+00:00,1,BOTH,689.0,49.0,528.1,21810,-0.014121867475041653,-2.6970780172098507,2.319
2026-07-29T07:46:09.585717+00:00,1,BOTH,689.0,49.0,528.1,21645,0.0017929499527963343,0.3424282172447004,2.31
2026-07-29T07:46:09.652491+00:00,1,BOTH,690.0,50.0,528.1,22155,0.006404248327016831,1.2231213336392757,2.323
2026-07-29T07:46:09.719213+00:00,1,BOTH,690.0,50.0,528.1,21397,0.03963234595488757,7.569220518058128,2.332
2026-07-29T07:46:09.752481+00:00,1,BOTH,689.5,49.5,528.1,21879,-0.024932342367246747,-4.761726636728169,2.327
2026-07-29T07:46:09.819275+00:00,1,BOTH,689.0,49.0,528.1,21930,0.01109536315780133,2.1190582703565393,2.315
2026-07-29T07:46:09.835819+00:00,1,BOTH,689.5,49.5,528.0,22562,0.0005191721604205668,0.09915457877595801,2.317
2026-07-29T07:46:09.902544+00:00,1,BOTH,689.0,49.0,528.0,22816,0.012532744598574936,2.3935779040457437,2.309
2026-07-29T07:46:09.953176+00:00,1,BOTH,690.0,50.0,528.2,21029,0.004451237906469032,0.8501238188310793,2.323
2026-07-29T07:46:09.969343+00:00,1,BOTH,690.0,50.0,528.4,21479,-0.0018014982889872043,-0.34406082919668635,2.331
2026-07-29T07:46:10.069347+00:00,1,BOTH,690.0,50.0,528.5,21659,-0.044569398011080924,-8.512128004912341,2.336
2026-07-29T07:46:10.136037+00:00,1,BOTH,688.5,48.5,528.5,22759,0.03657859946368262,6.98599789922837,2.311
2026-07-29T07:46:10.202805+00:00,1,BOTH,689.0,49.0,528.6,22044,-0.02097610475611873,-4.006140910499654,2.305
2026-07-29T07:46:10.269447+00:00,1,BOTH,689.0,49.0,528.5,22732,-0.0026254000980407,-0.5014144838365489,2.302
2026-07-29T07:46:10.319459+00:00,1,BOTH,689.0,49.0,528.4,22147,-0.01178490142337978,-2.250750378457926,2.3
2026-07-29T07:46:10.386033+00:00,1,BOTH,690.0,50.0,528.5,21648,-0.015225711885141208,-2.9078967703358924,2.317
2026-07-29T07:46:10.402878+00:00,1,BOTH,689.5,49.5,528.5,22183,-0.034625710801628885,-6.613023638579605,2.319
2026-07-29T07:46:10.469394+00:00,1,BOTH,690.0,50.0,528.6,21298,0.010047986822173697,1.9190241250454028,2.329
2026-07-29T07:46:10.519486+00:00,1,BOTH,690.5,50.5,528.8,21394,-0.009401770735858008,-1.795605943714234,2.344
2026-07-29T07:46:10.536213+00:00,1,BOTH,689.0,49.0,528.6,22698,0.0135911747161299,2.5957231661971933,2.325
2026-07-29T07:46:10.619625+00:00,1,BOTH,690.0,50.0,528.7,22173,0.008852665589365642,1.6907345857044829,2.333
2026-07-29T07:46:10.669596+00:00,1,BOTH,690.5,50.5,528.7,21750,-0.012808188770432025,-2.446183865842034,2.346
2026-07-29T07:46:10.736143+00:00,1,BOTH,689.5,49.5,528.6,22354,-0.016418144337367265,-3.135634593225853,2.336
2026-07-29T07:46:10.752989+00:00,1,BOTH,690.0,50.0,528.7,21797,-0.010091354865580797,-1.9273068112219593,2.339
2026-07-29T07:46:10.836309+00:00,1,BOTH,690.0,50.0,528.8,21936,0.012762531961780042,2.4374640577027176,2.341
2026-07-29T07:46:10.903060+00:00,1,BOTH,690.0,50.0,528.8,21857,-0.006162759077269584,-1.1770002842782827,2.342
2026-07-29T07:46:10.969745+00:00,1,BOTH,689.5,49.5,528.7,22161,0.007530407626181841,1.4382019166444946,2.333
2026-07-29T07:46:11.053190+00:00,1,BOTH,689.0,49.0,528.6,22526,-0.024109316781396047,-4.604540328393078,2.319
2026-07-29T07:46:11.119658+00:00,1,BOTH,690.5,50.5,528.6,21800,-0.03305134376510978,-6.31234168325606,2.338
2026-07-29T07:46:11.203082+00:00,1,BOTH,690.0,50.0,528.7,21330,0.03335659781936556,6.37064091321644,2.34
2026-07-29T07:46:11.269847+00:00,1,BOTH,689.5,49.5,528.6,22394,-0.009497426858870313,-1.8138749174915316,2.332
2026-07-29T07:46:11.336607+00:00,1,BOTH,690.5,50.5,528.6,21725,0.00603475136706038,1.1525526124778789,2.346
2026-07-29T07:46:11.353124+00:00,1,BOTH,689.5,49.5,528.6,22319,-0.018076987543608994,-3.4524503085311884,2.336
2026-07-29T07:46:11.436644+00:00,1,BOTH,689.0,49.0,528.5,22021,0.0075702420575544235,1.4458097326343362,2.32
2026-07-29T07:46:11.503158+00:00,1,BOTH,689.5,49.5,528.5,22376,-0.014145606060337742,-2.701611753040108,2.32
2026-07-29T07:46:11.586771+00:00,1,BOTH,689.5,49.5,528.5,21780,-0.00013556244783103464,-0.02589052040393562,2.32
2026-07-29T07:46:11.636823+00:00,1,BOTH,689.5,49.5,528.3,22161,0.007182538236957043,1.3717637572299126,2.32
2026-07-29T07:46:11.703420+00:00,1,BOTH,690.0,50.0,528.4,21446,0.012548132103984245,2.3965167011030366,2.33
2026-07-29T07:46:11.753396+00:00,1,BOTH,690.0,50.0,528.5,21856,0.01493077491177246,2.8515679576812536,2.335
2026-07-29T07:46:11.820085+00:00,1,BOTH,690.0,50.0,528.6,21988,-0.003914934763161,-0.7476974633272461,2.339
2026-07-29T07:46:11.886682+00:00,1,BOTH,689.0,49.0,528.5,22296,-0.0033332245040219276,-0.6365989875001452,2.322
2026-07-29T07:46:11.903472+00:00,1,BOTH,690.5,50.5,528.7,21578,-0.000611676117987372,-0.11682153329874197,2.34
2026-07-29T07:46:11.986795+00:00,1,BOTH,689.5,49.5,528.7,21880,-0.01787449408788234,-3.4137769072240007,2.332
2026-07-29T07:46:12.036868+00:00,1,BOTH,690.0,50.0,528.7,22064,0.009451432013884186,1.8050905491679865,2.337
2026-07-29T07:46:12.053496+00:00,1,BOTH,690.0,50.0,528.8,22123,-0.0325494461710332,-6.216486303628199,2.34
2026-07-29T07:46:12.086925+00:00,1,BOTH,690.0,50.0,528.6,21161,0.016754068066366017,3.199791299592269,2.341
2026-07-29T07:46:12.170135+00:00,1,BOTH,690.5,50.5,528.6,21126,-0.0062185426033101975,-1.1876541529732336,2.352
2026-07-29T07:46:12.203538+00:00,1,BOTH,690.5,50.5,528.6,21010,0.012632262213155627,2.4125843683880204,2.358
2026-07-29T07:46:12.270380+00:00,1,BOTH,690.0,50.0,528.7,21778,-0.010445476239256095,-1.9949390117118584,2.352
2026-07-29T07:46:12.286840+00:00,1,BOTH,690.5,50.5,528.6,20941,-0.008855716767720878,-1.6913173178454715,2.358
2026-07-29T07:46:12.370346+00:00,1,BOTH,689.0,49.0,528.5,22332,-0.00011197523097507655,-0.021385693816248174,2.334
2026-07-29T07:46:12.387085+00:00,1,BOTH,690.5,50.5,528.5,21154,0.011588635541556869,2.2132663561550387,2.347
2026-07-29T07:46:12.470471+00:00,1,BOTH,689.5,49.5,528.5,21976,-0.026341474193613976,-5.0308509914895145,2.336
2026-07-29T07:46:12.521005+00:00,1,BOTH,690.5,50.5,528.5,21212,0.018610622473061084,3.5543670727257424,2.349
2026-07-29T07:46:12.537099+00:00,1,BOTH,689.5,49.5,528.3,22240,-0.005040267246076837,-0.9626201360607638,2.337
2026-07-29T07:46:12.587058+00:00,1,BOTH,691.0,51.0,528.4,21238,0.003772062241914682,0.7204108217412221,2.359
2026-07-29T07:46:12.670340+00:00,1,BOTH,691.0,51.0,528.6,21210,0.009643772804993204,1.8418249343638335,2.371
2026-07-29T07:46:12.687098+00:00,1,BOTH,691.0,51.0,528.6,21194,-0.008827472127159126,-1.6859229888519638,2.379
2026-07-29T07:46:12.770565+00:00,1,BOTH,690.5,50.5,528.6,21681,-0.02562564588151872,-4.894137854359409,2.374
2026-07-29T07:46:12.803958+00:00,1,BOTH,690.5,50.5,528.8,21220,-0.0037890285088360543,-0.7236511400368455,2.371
2026-07-29T07:46:12.853926+00:00,1,BOTH,690.0,50.0,528.6,21091,8.981454942841083e-05,0.017153315403723536,2.36
2026-07-29T07:46:12.937235+00:00,1,BOTH,691.0,51.0,528.5,21182,-0.0002446225611492991,-0.04671946775845247,2.372
2026-07-29T07:46:12.987243+00:00,1,BOTH,691.0,51.0,528.4,21236,0.01624509827233851,3.1025852292675395,2.38
2026-07-29T07:46:13.053987+00:00,1,BOTH,689.5,49.5,528.2,21517,-0.0026527676213299856,-0.5066412957705557,2.356
2026-07-29T07:46:13.104069+00:00,1,BOTH,691.5,51.5,528.3,20818,-0.0037009238981409,-0.7068243988752604,2.379
2026-07-29T07:46:13.170626+00:00,1,BOTH,690.5,50.5,528.1,21288,0.02725328305736184,5.204993656874087,2.374
2026-07-29T07:46:13.187426+00:00,1,BOTH,690.5,50.5,528.2,20682,0.05264416960068047,10.054295780299665,2.372
2026-07-29T07:46:13.304031+00:00,1,BOTH,690.0,50.0,528.2,21272,0.005169567717239261,0.9873147070162968,2.36
2026-07-29T07:46:13.372526+00:00,1,BOTH,690.5,50.5,528.4,21221,-0.00024264705833047632,-0.04634217451200332,2.363
2026-07-29T07:46:13.420836+00:00,1,BOTH,690.0,50.0,528.3,21121,0.00683041712269187,1.3045135781471184,2.355
2026-07-29T07:46:13.487651+00:00,1,BOTH,689.5,49.5,528.4,22354,0.006067217639647424,1.1587532137970753,2.341
2026-07-29T07:46:13.504018+00:00,1,BOTH,688.5,48.5,528.4,22476,0.03571514436975121,6.821090123623897,2.314
2026-07-29T07:46:13.604097+00:00,1,BOTH,689.5,49.5,528.4,21777,-0.00375716591719538,-0.7175658332856474,2.317
2026-07-29T07:46:13.654126+00:00,1,BOTH,690.0,50.0,528.5,21179,0.006941753486171365,1.3257772572594835,2.327
2026-07-29T07:46:13.670857+00:00,1,BOTH,691.0,51.0,528.6,21261,-0.07255228806636296,-13.856466334066553,2.353
2026-07-29T07:46:13.754288+00:00,1,BOTH,690.0,50.0,528.7,20821,-0.002704697153531015,-0.516559105861248,2.349
2026-07-29T07:46:13.804326+00:00,1,BOTH,690.0,50.0,528.6,22404,0.0015963914612075313,0.3048883105930468,2.347
2026-07-29T07:46:13.820935+00:00,1,BOTH,689.5,49.5,528.5,22336,-6.661362596787514e-05,-0.012722265420074364,2.336
2026-07-29T07:46:13.887752+00:00,1,BOTH,690.0,50.0,528.4,22020,0.009941181899048388,1.8986258872910713,2.339
2026-07-29T07:46:13.921036+00:00,1,BOTH,689.5,49.5,528.5,21621,-0.00964744682307355,-1.842526620130029,2.332
2026-07-29T07:46:13.954329+00:00,1,BOTH,690.0,50.0,528.4,22016,-0.030831868201494216,-5.888453074830756,2.337
2026-07-29T07:46:14.054357+00:00,1,BOTH,690.5,50.5,528.4,21711,0.015158941373229026,2.8951445419075723,2.349
2026-07-29T07:46:14.104392+00:00,1,BOTH,690.0,50.0,528.5,21608,-0.008314587660133838,-1.5879692710574116,2.347
2026-07-29T07:46:14.154475+00:00,1,BOTH,690.5,50.5,528.5,21534,-0.007517098041716963,-1.4356599732547932,2.355
2026-07-29T07:46:14.204431+00:00,1,BOTH,690.0,50.0,528.4,21859,0.020480938371038065,3.9115710970934146,2.35
2026-07-29T07:46:14.221207+00:00,1,BOTH,690.0,50.0,528.5,21773,-0.03212021014420316,-6.134508261120448,2.348
2026-07-29T07:46:14.254322+00:00,1,BOTH,690.0,50.0,528.6,20960,0.004805087351705879,0.9177040848148024,2.346
2026-07-29T07:46:14.337867+00:00,1,BOTH,689.0,49.0,528.7,22366,0.027371138429734855,5.227502374973809,2.326
2026-07-29T07:46:14.354445+00:00,1,BOTH,689.5,49.5,528.7,22209,-0.0015804655640386045,-0.30184668828391725,2.324
2026-07-29T07:46:14.421277+00:00,1,BOTH,690.0,50.0,528.7,21472,-0.026980105109978468,-5.152820512070373,2.332
2026-07-29T07:46:14.487786+00:00,1,BOTH,689.5,49.5,528.5,21664,0.03480609847232699,6.647475145936929,2.327
2026-07-29T07:46:14.537896+00:00,1,BOTH,690.5,50.5,528.7,21278,0.02176719319773838,4.157227673587611,2.343
2026-07-29T07:46:14.588006+00:00,1,BOTH,690.0,50.0,528.5,21277,0.027323472403222696,5.218398834489457,2.343
2026-07-29T07:46:14.638010+00:00,1,BOTH,689.0,49.0,528.4,22716,-0.02381476022535935,-4.548284170097039,2.325
2026-07-29T07:46:14.704666+00:00,1,BOTH,691.0,51.0,528.6,21097,-0.0017643842985853554,-0.3369725791603031,2.351
2026-07-29T07:46:14.738021+00:00,1,BOTH,690.0,50.0,528.6,21678,-0.02023156358860433,-3.863944021925261,2.348
2026-07-29T07:46:14.804649+00:00,1,BOTH,690.0,50.0,528.5,21430,0.00889107888448052,1.6980709846620594,2.346
2026-07-29T07:46:14.854620+00:00,1,BOTH,689.0,49.0,528.4,22700,0.016579424209194258,3.166436779812845,2.327
2026-07-29T07:46:14.921524+00:00,1,BOTH,689.5,49.5,528.2,22521,-0.012876732228323817,-2.459274702010142,2.324
2026-07-29T07:46:14.954743+00:00,1,BOTH,689.5,49.5,528.3,21988,0.0010600591963157058,0.20245639327639975,2.323
2026-07-29T07:46:15.004897+00:00,1,BOTH,690.5,50.5,528.3,20765,-0.05315474717412144,-10.151808913873658,2.34
2026-07-29T07:46:15.104904+00:00,1,BOTH,689.0,49.0,528.1,22265,0.05758438661694527,10.997807730001949,2.323
2026-07-29T07:46:15.171441+00:00,1,BOTH,690.0,50.0,528.2,21614,0.0063819257717113945,1.2188580396161126,2.331
2026-07-29T07:46:15.205245+00:00,1,BOTH,689.5,49.5,528.1,21788,0.028957553929649292,5.530485417304589,2.327
2026-07-29T07:46:15.288200+00:00,1,BOTH,689.0,49.0,528.1,22134,-0.014696588963270188,-2.8068417361130926,2.315
2026-07-29T07:46:15.338140+00:00,1,BOTH,689.5,49.5,528.0,21772,0.02762891924008727,5.276734883215995,2.317
2026-07-29T07:46:15.388103+00:00,1,BOTH,688.5,48.5,528.1,22702,0.053290919424034654,10.177815897896417,2.3
2026-07-29T07:46:15.455062+00:00,1,BOTH,689.0,49.0,528.3,21445,-0.007384943142533303,-1.4104202467041247,2.299
2026-07-29T07:46:15.488269+00:00,1,BOTH,688.5,48.5,528.3,22132,-0.00403033247217536,-0.7697368023005847,2.288
2026-07-29T07:46:15.555096+00:00,1,BOTH,690.0,50.0,528.4,20875,0.009186658842954784,1.754522598426151,2.311
2026-07-29T07:46:15.605080+00:00,1,BOTH,689.5,49.5,528.5,21723,-0.013054215205775108,-2.4931714538213905,2.314
2026-07-29T07:46:15.655120+00:00,1,BOTH,689.5,49.5,528.3,21985,-0.02228839556541061,-4.256769993387094,2.317
2026-07-29T07:46:15.705105+00:00,1,BOTH,690.0,50.0,528.4,21522,-0.0018783514702226966,-0.3587387056198455,2.328
2026-07-29T07:46:15.721740+00:00,1,BOTH,689.0,49.0,528.3,21808,0.004717841914389283,0.9010414336814219,2.315
2026-07-29T07:46:15.771738+00:00,1,BOTH,689.5,49.5,528.4,21797,-0.006448897165246308,-1.2316486336083137,2.317
2026-07-29T07:46:15.855160+00:00,1,BOTH,689.0,49.0,528.3,22127,-0.010425826129503548,-1.9911861171925591,2.309
2026-07-29T07:46:15.905175+00:00,1,BOTH,689.5,49.5,528.1,21769,-0.005261950793210417,-1.004958574854909,2.314
2026-07-29T07:46:15.971667+00:00,1,BOTH,690.0,50.0,528.3,20949,0.021104964936384932,4.030751392088149,2.326
2026-07-29T07:46:16.038618+00:00,1,BOTH,690.5,50.5,528.3,21186,-0.007752039664192125,-1.4805305179207358,2.342
2026-07-29T07:46:16.088626+00:00,1,BOTH,690.0,50.0,528.5,21295,-0.03660325600882061,-6.990706952474304,2.343
2026-07-29T07:46:16.155163+00:00,1,BOTH,690.0,50.0,528.6,21470,0.025701117974240333,4.90855196230597,2.343
2026-07-29T07:46:16.171898+00:00,1,BOTH,689.5,49.5,528.6,21748,-0.0055864182040750165,-1.066927285628505,2.334
2026-07-29T07:46:16.238851+00:00,1,BOTH,691.0,51.0,528.7,21305,0.004526523364766035,0.8645022822281675,2.357
2026-07-29T07:46:16.288734+00:00,1,BOTH,689.5,49.5,528.6,22099,-0.018024404307361692,-3.442407650164156,2.342
2026-07-29T07:46:16.322019+00:00,1,BOTH,689.5,49.5,528.6,21651,-0.007289084368385375,-1.3921125694108778,2.333
2026-07-29T07:46:16.388725+00:00,1,BOTH,689.5,49.5,528.6,22026,-0.0066925617214292285,-1.278185135895679,2.328
2026-07-29T07:46:16.421986+00:00,1,BOTH,689.5,49.5,528.6,21815,-0.0066925617214292285,-1.278185135895679,2.325
2026-07-29T07:46:16.472011+00:00,1,BOTH,689.5,49.5,528.3,21853,-0.0066925617214292285,-1.278185135895679,2.323
2026-07-29T07:46:16.555497+00:00,1,BOTH,690.0,50.0,528.3,21301,-0.0066925617214292285,-1.278185135895679,2.331
2026-07-29T07:46:16.572218+00:00,1,BOTH,690.0,50.0,528.2,21394,-0.0066925617214292285,-1.278185135895679,2.336
2026-07-29T07:46:16.655573+00:00,1,BOTH,689.5,49.5,528.1,21884,-0.0066925617214292285,-1.278185135895679,2.33
2026-07-29T07:46:16.672233+00:00,1,BOTH,690.0,50.0,527.9,21705,-0.0066925617214292285,-1.278185135895679,2.335
2026-07-29T07:46:16.705396+00:00,1,BOTH,690.0,50.0,527.9,21318,0.001800927544827573,0.343951825091591,2.339
2026-07-29T07:46:16.755505+00:00,1,BOTH,690.0,50.0,528.1,21483,0.0022107397927902638,0.42222019909502756,2.341
2026-07-29T07:46:16.838929+00:00,1,BOTH,689.5,49.5,528.2,21858,-0.006628414442529902,-1.2659339080684124,2.333
2026-07-29T07:46:16.905475+00:00,1,BOTH,690.0,50.0,528.2,21484,0.0163814265280962,3.1286220082118583,2.337
2026-07-29T07:46:16.955578+00:00,1,BOTH,690.5,50.5,528.0,21591,-0.010441286347340793,-1.9941388013006491,2.349
2026-07-29T07:46:16.972454+00:00,1,BOTH,690.0,50.0,528.0,21933,-0.00621778427506797,-1.1875093229473492,2.347
2026-07-29T07:46:17.022506+00:00,1,BOTH,689.5,49.5,527.9,21636,-0.017135283080860972,-3.2725980043175342,2.336
2026-07-29T07:46:17.105596+00:00,1,BOTH,691.0,51.0,528.1,21519,0.015629782655887537,2.9850686029637687,2.358
2026-07-29T07:46:17.189037+00:00,1,BOTH,689.5,49.5,528.0,21930,-0.06286289022304117,-12.005927659248218,2.343
2026-07-29T07:46:17.255768+00:00,1,BOTH,692.0,52.0,527.8,21458,0.04488576007075608,8.572548707637182,2.381
2026-07-29T07:46:17.322613+00:00,1,BOTH,689.5,49.5,528.1,21703,0.028007157873362304,5.348973141000847,2.357
2026-07-29T07:46:17.389075+00:00,1,BOTH,689.5,49.5,528.0,21736,-0.012803716100752354,-2.44532964885603,2.342
2026-07-29T07:46:17.455862+00:00,1,BOTH,691.5,51.5,527.9,21056,0.014861197762656956,2.8382797010316843,2.371
2026-07-29T07:46:17.505909+00:00,1,BOTH,688.5,48.5,527.8,21855,-0.036050218464806674,-6.885084561860041,2.332
2026-07-29T07:46:17.572661+00:00,1,BOTH,689.0,49.0,527.5,22252,0.02395406988449395,4.574890355143102,2.318
2026-07-29T07:46:17.622610+00:00,1,BOTH,690.5,50.5,527.5,21609,0.03298774547409266,6.300195304390974,2.338
2026-07-29T07:46:17.689206+00:00,1,BOTH,688.0,48.0,527.4,22521,-0.00018504477804526676,-0.03534094934309621,2.303
2026-07-29T07:46:17.739098+00:00,1,BOTH,691.5,51.5,527.6,21067,0.015409950162284075,2.9430836893527186,2.347
2026-07-29T07:46:17.806030+00:00,1,BOTH,689.5,49.5,527.8,21461,0.007166110868565738,1.3686263609721514,2.336
2026-07-29T07:46:17.839264+00:00,1,BOTH,690.5,50.5,527.7,22070,-0.024261508492418215,-4.633606804121228,2.349
2026-07-29T07:46:17.906062+00:00,1,BOTH,690.5,50.5,527.9,21420,0.0063190957129700106,1.2068583823079784,2.356
2026-07-29T07:46:17.956101+00:00,1,BOTH,690.5,50.5,527.8,21500,0.01666454360820353,3.182693387539249,2.361
2026-07-29T07:46:18.022700+00:00,1,BOTH,691.0,51.0,528.0,20815,-0.024742259602062402,-4.725423502717372,2.373
2026-07-29T07:46:18.039398+00:00,1,BOTH,690.5,50.5,527.9,21361,0.010295982868410648,1.966387880996431,2.37
2026-07-29T07:46:18.106117+00:00,1,BOTH,689.5,49.5,528.0,21667,0.004337649864610284,0.8284301008255408,2.35
2026-07-29T07:46:18.156181+00:00,1,BOTH,690.5,50.5,528.1,21619,-5.085632496047764e-05,-0.009712842605937307,2.357
2026-07-29T07:46:18.222755+00:00,1,BOTH,689.0,49.0,528.1,21823,-0.011410252079367638,-2.1791976244271245,2.333
2026-07-29T07:46:18.272721+00:00,1,BOTH,691.0,51.0,528.1,21377,-0.001030408083461225,-0.19679344786164024,2.356
2026-07-29T07:46:18.322788+00:00,1,BOTH,689.5,49.5,528.2,21237,0.03036731544183567,5.799730033198789,2.342
2026-07-29T07:46:18.389597+00:00,1,BOTH,690.5,50.5,528.2,21616,0.017862545698881148,3.4114949330181705,2.352
2026-07-29T07:46:18.456393+00:00,1,BOTH,690.5,50.5,528.1,21551,0.0012299028103007004,0.23489413413836416,2.358
2026-07-29T07:46:18.506226+00:00,1,BOTH,690.0,50.0,528.3,20756,0.00424926242325455,0.8115493429867285,2.352
2026-07-29T07:46:18.572954+00:00,1,BOTH,687.5,47.5,528.3,21686,-0.04242747195647098,-8.103050261718149,2.302
2026-07-29T07:46:18.639708+00:00,1,BOTH,691.5,51.5,528.6,21173,0.04953781053656712,9.46102490021332,2.347
2026-07-29T07:46:18.689741+00:00,1,BOTH,689.5,49.5,528.5,21306,0.0040615268144756555,0.7756944828288959,2.336
2026-07-29T07:46:18.706300+00:00,1,BOTH,691.0,51.0,528.4,21074,-0.012027220882009715,-2.2970299860358936,2.358
2026-07-29T07:46:18.789869+00:00,1,BOTH,690.0,50.0,528.3,21581,-0.013160362362395973,-2.513444067427023,2.352
2026-07-29T07:46:18.839794+00:00,1,BOTH,689.5,49.5,528.4,21570,-0.05192049834877253,-9.916084752002085,2.339
2026-07-29T07:46:18.906392+00:00,1,BOTH,691.0,51.0,528.1,21256,0.034254195699468255,6.54206948064902,2.36
2026-07-29T07:46:18.956514+00:00,1,BOTH,689.5,49.5,528.2,22076,0.034254195699468255,6.54206948064902,2.344
2026-07-29T07:46:19.006358+00:00,1,BOTH,691.5,51.5,528.2,20893,0.010851816502399742,2.072544285459746,2.372
2026-07-29T07:46:19.056434+00:00,1,BOTH,690.0,50.0,528.2,21777,-0.0011988019663840533,-0.22895431048596748,2.361
2026-07-29T07:46:19.106576+00:00,1,BOTH,691.0,51.0,528.2,21024,0.017576997466385365,3.3569592377867417,2.373
2026-07-29T07:46:19.173236+00:00,1,BOTH,691.5,51.5,528.4,21247,0.0,0.0,2.389
2026-07-29T07:46:19.222982+00:00,1,RIGHT,263.57,-376.43,528.4,8295,-0.009287658575922252,-1.7738121265294318,-1.611
2026-07-29T07:46:19.289938+00:00,1,BOTH,691.0,51.0,528.5,21137,0.030224655051715673,5.772483905673569,-0.01
2026-07-29T07:46:19.306521+00:00,1,BOTH,690.5,50.5,528.7,21588,0.02911598830949515,5.560744154954389,0.941
2026-07-29T07:46:19.390046+00:00,1,BOTH,691.0,51.0,528.8,21070,-0.023869342084508388,-4.558708537321098,1.521
2026-07-29T07:46:19.406557+00:00,1,BOTH,690.5,50.5,528.9,21739,-0.02350972931162687,-4.490027556837406,1.859
2026-07-29T07:46:19.473359+00:00,1,BOTH,690.5,50.5,528.8,21056,-0.008968800674192607,-1.7129147530844124,2.062
2026-07-29T07:46:19.556741+00:00,1,BOTH,689.5,49.5,528.8,22251,-0.016365147726610303,-3.125512986142948,2.166
2026-07-29T07:46:19.606688+00:00,1,BOTH,690.0,50.0,528.6,21156,0.0043750052619725465,0.83556445619518,2.237
2026-07-29T07:46:19.656926+00:00,1,BOTH,690.0,50.0,528.7,22016,0.024200058395508678,4.621870700109273,2.28
2026-07-29T07:46:19.706803+00:00,1,BOTH,689.0,49.0,528.4,22194,0.017283393192337827,3.300884951953654,2.287
2026-07-29T07:46:19.773458+00:00,1,BOTH,690.0,50.0,528.5,21730,0.012961863838136196,2.475533641828155,2.309
2026-07-29T07:46:19.823457+00:00,1,BOTH,691.0,51.0,528.6,20893,0.0029979717783862724,0.5725704333362106,2.342
2026-07-29T07:46:19.890023+00:00,1,BOTH,690.5,50.5,528.8,21175,0.0029979717783862724,0.5725704333362106,2.352
2026-07-29T07:46:19.956894+00:00,1,BOTH,690.0,50.0,528.8,21677,0.0029979717783862724,0.5725704333362106,2.349
2026-07-29T07:46:20.007099+00:00,1,BOTH,691.0,51.0,528.9,20822,0.0029979717783862724,0.5725704333362106,2.365
2026-07-29T07:46:20.056952+00:00,1,BOTH,690.5,50.5,528.8,20700,0.0029979717783862724,0.5725704333362106,2.366
2026-07-29T07:46:20.073472+00:00,1,BOTH,691.0,51.0,528.8,21042,0.008673028973862528,1.65642651932334,2.376
2026-07-29T07:46:20.157100+00:00,1,BOTH,691.0,51.0,528.9,20950,-0.008245370597578586,-1.5747497858750483,2.382
2026-07-29T07:46:20.206996+00:00,1,BOTH,690.0,50.0,528.7,21556,-0.009687738749198616,-1.8502218111814261,2.367
2026-07-29T07:46:20.290290+00:00,1,BOTH,691.0,51.0,528.8,21119,-0.031159341525053605,-5.9509958726410055,2.376
2026-07-29T07:46:20.357063+00:00,1,BOTH,691.0,51.0,528.8,20895,0.004053292265161872,0.7741217997559887,2.382
2026-07-29T07:46:20.408194+00:00,1,BOTH,690.0,50.0,528.6,21755,-0.013990436886670067,-2.6719766238344733,2.367
2026-07-29T07:46:20.473809+00:00,1,BOTH,690.5,50.5,528.6,21235,-0.004138601031154394,-0.7904145739121243,2.367
2026-07-29T07:46:20.523621+00:00,1,BOTH,690.5,50.5,528.6,20975,0.005127807753160596,0.9793391413685454,2.367
2026-07-29T07:46:20.573639+00:00,1,BOTH,690.0,50.0,528.7,21051,0.010289478081976994,1.9651455582988233,2.358
2026-07-29T07:46:20.657031+00:00,1,BOTH,690.5,50.5,528.6,21499,-0.011307064143475145,-2.159490180349436,2.361
2026-07-29T07:46:20.723863+00:00,1,BOTH,690.0,50.0,528.7,21557,0.0,0.0,2.354
2026-07-29T07:46:20.757279+00:00,1,BOTH,691.0,51.0,528.8,21344,0.035822335152188314,6.8415620550784,2.369
2026-07-29T07:46:20.790327+00:00,1,RIGHT,263.23,-376.77,528.8,8375,-0.020470430552959443,-3.9095642516674274,-1.631
2026-07-29T07:46:20.907264+00:00,1,BOTH,690.0,50.0,528.6,21682,-0.013410908952355385,-2.561294941347253,-0.041
2026-07-29T07:46:20.974009+00:00,1,BOTH,689.5,49.5,528.6,21757,-0.025457880960311742,-4.862097114574394,0.903
2026-07-29T07:46:20.990658+00:00,1,BOTH,690.0,50.0,528.7,21218,0.02699420232063858,5.15551288098281,1.48
2026-07-29T07:46:21.073930+00:00,1,BOTH,689.5,49.5,528.6,22193,0.021269440655596553,4.0621639405654975,1.816
2026-07-29T07:46:21.157393+00:00,1,BOTH,689.5,49.5,528.6,21499,-0.014052915214851964,-2.6839091055539934,2.018
2026-07-29T07:46:21.207372+00:00,1,BOTH,690.0,50.0,528.7,21342,0.015161348632536828,2.895604294569341,2.148
2026-07-29T07:46:21.257467+00:00,1,BOTH,689.5,49.5,528.9,22232,0.015161348632536828,2.895604294569341,2.217
2026-07-29T07:46:21.274188+00:00,1,BOTH,690.5,50.5,529.0,21324,-0.026579867689870296,-5.076380795485697,2.277
2026-07-29T07:46:21.323981+00:00,1,BOTH,690.5,50.5,529.1,21271,-0.01565577203873545,-2.9900322094615523,2.313
2026-07-29T07:46:21.407438+00:00,1,BOTH,689.5,49.5,528.8,22247,0.03131224212935194,5.980197737011988,2.316
2026-07-29T07:46:21.458008+00:00,1,BOTH,688.5,48.5,528.7,22682,-0.015405322168953716,-2.942199807734571,2.299
2026-07-29T07:46:21.507483+00:00,1,BOTH,689.0,49.0,528.6,22028,0.14516852157656104,27.725145348302583,2.298
2026-07-29T07:46:21.573963+00:00,1,RIGHT,269.43,-370.57,528.6,9587,-0.027903946046717466,-5.329261134125563,-1.702
2026-07-29T07:46:21.657551+00:00,1,BOTH,689.5,49.5,528.6,22321,-0.028320866558060515,-5.408887086433539,-0.093
2026-07-29T07:46:21.707541+00:00,1,BOTH,689.5,49.5,528.5,21813,0.05409921994432807,10.332189925866556,0.872
2026-07-29T07:46:21.774274+00:00,1,BOTH,689.5,49.5,528.7,22300,-0.07052045887336135,-13.468415542565007,1.452
2026-07-29T07:46:21.824331+00:00,1,BOTH,688.5,48.5,528.5,21969,0.07321948245808016,13.983891076600532,1.78
2026-07-29T07:46:21.890960+00:00,1,BOTH,689.0,49.0,528.6,22292,-0.018857663770904764,-3.601548485165333,1.987
2026-07-29T07:46:21.941098+00:00,1,BOTH,691.0,51.0,528.9,21404,-0.01159096599498298,-2.213711439973932,2.148
2026-07-29T07:46:21.991106+00:00,1,BOTH,689.5,49.5,529.2,21690,-0.042484252564609054,-8.113894559066475,2.217
2026-07-29T07:46:22.024276+00:00,1,BOTH,690.5,50.5,529.3,21818,-0.004985753186047077,-0.9522087175146701,2.277
2026-07-29T07:46:22.074408+00:00,1,BOTH,691.0,51.0,529.4,20927,-0.07482138740830123,-14.289832386029804,2.323
2026-07-29T07:46:22.124450+00:00,1,BOTH,689.0,49.0,529.1,22333,-0.008127725441008806,-1.552281216036368,2.312
2026-07-29T07:46:22.174460+00:00,1,BOTH,689.5,49.5,529.0,21630,-0.03392410830594599,-6.479027432251354,2.315
2026-07-29T07:46:22.191062+00:00,1,BOTH,690.0,50.0,529.0,21746,-0.011677290615625679,-2.230198228076914,2.327
2026-07-29T07:46:22.291110+00:00,1,BOTH,689.0,49.0,529.0,21875,-0.027899694794323294,-5.328449204726128,2.315
2026-07-29T07:46:22.341363+00:00,1,BOTH,690.0,50.0,529.0,21471,0.012391370506957173,2.366577441438431,2.326
2026-07-29T07:46:22.391142+00:00,1,BOTH,689.0,49.0,529.0,22274,-0.019876895018387585,-3.796207314594065,2.315
2026-07-29T07:46:22.457935+00:00,1,BOTH,690.0,50.0,529.0,21395,-0.004966678107157349,-0.9485656458004685,2.326
2026-07-29T07:46:22.507945+00:00,1,BOTH,690.5,50.5,529.1,21490,0.024060163507238032,4.595152744531399,2.343
2026-07-29T07:46:22.558037+00:00,1,BOTH,690.0,50.0,529.1,21256,0.013070906375942286,2.496359232507104,2.343
2026-07-29T07:46:22.624611+00:00,1,BOTH,690.5,50.5,529.4,21160,0.00038158260053023697,0.07287690848669676,2.353
2026-07-29T07:46:22.691293+00:00,1,BOTH,689.5,49.5,529.2,21466,-0.015267058878671379,-2.915793464418671,2.34
2026-07-29T07:46:22.758230+00:00,1,BOTH,689.5,49.5,529.3,21505,0.004937614498194307,0.9430149053637986,2.332
2026-07-29T07:46:22.824714+00:00,1,BOTH,690.0,50.0,529.2,21538,0.009830764969810843,1.8775378071840514,2.337
2026-07-29T07:46:22.891465+00:00,1,BOTH,690.0,50.0,529.2,21206,-0.02143651179620065,-4.094072178015669,2.34
2026-07-29T07:46:22.941484+00:00,1,BOTH,689.5,49.5,529.2,21417,-0.0035376263549551368,-0.6756368654439288,2.332
2026-07-29T07:46:22.958017+00:00,1,BOTH,689.5,49.5,529.3,21816,-0.016587559673935173,-3.1679905391262846,2.327
2026-07-29T07:46:23.074748+00:00,1,BOTH,689.0,49.0,529.2,21963,-0.01767683854792267,-3.3760274797671053,2.315
2026-07-29T07:46:23.108016+00:00,1,BOTH,689.5,49.5,529.1,21797,0.030570048838853836,5.838449259917092,2.317
2026-07-29T07:46:23.158150+00:00,1,BOTH,689.5,49.5,529.2,21325,-0.04382913703098893,-8.37074857192071,2.318
2026-07-29T07:46:23.208314+00:00,1,BOTH,689.0,49.0,528.9,21906,-0.029957252311287447,-5.721413744151004,2.31
2026-07-29T07:46:23.258309+00:00,1,BOTH,690.0,50.0,529.1,21310,-0.016153461863286794,-3.0850839643062136,2.323
2026-07-29T07:46:23.325035+00:00,1,BOTH,690.0,50.0,529.3,21257,0.021211514044553043,4.051100772784534,2.332
2026-07-29T07:46:23.408314+00:00,1,BOTH,689.5,49.5,529.6,20812,0.015426054769195617,2.946159442708547,2.327
2026-07-29T07:46:23.474944+00:00,1,BOTH,689.5,49.5,529.5,21699,-0.0027765031624585393,-0.5302730433786675,2.324
2026-07-29T07:46:23.524996+00:00,1,BOTH,690.0,50.0,529.6,21078,0.038098139697685836,7.2762087065907215,2.332
2026-07-29T07:46:23.608207+00:00,1,BOTH,689.0,49.0,529.7,22310,-0.030978891383856535,-5.916532434297233,2.318
2026-07-29T07:46:23.625053+00:00,1,BOTH,690.0,50.0,529.6,21102,0.09912221470964142,18.930948529506733,2.328
2026-07-29T07:46:23.741821+00:00,1,BOTH,689.5,49.5,529.8,21751,-0.03434124450199306,-6.558694577303482,2.325
2026-07-29T07:46:23.775537+00:00,1,BOTH,689.0,49.0,529.6,21344,-0.0060772250406444074,-1.1606644866004825,2.314
2026-07-29T07:46:23.825331+00:00,1,BOTH,690.0,50.0,529.5,21692,-0.0060772250406444074,-1.1606644866004825,2.326
2026-07-29T07:46:23.841587+00:00,1,BOTH,689.5,49.5,529.3,21477,0.0,0.0,2.324
2026-07-29T07:46:23.924933+00:00,1,RIGHT,262.71,-377.29,529.3,8419,0.00193858613492921,0.3702426791800749,-1.676
2026-07-29T07:46:23.975237+00:00,1,BOTH,690.5,50.5,529.5,20887,0.011306476222816855,2.159377895774741,-0.059
2026-07-29T07:46:24.041840+00:00,1,BOTH,690.0,50.0,529.6,20826,-0.015437158881686628,-2.948280171978458,0.902
2026-07-29T07:46:24.108488+00:00,1,BOTH,689.5,49.5,529.4,22052,0.033964147670194504,6.486674387537443,1.469
2026-07-29T07:46:24.175299+00:00,1,BOTH,690.0,50.0,529.5,21210,-0.013343732457142323,-2.5484651758199557,1.819
2026-07-29T07:46:24.241907+00:00,1,BOTH,689.5,49.5,529.5,21525,-0.023117573573254047,-4.415131327768742,2.02
2026-07-29T07:46:24.291949+00:00,1,BOTH,690.5,50.5,529.7,21329,-0.002572854340542108,-0.49137898338325814,2.159
2026-07-29T07:46:24.341948+00:00,1,BOTH,689.0,49.0,529.6,21536,-0.003269156519090757,-0.6243629037052657,2.214
2026-07-29T07:46:24.358709+00:00,1,BOTH,690.5,50.5,529.8,21026,0.062099115662276744,11.860057463144017,2.275
2026-07-29T07:46:24.441862+00:00,1,BOTH,690.0,50.0,529.8,20900,0.02679677652195096,5.11780733087681,2.303
2026-07-29T07:46:24.492002+00:00,1,BOTH,690.0,50.0,529.8,20847,0.005124554769281531,0.9787178672115635,2.319
2026-07-29T07:46:24.542476+00:00,1,BOTH,689.5,49.5,529.8,20984,-0.058498802735412025,-11.172448344358214,2.32
2026-07-29T07:46:24.608836+00:00,1,BOTH,689.5,49.5,529.7,21553,0.002924311038805172,0.5585022683568462,2.32
2026-07-29T07:46:24.642063+00:00,1,BOTH,690.0,50.0,529.8,21042,-0.04650670237955637,-8.882125884732009,2.329
2026-07-29T07:46:24.708848+00:00,1,BOTH,689.5,49.5,529.7,20886,0.0046961587015539406,0.8969002450755919,2.326
2026-07-29T07:46:24.758870+00:00,1,BOTH,689.0,49.0,529.6,21255,-0.030427078986540436,-5.811144029466537,2.314
2026-07-29T07:46:24.875535+00:00,1,BOTH,690.0,50.0,529.7,20801,0.005683448776835576,1.085458759971562,2.326
2026-07-29T07:46:24.925549+00:00,1,BOTH,690.0,50.0,529.7,21151,0.01655833605211228,3.1624092384844906,2.333
2026-07-29T07:46:25.025654+00:00,1,BOTH,690.0,50.0,530.0,21358,-0.006783329985337332,-1.2955205973478925,2.337
2026-07-29T07:46:25.042387+00:00,1,BOTH,690.5,50.5,530.1,21179,-0.014324754755944014,-2.7358266335851518,2.349
2026-07-29T07:46:25.142382+00:00,1,BOTH,690.5,50.5,530.2,21422,-0.006162840579636395,-1.1770158500837444,2.356
2026-07-29T07:46:25.208890+00:00,1,BOTH,689.0,49.0,529.9,21392,0.031319147143512964,5.981516497575003,2.333
2026-07-29T07:46:25.258898+00:00,1,BOTH,690.0,50.0,529.9,21130,-0.027813667585141956,-5.312019218028195,2.337
2026-07-29T07:46:25.275686+00:00,1,BOTH,689.0,49.0,529.8,21341,-0.002634560881124344,-0.5031640645289743,2.321
2026-07-29T07:46:25.358973+00:00,1,BOTH,688.5,48.5,529.7,21181,-0.034064518592786044,-6.505843821705208,2.302
2026-07-29T07:46:25.392479+00:00,1,BOTH,690.0,50.0,529.8,20971,-0.001590075885760598,-0.30368212453202764,2.319
2026-07-29T07:46:25.425742+00:00,1,BOTH,689.0,49.0,529.6,21365,-0.001590075885760598,-0.30368212453202764,2.31
2026-07-29T07:46:25.442466+00:00,1,BOTH,690.0,50.0,529.5,21858,-0.03617169718258083,-6.908285287957107,2.323
2026-07-29T07:46:25.492111+00:00,1,RIGHT,266.51,-373.49,529.5,9428,0.03645738383289426,6.962847419044406,-1.677
2026-07-29T07:46:25.575882+00:00,1,BOTH,689.0,49.0,529.6,21200,0.059746855916455385,11.410808943963753,-0.087
2026-07-29T07:46:25.642515+00:00,1,BOTH,689.0,49.0,529.7,21386,-0.04026738340035081,-7.690503736250838,0.866
2026-07-29T07:46:25.709277+00:00,1,BOTH,690.0,50.0,529.5,20953,0.02792104850988835,5.332527463988796,1.457
2026-07-29T07:46:25.775872+00:00,1,BOTH,690.0,50.0,529.6,21182,-0.005555853983387351,-1.0610899494634727,1.812
2026-07-29T07:46:25.825894+00:00,1,BOTH,689.0,49.0,529.3,21787,0.020833178558386862,3.9788440174600264,2.006
2026-07-29T07:46:25.859282+00:00,1,BOTH,689.5,49.5,529.5,20970,-0.00716767595615238,-1.368925270683094,2.132
2026-07-29T07:46:25.926112+00:00,1,BOTH,689.0,49.0,529.4,21707,-0.0236517537466716,-4.517152225890049,2.198
2026-07-29T07:46:25.992528+00:00,1,BOTH,690.0,50.0,529.5,20940,0.017732056798413397,3.3865733887844884,2.256
2026-07-29T07:46:26.059325+00:00,1,BOTH,688.5,48.5,529.5,21702,-0.050288227144628765,-9.604343915274837,2.263
2026-07-29T07:46:26.109160+00:00,1,BOTH,690.0,50.0,529.4,21001,-0.00664961009286344,-1.2699819790955684,2.295
2026-07-29T07:46:26.176182+00:00,1,BOTH,690.0,50.0,529.3,21031,0.0,0.0,2.315
2026-07-29T07:46:26.225945+00:00,1,RIGHT,265.66,-374.34,529.3,9394,0.0,0.0,-1.685
2026-07-29T07:46:26.275939+00:00,1,RIGHT,268.66,-371.34,529.3,9820,0.03185889629647136,6.084600992442593,-5.685
2026-07-29T07:46:26.359458+00:00,1,BOTH,689.5,49.5,529.4,21966,0.0035714743984863163,0.682101365574301,-2.483
2026-07-29T07:46:26.409444+00:00,1,BOTH,689.5,49.5,529.2,21182,-0.05397915252484381,-10.309258737888307,-0.562
2026-07-29T07:46:26.459501+00:00,1,BOTH,689.5,49.5,529.3,21145,-0.027126006484031677,-5.180685621931734,0.591
2026-07-29T07:46:26.509490+00:00,1,BOTH,690.0,50.0,529.4,21116,0.025815165435778907,4.930333423007107,1.292
2026-07-29T07:46:26.576491+00:00,1,BOTH,690.0,50.0,529.5,21055,-0.013584384799469263,-2.5944263876375264,1.713
2026-07-29T07:46:26.659553+00:00,1,BOTH,689.5,49.5,529.5,21238,-0.030362414706032723,-5.798794061605397,1.956
