timestamp,lane_valid,side,lane_center_x,error_px,half_width,pixel_count,speed_mps,motor_rpm,steering_deg
2026-07-29T07:01:02.286935+00:00,1,NONE,0.0,0.0,512.0,0,-0.004721700962400064,-0.9017784575612755,0.0
2026-07-29T07:01:03.087924+00:00,1,NONE,0.0,0.0,512.0,0,-9.843600128078832e-06,-0.0018799891418445124,0.0
2026-07-29T07:01:03.805336+00:00,1,NONE,0.0,0.0,512.0,0,-9.843600128078832e-06,-0.0018799891418445124,0.0
2026-07-29T07:01:03.822127+00:00,0,NONE,0.0,0.0,512.0,0,3.292764304205775e-05,0.006288716585410734,0.0
2026-07-29T07:01:03.872049+00:00,0,NONE,0.0,0.0,512.0,0,4.573807585984468e-05,0.008735329032727647,0.0
2026-07-29T07:01:03.922165+00:00,0,NONE,0.0,0.0,512.0,0,8.070941199548542e-05,0.015414362247746182,0.0
2026-07-29T07:01:03.938727+00:00,0,NONE,0.0,0.0,512.0,0,2.3687965585850177e-05,0.004524068177734512,0.0
2026-07-29T07:01:04.005545+00:00,0,NONE,0.0,0.0,512.0,0,5.981414697089349e-05,0.01142366058869138,0.0
2026-07-29T07:01:04.055558+00:00,0,NONE,0.0,0.0,512.0,0,6.91543350694701e-05,0.013207505115047253,0.0
2026-07-29T07:01:04.122550+00:00,0,NONE,0.0,0.0,512.0,0,0.0,0.0,0.0
2026-07-29T07:01:04.138982+00:00,0,NONE,0.0,0.0,512.0,0,-0.025092024524710724,-4.792223682348934,0.0
2026-07-29T07:01:04.222584+00:00,0,NONE,0.0,0.0,512.0,0,-0.0031039762689033523,-0.592815799723088,0.0
2026-07-29T07:01:04.239247+00:00,0,NONE,0.0,0.0,512.0,0,-0.0036674172690254634,-0.7004251040951782,0.0
2026-07-29T07:01:04.305911+00:00,0,NONE,0.0,0.0,512.0,0,-0.0062277034284488764,-1.189403741697579,0.0
2026-07-29T07:01:04.356021+00:00,0,NONE,0.0,0.0,512.0,0,-0.011348673297034111,-2.1674369433095717,0.0
2026-07-29T07:01:04.423017+00:00,0,NONE,0.0,0.0,512.0,0,-0.0009335246909176931,-0.17829008286946157,0.0
2026-07-29T07:01:04.472821+00:00,0,NONE,0.0,0.0,512.0,0,-0.007014993371849414,-1.33976504506406,0.0
2026-07-29T07:01:04.539452+00:00,0,NONE,0.0,0.0,512.0,0,-0.01621287135320017,-3.096430341089752,0.0
2026-07-29T07:01:04.606427+00:00,0,NONE,0.0,0.0,512.0,0,-0.006204115345044556,-1.184898749611345,0.0
2026-07-29T07:01:04.622903+00:00,0,NONE,0.0,0.0,512.0,0,0.008332718994352036,1.5914321008162242,0.0
2026-07-29T07:01:04.706405+00:00,0,NONE,0.0,0.0,512.0,0,-0.01270910398423439,-2.4272600656317653,0.0
2026-07-29T07:01:04.773032+00:00,0,NONE,0.0,0.0,512.0,0,-0.02557207195670344,-4.883905988413186,0.0
2026-07-29T07:01:04.823047+00:00,0,NONE,0.0,0.0,512.0,0,0.0037713118406827563,0.7202675056627862,0.0
2026-07-29T07:01:04.889888+00:00,0,NONE,0.0,0.0,512.0,0,-0.009379560986999422,-1.7913641941354257,0.0
2026-07-29T07:01:04.939877+00:00,0,NONE,0.0,0.0,512.0,0,-0.009379560986999422,-1.7913641941354257,0.0
2026-07-29T07:01:04.956590+00:00,0,NONE,0.0,0.0,512.0,0,-0.005982060186652234,-1.1424893382947148,0.0
2026-07-29T07:01:04.989859+00:00,0,NONE,0.0,0.0,512.0,0,0.003378383351791854,0.6452236921164469,0.0
2026-07-29T07:01:05.023356+00:00,0,NONE,0.0,0.0,512.0,0,0.004132331568798691,0.789217194802798,0.0
2026-07-29T07:01:05.140145+00:00,0,NONE,0.0,0.0,512.0,0,0.012640946504252498,2.4142429458143995,0.0
2026-07-29T07:01:05.157042+00:00,0,NONE,0.0,0.0,512.0,0,0.008940591039136052,1.7075271096499292,0.0
2026-07-29T07:01:05.190199+00:00,0,NONE,0.0,0.0,512.0,0,-0.00546775274342508,-1.0442638520644478,0.0
2026-07-29T07:01:05.323692+00:00,0,NONE,0.0,0.0,512.0,0,-0.0056639020959846674,-1.0817256189174078,0.0
2026-07-29T07:01:05.407777+00:00,0,NONE,0.0,0.0,512.0,0,-0.0022564156088992603,-0.43094363739123137,0.0
2026-07-29T07:01:05.457309+00:00,0,NONE,0.0,0.0,512.0,0,0.0010260241766809487,0.19595618334067819,0.0
2026-07-29T07:01:05.523751+00:00,0,NONE,0.0,0.0,512.0,0,-0.020489844192306917,-3.913271983666091,0.0
2026-07-29T07:01:05.573970+00:00,0,NONE,0.0,0.0,512.0,0,-0.00454316048999317,-0.8676797390906524,0.0
2026-07-29T07:01:05.607262+00:00,0,NONE,0.0,0.0,512.0,0,0.004919891087556607,0.9396299832700739,0.0
2026-07-29T07:01:05.674008+00:00,0,NONE,0.0,0.0,512.0,0,0.0,0.0,0.0
2026-07-29T07:01:05.690796+00:00,0,NONE,0.0,0.0,512.0,0,4.3361682764953e-05,0.008281471383389897,0.0
2026-07-29T07:01:05.740724+00:00,0,NONE,0.0,0.0,512.0,0,0.018722425550222396,3.5757198875854717,0.0
2026-07-29T07:01:05.807605+00:00,0,NONE,0.0,0.0,512.0,0,0.008199142177181784,1.565920807934071,0.0
2026-07-29T07:01:05.857639+00:00,0,NONE,0.0,0.0,512.0,0,-0.003968695632211166,-0.7579650329923461,0.0
2026-07-29T07:01:05.924331+00:00,0,NONE,0.0,0.0,512.0,0,-0.0022441403566335794,-0.42859923690029167,0.0
2026-07-29T07:01:06.024490+00:00,0,NONE,0.0,0.0,512.0,0,0.0030720737206866035,0.5867228618279803,0.0
2026-07-29T07:01:06.091212+00:00,0,NONE,0.0,0.0,512.0,0,0.0011642455282890297,0.22235451695980096,0.0
2026-07-29T07:01:06.124532+00:00,0,NONE,0.0,0.0,512.0,0,0.00042161948989814845,0.08052339110540851,0.0
2026-07-29T07:01:06.141312+00:00,0,NONE,0.0,0.0,512.0,0,-0.007009473314756178,-1.3387107918170142,0.0
2026-07-29T07:01:06.224891+00:00,0,NONE,0.0,0.0,512.0,0,0.0030842908963313676,0.5890561705013636,0.0
2026-07-29T07:01:06.274821+00:00,0,NONE,0.0,0.0,512.0,0,-0.008141132720047607,-1.554841817715293,0.0
2026-07-29T07:01:06.325127+00:00,0,NONE,0.0,0.0,512.0,0,-0.001173846031379071,-0.2241880779873399,0.0
2026-07-29T07:01:06.358243+00:00,0,NONE,0.0,0.0,512.0,0,-0.001173846031379071,-0.2241880779873399,0.0
2026-07-29T07:01:06.408084+00:00,0,NONE,0.0,0.0,512.0,0,0.004015760903566843,0.766953837693407,0.0
2026-07-29T07:01:06.491644+00:00,0,NONE,0.0,0.0,512.0,0,-0.006350321127279131,-1.2128219971528449,0.0
2026-07-29T07:01:06.508578+00:00,0,NONE,0.0,0.0,512.0,0,0.0022820095351198688,0.4358317172365983,0.0
2026-07-29T07:01:06.591716+00:00,0,NONE,0.0,0.0,512.0,0,0.0020113931615196633,0.3841477969885074,0.0
2026-07-29T07:01:06.608387+00:00,0,NONE,0.0,0.0,512.0,0,0.0029530406661797317,0.5639892230086655,0.0
2026-07-29T07:01:06.675290+00:00,0,NONE,0.0,0.0,512.0,0,-0.0015968598485051188,-0.3049777659774778,0.0
2026-07-29T07:01:06.691800+00:00,0,NONE,0.0,0.0,512.0,0,0.0008924289342394331,0.17044137149092534,0.0
2026-07-29T07:01:06.725327+00:00,0,NONE,0.0,0.0,512.0,0,-0.01277869364246726,-2.44055071134677,0.0
2026-07-29T07:01:06.775302+00:00,0,NONE,0.0,0.0,512.0,0,5.657902511302381e-05,0.010805797826469867,0.0
2026-07-29T07:01:06.842058+00:00,0,NONE,0.0,0.0,512.0,0,3.6506626638583836e-05,0.006972252102169057,0.0
2026-07-29T07:01:06.892025+00:00,0,NONE,0.0,0.0,512.0,0,2.7444901352282614e-05,0.005241590055462266,0.0
2026-07-29T07:01:06.908848+00:00,0,NONE,0.0,0.0,512.0,0,-0.0016322791986749508,-0.3117423635702356,0.0
2026-07-29T07:01:06.942069+00:00,0,NONE,0.0,0.0,512.0,0,1.3159411173546687e-06,0.00025132624037384096,0.0
2026-07-29T07:01:06.992422+00:00,0,NONE,0.0,0.0,512.0,0,-0.0006441995647037402,-0.12303305407229703,0.0
2026-07-29T07:01:07.092306+00:00,0,NONE,0.0,0.0,512.0,0,7.95380401541479e-06,0.0015190646705249152,0.0
2026-07-29T07:01:07.175774+00:00,0,NONE,0.0,0.0,512.0,0,2.1283423266140744e-05,0.004064834422468021,0.0
2026-07-29T07:01:07.225828+00:00,0,NONE,0.0,0.0,512.0,0,-7.369447193923406e-06,-0.0014074607385211292,0.0
2026-07-29T07:01:07.259348+00:00,0,NONE,0.0,0.0,512.0,0,-7.369447193923406e-06,-0.0014074607385211292,0.0
2026-07-29T07:01:07.325784+00:00,0,NONE,0.0,0.0,512.0,0,-7.369447193923406e-06,-0.0014074607385211292,0.0
2026-07-29T07:01:07.392753+00:00,0,NONE,0.0,0.0,512.0,0,-7.369447193923406e-06,-0.0014074607385211292,0.0
2026-07-29T07:01:07.442593+00:00,0,NONE,0.0,0.0,512.0,0,-0.006171652931370773,-1.1786988852902933,0.0
2026-07-29T07:01:07.509469+00:00,0,NONE,0.0,0.0,512.0,0,2.7274335734546186e-05,0.005209014422041135,0.0
2026-07-29T07:01:07.542733+00:00,0,NONE,0.0,0.0,512.0,0,1.1994548840448259e-05,0.002290790085737402,0.0
2026-07-29T07:01:07.609541+00:00,0,NONE,0.0,0.0,512.0,0,0.0001558667398057878,0.0297683545244513,0.0
2026-07-29T07:01:07.659757+00:00,0,NONE,0.0,0.0,512.0,0,3.17443540552631e-05,0.006062725035785251,0.0
2026-07-29T07:01:07.709656+00:00,0,NONE,0.0,0.0,512.0,0,-0.001510295703715201,-0.2884452321320722,0.0
2026-07-29T07:01:07.726390+00:00,0,NONE,0.0,0.0,512.0,0,0.00010609825985739008,0.020263275011702452,0.0
2026-07-29T07:01:07.826441+00:00,0,NONE,0.0,0.0,512.0,0,2.2860201352159492e-05,0.004365976854326655,0.0
2026-07-29T07:01:07.859691+00:00,0,NONE,0.0,0.0,512.0,0,0.007049507269694004,1.346356714000862,0.0
2026-07-29T07:01:07.893358+00:00,0,NONE,0.0,0.0,512.0,0,-0.0016786163834331092,-0.3205921139741036,0.0
2026-07-29T07:01:07.976559+00:00,0,NONE,0.0,0.0,512.0,0,0.0032682872805162334,0.6241968913662318,0.0
2026-07-29T07:01:08.043342+00:00,0,NONE,0.0,0.0,512.0,0,0.004536539601831464,0.8664152425963395,0.0
2026-07-29T07:01:08.060040+00:00,0,NONE,0.0,0.0,512.0,0,1.6658115782774936e-07,3.1814657633108984e-05,0.0
2026-07-29T07:01:08.143385+00:00,0,NONE,0.0,0.0,512.0,0,0.004071562984245247,0.7776112500631438,0.0
2026-07-29T07:01:08.176745+00:00,0,NONE,0.0,0.0,512.0,0,2.2306495229713614e-05,0.004260226774637646,0.0
2026-07-29T07:01:08.210213+00:00,0,NONE,0.0,0.0,512.0,0,2.2306495229713614e-05,0.004260226774637646,0.0
2026-07-29T07:01:08.227804+00:00,0,NONE,0.0,0.0,512.0,0,-0.000960707411131807,-0.1834816000159738,0.0
2026-07-29T07:01:08.310360+00:00,0,NONE,0.0,0.0,512.0,0,-1.3213721977081149e-05,-0.0025236350031533727,0.0
2026-07-29T07:01:08.360404+00:00,0,NONE,0.0,0.0,512.0,0,9.61828976869583e-05,0.018369580329337727,0.0
2026-07-29T07:01:08.427040+00:00,0,NONE,0.0,0.0,512.0,0,-0.008933942351141012,-1.7062573037785458,0.0
2026-07-29T07:01:08.493859+00:00,0,NONE,0.0,0.0,512.0,0,0.0003261292690876871,0.06228610231470272,0.0
2026-07-29T07:01:08.560391+00:00,0,NONE,0.0,0.0,512.0,0,6.517109315609559e-05,0.012446761946994005,0.0
2026-07-29T07:01:08.627349+00:00,0,NONE,0.0,0.0,512.0,0,1.9717128889169544e-05,0.0037656942315496132,0.0
2026-07-29T07:01:08.694236+00:00,0,NONE,0.0,0.0,512.0,0,8.190370081138097e-06,0.0015642454609981152,0.0
2026-07-29T07:01:08.744083+00:00,0,NONE,0.0,0.0,512.0,0,0.002881547040087753,0.5503349462181429,0.0
2026-07-29T07:01:08.794167+00:00,0,NONE,0.0,0.0,512.0,0,-1.1748403776437045e-05,-0.0022437798413513354,0.0
2026-07-29T07:01:08.860819+00:00,0,NONE,0.0,0.0,512.0,0,-0.01690129020746099,-3.2279086573776743,0.0
2026-07-29T07:01:08.927636+00:00,0,NONE,0.0,0.0,512.0,0,2.0049174054292962e-05,0.0038291101867806016,0.0
2026-07-29T07:01:08.961782+00:00,0,NONE,0.0,0.0,512.0,0,2.0049174054292962e-05,0.0038291101867806016,0.0
2026-07-29T07:01:09.027781+00:00,0,NONE,0.0,0.0,512.0,0,0.0070662046209326946,1.3495456731842772,0.0
2026-07-29T07:01:09.044421+00:00,0,NONE,0.0,0.0,512.0,0,0.023678024120308692,4.522169497675506,0.0
2026-07-29T07:01:09.127890+00:00,0,NONE,0.0,0.0,512.0,0,0.010447015054960502,1.9952329038628949,0.0
2026-07-29T07:01:09.177875+00:00,0,NONE,0.0,0.0,512.0,0,0.003838030178885674,0.7330097696466317,0.0
2026-07-29T07:01:09.244735+00:00,0,NONE,0.0,0.0,512.0,0,0.002507221518389997,0.4788440376937625,0.0
2026-07-29T07:01:09.295108+00:00,0,NONE,0.0,0.0,512.0,0,-0.011920175621053204,-2.276585847136945,0.0
2026-07-29T07:01:09.378007+00:00,0,NONE,0.0,0.0,512.0,0,0.008599796863709343,1.6424402165346248,0.0
2026-07-29T07:01:09.428163+00:00,0,NONE,0.0,0.0,512.0,0,-0.014346678607835202,-2.7400137808652687,0.0
2026-07-29T07:01:09.461534+00:00,0,NONE,0.0,0.0,512.0,0,-0.0032214041621227807,-0.6152428753183751,0.0
2026-07-29T07:01:09.528207+00:00,0,NONE,0.0,0.0,512.0,0,2.180468181904871e-06,0.0004164387472857099,0.0
2026-07-29T07:01:09.578356+00:00,0,NONE,0.0,0.0,512.0,0,0.007005766517031589,1.338002845599922,0.0
2026-07-29T07:01:09.628195+00:00,0,NONE,0.0,0.0,512.0,0,-0.017166085762110015,-3.278480883095057,0.0
2026-07-29T07:01:09.678511+00:00,0,NONE,0.0,0.0,512.0,0,0.0014118862092436758,0.26965040314129085,0.0
2026-07-29T07:01:09.745044+00:00,0,NONE,0.0,0.0,512.0,0,0.012982818221207709,2.479535634202482,0.0
2026-07-29T07:01:09.761879+00:00,0,NONE,0.0,0.0,512.0,0,0.005137524219899206,0.9811948498215505,0.0
2026-07-29T07:01:09.829586+00:00,0,NONE,0.0,0.0,512.0,0,-0.0027430427307263017,-0.5238825716488581,0.0
2026-07-29T07:01:09.878598+00:00,0,NONE,0.0,0.0,512.0,0,0.0023897687214775943,0.4564122058434696,0.0
2026-07-29T07:01:09.895204+00:00,0,NONE,0.0,0.0,512.0,0,0.0023897687214775943,0.4564122058434696,0.0
2026-07-29T07:01:09.928609+00:00,0,NONE,0.0,0.0,512.0,0,-0.0020550542869023046,-0.39248645769923024,0.0
2026-07-29T07:01:10.012161+00:00,0,NONE,0.0,0.0,512.0,0,-8.817268259008416e-05,-0.016839741935861515,0.0
2026-07-29T07:01:10.062019+00:00,0,NONE,0.0,0.0,512.0,0,5.491525749675929e-05,0.010488041618128205,0.0
2026-07-29T07:01:10.078965+00:00,0,NONE,0.0,0.0,512.0,0,-0.0028766507923137395,-0.5493998317751386,0.0
2026-07-29T07:01:10.162258+00:00,0,NONE,0.0,0.0,512.0,0,3.2745711760071575e-05,0.00625397027001336,0.0
2026-07-29T07:01:10.195662+00:00,0,NONE,0.0,0.0,512.0,0,4.096613745787181e-05,0.00782395593096282,0.0
2026-07-29T07:01:10.278950+00:00,0,NONE,0.0,0.0,512.0,0,-0.0802806515013799,-15.332475025298884,0.0
2026-07-29T07:01:10.345537+00:00,0,NONE,0.0,0.0,512.0,0,0.05468205224489793,10.443502695821733,0.0
2026-07-29T07:01:10.412510+00:00,0,NONE,0.0,0.0,512.0,0,0.028020478661637753,5.35151722416075,0.0
2026-07-29T07:01:10.479224+00:00,0,NONE,0.0,0.0,512.0,0,-0.04608206899370998,-8.80102688190085,0.0
2026-07-29T07:01:10.496128+00:00,0,NONE,0.0,0.0,512.0,0,0.006143987110408489,1.1734151026972819,0.0
2026-07-29T07:01:10.579252+00:00,0,NONE,0.0,0.0,512.0,0,-0.044349604598246516,-8.47015055517838,0.0
2026-07-29T07:01:10.596006+00:00,0,NONE,0.0,0.0,512.0,0,-0.007042818115733099,-1.3450791796992851,0.0
2026-07-29T07:01:10.697545+00:00,0,NONE,0.0,0.0,512.0,0,0.013177380214037838,2.5166942376785517,0.0
2026-07-29T07:01:10.713273+00:00,0,NONE,0.0,0.0,512.0,0,-0.0035104811478595364,-0.6704525127753072,0.0
2026-07-29T07:01:10.796317+00:00,0,NONE,0.0,0.0,512.0,0,-0.03555272734491154,-6.790070756809282,0.0
2026-07-29T07:01:10.846256+00:00,0,NONE,0.0,0.0,512.0,0,0.05400221404270269,10.313663163363238,0.0
2026-07-29T07:01:10.912931+00:00,0,NONE,0.0,0.0,512.0,0,0.07340713106794283,14.019729321189292,0.0
2026-07-29T07:01:10.979770+00:00,0,NONE,0.0,0.0,512.0,0,-0.026554338802816345,-5.071505137206172,0.0
2026-07-29T07:01:10.996283+00:00,0,NONE,0.0,0.0,512.0,0,-0.0130779849398823,-2.497711138636358,0.0
2026-07-29T07:01:11.096390+00:00,0,NONE,0.0,0.0,512.0,0,0.04910907479468733,9.379142405092914,0.0
2026-07-29T07:01:11.129900+00:00,0,NONE,0.0,0.0,512.0,0,-0.015147230924849282,-2.892908011013022,0.0
2026-07-29T07:01:11.179971+00:00,0,NONE,0.0,0.0,512.0,0,-0.022577483382774516,-4.31198169953243,0.0
2026-07-29T07:01:11.246765+00:00,0,NONE,0.0,0.0,512.0,0,0.006949679474128061,1.3272910094541175,0.0
2026-07-29T07:01:11.296690+00:00,0,NONE,0.0,0.0,512.0,0,0.04024741229135543,7.686689535392067,0.0
2026-07-29T07:01:11.346744+00:00,0,NONE,0.0,0.0,512.0,0,-0.012223049906897359,-2.334430574809975,0.0
2026-07-29T07:01:11.396786+00:00,0,NONE,0.0,0.0,512.0,0,0.006809748312225566,1.3005661261228685,0.0
2026-07-29T07:01:11.446863+00:00,0,NONE,0.0,0.0,512.0,0,-0.013119758270258899,-2.5056892570589744,0.0
2026-07-29T07:01:11.463475+00:00,0,NONE,0.0,0.0,512.0,0,0.02924733833206119,5.5858301613943295,0.0
2026-07-29T07:01:11.530312+00:00,0,NONE,0.0,0.0,512.0,0,0.0072256464039674026,1.3799968106707083,0.0
2026-07-29T07:01:11.580364+00:00,0,NONE,0.0,0.0,512.0,0,0.016536146303114948,3.158171308597818,0.0
2026-07-29T07:01:11.596993+00:00,0,NONE,0.0,0.0,512.0,0,0.010580818461312447,2.0207874720910297,0.0
2026-07-29T07:01:11.680298+00:00,0,NONE,0.0,0.0,512.0,0,0.00401691100676544,0.7671734912243541,0.0
2026-07-29T07:01:11.730500+00:00,0,NONE,0.0,0.0,512.0,0,-0.006565200748445932,-1.2538609818069373,0.0
2026-07-29T07:01:11.747086+00:00,0,NONE,0.0,0.0,512.0,0,0.030349051529483403,5.7962418828815165,0.0
2026-07-29T07:01:11.830588+00:00,0,NONE,0.0,0.0,512.0,0,-0.07006468827836215,-13.381369770832938,0.0
2026-07-29T07:01:11.864014+00:00,0,NONE,0.0,0.0,512.0,0,0.02897514579060953,5.533845215260597,0.0
2026-07-29T07:01:11.880581+00:00,0,NONE,0.0,0.0,512.0,0,-0.028636545320623555,-5.469177289022789,0.0
2026-07-29T07:01:11.980834+00:00,0,NONE,0.0,0.0,512.0,0,0.012961988731331076,2.4755574946713437,0.0
2026-07-29T07:01:12.030759+00:00,0,NONE,0.0,0.0,512.0,0,-0.006123308406677097,-1.1694657611985815,0.0
2026-07-29T07:01:12.114219+00:00,0,NONE,0.0,0.0,512.0,0,0.028666381464572625,5.474875572773543,0.0
2026-07-29T07:01:12.164218+00:00,0,NONE,0.0,0.0,512.0,0,-0.010891063411982031,-2.080039893053068,0.0
2026-07-29T07:01:12.214329+00:00,0,NONE,0.0,0.0,512.0,0,1.5271674783434722e-06,0.00029166750372905837,0.0
2026-07-29T07:01:12.264388+00:00,0,NONE,0.0,0.0,512.0,0,-0.028228471222828375,-5.3912408772485465,0.0
2026-07-29T07:01:12.364348+00:00,0,NONE,0.0,0.0,512.0,0,0.015153155625193903,2.894039545428443,0.0
2026-07-29T07:01:12.414738+00:00,0,NONE,0.0,0.0,512.0,0,0.0016655010711110663,0.318087273830607,0.0
2026-07-29T07:01:12.497857+00:00,0,NONE,0.0,0.0,512.0,0,0.006999354398503783,1.3367782211686523,0.0
2026-07-29T07:01:12.532224+00:00,0,NONE,0.0,0.0,512.0,0,-2.174331712012645e-05,-0.004152667678659311,0.0
2026-07-29T07:01:12.614562+00:00,0,NONE,0.0,0.0,512.0,0,-0.032245411785843316,-6.1584200133007485,0.0
2026-07-29T07:01:12.664755+00:00,0,NONE,0.0,0.0,512.0,0,-0.022578334712889045,-4.312144291607545,0.0
2026-07-29T07:01:12.748278+00:00,0,NONE,0.0,0.0,512.0,0,0.03857333752093837,7.366964805611301,0.0
2026-07-29T07:01:12.814884+00:00,0,NONE,0.0,0.0,512.0,0,-0.05082190828979947,-9.70626950602147,0.0
2026-07-29T07:01:12.914884+00:00,0,NONE,0.0,0.0,512.0,0,0.04682140327990055,8.942229329394305,0.0
2026-07-29T07:01:13.015170+00:00,0,NONE,0.0,0.0,512.0,0,-0.026057456611888484,-4.976607629021572,0.0
2026-07-29T07:01:13.098528+00:00,0,NONE,0.0,0.0,512.0,0,0.03301121337804944,6.304677343893446,0.0
2026-07-29T07:01:13.115182+00:00,0,NONE,0.0,0.0,512.0,0,0.03126345535478322,5.970880149415841,0.0
2026-07-29T07:01:13.165202+00:00,0,NONE,0.0,0.0,512.0,0,0.03182514420215739,6.078154817262867,0.0
2026-07-29T07:01:13.215160+00:00,0,NONE,0.0,0.0,512.0,0,-0.046963769356952983,-8.9694192472641,0.0
2026-07-29T07:01:13.231971+00:00,0,NONE,0.0,0.0,512.0,0,-0.008315477805699628,-1.5881392763376518,0.0
2026-07-29T07:01:13.265150+00:00,0,NONE,0.0,0.0,512.0,0,0.024930132164736277,4.761304519142438,0.0
2026-07-29T07:01:13.315260+00:00,0,NONE,0.0,0.0,512.0,0,0.0009353250966523774,0.17863393503615677,0.0
2026-07-29T07:01:13.382189+00:00,0,NONE,0.0,0.0,512.0,0,-0.011848344262980391,-2.2628670682893945,0.0
2026-07-29T07:01:13.433071+00:00,0,NONE,0.0,0.0,512.0,0,-0.008075848017178942,-1.5423733579114924,0.0
2026-07-29T07:01:13.498851+00:00,0,NONE,0.0,0.0,512.0,0,-0.06412717637838795,-12.247388528575524,0.0
2026-07-29T07:01:13.549018+00:00,0,NONE,0.0,0.0,512.0,0,0.012306034466892015,2.3502794583181217,0.0
2026-07-29T07:01:13.615784+00:00,0,NONE,0.0,0.0,512.0,0,0.051422677469672634,9.821007967582364,0.0
2026-07-29T07:01:13.682511+00:00,0,NONE,0.0,0.0,512.0,0,0.024258070652722383,4.632950225103849,0.0
2026-07-29T07:01:13.732550+00:00,0,NONE,0.0,0.0,512.0,0,0.004067915588238975,0.7769146487385696,0.0
2026-07-29T07:01:13.799161+00:00,0,NONE,0.0,0.0,512.0,0,0.015296846501587424,2.921482481334726,0.0
2026-07-29T07:01:13.832616+00:00,0,NONE,0.0,0.0,512.0,0,-0.0011631860639317892,-0.2221521741724196,0.0
2026-07-29T07:01:13.899287+00:00,0,NONE,0.0,0.0,512.0,0,-0.013289183936140035,-2.5380471757129164,0.0
2026-07-29T07:01:13.949150+00:00,0,NONE,0.0,0.0,512.0,0,-0.007834260950330645,-1.496233626860318,0.0
2026-07-29T07:01:13.966060+00:00,0,NONE,0.0,0.0,512.0,0,0.005424753506104025,1.036051602661855,0.0
2026-07-29T07:01:14.049255+00:00,0,NONE,0.0,0.0,512.0,0,-0.012647121037152828,-2.4154221947332446,0.0
2026-07-29T07:01:14.082670+00:00,0,NONE,0.0,0.0,512.0,0,-0.006524125812284183,-1.2460162468541456,0.0
2026-07-29T07:01:14.116206+00:00,0,NONE,0.0,0.0,512.0,0,-0.06587110296706669,-12.580453972948654,0.0
2026-07-29T07:01:14.182788+00:00,0,NONE,0.0,0.0,512.0,0,-0.002098642915370874,-0.40081127251927295,0.0
2026-07-29T07:01:14.232947+00:00,0,NONE,0.0,0.0,512.0,0,0.017125063848507125,3.270646274705071,0.0
2026-07-29T07:01:14.249727+00:00,0,NONE,0.0,0.0,512.0,0,0.009363749491312775,1.7883444208999784,0.0
2026-07-29T07:01:14.336783+00:00,0,NONE,0.0,0.0,512.0,0,-0.004777310845092871,-0.9123991628196603,0.0
2026-07-29T07:01:14.349769+00:00,0,NONE,0.0,0.0,512.0,0,0.03025041596032679,5.777403876806368,0.0
2026-07-29T07:01:14.433210+00:00,0,NONE,0.0,0.0,512.0,0,-0.05870849832019303,-11.212497250993145,0.0
2026-07-29T07:01:14.483723+00:00,0,NONE,0.0,0.0,512.0,0,0.014652158572280314,2.7983561564936394,0.0
2026-07-29T07:01:14.499929+00:00,0,NONE,0.0,0.0,512.0,0,0.003851319013920147,0.7355477501870346,0.0
2026-07-29T07:01:14.583593+00:00,0,NONE,0.0,0.0,512.0,0,0.009885673810495064,1.8880246232812588,0.0
2026-07-29T07:01:14.650115+00:00,0,NONE,0.0,0.0,512.0,0,-0.006325603233735819,-1.2081012272245601,0.0
2026-07-29T07:01:14.683320+00:00,0,NONE,0.0,0.0,512.0,0,0.016556515476986534,3.1620615342478517,0.0
2026-07-29T07:01:14.733436+00:00,0,NONE,0.0,0.0,512.0,0,0.0010520005806029075,0.20091731104619595,0.0
2026-07-29T07:01:14.816977+00:00,0,NONE,0.0,0.0,512.0,0,0.02655722680792678,5.072056705552973,0.0
2026-07-29T07:01:14.866704+00:00,0,NONE,0.0,0.0,512.0,0,0.004487279833701905,0.8570073198842835,0.0
2026-07-29T07:01:14.933711+00:00,0,NONE,0.0,0.0,512.0,0,-0.010852378135023173,-2.0726515493896107,0.0
2026-07-29T07:01:14.983565+00:00,0,NONE,0.0,0.0,512.0,0,0.004982777285331395,0.9516403623438082,0.0
2026-07-29T07:01:15.033566+00:00,0,NONE,0.0,0.0,512.0,0,0.016659812838188372,3.181789877020197,0.0
2026-07-29T07:01:15.100521+00:00,0,NONE,0.0,0.0,512.0,0,-0.012885841611896466,-2.461014466119071,0.0
2026-07-29T07:01:15.167150+00:00,0,NONE,0.0,0.0,512.0,0,0.01250435564914369,2.388156014088341,0.0
2026-07-29T07:01:15.217213+00:00,0,NONE,0.0,0.0,512.0,0,0.03806452915363479,7.269789565519844,0.0
2026-07-29T07:01:15.267333+00:00,0,NONE,0.0,0.0,512.0,0,-0.011662937966029858,-2.2274570739213453,0.0
2026-07-29T07:01:15.317279+00:00,0,NONE,0.0,0.0,512.0,0,-0.03208040615136269,-6.1269062584620215,0.0
2026-07-29T07:01:15.367420+00:00,0,NONE,0.0,0.0,512.0,0,0.015165198008762672,2.896339471274337,0.0
2026-07-29T07:01:15.450928+00:00,0,NONE,0.0,0.0,512.0,0,-0.0047482883401971775,-0.9068562726815904,0.0
2026-07-29T07:01:15.467496+00:00,0,NONE,0.0,0.0,512.0,0,0.07261705136508681,13.868835213013957,0.0
2026-07-29T07:01:15.534253+00:00,0,NONE,0.0,0.0,512.0,0,-0.021870291600062045,-4.176918018013238,0.0
2026-07-29T07:01:15.584351+00:00,0,NONE,0.0,0.0,512.0,0,-0.010898695515061263,-2.0814975173705643,0.0
2026-07-29T07:01:15.600847+00:00,0,NONE,0.0,0.0,512.0,0,0.018949869689531624,3.6191585184434856,0.0
2026-07-29T07:01:15.684416+00:00,0,NONE,0.0,0.0,512.0,0,-0.04785158531216439,-9.138979604657397,0.0
2026-07-29T07:01:15.751063+00:00,0,NONE,0.0,0.0,512.0,0,0.03333136679546442,6.365822142608676,0.0
2026-07-29T07:01:15.800982+00:00,0,NONE,0.0,0.0,512.0,0,-0.004194716105703264,-0.8011317637078318,0.0
2026-07-29T07:01:15.818011+00:00,0,NONE,0.0,0.0,512.0,0,-0.0018951336705504218,-0.36194386978558457,0.0
2026-07-29T07:01:15.867737+00:00,0,NONE,0.0,0.0,512.0,0,-3.584491161745973e-05,-0.006845873842332985,0.0
2026-07-29T07:01:15.934615+00:00,0,NONE,0.0,0.0,512.0,0,0.024160224868537625,4.614263056847401,0.0
2026-07-29T07:01:15.951212+00:00,0,NONE,0.0,0.0,512.0,0,0.014553661845275201,2.7795446673161557,0.0
2026-07-29T07:01:16.035695+00:00,0,NONE,0.0,0.0,512.0,0,0.0015066005534026773,0.2877395104068254,0.0
2026-07-29T07:01:16.084688+00:00,0,NONE,0.0,0.0,512.0,0,0.0015066005534026773,0.2877395104068254,0.0
2026-07-29T07:01:16.101436+00:00,0,NONE,0.0,0.0,512.0,0,-0.012678521746129262,-2.4214192883934724,0.0
2026-07-29T07:01:16.151421+00:00,0,NONE,0.0,0.0,512.0,0,-1.71164731727913e-05,-0.0032690055764994634,0.0
2026-07-29T07:01:16.201453+00:00,0,NONE,0.0,0.0,512.0,0,-1.0020454355981201e-05,-0.0019137658113373473,0.0
2026-07-29T07:01:16.219032+00:00,0,NONE,0.0,0.0,512.0,0,-1.709490898065269e-05,-0.0032648871191722916,0.0
2026-07-29T07:01:16.268211+00:00,0,NONE,0.0,0.0,512.0,0,0.03410100168199279,6.5128115784890275,0.0
2026-07-29T07:01:16.351484+00:00,0,NONE,0.0,0.0,512.0,0,-0.0034637494705384597,-0.6615274198417574,0.0
2026-07-29T07:01:16.401944+00:00,0,NONE,0.0,0.0,512.0,0,0.004419570008467417,0.8440756958259351,0.0
2026-07-29T07:01:16.468465+00:00,0,NONE,0.0,0.0,512.0,0,-5.323666905496793e-06,-0.0010167454840614586,0.0
2026-07-29T07:01:16.537339+00:00,0,NONE,0.0,0.0,512.0,0,-7.218110316898673e-05,-0.013785575240604373,0.0
2026-07-29T07:01:16.568625+00:00,0,NONE,0.0,0.0,512.0,0,3.3551751694176344e-05,0.0064079125578240465,0.0
2026-07-29T07:01:16.618558+00:00,0,NONE,0.0,0.0,512.0,0,3.3551751694176344e-05,0.0064079125578240465,0.0
2026-07-29T07:01:16.635152+00:00,0,NONE,0.0,0.0,512.0,0,-8.86192439793376e-06,-0.001692502887885392,0.0
2026-07-29T07:01:16.718767+00:00,0,NONE,0.0,0.0,512.0,0,-3.024648613063618e-05,-0.005776653334621444,0.0
2026-07-29T07:01:16.735442+00:00,0,NONE,0.0,0.0,512.0,0,-1.5892173214524517e-05,-0.0030351815082770317,0.0
2026-07-29T07:01:16.785342+00:00,0,NONE,0.0,0.0,512.0,0,-0.03760760925710201,-7.182524293363569,0.0
2026-07-29T07:01:16.852031+00:00,0,NONE,0.0,0.0,512.0,0,0.016070901330167545,3.069316063965937,0.0
2026-07-29T07:01:16.902123+00:00,0,NONE,0.0,0.0,512.0,0,-0.026476347895222716,-5.056609971054473,0.0
2026-07-29T07:01:16.952144+00:00,0,NONE,0.0,0.0,512.0,0,0.05144508461467922,9.825287417048413,0.0
2026-07-29T07:01:16.968898+00:00,0,NONE,0.0,0.0,512.0,0,0.012029416728473734,2.297449361818717,0.0
2026-07-29T07:01:17.002380+00:00,0,NONE,0.0,0.0,512.0,0,-6.501781695988028e-05,-0.012417488349850818,0.0
2026-07-29T07:01:17.035392+00:00,0,NONE,0.0,0.0,512.0,0,9.970762766897678e-06,0.0019042754168980666,0.0
2026-07-29T07:01:17.102320+00:00,0,NONE,0.0,0.0,512.0,0,-2.2058357717469335e-06,-0.0004212836000669403,0.0
2026-07-29T07:01:17.118967+00:00,0,NONE,0.0,0.0,512.0,0,6.50258723180741e-05,0.012419026809940725,0.0
2026-07-29T07:01:17.168927+00:00,0,NONE,0.0,0.0,512.0,0,-1.703855628875317e-05,-0.0032541245478054795,0.0
2026-07-29T07:01:17.185742+00:00,0,NONE,0.0,0.0,512.0,0,1.1746696836780757e-05,0.002243453839890706,0.0
2026-07-29T07:01:17.269167+00:00,0,NONE,0.0,0.0,512.0,0,1.3409864841378293e-05,0.0025610955308394846,0.0
2026-07-29T07:01:17.319289+00:00,0,NONE,0.0,0.0,512.0,0,-3.10407886718167e-05,-0.0059283539455086435,0.0
2026-07-29T07:01:17.369366+00:00,0,NONE,0.0,0.0,512.0,0,2.143073402748996e-05,0.004092968705475252,0.0
2026-07-29T07:01:17.436039+00:00,0,NONE,0.0,0.0,512.0,0,0.031145589444495272,5.948369418722617,0.0
2026-07-29T07:01:17.452727+00:00,0,NONE,0.0,0.0,512.0,0,0.027074956140713768,5.170935724549034,0.0
2026-07-29T07:01:17.536072+00:00,0,NONE,0.0,0.0,512.0,0,0.01606947698384829,3.069044033857076,0.0
2026-07-29T07:01:17.552818+00:00,0,NONE,0.0,0.0,512.0,0,-0.02761679834969982,-5.274419963672188,0.0
2026-07-29T07:01:17.619372+00:00,0,NONE,0.0,0.0,512.0,0,-3.1248346203938127e-06,-0.000596799451416434,0.0
2026-07-29T07:01:17.636157+00:00,0,NONE,0.0,0.0,512.0,0,-0.10135060185333714,-19.356539124356658,0.0
2026-07-29T07:01:17.736229+00:00,0,NONE,0.0,0.0,512.0,0,0.04103390765376389,7.836899084967458,0.0
2026-07-29T07:01:17.752962+00:00,0,NONE,0.0,0.0,512.0,0,0.042045228879287605,8.03004721148248,0.0
2026-07-29T07:01:17.802865+00:00,0,NONE,0.0,0.0,512.0,0,0.042045228879287605,8.03004721148248,0.0
2026-07-29T07:01:17.821192+00:00,0,NONE,0.0,0.0,512.0,0,-7.876754505559801e-05,-0.015043492980974404,0.0
2026-07-29T07:01:17.902971+00:00,0,NONE,0.0,0.0,512.0,0,-1.8178240716224535e-05,-0.003471788240041789,0.0
2026-07-29T07:01:17.919833+00:00,0,NONE,0.0,0.0,512.0,0,-1.8178240716224535e-05,-0.003471788240041789,0.0
2026-07-29T07:01:18.069919+00:00,0,NONE,0.0,0.0,512.0,0,-1.8178240716224535e-05,-0.003471788240041789,0.0
2026-07-29T07:01:18.136364+00:00,0,NONE,0.0,0.0,512.0,0,-1.8178240716224535e-05,-0.003471788240041789,0.0
2026-07-29T07:01:18.153508+00:00,0,NONE,0.0,0.0,512.0,0,-1.8178240716224535e-05,-0.003471788240041789,0.0
2026-07-29T07:01:18.203388+00:00,0,NONE,0.0,0.0,512.0,0,1.5059382567415012e-05,0.00287613021061922,0.0
2026-07-29T07:01:18.270078+00:00,0,NONE,0.0,0.0,512.0,0,-3.452948498306796e-05,-0.0065946458609671636,0.0
2026-07-29T07:01:18.336829+00:00,0,NONE,0.0,0.0,512.0,0,3.263718172092922e-05,0.006233242559369204,0.0
2026-07-29T07:01:18.386853+00:00,0,NONE,0.0,0.0,512.0,0,-5.445085116662085e-05,-0.010399346542474566,0.0
2026-07-29T07:01:18.421926+00:00,0,NONE,0.0,0.0,512.0,0,-0.00029139664227841424,-0.05565265922278848,0.0
2026-07-29T07:01:18.486956+00:00,0,NONE,0.0,0.0,512.0,0,-0.015405993284657598,-2.942327981392562,0.0
2026-07-29T07:01:18.520279+00:00,0,NONE,0.0,0.0,512.0,0,-6.726667153998278e-05,-0.012846987937112609,0.0
2026-07-29T07:01:18.570443+00:00,0,NONE,0.0,0.0,512.0,0,-0.002032018003919802,-0.3880868517306754,0.0
2026-07-29T07:01:18.670349+00:00,0,NONE,0.0,0.0,512.0,0,2.0124720758758482e-05,0.003843538544520589,0.0
2026-07-29T07:01:18.720609+00:00,0,NONE,0.0,0.0,512.0,0,-3.0259459745138883e-05,-0.005779131112474893,0.0
2026-07-29T07:01:18.770725+00:00,0,NONE,0.0,0.0,512.0,0,0.011935471239848994,2.279507095143744,0.0
2026-07-29T07:01:18.870657+00:00,0,NONE,0.0,0.0,512.0,0,0.011935471239848994,2.279507095143744,0.0
2026-07-29T07:01:18.887230+00:00,0,NONE,0.0,0.0,512.0,0,-3.0320961959660055e-05,-0.005790877170217463,0.0
2026-07-29T07:01:18.953977+00:00,0,NONE,0.0,0.0,512.0,0,0.003806047648067761,0.7269015561999199,0.0
2026-07-29T07:01:19.003983+00:00,0,NONE,0.0,0.0,512.0,0,-1.2891655424027703e-05,-0.002462124822445744,0.0
2026-07-29T07:01:19.020802+00:00,0,NONE,0.0,0.0,512.0,0,0.007244054469047114,1.3835124921309403,0.0
2026-07-29T07:01:19.054078+00:00,0,NONE,0.0,0.0,512.0,0,-0.004818701633339515,-0.9203042210771685,0.0
2026-07-29T07:01:19.154172+00:00,0,NONE,0.0,0.0,512.0,0,-0.004818701633339515,-0.9203042210771685,0.0
2026-07-29T07:01:19.204190+00:00,0,NONE,0.0,0.0,512.0,0,-2.1928454370936378e-05,-0.004188026288999523,0.0
2026-07-29T07:01:19.304401+00:00,0,NONE,0.0,0.0,512.0,0,-3.402061363885878e-05,-0.0064974585931727126,0.0
2026-07-29T07:01:19.354448+00:00,0,NONE,0.0,0.0,512.0,0,-0.025564723392017187,-4.882502515939849,0.0
2026-07-29T07:01:19.421027+00:00,0,NONE,0.0,0.0,512.0,0,-0.0025504639022983612,-0.48710272467387483,0.0
2026-07-29T07:01:19.439981+00:00,0,NONE,0.0,0.0,512.0,0,-8.84385866811499e-06,-0.0016890525876439278,0.0
2026-07-29T07:01:19.571144+00:00,0,NONE,0.0,0.0,512.0,0,-0.004123119468022196,-0.7874578131529901,0.0
2026-07-29T07:01:19.671501+00:00,0,NONE,0.0,0.0,512.0,0,0.002452277920965571,0.46835058354814424,0.0
2026-07-29T07:01:19.688120+00:00,0,NONE,0.0,0.0,512.0,0,0.014009284717531045,2.675576294372175,0.0
2026-07-29T07:01:19.804884+00:00,0,NONE,0.0,0.0,512.0,0,-0.004193873225249263,-0.800970785399004,0.0
2026-07-29T07:01:19.888232+00:00,0,NONE,0.0,0.0,512.0,0,-0.003985011673139524,-0.7610811672708715,0.0
2026-07-29T07:01:19.988248+00:00,0,NONE,0.0,0.0,512.0,0,0.005150216324145731,0.9836188631764371,0.0
2026-07-29T07:01:20.005032+00:00,0,NONE,0.0,0.0,512.0,0,-0.001002791810187773,-0.19151912818014447,0.0
2026-07-29T07:01:20.088477+00:00,0,NONE,0.0,0.0,512.0,0,0.003363502354150114,0.6423816309170609,0.0
2026-07-29T07:01:20.138538+00:00,0,NONE,0.0,0.0,512.0,0,-0.003940900910529308,-0.7526566321753086,0.0
2026-07-29T07:01:20.188536+00:00,0,NONE,0.0,0.0,512.0,0,0.010044767559447791,1.9184092911542754,0.0
2026-07-29T07:01:20.271894+00:00,0,NONE,0.0,0.0,512.0,0,0.009482524922059383,1.8110288572054085,0.0
2026-07-29T07:01:20.321915+00:00,0,NONE,0.0,0.0,512.0,0,-0.0024678775312531797,-0.4713298896532404,0.0
2026-07-29T07:01:20.371841+00:00,0,NONE,0.0,0.0,512.0,0,-2.6604319282341747e-05,-0.005081050705655657,0.0
2026-07-29T07:01:20.422888+00:00,0,NONE,0.0,0.0,512.0,0,0.0020829397847410293,0.3978121954851639,0.0
2026-07-29T07:01:20.488833+00:00,0,NONE,0.0,0.0,512.0,0,-0.0053830359254789075,-1.0280841316574685,0.0
2026-07-29T07:01:20.538883+00:00,0,NONE,0.0,0.0,512.0,0,-0.004684358385857195,-0.8946465507877734,0.0
2026-07-29T07:01:20.605570+00:00,0,NONE,0.0,0.0,512.0,0,-0.005253032755690583,-1.0032553551501562,0.0
2026-07-29T07:01:20.655608+00:00,0,NONE,0.0,0.0,512.0,0,4.653921641875059e-06,0.0008888335608801182,0.0
2026-07-29T07:01:20.706615+00:00,0,NONE,0.0,0.0,512.0,0,0.017137679696024862,3.2730557240975604,0.0
2026-07-29T07:01:20.738992+00:00,0,NONE,0.0,0.0,512.0,0,-2.6195359751000066e-05,-0.00500294518853057,0.0
2026-07-29T07:01:20.788960+00:00,0,NONE,0.0,0.0,512.0,0,-2.6195359751000066e-05,-0.00500294518853057,0.0
2026-07-29T07:01:20.822322+00:00,0,NONE,0.0,0.0,512.0,0,-0.005039622718468309,-0.9624970403549359,0.0
2026-07-29T07:01:20.905536+00:00,0,NONE,0.0,0.0,512.0,0,0.002315046293660998,0.4421412733472633,0.0
2026-07-29T07:01:20.939036+00:00,0,NONE,0.0,0.0,512.0,0,6.632834956690203e-06,0.001266778164083956,0.0
2026-07-29T07:01:20.989142+00:00,0,NONE,0.0,0.0,512.0,0,2.3804882657714186e-05,0.0045463976936372975,0.0
2026-07-29T07:01:21.055811+00:00,0,NONE,0.0,0.0,512.0,0,0.008324967857042793,1.5899517426354044,0.0
2026-07-29T07:01:21.122686+00:00,0,NONE,0.0,0.0,512.0,0,0.0,0.0,0.0
2026-07-29T07:01:21.172527+00:00,0,NONE,0.0,0.0,512.0,0,0.059371738214977085,11.339166740245902,0.0
2026-07-29T07:01:21.189451+00:00,0,NONE,0.0,0.0,512.0,0,4.385143038234673e-06,0.0008375006288400726,0.0
2026-07-29T07:01:21.272817+00:00,0,NONE,0.0,0.0,512.0,0,3.7344050360843534e-05,0.007132188252001111,0.0
2026-07-29T07:01:21.322851+00:00,0,NONE,0.0,0.0,512.0,0,-0.003977326530257414,-0.7596134130972052,0.0
2026-07-29T07:01:21.372897+00:00,0,NONE,0.0,0.0,512.0,0,0.00022023030309355817,0.042060889627159335,0.0
2026-07-29T07:01:21.422955+00:00,0,NONE,0.0,0.0,512.0,0,-2.0591735083144155e-05,-0.003932731710385431,0.0
2026-07-29T07:01:21.456225+00:00,0,NONE,0.0,0.0,512.0,0,-4.4707492052111774e-05,-0.008538502024002255,0.0
2026-07-29T07:01:21.523087+00:00,0,NONE,0.0,0.0,512.0,0,2.6409843267174436e-05,0.005043908522703627,0.0
2026-07-29T07:01:21.573065+00:00,0,NONE,0.0,0.0,512.0,0,-0.004798127703143109,-0.9163748898496656,0.0
2026-07-29T07:01:21.639717+00:00,0,NONE,0.0,0.0,512.0,0,-2.234276267699897e-05,-0.004267153346848193,0.0
2026-07-29T07:01:21.689795+00:00,0,NONE,0.0,0.0,512.0,0,0.0031957458419492467,0.6103424971339123,0.0
2026-07-29T07:01:21.723049+00:00,0,NONE,0.0,0.0,512.0,0,3.563768589629035e-05,0.0068062966449011185,0.0
2026-07-29T07:01:21.773640+00:00,0,NONE,0.0,0.0,512.0,0,-0.0021928342108731157,-0.41880048484976634,0.0
2026-07-29T07:01:21.839905+00:00,0,NONE,0.0,0.0,512.0,0,4.237530629325193e-06,0.0008093087353924975,0.0
2026-07-29T07:01:21.906691+00:00,0,NONE,0.0,0.0,512.0,0,2.449666710163001e-05,0.004678518790201235,0.0
2026-07-29T07:01:21.923219+00:00,0,NONE,0.0,0.0,512.0,0,0.0,0.0,0.0
2026-07-29T07:01:21.973300+00:00,0,NONE,0.0,0.0,512.0,0,7.5831230788026e-06,0.0014482698264787993,0.0
2026-07-29T07:01:22.057019+00:00,0,NONE,0.0,0.0,512.0,0,-0.028780598567282142,-5.496689432551769,0.0
2026-07-29T07:01:22.073480+00:00,0,NONE,0.0,0.0,512.0,0,0.0033370882787858137,0.6373369141233446,0.0
2026-07-29T07:01:22.156894+00:00,0,NONE,0.0,0.0,512.0,0,-0.007741828769940185,-1.4785803807684337,0.0
2026-07-29T07:01:22.173677+00:00,0,NONE,0.0,0.0,512.0,0,-0.007741828769940185,-1.4785803807684337,0.0
2026-07-29T07:01:22.207118+00:00,0,NONE,0.0,0.0,512.0,0,0.023612693557297462,4.509692279229649,0.0
2026-07-29T07:01:22.290272+00:00,0,NONE,0.0,0.0,512.0,0,-0.024127653209725396,-4.6080423282417975,0.0
2026-07-29T07:01:22.323708+00:00,0,NONE,0.0,0.0,512.0,0,-0.02362001167057315,-4.511089935911968,0.0
2026-07-29T07:01:22.373759+00:00,0,NONE,0.0,0.0,512.0,0,0.004676477086468367,0.8931413334809106,0.0
2026-07-29T07:01:22.423651+00:00,0,NONE,0.0,0.0,512.0,0,0.004236188006252632,0.8090523132740487,0.0
2026-07-29T07:01:22.440544+00:00,0,NONE,0.0,0.0,512.0,0,0.0009337952864007093,0.17834176279990202,0.0
2026-07-29T07:01:22.523952+00:00,0,NONE,0.0,0.0,512.0,0,0.0035401549888774753,0.6761197989495408,0.0
2026-07-29T07:01:22.590448+00:00,0,NONE,0.0,0.0,512.0,0,0.0027408072965044994,0.5234556351612302,0.0
2026-07-29T07:01:22.640692+00:00,0,NONE,0.0,0.0,512.0,0,0.0037033338990295306,0.7072846751403983,0.0
2026-07-29T07:01:22.690741+00:00,0,NONE,0.0,0.0,512.0,0,8.573679369874299e-06,0.0016374521426406013,0.0
2026-07-29T07:01:22.757273+00:00,0,NONE,0.0,0.0,512.0,0,0.008253942032024498,1.5763868092687943,0.0
2026-07-29T07:01:22.774106+00:00,0,NONE,0.0,0.0,512.0,0,-0.00038680773766827767,-0.07387483617131942,0.0
2026-07-29T07:01:22.807530+00:00,0,NONE,0.0,0.0,512.0,0,-0.00038680773766827767,-0.07387483617131942,0.0
2026-07-29T07:01:22.890858+00:00,0,NONE,0.0,0.0,512.0,0,0.005015938329743222,0.9579736553072868,0.0
2026-07-29T07:01:22.907510+00:00,0,NONE,0.0,0.0,512.0,0,0.0005865523202010081,0.11202324137041275,0.0
2026-07-29T07:01:22.974243+00:00,0,NONE,0.0,0.0,512.0,0,0.0021587363157595974,0.41228826658215184,0.0
2026-07-29T07:01:22.991000+00:00,0,NONE,0.0,0.0,512.0,0,0.05557528467732482,10.614097524162617,0.0
2026-07-29T07:01:23.074279+00:00,0,NONE,0.0,0.0,512.0,0,-5.551290814764797e-06,-0.001060218448452543,0.0
2026-07-29T07:01:23.107693+00:00,0,NONE,0.0,0.0,512.0,0,-1.770524468156509e-05,-0.0033814526516670893,0.0
2026-07-29T07:01:23.141152+00:00,0,NONE,0.0,0.0,512.0,0,-0.002299738657748094,-0.4392177302401556,0.0
2026-07-29T07:01:23.257801+00:00,0,NONE,0.0,0.0,512.0,0,-2.1222712530288845e-05,-0.00405323952601653,0.0
2026-07-29T07:01:23.274742+00:00,0,NONE,0.0,0.0,512.0,0,1.0968971037073062e-06,0.00020949191534184138,0.0
2026-07-29T07:01:23.374679+00:00,0,NONE,0.0,0.0,512.0,0,3.7333944928832354e-05,0.007130258256653121,0.0
2026-07-29T07:01:23.391301+00:00,0,NONE,0.0,0.0,512.0,0,-5.88752405019477e-05,-0.011244342661930966,0.0
2026-07-29T07:01:23.457840+00:00,0,NONE,0.0,0.0,512.0,0,0.0,0.0,0.0
2026-07-29T07:01:23.524525+00:00,0,NONE,0.0,0.0,512.0,0,4.3633173045236615e-05,0.008333322207520146,0.0
2026-07-29T07:01:23.558078+00:00,0,NONE,0.0,0.0,512.0,0,-0.004210982122385758,-0.8042383440591528,0.0
2026-07-29T07:01:23.575088+00:00,0,NONE,0.0,0.0,512.0,0,-3.192487361957319e-05,-0.006097201732966946,0.0
2026-07-29T07:01:23.675045+00:00,0,NONE,0.0,0.0,512.0,0,1.5048983332235366e-05,0.0028741441029993616,0.0
2026-07-29T07:01:23.741576+00:00,0,NONE,0.0,0.0,512.0,0,3.943166811950505e-06,0.0007530893874693995,0.0
2026-07-29T07:01:23.808291+00:00,0,NONE,0.0,0.0,512.0,0,-3.0170739970571956e-05,-0.005762186883668103,0.0
2026-07-29T07:01:23.858256+00:00,0,NONE,0.0,0.0,512.0,0,1.226890599355102e-06,0.00023431884422441118,0.0
2026-07-29T07:01:23.941827+00:00,0,NONE,0.0,0.0,512.0,0,-0.016415034776728135,-3.135040710889979,0.0
2026-07-29T07:01:23.958482+00:00,0,NONE,0.0,0.0,512.0,0,-0.002959949593860074,-0.5653087309988145,0.0
2026-07-29T07:01:23.975016+00:00,0,NONE,0.0,0.0,512.0,0,0.0035465324192773553,0.6773377984363792,0.0
2026-07-29T07:01:24.025250+00:00,0,NONE,0.0,0.0,512.0,0,-0.010660428607079666,-2.035991889953973,0.0
2026-07-29T07:01:24.091722+00:00,0,NONE,0.0,0.0,512.0,0,-3.4941082703880965e-05,-0.0066732552351664596,0.0
2026-07-29T07:01:24.108613+00:00,0,NONE,0.0,0.0,512.0,0,0.007577330931671895,1.4471636078624386,0.0
2026-07-29T07:01:24.158638+00:00,0,NONE,0.0,0.0,512.0,0,-9.515153069514782e-06,-0.001817260374347158,0.0
2026-07-29T07:01:24.208673+00:00,0,NONE,0.0,0.0,512.0,0,-9.515153069514782e-06,-0.001817260374347158,0.0
2026-07-29T07:01:24.291820+00:00,0,NONE,0.0,0.0,512.0,0,-1.5574831195408485e-07,-2.9745736470853365e-05,0.0
2026-07-29T07:01:24.375407+00:00,0,NONE,0.0,0.0,512.0,0,-0.0010543551174123423,-0.20136699445249195,0.0
2026-07-29T07:01:24.392060+00:00,0,NONE,0.0,0.0,512.0,0,-1.656568652833812e-05,-0.003163813076034997,0.0
2026-07-29T07:01:24.475534+00:00,0,NONE,0.0,0.0,512.0,0,0.0024185662536183373,0.461912129350326,0.0
2026-07-29T07:01:24.526991+00:00,0,NONE,0.0,0.0,512.0,0,0.014912912515574134,2.8481564913007382,0.0
2026-07-29T07:01:24.625644+00:00,0,NONE,0.0,0.0,512.0,0,0.014912912515574134,2.8481564913007382,0.0
2026-07-29T07:01:24.675671+00:00,0,NONE,0.0,0.0,512.0,0,0.014912912515574134,2.8481564913007382,0.0
2026-07-29T07:01:24.726348+00:00,0,NONE,0.0,0.0,512.0,0,0.014912912515574134,2.8481564913007382,0.0
2026-07-29T07:01:24.742477+00:00,0,NONE,0.0,0.0,512.0,0,0.014912912515574134,2.8481564913007382,0.0
2026-07-29T07:01:24.825946+00:00,0,NONE,0.0,0.0,512.0,0,0.008069764559259056,1.5412115030326428,0.0
2026-07-29T07:01:24.875760+00:00,0,NONE,0.0,0.0,512.0,0,-0.01301808417410939,-2.48627093507506,0.0
2026-07-29T07:01:24.909216+00:00,0,NONE,0.0,0.0,512.0,0,0.02502905017667217,4.7801964678149425,0.0
2026-07-29T07:01:24.975893+00:00,0,NONE,0.0,0.0,512.0,0,0.045008522167336196,8.595994541031242,0.0
2026-07-29T07:01:25.042697+00:00,0,NONE,0.0,0.0,512.0,0,0.01604053273651516,3.0635160898125053,0.0
2026-07-29T07:01:25.075964+00:00,0,NONE,0.0,0.0,512.0,0,-4.8989859860739666e-05,-0.00935637402985914,0.0
2026-07-29T07:01:25.142765+00:00,0,NONE,0.0,0.0,512.0,0,-4.4681552135443785e-05,-0.008533547864848931,0.0
2026-07-29T07:01:25.159450+00:00,0,NONE,0.0,0.0,512.0,0,0.025431843233527616,4.857124275064909,0.0
2026-07-29T07:01:25.242852+00:00,0,NONE,0.0,0.0,512.0,0,-0.024357486812150456,-4.6519373129392765,0.0
2026-07-29T07:01:25.292901+00:00,0,NONE,0.0,0.0,512.0,0,-0.0434605679786182,-8.300357068054115,0.0
2026-07-29T07:01:25.359639+00:00,0,NONE,0.0,0.0,512.0,0,0.03010473151487531,5.7495801972561225,0.0
2026-07-29T07:01:25.376310+00:00,0,NONE,0.0,0.0,512.0,0,-0.029654951308330055,-5.663678505444237,0.0
2026-07-29T07:01:25.442980+00:00,0,NONE,0.0,0.0,512.0,0,-4.025687521789223e-06,-0.0007688496821233404,0.0
2026-07-29T07:01:25.493083+00:00,0,NONE,0.0,0.0,512.0,0,0.0131425920012407,2.510050178444955,0.0
2026-07-29T07:01:25.559915+00:00,0,NONE,0.0,0.0,512.0,0,-0.08814199413405731,-16.83388087249448,0.0
2026-07-29T07:01:25.609798+00:00,0,NONE,0.0,0.0,512.0,0,0.015379905460576992,2.937345574004234,0.0
2026-07-29T07:01:25.659875+00:00,0,NONE,0.0,0.0,512.0,0,0.009445251438755804,1.8039101462685871,0.0
2026-07-29T07:01:25.726657+00:00,0,NONE,0.0,0.0,512.0,0,0.03291632510256022,6.286555018190758,0.0
2026-07-29T07:01:25.793159+00:00,0,NONE,0.0,0.0,512.0,0,0.023647039871284505,4.516251942007279,0.0
2026-07-29T07:01:25.809994+00:00,0,NONE,0.0,0.0,512.0,0,0.01613569365494186,3.0816904864806345,0.0
2026-07-29T07:01:25.910011+00:00,0,NONE,0.0,0.0,512.0,0,-0.04790185672638472,-9.148580737540662,0.0
2026-07-29T07:01:25.960142+00:00,0,NONE,0.0,0.0,512.0,0,0.06317812802444678,12.066133644459967,0.0
2026-07-29T07:01:25.976926+00:00,0,NONE,0.0,0.0,512.0,0,-0.017165782688971377,-3.278423000389298,0.0
2026-07-29T07:01:26.060136+00:00,0,NONE,0.0,0.0,512.0,0,-0.04239650775893097,-8.09713653560131,0.0
2026-07-29T07:01:26.110252+00:00,0,NONE,0.0,0.0,512.0,0,-1.6574504552409053e-05,-0.003165497194578028,0.0
2026-07-29T07:01:26.160255+00:00,0,NONE,0.0,0.0,512.0,0,0.033124932989885565,6.326396189913701,0.0
2026-07-29T07:01:26.227041+00:00,0,NONE,0.0,0.0,512.0,0,0.04694384060116136,8.96561313527141,0.0
2026-07-29T07:01:26.293705+00:00,0,NONE,0.0,0.0,512.0,0,0.06300630669400561,12.033318187577962,0.0
2026-07-29T07:01:26.343712+00:00,0,NONE,0.0,0.0,512.0,0,-3.7093357241246847e-06,-0.0007084309392981584,0.0
2026-07-29T07:01:26.393620+00:00,0,NONE,0.0,0.0,512.0,0,-0.05971552112154313,-11.404824438962486,0.0
2026-07-29T07:01:26.460639+00:00,0,NONE,0.0,0.0,512.0,0,0.03487391772981937,6.66042767001701,0.0
2026-07-29T07:01:26.510584+00:00,0,NONE,0.0,0.0,512.0,0,0.02018624389951583,3.855288598879873,0.0
2026-07-29T07:01:26.543882+00:00,0,NONE,0.0,0.0,512.0,0,0.00859827581247373,1.642149717147212,0.0
2026-07-29T07:01:26.577305+00:00,0,NONE,0.0,0.0,512.0,0,0.00859827581247373,1.642149717147212,0.0
2026-07-29T07:01:26.677245+00:00,0,NONE,0.0,0.0,512.0,0,-0.023836143449880182,-4.552368065155122,0.0
2026-07-29T07:01:26.761199+00:00,0,NONE,0.0,0.0,512.0,0,0.02276918845018372,4.348594670445157,0.0
2026-07-29T07:01:26.810973+00:00,0,NONE,0.0,0.0,512.0,0,-0.03601840570452623,-6.879008772197605,0.0
2026-07-29T07:01:26.877498+00:00,0,NONE,0.0,0.0,512.0,0,-0.02621036825585179,-5.005811601813254,0.0
2026-07-29T07:01:26.910948+00:00,0,NONE,0.0,0.0,512.0,0,0.03865042219433235,7.381686893780033,0.0
2026-07-29T07:01:26.994211+00:00,0,NONE,0.0,0.0,512.0,0,-0.0261743606289383,-4.998934651638505,0.0
2026-07-29T07:01:27.044442+00:00,0,NONE,0.0,0.0,512.0,0,-0.006785404187539825,-1.295916740788091,0.0
2026-07-29T07:01:27.094407+00:00,0,NONE,0.0,0.0,512.0,0,8.955512378179264e-06,0.0017103768754894622,0.0
2026-07-29T07:01:27.177763+00:00,0,NONE,0.0,0.0,512.0,0,0.006510086490807226,1.2433349339612887,0.0
2026-07-29T07:01:27.227649+00:00,0,NONE,0.0,0.0,512.0,0,8.007707128854235e-06,0.0015293594068672325,0.0
2026-07-29T07:01:27.244534+00:00,0,NONE,0.0,0.0,512.0,0,-0.0005256247434863325,-0.1003869313647112,0.0
2026-07-29T07:01:27.327862+00:00,0,NONE,0.0,0.0,512.0,0,0.012038620439561783,2.29920714115606,0.0
2026-07-29T07:01:27.377763+00:00,0,NONE,0.0,0.0,512.0,0,0.05699192995962221,10.88465684330515,0.0
2026-07-29T07:01:27.427991+00:00,0,NONE,0.0,0.0,512.0,0,0.06631653211836237,12.665524674419776,0.0
2026-07-29T07:01:27.511335+00:00,0,NONE,0.0,0.0,512.0,0,0.001822108522610506,0.3479970938679991,0.0
2026-07-29T07:01:27.527975+00:00,0,NONE,0.0,0.0,512.0,0,-0.03368814966175705,-6.433962650745836,0.0
2026-07-29T07:01:27.578064+00:00,0,NONE,0.0,0.0,512.0,0,0.03896419115102617,7.441612350315963,0.0
2026-07-29T07:01:27.661515+00:00,0,NONE,0.0,0.0,512.0,0,-0.04691275523218792,-8.95967626711546,0.0
2026-07-29T07:01:27.711467+00:00,0,NONE,0.0,0.0,512.0,0,0.03044590707751922,5.814739929964446,0.0
2026-07-29T07:01:27.778215+00:00,0,NONE,0.0,0.0,512.0,0,0.063725896752876,12.170749765420775,0.0
2026-07-29T07:01:27.811612+00:00,0,NONE,0.0,0.0,512.0,0,0.0630268654448446,12.037244619761744,0.0
2026-07-29T07:01:27.878364+00:00,0,NONE,0.0,0.0,512.0,0,-0.03284669343986025,-6.273256350213468,0.0
2026-07-29T07:01:27.945112+00:00,0,NONE,0.0,0.0,512.0,0,0.00872971370758023,1.6672525060061645,0.0
2026-07-29T07:01:28.011789+00:00,0,NONE,0.0,0.0,512.0,0,2.6503143817535602e-05,0.005061727615243436,0.0
2026-07-29T07:01:28.078515+00:00,0,NONE,0.0,0.0,512.0,0,-0.016727574820106384,-3.194731462271344,0.0
2026-07-29T07:01:28.145168+00:00,0,NONE,0.0,0.0,512.0,0,-0.02937073825698462,-5.609397811028809,0.0
2026-07-29T07:01:28.211908+00:00,0,NONE,0.0,0.0,512.0,0,0.015829874853734507,3.023283397797529,0.0
2026-07-29T07:01:28.278554+00:00,0,NONE,0.0,0.0,512.0,0,-0.03581263263185974,-6.839709010193509,0.0
2026-07-29T07:01:28.296260+00:00,0,NONE,0.0,0.0,512.0,0,-0.0631437320355326,-12.059564494470095,0.0
2026-07-29T07:01:28.378788+00:00,0,NONE,0.0,0.0,512.0,0,-0.003800056538748322,-0.7257573386045687,0.0
2026-07-29T07:01:28.428752+00:00,0,NONE,0.0,0.0,512.0,0,0.027333145975135267,5.220246350634146,0.0
2026-07-29T07:01:28.478880+00:00,0,NONE,0.0,0.0,512.0,0,1.9608902803156525e-05,0.0037450245716770607,0.0
2026-07-29T07:01:28.528896+00:00,0,NONE,0.0,0.0,512.0,0,-0.029389432441384998,-5.612968137254079,0.0
2026-07-29T07:01:28.612300+00:00,0,NONE,0.0,0.0,512.0,0,-0.010952136418200097,-2.091703978047973,0.0
2026-07-29T07:01:28.662354+00:00,0,NONE,0.0,0.0,512.0,0,0.004751483952022681,0.9074665895834686,0.0
2026-07-29T07:01:28.678899+00:00,0,NONE,0.0,0.0,512.0,0,-0.030507805847009878,-5.826561724127338,0.0
2026-07-29T07:01:28.762378+00:00,0,NONE,0.0,0.0,512.0,0,-0.0020329061947768423,-0.3882564836890438,0.0
2026-07-29T07:01:28.812435+00:00,0,NONE,0.0,0.0,512.0,0,0.08179862584336661,15.622386769315503,0.0
2026-07-29T07:01:28.862534+00:00,0,NONE,0.0,0.0,512.0,0,-0.05441801388398744,-10.39307508345599,0.0
2026-07-29T07:01:28.912592+00:00,0,NONE,0.0,0.0,512.0,0,0.0,0.0,0.0
2026-07-29T07:01:28.962342+00:00,0,NONE,0.0,0.0,512.0,0,0.006976301086833701,1.3323753629603343,0.0
2026-07-29T07:01:28.979272+00:00,0,NONE,0.0,0.0,512.0,0,-0.008305644758511335,-1.5862613026588441,0.0
2026-07-29T07:01:29.012590+00:00,0,NONE,0.0,0.0,512.0,0,-0.0033763645039289257,-0.6448381205763644,0.0
2026-07-29T07:01:29.079309+00:00,0,NONE,0.0,0.0,512.0,0,0.011253084965137532,2.1491809166816727,0.0
2026-07-29T07:01:29.147135+00:00,0,NONE,0.0,0.0,512.0,0,-0.006035303069511428,-1.1526579798845191,0.0
2026-07-29T07:01:29.195964+00:00,0,NONE,0.0,0.0,512.0,0,-0.0077025304465496445,-1.47107495386104,0.0
2026-07-29T07:01:29.262833+00:00,0,NONE,0.0,0.0,512.0,0,0.03236713137011975,6.181666741511171,0.0
2026-07-29T07:01:29.312826+00:00,0,NONE,0.0,0.0,512.0,0,-0.007342243807870546,-1.4022652744901491,0.0
2026-07-29T07:01:29.329483+00:00,0,NONE,0.0,0.0,512.0,0,0.001833294434909476,0.3501334457504473,0.0
2026-07-29T07:01:29.396357+00:00,0,NONE,0.0,0.0,512.0,0,0.004718490450613899,0.9011652949765281,0.0
2026-07-29T07:01:29.446304+00:00,0,NONE,0.0,0.0,512.0,0,-0.08964601422310807,-17.121127550512803,0.0
2026-07-29T07:01:29.496234+00:00,0,NONE,0.0,0.0,512.0,0,0.015614469861466205,2.9821440746541223,0.0
2026-07-29T07:01:29.546422+00:00,0,NONE,0.0,0.0,512.0,0,0.011039105937816202,2.10831393278225,0.0
2026-07-29T07:01:29.579753+00:00,0,NONE,0.0,0.0,512.0,0,-0.00025469559128396215,-0.04864327480386676,0.0
2026-07-29T07:01:29.629653+00:00,0,NONE,0.0,0.0,512.0,0,-0.02037047184247058,-3.890473544212154,0.0
2026-07-29T07:01:29.662941+00:00,0,NONE,0.0,0.0,512.0,0,0.010080417270655744,1.9252178844645285,0.0
2026-07-29T07:01:29.713173+00:00,0,NONE,0.0,0.0,512.0,0,0.008403107734484366,1.6048753599323098,0.0
2026-07-29T07:01:29.763250+00:00,0,NONE,0.0,0.0,512.0,0,-0.020382197453582194,-3.892712970975178,0.0
2026-07-29T07:01:29.796523+00:00,0,NONE,0.0,0.0,512.0,0,0.0046042101054626985,0.8793393567816543,0.0
2026-07-29T07:01:29.863219+00:00,0,NONE,0.0,0.0,512.0,0,-0.0025841550351469776,-0.49353725707134244,0.0
2026-07-29T07:01:29.946644+00:00,0,NONE,0.0,0.0,512.0,0,0.00424262597138295,0.8102818740427806,0.0
2026-07-29T07:01:29.963330+00:00,0,NONE,0.0,0.0,512.0,0,0.0194015523645794,3.7054235549748746,0.0
2026-07-29T07:01:30.030084+00:00,0,NONE,0.0,0.0,512.0,0,-0.009529975037148688,-1.8200911616454993,0.0
2026-07-29T07:01:30.096807+00:00,0,NONE,0.0,0.0,512.0,0,0.020030911521898814,3.825622300015916,0.0
2026-07-29T07:01:30.113566+00:00,0,NONE,0.0,0.0,512.0,0,-0.012790358860147535,-2.44277860381404,0.0
2026-07-29T07:01:30.196815+00:00,0,NONE,0.0,0.0,512.0,0,0.019938822547555902,3.8080346014507906,0.0
2026-07-29T07:01:30.246757+00:00,0,NONE,0.0,0.0,512.0,0,-0.05999868636344331,-11.458905016514757,0.0
2026-07-29T07:01:30.330339+00:00,0,NONE,0.0,0.0,512.0,0,0.034405923619633544,6.57104737884825,0.0
2026-07-29T07:01:30.346904+00:00,0,NONE,0.0,0.0,512.0,0,-0.013861436697734462,-2.6473394025598056,0.0
2026-07-29T07:01:30.396883+00:00,0,NONE,0.0,0.0,512.0,0,0.0,0.0,0.0
2026-07-29T07:01:30.430412+00:00,0,NONE,0.0,0.0,512.0,0,0.005336128657218069,1.0191255033246884,0.0
2026-07-29T07:01:30.513849+00:00,0,NONE,0.0,0.0,512.0,0,-0.0005825169668059971,-0.11125254564248634,0.0
2026-07-29T07:01:30.580537+00:00,0,NONE,0.0,0.0,512.0,0,0.0026549209395670915,0.5070525492603382,0.0
2026-07-29T07:01:30.647195+00:00,0,NONE,0.0,0.0,512.0,0,-0.02303806386538781,-4.399946092131898,0.0
2026-07-29T07:01:30.697258+00:00,0,NONE,0.0,0.0,512.0,0,-0.007664378755216603,-1.4637885175454761,0.0
2026-07-29T07:01:30.763842+00:00,0,NONE,0.0,0.0,512.0,0,-0.005876907027268317,-1.1224065641774985,0.0
2026-07-29T07:01:30.797296+00:00,0,NONE,0.0,0.0,512.0,0,0.03710831178235821,7.0871654999490366,0.0
2026-07-29T07:01:30.863887+00:00,0,NONE,0.0,0.0,512.0,0,0.012484960072906687,2.3844517318896594,0.0
2026-07-29T07:01:30.880692+00:00,0,NONE,0.0,0.0,512.0,0,-0.005164815391217417,-0.9864070796032238,0.0
2026-07-29T07:01:30.947784+00:00,0,NONE,0.0,0.0,512.0,0,0.00403055621914973,0.7697795348249521,0.0
2026-07-29T07:01:30.980647+00:00,0,NONE,0.0,0.0,512.0,0,0.0019621314128744414,0.3747394960258223,0.0
2026-07-29T07:01:31.047491+00:00,0,NONE,0.0,0.0,512.0,0,-0.01130453157791635,-2.1590064959565725,0.0
2026-07-29T07:01:31.097492+00:00,0,NONE,0.0,0.0,512.0,0,-0.030428714465815573,-5.811456382999692,0.0
2026-07-29T07:01:31.147524+00:00,0,NONE,0.0,0.0,512.0,0,-0.021531683543144026,-4.112248642778145,0.0
2026-07-29T07:01:31.197577+00:00,0,NONE,0.0,0.0,512.0,0,0.0013588987079856452,0.25953053584452657,0.0
2026-07-29T07:01:31.264291+00:00,0,NONE,0.0,0.0,512.0,0,-0.011123813231824898,-2.1244918342511565,0.0
2026-07-29T07:01:31.314465+00:00,0,NONE,0.0,0.0,512.0,0,-0.0029090711484604983,-0.5555916637002063,0.0
2026-07-29T07:01:31.381073+00:00,0,NONE,0.0,0.0,512.0,0,0.03512321160989813,6.708039293973522,0.0
2026-07-29T07:01:31.431087+00:00,0,NONE,0.0,0.0,512.0,0,-0.016086082331603392,-3.072215421669457,0.0
2026-07-29T07:01:31.447775+00:00,0,NONE,0.0,0.0,512.0,0,0.006591044688684633,1.2587968108124903,0.0
2026-07-29T07:01:31.498063+00:00,0,NONE,0.0,0.0,512.0,0,-0.015415697688004002,-2.9441813859073673,0.0
2026-07-29T07:01:31.547745+00:00,0,NONE,0.0,0.0,512.0,0,0.015100282541243359,2.8839415302277533,0.0
2026-07-29T07:01:31.598083+00:00,0,NONE,0.0,0.0,512.0,0,0.0019269149162937538,0.368013640614788,0.0
2026-07-29T07:01:31.631242+00:00,0,NONE,0.0,0.0,512.0,0,-0.002745111555195763,-0.5242776880177031,0.0
2026-07-29T07:01:31.731171+00:00,0,NONE,0.0,0.0,512.0,0,-0.019274472552206136,-3.6811530986071994,0.0
2026-07-29T07:01:31.814832+00:00,0,NONE,0.0,0.0,512.0,0,-0.0212397629104089,-4.056495908749773,0.0
2026-07-29T07:01:31.864630+00:00,0,NONE,0.0,0.0,512.0,0,0.018588700362306552,3.5501802579782322,0.0
2026-07-29T07:01:31.931251+00:00,0,NONE,0.0,0.0,512.0,0,0.013719128885277314,2.6201606124080263,0.0
2026-07-29T07:01:31.948183+00:00,0,NONE,0.0,0.0,512.0,0,-0.011014860739524011,-2.103683440996915,0.0
2026-07-29T07:01:31.981353+00:00,0,NONE,0.0,0.0,512.0,0,0.036295937112299725,6.93201336669009,0.0
2026-07-29T07:01:32.065017+00:00,0,NONE,0.0,0.0,512.0,0,0.005942434789030813,1.1349214448105978,0.0
2026-07-29T07:01:32.114974+00:00,0,NONE,0.0,0.0,512.0,0,0.002954132514714729,0.5641977507184085,0.0
2026-07-29T07:01:32.181610+00:00,0,NONE,0.0,0.0,512.0,0,0.0005226215494440111,0.09981336355243171,0.0
2026-07-29T07:01:32.198413+00:00,0,NONE,0.0,0.0,512.0,0,0.025848869194596773,4.9367703667870755,0.0
2026-07-29T07:01:32.265117+00:00,0,NONE,0.0,0.0,512.0,0,-0.018983729712781495,-3.6256253065315938,0.0
2026-07-29T07:01:32.315134+00:00,0,NONE,0.0,0.0,512.0,0,-0.007507802541731508,-1.4338846635293585,0.0
2026-07-29T07:01:32.365227+00:00,0,NONE,0.0,0.0,512.0,0,0.004556895893183537,0.8703030078663809,0.0
2026-07-29T07:01:32.415253+00:00,0,NONE,0.0,0.0,512.0,0,-0.0541688794689253,-10.345493915074254,0.0
2026-07-29T07:01:32.465197+00:00,0,NONE,0.0,0.0,512.0,0,0.003751364506606478,0.7164578454790921,0.0
2026-07-29T07:01:32.515075+00:00,0,NONE,0.0,0.0,512.0,0,0.03532494991784915,6.746568472679202,0.0
2026-07-29T07:01:32.548520+00:00,0,NONE,0.0,0.0,512.0,0,0.0311559715133626,5.950352247818325,0.0
2026-07-29T07:01:32.598639+00:00,0,NONE,0.0,0.0,512.0,0,0.031335219938191584,5.984586175241887,0.0
2026-07-29T07:01:32.632056+00:00,0,NONE,0.0,0.0,512.0,0,-0.024560628733015618,-4.690734561965124,0.0
2026-07-29T07:01:32.665201+00:00,0,NONE,0.0,0.0,512.0,0,-0.03320102832396515,-6.340929328191694,0.0
2026-07-29T07:01:32.698695+00:00,0,NONE,0.0,0.0,512.0,0,-0.007689603445287503,-1.4686060784807697,0.0
2026-07-29T07:01:32.798733+00:00,0,NONE,0.0,0.0,512.0,0,0.012666123440867523,2.4190513865114305,0.0
2026-07-29T07:01:32.815690+00:00,0,NONE,0.0,0.0,512.0,0,0.018224133158219046,3.48055305083457,0.0
2026-07-29T07:01:32.882283+00:00,0,NONE,0.0,0.0,512.0,0,-0.007514827626437182,-1.4352263558772151,0.0
2026-07-29T07:01:32.898762+00:00,0,NONE,0.0,0.0,512.0,0,-0.006407376326715166,-1.2237187375760517,0.0
2026-07-29T07:01:32.965540+00:00,0,NONE,0.0,0.0,512.0,0,-0.019318334873532877,-3.689530184912763,0.0
2026-07-29T07:01:32.982263+00:00,0,NONE,0.0,0.0,512.0,0,-0.016491049448668492,-3.149558443834159,0.0
2026-07-29T07:01:33.065611+00:00,0,NONE,0.0,0.0,512.0,0,0.006343276344996412,1.2114765428448837,0.0
2026-07-29T07:01:33.132400+00:00,0,NONE,0.0,0.0,512.0,0,0.028343623963883145,5.4132334307878835,0.0
2026-07-29T07:01:33.149212+00:00,0,NONE,0.0,0.0,512.0,0,-0.006215999906271463,-1.1871685336102338,0.0
2026-07-29T07:01:33.182408+00:00,0,NONE,0.0,0.0,512.0,0,-0.018465194939053617,-3.5265924596469986,0.0
2026-07-29T07:01:33.232441+00:00,0,NONE,0.0,0.0,512.0,0,0.01806649989419384,3.4504473150361847,0.0
2026-07-29T07:01:33.282466+00:00,0,NONE,0.0,0.0,512.0,0,-0.009839835232414771,-1.8792700997383196,0.0
2026-07-29T07:01:33.365950+00:00,0,NONE,0.0,0.0,512.0,0,-0.026062159339198844,-4.977505783778521,0.0
2026-07-29T07:01:33.432576+00:00,0,NONE,0.0,0.0,512.0,0,-0.04552235470910091,-8.694129327763235,0.0
2026-07-29T07:01:33.483041+00:00,0,NONE,0.0,0.0,512.0,0,-0.03507416525739245,-6.698672130643234,0.0
2026-07-29T07:01:33.532569+00:00,0,NONE,0.0,0.0,512.0,0,-0.045500792613602244,-8.690011270864797,0.0
2026-07-29T07:01:33.599352+00:00,0,NONE,0.0,0.0,512.0,0,-0.013097971390088788,-2.501528269450625,0.0
2026-07-29T07:01:33.616097+00:00,0,NONE,0.0,0.0,512.0,0,0.03431153350858949,6.553020195546264,0.0
2026-07-29T07:01:33.649544+00:00,0,NONE,0.0,0.0,512.0,0,0.007914583218198459,1.5115740500261348,0.0
2026-07-29T07:01:33.716176+00:00,0,NONE,0.0,0.0,512.0,0,0.012458045331804897,2.379311394983593,0.0
2026-07-29T07:01:33.782841+00:00,0,NONE,0.0,0.0,512.0,0,-0.004121063495695125,-0.787065151362534,0.0
2026-07-29T07:01:33.799542+00:00,0,NONE,0.0,0.0,512.0,0,-0.03063230676052626,-5.850339647094046,0.0
2026-07-29T07:01:33.866278+00:00,0,NONE,0.0,0.0,512.0,0,-0.06606949303182773,-12.618343684309101,0.0
2026-07-29T07:01:33.916290+00:00,0,NONE,0.0,0.0,512.0,0,-0.018615887629857754,-3.555372643602155,0.0
2026-07-29T07:01:33.982972+00:00,0,NONE,0.0,0.0,512.0,0,0.09594009260414169,18.323207974372007,0.0
2026-07-29T07:01:34.066416+00:00,0,NONE,0.0,0.0,512.0,0,0.07027292243496049,13.421139565244774,0.0
2026-07-29T07:01:34.099831+00:00,0,NONE,0.0,0.0,512.0,0,-0.0358124255380244,-6.839669458184415,0.0
2026-07-29T07:01:34.116341+00:00,0,NONE,0.0,0.0,512.0,0,0.028380558542557992,5.420287415708426,0.0
2026-07-29T07:01:34.216517+00:00,0,NONE,0.0,0.0,512.0,0,0.051064672018983404,9.752633963025124,0.0
2026-07-29T07:01:34.233247+00:00,0,NONE,0.0,0.0,512.0,0,0.007220737376192119,1.379059255427254,0.0
2026-07-29T07:01:34.333234+00:00,0,NONE,0.0,0.0,512.0,0,-0.02960866435547359,-5.654838348626916,0.0
2026-07-29T07:01:34.383127+00:00,0,NONE,0.0,0.0,512.0,0,-0.0258021030400414,-4.92783868918681,0.0
2026-07-29T07:01:34.466780+00:00,0,NONE,0.0,0.0,512.0,0,0.008490661528194323,1.621596902798775,0.0
2026-07-29T07:01:34.483384+00:00,0,NONE,0.0,0.0,512.0,0,0.016388580839557108,3.1299883810519655,0.0
2026-07-29T07:01:34.550191+00:00,0,NONE,0.0,0.0,512.0,0,0.007731548818846932,1.476617054730953,0.0
2026-07-29T07:01:34.566774+00:00,0,NONE,0.0,0.0,512.0,0,-0.017402302940499794,-3.323595040995801,0.0
2026-07-29T07:01:34.666857+00:00,0,NONE,0.0,0.0,512.0,0,2.2945376113057133e-05,0.0043822440353948906,0.0
2026-07-29T07:01:34.700199+00:00,0,NONE,0.0,0.0,512.0,0,2.4522716703359034e-05,0.004683493897658134,0.0
2026-07-29T07:01:34.766897+00:00,0,NONE,0.0,0.0,512.0,0,-0.049504303208377676,-9.454625471919936,0.0
2026-07-29T07:01:34.783672+00:00,0,NONE,0.0,0.0,512.0,0,-0.07411356297932797,-14.154647877975053,0.0
2026-07-29T07:01:34.850342+00:00,0,NONE,0.0,0.0,512.0,0,0.027167958887148416,5.188697940728471,0.0
2026-07-29T07:01:34.917092+00:00,0,NONE,0.0,0.0,512.0,0,-0.030328344579957048,-5.792287146833347,0.0
2026-07-29T07:01:34.966906+00:00,0,NONE,0.0,0.0,512.0,0,-0.02727510456024902,-5.209161256934313,0.0
2026-07-29T07:01:35.017056+00:00,0,NONE,0.0,0.0,512.0,0,0.1231365486071445,23.517348463322985,0.0
2026-07-29T07:01:35.083903+00:00,0,NONE,0.0,0.0,512.0,0,0.1231365486071445,23.517348463322985,0.0
2026-07-29T07:01:35.100454+00:00,0,NONE,0.0,0.0,512.0,0,1.012782915495336e-05,0.0019342728873612488,0.0
2026-07-29T07:01:35.183918+00:00,0,NONE,0.0,0.0,512.0,0,0.19402129165828227,37.05533715898793,0.0
2026-07-29T07:01:35.217317+00:00,0,NONE,0.0,0.0,512.0,0,0.19402129165828227,37.05533715898793,0.0
2026-07-29T07:01:35.283964+00:00,0,NONE,0.0,0.0,512.0,0,1.898103189887479e-05,0.003625110062029041,0.0
2026-07-29T07:01:35.333998+00:00,0,NONE,0.0,0.0,512.0,0,-0.020245490048546345,-3.8666037798527126,0.0
2026-07-29T07:01:35.400686+00:00,0,NONE,0.0,0.0,512.0,0,-9.401788702234775e-08,-1.7956093750394403e-05,0.0
2026-07-29T07:01:35.467417+00:00,0,NONE,0.0,0.0,512.0,0,0.10582173129252624,20.210461946097425,0.0
2026-07-29T07:01:35.534193+00:00,0,NONE,0.0,0.0,512.0,0,-1.397389598423615e-05,-0.002668817544171803,0.0
2026-07-29T07:01:35.584056+00:00,0,NONE,0.0,0.0,512.0,0,-4.369503585621715e-06,-0.000834513713411348,0.0
2026-07-29T07:01:35.600835+00:00,0,NONE,0.0,0.0,512.0,0,-0.09287289903499187,-17.737417152832165,0.0
2026-07-29T07:01:35.684270+00:00,0,NONE,0.0,0.0,512.0,0,0.012855515224509872,2.4552225527686353,0.0
2026-07-29T07:01:35.784201+00:00,0,NONE,0.0,0.0,512.0,0,3.676237400213722e-05,0.007021096250679747,0.0
2026-07-29T07:01:35.834431+00:00,0,NONE,0.0,0.0,512.0,0,0.04362331189273391,8.33143886612168,0.0
2026-07-29T07:01:35.851106+00:00,0,NONE,0.0,0.0,512.0,0,0.1168914912152104,22.324630358740315,0.0
2026-07-29T07:01:35.934326+00:00,0,NONE,0.0,0.0,512.0,0,-0.019988732644851553,-3.817566727884551,0.0
2026-07-29T07:01:36.001123+00:00,0,NONE,0.0,0.0,512.0,0,-2.8604445105884224e-05,-0.005463046599602697,0.0
2026-07-29T07:01:36.051178+00:00,0,NONE,0.0,0.0,512.0,0,0.08989890159340576,17.169425480546874,0.0
2026-07-29T07:01:36.101193+00:00,0,NONE,0.0,0.0,512.0,0,0.005831989307771437,1.1138279116690863,0.0
2026-07-29T07:01:36.167956+00:00,0,NONE,0.0,0.0,512.0,0,-4.705084429588168e-06,-0.0008986049335604013,0.0
2026-07-29T07:01:36.217994+00:00,0,NONE,0.0,0.0,512.0,0,-4.1642437863629305e-05,-0.007953119794072452,0.0
2026-07-29T07:01:36.284703+00:00,0,NONE,0.0,0.0,512.0,0,0.12578998962417245,24.02411836819833,0.0
2026-07-29T07:01:36.318890+00:00,0,NONE,0.0,0.0,512.0,0,-0.09494007757806684,-18.132219172892828,0.0
2026-07-29T07:01:36.334851+00:00,0,NONE,0.0,0.0,512.0,0,-0.006753425506758504,-1.289809262644205,0.0
2026-07-29T07:01:36.384729+00:00,0,NONE,0.0,0.0,512.0,0,-0.04796480343036819,-9.160602672449034,0.0
2026-07-29T07:01:36.418200+00:00,0,NONE,0.0,0.0,512.0,0,-0.07979008211987093,-15.238783174902856,0.0
2026-07-29T07:01:36.484774+00:00,0,NONE,0.0,0.0,512.0,0,7.87917189882137e-06,0.0015048109862018113,0.0
2026-07-29T07:01:36.551562+00:00,0,NONE,0.0,0.0,512.0,0,-0.021712977451534242,-4.146873228785447,0.0
2026-07-29T07:01:36.568081+00:00,0,NONE,0.0,0.0,512.0,0,0.03133659463834192,5.984848723630922,0.0
2026-07-29T07:01:36.651676+00:00,0,NONE,0.0,0.0,512.0,0,-0.00010930185657343827,-0.02087511691534089,0.0
2026-07-29T07:01:36.718461+00:00,0,NONE,0.0,0.0,512.0,0,0.010980237369949464,2.0970708644997713,0.0
2026-07-29T07:01:36.784985+00:00,0,NONE,0.0,0.0,512.0,0,-0.011071924453281099,-2.1145818075356613,0.0
2026-07-29T07:01:36.851928+00:00,0,NONE,0.0,0.0,512.0,0,-2.1933049138169734e-05,-0.004188903824900578,0.0
2026-07-29T07:01:36.901768+00:00,0,NONE,0.0,0.0,512.0,0,-1.3333828537724912e-05,-0.0025465736665424383,0.0
2026-07-29T07:01:36.951929+00:00,0,NONE,0.0,0.0,512.0,0,-0.017728278935828713,-3.385851870178879,0.0
2026-07-29T07:01:37.051972+00:00,0,NONE,0.0,0.0,512.0,0,-2.593489713035524e-05,-0.004953200492251017,0.0
2026-07-29T07:01:37.135442+00:00,0,NONE,0.0,0.0,512.0,0,-0.037731165175209753,-7.206121735501694,0.0
2026-07-29T07:01:37.185429+00:00,0,NONE,0.0,0.0,512.0,0,0.0006411927298177034,0.12245879091008834,0.0
2026-07-29T07:01:37.201867+00:00,0,NONE,0.0,0.0,512.0,0,-0.015886818766593935,-3.034158884050215,0.0
2026-07-29T07:01:37.268514+00:00,0,NONE,0.0,0.0,512.0,0,-0.0012429584761775915,-0.2373875826499602,0.0
2026-07-29T07:01:37.335359+00:00,0,NONE,0.0,0.0,512.0,0,0.0,0.0,0.0
2026-07-29T07:01:37.435312+00:00,0,NONE,0.0,0.0,512.0,0,0.014024805431108688,2.6785405323156093,0.0
2026-07-29T07:01:37.469340+00:00,0,NONE,0.0,0.0,512.0,0,0.02229901855782373,4.258798835490665,0.0
2026-07-29T07:01:37.537028+00:00,0,NONE,0.0,0.0,512.0,0,-0.00807299181848066,-1.5418278641419512,0.0
2026-07-29T07:01:37.585610+00:00,0,NONE,0.0,0.0,512.0,0,0.00875177096168045,1.6714651312314648,0.0
2026-07-29T07:01:37.602262+00:00,0,NONE,0.0,0.0,512.0,0,-0.011552465160784777,-2.2063583222829655,0.0
2026-07-29T07:01:37.685687+00:00,0,NONE,0.0,0.0,512.0,0,-0.018554602603253444,-3.543668065696242,0.0
2026-07-29T07:01:37.718959+00:00,0,NONE,0.0,0.0,512.0,0,-0.008909918039335026,-1.7016689982045814,0.0
2026-07-29T07:01:37.769002+00:00,0,NONE,0.0,0.0,512.0,0,-0.006480998628685484,-1.237779561512508,0.0
2026-07-29T07:01:37.819022+00:00,0,NONE,0.0,0.0,512.0,0,-0.00849063530751664,-1.6215918950182178,0.0
2026-07-29T07:01:37.869029+00:00,0,NONE,0.0,0.0,512.0,0,0.003986153941696102,0.7612993244954129,0.0
2026-07-29T07:01:37.885832+00:00,0,NONE,0.0,0.0,512.0,0,-0.021636563613137694,-4.132279260663724,0.0
2026-07-29T07:01:38.020016+00:00,0,NONE,0.0,0.0,512.0,0,-0.026433341951633337,-5.048396440848976,0.0
2026-07-29T07:01:38.035975+00:00,0,NONE,0.0,0.0,512.0,0,-0.0036547133477870374,-0.6979988338610834,0.0
2026-07-29T07:01:38.135866+00:00,0,NONE,0.0,0.0,512.0,0,-0.0036547133477870374,-0.6979988338610834,0.0
2026-07-29T07:01:38.152643+00:00,0,NONE,0.0,0.0,512.0,0,0.0077657807143987154,1.4831548651971191,0.0
2026-07-29T07:01:38.235907+00:00,0,NONE,0.0,0.0,512.0,0,-0.010434619826773996,-1.9928655896589336,0.0
2026-07-29T07:01:38.286029+00:00,0,NONE,0.0,0.0,512.0,0,0.005047475684514211,0.9639968463919015,0.0
2026-07-29T07:01:38.352720+00:00,0,NONE,0.0,0.0,512.0,0,0.0012384091681815334,0.23651872882369607,0.0
2026-07-29T07:01:38.386166+00:00,0,NONE,0.0,0.0,512.0,0,-0.008758725188899917,-1.6727932907963,0.0
2026-07-29T07:01:38.452801+00:00,0,NONE,0.0,0.0,512.0,0,-0.008674006683868356,-1.6566132481797458,0.0
2026-07-29T07:01:38.469668+00:00,0,NONE,0.0,0.0,512.0,0,-0.022618252652755473,-4.3197680565448895,0.0
2026-07-29T07:01:38.569844+00:00,0,NONE,0.0,0.0,512.0,0,0.004998431733401958,0.954630141693975,0.0
2026-07-29T07:01:38.619657+00:00,0,NONE,0.0,0.0,512.0,0,-0.07360689996436122,-14.057882369998492,0.0
2026-07-29T07:01:38.686480+00:00,0,NONE,0.0,0.0,512.0,0,-3.181723448506091e-05,-0.006076644172573631,0.0
2026-07-29T07:01:38.753343+00:00,0,NONE,0.0,0.0,512.0,0,-0.005610429245134583,-1.0715130566766,0.0
2026-07-29T07:01:38.819890+00:00,0,NONE,0.0,0.0,512.0,0,0.030367126938072034,5.7996940316318595,0.0
2026-07-29T07:01:38.869771+00:00,0,NONE,0.0,0.0,512.0,0,-0.01179027014381063,-2.2517757285315043,0.0
2026-07-29T07:01:38.936453+00:00,0,NONE,0.0,0.0,512.0,0,0.004964519783388823,0.948153436324604,0.0
2026-07-29T07:01:38.986366+00:00,0,NONE,0.0,0.0,512.0,0,0.03100434047228191,5.92139285216133,0.0
2026-07-29T07:01:39.003344+00:00,0,NONE,0.0,0.0,512.0,0,8.747933701670262e-05,0.016707322685532048,0.0
2026-07-29T07:01:39.069879+00:00,0,NONE,0.0,0.0,512.0,0,8.747933701670262e-05,0.016707322685532048,0.0
2026-07-29T07:01:39.120084+00:00,0,NONE,0.0,0.0,512.0,0,0.00020370090744108892,0.038904007597864734,0.0
2026-07-29T07:01:39.170057+00:00,0,NONE,0.0,0.0,512.0,0,1.5781225520186127e-05,0.0030139920595027075,0.0
2026-07-29T07:01:39.186622+00:00,0,NONE,0.0,0.0,512.0,0,-0.001009780551539734,-0.1928538794587309,0.0
2026-07-29T07:01:39.220057+00:00,0,NONE,0.0,0.0,512.0,0,0.011817648920114152,2.2570046896329194,0.0
2026-07-29T07:01:39.303624+00:00,0,NONE,0.0,0.0,512.0,0,0.022707402984378858,4.336794515692262,0.0
2026-07-29T07:01:39.353548+00:00,0,NONE,0.0,0.0,512.0,0,-2.5406613713130354e-05,-0.004852305791605236,0.0
2026-07-29T07:01:39.420282+00:00,0,NONE,0.0,0.0,512.0,0,-0.005231855726251524,-0.9992108404518817,0.0
2026-07-29T07:01:39.470258+00:00,0,NONE,0.0,0.0,512.0,0,7.5469145667739215e-06,0.0014413545100731594,0.0
2026-07-29T07:01:39.553562+00:00,0,NONE,0.0,0.0,512.0,0,2.4974425541586244e-05,0.004769763930988723,0.0
2026-07-29T07:01:39.587024+00:00,0,NONE,0.0,0.0,512.0,0,-0.016544413022456864,-3.159750135693521,0.0
2026-07-29T07:01:39.687047+00:00,0,NONE,0.0,0.0,512.0,0,-0.048160063949180765,-9.197894684560687,0.0
2026-07-29T07:01:39.720380+00:00,0,NONE,0.0,0.0,512.0,0,0.030409429054998327,5.807773140846344,0.0
2026-07-29T07:01:39.770392+00:00,0,NONE,0.0,0.0,512.0,0,-0.007485803192976164,-1.4296830974102999,0.0
2026-07-29T07:01:39.837170+00:00,0,NONE,0.0,0.0,512.0,0,-0.013914260694000403,-2.6574280427033163,0.0
2026-07-29T07:01:39.920621+00:00,0,NONE,0.0,0.0,512.0,0,0.016485374417970888,3.148474592808893,0.0
2026-07-29T07:01:40.004072+00:00,0,NONE,0.0,0.0,512.0,0,0.02320196269036387,4.431248461926169,0.0
2026-07-29T07:01:40.053979+00:00,0,NONE,0.0,0.0,512.0,0,0.00910811541165458,1.7395219080195594,0.0
2026-07-29T07:01:40.120658+00:00,0,NONE,0.0,0.0,512.0,0,-0.014166826815162493,-2.7056646186719084,0.0
2026-07-29T07:01:40.170747+00:00,0,NONE,0.0,0.0,512.0,0,0.006246315775497351,1.1929584381399467,0.0
2026-07-29T07:01:40.220881+00:00,0,NONE,0.0,0.0,512.0,0,0.003674963103258051,0.7018662522766203,0.0
2026-07-29T07:01:40.237288+00:00,0,NONE,0.0,0.0,512.0,0,-0.008371170909690591,-1.598775875693203,0.0
2026-07-29T07:01:40.287461+00:00,0,NONE,0.0,0.0,512.0,0,-0.008371170909690591,-1.598775875693203,0.0
2026-07-29T07:01:40.321590+00:00,0,NONE,0.0,0.0,512.0,0,-0.0019269140566757414,-0.368013476439841,0.0
2026-07-29T07:01:40.370764+00:00,0,NONE,0.0,0.0,512.0,0,-0.008647579654789296,-1.651566057408747,0.0
2026-07-29T07:01:40.470960+00:00,0,NONE,0.0,0.0,512.0,0,-0.013630610478285234,-2.6032548419751342,0.0
2026-07-29T07:01:40.537649+00:00,0,NONE,0.0,0.0,512.0,0,-0.020281398251318025,-3.873461741415103,0.0
2026-07-29T07:01:40.604220+00:00,0,NONE,0.0,0.0,512.0,0,-0.010291925136989448,-1.9656129113803236,0.0
2026-07-29T07:01:40.671134+00:00,0,NONE,0.0,0.0,512.0,0,-0.017683086653705687,-3.3772207800714993,0.0
2026-07-29T07:01:40.721091+00:00,0,NONE,0.0,0.0,512.0,0,0.013214836312981789,2.5238478256335943,0.0
2026-07-29T07:01:40.787768+00:00,0,NONE,0.0,0.0,512.0,0,-0.043705232448319295,-8.347084539756379,0.0
2026-07-29T07:01:40.837877+00:00,0,NONE,0.0,0.0,512.0,0,-0.010596562032005749,-2.023794272608337,0.0
2026-07-29T07:01:40.871256+00:00,0,NONE,0.0,0.0,512.0,0,-3.263012520619668e-05,-0.006231894864328383,0.0
2026-07-29T07:01:40.971358+00:00,0,NONE,0.0,0.0,512.0,0,0.002260333668091334,0.43169193157652563,0.0
2026-07-29T07:01:41.037944+00:00,0,NONE,0.0,0.0,512.0,0,0.031368374245721496,5.9909181815556956,0.0
2026-07-29T07:01:41.087785+00:00,0,NONE,0.0,0.0,512.0,0,-0.017774286657731862,-3.394638697812419,0.0
2026-07-29T07:01:41.137908+00:00,0,NONE,0.0,0.0,512.0,0,-0.0005367266678149463,-0.10250724272638848,0.0
2026-07-29T07:01:41.154711+00:00,0,NONE,0.0,0.0,512.0,0,0.032283524156664495,6.165698939951719,0.0
2026-07-29T07:01:41.221429+00:00,0,NONE,0.0,0.0,512.0,0,0.0018470355757744983,0.3527578103413157,0.0
2026-07-29T07:01:41.288144+00:00,0,NONE,0.0,0.0,512.0,0,0.0018470355757744983,0.3527578103413157,0.0
2026-07-29T07:01:41.338099+00:00,0,NONE,0.0,0.0,512.0,0,-0.010227991346037016,-1.9534024567475032,0.0
2026-07-29T07:01:41.354843+00:00,0,NONE,0.0,0.0,512.0,0,-0.010227991346037016,-1.9534024567475032,0.0
2026-07-29T07:01:41.421443+00:00,0,NONE,0.0,0.0,512.0,0,-0.010227991346037016,-1.9534024567475032,0.0
2026-07-29T07:01:41.471585+00:00,0,NONE,0.0,0.0,512.0,0,-0.010227991346037016,-1.9534024567475032,0.0
2026-07-29T07:01:41.538251+00:00,0,NONE,0.0,0.0,512.0,0,-0.010227991346037016,-1.9534024567475032,0.0
2026-07-29T07:01:41.588236+00:00,0,NONE,0.0,0.0,512.0,0,-0.0013128438555577305,-0.2507347069438021,0.0
2026-07-29T07:01:41.605029+00:00,0,NONE,0.0,0.0,512.0,0,0.021373681137920358,4.082072406204038,0.0
2026-07-29T07:01:41.671743+00:00,0,NONE,0.0,0.0,512.0,0,-0.008904191342171543,-1.700575279611191,0.0
2026-07-29T07:01:41.688312+00:00,0,NONE,0.0,0.0,512.0,0,-0.03580858973058639,-6.838936872927007,0.0
2026-07-29T07:01:41.771798+00:00,0,NONE,0.0,0.0,512.0,0,0.012629055912839249,2.411972010134754,0.0
2026-07-29T07:01:41.821707+00:00,0,NONE,0.0,0.0,512.0,0,0.04599503607081715,8.784404818032693,0.0
2026-07-29T07:01:41.872057+00:00,0,NONE,0.0,0.0,512.0,0,-0.02109683133807266,-4.029197989236322,0.0
2026-07-29T07:01:41.938698+00:00,0,NONE,0.0,0.0,512.0,0,0.011636569437687285,2.2224210559680104,0.0
2026-07-29T07:01:42.005302+00:00,0,NONE,0.0,0.0,512.0,0,-0.00903932183253346,-1.726383302215428,0.0
2026-07-29T07:01:42.071999+00:00,0,NONE,0.0,0.0,512.0,0,-0.00903932183253346,-1.726383302215428,0.0
2026-07-29T07:01:42.105175+00:00,0,NONE,0.0,0.0,512.0,0,-0.00903932183253346,-1.726383302215428,0.0
2026-07-29T07:01:42.173418+00:00,0,NONE,0.0,0.0,512.0,0,-0.00903932183253346,-1.726383302215428,0.0
2026-07-29T07:01:42.205467+00:00,0,NONE,0.0,0.0,512.0,0,-0.00903932183253346,-1.726383302215428,0.0
2026-07-29T07:01:42.305454+00:00,0,NONE,0.0,0.0,512.0,0,0.006318575242330553,1.2067589797379736,0.0
2026-07-29T07:01:42.355488+00:00,0,NONE,0.0,0.0,512.0,0,-0.006328344705980271,-1.2086248098554246,0.0
2026-07-29T07:01:42.405540+00:00,0,NONE,0.0,0.0,512.0,0,-0.0001698051497714914,-0.032430394738310976,0.0
2026-07-29T07:01:42.455622+00:00,0,NONE,0.0,0.0,512.0,0,0.003941773014448699,0.7528231917549018,0.0
2026-07-29T07:01:42.505624+00:00,0,NONE,0.0,0.0,512.0,0,0.0008754830105317524,0.1672049384629227,0.0
2026-07-29T07:01:42.555542+00:00,0,NONE,0.0,0.0,512.0,0,0.018959378047748034,3.6209744810964817,0.0
2026-07-29T07:01:42.622412+00:00,0,NONE,0.0,0.0,512.0,0,-0.0016033227062507648,-0.3062120808855409,0.0
2026-07-29T07:01:42.638921+00:00,0,NONE,0.0,0.0,512.0,0,-0.0025029138231184335,-0.47802132849879897,0.0
2026-07-29T07:01:42.689222+00:00,0,NONE,0.0,0.0,512.0,0,-0.003019298391009215,-0.5766435163182273,0.0
2026-07-29T07:01:42.738962+00:00,0,NONE,0.0,0.0,512.0,0,-0.0034022632810956567,-0.6497844226637093,0.0
2026-07-29T07:01:42.773014+00:00,0,NONE,0.0,0.0,512.0,0,0.011297496015904471,2.157662802590629,0.0
2026-07-29T07:01:42.805786+00:00,0,NONE,0.0,0.0,512.0,0,0.018697582636377774,3.5709752405384583,0.0
2026-07-29T07:01:42.905775+00:00,0,NONE,0.0,0.0,512.0,0,-0.005271225773612969,-1.0067299656286848,0.0
2026-07-29T07:01:42.972489+00:00,0,NONE,0.0,0.0,512.0,0,0.008676049761124887,1.65700344719314,0.0
2026-07-29T07:01:42.989188+00:00,0,NONE,0.0,0.0,512.0,0,0.009613044001307572,1.8359561651615908,0.0
2026-07-29T07:01:43.089270+00:00,0,NONE,0.0,0.0,512.0,0,-0.009063614551268983,-1.7310228697369074,0.0
2026-07-29T07:01:43.156102+00:00,0,NONE,0.0,0.0,512.0,0,-0.0053497586365847385,-1.0217286376332235,0.0
2026-07-29T07:01:43.172723+00:00,0,NONE,0.0,0.0,512.0,0,0.0498895902838558,9.528209883006053,0.0
2026-07-29T07:01:43.256057+00:00,0,NONE,0.0,0.0,512.0,0,0.007492960858216975,1.4310501107751863,0.0
2026-07-29T07:01:43.272803+00:00,0,NONE,0.0,0.0,512.0,0,-0.01310092855244875,-2.502093045859161,0.0
2026-07-29T07:01:43.356011+00:00,0,NONE,0.0,0.0,512.0,0,2.9554175853263587e-05,0.00564443181126484,0.0
2026-07-29T07:01:43.406234+00:00,0,NONE,0.0,0.0,512.0,0,0.030283003193035257,5.783627579807054,0.0
2026-07-29T07:01:43.439556+00:00,0,NONE,0.0,0.0,512.0,0,-9.84483296633698e-06,-0.001880224596607893,0.0
2026-07-29T07:01:43.539663+00:00,0,NONE,0.0,0.0,512.0,0,0.0387910810187168,7.408550750408368,0.0
2026-07-29T07:01:43.606358+00:00,0,NONE,0.0,0.0,512.0,0,-0.002390615064359736,-0.4565738454273618,0.0
2026-07-29T07:01:43.656410+00:00,0,NONE,0.0,0.0,512.0,0,-0.0107409278335399,-2.0513661097214366,0.0
2026-07-29T07:01:43.722927+00:00,0,NONE,0.0,0.0,512.0,0,0.007360319332801737,1.405717445460285,0.0
2026-07-29T07:01:43.789760+00:00,0,NONE,0.0,0.0,512.0,0,0.007360319332801737,1.405717445460285,0.0
2026-07-29T07:01:43.806496+00:00,0,NONE,0.0,0.0,512.0,0,-0.018754164384081378,-3.5817815583414268,0.0
2026-07-29T07:01:43.889804+00:00,0,NONE,0.0,0.0,512.0,0,0.005998611938848626,1.1456504901093802,0.0
2026-07-29T07:01:43.956605+00:00,0,NONE,0.0,0.0,512.0,0,-0.038481912926072254,-7.349503994179561,0.0
2026-07-29T07:01:44.023225+00:00,0,NONE,0.0,0.0,512.0,0,-0.036941137654939664,-7.055237593466153,0.0
2026-07-29T07:01:44.090121+00:00,0,NONE,0.0,0.0,512.0,0,0.00913758543349104,1.745150267597518,0.0
2026-07-29T07:01:44.106435+00:00,0,NONE,0.0,0.0,512.0,0,2.3751257685944424e-07,4.5361560784409125e-05,0.0
2026-07-29T07:01:44.223457+00:00,0,NONE,0.0,0.0,512.0,0,-0.03237104331550654,-6.182413868045667,0.0
2026-07-29T07:01:44.273311+00:00,0,NONE,0.0,0.0,512.0,0,0.01080234066786943,2.063095097104831,0.0
2026-07-29T07:01:44.323657+00:00,0,NONE,0.0,0.0,512.0,0,0.06883762194251176,13.147017363410239,0.0
2026-07-29T07:01:44.356695+00:00,0,NONE,0.0,0.0,512.0,0,-0.008043823565312778,-1.5362571381343222,0.0
2026-07-29T07:01:44.373475+00:00,0,NONE,0.0,0.0,512.0,0,0.008816311017289991,1.6837913738846861,0.0
2026-07-29T07:01:44.473611+00:00,0,NONE,0.0,0.0,512.0,0,0.0013149948630598375,0.25114551911570776,0.0
2026-07-29T07:01:44.523393+00:00,0,NONE,0.0,0.0,512.0,0,0.022841623954591342,4.36242883274335,0.0
2026-07-29T07:01:44.573571+00:00,0,NONE,0.0,0.0,512.0,0,0.008297929717882653,1.5847878384361929,0.0
2026-07-29T07:01:44.590427+00:00,0,NONE,0.0,0.0,512.0,0,0.007641508428569068,1.4594206069021782,0.0
2026-07-29T07:01:44.673718+00:00,0,NONE,0.0,0.0,512.0,0,0.020769651086302476,3.9667111640147916,0.0
2026-07-29T07:01:44.723708+00:00,0,NONE,0.0,0.0,512.0,0,-0.0010757608780113514,-0.2054551935844608,0.0
2026-07-29T07:01:44.773703+00:00,0,NONE,0.0,0.0,512.0,0,-0.022934993054368535,-4.380261017257247,0.0
2026-07-29T07:01:44.790509+00:00,0,NONE,0.0,0.0,512.0,0,-0.022934993054368535,-4.380261017257247,0.0
2026-07-29T07:01:44.807268+00:00,0,NONE,0.0,0.0,512.0,0,0.005128136178464047,0.979401865981122,0.0
2026-07-29T07:01:44.890565+00:00,0,NONE,0.0,0.0,512.0,0,0.004120188886881806,0.7868981133834402,0.0
2026-07-29T07:01:44.940409+00:00,0,NONE,0.0,0.0,512.0,0,0.002070613722607959,0.39545809102436075,0.0
2026-07-29T07:01:44.973900+00:00,0,NONE,0.0,0.0,512.0,0,0.014722865006770008,2.8118600907625653,0.0
2026-07-29T07:01:44.990471+00:00,0,NONE,0.0,0.0,512.0,0,0.0036070666913292373,0.6888989927846112,0.0
2026-07-29T07:01:45.090629+00:00,0,NONE,0.0,0.0,512.0,0,0.05549944126629271,10.599612499642564,0.0
2026-07-29T07:01:45.107223+00:00,0,NONE,0.0,0.0,512.0,0,0.0,0.0,0.0
2026-07-29T07:01:45.173628+00:00,0,NONE,0.0,0.0,512.0,0,2.2684296418447047e-05,0.00433238148666915,0.0
2026-07-29T07:01:45.240590+00:00,0,NONE,0.0,0.0,512.0,0,2.406495696050115e-06,0.00045960682266689656,0.0
2026-07-29T07:01:45.324199+00:00,0,NONE,0.0,0.0,512.0,0,-0.008509230625350028,-1.625143339120076,0.0
2026-07-29T07:01:45.390743+00:00,0,NONE,0.0,0.0,512.0,0,-1.807189139071852e-05,-0.0034514770150232627,0.0
2026-07-29T07:01:45.457554+00:00,0,NONE,0.0,0.0,512.0,0,0.0019287370548408944,0.36836164344291883,0.0
2026-07-29T07:01:45.540884+00:00,0,NONE,0.0,0.0,512.0,0,-0.0038215393327118365,-0.7298602500254304,0.0
2026-07-29T07:01:45.590969+00:00,0,NONE,0.0,0.0,512.0,0,0.0042136013736308086,0.804738584198572,0.0
2026-07-29T07:01:45.640985+00:00,0,NONE,0.0,0.0,512.0,0,0.0038031731852242955,0.7263525742355942,0.0
2026-07-29T07:01:45.690921+00:00,0,NONE,0.0,0.0,512.0,0,-0.008428750439197757,-1.6097727557835682,0.0
2026-07-29T07:01:45.757829+00:00,0,NONE,0.0,0.0,512.0,0,-6.62443635519594e-05,-0.012651741493525107,0.0
2026-07-29T07:01:45.824290+00:00,0,NONE,0.0,0.0,512.0,0,0.0009690879539994057,0.18508216580378006,0.0
2026-07-29T07:01:45.841062+00:00,0,NONE,0.0,0.0,512.0,0,0.000601718636462465,0.11491979441221978,0.0
2026-07-29T07:01:45.907808+00:00,0,NONE,0.0,0.0,512.0,0,0.0,0.0,0.0
2026-07-29T07:01:45.924387+00:00,0,NONE,0.0,0.0,512.0,0,0.0,0.0,0.0
2026-07-29T07:01:45.974577+00:00,0,NONE,0.0,0.0,512.0,0,-0.028883588019234595,-5.5163589689892385,0.0
2026-07-29T07:01:46.058192+00:00,0,NONE,0.0,0.0,512.0,0,-0.0068593941455765165,-1.3100477818609326,0.0
2026-07-29T07:01:46.074572+00:00,0,NONE,0.0,0.0,512.0,0,0.004292997950033168,0.8199022133173827,0.0
2026-07-29T07:01:46.124665+00:00,0,NONE,0.0,0.0,512.0,0,-0.0025500434742662037,-0.487022428834436,0.0
2026-07-29T07:01:46.174604+00:00,0,NONE,0.0,0.0,512.0,0,-0.0036758406668377574,-0.7020338545745255,0.0
2026-07-29T07:01:46.258067+00:00,0,NONE,0.0,0.0,512.0,0,0.008289585624734173,1.5831942340319531,0.0
2026-07-29T07:01:46.341369+00:00,0,NONE,0.0,0.0,512.0,0,0.002644801566930255,0.5051198914489684,0.0
2026-07-29T07:01:46.408125+00:00,0,NONE,0.0,0.0,512.0,0,0.003043992967577651,0.5813598330323408,0.0
2026-07-29T07:01:46.441558+00:00,0,NONE,0.0,0.0,512.0,0,0.0035245758494420443,0.6731444024892207,0.0
2026-07-29T07:01:46.507940+00:00,0,NONE,0.0,0.0,512.0,0,0.002097245951299556,0.40054447203454646,0.0
2026-07-29T07:01:46.558073+00:00,0,NONE,0.0,0.0,512.0,0,0.001663108482316602,0.31763032303049665,0.0
2026-07-29T07:01:46.624747+00:00,0,NONE,0.0,0.0,512.0,0,0.0027172834632801825,0.5189629139554869,0.0
2026-07-29T07:01:46.691645+00:00,0,NONE,0.0,0.0,512.0,0,0.0,0.0,0.0
2026-07-29T07:01:46.741540+00:00,0,NONE,0.0,0.0,512.0,0,-0.023632289691304324,-4.513434865140869,0.0
2026-07-29T07:01:46.808322+00:00,0,NONE,0.0,0.0,512.0,0,0.01551464254851453,2.963078462279914,0.0
2026-07-29T07:01:46.875079+00:00,0,NONE,0.0,0.0,512.0,0,0.004723759627086111,0.9021716335544192,0.0
2026-07-29T07:01:46.925058+00:00,0,NONE,0.0,0.0,512.0,0,-0.006507121748581994,-1.2427687099051221,0.0
2026-07-29T07:01:46.941809+00:00,0,NONE,0.0,0.0,512.0,0,-0.008092329553765012,-1.5455210995323998,0.0
2026-07-29T07:01:47.025163+00:00,0,NONE,0.0,0.0,512.0,0,-0.006431305540900212,-1.2282888808422772,0.0
2026-07-29T07:01:47.075129+00:00,0,NONE,0.0,0.0,512.0,0,-0.0005276237531506922,-0.10076871408795678,0.0
2026-07-29T07:01:47.091863+00:00,0,NONE,0.0,0.0,512.0,0,0.005913809409394162,1.1294544000101316,0.0
2026-07-29T07:01:47.175274+00:00,0,NONE,0.0,0.0,512.0,0,-0.0021358235996376605,-0.40791226014559073,0.0
2026-07-29T07:01:47.225358+00:00,0,NONE,0.0,0.0,512.0,0,-0.020887559144175612,-3.9892299443038413,0.0
2026-07-29T07:01:47.291799+00:00,0,NONE,0.0,0.0,512.0,0,0.009581785781119834,1.829986284855431,0.0
2026-07-29T07:01:47.341898+00:00,0,NONE,0.0,0.0,512.0,0,-0.030280208249023416,-5.783093784820874,0.0
2026-07-29T07:01:47.392322+00:00,0,NONE,0.0,0.0,512.0,0,0.0009166178200393915,0.17506110838246383,0.0
2026-07-29T07:01:47.458723+00:00,0,NONE,0.0,0.0,512.0,0,-0.00850960561991087,-1.625214957805665,0.0
2026-07-29T07:01:47.525630+00:00,0,NONE,0.0,0.0,512.0,0,-0.0191313923074631,-3.653826784755617,0.0
2026-07-29T07:01:47.575531+00:00,0,NONE,0.0,0.0,512.0,0,-0.021511411382234655,-4.108376945239088,0.0
2026-07-29T07:01:47.642199+00:00,0,NONE,0.0,0.0,512.0,0,-0.014210947851242963,-2.7140911158557595,0.0
2026-07-29T07:01:47.692194+00:00,0,NONE,0.0,0.0,512.0,0,-0.007020064229145646,-1.3407335074693507,0.0
2026-07-29T07:01:47.775793+00:00,0,NONE,0.0,0.0,512.0,0,0.006966553997481242,1.3305138060188917,0.0
2026-07-29T07:01:47.842364+00:00,0,NONE,0.0,0.0,512.0,0,0.001031676681013778,0.19703573214717995,0.0
2026-07-29T07:01:47.925699+00:00,0,NONE,0.0,0.0,512.0,0,-0.006085494962171652,-1.162243925268534,0.0
2026-07-29T07:01:47.975648+00:00,0,NONE,0.0,0.0,512.0,0,-0.0021261501287517604,-0.40606476329557484,0.0
2026-07-29T07:01:48.025788+00:00,0,NONE,0.0,0.0,512.0,0,0.011426877793855966,2.1823729019990266,0.0
2026-07-29T07:01:48.075830+00:00,0,NONE,0.0,0.0,512.0,0,-0.019355337427696212,-3.696597152195307,0.0
2026-07-29T07:01:48.125735+00:00,0,NONE,0.0,0.0,512.0,0,0.010129022891342175,1.934500874217683,0.0
2026-07-29T07:01:48.142446+00:00,0,NONE,0.0,0.0,512.0,0,0.002626719724503346,0.5016665139260268,0.0
2026-07-29T07:01:48.242417+00:00,0,NONE,0.0,0.0,512.0,0,0.005933450568481931,1.1332055850783789,0.0
2026-07-29T07:01:48.292606+00:00,0,NONE,0.0,0.0,512.0,0,0.005921370662108529,1.130898492904682,0.0
2026-07-29T07:01:48.342600+00:00,0,NONE,0.0,0.0,512.0,0,0.0032348585312138313,0.6178124705348034,0.0
2026-07-29T07:01:48.392481+00:00,0,NONE,0.0,0.0,512.0,0,-0.010927333795698359,-2.0869670260806203,0.0
2026-07-29T07:01:48.425998+00:00,0,NONE,0.0,0.0,512.0,0,-0.0013512631133198738,-0.2580722446831222,0.0
2026-07-29T07:01:48.492643+00:00,0,NONE,0.0,0.0,512.0,0,-3.581803233828395e-05,-0.006840740278155899,0.0
2026-07-29T07:01:48.526565+00:00,0,NONE,0.0,0.0,512.0,0,-0.008248273239005358,-1.5753041495523612,0.0
2026-07-29T07:01:48.576111+00:00,0,NONE,0.0,0.0,512.0,0,-0.018866811405168847,-3.603295554618204,0.0
2026-07-29T07:01:48.609478+00:00,0,NONE,0.0,0.0,512.0,0,0.004316337498836162,0.8243597387912199,0.0
2026-07-29T07:01:48.676175+00:00,0,NONE,0.0,0.0,512.0,0,0.004316337498836162,0.8243597387912199,0.0
2026-07-29T07:01:48.742876+00:00,0,NONE,0.0,0.0,512.0,0,0.004316337498836162,0.8243597387912199,0.0
2026-07-29T07:01:48.810554+00:00,0,NONE,0.0,0.0,512.0,0,0.004316337498836162,0.8243597387912199,0.0
2026-07-29T07:01:48.826356+00:00,0,NONE,0.0,0.0,512.0,0,0.004316337498836162,0.8243597387912199,0.0
2026-07-29T07:01:48.909629+00:00,0,NONE,0.0,0.0,512.0,0,-0.0007291506044566631,-0.13925750754926558,0.0
2026-07-29T07:01:48.926331+00:00,0,NONE,0.0,0.0,512.0,0,0.009309865557952435,1.7780533476829394,0.0
2026-07-29T07:01:49.026334+00:00,0,NONE,0.0,0.0,512.0,0,0.00043030063272453845,0.08218136725641657,0.0
2026-07-29T07:01:49.093078+00:00,0,NONE,0.0,0.0,512.0,0,-0.001364106651308248,-0.26052517975228817,0.0
2026-07-29T07:01:49.159743+00:00,0,NONE,0.0,0.0,512.0,0,0.03309082912077429,6.3198828306965575,0.0
2026-07-29T07:01:49.193196+00:00,0,NONE,0.0,0.0,512.0,0,0.005415103812192683,1.0342086468794782,0.0
2026-07-29T07:01:49.276676+00:00,0,NONE,0.0,0.0,512.0,0,0.006047784522670554,1.155041761845213,0.0
2026-07-29T07:01:49.343297+00:00,0,NONE,0.0,0.0,512.0,0,-0.03246748089324683,-6.2008320886822785,0.0
2026-07-29T07:01:49.359854+00:00,0,NONE,0.0,0.0,512.0,0,0.014685684025171213,2.804759046350017,0.0
2026-07-29T07:01:49.426669+00:00,0,NONE,0.0,0.0,512.0,0,-0.010045964832106619,-1.9186379533885332,0.0
2026-07-29T07:01:49.443317+00:00,0,NONE,0.0,0.0,512.0,0,-0.014955692762741819,-2.8563269166648544,0.0
2026-07-29T07:01:49.543420+00:00,0,NONE,0.0,0.0,512.0,0,0.004612839033798082,0.8809873606994487,0.0
2026-07-29T07:01:49.609967+00:00,0,NONE,0.0,0.0,512.0,0,0.0008651681803166866,0.1652349510038651,0.0
2026-07-29T07:01:49.693346+00:00,0,NONE,0.0,0.0,512.0,0,-0.006779839281225577,-1.294853921970784,0.0
2026-07-29T07:01:49.743393+00:00,0,NONE,0.0,0.0,512.0,0,-0.06911486007622443,-13.19996594668297,0.0
2026-07-29T07:01:49.776956+00:00,0,NONE,0.0,0.0,512.0,0,-0.0005001351505052299,-0.09551877770029965,0.0
2026-07-29T07:01:49.843574+00:00,0,NONE,0.0,0.0,512.0,0,0.13011069846746978,24.849312972284288,0.0
2026-07-29T07:01:49.910321+00:00,0,NONE,0.0,0.0,512.0,0,-0.006539990330356887,-1.2490461466193954,0.0
2026-07-29T07:01:49.960223+00:00,0,NONE,0.0,0.0,512.0,0,-0.004339397713374637,-0.8287639153502894,0.0
2026-07-29T07:01:50.010234+00:00,0,NONE,0.0,0.0,512.0,0,-0.07534095187438652,-14.389061889668655,0.0
2026-07-29T07:01:50.027030+00:00,0,NONE,0.0,0.0,512.0,0,-0.008086931455109152,-1.5444901386311467,0.0
2026-07-29T07:01:50.076999+00:00,0,NONE,0.0,0.0,512.0,0,-0.006807241994101787,-1.3000874546208363,0.0
2026-07-29T07:01:50.143720+00:00,0,NONE,0.0,0.0,512.0,0,-0.025128252883441747,-4.799142789195512,0.0
2026-07-29T07:01:50.210432+00:00,0,NONE,0.0,0.0,512.0,0,-0.01074638392776251,-2.052408146960041,0.0
2026-07-29T07:01:50.277141+00:00,0,NONE,0.0,0.0,512.0,0,-0.006637540839255962,-1.2676769214502968,0.0
2026-07-29T07:01:50.310485+00:00,0,NONE,0.0,0.0,512.0,0,-0.0012811630935175345,-0.24468412708826376,0.0
2026-07-29T07:01:50.343782+00:00,0,NONE,0.0,0.0,512.0,0,0.0009177596442168579,0.17527918073684656,0.0
2026-07-29T07:01:50.377186+00:00,0,NONE,0.0,0.0,512.0,0,-0.004985437223876943,-0.9521483731852219,0.0
2026-07-29T07:01:50.460640+00:00,0,NONE,0.0,0.0,512.0,0,-0.013708455163286998,-2.618122081668889,0.0
2026-07-29T07:01:50.510624+00:00,0,NONE,0.0,0.0,512.0,0,-0.02396390722482465,-4.576769148751712,0.0
2026-07-29T07:01:50.577158+00:00,0,NONE,0.0,0.0,512.0,0,0.007473340301658027,1.4273028605001015,0.0
2026-07-29T07:01:50.627186+00:00,0,NONE,0.0,0.0,512.0,0,-0.01457872105500428,-2.7843306238341867,0.0
2026-07-29T07:01:50.677369+00:00,0,NONE,0.0,0.0,512.0,0,0.004178802349779289,0.7980924602056816,0.0
2026-07-29T07:01:50.744175+00:00,0,NONE,0.0,0.0,512.0,0,-0.016450317493872716,-3.141779213497107,0.0
2026-07-29T07:01:50.827360+00:00,0,NONE,0.0,0.0,512.0,0,-0.005938310255296528,-1.134133716892485,0.0
2026-07-29T07:01:50.894109+00:00,0,NONE,0.0,0.0,512.0,0,0.0033761622066958807,0.6447994846508288,0.0
2026-07-29T07:01:50.944240+00:00,0,NONE,0.0,0.0,512.0,0,0.008616013935679803,1.6455374491345156,0.0
2026-07-29T07:01:50.994171+00:00,0,NONE,0.0,0.0,512.0,0,-2.4092596395348663e-05,-0.004601346969885263,0.0
2026-07-29T07:01:51.010852+00:00,0,NONE,0.0,0.0,512.0,0,-0.008172183037677314,-1.5607719915577025,0.0
2026-07-29T07:01:51.044313+00:00,0,NONE,0.0,0.0,512.0,0,0.008196458532474936,1.565408269549354,0.0
2026-07-29T07:01:51.127544+00:00,0,NONE,0.0,0.0,512.0,0,-0.0032849995770084205,-0.6273887048828105,0.0
2026-07-29T07:01:51.177533+00:00,0,NONE,0.0,0.0,512.0,0,-0.029724412118666804,-5.676944543023751,0.0
2026-07-29T07:01:51.244491+00:00,0,NONE,0.0,0.0,512.0,0,-0.0004208591259521199,-0.08037817228873735,0.0
2026-07-29T07:01:51.260910+00:00,0,NONE,0.0,0.0,512.0,0,-0.005561340575004578,-1.0621378112754027,0.0
2026-07-29T07:01:51.344235+00:00,0,NONE,0.0,0.0,512.0,0,0.0,0.0,0.0
2026-07-29T07:01:51.360944+00:00,0,NONE,0.0,0.0,512.0,0,0.022863135682564463,4.366537270152995,0.0
2026-07-29T07:01:51.427814+00:00,0,NONE,0.0,0.0,512.0,0,0.005096601047480363,0.9733790996085976,0.0
2026-07-29T07:01:51.494390+00:00,0,NONE,0.0,0.0,512.0,0,-0.025925502803875133,-4.951406308055424,0.0
2026-07-29T07:01:51.511415+00:00,0,NONE,0.0,0.0,512.0,0,0.020164822335136705,3.8511973814482348,0.0
2026-07-29T07:01:51.544579+00:00,0,NONE,0.0,0.0,512.0,0,-0.010741720464429817,-2.05151749107045,0.0
2026-07-29T07:01:51.611292+00:00,0,NONE,0.0,0.0,512.0,0,-0.005931984751659911,-1.132925634686909,0.0
2026-07-29T07:01:51.694742+00:00,0,NONE,0.0,0.0,512.0,0,-0.00479999023936216,-0.9167306080648052,0.0
2026-07-29T07:01:51.761314+00:00,0,NONE,0.0,0.0,512.0,0,0.0015156905708136037,0.2894755758513138,0.0
2026-07-29T07:01:51.778040+00:00,0,NONE,0.0,0.0,512.0,0,-0.0023799480192246846,-0.4545365898736485,0.0
2026-07-29T07:01:51.844626+00:00,0,NONE,0.0,0.0,512.0,0,-0.00201635916801024,-0.3850962343649894,0.0
2026-07-29T07:01:51.861362+00:00,0,NONE,0.0,0.0,512.0,0,0.0025041223372681996,0.47825213769967717,0.0
2026-07-29T07:01:51.994657+00:00,0,NONE,0.0,0.0,512.0,0,0.007587918676581467,1.4491857181887038,0.0
2026-07-29T07:01:52.044709+00:00,0,NONE,0.0,0.0,512.0,0,-0.0034131523966789245,-0.6518640905488806,0.0
2026-07-29T07:01:52.094717+00:00,0,NONE,0.0,0.0,512.0,0,-0.01801904784311773,-3.4413846408498503,0.0
2026-07-29T07:01:52.194936+00:00,0,NONE,0.0,0.0,512.0,0,0.00739814839544124,1.4129422642342169,0.0
2026-07-29T07:01:52.228282+00:00,0,NONE,0.0,0.0,512.0,0,-0.0013613081023504492,-0.2599906962721461,0.0
2026-07-29T07:01:52.294952+00:00,0,NONE,0.0,0.0,512.0,0,-0.0032396726569277235,-0.6187319008196415,0.0
2026-07-29T07:01:52.328297+00:00,0,NONE,0.0,0.0,512.0,0,0.00491112382146639,0.9379555587872818,0.0
2026-07-29T07:01:52.395084+00:00,0,NONE,0.0,0.0,512.0,0,-0.0005845022272887945,-0.11163170246548101,0.0
2026-07-29T07:01:52.445106+00:00,0,NONE,0.0,0.0,512.0,0,-0.004389329953846754,-0.8383002708192381,0.0
2026-07-29T07:01:52.512949+00:00,0,NONE,0.0,0.0,512.0,0,0.01238845766405575,2.366021129422977,0.0
2026-07-29T07:01:52.528514+00:00,0,NONE,0.0,0.0,512.0,0,-0.005152429778099758,-0.9840416017421448,0.0
2026-07-29T07:01:52.595130+00:00,0,NONE,0.0,0.0,512.0,0,0.01568362907441042,2.9953525113746227,0.0
2026-07-29T07:01:52.645962+00:00,0,NONE,0.0,0.0,512.0,0,0.0017965201148763298,0.3431100679759051,0.0
2026-07-29T07:01:52.712058+00:00,0,NONE,0.0,0.0,512.0,0,-0.0021095535924541766,-0.4028950583476174,0.0
2026-07-29T07:01:52.762009+00:00,0,NONE,0.0,0.0,512.0,0,-0.010370698935876135,-1.980657598755055,0.0
2026-07-29T07:01:52.812110+00:00,0,NONE,0.0,0.0,512.0,0,0.004497716464848054,0.8590005696076473,0.0
2026-07-29T07:01:52.862018+00:00,0,NONE,0.0,0.0,512.0,0,0.011512071848555934,2.1986437679120763,0.0
2026-07-29T07:01:52.912013+00:00,0,NONE,0.0,0.0,512.0,0,3.013653215020895e-05,0.005755653671224295,0.0
2026-07-29T07:01:52.978819+00:00,0,NONE,0.0,0.0,512.0,0,0.002489215974928811,0.4754052321998781,0.0
2026-07-29T07:01:53.028644+00:00,0,NONE,0.0,0.0,512.0,0,0.002376546523591969,0.45388695206102586,0.0
2026-07-29T07:01:53.045331+00:00,0,NONE,0.0,0.0,512.0,0,-0.0017827425477298675,-0.34047874647773707,0.0
2026-07-29T07:01:53.078753+00:00,0,NONE,0.0,0.0,512.0,0,0.0018355257262192026,0.3505595910001525,0.0
2026-07-29T07:01:53.145520+00:00,0,NONE,0.0,0.0,512.0,0,-0.0014656989692593925,-0.2799278832507939,0.0
2026-07-29T07:01:53.229912+00:00,0,NONE,0.0,0.0,512.0,0,0.007819501367557678,1.493414754192768,0.0
2026-07-29T07:01:53.245525+00:00,0,NONE,0.0,0.0,512.0,0,0.009151183803478489,1.7477473649593118,0.0
2026-07-29T07:01:53.312205+00:00,0,NONE,0.0,0.0,512.0,0,-0.008176436481153359,-1.5615843394229518,0.0
2026-07-29T07:01:53.362368+00:00,0,NONE,0.0,0.0,512.0,0,-0.0032813198152143743,-0.6266859221481027,0.0
2026-07-29T07:01:53.429046+00:00,0,NONE,0.0,0.0,512.0,0,0.00113124683368369,0.21605223052537736,0.0
2026-07-29T07:01:53.478877+00:00,0,NONE,0.0,0.0,512.0,0,0.0027161716170667205,0.5187505669704903,0.0
2026-07-29T07:01:53.545728+00:00,0,NONE,0.0,0.0,512.0,0,0.001277657003229251,0.24401451316789557,0.0
2026-07-29T07:01:53.562360+00:00,0,NONE,0.0,0.0,512.0,0,0.010758135421201586,2.05465251688349,0.0
2026-07-29T07:01:53.595823+00:00,0,NONE,0.0,0.0,512.0,0,0.0012742925767088309,0.2433719550342224,0.0
2026-07-29T07:01:53.628878+00:00,0,NONE,0.0,0.0,512.0,0,0.0,0.0,0.0
2026-07-29T07:01:53.745510+00:00,0,NONE,0.0,0.0,512.0,0,0.05506884083617478,10.517373875301647,0.0
2026-07-29T07:01:53.795835+00:00,0,NONE,0.0,0.0,512.0,0,-4.116377444006503e-05,-0.0078617018141474,0.0
2026-07-29T07:01:53.862526+00:00,0,NONE,0.0,0.0,512.0,0,2.6122124399989843e-05,0.004988958266783753,0.0
2026-07-29T07:01:53.929654+00:00,0,NONE,0.0,0.0,512.0,0,-0.014339382749894866,-2.738620374638908,0.0
2026-07-29T07:01:53.962515+00:00,0,NONE,0.0,0.0,512.0,0,-0.006575616626359988,-1.2558502679549337,0.0
2026-07-29T07:01:53.996086+00:00,0,NONE,0.0,0.0,512.0,0,0.0004936320414708462,0.09427677536235438,0.0
2026-07-29T07:01:54.029299+00:00,0,NONE,0.0,0.0,512.0,0,-0.009114649371040286,-1.7407698023405955,0.0
2026-07-29T07:01:54.079249+00:00,0,NONE,0.0,0.0,512.0,0,-3.691615856951102e-05,-0.0070504669395622934,0.0
2026-07-29T07:01:54.129350+00:00,0,NONE,0.0,0.0,512.0,0,-3.691615856951102e-05,-0.0070504669395622934,0.0
2026-07-29T07:01:54.212681+00:00,0,NONE,0.0,0.0,512.0,0,-1.4457827783189714e-05,-0.0027612417096791785,0.0
2026-07-29T07:01:54.279437+00:00,0,NONE,0.0,0.0,512.0,0,-9.638442570576444e-06,-0.0018408069345775145,0.0
2026-07-29T07:01:54.329535+00:00,0,NONE,0.0,0.0,512.0,0,1.960797904757783e-05,0.003744848147357191,0.0
2026-07-29T07:01:54.346017+00:00,0,NONE,0.0,0.0,512.0,0,-1.6064984156400896e-05,-0.003068185967021022,0.0
2026-07-29T07:01:54.396095+00:00,0,NONE,0.0,0.0,512.0,0,-0.0013924793185651652,-0.26594396004345605,0.0
2026-07-29T07:01:54.496191+00:00,0,NONE,0.0,0.0,512.0,0,0.006128650081518572,1.1704859459450736,0.0
2026-07-29T07:01:54.512923+00:00,0,NONE,0.0,0.0,512.0,0,-4.2830377933569255e-05,-0.008179999635145903,0.0
2026-07-29T07:01:54.612878+00:00,0,NONE,0.0,0.0,512.0,0,-0.005105311609295313,-0.9750426943725459,0.0
2026-07-29T07:01:54.662952+00:00,0,NONE,0.0,0.0,512.0,0,-0.0026981812153826466,-0.5153146533430153,0.0
2026-07-29T07:01:54.713043+00:00,0,NONE,0.0,0.0,512.0,0,-0.03316854507662356,-6.334725484933186,0.0
2026-07-29T07:01:54.762984+00:00,0,NONE,0.0,0.0,512.0,0,-7.756495324429125e-06,-0.0014813814863424838,0.0
2026-07-29T07:01:54.846456+00:00,0,NONE,0.0,0.0,512.0,0,0.002086556950380327,0.3985030232349356,0.0
2026-07-29T07:01:54.896370+00:00,0,NONE,0.0,0.0,512.0,0,3.4193511237390335e-05,0.006530479602118731,0.0
2026-07-29T07:01:54.946407+00:00,0,NONE,0.0,0.0,512.0,0,0.006164948921468749,1.1774185137129605,0.0
2026-07-29T07:01:55.029846+00:00,0,NONE,0.0,0.0,512.0,0,9.171584533760324e-06,0.0017516436174397584,0.0
2026-07-29T07:01:55.096667+00:00,0,NONE,0.0,0.0,512.0,0,-0.029905278884689322,-5.711487550847986,0.0
2026-07-29T07:01:55.129798+00:00,0,NONE,0.0,0.0,512.0,0,-5.6379361194558444e-06,-0.0010767664826972835,0.0
2026-07-29T07:01:55.196480+00:00,0,NONE,0.0,0.0,512.0,0,-3.9910775085445495e-05,-0.007622396564973014,0.0
2026-07-29T07:01:55.213329+00:00,0,NONE,0.0,0.0,512.0,0,-0.00027682667801855133,-0.052870001023633165,0.0
2026-07-29T07:01:55.296648+00:00,0,NONE,0.0,0.0,512.0,0,0.0027276882882142674,0.5209500891398053,0.0
2026-07-29T07:01:55.313391+00:00,0,NONE,0.0,0.0,512.0,0,-1.3758099958067759e-05,-0.002627603539054658,0.0
2026-07-29T07:01:55.330234+00:00,0,NONE,0.0,0.0,512.0,0,-3.710199125634972e-06,-0.0007085958368400406,0.0
2026-07-29T07:01:55.379998+00:00,0,NONE,0.0,0.0,512.0,0,9.05346758372616e-06,0.0017290849416867072,0.0
2026-07-29T07:01:55.463485+00:00,0,NONE,0.0,0.0,512.0,0,0.010104154298023787,1.9297513227524465,0.0
2026-07-29T07:01:55.480049+00:00,0,NONE,0.0,0.0,512.0,0,5.059343711764086e-06,0.0009662634726337819,0.0
2026-07-29T07:01:55.546714+00:00,0,NONE,0.0,0.0,512.0,0,-9.085933925234713e-06,-0.0017352855561689423,0.0
2026-07-29T07:01:55.580705+00:00,0,NONE,0.0,0.0,512.0,0,-0.0013911367155378684,-0.2656875417533707,0.0
2026-07-29T07:01:55.630191+00:00,0,NONE,0.0,0.0,512.0,0,0.0031586722457723226,0.603261961826212,0.0
2026-07-29T07:01:55.663539+00:00,0,NONE,0.0,0.0,512.0,0,-0.003652620656921499,-0.6975991593463471,0.0
2026-07-29T07:01:55.698865+00:00,0,NONE,0.0,0.0,512.0,0,0.0038192481981241143,0.7294226755515207,0.0
2026-07-29T07:01:55.796991+00:00,0,NONE,0.0,0.0,512.0,0,2.745571226114407e-05,0.005243654786963806,0.0
2026-07-29T07:01:55.813554+00:00,0,NONE,0.0,0.0,512.0,0,0.0022373886257992127,0.42730975129623316,0.0
2026-07-29T07:01:55.897122+00:00,0,NONE,0.0,0.0,512.0,0,-1.111928213504143e-05,-0.0021236264585102966,0.0
2026-07-29T07:01:55.963636+00:00,0,NONE,0.0,0.0,512.0,0,-0.0038943056151038036,-0.7437575862651533,0.0
2026-07-29T07:01:56.013769+00:00,0,NONE,0.0,0.0,512.0,0,-0.003714838408341166,-0.7094818745701504,0.0
2026-07-29T07:01:56.063743+00:00,0,NONE,0.0,0.0,512.0,0,0.001721095383818465,0.3287050054408219,0.0
2026-07-29T07:01:56.113794+00:00,0,NONE,0.0,0.0,512.0,0,3.660097652755212e-05,0.0069902716036204255,0.0
2026-07-29T07:01:56.163830+00:00,0,NONE,0.0,0.0,512.0,0,0.0032002207095501944,0.6111971338919593,0.0
2026-07-29T07:01:56.180435+00:00,0,NONE,0.0,0.0,512.0,0,-0.008100410354090854,-1.5470644187115958,0.0
2026-07-29T07:01:56.280491+00:00,0,NONE,0.0,0.0,512.0,0,-0.0013743776427872945,-0.26248679462950214,0.0
2026-07-29T07:01:56.297213+00:00,0,NONE,0.0,0.0,512.0,0,0.00837715473055141,1.5999187012954939,0.0
2026-07-29T07:01:56.363919+00:00,0,NONE,0.0,0.0,512.0,0,0.007613188943360001,1.4540119836339696,0.0
2026-07-29T07:01:56.397306+00:00,0,NONE,0.0,0.0,512.0,0,9.755040082382038e-06,0.0018630754190048057,0.0
2026-07-29T07:01:56.430554+00:00,0,NONE,0.0,0.0,512.0,0,-0.006688994836295024,-1.2775039110150195,0.0
2026-07-29T07:01:56.497370+00:00,0,NONE,0.0,0.0,512.0,0,-2.725287980865687e-05,-0.005204916642044457,0.0
2026-07-29T07:01:56.547371+00:00,0,NONE,0.0,0.0,512.0,0,-2.796088836475974e-05,-0.0053401363157906095,0.0
2026-07-29T07:01:56.564042+00:00,0,NONE,0.0,0.0,512.0,0,-0.00541536723903846,-1.0342589577010566,0.0
2026-07-29T07:01:56.597350+00:00,0,NONE,0.0,0.0,512.0,0,-3.241643578803632e-05,-0.006191083191704401,0.0
2026-07-29T07:01:56.664273+00:00,0,NONE,0.0,0.0,512.0,0,-1.3584954067482612e-05,-0.002594535109819449,0.0
2026-07-29T07:01:56.714003+00:00,0,NONE,0.0,0.0,512.0,0,0.002016262508841464,0.38507777382358244,0.0
2026-07-29T07:01:56.780860+00:00,0,NONE,0.0,0.0,512.0,0,-0.0016972758970223367,-0.32415581856220277,0.0
2026-07-29T07:01:56.814122+00:00,0,NONE,0.0,0.0,512.0,0,0.005501007192506222,1.0506149840057217,0.0
2026-07-29T07:01:56.897666+00:00,0,NONE,0.0,0.0,512.0,0,0.01035419752006419,1.9775060604816723,0.0
2026-07-29T07:01:56.914222+00:00,0,NONE,0.0,0.0,512.0,0,-0.007436795528628863,-1.420323322973986,0.0
2026-07-29T07:01:57.014236+00:00,0,NONE,0.0,0.0,512.0,0,0.00849696147168288,1.6228001033756592,0.0
2026-07-29T07:01:57.081005+00:00,0,NONE,0.0,0.0,512.0,0,-0.011583452178747393,-2.2122764067794787,0.0
2026-07-29T07:01:57.097676+00:00,0,NONE,0.0,0.0,512.0,0,-0.00020564831880619749,-0.039275935771853177,0.0
2026-07-29T07:01:57.181073+00:00,0,NONE,0.0,0.0,512.0,0,-0.008705282953451387,-1.6625865756664826,0.0
2026-07-29T07:01:57.231327+00:00,0,NONE,0.0,0.0,512.0,0,-2.129976426658686e-05,-0.004067955323663302,0.0
2026-07-29T07:01:57.247859+00:00,0,NONE,0.0,0.0,512.0,0,0.003449817063374212,0.6588665260785267,0.0
2026-07-29T07:01:57.297638+00:00,0,NONE,0.0,0.0,512.0,0,0.003449817063374212,0.6588665260785267,0.0
2026-07-29T07:01:57.347911+00:00,0,NONE,0.0,0.0,512.0,0,0.003452661890769377,0.6594098480891472,0.0
2026-07-29T07:01:57.431247+00:00,0,NONE,0.0,0.0,512.0,0,-0.003153590931888175,-0.6022915023597356,0.0
2026-07-29T07:01:57.447813+00:00,0,NONE,0.0,0.0,512.0,0,-0.002502883868000936,-0.4780156074927743,0.0
2026-07-29T07:01:57.547870+00:00,0,NONE,0.0,0.0,512.0,0,0.008226329952012747,1.5711132904412914,0.0
2026-07-29T07:01:57.597862+00:00,0,NONE,0.0,0.0,512.0,0,-0.020378985177958383,-3.892099471522254,0.0
2026-07-29T07:01:57.647789+00:00,0,NONE,0.0,0.0,512.0,0,9.753574908245354e-05,0.018627955913571935,0.0
2026-07-29T07:01:57.714721+00:00,0,NONE,0.0,0.0,512.0,0,-0.01207982388063101,-2.3070764187383364,0.0
2026-07-29T07:01:57.764737+00:00,0,NONE,0.0,0.0,512.0,0,-1.2953777331858872e-05,-0.0024739892328924993,0.0
2026-07-29T07:01:57.814789+00:00,0,NONE,0.0,0.0,512.0,0,-7.934497698443011e-06,-0.0015153774355901662,0.0
2026-07-29T07:01:57.881459+00:00,0,NONE,0.0,0.0,512.0,0,0.002954461813205853,0.5642606420975467,0.0
2026-07-29T07:01:57.931393+00:00,0,NONE,0.0,0.0,512.0,0,0.010703084897832013,2.0441386413866143,0.0
2026-07-29T07:01:57.981648+00:00,0,NONE,0.0,0.0,512.0,0,0.0351907183683943,6.720932135141653,0.0
2026-07-29T07:01:58.048216+00:00,0,NONE,0.0,0.0,512.0,0,0.004875212727201869,0.9310970449904369,0.0
2026-07-29T07:01:58.064724+00:00,0,NONE,0.0,0.0,512.0,0,-0.029007690922589972,-5.540060877614516,0.0
2026-07-29T07:01:58.148233+00:00,0,NONE,0.0,0.0,512.0,0,0.011413475068984553,2.179813170102004,0.0
2026-07-29T07:01:58.214909+00:00,0,NONE,0.0,0.0,512.0,0,0.027553682499565184,5.262365724228539,0.0
2026-07-29T07:01:58.264910+00:00,0,NONE,0.0,0.0,512.0,0,-2.5207705039065332e-05,-0.004814317033163672,0.0
2026-07-29T07:01:58.331511+00:00,0,NONE,0.0,0.0,512.0,0,0.0019349656542181038,0.36955121829822524,0.0
2026-07-29T07:01:58.398507+00:00,0,NONE,0.0,0.0,512.0,0,0.004957360730986693,0.9467861580314206,0.0
2026-07-29T07:01:58.448451+00:00,0,NONE,0.0,0.0,512.0,0,-0.023566223256057128,-4.500817105450407,0.0
2026-07-29T07:01:58.498392+00:00,0,NONE,0.0,0.0,512.0,0,0.0011181202542502433,0.21354523852211163,0.0
2026-07-29T07:01:58.565075+00:00,0,NONE,0.0,0.0,512.0,0,0.024969575682189316,4.7688376760731375,0.0
2026-07-29T07:01:58.615076+00:00,0,NONE,0.0,0.0,512.0,0,-0.026670255038188772,-5.093643507419123,0.0
2026-07-29T07:01:58.665243+00:00,0,NONE,0.0,0.0,512.0,0,-0.0713630950730294,-13.629347202251413,0.0
2026-07-29T07:01:58.715239+00:00,0,NONE,0.0,0.0,512.0,0,0.0062010971384006556,1.1843223146033657,0.0
2026-07-29T07:01:58.781931+00:00,0,NONE,0.0,0.0,512.0,0,0.007047766739851795,1.3460242972872782,0.0
2026-07-29T07:01:58.848492+00:00,0,NONE,0.0,0.0,512.0,0,-0.006854523120564409,-1.309117484610611,0.0
2026-07-29T07:01:58.915246+00:00,0,NONE,0.0,0.0,512.0,0,-0.004067740186583251,-0.7768811494899276,0.0
2026-07-29T07:01:58.931914+00:00,0,NONE,0.0,0.0,512.0,0,0.004746642445679754,0.9065419299836834,0.0
2026-07-29T07:01:58.981955+00:00,0,NONE,0.0,0.0,512.0,0,0.007809349629387725,1.4914759150199008,0.0
2026-07-29T07:01:59.048672+00:00,0,NONE,0.0,0.0,512.0,0,0.005326381693885196,1.0172639704512139,0.0
2026-07-29T07:01:59.065332+00:00,0,NONE,0.0,0.0,512.0,0,0.0062302990197349575,1.1898994631176902,0.0
2026-07-29T07:01:59.148807+00:00,0,NONE,0.0,0.0,512.0,0,-0.0020692747284192592,-0.39520236197167724,0.0
2026-07-29T07:01:59.165393+00:00,0,NONE,0.0,0.0,512.0,0,-0.0015002460649702698,-0.28652589251301985,0.0
2026-07-29T07:01:59.215410+00:00,0,NONE,0.0,0.0,512.0,0,-0.008312585140229202,-1.5875868179276564,0.0
2026-07-29T07:01:59.248934+00:00,0,NONE,0.0,0.0,512.0,0,0.003601043724484043,0.6877486908500217,0.0
2026-07-29T07:01:59.315531+00:00,0,NONE,0.0,0.0,512.0,0,-0.02022919214796275,-3.863491110124833,0.0
2026-07-29T07:01:59.382246+00:00,0,NONE,0.0,0.0,512.0,0,-0.010748696260752694,-2.052849770030596,0.0
2026-07-29T07:01:59.432312+00:00,0,NONE,0.0,0.0,512.0,0,0.001656940363754984,0.31645229916010664,0.0
2026-07-29T07:01:59.499056+00:00,0,NONE,0.0,0.0,512.0,0,0.016344630106541445,3.12159440935762,0.0
2026-07-29T07:01:59.548864+00:00,0,NONE,0.0,0.0,512.0,0,-0.01090728957875399,-2.0831388626320972,0.0
2026-07-29T07:01:59.615721+00:00,0,NONE,0.0,0.0,512.0,0,0.004892587752547115,0.9344154303944883,0.0
2026-07-29T07:01:59.665792+00:00,0,NONE,0.0,0.0,512.0,0,-0.00317789166176226,-0.6069325998959775,0.0
2026-07-29T07:01:59.682367+00:00,0,NONE,0.0,0.0,512.0,0,0.024711101751599927,4.719472791616706,0.0
2026-07-29T07:01:59.765801+00:00,0,NONE,0.0,0.0,512.0,0,-0.011723198324616532,-2.238965954651216,0.0
2026-07-29T07:01:59.815821+00:00,0,NONE,0.0,0.0,512.0,0,0.021160771951836067,4.041409746930053,0.0
2026-07-29T07:01:59.848951+00:00,0,NONE,0.0,0.0,512.0,0,0.0011589484712749255,0.22134285359063985,0.0
2026-07-29T07:01:59.949132+00:00,0,NONE,0.0,0.0,512.0,0,0.0174806978891138,3.338567373298226,0.0
2026-07-29T07:01:59.965897+00:00,0,NONE,0.0,0.0,512.0,0,-0.005399927121761721,-1.0313101125172428,0.0
2026-07-29T07:02:00.015789+00:00,0,NONE,0.0,0.0,512.0,0,0.02795964233810082,5.339898342228221,0.0
2026-07-29T07:02:00.082588+00:00,0,NONE,0.0,0.0,512.0,0,-0.02060879245909746,-3.9359894292244055,0.0
2026-07-29T07:02:00.149214+00:00,0,NONE,0.0,0.0,512.0,0,0.0019574414525413888,0.37384377958193005,0.0
2026-07-29T07:02:00.165875+00:00,0,NONE,0.0,0.0,512.0,0,-0.005347793753026053,-1.0213533725160657,0.0
2026-07-29T07:02:00.249288+00:00,0,NONE,0.0,0.0,512.0,0,0.009591502701368881,1.8318420799225497,0.0
2026-07-29T07:02:00.299346+00:00,0,NONE,0.0,0.0,512.0,0,-0.0008418561937287449,-0.16078268952534963,0.0
2026-07-29T07:02:00.332669+00:00,0,NONE,0.0,0.0,512.0,0,0.0040440419578226285,0.7723551211901969,0.0
2026-07-29T07:02:00.399364+00:00,0,NONE,0.0,0.0,512.0,0,-0.007453415812924504,-1.4234975634554787,0.0
2026-07-29T07:02:00.449502+00:00,0,NONE,0.0,0.0,512.0,0,-0.0072211929864715784,-1.3791462705809734,0.0
2026-07-29T07:02:00.466029+00:00,0,NONE,0.0,0.0,512.0,0,-0.020770054748281835,-3.9667882577740157,0.0
2026-07-29T07:02:00.566050+00:00,0,NONE,0.0,0.0,512.0,0,-0.023282772643724456,-4.446682026160204,0.0
2026-07-29T07:02:00.616036+00:00,0,NONE,0.0,0.0,512.0,0,-0.0018111697270069272,-0.34590793779786133,0.0
2026-07-29T07:02:00.649619+00:00,0,NONE,0.0,0.0,512.0,0,-0.0055012148973764856,-1.0506546527138898,0.0
2026-07-29T07:02:00.733046+00:00,0,NONE,0.0,0.0,512.0,0,0.00041095717693679035,0.07848703933029699,0.0
2026-07-29T07:02:00.749556+00:00,0,NONE,0.0,0.0,512.0,0,0.00451276738429442,0.8618750834812078,0.0
2026-07-29T07:02:00.799620+00:00,0,NONE,0.0,0.0,512.0,0,-0.012145817157434067,-2.3196802061951822,0.0
2026-07-29T07:02:00.899754+00:00,0,NONE,0.0,0.0,512.0,0,-0.009603929090953898,-1.834215345515239,0.0
2026-07-29T07:02:00.949744+00:00,0,NONE,0.0,0.0,512.0,0,-0.028258327640360223,-5.396943032968397,0.0
2026-07-29T07:02:00.983064+00:00,0,NONE,0.0,0.0,512.0,0,0.007537956772139296,1.4396436973187963,0.0
2026-07-29T07:02:01.049759+00:00,0,NONE,0.0,0.0,512.0,0,0.00920139683643356,1.757337347842235,0.0
2026-07-29T07:02:01.099774+00:00,0,NONE,0.0,0.0,512.0,0,0.04198498021811247,8.01854056479365,0.0
2026-07-29T07:02:01.133158+00:00,0,NONE,0.0,0.0,512.0,0,-0.006711455864133313,-1.2817936513438857,0.0
2026-07-29T07:02:01.183221+00:00,0,NONE,0.0,0.0,512.0,0,-0.004753994359634817,-0.9079460421202448,0.0
2026-07-29T07:02:01.233247+00:00,0,NONE,0.0,0.0,512.0,0,-0.011527516819041921,-2.20159353999058,0.0
2026-07-29T07:02:01.283326+00:00,0,NONE,0.0,0.0,512.0,0,-0.011527516819041921,-2.20159353999058,0.0
2026-07-29T07:02:01.349869+00:00,0,NONE,0.0,0.0,512.0,0,-0.011527516819041921,-2.20159353999058,0.0
2026-07-29T07:02:01.399901+00:00,0,NONE,0.0,0.0,512.0,0,-0.011527516819041921,-2.20159353999058,0.0
2026-07-29T07:02:01.416533+00:00,0,NONE,0.0,0.0,512.0,0,-0.011527516819041921,-2.20159353999058,0.0
2026-07-29T07:02:01.500638+00:00,0,NONE,0.0,0.0,512.0,0,-0.011527516819041921,-2.20159353999058,0.0
2026-07-29T07:02:01.550042+00:00,0,NONE,0.0,0.0,512.0,0,0.0017566991708008572,0.3355048278700682,0.0
2026-07-29T07:02:01.599983+00:00,0,NONE,0.0,0.0,512.0,0,0.0018677127989940345,0.35670686908308014,0.0
2026-07-29T07:02:01.666648+00:00,0,NONE,0.0,0.0,512.0,0,-0.03933031985536218,-7.511537782039451,0.0
2026-07-29T07:02:01.716707+00:00,0,NONE,0.0,0.0,512.0,0,0.03977527628478129,7.596518200282535,0.0
2026-07-29T07:02:01.766711+00:00,0,NONE,0.0,0.0,512.0,0,0.018885018992004916,3.606772947554286,0.0
2026-07-29T07:02:01.850153+00:00,0,NONE,0.0,0.0,512.0,0,-0.00022689408389851452,-0.043333578012906965,0.0
2026-07-29T07:02:01.933490+00:00,0,NONE,0.0,0.0,512.0,0,-0.00022689408389851452,-0.043333578012906965,0.0
2026-07-29T07:02:02.000179+00:00,0,NONE,0.0,0.0,512.0,0,-0.00022689408389851452,-0.043333578012906965,0.0
2026-07-29T07:02:02.066955+00:00,0,NONE,0.0,0.0,512.0,0,-0.01082034122038749,-2.0665329493987925,0.0
2026-07-29T07:02:02.117018+00:00,0,NONE,0.0,0.0,512.0,0,-0.004805576806538738,-0.9177975638020861,0.0
2026-07-29T07:02:02.133476+00:00,0,NONE,0.0,0.0,512.0,0,0.0,0.0,0.0
2026-07-29T07:02:02.167014+00:00,0,NONE,0.0,0.0,512.0,0,0.01384269031084841,2.643759106394172,0.0
2026-07-29T07:02:02.250403+00:00,0,NONE,0.0,0.0,512.0,0,-0.04518650849291589,-8.629987425253768,0.0
2026-07-29T07:02:02.267026+00:00,0,NONE,0.0,0.0,512.0,0,0.06715292073204182,12.825263133075211,0.0
2026-07-29T07:02:02.350339+00:00,0,NONE,0.0,0.0,512.0,0,-0.08134000146063045,-15.534795964273586,0.0
2026-07-29T07:02:02.417147+00:00,0,NONE,0.0,0.0,512.0,0,0.017751167886017355,3.3902233376565265,0.0
2026-07-29T07:02:02.500479+00:00,0,NONE,0.0,0.0,512.0,0,0.04722502192482352,9.019314812350558,0.0
2026-07-29T07:02:02.517108+00:00,0,NONE,0.0,0.0,512.0,0,-0.014297940865217242,-2.730705557681922,0.0
2026-07-29T07:02:02.600472+00:00,0,NONE,0.0,0.0,512.0,0,-0.03431635234621353,-6.553940525739653,0.0
2026-07-29T07:02:02.700783+00:00,0,NONE,0.0,0.0,512.0,0,0.03788929354865104,7.236322030233208,0.0
2026-07-29T07:02:02.767179+00:00,0,NONE,0.0,0.0,512.0,0,0.011767291444120928,2.247387120161776,0.0
2026-07-29T07:02:02.783956+00:00,0,NONE,0.0,0.0,512.0,0,0.010704368028091266,2.0443837012146835,0.0
2026-07-29T07:02:02.900788+00:00,0,NONE,0.0,0.0,512.0,0,0.015298570420782198,2.921811725648333,0.0
2026-07-29T07:02:02.933962+00:00,0,NONE,0.0,0.0,512.0,0,0.0,0.0,0.0
2026-07-29T07:02:03.000495+00:00,0,NONE,0.0,0.0,512.0,0,6.109772046329453e-05,0.011668805068056206,0.0
2026-07-29T07:02:03.067338+00:00,0,NONE,0.0,0.0,512.0,0,-8.986892440589145e-05,-0.0171637002594594,0.0
2026-07-29T07:02:03.150832+00:00,0,NONE,0.0,0.0,512.0,0,0.02196362025861163,4.1947424788216,0.0
2026-07-29T07:02:03.217557+00:00,0,NONE,0.0,0.0,512.0,0,-3.682087553897872e-05,-0.007032269221199904,0.0
2026-07-29T07:02:03.284178+00:00,0,NONE,0.0,0.0,512.0,0,-1.152196644397918e-05,-0.0022005334964378806,0.0
2026-07-29T07:02:03.334207+00:00,0,NONE,0.0,0.0,512.0,0,6.671619834378362e-05,0.012741855300854981,0.0
2026-07-29T07:02:03.434381+00:00,0,NONE,0.0,0.0,512.0,0,5.070684186648577e-05,0.009684293437956334,0.0
2026-07-29T07:02:03.484446+00:00,0,NONE,0.0,0.0,512.0,0,1.389004410157213e-05,0.0026528030142355546,0.0
2026-07-29T07:02:03.550979+00:00,0,NONE,0.0,0.0,512.0,0,-0.027607256319606678,-5.272597570164443,0.0
2026-07-29T07:02:03.600959+00:00,0,NONE,0.0,0.0,512.0,0,-0.004960295498167397,-0.94734665727578,0.0
2026-07-29T07:02:03.684486+00:00,0,NONE,0.0,0.0,512.0,0,-6.732389811077156e-06,-0.0012857917407053288,0.0
2026-07-29T07:02:03.734458+00:00,0,NONE,0.0,0.0,512.0,0,-0.027622798518277706,-5.275565911458456,0.0
2026-07-29T07:02:03.750935+00:00,0,NONE,0.0,0.0,512.0,0,-4.687776257924269e-05,-0.008952993162689701,0.0
2026-07-29T07:02:03.817820+00:00,0,NONE,0.0,0.0,512.0,0,6.3194477115757765e-06,0.001206925609089661,0.0
2026-07-29T07:02:03.867689+00:00,0,NONE,0.0,0.0,512.0,0,-0.01031884466880001,-1.970754163244368,0.0
2026-07-29T07:02:03.917841+00:00,0,NONE,0.0,0.0,512.0,0,0.01838068024488166,3.5104513420373586,0.0
2026-07-29T07:02:03.951218+00:00,0,NONE,0.0,0.0,512.0,0,0.009148710215376922,1.7472749444310667,0.0
2026-07-29T07:02:03.984629+00:00,0,NONE,0.0,0.0,512.0,0,0.02556449029536452,4.882457997758461,0.0
2026-07-29T07:02:04.017845+00:00,0,NONE,0.0,0.0,512.0,0,0.02556449029536452,4.882457997758461,0.0
2026-07-29T07:02:04.101263+00:00,0,NONE,0.0,0.0,512.0,0,-0.023677817645366302,-4.522130063866259,0.0
2026-07-29T07:02:04.151376+00:00,0,NONE,0.0,0.0,512.0,0,0.026354817322571764,5.033399341405448,0.0
2026-07-29T07:02:04.201335+00:00,0,NONE,0.0,0.0,512.0,0,0.0021672264335302316,0.4139097596349064,0.0
2026-07-29T07:02:04.218047+00:00,0,NONE,0.0,0.0,512.0,0,3.7942259805276986e-05,0.00724643784010412,0.0
2026-07-29T07:02:04.318019+00:00,0,NONE,0.0,0.0,512.0,0,-0.012948833749105689,-2.473045078134396,0.0
2026-07-29T07:02:04.334627+00:00,0,NONE,0.0,0.0,512.0,0,-0.062180804070085284,-11.875658799819263,0.0
2026-07-29T07:02:04.401310+00:00,0,NONE,0.0,0.0,512.0,0,0.040458402834683514,7.726985760891638,0.0
2026-07-29T07:02:04.451455+00:00,0,NONE,0.0,0.0,512.0,0,-0.012450056620436953,-2.3777856634998216,0.0
2026-07-29T07:02:04.534822+00:00,0,NONE,0.0,0.0,512.0,0,1.1766354364226573e-05,0.0022472081510850656,0.0
2026-07-29T07:02:04.584919+00:00,0,NONE,0.0,0.0,512.0,0,0.0039327578747179355,0.7511014268939236,0.0
2026-07-29T07:02:04.601504+00:00,0,NONE,0.0,0.0,512.0,0,0.0039327578747179355,0.7511014268939236,0.0
2026-07-29T07:02:04.668279+00:00,0,NONE,0.0,0.0,512.0,0,0.0039327578747179355,0.7511014268939236,0.0
2026-07-29T07:02:04.734857+00:00,0,NONE,0.0,0.0,512.0,0,0.0039327578747179355,0.7511014268939236,0.0
2026-07-29T07:02:04.751568+00:00,0,NONE,0.0,0.0,512.0,0,0.0039327578747179355,0.7511014268939236,0.0
2026-07-29T07:02:04.784932+00:00,0,NONE,0.0,0.0,512.0,0,0.0039327578747179355,0.7511014268939236,0.0
2026-07-29T07:02:04.851568+00:00,0,NONE,0.0,0.0,512.0,0,0.0039327578747179355,0.7511014268939236,0.0
2026-07-29T07:02:04.918548+00:00,0,NONE,0.0,0.0,512.0,0,-6.197620088641997e-05,-0.011836582470156053,0.0
2026-07-29T07:02:04.968407+00:00,0,NONE,0.0,0.0,512.0,0,0.002222596141509712,0.4244845949018932,0.0
2026-07-29T07:02:05.001737+00:00,0,NONE,0.0,0.0,512.0,0,-0.007507890951746959,-1.4339015485985318,0.0
2026-07-29T07:02:05.034934+00:00,0,NONE,0.0,0.0,512.0,0,-0.002541994343919214,-0.48548515817565885,0.0
2026-07-29T07:02:05.135032+00:00,0,NONE,0.0,0.0,512.0,0,0.001772684387397021,0.3385577793552771,0.0
2026-07-29T07:02:05.151820+00:00,0,NONE,0.0,0.0,512.0,0,-0.010725200515589678,-2.04836241324941,0.0
2026-07-29T07:02:05.184965+00:00,0,NONE,0.0,0.0,512.0,0,0.0012267376740055624,0.23428963763404723,0.0
2026-07-29T07:02:05.301896+00:00,0,NONE,0.0,0.0,512.0,0,0.008677054179133847,1.6571952769024079,0.0
2026-07-29T07:02:05.351883+00:00,0,NONE,0.0,0.0,512.0,0,-0.010774870994355297,-2.057848775914957,0.0
2026-07-29T07:02:05.401980+00:00,0,NONE,0.0,0.0,512.0,0,0.02572180142702564,4.912502210807157,0.0
2026-07-29T07:02:05.435265+00:00,0,NONE,0.0,0.0,512.0,0,-0.04465263820828113,-8.52802571153037,0.0
2026-07-29T07:02:05.451964+00:00,0,NONE,0.0,0.0,512.0,0,0.0035099451569840312,0.6703501460585606,0.0
2026-07-29T07:02:05.535430+00:00,0,NONE,0.0,0.0,512.0,0,-0.005425288935657591,-1.036153862174008,0.0
2026-07-29T07:02:05.585958+00:00,0,NONE,0.0,0.0,512.0,0,0.001435304805636406,0.27412302559270335,0.0
2026-07-29T07:02:05.635429+00:00,0,NONE,0.0,0.0,512.0,0,-1.5455984976142648e-05,-0.002951875691168607,0.0
2026-07-29T07:02:05.651995+00:00,0,NONE,0.0,0.0,512.0,0,0.0023701330053154377,0.45266206029744166,0.0
2026-07-29T07:02:05.685401+00:00,0,NONE,0.0,0.0,512.0,0,0.0015622520283795893,0.2983681592063419,0.0
2026-07-29T07:02:05.752411+00:00,0,NONE,0.0,0.0,512.0,0,-0.0029387000610586254,-0.5612503691783219,0.0
2026-07-29T07:02:05.785411+00:00,0,NONE,0.0,0.0,512.0,0,-0.0014541975138126872,-0.2777312670662807,0.0
2026-07-29T07:02:05.868637+00:00,0,NONE,0.0,0.0,512.0,0,-0.0018748787528602407,-0.3580754654588104,0.0
2026-07-29T07:02:05.885648+00:00,0,NONE,0.0,0.0,512.0,0,0.025953902937471865,4.956830334031092,0.0
2026-07-29T07:02:05.935549+00:00,0,NONE,0.0,0.0,512.0,0,-0.01578236451605335,-3.0142095916896228,0.0
2026-07-29T07:02:06.003735+00:00,0,NONE,0.0,0.0,512.0,0,0.008679134972044266,1.6575926790751006,0.0
2026-07-29T07:02:06.018864+00:00,0,NONE,0.0,0.0,512.0,0,-0.08532733386324252,-16.29632035822502,0.0
2026-07-29T07:02:06.085405+00:00,0,NONE,0.0,0.0,512.0,0,-0.009756778435548768,-1.863407420003995,0.0
2026-07-29T07:02:06.102435+00:00,0,NONE,0.0,0.0,512.0,0,-0.009756778435548768,-1.863407420003995,0.0
2026-07-29T07:02:06.152252+00:00,0,NONE,0.0,0.0,512.0,0,-0.009756778435548768,-1.863407420003995,0.0
2026-07-29T07:02:06.319013+00:00,0,NONE,0.0,0.0,512.0,0,-0.031057611241703854,-5.931566819692303,0.0
2026-07-29T07:02:06.352294+00:00,0,NONE,0.0,0.0,512.0,0,-0.020122284796088935,-3.8430733099205345,0.0
2026-07-29T07:02:06.385839+00:00,0,NONE,0.0,0.0,512.0,0,-0.03418096832756419,-6.528084082799227,0.0
2026-07-29T07:02:06.469051+00:00,0,NONE,0.0,0.0,512.0,0,-0.010660955360071967,-2.0360924923649883,0.0
2026-07-29T07:02:06.519198+00:00,0,NONE,0.0,0.0,512.0,0,0.020933813059236854,3.9980637913670605,0.0
2026-07-29T07:02:06.569193+00:00,0,NONE,0.0,0.0,512.0,0,0.05399857254233211,10.31296768802214,0.0
2026-07-29T07:02:06.619191+00:00,0,NONE,0.0,0.0,512.0,0,0.011250441876472905,2.1486761239304655,0.0
2026-07-29T07:02:06.652458+00:00,0,NONE,0.0,0.0,512.0,0,0.004699803154217079,0.8975962842630353,0.0
2026-07-29T07:02:06.685957+00:00,0,NONE,0.0,0.0,512.0,0,-0.02461729388596723,-4.701556808997093,0.0
2026-07-29T07:02:06.752385+00:00,0,NONE,0.0,0.0,512.0,0,-0.008635646027396433,-1.6492869024624375,0.0
2026-07-29T07:02:06.802431+00:00,0,NONE,0.0,0.0,512.0,0,0.0,0.0,0.0
2026-07-29T07:02:06.835776+00:00,0,NONE,0.0,0.0,512.0,0,-0.0019752616550249512,-0.377247187556519,0.0
2026-07-29T07:02:06.869096+00:00,0,NONE,0.0,0.0,512.0,0,5.313580739311874e-05,0.010148191682152469,0.0
2026-07-29T07:02:06.986015+00:00,0,NONE,0.0,0.0,512.0,0,1.3902608770877123e-05,0.0026552026893094,0.0
2026-07-29T07:02:07.036041+00:00,0,NONE,0.0,0.0,512.0,0,-0.015104731545288814,-2.884791227410557,0.0
2026-07-29T07:02:07.102805+00:00,0,NONE,0.0,0.0,512.0,0,-0.017114150710403918,-3.2685620188565467,0.0
2026-07-29T07:02:07.169512+00:00,0,NONE,0.0,0.0,512.0,0,0.002546186188264983,0.48628574147361997,0.0
2026-07-29T07:02:07.236094+00:00,0,NONE,0.0,0.0,512.0,0,-0.009971141555579379,-1.9043477602073628,0.0
2026-07-29T07:02:07.286195+00:00,0,NONE,0.0,0.0,512.0,0,0.006552116030361503,1.2513619847324162,0.0
2026-07-29T07:02:07.352919+00:00,0,NONE,0.0,0.0,512.0,0,0.01765313481679186,3.371500400592078,0.0
2026-07-29T07:02:07.419404+00:00,0,NONE,0.0,0.0,512.0,0,0.0319070117874071,6.093790374308652,0.0
2026-07-29T07:02:07.486227+00:00,0,NONE,0.0,0.0,512.0,0,-0.006780011247174116,-1.294886765047688,0.0
2026-07-29T07:02:07.552974+00:00,0,NONE,0.0,0.0,512.0,0,-0.020303406559396536,-3.8776650186388446,0.0
2026-07-29T07:02:07.619617+00:00,0,NONE,0.0,0.0,512.0,0,-3.058442089240998e-05,-0.005841194119956102,0.0
2026-07-29T07:02:07.669662+00:00,0,NONE,0.0,0.0,512.0,0,-0.004211995911318809,-0.8044319634830891,0.0
2026-07-29T07:02:07.736338+00:00,0,NONE,0.0,0.0,512.0,0,-5.714767961762845e-05,-0.010914402836853028,0.0
2026-07-29T07:02:07.803078+00:00,0,NONE,0.0,0.0,512.0,0,-3.921441617421806e-05,-0.007489401809507491,0.0
2026-07-29T07:02:07.853169+00:00,0,NONE,0.0,0.0,512.0,0,3.416276362258941e-05,0.0065246072402581085,0.0
2026-07-29T07:02:07.886454+00:00,0,NONE,0.0,0.0,512.0,0,-0.0556970549291691,-10.637353929165693,0.0
2026-07-29T07:02:07.971351+00:00,0,NONE,0.0,0.0,512.0,0,0.014734497299068608,2.81408169494514,0.0
2026-07-29T07:02:08.036463+00:00,0,NONE,0.0,0.0,512.0,0,0.005749058529618196,1.0979892997360314,0.0
2026-07-29T07:02:08.053191+00:00,0,NONE,0.0,0.0,512.0,0,-0.0037548184925799435,-0.7171175082083486,0.0
2026-07-29T07:02:08.153205+00:00,0,NONE,0.0,0.0,512.0,0,-0.007468666271306574,-1.426410186458587,0.0
2026-07-29T07:02:08.219940+00:00,0,NONE,0.0,0.0,512.0,0,9.988062010961585e-06,0.0019075793291434952,0.0
2026-07-29T07:02:08.286571+00:00,0,NONE,0.0,0.0,512.0,0,-0.010330991479568183,-1.9730740332162358,0.0
2026-07-29T07:02:08.353402+00:00,0,NONE,0.0,0.0,512.0,0,0.013981572814227548,2.6702837107002915,0.0
2026-07-29T07:02:08.403437+00:00,0,NONE,0.0,0.0,512.0,0,-0.0034240200342901517,-0.6539396564435505,0.0
2026-07-29T07:02:08.486784+00:00,0,NONE,0.0,0.0,512.0,0,-0.021665304280177225,-4.1377683237362435,0.0
2026-07-29T07:02:08.553467+00:00,0,NONE,0.0,0.0,512.0,0,0.007961506452411414,1.5205357276311553,0.0
2026-07-29T07:02:08.620101+00:00,0,NONE,0.0,0.0,512.0,0,-0.008715591939981095,-1.6645554470638475,0.0
2026-07-29T07:02:08.655180+00:00,0,NONE,0.0,0.0,512.0,0,0.014099985795328394,2.692898924222428,0.0
2026-07-29T07:02:08.686868+00:00,0,NONE,0.0,0.0,512.0,0,-0.0016901005306863225,-0.32278542453715653,0.0
2026-07-29T07:02:08.736836+00:00,0,NONE,0.0,0.0,512.0,0,0.02539396493579261,4.849890053080391,0.0
2026-07-29T07:02:08.820134+00:00,0,NONE,0.0,0.0,512.0,0,-0.05254701247476987,-10.035740136085337,0.0
2026-07-29T07:02:08.903787+00:00,0,NONE,0.0,0.0,512.0,0,-0.017731746596982702,-3.386514144675229,0.0
2026-07-29T07:02:08.970303+00:00,0,NONE,0.0,0.0,512.0,0,0.027894865683920217,5.327526912576463,0.0
2026-07-29T07:02:09.020374+00:00,0,NONE,0.0,0.0,512.0,0,0.013952691424346995,2.6647677715448665,0.0
2026-07-29T07:02:09.070399+00:00,0,NONE,0.0,0.0,512.0,0,0.0005165832213242538,0.09866012783050751,0.0
2026-07-29T07:02:09.136902+00:00,0,NONE,0.0,0.0,512.0,0,0.04653812823991757,8.88812778195289,0.0
2026-07-29T07:02:09.186930+00:00,0,NONE,0.0,0.0,512.0,0,0.0637122049892787,12.168134831193386,0.0
2026-07-29T07:02:09.203668+00:00,0,NONE,0.0,0.0,512.0,0,-0.015629657320532717,-2.985044665674252,0.0
2026-07-29T07:02:09.270350+00:00,0,NONE,0.0,0.0,512.0,0,-0.008419246006524191,-1.6079575428540296,0.0
2026-07-29T07:02:09.320502+00:00,0,NONE,0.0,0.0,512.0,0,0.005812797865364701,1.1101626161601716,0.0
2026-07-29T07:02:09.354428+00:00,0,NONE,0.0,0.0,512.0,0,-0.009217723284091334,-1.760455469659674,0.0
2026-07-29T07:02:09.420509+00:00,0,NONE,0.0,0.0,512.0,0,-0.12215447085443884,-23.32978542871056,0.0
2026-07-29T07:02:09.437116+00:00,0,NONE,0.0,0.0,512.0,0,1.0879589826799929e-05,0.0020778485996970075,0.0
2026-07-29T07:02:09.520491+00:00,0,NONE,0.0,0.0,512.0,0,0.01816547456139233,3.4693500840668023,0.0
2026-07-29T07:02:09.570510+00:00,0,NONE,0.0,0.0,512.0,0,0.00368347016396001,0.7034909811908998,0.0
2026-07-29T07:02:09.587250+00:00,0,NONE,0.0,0.0,512.0,0,2.3028477935440604e-05,0.00439811531436962,0.0
2026-07-29T07:02:09.670707+00:00,0,NONE,0.0,0.0,512.0,0,-0.022092203666688875,-4.219300100815715,0.0
2026-07-29T07:02:09.737283+00:00,0,NONE,0.0,0.0,512.0,0,-0.007043478819978191,-1.345205364915119,0.0
2026-07-29T07:02:09.804138+00:00,0,NONE,0.0,0.0,512.0,0,0.007758265262300484,1.4817195195759145,0.0
2026-07-29T07:02:09.872290+00:00,0,NONE,0.0,0.0,512.0,0,-0.04155876559001626,-7.937139566938148,0.0
2026-07-29T07:02:09.920708+00:00,0,NONE,0.0,0.0,512.0,0,-0.01822366704349406,-3.480464029479535,0.0
2026-07-29T07:02:09.937487+00:00,0,NONE,0.0,0.0,512.0,0,-0.04178260616026819,-7.97988996680227,0.0
2026-07-29T07:02:10.037492+00:00,0,NONE,0.0,0.0,512.0,0,-0.04178260616026819,-7.97988996680227,0.0
2026-07-29T07:02:10.104166+00:00,0,NONE,0.0,0.0,512.0,0,-0.005025454979622737,-0.9597912015512864,0.0
2026-07-29T07:02:10.120783+00:00,0,NONE,0.0,0.0,512.0,0,-0.020651252914685756,-3.944098778895779,0.0
2026-07-29T07:02:10.154229+00:00,0,NONE,0.0,0.0,512.0,0,-0.020651252914685756,-3.944098778895779,0.0
2026-07-29T07:02:10.204171+00:00,0,NONE,0.0,0.0,512.0,0,-0.020651252914685756,-3.944098778895779,0.0
2026-07-29T07:02:10.287568+00:00,0,NONE,0.0,0.0,512.0,0,-0.020651252914685756,-3.944098778895779,0.0
2026-07-29T07:02:10.337467+00:00,0,NONE,0.0,0.0,512.0,0,-0.020651252914685756,-3.944098778895779,0.0
2026-07-29T07:02:10.354302+00:00,0,NONE,0.0,0.0,512.0,0,-0.03590732888114871,-6.857794661593432,0.0
2026-07-29T07:02:10.437674+00:00,0,NONE,0.0,0.0,512.0,0,2.3943197156768292e-05,0.004572813817108186,0.0
2026-07-29T07:02:10.487722+00:00,0,NONE,0.0,0.0,512.0,0,0.004640700140589616,0.8863084401385092,0.0
2026-07-29T07:02:10.554374+00:00,0,NONE,0.0,0.0,512.0,0,-0.06702674345870037,-12.80116504896543,0.0
2026-07-29T07:02:10.604207+00:00,0,NONE,0.0,0.0,512.0,0,-0.06702674345870037,-12.80116504896543,0.0
2026-07-29T07:02:10.670845+00:00,0,NONE,0.0,0.0,512.0,0,-0.003211288962047547,-0.6133110144075709,0.0
2026-07-29T07:02:10.721143+00:00,0,NONE,0.0,0.0,512.0,0,-0.0013886328332591803,-0.2652093354634827,0.0
2026-07-29T07:02:10.770923+00:00,0,NONE,0.0,0.0,512.0,0,0.0015739226061850786,0.30059707538212055,0.0
2026-07-29T07:02:10.787900+00:00,0,NONE,0.0,0.0,512.0,0,-0.010553514917264693,-2.015572879292077,0.0
2026-07-29T07:02:10.854670+00:00,0,NONE,0.0,0.0,512.0,0,-0.02809731884397479,-5.366192617977175,0.0
2026-07-29T07:02:10.937849+00:00,0,NONE,0.0,0.0,512.0,0,-0.0030015444383025168,-0.5732527611189984,0.0
2026-07-29T07:02:11.004527+00:00,0,NONE,0.0,0.0,512.0,0,0.034155240959953516,6.523170517525649,0.0
2026-07-29T07:02:11.071146+00:00,0,NONE,0.0,0.0,512.0,0,0.014699703686346766,2.8074366044018926,0.0
2026-07-29T07:02:11.137915+00:00,0,NONE,0.0,0.0,512.0,0,-0.032966739251860416,-6.296183411466236,0.0
2026-07-29T07:02:11.171418+00:00,0,NONE,0.0,0.0,512.0,0,0.014074234494473785,2.6879807880359587,0.0
2026-07-29T07:02:11.187856+00:00,0,NONE,0.0,0.0,512.0,0,0.018818404321209528,3.594050482586856,0.0
2026-07-29T07:02:11.321472+00:00,0,NONE,0.0,0.0,512.0,0,-0.005056199939281214,-0.9656630563170556,0.0
2026-07-29T07:02:11.388058+00:00,0,NONE,0.0,0.0,512.0,0,-0.01946181667794008,-3.7169331910109435,0.0
2026-07-29T07:02:11.456116+00:00,0,NONE,0.0,0.0,512.0,0,0.0,0.0,0.0
2026-07-29T07:02:11.521401+00:00,0,NONE,0.0,0.0,512.0,0,-0.000810852985305246,-0.15486151287857983,0.0
2026-07-29T07:02:11.587990+00:00,0,NONE,0.0,0.0,512.0,0,0.017836152405361645,3.4064541852644457,0.0
2026-07-29T07:02:11.604870+00:00,0,NONE,0.0,0.0,512.0,0,-0.0036524962255498395,-0.6975753947048966,0.0
2026-07-29T07:02:11.638186+00:00,0,NONE,0.0,0.0,512.0,0,-0.0056989789910585386,-1.0884248124045948,0.0
2026-07-29T07:02:11.738174+00:00,0,NONE,0.0,0.0,512.0,0,0.008206478099455126,1.5673218658843993,0.0
2026-07-29T07:02:11.804881+00:00,0,NONE,0.0,0.0,512.0,0,-2.163565834052861e-05,-0.004132106366331025,0.0
2026-07-29T07:02:11.854882+00:00,0,NONE,0.0,0.0,512.0,0,7.923788507468996e-07,0.00015133321307741308,0.0
2026-07-29T07:02:11.921750+00:00,0,NONE,0.0,0.0,512.0,0,-0.034125837881001646,-6.517554943096877,0.0
2026-07-29T07:02:11.971652+00:00,0,NONE,0.0,0.0,512.0,0,7.871716359659332e-05,0.01503387083108547,0.0
2026-07-29T07:02:12.021589+00:00,0,NONE,0.0,0.0,512.0,0,7.871716359659332e-05,0.01503387083108547,0.0
2026-07-29T07:02:12.038338+00:00,0,NONE,0.0,0.0,512.0,0,-0.003934267819277011,-0.7513898050623694,0.0
2026-07-29T07:02:12.088374+00:00,0,NONE,0.0,0.0,512.0,0,-0.006751538475436973,-1.289448866209096,0.0
2026-07-29T07:02:12.121839+00:00,0,NONE,0.0,0.0,512.0,0,-2.66601268958766e-05,-0.0050917091747231386,0.0
2026-07-29T07:02:12.221785+00:00,0,NONE,0.0,0.0,512.0,0,1.078546978533268e-05,0.002059872995884775,0.0
2026-07-29T07:02:12.288295+00:00,0,NONE,0.0,0.0,512.0,0,-1.4876593559165483e-06,-0.00028412200815722873,0.0
2026-07-29T07:02:12.338299+00:00,0,NONE,0.0,0.0,512.0,0,1.3336885313037783e-05,0.002547157467623596,0.0
2026-07-29T07:02:12.405209+00:00,0,NONE,0.0,0.0,512.0,0,-0.00935392453789973,-1.7864679930183778,0.0
2026-07-29T07:02:12.488431+00:00,0,NONE,0.0,0.0,512.0,0,-0.00038052411808166655,-0.07267475323005756,0.0
2026-07-29T07:02:12.538621+00:00,0,NONE,0.0,0.0,512.0,0,0.0006160012257896597,0.11764756804210927,0.0
2026-07-29T07:02:12.555275+00:00,0,NONE,0.0,0.0,512.0,0,0.0006160012257896597,0.11764756804210927,0.0
2026-07-29T07:02:12.605335+00:00,0,NONE,0.0,0.0,512.0,0,-0.017901069847284817,-3.4188525033943904,0.0
2026-07-29T07:02:12.655251+00:00,0,NONE,0.0,0.0,512.0,0,-0.003387071804008883,-0.6468830642582365,0.0
2026-07-29T07:02:12.705336+00:00,0,NONE,0.0,0.0,512.0,0,-0.047759860579972155,-9.121461471218788,0.0
2026-07-29T07:02:12.772874+00:00,0,NONE,0.0,0.0,512.0,0,0.010941576228360646,2.0896871303524485,0.0
2026-07-29T07:02:12.821872+00:00,0,NONE,0.0,0.0,512.0,0,0.010941576228360646,2.0896871303524485,0.0
2026-07-29T07:02:12.888837+00:00,0,NONE,0.0,0.0,512.0,0,0.010941576228360646,2.0896871303524485,0.0
2026-07-29T07:02:12.905394+00:00,0,NONE,0.0,0.0,512.0,0,0.010941576228360646,2.0896871303524485,0.0
2026-07-29T07:02:12.988826+00:00,0,NONE,0.0,0.0,512.0,0,0.010941576228360646,2.0896871303524485,0.0
2026-07-29T07:02:13.055490+00:00,0,NONE,0.0,0.0,512.0,0,-4.877291503362358e-05,-0.009314940619922649,0.0
2026-07-29T07:02:13.105360+00:00,0,NONE,0.0,0.0,512.0,0,0.01644815011844912,3.1413652752824652,0.0
2026-07-29T07:02:13.172150+00:00,0,NONE,0.0,0.0,512.0,0,-0.010459971925447462,-1.9977074838448967,0.0
2026-07-29T07:02:13.188886+00:00,0,NONE,0.0,0.0,512.0,0,8.104497974272817e-06,0.0015478450966605255,0.0
2026-07-29T07:02:13.288976+00:00,0,NONE,0.0,0.0,512.0,0,-0.07263877567369491,-13.872984250334238,0.0
2026-07-29T07:02:13.355646+00:00,0,NONE,0.0,0.0,512.0,0,-0.010135225190169876,-1.935685426038037,0.0
2026-07-29T07:02:13.422235+00:00,0,NONE,0.0,0.0,512.0,0,-0.01159837837491068,-2.2151271002606148,0.0
2026-07-29T07:02:13.488945+00:00,0,NONE,0.0,0.0,512.0,0,1.2070581651641986e-05,0.0023053112830237876,0.0
2026-07-29T07:02:13.505640+00:00,0,NONE,0.0,0.0,512.0,0,-0.015911921098304447,-3.038953076260048,0.0
2026-07-29T07:02:13.588920+00:00,0,NONE,0.0,0.0,512.0,0,0.08521024766610935,16.27395854177513,0.0
2026-07-29T07:02:13.655694+00:00,0,NONE,0.0,0.0,512.0,0,0.09064430934609845,17.311787874698947,0.0
2026-07-29T07:02:13.705689+00:00,0,NONE,0.0,0.0,512.0,0,0.09064430934609845,17.311787874698947,0.0
2026-07-29T07:02:13.722536+00:00,0,NONE,0.0,0.0,512.0,0,0.09064430934609845,17.311787874698947,0.0
2026-07-29T07:02:13.789120+00:00,0,NONE,0.0,0.0,512.0,0,0.09064430934609845,17.311787874698947,0.0
2026-07-29T07:02:13.822245+00:00,0,NONE,0.0,0.0,512.0,0,-0.003935346403122822,-0.7515957994030893,0.0
2026-07-29T07:02:13.872565+00:00,0,NONE,0.0,0.0,512.0,0,0.005063989953014243,0.9671508393478939,0.0
2026-07-29T07:02:13.905719+00:00,0,NONE,0.0,0.0,512.0,0,0.001532523244532058,0.2926903797246078,0.0
2026-07-29T07:02:13.989270+00:00,0,NONE,0.0,0.0,512.0,0,0.017376314512075622,3.3186316167795247,0.0
2026-07-29T07:02:14.022571+00:00,0,NONE,0.0,0.0,512.0,0,-0.006673129163245904,-1.2744737906655228,0.0
2026-07-29T07:02:14.072594+00:00,0,NONE,0.0,0.0,512.0,0,-0.004802756134777156,-0.9172588551776513,0.0
2026-07-29T07:02:14.089229+00:00,0,NONE,0.0,0.0,512.0,0,-0.004147648546786513,-0.7921425221147879,0.0
2026-07-29T07:02:14.222612+00:00,0,NONE,0.0,0.0,512.0,0,-0.010497977030317997,-2.004965924208342,0.0
2026-07-29T07:02:14.273576+00:00,0,NONE,0.0,0.0,512.0,0,-0.02191952253007912,-4.186320433051512,0.0
2026-07-29T07:02:14.339389+00:00,0,NONE,0.0,0.0,512.0,0,-0.004232642712304368,-0.8083752120061527,0.0
2026-07-29T07:02:14.422539+00:00,0,NONE,0.0,0.0,512.0,0,0.019225844028696884,3.67186573473709,0.0
2026-07-29T07:02:14.456185+00:00,0,NONE,0.0,0.0,512.0,0,0.019225844028696884,3.67186573473709,0.0
2026-07-29T07:02:14.522775+00:00,0,NONE,0.0,0.0,512.0,0,-0.012944018454654725,-2.4721254246372193,0.0
2026-07-29T07:02:14.572685+00:00,0,NONE,0.0,0.0,512.0,0,0.016500873960903845,3.1514347874570268,0.0
2026-07-29T07:02:14.606213+00:00,0,NONE,0.0,0.0,512.0,0,-0.012321289802930551,-2.3531930128849945,0.0
2026-07-29T07:02:14.672793+00:00,0,NONE,0.0,0.0,512.0,0,-0.008470501927658915,-1.6177467027076133,0.0
2026-07-29T07:02:14.739512+00:00,0,NONE,0.0,0.0,512.0,0,-0.013291768963972573,-2.5385408796620106,0.0
2026-07-29T07:02:14.772962+00:00,0,NONE,0.0,0.0,512.0,0,-0.001214286152498971,-0.23191157219790035,0.0
2026-07-29T07:02:14.856285+00:00,0,NONE,0.0,0.0,512.0,0,-0.0007673459968646057,-0.14655229015533602,0.0
2026-07-29T07:02:14.872968+00:00,0,NONE,0.0,0.0,512.0,0,0.00458191053068731,0.8750804517164338,0.0
2026-07-29T07:02:14.973876+00:00,0,NONE,0.0,0.0,512.0,0,-0.0023853745696033003,-0.4555729846536811,0.0
2026-07-29T07:02:15.039737+00:00,0,NONE,0.0,0.0,512.0,0,0.0020625391592329835,0.3939159630150374,0.0
2026-07-29T07:02:15.089775+00:00,0,NONE,0.0,0.0,512.0,0,0.01311469885520637,2.504722979961258,0.0
2026-07-29T07:02:15.139802+00:00,0,NONE,0.0,0.0,512.0,0,0.014867217332648579,2.8394293542150297,0.0
2026-07-29T07:02:15.156779+00:00,0,NONE,0.0,0.0,512.0,0,-0.0015048059443506644,-0.287396765324971,0.0
2026-07-29T07:02:15.206438+00:00,0,NONE,0.0,0.0,512.0,0,0.010758256289482232,2.054675601024684,0.0
2026-07-29T07:02:15.273232+00:00,0,NONE,0.0,0.0,512.0,0,-0.0004525007986740093,-0.08642128663439898,0.0
2026-07-29T07:02:15.339781+00:00,0,NONE,0.0,0.0,512.0,0,-0.004303269186348189,-0.8218638749548233,0.0
2026-07-29T07:02:15.373095+00:00,0,NONE,0.0,0.0,512.0,0,-0.006914964395691641,-1.3206609178545428,0.0
2026-07-29T07:02:15.389842+00:00,0,NONE,0.0,0.0,512.0,0,0.015082464837032603,2.8805385993881236,0.0
2026-07-29T07:02:15.489874+00:00,0,NONE,0.0,0.0,512.0,0,-0.025970181043376214,-4.959939223253713,0.0
2026-07-29T07:02:15.556906+00:00,0,NONE,0.0,0.0,512.0,0,0.017596949795552062,3.3607698519624334,0.0
2026-07-29T07:02:15.623195+00:00,0,NONE,0.0,0.0,512.0,0,-0.018007906730017568,-3.439256844984126,0.0
2026-07-29T07:02:15.706635+00:00,0,NONE,0.0,0.0,512.0,0,-0.014587360703299055,-2.7859806751134135,0.0
2026-07-29T07:02:15.741182+00:00,0,NONE,0.0,0.0,512.0,0,0.0024057063166401348,0.45945606230480857,0.0
2026-07-29T07:02:15.756597+00:00,0,NONE,0.0,0.0,512.0,0,-0.0003096617039045668,-0.059141029035204816,0.0
2026-07-29T07:02:15.856659+00:00,0,NONE,0.0,0.0,512.0,0,-0.004742416841982049,-0.9057348991244389,0.0
2026-07-29T07:02:15.873529+00:00,0,NONE,0.0,0.0,512.0,0,0.061198758037398875,11.688101823284269,0.0
2026-07-29T07:02:15.973589+00:00,0,NONE,0.0,0.0,512.0,0,0.02774944480624981,5.299753570764456,0.0
2026-07-29T07:02:16.039982+00:00,0,NONE,0.0,0.0,512.0,0,-0.004843291642864642,-0.9250005669570893,0.0
2026-07-29T07:02:16.073514+00:00,0,NONE,0.0,0.0,512.0,0,0.008186626174137927,1.5635304274314512,0.0
2026-07-29T07:02:16.140107+00:00,0,NONE,0.0,0.0,512.0,0,2.9951281612738966e-05,0.005720273424725761,0.0
2026-07-29T07:02:16.223540+00:00,0,NONE,0.0,0.0,512.0,0,0.003936761021323037,0.7518659715780717,0.0
2026-07-29T07:02:16.273553+00:00,0,NONE,0.0,0.0,512.0,0,0.010282323603169061,1.963779153497789,0.0
2026-07-29T07:02:16.290191+00:00,0,NONE,0.0,0.0,512.0,0,0.00039241449878318235,0.07494564866672643,0.0
2026-07-29T07:02:16.323550+00:00,0,NONE,0.0,0.0,512.0,0,-0.006792032074772578,-1.2971825740065088,0.0
2026-07-29T07:02:16.406861+00:00,0,NONE,0.0,0.0,512.0,0,0.014627311532390195,2.7936107214299835,0.0
2026-07-29T07:02:16.423664+00:00,0,NONE,0.0,0.0,512.0,0,0.008406382440734888,1.6055007827566434,0.0
2026-07-29T07:02:16.473631+00:00,0,NONE,0.0,0.0,512.0,0,-0.016000029854221793,-3.055780609100755,0.0
2026-07-29T07:02:16.540280+00:00,0,NONE,0.0,0.0,512.0,0,3.401534733711742e-05,0.006496452803627972,0.0
2026-07-29T07:02:16.556922+00:00,0,NONE,0.0,0.0,512.0,0,0.006509951530606486,1.2433091584616067,0.0
2026-07-29T07:02:16.640234+00:00,0,NONE,0.0,0.0,512.0,0,-0.005044141233192931,-0.9633600130995646,0.0
2026-07-29T07:02:16.657042+00:00,0,NONE,0.0,0.0,512.0,0,0.012587907803463168,2.404113300127447,0.0
2026-07-29T07:02:16.740279+00:00,0,NONE,0.0,0.0,512.0,0,-0.0014536653053073677,-0.27762962272902814,0.0
2026-07-29T07:02:16.774121+00:00,0,NONE,0.0,0.0,512.0,0,4.827970911719604e-05,0.009220745228448715,0.0
2026-07-29T07:02:16.823590+00:00,0,NONE,0.0,0.0,512.0,0,0.0,0.0,0.0
2026-07-29T07:02:16.873859+00:00,0,NONE,0.0,0.0,512.0,0,-0.005591956842690707,-1.067985087684929,0.0
2026-07-29T07:02:16.957216+00:00,0,NONE,0.0,0.0,512.0,0,-0.008041759230545722,-1.5358628792354743,0.0
2026-07-29T07:02:16.990463+00:00,0,NONE,0.0,0.0,512.0,0,0.0016382709280878772,0.3128866995947192,0.0
2026-07-29T07:02:17.023858+00:00,0,NONE,0.0,0.0,512.0,0,-0.009036476278415648,-1.7258398414110057,0.0
2026-07-29T07:02:17.057249+00:00,0,NONE,0.0,0.0,512.0,0,0.010032934106129687,1.9161492680469674,0.0
2026-07-29T07:02:17.157291+00:00,0,NONE,0.0,0.0,512.0,0,-0.015106321240382385,-2.885094836809138,0.0
2026-07-29T07:02:17.223994+00:00,0,NONE,0.0,0.0,512.0,0,0.0015118402079679072,0.2887402107158058,0.0
2026-07-29T07:02:17.273950+00:00,0,NONE,0.0,0.0,512.0,0,-0.005028540091007017,-0.9603804144234431,0.0
2026-07-29T07:02:17.357406+00:00,0,NONE,0.0,0.0,512.0,0,-0.0014010231899737847,-0.267575719284844,0.0
2026-07-29T07:02:17.407237+00:00,0,NONE,0.0,0.0,512.0,0,-0.021406192854919938,-4.088281686766703,0.0
2026-07-29T07:02:17.490725+00:00,0,NONE,0.0,0.0,512.0,0,-0.01330885573046544,-2.5418042116805664,0.0
2026-07-29T07:02:17.541035+00:00,0,NONE,0.0,0.0,512.0,0,0.008507538258563728,1.6248201208725992,0.0
2026-07-29T07:02:17.590744+00:00,0,NONE,0.0,0.0,512.0,0,-0.015302717805097928,-2.922603817706033,0.0
2026-07-29T07:02:17.690800+00:00,0,NONE,0.0,0.0,512.0,0,-0.0005447211019054521,-0.10403406716966011,0.0
2026-07-29T07:02:17.740842+00:00,0,NONE,0.0,0.0,512.0,0,0.00047020081372465937,0.08980174050013326,0.0
2026-07-29T07:02:17.790917+00:00,0,NONE,0.0,0.0,512.0,0,-0.011978224366903305,-2.28767234094774,0.0
2026-07-29T07:02:17.857627+00:00,0,NONE,0.0,0.0,512.0,0,0.004232249641499947,0.8083001410123423,0.0
2026-07-29T07:02:17.907586+00:00,0,NONE,0.0,0.0,512.0,0,-0.0006998434013075894,-0.13366024405001745,0.0
2026-07-29T07:02:17.924171+00:00,0,NONE,0.0,0.0,512.0,0,0.040216933304909615,7.6808684777681275,0.0
2026-07-29T07:02:18.007599+00:00,0,NONE,0.0,0.0,512.0,0,-3.733263503818307e-05,-0.00713000808596703,0.0
2026-07-29T07:02:18.074330+00:00,0,NONE,0.0,0.0,512.0,0,5.833802162669599e-05,0.011141741414508672,0.0
2026-07-29T07:02:18.107681+00:00,0,NONE,0.0,0.0,512.0,0,-2.5679820209916214e-05,-0.004904484388943183,0.0
2026-07-29T07:02:18.158628+00:00,0,NONE,0.0,0.0,512.0,0,-1.058881069184281e-05,-0.0020223138756853146,0.0
2026-07-29T07:02:18.207498+00:00,0,NONE,0.0,0.0,512.0,0,-3.295066408099956e-06,-0.0006293113279981973,0.0
2026-07-29T07:02:18.257532+00:00,0,NONE,0.0,0.0,512.0,0,-0.002523951009261509,-0.4820391350948967,0.0
2026-07-29T07:02:18.307534+00:00,0,NONE,0.0,0.0,512.0,0,-1.2133215641370043e-05,-0.0023172734939087324,0.0
2026-07-29T07:02:18.324511+00:00,0,NONE,0.0,0.0,512.0,0,-0.01072441316471668,-2.048212040309348,0.0
2026-07-29T07:02:18.391130+00:00,0,NONE,0.0,0.0,512.0,0,0.006189763463189593,1.1821577420834792,0.0
2026-07-29T07:02:18.407678+00:00,0,NONE,0.0,0.0,512.0,0,-0.03265769310120959,-6.237159944442714,0.0
2026-07-29T07:02:18.474250+00:00,0,NONE,0.0,0.0,512.0,0,0.009086927353346255,1.7354752869624124,0.0
2026-07-29T07:02:18.491345+00:00,0,NONE,0.0,0.0,512.0,0,-0.012806301824803086,-2.445823485773005,0.0
2026-07-29T07:02:18.591215+00:00,0,NONE,0.0,0.0,512.0,0,0.0010836419911356642,0.20696037531742176,0.0
2026-07-29T07:02:18.657806+00:00,0,NONE,0.0,0.0,512.0,0,0.006728059054839832,1.2849646271903337,0.0
2026-07-29T07:02:18.707878+00:00,0,NONE,0.0,0.0,512.0,0,0.010400696757424157,1.9863867606526828,0.0
2026-07-29T07:02:18.757873+00:00,0,NONE,0.0,0.0,512.0,0,0.0027015586392371916,0.5159596937846561,0.0
2026-07-29T07:02:18.824751+00:00,0,NONE,0.0,0.0,512.0,0,-0.0009125227184267714,-0.17427900158552934,0.0
2026-07-29T07:02:18.841337+00:00,0,NONE,0.0,0.0,512.0,0,0.003663091342896223,0.6995989130628755,0.0
2026-07-29T07:02:18.859186+00:00,0,NONE,0.0,0.0,512.0,0,-0.0050991654506651685,-0.9738688645401286,0.0
2026-07-29T07:02:18.957999+00:00,0,NONE,0.0,0.0,512.0,0,0.015390258640691172,2.939322885754505,0.0
2026-07-29T07:02:19.008096+00:00,0,NONE,0.0,0.0,512.0,0,-0.008541875595110469,-1.6313780690854276,0.0
2026-07-29T07:02:19.074642+00:00,0,NONE,0.0,0.0,512.0,0,2.1734776091761886e-05,0.0041510364623993405,0.0
2026-07-29T07:02:19.108048+00:00,0,NONE,0.0,0.0,512.0,0,-0.002311571632162668,-0.4414776618836268,0.0
2026-07-29T07:02:19.158160+00:00,0,NONE,0.0,0.0,512.0,0,-0.015798860720242374,-3.0173601346163466,0.0
2026-07-29T07:02:19.224660+00:00,0,NONE,0.0,0.0,512.0,0,0.0026322036618512358,0.5027138688098544,0.0
2026-07-29T07:02:19.274743+00:00,0,NONE,0.0,0.0,512.0,0,0.013998869016213576,2.6735870419516425,0.0
2026-07-29T07:02:19.358153+00:00,0,NONE,0.0,0.0,512.0,0,-0.008005926439655014,-1.5290193202814328,0.0
2026-07-29T07:02:19.424837+00:00,0,NONE,0.0,0.0,512.0,0,0.018528407787671314,3.53866522443631,0.0
2026-07-29T07:02:19.508187+00:00,0,NONE,0.0,0.0,512.0,0,0.004449810379846895,0.8498511813291092,0.0
2026-07-29T07:02:19.575181+00:00,0,NONE,0.0,0.0,512.0,0,0.00376172550721094,0.718436650832986,0.0
2026-07-29T07:02:19.625383+00:00,0,NONE,0.0,0.0,512.0,0,0.01110718655065284,2.121316372056262,0.0
2026-07-29T07:02:19.691615+00:00,0,NONE,0.0,0.0,512.0,0,0.018777161419566254,3.58617366859008,0.0
2026-07-29T07:02:19.708226+00:00,0,NONE,0.0,0.0,512.0,0,-0.005953376845427556,-1.137011223646356,0.0
2026-07-29T07:02:19.774846+00:00,0,NONE,0.0,0.0,512.0,0,0.018519942347484174,3.5370484444548316,0.0
2026-07-29T07:02:19.808529+00:00,0,NONE,0.0,0.0,512.0,0,-0.01302998328319518,-2.488543497510332,0.0
2026-07-29T07:02:19.891787+00:00,0,NONE,0.0,0.0,512.0,0,0.003944228639829817,0.7532921816562459,0.0
2026-07-29T07:02:19.941798+00:00,0,NONE,0.0,0.0,512.0,0,-0.02528334771282971,-4.828763719689618,0.0
2026-07-29T07:02:20.008315+00:00,0,NONE,0.0,0.0,512.0,0,-0.013220520775648765,-2.524933478032319,0.0
2026-07-29T07:02:20.058425+00:00,0,NONE,0.0,0.0,512.0,0,-0.005874223976788926,-1.1218941392818667,0.0
2026-07-29T07:02:20.075123+00:00,0,NONE,0.0,0.0,512.0,0,-0.0022961307390278306,-0.43852866852183114,0.0
2026-07-29T07:02:20.091780+00:00,0,NONE,0.0,0.0,512.0,0,-0.011664657565124798,-2.2277854931566603,0.0
2026-07-29T07:02:20.208488+00:00,0,NONE,0.0,0.0,512.0,0,-0.009506075193130528,-1.8155266276679607,0.0
2026-07-29T07:02:20.258545+00:00,0,NONE,0.0,0.0,512.0,0,0.019917617519240594,3.803984739361049,0.0
2026-07-29T07:02:20.275072+00:00,0,NONE,0.0,0.0,512.0,0,0.004268581553187687,0.8152390250168406,0.0
2026-07-29T07:02:20.325199+00:00,0,NONE,0.0,0.0,512.0,0,-0.012222263655712596,-2.3342804118948948,0.0
2026-07-29T07:02:20.408567+00:00,0,NONE,0.0,0.0,512.0,0,-0.012222263655712596,-2.3342804118948948,0.0
2026-07-29T07:02:20.492025+00:00,0,NONE,0.0,0.0,512.0,0,-0.012222263655712596,-2.3342804118948948,0.0
2026-07-29T07:02:20.508581+00:00,0,NONE,0.0,0.0,512.0,0,-0.012222263655712596,-2.3342804118948948,0.0
2026-07-29T07:02:20.592016+00:00,0,NONE,0.0,0.0,512.0,0,-0.012222263655712596,-2.3342804118948948,0.0
2026-07-29T07:02:20.608618+00:00,0,NONE,0.0,0.0,512.0,0,-0.0015954236820107325,-0.3047034783814563,0.0
2026-07-29T07:02:20.658555+00:00,0,NONE,0.0,0.0,512.0,0,0.008315778594333096,1.5881967227350624,0.0
2026-07-29T07:02:20.741914+00:00,0,NONE,0.0,0.0,512.0,0,-0.0034759843139909206,-0.663864102817855,0.0
2026-07-29T07:02:20.791942+00:00,0,NONE,0.0,0.0,512.0,0,-0.009313150782545562,-1.7786807793627353,0.0
2026-07-29T07:02:20.825558+00:00,0,NONE,0.0,0.0,512.0,0,0.006424462380527985,1.2269819334827445,0.0
2026-07-29T07:02:20.892963+00:00,0,NONE,0.0,0.0,512.0,0,-0.015400012154714204,-2.941185669717643,0.0
2026-07-29T07:02:20.975486+00:00,0,NONE,0.0,0.0,512.0,0,0.00325310113519663,0.6212965512532796,0.0
2026-07-29T07:02:21.042197+00:00,0,NONE,0.0,0.0,512.0,0,-0.009855298126349226,-1.8822232949433286,0.0
2026-07-29T07:02:21.058960+00:00,0,NONE,0.0,0.0,512.0,0,-0.0031155345661682075,-0.5950232718952007,0.0
2026-07-29T07:02:21.108824+00:00,0,NONE,0.0,0.0,512.0,0,-0.0018427906804572558,-0.35194709505413957,0.0
2026-07-29T07:02:21.208920+00:00,0,NONE,0.0,0.0,512.0,0,-0.0020492321834899487,-0.3913745178545079,0.0
2026-07-29T07:02:21.258981+00:00,0,NONE,0.0,0.0,512.0,0,-0.021621671141911065,-4.129435008171038,0.0
2026-07-29T07:02:21.325611+00:00,0,NONE,0.0,0.0,512.0,0,0.00997321220318554,1.9047432247696692,0.0
2026-07-29T07:02:21.375419+00:00,0,NONE,0.0,0.0,512.0,0,-0.014078195098991273,-2.6887372077798672,0.0
2026-07-29T07:02:21.442292+00:00,0,NONE,0.0,0.0,512.0,0,1.2977132828382309e-05,0.002478449804156584,0.0
2026-07-29T07:02:21.542362+00:00,0,NONE,0.0,0.0,512.0,0,-0.00010230123210931196,-0.019538096129505987,0.0
2026-07-29T07:02:21.559119+00:00,0,NONE,0.0,0.0,512.0,0,0.0028439683707256335,0.5431579490375862,0.0
2026-07-29T07:02:21.642379+00:00,0,NONE,0.0,0.0,512.0,0,-0.0023573137295170455,-0.45021375896523474,0.0
2026-07-29T07:02:21.692370+00:00,0,NONE,0.0,0.0,512.0,0,-0.016409253102610818,-3.1339364924718383,0.0
2026-07-29T07:02:21.759177+00:00,0,NONE,0.0,0.0,512.0,0,-1.7923711566254498e-05,-0.003423176753187337,0.0
2026-07-29T07:02:21.825804+00:00,0,NONE,0.0,0.0,512.0,0,0.012035464376822347,2.298604377573233,0.0
2026-07-29T07:02:21.892478+00:00,0,NONE,0.0,0.0,512.0,0,0.0016167839267291128,0.30878298462055564,0.0
2026-07-29T07:02:21.909186+00:00,0,NONE,0.0,0.0,512.0,0,-0.004819338205270469,-0.9204257973605022,0.0
2026-07-29T07:02:21.992662+00:00,0,NONE,0.0,0.0,512.0,0,-0.004987286311297794,-0.9525015228691068,0.0
2026-07-29T07:02:22.042589+00:00,0,NONE,0.0,0.0,512.0,0,7.0689430322090626e-06,0.0013500686712133003,0.0
2026-07-29T07:02:22.109265+00:00,0,NONE,0.0,0.0,512.0,0,-0.005906968445488019,-1.1281478721447207,0.0
2026-07-29T07:02:22.159277+00:00,0,NONE,0.0,0.0,512.0,0,0.01363352122309152,2.6038107532839336,0.0
2026-07-29T07:02:22.176001+00:00,0,NONE,0.0,0.0,512.0,0,2.6114303036592897e-05,0.0049874644964081425,0.0
2026-07-29T07:02:22.276072+00:00,0,NONE,0.0,0.0,512.0,0,0.012402153935836395,2.368636924649961,0.0
2026-07-29T07:02:22.292635+00:00,0,NONE,0.0,0.0,512.0,0,-3.154254227411001e-07,-6.0241818247316184e-05,0.0
2026-07-29T07:02:22.325896+00:00,0,NONE,0.0,0.0,512.0,0,0.0032153911562636493,0.6140944757919896,0.0
2026-07-29T07:02:22.376069+00:00,0,NONE,0.0,0.0,512.0,0,-1.775525539414957e-05,-0.0033910039942055313,0.0
2026-07-29T07:02:22.459332+00:00,0,NONE,0.0,0.0,512.0,0,-1.775525539414957e-05,-0.0033910039942055313,0.0
2026-07-29T07:02:22.476044+00:00,0,NONE,0.0,0.0,512.0,0,-0.035029487912543116,-6.690139386310843,0.0
2026-07-29T07:02:22.576118+00:00,0,NONE,0.0,0.0,512.0,0,-4.137197305681184e-05,-0.007901464820947578,0.0
2026-07-29T07:02:22.642941+00:00,0,NONE,0.0,0.0,512.0,0,0.005291140180197544,1.0105333371246972,0.0
2026-07-29T07:02:22.709493+00:00,0,NONE,0.0,0.0,512.0,0,3.8666417822241763e-07,7.384741833679603e-05,0.0
2026-07-29T07:02:22.759520+00:00,0,NONE,0.0,0.0,512.0,0,-1.9654286443255842e-05,-0.0037536922084658326,0.0
2026-07-29T07:02:22.826305+00:00,0,NONE,0.0,0.0,512.0,0,-1.9654286443255842e-05,-0.0037536922084658326,0.0
2026-07-29T07:02:22.859424+00:00,0,NONE,0.0,0.0,512.0,0,-2.978638600325212e-05,-0.005688780683112983,0.0
2026-07-29T07:02:22.942807+00:00,0,NONE,0.0,0.0,512.0,0,0.007245714943273925,1.3838296193482287,0.0
2026-07-29T07:02:22.993001+00:00,0,NONE,0.0,0.0,512.0,0,-5.953265324933454e-05,-0.011369899248008852,0.0
2026-07-29T07:02:23.043163+00:00,0,NONE,0.0,0.0,512.0,0,4.250298297847621e-06,0.0008117471804610213,0.0
2026-07-29T07:02:23.092970+00:00,0,NONE,0.0,0.0,512.0,0,0.0021525003434908286,0.4110972836082816,0.0
2026-07-29T07:02:23.159539+00:00,0,NONE,0.0,0.0,512.0,0,2.8904147911816834e-05,0.005520285619229921,0.0
2026-07-29T07:02:23.193022+00:00,0,NONE,0.0,0.0,512.0,0,-2.9990219918545332e-05,-0.0057277100933394096,0.0
2026-07-29T07:02:23.209706+00:00,0,NONE,0.0,0.0,512.0,0,-1.5799298125784846e-06,-0.0003017443672921411,0.0
2026-07-29T07:02:23.309644+00:00,0,NONE,0.0,0.0,512.0,0,-0.02348481837194413,-4.485269917812319,0.0
2026-07-29T07:02:23.376448+00:00,0,NONE,0.0,0.0,512.0,0,0.0030892339424462988,0.5900002227691106,0.0
2026-07-29T07:02:23.426446+00:00,0,NONE,0.0,0.0,512.0,0,0.003590180546088959,0.6856739766029015,0.0
2026-07-29T07:02:23.443258+00:00,0,NONE,0.0,0.0,512.0,0,-0.02470581376168411,-4.718462859935759,0.0
2026-07-29T07:02:23.543110+00:00,0,NONE,0.0,0.0,512.0,0,-0.025774147753836588,-4.922499622804757,0.0
2026-07-29T07:02:23.593083+00:00,0,NONE,0.0,0.0,512.0,0,-1.6752892406657338e-06,-0.0003199566765127433,0.0
2026-07-29T07:02:23.643139+00:00,0,NONE,0.0,0.0,512.0,0,-1.6752892406657338e-06,-0.0003199566765127433,0.0
2026-07-29T07:02:23.660001+00:00,0,NONE,0.0,0.0,512.0,0,-0.0027736469378578476,-0.5297275446621306,0.0
2026-07-29T07:02:23.726504+00:00,0,NONE,0.0,0.0,512.0,0,3.498748134006746e-05,0.006682116721928625,0.0
2026-07-29T07:02:23.809967+00:00,0,NONE,0.0,0.0,512.0,0,-0.02594413114071358,-4.954964058322727,0.0
2026-07-29T07:02:23.860018+00:00,0,NONE,0.0,0.0,512.0,0,-0.028741623281966895,-5.4892457013721625,0.0
2026-07-29T07:02:23.909740+00:00,0,NONE,0.0,0.0,512.0,0,0.006855512564070523,1.309306454400501,0.0
2026-07-29T07:02:23.960069+00:00,0,NONE,0.0,0.0,512.0,0,0.0018477906676343991,0.3529020222637057,0.0
2026-07-29T07:02:24.026607+00:00,0,NONE,0.0,0.0,512.0,0,2.0660545706050472e-05,0.003945873571312758,0.0
2026-07-29T07:02:24.060039+00:00,0,NONE,0.0,0.0,512.0,0,-7.25791641161777e-05,-0.013861599281481113,0.0
2026-07-29T07:02:24.110258+00:00,0,NONE,0.0,0.0,512.0,0,-0.016974684942688327,-3.241926019267696,0.0
2026-07-29T07:02:24.176761+00:00,0,NONE,0.0,0.0,512.0,0,0.004086595131157083,0.7804821786467065,0.0
2026-07-29T07:02:24.193454+00:00,0,NONE,0.0,0.0,512.0,0,0.004086595131157083,0.7804821786467065,0.0
2026-07-29T07:02:24.293392+00:00,0,NONE,0.0,0.0,512.0,0,0.004086595131157083,0.7804821786467065,0.0
2026-07-29T07:02:24.310211+00:00,0,NONE,0.0,0.0,512.0,0,0.02134021213203596,4.07568029693179,0.0
2026-07-29T07:02:24.343490+00:00,0,NONE,0.0,0.0,512.0,0,2.9826812096871435e-05,0.005696501498268274,0.0
2026-07-29T07:02:24.460038+00:00,0,NONE,0.0,0.0,512.0,0,-2.07139432313852e-05,-0.003956071747439834,0.0
2026-07-29T07:02:24.476860+00:00,0,NONE,0.0,0.0,512.0,0,0.0015822686145838816,0.3021910455722277,0.0
2026-07-29T07:02:24.560307+00:00,0,NONE,0.0,0.0,512.0,0,-0.009166062046788284,-1.7505889001200452,0.0
2026-07-29T07:02:24.610268+00:00,0,NONE,0.0,0.0,512.0,0,-0.006738139536319068,-1.2868898573377336,0.0
2026-07-29T07:02:24.660266+00:00,0,NONE,0.0,0.0,512.0,0,-2.979768432851415e-05,-0.0056909385042899175,0.0
2026-07-29T07:02:24.726844+00:00,0,NONE,0.0,0.0,512.0,0,-4.039320370793575e-05,-0.00771453364492302,0.0
2026-07-29T07:02:24.776850+00:00,0,NONE,0.0,0.0,512.0,0,-0.0027848584457387917,-0.5318687849406498,0.0
2026-07-29T07:02:24.843838+00:00,0,NONE,0.0,0.0,512.0,0,-4.8744079540483655e-05,-0.009309433446398997,0.0
2026-07-29T07:02:24.860439+00:00,0,NONE,0.0,0.0,512.0,0,-8.0225124838762e-06,-0.0015321870213904037,0.0
2026-07-29T07:02:24.910391+00:00,0,NONE,0.0,0.0,512.0,0,-0.008673574173153611,-1.6565306447179156,0.0
2026-07-29T07:02:25.027443+00:00,0,NONE,0.0,0.0,512.0,0,-5.889327730983494e-06,-0.001124778743849039,0.0
2026-07-29T07:02:25.077041+00:00,0,NONE,0.0,0.0,512.0,0,3.1626404961571093e-06,0.0006040198418232101,0.0
2026-07-29T07:02:25.143747+00:00,0,NONE,0.0,0.0,512.0,0,-0.009147999935958068,-1.7471392910544823,0.0
2026-07-29T07:02:25.193853+00:00,0,NONE,0.0,0.0,512.0,0,-3.804044594289735e-05,-0.0072651900110785785,0.0
2026-07-29T07:02:25.210449+00:00,0,NONE,0.0,0.0,512.0,0,-0.021885997684148607,-4.17991765911603,0.0
2026-07-29T07:02:25.277294+00:00,0,NONE,0.0,0.0,512.0,0,0.007579122798633761,1.4475058292436513,0.0
2026-07-29T07:02:25.310543+00:00,0,NONE,0.0,0.0,512.0,0,0.007849712410243228,1.4991846383280067,0.0
2026-07-29T07:02:25.377260+00:00,0,NONE,0.0,0.0,512.0,0,0.009739275976171484,1.860064696492603,0.0
2026-07-29T07:02:25.444025+00:00,0,NONE,0.0,0.0,512.0,0,5.1076282979920506e-05,0.009754851493217748,0.0
2026-07-29T07:02:25.510595+00:00,0,NONE,0.0,0.0,512.0,0,0.017501171636395155,3.3424775709983563,0.0
2026-07-29T07:02:25.560611+00:00,0,NONE,0.0,0.0,512.0,0,0.016796243448043244,3.2078462041571307,0.0
2026-07-29T07:02:25.610584+00:00,0,NONE,0.0,0.0,512.0,0,-1.750799099681899e-05,-0.003343779972902571,0.0
2026-07-29T07:02:25.660681+00:00,0,NONE,0.0,0.0,512.0,0,-3.088837751420215e-05,-0.005899245558568587,0.0
2026-07-29T07:02:25.727346+00:00,0,NONE,0.0,0.0,512.0,0,-0.006101289904036094,-1.165260536956824,0.0
2026-07-29T07:02:25.777463+00:00,0,NONE,0.0,0.0,512.0,0,-0.0034256682664272377,-0.6542544455939265,0.0
2026-07-29T07:02:25.827425+00:00,0,NONE,0.0,0.0,512.0,0,-1.6347394812328275e-05,-0.0031221224292682223,0.0
2026-07-29T07:02:25.894035+00:00,0,NONE,0.0,0.0,512.0,0,-0.015313862427137791,-2.9247322837298753,0.0
2026-07-29T07:02:25.943925+00:00,0,NONE,0.0,0.0,512.0,0,2.1721824741689487e-05,0.004148562936738857,0.0
2026-07-29T07:02:25.978202+00:00,0,NONE,0.0,0.0,512.0,0,-0.021011016185511835,-4.012808502369634,0.0
2026-07-29T07:02:26.044032+00:00,0,NONE,0.0,0.0,512.0,0,-1.4083291607676073e-05,-0.0026897105692395033,0.0
2026-07-29T07:02:26.110879+00:00,0,NONE,0.0,0.0,512.0,0,8.93299889867194e-06,0.0017060771176297157,0.0
2026-07-29T07:02:26.177327+00:00,0,NONE,0.0,0.0,512.0,0,3.2524281414225685e-06,0.0006211680189103054,0.0
2026-07-29T07:02:26.194123+00:00,0,NONE,0.0,0.0,512.0,0,3.2524281414225685e-06,0.0006211680189103054,0.0
2026-07-29T07:02:26.277529+00:00,0,NONE,0.0,0.0,512.0,0,-0.013538129817461594,-2.58559233680255,0.0
2026-07-29T07:02:26.310979+00:00,0,NONE,0.0,0.0,512.0,0,-0.00156262699594663,-0.29843977273649436,0.0
2026-07-29T07:02:26.327582+00:00,0,NONE,0.0,0.0,512.0,0,-3.106321833911352e-05,-0.005932637696415278,0.0
2026-07-29T07:02:26.377553+00:00,0,NONE,0.0,0.0,512.0,0,0.014555605309287784,2.7799158416013445,0.0
2026-07-29T07:02:26.444289+00:00,0,NONE,0.0,0.0,512.0,0,0.014555605309287784,2.7799158416013445,0.0
2026-07-29T07:02:26.460933+00:00,0,NONE,0.0,0.0,512.0,0,7.842648250516504e-05,0.01497835483200848,0.0
2026-07-29T07:02:26.544352+00:00,0,NONE,0.0,0.0,512.0,0,0.0021689671918284146,0.41424221998036725,0.0
2026-07-29T07:02:26.594346+00:00,0,NONE,0.0,0.0,512.0,0,-0.0008125292579643428,-0.1551816573741779,0.0
2026-07-29T07:02:26.644389+00:00,0,NONE,0.0,0.0,512.0,0,-5.413318576756865e-06,-0.0010338676920264467,0.0
2026-07-29T07:02:26.660906+00:00,0,NONE,0.0,0.0,512.0,0,0.0009290706704632612,0.17743942762311526,0.0
2026-07-29T07:02:26.744285+00:00,0,NONE,0.0,0.0,512.0,0,-3.4233294718433166e-05,-0.006538077687312374,0.0
2026-07-29T07:02:26.794462+00:00,0,NONE,0.0,0.0,512.0,0,-1.2158284735050983e-05,-0.002322061338122519,0.0
2026-07-29T07:02:26.810964+00:00,0,NONE,0.0,0.0,512.0,0,-1.1244545748922975e-05,-0.0021475500465168596,0.0
2026-07-29T07:02:26.894456+00:00,0,NONE,0.0,0.0,512.0,0,5.813520794617943e-05,0.011103006854771627,0.0
2026-07-29T07:02:26.977740+00:00,0,NONE,0.0,0.0,512.0,0,-5.532086805033032e-05,-0.010565507527613488,0.0
2026-07-29T07:02:27.027674+00:00,0,NONE,0.0,0.0,512.0,0,3.996472049038857e-05,0.007632699378397555,0.0
2026-07-29T07:02:27.111376+00:00,0,NONE,0.0,0.0,512.0,0,5.114680971018969e-06,0.0009768321106508689,0.0
2026-07-29T07:02:27.177838+00:00,0,NONE,0.0,0.0,512.0,0,9.934045665431767e-06,0.0018972629670648991,0.0
2026-07-29T07:02:27.194569+00:00,0,NONE,0.0,0.0,512.0,0,-4.092072194907815e-06,-0.0007815282207701766,0.0
2026-07-29T07:02:27.277919+00:00,0,NONE,0.0,0.0,512.0,0,0.014452857230498922,2.7602924040424126,0.0
2026-07-29T07:02:27.311451+00:00,0,NONE,0.0,0.0,512.0,0,-0.011664210924559484,-2.2277001910921546,0.0
2026-07-29T07:02:27.394647+00:00,0,NONE,0.0,0.0,512.0,0,-4.936856275890022e-06,-0.0009428700955705715,0.0
2026-07-29T07:02:27.461154+00:00,0,NONE,0.0,0.0,512.0,0,-2.827698335750028e-05,-0.005400506012488115,0.0
2026-07-29T07:02:27.528012+00:00,0,NONE,0.0,0.0,512.0,0,-0.03363115253159776,-6.423077000737553,0.0
2026-07-29T07:02:27.544718+00:00,0,NONE,0.0,0.0,512.0,0,0.0007715109051787295,0.14734772905019683,0.0
2026-07-29T07:02:27.628072+00:00,0,NONE,0.0,0.0,512.0,0,-3.2312569601344873e-06,-0.0006171246211265941,0.0
2026-07-29T07:02:27.644605+00:00,0,NONE,0.0,0.0,512.0,0,7.125490374164655e-06,0.0013608684180024286,0.0
2026-07-29T07:02:27.761431+00:00,0,NONE,0.0,0.0,512.0,0,4.6781434211879964e-05,0.008934595799698802,0.0
2026-07-29T07:02:27.828193+00:00,0,NONE,0.0,0.0,512.0,0,-3.2490784469700884e-05,-0.006205282743943537,0.0
2026-07-29T07:02:27.894794+00:00,0,NONE,0.0,0.0,512.0,0,1.4640401786891744e-05,0.002796110775882286,0.0
2026-07-29T07:02:27.961443+00:00,0,NONE,0.0,0.0,512.0,0,-3.2098735682666306e-05,-0.006130406941075855,0.0
2026-07-29T07:02:28.028276+00:00,0,NONE,0.0,0.0,512.0,0,4.473044537007808e-06,0.0008542885784819893,0.0
2026-07-29T07:02:28.078338+00:00,0,NONE,0.0,0.0,512.0,0,0.047468468279694205,9.065809641257005,0.0
2026-07-29T07:02:28.128320+00:00,0,NONE,0.0,0.0,512.0,0,0.0014790830409037881,0.2824840526438759,0.0
2026-07-29T07:02:28.178314+00:00,0,NONE,0.0,0.0,512.0,0,-2.0634735119529068e-05,-0.00394094411239798,0.0
2026-07-29T07:02:28.211648+00:00,0,NONE,0.0,0.0,512.0,0,-1.0750742512755096e-05,-0.0020532405753757887,0.0
2026-07-29T07:02:28.261884+00:00,0,NONE,0.0,0.0,512.0,0,2.8981038340134543e-05,0.00553497060932178,0.0
2026-07-29T07:02:28.344881+00:00,0,NONE,0.0,0.0,512.0,0,1.3076256582280621e-05,0.0024973810466494733,0.0
2026-07-29T07:02:28.394861+00:00,0,NONE,0.0,0.0,512.0,0,1.9954811068600972e-05,0.0038110881840392533,0.0
2026-07-29T07:02:28.461792+00:00,0,NONE,0.0,0.0,512.0,0,5.7522854694980195e-06,0.0010986055998555525,0.0
2026-07-29T07:02:28.511489+00:00,0,NONE,0.0,0.0,512.0,0,-0.03569970705182641,-6.81814181307692,0.0
2026-07-29T07:02:28.595031+00:00,0,NONE,0.0,0.0,512.0,0,-3.837722800199117e-05,-0.007329510646417917,0.0
2026-07-29T07:02:28.645003+00:00,0,NONE,0.0,0.0,512.0,0,-1.4352175639942288e-06,-0.00027410636366638816,0.0
2026-07-29T07:02:28.712633+00:00,0,NONE,0.0,0.0,512.0,0,-0.0009694891702383757,-0.18515879246099703,0.0
2026-07-29T07:02:28.761790+00:00,0,NONE,0.0,0.0,512.0,0,6.173127512738574e-06,0.0011789805095867056,0.0
2026-07-29T07:02:28.845087+00:00,0,NONE,0.0,0.0,512.0,0,0.01872656178253237,3.576509849766962,0.0
2026-07-29T07:02:28.878574+00:00,0,NONE,0.0,0.0,512.0,0,-7.286662585102022e-06,-0.0013916500428741063,0.0
2026-07-29T07:02:28.945097+00:00,0,NONE,0.0,0.0,512.0,0,-0.0007116016789223067,-0.13590590965557228,0.0
2026-07-29T07:02:28.995289+00:00,0,NONE,0.0,0.0,512.0,0,-0.0011315880808979272,-0.216117403942532,0.0
2026-07-29T07:02:29.011757+00:00,0,NONE,0.0,0.0,512.0,0,-0.0086919981893152,-1.6600493726103818,0.0
2026-07-29T07:02:29.045303+00:00,0,NONE,0.0,0.0,512.0,0,-0.0026259148505050687,-0.5015127943155565,0.0
2026-07-29T07:02:29.145353+00:00,0,NONE,0.0,0.0,512.0,0,0.0020178231678437443,0.38537583773721495,0.0
2026-07-29T07:02:29.162090+00:00,0,NONE,0.0,0.0,512.0,0,2.1272950689308346e-05,0.004062834307624279,0.0
2026-07-29T07:02:29.211854+00:00,0,NONE,0.0,0.0,512.0,0,0.1557018545991741,29.736863769640937,0.0
2026-07-29T07:02:29.295109+00:00,0,NONE,0.0,0.0,512.0,0,-0.012069560258314595,-2.305116211267513,0.0
2026-07-29T07:02:29.362016+00:00,0,NONE,0.0,0.0,512.0,0,-4.8373388999607414e-05,-0.00923863676807356,0.0
2026-07-29T07:02:29.412043+00:00,0,NONE,0.0,0.0,512.0,0,0.009753349907987286,1.8627526194732709,0.0
2026-07-29T07:02:29.478658+00:00,0,NONE,0.0,0.0,512.0,0,-0.0066600064112572,-1.2719675296503572,0.0
2026-07-29T07:02:29.495436+00:00,0,NONE,0.0,0.0,512.0,0,1.7332245188299567e-05,0.0033102149959183132,0.0
2026-07-29T07:02:29.578709+00:00,0,NONE,0.0,0.0,512.0,0,-2.3808984660718125e-05,-0.004547181118502883,0.0
2026-07-29T07:02:29.612547+00:00,0,NONE,0.0,0.0,512.0,0,-3.896507550962269e-06,-0.0007441781250366485,0.0
2026-07-29T07:02:29.662129+00:00,0,NONE,0.0,0.0,512.0,0,-2.1794394124299286e-05,-0.004162422667890229,0.0
2026-07-29T07:02:29.712091+00:00,0,NONE,0.0,0.0,512.0,0,-2.294787933351472e-05,-0.00438272211528626,0.0
2026-07-29T07:02:29.762017+00:00,0,NONE,0.0,0.0,512.0,0,0.012466132019180804,2.3808558385065304,0.0
2026-07-29T07:02:29.812136+00:00,0,NONE,0.0,0.0,512.0,0,0.012466132019180804,2.3808558385065304,0.0
2026-07-29T07:02:29.862068+00:00,0,NONE,0.0,0.0,512.0,0,-1.7732500709826126e-05,-0.0033866581696192447,0.0
2026-07-29T07:02:29.912079+00:00,0,NONE,0.0,0.0,512.0,0,-2.4347874568775296e-05,-0.004650101509682446,0.0
2026-07-29T07:02:29.928936+00:00,0,NONE,0.0,0.0,512.0,0,2.0324396082287422e-05,0.0038816737222243138,0.0
2026-07-29T07:02:30.012209+00:00,0,NONE,0.0,0.0,512.0,0,0.0,0.0,0.0
2026-07-29T07:02:30.045669+00:00,0,NONE,0.0,0.0,512.0,0,0.00913864555535838,1.7453527359600782,0.0
2026-07-29T07:02:30.129018+00:00,0,NONE,0.0,0.0,512.0,0,-0.014859743631968741,-2.838001982527367,0.0
2026-07-29T07:02:30.195581+00:00,0,NONE,0.0,0.0,512.0,0,-0.007790289286422194,-1.4878356576599114,0.0
2026-07-29T07:02:30.279013+00:00,0,NONE,0.0,0.0,512.0,0,0.011956256428966298,2.283476773853087,0.0
2026-07-29T07:02:30.329157+00:00,0,NONE,0.0,0.0,512.0,0,-5.867748172022402e-05,-0.01120657351674958,0.0
2026-07-29T07:02:30.345606+00:00,0,NONE,0.0,0.0,512.0,0,-4.1489137656753884e-05,-0.007923841611230973,0.0
2026-07-29T07:02:30.429036+00:00,0,NONE,0.0,0.0,512.0,0,-0.02049386649072403,-3.9140401860769005,0.0
2026-07-29T07:02:30.445684+00:00,0,NONE,0.0,0.0,512.0,0,-5.1084306905977426e-05,-0.009756383950211703,0.0
2026-07-29T07:02:30.512507+00:00,0,NONE,0.0,0.0,512.0,0,-4.144771828919147e-05,-0.007915931094726214,0.0
2026-07-29T07:02:30.529034+00:00,0,NONE,0.0,0.0,512.0,0,0.04331162555143237,8.271911159826839,0.0
2026-07-29T07:02:30.612514+00:00,0,NONE,0.0,0.0,512.0,0,1.9098129705525934e-05,0.003647474095733539,0.0
2026-07-29T07:02:30.662557+00:00,0,NONE,0.0,0.0,512.0,0,-6.116759497672318e-05,-0.011682150117106178,0.0
2026-07-29T07:02:30.729291+00:00,0,NONE,0.0,0.0,512.0,0,-1.8201552447862922e-05,-0.003476240452828526,0.0
2026-07-29T07:02:30.795890+00:00,0,NONE,0.0,0.0,512.0,0,-8.827569290588143e-06,-0.0016859415456999826,0.0
2026-07-29T07:02:30.845932+00:00,0,NONE,0.0,0.0,512.0,0,-5.198731148993829e-05,-0.009928845122018118,0.0
2026-07-29T07:02:30.879157+00:00,0,NONE,0.0,0.0,512.0,0,-4.9627596090431326e-05,-0.009478172677872198,0.0
2026-07-29T07:02:30.895838+00:00,0,NONE,0.0,0.0,512.0,0,-3.208792259101756e-05,-0.006128341792692651,0.0
2026-07-29T07:02:30.929077+00:00,0,NONE,0.0,0.0,512.0,0,8.184938542399322e-07,0.000156320811351147,0.0
2026-07-29T07:02:31.012631+00:00,0,NONE,0.0,0.0,512.0,0,4.3486446957103906e-05,0.008305299588871917,0.0
2026-07-29T07:02:31.079465+00:00,0,NONE,0.0,0.0,512.0,0,-0.012802450915332884,-2.4450880162399065,0.0
2026-07-29T07:02:31.162690+00:00,0,NONE,0.0,0.0,512.0,0,0.0020900471275672318,0.3991695979768105,0.0
2026-07-29T07:02:31.212681+00:00,0,NONE,0.0,0.0,512.0,0,0.011558179995627143,2.2074497753399056,0.0
2026-07-29T07:02:31.262737+00:00,0,NONE,0.0,0.0,512.0,0,-0.0014171744673512877,-0.27066038604309756,0.0
2026-07-29T07:02:31.329347+00:00,0,NONE,0.0,0.0,512.0,0,6.50955713354051e-05,0.012432338341704976,0.0
2026-07-29T07:02:31.396076+00:00,0,NONE,0.0,0.0,512.0,0,-3.513081494020298e-05,-0.006709491423095894,0.0
2026-07-29T07:02:31.446137+00:00,0,NONE,0.0,0.0,512.0,0,-3.4092092391802e-05,-0.006511110029401063,0.0
2026-07-29T07:02:31.462752+00:00,0,NONE,0.0,0.0,512.0,0,-3.4092092391802e-05,-0.006511110029401063,0.0
2026-07-29T07:02:31.512655+00:00,0,NONE,0.0,0.0,512.0,0,-3.4092092391802e-05,-0.006511110029401063,0.0
2026-07-29T07:02:31.579400+00:00,0,NONE,0.0,0.0,512.0,0,0.00010514767775021027,0.0200817272022956,0.0
2026-07-29T07:02:31.645933+00:00,0,NONE,0.0,0.0,512.0,0,1.5830610100238117e-05,0.0030234238195360574,0.0
2026-07-29T07:02:31.696226+00:00,0,NONE,0.0,0.0,512.0,0,-0.0010188650999043603,-0.19458890039231605,0.0
2026-07-29T07:02:31.762866+00:00,0,NONE,0.0,0.0,512.0,0,-0.024205614135134966,-4.622931768218139,0.0
2026-07-29T07:02:31.812875+00:00,0,NONE,0.0,0.0,512.0,0,7.943522214191034e-05,0.015171009911385364,0.0
2026-07-29T07:02:31.846353+00:00,0,NONE,0.0,0.0,512.0,0,-2.224280848167837e-05,-0.004248063501726538,0.0
2026-07-29T07:02:31.896364+00:00,0,NONE,0.0,0.0,512.0,0,-0.0020761647645849736,-0.3965182619483037,0.0
2026-07-29T07:02:31.979555+00:00,0,NONE,0.0,0.0,512.0,0,0.0059300222390447745,1.1325508223866139,0.0
2026-07-29T07:02:32.029572+00:00,0,NONE,0.0,0.0,512.0,0,-0.011169273243285715,-2.1331740568955606,0.0
2026-07-29T07:02:32.096253+00:00,0,NONE,0.0,0.0,512.0,0,0.015755283520556985,3.009037502533108,0.0
2026-07-29T07:02:32.146379+00:00,0,NONE,0.0,0.0,512.0,0,0.0035158935433719308,0.6714862041750262,0.0
2026-07-29T07:02:32.179739+00:00,0,NONE,0.0,0.0,512.0,0,-0.012600895445793868,-2.4065937570986953,0.0
2026-07-29T07:02:32.246333+00:00,0,NONE,0.0,0.0,512.0,0,0.0031019588746130466,0.592430505794927,0.0
2026-07-29T07:02:32.313050+00:00,0,NONE,0.0,0.0,512.0,0,-0.01433199778170092,-2.737209949607736,0.0
2026-07-29T07:02:32.362992+00:00,0,NONE,0.0,0.0,512.0,0,0.0011405686917714776,0.21783257427754443,0.0
2026-07-29T07:02:32.413005+00:00,0,NONE,0.0,0.0,512.0,0,5.3426894301082935e-05,0.010203785186478674,0.0
2026-07-29T07:02:32.463070+00:00,0,NONE,0.0,0.0,512.0,0,4.229668404150288e-05,0.008078071609921522,0.0
2026-07-29T07:02:32.479818+00:00,0,NONE,0.0,0.0,512.0,0,-5.790794966742397e-06,-0.0011059603720664642,0.0
2026-07-29T07:02:32.546417+00:00,0,NONE,0.0,0.0,512.0,0,3.83686987333931e-06,0.0007327881676107908,0.0
2026-07-29T07:02:32.596463+00:00,0,NONE,0.0,0.0,512.0,0,-0.014181614338885993,-2.708488827667929,0.0
2026-07-29T07:02:32.646558+00:00,0,NONE,0.0,0.0,512.0,0,0.005171923454618081,0.9877646197144554,0.0
2026-07-29T07:02:32.730045+00:00,0,NONE,0.0,0.0,512.0,0,-0.030173308326102415,-5.7626774034420505,0.0
2026-07-29T07:02:32.763223+00:00,0,NONE,0.0,0.0,512.0,0,0.0041952344805758915,0.8012307660158557,0.0
2026-07-29T07:02:32.829930+00:00,0,NONE,0.0,0.0,512.0,0,0.0038718094327487053,0.7394611319181406,0.0
2026-07-29T07:02:32.879958+00:00,0,NONE,0.0,0.0,512.0,0,2.0136868188274092e-05,0.003845858532664513,0.0
2026-07-29T07:02:32.946460+00:00,0,NONE,0.0,0.0,512.0,0,0.006098502602544614,1.1647282015845162,0.0
2026-07-29T07:02:32.980131+00:00,0,NONE,0.0,0.0,512.0,0,0.011018760754377582,2.1044282889674086,0.0
2026-07-29T07:02:33.046524+00:00,0,NONE,0.0,0.0,512.0,0,2.662411134224385e-05,0.005084830710656526,0.0
2026-07-29T07:02:33.113429+00:00,0,NONE,0.0,0.0,512.0,0,1.0376084319432266e-05,0.0019816861312511396,0.0
2026-07-29T07:02:33.163421+00:00,0,NONE,0.0,0.0,512.0,0,-6.919921186636202e-05,-0.013216075951913826,0.0
2026-07-29T07:02:33.213169+00:00,0,NONE,0.0,0.0,512.0,0,-0.012195985978469253,-2.329261745223393,0.0
2026-07-29T07:02:33.230245+00:00,0,NONE,0.0,0.0,512.0,0,0.011542207764359774,2.204399303869815,0.0
2026-07-29T07:02:33.296599+00:00,0,NONE,0.0,0.0,512.0,0,4.699821030953899e-05,0.00897599698468273,0.0
2026-07-29T07:02:33.380069+00:00,0,NONE,0.0,0.0,512.0,0,3.1156517652561886e-05,0.005950456552722144,0.0
2026-07-29T07:02:33.430116+00:00,0,NONE,0.0,0.0,512.0,0,-7.464706694008782e-05,-0.014256539628991895,0.0
2026-07-29T07:02:33.496863+00:00,0,NONE,0.0,0.0,512.0,0,0.0001221381122013554,0.023326661156109894,0.0
2026-07-29T07:02:33.546834+00:00,0,NONE,0.0,0.0,512.0,0,-5.189649673411623e-06,-0.00099115007812644,0.0
2026-07-29T07:02:33.563522+00:00,0,NONE,0.0,0.0,512.0,0,3.963645198382437e-05,0.007570004711820251,0.0
2026-07-29T07:02:33.596934+00:00,0,NONE,0.0,0.0,512.0,0,1.5467095363419504e-06,0.00029539976188343395,0.0
2026-07-29T07:02:33.680267+00:00,0,NONE,0.0,0.0,512.0,0,-9.423117262485901e-06,-0.0017996828299910402,0.0
2026-07-29T07:02:33.696910+00:00,0,NONE,0.0,0.0,512.0,0,-3.93697483377764e-05,-0.007519068067489252,0.0
2026-07-29T07:02:33.780247+00:00,0,NONE,0.0,0.0,512.0,0,-2.5469285901635865e-07,-4.8642752979192825e-05,0.0
2026-07-29T07:02:33.813518+00:00,0,NONE,0.0,0.0,512.0,0,-2.1210735576460137e-05,-0.0040509520963305035,0.0
2026-07-29T07:02:33.863618+00:00,0,NONE,0.0,0.0,512.0,0,-2.1210735576460137e-05,-0.0040509520963305035,0.0
2026-07-29T07:02:33.880234+00:00,0,NONE,0.0,0.0,512.0,0,-2.0842255325987933e-05,-0.003980577552377235,0.0
2026-07-29T07:02:33.963499+00:00,0,NONE,0.0,0.0,512.0,0,-9.5779161711107e-06,-0.0018292472437824812,0.0
2026-07-29T07:02:34.013619+00:00,0,NONE,0.0,0.0,512.0,0,1.082335511455312e-06,0.00020671085607840912,0.0
2026-07-29T07:02:34.080325+00:00,0,NONE,0.0,0.0,512.0,0,-1.78977643372491e-06,-0.00034182211974804414,0.0
2026-07-29T07:02:34.097084+00:00,0,NONE,0.0,0.0,512.0,0,3.5015427374673895e-05,0.006687454021385542,0.0
2026-07-29T07:02:34.213690+00:00,0,NONE,0.0,0.0,512.0,0,-3.4309181501157585e-06,-0.0006552570995215493,0.0
2026-07-29T07:02:34.230352+00:00,0,NONE,0.0,0.0,512.0,0,0.07723590033710934,14.750970387364724,0.0
2026-07-29T07:02:34.313759+00:00,0,NONE,0.0,0.0,512.0,0,-0.0027456185451956118,-0.524374515975192,0.0
2026-07-29T07:02:34.363764+00:00,0,NONE,0.0,0.0,512.0,0,-0.01711852999404073,-3.269398400422147,0.0
2026-07-29T07:02:34.413680+00:00,0,NONE,0.0,0.0,512.0,0,-0.01711852999404073,-3.269398400422147,0.0
2026-07-29T07:02:34.430554+00:00,0,NONE,0.0,0.0,512.0,0,1.1751254060072825e-05,0.0022443242054271534,0.0
2026-07-29T07:02:34.497008+00:00,0,NONE,0.0,0.0,512.0,0,1.3472540304064751e-05,0.0025730656624760304,0.0
2026-07-29T07:02:34.563845+00:00,0,NONE,0.0,0.0,512.0,0,-1.4123942091828211e-05,-0.002697474239829773,0.0
2026-07-29T07:02:34.647135+00:00,0,NONE,0.0,0.0,512.0,0,-0.00295580948702991,-0.5645180288384757,0.0
2026-07-29T07:02:34.663856+00:00,0,NONE,0.0,0.0,512.0,0,-3.0845374640193766e-05,-0.005891032614609877,0.0
2026-07-29T07:02:34.747109+00:00,0,NONE,0.0,0.0,512.0,0,-1.6457265519420617e-05,-0.00314310618862992,0.0
2026-07-29T07:02:34.780618+00:00,0,NONE,0.0,0.0,512.0,0,-2.0359331974759696e-05,-0.0038883459861982616,0.0
2026-07-29T07:02:34.847251+00:00,0,NONE,0.0,0.0,512.0,0,-2.0388202392496167e-05,-0.003893859829828526,0.0
2026-07-29T07:02:34.864030+00:00,0,NONE,0.0,0.0,512.0,0,0.005001594729255885,0.9552342294041328,0.0
2026-07-29T07:02:34.965532+00:00,0,NONE,0.0,0.0,512.0,0,0.00010180540499277412,0.019443400125686787,0.0
2026-07-29T07:02:35.030718+00:00,0,NONE,0.0,0.0,512.0,0,0.00010180540499277412,0.019443400125686787,0.0
2026-07-29T07:02:35.047488+00:00,0,NONE,0.0,0.0,512.0,0,4.574574748403393e-05,0.008736794205021162,0.0
2026-07-29T07:02:35.130802+00:00,0,NONE,0.0,0.0,512.0,0,-3.7729527975898235e-05,-0.007205809053465788,0.0
2026-07-29T07:02:35.214109+00:00,0,NONE,0.0,0.0,512.0,0,-3.7729527975898235e-05,-0.007205809053465788,0.0
2026-07-29T07:02:35.264115+00:00,0,NONE,0.0,0.0,512.0,0,-3.7729527975898235e-05,-0.007205809053465788,0.0
2026-07-29T07:02:35.330613+00:00,0,NONE,0.0,0.0,512.0,0,7.077572518028318e-06,0.0013517167816026715,0.0
2026-07-29T07:02:35.397422+00:00,0,NONE,0.0,0.0,512.0,0,6.063633074518293e-05,0.01158068612286112,0.0
2026-07-29T07:02:35.464044+00:00,0,NONE,0.0,0.0,512.0,0,0.0,0.0,0.0
2026-07-29T07:02:35.514018+00:00,0,NONE,0.0,0.0,512.0,0,0.0024934366784873417,0.47621132720147685,0.0
2026-07-29T07:02:35.547519+00:00,0,NONE,0.0,0.0,512.0,0,0.0024326720763929188,0.46460614305546943,0.0
2026-07-29T07:02:35.614198+00:00,0,NONE,0.0,0.0,512.0,0,0.006247113902645651,1.1931108691969883,0.0
2026-07-29T07:02:35.664293+00:00,0,NONE,0.0,0.0,512.0,0,4.9334294308209794e-05,0.009422156163722335,0.0
2026-07-29T07:02:35.730880+00:00,0,NONE,0.0,0.0,512.0,0,-0.01840711469296366,-3.5154999497335466,0.0
2026-07-29T07:02:35.780919+00:00,0,NONE,0.0,0.0,512.0,0,-0.01333105479061487,-2.5460439198662983,0.0
2026-07-29T07:02:35.847621+00:00,0,NONE,0.0,0.0,512.0,0,1.1891491267306264e-05,0.0022711075391110788,0.0
2026-07-29T07:02:35.914312+00:00,0,NONE,0.0,0.0,512.0,0,6.307742296485229e-07,0.00012046900394825375,0.0
2026-07-29T07:02:35.947950+00:00,0,NONE,0.0,0.0,512.0,0,2.4734522703511175e-05,0.004723945863939017,0.0
2026-07-29T07:02:36.014484+00:00,0,NONE,0.0,0.0,512.0,0,1.0697294783312827e-06,0.0002043032810970458,0.0
2026-07-29T07:02:36.081039+00:00,0,NONE,0.0,0.0,512.0,0,-9.699177098809741e-06,-0.0018524063750391347,0.0
2026-07-29T07:02:36.147748+00:00,0,NONE,0.0,0.0,512.0,0,-1.6442182241007684e-05,-0.0031402254946489806,0.0
2026-07-29T07:02:36.197748+00:00,0,NONE,0.0,0.0,512.0,0,1.6658296108289505e-05,0.0031815002029473094,0.0
2026-07-29T07:02:36.247773+00:00,0,NONE,0.0,0.0,512.0,0,5.479140265379101e-05,0.010464387085547078,0.0
2026-07-29T07:02:36.297810+00:00,0,NONE,0.0,0.0,512.0,0,-0.007710789676057175,-1.4726523505037445,0.0
2026-07-29T07:02:36.314437+00:00,0,NONE,0.0,0.0,512.0,0,-0.00962933450107812,-1.839067421438295,0.0
2026-07-29T07:02:36.347784+00:00,0,NONE,0.0,0.0,512.0,0,-0.01225297422730364,-2.340145699023565,0.0
2026-07-29T07:02:36.447903+00:00,0,NONE,0.0,0.0,512.0,0,-8.705555519554764e-06,-0.0016626386319576886,0.0
2026-07-29T07:02:36.531164+00:00,0,NONE,0.0,0.0,512.0,0,-8.31919928896241e-05,-0.01588850027285938,0.0
2026-07-29T07:02:36.597958+00:00,0,NONE,0.0,0.0,512.0,0,2.8397651331033554e-05,0.005423551897840958,0.0
2026-07-29T07:02:36.614582+00:00,0,NONE,0.0,0.0,512.0,0,0.0064303939029923644,1.2281147708270648,0.0
2026-07-29T07:02:36.697919+00:00,0,NONE,0.0,0.0,512.0,0,1.9960689096478743e-05,0.0038122108046701087,0.0
2026-07-29T07:02:36.764582+00:00,0,NONE,0.0,0.0,512.0,0,7.44482665322721e-05,0.014218571547880827,0.0
2026-07-29T07:02:36.814550+00:00,0,NONE,0.0,0.0,512.0,0,1.0839805036084726e-05,0.002070250264374366,0.0
2026-07-29T07:02:36.881374+00:00,0,NONE,0.0,0.0,512.0,0,-1.3958314812043683e-05,-0.002665841759483487,0.0
2026-07-29T07:02:36.914504+00:00,0,NONE,0.0,0.0,512.0,0,5.3762960596941405e-05,0.010267969121109624,0.0
2026-07-29T07:02:37.014654+00:00,0,NONE,0.0,0.0,512.0,0,-0.0020752437657210977,-0.39634236412218227,0.0
2026-07-29T07:02:37.064501+00:00,0,NONE,0.0,0.0,512.0,0,-3.0362734287336933e-05,-0.005798855097138539,0.0
2026-07-29T07:02:37.131452+00:00,0,NONE,0.0,0.0,512.0,0,-1.8820426776073875e-05,-0.003594436743013465,0.0
2026-07-29T07:02:37.214689+00:00,0,NONE,0.0,0.0,512.0,0,2.624282904434949e-05,0.005012011155748538,0.0
2026-07-29T07:02:37.264769+00:00,0,NONE,0.0,0.0,512.0,0,-3.0249001247284466e-05,-0.005777133686517877,0.0
2026-07-29T07:02:37.281421+00:00,0,NONE,0.0,0.0,512.0,0,4.415973817231133e-05,0.00843388873892065,0.0
2026-07-29T07:02:37.381454+00:00,0,NONE,0.0,0.0,512.0,0,3.259951663494575e-05,0.0062260490578297046,0.0
2026-07-29T07:02:37.431537+00:00,0,NONE,0.0,0.0,512.0,0,3.1992264121072365e-05,0.006110072370684189,0.0
2026-07-29T07:02:37.464925+00:00,0,NONE,0.0,0.0,512.0,0,-1.6705144371371713e-05,-0.003190447562121073,0.0
2026-07-29T07:02:37.548159+00:00,0,NONE,0.0,0.0,512.0,0,0.022715795636177063,4.3383973941154625,0.0
2026-07-29T07:02:37.598177+00:00,0,NONE,0.0,0.0,512.0,0,-0.02888415160239674,-5.516466605444557,0.0
2026-07-29T07:02:37.648089+00:00,0,NONE,0.0,0.0,512.0,0,-0.02888415160239674,-5.516466605444557,0.0
2026-07-29T07:02:37.664958+00:00,0,NONE,0.0,0.0,512.0,0,-0.01481693036184879,-2.8298252502439447,0.0
2026-07-29T07:02:37.748027+00:00,0,NONE,0.0,0.0,512.0,0,-9.743345581227915e-06,-0.0018608419338059985,0.0
2026-07-29T07:02:37.764975+00:00,0,NONE,0.0,0.0,512.0,0,-0.0006251031879219227,-0.11938591476033117,0.0
2026-07-29T07:02:37.798125+00:00,0,NONE,0.0,0.0,512.0,0,-0.004664564094273373,-0.8908661195670925,0.0
2026-07-29T07:02:37.881662+00:00,0,NONE,0.0,0.0,512.0,0,-1.1364002275513482e-05,-0.002170364562546621,0.0
2026-07-29T07:02:37.931669+00:00,0,NONE,0.0,0.0,512.0,0,-0.011244610908906907,-2.147562491157101,0.0
2026-07-29T07:02:37.998302+00:00,0,NONE,0.0,0.0,512.0,0,0.01947686904342845,3.7198079810581834,0.0
2026-07-29T07:02:38.048316+00:00,0,NONE,0.0,0.0,512.0,0,0.0064512870355974885,1.2321050652240004,0.0
2026-07-29T07:02:38.098353+00:00,0,NONE,0.0,0.0,512.0,0,0.0006915225784177892,0.13207108393781278,0.0
2026-07-29T07:02:38.148374+00:00,0,NONE,0.0,0.0,512.0,0,-2.2180197411216793e-05,-0.004236105668099056,0.0
2026-07-29T07:02:38.198354+00:00,0,NONE,0.0,0.0,512.0,0,2.2678924142383036e-05,0.0043313554575196605,0.0
2026-07-29T07:02:38.248495+00:00,0,NONE,0.0,0.0,512.0,0,-1.8944489856949075e-05,-0.003618131046105262,0.0
2026-07-29T07:02:38.264956+00:00,0,NONE,0.0,0.0,512.0,0,5.073688334960025e-06,0.0009690030938598912,0.0
2026-07-29T07:02:38.298552+00:00,0,NONE,0.0,0.0,512.0,0,-1.8124966300092633e-05,-0.0034616135760405166,0.0
2026-07-29T07:02:38.348384+00:00,0,NONE,0.0,0.0,512.0,0,4.373430856503546e-06,0.0008352637668997933,0.0
2026-07-29T07:02:38.381636+00:00,0,NONE,0.0,0.0,512.0,0,0.013834285454358906,2.6421538970466325,0.0
2026-07-29T07:02:38.465266+00:00,0,NONE,0.0,0.0,512.0,0,-4.897528560832151e-07,-9.353590552682077e-05,0.0
2026-07-29T07:02:38.515192+00:00,0,NONE,0.0,0.0,512.0,0,0.010554483479936608,2.0157578611363927,0.0
2026-07-29T07:02:38.531812+00:00,0,NONE,0.0,0.0,512.0,0,5.614765221253037e-05,0.010723411671154565,0.0
2026-07-29T07:02:38.598572+00:00,0,NONE,0.0,0.0,512.0,0,-0.022289785397006198,-4.257035431669298,0.0
2026-07-29T07:02:38.615861+00:00,0,NONE,0.0,0.0,512.0,0,-0.006817383813904598,-1.3020243995251137,0.0
2026-07-29T07:02:38.648596+00:00,0,NONE,0.0,0.0,512.0,0,-7.796241206960985e-06,-0.001488972390749478,0.0
2026-07-29T07:02:38.731843+00:00,0,NONE,0.0,0.0,512.0,0,2.858312800526619e-05,0.005458975333279801,0.0
2026-07-29T07:02:38.748681+00:00,0,NONE,0.0,0.0,512.0,0,-0.024921337091363967,-4.759624783859967,0.0
2026-07-29T07:02:38.848691+00:00,0,NONE,0.0,0.0,512.0,0,-6.162524252431467e-05,-0.011769554360377861,0.0
2026-07-29T07:02:38.915335+00:00,0,NONE,0.0,0.0,512.0,0,-1.0119920698343775e-05,-0.0019327624834072769,0.0
2026-07-29T07:02:38.965294+00:00,0,NONE,0.0,0.0,512.0,0,0.005124747704248875,0.9787547150760613,0.0
2026-07-29T07:02:39.032270+00:00,0,NONE,0.0,0.0,512.0,0,9.797887585591524e-05,0.01871258689326728,0.0
2026-07-29T07:02:39.082053+00:00,0,NONE,0.0,0.0,512.0,0,1.9592328462749717e-05,0.003741859105831983,0.0
2026-07-29T07:02:39.148780+00:00,0,NONE,0.0,0.0,512.0,0,-0.0037992318486794827,-0.7255998344033993,0.0
2026-07-29T07:02:39.248614+00:00,0,NONE,0.0,0.0,512.0,0,3.0984025179350284e-05,0.005917512917012816,0.0
2026-07-29T07:02:39.282150+00:00,0,NONE,0.0,0.0,512.0,0,-8.425618289038537e-06,-0.001609174559167153,0.0
2026-07-29T07:02:39.331888+00:00,0,NONE,0.0,0.0,512.0,0,-0.014322397133219056,-2.7353763608124044,0.0
2026-07-29T07:02:39.382184+00:00,0,NONE,0.0,0.0,512.0,0,-0.014322397133219056,-2.7353763608124044,0.0
2026-07-29T07:02:39.448827+00:00,0,NONE,0.0,0.0,512.0,0,-0.014322397133219056,-2.7353763608124044,0.0
2026-07-29T07:02:39.465430+00:00,0,NONE,0.0,0.0,512.0,0,-0.014322397133219056,-2.7353763608124044,0.0
2026-07-29T07:02:39.498798+00:00,0,NONE,0.0,0.0,512.0,0,-0.014322397133219056,-2.7353763608124044,0.0
2026-07-29T07:02:39.548930+00:00,0,NONE,0.0,0.0,512.0,0,-0.014322397133219056,-2.7353763608124044,0.0
2026-07-29T07:02:39.582195+00:00,0,NONE,0.0,0.0,512.0,0,-0.014322397133219056,-2.7353763608124044,0.0
2026-07-29T07:02:39.665530+00:00,0,NONE,0.0,0.0,512.0,0,1.2343062917352653e-05,0.002357351371429134,0.0
2026-07-29T07:02:39.732200+00:00,0,NONE,0.0,0.0,512.0,0,-0.008516560530988499,-1.626543247977788,0.0
2026-07-29T07:02:39.748911+00:00,0,NONE,0.0,0.0,512.0,0,0.034882550835609434,6.662076471769879,0.0
2026-07-29T07:02:39.798897+00:00,0,NONE,0.0,0.0,512.0,0,-1.6383660349674754e-05,-0.0031290486367073133,0.0
2026-07-29T07:02:39.848962+00:00,0,NONE,0.0,0.0,512.0,0,-0.02796593081424362,-5.341099352703391,0.0
2026-07-29T07:02:39.915713+00:00,0,NONE,0.0,0.0,512.0,0,0.04107211728580296,7.844196587142747,0.0
2026-07-29T07:02:39.932291+00:00,0,NONE,0.0,0.0,512.0,0,-5.25624118745327e-05,-0.010038681204796819,0.0
2026-07-29T07:02:40.015812+00:00,0,NONE,0.0,0.0,512.0,0,-0.01884594726623618,-3.599310797604816,0.0
2026-07-29T07:02:40.082381+00:00,0,NONE,0.0,0.0,512.0,0,-1.5030941722216084e-05,-0.0028706984093002756,0.0
2026-07-29T07:02:40.115647+00:00,0,NONE,0.0,0.0,512.0,0,2.3049149313010275e-05,0.004402063256674499,0.0
2026-07-29T07:02:40.182265+00:00,0,NONE,0.0,0.0,512.0,0,6.365283057675697e-05,0.012156795153698174,0.0
2026-07-29T07:02:40.248998+00:00,0,NONE,0.0,0.0,512.0,0,0.021253364185104148,4.059093560869893,0.0
2026-07-29T07:02:40.332510+00:00,0,NONE,0.0,0.0,512.0,0,-0.01618878603214398,-3.0918303836072942,0.0
2026-07-29T07:02:40.382433+00:00,0,NONE,0.0,0.0,512.0,0,-9.162767819361761e-06,-0.0017499597490257253,0.0
2026-07-29T07:02:40.449208+00:00,0,NONE,0.0,0.0,512.0,0,0.014601906535681337,2.7887587244634457,0.0
2026-07-29T07:02:40.532402+00:00,0,NONE,0.0,0.0,512.0,0,-8.018918231300632e-06,-0.0015315005697134568,0.0
2026-07-29T07:02:40.565840+00:00,0,NONE,0.0,0.0,512.0,0,-5.112498183734714e-06,-0.0009764152289876601,0.0
2026-07-29T07:02:40.649294+00:00,0,NONE,0.0,0.0,512.0,0,-0.0031692041154019533,-0.6052734007600781,0.0
2026-07-29T07:02:40.665794+00:00,0,NONE,0.0,0.0,512.0,0,0.006773123337188736,1.2935712711415939,0.0
2026-07-29T07:02:40.699339+00:00,0,NONE,0.0,0.0,512.0,0,0.005928479507565499,1.1322561823776656,0.0
2026-07-29T07:02:40.749127+00:00,0,NONE,0.0,0.0,512.0,0,0.022982233613729478,4.389283299501311,0.0
2026-07-29T07:02:40.832425+00:00,0,NONE,0.0,0.0,512.0,0,-0.008784399330615998,-1.6776966906728072,0.0
2026-07-29T07:02:40.882432+00:00,0,NONE,0.0,0.0,512.0,0,5.202521962928586e-05,0.009936085043330817,0.0
2026-07-29T07:02:40.915832+00:00,0,NONE,0.0,0.0,512.0,0,-0.004763327386463061,-0.9097285189447141,0.0
2026-07-29T07:02:40.949327+00:00,0,NONE,0.0,0.0,512.0,0,-5.998997949063778e-05,-0.01145724212629971,0.0
2026-07-29T07:02:41.015954+00:00,0,NONE,0.0,0.0,512.0,0,-5.998997949063778e-05,-0.01145724212629971,0.0
2026-07-29T07:02:41.032596+00:00,0,NONE,0.0,0.0,512.0,0,1.1906668078154325e-05,0.0022740060964712865,0.0
2026-07-29T07:02:41.116005+00:00,0,NONE,0.0,0.0,512.0,0,2.3437870549969385e-06,0.0004476303544290705,0.0
2026-07-29T07:02:41.166041+00:00,0,NONE,0.0,0.0,512.0,0,0.023381258249864912,4.465491391408991,0.0
2026-07-29T07:02:41.216216+00:00,0,NONE,0.0,0.0,512.0,0,0.007203064339410048,1.3756839540312804,0.0
2026-07-29T07:02:41.266066+00:00,0,NONE,0.0,0.0,512.0,0,0.08226239708252252,15.71096055152612,0.0
2026-07-29T07:02:41.316088+00:00,0,NONE,0.0,0.0,512.0,0,0.08226239708252252,15.71096055152612,0.0
2026-07-29T07:02:41.332862+00:00,0,NONE,0.0,0.0,512.0,0,1.1645505505839537e-05,0.0022241277192698943,0.0
2026-07-29T07:02:41.399422+00:00,0,NONE,0.0,0.0,512.0,0,2.7484819511300885e-05,0.005249213862254528,0.0
2026-07-29T07:02:41.466214+00:00,0,NONE,0.0,0.0,512.0,0,-3.0434526488534173e-05,-0.005812566397573726,0.0
2026-07-29T07:02:41.533014+00:00,0,NONE,0.0,0.0,512.0,0,-4.4420759368222205e-05,-0.00848374011521782,0.0
2026-07-29T07:02:41.566112+00:00,0,NONE,0.0,0.0,512.0,0,-9.923310281010344e-06,-0.0018952126596689057,0.0
2026-07-29T07:02:41.616111+00:00,0,NONE,0.0,0.0,512.0,0,2.1384093633969316e-05,0.004084061046463377,0.0
2026-07-29T07:02:41.666154+00:00,0,NONE,0.0,0.0,512.0,0,2.183945929573383e-05,0.004171029481644339,0.0
2026-07-29T07:02:41.699535+00:00,0,NONE,0.0,0.0,512.0,0,2.183945929573383e-05,0.004171029481644339,0.0
2026-07-29T07:02:41.732939+00:00,0,NONE,0.0,0.0,512.0,0,-5.598432122496888e-05,-0.010692217750317971,0.0
2026-07-29T07:02:41.782722+00:00,0,NONE,0.0,0.0,512.0,0,-3.647940138762351e-06,-0.0006967052462248354,0.0
2026-07-29T07:02:41.866208+00:00,0,NONE,0.0,0.0,512.0,0,3.9866723818704485e-05,0.0076139833927514645,0.0
2026-07-29T07:02:41.916203+00:00,0,NONE,0.0,0.0,512.0,0,-0.12266508315340616,-23.42730519437156,0.0
2026-07-29T07:02:41.966201+00:00,0,NONE,0.0,0.0,512.0,0,0.0457944482791936,8.746095371759763,0.0
2026-07-29T07:02:42.066326+00:00,0,NONE,0.0,0.0,512.0,0,0.009926546295755543,1.8958306929600452,0.0
2026-07-29T07:02:42.149577+00:00,0,NONE,0.0,0.0,512.0,0,1.9106065883534027e-05,0.003648989794084633,0.0
2026-07-29T07:02:42.233047+00:00,0,NONE,0.0,0.0,512.0,0,-5.2143201464787126e-05,-0.009958617914108915,0.0
2026-07-29T07:02:42.266371+00:00,0,NONE,0.0,0.0,512.0,0,0.0035914456215687097,0.6859155882220856,0.0
2026-07-29T07:02:42.333057+00:00,0,NONE,0.0,0.0,512.0,0,-2.039888364379294e-05,-0.003895899798559272,0.0
2026-07-29T07:02:42.349717+00:00,0,NONE,0.0,0.0,512.0,0,4.8349369171774016e-05,0.00923404931887528,0.0
2026-07-29T07:02:42.399698+00:00,0,NONE,0.0,0.0,512.0,0,0.0,0.0,0.0
2026-07-29T07:02:42.433160+00:00,0,NONE,0.0,0.0,512.0,0,0.006607108027674257,1.2618646825758015,0.0
2026-07-29T07:02:42.516536+00:00,0,NONE,0.0,0.0,512.0,0,0.003660672304831678,0.6991369108242756,0.0
2026-07-29T07:02:42.533104+00:00,0,NONE,0.0,0.0,512.0,0,0.03338159069535322,6.375414200923062,0.0
2026-07-29T07:02:42.599746+00:00,0,NONE,0.0,0.0,512.0,0,0.012498278473794927,2.3869953590921904,0.0
2026-07-29T07:02:42.666576+00:00,0,NONE,0.0,0.0,512.0,0,0.01804728408518713,3.446777365849471,0.0
2026-07-29T07:02:42.716571+00:00,0,NONE,0.0,0.0,512.0,0,0.0172487506485777,3.294268713456812,0.0
2026-07-29T07:02:42.783327+00:00,0,NONE,0.0,0.0,512.0,0,-0.0029430723909172228,-0.5620854226701107,0.0
2026-07-29T07:02:42.799829+00:00,0,NONE,0.0,0.0,512.0,0,-0.0029430723909172228,-0.5620854226701107,0.0
2026-07-29T07:02:42.866658+00:00,0,NONE,0.0,0.0,512.0,0,5.975502950605005e-05,0.011412369984587908,0.0
2026-07-29T07:02:42.899967+00:00,0,NONE,0.0,0.0,512.0,0,-0.017915989413886564,-3.4217019307225387,0.0
2026-07-29T07:02:42.950148+00:00,0,NONE,0.0,0.0,512.0,0,7.892856010585093e-06,0.0015074244590366334,0.0
2026-07-29T07:02:42.966556+00:00,0,NONE,0.0,0.0,512.0,0,-5.0405945512466135e-06,-0.0009626826467435671,0.0
2026-07-29T07:02:43.050024+00:00,0,NONE,0.0,0.0,512.0,0,-7.535955228377134e-05,-0.014392614306185207,0.0
2026-07-29T07:02:43.116566+00:00,0,NONE,0.0,0.0,512.0,0,-7.417753095069201e-06,-0.001416686486058563,0.0
2026-07-29T07:02:43.166494+00:00,0,NONE,0.0,0.0,512.0,0,0.03143523043137975,6.003686772464234,0.0
2026-07-29T07:02:43.233335+00:00,0,NONE,0.0,0.0,512.0,0,-0.005362761474971194,-1.0242119968373389,0.0
2026-07-29T07:02:43.316706+00:00,0,NONE,0.0,0.0,512.0,0,-1.8980929417011795e-05,-0.0036250904894349536,0.0
2026-07-29T07:02:43.383348+00:00,0,NONE,0.0,0.0,512.0,0,0.009183596471848432,1.7539377286271618,0.0
2026-07-29T07:02:43.400098+00:00,0,NONE,0.0,0.0,512.0,0,0.009183596471848432,1.7539377286271618,0.0
2026-07-29T07:02:43.433473+00:00,0,NONE,0.0,0.0,512.0,0,-0.00522682101232931,-0.998249280922553,0.0
2026-07-29T07:02:43.516800+00:00,0,NONE,0.0,0.0,512.0,0,-7.2614350210642436e-06,-0.0013868319330515707,0.0
2026-07-29T07:02:43.566759+00:00,0,NONE,0.0,0.0,512.0,0,0.007998137591057457,1.5275317597750782,0.0
2026-07-29T07:02:43.633406+00:00,0,NONE,0.0,0.0,512.0,0,-0.004992005485109985,-0.9534028186765308,0.0
2026-07-29T07:02:43.683554+00:00,0,NONE,0.0,0.0,512.0,0,0.014841792794468346,2.8345736251023745,0.0
2026-07-29T07:02:43.700110+00:00,0,NONE,0.0,0.0,512.0,0,0.0008302528312196955,0.15856661052558677,0.0
2026-07-29T07:02:43.766800+00:00,0,NONE,0.0,0.0,512.0,0,-0.00752266396273626,-1.4367229858664896,0.0
2026-07-29T07:02:43.783654+00:00,0,NONE,0.0,0.0,512.0,0,0.013254673624178395,2.53145619162931,0.0
2026-07-29T07:02:43.866802+00:00,0,NONE,0.0,0.0,512.0,0,-0.021483272535842843,-4.103002821443694,0.0
2026-07-29T07:02:43.916846+00:00,0,NONE,0.0,0.0,512.0,0,3.1135767640080305e-05,0.005946493592255349,0.0
2026-07-29T07:02:43.966868+00:00,0,NONE,0.0,0.0,512.0,0,4.279057000530883e-05,0.008172396880877628,0.0
2026-07-29T07:02:44.016754+00:00,0,NONE,0.0,0.0,512.0,0,0.004327839117177063,0.8265563860862329,0.0
2026-07-29T07:02:44.066782+00:00,0,NONE,0.0,0.0,512.0,0,-0.006944261273602024,-1.3262562093784593,0.0
2026-07-29T07:02:44.133639+00:00,0,NONE,0.0,0.0,512.0,0,-0.0131462078448385,-2.5107407537033994,0.0
2026-07-29T07:02:44.183651+00:00,0,NONE,0.0,0.0,512.0,0,5.732068384531885e-05,0.010947444210468296,0.0
2026-07-29T07:02:44.250456+00:00,0,NONE,0.0,0.0,512.0,0,-0.006732765682972968,-1.2858635269495544,0.0
2026-07-29T07:02:44.300338+00:00,0,NONE,0.0,0.0,512.0,0,0.0016842589838779532,0.32166977127733093,0.0
2026-07-29T07:02:44.366930+00:00,0,NONE,0.0,0.0,512.0,0,2.5140377401839943e-05,0.004801458401638329,0.0
2026-07-29T07:02:44.417148+00:00,0,NONE,0.0,0.0,512.0,0,2.6444767427165062e-05,0.0050505785459386355,0.0
2026-07-29T07:02:44.467190+00:00,0,NONE,0.0,0.0,512.0,0,0.0435792720282916,8.323027871578772,0.0
2026-07-29T07:02:44.517124+00:00,0,NONE,0.0,0.0,512.0,0,0.009761840562860016,1.8643742151049696,0.0
2026-07-29T07:02:44.567163+00:00,0,NONE,0.0,0.0,512.0,0,-0.008413483969052322,-1.6068570747589155,0.0
2026-07-29T07:02:44.583635+00:00,0,NONE,0.0,0.0,512.0,0,-1.928618425154127e-05,-0.003683389868416631,0.0
2026-07-29T07:02:44.683769+00:00,0,NONE,0.0,0.0,512.0,0,-5.0141243264079094e-05,-0.009576272061901666,0.0
2026-07-29T07:02:44.750253+00:00,0,NONE,0.0,0.0,512.0,0,2.191235347709153e-05,0.004184951244787197,0.0
2026-07-29T07:02:44.767206+00:00,0,NONE,0.0,0.0,512.0,0,0.021582175555522554,4.121891906806184,0.0
2026-07-29T07:02:44.850451+00:00,0,NONE,0.0,0.0,512.0,0,-0.015874429162358865,-3.0317926439418588,0.0
2026-07-29T07:02:44.917323+00:00,0,NONE,0.0,0.0,512.0,0,-1.8293094399268736e-05,-0.0034937236777083424,0.0
2026-07-29T07:02:44.983873+00:00,0,NONE,0.0,0.0,512.0,0,-0.02148943113104906,-4.104179026487181,0.0
2026-07-29T07:02:45.050628+00:00,0,NONE,0.0,0.0,512.0,0,-0.02148943113104906,-4.104179026487181,0.0
2026-07-29T07:02:45.100660+00:00,0,NONE,0.0,0.0,512.0,0,-0.02148943113104906,-4.104179026487181,0.0
2026-07-29T07:02:45.150645+00:00,0,NONE,0.0,0.0,512.0,0,-0.02148943113104906,-4.104179026487181,0.0
2026-07-29T07:02:45.200720+00:00,0,NONE,0.0,0.0,512.0,0,-0.02148943113104906,-4.104179026487181,0.0
2026-07-29T07:02:45.267409+00:00,0,NONE,0.0,0.0,512.0,0,-3.388569282833487e-05,-0.0064716906164676985,0.0
2026-07-29T07:02:45.300695+00:00,0,NONE,0.0,0.0,512.0,0,3.879922383930534e-05,0.00741010591458522,0.0
2026-07-29T07:02:45.333932+00:00,0,NONE,0.0,0.0,512.0,0,7.491934738936835e-05,0.014308541364284229,0.0
2026-07-29T07:02:45.402274+00:00,0,NONE,0.0,0.0,512.0,0,1.0510674328543246e-05,0.002007390929540095,0.0
2026-07-29T07:02:45.417240+00:00,0,NONE,0.0,0.0,512.0,0,7.121587987057865e-06,0.0013601231169649442,0.0
2026-07-29T07:02:45.500728+00:00,0,NONE,0.0,0.0,512.0,0,0.0,0.0,0.0
2026-07-29T07:02:45.517202+00:00,0,NONE,0.0,0.0,512.0,0,-4.331484538852237e-05,-0.008272526103413426,0.0
2026-07-29T07:02:45.601012+00:00,0,NONE,0.0,0.0,512.0,0,0.014928346446249635,2.8511041549307503,0.0
2026-07-29T07:02:45.617309+00:00,0,NONE,0.0,0.0,512.0,0,0.011623593197145964,2.2199427765781294,0.0
2026-07-29T07:02:45.667348+00:00,0,NONE,0.0,0.0,512.0,0,2.967039279610617e-05,0.005666627612374151,0.0
2026-07-29T07:02:45.767441+00:00,0,NONE,0.0,0.0,512.0,0,5.199193910812028e-06,0.0009929728931988204,0.0
2026-07-29T07:02:45.834025+00:00,0,NONE,0.0,0.0,512.0,0,2.2360754082910714e-05,0.004270589452269025,0.0
2026-07-29T07:02:45.884105+00:00,0,NONE,0.0,0.0,512.0,0,-0.0005105713394004852,-0.0975119429599644,0.0
2026-07-29T07:02:45.917487+00:00,0,NONE,0.0,0.0,512.0,0,-0.004696532809466589,-0.8969716944238492,0.0
2026-07-29T07:02:45.984271+00:00,0,NONE,0.0,0.0,512.0,0,0.015183297490584663,2.8997962176735834,0.0
2026-07-29T07:02:46.000746+00:00,0,NONE,0.0,0.0,512.0,0,-0.004541480749030598,-0.8673589321978836,0.0
2026-07-29T07:02:46.034287+00:00,0,NONE,0.0,0.0,512.0,0,-0.004541480749030598,-0.8673589321978836,0.0
2026-07-29T07:02:46.050843+00:00,0,NONE,0.0,0.0,512.0,0,0.0250851160089951,4.790904253038249,0.0
2026-07-29T07:02:46.134318+00:00,0,NONE,0.0,0.0,512.0,0,0.004913771448700572,0.9384612183414237,0.0
2026-07-29T07:02:46.201035+00:00,0,NONE,0.0,0.0,512.0,0,0.010713867006415967,2.046197872440322,0.0
2026-07-29T07:02:46.217494+00:00,0,NONE,0.0,0.0,512.0,0,-0.010365243449632544,-1.97961567763189,0.0
2026-07-29T07:02:46.250734+00:00,0,NONE,0.0,0.0,512.0,0,0.0,0.0,0.0
2026-07-29T07:02:46.300903+00:00,0,NONE,0.0,0.0,512.0,0,0.05293964803029667,10.110728003480201,0.0
2026-07-29T07:02:46.367853+00:00,0,NONE,0.0,0.0,512.0,0,0.006521284017508151,1.2454735040311156,0.0
2026-07-29T07:02:46.434261+00:00,0,NONE,0.0,0.0,512.0,0,-0.020144844037386065,-3.847381807638344,0.0
2026-07-29T07:02:46.484389+00:00,0,NONE,0.0,0.0,512.0,0,-3.1063705973792816e-05,-0.0059327308277788374,0.0
2026-07-29T07:02:46.517715+00:00,0,NONE,0.0,0.0,512.0,0,8.795195171842351e-06,0.0016797585444680186,0.0
2026-07-29T07:02:46.617682+00:00,0,NONE,0.0,0.0,512.0,0,2.617428892335738e-05,0.004998920956881325,0.0
2026-07-29T07:02:46.667659+00:00,0,NONE,0.0,0.0,512.0,0,-0.036199429018888625,-6.913581678552389,0.0
2026-07-29T07:02:46.734447+00:00,0,NONE,0.0,0.0,512.0,0,0.00474155126750702,0.9055695865768608,0.0
2026-07-29T07:02:46.784543+00:00,0,NONE,0.0,0.0,512.0,0,-0.006398631560732611,-1.222048610297285,0.0
2026-07-29T07:02:46.834553+00:00,0,NONE,0.0,0.0,512.0,0,6.37131615076214e-05,0.012168317512740265,0.0
2026-07-29T07:02:46.868274+00:00,0,NONE,0.0,0.0,512.0,0,0.009358906373672654,1.7874194535650973,0.0
2026-07-29T07:02:46.934443+00:00,0,NONE,0.0,0.0,512.0,0,3.171224001562223e-05,0.006056591706003458,0.0
2026-07-29T07:02:47.017943+00:00,0,NONE,0.0,0.0,512.0,0,-5.1604252512333914e-05,-0.009855686246280361,0.0
2026-07-29T07:02:47.067695+00:00,0,NONE,0.0,0.0,512.0,0,8.119404010358266e-06,0.0015506919398504118,0.0
2026-07-29T07:02:47.167896+00:00,0,NONE,0.0,0.0,512.0,0,0.0030558379507419887,0.5836220581780743,0.0
2026-07-29T07:02:47.234612+00:00,0,NONE,0.0,0.0,512.0,0,-1.8106927309418095e-05,-0.003458168382599427,0.0
2026-07-29T07:02:47.272003+00:00,0,NONE,0.0,0.0,512.0,0,9.525206114631145e-06,0.001819180364535232,0.0
2026-07-29T07:02:47.301220+00:00,0,NONE,0.0,0.0,512.0,0,-0.05131675844546407,-9.800778924058049,0.0
2026-07-29T07:02:47.335198+00:00,0,NONE,0.0,0.0,512.0,0,-0.00021037089289166033,-0.04017788098363609,0.0
2026-07-29T07:02:47.384598+00:00,0,NONE,0.0,0.0,512.0,0,3.8308381335809826e-05,0.007316361901732126,0.0
2026-07-29T07:02:47.401333+00:00,0,NONE,0.0,0.0,512.0,0,9.78650408796966e-06,0.0018690846014272947,0.0
2026-07-29T07:02:47.501251+00:00,0,NONE,0.0,0.0,512.0,0,0.0026162052154541015,0.4996583906187808,0.0
2026-07-29T07:02:47.634628+00:00,0,NONE,0.0,0.0,512.0,0,4.4673702068394046e-05,0.00853204861247945,0.0
2026-07-29T07:02:47.651473+00:00,0,NONE,0.0,0.0,512.0,0,-1.6468526737298817e-05,-0.00314525692281858,0.0
2026-07-29T07:02:47.701475+00:00,0,NONE,0.0,0.0,512.0,0,0.010376788757948816,1.9818206690975557,0.0
2026-07-29T07:02:47.751566+00:00,0,NONE,0.0,0.0,512.0,0,0.006850099915591272,1.3082727146876711,0.0
2026-07-29T07:02:47.818098+00:00,0,NONE,0.0,0.0,512.0,0,0.0,0.0,0.0
2026-07-29T07:02:47.901255+00:00,0,NONE,0.0,0.0,512.0,0,0.000360031031887047,0.0687608620695592,0.0
2026-07-29T07:02:47.968060+00:00,0,NONE,0.0,0.0,512.0,0,-4.598294617608189e-06,-0.0008782095818222399,0.0
2026-07-29T07:02:48.001557+00:00,0,NONE,0.0,0.0,512.0,0,-4.598294617608189e-06,-0.0008782095818222399,0.0
2026-07-29T07:02:48.101499+00:00,0,NONE,0.0,0.0,512.0,0,3.29835010052193e-05,0.006299384670548581,0.0
2026-07-29T07:02:48.134834+00:00,0,NONE,0.0,0.0,512.0,0,-4.504902535700239e-05,-0.008603730080446879,0.0
2026-07-29T07:02:48.151459+00:00,0,NONE,0.0,0.0,512.0,0,-1.2984933564439414e-05,-0.002479939635000476,0.0
2026-07-29T07:02:48.218268+00:00,0,NONE,0.0,0.0,512.0,0,0.0016310340430936777,0.31150455637142194,0.0
2026-07-29T07:02:48.384994+00:00,0,NONE,0.0,0.0,512.0,0,0.023521827988952283,4.492338233998862,0.0
2026-07-29T07:02:48.201576+00:00,0,NONE,0.0,0.0,512.0,0,-0.009700742406421341,-1.8527053267717493,0.0
2026-07-29T07:02:48.551571+00:00,0,NONE,0.0,0.0,512.0,0,-1.0966186127916444e-05,-0.0020943872749484087,0.0
2026-07-29T07:02:48.568252+00:00,0,NONE,0.0,0.0,512.0,0,0.002428466406126972,0.46380291920126143,0.0
2026-07-29T07:02:48.635044+00:00,0,NONE,0.0,0.0,512.0,0,-0.0008672850897710304,-0.16563925092834925,0.0
2026-07-29T07:02:48.685028+00:00,0,NONE,0.0,0.0,512.0,0,-5.9545456824707795e-05,-0.011372344550780736,0.0
2026-07-29T07:02:48.752150+00:00,0,NONE,0.0,0.0,512.0,0,3.408670832868665e-05,0.006510081749090591,0.0
2026-07-29T07:02:48.785075+00:00,0,NONE,0.0,0.0,512.0,0,-0.003397200518520549,-0.6488175062362743,0.0
2026-07-29T07:02:48.918380+00:00,0,NONE,0.0,0.0,512.0,0,-7.556717027910054e-06,-0.0014432266422462975,0.0
2026-07-29T07:02:48.985093+00:00,0,NONE,0.0,0.0,512.0,0,1.937887085659895e-05,0.003701091706040634,0.0
2026-07-29T07:02:48.851673+00:00,0,NONE,0.0,0.0,512.0,0,-0.007122786705876933,-1.3603520553954624,0.0
2026-07-29T07:02:49.101680+00:00,0,NONE,0.0,0.0,512.0,0,-0.0011712060510762968,-0.2236838788895178,0.0
2026-07-29T07:02:49.168514+00:00,0,NONE,0.0,0.0,512.0,0,0.005978268530452624,1.1417651853027073,0.0
2026-07-29T07:02:49.235050+00:00,0,NONE,0.0,0.0,512.0,0,-0.0014127463499607985,-0.2698146779175525,0.0
2026-07-29T07:02:49.318670+00:00,0,NONE,0.0,0.0,512.0,0,-0.014521441257093102,-2.7733909882619443,0.0
2026-07-29T07:02:49.334960+00:00,0,NONE,0.0,0.0,512.0,0,0.002445314329233952,0.467020635493231,0.0
2026-07-29T07:02:49.401723+00:00,0,NONE,0.0,0.0,512.0,0,-0.011784237932879478,-2.2506236611065455,0.0
2026-07-29T07:02:49.535231+00:00,0,NONE,0.0,0.0,512.0,0,0.023654013000195845,4.517583711529348,0.0
2026-07-29T07:02:49.568655+00:00,0,NONE,0.0,0.0,512.0,0,-7.536392877227626e-06,-0.001439345015391994,0.0
2026-07-29T07:02:49.585554+00:00,0,NONE,0.0,0.0,512.0,0,-0.00421434053885605,-0.8048797543578026,0.0
2026-07-29T07:02:49.635294+00:00,0,NONE,0.0,0.0,512.0,0,0.017632001243437116,3.3674641853945544,0.0
2026-07-29T07:02:49.768712+00:00,0,NONE,0.0,0.0,512.0,0,-5.864749258307711e-05,-0.011200846013450389,0.0
2026-07-29T07:02:49.785359+00:00,0,NONE,0.0,0.0,512.0,0,0.008568897999939509,1.636538968248754,0.0
2026-07-29T07:02:49.818753+00:00,0,NONE,0.0,0.0,512.0,0,-0.003058366108452901,-0.5841049007340035,0.0
2026-07-29T07:02:49.801932+00:00,0,NONE,0.0,0.0,512.0,0,0.00372949510026956,0.7122810965338852,0.0
2026-07-29T07:02:49.885402+00:00,0,NONE,0.0,0.0,512.0,0,-0.006869155301392311,-1.3119120252989813,0.0
2026-07-29T07:02:49.935485+00:00,0,NONE,0.0,0.0,512.0,0,-0.0022218357710517013,-0.4243393748415251,0.0
2026-07-29T07:02:49.985358+00:00,0,NONE,0.0,0.0,512.0,0,-0.007859092882135883,-1.5009761764923075,0.0
2026-07-29T07:02:50.035513+00:00,0,NONE,0.0,0.0,512.0,0,0.0028459427163761574,0.5435350212811696,0.0
2026-07-29T07:02:50.168604+00:00,0,NONE,0.0,0.0,512.0,0,0.009955991452443413,1.9014543036444334,0.0
2026-07-29T07:02:50.285426+00:00,0,NONE,0.0,0.0,512.0,0,-0.010760872662940528,-2.0551752915473185,0.0
2026-07-29T07:02:50.302177+00:00,0,NONE,0.0,0.0,512.0,0,0.03592492940049851,6.861156113180038,0.0
2026-07-29T07:02:50.352176+00:00,0,NONE,0.0,0.0,512.0,0,0.016096648144812205,3.074233343349419,0.0
2026-07-29T07:02:50.402204+00:00,0,NONE,0.0,0.0,512.0,0,0.033809755910551756,6.457187733473684,0.0
2026-07-29T07:02:50.535526+00:00,0,NONE,0.0,0.0,512.0,0,-0.0011052559937525074,-0.21108834574518787,0.0
2026-07-29T07:02:50.552293+00:00,0,NONE,0.0,0.0,512.0,0,0.008373662217636593,1.5992516804624473,0.0
2026-07-29T07:02:50.568835+00:00,0,NONE,0.0,0.0,512.0,0,-0.014750861451611854,-2.817207017865261,0.0
2026-07-29T07:02:50.652220+00:00,0,NONE,0.0,0.0,512.0,0,-0.014750861451611854,-2.817207017865261,0.0
2026-07-29T07:02:50.668888+00:00,0,NONE,0.0,0.0,512.0,0,-0.014750861451611854,-2.817207017865261,0.0
2026-07-29T07:02:50.604891+00:00,0,NONE,0.0,0.0,512.0,0,-0.014750861451611854,-2.817207017865261,0.0
2026-07-29T07:02:50.585489+00:00,0,NONE,0.0,0.0,512.0,0,-0.014750861451611854,-2.817207017865261,0.0
2026-07-29T07:02:50.752298+00:00,0,NONE,0.0,0.0,512.0,0,-0.014750861451611854,-2.817207017865261,0.0
2026-07-29T07:02:50.768903+00:00,0,NONE,0.0,0.0,512.0,0,-0.014750861451611854,-2.817207017865261,0.0
2026-07-29T07:02:50.952400+00:00,0,NONE,0.0,0.0,512.0,0,-0.014750861451611854,-2.817207017865261,0.0
2026-07-29T07:02:50.968955+00:00,0,NONE,0.0,0.0,512.0,0,-0.014750861451611854,-2.817207017865261,0.0
2026-07-29T07:02:51.102358+00:00,0,NONE,0.0,0.0,512.0,0,-0.004067851052823244,-0.776902323382068,0.0
2026-07-29T07:02:51.052350+00:00,0,NONE,0.0,0.0,512.0,0,0.013979863041058707,2.669957168078627,0.0
2026-07-29T07:02:51.219016+00:00,0,NONE,0.0,0.0,512.0,0,0.013979863041058707,2.669957168078627,0.0
2026-07-29T07:02:51.252393+00:00,0,NONE,0.0,0.0,512.0,0,0.013979863041058707,2.669957168078627,0.0
2026-07-29T07:02:51.335804+00:00,0,NONE,0.0,0.0,512.0,0,0.013979863041058707,2.669957168078627,0.0
2026-07-29T07:02:51.419203+00:00,0,NONE,0.0,0.0,512.0,0,5.130355479195713e-05,0.009798257211991046,0.0
2026-07-29T07:02:51.485678+00:00,0,NONE,0.0,0.0,512.0,0,0.018266013551037758,3.4885516166774444,0.0
2026-07-29T07:02:51.503861+00:00,0,NONE,0.0,0.0,512.0,0,3.550059525878168e-05,0.006780114261767769,0.0
2026-07-29T07:02:51.602357+00:00,0,NONE,0.0,0.0,512.0,0,3.650803759228438e-05,0.006972521574476156,0.0
2026-07-29T07:02:51.619194+00:00,0,NONE,0.0,0.0,512.0,0,-0.010601504446240142,-2.02473820419579,0.0
2026-07-29T07:02:51.735937+00:00,0,NONE,0.0,0.0,512.0,0,-4.711638335720636e-05,-0.008998566374294524,0.0
2026-07-29T07:02:51.802534+00:00,0,NONE,0.0,0.0,512.0,0,-0.009707575915526831,-1.854010430875112,0.0
2026-07-29T07:02:51.886274+00:00,0,NONE,0.0,0.0,512.0,0,-0.00967265789382509,-1.8473415799669253,0.0
2026-07-29T07:02:51.936026+00:00,0,NONE,0.0,0.0,512.0,0,-0.008627744913101197,-1.6477779007872124,0.0
2026-07-29T07:02:52.002617+00:00,0,NONE,0.0,0.0,512.0,0,-1.7225185147253796e-05,-0.0032897680342302464,0.0
2026-07-29T07:02:52.035991+00:00,0,NONE,0.0,0.0,512.0,0,0.010184004828661273,1.9450016507438068,0.0
2026-07-29T07:02:52.086097+00:00,0,NONE,0.0,0.0,512.0,0,-0.01121929170563817,-2.1427268795306595,0.0
2026-07-29T07:02:52.169431+00:00,0,NONE,0.0,0.0,512.0,0,-0.01121929170563817,-2.1427268795306595,0.0
2026-07-29T07:02:52.185939+00:00,0,NONE,0.0,0.0,512.0,0,-0.02836713934142608,-5.41772453707744,0.0
2026-07-29T07:02:52.219344+00:00,0,NONE,0.0,0.0,512.0,0,0.026064392085536382,4.9779322069180685,0.0
2026-07-29T07:02:52.269369+00:00,0,NONE,0.0,0.0,512.0,0,-0.013858631907496602,-2.646803727082976,0.0
2026-07-29T07:02:52.285997+00:00,0,NONE,0.0,0.0,512.0,0,-0.006080194767564535,-1.1612316626632482,0.0
2026-07-29T07:02:52.452975+00:00,0,NONE,0.0,0.0,512.0,0,-0.006080194767564535,-1.1612316626632482,0.0
2026-07-29T07:02:52.485939+00:00,0,NONE,0.0,0.0,512.0,0,-0.0238617542211432,-4.557259362166607,0.0
2026-07-29T07:02:52.502958+00:00,0,NONE,0.0,0.0,512.0,0,0.010389603715011617,1.9842681456120217,0.0
2026-07-29T07:02:52.619783+00:00,0,NONE,0.0,0.0,512.0,0,-1.3910377747379245e-05,-0.0026566864545250935,0.0
2026-07-29T07:02:52.719590+00:00,0,NONE,0.0,0.0,512.0,0,-7.014411996351555e-05,-0.013396540105229275,0.0
2026-07-29T07:02:52.769732+00:00,0,NONE,0.0,0.0,512.0,0,0.021973927129292862,4.196710946121673,0.0
2026-07-29T07:02:52.786077+00:00,0,NONE,0.0,0.0,512.0,0,-1.658611130551435e-05,-0.0031677139211339737,0.0
2026-07-29T07:02:52.819486+00:00,0,NONE,0.0,0.0,512.0,0,-0.01399409279169049,-2.672674850261043,0.0
2026-07-29T07:02:52.903091+00:00,0,NONE,0.0,0.0,512.0,0,6.757171840945375e-06,0.0012905247597693825,0.0
2026-07-29T07:02:52.936227+00:00,0,NONE,0.0,0.0,512.0,0,-0.001340262609301135,-0.2559713031738208,0.0
2026-07-29T07:02:52.969529+00:00,0,NONE,0.0,0.0,512.0,0,-0.001340262609301135,-0.2559713031738208,0.0
2026-07-29T07:02:53.036336+00:00,0,NONE,0.0,0.0,512.0,0,-0.010301801549940138,-1.9674991673096665,0.0
2026-07-29T07:02:53.136259+00:00,0,NONE,0.0,0.0,512.0,0,0.006178086234431248,1.1799275556692728,0.0
2026-07-29T07:02:53.269495+00:00,0,NONE,0.0,0.0,512.0,0,-7.214693468995393e-06,-0.0013779049541801168,0.0
2026-07-29T07:02:53.336360+00:00,0,NONE,0.0,0.0,512.0,0,-1.2665087124332786e-05,-0.0024188534646324973,0.0
2026-07-29T07:02:53.369525+00:00,0,NONE,0.0,0.0,512.0,0,0.013797359389718622,2.6351015381869143,0.0
2026-07-29T07:02:53.386894+00:00,0,NONE,0.0,0.0,512.0,0,1.8103077309206132e-06,0.0003457433086721861,0.0
2026-07-29T07:02:53.469579+00:00,0,NONE,0.0,0.0,512.0,0,-5.421535094683349e-05,-0.010354369313580502,0.0
2026-07-29T07:02:53.503046+00:00,0,NONE,0.0,0.0,512.0,0,3.957959430408664e-05,0.007559145694880656,0.0
2026-07-29T07:02:53.553061+00:00,0,NONE,0.0,0.0,512.0,0,0.0027868975105229763,0.532258217628275,0.0
2026-07-29T07:02:53.586462+00:00,0,NONE,0.0,0.0,512.0,0,0.005519491553459374,1.0541452369044286,0.0
2026-07-29T07:02:53.636422+00:00,0,NONE,0.0,0.0,512.0,0,1.1043779727515357e-05,0.002109206560862561,0.0
2026-07-29T07:02:53.603060+00:00,0,NONE,0.0,0.0,512.0,0,0.014988113790750504,2.8625188769060976,0.0
2026-07-29T07:02:53.819952+00:00,0,NONE,0.0,0.0,512.0,0,1.4338834444060918e-06,0.00027385156559383493,0.0
2026-07-29T07:02:53.953179+00:00,0,NONE,0.0,0.0,512.0,0,-9.858935693046077e-05,-0.01882918019008085,0.0
2026-07-29T07:02:53.969909+00:00,0,NONE,0.0,0.0,512.0,0,-0.01734360467584338,-3.3123844982306196,0.0
2026-07-29T07:02:53.786509+00:00,0,NONE,0.0,0.0,512.0,0,-8.509215803314873e-05,-0.016251405083198823,0.0
2026-07-29T07:02:54.103264+00:00,0,NONE,0.0,0.0,512.0,0,1.4978812396293506e-05,0.0028607424414195236,0.0
2026-07-29T07:02:54.169944+00:00,0,NONE,0.0,0.0,512.0,0,-2.7726113330572847e-06,-0.0005295297587144115,0.0
2026-07-29T07:02:54.186594+00:00,0,NONE,0.0,0.0,512.0,0,-0.008373503143084236,-1.5992212994608541,0.0
2026-07-29T07:02:54.286579+00:00,0,NONE,0.0,0.0,512.0,0,-0.020845017657848075,-3.9811051189012363,0.0
2026-07-29T07:02:54.336560+00:00,0,NONE,0.0,0.0,512.0,0,0.004060504838416818,0.7754992997791132,0.0
2026-07-29T07:02:54.386648+00:00,0,NONE,0.0,0.0,512.0,0,-2.6824893613479613e-05,-0.005123177299799393,0.0
2026-07-29T07:02:54.403260+00:00,0,NONE,0.0,0.0,512.0,0,6.836940083303488e-06,0.0013057593718570379,0.0
2026-07-29T07:02:54.453263+00:00,0,NONE,0.0,0.0,512.0,0,-5.063093631179072e-05,-0.009669796544870915,0.0
2026-07-29T07:02:54.519894+00:00,0,NONE,0.0,0.0,512.0,0,-5.3142153192311525e-05,-0.01014940364052375,0.0
2026-07-29T07:02:54.669952+00:00,0,NONE,0.0,0.0,512.0,0,0.00693568764390875,1.3246187667233507,0.0
2026-07-29T07:02:54.503379+00:00,0,NONE,0.0,0.0,512.0,0,-0.008145997010506107,-1.5557708287606187,0.0
2026-07-29T07:02:54.486638+00:00,0,NONE,0.0,0.0,512.0,0,4.771286097820848e-05,0.00911248520848594,0.0
2026-07-29T07:02:54.803439+00:00,0,NONE,0.0,0.0,512.0,0,-2.8991381695959715e-05,-0.005536946044771061,0.0
2026-07-29T07:02:54.836720+00:00,0,NONE,0.0,0.0,512.0,0,-2.8991381695959715e-05,-0.005536946044771061,0.0
2026-07-29T07:02:54.920118+00:00,0,NONE,0.0,0.0,512.0,0,-2.7302124362904574e-05,-0.005214321659119113,0.0
2026-07-29T07:02:54.819935+00:00,0,NONE,0.0,0.0,512.0,0,2.1249350829748437e-05,0.0040583270664579976,0.0
2026-07-29T07:02:54.970168+00:00,0,NONE,0.0,0.0,512.0,0,-0.00011440651200246065,-0.02185003428851264,0.0
2026-07-29T07:02:55.086847+00:00,0,NONE,0.0,0.0,512.0,0,0.03383764521466219,6.462514198203967,0.0
2026-07-29T07:02:55.138339+00:00,0,NONE,0.0,0.0,512.0,0,0.012780304159969091,2.440858297532393,0.0
2026-07-29T07:02:55.186767+00:00,0,NONE,0.0,0.0,512.0,0,1.1222713510505854e-06,0.00021433803961214452,0.0
2026-07-29T07:02:55.236930+00:00,0,NONE,0.0,0.0,512.0,0,0.004869464296207298,0.9299991755410665,0.0
2026-07-29T07:02:55.303647+00:00,0,NONE,0.0,0.0,512.0,0,-1.2123523629270493e-05,-0.0023154224559477523,0.0
2026-07-29T07:02:55.286919+00:00,0,NONE,0.0,0.0,512.0,0,-0.01782265982881654,-3.403877292961807,0.0
2026-07-29T07:02:55.370238+00:00,0,NONE,0.0,0.0,512.0,0,-5.7166501355823123e-05,-0.010917997524058544,0.0
2026-07-29T07:02:55.420197+00:00,0,NONE,0.0,0.0,512.0,0,0.01072711335058557,2.048727737823308,0.0
2026-07-29T07:02:55.536999+00:00,0,NONE,0.0,0.0,512.0,0,-0.020326756267459133,-3.882124484388342,0.0
2026-07-29T07:02:55.553590+00:00,0,NONE,0.0,0.0,512.0,0,-3.852888912661001e-06,-0.0007358475787607474,0.0
2026-07-29T07:02:55.570239+00:00,0,NONE,0.0,0.0,512.0,0,-1.586886486620642e-05,-0.0030307299416568725,0.0
2026-07-29T07:02:55.687005+00:00,0,NONE,0.0,0.0,512.0,0,0.0021499443624634295,0.41060912719033,0.0
2026-07-29T07:02:55.737026+00:00,0,NONE,0.0,0.0,512.0,0,0.0013772598466675846,0.2630372550229583,0.0
2026-07-29T07:02:55.770277+00:00,0,NONE,0.0,0.0,512.0,0,0.006060021501616575,1.1573788526705377,0.0
2026-07-29T07:02:55.820319+00:00,0,NONE,0.0,0.0,512.0,0,0.0006247011365485377,0.11930912860418985,0.0
2026-07-29T07:02:55.937285+00:00,0,NONE,0.0,0.0,512.0,0,-0.004338249474531039,-0.828544617884919,0.0
2026-07-29T07:02:56.003826+00:00,0,NONE,0.0,0.0,512.0,0,0.00512048414479068,0.9779404352005356,0.0
2026-07-29T07:02:55.987058+00:00,0,NONE,0.0,0.0,512.0,0,0.006746542587643489,1.2884947219241374,0.0
2026-07-29T07:02:56.120476+00:00,0,NONE,0.0,0.0,512.0,0,-0.008324249049910576,-1.589814460585538,0.0
2026-07-29T07:02:56.137056+00:00,0,NONE,0.0,0.0,512.0,0,-2.1116514635650673e-05,-0.0040329572221633895,0.0
2026-07-29T07:02:56.220399+00:00,0,NONE,0.0,0.0,512.0,0,0.03315404277440393,6.331955749231826,0.0
2026-07-29T07:02:56.170662+00:00,0,NONE,0.0,0.0,512.0,0,3.119117202004418e-05,0.005957075049383579,0.0
2026-07-29T07:02:56.153708+00:00,0,NONE,0.0,0.0,512.0,0,-0.009237979532335884,-1.764324128103614,0.0
2026-07-29T07:02:56.403808+00:00,0,NONE,0.0,0.0,512.0,0,0.0014339966174748042,0.2738731800578075,0.0
2026-07-29T07:02:56.470603+00:00,0,NONE,0.0,0.0,512.0,0,-0.025259138919063843,-4.824140180656662,0.0
2026-07-29T07:02:56.437201+00:00,0,NONE,0.0,0.0,512.0,0,-1.699658139841631e-05,-0.0032461079342660576,0.0
2026-07-29T07:02:56.570574+00:00,0,NONE,0.0,0.0,512.0,0,0.007557365401298739,1.4433504724420314,0.0
2026-07-29T07:02:56.620606+00:00,0,NONE,0.0,0.0,512.0,0,0.005008845418342389,0.9566190090148603,0.0
2026-07-29T07:02:56.687270+00:00,0,NONE,0.0,0.0,512.0,0,1.3945304090157172e-07,2.663356894641768e-05,0.0
2026-07-29T07:02:56.703823+00:00,0,NONE,0.0,0.0,512.0,0,1.415638966136612e-05,0.002703671269129704,0.0
2026-07-29T07:02:56.737297+00:00,0,NONE,0.0,0.0,512.0,0,-0.0020944865987826233,-0.40001747452318304,0.0
2026-07-29T07:02:56.803959+00:00,0,NONE,0.0,0.0,512.0,0,-5.5026614572852845e-05,-0.010509309253058464,0.0
2026-07-29T07:02:56.970539+00:00,0,NONE,0.0,0.0,512.0,0,-0.00010111616633366793,-0.01931176523820665,0.0
2026-07-29T07:02:57.020574+00:00,0,NONE,0.0,0.0,512.0,0,-0.043823730064905246,-8.369715917465493,0.0
2026-07-29T07:02:57.070710+00:00,0,NONE,0.0,0.0,512.0,0,-0.003545265145949088,-0.6770957670590486,0.0
2026-07-29T07:02:57.137414+00:00,0,NONE,0.0,0.0,512.0,0,0.006340336308348924,1.210915037206501,0.0
2026-07-29T07:02:57.154108+00:00,0,NONE,0.0,0.0,512.0,0,-2.902904132497497e-05,-0.005544138504106403,0.0
2026-07-29T07:02:57.204107+00:00,0,NONE,0.0,0.0,512.0,0,-0.001990681305178441,-0.38019212380772965,0.0
2026-07-29T07:02:57.220703+00:00,0,NONE,0.0,0.0,512.0,0,-0.001990681305178441,-0.38019212380772965,0.0
2026-07-29T07:02:57.287430+00:00,0,NONE,0.0,0.0,512.0,0,-0.005788542571244761,-1.1055301962137682,0.0
2026-07-29T07:02:57.320775+00:00,0,NONE,0.0,0.0,512.0,0,2.5977143886848354e-05,0.004961269028401592,0.0
2026-07-29T07:02:57.454191+00:00,0,NONE,0.0,0.0,512.0,0,0.006007137203705497,1.147278695761147,0.0
2026-07-29T07:02:57.337423+00:00,0,NONE,0.0,0.0,512.0,0,-0.004413290793891065,-0.8428764541796617,0.0
2026-07-29T07:02:57.604132+00:00,0,NONE,0.0,0.0,512.0,0,-0.0071967790886628795,-1.3744835595612996,0.0
2026-07-29T07:02:57.620809+00:00,0,NONE,0.0,0.0,512.0,0,0.0016486956443986856,0.31487767375215425,0.0
2026-07-29T07:02:57.637573+00:00,0,NONE,0.0,0.0,512.0,0,3.929271220840746e-05,0.0075043552505463735,0.0
2026-07-29T07:02:57.804274+00:00,0,NONE,0.0,0.0,512.0,0,-0.00817038536290056,-1.5604286609655522,0.0
2026-07-29T07:02:57.820836+00:00,0,NONE,0.0,0.0,512.0,0,-0.012213038846239215,-2.332518603062771,0.0
2026-07-29T07:02:57.870809+00:00,0,NONE,0.0,0.0,512.0,0,-0.01167014371138066,-2.2288332699108353,0.0
2026-07-29T07:02:58.021032+00:00,0,NONE,0.0,0.0,512.0,0,-0.0015640329295456468,-0.2987082862748253,0.0
2026-07-29T07:02:58.054431+00:00,0,NONE,0.0,0.0,512.0,0,5.479267565533518e-06,0.001046463021093306,0.0
2026-07-29T07:02:58.154387+00:00,0,NONE,0.0,0.0,512.0,0,-1.5023750092950648e-05,-0.0028693249092845013,0.0
2026-07-29T07:02:58.220961+00:00,0,NONE,0.0,0.0,512.0,0,-6.242657254915685e-06,-0.001192259712177976,0.0
2026-07-29T07:02:58.254345+00:00,0,NONE,0.0,0.0,512.0,0,-1.148839495726861e-05,-0.0021941218147695637,0.0
2026-07-29T07:02:58.371109+00:00,0,NONE,0.0,0.0,512.0,0,-1.33121768158162e-06,-0.00025424384922605707,0.0
2026-07-29T07:02:58.387553+00:00,0,NONE,0.0,0.0,512.0,0,-4.4984314554312734e-05,-0.008591371227503475,0.0
2026-07-29T07:02:58.454297+00:00,0,NONE,0.0,0.0,512.0,0,-0.009863312630914152,-1.8837539525648574,0.0
2026-07-29T07:02:58.589751+00:00,0,NONE,0.0,0.0,512.0,0,-9.262576422770508e-06,-0.001769021788140446,0.0
2026-07-29T07:02:58.671246+00:00,0,NONE,0.0,0.0,512.0,0,-0.003037039753689896,-0.5800318669996072,0.0
2026-07-29T07:02:58.687906+00:00,0,NONE,0.0,0.0,512.0,0,0.003773164969679783,0.7206214272308626,0.0
2026-07-29T07:02:58.754495+00:00,0,NONE,0.0,0.0,512.0,0,0.003497541536926292,0.6679812291252529,0.0
2026-07-29T07:02:58.771242+00:00,0,NONE,0.0,0.0,512.0,0,-0.008389318028057459,-1.6022417200023558,0.0
2026-07-29T07:02:58.954501+00:00,0,NONE,0.0,0.0,512.0,0,-0.006119388774350227,-1.1687171665666725,0.0
2026-07-29T07:02:58.971251+00:00,0,NONE,0.0,0.0,512.0,0,-0.0026952049126566634,-0.5147462213938416,0.0
2026-07-29T07:02:59.037831+00:00,0,NONE,0.0,0.0,512.0,0,-1.2199367192806674e-05,-0.0023299075095939378,0.0
2026-07-29T07:02:59.154631+00:00,0,NONE,0.0,0.0,512.0,0,-1.4359728083945809e-05,-0.0027425060472185837,0.0
2026-07-29T07:02:59.221437+00:00,0,NONE,0.0,0.0,512.0,0,-3.8886459806235506e-05,-0.007426766757008025,0.0
2026-07-29T07:02:59.304716+00:00,0,NONE,0.0,0.0,512.0,0,5.405671945482027e-06,0.0010324072930279766,0.0
2026-07-29T07:02:59.321157+00:00,0,NONE,0.0,0.0,512.0,0,0.024125272082164882,4.607587566376132,0.0
2026-07-29T07:02:59.337949+00:00,0,NONE,0.0,0.0,512.0,0,0.0,0.0,0.0
2026-07-29T07:02:59.388823+00:00,0,NONE,0.0,0.0,512.0,0,0.05621045149571728,10.735405450764752,0.0
2026-07-29T07:02:59.504871+00:00,0,NONE,0.0,0.0,512.0,0,0.03289349102939013,6.282194031451628,0.0
2026-07-29T07:02:59.554720+00:00,0,NONE,0.0,0.0,512.0,0,0.017681922296469567,3.3769984042199153,0.0
2026-07-29T07:02:59.621455+00:00,0,NONE,0.0,0.0,512.0,0,4.53132129041478e-05,0.008654186185284699,0.0
2026-07-29T07:02:59.638041+00:00,0,NONE,0.0,0.0,512.0,0,0.04169099999126047,7.962394477263923,0.0
2026-07-29T07:02:59.671384+00:00,0,NONE,0.0,0.0,512.0,0,2.0396991167217494e-05,0.0038955383621572704,0.0
2026-07-29T07:02:59.788027+00:00,0,NONE,0.0,0.0,512.0,0,2.801154420012608e-05,0.005349810867704613,0.0
2026-07-29T07:02:59.804754+00:00,0,NONE,0.0,0.0,512.0,0,3.6000025065732185e-05,0.006875498328772094,0.0
2026-07-29T07:02:59.854825+00:00,0,NONE,0.0,0.0,512.0,0,1.292826360440813e-05,0.0024691164698839173,0.0
2026-07-29T07:03:00.004717+00:00,0,NONE,0.0,0.0,512.0,0,-0.01353332753351424,-2.584675168128527,0.0
2026-07-29T07:03:00.054925+00:00,0,NONE,0.0,0.0,512.0,0,0.03535283687233459,6.751894488664166,0.0
2026-07-29T07:02:59.838071+00:00,0,NONE,0.0,0.0,512.0,0,-0.011509323229256551,-2.1981188202942668,0.0
2026-07-29T07:03:00.104854+00:00,0,NONE,0.0,0.0,512.0,0,-0.003390910514863208,-0.6476162040273161,0.0
2026-07-29T07:03:00.071484+00:00,0,NONE,0.0,0.0,512.0,0,-0.008059468973078765,-1.5392451909134965,0.0
2026-07-29T07:03:00.221442+00:00,0,NONE,0.0,0.0,512.0,0,0.0016381178618757985,0.312857466101592,0.0
2026-07-29T07:03:00.271448+00:00,0,NONE,0.0,0.0,512.0,0,0.002123927756038029,0.4056403213722354,0.0
2026-07-29T07:03:00.288216+00:00,0,NONE,0.0,0.0,512.0,0,0.014824430091830437,2.831257593162065,0.0
2026-07-29T07:03:00.321409+00:00,0,NONE,0.0,0.0,512.0,0,0.01354957053961698,2.5877773537828346,0.0
2026-07-29T07:03:00.438273+00:00,0,NONE,0.0,0.0,512.0,0,-0.024430827686592237,-4.665944388176986,0.0
2026-07-29T07:03:00.454978+00:00,0,NONE,0.0,0.0,512.0,0,-0.010292349466471933,-1.965693952341888,0.0
2026-07-29T07:03:00.555428+00:00,0,NONE,0.0,0.0,512.0,0,-0.010292349466471933,-1.965693952341888,0.0
2026-07-29T07:03:00.588582+00:00,0,NONE,0.0,0.0,512.0,0,-0.010292349466471933,-1.965693952341888,0.0
2026-07-29T07:03:00.688307+00:00,0,NONE,0.0,0.0,512.0,0,-0.010292349466471933,-1.965693952341888,0.0
2026-07-29T07:03:00.655001+00:00,0,NONE,0.0,0.0,512.0,0,0.039181237563025204,7.483065161535969,0.0
2026-07-29T07:03:00.788289+00:00,0,NONE,0.0,0.0,512.0,0,0.006470424251747317,1.2357600042807166,0.0
2026-07-29T07:03:00.821732+00:00,0,NONE,0.0,0.0,512.0,0,0.006470424251747317,1.2357600042807166,0.0
2026-07-29T07:03:00.888291+00:00,0,NONE,0.0,0.0,512.0,0,-0.025480016872897977,-4.8663247624639325,0.0
2026-07-29T07:03:01.038631+00:00,0,NONE,0.0,0.0,512.0,0,-0.023296688867267223,-4.449339829079408,0.0
2026-07-29T07:03:01.055077+00:00,0,NONE,0.0,0.0,512.0,0,-1.1308796747471205e-05,-0.002159821083337909,0.0
2026-07-29T07:03:01.155054+00:00,0,NONE,0.0,0.0,512.0,0,8.797782298643142e-05,0.0168025264929052,0.0
2026-07-29T07:03:01.271782+00:00,0,NONE,0.0,0.0,512.0,0,-0.013031898788594844,-2.4889093320937827,0.0
2026-07-29T07:03:01.321841+00:00,0,NONE,0.0,0.0,512.0,0,-0.020330807344435015,-3.882898183099011,0.0
2026-07-29T07:03:01.338541+00:00,0,NONE,0.0,0.0,512.0,0,-0.008553839584055822,-1.6336630226611273,0.0
2026-07-29T07:03:01.371901+00:00,0,NONE,0.0,0.0,512.0,0,-0.010236756970407442,-1.9550765676849111,0.0
2026-07-29T07:03:01.421893+00:00,0,NONE,0.0,0.0,512.0,0,-0.010236756970407442,-1.9550765676849111,0.0
2026-07-29T07:03:01.438501+00:00,0,NONE,0.0,0.0,512.0,0,-0.010236756970407442,-1.9550765676849111,0.0
2026-07-29T07:03:01.505239+00:00,0,NONE,0.0,0.0,512.0,0,-3.790799877606332e-05,-0.007239894465518396,0.0
2026-07-29T07:03:01.521722+00:00,0,NONE,0.0,0.0,512.0,0,0.0,0.0,0.0
2026-07-29T07:03:01.471994+00:00,0,NONE,0.0,0.0,512.0,0,0.0,0.0,0.0
2026-07-29T07:03:01.671785+00:00,0,NONE,0.0,0.0,512.0,0,0.07600525076733902,14.515933632673292,0.0
2026-07-29T07:03:01.805311+00:00,0,NONE,0.0,0.0,512.0,0,-2.700182631087955e-05,-0.0051569689558623325,0.0
2026-07-29T07:03:01.888689+00:00,0,NONE,0.0,0.0,512.0,0,-0.00711881435214309,-1.3595933917165217,0.0
2026-07-29T07:03:01.955319+00:00,0,NONE,0.0,0.0,512.0,0,-0.021118960767053066,-4.033424398848362,0.0
2026-07-29T07:03:01.972191+00:00,0,NONE,0.0,0.0,512.0,0,0.002617436880245805,0.499893621266579,0.0
2026-07-29T07:03:01.838589+00:00,0,NONE,0.0,0.0,512.0,0,0.002617436880245805,0.499893621266579,0.0
2026-07-29T07:03:02.022058+00:00,0,NONE,0.0,0.0,512.0,0,0.019251294045825488,3.6767263299704394,0.0
2026-07-29T07:03:02.071989+00:00,0,NONE,0.0,0.0,512.0,0,-0.03556297105154954,-6.7920271606657066,0.0
2026-07-29T07:03:02.122019+00:00,0,NONE,0.0,0.0,512.0,0,-0.03556297105154954,-6.7920271606657066,0.0
2026-07-29T07:03:02.222020+00:00,0,NONE,0.0,0.0,512.0,0,-0.010735567322244606,-2.050342327477262,0.0
2026-07-29T07:03:02.238852+00:00,0,NONE,0.0,0.0,512.0,0,-0.0036677431023417737,-0.700487333674676,0.0
2026-07-29T07:03:02.155425+00:00,0,NONE,0.0,0.0,512.0,0,0.0011933723514584926,0.22791733042058127,0.0
2026-07-29T07:03:02.305323+00:00,0,NONE,0.0,0.0,512.0,0,-0.0013182836759369821,-0.25177363610727,0.0
2026-07-29T07:03:02.355372+00:00,0,NONE,0.0,0.0,512.0,0,0.027669179493386764,5.28442402520329,0.0
2026-07-29T07:03:02.455483+00:00,0,NONE,0.0,0.0,512.0,0,0.011419242999400012,2.18091476366644,0.0
2026-07-29T07:03:02.522031+00:00,0,NONE,0.0,0.0,512.0,0,0.010492902467958629,2.0039967541881163,0.0
2026-07-29T07:03:02.539546+00:00,0,NONE,0.0,0.0,512.0,0,-0.008739643250155495,-1.669148908946358,0.0
2026-07-29T07:03:02.605402+00:00,0,NONE,0.0,0.0,512.0,0,-0.001671821836498566,-0.3192944510972607,0.0
2026-07-29T07:03:02.638888+00:00,0,NONE,0.0,0.0,512.0,0,-0.001671821836498566,-0.3192944510972607,0.0
2026-07-29T07:03:02.688863+00:00,0,NONE,0.0,0.0,512.0,0,-2.133066293026786e-05,-0.0040738565337350196,0.0
2026-07-29T07:03:02.872153+00:00,0,NONE,0.0,0.0,512.0,0,-2.9917408246546986e-05,-0.005713804088323423,0.0
2026-07-29T07:03:02.905562+00:00,0,NONE,0.0,0.0,512.0,0,0.01787567748233414,3.414002918915958,0.0
2026-07-29T07:03:02.939034+00:00,0,NONE,0.0,0.0,512.0,0,-4.4170916225994e-06,-0.0008436023589917942,0.0
2026-07-29T07:03:03.055508+00:00,0,NONE,0.0,0.0,512.0,0,0.005469093422580045,1.0445199029219836,0.0
2026-07-29T07:03:03.122360+00:00,0,NONE,0.0,0.0,512.0,0,0.027248146573547273,5.204012660727047,0.0
2026-07-29T07:03:03.138822+00:00,0,NONE,0.0,0.0,512.0,0,2.9139306680008303e-05,0.005565197635672809,0.0
2026-07-29T07:03:03.238910+00:00,0,NONE,0.0,0.0,512.0,0,-0.015072009036666714,-2.878541688613468,0.0
2026-07-29T07:03:03.305600+00:00,0,NONE,0.0,0.0,512.0,0,0.010644670298934216,2.0329822747906365,0.0
2026-07-29T07:03:03.405534+00:00,0,NONE,0.0,0.0,512.0,0,-0.002725146785378456,-0.5204646978527636,0.0
2026-07-29T07:03:03.422380+00:00,0,NONE,0.0,0.0,512.0,0,0.013882871439855081,2.6514331367546813,0.0
2026-07-29T07:03:03.472455+00:00,0,NONE,0.0,0.0,512.0,0,0.0011911380697711138,0.227490614050814,0.0
2026-07-29T07:03:03.489091+00:00,0,NONE,0.0,0.0,512.0,0,0.014576485607904033,2.7839036848869574,0.0
2026-07-29T07:03:03.572696+00:00,0,NONE,0.0,0.0,512.0,0,0.0008647537794604431,0.16515580627023388,0.0
2026-07-29T07:03:03.588983+00:00,0,NONE,0.0,0.0,512.0,0,-0.009182325260997003,-1.7536949452383013,0.0
2026-07-29T07:03:03.622454+00:00,0,NONE,0.0,0.0,512.0,0,0.003892218257751665,0.7433589303764427,0.0
2026-07-29T07:03:03.705697+00:00,0,NONE,0.0,0.0,512.0,0,-0.002353269393570372,-0.44944134769630995,0.0
2026-07-29T07:03:03.739061+00:00,0,NONE,0.0,0.0,512.0,0,0.021288358505116775,4.065776983682071,0.0
2026-07-29T07:03:03.839185+00:00,0,NONE,0.0,0.0,512.0,0,-0.023675009363796563,-4.521593721594158,0.0
2026-07-29T07:03:03.905973+00:00,0,NONE,0.0,0.0,512.0,0,0.000997316706489073,0.19047346039903787,0.0
2026-07-29T07:03:03.939116+00:00,0,NONE,0.0,0.0,512.0,0,-0.010453989953384734,-1.9965650113370317,0.0
2026-07-29T07:03:04.005916+00:00,0,NONE,0.0,0.0,512.0,0,0.014280103839410004,2.7272989366891864,0.0
2026-07-29T07:03:03.972582+00:00,0,NONE,0.0,0.0,512.0,0,-0.006189835635159398,-1.1821715259143757,0.0
2026-07-29T07:03:03.955855+00:00,0,NONE,0.0,0.0,512.0,0,-0.000665652726602275,-0.12713030618562005,0.0
2026-07-29T07:03:04.139156+00:00,0,NONE,0.0,0.0,512.0,0,4.394730494823307e-06,0.0008393316981693846,0.0
2026-07-29T07:03:04.172551+00:00,0,NONE,0.0,0.0,512.0,0,-0.003946121414483059,-0.753653674986913,0.0
2026-07-29T07:03:04.255888+00:00,0,NONE,0.0,0.0,512.0,0,0.005531886235694401,1.0565124468393379,0.0
2026-07-29T07:03:04.322583+00:00,0,NONE,0.0,0.0,512.0,0,-2.840619737980887e-05,-0.005425184072928752,0.0
2026-07-29T07:03:04.189113+00:00,0,NONE,0.0,0.0,512.0,0,-2.840619737980887e-05,-0.005425184072928752,0.0
2026-07-29T07:03:04.406051+00:00,0,NONE,0.0,0.0,512.0,0,-0.006177552117515006,-1.179825546852382,0.0
2026-07-29T07:03:04.505994+00:00,0,NONE,0.0,0.0,512.0,0,-0.000292114048897929,-0.05578967379443163,0.0
2026-07-29T07:03:04.656118+00:00,0,NONE,0.0,0.0,512.0,0,0.01209263242315501,2.309522670166133,0.0
2026-07-29T07:03:04.689465+00:00,0,NONE,0.0,0.0,512.0,0,0.009897897649934748,1.8903592046457234,0.0
2026-07-29T07:03:04.739476+00:00,0,NONE,0.0,0.0,512.0,0,-6.2030702247284334e-06,-0.001184699146334021,0.0
2026-07-29T07:03:04.772634+00:00,0,NONE,0.0,0.0,512.0,0,-0.0015658518123746034,-0.2990556673065854,0.0
2026-07-29T07:03:04.956231+00:00,0,NONE,0.0,0.0,512.0,0,0.023913405732018875,4.567124074095441,0.0
2026-07-29T07:03:04.972676+00:00,0,NONE,0.0,0.0,512.0,0,8.261439506895839e-06,0.0015778187214925718,0.0
2026-07-29T07:03:05.006202+00:00,0,NONE,0.0,0.0,512.0,0,0.004332513242261484,0.8274490782204114,0.0
2026-07-29T07:03:05.072815+00:00,0,NONE,0.0,0.0,512.0,0,-0.11611309567699209,-22.175967761634567,0.0
2026-07-29T07:03:05.156104+00:00,0,NONE,0.0,0.0,512.0,0,0.059665324434172363,11.39523757785621,0.0
2026-07-29T07:03:05.172753+00:00,0,NONE,0.0,0.0,512.0,0,0.035058611517306416,6.6957015851013235,0.0
2026-07-29T07:03:05.256123+00:00,0,NONE,0.0,0.0,512.0,0,-0.0953661146806553,-18.21358626587383,0.0
2026-07-29T07:03:05.272774+00:00,0,NONE,0.0,0.0,512.0,0,-0.13860392735572533,-26.471400204736394,0.0
2026-07-29T07:03:05.439466+00:00,0,NONE,0.0,0.0,512.0,0,0.06788575965329073,12.965225057243487,0.0
2026-07-29T07:03:05.456202+00:00,0,NONE,0.0,0.0,512.0,0,0.07474058928200975,14.274401080599581,0.0
2026-07-29T07:03:05.489558+00:00,0,NONE,0.0,0.0,512.0,0,-0.02770060335402377,-5.290425540504982,0.0
2026-07-29T07:03:05.556109+00:00,0,NONE,0.0,0.0,512.0,0,0.07914456386119127,15.115498268832928,0.0
2026-07-29T07:03:05.572904+00:00,0,NONE,0.0,0.0,512.0,0,0.017677114230027654,3.3760801311707818,0.0
2026-07-29T07:03:05.639470+00:00,0,NONE,0.0,0.0,512.0,0,0.0322434257902205,6.1580407160763535,0.0
2026-07-29T07:03:05.722976+00:00,0,NONE,0.0,0.0,512.0,0,-0.009300678169820458,-1.7762986858005698,0.0
2026-07-29T07:03:05.756247+00:00,0,NONE,0.0,0.0,512.0,0,0.03908356717787683,7.4644114920279065,0.0
2026-07-29T07:03:05.789572+00:00,0,NONE,0.0,0.0,512.0,0,0.009756705857871566,1.8633935586886934,0.0
2026-07-29T07:03:05.806250+00:00,0,NONE,0.0,0.0,512.0,0,0.0013077419104592992,0.2497603072056435,0.0
2026-07-29T07:03:05.856255+00:00,0,NONE,0.0,0.0,512.0,0,0.029193628919892946,5.575572419269767,0.0
2026-07-29T07:03:05.923050+00:00,0,NONE,0.0,0.0,512.0,0,0.019676518346532248,3.7579381892267696,0.0
2026-07-29T07:03:05.973110+00:00,0,NONE,0.0,0.0,512.0,0,0.019676518346532248,3.7579381892267696,0.0
2026-07-29T07:03:06.039899+00:00,0,NONE,0.0,0.0,512.0,0,0.019676518346532248,3.7579381892267696,0.0
2026-07-29T07:03:06.173106+00:00,0,NONE,0.0,0.0,512.0,0,0.019676518346532248,3.7579381892267696,0.0
2026-07-29T07:03:06.189629+00:00,0,NONE,0.0,0.0,512.0,0,0.034093343821004964,6.51134903477336,0.0
2026-07-29T07:03:06.239617+00:00,0,NONE,0.0,0.0,512.0,0,0.007608041278872406,1.4530288521356742,0.0
2026-07-29T07:03:06.256444+00:00,0,NONE,0.0,0.0,512.0,0,-2.103861537761986e-05,-0.004018079559788836,0.0
2026-07-29T07:03:06.289682+00:00,0,NONE,0.0,0.0,512.0,0,-0.019332568396348507,-3.692248587529225,0.0
2026-07-29T07:03:06.356463+00:00,0,NONE,0.0,0.0,512.0,0,-9.395083234267076e-06,-0.001794328724992076,0.0
2026-07-29T07:03:06.539728+00:00,0,NONE,0.0,0.0,512.0,0,-0.04385628663992975,-8.375933765279843,0.0
2026-07-29T07:03:06.556581+00:00,0,NONE,0.0,0.0,512.0,0,0.049088248756015675,9.375164924693372,0.0
2026-07-29T07:03:06.623275+00:00,0,NONE,0.0,0.0,512.0,0,-0.09303630326408893,-17.76862506177167,0.0
2026-07-29T07:03:06.656564+00:00,0,NONE,0.0,0.0,512.0,0,0.031243673208518886,5.967102037780318,0.0
2026-07-29T07:03:06.706514+00:00,0,NONE,0.0,0.0,512.0,0,0.059278963398537596,11.321448055488958,0.0
2026-07-29T07:03:06.739800+00:00,0,NONE,0.0,0.0,512.0,0,-0.058097287308773955,-11.095764546505695,0.0
2026-07-29T07:03:06.840007+00:00,0,NONE,0.0,0.0,512.0,0,0.019460939027485438,3.716765572121148,0.0
2026-07-29T07:03:06.856328+00:00,0,NONE,0.0,0.0,512.0,0,0.009285530515480787,1.7734056969232825,0.0
2026-07-29T07:03:06.956562+00:00,0,NONE,0.0,0.0,512.0,0,-0.05978311014652718,-11.417732991872453,0.0
2026-07-29T07:03:07.073212+00:00,0,NONE,0.0,0.0,512.0,0,-0.019977785639930516,-3.8154760039502706,0.0
2026-07-29T07:03:07.106478+00:00,0,NONE,0.0,0.0,512.0,0,1.3816982391290377e-06,0.0002638849255425048,0.0
2026-07-29T07:03:07.123235+00:00,0,NONE,0.0,0.0,512.0,0,-0.003638966751168482,-0.6949914554346228,0.0
2026-07-29T07:03:07.156653+00:00,0,NONE,0.0,0.0,512.0,0,-0.0021837124825106,-0.4170583630596433,0.0
2026-07-29T07:03:07.206729+00:00,0,NONE,0.0,0.0,512.0,0,-0.008573708315525437,-1.6374576708527528,0.0
2026-07-29T07:03:07.323464+00:00,0,NONE,0.0,0.0,512.0,0,-0.008573708315525437,-1.6374576708527528,0.0
2026-07-29T07:03:07.406649+00:00,0,NONE,0.0,0.0,512.0,0,-0.008573708315525437,-1.6374576708527528,0.0
2026-07-29T07:03:07.423285+00:00,0,NONE,0.0,0.0,512.0,0,-0.008573708315525437,-1.6374576708527528,0.0
2026-07-29T07:03:07.523303+00:00,0,NONE,0.0,0.0,512.0,0,0.010510262312891427,2.007312240346953,0.0
2026-07-29T07:03:07.657889+00:00,0,NONE,0.0,0.0,512.0,0,-0.008691019187390339,-1.6598623970156159,0.0
2026-07-29T07:03:07.673504+00:00,0,NONE,0.0,0.0,512.0,0,0.0008673706822446548,0.16565559788667175,0.0
2026-07-29T07:03:07.623587+00:00,0,NONE,0.0,0.0,512.0,0,-0.0007207916523020685,-0.1376610652838987,0.0
2026-07-29T07:03:07.756607+00:00,0,NONE,0.0,0.0,512.0,0,-0.010436011321708065,-1.9931313456153872,0.0
2026-07-29T07:03:07.806738+00:00,0,NONE,0.0,0.0,512.0,0,-0.004593888206873089,-0.8773680193624986,0.0
2026-07-29T07:03:07.923582+00:00,0,NONE,0.0,0.0,512.0,0,0.019261614159040617,3.678697326408186,0.0
2026-07-29T07:03:07.956759+00:00,0,NONE,0.0,0.0,512.0,0,-0.01070182992349146,-2.043898958942911,0.0
2026-07-29T07:03:07.990155+00:00,0,NONE,0.0,0.0,512.0,0,-0.0012590692756930366,-0.24046451870601498,0.0
2026-07-29T07:03:08.073642+00:00,0,NONE,0.0,0.0,512.0,0,0.01024780114801615,1.9571858502354842,0.0
2026-07-29T07:03:08.190186+00:00,0,NONE,0.0,0.0,512.0,0,-0.021946429749950768,-4.1914593335084325,0.0
2026-07-29T07:03:08.240620+00:00,0,NONE,0.0,0.0,512.0,0,-0.0018103549560510145,-0.3457523280077159,0.0
2026-07-29T07:03:08.056702+00:00,0,NONE,0.0,0.0,512.0,0,0.03624313106556656,6.92192815465482,0.0
2026-07-29T07:03:08.006930+00:00,0,NONE,0.0,0.0,512.0,0,0.03994553764583543,7.629035724957721,0.0
2026-07-29T07:03:08.356778+00:00,0,NONE,0.0,0.0,512.0,0,0.0015158576716203243,0.28950748975457485,0.0
2026-07-29T07:03:08.390229+00:00,0,NONE,0.0,0.0,512.0,0,-0.001910636949178297,-0.3649047778988933,0.0
2026-07-29T07:03:08.423528+00:00,0,NONE,0.0,0.0,512.0,0,-0.009315247372724116,-1.779081198591401,0.0
2026-07-29T07:03:08.440175+00:00,0,NONE,0.0,0.0,512.0,0,0.0015517223154893145,0.2963571321793511,0.0
2026-07-29T07:03:08.573535+00:00,0,NONE,0.0,0.0,512.0,0,-0.013337162138195708,-2.547210337334303,0.0
2026-07-29T07:03:08.607074+00:00,0,NONE,0.0,0.0,512.0,0,-0.019081058013252914,-3.6442136426789054,0.0
2026-07-29T07:03:08.523506+00:00,0,NONE,0.0,0.0,512.0,0,0.009616201090393588,1.836559124762176,0.0
2026-07-29T07:03:08.506980+00:00,0,NONE,0.0,0.0,512.0,0,-0.009836195798707195,-1.8785750191007802,0.0
2026-07-29T07:03:08.707066+00:00,0,NONE,0.0,0.0,512.0,0,-0.012879638571757824,-2.4598297727187557,0.0
2026-07-29T07:03:08.890613+00:00,0,NONE,0.0,0.0,512.0,0,0.005728306032251567,1.0940258646911507,0.0
2026-07-29T07:03:08.990404+00:00,0,NONE,0.0,0.0,512.0,0,0.06107562594814226,11.664585326494162,0.0
2026-07-29T07:03:09.007176+00:00,0,NONE,0.0,0.0,512.0,0,-0.02046610305260401,-3.908737759980068,0.0
2026-07-29T07:03:09.040408+00:00,0,NONE,0.0,0.0,512.0,0,-0.021661101782228798,-4.136965705750052,0.0
2026-07-29T07:03:09.073766+00:00,0,NONE,0.0,0.0,512.0,0,-0.020660140240215695,-3.945796133042527,0.0
2026-07-29T07:03:09.190544+00:00,0,NONE,0.0,0.0,512.0,0,-0.008228254298074944,-1.5714808134669132,0.0
2026-07-29T07:03:09.206988+00:00,0,NONE,0.0,0.0,512.0,0,0.001578737220261246,0.3015165989372828,0.0
2026-07-29T07:03:09.273634+00:00,0,NONE,0.0,0.0,512.0,0,-0.00680712622597639,-1.3000653445375447,0.0
2026-07-29T07:03:09.290534+00:00,0,NONE,0.0,0.0,512.0,0,0.023298882129602135,4.449758711329926,0.0
2026-07-29T07:03:09.373751+00:00,0,NONE,0.0,0.0,512.0,0,-0.010884366288228193,-2.0787608366331627,0.0
2026-07-29T07:03:09.473828+00:00,0,NONE,0.0,0.0,512.0,0,-0.0474672658497002,-9.065579994044283,0.0
2026-07-29T07:03:09.490594+00:00,0,NONE,0.0,0.0,512.0,0,-0.00942902188093285,-1.8008105290465244,0.0
2026-07-29T07:03:09.540644+00:00,0,NONE,0.0,0.0,512.0,0,-0.025790835751395208,-4.925686795566869,0.0
2026-07-29T07:03:09.557062+00:00,0,NONE,0.0,0.0,512.0,0,0.040516699611762304,7.738119625177737,0.0
2026-07-29T07:03:09.723960+00:00,0,NONE,0.0,0.0,512.0,0,-0.013151347367384006,-2.511722330205299,0.0
2026-07-29T07:03:09.740764+00:00,0,NONE,0.0,0.0,512.0,0,0.001968655232776655,0.37598545384815657,0.0
2026-07-29T07:03:09.773885+00:00,0,NONE,0.0,0.0,512.0,0,-0.04242404278717004,-8.102395338624218,0.0
2026-07-29T07:03:09.840705+00:00,0,NONE,0.0,0.0,512.0,0,-1.4495410653948784,-276.8419509267447,0.0
2026-07-29T07:03:09.990554+00:00,0,NONE,0.0,0.0,512.0,0,0.6499830201268196,124.13761269477871,0.0
2026-07-29T07:03:10.007323+00:00,0,NONE,0.0,0.0,512.0,0,-2.183117053806782,-416.9446445538775,0.0
2026-07-29T07:03:10.057266+00:00,0,NONE,0.0,0.0,512.0,0,-1.5934005046635866,-304.31707997079656,0.0
2026-07-29T07:03:10.157297+00:00,0,NONE,0.0,0.0,512.0,0,-0.6899549701809883,-131.77169281815063,0.0
2026-07-29T07:03:10.190727+00:00,0,NONE,0.0,0.0,512.0,0,-0.6899549701809883,-131.77169281815063,0.0
2026-07-29T07:03:10.224192+00:00,0,NONE,0.0,0.0,512.0,0,-0.6899549701809883,-131.77169281815063,0.0
2026-07-29T07:03:18.128912+00:00,1,BOTH,667.0,27.0,470.0,68942,-6.886222098618746,-1315.1715434685823,0.506
2026-07-29T07:03:18.145631+00:00,1,BOTH,652.25,12.25,437.2,69226,1.5444796729087829,294.97388933806377,0.533
2026-07-29T07:03:18.162406+00:00,1,BOTH,632.0,-8.0,412.2,73936,0.40945183334872126,78.19953988258553,0.17
2026-07-29T07:03:18.262191+00:00,1,BOTH,529.0,-111.0,399.8,68463,0.15498421017080546,29.59980377985227,-1.979
2026-07-29T07:03:18.278950+00:00,1,BOTH,516.5,-123.5,387.5,67200,-0.11149754494428635,-21.294462504592722,-3.503
2026-07-29T07:03:18.395790+00:00,1,BOTH,515.0,-125.0,375.6,65495,-2.0957104671001434,-400.2512161540953,-4.446
2026-07-29T07:03:18.412440+00:00,1,BOTH,442.0,-198.0,354.9,52977,0.1192560649290681,22.77623067257905,-6.38
2026-07-29T07:03:18.495736+00:00,1,BOTH,627.5,-12.5,381.2,38095,-7.915990484952927,-1511.8428181784016,-4.062
2026-07-29T07:03:18.528957+00:00,1,BOTH,431.0,-209.0,360.2,20357,-0.2354091402888298,-44.95983399117686,-6.356
2026-07-29T07:03:18.629028+00:00,1,BOTH,632.0,-8.0,384.3,36616,-11.856176689714193,-2264.362951606702,-3.964
2026-07-29T07:03:18.729084+00:00,1,BOTH,596.0,-44.0,410.1,31165,-2.9679305996000767,-566.832990816054,-3.203
2026-07-29T07:03:18.812318+00:00,1,BOTH,824.5,184.5,388.8,22154,-0.05947093904018402,-11.358112702274477,0.797
2026-07-29T07:03:18.829211+00:00,1,BOTH,830.0,190.0,371.6,20234,0.25387289479374886,48.4861513481686,4.041
2026-07-29T07:03:18.880010+00:00,1,BOTH,836.0,196.0,359.1,15227,0.11786164626479148,22.509916324787987,6.099
2026-07-29T07:03:18.947364+00:00,1,BOTH,840.5,200.5,352.0,17383,-0.42827154487371444,-81.79384002270494,7.419
2026-07-29T07:03:19.112473+00:00,1,BOTH,868.0,228.0,345.0,15916,-0.07615855112671852,-14.545211844640905,8.726
2026-07-29T07:03:19.129095+00:00,1,BOTH,870.5,230.5,340.3,14743,0.34384670585393906,65.66988348302321,9.558
2026-07-29T07:03:19.262555+00:00,1,BOTH,872.25,232.25,342.2,16574,-0.3085529142618179,-58.929265812213714,10.089
2026-07-29T07:03:19.295795+00:00,1,BOTH,857.0,217.0,342.7,17493,-0.003908250010572374,-0.7464207696258547,10.122
2026-07-29T07:03:19.365716+00:00,1,BOTH,840.0,200.0,343.2,15235,0.1379496000520885,26.346432895007844,9.823
2026-07-29T07:03:19.445760+00:00,1,BOTH,834.5,194.5,341.9,15700,0.00034300159662961974,0.06550847951041965,9.541
2026-07-29T07:03:19.545828+00:00,1,BOTH,820.0,180.0,339.1,17837,-0.05009493319317698,-9.567427489862858,9.1
2026-07-29T07:03:19.562590+00:00,1,BOTH,816.5,176.5,336.4,18237,-0.07031947165727614,-13.430029811839118,8.769
2026-07-29T07:03:19.629193+00:00,1,BOTH,797.5,157.5,334.6,18155,0.15728912494145333,30.040010074837227,8.215
2026-07-29T07:03:19.762584+00:00,1,BOTH,788.0,148.0,335.1,16013,-0.028427485525608063,-5.429249809288596,7.704
2026-07-29T07:03:19.645859+00:00,1,BOTH,796.5,156.5,334.2,17760,0.10890599039383232,20.799512044196263,7.557
2026-07-29T07:03:19.595871+00:00,1,BOTH,803.5,163.5,332.0,19143,0.030024548321962358,5.734266335450137,7.6
2026-07-29T07:03:19.946032+00:00,1,BOTH,772.5,132.5,333.9,15424,-0.02625673618167639,-5.014667223328337,7.044
2026-07-29T07:03:20.012664+00:00,1,BOTH,765.0,125.0,335.3,16755,0.044357752874493596,8.471706761309262,6.57
2026-07-29T07:03:19.829351+00:00,1,BOTH,778.0,138.0,335.3,17616,-0.10307781233452261,-19.686412027365616,6.53
2026-07-29T07:03:20.079300+00:00,1,BOTH,758.5,118.5,335.7,17938,0.03540082164108753,6.761058904432347,6.14
2026-07-29T07:03:20.163031+00:00,1,BOTH,749.5,109.5,337.7,17097,0.12170915253460407,23.244735894489263,5.737
2026-07-29T07:03:20.112722+00:00,1,BOTH,755.0,115.0,337.7,17550,0.01369861228391528,2.6162422301813697,5.598
2026-07-29T07:03:20.279519+00:00,1,BOTH,738.0,98.0,339.4,16604,-0.012966969404369592,-2.4765087331521487,5.197
2026-07-29T07:03:20.246079+00:00,1,BOTH,738.5,98.5,341.0,16598,-0.008778175777988508,-1.6765080796756981,4.965
2026-07-29T07:03:20.362722+00:00,1,BOTH,735.0,95.0,341.2,16233,-0.02435389693826437,-4.6512516975304194,4.76
2026-07-29T07:03:20.396412+00:00,1,BOTH,738.0,98.0,341.8,15356,-0.03459353681653738,-6.606878860060072,4.694
2026-07-29T07:03:20.446267+00:00,1,BOTH,738.5,98.5,341.9,16482,-0.001886123474687338,-0.3602230491337814,4.663
2026-07-29T07:03:20.529500+00:00,1,BOTH,738.5,98.5,341.4,16763,0.03528851725161076,6.739610345972973,4.645
2026-07-29T07:03:20.562596+00:00,1,BOTH,739.0,99.0,341.1,17141,-0.041164089888334275,-7.861762060329007,4.643
2026-07-29T07:03:20.579575+00:00,1,BOTH,739.5,99.5,341.0,17215,0.03539416156709194,6.7597869239950406,4.651
2026-07-29T07:03:20.612638+00:00,1,BOTH,739.0,99.0,340.8,17165,-0.13706509053707122,-26.177504021175665,4.647
2026-07-29T07:03:20.712739+00:00,1,BOTH,740.5,100.5,342.6,16477,-0.08524029891937972,-16.279697908380033,4.673
2026-07-29T07:03:20.796219+00:00,1,BOTH,742.0,102.0,344.8,16848,0.057939864532090726,11.06569901082843,4.716
2026-07-29T07:03:20.829519+00:00,1,BOTH,739.5,99.5,346.6,16634,-0.016746719712391497,-3.198387867361909,4.695
2026-07-29T07:03:20.862750+00:00,1,BOTH,741.5,101.5,349.2,16247,-0.0025968644209206104,-0.495964570954785,4.72
2026-07-29T07:03:20.946789+00:00,1,BOTH,743.0,103.0,352.3,15596,0.04422662576660514,8.446663328436712,4.763
2026-07-29T07:03:20.962814+00:00,1,BOTH,742.5,102.5,354.8,15223,-0.02508796543814242,-4.791448453918792,4.78
2026-07-29T07:03:21.029592+00:00,1,BOTH,741.0,101.0,356.6,15856,0.09341746263788081,17.841421139905414,4.762
2026-07-29T07:03:21.096203+00:00,1,BOTH,738.5,98.5,357.8,15791,-0.0830151062249206,-15.854717408393864,4.704
2026-07-29T07:03:21.112972+00:00,1,BOTH,736.5,96.5,358.5,16255,-0.34405561281368136,-65.70978177337037,4.632
2026-07-29T07:03:21.146219+00:00,1,BOTH,735.0,95.0,358.8,16226,-0.34405561281368136,-65.70978177337037,4.56
2026-07-29T07:03:21.246384+00:00,1,BOTH,728.0,88.0,359.5,14482,-0.34405561281368136,-65.70978177337037,4.386
2026-07-29T07:03:21.262877+00:00,1,BOTH,728.5,88.5,360.3,14514,0.048311988534405825,9.226910143019591,4.291
2026-07-29T07:03:21.363016+00:00,1,BOTH,726.0,86.0,361.4,13866,-0.2042066377401352,-39.0005949702222,4.187
2026-07-29T07:03:21.396338+00:00,1,BOTH,724.0,84.0,362.5,14642,0.06493502942845225,12.401677096027042,4.087
2026-07-29T07:03:21.413051+00:00,1,BOTH,722.0,82.0,363.2,15236,0.024163305256515742,4.61485136761543,3.99
2026-07-29T07:03:21.529684+00:00,1,BOTH,718.0,78.0,364.8,14965,-0.04417804923374206,-8.437385894048601,3.856
2026-07-29T07:03:21.563067+00:00,1,BOTH,716.25,76.25,365.9,15151,-0.027670295679708943,-5.284637201087993,3.744
2026-07-29T07:03:21.679638+00:00,1,BOTH,708.0,68.0,366.3,15402,0.031745902597904205,6.063020785644356,3.521
2026-07-29T07:03:21.696323+00:00,1,BOTH,708.0,68.0,366.8,15419,-0.018730949603195768,-3.5773478617845385,3.388
2026-07-29T07:03:21.746858+00:00,1,BOTH,707.5,67.5,367.4,15544,0.021162284621968865,4.041698645644736,3.298
2026-07-29T07:03:21.914178+00:00,1,BOTH,707.0,67.0,369.3,14720,-0.04266014292836189,-8.147487144066671,3.235
2026-07-29T07:03:21.963136+00:00,1,BOTH,705.0,65.0,370.6,15103,-0.04924775334075093,-9.405628056421095,3.16
2026-07-29T07:03:21.729708+00:00,1,BOTH,708.5,68.5,370.4,15314,0.03523815456777811,6.729991781877764,3.18
2026-07-29T07:03:21.996444+00:00,1,BOTH,704.0,64.0,371.9,14993,-0.0027002952713519337,-0.5157184082919973,3.108
2026-07-29T07:03:22.129643+00:00,1,BOTH,701.0,61.0,373.5,14624,0.06449722114484757,12.318061873072324,3.009
2026-07-29T07:03:22.146564+00:00,1,BOTH,701.5,61.5,375.1,14579,0.02146827776916325,4.100139031958615,2.958
2026-07-29T07:03:22.179640+00:00,1,BOTH,702.5,62.5,376.6,14375,0.02146827776916325,4.100139031958615,2.947
2026-07-29T07:03:22.213050+00:00,1,BOTH,704.5,64.5,378.4,13366,0.005971492032986135,1.1404709696203377,2.977
2026-07-29T07:03:22.246639+00:00,1,BOTH,704.0,64.0,379.9,12390,-0.03737634040415287,-7.1383551960075105,2.986
2026-07-29T07:03:22.363036+00:00,1,BOTH,701.0,61.0,381.5,12447,0.005250683268532157,1.0028066361561632,2.936
2026-07-29T07:03:22.396339+00:00,1,NONE,0.0,0.0,381.5,0,0.13103339359164237,25.02553476025892,2.905
2026-07-29T07:03:22.429854+00:00,1,BOTH,703.5,63.5,383.7,11481,0.0165114632807672,3.1534571985773083,2.934
2026-07-29T07:03:22.463288+00:00,1,BOTH,703.5,63.5,385.5,11414,-0.044386981464922426,-8.47728901088489,2.951
2026-07-29T07:03:22.413823+00:00,1,BOTH,705.0,65.0,387.2,11256,-0.01221372975036502,-2.3326505560309605,2.989
2026-07-29T07:03:22.596607+00:00,1,BOTH,700.0,60.0,386.7,12256,-0.0013186249230057,-0.2518388094966325,2.919
2026-07-29T07:03:22.629829+00:00,1,BOTH,705.5,65.5,387.1,11553,-0.030013683661818506,-5.732191338209848,2.979
2026-07-29T07:03:22.696600+00:00,1,BOTH,701.0,61.0,386.1,13461,-0.012538608107715845,-2.394697751802111,2.931
2026-07-29T07:03:22.746575+00:00,1,BOTH,698.5,58.5,384.6,13917,-0.034843339007347825,-6.654587564215272,2.856
2026-07-29T07:03:22.863290+00:00,1,BOTH,692.5,52.5,382.9,13886,0.001464381953701377,0.2796763518073694,2.698
2026-07-29T07:03:22.963193+00:00,1,BOTH,692.0,52.0,382.2,13446,-0.017039331644773482,-3.254272629897426,2.594
2026-07-29T07:03:22.979961+00:00,1,BOTH,689.5,49.5,381.0,14398,-0.05441622943617404,-10.392734279027758,2.484
2026-07-29T07:03:23.030065+00:00,1,BOTH,691.0,51.0,380.0,13907,0.008260712223127483,1.5776798205244547,2.447
2026-07-29T07:03:23.146538+00:00,1,BOTH,690.0,50.0,379.2,14212,-0.03689661201089621,-7.046733821853514,2.406
2026-07-29T07:03:23.163285+00:00,1,BOTH,692.5,52.5,378.9,13980,-0.018625585259869695,-3.5572247545053672,2.428
2026-07-29T07:03:23.213248+00:00,1,BOTH,694.0,54.0,377.9,14449,-0.025406695418059826,-4.852321396097316,2.469
2026-07-29T07:03:23.246573+00:00,1,BOTH,696.0,56.0,377.5,13810,0.02566549263894558,4.901748024452211,2.531
2026-07-29T07:03:23.396758+00:00,1,BOTH,701.5,61.5,378.5,14067,0.0646093038469553,12.339468092362976,2.672
2026-07-29T07:03:23.180142+00:00,1,BOTH,693.0,53.0,378.0,14278,-1.813271415233612,-346.30933068199926,2.597
2026-07-29T07:03:23.413298+00:00,1,BOTH,705.0,65.0,379.8,12939,0.11161797277629376,21.31746252629251,2.777
2026-07-29T07:03:23.546764+00:00,1,BOTH,710.0,70.0,383.8,11594,0.0843888040818274,16.117074373483614,2.979
2026-07-29T07:03:23.630024+00:00,1,BOTH,702.0,62.0,385.5,13798,0.08180564976180904,15.623728238923489,2.95
2026-07-29T07:03:23.663563+00:00,1,BOTH,708.5,68.5,387.9,12265,0.05883143623359501,11.235976662926742,3.054
2026-07-29T07:03:23.746888+00:00,1,BOTH,703.5,63.5,389.4,13315,0.0613201716914773,11.711290123130786,3.023
2026-07-29T07:03:23.763675+00:00,1,BOTH,704.0,64.0,390.7,12860,-0.03971709833480418,-7.585407030301164,3.014
2026-07-29T07:03:23.796648+00:00,1,BOTH,707.0,67.0,392.4,12106,0.040752331763505935,7.783122051219392,3.065
2026-07-29T07:03:23.846883+00:00,1,BOTH,702.5,62.5,393.0,11606,0.0882328699529171,16.851236875429347,3.011
2026-07-29T07:03:23.913734+00:00,1,BOTH,694.0,54.0,393.2,12200,-0.009104589857161045,-1.7388485767098165,2.819
2026-07-29T07:03:23.963571+00:00,1,BOTH,691.5,51.5,392.5,12583,0.025892063141218388,4.945019802926848,2.657
2026-07-29T07:03:23.996782+00:00,1,BOTH,691.0,51.0,392.4,11907,0.043399324361234906,8.288660398726858,2.55
2026-07-29T07:03:24.146848+00:00,1,BOTH,679.0,39.0,391.9,13522,0.007656322503462434,1.4622498867981137,2.262
2026-07-29T07:03:24.163766+00:00,1,BOTH,678.0,38.0,391.7,13073,0.019051991663873197,3.6386623788612034,2.069
2026-07-29T07:03:24.180406+00:00,1,BOTH,682.0,42.0,392.6,11515,0.09088871847838163,17.35846658054655,2.029
2026-07-29T07:03:24.280325+00:00,1,BOTH,677.0,37.0,392.7,11564,0.04457869380705233,8.51390337116693,1.911
2026-07-29T07:03:24.313817+00:00,1,BOTH,675.0,35.0,392.9,12019,-0.008256595013663173,-1.576893491438867,1.803
2026-07-29T07:03:24.330284+00:00,1,BOTH,669.5,29.5,392.4,12649,0.05005670977756381,9.560127355218826,1.635
2026-07-29T07:03:24.463671+00:00,1,BOTH,667.5,27.5,392.7,12708,0.013635055809281767,2.604103837657268,1.497
2026-07-29T07:03:24.480304+00:00,1,BOTH,669.5,29.5,393.4,12067,0.05318680725526065,10.157931938340738,1.451
2026-07-29T07:03:24.563611+00:00,1,BOTH,667.5,27.5,394.0,11876,-0.0557438656501472,-10.646294118325724,1.386
2026-07-29T07:03:24.613691+00:00,1,BOTH,664.0,24.0,394.4,12170,0.055536454189568756,10.606681447279762,1.282
2026-07-29T07:03:24.663550+00:00,1,BOTH,658.5,18.5,394.2,12935,0.004159074062481522,0.7943246348750695,1.116
2026-07-29T07:03:24.697030+00:00,1,BOTH,660.0,20.0,395.0,11887,0.010620166200678795,2.0283023367546047,1.045
2026-07-29T07:03:24.730177+00:00,1,BOTH,660.0,20.0,395.6,11972,0.043616537265479566,8.33014500762352,1.002
2026-07-29T07:03:24.880270+00:00,1,BOTH,659.0,19.0,396.1,12132,0.0020676658395677805,0.39489508683535934,0.957
2026-07-29T07:03:24.963739+00:00,1,BOTH,661.0,21.0,396.9,11785,0.028080903105437757,5.3630574428579685,0.968
2026-07-29T07:03:24.980332+00:00,1,BOTH,662.5,22.5,397.8,11822,-0.007750261211767792,-1.4801908585274721,1.003
2026-07-29T07:03:25.063745+00:00,1,LEFT,656.79,16.79,397.8,11130,0.029237930220551787,5.584033344452072,0.916
2026-07-29T07:03:25.080411+00:00,1,BOTH,661.5,21.5,398.9,11442,-0.0006245823856443167,-0.11928644885210575,0.953
2026-07-29T07:03:25.113752+00:00,1,BOTH,658.5,18.5,399.4,11747,-0.2647227189177647,-50.55831511738638,0.919
2026-07-29T07:03:25.130425+00:00,1,BOTH,655.0,15.0,399.4,12317,-0.0708803558908403,-13.537150809767972,0.832
2026-07-29T07:03:25.196943+00:00,1,BOTH,654.0,14.0,399.7,11852,0.01229546744376421,2.348261305560654,0.762
2026-07-29T07:03:25.215231+00:00,1,BOTH,653.0,13.0,399.5,12145,0.05229437816888094,9.987490537793159,0.701
2026-07-29T07:03:25.332426+00:00,1,BOTH,656.0,16.0,399.2,11497,0.003012061268091202,0.5752613276548288,0.721
2026-07-29T07:03:25.447237+00:00,1,BOTH,659.0,19.0,398.8,12224,0.008338321484625339,1.592502097640969,0.789
2026-07-29T07:03:25.530632+00:00,1,BOTH,650.5,10.5,397.5,12091,-0.11758911922574043,-22.457867494318577,0.67
2026-07-29T07:03:25.563717+00:00,1,BOTH,648.0,8.0,396.8,11634,-0.035750100426375865,-6.827766238667273,0.552
2026-07-29T07:03:25.647281+00:00,1,BOTH,635.5,-4.5,393.8,12895,0.02491208249120973,4.757857285426905,0.247
2026-07-29T07:03:25.663851+00:00,1,BOTH,634.5,-5.5,391.1,13209,-0.009257778087630867,-1.7681053736331436,0.045
2026-07-29T07:03:25.747216+00:00,1,BOTH,635.5,-4.5,389.2,12866,-0.040926278848201034,-7.8163434972581705,-0.057
2026-07-29T07:03:25.830592+00:00,1,BOTH,629.5,-10.5,386.6,14051,-0.020545252356678246,-3.923854163562906,-0.231
2026-07-29T07:03:25.847261+00:00,1,BOTH,631.0,-9.0,384.9,13645,-0.04953554425388575,-9.4605920721039,-0.308
2026-07-29T07:03:25.880620+00:00,1,BOTH,630.5,-9.5,383.4,13489,0.020405666157603263,3.897195163278674,-0.363
2026-07-29T07:03:25.930626+00:00,1,BOTH,633.0,-7.0,382.9,13214,-0.008880710769444704,-1.6960908205518648,-0.349
2026-07-29T07:03:25.964099+00:00,1,BOTH,630.5,-9.5,382.5,13077,0.05297586942091584,10.117645779515447,-0.387
2026-07-29T07:03:25.913869+00:00,1,BOTH,633.5,-6.5,382.1,12677,-0.04266088895499706,-8.147629624658668,-0.354
2026-07-29T07:03:25.863932+00:00,1,BOTH,630.0,-10.0,381.1,13501,0.0030022397078573702,0.573385547822722,-0.4
2026-07-29T07:03:26.147276+00:00,1,LEFT,624.05,-15.95,381.1,10950,0.07001707238610834,13.372275805286627,-0.539
2026-07-29T07:03:26.264071+00:00,1,LEFT,625.05,-14.95,381.1,10908,-0.009328914936631919,-1.7816915110185425,-0.604
2026-07-29T07:03:26.280499+00:00,1,LEFT,625.05,-14.95,381.1,10988,0.032315154736861584,6.171739935781197,-0.642
2026-07-29T07:03:26.213932+00:00,1,LEFT,625.05,-14.95,381.1,10868,-0.00067025548662059,-0.12800936859615675,-0.666
2026-07-29T07:03:26.197277+00:00,1,LEFT,625.05,-14.95,381.1,10912,-0.00067025548662059,-0.12800936859615675,-0.68
2026-07-29T07:03:26.447376+00:00,1,LEFT,625.05,-14.95,381.1,11006,-0.00067025548662059,-0.12800936859615675,-0.688
2026-07-29T07:03:26.532810+00:00,1,BOTH,637.5,-2.5,383.3,11855,-0.039900150841567665,-7.620367483857289,-0.46
2026-07-29T07:03:26.480711+00:00,1,LEFT,627.34,-12.66,383.3,11001,0.04687384333461523,8.952244642102926,-0.513
2026-07-29T07:03:26.747486+00:00,1,LEFT,620.34,-19.66,383.3,10937,0.029900183202698827,5.710514347275333,-0.676
2026-07-29T07:03:26.847517+00:00,1,LEFT,617.34,-22.66,383.3,11171,0.04001432593911886,7.642173321241216,-0.831
2026-07-29T07:03:26.980670+00:00,1,LEFT,599.34,-40.66,383.3,11187,-0.08164777006953955,-15.593575438797266,-1.261
2026-07-29T07:03:27.030715+00:00,1,BOTH,615.0,-25.0,386.9,11665,-0.015385907059535384,-2.938491794973054,-1.225
2026-07-29T07:03:26.914046+00:00,1,LEFT,617.87,-22.13,386.9,11319,-0.00393246631254442,-0.7510457426205632,-1.15
2026-07-29T07:03:27.164169+00:00,1,LEFT,605.87,-34.13,386.9,11238,-0.0011523981299251316,-0.22009183054492915,-1.33
2026-07-29T07:03:27.180811+00:00,1,BOTH,623.0,-17.0,390.5,11466,0.030707527780905366,5.864705803755347,-1.117
2026-07-29T07:03:27.197544+00:00,1,BOTH,622.5,-17.5,393.3,11711,0.1458997366949916,27.864797148976685,-0.998
2026-07-29T07:03:27.298068+00:00,1,BOTH,625.5,-14.5,395.9,12572,-0.09759443007409573,-18.6391631574344,-0.871
2026-07-29T07:03:27.397597+00:00,1,LEFT,607.94,-32.06,395.9,11310,0.010334362685680389,1.973717886156563,-1.124
2026-07-29T07:03:27.531025+00:00,1,LEFT,596.94,-43.06,395.9,11211,0.03749558836221695,7.161129878382926,-1.482
2026-07-29T07:03:27.565032+00:00,1,LEFT,599.94,-40.06,395.9,11270,-0.0031445853039622305,-0.600571554119663,-1.64
2026-07-29T07:03:27.581020+00:00,1,LEFT,601.94,-38.06,395.9,11243,-0.04329904772341252,-8.269508971623576,-1.698
2026-07-29T07:03:27.614075+00:00,1,LEFT,607.94,-32.06,395.9,11348,0.0063579698943067335,1.2142828040500464,-1.62
2026-07-29T07:03:27.547462+00:00,1,LEFT,597.94,-42.06,395.9,11210,-0.012007465409114957,-2.2932569686387114,-1.76
2026-07-29T07:03:27.681023+00:00,1,LEFT,619.94,-20.06,395.9,11238,-0.07794090231880546,-14.885615847696549,-1.432
2026-07-29T07:03:27.714115+00:00,1,LEFT,621.94,-18.06,395.9,11253,-0.07794090231880546,-14.885615847696549,-1.198
2026-07-29T07:03:27.780988+00:00,1,BOTH,634.5,-5.5,397.7,12042,0.14173588618636132,27.06956028008363,-0.822
2026-07-29T07:03:27.797547+00:00,1,BOTH,636.0,-4.0,399.5,11777,0.02625897309742868,5.015094442767447,-0.568
2026-07-29T07:03:27.981027+00:00,1,BOTH,628.0,-12.0,398.0,13507,0.08960949182510376,17.11415228630166,-0.566
2026-07-29T07:03:27.997647+00:00,1,BOTH,630.5,-9.5,397.1,13568,0.040001549124717706,7.639733129438524,-0.518
2026-07-29T07:03:28.047690+00:00,1,LEFT,651.11,11.11,397.1,11456,0.0607212346419692,11.596901572694678,-0.102
2026-07-29T07:03:28.114280+00:00,1,BOTH,672.5,32.5,396.4,14559,0.0607212346419692,11.596901572694678,0.548
2026-07-29T07:03:28.164355+00:00,1,BOTH,675.5,35.5,395.0,16268,0.17643596045672894,33.69678629502551,0.994
2026-07-29T07:03:28.064329+00:00,1,BOTH,655.5,15.5,394.9,13194,0.08086930438876153,15.444899445449405,0.887
2026-07-29T07:03:28.231898+00:00,1,BOTH,683.5,43.5,394.2,16687,0.1131083981692791,21.602112808616468,1.348
2026-07-29T07:03:28.314635+00:00,1,BOTH,694.0,54.0,392.4,17351,0.21312735514715314,40.70432649572559,1.821
2026-07-29T07:03:28.430968+00:00,1,BOTH,672.0,32.0,395.3,16823,-0.20780282005667686,-39.68741520054693,1.693
2026-07-29T07:03:28.297625+00:00,1,BOTH,693.5,53.5,392.3,15446,-0.06256797082722187,-11.949602203658237,2.019
2026-07-29T07:03:28.564509+00:00,1,BOTH,674.5,34.5,389.8,17305,0.0,0.0,1.858
2026-07-29T07:03:28.581194+00:00,1,BOTH,680.0,40.0,387.4,16751,-0.38480762593448165,-73.49284296831573,1.865
2026-07-29T07:03:28.614193+00:00,1,NONE,0.0,0.0,387.4,0,-0.38480762593448165,-73.49284296831573,1.869
2026-07-29T07:03:28.664606+00:00,1,BOTH,701.5,61.5,385.8,15686,-0.061457115765661,-11.73744451473096,2.274
2026-07-29T07:03:28.747832+00:00,1,BOTH,736.0,96.0,384.7,16216,-0.15353802047669887,-29.323601893693525,3.165
2026-07-29T07:03:28.764530+00:00,1,BOTH,742.5,102.5,382.8,16753,-0.07248872064985334,-13.84432585179805,3.821
2026-07-29T07:03:28.797831+00:00,1,BOTH,760.0,120.0,381.3,17201,-0.028114340184256435,-5.369443454509823,4.542
2026-07-29T07:03:28.814543+00:00,1,BOTH,770.0,130.0,380.4,16711,-0.07217066798359156,-13.783582266999105,5.163
2026-07-29T07:03:28.881226+00:00,1,BOTH,795.0,155.0,379.3,16622,0.002374300658702852,0.45345802346268244,6.004
2026-07-29T07:03:28.897795+00:00,1,BOTH,798.0,158.0,377.9,16881,-0.15245940655469895,-29.117601808844697,6.565
2026-07-29T07:03:29.064441+00:00,1,BOTH,849.5,209.5,369.0,16407,-0.024965977184474467,-4.768150413634309,7.867
2026-07-29T07:03:29.098210+00:00,1,BOTH,865.5,225.5,362.3,13432,-0.19194351345300675,-36.65851075256609,8.948
2026-07-29T07:03:29.131071+00:00,1,BOTH,856.5,216.5,353.7,18291,-0.001120050176978112,-0.21391382661242245,9.428
2026-07-29T07:03:29.231215+00:00,1,BOTH,868.0,228.0,346.4,22029,0.5783698236942292,110.46049965134951,9.932
2026-07-29T07:03:29.364641+00:00,1,BOTH,418.5,-221.5,337.0,32707,0.38299296975135805,73.14626916644805,5.932
2026-07-29T07:03:29.381202+00:00,1,BOTH,573.0,-67.0,355.8,53694,0.40641417369246485,77.6193896229167,2.303
2026-07-29T07:03:29.431261+00:00,1,BOTH,545.0,-95.0,364.4,50353,0.7181303047016263,137.15278533282336,-0.399
2026-07-29T07:03:29.481191+00:00,1,BOTH,430.5,-209.5,373.3,33299,0.262329902946949,50.10132092978892,-4.168
2026-07-29T07:03:29.514743+00:00,1,BOTH,720.0,80.0,324.6,29337,0.2515587754547596,48.04418711012297,-1.001
2026-07-29T07:03:29.564550+00:00,1,BOTH,648.5,8.5,283.4,22454,0.24566543903201818,46.918642762543605,-0.441
2026-07-29T07:03:29.681270+00:00,1,LEFT,897.38,257.38,283.4,4497,-0.3076853284239769,-58.763569122635005,3.559
2026-07-29T07:03:29.598038+00:00,1,BOTH,623.5,-16.5,283.4,16273,-0.3076853284239769,-58.763569122635005,1.826
2026-07-29T07:03:29.548096+00:00,1,BOTH,668.0,28.0,251.1,24280,-0.3076853284239769,-58.763569122635005,1.621
2026-07-29T07:03:29.748092+00:00,1,BOTH,629.5,-10.5,251.1,1887,-0.5720367747545242,-109.25097639903318,0.775
2026-07-29T07:03:29.881446+00:00,1,NONE,0.0,0.0,251.1,0,-0.5720367747545242,-109.25097639903318,0.268
2026-07-29T07:03:29.897962+00:00,1,LEFT,489.11,-150.89,251.1,2083,0.10445016324520111,19.948511744674995,-2.668
2026-07-29T07:03:29.997955+00:00,1,LEFT,445.11,-194.89,251.1,16509,0.29909032038412986,57.12204350408752,-5.255
2026-07-29T07:03:30.014767+00:00,1,LEFT,457.11,-182.89,251.1,17349,0.0,0.0,-6.582
2026-07-29T07:03:30.064596+00:00,1,LEFT,493.11,-146.89,251.1,22834,-0.4811918425559998,-91.90087238194128,-6.704
2026-07-29T07:03:30.198269+00:00,1,BOTH,528.5,-111.5,253.0,33431,0.31375103175640107,59.92203312505615,-6.113
2026-07-29T07:03:30.214907+00:00,1,BOTH,529.0,-111.0,256.2,38162,-0.3372698324918747,-64.41379319622887,-5.749
2026-07-29T07:03:30.248157+00:00,1,BOTH,486.5,-153.5,270.5,36046,0.2414001290500164,46.104028561597865,-6.327
2026-07-29T07:03:30.264924+00:00,1,BOTH,454.5,-185.5,286.1,31833,-0.21330118030309678,-40.73752465508817,-7.275
2026-07-29T07:03:30.331635+00:00,1,BOTH,765.0,125.0,255.4,27571,-0.05461271423846484,-10.430260112060177,-3.275
2026-07-29T07:03:30.431696+00:00,1,BOTH,814.0,174.0,244.0,34516,-0.14623381026089194,-27.928600500219936,0.725
2026-07-29T07:03:30.565032+00:00,1,RIGHT,766.04,126.04,244.0,33265,0.7110086309909821,135.7926458438594,2.799
2026-07-29T07:03:30.349003+00:00,1,BOTH,779.0,139.0,223.6,32076,-1.229483940601349,-234.8141359185683,4.285
2026-07-29T07:03:30.715912+00:00,1,BOTH,398.0,-242.0,244.5,25074,-1.5566670572757721,-297.30150829650444,0.285
2026-07-29T07:03:30.781625+00:00,1,LEFT,871.45,231.45,244.5,9262,-1.310403758585453,-250.26868275008826,4.285
2026-07-29T07:03:30.681638+00:00,1,BOTH,406.5,-233.5,265.7,21903,1.0762183348834515,205.54256141139612,0.285
2026-07-29T07:03:30.848218+00:00,1,RIGHT,411.34,-228.66,265.7,8684,-1.5918530437350273,-304.0215367035704,-3.715
2026-07-29T07:03:30.948105+00:00,1,RIGHT,463.34,-176.66,265.7,8121,1.0081453674286605,192.54158229775965,-5.541
2026-07-29T07:03:30.965000+00:00,1,RIGHT,459.34,-180.66,265.7,7968,-0.4230132009088993,-80.78957030133164,-6.712
2026-07-29T07:03:31.098212+00:00,1,RIGHT,323.34,-316.66,265.7,8217,-7.408051958084107,-1414.833705372816,-9.965
2026-07-29T07:03:31.164999+00:00,1,LEFT,717.66,77.66,265.7,8623,-0.6612106561660767,-126.28193322464006,-5.965
2026-07-29T07:03:31.231639+00:00,1,LEFT,768.66,128.66,265.7,8110,3.582355643324554,684.1795302578994,-1.965
2026-07-29T07:03:31.265063+00:00,1,LEFT,854.66,214.66,265.7,7904,0.4718113693408668,90.10933396506584,2.035
2026-07-29T07:03:31.381853+00:00,1,LEFT,946.66,306.66,265.7,4352,4.01796276897192,767.3743630092962,6.035
2026-07-29T07:03:31.398401+00:00,1,LEFT,941.66,301.66,265.7,3250,0.517693916708231,98.8722550232627,9.277
2026-07-29T07:03:31.431839+00:00,1,LEFT,897.66,257.66,265.7,6011,0.2285449182987213,43.64886415892983,10.398
2026-07-29T07:03:31.564963+00:00,1,LEFT,890.66,250.66,265.7,2730,2.821083205640316,538.7872044614234,10.938
2026-07-29T07:03:31.615130+00:00,1,NONE,0.0,0.0,265.7,0,0.4571622559428215,87.3115593940107,11.263
2026-07-29T07:03:31.648443+00:00,1,NONE,0.0,0.0,265.7,0,-0.16480308830738066,-31.475071369115728,11.458
2026-07-29T07:03:31.681655+00:00,1,NONE,0.0,0.0,265.7,0,-0.6265616355091334,-119.66445773162519,11.575
2026-07-29T07:03:31.715141+00:00,1,LEFT,941.66,301.66,265.7,4281,1.6146837119758128,308.381873149105,12.601
2026-07-29T07:03:31.765087+00:00,1,LEFT,928.66,288.66,265.7,3932,0.0508419419080019,9.71009564525939,12.973
2026-07-29T07:03:31.781747+00:00,1,LEFT,929.66,289.66,265.7,3846,-0.07146478459239006,-13.648768469851678,13.215
2026-07-29T07:03:31.881778+00:00,1,LEFT,950.66,310.66,265.7,2117,0.20268504217732697,38.70999162397305,13.754
2026-07-29T07:03:31.815176+00:00,1,LEFT,935.66,295.66,265.7,3496,0.040589415580034253,7.75200735212837,13.796
2026-07-29T07:03:31.965220+00:00,1,LEFT,928.66,288.66,265.7,4534,0.0009493604581803082,0.18131449163445917,13.69
2026-07-29T07:03:32.115202+00:00,1,LEFT,930.66,290.66,265.7,6440,-0.0448109791520983,-8.558266604213177,13.664
2026-07-29T07:03:32.131886+00:00,1,LEFT,933.66,293.66,265.7,6663,0.0413290374353528,7.893264721279666,13.705
2026-07-29T07:03:32.198417+00:00,1,LEFT,934.66,294.66,265.7,6879,-0.0006227506697177865,-0.11893661687924882,13.748
2026-07-29T07:03:32.332163+00:00,1,LEFT,963.66,323.66,265.7,6710,0.021574147269129755,4.120358617049419,14.317
2026-07-29T07:03:32.348533+00:00,1,LEFT,967.66,327.66,265.7,6863,0.041322488468140364,7.892013960674858,14.734
2026-07-29T07:03:32.381988+00:00,1,LEFT,974.66,334.66,265.7,6582,-0.20490406558383256,-39.13379387675144,15.115
2026-07-29T07:03:32.431976+00:00,1,LEFT,970.66,330.66,265.7,6764,0.06776768129318952,12.942673751624735,15.269
2026-07-29T07:03:32.565229+00:00,1,LEFT,971.66,331.66,265.7,7447,0.09696443177759648,18.518842345801602,15.38
2026-07-29T07:03:32.581959+00:00,1,LEFT,976.66,336.66,265.7,7175,-0.0911623913794756,-17.410734254545837,15.541
2026-07-29T07:03:32.715320+00:00,1,LEFT,981.66,341.66,265.7,7476,0.6691038975119591,127.78943127729748,15.731
2026-07-29T07:03:32.798728+00:00,1,LEFT,998.66,358.66,265.7,7716,0.20295330703258513,38.761226437299655,16.163
2026-07-29T07:03:32.865302+00:00,1,LEFT,1012.66,372.66,265.7,8323,-0.7250162374973297,-138.4679016235051,16.685
2026-07-29T07:03:32.915435+00:00,1,RIGHT,522.34,-117.66,265.7,8372,-0.2056983983516693,-39.28550026050474,12.685
2026-07-29T07:03:32.931830+00:00,1,RIGHT,566.34,-73.66,265.7,8476,-0.36900274991989135,-70.47433399710383,8.685
2026-07-29T07:03:32.981906+00:00,1,BOTH,581.5,-58.5,297.4,40774,0.0,0.0,4.685
2026-07-29T07:03:33.082499+00:00,1,RIGHT,465.57,-174.43,297.4,40395,-1.5787897551804781,-301.52663236777965,0.685
2026-07-29T07:03:33.148628+00:00,1,BOTH,670.0,30.0,278.5,11851,7.392800996601582,1411.9209862845983,0.974
2026-07-29T07:03:33.165454+00:00,1,BOTH,595.5,-44.5,260.3,8170,0.8474965019524098,161.85990904657936,-0.25
2026-07-29T07:03:33.265435+00:00,1,LEFT,606.34,-33.66,260.3,1532,0.316047235429287,60.36057572291882,-0.781
2026-07-29T07:03:33.365441+00:00,1,NONE,0.0,0.0,260.3,0,0.0,0.0,-1.1
2026-07-29T07:03:33.448760+00:00,1,NONE,0.0,0.0,260.3,0,0.0,0.0,-1.291
2026-07-29T07:03:33.498869+00:00,1,NONE,0.0,0.0,260.3,0,-3.4355829824507236,-656.1480168713148,-1.406
2026-07-29T07:03:33.515619+00:00,0,NONE,0.0,0.0,260.3,0,-1.769845802038908,-338.01564948591874,-0.844
2026-07-29T07:03:33.548713+00:00,0,NONE,0.0,0.0,260.3,0,-1.769845802038908,-338.01564948591874,-0.506
2026-07-29T07:03:33.615465+00:00,0,NONE,0.0,0.0,260.3,0,-3.4355829824507236,-656.1480168713148,-0.304
2026-07-29T07:03:33.632122+00:00,0,NONE,0.0,0.0,260.3,0,-3.4355829824507236,-656.1480168713148,-0.182
2026-07-29T07:03:33.715358+00:00,0,NONE,0.0,0.0,260.3,0,-1.1680982077121735,-223.09032452901113,-0.109
2026-07-29T07:03:33.748950+00:00,0,NONE,0.0,0.0,260.3,0,-3.4355829824507236,-656.1480168713148,-0.066
2026-07-29T07:03:33.782118+00:00,0,NONE,0.0,0.0,260.3,0,-3.4355829824507236,-656.1480168713148,-0.039
2026-07-29T07:03:33.832159+00:00,0,NONE,0.0,0.0,260.3,0,-3.650306806117296,-697.1572463946678,-0.024
2026-07-29T07:03:33.915444+00:00,0,NONE,0.0,0.0,260.3,0,-3.650306806117296,-697.1572463946678,-0.014
2026-07-29T07:03:33.965469+00:00,0,NONE,0.0,0.0,260.3,0,-3.4355829824507236,-656.1480168713148,-0.009
2026-07-29T07:03:34.032185+00:00,0,NONE,0.0,0.0,260.3,0,-1.769845802038908,-338.01564948591874,-0.005
2026-07-29T07:03:34.048930+00:00,0,NONE,0.0,0.0,260.3,0,-1.769845802038908,-338.01564948591874,-0.003
2026-07-29T07:03:34.065433+00:00,0,NONE,0.0,0.0,260.3,0,-1.769845802038908,-338.01564948591874,-0.002
2026-07-29T07:03:34.099003+00:00,0,NONE,0.0,0.0,260.3,0,-1.769845802038908,-338.01564948591874,-0.001
2026-07-29T07:03:34.132297+00:00,0,NONE,0.0,0.0,260.3,0,-1.769845802038908,-338.01564948591874,-0.001
2026-07-29T07:03:52.046421+00:00,1,RIGHT,925.66,285.66,260.3,9736,-0.05465538632124663,-10.438409879548274,3.999
2026-07-29T07:03:52.129833+00:00,1,RIGHT,911.66,271.66,260.3,9437,-0.06826842192327603,-13.038308167406997,7.493
2026-07-29T07:03:52.146456+00:00,1,RIGHT,903.66,263.66,260.3,9468,0.06271732330322266,11.978126425440484,9.44
2026-07-29T07:03:52.196470+00:00,1,RIGHT,891.66,251.66,260.3,9416,-0.13974159061908722,-26.688677883062116,10.383
2026-07-29T07:03:52.296587+00:00,1,RIGHT,878.66,238.66,260.3,9379,-0.1135997011885047,-21.695944773495334,10.704
2026-07-29T07:03:52.029857+00:00,1,RIGHT,930.66,290.66,260.3,9664,0.024025126472115518,4.58846116373416,11.873
2026-07-29T07:03:52.463161+00:00,1,RIGHT,872.66,232.66,260.3,9404,-0.050177022330462936,-9.583105360230709,11.486
2026-07-29T07:03:52.579872+00:00,1,RIGHT,868.66,228.66,260.3,9264,0.04387090440839529,8.37872555340976,11.179
2026-07-29T07:03:52.646658+00:00,1,RIGHT,870.66,230.66,260.3,9342,-0.0035933948820456862,-0.6862878695504271,11.032
2026-07-29T07:03:52.663427+00:00,1,RIGHT,869.66,229.66,260.3,9286,-0.06600013108924031,-12.605096529078809,10.926
2026-07-29T07:03:52.696363+00:00,1,RIGHT,866.66,226.66,260.3,9248,-0.06600013108924031,-12.605096529078809,10.805
2026-07-29T07:03:52.713308+00:00,1,RIGHT,867.66,227.66,260.3,9196,-0.06600013108924031,-12.605096529078809,10.752
2026-07-29T07:03:52.846745+00:00,1,RIGHT,890.66,250.66,260.3,9273,0.17951003558933734,34.28389139837411,11.151
2026-07-29T07:03:52.980267+00:00,1,RIGHT,931.66,291.66,260.3,9236,0.17951003558933734,34.28389139837411,12.159
2026-07-29T07:03:53.030737+00:00,1,RIGHT,928.66,288.66,260.3,9213,0.17951003558933734,34.28389139837411,12.708
2026-07-29T07:03:53.113331+00:00,1,RIGHT,928.66,288.66,260.3,8952,0.13786726333200933,26.33070773980955,13.037
2026-07-29T07:03:53.197343+00:00,1,RIGHT,916.66,276.66,260.3,8749,-0.07371322662569582,-14.078189266479125,13.01
2026-07-29T07:03:53.279978+00:00,1,RIGHT,940.66,300.66,260.3,8217,-0.09998001150786877,-19.094775650234272,13.443
2026-07-29T07:03:53.330228+00:00,1,RIGHT,955.66,315.66,260.3,8108,-0.21426978539675473,-40.92251460135975,13.985
2026-07-29T07:03:53.396831+00:00,1,RIGHT,956.66,316.66,260.3,6596,-0.13439014568924904,-25.666627187140744,14.328
2026-07-29T07:03:53.529978+00:00,1,RIGHT,966.66,326.66,260.3,4490,-0.17192684337496758,-32.83560836797461,14.722
2026-07-29T07:03:53.596810+00:00,1,RIGHT,973.66,333.66,260.3,3736,-0.16007614782312884,-30.572292236591878,15.089
2026-07-29T07:03:53.613237+00:00,1,RIGHT,972.66,332.66,260.3,3863,-0.13295522781088948,-25.392578059214514,15.291
2026-07-29T07:03:53.646881+00:00,1,RIGHT,969.66,329.66,260.3,4050,-0.13120059080421925,-25.057467075682275,15.356
2026-07-29T07:03:53.679861+00:00,1,RIGHT,964.66,324.66,260.3,4088,-0.1256326602399349,-23.994070669164316,15.301
2026-07-29T07:03:53.513346+00:00,1,RIGHT,964.66,324.66,260.3,4862,-0.1273961417004466,-24.330870818953937,15.268
2026-07-29T07:03:53.829986+00:00,1,RIGHT,970.66,330.66,260.3,3724,-0.09220693819224834,-17.610228000798237,15.361
2026-07-29T07:03:53.948288+00:00,1,RIGHT,977.66,337.66,260.3,2642,-0.04300865232944488,-8.214047536742296,15.548
2026-07-29T07:03:53.980234+00:00,1,RIGHT,973.66,333.66,260.3,3258,-0.05012575872242451,-9.57331473228666,15.585
2026-07-29T07:03:54.046865+00:00,1,RIGHT,968.66,328.66,260.3,3668,-0.05438101870007813,-10.386009523788278,15.513
2026-07-29T07:03:54.013381+00:00,1,RIGHT,971.66,331.66,260.3,3522,-0.05438101870007813,-10.386009523788278,15.527
2026-07-29T07:03:54.146954+00:00,1,RIGHT,962.66,322.66,260.3,5112,0.004130164254456758,0.7888032682538949,15.366
2026-07-29T07:03:54.280043+00:00,1,RIGHT,953.66,313.66,260.3,6650,-0.07749516751617193,-14.800486771119887,15.101
2026-07-29T07:03:54.113589+00:00,1,RIGHT,964.66,324.66,260.3,4292,0.0033972020557848735,0.6488177998321337,15.148
2026-07-29T07:03:54.413476+00:00,1,RIGHT,947.66,307.66,260.3,6877,-0.02176098879426718,-4.1560427198099585,14.857
2026-07-29T07:03:54.430286+00:00,1,RIGHT,948.66,308.66,260.3,6937,-0.020072300881147385,-3.8335270853548957,14.702
2026-07-29T07:03:54.463451+00:00,1,RIGHT,946.66,306.66,260.3,7223,-0.03275762042030692,-6.256244656583829,14.571
2026-07-29T07:03:54.546906+00:00,1,RIGHT,941.66,301.66,260.3,7270,0.0003271762398071586,0.06248605899303435,14.399
2026-07-29T07:03:54.363456+00:00,1,RIGHT,947.66,307.66,260.3,7127,0.012838369347155093,2.4519479314070427,14.408
2026-07-29T07:03:54.663625+00:00,1,RIGHT,950.66,310.66,260.3,7415,-0.022050039805471898,-4.211247396496689,14.47
2026-07-29T07:03:54.696997+00:00,1,RIGHT,950.66,310.66,260.3,7519,-0.03415007555857301,-6.522183998530336,14.507
2026-07-29T07:03:54.763623+00:00,1,RIGHT,951.66,311.66,260.3,6482,-0.0454220774024725,-8.674977772927411,14.548
2026-07-29T07:03:54.963721+00:00,1,RIGHT,956.66,316.66,260.3,5635,0.014406478407327086,2.7514347012873133,14.666
2026-07-29T07:03:55.013615+00:00,1,RIGHT,956.66,316.66,260.3,6124,0.11017247714102268,21.041393195607128,14.737
2026-07-29T07:03:54.730294+00:00,1,RIGHT,950.66,310.66,260.3,6955,-0.0151329730451107,-2.8901849565669355,14.667
2026-07-29T07:03:55.113693+00:00,1,RIGHT,949.66,309.66,260.3,7533,0.053090985371381974,10.139631306569935,14.607
2026-07-29T07:03:55.196994+00:00,1,RIGHT,936.66,296.66,260.3,8575,0.11508285081014037,21.979205485849167,14.326
2026-07-29T07:03:55.246972+00:00,1,RIGHT,930.66,290.66,260.3,8571,0.17404284060001374,33.2397340694964,14.046
2026-07-29T07:03:55.280339+00:00,1,RIGHT,915.66,275.66,260.3,8617,0.2509074468910694,47.91979251753709,13.596
2026-07-29T07:03:55.380507+00:00,1,RIGHT,887.66,247.66,260.3,9053,0.4319231159985065,82.4912387361797,12.801
2026-07-29T07:03:55.464053+00:00,1,RIGHT,935.66,295.66,260.3,9231,0.38563517697155475,73.65089357416895,13.225
2026-07-29T07:03:55.580328+00:00,1,RIGHT,910.66,270.66,260.3,9163,0.304812353849411,58.21487139673162,13.01
2026-07-29T07:03:55.597096+00:00,1,RIGHT,907.66,267.66,260.3,9191,0.27260021001100543,52.06280509336835,12.825
2026-07-29T07:03:55.680455+00:00,1,RIGHT,918.66,278.66,260.3,9378,0.2749778371193679,52.51689842191856,12.92
2026-07-29T07:03:55.747977+00:00,1,RIGHT,928.66,288.66,260.3,9524,0.2318355742841959,44.27733315825369,13.164
2026-07-29T07:03:55.863826+00:00,1,RIGHT,923.66,283.66,260.3,9436,0.15411646589636802,29.434076831112577,13.217
2026-07-29T07:03:55.913759+00:00,1,RIGHT,907.66,267.66,260.3,9308,0.15411646589636802,29.434076831112577,12.949
2026-07-29T07:03:55.963819+00:00,1,RIGHT,889.66,249.66,260.3,9337,0.10762837521731854,20.55550551934259,12.451
2026-07-29T07:03:56.030405+00:00,1,RIGHT,860.66,220.66,260.3,9077,0.17452142970170825,33.33113785498991,11.608
2026-07-29T07:03:56.063797+00:00,1,RIGHT,855.66,215.66,260.3,9072,0.08173332668840885,15.609915549366004,11.008
2026-07-29T07:03:56.180592+00:00,1,RIGHT,858.66,218.66,260.3,9367,-0.011102578490972518,-2.1204362974848388,10.705
2026-07-29T07:03:56.213984+00:00,1,RIGHT,859.66,219.66,260.3,9396,0.06641627699602395,12.684574542813301,10.542
2026-07-29T07:03:56.330432+00:00,1,RIGHT,845.66,205.66,260.3,9489,0.08206174407154322,15.672638649273772,10.181
2026-07-29T07:03:56.347210+00:00,1,RIGHT,844.66,204.66,260.3,9498,0.053359220810234545,10.190860501776909,9.946
2026-07-29T07:03:56.480604+00:00,1,RIGHT,866.66,226.66,260.3,9484,-0.0031472779344767342,-0.601085808667227,10.218
2026-07-29T07:03:56.497080+00:00,1,RIGHT,865.66,225.66,260.3,9392,-0.05318729627877474,-10.158025334952205,10.362
2026-07-29T07:03:56.547097+00:00,1,RIGHT,869.66,229.66,260.3,9422,-8.407743647694584e-05,-0.016057607541360916,10.523
2026-07-29T07:03:56.613832+00:00,1,RIGHT,878.66,238.66,260.3,9367,-0.03171690307557583,-6.057482284853318,10.789
2026-07-29T07:03:56.713815+00:00,1,RIGHT,880.66,240.66,260.3,9468,-0.0991695420537144,-18.939987386409882,10.986
2026-07-29T07:03:56.747250+00:00,1,RIGHT,882.66,242.66,260.3,9484,-0.0991695420537144,-18.939987386409882,11.141
2026-07-29T07:03:56.780601+00:00,1,RIGHT,882.66,242.66,260.3,9413,-0.0991695420537144,-18.939987386409882,11.235
2026-07-29T07:03:56.797296+00:00,1,RIGHT,883.66,243.66,260.3,9451,-0.04034132152795792,-7.704624878440794,11.31
2026-07-29T07:03:56.930650+00:00,1,RIGHT,892.66,252.66,260.3,9449,-0.04224910791963339,-8.068985239959115,11.523
2026-07-29T07:03:56.963885+00:00,1,RIGHT,895.66,255.66,260.3,9391,-0.07696190735325217,-14.698641582060684,11.708
2026-07-29T07:03:56.980864+00:00,1,RIGHT,898.66,258.66,260.3,9412,-0.10376398831605911,-19.817461986516577,11.875
2026-07-29T07:03:57.013968+00:00,1,RIGHT,905.66,265.66,260.3,9511,-0.051812976859509946,-9.895549660196394,12.106
2026-07-29T07:03:57.248689+00:00,1,RIGHT,962.66,322.66,260.3,8200,-0.0897489570826292,-17.14078818845137,13.314
2026-07-29T07:03:57.330637+00:00,1,RIGHT,956.66,316.66,260.3,6808,-0.12039664641022682,-22.994065689449634,13.926
2026-07-29T07:03:57.347327+00:00,1,RIGHT,959.66,319.66,260.3,7378,-0.1456480070948601,-27.81672033675651,14.349
2026-07-29T07:03:57.414084+00:00,1,RIGHT,969.66,329.66,260.3,2134,0.05326200932264328,10.172294475246348,14.791
2026-07-29T07:03:57.430517+00:00,1,NONE,0.0,0.0,260.3,0,-0.23739526718854903,-45.33915628761457,15.056
2026-07-29T07:03:57.480599+00:00,1,LEFT,271.34,-368.66,260.3,4239,-0.06496639020740985,-12.407666563615418,11.056
2026-07-29T07:03:57.547392+00:00,1,LEFT,279.34,-360.66,260.3,8123,-0.20330709129571914,-38.82879425441874,7.056
2026-07-29T07:03:57.580750+00:00,1,LEFT,281.84,-358.16,260.3,9134,-0.2556161440908909,-48.81908743938655,3.056
2026-07-29T07:03:57.630713+00:00,1,LEFT,284.34,-355.66,260.3,11369,0.06740845583379268,12.874066742567777,-0.944
2026-07-29T07:03:57.680795+00:00,1,LEFT,280.34,-359.66,260.3,9544,0.008876088708639145,1.6952080719624936,-4.944
2026-07-29T07:03:57.797397+00:00,1,NONE,0.0,0.0,260.3,0,0.08016267821192742,15.309943786695875,-8.944
2026-07-29T07:03:57.814149+00:00,1,NONE,0.0,0.0,260.3,0,-0.07673492163419723,-14.655290503022051,-12.11
2026-07-29T07:03:57.830830+00:00,1,NONE,0.0,0.0,260.3,0,-0.1626520272344351,-31.064248965933512,-14.01
2026-07-29T07:03:57.898945+00:00,0,NONE,0.0,0.0,260.3,0,-0.13168413124978542,-25.14981649819833,-10.01
2026-07-29T07:03:58.047530+00:00,0,NONE,0.0,0.0,260.3,0,-0.13168413124978542,-25.14981649819833,-6.01
2026-07-29T07:03:58.064060+00:00,0,NONE,0.0,0.0,260.3,0,-0.13168413124978542,-25.14981649819833,-3.606
2026-07-29T07:03:58.147496+00:00,0,NONE,0.0,0.0,260.3,0,0.15466647319495677,29.539120487481004,-2.164
2026-07-29T07:03:58.180753+00:00,0,NONE,0.0,0.0,260.3,0,0.045738684951102185,8.735445360588958,-1.298
2026-07-29T07:03:58.264053+00:00,0,NONE,0.0,0.0,260.3,0,0.0033180842921137817,0.633707420022577,-0.779
2026-07-29T07:03:58.347589+00:00,0,NONE,0.0,0.0,260.3,0,0.21067888425663114,40.23670300143377,-0.467
2026-07-29T07:03:58.380774+00:00,1,RIGHT,767.66,127.66,260.3,3320,0.21067888425663114,40.23670300143377,2.113
2026-07-29T07:03:58.414112+00:00,1,RIGHT,769.66,129.66,260.3,3074,0.1011727892793715,19.32257942424803,3.699
2026-07-29T07:03:58.480828+00:00,1,NONE,0.0,0.0,260.3,0,0.24242622937075795,46.299999287382896,4.651
2026-07-29T07:03:58.548895+00:00,1,RIGHT,766.66,126.66,260.3,2169,0.20272008940577507,38.71668515155208,5.165
2026-07-29T07:03:58.630888+00:00,1,NONE,0.0,0.0,260.3,0,0.2964197816327214,56.61200817248138,5.474
2026-07-29T07:03:58.647567+00:00,1,RIGHT,776.66,136.66,260.3,2964,0.26838641695678234,51.25802990087327,5.847
2026-07-29T07:03:58.697570+00:00,1,RIGHT,805.66,165.66,260.3,8123,0.42285065380856396,80.75852609192728,6.614
2026-07-29T07:03:58.764257+00:00,1,RIGHT,813.66,173.66,260.3,8771,0.2514283324964344,48.01927434019219,7.225
2026-07-29T07:03:58.797474+00:00,1,RIGHT,809.66,169.66,260.3,8776,0.4613748027384281,88.11609656864276,7.516
2026-07-29T07:03:58.847486+00:00,1,RIGHT,765.66,125.66,260.3,1061,0.5651526696607471,107.93620917370671,6.866
2026-07-29T07:03:58.880987+00:00,1,NONE,0.0,0.0,260.3,0,0.5651526696607471,107.93620917370671,6.476
2026-07-29T07:03:58.930860+00:00,1,NONE,0.0,0.0,260.3,0,0.5651526696607471,107.93620917370671,6.242
2026-07-29T07:03:58.947491+00:00,1,NONE,0.0,0.0,260.3,0,0.5651526696607471,107.93620917370671,6.101
2026-07-29T07:03:58.964228+00:00,0,NONE,0.0,0.0,260.3,0,0.5651526696607471,107.93620917370671,3.661
2026-07-29T07:03:58.830943+00:00,1,RIGHT,779.66,139.66,260.3,4120,0.5651526696607471,107.93620917370671,4.815
2026-07-29T07:03:59.030750+00:00,1,NONE,0.0,0.0,260.3,0,0.3308347158692777,63.184776452397905,5.508
2026-07-29T07:03:59.081272+00:00,1,NONE,0.0,0.0,260.3,0,0.1517214773595333,28.976667713969775,5.923
2026-07-29T07:03:59.214317+00:00,1,NONE,0.0,0.0,260.3,0,0.26373703721910713,50.3700637797985,6.173
2026-07-29T07:03:59.114144+00:00,0,NONE,0.0,0.0,260.3,0,0.2393856643140316,45.71929413709831,3.704
2026-07-29T07:03:59.297626+00:00,0,NONE,0.0,0.0,260.3,0,0.11155811220407486,21.306029999134573,2.222
2026-07-29T07:03:59.347620+00:00,0,NONE,0.0,0.0,260.3,0,0.08103977754712105,15.47745742043029,1.333
2026-07-29T07:03:59.414282+00:00,0,NONE,0.0,0.0,260.3,0,0.02970988556742668,5.674170176100619,0.8
2026-07-29T07:03:59.447661+00:00,0,NONE,0.0,0.0,260.3,0,0.09736196029931307,18.594764700903053,0.48
2026-07-29T07:03:59.464458+00:00,0,NONE,0.0,0.0,260.3,0,0.1188890967244879,22.706144908119256,0.288
2026-07-29T07:03:59.531093+00:00,0,NONE,0.0,0.0,260.3,0,0.1188890967244879,22.706144908119256,0.173
2026-07-29T07:03:59.564379+00:00,0,NONE,0.0,0.0,260.3,0,0.030811049044132233,5.8844769086645545,0.104
2026-07-29T07:03:59.747604+00:00,0,NONE,0.0,0.0,260.3,0,0.0,0.0,0.062
2026-07-29T07:03:59.764438+00:00,0,NONE,0.0,0.0,260.3,0,0.1981572040915489,37.845238248527465,0.037
2026-07-29T07:03:59.814214+00:00,0,NONE,0.0,0.0,260.3,0,0.12776606932282447,24.401521790579142,0.022
2026-07-29T07:03:59.847815+00:00,0,NONE,0.0,0.0,260.3,0,-0.05038548696786166,-9.622919173232948,0.013
2026-07-29T07:03:59.931050+00:00,0,NONE,0.0,0.0,260.3,0,0.06314000576734544,12.058852829668568,0.008
2026-07-29T07:03:59.997679+00:00,0,NONE,0.0,0.0,260.3,0,-0.00493620064109564,-0.9427448785485046,0.005
2026-07-29T07:04:00.097737+00:00,0,NONE,0.0,0.0,260.3,0,0.05062047309242189,9.66779821717107,0.003
2026-07-29T07:04:00.114477+00:00,0,NONE,0.0,0.0,260.3,0,0.05062047309242189,9.66779821717107,0.002
2026-07-29T07:04:00.147763+00:00,0,NONE,0.0,0.0,260.3,0,0.05062047309242189,9.66779821717107,0.001
2026-07-29T07:04:00.214478+00:00,0,NONE,0.0,0.0,260.3,0,0.05062047309242189,9.66779821717107,0.001
2026-07-29T07:04:00.247864+00:00,0,NONE,0.0,0.0,260.3,0,0.05062047309242189,9.66779821717107,0.0
2026-07-29T07:04:00.331029+00:00,0,NONE,0.0,0.0,260.3,0,0.05062047309242189,9.66779821717107,0.0
2026-07-29T07:04:00.347833+00:00,0,NONE,0.0,0.0,260.3,0,0.055625171028077604,10.623625115340763,0.0
2026-07-29T07:04:00.381145+00:00,0,NONE,0.0,0.0,260.3,0,0.12791444551199674,24.429859555311825,0.0
2026-07-29T07:04:00.431077+00:00,0,NONE,0.0,0.0,260.3,0,0.10239576103165746,19.55614982381371,0.0
2026-07-29T07:04:00.464437+00:00,0,NONE,0.0,0.0,260.3,0,0.1364721533469856,26.06426135948149,0.0
2026-07-29T07:04:00.481153+00:00,0,NONE,0.0,0.0,260.3,0,0.21193453408777713,40.47651445433703,0.0
2026-07-29T07:04:00.597979+00:00,0,NONE,0.0,0.0,260.3,0,0.16315810941159725,31.160903542060797,0.0
2026-07-29T07:04:00.614374+00:00,0,NONE,0.0,0.0,260.3,0,0.13657776068896055,26.08443087608402,0.0
2026-07-29T07:04:00.697808+00:00,0,NONE,0.0,0.0,260.3,0,0.1508127170149237,28.803107272853154,0.0
2026-07-29T07:04:00.831180+00:00,0,NONE,0.0,0.0,260.3,0,0.18242669637314976,34.84093257565335,0.0
2026-07-29T07:04:00.847975+00:00,0,NONE,0.0,0.0,260.3,0,0.11588242162019015,22.13191226197486,0.0
2026-07-29T07:04:00.881190+00:00,0,NONE,0.0,0.0,260.3,0,0.09987165672704577,19.07408141146353,0.0
2026-07-29T07:04:00.914639+00:00,0,NONE,0.0,0.0,260.3,0,0.1198441182076931,22.88854057589253,0.0
2026-07-29T07:04:01.014570+00:00,0,NONE,0.0,0.0,260.3,0,0.11119957260787487,21.23755398029929,0.0
2026-07-29T07:04:01.064581+00:00,0,NONE,0.0,0.0,260.3,0,0.12268598152324557,23.431296489006566,0.0
2026-07-29T07:04:01.131480+00:00,0,NONE,0.0,0.0,260.3,0,0.09746036424301564,18.613558469775057,0.0
2026-07-29T07:04:01.214653+00:00,0,NONE,0.0,0.0,260.3,0,0.056074113794602455,10.7093668678901,0.0
2026-07-29T07:04:01.231393+00:00,0,NONE,0.0,0.0,260.3,0,0.060188196804374455,11.495098844644815,0.0
2026-07-29T07:04:01.264515+00:00,0,NONE,0.0,0.0,260.3,0,0.06828816397115588,13.042078620815197,0.0
2026-07-29T07:04:01.314571+00:00,0,NONE,0.0,0.0,260.3,0,-0.051517829075455664,-9.839180585666565,0.0
2026-07-29T07:04:01.347814+00:00,0,NONE,0.0,0.0,260.3,0,0.06956031754612922,13.285042056610038,0.0
2026-07-29T07:04:01.414633+00:00,0,NONE,0.0,0.0,260.3,0,-0.044957960098981856,-8.58633789729739,0.0
2026-07-29T07:04:01.514752+00:00,0,NONE,0.0,0.0,260.3,0,0.06701182425022126,12.798315690033668,0.0
2026-07-29T07:04:01.531837+00:00,0,NONE,0.0,0.0,260.3,0,0.016254464238882063,3.104373997114227,0.0
2026-07-29T07:04:01.581342+00:00,0,NONE,0.0,0.0,260.3,0,0.029529479816555976,5.639715215684686,0.0
2026-07-29T07:04:01.648053+00:00,0,NONE,0.0,0.0,260.3,0,-0.05659925343468785,-10.809661151329808,0.0
2026-07-29T07:04:01.781408+00:00,0,NONE,0.0,0.0,260.3,0,-0.029473157282918692,-5.628958404121686,0.0
2026-07-29T07:04:01.797989+00:00,0,NONE,0.0,0.0,260.3,0,0.04788402304053307,9.145174754432455,0.0
2026-07-29T07:04:01.864756+00:00,0,NONE,0.0,0.0,260.3,0,0.07408963944762945,14.15007881998381,0.0
2026-07-29T07:04:01.947962+00:00,0,NONE,0.0,0.0,260.3,0,-0.06645492475479842,-12.691955721031354,0.0
2026-07-29T07:04:01.964797+00:00,0,NONE,0.0,0.0,260.3,0,0.13037110998295248,24.899047908196838,0.0
2026-07-29T07:04:01.898010+00:00,0,NONE,0.0,0.0,260.3,0,0.002440095506608486,0.46602391379167574,0.0
2026-07-29T07:04:01.848135+00:00,0,NONE,0.0,0.0,260.3,0,-0.017156879846006633,-3.2767226826308065,0.0
2026-07-29T07:04:02.164880+00:00,1,RIGHT,917.66,277.66,260.3,1806,0.06858766486868262,13.099279078777405,4.0
2026-07-29T07:04:02.181417+00:00,1,NONE,0.0,0.0,260.3,0,0.058116909563541416,11.099512121114715,7.606
2026-07-29T07:04:02.248049+00:00,1,NONE,0.0,0.0,260.3,0,-0.012785860113799574,-2.4419194065512464,9.77
2026-07-29T07:04:02.364811+00:00,1,RIGHT,886.66,246.66,260.3,3888,-0.03412497399374843,-6.517389952784927,10.487
2026-07-29T07:04:02.381462+00:00,1,RIGHT,880.66,240.66,260.3,3184,-0.08281267907703295,-15.816056670951085,10.805
2026-07-29T07:04:02.414848+00:00,1,RIGHT,885.66,245.66,260.3,4182,0.0758081841468811,14.478296680556141,11.089
2026-07-29T07:04:02.431467+00:00,1,RIGHT,889.66,249.66,260.3,4969,-0.11282911660149693,-21.54877395818408,11.335
2026-07-29T07:04:02.548254+00:00,1,NONE,0.0,0.0,260.3,0,-0.11282911660149693,-21.54877395818408,11.482
2026-07-29T07:04:02.564722+00:00,1,NONE,0.0,0.0,260.3,0,-0.023240643069148064,-4.438635870107174,11.57
2026-07-29T07:04:02.598283+00:00,1,NONE,0.0,0.0,260.3,0,0.04491697490215302,8.578510301294704,11.623
2026-07-29T07:04:02.698198+00:00,0,NONE,0.0,0.0,260.3,0,0.03662828182801604,6.995486531870157,7.623
2026-07-29T07:04:02.714784+00:00,0,NONE,0.0,0.0,260.3,0,0.03958785825874656,7.560723993960995,4.574
2026-07-29T07:04:02.814939+00:00,0,NONE,0.0,0.0,260.3,0,0.026963578816503287,5.149664222513299,2.744
2026-07-29T07:04:02.831542+00:00,0,NONE,0.0,0.0,260.3,0,-0.03675207804888487,-7.019129868455001,1.647
2026-07-29T07:04:02.848246+00:00,0,NONE,0.0,0.0,260.3,0,0.008063975344412028,1.5401058444412121,0.988
2026-07-29T07:04:02.881527+00:00,0,NONE,0.0,0.0,260.3,0,-0.02296720527112484,-4.386413097486902,0.593
2026-07-29T07:04:02.914972+00:00,0,NONE,0.0,0.0,260.3,0,-0.026807450298219918,-5.119845871982404,0.356
2026-07-29T07:04:02.998378+00:00,0,NONE,0.0,0.0,260.3,0,-0.03342193664517254,-6.383119709740041,0.213
2026-07-29T07:04:03.031541+00:00,0,NONE,0.0,0.0,260.3,0,-0.01940950716845691,-3.7069428106049935,0.128
2026-07-29T07:04:03.048373+00:00,0,NONE,0.0,0.0,260.3,0,0.03772731667384505,7.205386725882868,0.077
2026-07-29T07:04:03.181540+00:00,0,NONE,0.0,0.0,260.3,0,0.03772731667384505,7.205386725882868,0.046
2026-07-29T07:04:03.164978+00:00,0,NONE,0.0,0.0,260.3,0,-0.0007034743594704196,-0.1343537059777466,0.028
2026-07-29T07:04:03.231602+00:00,0,NONE,0.0,0.0,260.3,0,-0.006167182261124253,-1.1778450501678923,0.017
2026-07-29T07:04:03.248355+00:00,0,NONE,0.0,0.0,260.3,0,-0.011093829683959484,-2.1187653984261012,0.01
2026-07-29T07:04:03.381910+00:00,0,NONE,0.0,0.0,260.3,0,0.03767274224665016,7.194963778057497,0.006
2026-07-29T07:04:03.498382+00:00,0,NONE,0.0,0.0,260.3,0,0.08988479404943064,17.166731138116642,0.004
2026-07-29T07:04:03.365003+00:00,0,NONE,0.0,0.0,260.3,0,0.04533741544932127,8.65880853092441,0.002
2026-07-29T07:04:03.281560+00:00,0,NONE,0.0,0.0,260.3,0,-0.03861847197636962,-7.375584851634074,0.001
2026-07-29T07:04:03.564945+00:00,0,NONE,0.0,0.0,260.3,0,0.030001712404191493,5.72990499641821,0.001
2026-07-29T07:04:03.598346+00:00,0,NONE,0.0,0.0,260.3,0,0.00027697517769411165,0.05289836237252873,0.0
2026-07-29T07:04:03.681854+00:00,0,NONE,0.0,0.0,260.3,0,0.007401708364486694,1.4136221682392227,0.0
2026-07-29T07:04:03.764883+00:00,0,NONE,0.0,0.0,260.3,0,0.010833757678046823,2.0690953040651117,0.0
2026-07-29T07:04:03.781708+00:00,0,NONE,0.0,0.0,260.3,0,0.009281622716225684,1.7726593622416102,0.0
2026-07-29T07:04:03.664829+00:00,0,NONE,0.0,0.0,260.3,0,0.003530463986098766,0.6742689537546422,0.0
2026-07-29T07:04:03.631770+00:00,0,NONE,0.0,0.0,260.3,0,-0.023403300307691097,-4.469701114359736,0.0
2026-07-29T07:04:03.981943+00:00,0,NONE,0.0,0.0,260.3,0,0.004976583067327738,0.9504573538471632,0.0
2026-07-29T07:04:04.048403+00:00,0,NONE,0.0,0.0,260.3,0,0.004976583067327738,0.9504573538471632,0.0
2026-07-29T07:04:04.065042+00:00,0,NONE,0.0,0.0,260.3,0,-0.027654298208653928,-5.281581909173544,0.0
2026-07-29T07:04:04.115141+00:00,0,NONE,0.0,0.0,260.3,0,-0.011882582404650748,-2.269406071676336,0.0
2026-07-29T07:04:03.948373+00:00,0,NONE,0.0,0.0,260.3,0,-0.015428051929920913,-2.9465408723104427,0.0
2026-07-29T07:04:04.315178+00:00,0,NONE,0.0,0.0,260.3,0,-0.036647413820028306,-6.999140473190093,0.0
2026-07-29T07:04:04.348448+00:00,0,NONE,0.0,0.0,260.3,0,-0.036647413820028306,-6.999140473190093,0.0
2026-07-29T07:04:04.381753+00:00,0,NONE,0.0,0.0,260.3,0,0.005269005615264177,1.0063059466178965,0.0
2026-07-29T07:04:04.482054+00:00,0,NONE,0.0,0.0,260.3,0,-0.007394370660185814,-1.4122207699467046,0.0
2026-07-29T07:04:04.548433+00:00,0,NONE,0.0,0.0,260.3,0,-0.011948113143444062,-2.2819215208804398,0.0
2026-07-29T07:04:04.431865+00:00,0,NONE,0.0,0.0,260.3,0,0.02350966803729534,4.490015854302109,0.0
2026-07-29T07:04:04.598463+00:00,0,NONE,0.0,0.0,260.3,0,-0.008868133760988712,-1.6936887888737688,0.0
2026-07-29T07:04:04.648444+00:00,0,NONE,0.0,0.0,260.3,0,0.037198960442037785,7.104478118676227,0.0
2026-07-29T07:04:04.715218+00:00,0,NONE,0.0,0.0,260.3,0,-0.008057348504662514,-1.5388402112773565,0.0
2026-07-29T07:04:04.815317+00:00,0,NONE,0.0,0.0,260.3,0,-0.041724861655384304,-7.968861578735874,0.0
2026-07-29T07:04:04.848493+00:00,0,NONE,0.0,0.0,260.3,0,0.039295303858816626,7.504850219314435,0.0
2026-07-29T07:04:04.881871+00:00,0,NONE,0.0,0.0,260.3,0,-0.016824115794152023,-3.2131694301476674,0.0
2026-07-29T07:04:04.915264+00:00,0,NONE,0.0,0.0,260.3,0,-0.029031141456216575,-5.544539599628296,0.0
2026-07-29T07:04:04.931958+00:00,0,NONE,0.0,0.0,260.3,0,-0.013784224931150675,-2.632593041379805,0.0
2026-07-29T07:04:05.081779+00:00,0,NONE,0.0,0.0,260.3,0,0.012824909836053848,2.4493773541390067,0.0
2026-07-29T07:04:05.115407+00:00,0,NONE,0.0,0.0,260.3,0,0.0007367459684610375,0.14070811522031967,0.0
2026-07-29T07:04:05.181823+00:00,0,NONE,0.0,0.0,260.3,0,0.0,0.0,0.0
2026-07-29T07:04:05.215317+00:00,0,NONE,0.0,0.0,260.3,0,0.03270823109894991,6.24681199102792,0.0
2026-07-29T07:04:05.248554+00:00,0,NONE,0.0,0.0,260.3,0,0.2269132972508669,43.33724749290727,0.0
2026-07-29T07:04:05.315140+00:00,0,NONE,0.0,0.0,260.3,0,0.050399509761482476,9.6255973295378,0.0
2026-07-29T07:04:05.331991+00:00,0,NONE,0.0,0.0,260.3,0,-0.02003826355561614,-3.827026435025384,0.0
2026-07-29T07:04:05.365354+00:00,0,NONE,0.0,0.0,260.3,0,-0.021358203031122684,-4.079116305556173,0.0
2026-07-29T07:04:05.481891+00:00,0,NONE,0.0,0.0,260.3,0,0.01128365121781826,2.155018640928793,0.0
2026-07-29T07:04:05.531945+00:00,0,NONE,0.0,0.0,260.3,0,0.0895198730006814,17.097036351620577,0.0
2026-07-29T07:04:05.565264+00:00,0,NONE,0.0,0.0,260.3,0,-0.036418715808540586,-6.955462370385824,0.0
2026-07-29T07:04:05.632020+00:00,0,NONE,0.0,0.0,260.3,0,0.0024120179732562965,0.46066149992428157,0.0
2026-07-29T07:04:05.682041+00:00,0,NONE,0.0,0.0,260.3,0,0.007020638324320316,1.3408431515711754,0.0
2026-07-29T07:04:05.698535+00:00,0,NONE,0.0,0.0,260.3,0,-0.00573159102234058,-1.09465325158396,0.0
2026-07-29T07:04:05.715307+00:00,0,NONE,0.0,0.0,260.3,0,-0.028146763071417807,-5.3756357698230754,0.0
2026-07-29T07:04:05.798648+00:00,0,NONE,0.0,0.0,260.3,0,0.06192420108243823,11.826651239143848,0.0
2026-07-29T07:04:05.781966+00:00,0,NONE,0.0,0.0,260.3,0,-0.12883696481585502,-24.60604776407991,0.0
2026-07-29T07:04:05.898560+00:00,0,NONE,0.0,0.0,260.3,0,0.23914373163075653,45.673088398171856,0.0
2026-07-29T07:04:05.915365+00:00,0,NONE,0.0,0.0,260.3,0,-1.5424749690294266,-294.59101909986174,0.0
2026-07-29T07:04:06.048857+00:00,0,NONE,0.0,0.0,260.3,0,-0.050295031070709206,-9.6056433694366,0.0
2026-07-29T07:04:06.065351+00:00,0,NONE,0.0,0.0,260.3,0,-8.173887264579534,-1561.0974749204686,0.0
2026-07-29T07:04:05.965197+00:00,0,NONE,0.0,0.0,260.3,0,0.5061329820752144,96.66427915093443,0.0
2026-07-29T07:04:06.098747+00:00,0,NONE,0.0,0.0,260.3,0,0.741685664653778,141.65152770005596,0.0
2026-07-29T07:04:06.315372+00:00,1,LEFT,849.34,209.34,260.3,1953,-0.09152483820915225,-17.479956500007066,3.925
2026-07-29T07:04:06.332106+00:00,1,LEFT,876.34,236.34,260.3,1656,-0.0931799775362015,-17.796064826493883,6.786
2026-07-29T07:04:06.365417+00:00,1,NONE,0.0,0.0,260.3,0,-0.11697483867406845,-22.340548550826004,8.503
2026-07-29T07:04:06.415413+00:00,1,NONE,0.0,0.0,260.3,0,-0.6318760951980948,-120.6794447668582,9.533
2026-07-29T07:04:06.298719+00:00,1,LEFT,835.34,195.34,260.3,1625,0.0,0.0,9.382
2026-07-29T07:04:06.532017+00:00,1,NONE,0.0,0.0,260.3,0,0.0,0.0,9.292
2026-07-29T07:04:06.666304+00:00,1,LEFT,887.34,247.34,260.3,7567,0.00804908633232121,1.5372622525948016,10.213
2026-07-29T07:04:06.682073+00:00,1,NONE,0.0,0.0,260.3,0,6.492509818971157,1239.9780369143114,10.765
2026-07-29T07:04:06.715518+00:00,1,NONE,0.0,0.0,260.3,0,3.9833092395961285,760.7560264144113,11.097
2026-07-29T07:04:06.698884+00:00,1,NONE,0.0,0.0,260.3,0,0.0,0.0,11.296
2026-07-29T07:04:06.832150+00:00,0,NONE,0.0,0.0,260.3,0,2.020742321014404,385.9333549253184,7.296
2026-07-29T07:04:06.932209+00:00,0,NONE,0.0,0.0,260.3,0,4.294077342748642,820.1083621408287,4.377
2026-07-29T07:04:06.998846+00:00,0,NONE,0.0,0.0,260.3,0,4.294077342748642,820.1083621408287,2.626
2026-07-29T07:04:07.032197+00:00,0,NONE,0.0,0.0,260.3,0,4.294077342748642,820.1083621408287,1.576
2026-07-29T07:04:07.048846+00:00,0,NONE,0.0,0.0,260.3,0,2.020742321014404,385.9333549253184,0.946
2026-07-29T07:04:07.098785+00:00,0,NONE,0.0,0.0,260.3,0,4.294077342748642,820.1083621408287,0.567
2026-07-29T07:04:07.148805+00:00,0,NONE,0.0,0.0,260.3,0,4.294077342748642,820.1083621408287,0.34
2026-07-29T07:04:07.215598+00:00,0,NONE,0.0,0.0,260.3,0,4.294077342748642,820.1083621408287,0.204
2026-07-29T07:04:07.232397+00:00,0,NONE,0.0,0.0,260.3,0,4.041484642028808,771.8667098506368,0.123
2026-07-29T07:04:07.299016+00:00,0,NONE,0.0,0.0,260.3,0,4.041484642028808,771.8667098506368,0.074
2026-07-29T07:04:07.349080+00:00,0,NONE,0.0,0.0,260.3,0,2.147038671374321,410.05418107041436,0.044
2026-07-29T07:04:07.433674+00:00,0,NONE,0.0,0.0,260.3,0,2.020742321014404,385.9333549253184,0.026
2026-07-29T07:04:07.499022+00:00,0,NONE,0.0,0.0,260.3,0,2.081977125406265,397.62834109519434,0.016
2026-07-29T07:04:07.315428+00:00,0,NONE,0.0,0.0,260.3,0,4.041484642028808,771.8667098506368,0.01
2026-07-29T07:04:07.615768+00:00,0,NONE,0.0,0.0,260.3,0,1.3741048261523248,262.43469049028636,0.006
2026-07-29T07:04:07.632313+00:00,0,NONE,0.0,0.0,260.3,0,4.041484642028808,771.8667098506368,0.003
2026-07-29T07:04:07.682305+00:00,0,NONE,0.0,0.0,260.3,0,4.294077342748642,820.1083621408287,0.002
2026-07-29T07:04:07.715639+00:00,0,NONE,0.0,0.0,260.3,0,2.081977125406265,397.62834109519434,0.001
2026-07-29T07:04:07.782271+00:00,0,NONE,0.0,0.0,260.3,0,4.294077342748642,820.1083621408287,0.001
2026-07-29T07:04:07.799164+00:00,0,NONE,0.0,0.0,260.3,0,4.041484642028808,771.8667098506368,0.0
2026-07-29T07:04:07.932317+00:00,0,NONE,0.0,0.0,260.3,0,4.294077342748642,820.1083621408287,0.0
2026-07-29T07:04:07.949030+00:00,0,NONE,0.0,0.0,260.3,0,2.020742321014404,385.9333549253184,0.0
2026-07-29T07:04:07.982432+00:00,0,NONE,0.0,0.0,260.3,0,0.0,0.0,0.0
2026-07-29T07:04:08.065565+00:00,0,NONE,0.0,0.0,260.3,0,0.0,0.0,0.0
2026-07-29T07:04:08.082485+00:00,0,NONE,0.0,0.0,260.3,0,0.0,0.0,0.0
2026-07-29T07:04:08.132523+00:00,0,NONE,0.0,0.0,260.3,0,0.0,0.0,0.0
2026-07-29T07:04:08.215673+00:00,0,NONE,0.0,0.0,260.3,0,0.0,0.0,0.0
2026-07-29T07:04:08.232466+00:00,0,NONE,0.0,0.0,260.3,0,0.0,0.0,0.0
2026-07-29T07:04:08.282474+00:00,0,NONE,0.0,0.0,260.3,0,0.0,0.0,0.0
2026-07-29T07:04:08.348939+00:00,0,NONE,0.0,0.0,260.3,0,0.0,0.0,0.0
2026-07-29T07:04:08.365700+00:00,0,NONE,0.0,0.0,260.3,0,0.0,0.0,0.0
2026-07-29T07:04:08.465713+00:00,0,NONE,0.0,0.0,260.3,0,0.0,0.0,0.0
2026-07-29T07:04:08.482453+00:00,0,NONE,0.0,0.0,260.3,0,0.0,0.0,0.0
2026-07-29T07:04:08.599190+00:00,0,NONE,0.0,0.0,260.3,0,0.0,0.0,0.0
2026-07-29T07:04:08.665735+00:00,0,NONE,0.0,0.0,260.3,0,0.0,0.0,0.0
2026-07-29T07:04:08.682472+00:00,0,NONE,0.0,0.0,260.3,0,0.0,0.0,0.0
2026-07-29T07:04:08.749125+00:00,0,NONE,0.0,0.0,260.3,0,0.0,0.0,0.0
2026-07-29T07:04:08.832501+00:00,0,NONE,0.0,0.0,260.3,0,0.0,0.0,0.0
2026-07-29T07:04:08.882414+00:00,0,NONE,0.0,0.0,260.3,0,0.0,0.0,0.0
2026-07-29T07:04:08.899105+00:00,0,NONE,0.0,0.0,260.3,0,0.0,0.0,0.0
2026-07-29T07:04:08.949445+00:00,0,NONE,0.0,0.0,260.3,0,0.0,0.0,0.0
2026-07-29T07:04:08.999220+00:00,0,NONE,0.0,0.0,260.3,0,0.0,0.0,0.0
2026-07-29T07:04:09.032388+00:00,0,NONE,0.0,0.0,260.3,0,0.0,0.0,0.0
2026-07-29T07:04:09.165897+00:00,0,NONE,0.0,0.0,260.3,0,0.0,0.0,0.0
2026-07-29T07:04:09.015904+00:00,0,NONE,0.0,0.0,260.3,0,0.0,0.0,0.0
2026-07-29T07:04:08.932437+00:00,0,NONE,0.0,0.0,260.3,0,0.0,0.0,0.0
2026-07-29T07:04:09.199168+00:00,0,NONE,0.0,0.0,260.3,0,0.0,0.0,0.0
2026-07-29T07:04:09.282700+00:00,0,NONE,0.0,0.0,260.3,0,0.0,0.0,0.0
2026-07-29T07:04:09.365884+00:00,0,NONE,0.0,0.0,260.3,0,0.0,0.0,0.0
2026-07-29T07:04:09.382550+00:00,0,NONE,0.0,0.0,260.3,0,0.0,0.0,0.0
2026-07-29T07:04:09.465936+00:00,0,NONE,0.0,0.0,260.3,0,0.0,0.0,0.0
2026-07-29T07:04:09.515940+00:00,0,NONE,0.0,0.0,260.3,0,0.0,0.0,0.0
2026-07-29T07:04:09.582716+00:00,0,NONE,0.0,0.0,260.3,0,0.0,0.0,0.0
2026-07-29T07:04:09.615891+00:00,0,NONE,0.0,0.0,260.3,0,-0.021470353454351415,-4.1005354586282134,0.0
2026-07-29T07:04:09.715962+00:00,0,NONE,0.0,0.0,260.3,0,-0.7368777153640985,-140.73327702535076,0.0
2026-07-29T07:04:09.649435+00:00,0,NONE,0.0,0.0,260.3,0,-0.5494854797422886,-104.9439963098481,0.0
2026-07-29T07:04:09.782689+00:00,0,NONE,0.0,0.0,260.3,0,-0.9759774070978164,-186.39795442275425,0.0
2026-07-29T07:04:09.882570+00:00,0,NONE,0.0,0.0,260.3,0,-0.4872865128517151,-93.06486866683542,0.0
2026-07-29T07:04:09.916049+00:00,0,NONE,0.0,0.0,260.3,0,0.09345456808805466,17.848507758878398,0.0
2026-07-29T07:04:10.032609+00:00,0,NONE,0.0,0.0,260.3,0,1.0498365265130998,200.50400715958256,0.0
2026-07-29T07:04:10.066326+00:00,0,NONE,0.0,0.0,260.3,0,0.20607777893543244,39.35795661476753,0.0
2026-07-29T07:04:10.116053+00:00,0,NONE,0.0,0.0,260.3,0,-0.12693190887570382,-24.242208880389946,0.0
2026-07-29T07:04:10.166017+00:00,0,NONE,0.0,0.0,260.3,0,0.23158749021589756,44.22995259132725,0.0
2026-07-29T07:04:10.149359+00:00,0,NONE,0.0,0.0,260.3,0,0.263625405356288,50.34874366446943,0.0
2026-07-29T07:04:10.099414+00:00,0,NONE,0.0,0.0,260.3,0,0.09889337427914142,18.887243226674713,0.0
2026-07-29T07:04:10.316067+00:00,0,NONE,0.0,0.0,260.3,0,0.7800809562206268,148.98448823323818,0.0
2026-07-29T07:04:10.432837+00:00,0,NONE,0.0,0.0,260.3,0,0.6629626289010048,126.61653536975129,0.0
2026-07-29T07:04:10.482820+00:00,0,NONE,0.0,0.0,260.3,0,-0.7754039382003248,-148.09124358900507,0.0
2026-07-29T07:04:10.532812+00:00,0,NONE,0.0,0.0,260.3,0,0.1896747475862503,36.22520838967114,0.0
2026-07-29T07:04:10.616080+00:00,0,NONE,0.0,0.0,260.3,0,1.026382158100605,196.0245527556462,0.0
2026-07-29T07:04:10.599535+00:00,0,NONE,0.0,0.0,260.3,0,0.11202546566724776,21.395287935736672,0.0
2026-07-29T07:04:10.549386+00:00,0,NONE,0.0,0.0,260.3,0,1.1638075363636018,222.27086666384156,0.0
2026-07-29T07:04:10.784414+00:00,1,RIGHT,968.66,328.66,260.3,2261,0.8099124097824096,154.6818761860071,4.0
2026-07-29T07:04:10.882868+00:00,1,RIGHT,539.66,-100.34,260.3,29569,0.9756542181968688,186.33622988938833,0.519
2026-07-29T07:04:10.899461+00:00,1,BOTH,435.5,-204.5,270.2,51396,3.435610074847937,656.1531911380388,-3.481
2026-07-29T07:04:10.966100+00:00,1,BOTH,505.0,-135.0,290.9,80041,2.014220856130123,384.68784687827815,-4.62
2026-07-29T07:04:11.032874+00:00,1,LEFT,317.93,-322.07,290.9,6480,1.080557483136654,206.371277683363,-8.62
2026-07-29T07:04:11.182912+00:00,1,RIGHT,489.07,-150.93,290.9,56516,0.7847580786701291,149.87775282197944,-8.002
2026-07-29T07:04:11.199430+00:00,1,RIGHT,416.07,-223.93,290.9,60550,0.7699577209353448,147.05109271035627,-9.0
2026-07-29T07:04:11.249542+00:00,1,RIGHT,251.07,-388.93,290.9,62400,0.0,0.0,-12.693
2026-07-29T07:04:11.382808+00:00,1,RIGHT,247.07,-392.93,290.9,42712,0.0,0.0,-14.983
2026-07-29T07:04:11.466190+00:00,1,NONE,0.0,0.0,290.9,0,0.8042144119739533,153.59363876567593,-16.357
2026-07-29T07:04:11.549623+00:00,1,LEFT,500.93,-139.07,290.9,24003,0.8499197973683477,162.3227243794015,-12.422
2026-07-29T07:04:11.566313+00:00,1,LEFT,506.93,-133.07,290.9,23457,0.5477257233858108,104.60790760252311,-9.948
2026-07-29T07:04:11.633399+00:00,1,LEFT,555.93,-84.07,290.9,21106,1.1532340568676591,220.25148083088945,-7.545
2026-07-29T07:04:11.649605+00:00,1,LEFT,561.93,-78.07,290.9,20456,1.0321632075309752,197.12865186736863,-5.991
2026-07-29T07:04:11.782912+00:00,1,LEFT,567.93,-72.07,290.9,16844,2.027190897166729,387.1649422499748,-4.946
2026-07-29T07:04:11.799529+00:00,1,LEFT,582.93,-57.07,290.9,16185,-0.1845933296345174,-35.25472904775012,-4.037
2026-07-29T07:04:11.849552+00:00,1,LEFT,615.93,-24.07,290.9,15086,0.9098468382656575,173.76794611981396,-2.874
2026-07-29T07:04:11.866410+00:00,1,LEFT,598.93,-41.07,290.9,15347,1.4150992995500564,270.2640581871242,-2.494
2026-07-29T07:04:11.916351+00:00,1,LEFT,503.93,-136.07,290.9,15378,1.273763029128313,243.27081889617227,-4.048
2026-07-29T07:04:11.982915+00:00,1,LEFT,395.93,-244.07,290.9,15582,0.08072857342660428,15.418021811521319,-7.005
2026-07-29T07:04:12.066163+00:00,1,LEFT,376.93,-263.07,290.9,16769,1.007970307804644,192.50814837236203,-9.135
2026-07-29T07:04:12.149915+00:00,1,LEFT,313.93,-326.07,290.9,13656,1.3406513548642396,256.0455481073885,-11.595
2026-07-29T07:04:12.199693+00:00,1,LEFT,300.93,-339.07,290.9,3881,0.6364000706374645,121.5434604311806,-13.314
2026-07-29T07:04:12.216192+00:00,1,LEFT,302.93,-337.07,290.9,4849,1.3406887547671795,256.0526909626974,-14.309
2026-07-29T07:04:12.266514+00:00,1,LEFT,308.93,-331.07,290.9,12046,0.9067307138442993,173.1728101938757,-14.793
2026-07-29T07:04:12.316353+00:00,1,LEFT,307.93,-332.07,290.9,10913,0.8263872772455215,157.82834409825278,-15.102
2026-07-29T07:04:12.416348+00:00,1,NONE,0.0,0.0,290.9,0,0.4430786466598511,84.62178815325912,-15.287
2026-07-29T07:04:12.516349+00:00,1,RIGHT,975.07,335.07,290.9,1021,0.4430786466598511,84.62178815325912,-11.287
2026-07-29T07:04:12.583028+00:00,1,RIGHT,937.07,297.07,290.9,2275,0.20876923935487868,39.87198769063679,-7.287
2026-07-29T07:04:12.599695+00:00,1,RIGHT,934.07,294.07,290.9,4898,0.7491719356179237,143.08130013517888,-3.287
2026-07-29T07:04:12.617788+00:00,1,BOTH,618.0,-22.0,290.9,4513,0.39824584165588023,76.0593531183907,-2.385
2026-07-29T07:04:12.749685+00:00,1,RIGHT,881.07,241.07,290.9,4682,0.49560403857380153,94.65339906639227,1.615
2026-07-29T07:04:12.799698+00:00,1,RIGHT,842.07,202.07,290.9,5656,0.687460800409317,131.2953414804644,4.758
2026-07-29T07:04:12.816777+00:00,1,RIGHT,838.07,198.07,290.9,6384,0.17854528834111988,34.09963824630837,6.568
2026-07-29T07:04:12.699800+00:00,1,RIGHT,937.07,297.07,290.9,4349,0.5521718397736549,105.45705328334783,9.511
2026-07-29T07:04:12.949793+00:00,1,RIGHT,787.07,147.07,290.9,7967,0.7001158438250422,133.71227673805063,8.464
2026-07-29T07:04:12.966372+00:00,1,RIGHT,795.07,155.07,290.9,8521,0.3462940488755703,66.1372915702241,7.986
2026-07-29T07:04:13.066416+00:00,1,RIGHT,837.07,197.07,290.9,7901,0.5256474228948355,100.39126281267478,8.487
2026-07-29T07:04:13.099754+00:00,1,RIGHT,832.07,192.07,290.9,8342,0.5256474228948355,100.39126281267478,8.693
2026-07-29T07:04:13.149781+00:00,1,RIGHT,775.07,135.07,290.9,7767,0.5256474228948355,100.39126281267478,7.748
2026-07-29T07:04:13.249847+00:00,1,RIGHT,761.07,121.07,290.9,8609,0.5256474228948355,100.39126281267478,6.919
2026-07-29T07:04:13.266382+00:00,1,RIGHT,758.07,118.07,290.9,8828,0.26234220057725904,50.10366960417151,6.365
2026-07-29T07:04:13.283383+00:00,1,RIGHT,753.07,113.07,290.9,8982,0.28659023679792883,54.73470339392061,5.939
2026-07-29T07:04:13.399812+00:00,1,RIGHT,683.07,43.07,290.9,9225,0.4277542741596699,81.69504859343671,4.371
2026-07-29T07:04:13.416562+00:00,1,RIGHT,671.07,31.07,290.9,9209,-0.05930422447621822,-11.326272565945796,3.205
2026-07-29T07:04:13.433064+00:00,1,RIGHT,658.07,18.07,290.9,9036,0.23767414271831513,45.39241759049815,2.262
2026-07-29T07:04:13.349842+00:00,1,RIGHT,722.07,82.07,290.9,9560,0.15194378878921272,29.01912606949694,2.896
2026-07-29T07:04:13.516589+00:00,1,RIGHT,632.07,-7.93,290.9,9200,0.08510974742472172,16.254764409536605,1.589
2026-07-29T07:04:13.699910+00:00,1,BOTH,538.5,-101.5,312.8,27250,0.1164774807728827,22.245560188674574,-0.95
2026-07-29T07:04:13.566631+00:00,1,BOTH,463.5,-176.5,342.0,12676,0.05417029038071633,10.345763379377225,-3.879
2026-07-29T07:04:13.716582+00:00,1,BOTH,536.0,-104.0,353.8,27613,-0.32342246532440183,-61.7691408760148,-4.278
2026-07-29T07:04:13.849717+00:00,1,BOTH,458.0,-182.0,367.8,31175,-0.15160189347341657,-28.953828874062232,-5.979
2026-07-29T07:04:13.916617+00:00,1,BOTH,442.5,-197.5,380.0,18745,0.286150289773941,54.65067970164113,-7.291
2026-07-29T07:04:13.816613+00:00,1,BOTH,470.0,-170.0,388.4,33312,0.0496699589677155,9.486263391460243,-7.562
2026-07-29T07:04:13.799772+00:00,1,BOTH,480.5,-159.5,394.0,32975,0.21087442040443422,40.27404765480497,-7.528
2026-07-29T07:04:14.116650+00:00,1,BOTH,468.0,-172.0,403.0,26942,-0.07007815927267075,-13.38394254123203,-7.742
2026-07-29T07:04:14.099905+00:00,1,BOTH,471.0,-169.0,410.8,26704,0.07864902168512344,15.020856684634875,-7.814
2026-07-29T07:04:14.216504+00:00,1,BOTH,468.0,-172.0,410.6,32509,0.10346064992249011,19.759528620797305,-7.913
2026-07-29T07:04:14.283394+00:00,1,BOTH,493.5,-146.5,406.4,28198,0.010322899408638477,1.9715285615102605,-7.495
2026-07-29T07:04:14.349920+00:00,1,BOTH,493.0,-147.0,400.9,26299,-0.13465833120048046,-25.717846846874473,-7.253
2026-07-29T07:04:14.366516+00:00,1,BOTH,485.5,-154.5,397.0,26913,-0.0837805999815464,-16.000915946721438,-7.249
2026-07-29T07:04:14.450042+00:00,1,BOTH,437.0,-203.0,401.8,19917,-0.057337023168802265,-10.950564791387292,-8.156
2026-07-29T07:04:14.466550+00:00,1,BOTH,429.5,-210.5,406.6,11400,-0.057337023168802265,-10.950564791387292,-8.84
2026-07-29T07:04:14.400105+00:00,1,BOTH,461.0,-179.0,405.3,29895,-0.057337023168802265,-10.950564791387292,-8.66
2026-07-29T07:04:14.550077+00:00,1,RIGHT,461.75,-178.25,405.3,8977,-0.07159936882555484,-13.674472165016168,-8.538
2026-07-29T07:04:14.650101+00:00,1,RIGHT,493.75,-146.25,405.3,8728,0.0065760250482708215,1.255928270794105,-7.865
2026-07-29T07:04:14.666669+00:00,1,RIGHT,496.75,-143.25,405.3,8691,-0.014312842115759849,-2.73355148690045,-7.405
2026-07-29T07:04:14.683328+00:00,1,RIGHT,500.75,-139.25,405.3,8670,-0.14984862910583616,-28.61898004528546,-7.054
2026-07-29T07:04:14.733395+00:00,1,RIGHT,513.75,-126.25,405.3,8853,0.036082823351025584,6.891311636432867,-6.6
2026-07-29T07:04:14.866804+00:00,1,RIGHT,532.75,-107.25,405.3,8900,0.012907174192368984,2.465088688876399,-5.971
2026-07-29T07:04:14.883278+00:00,1,RIGHT,535.75,-104.25,405.3,8816,-0.08295418489724397,-15.843082291866516,-5.537
2026-07-29T07:04:14.916713+00:00,1,RIGHT,537.75,-102.25,405.3,8839,0.004451091885566709,0.8500959308930001,-5.24
2026-07-29T07:04:14.933406+00:00,1,RIGHT,540.75,-99.25,405.3,8896,0.04890851840376854,9.340838955912837,-5.005
2026-07-29T07:04:14.983436+00:00,1,RIGHT,540.75,-99.25,405.3,8797,0.07424470845609904,14.179694819045764,-4.864
2026-07-29T07:04:15.116594+00:00,1,BOTH,502.0,-138.0,422.8,13660,-0.05834293704479933,-11.142680190214884,-5.506
2026-07-29T07:04:15.216646+00:00,1,BOTH,501.0,-139.0,435.6,17491,0.08538161627948285,16.306687536066164,-5.91
2026-07-29T07:04:15.233489+00:00,1,BOTH,501.0,-139.0,446.1,16876,0.04916192037053406,9.389235166632766,-6.152
2026-07-29T07:04:15.266619+00:00,1,BOTH,503.5,-136.5,455.2,15494,-0.018677638173103334,-3.567166128637528,-6.251
2026-07-29T07:04:15.383495+00:00,1,BOTH,490.0,-150.0,461.8,10348,-0.06594599980860949,-12.594758216012861,-6.563
2026-07-29T07:04:15.400159+00:00,1,RIGHT,519.25,-120.75,461.8,9229,0.029240800831466914,5.584581590752275,-6.202
2026-07-29T07:04:15.450144+00:00,1,BOTH,493.0,-147.0,467.6,10032,-0.030776056088507177,-5.877793746431206,-6.477
2026-07-29T07:04:15.483560+00:00,1,BOTH,494.0,-146.0,471.9,11567,-0.07850173283368349,-14.99272658611208,-6.624
2026-07-29T07:04:15.516736+00:00,1,BOTH,493.0,-147.0,475.1,11337,-0.04551590315997601,-8.692897172642642,-6.731
2026-07-29T07:04:15.500160+00:00,1,BOTH,493.0,-147.0,477.7,11455,0.016897602640092373,3.2272043838880347,-6.795
2026-07-29T07:04:15.433500+00:00,1,RIGHT,506.32,-133.68,477.7,9083,0.0320255509391427,6.116429684647022,-6.583
2026-07-29T07:04:15.683519+00:00,1,RIGHT,500.32,-139.68,477.7,9173,-0.03231534695252776,-6.171776646269291,-6.569
2026-07-29T07:04:15.716816+00:00,1,RIGHT,501.32,-138.68,477.7,9047,0.010735116116702557,2.050256153566421,-6.542
2026-07-29T07:04:15.800030+00:00,1,RIGHT,492.32,-147.68,477.7,9102,0.01957471007015556,3.738494240707151,-6.694
2026-07-29T07:04:15.833412+00:00,1,RIGHT,486.32,-153.68,477.7,9071,-0.012004006430506706,-2.292596352386449,-6.898
2026-07-29T07:04:15.766880+00:00,1,RIGHT,498.32,-141.68,477.7,9046,0.006769156213849783,1.2928136063944944,-6.795
2026-07-29T07:04:16.016993+00:00,1,RIGHT,469.32,-170.68,477.7,9034,-0.007937500597909092,-1.5159509471425283,-7.278
2026-07-29T07:04:16.000210+00:00,1,RIGHT,468.32,-171.68,477.7,8979,0.04880139883607626,9.320380625472726,-7.586
2026-07-29T07:04:16.100842+00:00,1,RIGHT,462.32,-177.68,477.7,8911,0.0009434790350496772,0.18019122255807327,-7.883
2026-07-29T07:04:16.233648+00:00,1,RIGHT,453.32,-186.68,477.7,9036,0.04014787378255278,7.667679080547341,-8.23
2026-07-29T07:04:16.300151+00:00,1,RIGHT,451.32,-188.68,477.7,9131,-0.05817464515566826,-11.110538806969904,-8.476
2026-07-29T07:04:16.066990+00:00,1,RIGHT,464.32,-175.68,477.7,8848,0.06436633057892323,12.29306361638718,-8.38
2026-07-29T07:04:16.433643+00:00,1,RIGHT,452.32,-187.68,477.7,9045,-0.09781336454674601,-18.68097656167701,-8.547
2026-07-29T07:04:16.366977+00:00,1,RIGHT,449.32,-190.68,477.7,9032,-0.040378130972385406,-7.711654964480516,-8.703
2026-07-29T07:04:16.466990+00:00,1,RIGHT,446.32,-193.68,477.7,8910,-0.0316900048032403,-6.0523450932499205,-8.854
2026-07-29T07:04:16.617001+00:00,1,RIGHT,448.32,-191.68,477.7,8968,0.016042192350141704,3.06383305266725,-8.906
2026-07-29T07:04:16.650452+00:00,1,RIGHT,451.32,-188.68,477.7,9039,-0.0903301941906102,-17.251796299063706,-8.882
2026-07-29T07:04:16.700399+00:00,1,RIGHT,451.32,-188.68,477.7,9106,0.012248577289283274,2.3393059457190732,-8.867
2026-07-29T07:04:16.716853+00:00,1,RIGHT,450.32,-189.68,477.7,9080,0.0,0.0,-8.877
2026-07-29T07:04:16.733593+00:00,1,RIGHT,449.32,-190.68,477.7,9015,0.0545608988776803,10.420364107103838,-8.901
2026-07-29T07:04:16.766886+00:00,1,RIGHT,452.32,-187.68,477.7,9075,0.028405510056763887,5.42505280389662,-8.86
2026-07-29T07:04:16.750437+00:00,1,RIGHT,450.32,-189.68,477.7,9042,-0.008202948085963726,-1.5666476829687943,-8.873
2026-07-29T07:04:16.917013+00:00,1,RIGHT,461.32,-178.68,477.7,8985,0.02646000056527555,5.053487861013538,-8.674
2026-07-29T07:04:16.933743+00:00,1,RIGHT,460.32,-179.68,477.7,8961,0.041218429412692784,7.87214014501731,-8.573
2026-07-29T07:04:16.967023+00:00,1,RIGHT,461.32,-178.68,477.7,9064,0.006274095447733998,1.198263964724669,-8.494
2026-07-29T07:04:17.050400+00:00,1,RIGHT,459.32,-180.68,477.7,9102,0.015555455527501181,2.970873167097551,-8.484
2026-07-29T07:04:17.017112+00:00,1,RIGHT,459.32,-180.68,477.7,9079,0.018513287845999003,3.535777528288619,-8.479
2026-07-29T07:04:16.983876+00:00,1,RIGHT,459.32,-180.68,477.7,9052,0.04892739351838827,9.344443837264624,-8.475
2026-07-29T07:04:17.300333+00:00,1,RIGHT,449.32,-190.68,477.7,8946,-0.011345574865117669,-2.166845186403169,-8.66
2026-07-29T07:04:17.383874+00:00,1,RIGHT,444.32,-195.68,477.7,8941,0.00296049268450588,0.5654124536718069,-8.865
2026-07-29T07:04:17.416970+00:00,1,RIGHT,443.32,-196.68,477.7,9060,0.032557925912551584,6.218105814962751,-9.007
2026-07-29T07:04:17.533896+00:00,1,RIGHT,449.32,-190.68,477.7,9040,0.09695104990154504,18.516286595735888,-8.98
2026-07-29T07:04:17.633834+00:00,1,RIGHT,447.32,-192.68,477.7,9035,-0.004376735175028443,-0.835894845251938,-9.001
2026-07-29T07:04:17.516932+00:00,1,RIGHT,447.32,-192.68,477.7,8943,0.026127187265083195,4.98992520279073,-9.013
2026-07-29T07:04:17.733891+00:00,1,RIGHT,444.32,-195.68,477.7,8919,0.005202811288181692,0.9936637613861133,-9.077
2026-07-29T07:04:17.750453+00:00,1,RIGHT,444.32,-195.68,477.7,8961,0.021157265789806843,4.040740119308175,-9.115
2026-07-29T07:04:17.767114+00:00,1,RIGHT,444.32,-195.68,477.7,8999,-0.011175686195492744,-2.1343988405478336,-9.138
2026-07-29T07:04:17.883883+00:00,1,RIGHT,446.32,-193.68,477.7,8999,-0.028271789639256896,-5.3995140853703605,-9.115
2026-07-29T07:04:17.700366+00:00,1,RIGHT,444.32,-195.68,477.7,8952,0.03772607047110796,7.2051487186920244,-9.138
2026-07-29T07:04:17.900609+00:00,1,RIGHT,447.32,-192.68,477.7,9029,0.009278755327686669,1.772111731369911,-9.096
2026-07-29T07:04:17.967127+00:00,1,RIGHT,444.32,-195.68,477.7,9012,0.039283112548291685,7.502521850515059,-9.126
2026-07-29T07:04:18.133873+00:00,1,RIGHT,445.32,-194.68,477.7,8883,0.051282201707363126,9.794179073234972,-9.126
2026-07-29T07:04:18.150529+00:00,1,RIGHT,447.32,-192.68,477.7,9019,-0.007406211713096127,-1.4144822444692113,-9.089
2026-07-29T07:04:18.233923+00:00,1,RIGHT,457.32,-182.68,477.7,9052,-0.013273714198730885,-2.535092673500517,-8.878
2026-07-29T07:04:18.200269+00:00,1,RIGHT,450.32,-189.68,477.7,9033,-0.039478589221835135,-7.539855145139381,-8.884
2026-07-29T07:04:18.283828+00:00,1,RIGHT,461.32,-178.68,477.7,9057,-0.025748628228902816,-4.917625752558477,-8.681
2026-07-29T07:04:18.383892+00:00,1,RIGHT,466.32,-173.68,477.7,9023,-0.009301301017403603,-1.7764176409265504,-8.465
2026-07-29T07:04:18.400666+00:00,1,RIGHT,466.32,-173.68,477.7,9029,0.05178340181708336,9.889901243163182,-8.336
2026-07-29T07:04:18.483938+00:00,1,RIGHT,486.32,-153.68,477.7,9164,0.02597227245569229,4.96033865358349,-7.883
2026-07-29T07:04:18.550534+00:00,1,RIGHT,513.32,-126.68,477.7,9010,-0.030602570064365862,-5.844660356471866,-7.105
2026-07-29T07:04:18.567302+00:00,1,RIGHT,519.32,-120.68,477.7,9131,0.008988228570669889,1.7166252079942967,-6.526
2026-07-29T07:04:18.600532+00:00,1,RIGHT,523.32,-116.68,477.7,8899,-0.00018966140807606284,-0.03622266073088943,-6.103
2026-07-29T07:04:18.733958+00:00,1,RIGHT,537.32,-102.68,477.7,8999,-0.006625910699367523,-1.2654557283477823,-5.587
2026-07-29T07:04:18.750572+00:00,1,RIGHT,538.32,-101.68,477.7,8959,0.02742636341135949,5.238049569543072,-5.259
2026-07-29T07:04:18.817353+00:00,1,RIGHT,541.32,-98.68,477.7,8963,0.010905172089114786,2.082734451900467,-5.006
2026-07-29T07:04:18.900698+00:00,1,RIGHT,551.32,-88.68,477.7,8995,-0.024111012015491724,-4.604864094256309,-4.666
2026-07-29T07:04:18.917281+00:00,1,RIGHT,551.32,-88.68,477.7,9109,0.053325280733406547,10.184378424581595,-4.463
2026-07-29T07:04:18.784086+00:00,1,RIGHT,541.32,-98.68,477.7,9154,0.002589771552011371,0.4946099327776551,-4.528
2026-07-29T07:04:19.100725+00:00,1,RIGHT,557.32,-82.68,477.7,9106,-0.0024982063891366125,-0.47712227483381625,-4.267
2026-07-29T07:04:19.069571+00:00,1,RIGHT,560.32,-79.68,477.7,9214,0.0,0.0,-4.054
2026-07-29T07:04:19.050715+00:00,1,RIGHT,559.32,-80.68,477.7,9172,0.016967047879006714,3.2404674475449324,-3.945
2026-07-29T07:04:19.167210+00:00,1,RIGHT,555.32,-84.68,477.7,8960,0.15854863740503788,30.28055923619562,-3.955
2026-07-29T07:04:19.200490+00:00,1,BOTH,908.0,268.0,441.3,15077,0.006199620696716011,1.1840403350126079,0.045
2026-07-29T07:04:19.283850+00:00,1,RIGHT,587.65,-52.35,441.3,9028,0.034009971804916855,6.495426152602209,-0.955
2026-07-29T07:04:19.317419+00:00,1,RIGHT,582.65,-57.35,441.3,9075,0.03714591664262116,7.094347499223191,-1.648
2026-07-29T07:04:19.350692+00:00,1,RIGHT,577.65,-62.35,441.3,8902,0.028854884132742883,5.510876930483913,-2.158
2026-07-29T07:04:19.334214+00:00,1,RIGHT,580.65,-59.35,441.3,8985,0.020963049419224264,4.003647524819073,-2.407
2026-07-29T07:04:19.584010+00:00,1,RIGHT,561.65,-78.35,441.3,9076,-0.0327486010780558,-6.254522089100584,-2.913
2026-07-29T07:04:19.617410+00:00,1,RIGHT,556.65,-83.35,441.3,8963,8.408815599977989e-05,0.016059654819416864,-3.311
2026-07-29T07:04:19.667891+00:00,1,RIGHT,556.65,-83.35,441.3,8918,0.0031131240259855983,0.5945628926325001,-3.549
2026-07-29T07:04:19.734123+00:00,1,RIGHT,556.65,-83.35,441.3,8938,-0.03194370042532682,-6.100797388004932,-3.692
2026-07-29T07:04:19.834060+00:00,1,RIGHT,554.65,-85.35,441.3,9002,0.04985636923462153,9.521865129965652,-3.816
2026-07-29T07:04:19.767313+00:00,1,RIGHT,556.65,-83.35,441.3,9082,0.0,0.0,-3.852
2026-07-29T07:04:19.700752+00:00,1,RIGHT,558.65,-81.35,441.3,8941,-0.03892403434962034,-7.433942966184967,-3.837
2026-07-29T07:04:19.950918+00:00,1,RIGHT,560.65,-79.35,441.3,9080,-0.03821363098919392,-7.298265918503816,-3.79
2026-07-29T07:04:20.100914+00:00,1,RIGHT,556.65,-83.35,441.3,9094,0.01219626273959875,2.3293146027055713,-3.837
2026-07-29T07:04:19.933916+00:00,1,BOTH,896.0,256.0,415.1,14983,0.008768052048981189,1.674574589858853,0.163
2026-07-29T07:04:20.167450+00:00,1,RIGHT,576.92,-63.08,415.1,8941,-0.024925016900524496,-4.760327575641007,-1.085
2026-07-29T07:04:20.184299+00:00,1,RIGHT,577.92,-62.08,415.1,8956,0.01243130259681493,2.374203908825053,-1.815
2026-07-29T07:04:20.201033+00:00,1,RIGHT,576.92,-63.08,415.1,8925,-0.002390607385896146,-0.45657237894883895,-2.272
2026-07-29T07:04:20.267442+00:00,1,RIGHT,577.92,-62.08,415.1,8956,0.013787886407226325,2.6332923317995474,-2.527
2026-07-29T07:04:20.300803+00:00,1,RIGHT,572.92,-67.08,415.1,8978,0.005485112722963095,1.047579363930987,-2.774
2026-07-29T07:04:20.450712+00:00,1,RIGHT,559.92,-80.08,415.1,8936,-0.008131022392772138,-1.5529108874406916,-3.166
2026-07-29T07:04:20.467578+00:00,1,RIGHT,556.92,-83.08,415.1,8978,-0.027973617101088165,-5.342567325357789,-3.457
2026-07-29T07:04:20.350817+00:00,1,RIGHT,569.92,-70.08,415.1,9069,-0.006875611837022007,-1.3131451327718393,-3.388
2026-07-29T07:04:20.534093+00:00,1,RIGHT,543.92,-96.08,415.1,8919,-0.03437767757102847,-6.565652780938275,-3.834
2026-07-29T07:04:20.584219+00:00,1,RIGHT,545.92,-94.08,415.1,9032,-0.006820795824751258,-1.3026760455956685,-4.065
2026-07-29T07:04:20.650908+00:00,1,RIGHT,547.92,-92.08,415.1,8862,-0.03669267028570175,-7.00778382145265,-4.165
2026-07-29T07:04:20.667706+00:00,1,RIGHT,545.92,-94.08,415.1,9018,-0.034380667419172825,-6.566223799871798,-4.263
2026-07-29T07:04:20.684144+00:00,1,RIGHT,544.92,-95.08,415.1,8990,-0.028641377678140997,-5.470100201325614,-4.341
2026-07-29T07:04:20.917614+00:00,1,RIGHT,529.92,-110.08,415.1,8871,-0.047662031576037406,-9.102777507754023,-4.668
2026-07-29T07:04:20.934237+00:00,1,RIGHT,524.92,-115.08,415.1,8681,-0.07277530830586329,-13.899060062297771,-4.959
2026-07-29T07:04:21.001655+00:00,1,RIGHT,511.92,-128.08,415.1,8497,-0.07727213439531624,-14.757890582731015,-5.377
2026-07-29T07:04:21.134368+00:00,1,RIGHT,492.92,-147.08,415.1,8770,0.13679948203265668,26.12677653348988,-5.984
2026-07-29T07:04:21.150925+00:00,1,RIGHT,489.92,-150.08,415.1,8780,-0.10940856844186783,-20.895497380957455,-6.404
2026-07-29T07:04:21.184262+00:00,1,RIGHT,479.92,-160.08,415.1,8654,0.04479193732142448,8.554629882440468,-6.844
2026-07-29T07:04:21.234218+00:00,1,RIGHT,467.92,-172.08,415.1,8711,0.0959749323874712,18.32986188285178,-7.333
2026-07-29T07:04:21.301028+00:00,1,RIGHT,445.92,-194.08,415.1,8587,-0.07536135453730822,-14.392958511256126,-8.039
2026-07-29T07:04:21.367527+00:00,1,RIGHT,414.92,-225.08,415.1,8529,-0.06017053939402103,-11.491726527676876,-9.043
2026-07-29T07:04:21.401212+00:00,1,RIGHT,406.92,-233.08,415.1,8526,-0.05663109682500363,-10.815742790898081,-9.796
2026-07-29T07:04:21.417619+00:00,1,RIGHT,402.92,-237.08,415.1,8650,-0.05663109682500363,-10.815742790898081,-10.323
2026-07-29T07:04:21.500811+00:00,1,RIGHT,830.92,190.92,415.1,3829,-0.053484930992126464,-10.214869377991004,-6.323
2026-07-29T07:04:21.517772+00:00,1,NONE,0.0,0.0,415.1,0,-0.053484930992126464,-10.214869377991004,-2.323
2026-07-29T07:04:21.584353+00:00,1,NONE,0.0,0.0,415.1,0,-0.06017053939402103,-11.491726527676876,1.677
2026-07-29T07:04:21.667766+00:00,1,NONE,0.0,0.0,415.1,0,-0.05663109682500363,-10.815742790898081,4.586
2026-07-29T07:04:21.751069+00:00,0,NONE,0.0,0.0,415.1,0,-0.05663109682500363,-10.815742790898081,2.752
2026-07-29T07:04:21.817858+00:00,0,NONE,0.0,0.0,415.1,0,-0.05663109682500363,-10.815742790898081,1.651
2026-07-29T07:04:21.884329+00:00,1,RIGHT,391.92,-248.08,415.1,6634,-0.06017053939402103,-11.491726527676876,-2.349
2026-07-29T07:04:21.901110+00:00,1,NONE,0.0,0.0,415.1,0,-0.029173597469925882,-5.571746694134299,-6.061
2026-07-29T07:04:21.917799+00:00,1,NONE,0.0,0.0,415.1,0,-0.028315548412501813,-5.407871395449041,-8.288
2026-07-29T07:04:21.984515+00:00,1,NONE,0.0,0.0,415.1,0,-0.01925457438454032,-3.6773528285162165,-9.624
2026-07-29T07:04:22.051080+00:00,0,NONE,0.0,0.0,415.1,0,-0.028315548412501813,-5.407871395449041,-5.775
2026-07-29T07:04:22.117779+00:00,0,NONE,0.0,0.0,415.1,0,-0.05663109682500363,-10.815742790898081,-3.465
2026-07-29T07:04:22.167733+00:00,0,NONE,0.0,0.0,415.1,0,-0.06017053939402103,-11.491726527676876,-2.079
2026-07-29T07:04:22.251228+00:00,0,NONE,0.0,0.0,415.1,0,-0.05663109682500363,-10.815742790898081,-1.247
2026-07-29T07:04:22.367748+00:00,0,NONE,0.0,0.0,415.1,0,-0.05663109682500363,-10.815742790898081,-0.748
2026-07-29T07:04:22.384517+00:00,0,NONE,0.0,0.0,415.1,0,-0.05663109682500363,-10.815742790898081,-0.449
2026-07-29T07:04:22.434479+00:00,0,NONE,0.0,0.0,415.1,0,-0.06017053939402103,-11.491726527676876,-0.269
2026-07-29T07:04:22.484540+00:00,0,NONE,0.0,0.0,415.1,0,-0.05663109682500363,-10.815742790898081,-0.162
2026-07-29T07:04:22.517980+00:00,0,NONE,0.0,0.0,415.1,0,-0.029173597469925882,-5.571746694134299,-0.097
2026-07-29T07:04:22.601198+00:00,0,NONE,0.0,0.0,415.1,0,-0.01925457438454032,-3.6773528285162165,-0.058
2026-07-29T07:04:22.451147+00:00,0,NONE,0.0,0.0,415.1,0,-0.05663109682500363,-10.815742790898081,-0.035
2026-07-29T07:04:22.684586+00:00,0,NONE,0.0,0.0,415.1,0,-0.029173597469925882,-5.571746694134299,-0.021
2026-07-29T07:04:22.768027+00:00,0,NONE,0.0,0.0,415.1,0,-0.06017053939402103,-11.491726527676876,-0.013
2026-07-29T07:04:22.867957+00:00,0,NONE,0.0,0.0,415.1,0,-0.05663109682500363,-10.815742790898081,-0.008
2026-07-29T07:04:22.884437+00:00,0,NONE,0.0,0.0,415.1,0,-0.06017053939402103,-11.491726527676876,-0.005
2026-07-29T07:04:22.934413+00:00,0,NONE,0.0,0.0,415.1,0,-0.06017053939402103,-11.491726527676876,-0.003
2026-07-29T07:04:23.017947+00:00,0,NONE,0.0,0.0,415.1,0,-0.06017053939402103,-11.491726527676876,-0.002
2026-07-29T07:04:22.984335+00:00,0,NONE,0.0,0.0,415.1,0,-0.06418191574513912,-12.257842977535725,-0.001
2026-07-29T07:04:22.951188+00:00,0,NONE,0.0,0.0,415.1,0,-0.05663109682500363,-10.815742790898081,-0.001
2026-07-29T07:04:23.184603+00:00,0,NONE,0.0,0.0,415.1,0,-0.05663109682500363,-10.815742790898081,-0.0
2026-07-29T07:04:23.234532+00:00,0,NONE,0.0,0.0,415.1,0,-0.05663109682500363,-10.815742790898081,-0.0
2026-07-29T07:04:23.368022+00:00,0,NONE,0.0,0.0,415.1,0,-0.06017053939402103,-11.491726527676876,-0.0
2026-07-29T07:04:23.218020+00:00,0,NONE,0.0,0.0,415.1,0,-0.06017053939402103,-11.491726527676876,-0.0
2026-07-29T07:04:23.151130+00:00,0,NONE,0.0,0.0,415.1,0,-0.05663109682500363,-10.815742790898081,-0.0
2026-07-29T07:04:23.468014+00:00,0,NONE,0.0,0.0,415.1,0,-0.06017053939402103,-11.491726527676876,-0.0
2026-07-29T07:04:23.501515+00:00,0,NONE,0.0,0.0,415.1,0,-0.05663109682500363,-10.815742790898081,-0.0
2026-07-29T07:04:23.517795+00:00,0,NONE,0.0,0.0,415.1,0,-0.05663109682500363,-10.815742790898081,-0.0
2026-07-29T07:04:23.584597+00:00,0,NONE,0.0,0.0,415.1,0,-0.05663109682500363,-10.815742790898081,-0.0
2026-07-29T07:04:23.534624+00:00,0,NONE,0.0,0.0,415.1,0,-0.05663109682500363,-10.815742790898081,-0.0
2026-07-29T07:04:23.601434+00:00,0,NONE,0.0,0.0,415.1,0,-0.05663109682500363,-10.815742790898081,-0.0
2026-07-29T07:04:23.734483+00:00,0,NONE,0.0,0.0,415.1,0,-0.05663109682500363,-10.815742790898081,-0.0
2026-07-29T07:04:23.784625+00:00,0,NONE,0.0,0.0,415.1,0,-0.06017053939402103,-11.491726527676876,-0.0
2026-07-29T07:04:23.868085+00:00,0,NONE,0.0,0.0,415.1,0,-0.06017053939402103,-11.491726527676876,-0.0
2026-07-29T07:04:23.901396+00:00,0,NONE,0.0,0.0,415.1,0,-0.06017053939402103,-11.491726527676876,-0.0
2026-07-29T07:04:24.034659+00:00,0,NONE,0.0,0.0,415.1,0,-0.05663109682500363,-10.815742790898081,-0.0
2026-07-29T07:04:24.134665+00:00,0,NONE,0.0,0.0,415.1,0,-0.05663109682500363,-10.815742790898081,-0.0
2026-07-29T07:04:24.151443+00:00,0,NONE,0.0,0.0,415.1,0,-0.05663109682500363,-10.815742790898081,-0.0
2026-07-29T07:04:24.268126+00:00,0,NONE,0.0,0.0,415.1,0,-0.06017053939402103,-11.491726527676876,-0.0
2026-07-29T07:04:24.284827+00:00,0,NONE,0.0,0.0,415.1,0,-0.05663109682500363,-10.815742790898081,-0.0
2026-07-29T07:04:24.318158+00:00,0,NONE,0.0,0.0,415.1,0,-0.029173597469925882,-5.571746694134299,-0.0
2026-07-29T07:04:24.351383+00:00,0,NONE,0.0,0.0,415.1,0,-0.05663109682500363,-10.815742790898081,-0.0
2026-07-29T07:04:24.434920+00:00,0,NONE,0.0,0.0,415.1,0,-0.0506699338555336,-9.677244527097063,-0.0
2026-07-29T07:04:24.384842+00:00,0,NONE,0.0,0.0,415.1,0,-0.05663109682500363,-10.815742790898081,-0.0
2026-07-29T07:04:24.484783+00:00,0,NONE,0.0,0.0,415.1,0,-0.05663109682500363,-10.815742790898081,-0.0
2026-07-29T07:04:24.553371+00:00,0,NONE,0.0,0.0,415.1,0,-0.06017053939402103,-11.491726527676876,-0.0
2026-07-29T07:04:24.601558+00:00,0,NONE,0.0,0.0,415.1,0,-0.05663109682500363,-10.815742790898081,-0.0
2026-07-29T07:04:24.518112+00:00,0,NONE,0.0,0.0,415.1,0,-0.01925457438454032,-3.6773528285162165,-0.0
2026-07-29T07:04:24.501312+00:00,0,NONE,0.0,0.0,415.1,0,-0.028315548412501813,-5.407871395449041,-0.0
2026-07-29T07:04:24.751626+00:00,0,NONE,0.0,0.0,415.1,0,-0.06017053939402103,-11.491726527676876,-0.0
2026-07-29T07:04:24.718079+00:00,0,NONE,0.0,0.0,415.1,0,-0.05663109682500363,-10.815742790898081,-0.0
2026-07-29T07:04:24.918121+00:00,0,NONE,0.0,0.0,415.1,0,-0.05663109682500363,-10.815742790898081,-0.0
2026-07-29T07:04:25.001441+00:00,0,NONE,0.0,0.0,415.1,0,-0.06017053939402103,-11.491726527676876,-0.0
2026-07-29T07:04:25.068523+00:00,0,NONE,0.0,0.0,415.1,0,-0.05663109682500363,-10.815742790898081,-0.0
2026-07-29T07:04:25.084760+00:00,0,NONE,0.0,0.0,415.1,0,-0.0481364368647337,-9.193382243823967,-0.0
2026-07-29T07:04:25.118271+00:00,0,NONE,0.0,0.0,415.1,0,-0.06017053939402103,-11.491726527676876,-0.0
2026-07-29T07:04:25.168277+00:00,0,NONE,0.0,0.0,415.1,0,-0.06017053939402103,-11.491726527676876,-0.0
2026-07-29T07:04:25.284897+00:00,0,NONE,0.0,0.0,415.1,0,-0.06017053939402103,-11.491726527676876,-0.0
2026-07-29T07:04:25.301685+00:00,0,NONE,0.0,0.0,415.1,0,-0.05663109682500363,-10.815742790898081,-0.0
2026-07-29T07:04:25.351571+00:00,0,NONE,0.0,0.0,415.1,0,-0.01925457438454032,-3.6773528285162165,-0.0
2026-07-29T07:04:25.434976+00:00,0,NONE,0.0,0.0,415.1,0,-0.05663109682500363,-10.815742790898081,-0.0
2026-07-29T07:04:25.534908+00:00,0,NONE,0.0,0.0,415.1,0,-0.06017053939402103,-11.491726527676876,-0.0
2026-07-29T07:04:25.568532+00:00,0,NONE,0.0,0.0,415.1,0,-0.0188770336471498,-3.605247859027104,-0.0
2026-07-29T07:04:25.601510+00:00,0,NONE,0.0,0.0,415.1,0,-1.6321947491168975,-311.72623489270825,-0.0
2026-07-29T07:04:25.401749+00:00,0,NONE,0.0,0.0,415.1,0,-3.3706125462055208,-643.7395775714017,-0.0
2026-07-29T07:04:25.634984+00:00,0,NONE,0.0,0.0,415.1,0,0.0,0.0,-0.0
2026-07-29T07:04:25.768260+00:00,0,NONE,0.0,0.0,415.1,0,-18.183461689949034,-3472.7853725729974,-0.0
2026-07-29T07:04:25.701520+00:00,1,RIGHT,786.92,146.92,415.1,10999,-22.941805467307567,-4381.562092289603,2.755
2026-07-29T07:04:25.851848+00:00,1,NONE,0.0,0.0,415.1,0,-1.9709973173402249,-376.43275905067424,4.408
2026-07-29T07:04:25.901702+00:00,1,NONE,0.0,0.0,415.1,0,-0.8880667063780129,-169.6082473384795,5.399
2026-07-29T07:04:26.001745+00:00,1,NONE,0.0,0.0,415.1,0,-1.6427387786656618,-313.73999620005964,5.994
2026-07-29T07:04:25.918283+00:00,0,NONE,0.0,0.0,415.1,0,77.19256592869759,14742.694124999092,3.597
2026-07-29T07:04:25.884924+00:00,0,NONE,0.0,0.0,415.1,0,-0.930848798751831,-177.77902511100817,2.158
2026-07-29T07:04:26.118186+00:00,0,NONE,0.0,0.0,415.1,0,1.0926073631644249,208.67263524746386,1.295
2026-07-29T07:04:26.151483+00:00,0,NONE,0.0,0.0,415.1,0,-0.1932338729593903,-36.90495126513396,0.777
2026-07-29T07:04:26.218217+00:00,0,NONE,0.0,0.0,415.1,0,1.1596672058477997,221.4801217826926,0.466
2026-07-29T07:04:26.285002+00:00,0,NONE,0.0,0.0,415.1,0,-0.5749129907786846,-109.80029319620749,0.28
2026-07-29T07:04:26.368349+00:00,0,NONE,0.0,0.0,415.1,0,0.8998667468875646,171.8618890694152,0.168
2026-07-29T07:04:26.385041+00:00,0,NONE,0.0,0.0,415.1,0,1.5399591291695833,294.1105290801957,0.101
2026-07-29T07:04:26.435008+00:00,0,NONE,0.0,0.0,415.1,0,0.36813566513359547,70.30873300132131,0.06
2026-07-29T07:04:26.534939+00:00,0,NONE,0.0,0.0,415.1,0,0.14528039993718267,27.746512541244126,0.036
2026-07-29T07:04:26.601650+00:00,0,NONE,0.0,0.0,415.1,0,0.6723574817925692,128.41082010252768,0.022
2026-07-29T07:04:26.618368+00:00,0,NONE,0.0,0.0,415.1,0,0.6314643722958863,120.60081148477342,0.013
2026-07-29T07:04:26.768414+00:00,0,NONE,0.0,0.0,415.1,0,0.8106163763254881,154.8163238921298,0.008
2026-07-29T07:04:26.785249+00:00,0,NONE,0.0,0.0,415.1,0,-0.21435421019792555,-40.93863855067082,0.005
2026-07-29T07:04:26.818321+00:00,0,NONE,0.0,0.0,415.1,0,0.026170165836811067,4.998133505355755,0.003
2026-07-29T07:04:26.851670+00:00,0,NONE,0.0,0.0,415.1,0,0.0557861964777112,10.654378710868103,0.002
2026-07-29T07:04:26.935158+00:00,0,NONE,0.0,0.0,415.1,0,0.3808667515963316,72.74019141109105,0.001
2026-07-29T07:04:27.051905+00:00,0,NONE,0.0,0.0,415.1,0,-0.2099331533908844,-40.094278897234005,0.001
2026-07-29T07:04:27.068351+00:00,0,NONE,0.0,0.0,415.1,0,-0.24781434446573258,-47.329053468958826,0.0
2026-07-29T07:04:27.102077+00:00,0,NONE,0.0,0.0,415.1,0,0.3382095739990473,64.59327060354305,0.0
2026-07-29T07:04:27.151819+00:00,0,NONE,0.0,0.0,415.1,0,-0.16697700545191765,-31.89025896042606,0.0
2026-07-29T07:04:27.235295+00:00,0,NONE,0.0,0.0,415.1,0,0.34147804737091064,65.21750303573859,0.0
2026-07-29T07:04:27.251893+00:00,0,NONE,0.0,0.0,415.1,0,0.26371256545186045,50.365390016530284,0.0
2026-07-29T07:04:27.268435+00:00,0,NONE,0.0,0.0,415.1,0,0.2733510498702526,52.20620494345188,0.0
2026-07-29T07:04:27.301824+00:00,0,NONE,0.0,0.0,415.1,0,0.2307089938223362,44.06217213909883,0.0
2026-07-29T07:04:27.285281+00:00,0,NONE,0.0,0.0,415.1,0,0.1429375484585762,27.299060868743673,0.0
2026-07-29T07:04:27.435104+00:00,0,NONE,0.0,0.0,415.1,0,1.2758903463929891,243.6771065660098,0.0
2026-07-29T07:04:27.503776+00:00,0,NONE,0.0,0.0,415.1,0,-0.003662115521728994,-0.6994125449480696,0.0
2026-07-29T07:04:27.468642+00:00,0,NONE,0.0,0.0,415.1,0,0.031840277151204646,6.081044997636181,0.0
2026-07-29T07:04:27.601713+00:00,0,NONE,0.0,0.0,415.1,0,0.06847182049881667,13.077154433865168,0.0
2026-07-29T07:04:27.668574+00:00,0,NONE,0.0,0.0,415.1,0,0.4611984695494175,88.08241941024814,0.0
2026-07-29T07:04:27.801891+00:00,0,NONE,0.0,0.0,415.1,0,-0.11008616521954537,-21.02490883286608,0.0
2026-07-29T07:04:27.835289+00:00,0,NONE,0.0,0.0,415.1,0,-0.3563587537407875,-68.05950860629655,0.0
2026-07-29T07:04:27.885248+00:00,0,NONE,0.0,0.0,415.1,0,0.25822690248489377,49.317705563735615,0.0
2026-07-29T07:04:27.935323+00:00,0,NONE,0.0,0.0,415.1,0,-0.07878839909099042,-15.047475808353742,0.0
2026-07-29T07:04:28.118664+00:00,0,NONE,0.0,0.0,415.1,0,-0.21393103996291757,-40.85781898906576,0.0
2026-07-29T07:04:28.135264+00:00,0,NONE,0.0,0.0,415.1,0,0.40187738358974456,76.7529265381747,0.0
2026-07-29T07:04:28.152014+00:00,0,NONE,0.0,0.0,415.1,0,0.17305841483175755,33.05172259694639,0.0
2026-07-29T07:04:28.218544+00:00,0,NONE,0.0,0.0,415.1,0,0.12293797984719276,23.47942462369505,0.0
2026-07-29T07:04:28.302102+00:00,0,NONE,0.0,0.0,415.1,0,-0.3697373494505882,-70.6146321729079,0.0
2026-07-29T07:04:28.335265+00:00,0,NONE,0.0,0.0,415.1,0,0.6154452276788652,117.54138022489003,0.0
2026-07-29T07:04:28.352043+00:00,0,NONE,0.0,0.0,415.1,0,0.015583385638892649,2.9762074254444224,0.0
2026-07-29T07:04:28.502044+00:00,0,NONE,0.0,0.0,415.1,0,0.20841206684708596,39.803772766454706,0.0
2026-07-29T07:04:28.536305+00:00,0,NONE,0.0,0.0,415.1,0,-0.002604044601321222,-0.4973358843984437,0.0
2026-07-29T07:04:28.568663+00:00,0,NONE,0.0,0.0,415.1,0,0.06163427093997597,11.771278660754803,0.0
2026-07-29T07:04:28.601990+00:00,0,NONE,0.0,0.0,415.1,0,-0.09465649157762528,-18.078058236378507,0.0
2026-07-29T07:04:28.735451+00:00,0,NONE,0.0,0.0,415.1,0,0.20412429362535478,38.984868402740005,0.0
2026-07-29T07:04:28.768685+00:00,1,LEFT,629.08,-10.92,415.1,7305,0.3977235834673047,75.95960915165227,-0.205
2026-07-29T07:04:28.818685+00:00,1,LEFT,682.08,42.08,415.1,7567,-0.8494839307665825,-162.23947999036199,0.666
2026-07-29T07:04:28.902070+00:00,1,LEFT,707.08,67.08,415.1,9592,3.206546013355255,612.4051779325193,1.657
2026-07-29T07:04:29.019165+00:00,1,LEFT,426.08,-213.92,415.1,1642,0.7273282307386398,138.9094598068046,-2.343
2026-07-29T07:04:28.885367+00:00,1,LEFT,684.08,44.08,415.1,12546,0.44102713257074355,84.22997782353417,-0.579
2026-07-29T07:04:29.135467+00:00,1,NONE,0.0,0.0,415.1,0,0.0,0.0,0.479
2026-07-29T07:04:29.168599+00:00,1,NONE,0.0,0.0,415.1,0,-0.40048630446195604,-76.4872499948713,1.114
2026-07-29T07:04:29.185483+00:00,1,NONE,0.0,0.0,415.1,0,0.411163823902607,78.52650599359859,1.495
2026-07-29T07:04:29.235061+00:00,0,NONE,0.0,0.0,415.1,0,-0.021023711338639256,-4.0152330980178785,0.897
2026-07-29T07:04:29.268862+00:00,0,NONE,0.0,0.0,415.1,0,0.23309071898460387,44.51704813829232,0.538
2026-07-29T07:04:29.353685+00:00,0,NONE,0.0,0.0,415.1,0,0.42050517424941064,80.31057249301499,0.323
2026-07-29T07:04:29.368747+00:00,0,NONE,0.0,0.0,415.1,0,0.5126407670066692,97.90717451943841,0.194
2026-07-29T07:04:29.402145+00:00,0,NONE,0.0,0.0,415.1,0,0.6228884379565716,118.96292867469327,0.116
2026-07-29T07:04:29.452126+00:00,0,NONE,0.0,0.0,415.1,0,0.7363443259894847,140.63140715867578,0.07
2026-07-29T07:04:29.518700+00:00,0,NONE,0.0,0.0,415.1,0,0.5209905766323208,99.50187069039691,0.042
2026-07-29T07:04:29.618918+00:00,0,NONE,0.0,0.0,415.1,0,0.6878640334308147,131.3723533147715,0.025
2026-07-29T07:04:29.652164+00:00,0,NONE,0.0,0.0,415.1,0,0.6663319341093302,127.2600252641796,0.015
2026-07-29T07:04:29.668730+00:00,0,NONE,0.0,0.0,415.1,0,0.9860785523056984,188.32713105162236,0.009
2026-07-29T07:04:29.735538+00:00,0,NONE,0.0,0.0,415.1,0,0.5667297450453043,108.23740838540371,0.005
2026-07-29T07:04:29.885544+00:00,0,NONE,0.0,0.0,415.1,0,0.0,0.0,0.003
2026-07-29T07:04:29.752228+00:00,0,NONE,0.0,0.0,415.1,0,0.6129387010633945,117.06266890387778,0.002
2026-07-29T07:04:29.985400+00:00,0,NONE,0.0,0.0,415.1,0,0.5540440633427351,105.81462164605857,0.001
2026-07-29T07:04:30.018701+00:00,0,NONE,0.0,0.0,415.1,0,0.48905959237366914,93.40350191133221,0.001
2026-07-29T07:04:30.152328+00:00,0,NONE,0.0,0.0,415.1,0,0.30077298641204836,57.44340904318676,0.0
2026-07-29T07:04:29.918958+00:00,0,NONE,0.0,0.0,415.1,0,0.3866681551188231,73.84817786806134,0.0
2026-07-29T07:04:30.218894+00:00,0,NONE,0.0,0.0,415.1,0,0.3866681551188231,73.84817786806134,0.0
2026-07-29T07:04:30.235548+00:00,0,NONE,0.0,0.0,415.1,0,0.3866681551188231,73.84817786806134,0.0
2026-07-29T07:04:30.269032+00:00,0,NONE,0.0,0.0,415.1,0,0.3866681551188231,73.84817786806134,0.0
2026-07-29T07:04:30.185645+00:00,0,NONE,0.0,0.0,415.1,0,0.3866681551188231,73.84817786806134,0.0
2026-07-29T07:04:30.469529+00:00,0,NONE,0.0,0.0,415.1,0,0.6394850078225136,122.13264003373487,0.0
2026-07-29T07:04:30.568964+00:00,0,NONE,0.0,0.0,415.1,0,0.22835884526371955,43.61332682697386,0.0
2026-07-29T07:04:30.585572+00:00,0,NONE,0.0,0.0,415.1,0,0.6438703283667564,122.9701745637253,0.0
2026-07-29T07:04:30.602330+00:00,0,NONE,0.0,0.0,415.1,0,0.3769815681874752,71.99817603788529,0.0
2026-07-29T07:04:30.435617+00:00,0,NONE,0.0,0.0,415.1,0,0.4591552749276161,87.69219798173796,0.0
2026-07-29T07:04:30.702364+00:00,0,NONE,0.0,0.0,415.1,0,0.09703175358474256,18.531699863863818,0.0
2026-07-29T07:04:30.785475+00:00,0,NONE,0.0,0.0,415.1,0,0.5961512808129191,113.85650780632879,0.0
2026-07-29T07:04:30.685621+00:00,0,NONE,0.0,0.0,415.1,0,0.9857422655820847,188.2629050183912,0.0
2026-07-29T07:04:30.885500+00:00,0,NONE,0.0,0.0,415.1,0,1.5191138946264982,290.1293825392654,0.0
2026-07-29T07:04:31.035597+00:00,0,NONE,0.0,0.0,415.1,0,0.5452844363451004,104.14165612248081,0.0
2026-07-29T07:04:31.069013+00:00,0,NONE,0.0,0.0,415.1,0,0.9056520962715149,172.96680941177843,0.0
2026-07-29T07:04:31.085631+00:00,0,NONE,0.0,0.0,415.1,0,0.4990555140376091,95.3125823236227,0.0
2026-07-29T07:04:31.169046+00:00,0,NONE,0.0,0.0,415.1,0,0.6140755261480808,117.27978650186819,0.0
2026-07-29T07:04:31.253405+00:00,0,NONE,0.0,0.0,415.1,0,0.9688281646370888,185.03254969036954,0.0
2026-07-29T07:04:31.302284+00:00,0,NONE,0.0,0.0,415.1,0,0.7781188195943832,148.6097477415322,0.0
2026-07-29T07:04:31.318999+00:00,0,NONE,0.0,0.0,415.1,0,0.575361163802445,109.88588793871776,0.0
2026-07-29T07:04:31.402253+00:00,0,NONE,0.0,0.0,415.1,0,0.6469031953811646,123.5494094962254,0.0
2026-07-29T07:04:31.535887+00:00,0,NONE,0.0,0.0,415.1,0,0.8173804593086242,156.10816858282965,0.0
2026-07-29T07:04:31.585862+00:00,0,NONE,0.0,0.0,415.1,0,0.6817576196789742,130.20611419496782,0.0
2026-07-29T07:04:31.602312+00:00,0,NONE,0.0,0.0,415.1,0,0.192682039886713,36.79955891160014,0.0
2026-07-29T07:04:31.669154+00:00,0,NONE,0.0,0.0,415.1,0,1.1855464622378349,226.42269567631254,0.0
2026-07-29T07:04:31.702477+00:00,0,NONE,0.0,0.0,415.1,0,0.8892632767558097,169.83677544693995,0.0
2026-07-29T07:04:31.785858+00:00,0,NONE,0.0,0.0,415.1,0,0.37032899230718613,70.72762763511498,0.0
2026-07-29T07:04:31.869089+00:00,0,NONE,0.0,0.0,415.1,0,0.752434179186821,143.70434276265058,0.0
2026-07-29T07:04:31.919125+00:00,0,NONE,0.0,0.0,415.1,0,0.723048882111907,138.09216442221492,0.0
2026-07-29T07:04:31.935893+00:00,0,NONE,0.0,0.0,415.1,0,1.0823393642902375,206.71159191567713,0.0
2026-07-29T07:04:32.052469+00:00,0,NONE,0.0,0.0,415.1,0,0.3956067481637001,75.55532338891615,0.0
2026-07-29T07:04:32.085819+00:00,0,NONE,0.0,0.0,415.1,0,1.6936467868089675,323.46270956682315,0.0
2026-07-29T07:04:32.135779+00:00,0,NONE,0.0,0.0,415.1,0,0.29211543414741753,55.789938357595844,0.0
2026-07-29T07:04:32.185727+00:00,0,NONE,0.0,0.0,415.1,0,0.7903762686252594,150.9507480650853,0.0
2026-07-29T07:04:32.219243+00:00,0,NONE,0.0,0.0,415.1,0,0.7903762686252594,150.9507480650853,0.0
2026-07-29T07:04:32.235725+00:00,0,NONE,0.0,0.0,415.1,0,2.2873364877700806,436.84909025167553,0.0
2026-07-29T07:04:32.252445+00:00,0,NONE,0.0,0.0,415.1,0,1.3356339827179908,255.08730061330002,0.0
2026-07-29T07:04:32.385888+00:00,0,NONE,0.0,0.0,415.1,0,0.7298226725962013,139.38586310906805,0.0
2026-07-29T07:04:32.402488+00:00,0,NONE,0.0,0.0,415.1,0,0.9860299158096313,188.31784216510587,0.0
2026-07-29T07:04:32.519306+00:00,0,NONE,0.0,0.0,415.1,0,0.6404894223809242,122.32446908399629,0.0
2026-07-29T07:04:32.702586+00:00,0,NONE,0.0,0.0,415.1,0,0.6708316411077976,128.11940599770514,0.0
2026-07-29T07:04:32.719286+00:00,0,NONE,0.0,0.0,415.1,0,0.7541912644356489,144.03992132599234,0.0
2026-07-29T07:04:32.752521+00:00,0,NONE,0.0,0.0,415.1,0,0.7500743037462234,143.25363975290784,0.0
2026-07-29T07:04:32.785966+00:00,0,NONE,0.0,0.0,415.1,0,0.7885239623859525,150.59698363215853,0.0
2026-07-29T07:04:32.819550+00:00,0,NONE,0.0,0.0,415.1,0,0.8831086022220552,168.66131919673734,0.0
2026-07-29T07:04:32.985920+00:00,0,NONE,0.0,0.0,415.1,0,0.5762284642457962,110.05153012196394,0.0
2026-07-29T07:04:33.069141+00:00,0,NONE,0.0,0.0,415.1,0,0.770189915895462,147.0954386811527,0.0
2026-07-29T07:04:33.085927+00:00,0,NONE,0.0,0.0,415.1,0,1.2190205505490304,232.81577562057822,0.0
2026-07-29T07:04:33.136206+00:00,0,NONE,0.0,0.0,415.1,0,0.658073690161109,125.68281684943783,0.0
2026-07-29T07:04:33.152692+00:00,0,NONE,0.0,0.0,415.1,0,1.69960205424577,324.6000818668247,0.0
2026-07-29T07:04:33.169204+00:00,0,NONE,0.0,0.0,415.1,0,0.9620635153353214,183.74059684077824,0.0
2026-07-29T07:04:33.302709+00:00,0,NONE,0.0,0.0,415.1,0,1.3093430210463703,250.06609680288648,0.0
2026-07-29T07:04:33.319310+00:00,0,NONE,0.0,0.0,415.1,0,1.2066473262384534,230.45266384736246,0.0
2026-07-29T07:04:33.419320+00:00,0,NONE,0.0,0.0,415.1,0,0.9750847363099456,186.2274668606222,0.0
2026-07-29T07:04:33.435968+00:00,0,NONE,0.0,0.0,415.1,0,0.8605173660442234,164.34671090682724,0.0
2026-07-29T07:04:33.519360+00:00,0,NONE,0.0,0.0,415.1,0,0.9820405808091164,187.5559353031281,0.0
2026-07-29T07:04:33.652736+00:00,0,NONE,0.0,0.0,415.1,0,0.9898026394844055,189.03837931121805,0.0
2026-07-29T07:04:33.686121+00:00,0,NONE,0.0,0.0,415.1,0,0.4145157678425312,79.16668013000563,0.0
2026-07-29T07:04:33.719288+00:00,0,NONE,0.0,0.0,415.1,0,1.3809879717230797,263.74927446021445,0.0
2026-07-29T07:04:33.786253+00:00,0,NONE,0.0,0.0,415.1,0,1.4172876542061568,270.68200314003207,0.0
2026-07-29T07:04:33.819206+00:00,0,NONE,0.0,0.0,415.1,0,0.4202088771760464,80.25398392039548,0.0
2026-07-29T07:04:33.852560+00:00,0,NONE,0.0,0.0,415.1,0,0.5751883970946073,109.85289192805288,0.0
2026-07-29T07:04:33.869368+00:00,0,NONE,0.0,0.0,415.1,0,1.0783160569518804,205.94319681510422,0.0
2026-07-29T07:04:33.969293+00:00,0,NONE,0.0,0.0,415.1,0,0.9498782949149609,181.4133911657006,0.0
2026-07-29T07:04:34.036160+00:00,0,NONE,0.0,0.0,415.1,0,0.5399322691559791,103.11946748519733,0.0
2026-07-29T07:04:34.052918+00:00,0,NONE,0.0,0.0,415.1,0,1.515542601943016,289.4473158787004,0.0
2026-07-29T07:04:34.152762+00:00,0,NONE,0.0,0.0,415.1,0,1.1265238343179227,215.15020409103929,0.0
2026-07-29T07:04:34.219488+00:00,0,NONE,0.0,0.0,415.1,0,0.7177616116404534,137.08237014502012,0.0
2026-07-29T07:04:34.136362+00:00,0,NONE,0.0,0.0,415.1,0,0.8575147140026093,163.77324660905782,0.0
2026-07-29T07:04:34.119497+00:00,0,NONE,0.0,0.0,415.1,0,0.8808626210223883,168.2323683847152,0.0
2026-07-29T07:04:34.402756+00:00,0,NONE,0.0,0.0,415.1,0,0.962977406308055,183.91513715968736,0.0
2026-07-29T07:04:34.536053+00:00,0,NONE,0.0,0.0,415.1,0,0.8684495279192924,165.86164223301404,0.0
2026-07-29T07:04:34.569541+00:00,0,NONE,0.0,0.0,415.1,0,1.0646243981271981,203.32828259781306,0.0
2026-07-29T07:04:34.369494+00:00,0,NONE,0.0,0.0,415.1,0,3.104928967356682,592.997751724836,0.0
2026-07-29T07:04:34.352838+00:00,0,NONE,0.0,0.0,415.1,0,0.18793692111968993,35.89330798280433,0.0
2026-07-29T07:04:34.736312+00:00,0,NONE,0.0,0.0,415.1,0,1.1396382999420167,217.65488252713922,0.0
2026-07-29T07:04:34.719440+00:00,0,NONE,0.0,0.0,415.1,0,0.15100780302658678,28.840365956554272,0.0
2026-07-29T07:04:34.686065+00:00,0,NONE,0.0,0.0,415.1,0,1.579774634661153,301.71473049301864,0.0
2026-07-29T07:04:34.886176+00:00,0,NONE,0.0,0.0,415.1,0,0.45473854303359984,86.84866432584478,0.0
2026-07-29T07:04:35.019634+00:00,0,NONE,0.0,0.0,415.1,0,0.2338777655363083,44.66736295726894,0.0
2026-07-29T07:04:34.936246+00:00,1,RIGHT,748.92,108.92,415.1,6999,0.39830548271536825,76.07074372170521,2.042
2026-07-29T07:04:35.219479+00:00,1,NONE,0.0,0.0,415.1,0,0.5252476921677589,100.31491986733084,3.268
2026-07-29T07:04:35.253010+00:00,1,NONE,0.0,0.0,415.1,0,0.6220302081108093,118.79901884797881,4.003
2026-07-29T07:04:35.469977+00:00,1,NONE,0.0,0.0,415.1,0,0.4219664442539215,80.58965450630677,4.444
2026-07-29T07:04:35.486234+00:00,0,NONE,0.0,0.0,415.1,0,0.3491249030828476,66.6779448985369,2.666
2026-07-29T07:04:35.604032+00:00,1,RIGHT,348.92,-291.08,415.1,3347,-0.49808170229196547,-95.12659798007054,-1.334
2026-07-29T07:04:35.736238+00:00,1,NONE,0.0,0.0,415.1,0,0.4091815173625946,78.14791333211896,-5.334
2026-07-29T07:04:35.836265+00:00,1,NONE,0.0,0.0,415.1,0,-0.6331131125986577,-120.91569768764651,-8.658
2026-07-29T07:04:35.853022+00:00,1,NONE,0.0,0.0,415.1,0,-0.6410171510279179,-122.42525783133259,-10.652
2026-07-29T07:04:35.986439+00:00,0,NONE,0.0,0.0,415.1,0,-0.006187903437530622,-1.1818025033499957,-6.652
2026-07-29T07:04:36.102961+00:00,0,NONE,0.0,0.0,415.1,0,0.01848131076898426,3.5296703564415868,-3.991
2026-07-29T07:04:36.169553+00:00,0,NONE,0.0,0.0,415.1,0,3.381523070856929e-05,0.006458233342873989,-2.395
2026-07-29T07:04:36.186467+00:00,0,NONE,0.0,0.0,415.1,0,0.0057912549073807894,1.1060482142578192,-1.437
2026-07-29T07:04:36.236455+00:00,0,NONE,0.0,0.0,415.1,0,0.0015909111617293092,0.3038416504911472,-0.862
2026-07-29T07:04:36.286444+00:00,0,NONE,0.0,0.0,415.1,0,0.00016380375484004617,0.03128421273576759,-0.517
2026-07-29T07:04:36.436475+00:00,0,NONE,0.0,0.0,415.1,0,0.00034584551816806196,0.06605162851514995,-0.31
2026-07-29T07:04:36.536582+00:00,0,NONE,0.0,0.0,415.1,0,-0.020879998439922928,-3.9877859561577567,-0.186
2026-07-29T07:04:36.586518+00:00,0,NONE,0.0,0.0,415.1,0,0.0007316983630880714,0.13974409360525797,-0.112
2026-07-29T07:04:36.736434+00:00,0,NONE,0.0,0.0,415.1,0,0.006214578540821094,1.1868970728053942,-0.067
2026-07-29T07:04:36.853137+00:00,0,NONE,0.0,0.0,415.1,0,4.4136474025435744e-05,0.008429445614154171,-0.04
2026-07-29T07:04:36.903105+00:00,0,NONE,0.0,0.0,415.1,0,0.003666709139943123,0.7002898614026163,-0.024
2026-07-29T07:04:37.003131+00:00,0,NONE,0.0,0.0,415.1,0,0.004537990249227733,0.8666922958408989,-0.014
2026-07-29T07:04:37.086371+00:00,0,NONE,0.0,0.0,415.1,0,-0.011932718204334378,-2.2789813040909537,-0.009
2026-07-29T07:04:37.136612+00:00,0,NONE,0.0,0.0,415.1,0,-0.0016539626952726395,-0.3158836063706817,-0.005
2026-07-29T07:04:37.203104+00:00,0,NONE,0.0,0.0,415.1,0,-0.009179715845966711,-1.753196583677522,-0.003
2026-07-29T07:04:37.286497+00:00,0,NONE,0.0,0.0,415.1,0,-0.0027811386925168336,-0.5311583644058219,-0.002
2026-07-29T07:04:37.319863+00:00,0,NONE,0.0,0.0,415.1,0,-1.1800403008237481e-05,-0.0022537109630849602,-0.001
2026-07-29T07:04:37.403121+00:00,0,NONE,0.0,0.0,415.1,0,7.142062531784194e-07,0.00013640334669658456,-0.001
2026-07-29T07:04:37.469803+00:00,0,NONE,0.0,0.0,415.1,0,-0.000708631263114512,-0.13533860202495368,-0.0
2026-07-29T07:04:37.536512+00:00,0,NONE,0.0,0.0,415.1,0,0.0006872126937378198,0.13124795659664498,-0.0
2026-07-29T07:04:37.603298+00:00,0,NONE,0.0,0.0,415.1,0,1.1064112186431885e-05,0.002113089774472695,-0.0
2026-07-29T07:04:37.653313+00:00,0,NONE,0.0,0.0,415.1,0,0.002831814412784297,0.5408367140561926,-0.0
2026-07-29T07:04:37.703349+00:00,0,NONE,0.0,0.0,415.1,0,-1.8653069370053708,-356.2473832896089,-0.0
2026-07-29T07:04:37.753475+00:00,0,NONE,0.0,0.0,415.1,0,4.263101567630656e-05,0.008141924248694723,-0.0
2026-07-29T07:04:37.819772+00:00,0,NONE,0.0,0.0,415.1,0,-3.705458831973374e-05,-0.0070769050743849995,-0.0
2026-07-29T07:04:37.886595+00:00,0,NONE,0.0,0.0,415.1,0,-7.093720123521052e-05,-0.01354800747082591,-0.0
2026-07-29T07:04:37.936565+00:00,0,NONE,0.0,0.0,415.1,0,-2.975575625896454e-05,-0.005682930832862172,-0.0
2026-07-29T07:04:37.986571+00:00,0,NONE,0.0,0.0,415.1,0,-0.00012587153585627672,-0.024039692551314225,-0.0
2026-07-29T07:04:38.036545+00:00,0,NONE,0.0,0.0,415.1,0,-8.682993706315756e-05,-0.016583296430351634,-0.0
2026-07-29T07:04:38.086611+00:00,0,NONE,0.0,0.0,415.1,0,2.122182631865144e-05,0.004053070272061267,-0.0
2026-07-29T07:04:38.153324+00:00,0,NONE,0.0,0.0,415.1,0,-4.990191024262458e-05,-0.009530562821810142,-0.0
2026-07-29T07:04:38.219950+00:00,0,NONE,0.0,0.0,415.1,0,0.00021382726728916165,0.04083799986828242,-0.0
2026-07-29T07:04:38.269933+00:00,0,NONE,0.0,0.0,415.1,0,-0.0384719861485064,-7.347608119317266,-0.0
2026-07-29T07:04:38.336721+00:00,0,NONE,0.0,0.0,415.1,0,0.032265573237091304,6.162270566851977,-0.0
2026-07-29T07:04:38.386720+00:00,0,NONE,0.0,0.0,415.1,0,0.013210702595533802,2.523058343755364,-0.0
2026-07-29T07:04:38.453271+00:00,0,NONE,0.0,0.0,415.1,0,-0.011608575674472377,-2.217074641018334,-0.0
2026-07-29T07:04:38.469965+00:00,0,NONE,0.0,0.0,415.1,0,0.11282031178474426,21.547092362053036,-0.0
2026-07-29T07:04:38.570100+00:00,0,NONE,0.0,0.0,415.1,0,-0.07260585963726043,-13.86669775044759,-0.0
2026-07-29T07:04:38.653376+00:00,0,NONE,0.0,0.0,415.1,0,-0.006665608786279336,-1.2730375044637503,-0.0
2026-07-29T07:04:38.670894+00:00,0,NONE,0.0,0.0,415.1,0,0.014823204139247537,2.831023453465787,-0.0
2026-07-29T07:04:38.770119+00:00,0,NONE,0.0,0.0,415.1,0,0.008566634167218581,1.6361066080473115,-0.0
2026-07-29T07:04:38.836869+00:00,0,NONE,0.0,0.0,415.1,0,-0.004239908513991395,-0.8097628779109717,-0.0
2026-07-29T07:04:38.886832+00:00,0,NONE,0.0,0.0,415.1,0,-0.004655234610690968,-0.889084319452731,-0.0
2026-07-29T07:04:38.986776+00:00,0,NONE,0.0,0.0,415.1,0,-0.00014949042233638465,-0.02855056759167684,-0.0
2026-07-29T07:04:39.053366+00:00,0,NONE,0.0,0.0,415.1,0,-8.747748448513448e-05,-0.016706968878064485,-0.0
2026-07-29T07:04:39.103374+00:00,0,NONE,0.0,0.0,415.1,0,0.0020800827408675106,0.39726654029904285,-0.0
2026-07-29T07:04:39.153273+00:00,0,NONE,0.0,0.0,415.1,0,-9.726622025482356e-05,-0.018576479699304243,-0.0
2026-07-29T07:04:39.220160+00:00,0,NONE,0.0,0.0,415.1,0,-5.79468923388049e-05,-0.011067041223041616,-0.0
2026-07-29T07:04:39.286608+00:00,0,NONE,0.0,0.0,415.1,0,6.745511724147945e-05,0.012882978414989747,-0.0
2026-07-29T07:04:39.336662+00:00,0,NONE,0.0,0.0,415.1,0,-0.047009873315691945,-8.978224454779394,-0.0
2026-07-29T07:04:39.370075+00:00,0,NONE,0.0,0.0,415.1,0,0.022129301776876675,4.226385317954622,-0.0
2026-07-29T07:04:39.470258+00:00,0,NONE,0.0,0.0,415.1,0,0.017260680869221688,3.296547217762013,-0.0
2026-07-29T07:04:39.536832+00:00,0,NONE,0.0,0.0,415.1,0,0.013806030938867479,2.63675768208048,-0.0
2026-07-29T07:04:39.586663+00:00,0,NONE,0.0,0.0,415.1,0,0.008680908790302056,1.6579314534077494,-0.0
2026-07-29T07:04:39.603523+00:00,0,NONE,0.0,0.0,415.1,0,0.01573991325800307,3.0061019986186173,-0.0
2026-07-29T07:04:39.703513+00:00,0,NONE,0.0,0.0,415.1,0,-0.020341046571265908,-3.884853731375302,-0.0
2026-07-29T07:04:39.786793+00:00,0,NONE,0.0,0.0,415.1,0,-0.00913249924662523,-1.7441788774600986,-0.0
2026-07-29T07:04:39.820101+00:00,0,NONE,0.0,0.0,415.1,0,-0.006516501525766216,-1.2445601153898855,-0.0
2026-07-29T07:04:39.903936+00:00,0,NONE,0.0,0.0,415.1,0,-0.0022691616805968805,-0.43337795777004734,-0.0
2026-07-29T07:04:39.970087+00:00,0,NONE,0.0,0.0,415.1,0,0.0001441637927200645,0.027533256271528396,-0.0
2026-07-29T07:04:40.020010+00:00,0,NONE,0.0,0.0,415.1,0,0.00439094551387825,0.8386088200570873,-0.0
2026-07-29T07:04:40.070368+00:00,0,NONE,0.0,0.0,415.1,0,0.00960473183193244,1.8343686577489478,-0.0
2026-07-29T07:04:40.186869+00:00,0,NONE,0.0,0.0,415.1,0,0.00960473183193244,1.8343686577489478,-0.0
2026-07-29T07:04:40.236820+00:00,0,NONE,0.0,0.0,415.1,0,0.00960473183193244,1.8343686577489478,-0.0
2026-07-29T07:04:40.270360+00:00,0,NONE,0.0,0.0,415.1,0,0.00960473183193244,1.8343686577489478,-0.0
2026-07-29T07:04:40.320230+00:00,0,NONE,0.0,0.0,415.1,0,0.00960473183193244,1.8343686577489478,-0.0
2026-07-29T07:04:40.386894+00:00,0,NONE,0.0,0.0,415.1,0,-0.05709689175710082,-10.904703069990587,-0.0
2026-07-29T07:04:40.436840+00:00,0,NONE,0.0,0.0,415.1,0,-0.004046451537287794,-0.7728153169693814,-0.0
2026-07-29T07:04:40.486920+00:00,0,NONE,0.0,0.0,415.1,0,4.4959870501770637e-05,0.008586702757353949,-0.0
2026-07-29T07:04:40.520374+00:00,0,NONE,0.0,0.0,415.1,0,-0.01017338034347631,-1.9429725235418147,-0.0
2026-07-29T07:04:40.603488+00:00,0,NONE,0.0,0.0,415.1,0,0.005942561726551503,1.1349456880912558,-0.0
2026-07-29T07:04:40.636996+00:00,0,NONE,0.0,0.0,415.1,0,0.0024916893162298948,0.475877605592703,-0.0
2026-07-29T07:04:40.720323+00:00,0,NONE,0.0,0.0,415.1,0,0.007100619858829304,1.3561184994589919,-0.0
2026-07-29T07:04:40.787043+00:00,0,NONE,0.0,0.0,415.1,0,0.0011674138240050525,0.22295961686905927,-0.0
2026-07-29T07:04:40.887086+00:00,0,NONE,0.0,0.0,415.1,0,0.01453360085899476,2.7757133011603585,-0.0
2026-07-29T07:04:40.937070+00:00,0,NONE,0.0,0.0,415.1,0,0.011872476423159242,2.267475971385334,-0.0
2026-07-29T07:04:40.953501+00:00,0,NONE,0.0,0.0,415.1,0,0.013160838196054101,2.5135349449615596,-0.0
2026-07-29T07:04:41.053617+00:00,0,NONE,0.0,0.0,415.1,0,0.00728185870393645,1.390732569153874,-0.0
2026-07-29T07:04:41.137055+00:00,0,NONE,0.0,0.0,415.1,0,-0.010082873983192258,-1.9256870819972591,-0.0
2026-07-29T07:04:41.187070+00:00,0,NONE,0.0,0.0,415.1,0,0.0021472809978877196,0.4101004620253539,-0.0
2026-07-29T07:04:41.270346+00:00,0,NONE,0.0,0.0,415.1,0,-0.0034196488285670058,-0.6531048176458181,-0.0
2026-07-29T07:04:41.353724+00:00,0,NONE,0.0,0.0,415.1,0,-0.004091633358038962,-0.7814444091019099,-0.0
2026-07-29T07:04:41.436947+00:00,0,NONE,0.0,0.0,415.1,0,-0.00971449860255234,-1.8553325667066174,-0.0
2026-07-29T07:04:41.486943+00:00,0,NONE,0.0,0.0,415.1,0,0.0024119674402754755,0.46065184883585736,-0.0
2026-07-29T07:04:41.603707+00:00,0,NONE,0.0,0.0,415.1,0,0.013106617648736574,2.5031795832142807,-0.0
2026-07-29T07:04:41.637011+00:00,0,NONE,0.0,0.0,415.1,0,-0.007526265906635672,-1.437410906478087,-0.0
2026-07-29T07:04:41.687105+00:00,0,NONE,0.0,0.0,415.1,0,0.005049943812191486,0.964468224055926,-0.0
2026-07-29T07:04:41.753716+00:00,0,NONE,0.0,0.0,415.1,0,-0.00030744121933821587,-0.058716947721451994,-0.0
2026-07-29T07:04:41.803710+00:00,0,NONE,0.0,0.0,415.1,0,0.011215192819363437,2.141944049916505,-0.0
2026-07-29T07:04:41.837106+00:00,0,NONE,0.0,0.0,415.1,0,-6.221919727977365e-05,-0.01188299136274294,-0.0
2026-07-29T07:04:41.937124+00:00,0,NONE,0.0,0.0,415.1,0,-0.005083912608679384,-0.970955786302244,-0.0
2026-07-29T07:04:41.970501+00:00,0,NONE,0.0,0.0,415.1,0,-2.4983003677334636e-05,-0.004771402234236968,-0.0
2026-07-29T07:04:42.020443+00:00,0,NONE,0.0,0.0,415.1,0,-1.6954452730715273e-05,-0.0032380619514134623,-0.0
2026-07-29T07:04:42.053864+00:00,0,NONE,0.0,0.0,415.1,0,1.7404794925823786e-06,0.0003324070975134712,-0.0
2026-07-29T07:04:42.120567+00:00,0,NONE,0.0,0.0,415.1,0,0.03869777372921817,7.390730370788113,-0.0
2026-07-29T07:04:42.170389+00:00,0,NONE,0.0,0.0,415.1,0,-0.00026492710821912624,-0.050597350598538524,-0.0
2026-07-29T07:04:42.253784+00:00,0,NONE,0.0,0.0,415.1,0,-3.952618018956855e-05,-0.00754894435045294,-0.0
2026-07-29T07:04:42.270497+00:00,0,NONE,0.0,0.0,415.1,0,0.027775862818525638,5.304799039452888,-0.0
2026-07-29T07:04:42.337194+00:00,0,NONE,0.0,0.0,415.1,0,-0.007428070731693878,-1.418657009502375,-0.0
2026-07-29T07:04:42.353886+00:00,0,NONE,0.0,0.0,415.1,0,-0.014508603438735009,-2.7709391455616967,-0.0
2026-07-29T07:04:42.437232+00:00,0,NONE,0.0,0.0,415.1,0,0.0008799014083342627,0.16804879028390177,-0.0
2026-07-29T07:04:42.487168+00:00,0,NONE,0.0,0.0,415.1,0,0.00012022492126561701,0.022961268602708248,-0.0
2026-07-29T07:04:42.553900+00:00,0,NONE,0.0,0.0,415.1,0,0.0046418522181920704,0.8865284707528166,-0.0
2026-07-29T07:04:42.637146+00:00,0,NONE,0.0,0.0,415.1,0,-0.0006259251106530428,-0.11954289043892798,-0.0
2026-07-29T07:04:42.687165+00:00,0,NONE,0.0,0.0,415.1,0,-0.000454363695171196,-0.08677707365759398,-0.0
2026-07-29T07:04:42.720520+00:00,0,NONE,0.0,0.0,415.1,0,3.1285454024327916e-05,0.005975081585815221,-0.0
2026-07-29T07:04:42.787244+00:00,0,NONE,0.0,0.0,415.1,0,0.006496997691392607,1.240835157410119,-0.0
2026-07-29T07:04:42.853886+00:00,0,NONE,0.0,0.0,415.1,0,-2.633889700518921e-05,-0.005030358784757018,-0.0
2026-07-29T07:04:42.920714+00:00,0,NONE,0.0,0.0,415.1,0,-0.006107362185321108,-1.1664202572556495,-0.0
2026-07-29T07:04:42.987330+00:00,0,NONE,0.0,0.0,415.1,0,6.549999256094452e-05,0.012509577106268032,-0.0
2026-07-29T07:04:43.037256+00:00,0,NONE,0.0,0.0,415.1,0,0.010835436140187085,2.0694158667208096,-0.0
2026-07-29T07:04:43.103805+00:00,0,NONE,0.0,0.0,415.1,0,0.011270633045933209,2.1525323532421616,-0.0
2026-07-29T07:04:43.153785+00:00,0,NONE,0.0,0.0,415.1,0,-0.0017211715166922659,-0.3287195457486585,-0.0
2026-07-29T07:04:43.203715+00:00,0,NONE,0.0,0.0,415.1,0,0.02632727368734777,5.028138894569506,-0.0
2026-07-29T07:04:43.254086+00:00,0,NONE,0.0,0.0,415.1,0,0.008928805013210877,1.7052761445074482,-0.0
2026-07-29T07:04:43.320760+00:00,0,NONE,0.0,0.0,415.1,0,-0.015631055131088943,-2.9853116278256873,-0.0
2026-07-29T07:04:43.337311+00:00,0,NONE,0.0,0.0,415.1,0,0.001947996405797312,0.37203990852946545,-0.0
2026-07-29T07:04:43.403972+00:00,0,NONE,0.0,0.0,415.1,0,-0.01971392910927534,-3.765083118605251,-0.0
2026-07-29T07:04:43.470601+00:00,0,NONE,0.0,0.0,415.1,0,0.022190132107643878,4.238003055352442,-0.0
2026-07-29T07:04:43.553984+00:00,0,NONE,0.0,0.0,415.1,0,0.004738007895939518,0.9048928524566456,-0.0
2026-07-29T07:04:43.603971+00:00,0,NONE,0.0,0.0,415.1,0,-0.0046525261612259785,-0.8885670437081699,-0.0
2026-07-29T07:04:43.653987+00:00,0,NONE,0.0,0.0,415.1,0,-1.8548451480455695e-05,-0.0035424932877776497,-0.0
2026-07-29T07:04:43.720821+00:00,0,NONE,0.0,0.0,415.1,0,1.7881393418974766e-05,0.003415094582400865,-0.0
2026-07-29T07:04:43.754013+00:00,0,NONE,0.0,0.0,415.1,0,-3.464684341452084e-05,-0.0066170596703422485,-0.0
2026-07-29T07:04:43.820750+00:00,0,NONE,0.0,0.0,415.1,0,1.2709058064501734e-05,0.0024272512956088404,-0.0
2026-07-29T07:04:43.887245+00:00,0,NONE,0.0,0.0,415.1,0,0.0,0.0,-0.0
2026-07-29T07:04:43.937258+00:00,0,NONE,0.0,0.0,415.1,0,0.031148347230337093,5.948896117021075,-0.0
2026-07-29T07:04:43.970540+00:00,0,NONE,0.0,0.0,415.1,0,0.03024383609124925,5.776147214380062,-0.0
2026-07-29T07:04:44.054045+00:00,0,NONE,0.0,0.0,415.1,0,-0.0004690355886123143,-0.08957919889639983,-0.0
2026-07-29T07:04:44.120744+00:00,0,NONE,0.0,0.0,415.1,0,0.003197228589269798,0.6106256810124187,-0.0
2026-07-29T07:04:44.170807+00:00,0,NONE,0.0,0.0,415.1,0,3.696912084706127e-05,0.007060581989485727,-0.0
2026-07-29T07:04:44.270815+00:00,0,NONE,0.0,0.0,415.1,0,-0.0008896266223746353,-0.16990616934848415,-0.0
2026-07-29T07:04:44.287520+00:00,0,NONE,0.0,0.0,415.1,0,-5.710171011742204e-05,-0.010905623309025851,-0.0
2026-07-29T07:04:44.387463+00:00,0,NONE,0.0,0.0,415.1,0,-9.494251571595669e-06,-0.0018132684822929359,-0.0
2026-07-29T07:04:44.454226+00:00,0,NONE,0.0,0.0,415.1,0,-7.114314415957778e-05,-0.01358733967211533,-0.0
2026-07-29T07:04:44.504303+00:00,0,NONE,0.0,0.0,415.1,0,5.604367470368732e-07,0.0001070355342975126,-0.0
2026-07-29T07:04:44.537418+00:00,0,NONE,0.0,0.0,415.1,0,0.001211160449311137,0.2313146068623221,-0.0
2026-07-29T07:04:44.587526+00:00,0,NONE,0.0,0.0,415.1,0,0.001035461861465592,0.19775864836246115,-0.0
2026-07-29T07:04:44.637463+00:00,0,NONE,0.0,0.0,415.1,0,0.005154131761191821,0.9843666565687375,-0.0
