timestamp,lane_valid,side,lane_center_x,error_px,half_width,pixel_count,speed_mps,motor_rpm,steering_deg
2026-07-28T08:10:14.570349+00:00,1,BOTH,708.0,68.0,522.0,17491,-0.004785007695027162,-0.913869152875595,1.275
2026-07-28T08:10:15.470338+00:00,1,BOTH,708.0,68.0,530.0,17036,0.001302054515108466,0.24867409470555996,2.04
2026-07-28T08:10:16.286948+00:00,1,BOTH,708.0,68.0,536.4,17614,0.011164768457529135,2.1323137061906854,2.499
2026-07-28T08:10:16.337063+00:00,1,BOTH,708.0,68.0,541.5,17054,-0.00022919371680472976,-0.04377277554609209,2.774
2026-07-28T08:10:16.403548+00:00,1,BOTH,708.5,68.5,545.7,17069,0.00331512727883819,0.6331426720870584,2.949
2026-07-28T08:10:16.503612+00:00,1,BOTH,708.0,68.0,549.0,17548,-0.0022529215255053716,-0.4302763166187762,3.044
2026-07-28T08:10:16.603682+00:00,1,BOTH,708.0,68.0,551.6,17125,-2.7956085978075863e-05,-0.005339219127495357,3.102
2026-07-28T08:10:16.670158+00:00,1,BOTH,707.5,67.5,553.6,17774,-0.009580764715647092,-1.829791275714782,3.127
2026-07-28T08:10:16.706414+00:00,1,BOTH,708.0,68.0,555.3,17086,0.012867738940985873,2.4575571106487666,3.151
2026-07-28T08:10:16.836868+00:00,1,BOTH,708.0,68.0,556.6,17500,-6.145433781057363e-05,-0.01173691396439035,3.166
2026-07-28T08:10:16.937038+00:00,1,BOTH,708.0,68.0,557.7,17516,1.9774943066295236e-05,0.003776735926034027,3.174
2026-07-28T08:10:17.070140+00:00,1,BOTH,707.5,67.5,558.4,17762,-5.57649292750284e-05,-0.010650316974348855,3.17
2026-07-28T08:10:17.136813+00:00,1,BOTH,708.0,68.0,559.2,17411,0.015530688184080646,2.966142952938392,3.177
2026-07-28T08:10:17.186728+00:00,1,BOTH,707.5,67.5,559.6,18021,3.080184615100734e-05,0.005882719285546666,3.172
2026-07-28T08:10:17.253579+00:00,1,BOTH,708.0,68.0,560.1,17647,-0.004701890025899047,-0.8979948473955758,3.178
2026-07-28T08:10:17.287112+00:00,1,BOTH,708.0,68.0,560.5,17540,0.0013769170417799615,0.2629717841121008,3.182
2026-07-28T08:10:17.370114+00:00,1,BOTH,708.0,68.0,560.8,17579,4.2492758366279306e-05,0.00811551904752341,3.184
2026-07-28T08:10:17.420022+00:00,1,BOTH,707.5,67.5,560.9,18076,-0.003790561886307842,-0.7239439935619585,3.176
2026-07-28T08:10:17.503394+00:00,1,BOTH,708.0,68.0,561.1,17696,0.004262436268763849,0.8140653621455294,3.181
2026-07-28T08:10:17.553467+00:00,1,BOTH,708.0,68.0,561.3,17460,0.005944647004871513,1.135343946914078,3.183
2026-07-28T08:10:17.653489+00:00,1,BOTH,707.5,67.5,561.4,18141,0.009922066376748261,1.8949750914544534,3.176
2026-07-28T08:10:17.736826+00:00,1,BOTH,708.5,68.5,561.6,16878,0.0015290846546122338,0.2920336574250006,3.19
2026-07-28T08:10:17.786835+00:00,1,BOTH,707.5,67.5,561.6,18099,0.005042838565423154,0.9631112218818445,3.179
2026-07-28T08:10:17.869953+00:00,1,BOTH,708.0,68.0,561.7,17527,0.00013690461049918666,0.026146854591619383,3.183
2026-07-28T08:10:17.920112+00:00,1,BOTH,708.0,68.0,561.7,17623,0.0010934301726229024,0.20882978027851118,3.185
2026-07-28T08:10:17.986834+00:00,1,BOTH,708.0,68.0,561.8,17721,-0.0006280698452610522,-0.11995250457630993,3.186
2026-07-28T08:10:18.069997+00:00,1,BOTH,708.0,68.0,561.8,17538,-0.00023327506827627075,-0.04455225625952145,3.186
2026-07-28T08:10:18.086834+00:00,1,BOTH,708.0,68.0,561.9,17650,-0.0005146504524782358,-0.09829099617167018,3.187
2026-07-28T08:10:18.170148+00:00,1,BOTH,708.0,68.0,561.9,17480,0.0011892175034427055,0.2271238129011716,3.187
2026-07-28T08:10:18.236757+00:00,1,BOTH,708.0,68.0,561.9,17332,0.0005731812960584648,0.10946956386662855,3.187
2026-07-28T08:10:18.270303+00:00,1,BOTH,707.75,67.75,561.9,17841,1.7756693487172016e-05,0.003391278649741309,3.183
2026-07-28T08:10:18.403246+00:00,1,BOTH,708.0,68.0,561.9,17720,0.004980681744491448,0.9512401435240541,3.185
2026-07-28T08:10:18.453309+00:00,1,BOTH,707.5,67.5,561.8,17797,0.0015942266604542965,0.3044748641042231,3.176
2026-07-28T08:10:18.520126+00:00,1,BOTH,707.5,67.5,561.8,17821,-0.007259003343642689,-1.3863675168735963,3.171
2026-07-28T08:10:18.570048+00:00,1,BOTH,707.5,67.5,561.7,18285,0.010943327679706271,2.090021632919538,3.169
2026-07-28T08:10:18.636641+00:00,1,BOTH,707.5,67.5,561.7,17936,0.0018196589680883335,0.3475292634153069,3.167
2026-07-28T08:10:18.703247+00:00,1,BOTH,707.5,67.5,561.6,17833,0.0018344619560230057,0.35035642585810617,3.166
2026-07-28T08:10:18.720055+00:00,1,BOTH,708.0,68.0,561.7,17489,0.0018344619560230057,0.35035642585810617,3.174
2026-07-28T08:10:18.753257+00:00,1,BOTH,707.5,67.5,561.7,17852,0.0018344619560230057,0.35035642585810617,3.17
2026-07-28T08:10:18.820287+00:00,1,BOTH,708.0,68.0,561.7,17431,0.0018344619560230057,0.35035642585810617,3.177
2026-07-28T08:10:18.920004+00:00,1,BOTH,708.0,68.0,561.8,17441,0.0018344619560230057,0.35035642585810617,3.181
2026-07-28T08:10:18.953600+00:00,1,BOTH,707.5,67.5,561.7,18011,0.0018344619560230057,0.35035642585810617,3.174
2026-07-28T08:10:19.036499+00:00,1,BOTH,708.0,68.0,561.8,17268,-0.005317985637630045,-1.015660441824632,3.18
2026-07-28T08:10:19.120775+00:00,1,BOTH,707.5,67.5,561.7,17913,0.00478225935366936,0.9133442583407174,3.173
2026-07-28T08:10:19.236730+00:00,1,BOTH,707.5,67.5,561.7,17962,-0.0033321006200276314,-0.6363843414683603,3.17
2026-07-28T08:10:19.303294+00:00,1,BOTH,708.0,68.0,561.7,17508,-0.010464645519241457,-1.998600074510078,3.177
2026-07-28T08:10:19.353284+00:00,1,BOTH,708.0,68.0,561.8,17519,-0.012685396929155103,-2.4227323516293415,3.181
2026-07-28T08:10:19.403512+00:00,1,BOTH,707.5,67.5,561.7,18058,-0.0006418924906756729,-0.122592435389522,3.174
2026-07-28T08:10:19.486499+00:00,1,BOTH,707.5,67.5,561.7,17901,0.007271614840137772,1.3887761352819705,3.17
2026-07-28T08:10:19.503498+00:00,1,BOTH,708.0,68.0,561.8,17481,0.007729879870894365,1.476298309151256,3.177
2026-07-28T08:10:19.636616+00:00,1,BOTH,708.0,68.0,561.8,17008,-0.0014218749897554517,-0.2715581196939818,3.181
2026-07-28T08:10:19.686589+00:00,1,BOTH,707.5,67.5,561.7,17845,0.033613051926949994,6.4196200398943795,3.174
2026-07-28T08:10:19.769719+00:00,1,BOTH,707.5,67.5,561.7,17954,0.03470453228783299,6.628077433561085,3.17
2026-07-28T08:10:19.836567+00:00,1,BOTH,708.0,68.0,561.8,17512,-0.011669753920286893,-2.22875882529562,3.177
2026-07-28T08:10:19.886576+00:00,1,BOTH,707.5,67.5,561.7,17847,0.011402584358584135,2.177733197629193,3.172
2026-07-28T08:10:19.969809+00:00,1,BOTH,707.5,67.5,561.7,18151,-0.003744228382129222,-0.7150949460970029,3.169
2026-07-28T08:10:20.053383+00:00,1,BOTH,707.0,67.0,561.7,17844,-0.007090210231835954,-1.3541304071489104,3.158
2026-07-28T08:10:20.070539+00:00,1,BOTH,708.0,68.0,561.8,17803,-0.019447846659459173,-3.7142651140153577,3.17
2026-07-28T08:10:20.169794+00:00,1,BOTH,708.0,68.0,561.8,17617,0.014005812399554998,2.674913130488325,3.177
2026-07-28T08:10:20.219793+00:00,1,BOTH,708.0,68.0,561.9,17636,-0.022457741239923053,-4.289112634814958,3.181
2026-07-28T08:10:20.303132+00:00,1,BOTH,707.5,67.5,561.8,17895,-0.0026024305121973156,-0.4970276160832509,3.174
2026-07-28T08:10:20.369719+00:00,1,BOTH,707.0,67.0,561.8,18032,-0.01726140622748062,-3.2966857509849192,3.161
2026-07-28T08:10:20.436494+00:00,1,BOTH,707.5,67.5,561.8,17824,0.03215947340009734,6.142006990629377,3.162
2026-07-28T08:10:20.486587+00:00,1,BOTH,708.5,68.5,561.7,17419,-0.016576893797609956,-3.1659535067988065,3.182
2026-07-28T08:10:20.586507+00:00,1,BOTH,708.0,68.0,561.8,17435,-0.03872655390761793,-7.396226979974578,3.184
2026-07-28T08:10:20.619850+00:00,1,BOTH,707.0,67.0,561.8,18009,-0.02414426121977158,-4.611214224514322,3.167
2026-07-28T08:10:20.686267+00:00,1,BOTH,708.0,68.0,561.9,17743,-0.02414426121977158,-4.611214224514322,3.175
2026-07-28T08:10:20.719949+00:00,1,BOTH,707.5,67.5,562.0,17481,-0.02414426121977158,-4.611214224514322,3.171
2026-07-28T08:10:21.053002+00:00,1,BOTH,708.0,68.0,562.0,17506,-0.02815725135616958,-5.3776388846584355,3.177
2026-07-28T08:10:21.186411+00:00,1,BOTH,708.0,68.0,562.0,17781,-0.004191699145012535,-0.8005555666593797,3.181
2026-07-28T08:10:21.286389+00:00,1,BOTH,708.0,68.0,562.0,17415,-0.010156139995669946,-1.939679859653007,3.184
2026-07-28T08:10:21.338774+00:00,1,BOTH,708.0,68.0,562.0,17516,0.01709954999620095,3.2657734878508577,3.185
2026-07-28T08:10:21.469554+00:00,1,BOTH,708.0,68.0,562.0,17568,0.004392805430570661,0.8389640379794908,3.186
2026-07-28T08:10:21.536192+00:00,1,BOTH,707.5,67.5,561.9,18171,0.005472728827007813,1.0452142140237644,3.177
2026-07-28T08:10:21.586131+00:00,1,BOTH,707.5,67.5,561.8,17812,-0.010327636562287808,-1.9724332912136324,3.172
2026-07-28T08:10:21.636298+00:00,1,BOTH,708.0,68.0,561.9,17343,0.01273557058419101,2.432314813883684,3.178
2026-07-28T08:10:21.419680+00:00,1,BOTH,708.0,68.0,561.9,17420,-0.003770698222797364,-0.7201503132792304,3.182
2026-07-28T08:10:21.753003+00:00,1,BOTH,708.0,68.0,561.9,17405,-0.00875360685051419,-1.6718157601708932,3.184
2026-07-28T08:10:21.836224+00:00,1,BOTH,707.5,67.5,561.8,18246,-0.007487020094849868,-1.429915508548449,3.176
2026-07-28T08:10:21.903069+00:00,1,BOTH,708.0,68.0,561.9,17515,-0.0007264551532944097,-0.13874271429766305,3.181
2026-07-28T08:10:21.969724+00:00,1,BOTH,708.0,68.0,561.9,17779,0.007546392757212743,1.4412548517879424,3.183
2026-07-28T08:10:22.053022+00:00,1,BOTH,708.0,68.0,561.9,17430,-0.01775638677787356,-3.3912200725801793,3.185
2026-07-28T08:10:22.119419+00:00,1,BOTH,707.5,67.5,561.8,17970,0.005552373731625267,1.0604252703381047,3.177
2026-07-28T08:10:22.186403+00:00,1,BOTH,707.5,67.5,561.8,18058,0.004944330858415924,0.9442976356784261,3.172
2026-07-28T08:10:22.219426+00:00,1,BOTH,708.0,68.0,561.8,17252,0.0020371758937835693,0.389071936131966,3.178
2026-07-28T08:10:22.253042+00:00,1,BOTH,708.0,68.0,561.8,17484,-0.004746988141996553,-0.9066079531168362,3.182
2026-07-28T08:10:22.386475+00:00,1,BOTH,708.0,68.0,561.9,17646,0.0002076200523879379,0.0396525091470463,3.184
2026-07-28T08:10:22.537812+00:00,1,BOTH,707.5,67.5,561.8,17809,-0.007678002701431978,-1.4663904996069903,3.176
2026-07-28T08:10:22.586206+00:00,1,BOTH,707.5,67.5,561.7,18117,0.0010552020156501384,0.20152874010150124,3.171
2026-07-28T08:10:22.636181+00:00,1,BOTH,708.0,68.0,561.8,17392,-0.00040031095732047107,-0.07645376115768207,3.178
2026-07-28T08:10:22.719479+00:00,1,BOTH,707.5,67.5,561.7,17896,0.0032684583771788313,0.6242295684217506,3.172
2026-07-28T08:10:22.786165+00:00,1,BOTH,708.0,68.0,561.8,17168,2.6984650176018477e-05,0.00515368855574271,3.178
2026-07-28T08:10:22.852716+00:00,1,BOTH,707.5,67.5,561.7,17795,-0.006585882070285151,-1.2578108233274006,3.173
2026-07-28T08:10:22.902670+00:00,1,BOTH,708.0,68.0,561.8,17479,0.011605600502807647,2.2165064250859476,3.179
2026-07-28T08:10:22.952676+00:00,1,BOTH,708.0,68.0,561.8,17228,-3.2068539003375914e-05,-0.006124639800147024,3.182
2026-07-28T08:10:23.002896+00:00,1,BOTH,708.0,68.0,561.9,17296,0.001269857978913933,0.2425250092426035,3.184
2026-07-28T08:10:23.020442+00:00,1,BOTH,708.0,68.0,561.9,17410,0.001269857978913933,0.2425250092426035,3.186
2026-07-28T08:10:23.102726+00:00,1,BOTH,708.0,68.0,561.9,17550,0.0026821823455975393,0.5122590942907953,3.186
2026-07-28T08:10:23.169536+00:00,1,BOTH,708.0,68.0,561.9,17541,2.1513655374292286e-05,0.004108805516152964,3.187
2026-07-28T08:10:23.202702+00:00,1,BOTH,708.0,68.0,561.9,17188,-0.0025890847621485593,-0.4944787655758168,3.187
2026-07-28T08:10:23.319554+00:00,1,BOTH,708.0,68.0,562.0,17658,-0.0013926496246131138,-0.2659764861026994,3.187
2026-07-28T08:10:23.402712+00:00,1,BOTH,708.0,68.0,562.0,17443,-0.024874583781056572,-4.75069555933037,3.187
2026-07-28T08:10:23.469461+00:00,1,BOTH,708.0,68.0,562.0,17722,0.003564829485549126,0.680832280685858,3.187
2026-07-28T08:10:23.536088+00:00,1,BOTH,707.5,67.5,561.9,18046,2.315762685611844e-05,0.004422780941314653,3.178
2026-07-28T08:10:23.620094+00:00,1,BOTH,707.5,67.5,561.8,18127,0.0008149581885663793,0.15564554894826743,3.172
2026-07-28T08:10:23.685853+00:00,1,BOTH,708.0,68.0,561.8,17655,1.6377731517422943e-05,0.003127916313155747,3.178
2026-07-28T08:10:23.769499+00:00,1,BOTH,708.0,68.0,561.9,17635,4.550237499643118e-06,0.0008690313483723703,3.182
2026-07-28T08:10:23.802843+00:00,1,BOTH,708.0,68.0,561.9,17658,1.1948822066187858e-05,0.0022820569151511738,3.184
2026-07-28T08:10:23.969545+00:00,1,BOTH,708.0,68.0,561.9,17711,1.1948822066187858e-05,0.0022820569151511738,3.186
2026-07-28T08:10:24.052738+00:00,1,BOTH,708.0,68.0,561.9,17788,0.0035973291931804853,0.6870392676281447,3.186
2026-07-28T08:10:24.119303+00:00,1,BOTH,708.0,68.0,561.9,17410,0.0010244461041293107,0.19565479368409722,3.187
2026-07-28T08:10:24.136132+00:00,1,BOTH,708.0,68.0,562.0,17174,-0.0014251589734703884,-0.2721853143835004,3.187
2026-07-28T08:10:24.202687+00:00,1,BOTH,708.0,68.0,562.0,17655,0.001982637805340346,0.37865592849693963,3.187
2026-07-28T08:10:24.252708+00:00,1,BOTH,708.5,68.5,562.1,17088,-0.002715976664912887,-0.5187133338517514,3.197
2026-07-28T08:10:24.336062+00:00,1,BOTH,707.5,67.5,562.0,17980,0.003157916858326644,0.6031176934510967,3.184
2026-07-28T08:10:24.419290+00:00,1,BOTH,708.0,68.0,562.0,17562,-0.018566931705572644,-3.5460227507898257,3.185
2026-07-28T08:10:24.486127+00:00,1,BOTH,708.0,68.0,562.0,17644,-0.0037161966819985537,-0.7097412857301241,3.186
2026-07-28T08:10:24.519155+00:00,1,BOTH,708.0,68.0,562.0,17734,-0.03037801415892318,-5.801773337649852,3.187
2026-07-28T08:10:24.619257+00:00,1,BOTH,707.5,67.5,561.9,17942,0.0021892312308773396,0.4181123663583396,3.178
2026-07-28T08:10:24.702498+00:00,1,BOTH,707.5,67.5,561.8,17955,-0.026337088700383902,-5.03001342397896,3.172
2026-07-28T08:10:24.735980+00:00,1,BOTH,708.0,68.0,561.8,17392,-0.010849067429080605,-2.072019251130551,3.178
2026-07-28T08:10:24.786043+00:00,1,BOTH,708.0,68.0,561.9,17762,-0.014079918211791664,-2.6890662980834916,3.182
2026-07-28T08:10:24.902591+00:00,1,BOTH,708.0,68.0,561.9,17698,-0.003039119513705373,-0.5804290719038967,3.184
2026-07-28T08:10:24.952590+00:00,1,BOTH,708.0,68.0,561.9,17373,-0.005161366717657074,-0.9857484314701372,3.186
2026-07-28T08:10:25.035938+00:00,1,BOTH,707.5,67.5,561.8,17931,-0.01787046316487249,-3.4130070576373117,3.177
2026-07-28T08:10:25.052564+00:00,1,BOTH,708.0,68.0,561.9,17529,-0.005522586428560317,-1.0547363145091089,3.181
2026-07-28T08:10:25.135918+00:00,1,BOTH,707.5,67.5,562.0,17739,0.01705292919417843,3.2568695705395068,3.174
2026-07-28T08:10:25.186030+00:00,1,BOTH,708.0,68.0,562.0,17420,-0.00042312512756325304,-0.08081094671769659,3.18
2026-07-28T08:10:25.269250+00:00,1,BOTH,708.0,68.0,562.0,17781,-0.0001520939264446498,-0.029047800249505384,3.183
2026-07-28T08:10:25.285759+00:00,1,BOTH,708.5,68.5,561.9,17342,0.013947135524358601,2.663706672809094,3.194
2026-07-28T08:10:25.402337+00:00,1,BOTH,707.5,67.5,561.8,17835,-0.006622253526002169,-1.264757259685174,3.182
2026-07-28T08:10:25.419829+00:00,1,BOTH,707.5,67.5,561.8,17975,-0.01241103459848091,-2.3703330062793277,3.175
2026-07-28T08:10:25.485867+00:00,1,BOTH,708.0,68.0,561.8,17508,0.010729168304242193,2.04912020506204,3.18
2026-07-28T08:10:25.502498+00:00,1,BOTH,708.0,68.0,561.6,18105,0.0019788095308467747,0.37792478192594225,3.183
2026-07-28T08:10:25.619229+00:00,1,BOTH,707.5,67.5,561.6,18011,0.0034552834717032966,0.6599105331663657,3.175
2026-07-28T08:10:25.635957+00:00,1,BOTH,707.0,67.0,561.7,17913,0.030129261775873602,5.754265132007976,3.161
2026-07-28T08:10:25.719256+00:00,1,BOTH,707.5,67.5,561.7,18144,0.0012966819456778466,0.24764800952717494,3.163
2026-07-28T08:10:25.735841+00:00,1,BOTH,707.0,67.0,561.7,17885,-0.0077532647940097375,-1.4807645004804186,3.154
2026-07-28T08:10:25.835794+00:00,1,BOTH,708.5,68.5,561.9,16745,-0.001266824568156153,-0.2419456704627689,3.177
2026-07-28T08:10:25.919046+00:00,1,BOTH,707.5,67.5,561.8,18018,-0.02125235243700445,-4.058900331216416,3.172
2026-07-28T08:10:25.985787+00:00,1,BOTH,708.0,68.0,561.8,17517,-0.013669409115682356,-2.610664835887513,3.178
2026-07-28T08:10:26.035644+00:00,1,BOTH,708.5,68.5,562.0,17013,-0.006889581731520593,-1.3158131860885462,3.191
2026-07-28T08:10:26.152730+00:00,1,BOTH,707.0,67.0,562.0,17799,-0.019914210070855917,-3.803333964656547,3.171
2026-07-28T08:10:26.202306+00:00,1,RIGHT,323.02,-316.98,562.0,15582,-0.011541372243955265,-2.204239731226897,-0.829
2026-07-28T08:10:26.252281+00:00,1,RIGHT,322.02,-317.98,562.0,15644,-0.01190170988207683,-2.2730591507738236,-4.829
2026-07-28T08:10:26.319158+00:00,1,BOTH,708.0,68.0,562.0,17408,0.002789356024004519,0.5327277591161697,-1.622
2026-07-28T08:10:26.402419+00:00,1,BOTH,708.0,68.0,562.0,17639,0.001124947075441014,0.21484906532785042,0.302
2026-07-28T08:10:26.419067+00:00,1,BOTH,707.5,67.5,561.9,18075,0.022737334618577732,4.342511036737346,1.447
2026-07-28T08:10:26.469077+00:00,1,BOTH,708.0,68.0,561.9,17339,-0.01880598914460279,-3.5916793585152704,2.143
2026-07-28T08:10:26.502460+00:00,1,BOTH,708.0,68.0,561.9,17487,0.0024753808203968218,0.47276291232123047,2.561
2026-07-28T08:10:26.585723+00:00,1,BOTH,708.0,68.0,561.9,17588,-0.013207847156445495,-2.5225129950606417,2.811
2026-07-28T08:10:26.652389+00:00,1,BOTH,707.5,67.5,561.9,18065,0.003296561127062887,0.6295967982919778,2.952
2026-07-28T08:10:26.771374+00:00,1,BOTH,707.5,67.5,561.8,17935,-0.002082638526626397,-0.39775465942345556,3.037
2026-07-28T08:10:26.785931+00:00,1,BOTH,708.0,68.0,561.8,17768,0.006036363133753184,1.1528604372414037,3.097
2026-07-28T08:10:26.835839+00:00,1,BOTH,707.5,67.5,561.8,18384,-0.006961887718643993,-1.3296226124075397,3.124
2026-07-28T08:10:26.918850+00:00,1,BOTH,708.0,68.0,561.8,17392,0.021973860398866236,4.196698201548971,3.149
2026-07-28T08:10:26.985935+00:00,1,RIGHT,323.19,-316.81,561.8,15613,0.021973860398866236,4.196698201548971,-0.851
2026-07-28T08:10:27.002459+00:00,1,BOTH,707.5,67.5,561.7,18358,-0.0011106463163741865,-0.21211782153330822,0.755
2026-07-28T08:10:27.102464+00:00,1,BOTH,707.5,67.5,561.7,17900,-0.0011106463163741865,-0.21211782153330822,1.719
2026-07-28T08:10:27.136586+00:00,1,BOTH,707.5,67.5,561.7,17994,-0.015065597564680502,-2.877317187662547,2.297
2026-07-28T08:10:27.235663+00:00,1,BOTH,707.5,67.5,561.6,18176,-5.873248737771065e-05,-0.011217078823494,2.644
2026-07-28T08:10:27.285645+00:00,1,BOTH,708.0,68.0,561.7,17101,-4.7542440952383914e-05,-0.009079937381071749,2.861
2026-07-28T08:10:27.335674+00:00,1,BOTH,708.0,68.0,561.8,17491,5.530125112272799e-05,0.010561760970418064,2.992
2026-07-28T08:10:27.385661+00:00,1,BOTH,708.0,68.0,561.8,17636,-0.006732796032447368,-1.2858693232721994,3.07
2026-07-28T08:10:27.469007+00:00,1,BOTH,707.5,67.5,561.7,17884,6.69543631374836e-05,0.012787341425880356,3.108
2026-07-28T08:10:27.535714+00:00,1,BOTH,707.5,67.5,561.7,17785,0.003870242623088416,0.7391618933153575,3.13
2026-07-28T08:10:27.585667+00:00,1,BOTH,708.0,68.0,561.8,17650,0.0006726381496991962,0.12846442372417602,3.153
2026-07-28T08:10:27.602233+00:00,1,BOTH,708.0,68.0,561.8,17583,0.00030574343136322566,0.058392694103201984,3.167
2026-07-28T08:10:27.685480+00:00,1,BOTH,707.5,67.5,561.7,17967,0.0,0.0,3.166
2026-07-28T08:10:27.735650+00:00,1,BOTH,707.5,67.5,561.7,17998,5.8193966833641755e-06,0.001111422897563988,3.165
2026-07-28T08:10:27.819110+00:00,1,BOTH,707.5,67.5,561.7,17888,5.8193966833641755e-06,0.001111422897563988,3.165
2026-07-28T08:10:27.885539+00:00,1,BOTH,708.0,68.0,561.7,17725,5.8193966833641755e-06,0.001111422897563988,3.174
2026-07-28T08:10:27.935698+00:00,1,BOTH,708.0,68.0,561.8,17495,5.8193966833641755e-06,0.001111422897563988,3.179
2026-07-28T08:10:28.018913+00:00,1,BOTH,708.0,68.0,561.8,17067,5.8193966833641755e-06,0.001111422897563988,3.183
2026-07-28T08:10:28.085527+00:00,1,BOTH,708.0,68.0,561.9,17750,3.505073196720332e-05,0.006694196701883426,3.185
2026-07-28T08:10:28.135623+00:00,1,BOTH,708.0,68.0,561.9,17477,-0.004546828951861244,-0.86838036369847,3.186
2026-07-28T08:10:28.235402+00:00,1,BOTH,707.5,67.5,561.8,18275,-0.0037313719448866323,-0.7126395474517522,3.177
2026-07-28T08:10:28.302275+00:00,1,BOTH,708.0,68.0,561.8,17396,-1.5970823583302262e-05,-0.0030502026222374063,3.181
2026-07-28T08:10:28.335521+00:00,1,BOTH,708.0,68.0,561.9,17522,-3.480759478406981e-05,-0.0066477609204292605,3.184
2026-07-28T08:10:28.402177+00:00,1,BOTH,708.0,68.0,561.9,17617,-1.046480610966682e-06,-0.00019986307450220897,3.185
2026-07-28T08:10:28.468812+00:00,1,BOTH,707.5,67.5,561.8,17923,-5.5172127904370424e-05,-0.010537100252254614,3.177
2026-07-28T08:10:28.518703+00:00,1,BOTH,707.5,67.5,561.8,18004,7.838065386749803e-05,0.014969602206944635,3.172
2026-07-28T08:10:28.535465+00:00,1,BOTH,707.5,67.5,561.7,17903,-1.6147179412655532e-05,-0.0030838841046189783,3.169
2026-07-28T08:10:28.602060+00:00,1,BOTH,707.5,67.5,561.7,18220,4.2826199205592193e-07,8.179201556889839e-05,3.167
2026-07-28T08:10:28.668748+00:00,1,BOTH,708.0,68.0,561.7,17322,4.22000710386783e-06,0.0008059619885561742,3.175
2026-07-28T08:10:28.735411+00:00,1,BOTH,708.0,68.0,561.8,17416,0.02909093491965905,5.55595930995404,3.18
2026-07-28T08:10:28.752187+00:00,1,BOTH,708.0,68.0,561.8,17597,-1.9916238379664715e-05,-0.0038037213431041913,3.183
2026-07-28T08:10:28.785480+00:00,1,BOTH,708.0,68.0,561.9,17303,3.59154274337925e-05,0.006859341371215611,3.185
2026-07-28T08:10:28.868911+00:00,1,BOTH,707.5,67.5,561.8,17864,-1.5275110490620138e-06,-0.0002917331209028474,3.177
2026-07-28T08:10:28.935540+00:00,1,BOTH,708.0,68.0,561.8,17151,-9.402129217050961e-07,-0.00017956744085788709,3.181
2026-07-28T08:10:29.068743+00:00,1,BOTH,708.0,68.0,561.9,17700,-6.294480815995484e-05,-0.012021572832753458,3.184
2026-07-28T08:10:29.118617+00:00,1,BOTH,708.0,68.0,561.9,17580,-6.6968603641726075e-06,-0.001279006116185113,3.185
2026-07-28T08:10:29.135566+00:00,1,BOTH,708.0,68.0,561.9,17742,-1.8191522103734313e-05,-0.0034743247982097487,3.186
2026-07-28T08:10:29.235362+00:00,1,BOTH,708.0,68.0,561.9,17405,9.832712657953378e-06,0.0018779097882186348,3.187
2026-07-28T08:10:29.285523+00:00,1,BOTH,707.5,67.5,561.8,18176,0.0,0.0,3.178
2026-07-28T08:10:29.335321+00:00,1,RIGHT,322.15,-317.85,561.8,15826,-0.029889063467271625,-5.708390634244396,-0.822
2026-07-28T08:10:29.401965+00:00,1,BOTH,708.0,68.0,561.9,17565,0.004205825149401789,0.8032534347690048,0.782
2026-07-28T08:10:29.468747+00:00,1,BOTH,708.0,68.0,561.9,17302,-0.004206166744879738,-0.8033186746996288,1.744
2026-07-28T08:10:29.485435+00:00,1,BOTH,708.0,68.0,561.9,17600,0.0031931711972356426,0.6098507762144616,2.321
2026-07-28T08:10:29.518663+00:00,1,BOTH,708.0,68.0,561.9,17793,-0.005491739857243374,-1.0488450533460751,2.668
2026-07-28T08:10:29.618647+00:00,1,BOTH,708.0,68.0,561.9,17681,1.4642444439232348e-05,0.0027965008937427165,2.876
2026-07-28T08:10:29.685339+00:00,1,BOTH,707.5,67.5,561.9,18142,-4.822824674192816e-05,-0.009210916638760155,2.991
2026-07-28T08:10:29.751998+00:00,1,BOTH,708.0,68.0,561.9,17471,2.3371540883090344e-05,0.004463635511061779,3.07
2026-07-28T08:10:29.801875+00:00,1,BOTH,707.5,67.5,561.8,18398,4.882545908913016e-05,0.00932497579531941,3.107
2026-07-28T08:10:29.851944+00:00,1,BOTH,708.0,68.0,561.8,17186,0.02765262800268829,5.281262923331047,3.139
2026-07-28T08:10:29.952074+00:00,1,BOTH,708.0,68.0,561.9,17583,8.739616168895736e-06,0.0016691437368067312,3.159
2026-07-28T08:10:30.001752+00:00,1,BOTH,708.0,68.0,561.9,17477,0.015085130032966845,2.8810476143168153,3.17
2026-07-28T08:10:30.051938+00:00,1,BOTH,708.0,68.0,561.9,17542,-3.591121640056372e-05,-0.006858537123110949,3.177
2026-07-28T08:10:30.118662+00:00,1,BOTH,708.0,68.0,561.9,17548,-1.451593227102421e-05,-0.0027723388494247984,3.181
2026-07-28T08:10:30.135170+00:00,1,BOTH,708.0,68.0,562.0,17549,3.946898505091667e-06,0.0007538020883608213,3.184
2026-07-28T08:10:30.168664+00:00,1,BOTH,708.0,68.0,562.0,17337,8.206869824789465e-06,0.0015673966799123525,3.185
2026-07-28T08:10:30.268602+00:00,1,BOTH,708.0,68.0,562.0,17531,6.29546630079858e-06,0.0012023454970086515,3.186
2026-07-28T08:10:30.335315+00:00,1,BOTH,708.0,68.0,562.0,17778,-3.804808962740935e-05,-0.0072666498472868015,3.187
2026-07-28T08:10:30.385278+00:00,1,BOTH,707.5,67.5,561.9,17997,0.004032630318761221,0.7701756586717127,3.178
2026-07-28T08:10:30.485232+00:00,1,BOTH,708.5,68.5,562.0,16814,0.006840017032809556,1.3063470259252796,3.191
2026-07-28T08:10:30.535140+00:00,1,BOTH,708.0,68.0,562.0,17371,0.00750241618254222,1.432855944701066,3.19
2026-07-28T08:10:30.601920+00:00,1,BOTH,707.5,67.5,561.9,17915,-0.04422432543477044,-8.446223997418018,3.179
2026-07-28T08:10:30.668459+00:00,1,BOTH,708.0,68.0,561.7,17869,-0.009656042566057295,-1.8441682861125213,3.183
2026-07-28T08:10:30.718409+00:00,1,BOTH,707.5,67.5,561.7,18288,-0.005737181892618537,-1.095721029153067,3.175
2026-07-28T08:10:30.768546+00:00,1,BOTH,708.0,68.0,561.7,17657,-0.01278150032623671,-2.441086748461495,3.18
2026-07-28T08:10:30.868687+00:00,1,BOTH,708.0,68.0,561.8,17772,0.018308269698172806,3.496621946308518,3.183
2026-07-28T08:10:30.918378+00:00,1,BOTH,708.0,68.0,561.8,17391,-0.01377734808716923,-2.6312796609247826,3.185
2026-07-28T08:10:31.001747+00:00,1,BOTH,708.0,68.0,561.7,17848,0.23152406230568887,44.217838752799615,3.186
2026-07-28T08:10:31.018523+00:00,1,BOTH,707.0,67.0,561.9,17328,-0.015063589569181204,-2.8769336887712433,3.168
2026-07-28T08:10:31.101855+00:00,1,BOTH,707.0,67.0,561.9,17920,0.07419896980747581,14.170959380623287,3.157
2026-07-28T08:10:31.185149+00:00,1,BOTH,708.5,68.5,561.9,17439,-0.03434271731413901,-6.558975863703411,3.179
2026-07-28T08:10:31.251865+00:00,1,BOTH,708.0,68.0,561.9,17497,0.018834824115037917,3.597186432209661,3.182
2026-07-28T08:10:31.285157+00:00,1,BOTH,708.0,68.0,561.7,18071,0.018834824115037917,3.597186432209661,3.184
2026-07-28T08:10:31.368442+00:00,1,BOTH,708.0,68.0,561.8,17773,0.02688246371340938,5.134172378973134,3.186
2026-07-28T08:10:31.401885+00:00,1,BOTH,707.5,67.5,561.7,17861,-0.015607200858648867,-2.980755797378449,3.177
2026-07-28T08:10:31.485166+00:00,1,BOTH,708.5,68.5,561.7,17747,0.029455603426322342,5.625605864464524,3.191
2026-07-28T08:10:31.551655+00:00,1,BOTH,708.0,68.0,561.7,17273,-0.0036687927242019212,-0.7006877966835797,3.189
2026-07-28T08:10:31.568532+00:00,1,BOTH,708.0,68.0,561.8,17342,-0.02252422895282507,-4.301810852610835,3.189
2026-07-28T08:10:31.685137+00:00,1,BOTH,708.5,68.5,561.9,17075,0.020086851434316485,3.836306036308796,3.198
2026-07-28T08:10:31.751768+00:00,1,BOTH,708.0,68.0,561.9,17459,0.0007182549685239792,0.13717659436908597,3.194
2026-07-28T08:10:31.801705+00:00,1,BOTH,707.5,67.5,561.9,17739,0.0015060672565596178,0.28763765821237547,3.182
2026-07-28T08:10:31.885119+00:00,1,BOTH,707.5,67.5,561.8,18147,0.005943293914897368,1.1350855257646781,3.175
2026-07-28T08:10:31.951747+00:00,1,BOTH,707.5,67.5,561.7,17972,0.014756719847209752,2.8183258890068528,3.17
2026-07-28T08:10:31.968334+00:00,1,BOTH,708.0,68.0,561.8,17537,0.00757436198880896,1.4465965815435662,3.177
2026-07-28T08:10:32.085109+00:00,1,BOTH,708.0,68.0,561.8,17234,-8.462024037726223e-05,-0.016161275449998812,3.181
2026-07-28T08:10:32.168452+00:00,1,BOTH,707.5,67.5,561.8,18002,0.010848539993166923,2.0719185182911586,3.174
2026-07-28T08:10:32.234928+00:00,1,BOTH,708.0,68.0,561.8,17626,1.2304808478802443e-05,0.002350045311840569,3.18
2026-07-28T08:10:32.301523+00:00,1,BOTH,707.5,67.5,561.7,18131,-0.015342436964274384,-2.930189618328097,3.173
2026-07-28T08:10:32.351642+00:00,1,BOTH,708.0,68.0,561.8,17616,5.349051381926984e-05,0.01021593561943456,3.179
2026-07-28T08:10:32.418470+00:00,1,BOTH,707.5,67.5,561.7,17911,0.009879800267808604,1.8869028592588448,3.173
2026-07-28T08:10:32.485031+00:00,1,BOTH,708.0,68.0,561.8,17691,8.213936642277986e-05,0.015687463426346242,3.179
2026-07-28T08:10:32.535035+00:00,1,BOTH,707.5,67.5,561.7,17974,-6.343326007481664e-05,-0.012114860276809006,3.173
2026-07-28T08:10:32.601633+00:00,1,BOTH,708.0,68.0,561.8,17208,-1.7332050483673803e-05,-0.0033101778100739537,3.179
2026-07-28T08:10:32.685030+00:00,1,BOTH,707.5,67.5,561.7,18067,4.304517970012967e-05,0.008221023750665454,3.173
2026-07-28T08:10:32.735354+00:00,1,BOTH,708.0,68.0,561.8,17315,0.001181293805129826,0.22561049799629515,3.179
2026-07-28T08:10:32.768336+00:00,1,BOTH,708.0,68.0,561.8,17653,-0.0021270774057484234,-0.4062418601567361,3.182
2026-07-28T08:10:32.884983+00:00,1,BOTH,708.0,68.0,561.9,17864,3.091689824941568e-05,0.0059046926177564055,3.184
2026-07-28T08:10:32.934964+00:00,1,BOTH,707.5,67.5,561.8,17828,2.7436763048171997e-06,0.0005240035753869157,3.176
2026-07-28T08:10:32.951759+00:00,1,BOTH,708.0,68.0,561.8,17366,3.7685665301978577e-06,0.0007197431899819938,3.181
2026-07-28T08:10:33.034924+00:00,1,BOTH,708.0,68.0,561.9,17679,5.434678285382688e-05,0.010379470958794093,3.183
2026-07-28T08:10:33.084955+00:00,1,BOTH,708.0,68.0,561.9,17301,-0.0031200819299556314,-0.5958917544049674,3.185
2026-07-28T08:10:33.151665+00:00,1,BOTH,707.5,67.5,561.8,18213,0.0,0.0,3.177
2026-07-28T08:10:33.168105+00:00,1,BOTH,708.0,68.0,561.9,17450,4.668637819122523e-05,0.008916441437029387,3.181
2026-07-28T08:10:33.268377+00:00,1,BOTH,707.5,67.5,561.8,17770,-2.534744795411825e-05,-0.004841005963994963,3.174
2026-07-28T08:10:33.351567+00:00,1,BOTH,708.0,68.0,561.8,17193,2.9347260715439928e-06,0.0005604913930882629,3.18
2026-07-28T08:10:33.451595+00:00,1,BOTH,708.0,68.0,561.9,17724,-6.448651605751365e-05,-0.012316017351993815,3.183
2026-07-28T08:10:33.534855+00:00,1,BOTH,707.5,67.5,561.8,18263,2.408269232546445e-05,0.004599455431870703,3.175
2026-07-28T08:10:33.601579+00:00,1,BOTH,708.0,68.0,561.8,17449,3.1037694134283805e-05,0.005927762932374712,3.18
2026-07-28T08:10:33.684977+00:00,1,BOTH,707.5,67.5,561.8,17838,-4.1298684664070593e-07,-7.887467768976344e-05,3.174
2026-07-28T08:10:33.768162+00:00,1,BOTH,708.0,68.0,561.8,17473,-2.536584011977538e-05,-0.0048445186088891595,3.179
2026-07-28T08:10:33.834919+00:00,1,BOTH,708.0,68.0,561.8,17764,-1.1529222247190772e-05,-0.002201919252774553,3.183
2026-07-28T08:10:33.918153+00:00,1,BOTH,708.0,68.0,561.9,17663,6.374519412929658e-05,0.01217443529283602,3.185
2026-07-28T08:10:33.984657+00:00,1,RIGHT,323.12,-316.88,561.9,15649,-0.001553827336174436,-0.29675916151616843,-0.815
2026-07-28T08:10:34.051497+00:00,1,BOTH,708.0,68.0,561.9,17283,2.5120644677372182e-05,0.004797689728870671,0.786
2026-07-28T08:10:34.118100+00:00,1,BOTH,708.0,68.0,561.9,17367,-0.0007826525473501534,-0.14947562596108868,1.746
2026-07-28T08:10:34.151507+00:00,1,BOTH,707.5,67.5,561.8,17979,-0.008833787370531355,-1.687129111491386,2.313
2026-07-28T08:10:34.251456+00:00,1,BOTH,708.5,68.5,562.0,16932,-0.008833787370531355,-1.687129111491386,2.672
2026-07-28T08:10:34.301559+00:00,1,BOTH,708.0,68.0,562.0,17648,-0.008833787370531355,-1.687129111491386,2.878
2026-07-28T08:10:34.368016+00:00,1,BOTH,708.0,68.0,562.0,17648,-0.008833787370531355,-1.687129111491386,3.002
2026-07-28T08:10:34.384872+00:00,1,BOTH,708.0,68.0,562.0,17272,-3.8498077337862923e-05,-0.007352591169425952,3.076
2026-07-28T08:10:34.484943+00:00,1,BOTH,708.0,68.0,562.0,17531,-2.2548142660525627e-05,-0.0043063780343566725,3.121
2026-07-28T08:10:34.501347+00:00,1,BOTH,708.0,68.0,562.0,17454,4.546689160633832e-05,0.00868353665540658,3.147
2026-07-28T08:10:34.584798+00:00,1,BOTH,708.0,68.0,562.0,17675,-1.6163924010470512e-06,-0.00030870820872337863,3.163
2026-07-28T08:10:34.634626+00:00,1,BOTH,707.5,67.5,561.9,18315,3.4546587557997553e-05,0.006597912212174736,3.164
2026-07-28T08:10:34.701493+00:00,1,BOTH,708.0,68.0,561.9,17728,5.7540941877505244e-05,0.010989510395962085,3.173
2026-07-28T08:10:34.767825+00:00,1,RIGHT,323.08,-316.92,561.9,15669,-7.321838475036202e-06,-0.0013983681429869238,-0.827
2026-07-28T08:10:34.834696+00:00,1,BOTH,708.0,68.0,561.9,17633,-0.008613991015736247,-1.6451510998843202,0.779
2026-07-28T08:10:34.901495+00:00,1,BOTH,707.5,67.5,561.8,18135,-3.589550022297772e-05,-0.006855535554291763,1.733
2026-07-28T08:10:34.934702+00:00,1,BOTH,707.5,67.5,561.8,17966,5.901188342249952e-05,0.01127043953742417,2.305
2026-07-28T08:10:34.985856+00:00,1,BOTH,707.5,67.5,561.7,17872,-3.0590137175749984e-05,-0.005842285849655713,2.649
2026-07-28T08:10:35.034654+00:00,1,BOTH,708.0,68.0,561.8,17283,1.0339735890738666e-05,0.001974744092730888,2.864
2026-07-28T08:10:35.118038+00:00,1,BOTH,708.0,68.0,561.8,17707,-1.56735883501824e-05,-0.0029934348743028884,2.994
2026-07-28T08:10:35.135033+00:00,1,BOTH,708.0,68.0,561.9,17640,-1.56735883501824e-05,-0.0029934348743028884,3.071
2026-07-28T08:10:35.234604+00:00,1,BOTH,708.0,68.0,561.9,17220,-1.56735883501824e-05,-0.0029934348743028884,3.118
2026-07-28T08:10:35.285111+00:00,1,BOTH,708.0,68.0,561.9,17486,-1.56735883501824e-05,-0.0029934348743028884,3.146
2026-07-28T08:10:35.301348+00:00,1,BOTH,708.0,68.0,561.9,17701,-1.56735883501824e-05,-0.0029934348743028884,3.162
2026-07-28T08:10:35.351450+00:00,1,BOTH,707.5,67.5,561.8,17876,-1.56735883501824e-05,-0.0029934348743028884,3.163
2026-07-28T08:10:35.467927+00:00,1,BOTH,707.5,67.5,561.8,17788,7.113626503269188e-05,0.013586025855657673,3.163
2026-07-28T08:10:35.551307+00:00,1,BOTH,707.5,67.5,561.7,17838,-3.78182006534189e-05,-0.007222744287399317,3.164
2026-07-28T08:10:35.617861+00:00,1,BOTH,708.0,68.0,561.8,17695,1.9044177315663548e-06,0.0003637169948287675,3.173
2026-07-28T08:10:35.684583+00:00,1,BOTH,708.0,68.0,561.8,17763,0.00032698582610464656,0.0624496926546497,3.179
2026-07-28T08:10:35.784579+00:00,1,BOTH,707.5,67.5,561.8,17868,-3.794044023379683e-06,-0.0007246090327549669,3.173
2026-07-28T08:10:35.818224+00:00,1,BOTH,707.5,67.5,561.7,17840,0.005800051375990734,1.1077282160110493,3.169
2026-07-28T08:10:35.917868+00:00,1,BOTH,708.0,68.0,561.8,17256,0.005944782749575097,1.1353698722427668,3.177
2026-07-28T08:10:35.951424+00:00,1,BOTH,708.0,68.0,561.8,17763,0.0026324159334762953,0.502754409703942,3.181
2026-07-28T08:10:36.001296+00:00,1,BOTH,708.0,68.0,561.8,17189,-0.005641994171310216,-1.077541513511619,3.184
2026-07-28T08:10:36.134639+00:00,1,BOTH,708.0,68.0,561.9,17432,-0.013240016230847687,-2.528656835707601,3.185
2026-07-28T08:10:36.201152+00:00,1,BOTH,707.5,67.5,561.8,17833,0.0007683539489516988,0.14674479482380884,3.177
2026-07-28T08:10:36.284590+00:00,1,BOTH,708.0,68.0,561.8,17812,0.0,0.0,3.181
2026-07-28T08:10:36.334357+00:00,1,RIGHT,321.16,-318.84,561.8,15713,0.0022473311680369077,0.4292086369890681,-0.819
2026-07-28T08:10:36.451249+00:00,1,BOTH,708.0,68.0,561.9,17805,-0.009886211043340153,-1.888127227196723,0.784
2026-07-28T08:10:36.501148+00:00,1,BOTH,708.0,68.0,561.9,17244,0.0072449210355989635,1.383677994151234,1.745
2026-07-28T08:10:36.551181+00:00,1,BOTH,708.0,68.0,561.9,17423,-0.004759400601033121,-0.9089785581707507,2.322
2026-07-28T08:10:36.617762+00:00,1,BOTH,707.5,67.5,561.8,17971,-9.755960258189589e-05,-0.01863251159638748,2.659
2026-07-28T08:10:36.667854+00:00,1,BOTH,708.0,68.0,561.9,17388,-3.458457242231816e-05,-0.006605166786877895,2.87
2026-07-28T08:10:36.734516+00:00,1,BOTH,708.0,68.0,561.9,17356,7.282024424057454e-05,0.013907642193655872,2.997
2026-07-28T08:10:36.784554+00:00,1,BOTH,707.5,67.5,561.8,17868,-0.01449693213799037,-2.7687100913147114,3.064
2026-07-28T08:10:36.867905+00:00,1,BOTH,708.0,68.0,561.9,17247,-0.0068892455284367314,-1.3157489760293308,3.113
2026-07-28T08:10:36.884374+00:00,1,BOTH,708.0,68.0,561.9,17666,-8.386233821511268e-06,-0.0016016526799415448,3.143
2026-07-28T08:10:36.984317+00:00,1,BOTH,708.0,68.0,561.9,17655,-1.881466836493928e-05,-0.0035933369674977537,3.161
2026-07-28T08:10:37.051044+00:00,1,BOTH,708.0,68.0,561.9,17714,1.5265744586940855e-05,0.0029155424531879773,3.171
2026-07-28T08:10:37.117913+00:00,1,BOTH,707.5,67.5,561.8,18079,9.020405123010278e-06,0.0017227704768222503,3.169
2026-07-28T08:10:37.184301+00:00,1,BOTH,708.0,68.0,561.9,17578,-8.236354915425181e-05,-0.015730279174189767,3.176
2026-07-28T08:10:37.251137+00:00,1,BOTH,708.0,68.0,561.9,17642,1.3095666145090945e-06,0.00025010880000868915,3.181
2026-07-28T08:10:37.267741+00:00,1,BOTH,707.0,67.0,561.7,18544,8.563371375203131e-06,0.001635483460674264,3.165
2026-07-28T08:10:37.317830+00:00,1,BOTH,707.5,67.5,561.7,17962,-7.722737384028732e-05,-0.014749341946424946,3.164
2026-07-28T08:10:37.367831+00:00,1,BOTH,708.0,68.0,561.7,17751,-1.1140535061713308e-05,-0.002127685468512295,3.174
2026-07-28T08:10:37.467914+00:00,1,BOTH,708.0,68.0,561.8,17579,-0.014141156857076566,-2.700762017809904,3.179
2026-07-28T08:10:37.551062+00:00,1,BOTH,707.5,67.5,561.7,18261,0.00420790996651931,0.80365160550864,3.173
2026-07-28T08:10:37.634308+00:00,1,BOTH,708.0,68.0,561.8,17773,0.0020129842882488447,0.3844516798093492,3.179
2026-07-28T08:10:37.684203+00:00,1,BOTH,707.5,67.5,561.7,18297,3.5016217734664674e-05,0.006687604969024767,3.173
2026-07-28T08:10:37.734368+00:00,1,BOTH,708.0,68.0,561.8,17599,-4.155266637098975e-05,-0.007935974701909664,3.179
2026-07-28T08:10:37.767922+00:00,1,BOTH,708.0,68.0,561.8,17460,-2.192537358496338e-05,-0.004187437902220071,3.182
2026-07-28T08:10:37.850930+00:00,1,BOTH,708.0,68.0,561.9,17560,1.0059104752144775e-05,0.0019211474932596187,3.184
2026-07-28T08:10:37.901099+00:00,1,BOTH,708.0,68.0,561.9,17722,-1.1329743647365832e-05,-0.0021638216465307263,3.186
2026-07-28T08:10:37.917528+00:00,1,BOTH,707.5,67.5,561.8,17823,3.0882791324984286e-05,0.005898178675016103,3.177
2026-07-28T08:10:37.984144+00:00,1,BOTH,707.5,67.5,561.7,17797,3.0287843837868423e-05,0.005784552074870594,3.172
2026-07-28T08:10:38.050950+00:00,1,BOTH,708.0,68.0,561.8,17399,8.637690916657446e-06,0.0016496774475431965,3.178
2026-07-28T08:10:38.067661+00:00,1,BOTH,707.5,67.5,561.7,18266,2.1438391559058798e-05,0.004094431186276526,3.172
2026-07-28T08:10:38.167611+00:00,1,BOTH,708.0,68.0,561.8,17692,-8.336780592799188e-06,-0.0015922078089798865,3.178
2026-07-28T08:10:38.184298+00:00,1,BOTH,707.5,67.5,561.7,18132,-1.497142104199156e-05,-0.0028593307967315655,3.173
2026-07-28T08:10:38.234263+00:00,1,BOTH,707.5,67.5,561.7,17786,-3.2314291165675964e-05,-0.006171575005833713,3.169
2026-07-28T08:10:38.301108+00:00,1,BOTH,707.5,67.5,561.6,17786,1.353863684926182e-05,0.0025856891727433226,3.167
2026-07-28T08:10:38.402387+00:00,1,BOTH,708.0,68.0,561.7,17765,-3.8601381238549944e-05,-0.0073723207611479675,3.175
2026-07-28T08:10:38.485107+00:00,1,BOTH,707.5,67.5,561.7,17879,-1.9086293104919606e-06,-0.0003645213471538457,3.171
2026-07-28T08:10:38.534344+00:00,1,BOTH,707.5,67.5,561.6,17952,-4.924280714476481e-05,-0.009404683402572266,3.168
2026-07-28T08:10:38.584340+00:00,1,BOTH,707.5,67.5,561.6,17912,2.705119572055992e-05,0.005166397818568124,3.166
2026-07-28T08:10:38.600841+00:00,1,BOTH,708.0,68.0,561.7,17509,4.5862570336225874e-05,0.008759105726292092,3.175
2026-07-28T08:10:38.717541+00:00,1,BOTH,708.5,68.5,561.9,16935,-3.20542275585467e-05,-0.006121906515522197,3.189
2026-07-28T08:10:38.800905+00:00,1,BOTH,707.5,67.5,561.8,18366,-7.225898501928895e-05,-0.01380044957834766,3.179
2026-07-28T08:10:38.851023+00:00,1,BOTH,708.0,68.0,561.8,17553,-7.617958224727771e-05,-0.014549228492795814,3.183
2026-07-28T08:10:38.917574+00:00,1,BOTH,707.5,67.5,561.8,17987,-3.730070413439534e-05,-0.007123909732556779,3.175
2026-07-28T08:10:38.967514+00:00,1,BOTH,707.5,67.5,561.7,17742,4.142711636177409e-05,0.00791199641642338,3.171
2026-07-28T08:10:39.034220+00:00,1,BOTH,708.0,68.0,561.8,17560,1.2459139397833495e-05,0.0023795203462034175,3.177
2026-07-28T08:10:39.117591+00:00,1,BOTH,708.0,68.0,561.8,17412,1.4354832637764046e-05,0.0027415710858684226,3.181
2026-07-28T08:10:39.134146+00:00,1,BOTH,707.5,67.5,561.8,17848,-1.9273487851023674e-05,-0.0036809650345344114,3.174
2026-07-28T08:10:39.234290+00:00,1,BOTH,708.0,68.0,561.8,17808,-1.3023587889620103e-05,-0.002487322067309742,3.18
2026-07-28T08:10:39.317509+00:00,1,BOTH,707.5,67.5,561.7,18317,2.3280733003048227e-05,0.0044462924834853005,3.173
2026-07-28T08:10:39.367557+00:00,1,BOTH,708.0,68.0,561.8,17758,3.544655948644504e-05,0.0067697941894423715,3.179
2026-07-28T08:10:39.417601+00:00,1,BOTH,708.0,68.0,561.8,17601,2.3083253399818204e-05,0.004408576657468639,3.182
2026-07-28T08:10:39.517470+00:00,1,BOTH,707.5,67.5,561.8,18059,-3.909809020115063e-06,-0.0007467185185159103,3.175
2026-07-28T08:10:39.584232+00:00,1,BOTH,708.0,68.0,561.8,17538,2.3378944024443624e-05,0.004465049406910717,3.18
2026-07-28T08:10:39.600754+00:00,1,BOTH,707.5,67.5,561.8,17940,-4.979418052244e-05,-0.009509987960827802,3.174
2026-07-28T08:10:39.684363+00:00,1,BOTH,707.5,67.5,561.7,17996,0.06817321722279303,13.020125408982052,3.17
2026-07-28T08:10:39.800713+00:00,1,BOTH,708.0,68.0,561.8,17517,1.9690487533807755e-06,0.0003760606107473817,3.177
2026-07-28T08:10:39.817517+00:00,1,BOTH,708.0,68.0,561.8,17476,0.026621584618114865,5.084348141894577,3.181
2026-07-28T08:10:39.884005+00:00,1,BOTH,707.5,67.5,561.7,18117,3.2026262779254467e-05,0.006116565636093997,3.174
2026-07-28T08:10:39.984046+00:00,1,BOTH,708.0,68.0,561.8,17387,-0.0019428386210347526,-0.37105484420102697,3.18
2026-07-28T08:10:40.050771+00:00,1,BOTH,708.0,68.0,561.8,17657,-0.002978391355718486,-0.5688308480697223,3.183
2026-07-28T08:10:40.118363+00:00,1,BOTH,707.5,67.5,561.8,17884,-2.2463500063167885e-05,-0.004290212489037926,3.175
2026-07-28T08:10:40.167372+00:00,1,BOTH,708.0,68.0,561.8,17587,-6.018075160682201e-05,-0.011493676916653496,3.18
2026-07-28T08:10:40.267228+00:00,1,BOTH,708.0,68.0,561.9,17692,6.331619806587696e-07,0.00012092503079963786,3.183
2026-07-28T08:10:40.334042+00:00,1,BOTH,708.0,68.0,561.9,17739,0.014094549742876552,2.691860714680087,3.185
2026-07-28T08:10:40.383995+00:00,1,BOTH,707.5,67.5,561.8,17732,0.00023250378246302716,0.044404951519864205,3.177
2026-07-28T08:10:40.400784+00:00,1,BOTH,707.5,67.5,561.7,17795,-1.2710456903732846e-05,-0.0024275184542227072,3.172
2026-07-28T08:10:40.450717+00:00,1,BOTH,707.5,67.5,561.7,17781,0.007573602151242084,1.4464514632579082,3.169
2026-07-28T08:10:40.550718+00:00,1,BOTH,708.0,68.0,561.8,17726,-0.00503241422760766,-0.9611203200116899,3.176
2026-07-28T08:10:40.567303+00:00,1,BOTH,708.0,68.0,561.8,17689,-0.0034240586592841284,-0.6539470332740123,3.181
2026-07-28T08:10:40.667356+00:00,1,BOTH,707.5,67.5,561.7,18233,-4.349727183580398e-05,-0.008307366988416102,3.174
2026-07-28T08:10:40.734087+00:00,1,BOTH,707.5,67.5,561.7,17743,1.4858566246402913e-05,0.002837777118448095,3.17
2026-07-28T08:10:40.817262+00:00,1,BOTH,707.5,67.5,561.7,17864,-1.554362999740988e-05,-0.0029686146572150958,3.168
2026-07-28T08:10:40.868308+00:00,1,BOTH,707.5,67.5,561.6,17810,-1.7528126336401327e-05,-0.003347625539493006,3.166
2026-07-28T08:10:40.933933+00:00,1,BOTH,708.0,68.0,561.7,17702,2.359272533794865e-05,0.004505878630252722,3.175
2026-07-28T08:10:40.967380+00:00,1,BOTH,707.5,67.5,561.7,17820,-1.4010909944772719e-05,-0.002675886689911167,3.17
2026-07-28T08:10:41.000644+00:00,1,BOTH,707.0,67.0,561.5,18659,-2.542245201766491e-05,-0.004855330684953478,3.159
2026-07-28T08:10:41.100575+00:00,1,BOTH,708.0,68.0,561.6,17682,1.95192513638176e-05,0.0037279024080057485,3.17
2026-07-28T08:10:41.150617+00:00,1,BOTH,707.5,67.5,561.6,17814,2.5778870403883046e-05,0.004923401582524022,3.168
2026-07-28T08:10:41.184156+00:00,1,BOTH,707.5,67.5,561.6,18123,0.001997251157736173,0.38144687321966725,3.166
2026-07-28T08:10:41.267172+00:00,1,BOTH,707.5,67.5,561.6,17782,-5.0758998040691945e-05,-0.009694254533481545,3.165
2026-07-28T08:10:41.317178+00:00,1,BOTH,707.5,67.5,561.6,18002,-3.930249993572942e-05,-0.007506224568768284,3.165
2026-07-28T08:10:41.367161+00:00,1,BOTH,708.0,68.0,561.6,17307,3.0983355827629566e-05,0.005917385080250793,3.174
2026-07-28T08:10:41.483897+00:00,1,BOTH,708.0,68.0,561.7,17559,-3.508545923978091e-06,-0.0006700829122392414,3.179
2026-07-28T08:10:41.550431+00:00,1,BOTH,708.0,68.0,561.8,17361,0.0019328201387543232,0.36914145502837625,3.183
2026-07-28T08:10:41.567251+00:00,1,BOTH,708.0,68.0,561.8,17746,-2.4722501984797417e-06,-0.00047216500757756437,3.185
2026-07-28T08:10:41.667228+00:00,1,BOTH,707.5,67.5,561.8,17871,-2.2872528643347322e-05,-0.004368331193519627,3.176
2026-07-28T08:10:41.683744+00:00,1,BOTH,707.5,67.5,561.7,17750,0.0,0.0,3.171
2026-07-28T08:10:41.717236+00:00,1,BOTH,708.0,68.0,561.8,17649,-5.928142229095101e-05,-0.011321917669347509,3.178
2026-07-28T08:10:41.817541+00:00,1,BOTH,707.0,67.0,561.8,18199,4.355563040007837e-05,0.00831851265318732,3.163
2026-07-28T08:10:41.883830+00:00,1,BOTH,707.5,67.5,561.9,17770,-1.3183830014895646e-05,-0.0025179260589047263,3.163
2026-07-28T08:10:41.933878+00:00,1,BOTH,708.0,68.0,562.0,17504,0.008132518646889367,1.553196650927346,3.173
2026-07-28T08:10:42.067180+00:00,1,BOTH,707.5,67.5,561.9,17692,-8.573783488827758e-06,-0.0016374720278959365,3.169
2026-07-28T08:10:42.117154+00:00,1,BOTH,708.0,68.0,561.9,17720,4.221233153657522e-05,0.008061961468175819,3.177
2026-07-28T08:10:42.200613+00:00,1,BOTH,708.0,68.0,561.9,17455,-1.0351016535423695e-05,-0.001976898537166351,3.181
2026-07-28T08:10:42.283740+00:00,1,BOTH,707.0,67.0,561.9,18307,1.547223189845681e-05,0.0029549786247642018,3.165
2026-07-28T08:10:42.333640+00:00,1,BOTH,707.5,67.5,561.8,17859,-1.2917990534333513e-05,-0.0024671544580241915,3.165
2026-07-28T08:10:42.400530+00:00,1,BOTH,708.0,68.0,561.9,17665,-5.170895077753812e-05,-0.009875682142008835,3.174
2026-07-28T08:10:42.500506+00:00,1,BOTH,707.5,67.5,561.8,17999,-1.645166863454506e-05,-0.003142037262357286,3.17
2026-07-28T08:10:42.550545+00:00,1,BOTH,707.5,67.5,561.7,17921,0.0021660748212161706,0.41368981788413645,3.168
2026-07-28T08:10:42.633690+00:00,1,BOTH,707.5,67.5,561.7,18204,0.0037360151379834863,0.7135263320114655,3.166
2026-07-28T08:10:42.700424+00:00,1,BOTH,708.0,68.0,561.8,17680,3.888273204211147e-07,7.4260548065036e-05,3.175
2026-07-28T08:10:42.717032+00:00,1,BOTH,707.5,67.5,561.7,17934,-4.525389565969817e-05,-0.008642857426087,3.17
2026-07-28T08:10:42.800403+00:00,1,BOTH,707.5,67.5,561.9,17263,-4.525389565969817e-05,-0.008642857426087,3.168
2026-07-28T08:10:42.817047+00:00,1,BOTH,708.0,68.0,561.9,17217,-4.525389565969817e-05,-0.008642857426087,3.176
2026-07-28T08:10:42.867083+00:00,1,BOTH,708.0,68.0,561.9,17350,-4.525389565969817e-05,-0.008642857426087,3.18
2026-07-28T08:10:42.917156+00:00,1,BOTH,708.0,68.0,561.9,17525,-4.525389565969817e-05,-0.008642857426087,3.183
2026-07-28T08:10:43.050229+00:00,1,BOTH,708.0,68.0,561.9,17427,-1.9817525753751397e-05,-0.003784868620272569,3.185
2026-07-28T08:10:43.100341+00:00,1,BOTH,708.0,68.0,562.0,17183,-0.01125645145366434,-2.1498238686295568,3.186
2026-07-28T08:10:43.150380+00:00,1,BOTH,707.5,67.5,561.9,18232,-0.000692687430382648,-0.1322935542756259,3.177
2026-07-28T08:10:43.217011+00:00,1,BOTH,708.0,68.0,561.9,17230,0.002508365343383048,0.47906249217577385,3.181
2026-07-28T08:10:43.283677+00:00,1,BOTH,708.0,68.0,561.9,17217,9.121483890339747e-07,0.0001742075099376795,3.184
2026-07-28T08:10:43.333510+00:00,1,RIGHT,321.09,-318.91,561.9,15651,0.007685782075277529,1.4678762505690053,-0.816
2026-07-28T08:10:43.400317+00:00,1,BOTH,708.0,68.0,561.9,17574,2.7503324090503157e-05,0.005252747976554381,0.785
2026-07-28T08:10:43.500286+00:00,1,BOTH,708.0,68.0,561.9,17627,-0.006075773971369927,-1.1603873527831194,1.746
2026-07-28T08:10:43.550526+00:00,1,BOTH,708.0,68.0,562.0,17571,-5.120356217958034e-06,-0.000977916002975212,2.323
2026-07-28T08:10:43.633696+00:00,1,BOTH,708.0,68.0,562.0,17352,4.182281467365101e-05,0.007987569227193373,2.669
2026-07-28T08:10:43.666915+00:00,1,BOTH,707.5,67.5,561.9,18265,-5.761408494436182e-05,-0.011003479692733836,2.867
2026-07-28T08:10:43.716894+00:00,1,BOTH,708.0,68.0,561.9,17380,-6.420784266083501e-06,-0.001226279465368628,2.995
2026-07-28T08:10:43.750298+00:00,1,BOTH,708.0,68.0,561.9,17835,-0.005132668874139199,-0.9802675470878002,3.072
2026-07-28T08:10:43.866962+00:00,1,BOTH,707.5,67.5,561.8,17930,-2.959700650535524e-05,-0.0056526118632603236,3.109
2026-07-28T08:10:43.883569+00:00,1,BOTH,707.5,67.5,561.8,18081,0.0030011253485281485,0.5731727208679704,3.131
2026-07-28T08:10:43.916982+00:00,1,BOTH,708.0,68.0,561.8,17711,-0.003128745634458028,-0.5975464000814201,3.154
2026-07-28T08:10:44.016825+00:00,1,BOTH,708.0,68.0,561.9,17557,0.0072143679754663025,1.377842789495198,3.167
2026-07-28T08:10:44.066975+00:00,1,BOTH,708.0,68.0,561.9,17227,-0.016033757326076738,-3.062222081737204,3.175
2026-07-28T08:10:44.117003+00:00,1,BOTH,708.0,68.0,561.9,17711,0.022869225906324574,4.367700417212144,3.18
2026-07-28T08:10:44.233589+00:00,1,BOTH,707.5,67.5,561.8,17743,4.1354598943144085e-06,0.0007898146609661103,3.174
2026-07-28T08:10:44.316924+00:00,1,BOTH,708.0,68.0,561.9,17459,0.010879139971511903,2.0777626836656893,3.179
2026-07-28T08:10:44.366964+00:00,1,BOTH,707.5,67.5,561.8,18002,2.965880339615978e-06,0.0005664414200027426,3.173
2026-07-28T08:10:44.450141+00:00,1,BOTH,707.5,67.5,561.7,17972,2.5019160239025952e-05,0.004778307628859023,3.17
2026-07-28T08:10:44.500090+00:00,1,BOTH,707.5,67.5,561.7,17989,-1.6496742318849977e-07,-3.1506457019498756e-05,3.167
2026-07-28T08:10:44.550263+00:00,1,BOTH,708.0,68.0,561.7,17577,-1.735916725010611e-05,-0.0033153567309759974,3.175
2026-07-28T08:10:44.583590+00:00,1,BOTH,708.0,68.0,561.8,17573,0.00011818177532404661,0.02257105647143736,3.18
2026-07-28T08:10:44.650171+00:00,1,BOTH,707.5,67.5,561.7,17846,1.4566021563950924e-05,0.0027819051997031155,3.174
2026-07-28T08:10:44.733450+00:00,1,BOTH,708.0,68.0,561.8,17623,2.2898891038494185e-05,0.004373366040118865,3.179
2026-07-28T08:10:44.816827+00:00,1,BOTH,707.5,67.5,561.7,17925,-0.0017189917078940199,-0.32830323293437524,3.173
2026-07-28T08:10:44.883548+00:00,1,BOTH,708.0,68.0,561.8,17338,0.0014390761277172715,0.27484329505409694,3.179
2026-07-28T08:10:44.933354+00:00,1,BOTH,708.0,68.0,561.8,17747,5.264821113087236e-05,0.010055067655708898,3.182
2026-07-28T08:10:45.000231+00:00,1,BOTH,708.0,68.0,561.9,17666,6.396089760528412e-05,0.012215631622170648,3.184
2026-07-28T08:10:45.084218+00:00,1,BOTH,707.5,67.5,561.8,17882,3.4677068470045924e-05,0.006622832230732701,3.176
2026-07-28T08:10:45.166726+00:00,1,BOTH,708.0,68.0,561.8,17599,-1.2927030329592526e-05,-0.0024688809317442045,3.181
2026-07-28T08:10:45.233345+00:00,1,BOTH,708.0,68.0,561.9,17683,3.922171890735626e-05,0.007490796528799922,3.183
2026-07-28T08:10:45.300302+00:00,1,BOTH,708.0,68.0,561.9,17768,3.0136963032418863e-05,0.005755735963664614,3.185
2026-07-28T08:10:45.366634+00:00,1,BOTH,707.5,67.5,561.8,17945,2.604964538477361e-06,0.0004975115794533237,3.177
2026-07-28T08:10:45.433473+00:00,1,BOTH,708.0,68.0,561.9,17625,-6.107983383117243e-05,-0.011665388972955206,3.181
2026-07-28T08:10:45.466674+00:00,1,BOTH,707.5,67.5,561.8,18052,0.00427993523015175,0.8174074175901598,3.174
2026-07-28T08:10:45.533463+00:00,1,BOTH,708.0,68.0,561.8,17642,-0.007443963655023253,-1.4216923342720358,3.18
2026-07-28T08:10:45.616700+00:00,1,BOTH,707.5,67.5,561.8,18385,-7.734236743999646e-05,-0.014771304106206116,3.173
2026-07-28T08:10:45.683519+00:00,1,BOTH,708.0,68.0,561.8,17758,-0.00010005427568103186,-0.01910895906253852,3.179
2026-07-28T08:10:45.699946+00:00,1,BOTH,707.5,67.5,561.7,17796,0.0017233127838699148,0.32912849765562247,3.173
2026-07-28T08:10:45.766645+00:00,1,BOTH,707.5,67.5,561.7,18270,5.929044986260123e-05,0.011323641808530207,3.169
2026-07-28T08:10:45.850001+00:00,1,BOTH,707.5,67.5,561.7,18247,-0.0006875019466679078,-0.13130319983699776,3.167
2026-07-28T08:10:45.866615+00:00,1,BOTH,707.5,67.5,561.6,17883,0.0007715922206989489,0.14736325917058843,3.166
2026-07-28T08:10:45.933309+00:00,1,BOTH,707.5,67.5,561.6,17931,-0.004313550808292348,-0.8238275201013214,3.165
2026-07-28T08:10:46.016701+00:00,1,BOTH,707.5,67.5,561.6,17814,0.0013366595846309793,0.255283176150216,3.165
2026-07-28T08:10:46.066602+00:00,1,BOTH,707.5,67.5,561.6,18526,4.7984278353396805e-06,0.000916432210876864,3.164
2026-07-28T08:10:46.083301+00:00,1,BOTH,708.0,68.0,561.7,17747,-0.002765838572922803,-0.5282362568098773,3.174
2026-07-28T08:10:46.116829+00:00,1,BOTH,708.0,68.0,561.7,17171,-9.064242476597428e-06,-0.0017311427946408052,3.179
2026-07-28T08:10:46.249885+00:00,1,BOTH,708.0,68.0,561.8,17777,0.0032646534615196287,0.6235028830594987,3.183
2026-07-28T08:10:46.299770+00:00,1,BOTH,707.5,67.5,561.7,17891,-0.004551030180155066,-0.8691827391984933,3.175
2026-07-28T08:10:46.349937+00:00,1,BOTH,708.0,68.0,561.8,17589,0.0,0.0,3.18
2026-07-28T08:10:46.416435+00:00,1,RIGHT,320.22,-319.78,561.8,15633,7.511328258260619e-06,0.001434558025785617,-0.82
2026-07-28T08:10:46.449995+00:00,1,BOTH,707.5,67.5,561.7,17797,-4.9242368186241946e-05,-0.009404599567669793,0.774
2026-07-28T08:10:46.517630+00:00,1,BOTH,707.5,67.5,561.7,17952,-0.0015018563135527074,-0.2868334273388219,1.73
2026-07-28T08:10:46.599827+00:00,1,BOTH,707.5,67.5,561.6,17798,0.005052335401414893,0.9649249839520266,2.304
2026-07-28T08:10:46.666558+00:00,1,BOTH,707.5,67.5,561.6,17848,0.0023484478826867414,0.44852050694794854,2.648
2026-07-28T08:10:46.749764+00:00,1,BOTH,707.5,67.5,561.6,18150,2.2442932531703265e-05,0.004286284379878175,2.854
2026-07-28T08:10:46.817518+00:00,1,BOTH,707.5,67.5,561.6,18022,0.01563610131444875,2.986275377856241,2.978
2026-07-28T08:10:46.916452+00:00,1,BOTH,708.0,68.0,561.7,17675,-1.8285667465534065e-06,-0.00034923052378492756,3.062
2026-07-28T08:10:46.933285+00:00,1,BOTH,708.0,68.0,561.7,17617,7.9410316538997e-06,0.0015166253291608155,3.112
2026-07-28T08:10:47.016619+00:00,1,BOTH,707.5,67.5,561.7,18041,-5.314650479704142e-06,-0.0010150234735807524,3.133
2026-07-28T08:10:47.099846+00:00,1,BOTH,707.5,67.5,561.6,17823,0.0012019666365813463,0.22955871797215321,3.145
2026-07-28T08:10:47.183202+00:00,1,BOTH,707.5,67.5,561.6,18141,2.57686001714319e-05,0.004921440112610458,3.153
2026-07-28T08:10:47.266363+00:00,1,BOTH,708.0,68.0,561.7,17370,-3.1121717693167736e-05,-0.005943810250053772,3.167
2026-07-28T08:10:47.299881+00:00,1,BOTH,707.5,67.5,561.7,18225,-9.9850473634433e-06,-0.0019070035738784376,3.166
2026-07-28T08:10:47.366439+00:00,1,BOTH,708.0,68.0,561.7,17469,-0.0022865400393493472,-0.4366969798079826,3.174
2026-07-28T08:10:47.416453+00:00,1,BOTH,708.0,68.0,561.8,17558,3.437239709455753e-05,0.006564644284219599,3.18
2026-07-28T08:10:47.482999+00:00,1,BOTH,707.5,67.5,561.7,17894,-6.938819191418588e-05,-0.013252168482422121,3.173
2026-07-28T08:10:47.566405+00:00,1,BOTH,708.0,68.0,561.8,17059,4.9910119269043204e-05,0.009532130630369137,3.179
2026-07-28T08:10:47.650470+00:00,1,BOTH,707.5,67.5,561.7,18051,6.268266413826495e-05,0.011971507012528738,3.173
2026-07-28T08:10:47.683147+00:00,1,BOTH,708.0,68.0,561.8,17447,6.268266413826495e-05,0.011971507012528738,3.179
2026-07-28T08:10:47.699704+00:00,1,BOTH,708.0,68.0,561.8,17515,6.268266413826495e-05,0.011971507012528738,3.182
2026-07-28T08:10:47.916368+00:00,1,BOTH,708.0,68.0,561.9,17414,4.009590033092536e-05,0.00765775288246408,3.184
2026-07-28T08:10:48.233077+00:00,1,BOTH,707.5,67.5,561.8,18164,-1.1900185199920086e-05,-0.002272767957931556,3.176
2026-07-28T08:10:48.299665+00:00,1,BOTH,707.5,67.5,561.7,17803,-1.972223783923255e-05,-0.003766669969137458,3.171
2026-07-28T08:10:48.316295+00:00,1,BOTH,708.0,68.0,561.8,17695,-1.8693126621656118e-05,-0.0035701242044151277,3.178
2026-07-28T08:10:48.399649+00:00,1,BOTH,708.0,68.0,561.8,17367,-2.596540507511236e-06,-0.0004959027080505021,3.182
2026-07-28T08:10:48.433074+00:00,1,BOTH,707.5,67.5,561.8,17799,3.569129359675571e-05,0.00681653496152134,3.175
2026-07-28T08:10:48.516365+00:00,1,BOTH,707.5,67.5,561.7,17823,8.257612698798766e-06,0.001577087854982676,3.17
2026-07-28T08:10:48.566318+00:00,1,BOTH,707.5,67.5,561.7,18329,8.257612698798766e-06,0.001577087854982676,3.168
2026-07-28T08:10:48.666396+00:00,1,BOTH,708.0,68.0,561.7,17475,8.257612698798766e-06,0.001577087854982676,3.176
2026-07-28T08:10:48.682843+00:00,1,BOTH,707.5,67.5,561.7,17809,8.257612698798766e-06,0.001577087854982676,3.171
2026-07-28T08:10:48.766079+00:00,1,RIGHT,323.31,-316.69,561.7,15726,8.257612698798766e-06,0.001577087854982676,-0.829
2026-07-28T08:10:48.882999+00:00,1,BOTH,707.5,67.5,561.6,17800,-0.010125886441674083,-1.9339018564555601,0.768
2026-07-28T08:10:48.916323+00:00,1,BOTH,707.5,67.5,561.6,17976,-4.369847527414094e-05,-0.008345794014550196,1.727
2026-07-28T08:10:48.999537+00:00,1,BOTH,707.5,67.5,561.6,17908,-0.0023080204502912236,-0.4407994361052364,2.302
2026-07-28T08:10:49.099611+00:00,1,BOTH,708.0,68.0,561.7,17691,-1.5721796080470083e-05,-0.003002641872587519,2.656
2026-07-28T08:10:49.166548+00:00,1,BOTH,707.5,67.5,561.6,18386,0.004242911533801816,0.8103364124474093,2.859
2026-07-28T08:10:49.199634+00:00,1,BOTH,708.0,68.0,561.7,17514,-2.4023603182286027e-05,-0.00458817023680681,2.991
2026-07-28T08:10:49.249558+00:00,1,BOTH,708.0,68.0,561.8,17277,4.842394082515966e-06,0.0009248291455576312,3.069
2026-07-28T08:10:49.349628+00:00,1,BOTH,707.5,67.5,561.7,18010,4.3168354332010494e-05,0.008244548372498285,3.107
2026-07-28T08:10:49.366147+00:00,1,BOTH,708.0,68.0,561.8,17443,-0.01735438199539203,-3.3144428146459584,3.139
2026-07-28T08:10:49.432822+00:00,1,BOTH,708.0,68.0,561.8,17753,7.694505911786108e-06,0.0014695423806126845,3.159
2026-07-28T08:10:49.516084+00:00,1,BOTH,708.0,68.0,561.9,17569,-0.009522378107794794,-1.8186402550147085,3.17
2026-07-28T08:10:49.533029+00:00,1,BOTH,708.0,68.0,561.9,17549,0.0007129539148877484,0.1361641677013243,3.177
2026-07-28T08:10:49.616551+00:00,1,BOTH,707.5,67.5,561.8,17941,0.0129747834027512,2.478001096913443,3.172
2026-07-28T08:10:49.666251+00:00,1,BOTH,708.5,68.5,561.9,17017,8.552828076062722e-06,0.0016334698388646327,3.188
2026-07-28T08:10:49.732797+00:00,1,BOTH,707.5,67.5,561.9,17989,-0.0010130465669499244,-0.19347764245482618,3.178
2026-07-28T08:10:49.782796+00:00,1,BOTH,707.5,67.5,561.8,17979,-2.7011121273972092e-05,-0.005158744163048774,3.173
2026-07-28T08:10:49.882837+00:00,1,BOTH,707.5,67.5,561.7,17801,-2.8547365218400952e-05,-0.005452145144109788,3.169
2026-07-28T08:10:49.949612+00:00,1,BOTH,708.0,68.0,561.8,17550,-1.0936690450762399e-05,-0.0020887540155657175,3.176
2026-07-28T08:10:49.999336+00:00,1,BOTH,707.5,67.5,561.7,18146,-2.0516015938483177e-05,-0.003918270418994049,3.172
2026-07-28T08:10:50.066005+00:00,1,BOTH,708.0,68.0,561.8,17704,0.0028555358631638227,0.5453671773584454,3.178
2026-07-28T08:10:50.116032+00:00,1,BOTH,707.5,67.5,561.7,17926,-0.0008682160050375387,-0.16581704264786665,3.172
2026-07-28T08:10:50.166005+00:00,1,BOTH,708.0,68.0,561.8,17686,0.002627018243656494,0.5017235268846241,3.178
2026-07-28T08:10:50.199352+00:00,1,BOTH,708.0,68.0,561.8,17554,-0.0022997584377299064,-0.43922150793841125,3.182
2026-07-28T08:10:50.249439+00:00,1,BOTH,708.0,68.0,561.9,17596,0.00016721352390050014,0.031935430656695254,3.184
2026-07-28T08:10:50.282902+00:00,1,BOTH,707.5,67.5,561.8,18247,5.574992392212153e-06,0.0010647451163043299,3.176
2026-07-28T08:10:50.399399+00:00,1,BOTH,707.5,67.5,561.7,17756,-1.7629497597226874e-05,-0.003366986024190419,3.171
2026-07-28T08:10:50.449413+00:00,1,BOTH,707.5,67.5,561.7,17942,7.818220183253288e-05,0.014931700660147014,3.168
2026-07-28T08:10:50.516002+00:00,1,BOTH,707.5,67.5,561.6,18371,-0.013110476493020542,-2.503916568185179,3.167
2026-07-28T08:10:50.566044+00:00,1,BOTH,708.0,68.0,561.7,17726,0.0028792246958619216,0.5498914111424206,3.175
2026-07-28T08:10:50.582717+00:00,1,BOTH,708.0,68.0,561.8,17712,-7.851665613998194e-06,-0.0014995576727669688,3.18
2026-07-28T08:10:50.699298+00:00,1,BOTH,708.0,68.0,561.8,17194,-1.3630752655444666e-05,-0.0026032819958123968,3.183
2026-07-28T08:10:50.816085+00:00,1,BOTH,708.0,68.0,561.9,17475,0.0011100132811407092,0.21199692070943713,3.185
2026-07-28T08:10:50.866487+00:00,1,BOTH,708.0,68.0,561.9,17423,3.5032548476010556e-06,0.000669072391087623,3.186
2026-07-28T08:10:50.949241+00:00,1,BOTH,708.0,68.0,561.9,17569,-1.930587866809219e-05,-0.003687151224911099,3.187
2026-07-28T08:10:50.966021+00:00,1,BOTH,708.0,68.0,561.9,17368,-1.8849011685233563e-05,-0.0035998960585221815,3.187
2026-07-28T08:10:51.049568+00:00,1,BOTH,707.5,67.5,561.8,18070,-5.558475240832194e-05,-0.010615905727588287,3.178
2026-07-28T08:10:51.166035+00:00,1,BOTH,707.5,67.5,561.8,18045,0.00535915419110097,1.0235230563664408,3.172
2026-07-28T08:10:51.182551+00:00,1,BOTH,707.5,67.5,561.7,17793,-0.010581740067573264,-2.020963485921422,3.169
2026-07-28T08:10:51.282627+00:00,1,BOTH,708.0,68.0,561.8,17505,-0.003635028132703155,-0.694239234717371,3.176
2026-07-28T08:10:51.349268+00:00,1,BOTH,708.0,68.0,561.8,17363,0.0014769766840618103,0.28208176811989644,3.181
2026-07-28T08:10:51.449221+00:00,1,BOTH,707.75,67.75,561.8,17652,5.4133948433445765e-05,0.010338822578717589,3.179
2026-07-28T08:10:51.482587+00:00,1,BOTH,707.5,67.5,561.7,17949,-0.009744215530809015,-1.8610080819372858,3.173
2026-07-28T08:10:51.582578+00:00,1,BOTH,707.5,67.5,561.7,17932,3.6077932672924366e-05,0.006890377585719011,3.169
2026-07-28T08:10:51.632625+00:00,1,BOTH,707.5,67.5,561.7,17938,-0.002790714553775615,-0.5329872191902585,3.167
2026-07-28T08:10:51.682435+00:00,1,BOTH,707.5,67.5,561.6,17821,0.017116454138886184,3.2690019412913602,3.166
2026-07-28T08:10:51.732444+00:00,1,BOTH,707.5,67.5,561.6,17685,-0.013480696542537772,-2.574623389280051,3.165
2026-07-28T08:10:51.799232+00:00,1,BOTH,708.0,68.0,561.7,17433,0.00789116581028793,1.507101654558103,3.174
2026-07-28T08:10:51.882505+00:00,1,BOTH,707.5,67.5,561.6,17688,-0.006176575494464487,-1.179639025589149,3.17
2026-07-28T08:10:51.932470+00:00,1,BOTH,707.5,67.5,561.6,17851,0.0070648688881192355,1.3492905670083826,3.168
2026-07-28T08:10:51.965913+00:00,1,BOTH,708.0,68.0,561.7,17657,-0.0010201050396426582,-0.19482571143849947,3.176
2026-07-28T08:10:52.032573+00:00,1,BOTH,708.0,68.0,561.8,17685,0.007337972947861999,1.4014496003122128,3.18
2026-07-28T08:10:52.082516+00:00,1,BOTH,707.5,67.5,561.7,17910,-0.00386046082014218,-0.7372937065658643,3.174
2026-07-28T08:10:52.149177+00:00,1,BOTH,707.5,67.5,561.7,17803,-0.010255084483651445,-1.9585768648777493,3.17
2026-07-28T08:10:52.215807+00:00,1,BOTH,708.0,68.0,561.5,17992,-0.008443469572812319,-1.6125839032309135,3.177
2026-07-28T08:10:52.282400+00:00,1,BOTH,708.0,68.0,561.6,17693,-0.010955563301686198,-2.092358464583429,3.181
2026-07-28T08:10:52.315857+00:00,1,BOTH,708.0,68.0,561.7,17019,0.013372096557868645,2.5538823200242966,3.184
2026-07-28T08:10:52.399144+00:00,1,BOTH,708.0,68.0,561.6,17544,-0.002825837124255486,-0.5396951360374165,3.185
2026-07-28T08:10:52.499123+00:00,1,BOTH,707.5,67.5,561.5,17726,-0.005818154893931933,-1.111185733252283,3.177
2026-07-28T08:10:52.565678+00:00,1,BOTH,707.5,67.5,561.5,17776,0.0,0.0,3.172
2026-07-28T08:10:52.665907+00:00,1,BOTH,707.5,67.5,561.5,17793,0.008262668843381107,1.578053507466596,3.169
2026-07-28T08:10:52.699078+00:00,1,BOTH,708.0,68.0,561.6,17429,0.013922191262245177,2.6589426696685363,3.176
2026-07-28T08:10:52.782526+00:00,1,BOTH,707.5,67.5,561.6,17748,0.007388677022245247,1.4111333651998044,3.171
2026-07-28T08:10:52.832397+00:00,1,BOTH,707.5,67.5,561.6,18174,0.004404084566049278,0.8411181941777609,3.168
2026-07-28T08:10:52.899087+00:00,1,BOTH,708.0,68.0,561.7,17495,-0.020099814908098777,-3.838781877427309,3.176
2026-07-28T08:10:52.949018+00:00,1,BOTH,708.5,68.5,561.6,17116,0.0024719493789598346,0.4721075552812782,3.19
2026-07-28T08:10:53.015684+00:00,1,BOTH,708.0,68.0,561.7,17682,-0.016801233970327303,-3.208799323705273,3.189
2026-07-28T08:10:53.099109+00:00,1,BOTH,708.0,68.0,561.8,17643,-0.011731892635580152,-2.240626445731182,3.188
2026-07-28T08:10:53.165818+00:00,1,BOTH,708.0,68.0,561.6,17680,-0.007750530582852661,-1.4802423046150917,3.188
2026-07-28T08:10:53.232225+00:00,1,BOTH,708.0,68.0,561.7,17353,-0.008618508563376964,-1.6460138879295279,3.188
2026-07-28T08:10:53.298973+00:00,1,BOTH,708.0,68.0,561.8,17644,0.014167316085658967,2.7057580624535356,3.188
2026-07-28T08:10:53.365724+00:00,1,BOTH,708.5,68.5,561.7,17345,-0.010412887906422839,-1.9887150986028148,3.197
2026-07-28T08:10:53.432440+00:00,1,BOTH,707.5,67.5,561.7,18268,-0.02592723013833165,-4.951736204635977,3.184
2026-07-28T08:10:53.498903+00:00,1,BOTH,708.5,68.5,561.6,17083,-0.0029968791780993344,-0.5723617620524227,3.195
2026-07-28T08:10:53.565835+00:00,1,BOTH,708.5,68.5,561.8,16789,0.014487189785577358,2.766849439062062,3.201
2026-07-28T08:10:53.615720+00:00,1,BOTH,708.5,68.5,561.7,17638,0.016742678326263558,3.1976160194668632,3.205
2026-07-28T08:10:53.682414+00:00,1,BOTH,708.0,68.0,561.8,17615,0.007866465975530446,1.502384333603855,3.198
2026-07-28T08:10:53.748902+00:00,1,BOTH,707.0,67.0,561.8,17665,-0.017361356667242943,-3.315774878847778,3.175
2026-07-28T08:10:53.815666+00:00,1,BOTH,708.5,68.5,561.8,17441,0.06141101116663776,11.728639184930378,3.189
2026-07-28T08:10:53.882274+00:00,1,BOTH,708.0,68.0,561.8,17388,-0.008521370347007179,-1.6274618551714704,3.189
2026-07-28T08:10:53.932311+00:00,1,BOTH,708.0,68.0,561.7,17835,0.02056681059766561,3.927971484303912,3.188
2026-07-28T08:10:53.982225+00:00,1,BOTH,708.0,68.0,561.7,17595,0.027866046673152595,5.322022886954041,3.188
2026-07-28T08:10:54.065626+00:00,1,BOTH,707.5,67.5,561.9,17690,-0.01453140089288354,-2.7752931385828763,3.178
2026-07-28T08:10:54.132151+00:00,1,BOTH,708.0,68.0,561.9,17332,-0.0026643214118666947,-0.5088479072209945,3.182
2026-07-28T08:10:54.148962+00:00,1,BOTH,708.0,68.0,561.9,17144,-0.01303662553895265,-2.48981207491483,3.184
2026-07-28T08:10:54.232129+00:00,1,BOTH,708.5,68.5,561.8,17702,0.0019835299253463745,0.3788263108674884,3.195
2026-07-28T08:10:54.265698+00:00,1,BOTH,707.5,67.5,561.8,18317,0.0010628656030166894,0.20299237747494506,3.183
2026-07-28T08:10:54.348884+00:00,1,BOTH,707.5,67.5,561.7,17844,-0.0037507480476051567,-0.7163401104823636,3.175
2026-07-28T08:10:54.399032+00:00,1,BOTH,707.5,67.5,561.7,18103,0.019261021483689546,3.67858413375406,3.171
2026-07-28T08:10:54.482196+00:00,1,BOTH,707.5,67.5,561.6,17831,-0.002558264668332413,-0.488592561242942,3.168
2026-07-28T08:10:54.582390+00:00,1,BOTH,708.0,68.0,561.7,17717,0.011985413855873048,2.2890454321971467,3.176
2026-07-28T08:10:54.598837+00:00,1,BOTH,708.0,68.0,561.8,17646,0.010452125440351664,1.996208915578225,3.181
2026-07-28T08:10:54.665490+00:00,1,BOTH,708.0,68.0,561.8,17743,-0.009062684133532457,-1.7308451730386172,3.183
2026-07-28T08:10:54.732261+00:00,1,BOTH,707.5,67.5,561.8,17837,0.0037583090723637726,0.7177841598405722,3.176
2026-07-28T08:10:54.798996+00:00,1,BOTH,707.5,67.5,561.7,17848,-0.0013889449974521994,-0.265268954432733,3.171
2026-07-28T08:10:54.865355+00:00,1,BOTH,708.0,68.0,561.8,17688,0.0072094456233026,1.3769026894810072,3.178
2026-07-28T08:10:54.915337+00:00,1,BOTH,708.0,68.0,561.8,17669,-0.0298524195922073,-5.701392169623761,3.182
2026-07-28T08:10:54.965500+00:00,1,BOTH,708.5,68.5,561.7,17154,-0.0298524195922073,-5.701392169623761,3.193
2026-07-28T08:10:54.982281+00:00,1,BOTH,708.0,68.0,561.8,17578,0.007350280858645419,1.4038002381205912,3.191
2026-07-28T08:10:55.098658+00:00,1,BOTH,707.5,67.5,561.7,17891,0.007350280858645419,1.4038002381205912,3.18
2026-07-28T08:10:55.148825+00:00,1,BOTH,708.0,68.0,561.8,17442,-0.05625206747092307,-10.743353516563461,3.183
2026-07-28T08:10:55.198969+00:00,1,BOTH,708.5,68.5,561.7,17366,-0.023118283471558244,-4.415266908357788,3.194
2026-07-28T08:10:55.265445+00:00,1,BOTH,708.0,68.0,561.8,17228,0.054862800103146585,10.47802299393399,3.192
2026-07-28T08:10:55.315412+00:00,1,BOTH,707.5,67.5,561.7,17866,0.0555223021004349,10.603978597350885,3.181
2026-07-28T08:10:55.365399+00:00,1,BOTH,708.0,68.0,561.8,17586,0.011931126546114683,2.278677319762901,3.183
2026-07-28T08:10:55.415463+00:00,1,BOTH,708.5,68.5,561.7,17192,0.04211056286003441,8.04252508266775,3.194
2026-07-28T08:10:55.482129+00:00,1,BOTH,708.0,68.0,561.8,17796,-0.009094804199412465,-1.7369796537473061,3.192
2026-07-28T08:10:55.532252+00:00,1,BOTH,708.0,68.0,561.8,17453,0.010933504939312116,2.0881456276934114,3.19
2026-07-28T08:10:55.565564+00:00,1,BOTH,708.0,68.0,561.9,17777,0.012079471349716186,2.307009090293112,3.189
2026-07-28T08:10:55.598549+00:00,1,BOTH,708.0,68.0,561.9,17324,0.008615323596604867,1.6454056040830929,3.188
2026-07-28T08:10:55.782149+00:00,1,BOTH,708.0,68.0,561.9,17329,0.01092453699093312,2.0864328757167194,3.188
2026-07-28T08:10:55.865491+00:00,1,BOTH,707.5,67.5,561.8,17741,-0.01353054249950219,-2.584143265812891,3.178
2026-07-28T08:10:55.915439+00:00,1,BOTH,708.0,68.0,561.7,18410,0.003955228049308062,0.7553929141237113,3.182
2026-07-28T08:10:55.982051+00:00,1,BOTH,708.0,68.0,561.7,17327,-0.01830478185089305,-3.49595581654613,3.184
2026-07-28T08:10:56.048685+00:00,1,BOTH,708.0,68.0,561.8,17237,-0.01710564180277288,-3.2669369372047967,3.186
2026-07-28T08:10:56.098548+00:00,1,BOTH,708.0,68.0,561.8,17154,0.003438105779932812,0.6566298356989477,3.186
2026-07-28T08:10:56.132087+00:00,1,BOTH,708.0,68.0,561.9,17686,0.0017891820089425891,0.3417085929771609,3.187
2026-07-28T08:10:56.165289+00:00,1,BOTH,707.5,67.5,561.8,17705,-0.005992145577911287,-1.144415506140988,3.178
2026-07-28T08:10:56.248676+00:00,1,BOTH,708.5,68.5,561.7,17234,0.0024113759689498694,0.46053888613365657,3.191
2026-07-28T08:10:56.281830+00:00,1,BOTH,708.0,68.0,561.8,17260,-0.012325983552727848,-2.3540894530632466,3.19
2026-07-28T08:10:56.299595+00:00,1,BOTH,708.0,68.0,561.8,17790,0.013673895091633312,2.6115215941841363,3.189
2026-07-28T08:10:56.415212+00:00,1,BOTH,707.5,67.5,561.8,17841,0.015357722595799714,2.9331089589067427,3.179
2026-07-28T08:10:56.498610+00:00,1,BOTH,708.0,68.0,561.8,17546,-0.012761154018808157,-2.4372008899803883,3.182
2026-07-28T08:10:56.531990+00:00,1,BOTH,708.0,68.0,561.8,17640,-0.0053055671672336754,-1.0132886886855648,3.184
2026-07-28T08:10:56.598536+00:00,1,BOTH,708.0,68.0,561.9,17621,-0.0028120506570849103,-0.5370621147598509,3.186
2026-07-28T08:10:56.681979+00:00,1,BOTH,707.5,67.5,561.8,17991,-0.009425323528121225,-1.800104195689003,3.177
2026-07-28T08:10:56.748559+00:00,1,BOTH,708.0,68.0,561.8,17343,-0.002598530490649864,-0.4962827668343207,3.181
2026-07-28T08:10:56.831852+00:00,1,BOTH,708.0,68.0,561.9,17706,-0.004413314132543747,-0.8428809115339889,3.184
2026-07-28T08:10:56.881842+00:00,1,BOTH,708.0,68.0,561.9,17414,-4.182696284260601e-05,-0.007988361469106137,3.185
2026-07-28T08:10:56.931837+00:00,1,BOTH,707.5,67.5,561.8,17790,0.005515876562858466,1.05345482455639,3.177
2026-07-28T08:10:56.998641+00:00,1,BOTH,708.0,68.0,561.9,17520,3.0211525736376646e-05,0.0057699763911508275,3.181
2026-07-28T08:10:57.081921+00:00,1,BOTH,708.0,68.0,561.9,17589,-5.281831661704928e-05,-0.010087555410475426,3.184
2026-07-28T08:10:57.131932+00:00,1,BOTH,707.5,67.5,561.8,17992,0.0010780748081742786,0.20589712169253996,3.176
2026-07-28T08:10:57.215239+00:00,1,BOTH,707.5,67.5,561.7,18280,0.0001135302591137588,0.021682682314150097,3.171
2026-07-28T08:10:57.265045+00:00,1,BOTH,707.5,67.5,561.7,17965,0.0,0.0,3.168
2026-07-28T08:10:57.281905+00:00,1,BOTH,707.5,67.5,561.7,18027,-0.06189933260902762,-11.821901710579311,3.167
2026-07-28T08:10:57.382003+00:00,1,BOTH,707.5,67.5,561.6,17971,8.831901359371841e-06,0.0016867689098928702,3.166
2026-07-28T08:10:57.448524+00:00,1,BOTH,708.0,68.0,561.7,17327,0.0025691746891243383,0.4906762217288664,3.174
2026-07-28T08:10:57.498542+00:00,1,BOTH,707.5,67.5,561.7,17883,0.00014072166639380156,0.0268758585680426,3.17
2026-07-28T08:10:57.581943+00:00,1,BOTH,707.5,67.5,561.6,18017,2.1210324339335786e-05,0.004050873555825156,3.168
2026-07-28T08:10:57.648482+00:00,1,BOTH,707.5,67.5,561.6,17893,-9.57632655627094e-07,-0.00018289436497112492,3.166
2026-07-28T08:10:57.715175+00:00,1,BOTH,708.0,68.0,561.7,17534,-1.8423423171043394e-06,-0.0003518614639614381,3.175
2026-07-28T08:10:57.731841+00:00,1,BOTH,708.0,68.0,561.7,17698,-1.8423423171043394e-06,-0.0003518614639614381,3.18
2026-07-28T08:10:57.781814+00:00,1,BOTH,707.0,67.0,561.6,18569,-3.673275205073878e-05,-0.00701543887469284,3.164
2026-07-28T08:10:57.848466+00:00,1,BOTH,708.0,68.0,561.7,17373,-0.016645769157039466,-3.1791077314913316,3.174
2026-07-28T08:10:57.898304+00:00,1,BOTH,707.5,67.5,561.6,18078,-7.174359052442015e-06,-0.00137020164805468,3.17
2026-07-28T08:10:57.915130+00:00,1,BOTH,708.0,68.0,561.7,17754,-1.5963006298989057e-05,-0.0030487096309094043,3.177
2026-07-28T08:10:57.981649+00:00,1,BOTH,708.0,68.0,561.8,17695,-1.5963006298989057e-05,-0.0030487096309094043,3.181
2026-07-28T08:10:57.998426+00:00,1,BOTH,708.0,68.0,561.8,17307,0.0261351275263587,4.991441680988456,3.184
2026-07-28T08:10:58.131913+00:00,1,BOTH,708.0,68.0,561.9,17448,1.1530406191013753e-05,0.0022021453693886776,3.185
2026-07-28T08:10:58.198242+00:00,1,BOTH,708.0,68.0,561.7,18334,-1.662792979914229e-05,-0.0031757006651022264,3.186
2026-07-28T08:10:58.215107+00:00,1,BOTH,708.0,68.0,561.7,17463,-1.662792979914229e-05,-0.0031757006651022264,3.187
2026-07-28T08:10:58.314996+00:00,1,BOTH,708.0,68.0,561.8,17704,-0.022913125754566863,-4.376084670630637,3.187
2026-07-28T08:10:58.398276+00:00,1,BOTH,708.0,68.0,561.8,17645,-2.5804345932556315e-05,-0.004928267050103498,3.187
2026-07-28T08:10:58.465072+00:00,1,BOTH,708.0,68.0,561.9,17657,-0.000606669902917929,-0.1158654166493624,3.187
2026-07-28T08:10:58.531641+00:00,1,BOTH,708.0,68.0,561.9,17794,0.013880198273109273,2.6509225995131165,3.187
2026-07-28T08:10:58.598491+00:00,1,BOTH,708.0,68.0,561.9,17532,-5.07680349983275e-06,-0.0009695980465255396,3.187
2026-07-28T08:10:58.714851+00:00,1,BOTH,708.5,68.5,562.0,17050,5.279530654661358e-05,0.010083160810734544,3.197
2026-07-28T08:10:58.781639+00:00,1,BOTH,708.0,68.0,562.0,17556,-5.039226380176842e-05,-0.009624213453170678,3.193
2026-07-28T08:10:58.848343+00:00,1,BOTH,708.0,68.0,562.0,17282,0.006649915091693401,1.2700402295812792,3.191
2026-07-28T08:10:58.898058+00:00,1,RIGHT,321.98,-318.02,562.0,15628,-0.001685720202513039,-0.3219488434797852,-0.809
2026-07-28T08:10:58.915114+00:00,1,BOTH,708.5,68.5,562.1,16929,4.2490494379308075e-05,0.00811508665786233,0.799
2026-07-28T08:10:59.015005+00:00,1,BOTH,707.5,67.5,562.0,17881,-0.023764708734233864,-4.53872503943095,1.745
2026-07-28T08:10:59.081574+00:00,1,BOTH,707.5,67.5,561.9,18031,0.007034272038727068,1.3434469992198206,2.313
2026-07-28T08:10:59.131551+00:00,1,BOTH,707.5,67.5,561.8,18017,0.0010527204575919314,0.20105479742366145,2.653
2026-07-28T08:10:59.214975+00:00,1,BOTH,708.0,68.0,561.9,17557,-0.0010846076227608136,-0.20714479737303984,2.867
2026-07-28T08:10:59.248745+00:00,1,BOTH,708.0,68.0,561.9,17471,4.4295070110820234e-05,0.00845973523528693,2.995
2026-07-28T08:10:59.348296+00:00,1,BOTH,708.0,68.0,561.9,17620,-6.6036256612278514e-06,-0.001261199599575478,3.072
2026-07-28T08:10:59.448240+00:00,1,BOTH,708.0,68.0,561.9,17149,4.521359573118388e-05,0.00863516070669184,3.118
2026-07-28T08:10:59.531663+00:00,1,BOTH,708.0,68.0,561.9,17566,-6.957431556656956e-05,-0.013287715481585936,3.146
2026-07-28T08:10:59.598075+00:00,1,BOTH,708.0,68.0,562.0,17709,-0.009413907847338122,-1.797923961258535,3.163
2026-07-28T08:10:59.648110+00:00,1,BOTH,708.0,68.0,562.0,17529,4.696741816587746e-06,0.0008970116118436175,3.173
2026-07-28T08:10:59.731521+00:00,1,BOTH,708.5,68.5,561.9,17700,-3.666849515866488e-05,-0.007003166712291299,3.188
2026-07-28T08:10:59.781991+00:00,1,BOTH,708.0,68.0,561.9,17235,-0.001382377184345387,-0.26401459452722953,3.188
2026-07-28T08:10:59.831575+00:00,1,BOTH,708.0,68.0,561.7,17696,-1.4616642147302628e-05,-0.0027915730189782585,3.188
2026-07-28T08:10:59.898179+00:00,1,BOTH,708.0,68.0,561.8,17489,6.917062739375978e-05,0.01321061671978144,3.188
2026-07-28T08:10:59.948164+00:00,1,BOTH,708.0,68.0,561.8,17430,-4.126443760469555e-05,-0.007880927062433265,3.188
2026-07-28T08:10:59.998164+00:00,1,BOTH,708.0,68.0,561.9,17381,3.485145833110437e-05,0.006656138240827773,3.188
2026-07-28T08:11:00.048123+00:00,1,BOTH,708.0,68.0,561.9,17409,3.485145833110437e-05,0.006656138240827773,3.188
2026-07-28T08:11:00.131473+00:00,1,BOTH,708.0,68.0,561.9,17549,3.485145833110437e-05,0.006656138240827773,3.188
2026-07-28T08:11:00.214885+00:00,1,BOTH,707.5,67.5,561.8,17721,3.485145833110437e-05,0.006656138240827773,3.178
2026-07-28T08:11:00.264889+00:00,1,BOTH,707.5,67.5,561.8,17706,3.485145833110437e-05,0.006656138240827773,3.173
2026-07-28T08:11:00.348098+00:00,1,BOTH,707.5,67.5,561.7,17927,2.389212168054655e-05,0.00456305911969443,3.169
2026-07-28T08:11:00.448067+00:00,1,BOTH,707.5,67.5,561.7,17935,2.389212168054655e-05,0.00456305911969443,3.167
2026-07-28T08:11:00.481401+00:00,1,BOTH,708.0,68.0,561.7,17470,2.389212168054655e-05,0.00456305911969443,3.175
2026-07-28T08:11:00.531399+00:00,1,BOTH,708.0,68.0,561.8,17737,2.389212168054655e-05,0.00456305911969443,3.18
2026-07-28T08:11:00.581404+00:00,1,BOTH,708.0,68.0,561.8,17342,-1.1380126961739732e-05,-0.0021734441507690774,3.183
2026-07-28T08:11:00.681504+00:00,1,BOTH,707.5,67.5,561.8,18184,-1.1380126961739732e-05,-0.0021734441507690774,3.175
2026-07-28T08:11:00.781322+00:00,1,BOTH,707.5,67.5,561.7,18060,-1.1380126961739732e-05,-0.0021734441507690774,3.171
2026-07-28T08:11:00.814899+00:00,1,BOTH,708.0,68.0,561.8,17403,-1.1380126961739732e-05,-0.0021734441507690774,3.178
2026-07-28T08:11:00.831360+00:00,1,BOTH,708.0,68.0,561.8,17542,0.0004977314244024455,0.09505969983098307,3.182
2026-07-28T08:11:00.914692+00:00,1,BOTH,707.5,67.5,561.8,17805,-0.013935207460308447,-2.661428580382976,3.175
2026-07-28T08:11:00.981801+00:00,1,BOTH,708.0,68.0,561.8,17698,0.02006146439583972,3.831457469111946,3.18
2026-07-28T08:11:01.031188+00:00,1,BOTH,708.0,68.0,561.8,17666,-0.004298682806547731,-0.8209879409354557,3.183
2026-07-28T08:11:01.081337+00:00,1,BOTH,708.0,68.0,561.9,17498,0.01439261453342624,2.748786896413247,3.185
2026-07-28T08:11:01.098047+00:00,1,BOTH,708.0,68.0,561.9,17801,0.004678689215797931,0.893563819061981,3.186
2026-07-28T08:11:01.148965+00:00,1,BOTH,707.5,67.5,561.8,18119,0.0017103157879319042,0.32664625427696686,3.177
2026-07-28T08:11:01.264550+00:00,1,BOTH,708.0,68.0,561.9,17478,0.008464687401719857,1.6166362100536888,3.181
2026-07-28T08:11:01.314718+00:00,1,BOTH,708.0,68.0,561.9,17699,9.513227152638137e-05,0.018168925513180754,3.184
2026-07-28T08:11:01.331199+00:00,1,BOTH,708.0,68.0,561.9,17635,-0.0043415016506332905,-0.8291657377678933,3.185
2026-07-28T08:11:01.414623+00:00,1,BOTH,708.0,68.0,561.9,17297,-0.009240103724878282,-1.7647298189954557,3.186
2026-07-28T08:11:01.498107+00:00,1,BOTH,708.0,68.0,561.9,17692,-0.011241270398022607,-2.146924500573475,3.187
2026-07-28T08:11:01.582379+00:00,1,BOTH,708.0,68.0,562.0,17142,-0.011241270398022607,-2.146924500573475,3.187
2026-07-28T08:11:01.648035+00:00,1,BOTH,708.0,68.0,562.0,17200,-0.011241270398022607,-2.146924500573475,3.187
2026-07-28T08:11:01.714428+00:00,1,BOTH,708.0,68.0,561.8,17775,-0.011241270398022607,-2.146924500573475,3.187
2026-07-28T08:11:01.781335+00:00,1,BOTH,708.0,68.0,561.8,17196,-0.0008574980380944908,-0.16377006174520872,3.187
2026-07-28T08:11:01.833300+00:00,1,BOTH,708.0,68.0,561.9,17324,-0.026138522243127228,-4.992090024133385,3.187
2026-07-28T08:11:01.897891+00:00,1,BOTH,708.0,68.0,561.9,17568,0.032931897761300205,6.28952917692942,3.187
2026-07-28T08:11:01.947839+00:00,1,BOTH,707.5,67.5,561.8,18332,0.01098927908577025,2.098797705020064,3.178
2026-07-28T08:11:02.047866+00:00,1,BOTH,708.0,68.0,561.8,17137,0.008366230553947389,1.5978323372486072,3.182
2026-07-28T08:11:02.114586+00:00,1,BOTH,708.0,68.0,561.9,17599,-0.005598057731986046,-1.0691502717112606,3.184
2026-07-28T08:11:02.181268+00:00,1,BOTH,707.5,67.5,561.8,17708,0.0003064219071529805,0.058522273434051184,3.176
2026-07-28T08:11:02.247895+00:00,1,BOTH,708.0,68.0,561.8,17635,0.01907417830079794,3.642899714385793,3.181
2026-07-28T08:11:02.264483+00:00,1,BOTH,708.0,68.0,561.9,17442,-0.005927540787961334,-1.1320769001394495,3.183
2026-07-28T08:11:02.297898+00:00,1,BOTH,708.0,68.0,561.9,17331,-0.00010620890941936522,-0.020284407521389606,3.185
2026-07-28T08:11:02.414600+00:00,1,BOTH,708.0,68.0,561.9,17321,0.0030292472802102566,0.5785436141917705,3.186
2026-07-28T08:11:02.464595+00:00,1,BOTH,708.0,68.0,561.9,17450,0.000267364713945426,0.051062898999318186,3.187
2026-07-28T08:11:02.531185+00:00,1,BOTH,707.5,67.5,561.8,18066,-0.006827874185983091,-1.3040279130105121,3.178
2026-07-28T08:11:02.614586+00:00,1,BOTH,708.0,68.0,561.9,17578,-0.0008352303149877117,-0.15951723990059408,3.182
2026-07-28T08:11:02.697701+00:00,1,BOTH,707.5,67.5,561.8,17935,-0.007914034429122694,-1.5114692390331874,3.175
2026-07-28T08:11:02.731010+00:00,1,BOTH,707.5,67.5,561.7,17939,-1.903305863379501e-05,-0.003635046436471622,3.17
2026-07-28T08:11:02.797612+00:00,1,BOTH,707.5,67.5,561.7,17965,0.0001097314478829503,0.02095716281184268,3.168
2026-07-28T08:11:02.881116+00:00,1,BOTH,708.0,68.0,561.8,17300,0.013418248570524156,2.562696705161614,3.176
2026-07-28T08:11:02.964639+00:00,1,BOTH,708.5,68.5,561.7,17677,-0.005683990037068725,-1.0855621330614877,3.19
2026-07-28T08:11:03.031047+00:00,1,BOTH,708.5,68.5,561.9,16778,0.012161897517289617,2.322751328704431,3.198
2026-07-28T08:11:03.047835+00:00,1,BOTH,708.0,68.0,561.9,17754,-0.013069766345433892,-2.49614150271828,3.194
2026-07-28T08:11:03.147711+00:00,1,BOTH,707.5,67.5,561.8,17937,0.014674977066460997,2.802714167864963,3.182
2026-07-28T08:11:03.231048+00:00,1,BOTH,707.5,67.5,561.7,17946,0.0005590084486175328,0.10676274939313457,3.175
2026-07-28T08:11:03.314282+00:00,1,BOTH,707.5,67.5,561.7,17937,0.0012891321993083694,0.2462061141826241,3.171
2026-07-28T08:11:03.397850+00:00,1,BOTH,707.5,67.5,561.7,18184,-0.0014495931775309146,-0.27685190361159895,3.168
2026-07-28T08:11:03.464560+00:00,1,BOTH,708.0,68.0,561.5,18064,0.003065329255769029,0.58543476391181,3.176
2026-07-28T08:11:03.564418+00:00,1,BOTH,708.0,68.0,561.6,17425,-0.006594448424002621,-1.2594468763734914,3.18
2026-07-28T08:11:03.581039+00:00,1,BOTH,708.0,68.0,561.7,17631,0.006282387700630352,1.199847668370056,3.183
2026-07-28T08:11:03.664293+00:00,1,BOTH,708.0,68.0,561.8,17684,3.439045452978462e-05,0.006568093000310742,3.185
2026-07-28T08:11:03.730914+00:00,1,BOTH,707.5,67.5,561.7,17822,0.0148849848118698,2.8428226927882374,3.177
2026-07-28T08:11:03.797707+00:00,1,BOTH,707.5,67.5,561.7,17887,-4.3476187856867915e-05,-0.008303340245054837,3.172
2026-07-28T08:11:03.864248+00:00,1,BOTH,708.0,68.0,561.7,17459,-4.3476187856867915e-05,-0.008303340245054837,3.178
2026-07-28T08:11:03.897770+00:00,1,BOTH,707.5,67.5,561.7,17925,-4.3476187856867915e-05,-0.008303340245054837,3.172
2026-07-28T08:11:03.981015+00:00,1,BOTH,707.5,67.5,561.6,17818,-4.3476187856867915e-05,-0.008303340245054837,3.169
2026-07-28T08:11:04.047567+00:00,1,BOTH,708.0,68.0,561.7,17185,4.317296377848833e-05,0.008245428711928524,3.176
2026-07-28T08:11:04.131114+00:00,1,BOTH,708.0,68.0,561.8,17778,-0.016646260437555613,-3.1792015591584386,3.181
2026-07-28T08:11:04.197938+00:00,1,BOTH,708.0,68.0,561.8,17668,0.001377393821021542,0.26306284223977416,3.184
2026-07-28T08:11:04.264643+00:00,1,BOTH,708.0,68.0,561.9,17781,-0.016976521223550662,-3.2422767230790708,3.185
2026-07-28T08:11:04.281140+00:00,1,BOTH,708.0,68.0,561.9,17264,-0.0005001607748272363,-0.09552367158531248,3.186
2026-07-28T08:11:04.364054+00:00,1,BOTH,708.0,68.0,561.9,17625,-0.0033251334819942714,-0.6350537161197048,3.187
2026-07-28T08:11:04.430963+00:00,1,BOTH,708.0,68.0,561.7,17857,-0.0009388313803356141,-0.17930358589224024,3.187
2026-07-28T08:11:04.530987+00:00,1,BOTH,708.0,68.0,561.8,17574,0.011026459387503565,2.10589861958787,3.187
2026-07-28T08:11:04.565231+00:00,1,BOTH,708.0,68.0,561.8,17455,-0.0027854171441867945,-0.5319754884842867,3.187
2026-07-28T08:11:04.647545+00:00,1,BOTH,708.0,68.0,561.9,17533,0.012496402167598716,2.3866370110051336,3.187
2026-07-28T08:11:04.664157+00:00,1,BOTH,707.5,67.5,561.8,18194,0.00012198340147733688,0.02329711358433765,3.178
2026-07-28T08:11:04.730903+00:00,1,BOTH,708.0,68.0,561.8,17587,0.0022290862374939025,0.425724111930323,3.182
2026-07-28T08:11:04.797311+00:00,1,BOTH,708.0,68.0,561.9,17615,0.0022225237521342933,0.424470769549583,3.184
2026-07-28T08:11:04.864238+00:00,1,BOTH,708.0,68.0,561.9,17721,0.0017147073498927057,0.3274849808297139,3.185
2026-07-28T08:11:04.880780+00:00,1,BOTH,707.5,67.5,561.8,17736,-0.015998299736529588,-3.055450180961341,3.177
2026-07-28T08:11:04.964236+00:00,1,BOTH,708.0,68.0,561.9,17564,-0.0026687362068332733,-0.5096910709509963,3.181
2026-07-28T08:11:05.030674+00:00,1,BOTH,708.0,68.0,561.9,17679,-0.00032803008085465987,-0.06264913062102387,3.184
2026-07-28T08:11:05.080844+00:00,1,BOTH,708.0,68.0,561.9,17443,-0.0067774534877389665,-1.2943982689788753,3.185
2026-07-28T08:11:05.147462+00:00,1,BOTH,708.0,68.0,561.9,17514,-0.007304789192276075,-1.395111969833989,3.186
2026-07-28T08:11:05.165350+00:00,1,BOTH,708.0,68.0,561.7,18202,-2.0064385898876937e-05,-0.0038320154350915034,3.187
2026-07-28T08:11:05.297404+00:00,1,BOTH,708.5,68.5,561.7,17578,0.003730300780298421,0.7124349700848577,3.196
2026-07-28T08:11:05.314190+00:00,1,BOTH,707.5,67.5,561.7,17829,-0.0016307869978481903,-0.3114573742050379,3.183
2026-07-28T08:11:05.364665+00:00,1,BOTH,707.5,67.5,561.6,17864,0.0024871447974874174,0.4750096664464962,3.176
2026-07-28T08:11:05.380760+00:00,1,BOTH,708.5,68.5,561.6,17325,0.002886459022411145,0.5512730657387204,3.19
2026-07-28T08:11:05.464326+00:00,1,BOTH,707.5,67.5,561.6,17790,5.995226092636585e-05,0.011450038411159462,3.18
2026-07-28T08:11:05.530769+00:00,1,BOTH,708.0,68.0,561.7,17592,-1.2060453300364314e-05,-0.0023033769104183325,3.183
2026-07-28T08:11:05.580753+00:00,1,BOTH,708.0,68.0,561.7,17807,-1.2060453300364314e-05,-0.0023033769104183325,3.185
2026-07-28T08:11:05.647453+00:00,1,BOTH,708.0,68.0,561.8,17739,-0.014122237181290985,-2.6971486259023383,3.186
2026-07-28T08:11:05.797419+00:00,1,BOTH,708.5,68.5,561.7,17321,-0.002012655070511755,-0.3843888038530956,3.196
2026-07-28T08:11:05.813979+00:00,1,BOTH,708.5,68.5,561.7,17438,0.0025261737848632036,0.48246365396416924,3.202
2026-07-28T08:11:05.913935+00:00,1,BOTH,708.0,68.0,561.5,17899,0.0037309173436369746,0.7125527250085297,3.196
2026-07-28T08:11:05.930655+00:00,1,BOTH,707.5,67.5,561.5,18002,-0.006705854861065745,-1.2807239385545142,3.183
2026-07-28T08:11:06.032125+00:00,1,BOTH,707.5,67.5,561.5,17995,-0.003919120180071332,-0.7484968190754617,3.176
2026-07-28T08:11:06.080621+00:00,1,BOTH,707.5,67.5,561.5,18084,1.1758084874600171e-05,0.0022456287949039985,3.171
2026-07-28T08:11:06.130654+00:00,1,BOTH,708.0,68.0,561.6,17641,0.009412233521579765,1.7976041885935885,3.178
2026-07-28T08:11:06.180643+00:00,1,BOTH,708.0,68.0,561.7,17192,-0.01623608625610359,-3.100864060950325,3.182
2026-07-28T08:11:06.247382+00:00,1,BOTH,708.0,68.0,561.8,17713,0.0015961259440518917,0.30483760055169185,3.184
2026-07-28T08:11:06.280890+00:00,1,BOTH,707.5,67.5,561.7,18164,0.018761493656202218,3.5831813462061834,3.176
2026-07-28T08:11:06.347162+00:00,1,BOTH,707.5,67.5,561.7,17909,0.020418425197713076,3.8996319604417757,3.171
2026-07-28T08:11:06.463937+00:00,1,BOTH,708.0,68.0,561.7,17627,0.0018460071180015803,0.35256138937533027,3.178
2026-07-28T08:11:06.498174+00:00,1,BOTH,708.0,68.0,561.8,17729,0.010455468893051148,1.9968474680071648,3.182
2026-07-28T08:11:06.547152+00:00,1,BOTH,707.5,67.5,561.7,18077,-0.002551598318386823,-0.48731938218747683,3.175
2026-07-28T08:11:06.564008+00:00,1,BOTH,708.0,68.0,561.8,17605,0.010936215732363053,2.088663351029919,3.18
2026-07-28T08:11:06.663873+00:00,1,BOTH,708.0,68.0,561.8,17776,0.0005347815387358423,0.10213575043691905,3.183
2026-07-28T08:11:06.730624+00:00,1,BOTH,707.5,67.5,561.8,18109,0.008287686237599701,1.5828314778103976,3.175
2026-07-28T08:11:06.763913+00:00,1,BOTH,708.0,68.0,561.8,17393,-0.006761207539020688,-1.2912955213263977,3.18
2026-07-28T08:11:06.830602+00:00,1,BOTH,707.5,67.5,561.7,17930,-0.004700484048807994,-0.8977263255508776,3.174
2026-07-28T08:11:06.847348+00:00,1,BOTH,707.5,67.5,561.7,18210,-0.009047829780029134,-1.7280082004948312,3.17
2026-07-28T08:11:06.963939+00:00,1,BOTH,708.0,68.0,561.8,17315,-0.001863745481823571,-0.355949167316889,3.177
2026-07-28T08:11:07.013835+00:00,1,BOTH,708.0,68.0,561.8,17702,0.012117168547119946,2.314208724662135,3.181
2026-07-28T08:11:07.063956+00:00,1,BOTH,707.5,67.5,561.7,17752,0.012117168547119946,2.314208724662135,3.174
2026-07-28T08:11:07.080443+00:00,1,BOTH,707.5,67.5,561.7,17660,0.012117168547119946,2.314208724662135,3.17
2026-07-28T08:11:07.147147+00:00,1,BOTH,708.0,68.0,561.8,17467,0.012117168547119946,2.314208724662135,3.177
2026-07-28T08:11:07.180530+00:00,1,BOTH,708.0,68.0,561.8,17591,0.012117168547119946,2.314208724662135,3.181
2026-07-28T08:11:07.297164+00:00,1,BOTH,707.5,67.5,561.7,17939,0.012117168547119946,2.314208724662135,3.174
2026-07-28T08:11:07.314071+00:00,1,BOTH,707.5,67.5,561.7,17703,-0.001644306991584017,-0.31403950280539183,3.17
2026-07-28T08:11:07.397121+00:00,1,BOTH,707.5,67.5,561.7,18068,-0.007458773248363287,-1.4245207582543324,3.168
2026-07-28T08:11:07.463899+00:00,1,BOTH,708.0,68.0,561.7,17208,-0.0055378973897313695,-1.0576604926937423,3.176
2026-07-28T08:11:07.530442+00:00,1,BOTH,708.0,68.0,561.8,17512,0.0015492459398228674,0.29588417926543004,3.18
2026-07-28T08:11:07.613849+00:00,1,BOTH,708.0,68.0,561.8,17149,-4.793706466443837e-05,-0.009155304958393434,3.183
2026-07-28T08:11:07.647250+00:00,1,BOTH,707.5,67.5,561.8,17824,-0.003108872980228625,-0.5937510026978615,3.176
2026-07-28T08:11:07.697079+00:00,1,BOTH,708.0,68.0,561.8,17567,0.0070198483535205015,1.3406922782619488,3.18
2026-07-28T08:11:07.763832+00:00,1,BOTH,708.0,68.0,561.8,17348,-3.5775187425315355e-05,-0.006832557502533546,3.183
2026-07-28T08:11:07.815349+00:00,1,BOTH,708.0,68.0,561.9,17180,-0.023831366086378692,-4.55145565593567,3.185
2026-07-28T08:11:07.880405+00:00,1,BOTH,708.0,68.0,561.9,17449,-0.012892840993590653,-2.462351249553331,3.186
2026-07-28T08:11:07.930347+00:00,1,BOTH,708.0,68.0,561.9,17334,0.009208165244199335,1.7586300185055763,3.187
2026-07-28T08:11:07.980419+00:00,1,BOTH,707.5,67.5,561.8,18130,0.0025252576149068775,0.48228867839145534,3.178
2026-07-28T08:11:07.997187+00:00,1,BOTH,708.0,68.0,561.9,17609,-0.012791741515975445,-2.443042671625568,3.182
2026-07-28T08:11:08.080255+00:00,1,BOTH,708.0,68.0,561.9,17507,0.010434369941940531,1.9928178651711943,3.184
2026-07-28T08:11:08.147077+00:00,1,BOTH,708.0,68.0,561.9,17582,0.0,0.0,3.185
2026-07-28T08:11:08.163653+00:00,1,BOTH,707.5,67.5,561.8,18014,0.05386444530915469,10.287351273426028,3.177
2026-07-28T08:11:08.247223+00:00,1,BOTH,708.0,68.0,561.9,17370,-0.016834090836346148,-3.2150745228749615,3.181
2026-07-28T08:11:08.313715+00:00,1,BOTH,708.5,68.5,561.8,17647,-0.02118770215543918,-4.046553036956341,3.193
2026-07-28T08:11:08.380368+00:00,1,BOTH,707.5,67.5,561.7,17945,-0.02118770215543918,-4.046553036956341,3.181
2026-07-28T08:11:08.430328+00:00,1,BOTH,708.5,68.5,561.7,17002,-0.02118770215543918,-4.046553036956341,3.193
2026-07-28T08:11:08.447116+00:00,1,BOTH,707.5,67.5,561.7,17821,-0.02118770215543918,-4.046553036956341,3.182
2026-07-28T08:11:08.530309+00:00,1,BOTH,708.5,68.5,561.6,17685,0.03506116100586951,6.69618850154993,3.193
2026-07-28T08:11:08.580296+00:00,1,BOTH,707.5,67.5,561.6,18050,-0.011624580834177323,-2.220131401356755,3.182
2026-07-28T08:11:08.630452+00:00,1,BOTH,708.0,68.0,561.5,17807,-0.0008984736981801688,-0.17159583636411543,3.184
2026-07-28T08:11:08.646936+00:00,1,BOTH,708.0,68.0,561.6,17678,-0.02979066664411221,-5.689598225295964,3.185
2026-07-28T08:11:08.730506+00:00,1,BOTH,708.0,68.0,561.7,17246,-0.00884495680918917,-1.6892623171401293,3.186
2026-07-28T08:11:08.813695+00:00,1,BOTH,707.5,67.5,561.6,18320,-0.006736027421429753,-1.2864864731077188,3.177
2026-07-28T08:11:08.880479+00:00,1,BOTH,708.0,68.0,561.7,17037,0.027341787176264915,5.221896698482987,3.181
2026-07-28T08:11:08.913626+00:00,1,BOTH,707.5,67.5,561.7,17806,0.0,0.0,3.174
2026-07-28T08:11:08.980267+00:00,1,RIGHT,321.34,-318.66,561.7,15560,-0.004853312784107402,-0.926914463954138,-0.826
2026-07-28T08:11:08.997015+00:00,1,BOTH,707.5,67.5,561.6,17941,0.016323676791907927,3.1175926210399187,0.77
2026-07-28T08:11:09.030362+00:00,1,BOTH,708.0,68.0,561.7,17175,0.004145148319075816,0.7916650137959725,1.737
2026-07-28T08:11:09.146958+00:00,1,BOTH,708.0,68.0,561.8,17482,0.010501715370919555,2.0056798946711814,2.317
2026-07-28T08:11:09.180309+00:00,1,BOTH,708.0,68.0,561.8,17326,-0.007007349940249696,-1.338305257158524,2.665
2026-07-28T08:11:09.246894+00:00,1,BOTH,708.0,68.0,561.8,17446,-0.0036726889183046297,-0.7014319149444096,2.874
2026-07-28T08:11:09.296938+00:00,1,BOTH,708.0,68.0,561.9,17378,-0.03310081358984462,-6.321789723824587,3.0
2026-07-28T08:11:09.313676+00:00,1,BOTH,708.0,68.0,561.9,17723,-0.006436263730283827,-1.229235825261303,3.075
2026-07-28T08:11:09.346962+00:00,1,BOTH,707.5,67.5,561.8,18192,0.0057626733242796034,1.1005895339794842,3.11
2026-07-28T08:11:09.446856+00:00,1,BOTH,707.5,67.5,561.8,17874,-0.006195078700548038,-1.183172877642643,3.132
2026-07-28T08:11:09.546758+00:00,1,BOTH,707.5,67.5,561.7,17921,-0.004153671548683633,-0.793292830743802,3.145
2026-07-28T08:11:09.596866+00:00,1,BOTH,708.0,68.0,561.8,17627,0.00022096220680396073,0.04220067293921277,3.162
2026-07-28T08:11:09.646730+00:00,1,BOTH,707.5,67.5,561.7,17822,-0.008757804256747477,-1.672617405711124,3.163
2026-07-28T08:11:09.663571+00:00,1,BOTH,708.0,68.0,561.8,17203,0.0017371605811058544,0.3317732321128633,3.173
2026-07-28T08:11:09.746717+00:00,1,BOTH,708.0,68.0,561.8,17735,-0.005073278812342323,-0.9689248808011929,3.179
2026-07-28T08:11:09.813562+00:00,1,BOTH,707.5,67.5,561.8,17772,0.001540325919049792,0.2941805807872092,3.173
2026-07-28T08:11:09.830119+00:00,1,BOTH,707.5,67.5,561.7,17891,0.0027372630809259137,0.5227787398467719,3.169
2026-07-28T08:11:09.896960+00:00,1,BOTH,707.5,67.5,561.7,17774,-0.003843207999598235,-0.7339986605596488,3.167
2026-07-28T08:11:09.946773+00:00,1,BOTH,707.5,67.5,561.6,18069,-0.0007020391058176756,-0.1340795927216367,3.166
2026-07-28T08:11:10.013533+00:00,1,BOTH,707.5,67.5,561.6,18177,0.03003424832888413,5.736118900309688,3.165
2026-07-28T08:11:10.046788+00:00,1,BOTH,708.0,68.0,561.7,17624,-0.015892879079183332,-3.035316318496557,3.174
2026-07-28T08:11:10.113565+00:00,1,BOTH,707.5,67.5,561.6,17912,0.01315016004286008,2.5114955679248543,3.17
2026-07-28T08:11:10.180168+00:00,1,BOTH,708.0,68.0,561.7,17625,0.016243392341420984,3.1022594204618223,3.177
2026-07-28T08:11:10.229990+00:00,1,BOTH,707.5,67.5,561.7,18282,0.009632294698385523,1.8396327774790957,3.172
2026-07-28T08:11:10.313508+00:00,1,BOTH,707.5,67.5,561.6,17920,-0.0005250218173023314,-0.10027178094570723,3.169
2026-07-28T08:11:10.330134+00:00,1,BOTH,708.0,68.0,561.7,17723,0.0032866915498743765,0.6277118478970436,3.176
2026-07-28T08:11:10.396816+00:00,1,BOTH,708.5,68.5,561.7,17602,0.06550875367596745,12.511250355983506,3.19
2026-07-28T08:11:10.446817+00:00,1,BOTH,707.0,67.0,561.7,18248,-0.0011459809076040982,-0.21886623136095457,3.17
2026-07-28T08:11:10.463298+00:00,1,BOTH,708.0,68.0,561.8,17706,-0.013655261984094978,-2.6079629327802696,3.177
2026-07-28T08:11:10.546909+00:00,1,BOTH,707.5,67.5,561.7,17874,-0.05688604832801502,-10.864434941241647,3.172
2026-07-28T08:11:10.596821+00:00,1,BOTH,708.5,68.5,561.7,17346,0.030839271461591124,5.889866993358057,3.188
2026-07-28T08:11:10.630132+00:00,1,BOTH,708.0,68.0,561.7,17543,-0.01812510458228644,-3.46163998599414,3.188
2026-07-28T08:11:10.680131+00:00,1,BOTH,708.0,68.0,561.8,17681,-0.007902007587254047,-1.5091722814333715,3.188
2026-07-28T08:11:10.730058+00:00,1,BOTH,708.0,68.0,561.8,17485,-0.07103859298862517,-13.567371869319544,3.188
2026-07-28T08:11:10.829976+00:00,1,BOTH,708.5,68.5,561.8,17356,-0.030033916882239282,-5.736055598663409,3.197
2026-07-28T08:11:10.896828+00:00,1,BOTH,708.0,68.0,561.6,17785,0.037596860963385555,7.180471520473835,3.193
2026-07-28T08:11:10.996720+00:00,1,BOTH,708.0,68.0,561.7,17524,0.004339085533283651,0.8287042933447509,3.191
2026-07-28T08:11:11.046736+00:00,1,BOTH,708.0,68.0,561.6,17796,0.024036113667389145,4.590559563460376,3.19
2026-07-28T08:11:11.096720+00:00,1,BOTH,707.5,67.5,561.5,17704,0.02469553653849289,4.716500054889189,3.179
2026-07-28T08:11:11.163337+00:00,1,BOTH,708.0,68.0,561.4,18088,0.008029727810062469,1.533565047184682,3.183
2026-07-28T08:11:11.213402+00:00,1,BOTH,707.5,67.5,561.6,17598,0.007365253465250135,1.4066597953431241,3.175
2026-07-28T08:11:11.263135+00:00,1,BOTH,708.5,68.5,561.6,17328,-0.05650717719850945,-10.792075885574901,3.189
2026-07-28T08:11:11.330065+00:00,1,BOTH,708.0,68.0,561.7,17486,-0.022463515670351625,-4.290215469790454,3.189
2026-07-28T08:11:11.413285+00:00,1,BOTH,708.0,68.0,561.8,17476,-0.015400200817966834,-2.941221701744726,3.188
2026-07-28T08:11:11.480062+00:00,1,BOTH,707.5,67.5,561.7,18072,-0.018643137607723473,-3.560577006013924,3.179
2026-07-28T08:11:11.546616+00:00,1,BOTH,708.0,68.0,561.8,17688,0.02048423981294036,3.9122016260511114,3.182
2026-07-28T08:11:11.630087+00:00,1,BOTH,707.5,67.5,561.7,18031,-0.013964271902805194,-2.6669794800128566,3.175
2026-07-28T08:11:11.679905+00:00,1,BOTH,708.0,68.0,561.8,17479,0.015154310204088688,2.8942600537543965,3.18
2026-07-28T08:11:11.746580+00:00,1,BOTH,707.5,67.5,561.7,18079,0.016077593629015608,3.0705941988967176,3.174
2026-07-28T08:11:11.763347+00:00,1,BOTH,708.0,68.0,561.8,17527,0.03470695774303749,6.628540661383138,3.179
2026-07-28T08:11:11.846630+00:00,1,BOTH,707.5,67.5,561.7,17859,-0.007121808665106073,-1.3601652633675891,3.173
2026-07-28T08:11:11.897390+00:00,1,BOTH,707.5,67.5,561.7,17901,0.0010010917036015598,0.19119443173976977,3.169
2026-07-28T08:11:11.946373+00:00,1,BOTH,708.0,68.0,561.7,17659,0.01299754342646338,2.4823479412478613,3.177
2026-07-28T08:11:11.979839+00:00,1,BOTH,708.5,68.5,561.7,17499,-3.868003841489553e-06,-0.0007387343175258029,3.19
2026-07-28T08:11:12.046614+00:00,1,BOTH,707.5,67.5,561.7,17815,-3.868003841489553e-06,-0.0007387343175258029,3.18
2026-07-28T08:11:12.129905+00:00,1,BOTH,708.0,68.0,561.7,17525,0.012311945680703502,2.3514084169954472,3.183
2026-07-28T08:11:12.179936+00:00,1,BOTH,708.5,68.5,561.7,17709,-7.364405348198487e-05,-0.01406497816917816,3.194
2026-07-28T08:11:12.246506+00:00,1,BOTH,708.0,68.0,561.7,17381,-2.9308717930689458e-05,-0.005597552801226352,3.191
2026-07-28T08:11:12.296493+00:00,1,BOTH,707.5,67.5,561.7,18452,-4.963047103956342e-05,-0.00947872175271081,3.181
2026-07-28T08:11:12.363193+00:00,1,BOTH,707.5,67.5,561.7,18232,2.103446895489469e-05,0.004017287651381405,3.174
2026-07-28T08:11:12.396498+00:00,1,BOTH,708.0,68.0,561.7,17369,-4.3817273690365257e-05,-0.008368482840758503,3.179
2026-07-28T08:11:12.463157+00:00,1,BOTH,708.0,68.0,561.8,17524,-3.6987767089158297e-05,-0.007064143159405522,3.183
2026-07-28T08:11:12.529790+00:00,1,BOTH,708.0,68.0,561.8,17308,-1.726179092656821e-05,-0.0032967592230985906,3.185
2026-07-28T08:11:12.596518+00:00,1,BOTH,707.5,67.5,561.8,17942,-7.227645255625248e-05,-0.013803785632169325,3.176
2026-07-28T08:11:12.679790+00:00,1,BOTH,707.5,67.5,561.7,17782,-1.6100648281280883e-05,-0.0030749973131398577,3.171
2026-07-28T08:11:12.746544+00:00,1,BOTH,708.0,68.0,561.8,17637,0.011363407069002279,2.1702508864765186,3.178
2026-07-28T08:11:12.779770+00:00,1,BOTH,707.5,67.5,561.7,18095,-4.333444114308804e-05,-0.008276268616856718,3.172
2026-07-28T08:11:12.846449+00:00,1,BOTH,707.5,67.5,561.7,17817,-0.005644756178371608,-1.0780690180036294,3.169
2026-07-28T08:11:12.896513+00:00,1,BOTH,707.5,67.5,561.6,17798,-0.02001497183344327,-3.822578043765062,3.167
2026-07-28T08:11:12.963087+00:00,1,BOTH,707.5,67.5,561.6,18029,-0.011797109342587646,-2.2530819192820846,3.166
2026-07-28T08:11:13.029715+00:00,1,BOTH,707.75,67.75,561.5,18226,-0.0210487948381342,-4.020023693539475,3.17
2026-07-28T08:11:13.096751+00:00,1,BOTH,707.5,67.5,561.5,18215,-7.71718454780057e-05,-0.014738736810418245,3.168
2026-07-28T08:11:13.179667+00:00,1,BOTH,708.0,68.0,561.6,17300,-0.006271845446972293,-1.197834246232846,3.176
2026-07-28T08:11:13.229693+00:00,1,BOTH,708.0,68.0,561.7,17343,-0.02083489229262341,-3.9791713165898974,3.18
2026-07-28T08:11:13.279814+00:00,1,BOTH,707.5,67.5,561.7,18176,-2.75129615329206e-05,-0.00525458859247378,3.174
2026-07-28T08:11:13.296317+00:00,1,BOTH,708.0,68.0,561.7,17432,-2.75129615329206e-05,-0.00525458859247378,3.179
2026-07-28T08:11:13.346429+00:00,1,BOTH,707.5,67.5,561.7,17738,-2.75129615329206e-05,-0.00525458859247378,3.173
2026-07-28T08:11:13.446399+00:00,1,BOTH,708.0,68.0,561.7,17660,-2.75129615329206e-05,-0.00525458859247378,3.179
2026-07-28T08:11:13.496346+00:00,1,BOTH,707.5,67.5,561.7,17791,-2.75129615329206e-05,-0.00525458859247378,3.173
2026-07-28T08:11:13.546348+00:00,1,BOTH,707.5,67.5,561.7,18051,-1.1197235144209115e-05,-0.002138514386595807,3.169
2026-07-28T08:11:13.596354+00:00,1,BOTH,708.0,68.0,561.7,17687,-1.9514118321239948e-05,-0.0037269220690865474,3.177
2026-07-28T08:11:13.646212+00:00,1,BOTH,708.0,68.0,561.8,17550,9.120660542976111e-06,0.00174191785161343,3.181
2026-07-28T08:11:13.712978+00:00,1,BOTH,708.0,68.0,561.8,17736,4.9103161582024766e-05,0.009378013064663153,3.184
2026-07-28T08:11:13.779705+00:00,1,BOTH,708.0,68.0,561.9,17283,-4.6616597537649795e-05,-0.008903114313890929,3.185
2026-07-28T08:11:13.812929+00:00,1,BOTH,707.5,67.5,561.8,17901,-4.6616597537649795e-05,-0.008903114313890929,3.177
2026-07-28T08:11:13.849904+00:00,1,BOTH,708.0,68.0,561.8,17672,1.727476361338631e-05,0.003299236823777331,3.181
2026-07-28T08:11:13.962858+00:00,1,BOTH,707.5,67.5,561.8,17908,-5.36663674574811e-05,-0.010249521190372979,3.174
2026-07-28T08:11:14.046327+00:00,1,BOTH,708.0,68.0,561.8,17200,0.018236475674202664,3.482910297749351,3.18
2026-07-28T08:11:14.096242+00:00,1,BOTH,707.5,67.5,561.7,17824,-0.00013309497546288185,-0.0254192678947346,3.173
2026-07-28T08:11:14.112984+00:00,1,BOTH,707.5,67.5,561.7,17970,-8.461912802886217e-06,-0.0016161063007103238,3.17
2026-07-28T08:11:14.212986+00:00,1,BOTH,708.0,68.0,561.8,17751,1.6294582601403817e-05,0.003112036039959135,3.177
2026-07-28T08:11:14.279506+00:00,1,BOTH,708.0,68.0,561.8,17404,-3.202297702955548e-05,-0.006115938104126369,3.181
2026-07-28T08:11:14.329537+00:00,1,BOTH,707.5,67.5,561.7,18100,-6.967020432057325e-05,-0.013306028884609869,3.174
2026-07-28T08:11:14.396159+00:00,1,BOTH,708.0,68.0,561.8,17545,-1.9695827504619952e-05,-0.00376162596677469,3.18
2026-07-28T08:11:14.479427+00:00,1,BOTH,707.5,67.5,561.7,17874,-3.82859861565521e-05,-0.007312084737555771,3.173
2026-07-28T08:11:14.496415+00:00,1,BOTH,708.0,68.0,561.8,17586,-3.82859861565521e-05,-0.007312084737555771,3.179
2026-07-28T08:11:14.546214+00:00,1,BOTH,707.5,67.5,561.7,18307,2.8054822323611006e-05,0.0053580763804410535,3.173
2026-07-28T08:11:14.596263+00:00,1,BOTH,708.0,68.0,561.8,17102,-2.2796692283009177e-05,-0.00435384751558293,3.179
2026-07-28T08:11:14.662870+00:00,1,BOTH,708.0,68.0,561.8,17369,-0.003180881773587316,-0.6075036691888037,3.182
2026-07-28T08:11:14.779527+00:00,1,BOTH,708.0,68.0,561.9,17783,6.592119752895087e-05,0.01259002132952372,3.184
2026-07-28T08:11:14.812868+00:00,1,BOTH,708.0,68.0,561.9,17565,1.9031849478778895e-06,0.0003634815504874287,3.186
2026-07-28T08:11:14.879445+00:00,1,BOTH,707.5,67.5,561.8,17607,3.845939354505389e-06,0.0007345203109214232,3.177
2026-07-28T08:11:14.946165+00:00,1,BOTH,708.0,68.0,561.8,17528,-7.013731228653341e-06,-0.001339523993469806,3.181
2026-07-28T08:11:14.996200+00:00,1,BOTH,708.0,68.0,561.9,17503,4.838474735151976e-05,0.009240806053496232,3.184
2026-07-28T08:11:15.062798+00:00,1,BOTH,707.5,67.5,561.8,17795,-9.972821571864187e-06,-0.0019046686196828053,3.176
2026-07-28T08:11:15.112979+00:00,1,BOTH,707.5,67.5,561.7,17824,0.01932895415346138,3.6915583179840006,3.171
2026-07-28T08:11:15.179385+00:00,1,BOTH,708.0,68.0,561.8,17533,2.629617374623195e-06,0.0005022199243339366,3.178
2026-07-28T08:11:15.246178+00:00,1,BOTH,708.0,68.0,561.8,17735,-5.230132268479792e-05,-0.009988816842635842,3.182
2026-07-28T08:11:15.312779+00:00,1,BOTH,707.5,67.5,561.8,17725,-3.152272824081592e-05,-0.006020397623122007,3.175
2026-07-28T08:11:15.362752+00:00,1,BOTH,708.0,68.0,561.8,17790,-0.004438568356927135,-0.8477041131074706,3.18
2026-07-28T08:11:15.429414+00:00,1,BOTH,708.0,68.0,561.9,17700,-2.15028680395335e-05,-0.004106745286973388,3.183
2026-07-28T08:11:15.479364+00:00,1,BOTH,708.0,68.0,561.9,17742,1.1688097729347646e-05,0.0022322622347602026,3.185
2026-07-28T08:11:15.529410+00:00,1,BOTH,708.0,68.0,561.9,17669,-3.236976059270091e-05,-0.006182168886035508,3.186
2026-07-28T08:11:15.579389+00:00,1,BOTH,708.0,68.0,561.7,17810,-1.8286519625689835e-05,-0.0034924679884505917,3.186
2026-07-28T08:11:15.646062+00:00,1,BOTH,708.0,68.0,561.8,17510,4.74990953807719e-05,0.009071658986691912,3.187
2026-07-28T08:11:15.712682+00:00,1,BOTH,708.0,68.0,561.8,17416,3.49889444623841e-05,0.006682396157707474,3.187
2026-07-28T08:11:15.729586+00:00,1,BOTH,707.5,67.5,561.8,18299,-3.9343997777905314e-05,-0.007514150072820212,3.178
2026-07-28T08:11:15.812674+00:00,1,BOTH,707.5,67.5,561.7,18035,-0.003925783907179721,-0.7497694972059203,3.172
2026-07-28T08:11:15.829475+00:00,1,BOTH,708.0,68.0,561.8,17563,-0.0007557407721833443,-0.14433585550687822,3.178
2026-07-28T08:11:15.912654+00:00,1,BOTH,708.0,68.0,561.8,17553,-0.007640559611609206,-1.4592393962110766,3.182
2026-07-28T08:11:15.962586+00:00,1,BOTH,708.0,68.0,561.8,17633,6.961345196032198e-05,0.01329518998221052,3.184
2026-07-28T08:11:16.029411+00:00,1,BOTH,708.0,68.0,561.9,17575,-1.341803086688742e-05,-0.002562655126829715,3.186
2026-07-28T08:11:16.095982+00:00,1,BOTH,707.5,67.5,561.8,18237,2.1784727214253507e-05,0.004160576424068377,3.177
2026-07-28T08:11:16.162754+00:00,1,BOTH,708.0,68.0,561.8,17435,-1.4455290074693039e-05,-0.002760757043057532,3.181
2026-07-28T08:11:16.245959+00:00,1,BOTH,708.5,68.5,562.0,17013,0.008479680176824331,1.6194996191759394,3.193
2026-07-28T08:11:16.295908+00:00,1,BOTH,708.0,68.0,562.0,17485,-0.004152241587435128,-0.7930197282624469,3.191
2026-07-28T08:11:16.346420+00:00,1,BOTH,708.5,68.5,561.9,17407,-3.5976441140519455e-05,-0.006870994130841955,3.199
2026-07-28T08:11:16.412707+00:00,1,BOTH,708.5,68.5,562.0,16951,5.472073098644614e-05,0.0104508897913137,3.204
2026-07-28T08:11:16.429233+00:00,1,BOTH,708.0,68.0,562.0,17676,1.2470830733946058e-05,0.0023817532269238134,3.197
2026-07-28T08:11:16.512689+00:00,1,BOTH,707.5,67.5,561.9,18107,-2.4708833589102138e-05,-0.004719039604488795,3.184
2026-07-28T08:11:16.562691+00:00,1,BOTH,707.5,67.5,561.8,17826,5.5291353928623716e-05,0.010559870745580742,3.176
2026-07-28T08:11:16.579120+00:00,1,BOTH,708.5,68.5,561.8,17210,-1.157845719717443e-05,-0.002211322435569891,3.19
2026-07-28T08:11:16.629146+00:00,1,BOTH,707.5,67.5,561.7,18038,6.480735610239207e-06,0.0012377293286894887,3.18
2026-07-28T08:11:16.695738+00:00,1,BOTH,708.0,68.0,561.8,17526,0.0,0.0,3.183
2026-07-28T08:11:16.729122+00:00,1,BOTH,708.0,68.0,561.8,17688,0.02723756893130485,5.20199247986808,3.185
2026-07-28T08:11:16.796091+00:00,1,BOTH,708.0,68.0,561.7,17871,0.011307478881208225,2.159569389421804,3.186
2026-07-28T08:11:16.879250+00:00,1,BOTH,708.0,68.0,561.7,17776,0.001894162512908224,0.3617583923384518,3.186
2026-07-28T08:11:16.912580+00:00,1,BOTH,708.0,68.0,561.8,17740,-0.0011585739502334037,-0.2212713253405797,3.187
2026-07-28T08:11:16.979198+00:00,1,BOTH,708.5,68.5,561.7,17697,0.004981138284492772,0.95132733624157,3.197
2026-07-28T08:11:17.012588+00:00,1,BOTH,708.0,68.0,561.8,17375,0.0014202536900847918,0.2712484742657993,3.193
2026-07-28T08:11:17.095781+00:00,1,BOTH,707.5,67.5,561.7,18002,0.003452661382034421,0.6594097509279275,3.181
2026-07-28T08:11:17.145832+00:00,1,BOTH,708.0,68.0,561.8,17726,-0.003687991484766826,-0.7043544898577505,3.184
2026-07-28T08:11:17.162535+00:00,1,BOTH,707.5,67.5,561.7,18337,-0.0009776643104851246,-0.18672012923788456,3.176
2026-07-28T08:11:17.278974+00:00,1,BOTH,707.5,67.5,561.7,18075,0.003322799454290362,0.6346079496640361,3.171
2026-07-28T08:11:17.329039+00:00,1,BOTH,707.5,67.5,561.6,17893,-2.0729122770717367e-05,-0.003958970825902121,3.168
2026-07-28T08:11:17.412475+00:00,1,BOTH,708.0,68.0,561.7,17435,7.455178652890026e-05,0.014238342410887502,3.176
2026-07-28T08:11:17.429178+00:00,1,BOTH,708.5,68.5,561.7,17499,0.0,0.0,3.19
2026-07-28T08:11:17.495561+00:00,1,RIGHT,323.33,-316.67,561.7,15597,-0.0009158079006010666,-0.17490642516392507,-0.81
2026-07-28T08:11:17.545866+00:00,1,BOTH,708.0,68.0,561.7,17432,0.016249768286943436,3.1034771363579616,0.789
2026-07-28T08:11:17.612482+00:00,1,BOTH,707.5,67.5,561.7,18097,-3.6164410994388155e-06,-0.0006906893728516513,1.739
2026-07-28T08:11:17.695823+00:00,1,BOTH,708.0,68.0,561.6,17852,0.005049329709745507,0.9643509391281151,2.318
2026-07-28T08:11:17.762435+00:00,1,BOTH,708.0,68.0,561.6,17719,-0.009126201945764478,-1.7429761815879479,2.666
2026-07-28T08:11:17.829043+00:00,1,BOTH,708.0,68.0,561.7,17534,-0.0012627624871674925,-0.241169870140467,2.875
2026-07-28T08:11:17.879032+00:00,1,BOTH,707.5,67.5,561.7,17987,-0.01062098473070364,-2.028458664474033,2.99
2026-07-28T08:11:17.962419+00:00,1,BOTH,708.0,68.0,561.7,17471,3.218157682567835e-05,0.006146228433957955,3.069
2026-07-28T08:11:18.029123+00:00,1,BOTH,708.5,68.5,561.7,17265,-0.0015188437029428315,-0.29007777972881993,3.126
2026-07-28T08:11:18.079182+00:00,1,BOTH,708.0,68.0,561.8,17694,0.010866267736200825,2.075304267811609,3.151
2026-07-28T08:11:18.129075+00:00,1,BOTH,707.5,67.5,561.7,17855,4.5998569694347675e-05,0.008785079690414983,3.156
2026-07-28T08:11:18.195712+00:00,1,BOTH,707.5,67.5,561.7,18425,0.0047299829142230364,0.9033601938465655,3.159
2026-07-28T08:11:18.245736+00:00,1,BOTH,708.0,68.0,561.7,17477,-0.0013839913163974414,-0.26432287104109453,3.171
2026-07-28T08:11:18.295589+00:00,1,BOTH,707.5,67.5,561.7,17891,5.61916152946651e-05,0.01073180800135692,3.168
2026-07-28T08:11:18.379045+00:00,1,BOTH,708.0,68.0,561.7,17837,-3.92901711165905e-08,-7.503869937758149e-06,3.176
2026-07-28T08:11:18.445653+00:00,1,BOTH,708.5,68.5,561.7,17643,2.658624609466642e-05,0.00507759898106851,3.19
2026-07-28T08:11:18.545664+00:00,1,BOTH,707.5,67.5,561.7,18024,1.0398798622190952e-05,0.0019860242435266566,3.18
2026-07-28T08:11:18.595678+00:00,1,BOTH,708.0,68.0,561.7,17734,8.979114645626395e-06,0.0017148845765283275,3.183
2026-07-28T08:11:18.645708+00:00,1,BOTH,707.5,67.5,561.7,17995,1.820968376705423e-05,0.0034777934204003116,3.175
2026-07-28T08:11:18.728874+00:00,1,BOTH,708.0,68.0,561.7,17661,-5.61176537303254e-06,-0.0010717682383080754,3.18
2026-07-28T08:11:18.745765+00:00,1,BOTH,707.5,67.5,561.7,18185,6.308203475782648e-05,0.012047781182403404,3.174
2026-07-28T08:11:18.845628+00:00,1,BOTH,708.0,68.0,561.8,17171,-5.864712438778951e-06,-0.0011200775693330338,3.179
2026-07-28T08:11:18.928874+00:00,1,BOTH,708.0,68.0,561.8,17703,-8.882276379154064e-06,-0.0016963898299809015,3.183
2026-07-28T08:11:18.978992+00:00,1,BOTH,708.0,68.0,561.8,17620,-0.0029261597577715293,-0.5588553476711065,3.185
2026-07-28T08:11:19.045562+00:00,1,BOTH,708.0,68.0,561.7,18252,2.7755555638577786e-05,0.0053009206537701385,3.186
2026-07-28T08:11:19.112210+00:00,1,BOTH,707.5,67.5,561.6,18420,0.0035239009551878554,0.6730155071812786,3.177
2026-07-28T08:11:19.162287+00:00,1,BOTH,708.5,68.5,561.6,17628,-0.0025959309295285494,-0.49578628723152873,3.191
2026-07-28T08:11:19.262235+00:00,1,BOTH,708.0,68.0,561.5,17974,6.610527110751718e-05,0.012625176793429452,3.189
2026-07-28T08:11:19.312360+00:00,1,BOTH,708.5,68.5,561.5,17567,1.6643316484987736e-05,0.003178639305634352,3.198
2026-07-28T08:11:19.362286+00:00,1,BOTH,707.5,67.5,561.5,17842,0.012666267172899098,2.419078837307398,3.184
2026-07-28T08:11:19.378873+00:00,1,BOTH,708.0,68.0,561.4,17957,-0.006153859123587608,-1.175300518332152,3.186
2026-07-28T08:11:19.478836+00:00,1,BOTH,708.0,68.0,561.3,17729,1.7281959881074726e-05,0.00330061120966664,3.186
2026-07-28T08:11:19.495957+00:00,1,BOTH,708.0,68.0,561.5,17596,0.004355009988648817,0.8317456402896459,3.187
2026-07-28T08:11:19.578840+00:00,1,BOTH,707.5,67.5,561.5,17943,6.966594155528582e-05,0.013305214756409788,3.178
2026-07-28T08:11:19.645607+00:00,1,BOTH,707.5,67.5,561.5,18161,-0.002561192330904305,-0.4891517036069682,3.172
2026-07-28T08:11:19.695586+00:00,1,BOTH,707.75,67.75,561.4,18230,-2.415996277704835e-05,-0.004614213001060128,3.174
2026-07-28T08:11:19.745705+00:00,1,BOTH,708.0,68.0,561.5,17553,-2.415996277704835e-05,-0.004614213001060128,3.179
2026-07-28T08:11:19.761993+00:00,1,BOTH,707.5,67.5,561.5,17933,0.0,0.0,3.173
2026-07-28T08:11:19.845384+00:00,1,RIGHT,322.47,-317.53,561.5,15617,0.00937056218739599,1.7896455500088901,-0.827
2026-07-28T08:11:19.895699+00:00,1,BOTH,708.0,68.0,561.6,17817,0.0001069571846164763,0.02042731755708555,0.779
2026-07-28T08:11:19.945517+00:00,1,BOTH,707.5,67.5,561.6,17918,-0.0028196110553108155,-0.5385060444591262,1.733
2026-07-28T08:11:20.012249+00:00,1,BOTH,708.0,68.0,561.5,17855,-0.012027774094603956,-2.297135641858639,2.315
2026-07-28T08:11:20.028736+00:00,1,BOTH,708.0,68.0,561.6,17423,-0.00013088704785332086,-0.024997584783073755,2.664
2026-07-28T08:11:20.112078+00:00,1,BOTH,707.5,67.5,561.6,17959,-0.01060342868335283,-2.025105706413589,2.864
2026-07-28T08:11:20.178695+00:00,1,BOTH,708.5,68.5,561.6,17621,0.012251744632376358,2.339910863690752,3.003
2026-07-28T08:11:20.262294+00:00,1,BOTH,708.0,68.0,561.6,17594,-0.008558907979167998,-1.6346310148239018,3.077
2026-07-28T08:11:20.312057+00:00,1,BOTH,708.0,68.0,561.5,17784,-0.017495045461691915,-3.341307557814838,3.121
2026-07-28T08:11:20.378804+00:00,1,BOTH,708.5,68.5,561.5,17393,0.024084044329356402,4.599713645593684,3.157
2026-07-28T08:11:20.428902+00:00,1,BOTH,708.0,68.0,561.6,17603,3.820338752120736e-06,0.0007296309560226458,3.169
2026-07-28T08:11:20.512031+00:00,1,BOTH,708.5,68.5,561.6,17557,-0.003787780629354529,-0.7234128126114043,3.186
2026-07-28T08:11:20.545259+00:00,1,BOTH,707.5,67.5,561.6,17917,0.01850584628235083,3.534356294321891,3.177
2026-07-28T08:11:20.628812+00:00,1,BOTH,707.5,67.5,561.6,17759,5.8876694820355626e-05,0.011244620416287106,3.172
2026-07-28T08:11:20.645291+00:00,1,BOTH,708.0,68.0,561.6,17669,-2.4671555729582904e-05,-0.00471192005775635,3.178
2026-07-28T08:11:20.745438+00:00,1,BOTH,708.5,68.5,561.8,16943,-0.006882696474713157,-1.3144981989021134,3.191
2026-07-28T08:11:20.795448+00:00,1,BOTH,708.0,68.0,561.9,17624,1.2907198397442697e-05,0.002465093311704954,3.19
2026-07-28T08:11:20.861953+00:00,1,BOTH,708.5,68.5,561.8,17489,1.7781137139536443e-05,0.003395947043462531,3.198
2026-07-28T08:11:20.911963+00:00,1,BOTH,707.5,67.5,561.7,17749,-5.885164369828999e-05,-0.011239836004399014,3.185
2026-07-28T08:11:20.978659+00:00,1,BOTH,708.0,68.0,561.8,17808,0.00012143898638896644,0.02319313796144809,3.186
2026-07-28T08:11:21.062201+00:00,1,BOTH,707.5,67.5,561.7,18331,-0.006252494739601389,-1.1941385333563608,3.177
2026-07-28T08:11:21.095744+00:00,1,BOTH,708.0,68.0,561.8,17350,-0.0018455127021297813,-0.3524669628994024,3.181
2026-07-28T08:11:21.145372+00:00,1,BOTH,708.0,68.0,561.8,17684,-1.2491499655880035e-05,-0.0023857007002368205,3.184
2026-07-28T08:11:21.212035+00:00,1,BOTH,708.0,68.0,561.9,17567,1.1844676919281483e-05,0.002262166657236157,3.185
2026-07-28T08:11:21.278451+00:00,1,BOTH,708.0,68.0,561.9,17597,0.00583457076238119,1.1143209331828978,3.186
2026-07-28T08:11:21.295275+00:00,1,BOTH,708.0,68.0,561.7,18138,-0.004758541278133635,-0.9088144395861523,3.187
2026-07-28T08:11:21.345154+00:00,1,BOTH,708.5,68.5,561.7,17480,1.6708488728909288e-05,0.003191086287361359,3.196
2026-07-28T08:11:21.428562+00:00,1,BOTH,708.0,68.0,561.7,17658,-8.13209015177563e-06,-0.0015531148143888155,3.193
2026-07-28T08:11:21.495217+00:00,1,BOTH,708.0,68.0,561.8,17840,-0.007380534603726119,-1.4095782778125538,3.191
2026-07-28T08:11:21.545277+00:00,1,BOTH,707.5,67.5,561.7,17902,-0.0011808941233903169,-0.22553416440688742,3.18
2026-07-28T08:11:21.645180+00:00,1,BOTH,708.5,68.5,561.7,17622,-0.0021159306683694013,-0.4041129901328738,3.192
2026-07-28T08:11:21.695174+00:00,1,BOTH,708.5,68.5,561.6,17837,-5.8846041793003674e-05,-0.011238766119298554,3.2
2026-07-28T08:11:21.745165+00:00,1,BOTH,708.0,68.0,561.7,17744,3.535766154527664e-05,0.0067528159333212,3.195
2026-07-28T08:11:21.795193+00:00,1,BOTH,708.0,68.0,561.6,18339,-0.0006078037330735242,-0.11608196225802994,3.192
2026-07-28T08:11:21.811957+00:00,1,BOTH,708.0,68.0,561.7,17548,0.0029037768277339637,0.554580522923476,3.19
2026-07-28T08:11:21.878481+00:00,1,BOTH,707.5,67.5,561.6,17880,0.005383908551884815,1.028250791024636,3.18
2026-07-28T08:11:21.961943+00:00,1,BOTH,708.5,68.5,561.6,17792,-0.0033057422953424974,-0.631350272270048,3.192
2026-07-28T08:11:21.978523+00:00,1,BOTH,708.5,68.5,561.6,17542,2.1644518274115398e-05,0.004133798489001989,3.2
2026-07-28T08:11:22.045249+00:00,1,BOTH,708.0,68.0,561.7,17716,-3.1395981204696005e-05,-0.00599619072233713,3.195
2026-07-28T08:11:22.111946+00:00,1,BOTH,708.0,68.0,561.5,17835,-0.0060893850965658206,-1.1629868862102826,3.192
2026-07-28T08:11:22.178450+00:00,1,BOTH,707.5,67.5,561.5,18022,0.0016755579924210907,0.32000800431713894,3.181
2026-07-28T08:11:22.195225+00:00,1,BOTH,708.5,68.5,561.5,17754,-0.005616495305730496,-1.0726715889113212,3.193
2026-07-28T08:11:22.278478+00:00,1,BOTH,707.5,67.5,561.5,17837,0.0013803446036763489,0.26362640021437694,3.181
2026-07-28T08:11:22.328486+00:00,1,BOTH,708.0,68.0,561.4,17778,0.00773431911948137,1.4771461431787387,3.184
2026-07-28T08:11:22.395172+00:00,1,BOTH,708.0,68.0,561.5,17492,0.0025550481292884795,0.4879782475367539,3.185
2026-07-28T08:11:22.461832+00:00,1,BOTH,708.0,68.0,561.6,17475,4.128251282963901e-05,0.007884379176109964,3.186
2026-07-28T08:11:22.511764+00:00,1,BOTH,708.0,68.0,561.5,17926,-2.1735320915468036e-05,-0.004151140516062478,3.187
2026-07-28T08:11:22.578378+00:00,1,BOTH,708.0,68.0,561.4,18160,0.001667230527382344,0.31841757564792916,3.187
2026-07-28T08:11:22.645206+00:00,1,BOTH,708.0,68.0,561.5,17783,-8.37682295241393e-06,-0.001599855336338786,3.187
2026-07-28T08:11:22.711632+00:00,1,BOTH,707.5,67.5,561.5,18094,-3.987238073023036e-05,-0.007615063783269838,3.178
2026-07-28T08:11:22.744977+00:00,1,BOTH,708.0,68.0,561.4,17969,0.0012611130683217197,0.24085485434542658,3.182
2026-07-28T08:11:22.761715+00:00,1,BOTH,708.0,68.0,561.5,17574,4.398578617838211e-05,0.008400666355287217,3.184
2026-07-28T08:11:22.811764+00:00,1,BOTH,707.5,67.5,561.5,18011,0.008211921812035143,1.5683615384034568,3.176
2026-07-28T08:11:22.861683+00:00,1,BOTH,708.0,68.0,561.6,17561,-0.0018816956244154426,-0.3593773920241299,3.181
2026-07-28T08:11:23.028490+00:00,1,BOTH,707.5,67.5,561.4,18617,0.00011649447726085781,0.022248806278766305,3.174
2026-07-28T08:11:23.045008+00:00,1,BOTH,707.5,67.5,561.4,17690,5.6901294410636186e-05,0.010867346728535981,3.17
2026-07-28T08:11:23.078439+00:00,1,BOTH,708.0,68.0,561.3,17917,0.000531627222080715,0.10153332033163033,3.177
2026-07-28T08:11:23.161754+00:00,1,BOTH,708.5,68.5,561.4,17642,7.65023205531179e-06,0.0014610866968835295,3.191
2026-07-28T08:11:23.178511+00:00,1,BOTH,707.5,67.5,561.4,17999,0.0006346890021814033,0.12121667042787969,3.18
2026-07-28T08:11:23.145058+00:00,1,BOTH,708.0,68.0,561.5,17680,-1.679301443800796e-05,-0.00320722950866704,3.183
2026-07-28T08:11:23.244971+00:00,1,BOTH,708.0,68.0,561.4,17942,-7.373534026555717e-06,-0.001408241266059155,3.185
2026-07-28T08:11:23.095063+00:00,1,BOTH,707.5,67.5,561.4,17966,7.283524610102177e-06,0.0013910507337950774,3.176
2026-07-28T08:11:23.428384+00:00,1,BOTH,707.5,67.5,561.4,18092,0.006285426868998911,1.20042810677255,3.172
2026-07-28T08:11:23.444975+00:00,1,BOTH,708.0,68.0,561.6,17514,0.006285426868998911,1.20042810677255,3.178
2026-07-28T08:11:23.494848+00:00,1,BOTH,707.5,67.5,561.5,17955,0.010007285210849658,1.9112506898845718,3.172
2026-07-28T08:11:23.578322+00:00,1,BOTH,708.0,68.0,561.4,18329,-2.8506686794571577e-06,-0.0005444376137434229,3.178
2026-07-28T08:11:23.594956+00:00,1,BOTH,707.5,67.5,561.4,17700,3.430206561461091e-05,0.006551211960993432,3.173
2026-07-28T08:11:23.728199+00:00,1,BOTH,708.0,68.0,561.6,17778,1.7350539674225727e-05,0.0033137089853580814,3.179
2026-07-28T08:11:23.794847+00:00,1,BOTH,707.5,67.5,561.5,17857,2.048274676781148e-05,0.003911916475436087,3.173
2026-07-28T08:11:23.828243+00:00,1,BOTH,708.0,68.0,561.6,17444,2.048274676781148e-05,0.003911916475436087,3.179
2026-07-28T08:11:23.861777+00:00,1,BOTH,708.0,68.0,561.5,18141,-0.0066017311217729,-1.2608377691925123,3.182
2026-07-28T08:11:23.961639+00:00,1,BOTH,707.5,67.5,561.5,18004,-6.541171751450743e-07,-0.00012492717814277475,3.175
2026-07-28T08:11:24.061603+00:00,1,BOTH,708.0,68.0,561.4,17872,4.580244625685737e-05,0.008747622872975674,3.18
2026-07-28T08:11:24.078243+00:00,1,BOTH,707.5,67.5,561.4,18077,0.0068606716851354575,1.3102917739438937,3.174
2026-07-28T08:11:24.128201+00:00,1,BOTH,708.0,68.0,561.5,17762,-0.0035263241961365566,-0.6734783121116248,3.179
2026-07-28T08:11:24.161580+00:00,1,BOTH,707.5,67.5,561.5,17791,-0.0035263241961365566,-0.6734783121116248,3.173
2026-07-28T08:11:24.178361+00:00,1,BOTH,708.0,68.0,561.6,17483,2.988723863381893e-06,0.0005708042116727217,3.179
2026-07-28T08:11:24.294975+00:00,1,BOTH,707.5,67.5,561.6,17930,-2.0858612697338685e-05,-0.003983701580184989,3.173
2026-07-28T08:11:24.311426+00:00,1,BOTH,708.0,68.0,561.5,17938,0.001858908990971031,0.3550254656052084,3.179
2026-07-28T08:11:24.328179+00:00,1,BOTH,707.5,67.5,561.5,18019,2.5218846858479082e-05,0.004816444963925355,3.173
2026-07-28T08:11:24.411559+00:00,1,BOTH,707.5,67.5,561.5,18127,3.08371867868118e-05,0.005889468849803014,3.169
2026-07-28T08:11:24.461390+00:00,1,BOTH,708.0,68.0,561.4,18071,0.00966099095327081,1.845113358454958,3.177
2026-07-28T08:11:24.544910+00:00,1,BOTH,707.5,67.5,561.4,17871,-9.19384541703039e-06,-0.0017558951329717854,3.172
2026-07-28T08:11:24.562645+00:00,1,BOTH,708.0,68.0,561.5,17678,-0.009552871713240166,-1.8244641046618986,3.178
2026-07-28T08:11:24.594985+00:00,1,BOTH,708.0,68.0,561.4,17867,-0.005281806320417672,-1.0087507012181853,3.182
2026-07-28T08:11:24.761469+00:00,1,BOTH,707.5,67.5,561.4,17847,-1.818261982407421e-05,-0.003472624588034519,3.175
2026-07-28T08:11:24.778272+00:00,1,BOTH,708.0,68.0,561.6,17486,-0.006649449447868392,-1.2699512981615144,3.18
2026-07-28T08:11:24.828119+00:00,1,BOTH,708.0,68.0,561.6,17378,-0.010782482739959959,-2.059302512241205,3.183
2026-07-28T08:11:24.911394+00:00,1,BOTH,707.5,67.5,561.6,17930,-1.5271497541107238e-05,-0.0029166411864995304,3.175
2026-07-28T08:11:24.928168+00:00,1,BOTH,707.5,67.5,561.6,18385,-1.593408240296412e-05,-0.003043185573678391,3.171
2026-07-28T08:11:24.961424+00:00,1,BOTH,708.0,68.0,561.7,17215,-0.002905436517903581,-0.5548975003968708,3.178
2026-07-28T08:11:25.094728+00:00,1,BOTH,708.5,68.5,561.6,17356,4.889032890787348e-05,0.00933736501809198,3.191
2026-07-28T08:11:25.194995+00:00,1,BOTH,708.5,68.5,561.6,17616,0.0,0.0,3.199
2026-07-28T08:11:25.228188+00:00,1,BOTH,708.0,68.0,561.5,17905,-0.004979183353716507,-0.9509539719658361,3.194
2026-07-28T08:11:25.244615+00:00,1,BOTH,707.5,67.5,561.5,17953,-0.004813846568576991,-0.919376972009984,3.182
2026-07-28T08:11:25.328127+00:00,1,BOTH,707.5,67.5,561.5,17820,2.9329265817068518e-05,0.005601477158451134,3.175
2026-07-28T08:11:25.478149+00:00,1,BOTH,708.0,68.0,561.6,17513,0.008783838841773105,1.677589645188934,3.18
2026-07-28T08:11:25.528109+00:00,1,BOTH,708.0,68.0,561.7,17680,-0.0016120580207217472,-0.30788040305856373,3.183
2026-07-28T08:11:25.578111+00:00,1,BOTH,708.0,68.0,561.7,17300,0.006540699576726183,1.2491816026980476,3.185
2026-07-28T08:11:25.644783+00:00,1,BOTH,707.5,67.5,561.7,17904,-0.011404058877960779,-2.178014810086166,3.177
2026-07-28T08:11:25.678078+00:00,1,BOTH,708.0,68.0,561.8,17613,0.0014108787156874314,0.26945798604575943,3.181
2026-07-28T08:11:25.728039+00:00,1,BOTH,708.0,68.0,561.6,17755,0.01656449154543225,3.1635848511113416,3.184
2026-07-28T08:11:25.777934+00:00,1,BOTH,707.5,67.5,561.6,17895,-3.900124211213551e-06,-0.0007448688562644192,3.176
2026-07-28T08:11:25.844643+00:00,1,BOTH,707.5,67.5,561.6,18313,-0.0009611436152408714,-0.18356490886415933,3.171
2026-07-28T08:11:25.861395+00:00,1,BOTH,708.5,68.5,561.6,17732,0.0012163098737801193,0.23229807449230236,3.187
2026-07-28T08:11:25.911325+00:00,1,BOTH,707.5,67.5,561.5,17886,0.010126824391772971,1.934080991729094,3.178
2026-07-28T08:11:25.994572+00:00,1,BOTH,707.5,67.5,561.5,18067,-0.005583465494128177,-1.0663633595682376,3.172
2026-07-28T08:11:26.111323+00:00,1,BOTH,708.5,68.5,561.5,17621,0.004410987280716654,0.8424365155698399,3.188
2026-07-28T08:11:26.127853+00:00,1,BOTH,708.0,68.0,561.6,17676,-0.003949988334206864,-0.7543922022532127,3.188
2026-07-28T08:11:26.178039+00:00,1,BOTH,708.0,68.0,561.5,18004,0.008175522497040219,1.5614097813155354,3.188
2026-07-28T08:11:26.277947+00:00,1,BOTH,708.0,68.0,561.4,17837,0.001925051197176799,0.3676576964827902,3.188
2026-07-28T08:11:26.294533+00:00,1,BOTH,707.5,67.5,561.4,18075,-0.0012015216655709082,-0.22947373476914062,3.178
2026-07-28T08:11:26.344565+00:00,1,BOTH,707.5,67.5,561.4,17912,0.007929744404973462,1.5144696234081922,3.173
2026-07-28T08:11:26.494735+00:00,1,BOTH,708.0,68.0,561.5,17187,0.00718545020907186,1.3723199029373752,3.179
2026-07-28T08:11:26.511113+00:00,1,BOTH,708.0,68.0,561.4,17909,0.0012324409899883903,0.2353788907508657,3.182
2026-07-28T08:11:26.528262+00:00,1,BOTH,708.0,68.0,561.6,17594,2.3166925966506824e-05,0.004424556940576255,3.184
2026-07-28T08:11:26.661081+00:00,1,BOTH,708.5,68.5,561.5,17625,-0.0007504713198432,-0.14332946424209292,3.195
2026-07-28T08:11:26.544637+00:00,1,BOTH,708.0,68.0,561.6,17518,0.00827669197227806,1.580731727804474,3.192
2026-07-28T08:11:26.744584+00:00,1,BOTH,708.5,68.5,561.6,17391,-0.0006162713194498793,-0.11769915213145536,3.2
2026-07-28T08:11:26.761072+00:00,1,BOTH,708.0,68.0,561.7,17382,0.0,0.0,3.195
2026-07-28T08:11:26.777838+00:00,1,BOTH,708.0,68.0,561.7,17408,-2.1859165281057356e-05,-0.004174793047611622,3.192
2026-07-28T08:11:26.811059+00:00,1,BOTH,707.5,67.5,561.7,18057,5.3215480875223875e-05,0.010163408196364921,3.181
2026-07-28T08:11:26.894667+00:00,1,BOTH,708.5,68.5,561.7,17768,0.003355291530606337,0.640813479132444,3.193
2026-07-28T08:11:26.994603+00:00,1,BOTH,707.5,67.5,561.6,18129,0.005400107045497862,1.0313444754196264,3.181
2026-07-28T08:11:27.027825+00:00,1,BOTH,707.5,67.5,561.6,17857,-0.00279358136918745,-0.5335347406027292,3.174
2026-07-28T08:11:27.061296+00:00,1,BOTH,708.0,68.0,561.7,17636,-0.003984157998929732,-0.7609181275065373,3.18
2026-07-28T08:11:27.111257+00:00,1,BOTH,708.0,68.0,561.7,17635,-8.24667513370514e-06,-0.001574998933922628,3.183
2026-07-28T08:11:27.144505+00:00,1,BOTH,708.0,68.0,561.6,17821,-2.847381401807069e-06,-0.0005438097899586302,3.185
2026-07-28T08:11:27.261430+00:00,1,BOTH,707.5,67.5,561.6,17880,-2.847381401807069e-06,-0.0005438097899586302,3.176
2026-07-28T08:11:27.294452+00:00,1,BOTH,707.5,67.5,561.6,17834,0.0022902522992080776,0.4374059692158529,3.171
2026-07-28T08:11:27.328035+00:00,1,BOTH,707.5,67.5,561.5,17727,-0.006859912617801456,-1.3101468027618786,3.169
2026-07-28T08:11:27.444531+00:00,1,BOTH,708.0,68.0,561.6,17747,0.0015790859789558452,0.30158320694151286,3.176
2026-07-28T08:11:27.494448+00:00,1,BOTH,708.0,68.0,561.7,17440,-4.8604561015963554e-05,-0.00928278737100268,3.181
2026-07-28T08:11:27.577841+00:00,1,BOTH,707.5,67.5,561.7,18007,-2.145592567103449e-05,-0.004097779954988917,3.174
2026-07-28T08:11:27.611055+00:00,1,BOTH,707.5,67.5,561.6,17980,-0.0005472554540028795,-0.10451809276626918,3.17
2026-07-28T08:11:27.628465+00:00,1,BOTH,708.0,68.0,561.5,18087,4.4133339542895555e-05,0.008428846972085803,3.177
2026-07-28T08:11:27.677759+00:00,1,BOTH,708.0,68.0,561.6,17646,9.395127708557993e-06,0.0017943372189559638,3.181
2026-07-28T08:11:27.727795+00:00,1,BOTH,708.0,68.0,561.7,17754,1.7678419535513967e-05,0.0033763294261552512,3.184
2026-07-28T08:11:27.860959+00:00,1,BOTH,707.5,67.5,561.6,18134,-5.390707519836712e-07,-0.0001029549298253597,3.176
2026-07-28T08:11:27.877743+00:00,1,BOTH,708.5,68.5,561.6,17351,-3.4369914501439774e-05,-0.006564170143859947,3.19
2026-07-28T08:11:27.977836+00:00,1,BOTH,707.5,67.5,561.6,18339,-5.8718725049402566e-05,-0.011214450412399577,3.18
2026-07-28T08:11:28.027632+00:00,1,BOTH,708.0,68.0,561.7,17373,-0.001612217154179234,-0.30791079531020815,3.183
2026-07-28T08:11:28.127628+00:00,1,BOTH,708.0,68.0,561.7,17580,-2.301754429936409e-05,-0.004396027143696566,3.185
2026-07-28T08:11:28.144376+00:00,1,BOTH,708.5,68.5,561.7,17615,1.0354936603107489e-05,0.0019776472149453076,3.195
2026-07-28T08:11:28.261117+00:00,1,BOTH,708.0,68.0,561.8,17382,-1.565690356073901e-05,-0.002990248314245653,3.192
2026-07-28T08:11:28.294292+00:00,1,BOTH,707.5,67.5,561.7,17965,-7.048656261758878e-06,-0.0013461941834574792,3.181
2026-07-28T08:11:28.311044+00:00,1,BOTH,708.5,68.5,561.7,17554,0.0009437024979342823,0.18023390082529223,3.193
2026-07-28T08:11:28.361611+00:00,1,BOTH,708.0,68.0,561.7,17800,0.009097175328352023,1.7374325060170328,3.191
2026-07-28T08:11:28.460916+00:00,1,BOTH,707.5,67.5,561.7,17652,0.009097175328352023,1.7374325060170328,3.18
2026-07-28T08:11:28.477637+00:00,1,BOTH,708.0,68.0,561.5,17917,0.009097175328352023,1.7374325060170328,3.183
2026-07-28T08:11:28.494316+00:00,1,BOTH,708.5,68.5,561.5,17367,0.009097175328352023,1.7374325060170328,3.194
2026-07-28T08:11:28.560959+00:00,1,BOTH,708.0,68.0,561.6,17826,0.009097175328352023,1.7374325060170328,3.192
2026-07-28T08:11:28.610994+00:00,1,BOTH,708.5,68.5,561.6,17816,0.009097175328352023,1.7374325060170328,3.199
2026-07-28T08:11:28.677579+00:00,1,BOTH,707.5,67.5,561.6,17954,2.971795584016945e-05,0.005675711484659553,3.185
2026-07-28T08:11:28.694202+00:00,1,BOTH,708.0,68.0,561.7,17751,-2.3701885656919326e-05,-0.004526726715477126,3.186
2026-07-28T08:11:28.777613+00:00,1,BOTH,707.5,67.5,561.6,17889,0.003923354730795836,0.7493055586909555,3.177
2026-07-28T08:11:28.827553+00:00,1,BOTH,707.5,67.5,561.6,18110,3.8616742822341626e-05,0.0073752546075409675,3.172
2026-07-28T08:11:28.861100+00:00,1,BOTH,707.5,67.5,561.6,17795,-3.936421388061717e-05,-0.0075180110640321865,3.169
2026-07-28T08:11:28.894279+00:00,1,BOTH,708.0,68.0,561.7,17795,1.2424116084730485e-05,0.0023728313861188584,3.176
2026-07-28T08:11:28.910931+00:00,1,BOTH,708.0,68.0,561.5,18134,0.005756235522276256,1.0993600043657088,3.181
2026-07-28T08:11:29.060833+00:00,1,BOTH,707.5,67.5,561.5,18059,-0.0025279564679658506,-0.4828041213574724,3.174
2026-07-28T08:11:29.094294+00:00,1,BOTH,708.5,68.5,561.5,17281,-3.375194733962417e-05,-0.00644614710969424,3.189
2026-07-28T08:11:29.244285+00:00,1,BOTH,708.5,68.5,561.5,17825,-0.0004483933389292361,-0.08563681960808102,3.198
2026-07-28T08:11:29.260961+00:00,1,BOTH,708.5,68.5,561.5,17621,-0.0007589956611627713,-0.1449574935112276,3.203
2026-07-28T08:11:29.360816+00:00,1,BOTH,707.5,67.5,561.5,18301,6.713329188642093e-05,0.012821514299705905,3.187
2026-07-28T08:11:29.377476+00:00,1,BOTH,708.5,68.5,561.5,17594,7.92500672105234e-06,0.001513564792430368,3.197
2026-07-28T08:11:29.427443+00:00,1,BOTH,708.0,68.0,561.6,17528,0.0037059432442765683,0.7077830233735575,3.193
2026-07-28T08:11:29.477499+00:00,1,BOTH,707.5,67.5,561.6,17889,-0.0025734241009922696,-0.4914877996136839,3.181
2026-07-28T08:11:29.494188+00:00,1,BOTH,708.0,68.0,561.7,17171,1.5873845550231634e-05,0.003031681182235982,3.184
2026-07-28T08:11:29.643974+00:00,1,BOTH,708.5,68.5,561.6,17617,-0.0005068938556360081,-0.09680959529685634,3.195
2026-07-28T08:11:29.660879+00:00,1,BOTH,707.5,67.5,561.6,17899,0.0005949866195078357,0.11363407388185054,3.182
2026-07-28T08:11:29.544191+00:00,1,BOTH,708.5,68.5,561.6,17468,0.00701808768826595,1.3403560159678785,3.194
2026-07-28T08:11:29.744182+00:00,1,BOTH,708.0,68.0,561.7,17243,0.0018282321670267266,0.3491666238022934,3.191
2026-07-28T08:11:29.777474+00:00,1,BOTH,708.0,68.0,561.7,17510,0.006036954692099243,1.1529734165632866,3.19
2026-07-28T08:11:29.827487+00:00,1,BOTH,708.0,68.0,561.8,17682,2.3425774415954947e-05,0.004473993352865865,3.189
2026-07-28T08:11:29.960711+00:00,1,BOTH,707.5,67.5,561.7,18236,-2.7909990458283573e-05,-0.005330415531700157,3.179
2026-07-28T08:11:30.044125+00:00,1,BOTH,707.5,67.5,561.7,18011,-6.932968273758888e-05,-0.01324099405281614,3.173
2026-07-28T08:11:30.110687+00:00,1,BOTH,708.5,68.5,561.6,17726,-0.0026912062434712425,-0.5139825318338629,3.188
2026-07-28T08:11:30.127401+00:00,1,BOTH,708.5,68.5,561.6,17689,0.0013091135375725572,0.2500222686878282,3.197
2026-07-28T08:11:30.227412+00:00,1,BOTH,707.75,67.75,561.6,17816,-2.403597958618775e-05,-0.004590533955837204,3.189
2026-07-28T08:11:30.244042+00:00,1,BOTH,708.0,68.0,561.7,17664,-3.283959813416004e-05,-0.006271901246643545,3.188
2026-07-28T08:11:30.260644+00:00,1,BOTH,708.0,68.0,561.8,17742,0.0005742547141198884,0.10967457161520416,3.188
2026-07-28T08:11:30.360817+00:00,1,BOTH,708.0,68.0,561.8,17651,-4.154793932684697e-06,-0.0007935071902979821,3.188
2026-07-28T08:11:30.377212+00:00,1,BOTH,708.0,68.0,561.9,17385,-2.340851948247291e-05,-0.004470697903318199,3.188
2026-07-28T08:11:30.427881+00:00,1,BOTH,708.5,68.5,561.8,17397,-0.0013667462929151952,-0.2610293141639722,3.197
2026-07-28T08:11:30.460772+00:00,1,BOTH,707.5,67.5,561.7,17989,-0.0036254149049636908,-0.6924032434608064,3.184
2026-07-28T08:11:30.527316+00:00,1,BOTH,708.0,68.0,561.8,17599,-0.0019768625456708833,-0.37755293514809857,3.185
2026-07-28T08:11:30.627310+00:00,1,BOTH,708.0,68.0,561.8,17576,-5.165553330698458e-05,-0.009865480156625561,3.186
2026-07-28T08:11:30.643931+00:00,1,BOTH,708.5,68.5,561.8,17504,0.00044663102977210656,0.08530024335174508,3.196
2026-07-28T08:11:30.727197+00:00,1,BOTH,708.5,68.5,561.7,17660,1.7043203333741987e-05,0.0032550120680223684,3.202
2026-07-28T08:11:30.743988+00:00,1,BOTH,708.5,68.5,561.7,17540,-0.0015392964141210542,-0.2939839598291939,3.206
2026-07-28T08:11:30.760704+00:00,1,BOTH,708.0,68.0,561.7,17763,-0.0003083247681206558,-0.058885693108877764,3.198
2026-07-28T08:11:30.860681+00:00,1,BOTH,707.5,67.5,561.7,18311,0.013099429049798345,2.501806661948372,3.185
2026-07-28T08:11:30.877324+00:00,1,BOTH,708.0,68.0,561.7,17672,0.00842831297792145,1.6096892068341258,3.186
2026-07-28T08:11:30.993864+00:00,1,BOTH,708.0,68.0,561.8,17673,0.00396346331544919,0.7569657341005568,3.186
2026-07-28T08:11:31.077289+00:00,1,BOTH,708.0,68.0,561.8,17542,2.6493797413422726e-05,0.005059942583545798,3.187
2026-07-28T08:11:31.127267+00:00,1,BOTH,708.0,68.0,561.9,17556,-0.003946704535192112,-0.753765042838831,3.187
2026-07-28T08:11:31.260535+00:00,1,BOTH,707.5,67.5,561.8,18199,-1.2419186532497406e-05,-0.002371889910992709,3.178
2026-07-28T08:11:31.277208+00:00,1,BOTH,708.0,68.0,561.8,17828,-0.0015290442341574816,-0.29202593768678964,3.182
2026-07-28T08:11:31.344028+00:00,1,BOTH,708.0,68.0,561.9,17689,-0.002886135010339785,-0.5512111839913864,3.184
2026-07-28T08:11:31.360424+00:00,1,BOTH,707.5,67.5,561.8,18111,-0.0009276098098780494,-0.17716042380314978,3.176
2026-07-28T08:11:31.460547+00:00,1,BOTH,707.5,67.5,561.7,18183,0.0016924397778348066,0.32323218783331037,3.171
2026-07-28T08:11:31.543902+00:00,1,BOTH,708.0,68.0,561.8,17698,-2.270550743560307e-05,-0.004336432492543215,3.178
2026-07-28T08:11:31.560428+00:00,1,BOTH,708.5,68.5,561.7,17609,-0.0006634646532256739,-0.12671241495313942,3.191
2026-07-28T08:11:31.627208+00:00,1,BOTH,707.5,67.5,561.7,17942,-0.0006607298338713008,-0.12619010293068522,3.18
2026-07-28T08:11:31.660498+00:00,1,BOTH,708.5,68.5,561.6,17671,3.1660884269513195e-05,0.006046783480984148,3.193
2026-07-28T08:11:31.593892+00:00,1,BOTH,707.5,67.5,561.6,17966,-0.0001170191474375315,-0.022349010901298927,3.181
2026-07-28T08:11:31.793837+00:00,1,BOTH,708.5,68.5,561.6,17552,-0.007355140728468541,-1.4047284048867508,3.193
2026-07-28T08:11:31.827165+00:00,1,BOTH,708.0,68.0,561.5,18177,-0.0016730814141919835,-0.3195350127165995,3.191
2026-07-28T08:11:31.993852+00:00,1,BOTH,707.5,67.5,561.5,18188,0.008338719853782095,1.5925781805455368,3.18
2026-07-28T08:11:31.860581+00:00,1,BOTH,707.5,67.5,561.5,17912,-0.004447062133986037,-0.8493263050328046,3.174
2026-07-28T08:11:32.177202+00:00,1,BOTH,708.0,68.0,561.6,17711,0.0013008318096399307,0.2484405751624445,3.179
2026-07-28T08:11:32.243645+00:00,1,BOTH,708.5,68.5,561.6,17664,-0.003229826451279223,-0.6168514140600516,3.192
2026-07-28T08:11:32.327134+00:00,1,BOTH,707.5,67.5,561.6,17898,-0.007727877210563747,-1.4759158292021137,3.181
2026-07-28T08:11:32.193645+00:00,1,BOTH,707.5,67.5,561.5,18423,-0.0019197158957831562,-0.36663872897517014,3.174
2026-07-28T08:11:32.343751+00:00,1,BOTH,708.0,68.0,561.4,17801,-0.0076217094765161164,-1.4556392855974583,3.179
2026-07-28T08:11:32.360375+00:00,1,BOTH,707.5,67.5,561.4,18226,-0.001979746482684277,-0.3781037265455953,3.173
2026-07-28T08:11:32.460367+00:00,1,BOTH,708.5,68.5,561.5,17801,-0.005411393594695255,-1.0335000475338845,3.188
2026-07-28T08:11:32.560350+00:00,1,BOTH,707.5,67.5,561.5,18176,0.0025957582116825505,0.4957533005527876,3.179
2026-07-28T08:11:32.427151+00:00,1,BOTH,707.5,67.5,561.5,17950,-0.008363734511076472,-1.5973556281753165,3.173
2026-07-28T08:11:32.643727+00:00,1,BOTH,708.5,68.5,561.5,17649,-0.0054714117618277665,-1.04496267310323,3.188
2026-07-28T08:11:32.760448+00:00,1,BOTH,708.0,68.0,561.4,18030,0.0025003535870928317,0.4775323594360512,3.188
2026-07-28T08:11:32.776892+00:00,1,BOTH,708.0,68.0,561.3,17849,0.001469428923446685,0.2806402520264906,3.188
2026-07-28T08:11:32.843786+00:00,1,BOTH,708.5,68.5,561.3,17741,-0.0038540815480519086,-0.7360753553420706,3.197
2026-07-28T08:11:32.860521+00:00,1,BOTH,707.5,67.5,561.4,18263,0.004696265545208007,0.896920650710411,3.184
2026-07-28T08:11:32.943538+00:00,1,BOTH,707.5,67.5,561.4,18003,-0.0031286409328458832,-0.597526403546473,3.176
2026-07-28T08:11:32.960404+00:00,1,BOTH,708.5,68.5,561.4,17533,-0.007277359727304429,-1.3898733279100648,3.19
2026-07-28T08:11:32.993590+00:00,1,BOTH,708.5,68.5,561.4,17864,-0.0006103273695862299,-0.11656394132870712,3.198
2026-07-28T08:11:33.027133+00:00,1,BOTH,707.5,67.5,561.4,17864,-0.014994241255917586,-2.863689136550055,3.185
2026-07-28T08:11:33.160310+00:00,1,BOTH,707.5,67.5,561.5,18310,-2.8498676292656456e-05,-0.005442846244262502,3.176
2026-07-28T08:11:33.227000+00:00,1,BOTH,708.0,68.0,561.6,17728,-0.004103988742572256,-0.7838041137286398,3.181
2026-07-28T08:11:33.277075+00:00,1,BOTH,708.0,68.0,561.5,17909,-0.01575537812714174,-3.0090555710598434,3.184
2026-07-28T08:11:33.293605+00:00,1,BOTH,707.5,67.5,561.5,18202,-0.0026717379735782744,-0.5102643661695673,3.176
2026-07-28T08:11:33.326922+00:00,1,BOTH,708.0,68.0,561.6,17551,-0.00033385915972758087,-0.06376240268058135,3.18
2026-07-28T08:11:33.443526+00:00,1,BOTH,708.0,68.0,561.5,18022,0.000797304766142588,0.15227399361878463,3.183
2026-07-28T08:11:33.460297+00:00,1,BOTH,708.0,68.0,561.6,17780,-0.0013179336788016372,-0.25170679157828024,3.185
2026-07-28T08:11:33.510637+00:00,1,BOTH,707.5,67.5,561.6,18022,-0.004578654961660504,-0.8744586838326022,3.177
2026-07-28T08:11:33.494096+00:00,1,BOTH,708.0,68.0,561.6,17583,0.008554638784262351,1.6338156586571944,3.181
2026-07-28T08:11:33.310328+00:00,1,BOTH,707.5,67.5,561.6,17786,-0.004943038714118302,-0.9440508542958408,3.174
2026-07-28T08:11:33.776787+00:00,1,BOTH,707.5,67.5,561.6,18501,0.00023755155823891981,0.04536900567948761,3.17
2026-07-28T08:11:33.793523+00:00,1,BOTH,707.5,67.5,561.6,18246,-0.011520945952506736,-2.200338596923214,3.168
2026-07-28T08:11:33.826757+00:00,1,BOTH,708.0,68.0,561.5,18344,0.0021592226874781774,0.41238115673798237,3.176
2026-07-28T08:11:33.910127+00:00,1,BOTH,707.5,67.5,561.5,18436,0.01046723107341677,1.9990938789832373,3.171
2026-07-28T08:11:33.943578+00:00,1,BOTH,707.5,67.5,561.5,18266,-0.004233035009820014,-0.808450135312686,3.168
2026-07-28T08:11:34.043646+00:00,1,BOTH,708.0,68.0,561.4,17924,0.004407607798930258,0.8417910820921671,3.176
2026-07-28T08:11:34.076820+00:00,1,BOTH,708.0,68.0,561.5,17379,-0.0026965629364713094,-0.5150055848373666,3.181
2026-07-28T08:11:34.126796+00:00,1,BOTH,707.5,67.5,561.5,17859,-0.0026965629364713094,-0.5150055848373666,3.174
2026-07-28T08:11:34.210113+00:00,1,BOTH,707.5,67.5,561.5,18183,0.005746115539222956,1.097427229973382,3.17
2026-07-28T08:11:34.243494+00:00,1,BOTH,708.0,68.0,561.6,17780,-0.005121928919106722,-0.9782163667693959,3.177
2026-07-28T08:11:34.260145+00:00,1,BOTH,708.0,68.0,561.7,17346,0.023833559640916064,4.551874593992748,3.181
2026-07-28T08:11:34.326729+00:00,1,BOTH,707.5,67.5,561.6,17830,0.03926505791954696,7.499073670422565,3.174
2026-07-28T08:11:34.377007+00:00,1,BOTH,708.5,68.5,561.6,17234,-0.03343362647574395,-6.385352302923257,3.189
2026-07-28T08:11:34.410124+00:00,1,BOTH,707.5,67.5,561.6,18494,0.026677380274049936,5.095004327228723,3.179
2026-07-28T08:11:34.526931+00:00,1,BOTH,708.0,68.0,561.7,17417,-0.11144162846161634,-21.283783243052035,3.182
2026-07-28T08:11:34.543321+00:00,1,BOTH,708.0,68.0,561.7,17759,-0.016488039998803286,-3.148983681247717,3.184
2026-07-28T08:11:34.576632+00:00,1,RIGHT,323.26,-316.74,561.7,15630,-0.03751634657732211,-7.165094405435428,-0.816
2026-07-28T08:11:34.593593+00:00,1,BOTH,708.0,68.0,561.8,17762,-0.038556366479024294,-7.363723575359247,0.786
2026-07-28T08:11:34.710098+00:00,1,BOTH,708.0,68.0,561.8,17451,-0.02976362784160301,-5.684434194406415,1.746
2026-07-28T08:11:34.760024+00:00,1,BOTH,708.5,68.5,561.8,17321,0.026634836485609412,5.0868790621549245,2.332
2026-07-28T08:11:34.776746+00:00,1,BOTH,708.0,68.0,561.6,18001,0.04029728295921814,7.69621413135884,2.674
2026-07-28T08:11:34.826788+00:00,1,BOTH,708.0,68.0,561.7,17734,-0.03739457266870886,-7.1418373020409245,2.88
2026-07-28T08:11:34.893407+00:00,1,BOTH,708.5,68.5,561.7,17513,0.010401118993759156,1.9864674018525244,3.012
2026-07-28T08:11:35.076602+00:00,1,BOTH,708.0,68.0,561.7,17671,-0.0032770393462851644,-0.6258684128015007,3.082
2026-07-28T08:11:35.126766+00:00,1,BOTH,707.5,67.5,561.7,18068,0.023760767932981253,4.537972401832036,3.115
2026-07-28T08:11:35.143293+00:00,1,BOTH,708.5,68.5,561.6,17534,-0.06300434969831258,-12.032944428932172,3.153
2026-07-28T08:11:35.210096+00:00,1,BOTH,708.5,68.5,561.6,17002,-0.05177747265435755,-9.888768856495732,3.176
2026-07-28T08:11:35.260090+00:00,1,BOTH,707.0,67.0,561.7,18303,0.0044811698596458885,0.8558404007964696,3.162
2026-07-28T08:11:35.277050+00:00,1,BOTH,707.5,67.5,561.9,17572,-0.05366988602210768,-10.250193186716468,3.163
2026-07-28T08:11:35.243188+00:00,1,BOTH,708.5,68.5,561.8,17507,0.023765449790516868,4.5388665707556095,3.182
2026-07-28T08:11:35.193405+00:00,1,BOTH,707.5,67.5,561.7,18216,-0.02977354046422988,-5.6863273658745,3.175
2026-07-28T08:11:35.493394+00:00,1,BOTH,708.0,68.0,561.8,17747,-0.052619911704678085,-10.049662863430317,3.18
2026-07-28T08:11:35.526626+00:00,1,BOTH,708.0,68.0,561.6,18279,-0.008572728238068521,-1.6372704898464958,3.183
2026-07-28T08:11:35.510122+00:00,1,BOTH,708.5,68.5,561.6,17718,0.0007683234009891748,0.14673896059272432,3.194
2026-07-28T08:11:35.426659+00:00,1,BOTH,708.5,68.5,561.6,17107,0.017695234769489615,3.379540899283017,3.201
2026-07-28T08:11:35.693227+00:00,1,BOTH,707.0,67.0,561.7,18232,-0.011685889165382832,-2.231840430113641,3.177
2026-07-28T08:11:35.726623+00:00,1,BOTH,708.0,68.0,561.5,17849,0.008865875292103738,1.6932574530895337,3.181
2026-07-28T08:11:35.893308+00:00,1,BOTH,708.0,68.0,561.6,17351,-0.022337926861364394,-4.266229774093644,3.184
2026-07-28T08:11:35.909784+00:00,1,BOTH,707.5,67.5,561.6,17929,0.03767928575980477,7.196213497013988,3.176
2026-07-28T08:11:35.959829+00:00,1,BOTH,708.5,68.5,561.6,17373,-0.018465040936134755,-3.5265630472560536,3.19
2026-07-28T08:11:36.026411+00:00,1,BOTH,707.5,67.5,561.6,18184,-0.023716267440468074,-4.529473433807841,3.18
2026-07-28T08:11:36.143252+00:00,1,BOTH,707.5,67.5,561.6,17916,0.016202343800105153,3.0944197265532707,3.173
2026-07-28T08:11:36.243406+00:00,1,BOTH,707.5,67.5,561.5,18003,-0.017648719820426775,-3.370657198397794,3.17
2026-07-28T08:11:36.259841+00:00,1,BOTH,708.5,68.5,561.5,17771,0.025118911832105368,4.79735877980288,3.186
2026-07-28T08:11:36.276480+00:00,1,BOTH,708.5,68.5,561.5,17652,0.005496229972341098,1.0497026021615004,3.196
2026-07-28T08:11:36.359865+00:00,1,BOTH,708.0,68.0,561.6,17601,0.01878285382525064,3.5872608379933855,3.193
2026-07-28T08:11:36.376437+00:00,1,BOTH,707.5,67.5,561.6,17975,-0.004379721337463707,-0.8364651602668751,3.181
2026-07-28T08:11:36.443188+00:00,1,BOTH,708.0,68.0,561.7,17518,0.007518674522580113,1.4359610589212655,3.184
2026-07-28T08:11:36.493217+00:00,1,BOTH,708.0,68.0,561.5,17981,0.02999997099628672,5.729572412007029,3.185
2026-07-28T08:11:36.593042+00:00,1,BOTH,708.5,68.5,561.5,17353,-0.022828430621593725,-4.359909091748436,3.196
2026-07-28T08:11:36.659788+00:00,1,BOTH,708.0,68.0,561.6,17617,-0.0017234503291547298,-0.3291547668699952,3.192
2026-07-28T08:11:36.543133+00:00,1,BOTH,708.0,68.0,561.7,17619,-0.018293741223751568,-3.493847212084849,3.19
2026-07-28T08:11:36.526590+00:00,1,BOTH,707.5,67.5,561.7,18079,-0.0022268393740523607,-0.4252949926225144,3.18
2026-07-28T08:11:36.776562+00:00,1,BOTH,708.0,68.0,561.5,17924,-0.0007595705667336006,-0.14506729238731786,3.183
2026-07-28T08:11:36.826632+00:00,1,BOTH,708.0,68.0,561.6,17211,0.004482849617488682,0.8561612109131232,3.185
2026-07-28T08:11:36.859613+00:00,1,BOTH,708.0,68.0,561.7,17724,-0.015745354715036228,-3.0071412403599562,3.186
2026-07-28T08:11:37.043088+00:00,1,BOTH,707.5,67.5,561.7,17938,0.004377024155110121,0.8359500363820831,3.177
2026-07-28T08:11:36.959661+00:00,1,BOTH,707.5,67.5,561.6,18160,-0.008131469354848377,-1.5529962509092612,3.172
2026-07-28T08:11:37.126519+00:00,1,BOTH,708.0,68.0,561.7,17785,0.003797893802402541,0.7253442863885261,3.178
2026-07-28T08:11:37.193070+00:00,1,BOTH,708.5,68.5,561.9,16793,-0.00220335784368217,-0.42081035066678046,3.191
2026-07-28T08:11:37.276504+00:00,1,BOTH,708.0,68.0,561.9,17632,0.01896073747135233,3.6212341118801374,3.19
2026-07-28T08:11:37.359784+00:00,1,BOTH,708.0,68.0,561.9,17490,0.009247228085296228,1.766090471607717,3.189
2026-07-28T08:11:37.376278+00:00,1,BOTH,707.5,67.5,561.8,18258,0.004484361989743775,0.8564500527373549,3.179
2026-07-28T08:11:37.542941+00:00,1,BOTH,707.5,67.5,561.8,17831,0.0027114573901053517,0.5178502159419796,3.173
2026-07-28T08:11:37.592988+00:00,1,BOTH,708.0,68.0,561.8,17456,-0.005319466173532419,-1.0159432033533773,3.179
2026-07-28T08:11:37.610253+00:00,1,BOTH,707.5,67.5,561.7,17990,0.01141960822220426,2.180984516083991,3.173
2026-07-28T08:11:37.659625+00:00,1,BOTH,708.0,68.0,561.8,17624,-0.00864953427328146,-1.651939362042611,3.179
2026-07-28T08:11:37.709532+00:00,1,RIGHT,322.2,-317.8,561.8,15582,-0.0017296891007572413,-0.33034628447722847,-0.821
2026-07-28T08:11:37.726441+00:00,1,BOTH,708.0,68.0,561.8,17700,-0.0017296891007572413,-0.33034628447722847,0.782
2026-07-28T08:11:37.826313+00:00,1,BOTH,708.0,68.0,561.9,17808,-0.0038996243700239576,-0.7447733936291174,1.744
2026-07-28T08:11:37.776325+00:00,1,BOTH,708.0,68.0,561.9,17660,0.002520777750760317,0.481433087363489,2.322
2026-07-28T08:11:37.859644+00:00,1,BOTH,707.5,67.5,561.8,17800,-0.00592387946206145,-1.1313776384011651,2.659
2026-07-28T08:11:38.026343+00:00,1,BOTH,708.0,68.0,561.9,17589,-0.011714683228638023,-2.2373396911121586,2.87
2026-07-28T08:11:38.043700+00:00,1,BOTH,708.0,68.0,561.9,17399,0.004100437735905871,0.7831259214119509,2.997
2026-07-28T08:11:38.126363+00:00,1,BOTH,707.5,67.5,561.8,18122,0.005183125334442593,0.9899040211696463,3.064
2026-07-28T08:11:38.209514+00:00,1,BOTH,707.5,67.5,561.7,18211,0.014040379085636233,2.6815148812356866,3.104
2026-07-28T08:11:38.243035+00:00,1,BOTH,707.5,67.5,561.7,17885,5.233843345195055e-05,0.009995904477076968,3.128
2026-07-28T08:11:38.326187+00:00,1,BOTH,708.0,68.0,561.8,17701,0.005705510319094173,1.0896722041747857,3.152
2026-07-28T08:11:38.342972+00:00,1,BOTH,708.5,68.5,561.7,17730,0.010185462616500445,1.945280067712507,3.175
2026-07-28T08:11:38.492957+00:00,1,BOTH,708.5,68.5,561.7,17600,-0.014028515965328552,-2.679249192150733,3.19
2026-07-28T08:11:38.543028+00:00,1,BOTH,707.5,67.5,561.6,18226,0.025324160758173092,4.836558437180457,3.179
2026-07-28T08:11:38.559405+00:00,1,BOTH,708.0,68.0,561.7,17296,0.010875625144690275,2.0770914011903603,3.183
2026-07-28T08:11:38.642925+00:00,1,BOTH,707.5,67.5,561.7,17880,-0.00909899094607681,-1.7377792634598308,3.175
2026-07-28T08:11:38.792842+00:00,1,BOTH,708.0,68.0,561.5,17899,0.017112375444266945,3.2682229679993435,3.18
2026-07-28T08:11:38.842897+00:00,1,BOTH,708.0,68.0,561.6,17646,-0.0023657278426981064,-0.45182073621063534,3.183
2026-07-28T08:11:38.859500+00:00,1,BOTH,708.0,68.0,561.7,17734,-0.004519442551245447,-0.8631499464606713,3.185
2026-07-28T08:11:38.909555+00:00,1,BOTH,708.0,68.0,561.6,17965,0.005809060072060675,1.1094487502234618,3.186
2026-07-28T08:11:38.942824+00:00,1,BOTH,707.5,67.5,561.5,17893,0.005488088188067195,1.048147635906165,3.177
2026-07-28T08:11:39.092806+00:00,1,BOTH,707.5,67.5,561.5,17845,-0.0013897351358900779,-0.2654198597584713,3.172
2026-07-28T08:11:39.126239+00:00,1,BOTH,707.5,67.5,561.5,18002,-8.821540977805855e-06,-0.0016847902227666164,3.169
2026-07-28T08:11:39.142633+00:00,1,BOTH,708.0,68.0,561.6,17649,0.0,0.0,3.176
2026-07-28T08:11:39.159620+00:00,1,BOTH,707.5,67.5,561.6,18236,9.9596728105098e-05,0.019021573912447014,3.171
2026-07-28T08:11:39.192820+00:00,1,BOTH,707.5,67.5,561.6,18174,0.0009287892351858318,0.17738567744443928,3.168
2026-07-28T08:11:39.225872+00:00,1,RIGHT,322.42,-317.58,561.6,15614,-0.014604358336655424,-2.7892269839568495,-0.832
2026-07-28T08:11:39.275935+00:00,1,RIGHT,322.42,-317.58,561.6,15688,0.005193979456962552,0.9919770058720181,-4.832
2026-07-28T08:11:39.442821+00:00,1,BOTH,707.5,67.5,561.6,17925,0.013885012453829403,2.651842040303372,-1.633
2026-07-28T08:11:39.459285+00:00,1,BOTH,708.0,68.0,561.5,18545,-0.003273259188281372,-0.6251464558031343,0.295
2026-07-28T08:11:39.542736+00:00,1,BOTH,707.5,67.5,561.5,17947,0.002621938506999868,0.5007533686464157,1.443
2026-07-28T08:11:39.659465+00:00,1,BOTH,708.0,68.0,561.6,17410,-0.016681866575963794,-3.1860018306769304,2.141
2026-07-28T08:11:39.759448+00:00,1,BOTH,708.0,68.0,561.7,17479,-0.009222700089158025,-1.7614059694122763,2.559
2026-07-28T08:11:39.792691+00:00,1,BOTH,707.5,67.5,561.6,17982,0.013742997849476524,2.6247192487745714,2.801
2026-07-28T08:11:39.826094+00:00,1,BOTH,708.0,68.0,561.7,17439,-0.0022924918122589587,-0.4378336847024527,2.956
2026-07-28T08:11:39.892654+00:00,1,BOTH,707.5,67.5,561.7,17993,0.001287153177545406,0.2458281488673496,3.039
2026-07-28T08:11:39.925880+00:00,1,BOTH,708.0,68.0,561.7,17566,0.0,0.0,3.098
2026-07-28T08:11:39.992606+00:00,1,BOTH,708.0,68.0,561.8,17619,-0.004272419248300139,-0.8159719707935121,3.134
2026-07-28T08:11:40.026095+00:00,1,BOTH,708.0,68.0,561.6,18002,-0.0007483368591056206,-0.1429218122694273,3.155
2026-07-28T08:11:40.092733+00:00,1,BOTH,707.5,67.5,561.6,17976,-0.003593681568745524,-0.6863426226769045,3.159
2026-07-28T08:11:40.059122+00:00,1,RIGHT,320.4,-319.6,561.6,15620,-0.0013377956579824967,-0.25550015017774674,-0.841
2026-07-28T08:11:40.309475+00:00,1,BOTH,708.0,68.0,561.7,17081,0.017574200767558067,3.356425107655497,0.77
2026-07-28T08:11:40.342554+00:00,1,BOTH,707.5,67.5,561.6,18058,-4.5256110315676775e-05,-0.00864328039422249,1.728
2026-07-28T08:11:40.442746+00:00,1,BOTH,708.0,68.0,561.7,17417,0.010194700665597339,1.9470444051264626,2.312
2026-07-28T08:11:40.475786+00:00,1,BOTH,707.5,67.5,561.7,17921,-0.003903084540506825,-0.7454342375126642,2.653
2026-07-28T08:11:40.592541+00:00,1,BOTH,708.5,68.5,561.6,17216,0.004251254806877114,0.8119298602292083,2.876
2026-07-28T08:11:40.609137+00:00,1,BOTH,708.5,68.5,561.6,17316,-3.580912423785775e-05,-0.006839038956296232,3.01
2026-07-28T08:11:40.675887+00:00,1,BOTH,707.5,67.5,561.6,18079,0.003464571293152403,0.6616843763993819,3.072
2026-07-28T08:11:40.692645+00:00,1,BOTH,708.0,68.0,561.5,17987,3.432258381508291e-05,0.0065551306486275945,3.118
2026-07-28T08:11:40.875825+00:00,1,BOTH,707.5,67.5,561.5,17917,-1.5201237984001636e-05,-0.002903222599524166,3.136
2026-07-28T08:11:40.959162+00:00,1,BOTH,707.5,67.5,561.5,17846,0.007124776046257466,1.3607319914215275,3.147
2026-07-28T08:11:41.042607+00:00,1,BOTH,707.5,67.5,561.5,17852,0.018955297500360756,3.6201951539518347,3.154
2026-07-28T08:11:41.059151+00:00,1,BOTH,708.0,68.0,561.6,17836,0.0052423174434807155,1.0012088812641882,3.167
2026-07-28T08:11:41.125735+00:00,1,BOTH,708.0,68.0,561.7,17713,0.01228009702055715,2.345325770963672,3.175
2026-07-28T08:11:41.209125+00:00,1,BOTH,707.5,67.5,561.6,18183,0.0012492765026399866,0.23859423682045094,3.171
2026-07-28T08:11:41.242525+00:00,1,BOTH,708.0,68.0,561.7,17155,-3.94705433427589e-05,-0.007538318495427578,3.178
2026-07-28T08:11:41.409135+00:00,1,BOTH,707.5,67.5,561.7,18059,0.005129556468818919,0.9796731214578464,3.172
2026-07-28T08:11:41.425884+00:00,1,BOTH,708.0,68.0,561.7,17511,0.0054124577157926975,1.033703279693132,3.178
2026-07-28T08:11:41.492325+00:00,1,BOTH,707.5,67.5,561.7,18325,0.0,0.0,3.173
2026-07-28T08:11:41.525921+00:00,1,BOTH,708.0,68.0,561.7,17492,-2.633996329677757e-05,-0.005030562431449496,3.179
2026-07-28T08:11:41.542339+00:00,1,BOTH,707.5,67.5,561.7,18017,-0.009338801288977265,-1.7835796652324345,3.173
2026-07-28T08:11:41.575703+00:00,1,RIGHT,323.3,-316.7,561.7,15609,-0.013917071056494024,-2.6579647824026043,-0.827
2026-07-28T08:11:41.759213+00:00,1,BOTH,707.5,67.5,561.7,18031,-0.010998494979321548,-2.1005578110365013,0.769
2026-07-28T08:11:41.775756+00:00,1,BOTH,708.0,68.0,561.7,17755,0.0036043693969259037,0.6883838474998936,1.737
2026-07-28T08:11:41.909093+00:00,1,BOTH,707.5,67.5,561.7,18097,0.006070491300488356,1.1593784369628841,2.308
2026-07-28T08:11:41.825697+00:00,1,BOTH,707.5,67.5,561.6,17914,0.0017392003216082231,0.3321627938531554,2.65
2026-07-28T08:11:41.792540+00:00,1,BOTH,708.0,68.0,561.7,17445,0.0030074367299675942,0.5743781059325619,2.865
2026-07-28T08:11:41.992341+00:00,1,BOTH,707.5,67.5,561.7,17957,1.1649750194919762e-05,0.0022249383951687017,2.985
2026-07-28T08:11:42.075782+00:00,1,BOTH,708.0,68.0,561.7,17746,-0.00032229370264758473,-0.061553563084503105,3.066
2026-07-28T08:11:42.242252+00:00,1,BOTH,707.5,67.5,561.7,17914,-0.00054214420975768,-0.10354191702190096,3.105
2026-07-28T08:11:42.193807+00:00,1,BOTH,708.0,68.0,561.8,17766,0.0066322836437029764,1.2666728710594266,3.138
2026-07-28T08:11:42.142269+00:00,1,BOTH,708.0,68.0,561.8,17426,0.011607403036832694,2.2168506837261606,3.158
2026-07-28T08:11:42.359023+00:00,1,BOTH,708.0,68.0,561.8,17508,-6.976701988605782e-06,-0.0013324519295587996,3.17
2026-07-28T08:11:42.392143+00:00,1,BOTH,708.0,68.0,561.9,17635,0.0011403657984919845,0.2177938245155227,3.177
2026-07-28T08:11:42.492326+00:00,1,BOTH,707.5,67.5,561.8,18011,-2.408527216175571e-06,-0.00045999481443084484,3.172
2026-07-28T08:11:42.642343+00:00,1,BOTH,708.5,68.5,561.7,17791,-0.009355869484643335,-1.7868394504843323,3.187
2026-07-28T08:11:42.442260+00:00,1,BOTH,708.0,68.0,561.8,17723,-0.0006852203485323116,-0.13086744669128247,3.187
2026-07-28T08:11:42.742181+00:00,1,BOTH,707.5,67.5,561.7,17876,0.008156596094413543,1.557795104675956,3.178
2026-07-28T08:11:42.792342+00:00,1,BOTH,708.0,68.0,561.8,17776,0.002036377683252795,0.3889194891500451,3.182
2026-07-28T08:11:42.808844+00:00,1,BOTH,707.5,67.5,561.7,18176,3.8517721113748844e-05,0.007356342854265831,3.175
2026-07-28T08:11:42.875577+00:00,1,BOTH,707.5,67.5,561.7,17850,1.4202522215782663e-05,0.002712481938017123,3.17
2026-07-28T08:11:42.942170+00:00,1,BOTH,708.0,68.0,561.7,17334,-0.0032600938464747743,-0.6226320607319171,3.177
2026-07-28T08:11:42.975452+00:00,1,BOTH,708.0,68.0,561.8,17333,0.0406697989726672,7.767359449264405,3.181
2026-07-28T08:11:43.008812+00:00,1,BOTH,707.0,67.0,561.6,18501,0.011265707972925157,2.151591733584978,3.165
2026-07-28T08:11:42.992280+00:00,1,BOTH,708.0,68.0,561.7,17824,-0.0005132420565496431,-0.09802201236303094,3.174
2026-07-28T08:11:43.308911+00:00,1,BOTH,708.0,68.0,561.8,17470,-0.00036595634184777737,-0.06989251291308145,3.179
2026-07-28T08:11:43.158985+00:00,1,BOTH,707.5,67.5,561.7,17840,-0.006100930707034422,-1.1651919353827924,3.173
2026-07-28T08:11:43.325606+00:00,1,BOTH,708.0,68.0,561.8,17380,-0.0014607461163541303,-0.2789819580240585,3.179
2026-07-28T08:11:43.408843+00:00,1,BOTH,708.0,68.0,561.8,17466,6.196409231051803e-05,0.011834269902505735,3.182
2026-07-28T08:11:43.475603+00:00,1,BOTH,707.5,67.5,561.8,17990,6.196409231051803e-05,0.011834269902505735,3.175
2026-07-28T08:11:43.592063+00:00,1,BOTH,708.0,68.0,561.8,17513,-0.01293408263270976,-2.470227822425753,3.18
2026-07-28T08:11:43.642002+00:00,1,BOTH,708.0,68.0,561.8,17624,-2.2289286571322007e-05,-0.004256940162981241,3.183
2026-07-28T08:11:43.525398+00:00,1,BOTH,708.0,68.0,561.9,17685,1.5495606930926442e-05,0.0029594429271191723,3.185
2026-07-28T08:11:43.675585+00:00,1,BOTH,707.5,67.5,561.8,17902,-3.031666710739955e-06,-0.0005790056913856933,3.177
2026-07-28T08:11:43.708821+00:00,1,BOTH,708.0,68.0,561.6,17961,-0.003841559962311294,-0.7336839086229091,3.181
2026-07-28T08:11:43.758943+00:00,1,BOTH,707.5,67.5,561.6,18168,-0.0009782122381147929,-0.18682477570674652,3.174
2026-07-28T08:11:43.925508+00:00,1,BOTH,707.5,67.5,561.6,17730,5.2111409604549405e-05,0.00995254611606061,3.17
2026-07-28T08:11:44.042149+00:00,1,BOTH,708.0,68.0,561.7,17274,5.2111409604549405e-05,0.00995254611606061,3.177
2026-07-28T08:11:43.826092+00:00,1,BOTH,708.5,68.5,561.8,17174,5.2111409604549405e-05,0.00995254611606061,3.191
2026-07-28T08:11:44.175445+00:00,1,BOTH,708.5,68.5,561.8,17775,0.00906746098655276,1.731757484763343,3.199
2026-07-28T08:11:44.158740+00:00,1,BOTH,708.0,68.0,561.8,17358,0.0032233743474353103,0.6156191529959305,3.194
2026-07-28T08:11:44.342077+00:00,1,BOTH,708.0,68.0,561.9,17585,2.9013713137828746e-05,0.0055412110360028525,3.192
2026-07-28T08:11:44.391878+00:00,1,BOTH,707.5,67.5,561.8,17911,2.1158141316846012e-05,0.004040907332655488,3.181
2026-07-28T08:11:44.475263+00:00,1,BOTH,707.5,67.5,561.7,17896,5.0783852348104116e-05,0.009699001356539672,3.174
2026-07-28T08:11:44.492031+00:00,1,BOTH,708.0,68.0,561.8,17351,-1.877334580058232e-05,-0.003585444939043382,3.179
2026-07-28T08:11:44.525452+00:00,1,BOTH,708.0,68.0,561.8,17501,3.0492458317894486e-05,0.005823630561979785,3.183
2026-07-28T08:11:44.658730+00:00,1,BOTH,707.5,67.5,561.8,18265,0.0,0.0,3.175
2026-07-28T08:11:44.675348+00:00,1,BOTH,708.0,68.0,561.8,17841,-0.008844792899326421,-1.6892310126622758,3.18
2026-07-28T08:11:44.758682+00:00,1,BOTH,708.0,68.0,561.6,18301,-0.007208799071377143,-1.3767792071591247,3.183
2026-07-28T08:11:44.825368+00:00,1,BOTH,708.0,68.0,561.7,17540,1.8463193555362523e-05,0.0035262102235180453,3.185
2026-07-28T08:11:44.858682+00:00,1,BOTH,708.0,68.0,561.8,17568,2.769813872873783e-05,0.00528995483174843,3.186
2026-07-28T08:11:44.958696+00:00,1,BOTH,707.5,67.5,561.7,17976,-4.908652917947619e-06,-0.0009374836509765832,3.177
2026-07-28T08:11:45.108702+00:00,1,BOTH,708.0,68.0,561.8,17265,-4.118089796975255e-05,-0.007864972167418938,3.181
2026-07-28T08:11:44.908666+00:00,1,BOTH,708.0,68.0,561.8,17312,2.626288667670451e-05,0.0050158418813517625,3.184
2026-07-28T08:11:45.208864+00:00,1,BOTH,707.5,67.5,561.8,18359,0.010878360907372552,2.077613893375173,3.176
2026-07-28T08:11:45.241979+00:00,1,BOTH,707.5,67.5,561.7,17918,0.0017459889080782887,0.33345931836513665,3.171
2026-07-28T08:11:45.325188+00:00,1,BOTH,707.5,67.5,561.7,18279,0.0,0.0,3.168
2026-07-28T08:11:45.375238+00:00,1,BOTH,707.5,67.5,561.6,18323,-0.02602551790769212,-4.970507785843011,3.167
2026-07-28T08:11:45.425157+00:00,1,BOTH,708.0,68.0,561.7,17754,5.409742123447358e-05,0.010331846397589118,3.175
2026-07-28T08:11:45.225347+00:00,1,BOTH,707.5,67.5,561.7,18080,9.95287460682448e-06,0.0019008590299799044,3.171
2026-07-28T08:11:45.691908+00:00,1,BOTH,707.5,67.5,561.6,17847,-2.2649910537211326e-05,-0.004325814267103667,3.168
2026-07-28T08:11:45.508610+00:00,1,BOTH,707.5,67.5,561.6,18017,1.6335184409399516e-05,0.0031197904140883156,3.166
2026-07-28T08:11:45.775202+00:00,1,BOTH,707.5,67.5,561.6,18017,0.0004206695628454327,0.0803419684021888,3.165
2026-07-28T08:11:45.908529+00:00,1,BOTH,708.0,68.0,561.7,17635,-0.004893627623096109,-0.934614031040146,3.174
2026-07-28T08:11:45.741899+00:00,1,BOTH,708.0,68.0,561.7,17796,0.001496590138413012,0.2858276619732177,3.18
2026-07-28T08:11:45.991701+00:00,1,BOTH,708.0,68.0,561.8,17232,-0.0004849925164307933,-0.09262674762304564,3.183
2026-07-28T08:11:46.008551+00:00,1,BOTH,708.0,68.0,561.8,17539,-6.364699511323124e-06,-0.0012155680662259752,3.185
2026-07-28T08:11:46.108516+00:00,1,BOTH,707.5,67.5,561.8,17884,0.004744313139817677,0.9060970653333765,3.176
2026-07-28T08:11:46.041800+00:00,1,BOTH,707.5,67.5,561.7,17946,4.624453096766956e-05,0.008832054833365008,3.171
2026-07-28T08:11:46.241660+00:00,1,BOTH,708.0,68.0,561.8,17111,-0.0028237583208829166,-0.5392981138384638,3.178
2026-07-28T08:11:46.275157+00:00,1,BOTH,708.0,68.0,561.8,17734,2.929771231720224e-05,0.005595450883880452,3.182
2026-07-28T08:11:46.308445+00:00,1,BOTH,708.0,68.0,561.9,17313,8.746151812374592e-05,0.016703919527658668,3.184
2026-07-28T08:11:46.358464+00:00,1,BOTH,708.0,68.0,561.9,17779,2.2001648903824386e-05,0.004202005415059239,3.185
2026-07-28T08:11:46.291646+00:00,1,BOTH,707.5,67.5,561.8,18403,-1.783277839422226e-05,-0.0034058097966033892,3.177
2026-07-28T08:11:46.208454+00:00,1,BOTH,707.5,67.5,561.7,18142,-0.013046259701641248,-2.4916520644521603,3.172
2026-07-28T08:11:46.408417+00:00,1,BOTH,707.5,67.5,561.7,18053,-1.5759037050884217e-05,-0.003009754374019857,3.169
2026-07-28T08:11:46.575084+00:00,1,BOTH,707.5,67.5,561.7,18169,-0.020258486956590785,-3.869086006444933,3.167
2026-07-28T08:11:46.608424+00:00,1,BOTH,708.0,68.0,561.7,17781,0.002136726312273822,0.40808466555947465,3.175
2026-07-28T08:11:46.691745+00:00,1,BOTH,708.0,68.0,561.6,18298,2.025626425165683e-05,0.0038686615010722035,3.18
2026-07-28T08:11:46.741691+00:00,1,BOTH,707.5,67.5,561.6,18001,2.025626425165683e-05,0.0038686615010722035,3.174
2026-07-28T08:11:46.541697+00:00,1,BOTH,708.0,68.0,561.7,17406,5.638596281642094e-05,0.010768925643875042,3.179
2026-07-28T08:11:46.825042+00:00,1,BOTH,708.0,68.0,561.7,17547,-0.060023928946557135,-11.463725994769526,3.183
2026-07-28T08:11:46.892750+00:00,1,BOTH,707.5,67.5,561.7,17952,3.66127651068382e-05,0.006992523056418918,3.175
2026-07-28T08:11:47.125083+00:00,1,BOTH,708.0,68.0,561.7,17634,-0.03794748030137271,-7.247434881414952,3.18
2026-07-28T08:11:46.875047+00:00,1,BOTH,707.5,67.5,561.7,17874,-0.0009564710073027527,-0.18267250648358088,3.174
2026-07-28T08:11:47.175751+00:00,1,BOTH,708.0,68.0,561.8,17592,0.007297203856287524,1.3936632773728803,3.179
2026-07-28T08:11:47.242831+00:00,1,BOTH,707.5,67.5,561.7,17951,1.0394335477030835e-05,0.0019851718455898937,3.173
2026-07-28T08:11:47.308351+00:00,1,BOTH,708.0,68.0,561.8,17817,-4.362300038337707e-05,-0.008331379372216927,3.179
2026-07-28T08:11:47.208515+00:00,1,BOTH,708.0,68.0,561.8,17714,7.092281448422e-05,0.013545259803783702,3.182
2026-07-28T08:11:47.191624+00:00,1,BOTH,707.5,67.5,561.7,18182,0.00798665791953681,1.5253393040139795,3.175
2026-07-28T08:11:47.641913+00:00,1,BOTH,707.5,67.5,561.7,18005,-0.002188027607080585,-0.4178824911460878,3.171
2026-07-28T08:11:47.658104+00:00,1,BOTH,708.0,68.0,561.8,17727,-2.0400855792104267e-05,-0.0038962764511419816,3.177
2026-07-28T08:11:47.741543+00:00,1,BOTH,707.5,67.5,561.7,18003,0.016981013439799426,3.2431346731847848,3.172
2026-07-28T08:11:47.774808+00:00,1,BOTH,707.5,67.5,561.7,17815,-0.0014287028692342573,-0.27286214861784697,3.169
2026-07-28T08:11:47.841670+00:00,1,BOTH,707.5,67.5,561.6,18174,-0.0038318297671503386,-0.7318255782343712,3.167
2026-07-28T08:11:47.891553+00:00,1,BOTH,708.0,68.0,561.7,17274,-0.0002572143504221458,-0.04912432236462653,3.175
2026-07-28T08:11:47.941632+00:00,1,BOTH,708.0,68.0,561.8,17539,3.1730433547636495e-05,0.006060066414666304,3.18
2026-07-28T08:11:48.074841+00:00,1,BOTH,707.5,67.5,561.7,18270,0.002183735877624713,0.4170628311973096,3.174
2026-07-28T08:11:47.991746+00:00,1,BOTH,707.5,67.5,561.7,17837,0.00552526100713294,1.0552471213897336,3.17
2026-07-28T08:11:48.191522+00:00,1,BOTH,708.0,68.0,561.7,17628,-3.0345108825713396e-05,-0.005795488881928544,3.177
2026-07-28T08:11:48.208437+00:00,1,BOTH,707.5,67.5,561.7,18043,-0.013103978180442937,-2.5026754819030006,3.172
2026-07-28T08:11:48.308129+00:00,1,BOTH,707.5,67.5,561.7,17899,2.8340147426888507e-05,0.005412569461130837,3.169
2026-07-28T08:11:48.341379+00:00,1,BOTH,707.5,67.5,561.6,17928,0.00740205316542415,1.4136880203675173,3.167
2026-07-28T08:11:48.424885+00:00,1,BOTH,708.0,68.0,561.7,17538,-2.440805925289169e-05,-0.004661595937653104,3.175
2026-07-28T08:11:48.274888+00:00,1,BOTH,707.5,67.5,561.7,17976,4.6523250202881174e-05,0.008885286286187474,3.171
2026-07-28T08:11:48.557926+00:00,1,BOTH,707.5,67.5,561.6,17910,-2.823198298756324e-05,-0.005391911574908381,3.168
2026-07-28T08:11:48.691450+00:00,1,BOTH,708.0,68.0,561.5,17957,6.2832138792145995e-06,0.0012000054568567279,3.176
2026-07-28T08:11:48.624888+00:00,1,BOTH,708.0,68.0,561.6,17457,3.7821487931068985e-05,0.007223372111184109,3.18
2026-07-28T08:11:48.808019+00:00,1,BOTH,708.0,68.0,561.5,17819,-2.66339085646905e-05,-0.005086701842313673,3.183
2026-07-28T08:11:48.824815+00:00,1,BOTH,707.5,67.5,561.5,18124,3.9570203516632314e-05,0.0075573521865892005,3.176
2026-07-28T08:11:48.858024+00:00,1,BOTH,708.0,68.0,561.6,17662,-6.24805430561537e-05,-0.01193290472934343,3.18
2026-07-28T08:11:48.891373+00:00,1,BOTH,708.0,68.0,561.7,17861,5.724534275941551e-05,0.010933055122980982,3.183
2026-07-28T08:11:48.908024+00:00,1,BOTH,708.0,68.0,561.5,18203,3.6284577799960967e-06,0.0006929843897839484,3.185
2026-07-28T08:11:49.024780+00:00,1,BOTH,708.0,68.0,561.6,17737,3.6284577799960967e-06,0.0006929843897839484,3.186
2026-07-28T08:11:49.074753+00:00,1,BOTH,708.0,68.0,561.7,17558,5.970987549517304e-06,0.0011403746203750107,3.187
2026-07-28T08:11:49.058139+00:00,1,BOTH,708.0,68.0,561.8,17281,-5.202324246056378e-05,-0.009935707431920283,3.187
2026-07-28T08:11:49.174580+00:00,1,BOTH,707.75,67.75,561.7,17937,0.0,0.0,3.182
2026-07-28T08:11:49.191954+00:00,1,BOTH,707.5,67.5,561.6,17883,-0.007470798706344794,-1.4268174515511733,3.175
2026-07-28T08:11:49.291319+00:00,1,BOTH,708.0,68.0,561.7,17796,-1.3694551817025059e-05,-0.0026154667381291623,3.18
2026-07-28T08:11:49.308066+00:00,1,BOTH,707.5,67.5,561.7,18272,1.4615244726883247e-05,0.002791306131337472,3.174
2026-07-28T08:11:49.441334+00:00,1,BOTH,707.5,67.5,561.6,18330,-0.004191448721685447,-0.8005077393269338,3.17
2026-07-28T08:11:49.624575+00:00,1,BOTH,707.5,67.5,561.6,18048,0.020713710395793897,3.9560272791174946,3.168
2026-07-28T08:11:49.674609+00:00,1,BOTH,708.0,68.0,561.7,17660,0.0019510416606499349,0.3726215093647888,3.176
2026-07-28T08:11:49.691240+00:00,1,BOTH,708.0,68.0,561.7,17629,-0.0014564753691956867,-0.27816630539890413,3.18
2026-07-28T08:11:49.758065+00:00,1,BOTH,707.5,67.5,561.7,17995,-0.0074619951483327895,-1.425136095821885,3.174
2026-07-28T08:11:49.857836+00:00,1,BOTH,707.5,67.5,561.7,18173,-1.0486689861863851e-05,-0.0020028102338247567,3.17
2026-07-28T08:11:49.891338+00:00,1,BOTH,708.0,68.0,561.7,17427,0.0035621166969758635,0.6803141762326606,3.177
2026-07-28T08:11:49.991321+00:00,1,BOTH,707.5,67.5,561.7,18320,0.0013416836030228296,0.25624269298371305,3.172
2026-07-28T08:11:50.091336+00:00,1,BOTH,708.0,68.0,561.7,17744,4.950125025061425e-05,0.009454042399937019,3.178
2026-07-28T08:11:49.924749+00:00,1,BOTH,708.0,68.0,561.8,17706,4.950125025061425e-05,0.009454042399937019,3.182
2026-07-28T08:11:50.157828+00:00,1,BOTH,707.5,67.5,561.7,17721,4.950125025061425e-05,0.009454042399937019,3.175
2026-07-28T08:11:50.174578+00:00,1,BOTH,708.0,68.0,561.8,17399,4.950125025061425e-05,0.009454042399937019,3.18
2026-07-28T08:11:50.224535+00:00,1,BOTH,707.5,67.5,561.7,18450,-5.994370440021157e-06,-0.0011448404235039685,3.174
2026-07-28T08:11:50.307881+00:00,1,BOTH,708.0,68.0,561.6,18012,-8.408678113482892e-06,-0.0016059392239553226,3.179
2026-07-28T08:11:50.291260+00:00,1,BOTH,707.5,67.5,561.6,17995,3.1761660502525046e-05,0.006066030323740168,3.173
2026-07-28T08:11:50.274584+00:00,1,BOTH,708.0,68.0,561.7,17777,3.080655005760491e-05,0.005883617665530881,3.179
2026-07-28T08:11:50.524478+00:00,1,BOTH,708.0,68.0,561.7,17738,-0.00016144606401212512,-0.03083392695631232,3.182
2026-07-28T08:11:50.674539+00:00,1,BOTH,707.5,67.5,561.7,17809,-4.5875105133745816e-05,-0.008761499696275238,3.175
2026-07-28T08:11:50.691026+00:00,1,BOTH,708.0,68.0,561.5,17815,4.428466432727873e-05,0.008457747877022082,3.18
2026-07-28T08:11:50.741153+00:00,1,BOTH,708.0,68.0,561.6,17832,-4.281426634406671e-05,-0.008176922548213424,3.183
2026-07-28T08:11:50.791153+00:00,1,BOTH,707.5,67.5,561.6,18061,-6.942967709619552e-05,-0.0132600915685604,3.175
2026-07-28T08:11:50.857581+00:00,1,BOTH,707.0,67.0,561.5,18511,0.007300463890205719,1.3942858979881538,3.162
2026-07-28T08:11:51.007831+00:00,1,BOTH,707.5,67.5,561.5,18313,0.0038017813657643274,0.7260867562992597,3.163
2026-07-28T08:11:51.041158+00:00,1,BOTH,708.0,68.0,561.6,17492,-0.012118837267044,-2.314527426691594,3.173
2026-07-28T08:11:51.091088+00:00,1,BOTH,707.5,67.5,561.6,17853,1.5100336895557119e-05,0.0028839519111370088,3.169
2026-07-28T08:11:51.224563+00:00,1,BOTH,707.5,67.5,561.6,18175,-1.284814265090972e-05,-0.002453814494930508,3.167
2026-07-28T08:11:51.257672+00:00,1,BOTH,707.5,67.5,561.5,18127,-5.413442690041848e-05,-0.010338913959178166,3.166
2026-07-28T08:11:51.291226+00:00,1,BOTH,707.5,67.5,561.5,18170,1.602833581273444e-06,0.0003061186648960245,3.165
2026-07-28T08:11:51.391005+00:00,1,BOTH,708.0,68.0,561.4,17819,-7.146445568650961e-06,-0.0013648705653455655,3.174
2026-07-28T08:11:51.524239+00:00,1,BOTH,708.0,68.0,561.5,17504,0.01136468773438537,2.1704954755479173,3.179
2026-07-28T08:11:51.540982+00:00,1,BOTH,708.0,68.0,561.6,17749,5.5255580227822066e-05,0.010553038472002414,3.183
2026-07-28T08:11:51.657700+00:00,1,BOTH,708.0,68.0,561.7,17798,3.8417012547142763e-07,7.337108934841364e-05,3.185
2026-07-28T08:11:51.740898+00:00,1,BOTH,708.0,68.0,561.8,17510,-2.5619371735956517e-05,-0.004892939580823526,3.186
2026-07-28T08:11:51.774397+00:00,1,BOTH,708.0,68.0,561.6,17912,1.2534643340131878e-05,0.002393940536971073,3.186
2026-07-28T08:11:51.857692+00:00,1,BOTH,707.5,67.5,561.6,18115,2.273467776831239e-05,0.004342003615714004,3.177
2026-07-28T08:11:51.940930+00:00,1,BOTH,708.0,68.0,561.7,17517,-0.008749820662997081,-1.6710926516203084,3.181
2026-07-28T08:11:51.957669+00:00,1,BOTH,708.0,68.0,561.7,17607,-1.5425216406583783e-05,-0.0029459993272440152,3.184
2026-07-28T08:11:52.026208+00:00,1,BOTH,708.0,68.0,561.6,18069,-2.2870268257975112e-05,-0.0043678994917132905,3.185
2026-07-28T08:11:52.091673+00:00,1,BOTH,708.0,68.0,561.5,18131,-1.8715654841798824e-05,-0.0035744267775288567,3.186
2026-07-28T08:11:52.224312+00:00,1,BOTH,707.5,67.5,561.5,17880,-1.8715654841798824e-05,-0.0035744267775288567,3.177
2026-07-28T08:11:52.240961+00:00,1,BOTH,708.0,68.0,561.6,17717,-1.8715654841798824e-05,-0.0035744267775288567,3.181
2026-07-28T08:11:52.307525+00:00,1,BOTH,708.5,68.5,561.6,17557,-1.8715654841798824e-05,-0.0035744267775288567,3.193
2026-07-28T08:11:52.407389+00:00,1,BOTH,708.0,68.0,561.7,17841,-1.8715654841798824e-05,-0.0035744267775288567,3.191
2026-07-28T08:11:52.457685+00:00,1,BOTH,708.5,68.5,561.6,17724,-1.8715654841798824e-05,-0.0035744267775288567,3.199
2026-07-28T08:11:52.590940+00:00,1,BOTH,707.5,67.5,561.6,17886,0.004601995584089309,0.8789164143538652,3.185
2026-07-28T08:11:52.657514+00:00,1,BOTH,708.5,68.5,561.6,17447,-1.8857637187466025e-05,-0.0036015434081025175,3.195
2026-07-28T08:11:52.674215+00:00,1,BOTH,708.0,68.0,561.7,17329,2.0583684090524912e-05,0.003931194084058853,3.192
2026-07-28T08:11:52.707534+00:00,1,BOTH,708.5,68.5,561.6,17534,0.0031056912761414424,0.5931433419783445,3.2
2026-07-28T08:11:52.790839+00:00,1,BOTH,707.5,67.5,561.6,17932,2.0537305972538887e-05,0.003922336515984323,3.185
2026-07-28T08:11:52.857522+00:00,1,BOTH,707.5,67.5,561.6,18448,2.301572647411376e-05,0.004395679964647446,3.177
2026-07-28T08:11:52.874230+00:00,1,BOTH,708.0,68.0,561.7,17538,0.004564473588834517,0.8717502411305003,3.181
2026-07-28T08:11:53.024176+00:00,1,BOTH,707.5,67.5,561.6,17933,-1.166132278740406e-05,-0.0022271485975266184,3.174
2026-07-28T08:11:53.007636+00:00,1,BOTH,708.0,68.0,561.7,17627,-1.1587514891289174e-05,-0.0022130523277195417,3.18
2026-07-28T08:11:52.990854+00:00,1,BOTH,707.5,67.5,561.7,18000,4.435834300238639e-05,0.008471819467434695,3.173
2026-07-28T08:11:53.140739+00:00,1,BOTH,707.5,67.5,561.6,17747,5.968408586340956e-06,0.0011398820746899294,3.17
2026-07-28T08:11:53.357454+00:00,1,BOTH,707.5,67.5,561.6,17830,1.5328760782722383e-05,0.0029275776600521494,3.167
2026-07-28T08:11:53.240828+00:00,1,BOTH,707.5,67.5,561.6,17866,1.5255473263096065e-05,0.002913580774833582,3.166
2026-07-28T08:11:53.192186+00:00,1,BOTH,707.5,67.5,561.6,17918,1.3531465083360671e-05,0.0025843194663506836,3.165
2026-07-28T08:11:53.440813+00:00,1,BOTH,707.5,67.5,561.6,18208,-2.9177066171541806e-05,-0.00557240916734424,3.165
2026-07-28T08:11:53.607362+00:00,1,BOTH,708.0,68.0,561.6,17870,3.339962328936963e-05,0.00637885817269244,3.174
2026-07-28T08:11:53.640795+00:00,1,BOTH,708.0,68.0,561.7,17695,-2.91904152254574e-05,-0.005574958648843761,3.179
2026-07-28T08:11:53.690834+00:00,1,BOTH,708.0,68.0,561.8,17688,-5.119554698467256e-06,-0.000977762924028482,3.183
2026-07-28T08:11:53.825475+00:00,1,BOTH,708.0,68.0,561.6,18061,-4.6108930382615655e-05,-0.00880615702928803,3.185
2026-07-28T08:11:53.890516+00:00,1,BOTH,708.0,68.0,561.7,17747,1.0117861675098539e-05,0.0019323692389343725,3.186
2026-07-28T08:11:53.923935+00:00,1,BOTH,707.5,67.5,561.7,18371,0.03799892930779606,7.257260917842283,3.177
2026-07-28T08:11:53.857442+00:00,1,BOTH,708.5,68.5,561.6,17687,0.01653521735337563,3.1579938922663424,3.191
2026-07-28T08:11:53.957391+00:00,1,BOTH,708.5,68.5,561.6,17493,0.0013128753854789465,0.25074072871518227,3.199
2026-07-28T08:11:54.057497+00:00,1,BOTH,708.0,68.0,561.7,17766,-1.3092614826746287e-05,-0.0025005052412098924,3.194
2026-07-28T08:11:54.107253+00:00,1,BOTH,708.0,68.0,561.7,17781,7.310744622373023e-06,0.00139624937319979,3.192
2026-07-28T08:11:54.190622+00:00,1,BOTH,708.0,68.0,561.8,17647,-1.7543789581395686e-05,-0.0033506169989318602,3.19
2026-07-28T08:11:54.273952+00:00,1,BOTH,708.0,68.0,561.8,17464,0.0018093291384866461,0.3455564112844202,3.189
2026-07-28T08:11:54.307341+00:00,1,BOTH,708.0,68.0,561.9,17438,-6.746268016286194e-05,-0.012884422826576435,3.188
2026-07-28T08:11:54.357271+00:00,1,BOTH,708.0,68.0,561.9,17645,0.0036898964317515492,0.7047183079324866,3.188
2026-07-28T08:11:54.440783+00:00,1,BOTH,707.5,67.5,561.8,17995,-2.1619193794322198e-05,-0.004128961869633607,3.178
2026-07-28T08:11:54.475041+00:00,1,BOTH,708.0,68.0,561.9,17720,-6.043140019755811e-05,-0.011541547271287096,3.182
2026-07-28T08:11:54.640694+00:00,1,BOTH,708.5,68.5,561.8,17562,-0.0014079108886653558,-0.26889117283679337,3.194
2026-07-28T08:11:54.673890+00:00,1,BOTH,708.0,68.0,561.8,17368,2.5711894850246608e-05,0.004910610194010955,3.191
2026-07-28T08:11:54.690618+00:00,1,BOTH,707.5,67.5,561.8,18203,-2.2430531680583953e-05,-0.004283915991773154,3.18
2026-07-28T08:11:54.740366+00:00,1,RIGHT,322.24,-317.76,561.8,15671,-3.65489098476246e-05,-0.006980327600243408,-0.82
2026-07-28T08:11:54.873814+00:00,1,BOTH,708.0,68.0,561.8,17706,2.1149462554603815e-05,0.00403924981116257,0.783
2026-07-28T08:11:54.973837+00:00,1,BOTH,707.5,67.5,561.7,17769,-2.551714220317081e-05,-0.004873415178256141,1.736
2026-07-28T08:11:55.023829+00:00,1,BOTH,708.0,68.0,561.8,17776,3.878594900015742e-05,0.007407570607062251,2.316
2026-07-28T08:11:55.057259+00:00,1,BOTH,708.0,68.0,561.8,17809,3.449627081863582e-05,0.006588302422827112,2.665
2026-07-28T08:11:55.073778+00:00,1,BOTH,708.0,68.0,561.9,17750,-0.01688043360656593,-3.223925340023422,2.874
2026-07-28T08:11:55.173791+00:00,1,BOTH,707.5,67.5,561.8,17946,-0.006827621796546736,-1.3039797101788562,2.99
2026-07-28T08:11:55.273866+00:00,1,BOTH,707.5,67.5,561.7,18376,0.002687168020347599,0.5132112880281398,3.06
2026-07-28T08:11:55.290382+00:00,1,BOTH,708.0,68.0,561.8,17708,-3.8272013480309393e-05,-0.007309416152965072,3.111
2026-07-28T08:11:55.157156+00:00,1,BOTH,708.0,68.0,561.8,17741,3.482639469439164e-05,0.006651351438818145,3.141
2026-07-28T08:11:55.473918+00:00,1,BOTH,707.5,67.5,561.8,17997,0.0,0.0,3.15
2026-07-28T08:11:55.490304+00:00,1,BOTH,708.0,68.0,561.8,17269,0.030249279619893057,5.7771868517698906,3.165
2026-07-28T08:11:55.523842+00:00,1,BOTH,708.0,68.0,561.8,17397,7.711637910688296e-05,0.01472814351385078,3.174
2026-07-28T08:11:55.624168+00:00,1,BOTH,707.5,67.5,561.8,18406,0.011233005234971642,2.145345970707449,3.17
2026-07-28T08:11:55.640388+00:00,1,BOTH,708.0,68.0,561.8,17825,-0.007009223641362041,-1.3386631077112117,3.177
2026-07-28T08:11:55.807477+00:00,1,BOTH,707.5,67.5,561.8,17951,9.19667349080555e-06,0.0017564352552766796,3.172
2026-07-28T08:11:55.873729+00:00,1,BOTH,707.5,67.5,561.7,18244,5.0562350952532145e-06,0.0009656697706131233,3.169
2026-07-28T08:11:55.890402+00:00,1,BOTH,708.0,68.0,561.8,17702,0.00011703437834512443,0.022351919790376353,3.176
2026-07-28T08:11:55.907034+00:00,1,BOTH,707.5,67.5,561.7,18006,0.01319167356705293,2.519424067021403,3.171
2026-07-28T08:11:56.057189+00:00,1,BOTH,707.5,67.5,561.7,18002,-0.0020881559501867743,-0.3988084097027744,3.168
2026-07-28T08:11:56.107418+00:00,1,BOTH,707.5,67.5,561.6,18023,0.0011492249817820267,0.2194858038903635,3.167
2026-07-28T08:11:56.207072+00:00,1,BOTH,708.0,68.0,561.7,17638,0.004861021107062697,0.9283866451956788,3.175
2026-07-28T08:11:56.240242+00:00,1,BOTH,707.5,67.5,561.7,18149,4.371076938696204e-06,0.0008348142017141885,3.171
2026-07-28T08:11:56.273767+00:00,1,BOTH,708.0,68.0,561.7,17335,-3.551958594471216e-05,-0.00678374121561402,3.177
2026-07-28T08:11:56.323702+00:00,1,BOTH,707.5,67.5,561.7,18396,-0.005060128234617878,-0.9664133054619615,3.172
2026-07-28T08:11:56.423682+00:00,1,BOTH,707.5,67.5,561.6,17914,-1.4009207479830365e-05,-0.0026755615430579475,3.169
2026-07-28T08:11:56.523674+00:00,1,BOTH,708.0,68.0,561.7,17798,1.6545580874662845e-05,0.0031599731790351803,3.176
2026-07-28T08:11:56.540214+00:00,1,BOTH,707.5,67.5,561.7,18219,-1.652226783335209e-05,-0.0031555207161194456,3.171
2026-07-28T08:11:56.607021+00:00,1,BOTH,707.5,67.5,561.6,18267,4.551546298898755e-06,0.0008692813106176298,3.168
2026-07-28T08:11:56.690207+00:00,1,BOTH,708.0,68.0,561.7,17708,9.633847803343085e-06,0.0018399293986764594,3.176
2026-07-28T08:11:56.640281+00:00,1,BOTH,707.5,67.5,561.7,17963,-2.5614109472371637e-05,-0.004891934562509862,3.171
2026-07-28T08:11:56.573643+00:00,1,BOTH,707.5,67.5,561.6,18089,0.002749889148399234,0.5251901411070007,3.168
2026-07-28T08:11:56.923560+00:00,1,BOTH,707.5,67.5,561.6,18296,0.0,0.0,3.167
2026-07-28T08:11:57.056765+00:00,1,BOTH,708.0,68.0,561.7,17555,0.00011777882886235601,0.022494099366022022,3.175
2026-07-28T08:11:57.090118+00:00,1,RIGHT,323.31,-316.69,561.7,15645,-6.537061781273224e-06,-0.0012484868349440926,-0.825
2026-07-28T08:11:57.240316+00:00,1,BOTH,708.0,68.0,561.7,17783,-8.277129381895065e-06,-0.0015808152668877167,0.78
2026-07-28T08:11:57.340301+00:00,1,BOTH,707.5,67.5,561.7,17892,5.192296521272511e-06,0.0009916555888312471,1.734
2026-07-28T08:11:57.423571+00:00,1,BOTH,707.5,67.5,561.7,17936,1.7471520113758742e-05,0.0033368145473210127,2.306
2026-07-28T08:11:57.490168+00:00,1,BOTH,708.0,68.0,561.7,17569,-2.0107939053559676e-05,-0.003840333474917508,2.658
2026-07-28T08:11:57.523551+00:00,1,BOTH,707.5,67.5,561.7,18073,-2.0107939053559676e-05,-0.003840333474917508,2.861
2026-07-28T08:11:57.590268+00:00,1,BOTH,708.5,68.5,561.8,17062,-0.00010671148484107106,-0.02038039235655878,3.001
2026-07-28T08:11:57.773474+00:00,1,BOTH,708.0,68.0,561.9,17813,-2.2912177664693443e-05,-0.004375903598802817,3.075
2026-07-28T08:11:57.723597+00:00,1,BOTH,708.0,68.0,561.9,17674,8.24836059473455e-05,0.01575320833267691,3.12
2026-07-28T08:11:57.806792+00:00,1,BOTH,708.0,68.0,561.9,17715,1.5249311909428797e-05,0.002912404042962843,3.147
2026-07-28T08:11:57.840178+00:00,1,BOTH,708.0,68.0,561.9,17662,4.6342062705662106e-05,0.008850682023216837,3.163
2026-07-28T08:11:57.923528+00:00,1,BOTH,708.0,68.0,561.9,17506,3.52749018202303e-05,0.006737009990125138,3.173
2026-07-28T08:11:58.040078+00:00,1,BOTH,707.5,67.5,561.9,18065,0.00015597899589920417,0.029789793859042582,3.169
2026-07-28T08:11:58.140115+00:00,1,BOTH,708.0,68.0,561.9,17696,2.804568168357946e-05,0.0053563306467882005,3.177
2026-07-28T08:11:58.023429+00:00,1,BOTH,708.0,68.0,561.9,17824,-7.72466306352726e-05,-0.014753019723356966,3.181
2026-07-28T08:11:58.273493+00:00,1,BOTH,708.0,68.0,561.9,17786,4.599463718477638e-06,0.000878432863641055,3.184
2026-07-28T08:11:58.340243+00:00,1,BOTH,707.5,67.5,561.8,17802,0.0022819069059187313,0.4358121165029984,3.176
2026-07-28T08:11:58.439938+00:00,1,BOTH,707.5,67.5,561.8,18161,-3.180699459335301e-05,-0.0060746884973151855,3.171
2026-07-28T08:11:58.223468+00:00,1,BOTH,708.0,68.0,561.8,17399,1.5185426746029408e-05,0.0029002028755085473,3.178
2026-07-28T08:11:58.539819+00:00,1,BOTH,708.0,68.0,561.9,17809,4.81162330834195e-05,0.009189523605825603,3.182
2026-07-28T08:11:58.589872+00:00,1,BOTH,708.0,68.0,561.9,17661,2.85498612356605e-05,0.0054526218482916665,3.184
2026-07-28T08:11:58.623340+00:00,1,BOTH,707.5,67.5,561.8,18118,-5.3921113139949735e-05,-0.01029817403188842,3.176
2026-07-28T08:11:58.739982+00:00,1,BOTH,707.5,67.5,561.7,17972,-2.680483357835328e-05,-0.0051193461153006495,3.171
2026-07-28T08:11:58.839865+00:00,1,BOTH,707.5,67.5,561.7,17972,-6.902127148350701e-05,-0.01318209184210538,3.168
2026-07-28T08:11:58.639998+00:00,1,BOTH,708.0,68.0,561.8,17716,-8.529783692210912e-05,-0.01629068685744006,3.176
2026-07-28T08:11:58.906757+00:00,1,BOTH,708.0,68.0,561.8,17525,-1.7240837041754276e-05,-0.0032927573258844517,3.181
2026-07-28T08:11:59.039981+00:00,1,BOTH,707.5,67.5,561.7,18009,-1.1667871149256825e-05,-0.0022283992425162448,3.174
2026-07-28T08:11:59.139964+00:00,1,BOTH,707.5,67.5,561.7,18408,-5.7604196481406685e-05,-0.011001591135423167,3.17
2026-07-28T08:11:58.956670+00:00,1,BOTH,707.5,67.5,561.7,18244,-2.05998367164284e-05,-0.003934279008366598,3.168
2026-07-28T08:11:58.939957+00:00,1,BOTH,708.0,68.0,561.7,17741,4.817411536350846e-06,0.0009200578307017909,3.176
2026-07-28T08:11:59.289947+00:00,1,BOTH,708.0,68.0,561.8,17588,2.8882204569526946e-05,0.005516094749557849,3.18
2026-07-28T08:11:59.239959+00:00,1,BOTH,707.5,67.5,561.7,18087,-2.060403116047382e-05,-0.003935080088170619,3.174
2026-07-28T08:11:59.189970+00:00,1,BOTH,708.0,68.0,561.8,17732,3.547422020346857e-05,0.006775076997254886,3.179
2026-07-28T08:11:59.373077+00:00,1,BOTH,708.0,68.0,561.8,17592,0.004670371148968115,0.8919751853184603,3.183
2026-07-28T08:11:59.456654+00:00,1,BOTH,708.0,68.0,561.9,17413,0.00288609512601397,0.5512035666462599,3.185
2026-07-28T08:11:59.523208+00:00,1,BOTH,708.0,68.0,561.9,17553,1.1263138731010218e-07,2.151101044524064e-05,3.186
2026-07-28T08:11:59.490025+00:00,1,BOTH,707.5,67.5,561.8,17912,4.960651276633142e-06,0.0009474146059575429,3.177
2026-07-28T08:11:59.723198+00:00,1,BOTH,707.5,67.5,561.7,18046,-2.1857660030946135e-05,-0.004174505566016673,3.172
2026-07-28T08:11:59.756495+00:00,1,BOTH,707.5,67.5,561.7,17939,0.0005372160812839866,0.10260071381376468,3.169
2026-07-28T08:11:59.939828+00:00,1,BOTH,708.0,68.0,561.8,17302,0.0005372160812839866,0.10260071381376468,3.176
2026-07-28T08:11:59.956423+00:00,1,BOTH,708.0,68.0,561.8,17774,1.7406829283572736e-05,0.0033244595088448275,3.181
2026-07-28T08:12:00.006520+00:00,1,BOTH,708.0,68.0,561.8,17687,-0.0019560749881202353,-0.37358280410130706,3.183
2026-07-28T08:12:00.106335+00:00,1,BOTH,708.0,68.0,561.9,17851,-5.078442336525765e-07,-9.699110412782762e-05,3.185
2026-07-28T08:12:00.206408+00:00,1,BOTH,708.0,68.0,561.9,17282,0.0011882283764134626,0.2269349035539118,3.186
2026-07-28T08:12:00.239654+00:00,1,BOTH,708.0,68.0,561.9,17568,0.004121461222312064,0.7871411115510359,3.187
2026-07-28T08:12:00.273093+00:00,1,BOTH,708.0,68.0,561.9,17779,0.000633497267117491,0.1209890657963466,3.187
2026-07-28T08:12:00.389724+00:00,1,BOTH,707.5,67.5,561.8,17845,2.4136594947776754e-05,0.004609750074414646,3.178
2026-07-28T08:12:00.256429+00:00,1,BOTH,708.0,68.0,561.9,17471,-0.002134970685292501,-0.40774936550471136,3.182
2026-07-28T08:12:00.423112+00:00,1,BOTH,708.0,68.0,561.9,17454,0.0006322276027640328,0.12074657776684204,3.184
2026-07-28T08:12:00.506329+00:00,1,BOTH,708.0,68.0,561.9,17542,-0.004611732985795243,-0.8807761210911101,3.185
2026-07-28T08:12:00.523107+00:00,1,BOTH,707.5,67.5,561.8,17869,-9.781507076695561e-05,-0.018681302425733442,3.177
2026-07-28T08:12:00.656461+00:00,1,BOTH,707.5,67.5,561.8,18513,-0.0007720022202374822,-0.147441563314456,3.172
2026-07-28T08:12:00.672862+00:00,1,BOTH,707.5,67.5,561.7,18147,-4.6570511422032723e-05,-0.008894312514160896,3.169
2026-07-28T08:12:00.722915+00:00,1,BOTH,708.0,68.0,561.8,17789,-1.940657108207233e-05,-0.0037063820594112526,3.176
2026-07-28T08:12:00.872993+00:00,1,BOTH,708.0,68.0,561.8,17745,0.008927417799131945,1.7050112061341018,3.181
2026-07-28T08:12:00.889650+00:00,1,BOTH,708.0,68.0,561.9,17687,1.567372280987911e-05,0.0029934605542133418,3.183
2026-07-28T08:12:00.906352+00:00,1,BOTH,707.5,67.5,561.8,18013,1.889027771539986e-05,0.0036077772897414764,3.176
2026-07-28T08:12:00.956419+00:00,1,BOTH,708.0,68.0,561.8,17658,-8.910702872526599e-06,-0.001701818890302911,3.18
2026-07-28T08:12:01.122934+00:00,1,BOTH,708.0,68.0,561.9,17461,-0.04548343950707931,-8.686697071647448,3.183
2026-07-28T08:12:01.256322+00:00,1,BOTH,708.0,68.0,561.9,17461,0.0018874053610488772,0.3604678713948867,3.185
2026-07-28T08:12:01.306307+00:00,1,BOTH,708.0,68.0,561.9,17522,-2.4110707745421677e-05,-0.0046048059829534894,3.186
2026-07-28T08:12:01.356996+00:00,1,BOTH,708.0,68.0,561.9,17594,-0.0003005096345441416,-0.057393112541326945,3.187
2026-07-28T08:12:01.373022+00:00,1,BOTH,708.0,68.0,561.9,17566,-3.60091048059985e-05,-0.006877232431426544,3.187
2026-07-28T08:12:01.422950+00:00,1,BOTH,708.0,68.0,562.0,17625,5.696620792150497e-06,0.0010879744295889842,3.187
2026-07-28T08:12:01.506282+00:00,1,BOTH,707.5,67.5,561.9,17817,-3.653472478617914e-05,-0.00697761845306688,3.178
2026-07-28T08:12:01.539810+00:00,1,BOTH,708.0,68.0,561.9,17612,1.2383260036585855e-06,0.0002365028455697956,3.182
2026-07-28T08:12:01.572693+00:00,1,BOTH,708.0,68.0,561.9,17561,2.085873275063932e-06,0.0003983724508676465,3.184
2026-07-28T08:12:01.589846+00:00,1,BOTH,708.0,68.0,561.9,17775,1.2739670346491039e-05,0.002433097810806345,3.185
2026-07-28T08:12:01.756090+00:00,1,BOTH,708.0,68.0,561.9,17686,3.1450297683477404e-06,0.0006006564405644417,3.186
2026-07-28T08:12:01.856233+00:00,1,BOTH,708.0,68.0,562.0,17082,-4.4628744944930077e-05,-0.00852346243436767,3.187
2026-07-28T08:12:01.889520+00:00,1,BOTH,707.5,67.5,561.9,17913,-2.111964568030089e-05,-0.004033555207643137,3.178
2026-07-28T08:12:02.022789+00:00,1,BOTH,707.5,67.5,561.8,17911,5.139504151884466e-05,0.009815729889764785,3.172
2026-07-28T08:12:02.039558+00:00,1,BOTH,708.0,68.0,561.8,17718,-2.3807660909369588e-05,-0.0045469283006182295,3.178
2026-07-28T08:12:02.057955+00:00,1,BOTH,707.5,67.5,561.8,18096,2.6017078198492527e-05,0.004968895920118163,3.173
2026-07-28T08:12:02.140300+00:00,1,BOTH,708.0,68.0,561.8,17304,-0.0022585682774661107,-0.4313547668031347,3.179
2026-07-28T08:12:02.206075+00:00,1,BOTH,708.0,68.0,561.9,17297,2.0185369066894053e-06,0.0003855121518156513,3.182
2026-07-28T08:12:02.222843+00:00,1,BOTH,708.0,68.0,561.9,17733,2.0185369066894053e-06,0.0003855121518156513,3.184
2026-07-28T08:12:02.406037+00:00,1,BOTH,707.5,67.5,561.8,17879,0.0033051365689607337,0.6312345870526653,3.176
2026-07-28T08:12:02.422853+00:00,1,BOTH,708.0,68.0,561.8,17811,-1.4323316572699697e-05,-0.0027355519608182662,3.181
2026-07-28T08:12:02.489434+00:00,1,BOTH,707.5,67.5,561.8,17821,3.121806570561602e-05,0.005962211364979641,3.174
2026-07-28T08:12:02.606068+00:00,1,BOTH,707.5,67.5,561.7,17973,-0.013324821095302468,-2.5448533717590607,3.17
2026-07-28T08:12:02.689422+00:00,1,BOTH,707.5,67.5,561.7,18160,6.340123291010968e-06,0.0012108743538917408,3.168
2026-07-28T08:12:02.706087+00:00,1,BOTH,708.0,68.0,561.7,17730,0.0013226029480210854,0.25259855631056266,3.176
2026-07-28T08:12:02.806019+00:00,1,BOTH,707.5,67.5,561.7,17930,-0.00312724251562031,-0.5972593255297273,3.171
2026-07-28T08:12:02.872778+00:00,1,BOTH,707.5,67.5,561.7,18088,0.0009755823505111039,0.18632250417246268,3.168
2026-07-28T08:12:02.956090+00:00,1,BOTH,707.5,67.5,561.6,17943,-2.2491435811389234e-06,-0.00042955478239400046,3.167
2026-07-28T08:12:02.972612+00:00,1,BOTH,708.0,68.0,561.7,17166,4.139468539506197e-05,0.007905802558029598,3.175
2026-07-28T08:12:03.022634+00:00,1,BOTH,708.0,68.0,561.8,17284,0.0034130727010415283,0.6518488698033191,3.18
2026-07-28T08:12:03.156008+00:00,1,BOTH,708.0,68.0,561.8,17296,5.4060395050328226e-05,0.010324774917312443,3.183
2026-07-28T08:12:03.272648+00:00,1,BOTH,708.0,68.0,561.8,17638,0.015549147137644468,2.969668353383175,3.185
2026-07-28T08:12:03.339329+00:00,1,BOTH,708.0,68.0,561.9,17733,0.0006992413511034101,0.13354526093083588,3.186
2026-07-28T08:12:03.355985+00:00,1,BOTH,707.5,67.5,561.8,17856,2.282322485370969e-05,0.004358914863318837,3.177
2026-07-28T08:12:03.406004+00:00,1,BOTH,708.0,68.0,561.8,17427,-2.0494191448960916e-05,-0.003914102248528539,3.181
2026-07-28T08:12:03.422648+00:00,1,BOTH,707.5,67.5,561.8,17930,1.9615914570749737e-05,0.003746363720643786,3.174
2026-07-28T08:12:03.506029+00:00,1,BOTH,708.0,68.0,561.8,17362,1.587227394338697e-05,0.0030313810274384717,3.18
2026-07-28T08:12:03.522615+00:00,1,BOTH,708.0,68.0,561.9,17814,0.0013747379597043618,0.2625556100916192,3.183
2026-07-28T08:12:03.705946+00:00,1,BOTH,707.5,67.5,561.8,17915,1.2704086111625657e-05,0.0024263017225563833,3.175
2026-07-28T08:12:03.839815+00:00,1,BOTH,708.0,68.0,561.8,17707,-4.1797758894972505e-05,-0.007982783925957734,3.18
2026-07-28T08:12:03.872517+00:00,1,BOTH,708.0,68.0,561.9,17312,0.001724610332166776,0.32937631112603755,3.183
2026-07-28T08:12:03.939276+00:00,1,BOTH,707.5,67.5,561.8,18037,1.8106604256900026e-05,0.0034581066841132724,3.175
2026-07-28T08:12:04.039336+00:00,1,BOTH,708.0,68.0,561.8,17622,-5.127546668518334e-05,-0.009792892778748877,3.18
2026-07-28T08:12:04.072386+00:00,1,BOTH,708.0,68.0,561.9,17783,-5.127546668518334e-05,-0.009792892778748877,3.183
2026-07-28T08:12:04.155786+00:00,1,BOTH,707.5,67.5,561.8,17673,-5.127546668518334e-05,-0.009792892778748877,3.176
2026-07-28T08:12:04.205841+00:00,1,BOTH,708.0,68.0,561.8,17389,-6.704911356791854e-05,-0.012805437425116924,3.18
2026-07-28T08:12:04.339216+00:00,1,BOTH,708.0,68.0,561.9,17249,-1.5641699355910532e-05,-0.0029873445250205724,3.183
2026-07-28T08:12:04.389192+00:00,1,BOTH,707.5,67.5,561.8,17775,0.007027009796729544,1.342060013165618,3.176
2026-07-28T08:12:04.422466+00:00,1,BOTH,708.0,68.0,561.8,17489,0.00047797253377211745,0.09128602969438845,3.18
2026-07-28T08:12:04.472483+00:00,1,BOTH,707.5,67.5,561.8,18317,-6.552511331392452e-05,-0.012514374816681181,3.174
2026-07-28T08:12:04.572536+00:00,1,BOTH,708.0,68.0,561.8,17617,-0.004058918216614984,-0.775196277336018,3.179
2026-07-28T08:12:04.589051+00:00,1,BOTH,708.0,68.0,561.9,17746,0.006585012814030051,1.2576448076116251,3.183
2026-07-28T08:12:04.639173+00:00,1,BOTH,708.0,68.0,561.9,17827,0.001617633838322945,0.30894530577817503,3.185
2026-07-28T08:12:04.655788+00:00,1,BOTH,707.5,67.5,561.8,18431,1.9344315805938095e-05,0.0036944921774948744,3.176
2026-07-28T08:12:04.755829+00:00,1,BOTH,708.0,68.0,561.8,17475,3.31188905693125e-05,0.006325242172590768,3.181
2026-07-28T08:12:04.872434+00:00,1,BOTH,708.0,68.0,561.9,17511,-0.002972425199113786,-0.5676913960918444,3.183
2026-07-28T08:12:04.905631+00:00,1,BOTH,707.5,67.5,561.8,18171,-0.002972425199113786,-0.5676913960918444,3.176
2026-07-28T08:12:04.989146+00:00,1,BOTH,708.0,68.0,561.8,17655,-1.5653614864277187e-05,-0.002989620219487779,3.18
2026-07-28T08:12:04.955757+00:00,1,BOTH,708.0,68.0,561.9,17630,-2.228845318313688e-05,-0.004256780997562229,3.183
2026-07-28T08:12:04.922510+00:00,1,BOTH,707.5,67.5,561.8,17870,-1.6928480836213566e-05,-0.003233101684943773,3.176
2026-07-28T08:12:05.189148+00:00,1,BOTH,708.0,68.0,561.8,17414,-4.716725670732558e-06,-0.0009008282468466267,3.18
2026-07-28T08:12:05.222421+00:00,1,BOTH,708.0,68.0,561.9,17821,3.549386659869924e-05,0.006778829182352763,3.183
2026-07-28T08:12:05.389018+00:00,1,BOTH,708.0,68.0,561.9,17717,-4.374781652586534e-05,-0.008355217499482532,3.185
2026-07-28T08:12:05.422923+00:00,1,BOTH,708.0,68.0,561.9,17479,3.989261495007668e-06,0.0007618928234599617,3.186
2026-07-28T08:12:05.522390+00:00,1,BOTH,708.0,68.0,561.9,17581,-7.556041236966844e-07,-0.00014430975756833672,3.187
2026-07-28T08:12:05.588956+00:00,1,BOTH,708.0,68.0,561.9,17813,0.00011316005839034915,0.021611979184069888,3.187
2026-07-28T08:12:05.538989+00:00,1,BOTH,708.0,68.0,562.0,17675,-1.946614633197896e-05,-0.003717760094021543,3.187
2026-07-28T08:12:05.488869+00:00,1,BOTH,708.0,68.0,562.0,17741,6.200792267918586e-06,0.0011842640886302967,3.187
2026-07-28T08:12:05.855649+00:00,1,BOTH,708.0,68.0,562.0,17754,-0.002024596243572887,-0.3866693999158895,3.187
2026-07-28T08:12:05.838953+00:00,1,BOTH,708.0,68.0,562.0,17435,0.0008316463827213738,0.15883275925752102,3.187
2026-07-28T08:12:05.805637+00:00,1,BOTH,707.5,67.5,561.9,18054,-3.8844362461532e-06,-0.0007418726756407298,3.178
2026-07-28T08:12:06.072134+00:00,1,BOTH,707.5,67.5,561.8,17904,-3.1999574275687425e-07,-6.111468507374292e-05,3.172
2026-07-28T08:12:06.105811+00:00,1,BOTH,708.0,68.0,561.8,17662,0.0014514221012359484,0.27720120230943185,3.178
2026-07-28T08:12:06.272105+00:00,1,BOTH,707.5,67.5,561.8,18170,-1.4409886352950707e-05,-0.002752085570957459,3.173
2026-07-28T08:12:06.222263+00:00,1,BOTH,707.5,67.5,561.7,17984,-0.00043076595466118306,-0.08227023720003188,3.169
2026-07-28T08:12:06.205661+00:00,1,BOTH,708.0,68.0,561.8,17218,0.0108969745876675,2.081168844448861,3.177
2026-07-28T08:12:06.522074+00:00,1,BOTH,708.0,68.0,561.8,17685,9.188250114675611e-06,0.0017548265089383573,3.181
2026-07-28T08:12:06.538902+00:00,1,BOTH,707.5,67.5,561.8,18081,7.514026074204593e-06,0.0014350732706772597,3.174
2026-07-28T08:12:06.688874+00:00,1,BOTH,707.5,67.5,561.7,18264,-2.7662461507134138e-05,-0.005283140984339615,3.17
2026-07-28T08:12:06.438945+00:00,1,BOTH,708.0,68.0,561.8,17524,0.011714054485346424,2.2372196099888058,3.177
2026-07-28T08:12:06.772193+00:00,1,BOTH,708.0,68.0,561.8,17372,1.578570656420197e-05,0.0030148478758691083,3.181
2026-07-28T08:12:06.872178+00:00,1,BOTH,708.0,68.0,561.8,17600,-4.81768831377849e-06,-0.0009201106912966857,3.184
2026-07-28T08:12:06.905323+00:00,1,BOTH,708.0,68.0,561.9,17506,-1.4326068412628955e-05,-0.002736077523531073,3.185
2026-07-28T08:12:06.955410+00:00,1,BOTH,708.0,68.0,561.9,17795,-2.222208509920165e-05,-0.004244105627216033,3.186
2026-07-28T08:12:07.072295+00:00,1,BOTH,707.5,67.5,561.8,18376,7.168902111516217e-06,0.0013691594491076783,3.177
2026-07-28T08:12:07.172636+00:00,1,BOTH,708.0,68.0,561.9,17086,-0.002902062437851782,-0.554253098574513,3.181
2026-07-28T08:12:07.222176+00:00,1,BOTH,707.5,67.5,561.8,18209,3.2383319849031976e-05,0.0061847585132391945,3.174
2026-07-28T08:12:07.288704+00:00,1,BOTH,708.0,68.0,561.8,17436,5.983898365229833e-05,0.011428404045430076,3.18
2026-07-28T08:12:07.338714+00:00,1,BOTH,707.5,67.5,561.8,18080,1.8439488048898056e-05,0.003521682805279265,3.173
2026-07-28T08:12:07.422126+00:00,1,BOTH,707.5,67.5,561.7,17924,0.0055376204870117365,1.05760760816984,3.17
2026-07-28T08:12:07.505320+00:00,1,BOTH,708.0,68.0,561.8,17776,7.316538569284604e-05,0.013973559355489782,3.177
2026-07-28T08:12:07.522152+00:00,1,BOTH,707.5,67.5,561.7,18460,-3.630268183769658e-05,-0.006933301514354138,3.172
2026-07-28T08:12:07.605446+00:00,1,BOTH,708.0,68.0,561.8,17507,-0.014748096956318478,-2.8166790381559466,3.178
2026-07-28T08:12:07.688589+00:00,1,BOTH,708.0,68.0,561.8,17537,9.042594901984556e-06,0.0017270084124340979,3.182
2026-07-28T08:12:07.705434+00:00,1,BOTH,708.0,68.0,561.9,17173,0.0005199053164687939,0.09929460126691766,3.184
2026-07-28T08:12:07.721978+00:00,1,BOTH,708.0,68.0,561.9,17732,-0.0031974046875257044,-0.6106593133018955,3.185
2026-07-28T08:12:07.738673+00:00,1,BOTH,708.0,68.0,561.9,17688,2.588349161669612e-05,0.004943382762329786,3.186
2026-07-28T08:12:08.005346+00:00,1,BOTH,707.5,67.5,561.8,18063,-0.008108233132807072,-1.5485584593932757,3.177
2026-07-28T08:12:08.039206+00:00,1,BOTH,708.0,68.0,561.9,17700,-3.080772003158926e-06,-0.0005883841114102359,3.181
2026-07-28T08:12:08.172030+00:00,1,BOTH,708.0,68.0,561.9,17303,-6.1405648011714215e-06,-0.0011727614897790398,3.184
2026-07-28T08:12:08.188526+00:00,1,BOTH,708.0,68.0,561.9,17350,-2.772576037386898e-05,-0.005295230177379174,3.185
2026-07-28T08:12:08.321906+00:00,1,BOTH,707.5,67.5,561.8,17816,7.927892147563389e-07,0.0001514115868300962,3.177
2026-07-28T08:12:08.338531+00:00,1,BOTH,708.0,68.0,561.9,17641,-2.2527422988787293e-05,-0.004302420868544996,3.181
2026-07-28T08:12:08.455232+00:00,1,BOTH,707.5,67.5,561.8,18013,0.0015635883063077926,0.2986233694914837,3.174
2026-07-28T08:12:08.571938+00:00,1,BOTH,708.0,68.0,561.8,17540,-3.1373586243717e-05,-0.00599191359984894,3.18
2026-07-28T08:12:08.588627+00:00,1,BOTH,707.5,67.5,561.8,17889,-0.0008317565249399195,-0.1588537948717506,3.173
2026-07-28T08:12:08.655198+00:00,1,BOTH,707.5,67.5,561.7,17939,1.8591103580547495e-05,0.0035506392388530822,3.17
2026-07-28T08:12:08.721843+00:00,1,BOTH,708.0,68.0,561.8,17118,3.252712602261454e-05,0.006212223469286551,3.177
2026-07-28T08:12:08.838576+00:00,1,BOTH,708.0,68.0,561.8,17574,-0.002022329342289595,-0.3862364536622047,3.181
2026-07-28T08:12:08.905162+00:00,1,BOTH,707.5,67.5,561.8,17960,0.0019421854102984071,0.3709300901399429,3.174
2026-07-28T08:12:08.921786+00:00,1,BOTH,708.0,68.0,561.8,17309,1.4768176479265089e-05,0.002820513944554203,3.18
2026-07-28T08:12:08.971834+00:00,1,BOTH,707.5,67.5,561.7,17904,2.177652277168819e-07,4.1590094909608764e-05,3.173
2026-07-28T08:12:09.121753+00:00,1,BOTH,707.5,67.5,561.7,17861,-1.2770078319590538e-06,-0.00024389053058801745,3.17
2026-07-28T08:12:09.255264+00:00,1,BOTH,707.5,67.5,561.7,18142,5.078459798824042e-06,0.0009699143763315824,3.167
2026-07-28T08:12:09.271879+00:00,1,BOTH,707.5,67.5,561.6,18410,-2.2634220877080224e-05,-0.004322817762745311,3.166
2026-07-28T08:12:09.355119+00:00,1,BOTH,708.0,68.0,561.7,17493,1.4400849941011985e-05,0.002750359743404024,3.175
2026-07-28T08:12:09.421817+00:00,1,BOTH,707.5,67.5,561.7,17924,-0.003530378683717572,-0.6742526621998927,3.17
2026-07-28T08:12:09.438299+00:00,1,BOTH,707.5,67.5,561.6,17877,-0.002220846557756886,-0.42415044901875465,3.168
2026-07-28T08:12:09.521760+00:00,1,BOTH,708.0,68.0,561.7,17525,2.0241831662133334e-05,0.0038659050795150675,3.176
2026-07-28T08:12:09.555057+00:00,1,BOTH,708.0,68.0,561.8,17476,-3.43002809677273e-05,-0.0065508711185455915,3.18
2026-07-28T08:12:09.571821+00:00,1,BOTH,708.0,68.0,561.8,17420,-3.43002809677273e-05,-0.0065508711185455915,3.183
2026-07-28T08:12:09.621786+00:00,1,BOTH,708.0,68.0,561.8,17672,-3.43002809677273e-05,-0.0065508711185455915,3.185
2026-07-28T08:12:09.738402+00:00,1,BOTH,707.5,67.5,561.8,17960,-3.43002809677273e-05,-0.0065508711185455915,3.177
2026-07-28T08:12:09.804948+00:00,1,BOTH,707.5,67.5,561.7,17826,-3.43002809677273e-05,-0.0065508711185455915,3.172
2026-07-28T08:12:09.821815+00:00,1,BOTH,708.0,68.0,561.8,17293,0.0017578734911512584,0.33572910653631594,3.178
2026-07-28T08:12:09.904934+00:00,1,BOTH,708.0,68.0,561.8,17648,-0.0015798443692619912,-0.3017280488207322,3.182
2026-07-28T08:12:09.938343+00:00,1,BOTH,708.5,68.5,562.0,17187,-2.9232297674752768e-05,-0.005582957607444745,3.193
2026-07-28T08:12:10.071731+00:00,1,BOTH,708.0,68.0,562.0,17371,0.006636400465213228,1.2674591260512469,3.191
2026-07-28T08:12:10.104991+00:00,1,BOTH,708.0,68.0,562.0,17419,-0.00787221903243335,-1.5034830865366382,3.19
2026-07-28T08:12:10.121615+00:00,1,BOTH,708.0,68.0,562.0,17505,-0.0005138069449094474,-0.09812989809274045,3.189
2026-07-28T08:12:10.238207+00:00,1,BOTH,707.5,67.5,561.9,17861,-0.007344196969243057,-1.4026383008346588,3.179
2026-07-28T08:12:10.338134+00:00,1,BOTH,707.5,67.5,561.8,17780,0.0042220857607026116,0.806358982768471,3.173
2026-07-28T08:12:10.355021+00:00,1,BOTH,708.0,68.0,561.8,17523,2.5275629013776773e-06,0.00048272895567594016,3.179
2026-07-28T08:12:10.405010+00:00,1,BOTH,708.0,68.0,561.9,17800,-7.80355097958818e-05,-0.014903684544852731,3.182
2026-07-28T08:12:10.488307+00:00,1,BOTH,708.0,68.0,561.9,17608,-2.8777868101315108e-06,-0.0005496167951965052,3.184
2026-07-28T08:12:10.638181+00:00,1,BOTH,708.0,68.0,561.9,17271,2.920132828876376e-06,0.000557704289040714,3.186
2026-07-28T08:12:10.654933+00:00,1,BOTH,708.0,68.0,561.9,17533,-0.009782466875767568,-1.8683135506933661,3.186
2026-07-28T08:12:10.688165+00:00,1,BOTH,707.5,67.5,561.8,17902,-3.2298266887664795e-05,-0.006168514594167766,3.177
2026-07-28T08:12:10.754822+00:00,1,BOTH,708.0,68.0,561.9,17551,-2.3080637329258022e-05,-0.004408077024795284,3.181
2026-07-28T08:12:10.821577+00:00,1,BOTH,707.0,67.0,561.9,17865,0.001340587182494346,0.25603329208753434,3.165
2026-07-28T08:12:10.854907+00:00,1,BOTH,707.5,67.5,561.8,18116,-0.0039182782283751294,-0.7483360181463075,3.165
2026-07-28T08:12:10.888376+00:00,1,BOTH,707.5,67.5,561.8,18106,0.0006745812842564191,0.12883553508802567,3.164
2026-07-28T08:12:11.038212+00:00,1,BOTH,707.5,67.5,561.7,17913,1.7170574428746475e-05,0.003279338155274758,3.164
2026-07-28T08:12:10.938198+00:00,1,BOTH,707.5,67.5,561.7,17799,-0.0021681438185623845,-0.41408496727000915,3.164
2026-07-28T08:12:11.138349+00:00,1,BOTH,707.5,67.5,561.6,17817,-0.0034944318774614656,-0.6673873279150615,3.164
2026-07-28T08:12:11.121418+00:00,1,BOTH,708.0,68.0,561.7,17574,0.001681899144023191,0.3212190750639822,3.173
2026-07-28T08:12:11.204982+00:00,1,BOTH,707.5,67.5,561.7,18189,-1.097650165320374e-05,-0.002096357395156484,3.17
2026-07-28T08:12:11.188180+00:00,1,BOTH,707.5,67.5,561.6,18316,-6.00864621810615e-05,-0.011475668962824198,3.167
2026-07-28T08:12:11.404823+00:00,1,BOTH,708.0,68.0,561.7,17651,0.020497505284147337,3.9147351444291525,3.175
2026-07-28T08:12:11.523997+00:00,1,BOTH,708.0,68.0,561.8,17619,-0.004082724050967954,-0.7797428567900606,3.18
2026-07-28T08:12:11.654620+00:00,1,BOTH,707.5,67.5,561.7,17915,0.009398445798215107,1.7949709274006258,3.174
2026-07-28T08:12:11.737951+00:00,1,BOTH,708.0,68.0,561.8,17618,-0.0017543923883931712,-0.3350642648826834,3.179
2026-07-28T08:12:11.704706+00:00,1,BOTH,707.5,67.5,561.7,18002,-0.05468260219669901,-10.443607728878858,3.173
2026-07-28T08:12:11.787957+00:00,1,BOTH,708.0,68.0,561.8,17568,0.008871753365383483,1.6943800823915272,3.179
2026-07-28T08:12:11.888194+00:00,1,BOTH,708.0,68.0,561.8,17278,-8.447561849607155e-06,-0.0016133654705273914,3.182
2026-07-28T08:12:11.954682+00:00,1,BOTH,708.5,68.5,562.0,17070,0.006812433550367132,1.3010789688311992,3.194
2026-07-28T08:12:11.989102+00:00,1,BOTH,708.0,68.0,562.0,17452,0.0019071361594251357,0.364236176306164,3.191
2026-07-28T08:12:12.071470+00:00,1,BOTH,708.0,68.0,562.0,17541,-0.0011250930122332647,-0.21487693720208922,3.19
2026-07-28T08:12:12.171365+00:00,1,BOTH,707.5,67.5,561.9,18286,2.0592413493432103e-05,0.003932861277206357,3.179
2026-07-28T08:12:12.104681+00:00,1,BOTH,707.5,67.5,561.8,17979,-0.007740959105140064,-1.478414287026307,3.173
2026-07-28T08:12:12.204649+00:00,1,BOTH,707.5,67.5,561.7,18007,-3.71488589735236e-06,-0.0007094909443031993,3.17
2026-07-28T08:12:12.287948+00:00,1,BOTH,708.0,68.0,561.8,17634,0.00967121347784996,1.847065716836138,3.177
2026-07-28T08:12:12.421342+00:00,1,BOTH,708.0,68.0,561.8,17671,-4.716957002528943e-05,-0.009008724279652935,3.181
2026-07-28T08:12:12.504683+00:00,1,BOTH,708.0,68.0,561.9,17493,-6.796282483264804e-05,-0.01297994342232546,3.184
2026-07-28T08:12:12.387803+00:00,1,BOTH,707.5,67.5,561.8,18310,2.8424923588659112e-05,0.005428760515373418,3.176
2026-07-28T08:12:12.621398+00:00,1,BOTH,708.0,68.0,561.8,17718,2.715168928261846e-05,0.005185590675148759,3.18
2026-07-28T08:12:12.704734+00:00,1,BOTH,707.5,67.5,561.8,18153,-0.0028141963816597127,-0.5374719179669633,3.174
2026-07-28T08:12:12.737940+00:00,1,BOTH,708.0,68.0,561.8,17509,0.003252301328393514,0.6211437994057984,3.179
2026-07-28T08:12:12.804646+00:00,1,BOTH,708.0,68.0,561.9,17804,-0.006028436862688977,-1.151346630977218,3.183
2026-07-28T08:12:12.954679+00:00,1,BOTH,708.0,68.0,561.9,17173,-0.00012165096116405038,-0.023233622161366572,3.185
2026-07-28T08:12:12.987852+00:00,1,BOTH,707.5,67.5,561.8,18069,-0.003216696447052527,-0.6143437679694562,3.176
2026-07-28T08:12:13.088111+00:00,1,BOTH,708.0,68.0,561.8,17617,4.1267776396125555e-06,0.0007881564724625309,3.181
2026-07-28T08:12:13.120876+00:00,1,BOTH,708.0,68.0,561.9,17551,-0.009950259680626914,-1.9003596158637086,3.183
2026-07-28T08:12:13.171042+00:00,1,BOTH,708.0,68.0,561.9,17758,0.0018316904446328407,0.3498271061730099,3.185
2026-07-28T08:12:13.271294+00:00,1,BOTH,707.5,67.5,561.8,17952,0.0,0.0,3.177
2026-07-28T08:12:13.321048+00:00,1,BOTH,707.5,67.5,561.8,18191,-2.8375213150866327e-06,-0.0005419266521095836,3.172
2026-07-28T08:12:13.454387+00:00,1,BOTH,708.0,68.0,561.8,17735,9.603032085578888e-06,0.0018340440301079434,3.178
2026-07-28T08:12:13.537883+00:00,1,BOTH,707.5,67.5,561.7,17983,-3.141205612337217e-05,-0.005999260805657664,3.172
2026-07-28T08:12:13.654520+00:00,1,BOTH,707.5,67.5,561.7,18213,3.9144724551078975e-05,0.007476091689929872,3.169
2026-07-28T08:12:13.671111+00:00,1,BOTH,707.5,67.5,561.7,17917,-2.8476669976953415e-05,-0.005438643347554447,3.167
2026-07-28T08:12:13.704441+00:00,1,BOTH,707.5,67.5,561.6,17912,0.001486567357496824,0.28391345182161154,3.166
2026-07-28T08:12:13.737944+00:00,1,BOTH,708.0,68.0,561.7,17293,-0.0029416149825556206,-0.5618070781762877,3.175
2026-07-28T08:12:13.754390+00:00,1,BOTH,708.0,68.0,561.8,17773,0.0019192930983263068,0.36655798060894906,3.18
2026-07-28T08:12:13.804436+00:00,1,BOTH,708.0,68.0,561.8,17596,-0.010101482908066828,-1.9292411248525554,3.183
2026-07-28T08:12:13.887792+00:00,1,BOTH,708.0,68.0,561.8,17611,-0.0002378091369610047,-0.04541819959171374,3.185
2026-07-28T08:12:13.921121+00:00,1,BOTH,707.5,67.5,561.8,17849,9.711472375784067e-07,0.00018547545999677122,3.176
2026-07-28T08:12:14.104312+00:00,1,BOTH,708.0,68.0,561.8,17538,3.53321892907843e-05,0.00674795109106422,3.181
2026-07-28T08:12:13.937649+00:00,1,BOTH,707.5,67.5,561.8,17887,-1.3043638318777084e-05,-0.002491151417203479,3.174
2026-07-28T08:12:14.170870+00:00,1,RIGHT,321.24,-318.76,561.8,15580,1.8566379585536195e-05,0.003545917303630249,-0.826
2026-07-28T08:12:14.304457+00:00,1,BOTH,708.5,68.5,561.9,16848,-1.0524219273975177e-05,-0.002009977823563377,0.789
2026-07-28T08:12:14.404296+00:00,1,BOTH,710.0,70.0,562.3,15203,-1.6482663340866566e-05,-0.0031479568152221857,1.786
2026-07-28T08:12:14.437665+00:00,1,BOTH,708.0,68.0,562.3,15510,-7.641336138476618e-05,-0.014593877019183472,2.346
2026-07-28T08:12:14.504263+00:00,1,BOTH,708.5,68.5,562.3,14997,0.011434774567751447,2.1838810747189603,2.692
2026-07-28T08:12:14.554280+00:00,1,BOTH,707.5,67.5,562.3,14717,-1.0451184971316251e-06,-0.00019960292992232518,2.881
2026-07-28T08:12:14.571323+00:00,1,BOTH,708.0,68.0,562.3,14889,0.004863113536848687,0.9287862698478944,3.004
2026-07-28T08:12:14.704368+00:00,1,BOTH,698.5,58.5,560.3,17212,0.007728117350488901,1.4759616925494603,2.899
2026-07-28T08:12:14.720911+00:00,1,BOTH,697.5,57.5,558.6,16624,6.024842106853612e-05,0.011506600831847298,2.818
2026-07-28T08:12:14.770908+00:00,1,BOTH,697.0,57.0,557.0,12877,-2.0514918869594112e-05,-0.003918060894270122,2.759
2026-07-28T08:12:14.804500+00:00,1,BOTH,691.0,51.0,554.6,11936,1.5514734695898366e-06,0.00029630960611338705,2.612
2026-07-28T08:12:14.754364+00:00,1,BOTH,699.5,59.5,554.4,13535,1.5514734695898366e-06,0.00029630960611338705,2.683
2026-07-28T08:12:14.737568+00:00,1,BOTH,697.0,57.0,553.7,15399,4.327281145378947e-05,0.008264498213225016,2.678
2026-07-28T08:12:15.004306+00:00,1,LEFT,699.73,59.73,553.7,11597,5.8017612900584936e-05,0.01108054785542425,2.727
2026-07-28T08:12:15.154301+00:00,1,BOTH,710.0,70.0,555.8,14705,-3.46868958149571e-05,-0.006624709115356799,2.949
2026-07-28T08:12:15.070936+00:00,1,LEFT,701.78,61.78,555.8,11543,-8.858519577188417e-06,-0.001691852615023036,2.928
2026-07-28T08:12:15.304248+00:00,1,BOTH,708.5,68.5,557.1,16791,0.004674664580379613,0.8927951703168193,3.041
2026-07-28T08:12:15.354226+00:00,1,BOTH,708.0,68.0,558.1,17067,0.005305775507295039,1.0133284787062968,3.1
2026-07-28T08:12:15.370874+00:00,1,BOTH,708.5,68.5,559.0,16390,-1.249907654710114e-05,-0.002387147779866151,3.144
2026-07-28T08:12:15.487592+00:00,1,BOTH,708.0,68.0,559.6,17043,1.306126214331016e-05,0.0024945173197522268,3.161
2026-07-28T08:12:15.687514+00:00,1,BOTH,708.5,68.5,560.2,16695,1.9630500173661857e-05,0.0037491493656055135,3.181
2026-07-28T08:12:15.720813+00:00,1,BOTH,708.0,68.0,560.5,16961,-5.607326456811279e-06,-0.0010709204677577739,3.184
2026-07-28T08:12:15.737617+00:00,1,BOTH,708.0,68.0,560.8,17467,2.9924215923529114e-05,0.005715104258854638,3.185
2026-07-28T08:12:15.821028+00:00,1,BOTH,708.5,68.5,561.2,16870,1.889872619358357e-05,0.003609390830218926,3.196
2026-07-28T08:12:15.887540+00:00,1,BOTH,708.0,68.0,561.3,17408,0.0008164121094159782,0.1559232273763611,3.192
2026-07-28T08:12:16.004169+00:00,1,BOTH,708.5,68.5,561.6,16653,-0.003225783643356408,-0.6160792946221871,3.2
2026-07-28T08:12:15.904097+00:00,1,BOTH,708.5,68.5,561.8,17126,2.210357328294776e-05,0.004221471537570107,3.204
2026-07-28T08:12:16.154034+00:00,1,BOTH,707.5,67.5,561.9,17538,-0.004521080138802063,-0.8634627026459287,3.188
2026-07-28T08:12:16.170863+00:00,1,BOTH,708.0,68.0,562.1,17076,7.0638072065776215e-06,0.0013490878007699778,3.188
2026-07-28T08:12:16.087784+00:00,1,BOTH,708.5,68.5,562.2,16728,1.7790178244467825e-05,0.003397673767311541,3.197
2026-07-28T08:12:16.253935+00:00,1,BOTH,707.5,67.5,562.3,17371,7.42831313618808e-05,0.014187033053505509,3.184
2026-07-28T08:12:16.287514+00:00,1,BOTH,707.5,67.5,562.3,17585,7.42831313618808e-05,0.014187033053505509,3.176
2026-07-28T08:12:16.370849+00:00,1,BOTH,707.5,67.5,562.3,17739,7.42831313618808e-05,0.014187033053505509,3.171
2026-07-28T08:12:16.404071+00:00,1,BOTH,707.5,67.5,562.4,17706,7.42831313618808e-05,0.014187033053505509,3.168
2026-07-28T08:12:16.487400+00:00,1,BOTH,707.5,67.5,562.2,18048,-2.2330787032842636e-05,-0.004264866167291165,3.167
2026-07-28T08:12:16.503993+00:00,1,BOTH,706.5,66.5,562.1,18474,-0.002448170066199964,-0.46756604107840427,3.147
2026-07-28T08:12:16.553967+00:00,1,BOTH,707.0,67.0,562.0,17791,-0.0047014404583751454,-0.8979089863231569,3.144
2026-07-28T08:12:16.770721+00:00,1,BOTH,707.5,67.5,562.1,17709,0.008578953798860312,1.6384594843747347,3.152
2026-07-28T08:12:16.787306+00:00,1,BOTH,707.0,67.0,561.9,18648,-0.005217504545289558,-0.9964699667847178,3.148
2026-07-28T08:12:16.870727+00:00,1,BOTH,707.0,67.0,561.9,18484,0.022854975985828786,4.364978882869458,3.145
2026-07-28T08:12:17.037298+00:00,1,BOTH,707.0,67.0,561.9,17841,1.2550872561405413e-05,0.002397040089916931,3.143
2026-07-28T08:12:17.070634+00:00,1,BOTH,707.0,67.0,562.0,17881,-7.428243407048285e-06,-0.0014186899880658198,3.142
2026-07-28T08:12:16.837721+00:00,1,BOTH,707.0,67.0,561.8,18758,-0.010779616351937875,-2.0587550724541646,3.142
2026-07-28T08:12:17.220509+00:00,1,BOTH,707.0,67.0,561.8,17848,0.017784815612249077,3.3966495800008243,3.141
2026-07-28T08:12:17.287775+00:00,1,BOTH,706.5,66.5,561.7,18622,0.017784815612249077,3.3966495800008243,3.132
2026-07-28T08:12:17.353937+00:00,1,BOTH,707.0,67.0,561.8,18096,8.559196903661359e-06,0.0016346861953374604,3.135
2026-07-28T08:12:17.437452+00:00,1,BOTH,707.5,67.5,561.7,17932,3.439497333602048e-05,0.006568956028729917,3.147
2026-07-28T08:12:17.553904+00:00,1,BOTH,707.0,67.0,561.8,17925,2.073124051094055e-06,0.00039593752844917663,3.144
2026-07-28T08:12:17.420646+00:00,1,BOTH,707.0,67.0,561.8,17964,-3.0285375105449928e-05,-0.005784080581709505,3.143
2026-07-28T08:12:17.670526+00:00,1,BOTH,707.0,67.0,561.7,18659,-3.573915993911214e-05,-0.006825676759513847,3.142
2026-07-28T08:12:17.655291+00:00,1,BOTH,708.0,68.0,561.7,17652,-0.002777921761153266,-0.5305439757721029,3.16
2026-07-28T08:12:17.637160+00:00,1,BOTH,707.0,67.0,561.8,18063,0.00011128984449896961,0.02125479464152727,3.152
2026-07-28T08:12:17.853910+00:00,1,BOTH,707.5,67.5,561.9,17669,0.015459115760168061,2.9524736268726843,3.157
2026-07-28T08:12:17.953874+00:00,1,BOTH,707.5,67.5,562.0,17247,0.015459115760168061,2.9524736268726843,3.16
2026-07-28T08:12:17.970446+00:00,1,BOTH,707.5,67.5,562.1,17539,0.006453012747842876,1.23243465198505,3.162
2026-07-28T08:12:17.988030+00:00,1,BOTH,707.5,67.5,562.0,17948,-0.00043276448413962496,-0.08265192821452255,3.163
2026-07-28T08:12:18.003720+00:00,1,BOTH,707.5,67.5,562.1,17793,-9.177695028483866e-06,-0.0017528106359677447,3.163
2026-07-28T08:12:18.137170+00:00,1,BOTH,707.5,67.5,562.2,17638,-2.980567922350019e-05,-0.005692465416757752,3.164
2026-07-28T08:12:18.303759+00:00,1,BOTH,708.0,68.0,562.1,17664,6.391755377990193e-05,0.012207353561296142,3.173
2026-07-28T08:12:18.387135+00:00,1,BOTH,707.5,67.5,562.2,17736,-1.7423985391360474e-05,-0.003327736084075191,3.169
2026-07-28T08:12:18.403749+00:00,1,BOTH,707.5,67.5,562.3,17508,-5.135917570441961e-05,-0.009808880023780268,3.167
2026-07-28T08:12:18.503648+00:00,1,BOTH,707.0,67.0,562.2,17945,-1.87904905033065e-06,-0.0003588719336067055,3.157
2026-07-28T08:12:18.586991+00:00,1,BOTH,707.0,67.0,562.2,17983,-2.9426642577163875e-05,-0.005620074749704873,3.15
2026-07-28T08:12:18.670453+00:00,1,BOTH,708.0,68.0,562.1,17445,0.0,0.0,3.165
2026-07-28T08:12:18.703580+00:00,1,BOTH,708.0,68.0,562.1,17753,1.3774698309134693e-05,0.002630773590598031,3.174
2026-07-28T08:12:18.737058+00:00,1,BOTH,708.0,68.0,562.1,17634,5.822825012728572e-05,0.011120776602418567,3.179
2026-07-28T08:12:18.820199+00:00,1,RIGHT,322.91,-317.09,562.1,15672,1.392705577018205e-05,0.002659871722249172,-0.821
2026-07-28T08:12:18.870589+00:00,1,BOTH,707.5,67.5,562.2,17832,-2.96382699161768e-06,-0.0005660492594221622,0.773
2026-07-28T08:12:19.103659+00:00,1,BOTH,708.0,68.0,562.1,17188,8.25236435048282e-06,0.001576085494289615,1.739
2026-07-28T08:12:19.070323+00:00,1,BOTH,708.0,68.0,562.1,17757,0.00047130645340075716,0.09001290212380864,2.318
2026-07-28T08:12:19.236903+00:00,1,BOTH,707.5,67.5,562.0,18205,-0.0001689468692347873,-0.03226647523033974,2.657
2026-07-28T08:12:19.370329+00:00,1,BOTH,708.0,68.0,562.0,17385,0.010042117417178816,1.9179031512638707,2.869
2026-07-28T08:12:19.403675+00:00,1,BOTH,708.0,68.0,561.8,17926,0.0024916457466315476,0.4758692844123684,2.996
2026-07-28T08:12:19.503706+00:00,1,BOTH,708.5,68.5,561.7,17768,0.008975775292492471,1.7142468070587356,3.082
2026-07-28T08:12:19.486791+00:00,1,BOTH,708.5,68.5,561.7,17819,5.226979264989492e-06,0.0009982795049543036,3.134
2026-07-28T08:12:19.653699+00:00,1,BOTH,708.5,68.5,561.6,17768,-0.002920902010810096,-0.5578511919689801,3.165
2026-07-28T08:12:19.670271+00:00,1,BOTH,708.5,68.5,561.6,17855,0.0017654264833254275,0.33717162178390003,3.183
2026-07-28T08:12:19.753643+00:00,1,BOTH,708.0,68.0,561.5,18160,0.0029184507039462914,0.5573830268436887,3.185
2026-07-28T08:12:19.920131+00:00,1,BOTH,708.5,68.5,561.5,17847,-1.933836596435867e-05,-0.0036933558414573,3.195
2026-07-28T08:12:19.986819+00:00,1,BOTH,708.5,68.5,561.5,17755,-1.5291245654225348e-05,-0.0029204127982829127,3.202
2026-07-28T08:12:20.003510+00:00,1,BOTH,708.0,68.0,561.4,17855,-1.5291245654225348e-05,-0.0029204127982829127,3.196
2026-07-28T08:12:20.053670+00:00,1,BOTH,708.0,68.0,561.5,17456,-1.5291245654225348e-05,-0.0029204127982829127,3.193
2026-07-28T08:12:20.070135+00:00,1,BOTH,707.5,67.5,561.5,18171,-1.5291245654225348e-05,-0.0029204127982829127,3.181
2026-07-28T08:12:20.103514+00:00,1,BOTH,708.0,68.0,561.4,17985,-1.5291245654225348e-05,-0.0029204127982829127,3.184
2026-07-28T08:12:20.169982+00:00,1,BOTH,708.0,68.0,561.3,17865,-1.3550089061027393e-05,-0.002587876384077514,3.185
2026-07-28T08:12:20.253407+00:00,1,BOTH,708.5,68.5,561.4,17528,-0.004967495513737958,-0.9487217589578523,3.196
2026-07-28T08:12:20.270122+00:00,1,BOTH,708.5,68.5,561.4,17750,7.583505393995438e-06,0.0014483428433021102,3.202
2026-07-28T08:12:20.369963+00:00,1,BOTH,708.5,68.5,561.4,17422,3.908798073780417e-05,0.007465254419882788,3.205
2026-07-28T08:12:20.403476+00:00,1,BOTH,707.5,67.5,561.4,18165,0.003383584280963987,0.646216996420146,3.189
2026-07-28T08:12:20.453478+00:00,1,BOTH,708.0,68.0,561.3,18266,0.0034277976265002508,0.6546611234114176,3.188
2026-07-28T08:12:20.620059+00:00,1,BOTH,708.0,68.0,561.3,17898,-8.217139838961885e-06,-0.0015693581081377497,3.188
2026-07-28T08:12:20.636780+00:00,1,BOTH,708.0,68.0,561.2,17822,3.819332247076091e-05,0.007294387277189232,3.188
2026-07-28T08:12:20.686795+00:00,1,BOTH,708.5,68.5,561.3,17668,-4.609653929946944e-05,-0.008803790506728451,3.197
2026-07-28T08:12:20.886616+00:00,1,BOTH,708.5,68.5,561.3,17800,3.1567518994961574e-05,0.006028952027034522,3.203
2026-07-28T08:12:20.953374+00:00,1,BOTH,708.5,68.5,561.4,17751,-3.5501376260072e-06,-0.0006780263422026867,3.206
2026-07-28T08:12:21.003223+00:00,1,BOTH,708.5,68.5,561.4,17555,3.482244210317731e-05,0.006650596549502406,3.208
2026-07-28T08:12:21.037433+00:00,1,BOTH,708.5,68.5,561.4,17551,0.0,0.0,3.209
2026-07-28T08:12:20.970087+00:00,1,BOTH,708.0,68.0,561.3,17854,0.015271135953953489,2.9165721284400776,3.2
2026-07-28T08:12:21.070113+00:00,1,BOTH,708.5,68.5,561.4,17763,1.50337815284729e-05,0.00287124077234411,3.205
2026-07-28T08:12:21.086694+00:00,1,BOTH,708.0,68.0,561.5,17886,-0.0029328923334833233,-0.5601411749162333,3.198
2026-07-28T08:12:21.236698+00:00,1,BOTH,707.5,67.5,561.5,18361,1.1642833269434049e-05,0.002223617359710242,3.184
2026-07-28T08:12:21.186685+00:00,1,BOTH,708.0,68.0,561.6,17514,3.3920161877176722e-06,0.0006478273719875928,3.186
2026-07-28T08:12:21.153430+00:00,1,BOTH,707.5,67.5,561.6,18051,-5.380694507039152e-05,-0.01027636953675228,3.177
2026-07-28T08:12:21.437938+00:00,1,BOTH,707.5,67.5,561.6,17966,0.00040149277599994094,0.07667947189929322,3.172
2026-07-28T08:12:21.520019+00:00,1,BOTH,707.5,67.5,561.5,18164,0.00944805160339456,1.8044449383210623,3.169
2026-07-28T08:12:21.603533+00:00,1,BOTH,708.0,68.0,561.6,17743,2.4541103630326686e-05,0.00468700554203634,3.176
2026-07-28T08:12:21.336537+00:00,1,BOTH,707.5,67.5,561.6,18433,-1.897322144941427e-05,-0.0036236183760617476,3.171
2026-07-28T08:12:21.669964+00:00,1,BOTH,707.5,67.5,561.6,18180,-0.00865981316761463,-1.6539024862537828,3.168
2026-07-28T08:12:21.686572+00:00,1,BOTH,708.0,68.0,561.7,17716,0.006927781109407078,1.3231087298649493,3.176
2026-07-28T08:12:21.819991+00:00,1,BOTH,707.5,67.5,561.6,18026,4.120572739338968e-06,0.0007869714238026104,3.171
2026-07-28T08:12:21.753327+00:00,1,BOTH,708.0,68.0,561.7,17847,-2.538710046792403e-05,-0.004848579036288814,3.178
2026-07-28T08:12:21.720101+00:00,1,BOTH,707.5,67.5,561.7,18024,2.757646165264305e-05,0.0052667162220026865,3.172
2026-07-28T08:12:22.053250+00:00,1,BOTH,707.5,67.5,561.6,17813,-9.039649817168537e-06,-0.0017264459426665447,3.169
2026-07-28T08:12:22.119893+00:00,1,BOTH,707.0,67.0,561.5,18972,-1.9071134738624095e-05,-0.003642318436828303,3.158
2026-07-28T08:12:22.136454+00:00,1,BOTH,707.5,67.5,561.5,17866,0.001577111593214795,0.3012061270412029,3.16
2026-07-28T08:12:22.036536+00:00,1,BOTH,707.5,67.5,561.5,17934,0.016404215175425632,3.132974319254487,3.162
2026-07-28T08:12:22.369695+00:00,1,BOTH,707.5,67.5,561.5,17904,0.016404215175425632,3.132974319254487,3.163
2026-07-28T08:12:22.303156+00:00,1,BOTH,707.5,67.5,561.5,17796,0.016404215175425632,3.132974319254487,3.163
2026-07-28T08:12:22.419656+00:00,1,BOTH,707.5,67.5,561.5,18016,0.016404215175425632,3.132974319254487,3.164
2026-07-28T08:12:22.453053+00:00,1,BOTH,707.5,67.5,561.5,17711,0.016404215175425632,3.132974319254487,3.164
2026-07-28T08:12:22.536516+00:00,1,BOTH,708.0,68.0,561.6,17251,0.005848304000683129,1.1169437884953928,3.173
2026-07-28T08:12:22.569702+00:00,1,BOTH,708.0,68.0,561.7,17506,-0.003584260287170764,-0.684543290437444,3.179
2026-07-28T08:12:22.619654+00:00,1,BOTH,708.0,68.0,561.7,17763,0.0011477304990694392,0.2192003787170751,3.182
2026-07-28T08:12:22.719765+00:00,1,BOTH,707.5,67.5,561.7,17844,0.004645736439852044,0.8872703024455159,3.175
2026-07-28T08:12:22.753163+00:00,1,BOTH,707.5,67.5,561.7,17802,-0.001611947693163529,-0.3078593320470641,3.171
2026-07-28T08:12:22.870893+00:00,1,BOTH,708.0,68.0,561.7,17464,0.00821929226978682,1.5697691921442918,3.177
2026-07-28T08:12:22.886801+00:00,1,BOTH,708.0,68.0,561.8,17336,0.00821929226978682,1.5697691921442918,3.181
2026-07-28T08:12:22.936469+00:00,1,BOTH,708.0,68.0,561.8,17593,0.00821929226978682,1.5697691921442918,3.184
2026-07-28T08:12:23.053959+00:00,1,BOTH,708.0,68.0,561.9,17730,0.00821929226978682,1.5697691921442918,3.185
2026-07-28T08:12:22.969669+00:00,1,BOTH,708.0,68.0,561.9,17651,0.00821929226978682,1.5697691921442918,3.186
2026-07-28T08:12:23.102988+00:00,1,BOTH,708.0,68.0,561.9,17675,0.004598783932160586,0.878303034017929,3.187
2026-07-28T08:12:23.136429+00:00,1,BOTH,708.0,68.0,561.9,17510,-5.871086614206433e-05,-0.01121294947165936,3.187
2026-07-28T08:12:23.203078+00:00,1,BOTH,707.5,67.5,561.8,17968,0.007565198671654798,1.444846516879322,3.178
2026-07-28T08:12:23.386310+00:00,1,BOTH,708.0,68.0,561.9,17506,-6.125943968072534e-05,-0.011699691163472685,3.182
2026-07-28T08:12:23.402991+00:00,1,BOTH,708.0,68.0,561.9,17242,-0.001476465740124695,-0.28198418501601474,3.184
2026-07-28T08:12:23.519717+00:00,1,BOTH,708.0,68.0,561.9,17727,-0.0016404780035372823,-0.31330821995577873,3.185
2026-07-28T08:12:23.652929+00:00,1,BOTH,708.0,68.0,561.9,17746,-0.001405768888507737,-0.268482080940967,3.186
2026-07-28T08:12:23.686389+00:00,1,BOTH,707.75,67.75,561.9,17741,-2.616633108118549e-05,-0.004997401120979723,3.182
2026-07-28T08:12:23.769661+00:00,1,BOTH,708.0,68.0,561.9,17503,6.223254633368924e-05,0.01188554084424246,3.184
2026-07-28T08:12:23.903169+00:00,1,BOTH,708.0,68.0,561.9,17619,0.00108828803000506,0.20784770337965547,3.186
2026-07-28T08:12:23.919473+00:00,1,BOTH,708.0,68.0,561.9,17712,0.001556452448712662,0.2972605210801258,3.186
2026-07-28T08:12:24.003162+00:00,1,BOTH,708.0,68.0,562.0,17723,0.002747759974299697,0.5247834988078273,3.187
2026-07-28T08:12:24.152989+00:00,1,BOTH,708.0,68.0,562.0,17152,-0.0019526144197152462,-0.3729218842202331,3.187
2026-07-28T08:12:24.169533+00:00,1,BOTH,707.5,67.5,561.9,17936,-1.3181391841499134e-06,-0.0002517460402086922,3.178
2026-07-28T08:12:24.286281+00:00,1,BOTH,707.75,67.75,561.8,17770,-0.0016876802034676076,-0.3223231760882465,3.177
2026-07-28T08:12:24.386261+00:00,1,BOTH,708.0,68.0,561.9,17679,0.011184491680469364,2.1360805643002543,3.181
2026-07-28T08:12:24.436151+00:00,1,BOTH,708.0,68.0,561.9,17474,-3.118602118775016e-05,-0.005956091312878823,3.184
2026-07-28T08:12:24.452902+00:00,1,BOTH,708.0,68.0,561.9,17347,1.0995533375535158e-05,0.0020999921863780005,3.185
2026-07-28T08:12:24.519534+00:00,1,BOTH,707.5,67.5,561.8,17823,1.574226189404726e-06,0.0003006550555061765,3.177
2026-07-28T08:12:24.652845+00:00,1,BOTH,707.5,67.5,561.8,17783,-6.539610272739083e-05,-0.012489735609611554,3.172
2026-07-28T08:12:24.769472+00:00,1,BOTH,707.5,67.5,561.7,17812,7.489549170713877e-07,0.0001430398526458703,3.169
2026-07-28T08:12:24.786229+00:00,1,BOTH,708.0,68.0,561.8,17503,6.762327393516898e-06,0.0012915093977807362,3.176
2026-07-28T08:12:24.902678+00:00,1,BOTH,708.0,68.0,561.8,17448,-3.3093932142946865e-05,-0.006320475464277306,3.181
2026-07-28T08:12:24.936218+00:00,1,BOTH,707.75,67.75,561.9,17673,-0.0002718227157583897,-0.051914314629133144,3.179
2026-07-28T08:12:25.086144+00:00,1,BOTH,707.5,67.5,561.8,18196,-0.0058291617711074654,-1.1132878919448725,3.173
2026-07-28T08:12:25.102796+00:00,1,BOTH,707.5,67.5,561.8,17976,0.0071715776322525925,1.369670435928325,3.169
2026-07-28T08:12:25.136121+00:00,1,BOTH,708.0,68.0,561.8,17736,-1.1749661061912776e-05,-0.0022440199651893437,3.177
2026-07-28T08:12:25.186086+00:00,1,BOTH,707.5,67.5,561.7,17711,3.0043884180486202e-06,0.0005737959212405732,3.172
2026-07-28T08:12:25.219386+00:00,1,BOTH,707.5,67.5,561.7,17860,-3.729001764440909e-05,-0.007121868763310042,3.169
2026-07-28T08:12:25.302748+00:00,1,BOTH,707.5,67.5,561.9,17551,0.004251703149930108,0.8120154874449103,3.167
2026-07-28T08:12:25.319348+00:00,1,BOTH,707.5,67.5,561.8,18020,-0.000435715672592778,-0.08321556369090059,3.166
2026-07-28T08:12:25.402763+00:00,1,BOTH,707.5,67.5,561.7,18148,0.003994332039146684,0.7628612260566298,3.165
2026-07-28T08:12:25.535915+00:00,1,BOTH,708.0,68.0,561.8,17626,0.003994332039146684,0.7628612260566298,3.174
2026-07-28T08:12:25.552719+00:00,1,BOTH,707.5,67.5,561.7,18341,0.002417483608587645,0.4617053593804277,3.17
2026-07-28T08:12:25.636068+00:00,1,BOTH,708.0,68.0,561.8,17696,-0.004520600806063158,-0.8633711568361897,3.177
2026-07-28T08:12:25.686081+00:00,1,BOTH,707.5,67.5,561.7,17918,-0.00019159241899615153,-0.03659145665060528,3.172
2026-07-28T08:12:25.719438+00:00,1,BOTH,707.0,67.0,561.8,17960,-0.003831106044963235,-0.7316873574781678,3.159
2026-07-28T08:12:25.819309+00:00,1,BOTH,707.5,67.5,561.7,17776,0.004353842033597175,0.8315225773059123,3.161
2026-07-28T08:12:25.852491+00:00,1,BOTH,708.0,68.0,561.8,17131,-0.0007790601674605569,-0.14878953194081684,3.172
2026-07-28T08:12:25.652688+00:00,1,BOTH,707.5,67.5,561.7,17909,2.2804451000411063e-05,0.004355329321454806,3.169
2026-07-28T08:12:26.069351+00:00,1,BOTH,707.5,67.5,561.7,18245,4.918143240502104e-05,0.009392961690718826,3.167
2026-07-28T08:12:25.969328+00:00,1,BOTH,707.5,67.5,561.6,18114,-2.0781405328307298e-05,-0.00396895605887563,3.166
2026-07-28T08:12:25.952613+00:00,1,BOTH,708.0,68.0,561.7,17497,-2.1460422649397513e-05,-0.004098638814591459,3.174
2026-07-28T08:12:26.219158+00:00,1,BOTH,707.0,67.0,561.8,18260,-0.00818999424984213,-1.5641736825078891,3.161
2026-07-28T08:12:26.335932+00:00,1,BOTH,707.5,67.5,561.7,18207,0.0028691490552591858,0.5479671055343291,3.162
2026-07-28T08:12:26.352661+00:00,1,BOTH,707.0,67.0,561.8,17640,-0.0015683795856239159,-0.29953843643575767,3.154
2026-07-28T08:12:26.452623+00:00,1,BOTH,707.5,67.5,561.7,17848,-9.306583160650915e-06,-0.0017774264559760654,3.158
2026-07-28T08:12:26.469114+00:00,1,BOTH,708.0,68.0,561.8,17612,-0.0044510555546730755,-0.8500889922034296,3.17
2026-07-28T08:12:26.519115+00:00,1,BOTH,707.5,67.5,561.7,17945,-0.0019691816468548496,-0.37608599153134603,3.167
2026-07-28T08:12:26.602419+00:00,1,BOTH,707.5,67.5,561.7,17854,-0.0018729660304961726,-0.3577101623960058,3.166
2026-07-28T08:12:26.652489+00:00,1,BOTH,707.0,67.0,561.7,17977,0.015806302822311408,3.018781471413884,3.156
2026-07-28T08:12:26.702629+00:00,1,BOTH,707.5,67.5,561.9,17433,-3.1592996092513206e-05,-0.006033817794247694,3.159
2026-07-28T08:12:26.802572+00:00,1,BOTH,707.5,67.5,561.8,18488,-0.0025266640324844046,-0.48255728436287304,3.161
2026-07-28T08:12:26.819140+00:00,1,BOTH,707.75,67.75,561.9,17549,-7.966793651576153e-05,-0.015215455082897709,3.167
2026-07-28T08:12:26.935903+00:00,1,BOTH,708.0,68.0,561.9,17658,-3.9844420098233964e-05,-0.007609723695916797,3.175
2026-07-28T08:12:26.852539+00:00,1,BOTH,707.5,67.5,562.0,17706,-9.306751890107988e-06,-0.0017774586809286314,3.171
2026-07-28T08:12:26.952561+00:00,1,BOTH,707.5,67.5,561.9,18196,2.286862669279799e-05,0.004367585975858476,3.168
2026-07-28T08:12:27.035914+00:00,1,BOTH,707.0,67.0,561.9,17907,0.024340863310499117,4.6487624579881075,3.157
2026-07-28T08:12:27.185786+00:00,1,BOTH,707.5,67.5,561.9,17952,-5.051472471677698e-06,-0.000964760176512168,3.16
2026-07-28T08:12:27.202336+00:00,1,BOTH,708.0,68.0,561.9,17625,0.0,0.0,3.171
2026-07-28T08:12:27.285895+00:00,1,BOTH,708.0,68.0,561.9,17571,0.0626688529207604,11.968869264285576,3.178
2026-07-28T08:12:27.335576+00:00,1,RIGHT,321.09,-318.91,561.9,15679,-3.863276906486135e-06,-0.0007378315394400412,-0.822
2026-07-28T08:12:27.302326+00:00,1,BOTH,707.5,67.5,562.0,17802,1.0481282224645838e-05,0.002001777451192323,0.772
2026-07-28T08:12:27.435762+00:00,1,BOTH,708.0,68.0,562.0,17636,1.5180557820713147e-05,0.0028992729792705935,1.738
2026-07-28T08:12:27.485752+00:00,1,BOTH,707.5,67.5,561.9,17986,0.0048658724402775985,0.9293131815897637,2.309
2026-07-28T08:12:27.585767+00:00,1,BOTH,708.0,68.0,561.9,17635,-1.9511437858454885e-06,-0.00037264101384041276,2.66
2026-07-28T08:12:27.635765+00:00,1,BOTH,708.0,68.0,561.9,17398,0.013061150181747506,2.4944959366688675,2.871
2026-07-28T08:12:27.652530+00:00,1,BOTH,707.5,67.5,561.9,17763,-0.0011673466578213266,-0.22294678907288096,2.988
2026-07-28T08:12:27.785601+00:00,1,BOTH,708.0,68.0,561.9,17638,-1.1879499579663387e-05,-0.002268817295473825,3.068
2026-07-28T08:12:27.852344+00:00,1,BOTH,707.5,67.5,561.8,18078,2.1101236925460398e-05,0.0040300393944483,3.106
2026-07-28T08:12:27.885717+00:00,1,BOTH,707.5,67.5,561.7,17845,2.483344171196222e-05,0.004742838002931897,3.129
2026-07-28T08:12:27.952353+00:00,1,BOTH,708.0,68.0,561.8,17468,-1.878266368294135e-05,-0.0035872245234872878,3.153
2026-07-28T08:12:28.035599+00:00,1,BOTH,708.0,68.0,561.8,17718,0.10071936174761503,19.23598114463243,3.167
2026-07-28T08:12:28.085492+00:00,1,BOTH,707.5,67.5,561.8,18089,4.959291891282191e-06,0.0009471549824797383,3.166
2026-07-28T08:12:28.118845+00:00,1,RIGHT,322.23,-317.77,561.8,15604,0.005900279944034992,1.1268704624629686,-0.834
2026-07-28T08:12:28.285618+00:00,1,BOTH,708.0,68.0,561.8,17641,2.578873245511204e-05,0.004925285095566565,0.774
2026-07-28T08:12:28.302546+00:00,1,BOTH,708.0,68.0,561.9,17342,-3.0930968932807446e-05,-0.005907379920333782,1.74
2026-07-28T08:12:28.335650+00:00,1,BOTH,707.5,67.5,561.8,17941,-3.0930968932807446e-05,-0.005907379920333782,2.309
2026-07-28T08:12:28.352343+00:00,1,BOTH,708.0,68.0,561.8,17491,-3.0930968932807446e-05,-0.005907379920333782,2.661
2026-07-28T08:12:28.535576+00:00,1,BOTH,707.0,67.0,561.7,18623,-3.0930968932807446e-05,-0.005907379920333782,2.853
2026-07-28T08:12:28.552322+00:00,1,BOTH,707.5,67.5,561.6,18261,3.183704393450171e-05,0.00608042749873175,2.977
2026-07-28T08:12:28.619034+00:00,1,BOTH,708.0,68.0,561.7,17669,-0.002014077458770771,-0.3846604599999975,3.061
2026-07-28T08:12:28.702276+00:00,1,BOTH,707.5,67.5,561.7,18024,-0.002014077458770771,-0.3846604599999975,3.102
2026-07-28T08:12:28.718777+00:00,1,BOTH,707.5,67.5,561.6,18139,-0.002014077458770771,-0.3846604599999975,3.127
2026-07-28T08:12:28.785515+00:00,1,BOTH,708.0,68.0,561.7,17340,-0.002014077458770771,-0.3846604599999975,3.151
2026-07-28T08:12:28.851974+00:00,1,RIGHT,320.3,-319.7,561.7,15711,0.02054523117360077,3.9238501178931178,-0.849
2026-07-28T08:12:28.952700+00:00,1,BOTH,708.0,68.0,561.8,17299,0.005894599430903326,1.125785564369925,0.766
2026-07-28T08:12:29.002416+00:00,1,BOTH,708.0,68.0,561.8,17748,0.0016091088445682545,0.3073171519031112,1.734
2026-07-28T08:12:29.068991+00:00,1,BOTH,708.0,68.0,561.8,17748,-0.0013342812711198348,-0.2548289517283909,2.316
2026-07-28T08:12:29.085439+00:00,1,BOTH,707.0,67.0,561.9,17862,0.0007693470213052933,0.14693445767251578,2.646
2026-07-28T08:12:29.119820+00:00,1,BOTH,708.0,68.0,561.9,17798,-3.8322143591358323e-05,-0.007318990298930491,2.862
2026-07-28T08:12:29.302137+00:00,1,BOTH,707.5,67.5,561.8,18479,-3.746361209778115e-05,-0.007155022861727041,2.983
2026-07-28T08:12:29.318890+00:00,1,BOTH,707.5,67.5,561.8,18135,-0.0015486102898648823,-0.29576277906596266,3.055
2026-07-28T08:12:29.385530+00:00,1,BOTH,708.0,68.0,561.8,17448,0.003885749632172519,0.7421235138933246,3.108
2026-07-28T08:12:29.418713+00:00,1,BOTH,708.0,68.0,561.8,17284,0.0013007903221296147,0.24843265163163245,3.14
2026-07-28T08:12:29.518741+00:00,1,BOTH,707.5,67.5,561.8,17977,0.0013007903221296147,0.24843265163163245,3.15
2026-07-28T08:12:29.602078+00:00,1,BOTH,708.0,68.0,561.8,17856,0.0013007903221296147,0.24843265163163245,3.165
2026-07-28T08:12:29.652098+00:00,1,BOTH,707.5,67.5,561.8,18138,0.0013007903221296147,0.24843265163163245,3.164
2026-07-28T08:12:29.718732+00:00,1,BOTH,708.0,68.0,561.8,17658,0.0013007903221296147,0.24843265163163245,3.174
2026-07-28T08:12:29.752112+00:00,1,BOTH,707.5,67.5,561.7,18210,0.0037276187903626124,0.7119227477381297,3.17
2026-07-28T08:12:29.868674+00:00,1,BOTH,707.5,67.5,561.7,18205,0.006194881268311292,1.1831351708629585,3.168
2026-07-28T08:12:29.885411+00:00,1,BOTH,707.5,67.5,561.7,18325,-0.0024601118628174846,-0.4698467562316961,3.166
2026-07-28T08:12:30.068647+00:00,1,BOTH,707.0,67.0,561.7,18099,0.003749011973850429,0.7160085448187992,3.156
2026-07-28T08:12:30.135286+00:00,1,BOTH,708.0,68.0,561.8,17270,-2.102875158016104e-05,-0.004016195713240962,3.169
2026-07-28T08:12:30.152061+00:00,1,BOTH,707.5,67.5,561.7,18140,-2.102875158016104e-05,-0.004016195713240962,3.167
2026-07-28T08:12:30.168738+00:00,1,BOTH,707.5,67.5,561.9,17432,-2.102875158016104e-05,-0.004016195713240962,3.166
2026-07-28T08:12:30.235380+00:00,1,BOTH,708.0,68.0,561.9,17378,-0.0051494182056922,-0.9834664337799741,3.174
2026-07-28T08:12:30.251940+00:00,1,BOTH,707.5,67.5,562.0,17428,0.002538061725499574,0.4847340833827229,3.17
2026-07-28T08:12:30.401946+00:00,1,BOTH,707.5,67.5,561.9,17827,1.0051194112747907e-05,0.0019196366724239836,3.168
2026-07-28T08:12:30.421130+00:00,1,BOTH,707.0,67.0,561.9,17812,0.00042625544490874743,0.08140879329247468,3.157
2026-07-28T08:12:30.501841+00:00,1,BOTH,707.5,67.5,561.8,17914,-0.005979758299981768,-1.1420497103242644,3.16
2026-07-28T08:12:30.518624+00:00,1,BOTH,707.5,67.5,561.8,18473,-0.001982955293460691,-0.37871656426141065,3.161
2026-07-28T08:12:30.618688+00:00,1,BOTH,708.0,68.0,561.8,17567,-5.2582470598281364e-05,-0.010042512138840878,3.172
2026-07-28T08:12:30.801873+00:00,1,BOTH,707.5,67.5,561.8,18030,-4.9908685614354905e-05,-0.00953185682249274,3.169
2026-07-28T08:12:30.818665+00:00,1,BOTH,707.5,67.5,561.7,18242,-1.910026185214519e-06,-0.0003647881305742161,3.167
2026-07-28T08:12:30.868455+00:00,1,BOTH,707.0,67.0,561.8,17941,6.672035960946231e-06,0.001274265004405772,3.156
2026-07-28T08:12:30.935197+00:00,1,BOTH,708.0,68.0,561.8,17570,-2.533236205636058e-05,-0.004838124769756028,3.169
2026-07-28T08:12:30.952014+00:00,1,BOTH,707.5,67.5,561.7,17877,0.0029448118261643686,0.5624176303314365,3.167
2026-07-28T08:12:31.085047+00:00,1,BOTH,708.0,68.0,561.8,17815,-4.6911022800486534e-05,-0.008959345397032846,3.175
2026-07-28T08:12:31.168477+00:00,1,BOTH,708.0,68.0,561.8,17773,-1.4882898758514784e-05,-0.0028424242859446326,3.18
2026-07-28T08:12:31.185148+00:00,1,BOTH,707.0,67.0,561.9,18062,-8.37280214909697e-06,-0.0015990874194710728,3.164
2026-07-28T08:12:31.201908+00:00,1,BOTH,707.5,67.5,561.8,18182,0.002992752397840377,0.5715736050797022,3.164
2026-07-28T08:12:31.268388+00:00,1,BOTH,707.5,67.5,561.7,17926,-0.0006981114170048386,-0.133329459414249,3.164
2026-07-28T08:12:31.368509+00:00,1,BOTH,708.0,68.0,561.8,17436,-0.0010242544021457434,-0.1956181813021549,3.173
2026-07-28T08:12:31.385602+00:00,1,BOTH,707.5,67.5,561.7,18055,-4.2280418565496806e-05,-0.008074965132831792,3.17
2026-07-28T08:12:31.251964+00:00,1,BOTH,708.0,68.0,561.8,17552,4.284010006813332e-05,0.008181856426073832,3.177
2026-07-28T08:12:31.235187+00:00,1,BOTH,708.0,68.0,561.8,17792,4.7584967105649405e-05,0.009088059278075211,3.181
2026-07-28T08:12:31.551814+00:00,1,BOTH,707.5,67.5,561.8,18045,4.364778287708759e-05,0.008336112479868336,3.174
2026-07-28T08:12:31.718424+00:00,1,BOTH,707.5,67.5,561.7,17982,-8.44404730014503e-05,-0.016126942410238255,3.17
2026-07-28T08:12:31.735204+00:00,1,BOTH,708.0,68.0,561.8,17596,-2.4802011321298775e-05,-0.00473683524048702,3.177
2026-07-28T08:12:31.785216+00:00,1,BOTH,707.5,67.5,561.9,17468,0.005434670183458366,1.037945548525844,3.172
2026-07-28T08:12:31.901665+00:00,1,BOTH,707.5,67.5,561.8,17961,-3.196927718818187e-06,-0.0006105682189888937,3.169
2026-07-28T08:12:31.918422+00:00,1,BOTH,707.5,67.5,561.8,18046,4.1629693005234e-05,0.007950685705417309,3.167
2026-07-28T08:12:32.051740+00:00,1,BOTH,707.5,67.5,561.7,17896,-8.180213626474142e-06,-0.0015623057210412466,3.166
2026-07-28T08:12:32.118348+00:00,1,BOTH,708.0,68.0,561.8,17163,0.00750091333698947,1.4325689223429574,3.174
2026-07-28T08:12:32.135101+00:00,1,BOTH,708.0,68.0,561.8,17755,0.0012885657764854842,0.2460979353920534,3.18
2026-07-28T08:12:32.351665+00:00,1,BOTH,708.0,68.0,561.9,17579,-9.861474012723192e-05,-0.018834028023565975,3.183
2026-07-28T08:12:32.385029+00:00,1,BOTH,707.5,67.5,561.8,18203,5.004653387004509e-05,0.009558183900040366,3.175
2026-07-28T08:12:32.418479+00:00,1,BOTH,707.5,67.5,561.7,18258,-2.2204848937690266e-06,-0.00042408137628506727,3.171
2026-07-28T08:12:32.451482+00:00,1,BOTH,707.0,67.0,561.6,18527,0.005421056392369792,1.0353455059506838,3.159
2026-07-28T08:12:32.484938+00:00,1,BOTH,707.5,67.5,561.6,17811,-2.902976317272987e-05,-0.0055442763668724256,3.161
2026-07-28T08:12:32.518370+00:00,1,BOTH,707.5,67.5,561.6,17932,0.0024909535056576713,0.47573707612500465,3.162
2026-07-28T08:12:32.634866+00:00,1,BOTH,707.5,67.5,561.5,18122,0.0,0.0,3.163
2026-07-28T08:12:32.684874+00:00,1,BOTH,708.0,68.0,561.6,17318,0.0,0.0,3.173
2026-07-28T08:12:32.718326+00:00,1,BOTH,707.5,67.5,561.6,17792,0.0,0.0,3.169
2026-07-28T08:12:32.934917+00:00,1,BOTH,707.5,67.5,561.6,17956,0.0,0.0,3.167
2026-07-28T08:12:32.951568+00:00,1,BOTH,707.5,67.5,561.6,18371,0.0,0.0,3.166
2026-07-28T08:12:32.984939+00:00,1,BOTH,707.5,67.5,561.6,17909,0.0034134177814121357,0.6519147752994146,3.165
2026-07-28T08:12:33.001641+00:00,1,BOTH,707.5,67.5,561.5,17979,-5.650213686749339e-05,-0.01079111325325967,3.165
2026-07-28T08:12:33.101497+00:00,1,BOTH,707.5,67.5,561.5,17897,-2.212376799434423e-05,-0.004225328443341781,3.164
2026-07-28T08:12:33.118269+00:00,1,BOTH,707.5,67.5,561.5,17945,8.783006705925798e-07,0.00016774307189488266,3.164
2026-07-28T08:12:33.151487+00:00,1,BOTH,707.5,67.5,561.5,18106,-8.270633406937122e-06,-0.0015795746270580073,3.164
2026-07-28T08:12:33.251652+00:00,1,BOTH,707.5,67.5,561.7,17649,-0.00047218748506566043,-0.09018116677719645,3.164
2026-07-28T08:12:33.334830+00:00,1,BOTH,707.5,67.5,561.7,17937,-0.002954167527932441,-0.5642044377504154,3.164
2026-07-28T08:12:33.468206+00:00,1,BOTH,707.5,67.5,561.8,17656,-1.662218797719106e-05,-0.0031746040578871566,3.164
2026-07-28T08:12:33.518195+00:00,1,BOTH,707.5,67.5,561.8,18025,-3.509619244141504e-05,-0.006702879012906742,3.164
2026-07-28T08:12:33.534823+00:00,1,BOTH,708.0,68.0,561.8,17777,-3.2781872141640633e-06,-0.0006260876394178325,3.173
2026-07-28T08:12:33.651528+00:00,1,BOTH,707.5,67.5,561.8,18210,-0.009131398409954273,-1.743968633142835,3.17
2026-07-28T08:12:33.684776+00:00,1,BOTH,708.0,68.0,561.8,17690,-0.003655136964371195,-0.6980797386690968,3.177
2026-07-28T08:12:33.701565+00:00,1,BOTH,708.0,68.0,561.8,17481,-3.843739541480318e-05,-0.007341001775812415,3.181
2026-07-28T08:12:33.734765+00:00,1,BOTH,708.5,68.5,562.0,17138,-0.002182136508927215,-0.4167573742764697,3.193
2026-07-28T08:12:33.834897+00:00,1,BOTH,707.5,67.5,562.1,17825,-0.0081076194533307,-1.5484412552467093,3.181
2026-07-28T08:12:33.984904+00:00,1,BOTH,708.0,68.0,562.1,17613,-2.3350277806457595e-05,-0.004459574562560046,3.184
2026-07-28T08:12:34.018111+00:00,1,BOTH,707.5,67.5,562.0,18087,-0.012600348658452276,-2.406489328408814,3.176
2026-07-28T08:12:34.001396+00:00,1,BOTH,708.0,68.0,562.0,17643,-0.002070314184529707,-0.39540088346540303,3.181
2026-07-28T08:12:34.118281+00:00,1,BOTH,707.5,67.5,561.9,18258,-0.010995863377902424,-2.1000552121875797,3.174
2026-07-28T08:12:34.284796+00:00,1,BOTH,707.5,67.5,561.8,18159,7.782843313179909e-06,0.001486413581522744,3.17
2026-07-28T08:12:34.217914+00:00,1,BOTH,707.5,67.5,561.7,18034,-0.002341568586125504,-0.44720665808468935,3.168
2026-07-28T08:12:34.184831+00:00,1,BOTH,707.0,67.0,561.8,18010,0.00981594141194364,1.8747067161735227,3.157
2026-07-28T08:12:34.501361+00:00,1,BOTH,708.5,68.5,561.9,17067,0.0005259460901288548,0.1004483040526353,3.178
2026-07-28T08:12:34.535018+00:00,1,BOTH,707.5,67.5,562.0,17282,0.008986049531958997,1.7162090422558645,3.173
2026-07-28T08:12:34.551325+00:00,1,BOTH,707.5,67.5,561.9,18067,3.866450351779349e-05,0.007384376228460971,3.169
2026-07-28T08:12:34.634725+00:00,1,BOTH,708.0,68.0,561.9,17604,0.001835356545925606,0.3505272799441529,3.177
2026-07-28T08:12:34.601364+00:00,1,BOTH,707.5,67.5,561.9,17728,6.390461116097867e-05,0.01220488170316231,3.172
2026-07-28T08:12:34.751342+00:00,1,BOTH,707.5,67.5,561.8,17703,-0.015442745451291557,-2.94934712817952,3.169
2026-07-28T08:12:34.918086+00:00,1,BOTH,708.0,68.0,561.8,17640,0.0008281083195470273,0.15815703896571864,3.176
2026-07-28T08:12:34.934486+00:00,1,BOTH,708.0,68.0,561.9,17521,0.0008281083195470273,0.15815703896571864,3.181
2026-07-28T08:12:35.001322+00:00,1,BOTH,708.0,68.0,561.9,17791,-1.6827186627779155e-05,-0.0032137559161690725,3.183
2026-07-28T08:12:35.118016+00:00,1,BOTH,708.0,68.0,561.9,17382,4.925664296024478e-05,0.009407325848682679,3.185
2026-07-28T08:12:34.984618+00:00,1,BOTH,708.0,68.0,561.9,17617,0.006361977922861115,1.2150482811178265,3.186
2026-07-28T08:12:35.267881+00:00,1,BOTH,708.0,68.0,561.9,17190,-1.0894523584283888e-05,-0.0020807007372840164,3.187
2026-07-28T08:12:35.284576+00:00,1,BOTH,708.0,68.0,562.0,17720,-0.00453869190721889,-0.8668263026460821,3.187
2026-07-28T08:12:35.301196+00:00,1,BOTH,707.5,67.5,561.9,17873,-0.0018852058026823215,-0.36004778669089893,3.178
2026-07-28T08:12:35.151278+00:00,1,BOTH,708.0,68.0,561.9,17311,0.0023430586891481655,0.4474912467988166,3.182
2026-07-28T08:12:35.467881+00:00,1,BOTH,707.5,67.5,562.0,17529,1.2660589272854847e-05,0.0024179944382772887,3.175
2026-07-28T08:12:35.517802+00:00,1,BOTH,707.5,67.5,561.9,18102,-0.005523823638504836,-1.0549726042030843,3.17
2026-07-28T08:12:35.551423+00:00,1,BOTH,708.0,68.0,561.9,17791,-0.0005893951860161906,-0.11256618874685266,3.177
2026-07-28T08:12:35.667910+00:00,1,BOTH,707.5,67.5,561.8,18440,5.42466230399441e-06,0.0010360341843419763,3.172
2026-07-28T08:12:35.767841+00:00,1,BOTH,708.0,68.0,561.9,17465,-2.0879721560049803e-05,-0.003987733075997217,3.178
2026-07-28T08:12:35.734351+00:00,1,BOTH,707.5,67.5,561.8,18038,0.0018103159614111064,0.34574488058008135,3.173
2026-07-28T08:12:35.817821+00:00,1,BOTH,708.0,68.0,561.8,17571,-0.0027130068872065747,-0.5181461480895391,3.179
2026-07-28T08:12:35.851031+00:00,1,RIGHT,320.16,-319.84,561.8,15774,0.0012386833564960397,0.23657109493440615,-0.821
2026-07-28T08:12:35.984436+00:00,1,BOTH,707.5,67.5,561.8,17840,-2.4672366853337737e-05,-0.004712074970982399,0.773
2026-07-28T08:12:35.951164+00:00,1,BOTH,708.0,68.0,561.8,17565,4.5934838126413525e-05,0.008772907857533723,1.739
2026-07-28T08:12:36.117771+00:00,1,BOTH,707.5,67.5,561.8,17883,0.005130707997013814,0.979893047143039,2.309
2026-07-28T08:12:36.167768+00:00,1,BOTH,708.0,68.0,561.8,17338,0.005807489598482789,1.109148811863963,2.66
2026-07-28T08:12:36.184388+00:00,1,BOTH,707.5,67.5,561.7,18295,-0.004902979045582469,-0.9364000211765199,2.862
2026-07-28T08:12:36.234420+00:00,1,BOTH,707.5,67.5,561.7,18020,4.20019643206615e-05,0.008021784289443239,2.983
2026-07-28T08:12:36.217802+00:00,1,BOTH,707.0,67.0,561.6,18599,0.009895672216662205,1.8899341781987076,3.046
2026-07-28T08:12:36.334478+00:00,1,BOTH,707.5,67.5,561.5,18002,3.223848252673633e-06,0.000615709662229414,3.093
2026-07-28T08:12:36.434493+00:00,1,BOTH,708.0,68.0,561.6,17573,3.4544603404356164e-05,0.006597533266742879,3.131
2026-07-28T08:12:36.551034+00:00,1,BOTH,708.0,68.0,561.7,17655,0.0007571542216464877,0.14460580446952206,3.154
2026-07-28T08:12:36.584444+00:00,1,BOTH,708.0,68.0,561.8,17408,-0.0038349923654459415,-0.7324295900164823,3.167
2026-07-28T08:12:36.484458+00:00,1,BOTH,707.5,67.5,561.7,18087,-0.006592412023455836,-1.2590579525177281,3.166
2026-07-28T08:12:36.817819+00:00,1,BOTH,708.0,68.0,561.8,17748,0.0022331490711076183,0.42650005599342233,3.175
2026-07-28T08:12:36.651127+00:00,1,BOTH,707.5,67.5,561.7,18444,-3.544842184055601e-07,-6.77014987287743e-05,3.17
2026-07-28T08:12:36.951009+00:00,1,BOTH,708.0,68.0,561.8,17639,1.6464655345771462e-05,0.0031445175415007126,3.177
2026-07-28T08:12:36.901010+00:00,1,BOTH,708.0,68.0,561.8,17728,-7.541267958004027e-05,-0.014402760872362377,3.181
2026-07-28T08:12:37.034285+00:00,1,BOTH,708.0,68.0,561.9,17260,0.0027735826032585465,0.5297152576587418,3.184
2026-07-28T08:12:37.168024+00:00,1,BOTH,707.5,67.5,561.8,18451,0.009939982627838618,1.8983968433617002,3.176
2026-07-28T08:12:37.200931+00:00,1,BOTH,708.0,68.0,561.8,17575,0.0008330741748795845,0.1591054474731455,3.181
2026-07-28T08:12:37.234288+00:00,1,BOTH,707.5,67.5,561.8,18269,0.001811882967449492,0.34604415668831806,3.174
2026-07-28T08:12:37.284185+00:00,1,BOTH,708.0,68.0,561.8,17173,-0.0017142979733762332,-0.3274067956742951,3.179
2026-07-28T08:12:37.350890+00:00,1,BOTH,707.5,67.5,561.7,17792,0.013513528739858885,2.5808938770755194,3.173
2026-07-28T08:12:37.484169+00:00,1,BOTH,707.0,67.0,561.6,18871,-0.0036815870454302057,-0.7031313320439642,3.16
2026-07-28T08:12:37.500909+00:00,1,BOTH,707.5,67.5,561.6,17957,-0.0043440961022861305,-0.8296612415340882,3.162
2026-07-28T08:12:37.600829+00:00,1,BOTH,708.0,68.0,561.7,17853,0.008934308104217052,1.706327157470549,3.172
2026-07-28T08:12:37.667584+00:00,1,BOTH,708.0,68.0,561.7,17610,0.008934308104217052,1.706327157470549,3.178
2026-07-28T08:12:37.684213+00:00,1,BOTH,708.0,68.0,561.8,17781,0.008934308104217052,1.706327157470549,3.182
2026-07-28T08:12:37.717651+00:00,1,BOTH,707.5,67.5,561.7,18116,0.008934308104217052,1.706327157470549,3.175
2026-07-28T08:12:37.867523+00:00,1,BOTH,708.0,68.0,561.8,17886,0.008934308104217052,1.706327157470549,3.18
2026-07-28T08:12:37.900893+00:00,1,BOTH,708.0,68.0,561.8,17701,-0.0003275044355541468,-0.06254873976355625,3.183
2026-07-28T08:12:37.950934+00:00,1,BOTH,708.0,68.0,561.9,17566,0.0019217219353595283,0.3670218543127112,3.185
2026-07-28T08:12:38.001135+00:00,1,BOTH,707.5,67.5,561.8,17889,0.01050323388830293,2.005969910128463,3.176
2026-07-28T08:12:38.134059+00:00,1,BOTH,708.0,68.0,561.8,17842,-0.0027616581138863693,-0.5274378479458274,3.181
2026-07-28T08:12:38.184070+00:00,1,BOTH,707.5,67.5,561.8,18189,-8.435727213509381e-06,-0.001611105221525806,3.174
2026-07-28T08:12:38.367486+00:00,1,BOTH,708.0,68.0,561.8,17765,0.002139027546509169,0.40852416892399596,3.179
2026-07-28T08:12:38.384103+00:00,1,BOTH,708.0,68.0,561.8,17637,0.004468343608896248,0.8533907673466999,3.183
2026-07-28T08:12:38.534046+00:00,1,BOTH,708.0,68.0,561.9,17562,0.002849685886176303,0.5442499140530003,3.185
2026-07-28T08:12:38.550787+00:00,1,BOTH,707.5,67.5,561.8,17874,0.0008420179161475972,0.16081357623219256,3.176
2026-07-28T08:12:38.617400+00:00,1,BOTH,708.0,68.0,561.8,17777,-0.004861769362469204,-0.9285295514516477,3.181
2026-07-28T08:12:38.667269+00:00,1,BOTH,707.5,67.5,562.0,17741,0.0071340310393134135,1.3624995648932896,3.174
2026-07-28T08:12:38.684155+00:00,1,BOTH,708.0,68.0,562.0,17726,-0.00045324395003262905,-0.08656321808902673,3.179
2026-07-28T08:12:38.717273+00:00,1,BOTH,708.0,68.0,562.0,17486,-6.232089072000236e-06,-0.0011902413379173843,3.183
2026-07-28T08:12:38.800649+00:00,1,BOTH,707.0,67.0,562.0,18037,1.972325509996153e-05,0.0037668642516255745,3.166
2026-07-28T08:12:38.867388+00:00,1,BOTH,707.5,67.5,561.9,18251,0.0026707480009645224,0.5100752953275622,3.165
2026-07-28T08:12:38.884093+00:00,1,BOTH,708.0,68.0,561.9,17899,2.7349800802767276e-06,0.0005223427188406919,3.174
2026-07-28T08:12:38.917200+00:00,1,BOTH,707.5,67.5,561.8,17991,0.002384294697549194,0.45536674428329976,3.17
2026-07-28T08:12:39.000676+00:00,1,BOTH,708.0,68.0,561.9,17688,0.0019868153149218415,0.3794537740565902,3.177
2026-07-28T08:12:39.050683+00:00,1,BOTH,707.5,67.5,561.8,17872,1.5678164618293523e-05,0.0029943088771318474,3.172
2026-07-28T08:12:39.084007+00:00,1,BOTH,708.0,68.0,561.8,17677,-0.006534391867062368,-1.247976918890946,3.178
2026-07-28T08:12:39.250625+00:00,1,BOTH,707.5,67.5,561.8,18008,-0.005957064866033761,-1.1377155836979989,3.172
2026-07-28T08:12:39.267271+00:00,1,BOTH,707.0,67.0,561.8,17960,0.004524280761979753,0.8640739766455734,3.16
2026-07-28T08:12:39.383951+00:00,1,BOTH,708.0,68.0,561.9,17796,0.006247786400272162,1.1932393067827602,3.171
2026-07-28T08:12:39.433986+00:00,1,BOTH,707.5,67.5,561.8,18207,-0.006676454722764902,-1.2751089257487165,3.168
2026-07-28T08:12:39.450590+00:00,1,BOTH,707.5,67.5,561.7,18048,-0.006676454722764902,-1.2751089257487165,3.167
2026-07-28T08:12:39.501270+00:00,1,BOTH,707.5,67.5,561.7,17951,-0.006676454722764902,-1.2751089257487165,3.166
2026-07-28T08:12:39.550578+00:00,1,BOTH,707.5,67.5,561.6,18351,-0.006676454722764902,-1.2751089257487165,3.165
2026-07-28T08:12:39.617360+00:00,1,BOTH,708.0,68.0,561.7,17718,0.013647540272213519,2.606488194442191,3.174
2026-07-28T08:12:39.683891+00:00,1,BOTH,707.5,67.5,561.7,17932,0.013647540272213519,2.606488194442191,3.17
2026-07-28T08:12:39.717158+00:00,1,RIGHT,320.33,-319.67,561.7,15816,0.013647540272213519,2.606488194442191,-0.83
2026-07-28T08:12:39.783962+00:00,1,BOTH,707.5,67.5,561.8,17803,0.006439748977136332,1.2299014583786692,0.768
2026-07-28T08:12:39.833931+00:00,1,BOTH,707.0,67.0,561.9,18077,0.006439748977136332,1.2299014583786692,1.717
2026-07-28T08:12:39.667293+00:00,1,BOTH,708.0,68.0,561.9,17803,0.006439748977136332,1.2299014583786692,2.305
2026-07-28T08:12:40.000486+00:00,1,BOTH,707.0,67.0,561.9,18022,-0.0011041213585849619,-0.21087164639056294,2.639
2026-07-28T08:12:40.033894+00:00,1,BOTH,708.0,68.0,561.9,17614,-0.0011041213585849619,-0.21087164639056294,2.859
2026-07-28T08:12:40.150647+00:00,1,BOTH,708.0,68.0,561.9,17748,-0.004719663102296181,-0.9013892549506403,2.99
2026-07-28T08:12:40.267089+00:00,1,BOTH,707.5,67.5,561.9,17960,-0.0075769656541524455,-1.4470938449950537,3.06
2026-07-28T08:12:40.167037+00:00,1,BOTH,708.0,68.0,561.9,17802,0.0034892326973204033,0.6663943576516912,3.111
2026-07-28T08:12:40.417192+00:00,1,BOTH,707.5,67.5,561.8,17886,0.0034892326973204033,0.6663943576516912,3.132
2026-07-28T08:12:40.450742+00:00,1,BOTH,708.0,68.0,561.8,17498,0.0034892326973204033,0.6663943576516912,3.154
2026-07-28T08:12:40.550470+00:00,1,BOTH,707.5,67.5,561.8,18064,0.0034892326973204033,0.6663943576516912,3.158
2026-07-28T08:12:40.567036+00:00,1,BOTH,708.0,68.0,561.8,17395,0.0034892326973204033,0.6663943576516912,3.17
2026-07-28T08:12:40.617074+00:00,1,BOTH,707.5,67.5,562.0,17400,0.0028249342914205043,0.5395227076672489,3.168
2026-07-28T08:12:40.650463+00:00,1,BOTH,708.0,68.0,562.0,17502,-2.1860893175471576e-05,-0.004175123051136218,3.176
2026-07-28T08:12:40.717038+00:00,1,BOTH,708.0,68.0,562.0,17772,-2.1860893175471576e-05,-0.004175123051136218,3.18
2026-07-28T08:12:40.750516+00:00,1,BOTH,707.5,67.5,561.9,18335,0.005717984934381093,1.0920546801980853,3.174
2026-07-28T08:12:40.950286+00:00,1,BOTH,707.5,67.5,561.8,17963,-0.008112066394824069,-1.5492905585110817,3.17
2026-07-28T08:12:40.983796+00:00,1,BOTH,708.0,68.0,561.8,17731,0.013049683392382576,2.4923059412182806,3.177
2026-07-28T08:12:41.050591+00:00,1,BOTH,707.5,67.5,561.8,18063,-0.002722767582818051,-0.5200103036350371,3.172
2026-07-28T08:12:41.100236+00:00,1,BOTH,707.0,67.0,561.8,18053,0.006020668544797445,1.149862991546882,3.159
2026-07-28T08:12:41.166883+00:00,1,BOTH,707.0,67.0,561.9,17976,0.0007724864203146353,0.14753403871732526,3.152
2026-07-28T08:12:41.300320+00:00,1,BOTH,707.5,67.5,561.8,18035,9.907620056765154e-05,0.018922160475726948,3.157
2026-07-28T08:12:41.333730+00:00,1,BOTH,708.0,68.0,561.8,17681,0.005917301432200475,1.1301213272393489,3.169
2026-07-28T08:12:41.383662+00:00,1,BOTH,707.5,67.5,561.8,17807,0.0004346602514851838,0.08301399310732002,3.167
2026-07-28T08:12:41.366825+00:00,1,BOTH,707.5,67.5,561.7,17899,6.413639537640848e-05,0.012249149227501909,3.166
2026-07-28T08:12:41.450372+00:00,1,BOTH,707.0,67.0,561.8,17987,-0.0003997056744992733,-0.0763381606541274,3.156
2026-07-28T08:12:41.550348+00:00,1,BOTH,707.5,67.5,561.7,18011,0.0019022187826340086,0.36329702651814005,3.159
2026-07-28T08:12:41.733702+00:00,1,BOTH,708.0,68.0,561.8,17758,-0.005866281545604579,-1.1203772466620792,3.17
2026-07-28T08:12:41.650399+00:00,1,BOTH,707.5,67.5,561.7,18102,-1.2782613302988465e-05,-0.0024412993113634004,3.168
2026-07-28T08:12:41.816885+00:00,1,BOTH,707.0,67.0,561.8,17898,-0.0031207432187511587,-0.5960180512617107,3.157
2026-07-28T08:12:41.833514+00:00,1,BOTH,707.0,67.0,561.8,17865,0.002273879052372649,0.4342789094138662,3.15
2026-07-28T08:12:41.866944+00:00,1,BOTH,708.0,68.0,561.9,17683,-0.008684120792895555,-1.6585449007157245,3.165
2026-07-28T08:12:42.000221+00:00,1,BOTH,708.0,68.0,561.9,17639,0.00022159315369208344,0.04232117491850059,3.174
2026-07-28T08:12:41.983645+00:00,1,BOTH,707.5,67.5,562.0,17275,-0.008053031156741781,-1.538015658562198,3.17
2026-07-28T08:12:42.183610+00:00,1,BOTH,708.0,68.0,562.0,17716,-0.0016871025413274766,-0.3222128507461999,3.177
2026-07-28T08:12:42.333636+00:00,1,BOTH,706.5,66.5,561.9,18596,0.002814861260121688,0.5375989003994978,3.153
2026-07-28T08:12:42.500216+00:00,1,BOTH,707.5,67.5,561.8,18216,-0.002585915525633027,-0.4938734859870876,3.157
2026-07-28T08:12:42.566859+00:00,1,BOTH,707.0,67.0,561.9,18234,0.004322829995653592,0.8255997143450227,3.151
2026-07-28T08:12:42.583405+00:00,1,BOTH,707.5,67.5,562.0,17769,-6.138432654552161e-06,-0.0011723542797704176,3.156
2026-07-28T08:12:42.633567+00:00,1,BOTH,707.5,67.5,562.1,17526,0.0017464895448210881,0.33355493293990857,3.159
2026-07-28T08:12:42.733327+00:00,1,BOTH,708.0,68.0,562.1,17369,0.004570023968553869,0.8728102855725466,3.171
2026-07-28T08:12:42.750109+00:00,1,BOTH,707.0,67.0,562.1,17976,-0.0006782630732777761,-0.12953870499463022,3.159
2026-07-28T08:12:42.766657+00:00,1,BOTH,707.5,67.5,562.1,17374,0.0005140130783547647,0.09816926668085102,3.161
2026-07-28T08:12:42.933429+00:00,1,BOTH,708.0,68.0,562.1,17293,5.293575930409133e-05,0.01010998531148271,3.171
2026-07-28T08:12:43.000232+00:00,1,BOTH,707.5,67.5,562.2,17749,0.005268994857760845,1.0063038920860996,3.169
2026-07-28T08:12:43.050118+00:00,1,BOTH,707.5,67.5,562.1,17969,0.0014313043732545338,0.2733589992870075,3.167
2026-07-28T08:12:43.116742+00:00,1,BOTH,708.0,68.0,562.0,17286,-0.004300417482154444,-0.8213192395724189,3.175
2026-07-28T08:12:43.066707+00:00,1,BOTH,707.5,67.5,562.1,17735,0.0003252084466657834,0.06211023818651573,3.171
2026-07-28T08:12:43.200123+00:00,1,BOTH,707.0,67.0,562.1,18052,0.0003252084466657834,0.06211023818651573,3.159
2026-07-28T08:12:43.216688+00:00,1,BOTH,708.0,68.0,562.1,17381,0.0003252084466657834,0.06211023818651573,3.17
2026-07-28T08:12:43.300094+00:00,1,BOTH,707.5,67.5,562.0,18094,0.0003252084466657834,0.06211023818651573,3.168
2026-07-28T08:12:43.316676+00:00,1,BOTH,707.0,67.0,562.0,18182,0.0003252084466657834,0.06211023818651573,3.157
2026-07-28T08:12:43.400128+00:00,1,BOTH,707.5,67.5,561.9,17992,0.0003252084466657834,0.06211023818651573,3.16
2026-07-28T08:12:43.500069+00:00,1,BOTH,707.5,67.5,561.8,18166,0.00044097307662013916,0.0842196538974435,3.161
2026-07-28T08:12:43.550179+00:00,1,BOTH,708.0,68.0,561.8,17761,4.6795731905149295e-05,0.008937326457969153,3.172
2026-07-28T08:12:43.583352+00:00,1,BOTH,707.0,67.0,561.9,18212,-0.0024968838997301646,-0.47686969796234885,3.159
2026-07-28T08:12:43.683349+00:00,1,BOTH,707.5,67.5,561.8,17965,-0.0024968838997301646,-0.47686969796234885,3.161
2026-07-28T08:12:43.899982+00:00,1,BOTH,707.5,67.5,561.9,17714,0.00011669387225992977,0.02228688791844243,3.162
2026-07-28T08:12:43.933326+00:00,1,BOTH,707.5,67.5,562.1,17429,-0.00628993688890688,-1.2012894571267052,3.163
2026-07-28T08:12:43.966489+00:00,1,BOTH,707.5,67.5,561.9,17771,-0.0016133274686217192,-0.3081228497484976,3.163
2026-07-28T08:12:43.983372+00:00,1,BOTH,707.0,67.0,562.0,18017,0.011595647751455544,2.2146055895958856,3.154
2026-07-28T08:12:44.066694+00:00,1,BOTH,707.0,67.0,562.0,18273,-0.010267264172289287,-1.9609030140601889,3.149
2026-07-28T08:12:44.083098+00:00,1,BOTH,707.0,67.0,562.0,17844,-0.005807715469854884,-1.1091919501184093,3.146
2026-07-28T08:12:44.149957+00:00,1,BOTH,707.5,67.5,561.9,17985,-0.0009375682298559695,-0.17906234192099504,3.153
2026-07-28T08:12:44.216617+00:00,1,BOTH,708.0,68.0,561.9,17778,0.001764888805191731,0.3370689328245758,3.167
2026-07-28T08:12:44.366598+00:00,1,BOTH,707.0,67.0,561.9,18020,-0.01296151102578733,-2.475466259632988,3.156
2026-07-28T08:12:44.399704+00:00,1,BOTH,708.0,68.0,561.9,17670,0.004509800312807784,0.8613084145688815,3.169
2026-07-28T08:12:44.583197+00:00,1,BOTH,708.0,68.0,561.9,17517,0.0003891009953804314,0.07431281613212687,3.176
2026-07-28T08:12:44.599844+00:00,1,BOTH,707.5,67.5,561.9,17853,0.008010675388795789,1.5299263027577283,3.171
2026-07-28T08:12:44.716492+00:00,1,BOTH,708.0,68.0,561.9,17304,-0.0027177562826545907,-0.5190532158042389,3.178
2026-07-28T08:12:44.749825+00:00,1,BOTH,707.5,67.5,561.8,17899,0.013420214746324745,2.5630722170787954,3.172
2026-07-28T08:12:44.816474+00:00,1,BOTH,707.5,67.5,561.7,18062,-9.158051252597943e-06,-0.0017490589511278637,3.169
2026-07-28T08:12:44.900627+00:00,1,BOTH,707.5,67.5,561.7,17878,-0.0051782248965173494,-0.9889681064667052,3.167
2026-07-28T08:12:44.916317+00:00,1,BOTH,708.0,68.0,561.8,17678,0.0020617473480524493,0.39376473821898444,3.175
2026-07-28T08:12:45.016375+00:00,1,BOTH,708.0,68.0,561.8,17392,0.00645980128661904,1.2337311673881668,3.18
2026-07-28T08:12:45.116244+00:00,1,BOTH,708.0,68.0,561.8,17520,-0.0033437511749798434,-0.6386094335608502,3.183
2026-07-28T08:12:45.133084+00:00,1,BOTH,708.0,68.0,561.9,17779,0.0003860052637173794,0.07372157493613388,3.185
2026-07-28T08:12:45.232924+00:00,1,BOTH,708.0,68.0,561.9,17614,0.003060373870539479,0.5844883550467611,3.186
2026-07-28T08:12:45.333013+00:00,1,BOTH,708.0,68.0,561.9,17781,0.0023663145417231134,0.4519327874705598,3.187
2026-07-28T08:12:45.399982+00:00,1,BOTH,707.5,67.5,561.8,18241,1.2626723382709313e-05,0.002411526529694646,3.178
2026-07-28T08:12:45.483064+00:00,1,BOTH,707.5,67.5,561.8,18036,-0.002782154345768504,-0.5313523398883867,3.172
2026-07-28T08:12:45.499685+00:00,1,BOTH,707.5,67.5,561.7,18136,-9.487369788985232e-06,-0.0018119541586292542,3.169
2026-07-28T08:12:45.683085+00:00,1,BOTH,707.5,67.5,561.7,18075,-3.006155078765005e-05,-0.005741333285835078,3.167
2026-07-28T08:12:45.699560+00:00,1,BOTH,707.5,67.5,561.6,17935,-0.0007681306022914214,-0.14670213875380136,3.166
2026-07-28T08:12:45.766282+00:00,1,BOTH,708.0,68.0,561.7,17400,0.0015220873499492882,0.2906972706744873,3.174
2026-07-28T08:12:45.849629+00:00,1,BOTH,707.5,67.5,561.7,17905,-0.001966086120373802,-0.37549478952222937,3.17
2026-07-28T08:12:45.883035+00:00,1,BOTH,707.5,67.5,561.6,17965,-0.0016395331074454589,-0.3131277580953124,3.168
2026-07-28T08:12:45.916376+00:00,1,BOTH,707.5,67.5,561.6,17995,-0.004889214466093108,-0.9337711801381441,3.166
2026-07-28T08:12:45.899509+00:00,1,BOTH,707.5,67.5,561.6,17895,-2.878289233194664e-05,-0.005497127509333342,3.165
2026-07-28T08:12:46.016313+00:00,1,BOTH,708.0,68.0,561.7,17625,-0.003705771500535775,-0.7077502227352066,3.174
2026-07-28T08:12:45.966209+00:00,1,BOTH,707.0,67.0,561.7,17875,-3.451314114499837e-06,-0.0006591524417825721,3.161
2026-07-28T08:12:46.316193+00:00,1,BOTH,707.5,67.5,561.7,18193,6.0987591859884566e-06,0.0011647772054126,3.162
2026-07-28T08:12:46.366308+00:00,1,BOTH,708.0,68.0,561.8,17692,0.003245694739744067,0.6198820339171572,3.172
2026-07-28T08:12:46.416241+00:00,1,BOTH,707.5,67.5,561.9,17409,-0.008069225251674653,-1.541108502871157,3.169
2026-07-28T08:12:46.482788+00:00,1,BOTH,707.5,67.5,561.8,17862,0.004340010171436006,0.8288808862237734,3.167
2026-07-28T08:12:46.499509+00:00,1,BOTH,707.5,67.5,561.8,17824,6.396275712177156e-05,0.012215986763659531,3.166
2026-07-28T08:12:46.532884+00:00,1,BOTH,708.0,68.0,561.8,17302,1.6351937520084904e-05,0.003122990022541609,3.175
2026-07-28T08:12:46.599541+00:00,1,BOTH,707.5,67.5,561.7,17882,0.0061028527744929305,1.1655590232271655,3.17
2026-07-28T08:12:46.732724+00:00,1,BOTH,707.5,67.5,561.7,17958,9.66728286584839e-06,0.0018463150252408266,3.168
2026-07-28T08:12:46.649494+00:00,1,BOTH,708.0,68.0,561.8,17690,0.0024990122703820814,0.47727618681433,3.176
2026-07-28T08:12:46.832830+00:00,1,BOTH,707.5,67.5,561.7,18003,2.416517658275552e-05,0.004615208764600868,3.171
2026-07-28T08:12:46.916148+00:00,1,BOTH,707.5,67.5,561.7,17979,0.000619843136810232,0.11838131899792124,3.168
2026-07-28T08:12:46.882855+00:00,1,BOTH,708.0,68.0,561.7,17778,0.0006737942407198716,0.12868522084490158,3.176
2026-07-28T08:12:46.999465+00:00,1,BOTH,707.5,67.5,561.7,18006,0.0010383448624634185,0.19830926099415272,3.171
2026-07-28T08:12:47.049400+00:00,1,BOTH,708.0,68.0,561.7,17759,-0.012661025368142873,-2.4180777263421867,3.178
2026-07-28T08:12:47.199537+00:00,1,BOTH,708.0,68.0,561.8,17936,-0.002425368211697787,-0.46321120765158397,3.182
2026-07-28T08:12:47.382764+00:00,1,BOTH,707.5,67.5,561.7,17940,0.0,0.0,3.175
2026-07-28T08:12:47.466059+00:00,1,BOTH,708.0,68.0,561.8,17843,-0.0011617689428385348,-0.2218815239800781,3.18
2026-07-28T08:12:47.550401+00:00,1,BOTH,707.5,67.5,561.7,18247,0.010242164056980982,1.956109245151997,3.173
2026-07-28T08:12:47.682641+00:00,1,BOTH,708.0,68.0,561.8,17398,0.008171044776099734,1.5605545996097783,3.179
2026-07-28T08:12:47.716048+00:00,1,BOTH,708.0,68.0,561.8,17679,0.00010897849148022942,0.020813358731731818,3.182
2026-07-28T08:12:47.799382+00:00,1,BOTH,708.0,68.0,561.9,17810,0.010721283950842916,2.0476144044821463,3.184
2026-07-28T08:12:47.865971+00:00,1,BOTH,707.5,67.5,561.8,17983,-0.012893092595040798,-2.4623993018907067,3.176
2026-07-28T08:12:47.933307+00:00,1,BOTH,707.5,67.5,561.7,17916,-0.000461178336845478,-0.0880785743470284,3.171
2026-07-28T08:12:48.015828+00:00,1,BOTH,708.0,68.0,561.8,17689,0.02085394554247614,3.98281021926513,3.178
2026-07-28T08:12:48.065818+00:00,1,BOTH,707.5,67.5,561.7,17907,-1.631507178899483e-05,-0.003115949186541191,3.172
2026-07-28T08:12:48.099144+00:00,1,BOTH,708.0,68.0,561.8,17504,0.003452227325324202,0.6593268522027114,3.178
2026-07-28T08:12:48.215947+00:00,1,BOTH,707.5,67.5,561.7,17960,-0.01041907688777428,-1.989897106972557,3.173
2026-07-28T08:12:48.382707+00:00,1,BOTH,707.5,67.5,561.7,17898,-0.0037594835691561455,-0.7180084722047544,3.169
2026-07-28T08:12:48.482630+00:00,1,BOTH,708.0,68.0,561.7,17710,0.012037625412340276,2.299017104955084,3.177
2026-07-28T08:12:48.532557+00:00,1,BOTH,707.5,67.5,561.7,17881,-0.0028250462005962617,-0.5395440807454478,3.172
2026-07-28T08:12:48.549229+00:00,1,BOTH,707.5,67.5,561.7,18075,-2.4877807445591314e-05,-0.004751311233905059,3.169
2026-07-28T08:12:48.649237+00:00,1,BOTH,708.0,68.0,561.7,17660,-0.020951733677648007,-4.001486377371139,3.176
2026-07-28T08:12:48.682573+00:00,1,BOTH,707.5,67.5,561.7,18059,-0.020951733677648007,-4.001486377371139,3.171
2026-07-28T08:12:48.699198+00:00,1,BOTH,707.5,67.5,561.6,18047,-0.020951733677648007,-4.001486377371139,3.168
2026-07-28T08:12:48.832415+00:00,1,BOTH,707.5,67.5,561.6,17887,-0.020951733677648007,-4.001486377371139,3.167
2026-07-28T08:12:48.882546+00:00,1,BOTH,708.0,68.0,561.7,17729,-0.020951733677648007,-4.001486377371139,3.175
2026-07-28T08:12:48.949189+00:00,1,BOTH,708.0,68.0,561.8,17722,-0.00020664335403125733,-0.039465973501395774,3.18
2026-07-28T08:12:49.049291+00:00,1,BOTH,707.5,67.5,561.7,17924,0.011418031382245317,2.1806833618352743,3.174
2026-07-28T08:12:49.066756+00:00,1,BOTH,708.0,68.0,561.8,17623,0.006829611926659709,1.3043597970327068,3.179
2026-07-28T08:12:49.132484+00:00,1,BOTH,708.0,68.0,561.8,17763,-0.010384817391394564,-1.9833540251365525,3.183
2026-07-28T08:12:49.215865+00:00,1,BOTH,708.0,68.0,561.8,17788,-0.0004887143718951847,-0.09333756965660339,3.185
2026-07-28T08:12:49.265785+00:00,1,BOTH,707.5,67.5,561.8,17912,-1.597317546838894e-05,-0.003050651799201961,3.176
2026-07-28T08:12:49.332444+00:00,1,BOTH,707.5,67.5,561.7,18057,0.0033026934223016726,0.6307679804116797,3.171
2026-07-28T08:12:49.432452+00:00,1,BOTH,708.0,68.0,561.8,17831,-3.616522430093028e-05,-0.006907049058624226,3.178
2026-07-28T08:12:49.502123+00:00,1,BOTH,708.0,68.0,561.8,17647,2.9894909821450708e-05,0.005709507205644396,3.182
2026-07-28T08:12:49.582381+00:00,1,BOTH,708.0,68.0,561.9,17291,-0.004711266756348777,-0.8997856709969136,3.184
2026-07-28T08:12:49.682340+00:00,1,BOTH,708.0,68.0,561.9,17707,0.002238702929171268,0.4275607647502951,3.185
2026-07-28T08:12:49.765827+00:00,1,BOTH,707.5,67.5,561.8,17848,1.9767575940932145e-05,0.0037753289087325303,3.177
2026-07-28T08:12:49.849114+00:00,1,BOTH,707.5,67.5,561.7,18020,-0.004801686785294805,-0.9170546244704407,3.172
2026-07-28T08:12:49.982296+00:00,1,BOTH,708.0,68.0,561.8,17429,2.6771553384605794e-05,0.0051129900664902885,3.178
2026-07-28T08:12:50.032338+00:00,1,BOTH,707.5,67.5,561.7,17919,-0.0021310680374153888,-0.40700401466376396,3.172
2026-07-28T08:12:50.149095+00:00,1,BOTH,707.5,67.5,561.7,17883,0.004968393189628841,0.9488932024242462,3.169
2026-07-28T08:12:50.215599+00:00,1,BOTH,707.5,67.5,561.7,18329,-0.0035851132499215054,-0.6847061943231085,3.167
2026-07-28T08:12:50.282484+00:00,1,BOTH,707.5,67.5,561.6,18366,0.003725582854822278,0.7115339126920568,3.166
2026-07-28T08:12:50.332376+00:00,1,BOTH,708.0,68.0,561.7,17424,0.001272994948849373,0.2431241263684706,3.175
2026-07-28T08:12:50.399000+00:00,1,BOTH,707.5,67.5,561.7,17983,-0.012921861521608662,-2.4678937621355743,3.17
2026-07-28T08:12:50.448985+00:00,1,BOTH,708.0,68.0,561.7,17666,-0.005422627171501517,-1.035645502666667,3.177
2026-07-28T08:12:50.548784+00:00,1,BOTH,707.5,67.5,561.7,18495,-0.003771839092951268,-0.7203682034285342,3.172
2026-07-28T08:12:50.632305+00:00,1,BOTH,708.0,68.0,561.7,17827,-0.0024085905735955746,-0.4600069148067351,3.178
2026-07-28T08:12:50.698874+00:00,1,BOTH,708.0,68.0,561.8,17836,-0.0024085905735955746,-0.4600069148067351,3.182
2026-07-28T08:12:50.732368+00:00,1,BOTH,707.5,67.5,561.7,18038,-0.0024085905735955746,-0.4600069148067351,3.175
2026-07-28T08:12:50.798856+00:00,1,BOTH,707.5,67.5,561.7,18037,-0.0024085905735955746,-0.4600069148067351,3.17
2026-07-28T08:12:50.915483+00:00,1,BOTH,707.5,67.5,561.7,17970,-0.002505061034898972,-0.4784314157412844,3.168
2026-07-28T08:12:50.982382+00:00,1,BOTH,707.5,67.5,561.6,18019,-0.0013263971566630061,-0.253323196783143,3.166
2026-07-28T08:12:51.032230+00:00,1,BOTH,708.0,68.0,561.7,17392,5.667601333698258e-05,0.010824321212787556,3.175
2026-07-28T08:12:51.048829+00:00,1,BOTH,707.5,67.5,561.7,17865,-2.6141060516238128e-08,-4.992574798588406e-06,3.171
2026-07-28T08:12:51.082167+00:00,1,BOTH,707.5,67.5,561.6,18026,0.006729792725273001,1.2852957338532909,3.168
2026-07-28T08:12:51.215631+00:00,1,BOTH,707.5,67.5,561.6,18044,0.001291058863134822,0.24657407986861163,3.166
2026-07-28T08:12:51.282807+00:00,1,BOTH,707.5,67.5,561.6,17919,0.003568423322431045,0.6815186529711661,3.165
2026-07-28T08:12:51.382037+00:00,1,BOTH,707.5,67.5,561.6,18427,-0.0020676647446816786,-0.394894877727517,3.165
2026-07-28T08:12:51.498772+00:00,1,BOTH,708.0,68.0,561.7,17691,-0.00051117578157573,-0.09762738291196853,3.174
2026-07-28T08:12:51.565532+00:00,1,BOTH,707.5,67.5,561.6,17999,0.003956265839369735,0.7555911174255596,3.17
2026-07-28T08:12:51.648807+00:00,1,BOTH,707.0,67.0,561.5,18673,-0.0012918658638955095,-0.24672820566078243,3.158
2026-07-28T08:12:51.682095+00:00,1,BOTH,707.5,67.5,561.5,17965,0.011238181472581345,2.146334559270092,3.161
2026-07-28T08:12:51.748683+00:00,1,BOTH,707.5,67.5,561.5,18232,-0.00628687238015118,-1.2007041790667636,3.162
2026-07-28T08:12:51.782083+00:00,1,BOTH,707.5,67.5,561.5,18184,-0.007175960887107067,-1.3705075759406304,3.163
2026-07-28T08:12:51.849282+00:00,1,BOTH,708.0,68.0,561.6,17560,-0.007175960887107067,-1.3705075759406304,3.173
2026-07-28T08:12:51.865667+00:00,1,BOTH,707.5,67.5,561.6,18380,0.0003857685886032414,0.0736763733189476,3.169
2026-07-28T08:12:51.951385+00:00,1,BOTH,708.0,68.0,561.7,17201,0.006626744226668962,1.2656149203360534,3.177
2026-07-28T08:12:52.048735+00:00,1,BOTH,708.0,68.0,561.7,17655,0.0,0.0,3.181
2026-07-28T08:12:52.065259+00:00,1,BOTH,707.5,67.5,561.7,17918,0.0,0.0,3.174
2026-07-28T08:12:52.098610+00:00,1,RIGHT,321.32,-318.68,561.7,15654,6.962416169699281e-05,0.013297235391246973,-0.826
2026-07-28T08:12:52.215331+00:00,1,BOTH,707.5,67.5,561.6,17794,-5.0582369731273495e-05,-0.00966052101124085,0.77
2026-07-28T08:12:52.281910+00:00,1,BOTH,707.5,67.5,561.6,18044,0.0052853394177509476,1.009425473104204,1.728
2026-07-28T08:12:52.298693+00:00,1,BOTH,707.5,67.5,561.6,18053,-4.4974219053983686e-05,-0.00858944312896705,2.302
2026-07-28T08:12:52.381990+00:00,1,BOTH,708.5,68.5,561.8,16963,0.00590016532689333,1.1268485722013784,2.666
2026-07-28T08:12:52.431948+00:00,1,BOTH,707.5,67.5,561.7,18339,0.002434281688183546,0.46491355626299424,2.865
2026-07-28T08:12:52.531904+00:00,1,BOTH,707.5,67.5,561.7,18243,0.008443007265450433,1.6124956090286673,2.985
2026-07-28T08:12:52.582049+00:00,1,BOTH,708.0,68.0,561.7,17576,-0.007507609318126924,-1.4338477605392086,3.066
2026-07-28T08:12:52.615189+00:00,1,BOTH,708.0,68.0,561.8,17672,0.005041209008777514,0.9627999994876024,3.114
2026-07-28T08:12:52.748435+00:00,1,BOTH,708.0,68.0,561.8,17756,-0.00950579026772175,-1.8154722109232972,3.144
2026-07-28T08:12:52.798631+00:00,1,BOTH,707.5,67.5,561.8,17873,-0.00011647299164906143,-0.02224470282917901,3.152
2026-07-28T08:12:52.881983+00:00,1,BOTH,707.5,67.5,561.7,17780,-0.0017226242247852497,-0.3289969925573001,3.157
2026-07-28T08:12:52.965157+00:00,1,BOTH,708.0,68.0,561.8,17395,0.00017455092631280423,0.033336771292742366,3.169
2026-07-28T08:12:53.031925+00:00,1,BOTH,707.5,67.5,561.7,18340,0.0009077975395484827,0.17337655889496167,3.167
2026-07-28T08:12:53.081904+00:00,1,BOTH,708.0,68.0,561.8,17317,0.00939868800349359,1.795017185201402,3.175
2026-07-28T08:12:53.131929+00:00,1,BOTH,707.5,67.5,561.7,17861,0.00939868800349359,1.795017185201402,3.171
2026-07-28T08:12:53.148572+00:00,1,BOTH,707.5,67.5,561.7,18152,0.002516320131253451,0.48058174474876036,3.168
2026-07-28T08:12:53.248491+00:00,1,BOTH,707.5,67.5,561.6,17966,0.004634709697565995,0.8851643497962857,3.166
2026-07-28T08:12:53.265147+00:00,1,BOTH,708.0,68.0,561.7,17722,4.364004358649254e-05,0.008334634384243263,3.175
2026-07-28T08:12:53.315225+00:00,1,BOTH,707.5,67.5,561.7,18224,-4.081122722709551e-05,-0.007794370256206554,3.171
2026-07-28T08:12:53.398341+00:00,1,BOTH,707.5,67.5,561.6,18239,-1.796467113308609e-05,-0.003430999454221118,3.168
2026-07-28T08:12:53.448338+00:00,1,BOTH,707.5,67.5,561.6,17794,-2.747130434727296e-05,-0.005246632656060439,3.166
2026-07-28T08:12:53.531793+00:00,1,BOTH,708.0,68.0,561.7,17491,-2.788939629681408e-05,-0.005326482336584114,3.175
2026-07-28T08:12:53.581866+00:00,1,BOTH,708.0,68.0,561.7,17238,-1.4234290283638984e-05,-0.0027185491920552972,3.18
2026-07-28T08:12:53.632130+00:00,1,BOTH,707.75,67.75,561.7,17707,2.191913692513481e-05,0.004186246787931951,3.178
2026-07-28T08:12:53.698429+00:00,1,BOTH,708.0,68.0,561.8,17645,-2.3929298040457068e-05,-0.004570159281429537,3.182
2026-07-28T08:12:53.781727+00:00,1,BOTH,707.0,67.0,561.8,17895,6.767725208192131e-06,0.001292540304445685,3.165
2026-07-28T08:12:53.848433+00:00,1,BOTH,707.5,67.5,561.8,17873,-0.005917496516776737,-1.1301585856489087,3.165
2026-07-28T08:12:53.898418+00:00,1,BOTH,707.5,67.5,561.7,17826,0.005428821999230422,1.0368286276122567,3.165
2026-07-28T08:12:53.981801+00:00,1,BOTH,707.5,67.5,561.7,18054,1.930043566972017e-05,0.0036861116887957207,3.164
2026-07-28T08:12:54.065044+00:00,1,BOTH,707.5,67.5,561.6,18049,6.057057995349168e-05,0.01156812864664928,3.164
2026-07-28T08:12:54.131732+00:00,1,BOTH,707.5,67.5,561.6,17937,-3.385061281733215e-05,-0.006464990827881937,3.164
2026-07-28T08:12:54.214911+00:00,1,BOTH,708.0,68.0,561.7,17164,-0.0022815162845654414,-0.4357375133198944,3.174
2026-07-28T08:12:54.281767+00:00,1,BOTH,708.0,68.0,561.8,17784,-2.706529980059713e-05,-0.005169091499434947,3.179
2026-07-28T08:12:54.381700+00:00,1,BOTH,708.0,68.0,561.8,17653,-0.007578164011356421,-1.4473227143621765,3.182
2026-07-28T08:12:54.398357+00:00,1,BOTH,708.0,68.0,561.8,17691,-2.6490651798667383e-05,-0.005059341815380947,3.184
2026-07-28T08:12:54.414876+00:00,1,BOTH,707.5,67.5,561.8,18041,-0.006223967978148721,-1.1886903232416464,3.176
2026-07-28T08:12:54.514974+00:00,1,BOTH,708.0,68.0,561.8,17679,-2.2072608699090777e-05,-0.0042155577376721595,3.181
2026-07-28T08:12:54.531609+00:00,1,BOTH,707.5,67.5,561.8,17996,0.005533861094736494,1.0568896171334883,3.174
2026-07-28T08:12:54.615004+00:00,1,BOTH,708.0,68.0,561.8,17713,-0.0012359077658038585,-0.23604099616001353,3.179
2026-07-28T08:12:54.698332+00:00,1,BOTH,708.0,68.0,561.8,17523,-5.9838825836777684e-05,-0.011428373904885826,3.183
2026-07-28T08:12:54.764969+00:00,1,BOTH,708.0,68.0,561.9,17761,-9.178451495245099e-05,-0.017529551104769465,3.185
2026-07-28T08:12:54.831575+00:00,1,BOTH,706.5,66.5,561.8,18648,-8.337919134646653e-06,-0.001592425254455416,3.158
2026-07-28T08:12:54.931788+00:00,1,BOTH,707.5,67.5,561.7,17913,-0.004075572080910206,-0.7783769311250175,3.16
2026-07-28T08:12:55.014928+00:00,1,BOTH,707.0,67.0,561.6,18620,4.4142238330096e-05,0.008430546515250372,3.152
2026-07-28T08:12:55.098432+00:00,1,BOTH,707.5,67.5,561.6,18345,-4.808256926480681e-05,-0.009183094290062933,3.157
2026-07-28T08:12:55.164778+00:00,1,BOTH,707.5,67.5,561.6,18149,0.0,0.0,3.16
2026-07-28T08:12:55.231489+00:00,1,RIGHT,322.44,-317.56,561.6,15591,3.310289815999567e-05,0.006322187847397102,-0.84
2026-07-28T08:12:55.248359+00:00,1,BOTH,707.5,67.5,561.7,17739,-2.9207158950157463e-05,-0.005578156464705903,0.762
2026-07-28T08:12:55.331594+00:00,1,BOTH,708.0,68.0,561.8,17690,-0.024651834922078706,-4.708153660961082,1.732
2026-07-28T08:12:55.414739+00:00,1,BOTH,708.0,68.0,561.8,17500,-6.897069106344133e-06,-0.0013172431693452842,2.314
2026-07-28T08:12:55.514791+00:00,1,BOTH,707.5,67.5,561.8,18208,-1.7076461808755994e-05,-0.0032613639688601815,2.654
2026-07-28T08:12:55.564825+00:00,1,BOTH,708.0,68.0,561.8,17835,-0.0031533118464903962,-0.602238200975014,2.867
2026-07-28T08:12:55.614724+00:00,1,BOTH,708.0,68.0,561.9,17606,-0.001006059497303795,-0.1921432104485356,2.995
2026-07-28T08:12:55.648164+00:00,1,BOTH,708.0,68.0,561.9,17377,1.916111577884294e-06,0.00036595035496307595,3.072
2026-07-28T08:12:55.664903+00:00,1,BOTH,708.0,68.0,561.9,17668,-3.6712943528982574e-06,-0.0007011655725709427,3.118
2026-07-28T08:12:55.781520+00:00,1,BOTH,707.5,67.5,561.8,18023,2.894984390877653e-06,0.0005529012911784699,3.137
2026-07-28T08:12:55.831465+00:00,1,BOTH,707.5,67.5,561.8,17910,0.0001943067481624894,0.037109855335406686,3.148
2026-07-28T08:12:55.914750+00:00,1,BOTH,708.0,68.0,561.8,17847,1.71818227681797e-05,0.0032814864298616065,3.164
2026-07-28T08:12:55.981509+00:00,1,BOTH,707.5,67.5,561.7,17992,0.004956290450936649,0.946581749598872,3.164
2026-07-28T08:12:56.064773+00:00,1,BOTH,708.0,68.0,561.8,17540,0.004956290450936649,0.946581749598872,3.173
2026-07-28T08:12:56.131372+00:00,1,BOTH,708.0,68.0,561.8,17822,0.004956290450936649,0.946581749598872,3.179
2026-07-28T08:12:56.148154+00:00,1,BOTH,708.0,68.0,561.9,17767,0.000861414608771156,0.16451807164500076,3.182
2026-07-28T08:12:56.265087+00:00,1,BOTH,707.5,67.5,561.8,17973,2.06182271358557e-05,0.003937791319755464,3.175
2026-07-28T08:12:56.348062+00:00,1,BOTH,707.5,67.5,561.7,18073,0.0030347748120402684,0.5795992950083836,3.171
2026-07-28T08:12:56.364777+00:00,1,BOTH,707.5,67.5,561.7,18419,-0.0054307545576011765,-1.0371977190732797,3.168
2026-07-28T08:12:56.498029+00:00,1,BOTH,708.0,68.0,561.8,17819,-2.2845773783046747e-05,-0.0043632213915973436,3.176
2026-07-28T08:12:56.564748+00:00,1,BOTH,708.0,68.0,561.8,17703,-0.004001909876305945,-0.7643084863468399,3.18
2026-07-28T08:12:56.581391+00:00,1,BOTH,707.5,67.5,561.7,18222,-0.0002930358085723128,-0.05596571692465678,3.174
2026-07-28T08:12:56.648119+00:00,1,BOTH,707.5,67.5,561.7,17953,-0.012574211105238646,-2.401497423455682,3.17
2026-07-28T08:12:56.748073+00:00,1,BOTH,708.0,68.0,561.8,17850,-1.141985587310046e-05,-0.0021810318139211405,3.177
2026-07-28T08:12:56.831435+00:00,1,BOTH,707.5,67.5,561.7,17920,0.0038228895445354284,0.7301181214885654,3.172
2026-07-28T08:12:56.881306+00:00,1,BOTH,707.5,67.5,561.7,18457,1.930713442561682e-05,0.0036873910569319426,3.169
2026-07-28T08:12:56.948208+00:00,1,BOTH,707.5,67.5,561.6,18234,0.008051279486026033,1.5376811140985012,3.167
2026-07-28T08:12:57.031325+00:00,1,BOTH,708.0,68.0,561.7,17779,-0.011013067595486063,-2.103340975712137,3.175
2026-07-28T08:12:57.097946+00:00,1,BOTH,707.5,67.5,561.7,17918,-0.0024933962555223842,-0.476203606983852,3.171
2026-07-28T08:12:57.214622+00:00,1,BOTH,708.0,68.0,561.7,17670,0.0012156141572631895,0.23216520242511027,3.177
2026-07-28T08:12:57.297963+00:00,1,BOTH,707.25,67.25,561.7,17976,0.002402515951616806,0.4588467474683322,3.167
2026-07-28T08:12:57.364407+00:00,1,BOTH,707.5,67.5,561.7,17778,2.3564114180771866e-05,0.004500414301742005,3.166
2026-07-28T08:12:57.431227+00:00,1,BOTH,708.0,68.0,561.8,17758,3.3427207745262416e-06,0.0006384126415701843,3.175
2026-07-28T08:12:57.481249+00:00,1,BOTH,707.5,67.5,561.7,18242,0.007070565668400377,1.3503785718981252,3.17
2026-07-28T08:12:57.614438+00:00,1,BOTH,707.5,67.5,561.7,17962,-0.0016297985224809964,-0.3112685893160617,3.168
2026-07-28T08:12:57.647936+00:00,1,BOTH,707.5,67.5,561.6,18077,4.481381256482563e-06,0.0008558807746182824,3.166
2026-07-28T08:12:57.731179+00:00,1,BOTH,708.0,68.0,561.7,17451,4.481381256482563e-06,0.0008558807746182824,3.175
2026-07-28T08:12:57.764597+00:00,1,BOTH,708.0,68.0,561.8,17716,-0.0014398677392455283,-0.2749944817193737,3.18
2026-07-28T08:12:57.831134+00:00,1,BOTH,708.0,68.0,561.8,17610,-0.0006112979141471442,-0.11674930168593967,3.183
2026-07-28T08:12:57.897797+00:00,1,BOTH,707.5,67.5,561.9,17658,0.006269379046570976,1.1973631984542297,3.175
2026-07-28T08:12:57.964361+00:00,1,BOTH,707.5,67.5,561.9,18102,-0.00801731792395003,-1.5311949335230794,3.171
2026-07-28T08:12:58.031078+00:00,1,BOTH,707.5,67.5,562.0,17298,4.3215966434217984e-05,0.008253641614199067,3.168
2026-07-28T08:12:58.097789+00:00,1,BOTH,707.0,67.0,562.0,18454,0.002126821573183406,0.40619299973594436,3.157
2026-07-28T08:12:58.197661+00:00,1,BOTH,708.0,68.0,562.0,17664,0.009739713664166628,1.8601482887421543,3.169
2026-07-28T08:12:58.280981+00:00,1,BOTH,707.0,67.0,562.0,18033,-0.008365346834762023,-1.5976635593166197,3.158
2026-07-28T08:12:58.364449+00:00,1,BOTH,708.0,68.0,562.0,17488,0.0009517337921715807,0.181767765038042,3.17
2026-07-28T08:12:58.447724+00:00,1,BOTH,707.5,67.5,561.9,18200,-6.011540855979547e-05,-0.011481197313936342,3.167
2026-07-28T08:12:58.531240+00:00,1,BOTH,708.0,68.0,561.9,17677,-0.0017511121125426143,-0.3344377783430981,3.175
2026-07-28T08:12:58.614509+00:00,1,BOTH,707.5,67.5,561.8,18051,-2.3668860085308554e-05,-0.004520419295912779,3.171
2026-07-28T08:12:58.731058+00:00,1,BOTH,707.5,67.5,561.8,17963,0.002317126270136214,0.44253851959231777,3.168
2026-07-28T08:12:58.797795+00:00,1,BOTH,707.5,67.5,561.9,17895,0.0007109065284021199,0.13577314568579552,3.167
2026-07-28T08:12:58.897730+00:00,1,BOTH,707.5,67.5,561.8,18016,-0.0015363072749460117,-0.2934130762988368,3.166
2026-07-28T08:12:58.964665+00:00,1,BOTH,708.0,68.0,561.9,17753,-4.074904136359692e-06,-0.0007782493631127068,3.174
2026-07-28T08:12:59.014182+00:00,1,BOTH,707.5,67.5,561.8,18039,-4.074904136359692e-06,-0.0007782493631127068,3.17
2026-07-28T08:12:59.080802+00:00,1,BOTH,708.0,68.0,561.8,17630,-4.074904136359692e-06,-0.0007782493631127068,3.177
2026-07-28T08:12:59.164369+00:00,1,BOTH,708.0,68.0,561.9,17706,-4.074904136359692e-06,-0.0007782493631127068,3.181
2026-07-28T08:12:59.247622+00:00,1,BOTH,708.0,68.0,561.9,17772,-0.001791537404205883,-0.34215844033606707,3.184
2026-07-28T08:12:59.330930+00:00,1,BOTH,707.0,67.0,561.9,18167,0.011934729921631516,2.279365513793285,3.167
2026-07-28T08:12:59.380880+00:00,1,BOTH,707.5,67.5,562.0,17673,0.0017436255744541994,0.3330079548909977,3.166
2026-07-28T08:12:59.480895+00:00,1,BOTH,707.5,67.5,561.9,17876,-0.002058869534521364,-0.39321511632046163,3.165
2026-07-28T08:12:59.514168+00:00,1,BOTH,707.5,67.5,561.8,18178,0.0066421778401127085,1.2685625233792637,3.165
2026-07-28T08:12:59.564690+00:00,1,BOTH,707.5,67.5,561.8,18137,-0.00043415544292656704,-0.08291758177441727,3.164
2026-07-28T08:12:59.630912+00:00,1,BOTH,708.0,68.0,561.8,17649,0.004646008482086472,0.8873222586851227,3.174
2026-07-28T08:12:59.714165+00:00,1,BOTH,708.0,68.0,561.9,17720,0.007995359716005623,1.527001224720129,3.179
2026-07-28T08:12:59.780987+00:00,1,BOTH,707.5,67.5,561.8,17942,0.003450149474374484,0.6589300119031244,3.173
2026-07-28T08:12:59.864091+00:00,1,BOTH,707.5,67.5,561.7,17913,-0.008270571350585669,-1.5795627751679067,3.17
2026-07-28T08:12:59.931036+00:00,1,BOTH,707.5,67.5,561.7,17951,-0.001952567343832925,-0.37291289338898687,3.167
2026-07-28T08:13:00.014119+00:00,1,BOTH,707.5,67.5,561.6,18168,7.429826888255775e-05,0.014189924106995782,3.166
2026-07-28T08:13:00.097509+00:00,1,BOTH,707.5,67.5,561.6,18297,-0.0007449532247846946,-0.14227558571607837,3.165
2026-07-28T08:13:00.164132+00:00,1,BOTH,708.0,68.0,561.7,17786,-0.0030400701219332406,-0.5806106247019874,3.174
2026-07-28T08:13:00.264012+00:00,1,BOTH,708.0,68.0,561.8,17302,0.0013188763117068447,0.251886821201942,3.179
2026-07-28T08:13:00.330782+00:00,1,BOTH,707.5,67.5,561.7,18026,-5.730317789129912e-06,-0.001094410081952936,3.173
2026-07-28T08:13:00.380794+00:00,1,BOTH,708.0,68.0,561.8,17773,-0.00479873291857075,-0.9164904774819991,3.179
2026-07-28T08:13:00.514218+00:00,1,BOTH,708.0,68.0,561.8,17329,-0.009119882006198168,-1.7417691620415237,3.182
2026-07-28T08:13:00.597389+00:00,1,BOTH,707.5,67.5,561.7,18100,-3.548071486875415e-05,-0.006776317386955598,3.175
2026-07-28T08:13:00.647297+00:00,1,BOTH,708.0,68.0,561.8,17649,-0.0021818494486797136,-0.41670254980764365,3.18
2026-07-28T08:13:00.697349+00:00,1,BOTH,707.5,67.5,561.7,18049,-0.0032018983745365406,-0.6115175443024743,3.174
2026-07-28T08:13:00.747332+00:00,1,BOTH,707.5,67.5,561.7,18115,-0.0012980302787036636,-0.24790552216636635,3.17
2026-07-28T08:13:00.780706+00:00,1,BOTH,708.0,68.0,561.8,17715,-2.408539527095854e-05,-0.004599971656434254,3.177
2026-07-28T08:13:00.914210+00:00,1,BOTH,708.0,68.0,561.8,17432,-3.5212453803978862e-06,-0.0006725083297557899,3.181
2026-07-28T08:13:00.964093+00:00,1,BOTH,707.5,67.5,561.7,18355,5.709769902750865e-07,0.0001090485724728157,3.174
2026-07-28T08:13:01.047276+00:00,1,BOTH,707.5,67.5,561.9,17415,-6.111897819209843e-06,-0.0011672864995197862,3.17
2026-07-28T08:13:01.147342+00:00,1,BOTH,708.0,68.0,561.9,17397,6.307211879175156e-05,0.01204588737238378,3.177
2026-07-28T08:13:01.230548+00:00,1,BOTH,708.0,68.0,561.9,17706,6.672671588603407e-06,0.0012743864003460987,3.181
2026-07-28T08:13:01.297347+00:00,1,BOTH,707.5,67.5,561.8,17784,-9.337980765849351e-05,-0.0178342295685836,3.174
2026-07-28T08:13:01.364423+00:00,1,BOTH,707.5,67.5,561.8,17848,1.9642272382043304e-05,0.0037513976917915317,3.17
2026-07-28T08:13:01.413775+00:00,1,BOTH,707.5,67.5,561.7,18304,4.050485949846915e-05,0.007735858330108889,3.168
2026-07-28T08:13:01.431294+00:00,1,BOTH,708.0,68.0,561.8,17412,0.001972237336158287,0.37666958519998006,3.176
2026-07-28T08:13:01.563890+00:00,1,BOTH,707.5,67.5,561.7,18027,0.0023246661886287255,0.44397853795062964,3.171
2026-07-28T08:13:01.613872+00:00,1,BOTH,707.5,67.5,561.7,18276,-4.15635816170834e-05,-0.007938059360354707,3.168
2026-07-28T08:13:01.697280+00:00,1,BOTH,707.5,67.5,561.6,17948,1.917386543937028e-06,0.0003661938555425563,3.167
2026-07-28T08:13:01.780517+00:00,1,BOTH,707.5,67.5,561.6,18570,0.0004332097989390604,0.0827369770763971,3.166
2026-07-28T08:13:01.865160+00:00,1,BOTH,707.5,67.5,561.6,17952,-0.00027253039210336285,-0.05204947085522717,3.165
2026-07-28T08:13:01.947090+00:00,1,BOTH,707.5,67.5,561.6,17883,-5.6945619871839884e-05,-0.010875812268042457,3.165
2026-07-28T08:13:02.013856+00:00,1,BOTH,707.5,67.5,561.6,17802,-4.871141238254495e-05,-0.009303194478803744,3.164
2026-07-28T08:13:02.080596+00:00,1,BOTH,707.5,67.5,561.5,17792,2.762572868959978e-05,0.005276125532958472,3.164
2026-07-28T08:13:02.147199+00:00,1,BOTH,708.0,68.0,561.6,17296,-6.432307374780066e-05,-0.012284802170192403,3.174
2026-07-28T08:13:02.213837+00:00,1,BOTH,707.5,67.5,561.6,17738,-0.002844097802444594,-0.5431826686750247,3.17
2026-07-28T08:13:02.297115+00:00,1,BOTH,708.0,68.0,561.7,17848,4.969736823113635e-05,0.009491498175172166,3.177
2026-07-28T08:13:02.397094+00:00,1,BOTH,707.5,67.5,561.7,18017,-1.2628245167434218e-06,-0.00024118171691681943,3.172
2026-07-28T08:13:02.463720+00:00,1,BOTH,707.0,67.0,561.7,18278,-1.0033037688117474e-05,-0.0019161690507494135,3.159
2026-07-28T08:13:02.530497+00:00,1,BOTH,707.5,67.5,561.7,17928,1.5637234901078047e-06,0.0002986491876954812,3.161
2026-07-28T08:13:02.597109+00:00,1,BOTH,708.0,68.0,561.7,17690,0.008066937063995283,1.5406714912152846,3.172
2026-07-28T08:13:02.713749+00:00,1,BOTH,707.5,67.5,561.7,18100,-6.0133826918900015e-05,-0.0114847149614105,3.169
2026-07-28T08:13:02.763754+00:00,1,BOTH,707.5,67.5,561.7,18002,-3.6229772376827892e-06,-0.0006919376833039639,3.167
2026-07-28T08:13:02.797158+00:00,1,BOTH,707.5,67.5,561.6,18102,-4.972980335878674e-05,-0.00949769282824662,3.166
2026-07-28T08:13:02.880238+00:00,1,BOTH,707.5,67.5,561.6,18055,-1.548620763060171e-05,-0.002957647792989229,3.165
2026-07-28T08:13:02.897094+00:00,1,BOTH,707.5,67.5,561.6,18295,1.6339009307557716e-05,0.003120520915826756,3.165
2026-07-28T08:13:02.996897+00:00,1,BOTH,708.0,68.0,561.7,17692,1.7961076955543832e-05,0.003430313016874478,3.174
2026-07-28T08:13:03.063596+00:00,1,BOTH,708.0,68.0,561.7,17678,3.0474778614006934e-05,0.005820253987260459,3.179
2026-07-28T08:13:03.146985+00:00,1,BOTH,707.5,67.5,561.7,18085,0.0026568504802344252,0.5074210643824617,3.173
2026-07-28T08:13:03.196940+00:00,1,BOTH,707.5,67.5,561.6,17903,-0.00038013740553424216,-0.07260089657388366,3.17
2026-07-28T08:13:03.263797+00:00,1,BOTH,707.5,67.5,561.6,18211,0.005659978595012945,1.0809762854287572,3.167
2026-07-28T08:13:03.313702+00:00,1,BOTH,707.5,67.5,561.6,18240,2.1961420134175566e-05,0.0041943222860063,3.166
2026-07-28T08:13:03.380277+00:00,1,BOTH,707.5,67.5,561.6,18305,-5.3623486164724456e-05,-0.01024133146672291,3.165
2026-07-28T08:13:03.416302+00:00,1,BOTH,379.0,-261.0,508.5,14730,2.3047536615194986e-05,0.0044017552540796786,-0.835
2026-07-28T08:13:03.513565+00:00,1,BOTH,707.5,67.5,519.1,17953,-3.633291824371554e-05,-0.0069390762425292395,0.765
2026-07-28T08:13:03.547244+00:00,1,BOTH,708.0,68.0,527.7,17487,1.4014007538207805e-05,0.0026764782866794267,1.734
2026-07-28T08:13:03.596815+00:00,1,BOTH,708.0,68.0,534.5,17710,-8.559488851460628e-06,-0.0016347419532599147,2.315
2026-07-28T08:13:03.646992+00:00,1,BOTH,708.0,68.0,540.0,17697,0.008730398031566437,1.6673832022602617,2.664
2026-07-28T08:13:03.696943+00:00,1,BOTH,708.0,68.0,544.4,17702,2.4717421329114583e-05,0.004720679742016358,2.874
2026-07-28T08:13:03.746883+00:00,1,BOTH,707.5,67.5,547.8,17926,-2.0733779529109597e-05,-0.0039598602012424116,2.99
2026-07-28T08:13:03.847040+00:00,1,BOTH,707.5,67.5,550.6,17910,-2.346593770198524e-05,-0.0044816639754689065,3.059
2026-07-28T08:13:03.930159+00:00,1,BOTH,707.5,67.5,552.8,17845,-0.012955626202747227,-2.4743423412217234,3.101
2026-07-28T08:13:04.013540+00:00,1,BOTH,707.5,67.5,554.5,17843,1.340815331786871e-05,0.0025607686539273625,3.126
2026-07-28T08:13:04.113537+00:00,1,BOTH,707.5,67.5,555.9,18077,0.0008026981088914909,0.1533040462087167,3.141
2026-07-28T08:13:04.147217+00:00,1,BOTH,707.5,67.5,557.0,18259,0.0008026981088914909,0.1533040462087167,3.151
2026-07-28T08:13:04.246831+00:00,1,BOTH,707.5,67.5,557.9,17820,0.0008026981088914909,0.1533040462087167,3.156
2026-07-28T08:13:04.296817+00:00,1,BOTH,707.5,67.5,558.6,17916,0.0008026981088914909,0.1533040462087167,3.159
2026-07-28T08:13:04.313511+00:00,1,BOTH,707.5,67.5,559.2,18196,0.0008026981088914909,0.1533040462087167,3.161
2026-07-28T08:13:04.413388+00:00,1,BOTH,707.0,67.0,559.6,18695,-3.6840830580331386e-06,-0.000703608035336496,3.153
2026-07-28T08:13:04.480192+00:00,1,BOTH,708.0,68.0,560.1,17212,-1.7083390848711135e-05,-0.0032626873180118714,3.167
2026-07-28T08:13:04.563419+00:00,1,BOTH,707.5,67.5,560.3,17975,4.858811676967888e-05,0.00927964675130473,3.166
2026-07-28T08:13:04.630349+00:00,1,BOTH,708.0,68.0,560.7,17853,-5.682894552592188e-05,-0.01085352910938062,3.174
2026-07-28T08:13:04.713474+00:00,1,BOTH,707.5,67.5,560.8,18421,8.610184304416178e-06,0.0016444240715761047,3.17
2026-07-28T08:13:04.796732+00:00,1,BOTH,707.5,67.5,561.0,18495,-0.02407637143624015,-4.598248230952962,3.168
2026-07-28T08:13:04.896834+00:00,1,BOTH,707.5,67.5,561.1,18103,7.607449369970708e-06,0.0014529158058625958,3.166
2026-07-28T08:13:04.963559+00:00,1,BOTH,708.0,68.0,561.3,17433,0.002585068869375391,0.49371178655288467,3.175
2026-07-28T08:13:04.996721+00:00,1,BOTH,708.0,68.0,561.4,17661,5.9938583581242705e-05,0.011447426230657795,3.18
2026-07-28T08:13:05.146736+00:00,1,BOTH,707.5,67.5,561.4,18218,0.007107609918894014,1.357453502593161,3.174
2026-07-28T08:13:05.196723+00:00,1,BOTH,707.5,67.5,561.4,18016,-0.0062334130906128845,-1.190494206845723,3.17
2026-07-28T08:13:05.329941+00:00,1,BOTH,707.5,67.5,561.5,17808,-0.006525534248794429,-1.2462852384133096,3.167
2026-07-28T08:13:05.380066+00:00,1,BOTH,708.0,68.0,561.6,17312,1.8351291437284087e-05,0.0035048384932364817,3.175
2026-07-28T08:13:05.463371+00:00,1,BOTH,707.5,67.5,561.6,18035,0.0027116723767539952,0.517891275367376,3.171
2026-07-28T08:13:05.563350+00:00,1,BOTH,707.0,67.0,561.4,18717,4.0475399291608486e-05,0.007730231845053228,3.159
2026-07-28T08:13:05.613364+00:00,1,BOTH,707.5,67.5,561.5,18147,-0.0022757673455635085,-0.4346395468482647,3.161
2026-07-28T08:13:05.680044+00:00,1,BOTH,707.5,67.5,561.5,18195,0.0015128811573958956,0.2889390174121734,3.162
2026-07-28T08:13:05.713346+00:00,1,BOTH,708.0,68.0,561.6,17603,-0.004524974239175208,-0.8642064210338671,3.172
2026-07-28T08:13:05.796481+00:00,1,BOTH,707.5,67.5,561.6,17772,-0.0036347598857537377,-0.6941880033238081,3.169
2026-07-28T08:13:05.813309+00:00,1,BOTH,708.0,68.0,561.6,17677,0.0022195422857475933,0.4239013514138562,3.176
2026-07-28T08:13:05.896484+00:00,1,BOTH,707.5,67.5,561.6,18182,-2.4549475056119264e-05,-0.0046886043665910785,3.171
2026-07-28T08:13:06.013244+00:00,1,BOTH,707.5,67.5,561.6,18102,6.487115897471085e-06,0.001238947873791048,3.169
2026-07-28T08:13:06.096626+00:00,1,BOTH,708.0,68.0,561.7,17846,-0.003868936989456415,-0.7389125356596775,3.176
2026-07-28T08:13:06.214027+00:00,1,BOTH,707.5,67.5,561.6,17905,-0.028829471225290036,-5.506023422676564,3.171
2026-07-28T08:13:06.296538+00:00,1,BOTH,708.0,68.0,561.7,17816,0.009919213489629328,1.8944302301499796,3.178
2026-07-28T08:13:06.346580+00:00,1,BOTH,708.0,68.0,561.8,17713,0.013998702876269817,2.6735553115596895,3.182
2026-07-28T08:13:06.463156+00:00,1,BOTH,708.0,68.0,561.8,17448,0.0012956619467877318,0.24745320408880292,3.184
2026-07-28T08:13:06.530512+00:00,1,BOTH,707.5,67.5,561.8,17993,0.0013115051132626832,0.25047902599926253,3.176
2026-07-28T08:13:06.563118+00:00,1,BOTH,707.5,67.5,561.7,17892,0.006228367772419006,1.1895306220496902,3.171
2026-07-28T08:13:06.646490+00:00,1,BOTH,708.0,68.0,561.8,17658,0.005918149750796147,1.1302833441567304,3.178
2026-07-28T08:13:06.713930+00:00,1,BOTH,708.0,68.0,561.8,17679,-1.9521648064255707e-05,-0.0037283601440719514,3.182
2026-07-28T08:13:06.746422+00:00,1,BOTH,707.5,67.5,561.7,18243,-0.010437089807819575,-1.9933373212902306,3.175
2026-07-28T08:13:06.829888+00:00,1,BOTH,707.5,67.5,561.7,18066,0.011154047806630842,2.130266212690334,3.17
2026-07-28T08:13:06.913130+00:00,1,BOTH,708.0,68.0,561.8,17452,-0.009435977390967309,-1.8021389336109757,3.177
2026-07-28T08:13:06.963012+00:00,1,BOTH,708.0,68.0,561.8,17503,-0.0024534507468342783,-0.4685745767894132,3.181
2026-07-28T08:13:07.046369+00:00,1,BOTH,708.0,68.0,561.8,17639,-0.002036867654242087,-0.38901306671594604,3.184
2026-07-28T08:13:07.129761+00:00,1,BOTH,708.0,68.0,561.9,17809,0.0043271674233255905,0.8264281020101854,3.185
2026-07-28T08:13:07.179804+00:00,1,BOTH,707.5,67.5,561.8,17879,0.006457571716455277,1.233305350853127,3.177
2026-07-28T08:13:07.229783+00:00,1,BOTH,707.5,67.5,561.7,17781,2.447074104566127e-05,0.004673567278246473,3.172
2026-07-28T08:13:07.296313+00:00,1,BOTH,708.0,68.0,561.8,17740,0.0016301416815258562,0.3113341278659691,3.178
2026-07-28T08:13:07.346219+00:00,1,BOTH,707.5,67.5,561.9,17684,-0.0008747030555903735,-0.16705597804175143,3.172
2026-07-28T08:13:07.396177+00:00,1,BOTH,708.0,68.0,561.9,17684,0.0022842026432044805,0.43625057002747925,3.178
2026-07-28T08:13:07.446354+00:00,1,BOTH,708.0,68.0,562.0,17794,0.027969218124635518,5.341727182741408,3.182
2026-07-28T08:13:07.546216+00:00,1,BOTH,708.0,68.0,561.8,17879,0.0971982856048271,18.563505136879257,3.184
2026-07-28T08:13:07.596282+00:00,1,BOTH,707.5,67.5,561.9,17363,0.024908021432347594,4.7570816803163885,3.176
2026-07-28T08:13:07.679648+00:00,1,BOTH,707.5,67.5,562.0,17666,-0.0006331344088903279,-0.12091976497975312,3.171
2026-07-28T08:13:07.696268+00:00,1,BOTH,707.5,67.5,561.9,18175,0.012704340917989611,2.4263503869872087,3.168
2026-07-28T08:13:07.796226+00:00,1,BOTH,707.0,67.0,561.9,18237,0.0394650209043175,7.537263787376535,3.157
2026-07-28T08:13:07.879618+00:00,1,BOTH,707.5,67.5,562.1,17679,0.00032842965913005174,0.06272544445024077,3.16
2026-07-28T08:13:07.946269+00:00,1,BOTH,708.5,68.5,562.1,16808,-0.016326595013961196,-3.1181499603976994,3.18
2026-07-28T08:13:08.046389+00:00,1,BOTH,707.5,67.5,562.0,17905,0.099788170279935,19.0581366745769,3.174
2026-07-28T08:13:08.146290+00:00,1,BOTH,708.0,68.0,562.0,17644,-0.016987681780010463,-3.244408232352951,3.179
2026-07-28T08:13:08.196281+00:00,1,BOTH,708.0,68.0,562.0,17602,-0.07436480628326535,-14.202631814463501,3.183
2026-07-28T08:13:08.246262+00:00,1,BOTH,708.5,68.5,561.9,17317,0.05315898423083126,10.152618132097095,3.194
2026-07-28T08:13:08.312784+00:00,1,BOTH,707.0,67.0,561.9,18244,0.07951583974994719,15.18640674036854,3.173
2026-07-28T08:13:08.412803+00:00,1,BOTH,707.0,67.0,561.9,17912,-0.027107646483927966,-5.177179120205727,3.16
2026-07-28T08:13:08.462844+00:00,1,BOTH,707.5,67.5,561.9,17877,-0.0020656008506193756,-0.3945007029970768,3.162
2026-07-28T08:13:08.479552+00:00,1,BOTH,707.5,67.5,561.8,17757,-0.06405037980061025,-12.232721462616489,3.163
2026-07-28T08:13:08.596310+00:00,1,BOTH,707.5,67.5,561.7,18274,0.01848945383215323,3.5312255669478883,3.163
2026-07-28T08:13:08.646163+00:00,1,BOTH,707.0,67.0,561.8,18115,0.001963352982420474,0.37497279862372024,3.154
2026-07-28T08:13:08.712827+00:00,1,BOTH,708.0,68.0,561.8,17785,-0.026411437541246415,-5.044213006622666,3.167
2026-07-28T08:13:08.779454+00:00,1,BOTH,708.0,68.0,561.9,17647,-0.027135039418935775,-5.182410785420473,3.175
2026-07-28T08:13:08.879535+00:00,1,BOTH,708.0,68.0,561.9,17546,0.01303618549834937,2.489728033350222,3.18
2026-07-28T08:13:08.929486+00:00,1,BOTH,708.0,68.0,561.9,17644,-0.0001683582237455994,-0.03215405222314015,3.183
2026-07-28T08:13:08.996013+00:00,1,BOTH,708.0,68.0,561.9,17725,-0.012677677316241897,-2.4212580141646702,3.185
2026-07-28T08:13:09.079559+00:00,1,BOTH,707.5,67.5,561.8,17937,-0.0049105949513614175,-0.9378545520375301,3.177
2026-07-28T08:13:09.146097+00:00,1,BOTH,708.0,68.0,561.9,17732,-0.01768213811214082,-3.377039621976967,3.181
2026-07-28T08:13:09.212737+00:00,1,BOTH,707.5,67.5,561.8,17902,0.009867417275672778,1.884537881968423,3.174
2026-07-28T08:13:09.229464+00:00,1,BOTH,708.0,68.0,561.8,17622,-0.0019770994409918784,-0.3775981788216966,3.18
2026-07-28T08:13:09.312640+00:00,1,BOTH,708.0,68.0,561.9,17860,0.007205411555478349,1.3761322392790103,3.183
2026-07-28T08:13:09.379460+00:00,1,BOTH,707.5,67.5,561.8,18005,-0.008772493356373161,-1.6754228170891206,3.175
2026-07-28T08:13:09.396006+00:00,1,BOTH,707.5,67.5,561.7,18346,0.00013978364644572137,0.026696709954295683,3.171
2026-07-28T08:13:09.496023+00:00,1,BOTH,707.5,67.5,561.7,18437,0.0020117773581296208,0.38422117313602,3.168
2026-07-28T08:13:09.529467+00:00,1,BOTH,707.5,67.5,561.7,18310,0.00010622499044984579,0.0202874787719788,3.166
2026-07-28T08:13:09.695949+00:00,1,BOTH,708.0,68.0,561.7,17657,0.00010622499044984579,0.0202874787719788,3.175
2026-07-28T08:13:09.712786+00:00,1,BOTH,707.5,67.5,561.7,18333,-0.02450251960544847,-4.679636536095841,3.171
2026-07-28T08:13:09.779157+00:00,1,BOTH,707.5,67.5,561.6,18127,0.0024917781678959728,0.47589457501093296,3.168
2026-07-28T08:13:09.829382+00:00,1,BOTH,707.5,67.5,561.6,18563,3.4610224538482726e-05,0.006610065980183925,3.166
2026-07-28T08:13:09.929205+00:00,1,BOTH,708.0,68.0,561.7,17735,-3.315060166642069e-06,-0.0006331298546017531,3.175
2026-07-28T08:13:09.962497+00:00,1,RIGHT,320.31,-319.69,561.7,15691,-0.0009974378428887576,-0.19049659574719569,-0.825
2026-07-28T08:13:10.045922+00:00,1,BOTH,707.5,67.5,561.7,18007,-0.016168247913592493,-3.0879078919001626,0.771
2026-07-28T08:13:10.129325+00:00,1,BOTH,708.0,68.0,561.7,17485,0.0032269956334494056,0.6163107676793219,1.737
2026-07-28T08:13:10.229275+00:00,1,BOTH,707.5,67.5,561.7,18370,0.009730854438384996,1.8584563012520174,2.308
2026-07-28T08:13:10.279217+00:00,1,BOTH,708.0,68.0,561.7,17319,0.009387390761403366,1.792859570895044,2.66
2026-07-28T08:13:10.329281+00:00,1,BOTH,707.5,67.5,561.7,18323,0.007152406592504121,1.3660090370401086,2.862
2026-07-28T08:13:10.412580+00:00,1,BOTH,707.5,67.5,561.7,17824,-0.009116258234134875,-1.74107707255771,2.983
2026-07-28T08:13:10.479154+00:00,1,BOTH,707.5,67.5,561.6,18214,-0.001484327350917738,-0.28348564207806765,3.055
2026-07-28T08:13:10.612553+00:00,1,BOTH,708.0,68.0,561.7,17658,9.113179519772529e-05,0.017404890814267476,3.108
2026-07-28T08:13:10.629176+00:00,1,BOTH,707.5,67.5,561.7,17970,0.0,0.0,3.13
2026-07-28T08:13:10.712544+00:00,1,BOTH,708.0,68.0,561.7,17592,0.017439853014657274,3.3307665768945576,3.153
2026-07-28T08:13:10.762638+00:00,1,BOTH,707.5,67.5,561.7,17893,-0.01685723304981366,-3.2194943600758923,3.158
2026-07-28T08:13:10.845806+00:00,1,BOTH,707.5,67.5,561.6,17980,-0.0031545027904212476,-0.6024656545112624,3.16
2026-07-28T08:13:10.912453+00:00,1,BOTH,707.0,67.0,561.7,18106,-0.01299095157533884,-2.481088990419145,3.152
2026-07-28T08:13:10.962476+00:00,1,BOTH,707.5,67.5,561.7,18163,-0.00015534315956756473,-0.029668358064829183,3.157
2026-07-28T08:13:11.013037+00:00,1,BOTH,707.5,67.5,561.6,18003,0.005964593804092147,1.1391535049478687,3.16
2026-07-28T08:13:11.112686+00:00,1,BOTH,707.5,67.5,561.6,17878,-0.006911900490522384,-1.3200757550711202,3.162
2026-07-28T08:13:11.195810+00:00,1,BOTH,708.0,68.0,561.7,17828,0.06014815794304013,11.487451985408264,3.172
2026-07-28T08:13:11.279158+00:00,1,BOTH,707.0,67.0,561.8,17822,0.006899946217890829,1.317792657174664,3.159
2026-07-28T08:13:11.362381+00:00,1,BOTH,707.0,67.0,561.8,18184,0.02671922185632866,5.102995480804457,3.152
2026-07-28T08:13:11.379137+00:00,1,BOTH,707.5,67.5,561.7,18126,0.011950884032994508,2.282450721802898,3.157
2026-07-28T08:13:11.495714+00:00,1,BOTH,707.5,67.5,561.7,18093,0.011950884032994508,2.282450721802898,3.16
2026-07-28T08:13:11.512363+00:00,1,BOTH,707.5,67.5,561.7,18142,0.011950884032994508,2.282450721802898,3.161
2026-07-28T08:13:11.629119+00:00,1,BOTH,707.5,67.5,561.6,17902,0.011950884032994508,2.282450721802898,3.162
2026-07-28T08:13:11.679138+00:00,1,BOTH,708.0,68.0,561.7,17555,-0.015374146662325075,-2.93624572455456,3.172
2026-07-28T08:13:11.745633+00:00,1,BOTH,707.0,67.0,561.6,18735,0.003057296115439385,0.5839005471213937,3.16
2026-07-28T08:13:11.845673+00:00,1,BOTH,707.5,67.5,561.5,18028,0.014991074894787744,2.8630844061195413,3.161
2026-07-28T08:13:11.879046+00:00,1,BOTH,708.0,68.0,561.6,17491,-0.001086986782029271,-0.2075991833226133,3.172
2026-07-28T08:13:11.979028+00:00,1,BOTH,707.5,67.5,561.6,17894,0.0011602137552108615,0.22158450502202262,3.169
2026-07-28T08:13:12.045616+00:00,1,BOTH,707.0,67.0,561.5,18674,0.0041098699672147635,0.7849273448965866,3.158
2026-07-28T08:13:12.062369+00:00,1,BOTH,707.5,67.5,561.5,18347,-0.0012457430819631553,-0.23791940318036195,3.16
2026-07-28T08:13:12.162174+00:00,1,BOTH,707.5,67.5,561.5,17954,2.44002667022869e-05,0.0046601076701154485,3.162
2026-07-28T08:13:12.245446+00:00,1,BOTH,707.5,67.5,561.5,18266,0.00915320013446035,1.7481324558105187,3.163
2026-07-28T08:13:12.295437+00:00,1,BOTH,708.0,68.0,561.6,17516,-0.0010743806033860891,-0.20519158054913905,3.173
2026-07-28T08:13:12.395504+00:00,1,BOTH,707.5,67.5,561.6,17968,-0.010743944250862114,-2.051942202994147,3.169
2026-07-28T08:13:12.462301+00:00,1,BOTH,708.0,68.0,561.7,17859,-3.965451891417615e-05,-0.0075734552413466326,3.177
2026-07-28T08:13:12.528887+00:00,1,BOTH,708.0,68.0,561.7,17706,1.599683077074587e-05,0.0030551696291624872,3.181
2026-07-28T08:13:12.595464+00:00,1,BOTH,708.0,68.0,561.8,17907,2.2427510702982535e-06,0.0004283339027551271,3.184
2026-07-28T08:13:12.662199+00:00,1,BOTH,708.0,68.0,561.8,17803,0.0018030608667322667,0.34435925956319685,3.185
2026-07-28T08:13:12.728907+00:00,1,BOTH,707.5,67.5,561.8,17943,-0.001902362850305508,-0.3633245414166107,3.177
2026-07-28T08:13:12.795469+00:00,1,BOTH,707.5,67.5,561.7,17973,4.8592010862194e-05,0.009280390468191896,3.172
2026-07-28T08:13:12.862183+00:00,1,BOTH,707.5,67.5,561.7,18302,2.2951624123379603e-06,0.00043834373174676637,3.169
2026-07-28T08:13:12.928709+00:00,1,BOTH,708.0,68.0,561.7,17541,-2.857093932107091e-05,-0.005456647466072443,3.176
2026-07-28T08:13:13.012195+00:00,1,BOTH,707.5,67.5,561.7,17920,-0.0038256508292397484,-0.7306454880205373,3.171
2026-07-28T08:13:13.078938+00:00,1,BOTH,707.5,67.5,561.6,18550,1.8344357376918195e-05,0.003503514185256967,3.168
2026-07-28T08:13:13.145510+00:00,1,BOTH,707.5,67.5,561.6,18017,0.003181055882596411,0.6075369215601247,3.167
2026-07-28T08:13:13.195469+00:00,1,BOTH,708.0,68.0,561.7,17642,-0.004152151162852533,-0.7930024584392904,3.175
2026-07-28T08:13:13.262145+00:00,1,BOTH,707.5,67.5,561.7,18498,-0.0036231861810665576,-0.6919775885507875,3.171
2026-07-28T08:13:13.328736+00:00,1,BOTH,708.0,68.0,561.7,17780,-1.8668177144718353e-05,-0.003565359205316485,3.177
2026-07-28T08:13:13.395404+00:00,1,BOTH,708.0,68.0,561.8,17828,2.4628980027046056e-05,0.00470378869753913,3.181
2026-07-28T08:13:13.512079+00:00,1,BOTH,708.0,68.0,561.8,17791,0.003023618976585567,0.5774686873800609,3.184
2026-07-28T08:13:13.645264+00:00,1,BOTH,707.5,67.5,561.8,18263,0.005770175350480713,1.102022315443218,3.176
2026-07-28T08:13:13.678792+00:00,1,BOTH,707.0,67.0,561.6,18819,0.0002317329266224988,0.04425772889894659,3.162
2026-07-28T08:13:13.745344+00:00,1,BOTH,707.5,67.5,561.6,17981,7.218093378469348e-06,0.0013785542890587307,3.163
2026-07-28T08:13:13.861943+00:00,1,BOTH,707.5,67.5,561.6,18022,0.0054672476521227505,1.0441673867314738,3.163
2026-07-28T08:13:13.928590+00:00,1,BOTH,708.0,68.0,561.7,17590,1.5793441707501185e-05,0.003016325179419021,3.173
2026-07-28T08:13:13.995338+00:00,1,BOTH,707.5,67.5,561.6,17949,-1.791420945664868e-05,-0.0034213619839310564,3.169
2026-07-28T08:13:14.045350+00:00,1,BOTH,707.5,67.5,561.6,18205,-0.003262199779273942,-0.6230342642696853,3.167
2026-07-28T08:13:14.145601+00:00,1,BOTH,707.5,67.5,561.6,18158,-8.658953011035915e-06,-0.0016537382084481802,3.166
2026-07-28T08:13:14.211933+00:00,1,BOTH,707.5,67.5,561.6,18242,3.6935672687832263e-06,0.000705419386163138,3.165
2026-07-28T08:13:14.312023+00:00,1,BOTH,707.5,67.5,561.6,18355,5.1734110456891355e-06,0.0009880487286811645,3.165
2026-07-28T08:13:14.412080+00:00,1,BOTH,707.5,67.5,561.5,18384,-4.1917461203411337e-07,-8.005645382862794e-05,3.164
2026-07-28T08:13:14.495163+00:00,1,BOTH,707.5,67.5,561.5,18600,0.0005442525038961321,0.10394457154225255,3.164
2026-07-28T08:13:14.528450+00:00,1,BOTH,708.0,68.0,561.6,17568,3.936700522899626e-08,7.518544172303095e-06,3.174
2026-07-28T08:13:14.611688+00:00,1,RIGHT,322.37,-317.63,561.6,15716,-0.0035562782744818834,-0.6791991196729295,-0.826
2026-07-28T08:13:14.698052+00:00,1,BOTH,707.5,67.5,561.6,18001,-0.006992652305052615,-1.3354982156064716,0.77
2026-07-28T08:13:14.795134+00:00,1,BOTH,708.0,68.0,561.7,17845,3.722247914993204e-05,0.007108969861016034,1.737
2026-07-28T08:13:14.845117+00:00,1,BOTH,707.5,67.5,561.6,17903,3.722247914993204e-05,0.007108969861016034,2.308
2026-07-28T08:13:14.878502+00:00,1,BOTH,707.5,67.5,561.6,17963,-0.005909163786054705,-1.1285671513082705,2.65
2026-07-28T08:13:14.978550+00:00,1,BOTH,708.0,68.0,561.7,17549,0.0008640036082579172,0.16501253412417727,2.865
2026-07-28T08:13:15.047072+00:00,1,BOTH,707.5,67.5,561.7,18159,-4.1966004428104494e-05,-0.008014916455859038,2.985
2026-07-28T08:13:15.061708+00:00,1,BOTH,707.5,67.5,561.6,17869,-0.001448260607994598,-0.2765974015771368,3.056
2026-07-28T08:13:15.178447+00:00,1,BOTH,708.0,68.0,561.7,17799,-8.228158330894075e-06,-0.0015714624850854612,3.109
2026-07-28T08:13:15.245163+00:00,1,BOTH,707.5,67.5,561.7,18507,1.4964392685214987e-05,0.0028579884794641994,3.131
2026-07-28T08:13:15.311667+00:00,1,BOTH,707.5,67.5,561.6,18306,-0.015113795523066074,-2.8865223196513483,3.144
2026-07-28T08:13:15.378441+00:00,1,BOTH,707.0,67.0,561.7,18042,3.4277373924851413e-05,0.006546496195619212,3.143
2026-07-28T08:13:15.461760+00:00,1,BOTH,708.0,68.0,561.8,17494,-3.461625950876623e-05,-0.0066112185746063645,3.161
2026-07-28T08:13:15.511799+00:00,1,BOTH,708.0,68.0,561.8,17796,-4.9324421452183744e-05,-0.009420270587115559,3.171
2026-07-28T08:13:15.595100+00:00,1,BOTH,707.5,67.5,561.7,18382,0.0017511204390757485,0.33443936859378665,3.168
2026-07-28T08:13:15.611840+00:00,1,BOTH,708.0,68.0,561.8,17770,6.742076759110205e-05,0.012876418115008498,3.176
2026-07-28T08:13:15.645078+00:00,1,BOTH,707.5,67.5,561.7,17760,1.3955973554402552e-06,0.00026653946122115214,3.171
2026-07-28T08:13:15.711835+00:00,1,BOTH,707.5,67.5,561.7,17932,0.016202354083070532,3.0944216904549946,3.168
2026-07-28T08:13:15.778323+00:00,1,BOTH,708.0,68.0,561.8,17782,-0.0034658966166898606,-0.6619374945500008,3.176
2026-07-28T08:13:15.845050+00:00,1,BOTH,707.5,67.5,561.7,18055,6.331777622108348e-05,0.012092804485406287,3.171
2026-07-28T08:13:15.911505+00:00,1,BOTH,707.5,67.5,561.7,18316,4.482199365156703e-06,0.0008560370218656534,3.168
2026-07-28T08:13:15.978344+00:00,1,BOTH,708.0,68.0,561.7,17357,0.009648413836075634,1.8427113060092077,3.176
2026-07-28T08:13:16.029561+00:00,1,BOTH,707.5,67.5,561.7,18278,-0.00010334601800423115,-0.01973763553708488,3.171
2026-07-28T08:13:16.078450+00:00,1,BOTH,707.5,67.5,561.6,18135,0.0,0.0,3.168
2026-07-28T08:13:16.094897+00:00,1,BOTH,708.0,68.0,561.7,17904,-1.3353291142266244e-05,-0.0025502907502042735,3.176
2026-07-28T08:13:16.161750+00:00,1,BOTH,708.0,68.0,561.8,17794,9.127543307840824e-08,1.7432323628738596e-05,3.181
2026-07-28T08:13:16.245101+00:00,1,BOTH,708.0,68.0,561.8,17833,8.04747483925894e-06,0.0015369544800908593,3.183
2026-07-28T08:13:16.295037+00:00,1,BOTH,707.5,67.5,561.8,18262,0.002094249585643411,0.39997220834796293,3.176
2026-07-28T08:13:16.378340+00:00,1,BOTH,707.5,67.5,561.7,18293,-0.017484148658113555,-3.339226421630761,3.171
2026-07-28T08:13:16.444986+00:00,1,BOTH,707.5,67.5,561.7,18204,0.00406094103353098,0.775582606909399,3.168
2026-07-28T08:13:16.478321+00:00,1,BOTH,708.0,68.0,561.7,17406,4.422218276886269e-05,0.008445814778373284,3.176
2026-07-28T08:13:16.544902+00:00,1,BOTH,707.5,67.5,561.7,18343,-5.767709808424085e-08,-1.1015514315963621e-05,3.171
2026-07-28T08:13:16.594898+00:00,1,BOTH,708.0,68.0,561.7,17461,-0.00011886725609656423,-0.022701973655446114,3.178
2026-07-28T08:13:16.678178+00:00,1,BOTH,708.0,68.0,561.8,17781,1.065565156750381e-05,0.002035079542599761,3.182
2026-07-28T08:13:16.711544+00:00,1,BOTH,707.5,67.5,561.7,17953,8.20008572191e-06,0.0015661010117030995,3.175
2026-07-28T08:13:16.744739+00:00,1,BOTH,707.5,67.5,561.7,18249,2.115515701007098e-05,0.0040403373720455495,3.17
2026-07-28T08:13:16.794969+00:00,1,BOTH,707.5,67.5,561.7,18174,-5.399830522947013e-05,-0.010312916635026136,3.168
2026-07-28T08:13:16.913061+00:00,1,BOTH,708.0,68.0,561.7,17729,3.2312439043380438e-06,0.0006171221276531461,3.176
2026-07-28T08:13:16.961584+00:00,1,BOTH,708.0,68.0,561.8,17841,-0.0012256159557728096,-0.2340754052322485,3.18
2026-07-28T08:13:17.011606+00:00,1,BOTH,707.5,67.5,561.7,17990,6.551017519086599e-05,0.012511521845330846,3.174
2026-07-28T08:13:17.061593+00:00,1,BOTH,707.5,67.5,561.7,18080,-8.344461930391844e-06,-0.0015936748363968014,3.17
2026-07-28T08:13:17.111562+00:00,1,BOTH,707.5,67.5,561.6,18013,-4.818130284547806e-05,-0.009201951014958522,3.168
2026-07-28T08:13:17.181073+00:00,1,BOTH,707.5,67.5,561.6,17950,1.985057577257976e-05,0.0037911807089115452,3.166
2026-07-28T08:13:17.244783+00:00,1,BOTH,707.5,67.5,561.6,18284,-0.0026510253647211357,-0.5063085492688362,3.165
2026-07-28T08:13:17.311574+00:00,1,BOTH,707.5,67.5,561.6,18046,4.129661538172513e-05,0.007887072565159622,3.165
2026-07-28T08:13:17.361494+00:00,1,BOTH,707.5,67.5,561.6,18033,4.113963805139064e-06,0.0007857092103468299,3.165
2026-07-28T08:13:17.378145+00:00,1,BOTH,707.0,67.0,561.4,18607,2.6988955942215394e-05,0.0051545108965115535,3.155
2026-07-28T08:13:17.461519+00:00,1,BOTH,707.5,67.5,561.5,18019,-4.136905947234482e-05,-0.007900908367303528,3.159
2026-07-28T08:13:17.528112+00:00,1,BOTH,708.0,68.0,561.6,17602,1.0497089970158413e-05,0.0020047965081972812,3.17
2026-07-28T08:13:17.577967+00:00,1,BOTH,707.5,67.5,561.6,17891,-2.4816709337756038e-05,-0.004739642354854403,3.168
2026-07-28T08:13:17.628162+00:00,1,BOTH,707.5,67.5,561.5,18421,0.0028045938039076646,0.5356379607081679,3.166
2026-07-28T08:13:17.677939+00:00,1,BOTH,708.0,68.0,561.6,17608,0.0004185377492103726,0.07993482198886417,3.175
2026-07-28T08:13:17.694863+00:00,1,BOTH,707.0,67.0,561.5,18670,-1.6324869211530312e-05,-0.0031178203564124892,3.161
2026-07-28T08:13:17.727913+00:00,1,BOTH,707.5,67.5,561.5,17950,-2.9783229692839086e-05,-0.0056881778722279825,3.162
2026-07-28T08:13:17.844787+00:00,1,BOTH,707.5,67.5,561.5,18260,2.8705223521683364e-05,0.005482293859240381,3.163
2026-07-28T08:13:17.878053+00:00,1,BOTH,707.5,67.5,561.5,18212,-3.153023571940139e-06,-0.0006021831445914449,3.163
2026-07-28T08:13:17.961372+00:00,1,BOTH,707.5,67.5,561.5,18086,-0.0057064469462784475,-1.0898510867902396,3.164
2026-07-28T08:13:17.994721+00:00,1,BOTH,707.5,67.5,561.5,17927,2.7948919159825893e-06,0.0005337850366034487,3.164
2026-07-28T08:13:18.078022+00:00,1,BOTH,707.5,67.5,561.5,18049,3.4168876300100234e-05,0.006525774675667757,3.164
2026-07-28T08:13:18.144589+00:00,1,BOTH,707.5,67.5,561.5,18059,2.7964944529230706e-05,0.0053409109861412675,3.164
2026-07-28T08:13:18.194789+00:00,1,BOTH,707.5,67.5,561.5,17903,-3.123545553535223e-05,-0.005965532577814094,3.164
2026-07-28T08:13:18.244737+00:00,1,BOTH,707.5,67.5,561.5,18082,1.8089041113853457e-05,0.0034547523708747625,3.164
2026-07-28T08:13:18.311326+00:00,1,BOTH,708.0,68.0,561.6,17688,0.0010767448603291995,0.20564312036422144,3.173
2026-07-28T08:13:18.377955+00:00,1,BOTH,708.0,68.0,561.7,17612,-7.0466376200784e-06,-0.0013458086512953438,3.179
2026-07-28T08:13:18.428038+00:00,1,BOTH,708.0,68.0,561.7,17642,-7.0466376200784e-06,-0.0013458086512953438,3.182
2026-07-28T08:13:18.444561+00:00,1,BOTH,707.5,67.5,561.7,17863,3.0994359149190126e-05,0.005919486559870945,3.175
2026-07-28T08:13:18.528035+00:00,1,BOTH,708.0,68.0,561.8,17553,3.0994359149190126e-05,0.005919486559870945,3.18
2026-07-28T08:13:18.544554+00:00,1,BOTH,707.5,67.5,561.7,17941,1.5587877060170284e-05,0.002977065223721835,3.174
2026-07-28T08:13:18.628133+00:00,1,BOTH,708.0,68.0,561.8,17727,0.0005775030930635694,0.11029496629431111,3.179
2026-07-28T08:13:18.678025+00:00,1,BOTH,708.0,68.0,561.8,17556,2.330365663510747e-05,0.004450670574712319,3.183
2026-07-28T08:13:18.694537+00:00,1,BOTH,707.5,67.5,561.7,18227,-8.523532887920737e-06,-0.001627874870062708,3.175
2026-07-28T08:13:18.777928+00:00,1,BOTH,707.5,67.5,561.7,18000,0.00807759131246712,1.5427063027863512,3.171
2026-07-28T08:13:18.794589+00:00,1,BOTH,707.5,67.5,561.7,18299,4.179150913842022e-05,0.007981590310379634,3.168
2026-07-28T08:13:18.877876+00:00,1,BOTH,707.5,67.5,561.6,18070,0.0009321205643936991,0.17802191445703747,3.166
2026-07-28T08:13:18.944359+00:00,1,BOTH,707.5,67.5,561.6,18159,1.4680661552119998e-05,0.002803799824654841,3.165
2026-07-28T08:13:18.961269+00:00,1,BOTH,708.0,68.0,561.7,17787,1.730251758999657e-05,0.003304537442858907,3.174
2026-07-28T08:13:19.027891+00:00,1,BOTH,708.0,68.0,561.7,17644,-4.49566956376657e-06,-0.0008586096402974812,3.18
2026-07-28T08:13:19.077876+00:00,1,BOTH,707.5,67.5,561.7,18229,9.973194910344318e-06,0.0019047399220802762,3.173
2026-07-28T08:13:19.144404+00:00,1,BOTH,707.5,67.5,561.7,18243,0.003302373502065166,0.6307068801472375,3.17
2026-07-28T08:13:19.161372+00:00,1,BOTH,707.5,67.5,561.6,17966,0.0009996567292910187,0.19092037183409075,3.167
2026-07-28T08:13:19.244485+00:00,1,BOTH,708.0,68.0,561.7,17647,-0.011289542708545923,-2.156143832774578,3.175
2026-07-28T08:13:19.294400+00:00,1,BOTH,707.5,67.5,561.7,18196,-0.008815195423376282,-1.683578311141666,3.171
2026-07-28T08:13:19.377821+00:00,1,BOTH,707.5,67.5,561.6,18036,0.027801837585866452,5.3097598545944305,3.168
2026-07-28T08:13:19.427805+00:00,1,BOTH,707.5,67.5,561.6,17790,0.015959991212002932,3.048133791712172,3.167
2026-07-28T08:13:19.561246+00:00,1,BOTH,708.0,68.0,561.7,17944,-0.009896127164538485,-1.8900210668427386,3.175
2026-07-28T08:13:19.627765+00:00,1,BOTH,707.5,67.5,561.6,18106,-0.006051140688359737,-1.1556827422763356,3.171
2026-07-28T08:13:19.677749+00:00,1,BOTH,707.5,67.5,561.6,18139,0.0015466727851890028,0.2953927429302468,3.168
2026-07-28T08:13:19.744486+00:00,1,BOTH,707.5,67.5,561.6,18319,-0.01105283829558175,-2.1109366199246824,3.166
2026-07-28T08:13:19.810978+00:00,1,BOTH,708.0,68.0,561.7,17221,-0.000815045377239585,-0.1556622007582542,3.175
2026-07-28T08:13:19.911157+00:00,1,BOTH,707.5,67.5,561.6,18290,0.007773621734231711,1.4846523896754824,3.171
2026-07-28T08:13:19.960952+00:00,1,BOTH,708.0,68.0,561.7,17628,0.0,0.0,3.177
2026-07-28T08:13:19.994203+00:00,1,RIGHT,321.29,-318.71,561.7,15641,-0.00010875679494347423,-0.020771017812102686,-0.823
2026-07-28T08:13:20.077610+00:00,1,BOTH,707.5,67.5,561.7,18391,-0.00907130701933056,-1.7324920229167995,0.772
2026-07-28T08:13:20.177603+00:00,1,BOTH,707.5,67.5,561.6,18270,0.0137145420309389,2.619284587758585,1.729
2026-07-28T08:13:20.227616+00:00,1,BOTH,707.5,67.5,561.6,18304,0.008013422067742795,1.5304508797955314,2.303
2026-07-28T08:13:20.311035+00:00,1,BOTH,708.0,68.0,561.7,17378,-0.006869563349173404,-1.3119899566846358,2.657
2026-07-28T08:13:20.361029+00:00,1,BOTH,707.5,67.5,561.6,18532,0.0015761004574596882,0.3010130143369283,2.86
2026-07-28T08:13:20.427636+00:00,1,BOTH,708.0,68.0,561.7,17340,0.0031239324680063874,0.596627153002177,2.991
2026-07-28T08:13:20.477696+00:00,1,BOTH,707.5,67.5,561.7,17965,0.0032630389410769566,0.6231945323684898,3.06
2026-07-28T08:13:20.527695+00:00,1,BOTH,707.5,67.5,561.6,18255,-9.596717194654047e-05,-0.01832837974781014,3.102
2026-07-28T08:13:20.594390+00:00,1,BOTH,707.5,67.5,561.6,18383,0.004672299786470831,0.8923435279488479,3.127
2026-07-28T08:13:20.677630+00:00,1,BOTH,708.0,68.0,561.7,17572,0.004063427057699301,0.77605740255144,3.151
2026-07-28T08:13:20.728867+00:00,1,BOTH,707.5,67.5,561.7,17994,-0.01467241557314992,-2.8022249586783774,3.156
2026-07-28T08:13:20.744120+00:00,1,BOTH,708.0,68.0,561.7,17630,-1.1995262175332753e-05,-0.002290926322664939,3.169
2026-07-28T08:13:20.827387+00:00,1,RIGHT,323.28,-316.72,561.7,15617,5.0735681725200266e-05,0.009689801445243316,-0.831
2026-07-28T08:13:20.877741+00:00,1,BOTH,707.5,67.5,561.7,18100,2.3508399026468395e-05,0.004489773491086974,0.767
2026-07-28T08:13:20.944228+00:00,1,BOTH,707.5,67.5,561.6,17997,-0.004088883796939626,-0.780919281613559,1.726
2026-07-28T08:13:21.010876+00:00,1,BOTH,708.0,68.0,561.7,17885,-0.00012864081538282334,-0.02456858598185792,2.31
2026-07-28T08:13:21.077575+00:00,1,BOTH,707.5,67.5,561.7,18008,0.00010085673769935966,0.019262218018770965,2.652
2026-07-28T08:13:21.144254+00:00,1,BOTH,707.5,67.5,561.6,17930,-0.002503014851608896,-0.4780406235191792,2.857
2026-07-28T08:13:21.210982+00:00,1,BOTH,707.5,67.5,561.6,17991,-0.005390479710840736,-1.0295057899402487,2.98
2026-07-28T08:13:21.277687+00:00,1,BOTH,707.5,67.5,561.6,17927,-0.01105050251702778,-2.1104905190812833,3.053
2026-07-28T08:13:21.344001+00:00,1,BOTH,707.5,67.5,561.6,18277,-3.905334197042975e-06,-0.000745863890262249,3.098
2026-07-28T08:13:21.394051+00:00,1,BOTH,707.5,67.5,561.6,18068,-1.5999831448425538e-05,-0.003055742716384901,3.124
2026-07-28T08:13:21.427370+00:00,1,BOTH,707.5,67.5,561.5,18210,1.6599551599938422e-06,0.0003170280828287016,3.14
2026-07-28T08:13:21.510912+00:00,1,BOTH,707.5,67.5,561.5,18215,0.01115454497281462,2.130361164437158,3.15
2026-07-28T08:13:21.545130+00:00,1,BOTH,708.0,68.0,561.6,17704,4.75262466352433e-06,0.0009076844494324235,3.165
2026-07-28T08:13:21.610789+00:00,1,BOTH,708.0,68.0,561.7,17773,2.0744798239320516e-05,0.0039619646198782894,3.174
2026-07-28T08:13:21.694087+00:00,1,BOTH,708.0,68.0,561.8,17730,3.606075915740803e-05,0.006887097685857383,3.179
2026-07-28T08:13:21.744123+00:00,1,BOTH,708.0,68.0,561.8,17779,-0.0004703671476499949,-0.08983350793983849,3.183
2026-07-28T08:13:21.794085+00:00,1,BOTH,707.5,67.5,561.7,18044,-0.002750405802507885,-0.5252888147733135,3.175
2026-07-28T08:13:21.860852+00:00,1,BOTH,707.5,67.5,561.7,17947,0.006957924544694833,1.3288657019383296,3.171
2026-07-28T08:13:21.927409+00:00,1,BOTH,708.0,68.0,561.8,17622,-7.444085204042493e-05,-0.014217155484247238,3.177
2026-07-28T08:13:21.977354+00:00,1,BOTH,707.5,67.5,561.7,18086,5.1910791371483355e-05,0.009914230855900423,3.172
2026-07-28T08:13:22.027262+00:00,1,BOTH,708.0,68.0,561.8,17895,6.094845535699278e-05,0.011640297532657332,3.178
2026-07-28T08:13:22.110793+00:00,1,BOTH,708.0,68.0,561.8,17736,0.0004452386563934851,0.08503431962474048,3.182
2026-07-28T08:13:22.160650+00:00,1,BOTH,708.0,68.0,561.8,17383,0.0038980032067047433,0.7444637742421427,3.184
2026-07-28T08:13:22.227302+00:00,1,BOTH,708.0,68.0,561.9,17673,-0.0016627000487642362,-0.31755231796795635,3.186
2026-07-28T08:13:22.277334+00:00,1,BOTH,707.5,67.5,561.8,17962,-2.3074066266417503e-05,-0.00440682204423636,3.177
2026-07-28T08:13:22.343684+00:00,1,RIGHT,321.2,-318.8,561.8,15681,8.29549683840014e-05,0.015843231926814864,-0.823
2026-07-28T08:13:22.394166+00:00,1,BOTH,708.0,68.0,561.8,17379,-1.1233995464863254e-05,-0.002145535090685906,0.781
2026-07-28T08:13:22.460740+00:00,1,BOTH,708.0,68.0,561.9,17512,8.243369957199321e-06,0.0015743676917081971,1.744
2026-07-28T08:13:22.510676+00:00,1,BOTH,707.5,67.5,561.8,18160,3.881519834976643e-05,0.007413156821349248,2.312
2026-07-28T08:13:22.560758+00:00,1,BOTH,707.5,67.5,561.7,17848,-2.674822004337329e-05,-0.005108533726575084,2.653
2026-07-28T08:13:22.660722+00:00,1,BOTH,707.0,67.0,561.6,18554,5.0656431703828275e-05,0.009674665806073526,2.848
2026-07-28T08:13:22.727409+00:00,1,BOTH,707.5,67.5,561.6,18168,-2.1514424588531256e-05,-0.004108952425251079,2.974
2026-07-28T08:13:22.793862+00:00,1,BOTH,707.5,67.5,561.6,18284,-7.5100979302078485e-06,-0.0014343230504361493,3.05
2026-07-28T08:13:22.827336+00:00,1,BOTH,707.5,67.5,561.5,17902,1.0569601727183908e-05,0.0020186452336727442,3.096
2026-07-28T08:13:22.843866+00:00,1,BOTH,707.5,67.5,561.5,18003,4.118174674658803e-06,0.0007865134271853677,3.123
2026-07-28T08:13:22.960587+00:00,1,BOTH,708.0,68.0,561.6,17661,-6.981645128689706e-07,-0.00013333959997733025,3.149
2026-07-28T08:13:23.011429+00:00,1,BOTH,707.5,67.5,561.6,17977,2.3750988766551015e-05,0.004536104718620006,3.155
2026-07-28T08:13:23.027286+00:00,1,BOTH,707.5,67.5,561.6,17971,8.035294013097882e-06,0.0015346281136574887,3.159
2026-07-28T08:13:23.110586+00:00,1,BOTH,707.5,67.5,561.6,18203,2.064779146166984e-05,0.003943437690066463,3.161
2026-07-28T08:13:23.160494+00:00,1,BOTH,708.0,68.0,561.7,17739,0.013295460129156708,2.5392458402837996,3.171
2026-07-28T08:13:23.226999+00:00,1,BOTH,707.5,67.5,561.6,18181,-6.549616518896073e-06,-0.0012508846132063705,3.169
2026-07-28T08:13:23.244026+00:00,1,BOTH,707.5,67.5,561.6,18224,4.052952892379835e-05,0.0077405698432901435,3.167
2026-07-28T08:13:23.277232+00:00,1,BOTH,708.0,68.0,561.7,17777,1.29734817892313e-05,0.0024777525070426177,3.175
2026-07-28T08:13:23.343847+00:00,1,BOTH,707.5,67.5,561.6,18152,1.530791341792792e-05,0.0029235961066631753,3.171
2026-07-28T08:13:23.410430+00:00,1,BOTH,707.5,67.5,561.6,18437,-0.0040737581969005985,-0.7780305047974283,3.168
2026-07-28T08:13:23.543827+00:00,1,BOTH,708.0,68.0,561.7,17569,4.7175167128443715e-05,0.009009793247613734,3.176
2026-07-28T08:13:23.593849+00:00,1,BOTH,707.5,67.5,561.7,18198,2.679512934264494e-05,0.0051174927428023565,3.171
2026-07-28T08:13:23.660629+00:00,1,BOTH,708.0,68.0,561.7,17616,8.414926942350575e-06,0.0016071326623587152,3.178
2026-07-28T08:13:23.743794+00:00,1,BOTH,708.0,68.0,561.8,17707,-0.008645719172782264,-1.6512107315192037,3.182
2026-07-28T08:13:23.777012+00:00,1,BOTH,707.5,67.5,561.7,18046,-1.908541889861226e-05,-0.0036450465104323417,3.175
2026-07-28T08:13:23.843756+00:00,1,BOTH,708.0,68.0,561.8,17809,4.2618034640327097e-05,0.00813944505344362,3.18
2026-07-28T08:13:23.910576+00:00,1,BOTH,708.0,68.0,561.8,17821,1.1089637591794598e-05,0.0021179647677981753,3.183
2026-07-28T08:13:23.960499+00:00,1,BOTH,708.0,68.0,561.9,17339,0.00038905972032807765,0.0743049331777967,3.185
2026-07-28T08:13:24.027135+00:00,1,BOTH,708.0,68.0,561.9,17729,2.36181661603041e-05,0.004510737469413753,3.186
2026-07-28T08:13:24.094433+00:00,1,BOTH,708.0,68.0,561.9,17218,2.36181661603041e-05,0.004510737469413753,3.186
2026-07-28T08:13:24.160448+00:00,1,BOTH,708.0,68.0,561.9,17669,2.36181661603041e-05,0.004510737469413753,3.187
2026-07-28T08:13:24.177047+00:00,1,BOTH,707.5,67.5,561.8,17964,2.36181661603041e-05,0.004510737469413753,3.178
2026-07-28T08:13:24.210566+00:00,1,BOTH,707.5,67.5,561.8,18351,2.36181661603041e-05,0.004510737469413753,3.172
2026-07-28T08:13:24.260376+00:00,1,BOTH,708.0,68.0,561.8,17568,2.36181661603041e-05,0.004510737469413753,3.178
2026-07-28T08:13:24.393776+00:00,1,BOTH,707.5,67.5,561.8,17878,0.0068862010352313515,1.3151675206579156,3.173
2026-07-28T08:13:24.443756+00:00,1,BOTH,707.5,67.5,561.7,18500,3.4115806192858146e-05,0.006515639031790163,3.169
2026-07-28T08:13:24.510524+00:00,1,BOTH,707.5,67.5,561.7,17791,1.0774620459415019e-05,0.002057800927265962,3.167
2026-07-28T08:13:24.576964+00:00,1,BOTH,707.5,67.5,561.6,18104,-6.192983040818945e-05,-0.011827726361167345,3.166
2026-07-28T08:13:24.643726+00:00,1,BOTH,707.5,67.5,561.6,18076,-6.192983040818945e-05,-0.011827726361167345,3.165
2026-07-28T08:13:24.660219+00:00,1,BOTH,708.0,68.0,561.7,17775,-0.0013057253720762674,-0.24937517674373066,3.174
2026-07-28T08:13:24.743720+00:00,1,BOTH,707.5,67.5,561.6,17865,-0.0013057253720762674,-0.24937517674373066,3.17
2026-07-28T08:13:24.793778+00:00,1,BOTH,707.5,67.5,561.6,18180,-0.0013057253720762674,-0.24937517674373066,3.168
2026-07-28T08:13:24.860271+00:00,1,BOTH,708.0,68.0,561.7,17720,-0.0013057253720762674,-0.24937517674373066,3.176
2026-07-28T08:13:24.926927+00:00,1,BOTH,707.5,67.5,561.7,17963,2.8697648376692085e-05,0.005480847113116382,3.171
2026-07-28T08:13:24.977030+00:00,1,BOTH,708.0,68.0,561.7,17758,5.009196465834975e-06,0.0009566860541473065,3.178
2026-07-28T08:13:25.010308+00:00,1,BOTH,707.0,67.0,561.8,18450,2.9969407478347422e-06,0.0005723735210057048,3.163
2026-07-28T08:13:25.160217+00:00,1,BOTH,708.0,68.0,561.8,17238,0.0018076845805626363,0.3452423238570517,3.173
2026-07-28T08:13:25.176986+00:00,1,BOTH,707.5,67.5,561.8,18210,-4.257236330886371e-05,-0.008130722471651638,3.169
2026-07-28T08:13:25.243449+00:00,1,BOTH,708.0,68.0,561.8,17766,1.2053916725562885e-05,0.0023021285165896873,3.177
2026-07-28T08:13:25.310199+00:00,1,BOTH,707.5,67.5,561.7,18315,-3.1027559452923013e-05,-0.005925827350812434,3.172
2026-07-28T08:13:25.360242+00:00,1,BOTH,707.5,67.5,561.7,18128,-5.730407283408567e-06,-0.0010944271741011276,3.169
2026-07-28T08:13:25.410193+00:00,1,BOTH,708.0,68.0,561.8,17634,2.443694276735186e-05,0.004667112282573346,3.176
2026-07-28T08:13:25.493594+00:00,1,BOTH,707.5,67.5,561.7,17869,2.145397229469381e-06,0.00040974068875885113,3.171
2026-07-28T08:13:25.543563+00:00,1,BOTH,707.5,67.5,561.7,18085,-4.7371984692290425e-05,-0.009047382633421943,3.168
2026-07-28T08:13:25.676843+00:00,1,BOTH,708.0,68.0,561.7,17666,-2.651060640346259e-05,-0.0050631528641696694,3.176
2026-07-28T08:13:25.694032+00:00,1,BOTH,707.5,67.5,561.7,18340,8.470197681162972e-06,0.001617688595907116,3.171
2026-07-28T08:13:25.760258+00:00,1,BOTH,707.5,67.5,561.6,18112,2.183876495109869e-07,4.170896871587269e-05,3.168
2026-07-28T08:13:25.826845+00:00,1,BOTH,707.5,67.5,561.6,17930,-2.903019863879308e-05,-0.005544359534764237,3.167
2026-07-28T08:13:25.876826+00:00,1,BOTH,708.0,68.0,561.7,17574,-2.140718512237072e-05,-0.004088471195890297,3.175
2026-07-28T08:13:25.943512+00:00,1,BOTH,707.5,67.5,561.7,17880,-1.92804291145876e-06,-0.00036822907182234145,3.171
2026-07-28T08:13:26.010253+00:00,1,BOTH,708.0,68.0,561.7,17816,0.0022077579272445293,0.4216507047255406,3.177
2026-07-28T08:13:26.076658+00:00,1,BOTH,707.5,67.5,561.7,18083,-0.007521572860277956,-1.4365146006468992,3.172
2026-07-28T08:13:26.093475+00:00,1,BOTH,708.0,68.0,561.7,17614,-3.832048969343305e-06,-0.0007318674427694279,3.178
2026-07-28T08:13:26.160053+00:00,1,BOTH,707.5,67.5,561.7,18137,0.0,0.0,3.173
2026-07-28T08:13:26.209890+00:00,1,RIGHT,321.3,-318.7,561.7,15604,-0.025260882447473706,-4.824473170054483,-0.827
2026-07-28T08:13:26.243520+00:00,1,BOTH,708.0,68.0,561.8,17360,1.6621897229924796e-05,0.0031745485292496165,0.779
2026-07-28T08:13:26.310111+00:00,1,BOTH,707.5,67.5,561.7,17978,0.007603100334526971,1.4520852012763326,1.733
2026-07-28T08:13:26.360131+00:00,1,BOTH,708.0,68.0,561.8,17816,-3.8849763222970065e-06,-0.0007419758225862491,2.315
2026-07-28T08:13:26.426686+00:00,1,BOTH,707.5,67.5,561.7,17931,0.010017283344641328,1.913160192782138,2.654
2026-07-28T08:13:26.443251+00:00,1,BOTH,707.5,67.5,561.7,18140,2.5103774678427723e-05,0.0047944677964043125,2.858
2026-07-28T08:13:26.560203+00:00,1,BOTH,708.0,68.0,561.7,17574,3.644482581876218e-05,0.006960449015014959,2.99
2026-07-28T08:13:26.610709+00:00,1,BOTH,707.5,67.5,561.7,18299,-0.004289000773569569,-0.8191388088462718,3.06
2026-07-28T08:13:26.676700+00:00,1,BOTH,707.5,67.5,561.7,18046,-2.693140544579364e-05,-0.005143519561332056,3.101
2026-07-28T08:13:26.726609+00:00,1,BOTH,707.5,67.5,561.6,18067,7.878358941525221e-05,0.015046557227951656,3.126
2026-07-28T08:13:26.793637+00:00,1,BOTH,708.0,68.0,561.7,17463,2.5288489996455605e-06,0.0004829745823519028,3.151
2026-07-28T08:13:26.809917+00:00,1,BOTH,708.0,68.0,561.8,17636,1.4416911544685717e-05,0.002753427283746413,3.166
2026-07-28T08:13:26.860103+00:00,1,BOTH,707.5,67.5,561.7,18083,3.4997437905985864e-05,0.006684018285947185,3.165
2026-07-28T08:13:26.959974+00:00,1,BOTH,707.5,67.5,561.7,18019,-1.0875664520426653e-05,-0.002077098921402059,3.165
2026-07-28T08:13:27.026593+00:00,1,BOTH,707.5,67.5,561.6,18020,-5.737571846111678e-06,-0.001095795504784278,3.164
2026-07-28T08:13:27.076659+00:00,1,BOTH,707.5,67.5,561.6,18325,-1.0436342563480122e-07,-1.9931946081338447e-05,3.164
2026-07-28T08:13:27.143306+00:00,1,BOTH,707.5,67.5,561.6,18343,9.812646349018905e-06,0.0018740774055107982,3.164
2026-07-28T08:13:27.193295+00:00,1,BOTH,708.0,68.0,561.7,17396,9.812646349018905e-06,0.0018740774055107982,3.174
2026-07-28T08:13:27.276544+00:00,1,BOTH,707.5,67.5,561.6,18113,9.812646349018905e-06,0.0018740774055107982,3.17
2026-07-28T08:13:27.359969+00:00,1,BOTH,707.5,67.5,561.6,18074,9.812646349018905e-06,0.0018740774055107982,3.167
2026-07-28T08:13:27.443134+00:00,1,BOTH,707.5,67.5,561.6,18234,-3.1821834272705016e-06,-0.000607752266730251,3.166
2026-07-28T08:13:27.459862+00:00,1,BOTH,707.5,67.5,561.6,18134,1.2741821701638402e-05,0.0024335086893736042,3.165
2026-07-28T08:13:27.559844+00:00,1,BOTH,708.0,68.0,561.7,17716,-0.016879601495311362,-3.2237664184801815,3.174
2026-07-28T08:13:27.626618+00:00,1,BOTH,707.5,67.5,561.6,18025,-2.9017390697845258e-05,-0.005541913398229026,3.17
2026-07-28T08:13:27.693240+00:00,1,BOTH,708.0,68.0,561.7,17485,0.01424383136210963,2.720371403816535,3.177
2026-07-28T08:13:27.776599+00:00,1,RIGHT,321.3,-318.7,561.7,15732,0.00709451122675091,1.3549518366700246,-0.823
2026-07-28T08:13:27.793015+00:00,1,BOTH,708.0,68.0,561.8,17882,-7.841827464289964e-06,-0.0014976787245786372,0.781
2026-07-28T08:13:27.876530+00:00,1,BOTH,707.5,67.5,561.7,18343,-8.335329475812614e-06,-0.0015919306660501851,1.734
2026-07-28T08:13:27.943163+00:00,1,BOTH,708.0,68.0,561.8,17793,-5.4682926420355214e-05,-0.010443669651035922,2.316
2026-07-28T08:13:28.043158+00:00,1,BOTH,708.0,68.0,561.8,17767,-5.446175091492478e-05,-0.010401428241059798,2.664
2026-07-28T08:13:28.109703+00:00,1,BOTH,707.5,67.5,561.8,18271,-0.007764721541898325,-1.4829525781502901,2.864
2026-07-28T08:13:28.176473+00:00,1,BOTH,707.5,67.5,561.7,18277,-4.1815244303506914e-05,-0.007986123392998012,2.984
2026-07-28T08:13:28.276542+00:00,1,BOTH,708.0,68.0,561.8,17818,0.008241955486009828,1.5740975476101946,3.066
2026-07-28T08:13:28.343139+00:00,1,BOTH,708.0,68.0,561.8,17795,-0.001951716645853594,-0.3727504220428003,3.114
2026-07-28T08:13:28.409854+00:00,1,BOTH,708.0,68.0,561.8,17778,-2.612932585179806e-05,-0.004990333642767012,3.144
2026-07-28T08:13:28.543050+00:00,1,BOTH,708.0,68.0,561.9,17416,-0.0012236930543440393,-0.2337081581112878,3.161
2026-07-28T08:13:28.609807+00:00,1,BOTH,707.5,67.5,561.8,18086,-2.7075265534222127e-05,-0.005170994814356494,3.162
2026-07-28T08:13:28.676400+00:00,1,BOTH,707.5,67.5,561.7,17976,5.1056624797638506e-05,0.009751097056958891,3.163
2026-07-28T08:13:28.726451+00:00,1,BOTH,708.0,68.0,561.8,17793,-3.059342270717025e-05,-0.005842913339935175,3.173
2026-07-28T08:13:28.826437+00:00,1,BOTH,708.0,68.0,561.8,17363,7.582537393318489e-05,0.01448157968790927,3.179
2026-07-28T08:13:28.909732+00:00,1,BOTH,707.5,67.5,561.8,18037,-2.4072597861959368e-05,-0.004597527531353069,3.173
2026-07-28T08:13:28.976295+00:00,1,BOTH,707.0,67.0,561.8,18239,6.148805958218873e-05,0.011743354348361181,3.16
2026-07-28T08:13:29.093129+00:00,1,BOTH,707.5,67.5,561.8,17949,-4.9976085720118135e-05,-0.009544729294489303,3.162
2026-07-28T08:13:29.193064+00:00,1,BOTH,708.0,68.0,561.8,17736,0.010499672647565603,2.0052897632482005,3.172
2026-07-28T08:13:29.293059+00:00,1,BOTH,707.5,67.5,561.7,18167,-3.170640335156349e-05,-0.006055476985280121,3.169
2026-07-28T08:13:29.393016+00:00,1,BOTH,707.5,67.5,561.7,18049,-3.170640335156349e-05,-0.006055476985280121,3.167
2026-07-28T08:13:29.476204+00:00,1,BOTH,707.5,67.5,561.7,18379,-3.170640335156349e-05,-0.006055476985280121,3.166
2026-07-28T08:13:29.543031+00:00,1,BOTH,707.5,67.5,561.6,18303,-3.170640335156349e-05,-0.006055476985280121,3.165
2026-07-28T08:13:29.626229+00:00,1,BOTH,707.5,67.5,561.6,18301,0.00025338258798001333,0.04839250964452342,3.165
2026-07-28T08:13:29.709514+00:00,1,BOTH,708.0,68.0,561.7,17736,-0.02197530155070126,-4.196973441274919,3.174
2026-07-28T08:13:29.776295+00:00,1,BOTH,707.5,67.5,561.6,18377,0.005301734963431955,1.0125567916719895,3.17
2026-07-28T08:13:29.909493+00:00,1,BOTH,708.0,68.0,561.7,17817,0.015314829427734367,2.924916967239777,3.177
2026-07-28T08:13:29.926261+00:00,1,BOTH,707.5,67.5,561.7,17867,-0.01286337129829917,-2.4567229523408693,3.172
2026-07-28T08:13:30.009478+00:00,1,BOTH,707.5,67.5,561.6,17845,-0.02451281093308353,-4.681602034892759,3.169
2026-07-28T08:13:30.076224+00:00,1,BOTH,708.0,68.0,561.7,17838,-0.02451281093308353,-4.681602034892759,3.176
2026-07-28T08:13:30.142930+00:00,1,BOTH,708.0,68.0,561.8,17848,-0.02451281093308353,-4.681602034892759,3.181
2026-07-28T08:13:30.209429+00:00,1,BOTH,707.0,67.0,561.8,17930,-0.02451281093308353,-4.681602034892759,3.165
2026-07-28T08:13:30.276102+00:00,1,BOTH,707.5,67.5,561.8,18194,-0.02451281093308353,-4.681602034892759,3.164
2026-07-28T08:13:30.292793+00:00,1,BOTH,707.75,67.75,561.8,17908,-0.014407417559996248,-2.751614066234852,3.169
2026-07-28T08:13:30.376069+00:00,1,BOTH,707.5,67.5,561.7,17928,0.002973209845076781,0.5678412524321496,3.167
2026-07-28T08:13:30.476200+00:00,1,BOTH,707.5,67.5,561.7,17973,0.0033611769636627286,0.6419375140482373,3.166
2026-07-28T08:13:30.526020+00:00,1,BOTH,707.5,67.5,561.8,17535,-0.007316458449931815,-1.3973406338797378,3.165
2026-07-28T08:13:30.609459+00:00,1,BOTH,707.0,67.0,561.9,18143,0.061960220108740034,11.833530366441396,3.155
2026-07-28T08:13:30.642960+00:00,1,BOTH,708.0,68.0,561.9,17203,0.042169687990099194,8.053817150720663,3.168
2026-07-28T08:13:30.725952+00:00,1,BOTH,708.0,68.0,561.9,17562,-0.02353206919040531,-4.494294159400201,3.176
2026-07-28T08:13:30.792710+00:00,1,BOTH,708.0,68.0,561.9,17561,0.008329666305799037,1.5908490802487085,3.181
2026-07-28T08:13:30.859391+00:00,1,BOTH,707.5,67.5,561.8,17884,-0.0077677880227565764,-1.483538232854075,3.174
2026-07-28T08:13:30.875925+00:00,1,BOTH,708.0,68.0,561.9,17368,-0.001826036898419261,-0.34874735838194226,3.179
2026-07-28T08:13:30.992745+00:00,1,BOTH,708.0,68.0,561.9,17463,-4.336358615546487e-05,-0.008281834904200215,3.183
2026-07-28T08:13:31.009358+00:00,1,BOTH,708.0,68.0,561.9,17929,0.013026217552251182,2.4878242958774224,3.185
2026-07-28T08:13:31.076011+00:00,1,BOTH,708.0,68.0,561.9,17471,0.006771184969693422,1.2932010702195045,3.186
2026-07-28T08:13:31.126006+00:00,1,BOTH,708.0,68.0,561.9,17507,0.0034431834070710464,0.6575995910488209,3.186
2026-07-28T08:13:31.142582+00:00,1,BOTH,707.5,67.5,561.9,18419,0.017812081701122223,3.4018570193883577,3.177
2026-07-28T08:13:31.242652+00:00,1,BOTH,707.5,67.5,561.8,17923,-0.00010043839109130203,-0.019182319702053245,3.172
2026-07-28T08:13:31.292756+00:00,1,BOTH,708.0,68.0,561.8,17712,-0.000899186929455027,-0.17173205350366913,3.178
2026-07-28T08:13:31.342722+00:00,1,BOTH,707.5,67.5,562.0,17683,0.001465917422901839,0.2799696048232321,3.173
2026-07-28T08:13:31.392722+00:00,1,BOTH,708.0,68.0,562.0,17503,-0.005085397191578522,-0.9712393207504371,3.179
2026-07-28T08:13:31.425783+00:00,1,BOTH,707.5,67.5,561.9,18104,-0.0008964041883336904,-0.17120058909790214,3.173
2026-07-28T08:13:31.492679+00:00,1,BOTH,708.0,68.0,561.9,17786,-3.3096267725341025e-05,-0.00632092152765694,3.179
2026-07-28T08:13:31.542696+00:00,1,BOTH,707.75,67.75,561.9,17891,-0.020872596353292465,-3.986372261746037,3.178
2026-07-28T08:13:31.593032+00:00,1,BOTH,708.0,68.0,561.9,17755,0.0038551116961752997,0.7362720991412159,3.182
2026-07-28T08:13:31.659308+00:00,1,BOTH,707.5,67.5,561.8,17800,0.00513964953366667,0.9816007548516064,3.175
2026-07-28T08:13:31.675847+00:00,1,BOTH,707.5,67.5,561.8,17962,-0.003863480492727831,-0.7378704215480949,3.17
2026-07-28T08:13:31.709214+00:00,1,BOTH,708.0,68.0,561.8,17745,0.0427726646559313,8.168977211044162,3.177
2026-07-28T08:13:31.825888+00:00,1,BOTH,707.5,67.5,561.9,17702,-0.014286529701203109,-2.728526185890784,3.172
2026-07-28T08:13:31.892995+00:00,1,BOTH,708.0,68.0,562.0,17643,-0.02447193063562736,-4.6737944731945,3.178
2026-07-28T08:13:31.909137+00:00,1,BOTH,707.5,67.5,562.1,17653,-0.008874148496543057,-1.6948375187476066,3.173
2026-07-28T08:13:31.959163+00:00,1,BOTH,707.5,67.5,562.0,17853,0.04218187727499753,8.056145132653855,3.169
2026-07-28T08:13:32.076113+00:00,1,BOTH,708.0,68.0,562.0,17729,-0.0017436867306241765,-0.33301963485910063,3.176
2026-07-28T08:13:32.142587+00:00,1,BOTH,708.0,68.0,562.0,17301,0.0017174803160014563,0.32801457834559467,3.181
2026-07-28T08:13:32.159495+00:00,1,BOTH,708.0,68.0,562.0,17244,0.0035043071530253657,0.6692733666195286,3.184
2026-07-28T08:13:32.242459+00:00,1,BOTH,708.0,68.0,562.0,17696,0.004056917657399026,0.7748141986702168,3.185
2026-07-28T08:13:32.325952+00:00,1,BOTH,707.5,67.5,561.9,18390,0.004056917657399026,0.7748141986702168,3.177
2026-07-28T08:13:32.342426+00:00,1,BOTH,708.0,68.0,561.9,17544,-0.0009327806301007513,-0.17814797772108884,3.181
2026-07-28T08:13:32.459052+00:00,1,BOTH,708.0,68.0,561.9,17670,-0.003603546016383916,-0.68822659339993,3.184
2026-07-28T08:13:32.542449+00:00,1,BOTH,708.0,68.0,561.9,17477,0.05150140260346234,9.836043360608206,3.185
2026-07-28T08:13:32.592438+00:00,1,BOTH,707.5,67.5,562.1,17436,-0.01439744132105261,-2.7497087449452366,3.177
2026-07-28T08:13:32.675728+00:00,1,BOTH,707.0,67.0,562.0,18008,-0.03017590886612197,-5.763174070000635,3.162
2026-07-28T08:13:32.725812+00:00,1,BOTH,707.0,67.0,562.0,17857,0.01102040555793792,2.10474242330786,3.154
2026-07-28T08:13:32.775850+00:00,1,BOTH,708.0,68.0,562.0,17799,-0.009262740621343255,-1.7690531477578477,3.167
2026-07-28T08:13:32.875605+00:00,1,BOTH,707.0,67.0,562.0,18450,-0.00765702220320236,-1.462383519604861,3.157
2026-07-28T08:13:32.892373+00:00,1,BOTH,708.0,68.0,562.0,17668,-0.004179077544249594,-0.7981450184779942,3.169
2026-07-28T08:13:32.975592+00:00,1,BOTH,707.5,67.5,561.9,17995,0.026751631528604776,5.109185272260535,3.167
2026-07-28T08:13:33.042352+00:00,1,BOTH,708.0,68.0,561.9,17544,0.019507579246128445,3.7256731977338533,3.175
2026-07-28T08:13:33.092169+00:00,1,BOTH,708.0,68.0,561.9,17831,-0.026639580819755794,-5.087785163232216,3.18
2026-07-28T08:13:33.159727+00:00,1,RIGHT,321.06,-318.94,561.9,15749,-0.0015359875853027916,-0.29335202007446826,-0.82
2026-07-28T08:13:33.192263+00:00,1,BOTH,708.0,68.0,562.0,17733,0.009848147169686855,1.8808575628225457,0.783
2026-07-28T08:13:33.292319+00:00,1,BOTH,707.5,67.5,561.9,18314,-0.0014745557896094397,-0.2816194113373382,1.735
2026-07-28T08:13:33.359031+00:00,1,BOTH,707.5,67.5,561.8,18025,-0.0065851404244313015,-1.257669179403004,2.307
2026-07-28T08:13:33.425740+00:00,1,BOTH,708.0,68.0,561.8,17766,0.013441527041140943,2.567142565561151,2.659
2026-07-28T08:13:33.475578+00:00,1,BOTH,708.0,68.0,561.9,17647,-0.02240206005051732,-4.278478310977568,2.87
2026-07-28T08:13:33.542317+00:00,1,BOTH,708.0,68.0,561.9,17832,-0.006395136742721661,-1.221381149223306,2.997
2026-07-28T08:13:33.642330+00:00,1,BOTH,707.5,67.5,561.8,18107,0.013684609325136989,2.613567862052397,3.064
2026-07-28T08:13:33.708919+00:00,1,BOTH,707.5,67.5,561.8,18315,0.022145473736454733,4.229473934722219,3.104
2026-07-28T08:13:33.758995+00:00,1,BOTH,708.0,68.0,561.8,17580,0.020103185476036744,3.8394256084853344,3.137
2026-07-28T08:13:33.825567+00:00,1,BOTH,707.5,67.5,561.7,18147,0.0064221863591228615,1.2265472454140947,3.148
2026-07-28T08:13:33.842285+00:00,1,BOTH,708.0,68.0,561.8,17596,2.7934054378420096e-06,0.0005335011401908032,3.164
2026-07-28T08:13:33.942274+00:00,1,BOTH,708.0,68.0,561.8,17435,1.507845008745787e-06,0.000287977183870001,3.173
2026-07-28T08:13:33.975599+00:00,1,BOTH,707.5,67.5,561.8,18095,0.002692857258953154,0.5142978525639439,3.17
2026-07-28T08:13:34.042227+00:00,1,BOTH,708.0,68.0,561.8,17649,0.0009330302639864386,0.17819565428133324,3.177
2026-07-28T08:13:34.092246+00:00,1,BOTH,707.5,67.5,561.8,18339,0.0009330302639864386,0.17819565428133324,3.172
2026-07-28T08:13:34.142197+00:00,1,BOTH,708.0,68.0,561.8,17675,-0.01250297605409287,-2.3878925308421772,3.178
2026-07-28T08:13:34.158858+00:00,1,BOTH,707.5,67.5,561.9,17789,-4.57233254564926e-05,-0.008732511913200347,3.172
2026-07-28T08:13:34.275524+00:00,1,BOTH,708.0,68.0,562.0,17653,-0.007398599358275533,-1.413028391791291,3.178
2026-07-28T08:13:34.358875+00:00,1,BOTH,707.0,67.0,562.0,18004,0.012040649987757206,2.299594756309114,3.163
2026-07-28T08:13:34.425692+00:00,1,BOTH,708.0,68.0,562.0,17644,0.012040649987757206,2.299594756309114,3.173
2026-07-28T08:13:34.442022+00:00,1,BOTH,707.5,67.5,561.9,17887,0.03167777017108165,6.050008450627968,3.169
2026-07-28T08:13:34.542166+00:00,1,BOTH,707.5,67.5,561.8,17867,-0.024070752847474067,-4.597175159542576,3.167
2026-07-28T08:13:34.592177+00:00,1,BOTH,708.0,68.0,561.8,17530,0.011291418320033698,2.1565020481820976,3.175
2026-07-28T08:13:34.658634+00:00,1,BOTH,708.0,68.0,561.9,17571,-0.014071024036384187,-2.6873676357065,3.18
2026-07-28T08:13:34.725457+00:00,1,BOTH,707.5,67.5,561.8,18062,0.0,0.0,3.174
2026-07-28T08:13:34.775262+00:00,1,RIGHT,322.2,-317.8,561.8,15773,3.370911690581124e-05,0.0064379670993869225,-0.826
2026-07-28T08:13:34.858733+00:00,1,BOTH,707.5,67.5,561.9,17431,0.01304291078762617,2.491012468988773,0.77
2026-07-28T08:13:34.908666+00:00,1,BOTH,708.0,68.0,562.0,17558,-0.01572220919653773,-3.0027207719446034,1.737
2026-07-28T08:13:34.958616+00:00,1,BOTH,707.5,67.5,561.9,17985,0.00012402509688399732,0.02368704868384728,2.308
2026-07-28T08:13:35.008666+00:00,1,BOTH,708.0,68.0,561.9,17682,0.015489331080025294,2.9582443278875417,2.66
2026-07-28T08:13:35.058658+00:00,1,BOTH,708.0,68.0,561.9,17781,0.0012555541847541463,0.23979318578800465,2.871
2026-07-28T08:13:35.125439+00:00,1,BOTH,708.0,68.0,561.9,17836,0.01757125246571377,3.3558620234808005,2.997
2026-07-28T08:13:35.175498+00:00,1,BOTH,708.0,68.0,561.9,17359,-9.687335477792657e-05,-0.01850144792016227,3.073
2026-07-28T08:13:35.292090+00:00,1,BOTH,707.0,67.0,562.0,17887,-0.007449565556016751,-1.4227622185526276,3.1
2026-07-28T08:13:35.358712+00:00,1,BOTH,707.5,67.5,561.9,18248,0.0068319134452030994,1.3047993546960648,3.126
2026-07-28T08:13:35.408697+00:00,1,BOTH,708.0,68.0,561.9,17282,-0.001946638145018369,-0.37178049982909345,3.15
2026-07-28T08:13:35.425179+00:00,1,BOTH,707.5,67.5,561.8,18351,0.016587284309061943,3.1679379483094103,3.156
2026-07-28T08:13:35.542000+00:00,1,BOTH,707.5,67.5,561.8,17968,-0.005311968156893272,-1.0145111876595707,3.159
2026-07-28T08:13:35.608649+00:00,1,BOTH,708.0,68.0,561.8,17860,-0.0017271469440311193,-0.3298607683063365,3.171
2026-07-28T08:13:35.625391+00:00,1,BOTH,707.5,67.5,561.7,18056,0.0018717238442332018,0.3574729222952146,3.168
2026-07-28T08:13:35.708643+00:00,1,BOTH,707.5,67.5,561.7,18367,5.569613043917343e-05,0.010637177364582513,3.166
2026-07-28T08:13:35.758629+00:00,1,BOTH,707.5,67.5,561.7,17928,-1.993222773307934e-05,-0.003806775084663529,3.165
2026-07-28T08:13:35.775254+00:00,1,BOTH,708.0,68.0,561.7,17688,2.811040612868965e-05,0.0053686921052420004,3.174
2026-07-28T08:13:35.858613+00:00,1,BOTH,708.0,68.0,561.8,17687,-5.850540430401451e-05,-0.01117370915108851,3.18
2026-07-28T08:13:35.908695+00:00,1,BOTH,707.5,67.5,561.7,17849,0.032613928087521345,6.2288014425271525,3.173
2026-07-28T08:13:35.958578+00:00,1,BOTH,707.5,67.5,561.7,17959,0.0418567450167393,7.99404944538134,3.17
2026-07-28T08:13:36.025197+00:00,1,BOTH,707.5,67.5,561.8,17784,-0.001914659694302827,-0.3656730656245346,3.167
2026-07-28T08:13:36.092472+00:00,1,BOTH,708.0,68.0,561.9,17323,0.0050055241465452125,0.9559846928262137,3.175
2026-07-28T08:13:36.143162+00:00,1,BOTH,707.5,67.5,561.8,18158,-0.02440167189575732,-4.66037604229963,3.171
2026-07-28T08:13:36.191903+00:00,1,BOTH,708.5,68.5,561.7,17682,-0.008194662645692005,-1.56506528043887,3.187
2026-07-28T08:13:36.258511+00:00,1,BOTH,707.5,67.5,561.7,17887,0.0073832234306610185,1.4100918059299232,3.178
2026-07-28T08:13:36.275370+00:00,1,BOTH,708.0,68.0,561.8,17466,-0.021029113292461262,-4.01626479520163,3.182
2026-07-28T08:13:36.375119+00:00,1,BOTH,708.0,68.0,561.8,17672,-0.03511988115118583,-6.707403223213332,3.184
2026-07-28T08:13:36.475264+00:00,1,BOTH,708.5,68.5,561.7,17374,0.03111449104442727,5.9424300618109305,3.195
2026-07-28T08:13:36.525107+00:00,1,BOTH,707.5,67.5,561.7,17890,0.02376160950632766,4.538133130501702,3.182
2026-07-28T08:13:36.608439+00:00,1,BOTH,707.5,67.5,561.7,18007,0.033152400692924855,6.3316421347706004,3.175
2026-07-28T08:13:36.641841+00:00,1,BOTH,707.5,67.5,561.6,18059,-0.01600409216363914,-3.056556453049723,3.171
2026-07-28T08:13:36.708482+00:00,1,BOTH,707.0,67.0,561.7,17859,-0.013017159814480692,-2.4860943953901375,3.159
2026-07-28T08:13:36.741684+00:00,1,BOTH,707.5,67.5,561.7,18322,0.012287625268800183,2.346763560468514,3.161
2026-07-28T08:13:36.808270+00:00,1,BOTH,707.5,67.5,561.6,18009,0.00249148063827306,0.4758377510386895,3.162
2026-07-28T08:13:36.858380+00:00,1,BOTH,707.5,67.5,561.6,18289,0.01362593706289772,2.602362285383081,3.163
2026-07-28T08:13:36.925239+00:00,1,BOTH,707.0,67.0,561.7,17834,-0.008567062474321574,-1.6361884086784346,3.154
2026-07-28T08:13:36.992250+00:00,1,BOTH,707.5,67.5,561.6,17890,0.0015461311653052689,0.29528930115211904,3.158
2026-07-28T08:13:37.025061+00:00,1,BOTH,707.5,67.5,561.6,18042,-0.007925545864272862,-1.5136677612006648,3.16
2026-07-28T08:13:37.108333+00:00,1,BOTH,708.5,68.5,561.6,17690,-0.020195889691240154,-3.857130809399427,3.181
2026-07-28T08:13:37.158207+00:00,1,BOTH,708.0,68.0,561.7,17674,0.02976641107816249,5.684965753433897,3.183
2026-07-28T08:13:37.225096+00:00,1,BOTH,708.0,68.0,561.7,17868,-0.003620931358309463,-0.6915469491256822,3.185
2026-07-28T08:13:37.308278+00:00,1,BOTH,708.0,68.0,561.6,17915,0.026607163025764748,5.081593820642844,3.186
2026-07-28T08:13:37.358326+00:00,1,BOTH,708.0,68.0,561.7,17796,0.009627623771084472,1.8387406960765535,3.187
2026-07-28T08:13:37.408289+00:00,1,BOTH,708.0,68.0,561.7,17715,0.009981602135703725,1.906345583848641,3.187
2026-07-28T08:13:37.475108+00:00,1,BOTH,707.5,67.5,561.7,17800,0.014740339425043204,2.815197458817567,3.178
2026-07-28T08:13:37.558300+00:00,1,BOTH,707.5,67.5,561.7,17986,-0.015179454624885694,-2.8990622843876284,3.172
2026-07-28T08:13:37.574828+00:00,1,BOTH,707.5,67.5,561.6,17956,0.003735700190300122,0.7134661814347182,3.169
2026-07-28T08:13:37.641604+00:00,1,BOTH,707.5,67.5,561.6,18157,-0.006124312228057534,-1.1696574769601948,3.167
2026-07-28T08:13:37.708288+00:00,1,BOTH,707.5,67.5,561.6,18112,0.028206454906612635,5.387036070583255,3.166
2026-07-28T08:13:37.758252+00:00,1,BOTH,708.0,68.0,561.7,17583,-0.0003607545647537336,-0.06889904666822633,3.175
2026-07-28T08:13:37.841610+00:00,1,BOTH,707.5,67.5,561.6,18119,9.40749974688515e-05,0.017967001042230313,3.17
2026-07-28T08:13:37.924780+00:00,1,BOTH,708.0,68.0,561.7,17681,-0.0007730694534257054,-0.14764538983926095,3.177
2026-07-28T08:13:37.941592+00:00,1,BOTH,707.5,67.5,561.7,18116,-0.012611830646637828,-2.4086822266203183,3.172
2026-07-28T08:13:37.991513+00:00,1,BOTH,708.0,68.0,561.7,17679,-0.002294992809765972,-0.43831134004153477,3.178
2026-07-28T08:13:38.058333+00:00,1,BOTH,707.5,67.5,561.7,18554,-0.004854589955648407,-0.9271583857508507,3.173
2026-07-28T08:13:38.108327+00:00,1,BOTH,708.0,68.0,561.7,17659,0.006242850500857457,1.1922966194342148,3.179
2026-07-28T08:13:38.158191+00:00,1,BOTH,707.5,67.5,561.7,17943,3.955461666919291e-05,0.00755437531800856,3.173
2026-07-28T08:13:38.224996+00:00,1,BOTH,708.0,68.0,561.8,17853,0.013944940054643666,2.6632873689800456,3.179
2026-07-28T08:13:38.309294+00:00,1,BOTH,707.5,67.5,561.7,18366,-5.334515590220685e-06,-0.0010188174302212818,3.173
2026-07-28T08:13:38.358069+00:00,1,BOTH,707.5,67.5,561.7,18311,2.4328320723725482e-05,0.0046463670003670885,3.169
2026-07-28T08:13:38.441506+00:00,1,BOTH,708.0,68.0,561.7,17191,8.248261583503335e-06,0.0015753019235154478,3.177
2026-07-28T08:13:38.508135+00:00,1,BOTH,708.0,68.0,561.8,17905,-0.0005024828993191476,-0.09596716469494743,3.181
2026-07-28T08:13:38.608127+00:00,1,BOTH,708.0,68.0,561.8,17320,-0.015172185293049551,-2.8976739442739916,3.184
2026-07-28T08:13:38.658134+00:00,1,BOTH,707.5,67.5,561.8,17906,0.001872946609655628,0.3577064532886798,3.176
2026-07-28T08:13:38.674758+00:00,1,BOTH,707.5,67.5,561.7,18016,0.010090639827540144,1.9271702490155571,3.171
2026-07-28T08:13:38.791489+00:00,1,BOTH,708.0,68.0,561.8,17669,-0.0031111687724478545,-0.5941894667138642,3.178
2026-07-28T08:13:38.858089+00:00,1,BOTH,707.5,67.5,561.7,17949,-6.940362509340048e-05,-0.01325511600253367,3.172
2026-07-28T08:13:38.941577+00:00,1,BOTH,707.5,67.5,561.7,18257,0.00018897469039075076,0.036091507313938176,3.169
2026-07-28T08:13:38.991437+00:00,1,BOTH,707.5,67.5,561.6,17917,-0.0007110809056030121,-0.13580644927797694,3.167
2026-07-28T08:13:39.076979+00:00,1,BOTH,708.0,68.0,561.7,17823,-0.0017993520107120276,-0.3436509202405923,3.175
2026-07-28T08:13:39.124910+00:00,1,BOTH,707.5,67.5,561.7,17986,0.0016170436423271896,0.308832586646034,3.171
2026-07-28T08:13:39.241447+00:00,1,BOTH,707.0,67.0,561.5,18694,-0.010397924536373466,-1.9858573054324096,3.159
2026-07-28T08:13:39.308106+00:00,1,BOTH,707.5,67.5,561.5,18137,0.0,0.0,3.161
2026-07-28T08:13:39.374380+00:00,1,RIGHT,321.47,-318.53,561.5,15549,-0.00745663077919744,-1.4241115767845325,-0.839
2026-07-28T08:13:39.458016+00:00,1,BOTH,707.0,67.0,561.4,18581,0.008987025183159858,1.716395377909485,0.753
2026-07-28T08:13:39.491335+00:00,1,BOTH,708.0,68.0,561.5,17761,0.02201356502948329,4.20428122742058,1.727
2026-07-28T08:13:39.591336+00:00,1,BOTH,708.0,68.0,561.6,17596,0.020625148227554745,3.939113150902058,2.311
2026-07-28T08:13:39.608187+00:00,1,BOTH,707.5,67.5,561.6,18052,-0.030140284998342395,-5.756370412421629,2.652
2026-07-28T08:13:39.674784+00:00,1,BOTH,707.5,67.5,561.6,18063,-0.009480810574314092,-1.8107014409039988,2.857
2026-07-28T08:13:39.774668+00:00,1,BOTH,708.0,68.0,561.7,17534,0.02269392655871343,4.334220707980426,2.989
2026-07-28T08:13:39.841302+00:00,1,BOTH,708.0,68.0,561.7,17385,0.001163312647258863,0.22217634980707973,3.069
2026-07-28T08:13:39.907970+00:00,1,BOTH,708.0,68.0,561.8,17671,-0.0006382113508880138,-0.12188938947742019,3.116
2026-07-28T08:13:39.974524+00:00,1,BOTH,707.5,67.5,561.7,18038,-0.04127563553891377,-7.8830657103331605,3.135
2026-07-28T08:13:40.057963+00:00,1,BOTH,707.5,67.5,561.7,18247,0.013671491221757606,2.611062488856214,3.147
2026-07-28T08:13:40.141157+00:00,1,BOTH,707.5,67.5,561.8,17657,0.004457423244602978,0.8513051313975342,3.154
2026-07-28T08:13:40.207957+00:00,1,BOTH,708.0,68.0,561.9,17803,0.009701744534540922,1.8528967191443604,3.167
2026-07-28T08:13:40.291177+00:00,1,BOTH,708.0,68.0,561.9,17671,-8.27871705405414e-05,-0.01581118489934268,3.175
2026-07-28T08:13:40.357884+00:00,1,BOTH,707.0,67.0,561.9,18171,-0.0025906403534645506,-0.4947758616326618,3.161
2026-07-28T08:13:40.441224+00:00,1,BOTH,707.5,67.5,561.8,17955,-0.005604348472552374,-1.0703517146594685,3.162
2026-07-28T08:13:40.474517+00:00,1,BOTH,708.0,68.0,561.9,17647,0.010502764617558568,2.0058802860181273,3.172
2026-07-28T08:13:40.557910+00:00,1,BOTH,707.5,67.5,561.8,18321,-0.017389600321184844,-3.3211690194107746,3.169
2026-07-28T08:13:40.641216+00:00,1,BOTH,707.5,67.5,561.7,18177,0.003579575878684409,0.683648634318166,3.167
2026-07-28T08:13:40.724486+00:00,1,BOTH,708.5,68.5,561.9,17003,-0.0041609224968124185,-0.794677659827961,3.185
2026-07-28T08:13:40.757702+00:00,1,BOTH,707.5,67.5,561.8,17955,0.00011776502011343836,0.02249146208924423,3.176
2026-07-28T08:13:40.841184+00:00,1,BOTH,707.5,67.5,561.7,18023,-0.0010041886055842041,-0.1917858964503405,3.171
2026-07-28T08:13:40.907626+00:00,1,BOTH,707.5,67.5,561.7,18213,-8.816243964247405e-05,-0.01683778567696874,3.169
2026-07-28T08:13:40.991232+00:00,1,BOTH,708.0,68.0,561.8,17632,0.020336742697982118,3.8840317521262344,3.176
2026-07-28T08:13:41.074393+00:00,1,BOTH,707.5,67.5,561.7,18249,-2.562068402767371e-08,-4.89319021007981e-06,3.171
2026-07-28T08:13:41.141074+00:00,1,BOTH,708.0,68.0,561.8,17394,4.854971193708479e-05,0.00927231196856957,3.178
2026-07-28T08:13:41.241109+00:00,1,BOTH,708.0,68.0,561.8,17602,-7.556168362498283e-05,-0.01443121854871433,3.182
2026-07-28T08:13:41.291084+00:00,1,BOTH,707.5,67.5,561.8,17784,-1.5739069785922768e-05,-0.0030059409073174893,3.175
2026-07-28T08:13:41.357701+00:00,1,BOTH,707.5,67.5,561.7,18028,6.188338156789541e-05,0.011818855286126927,3.17
2026-07-28T08:13:41.407763+00:00,1,BOTH,708.0,68.0,561.8,17501,-6.720832956489176e-05,-0.012835845440642034,3.177
2026-07-28T08:13:41.474424+00:00,1,BOTH,707.5,67.5,561.9,17723,7.903466146672145e-05,0.01509450845762792,3.172
2026-07-28T08:13:41.524508+00:00,1,BOTH,708.0,68.0,561.9,17820,7.616126909852027e-05,0.014545730939017825,3.178
2026-07-28T08:13:41.591035+00:00,1,BOTH,708.0,68.0,561.9,17488,-2.3657844867557287e-05,-0.004518315544287562,3.182
2026-07-28T08:13:41.674389+00:00,1,BOTH,708.0,68.0,562.0,17808,-8.615934289991856e-05,-0.016455222379285962,3.184
2026-07-28T08:13:41.774377+00:00,1,BOTH,707.5,67.5,561.9,18177,-0.0025500415707938374,-0.4870220652979927,3.176
2026-07-28T08:13:41.807616+00:00,1,BOTH,708.0,68.0,561.9,17639,-6.127154803834855e-05,-0.011702003689434835,3.181
2026-07-28T08:13:41.891072+00:00,1,BOTH,707.5,67.5,561.8,17831,0.027527527848724274,5.257370553869131,3.174
2026-07-28T08:13:41.941562+00:00,1,BOTH,707.5,67.5,561.7,18418,-0.0038126716791884972,-0.7281666529551916,3.17
2026-07-28T08:13:42.007562+00:00,1,BOTH,707.5,67.5,561.7,18310,0.015187519387109206,2.900602540514907,3.168
2026-07-28T08:13:42.074369+00:00,1,BOTH,708.0,68.0,561.8,17743,0.012965843252022751,2.4762936538969393,3.176
2026-07-28T08:13:42.140901+00:00,1,BOTH,708.0,68.0,561.8,17640,-0.010020110522732465,-1.9137001440239847,3.18
2026-07-28T08:13:42.190800+00:00,1,BOTH,707.5,67.5,561.7,18160,-0.0015835807455005125,-0.30244164411786634,3.174
2026-07-28T08:13:42.257637+00:00,1,BOTH,707.5,67.5,561.7,18086,-0.0075220737024210395,-1.4366102544502357,3.17
2026-07-28T08:13:42.307617+00:00,1,BOTH,707.5,67.5,561.7,17908,0.0005565897905034944,0.10630081971973632,3.168
2026-07-28T08:13:42.324116+00:00,1,BOTH,707.5,67.5,561.6,18366,-0.0004540597395680379,-0.08671902241352628,3.166
2026-07-28T08:13:42.407464+00:00,1,BOTH,707.5,67.5,561.6,17941,5.735466198530048e-05,0.01095393355719047,3.165
2026-07-28T08:13:42.457459+00:00,1,RIGHT,321.4,-318.6,561.6,15728,9.340545366285367e-06,0.0017839127594620973,-0.835
2026-07-28T08:13:42.557624+00:00,1,BOTH,707.5,67.5,561.6,18036,-4.72852581879124e-05,-0.00903081909117933,0.765
2026-07-28T08:13:42.607577+00:00,1,BOTH,707.5,67.5,561.6,18146,0.0029771197179798035,0.5685879831514022,1.725
2026-07-28T08:13:42.657477+00:00,1,BOTH,708.0,68.0,561.7,17859,0.003122576653549913,0.5963682115149809,2.31
2026-07-28T08:13:42.724209+00:00,1,BOTH,707.5,67.5,561.6,18033,0.006308171579767077,1.2047720265500887,2.651
2026-07-28T08:13:42.757535+00:00,1,BOTH,707.5,67.5,561.6,17982,0.011382726666051895,2.173940657719307,2.856
2026-07-28T08:13:42.840748+00:00,1,BOTH,707.5,67.5,561.6,18022,0.003308546972621116,0.6318859261732516,2.98
2026-07-28T08:13:42.890857+00:00,1,BOTH,707.5,67.5,561.6,18332,2.9869620047975327e-05,0.005704677214694459,3.053
2026-07-28T08:13:42.957529+00:00,1,BOTH,707.5,67.5,561.5,18012,3.3144520421046765e-05,0.006330137113703833,3.098
2026-07-28T08:13:42.974080+00:00,1,BOTH,708.0,68.0,561.6,17495,-0.017244991270708852,-3.293550725171879,3.134
2026-07-28T08:13:43.057436+00:00,1,BOTH,707.5,67.5,561.6,17864,0.0022493364399997517,0.4295916157232243,3.146
2026-07-28T08:13:43.124099+00:00,1,BOTH,707.5,67.5,561.6,18333,5.43338930583559e-05,0.010377009189196514,3.153
2026-07-28T08:13:43.190818+00:00,1,BOTH,707.5,67.5,561.6,18326,7.848105859011411e-05,0.014988778096441578,3.157
2026-07-28T08:13:43.274078+00:00,1,BOTH,707.0,67.0,561.5,18716,-8.049166935961694e-05,-0.015372776467561789,3.151
2026-07-28T08:13:43.374004+00:00,1,BOTH,708.0,68.0,561.6,17804,-2.6325598591938613e-05,-0.005027818974912084,3.165
2026-07-28T08:13:43.407454+00:00,1,BOTH,708.0,68.0,561.7,17732,0.005993426688946784,1.1446601803257264,3.174
2026-07-28T08:13:43.507489+00:00,1,BOTH,707.5,67.5,561.6,17842,-4.514356842264533e-05,-0.00862178647592544,3.17
2026-07-28T08:13:43.573920+00:00,1,BOTH,708.0,68.0,561.7,17792,4.3962736817775294e-05,0.008396264251676399,3.177
2026-07-28T08:13:43.640674+00:00,1,BOTH,707.5,67.5,561.7,18213,3.69142708950676e-05,0.007050106420299951,3.172
2026-07-28T08:13:43.707437+00:00,1,BOTH,707.5,67.5,561.6,18386,-9.34848835458979e-05,-0.017854297584839814,3.169
2026-07-28T08:13:43.774047+00:00,1,BOTH,707.5,67.5,561.6,18483,6.0218667495064435e-05,0.011500918317896097,3.167
2026-07-28T08:13:43.840715+00:00,1,BOTH,707.5,67.5,561.6,18105,2.2980102075962348e-05,0.0043888762057748805,3.166
2026-07-28T08:13:43.907297+00:00,1,BOTH,708.0,68.0,561.7,17655,-0.020146040231920778,-3.8476102639660628,3.174
2026-07-28T08:13:43.940485+00:00,1,BOTH,708.0,68.0,561.7,17717,2.3745101352687924e-05,0.004534980305398,3.18
2026-07-28T08:13:43.957312+00:00,1,BOTH,708.0,68.0,561.8,17499,-1.8174009164795278e-05,-0.0034709800732494922,3.183
2026-07-28T08:13:44.040709+00:00,1,BOTH,708.0,68.0,561.8,17495,0.009004328598966821,1.719700086899148,3.185
2026-07-28T08:13:44.107247+00:00,1,BOTH,708.0,68.0,561.9,17625,-0.0015840337896952405,-0.30252816918550235,3.186
2026-07-28T08:13:44.123982+00:00,1,BOTH,708.0,68.0,561.9,17701,0.022005605319573077,4.202761034807235,3.186
2026-07-28T08:13:44.207210+00:00,1,BOTH,707.0,67.0,561.7,18690,0.009831082198070362,1.8775983933187606,3.168
2026-07-28T08:13:44.257195+00:00,1,BOTH,707.5,67.5,561.7,18063,0.0028908630265505053,0.552114168572532,3.167
2026-07-28T08:13:44.340686+00:00,1,BOTH,708.0,68.0,561.7,17737,-0.003431264934479259,-0.655323330456315,3.175
2026-07-28T08:13:44.390580+00:00,1,BOTH,708.0,68.0,561.8,17721,1.7322035446341034e-05,0.0033082650788378415,3.18
2026-07-28T08:13:44.407300+00:00,1,BOTH,707.5,67.5,561.7,17890,8.182064979337155e-05,0.015626593033927137,3.174
2026-07-28T08:13:44.490415+00:00,1,BOTH,708.0,68.0,561.8,17311,0.00885135717340745,1.6904846966636429,3.179
2026-07-28T08:13:44.623744+00:00,1,BOTH,708.0,68.0,561.8,17845,-0.011630002647871151,-2.22116689149663,3.182
2026-07-28T08:13:44.673889+00:00,1,BOTH,707.5,67.5,561.8,18316,0.003858018238679506,0.7368272078694373,3.175
2026-07-28T08:13:44.757302+00:00,1,BOTH,707.5,67.5,561.7,18374,4.824566276511177e-06,0.0009214242854174566,3.171
2026-07-28T08:13:44.808113+00:00,1,BOTH,707.5,67.5,561.7,18193,2.218500303570181e-05,0.004237023474768776,3.168
2026-07-28T08:13:44.873802+00:00,1,BOTH,707.5,67.5,561.6,17932,5.748536968894769e-06,0.0010978896889753242,3.166
2026-07-28T08:13:44.957165+00:00,1,BOTH,707.5,67.5,561.6,18280,-0.012563708594534546,-2.3994915916635624,3.165
2026-07-28T08:13:44.991469+00:00,1,BOTH,707.5,67.5,561.6,18342,-0.03162772685289383,-6.040450880877993,3.165
2026-07-28T08:13:45.073771+00:00,1,BOTH,708.0,68.0,561.7,17872,-0.007973448186094174,-1.5228164307647933,3.174
2026-07-28T08:13:45.123807+00:00,1,BOTH,708.0,68.0,561.7,17697,-0.007367566683969926,-1.407101587575573,3.179
2026-07-28T08:13:45.173739+00:00,1,BOTH,707.5,67.5,561.7,18127,6.626265530940145e-06,0.0012655234961862797,3.173
2026-07-28T08:13:45.190385+00:00,1,BOTH,708.0,68.0,561.8,17762,6.0569145425688475e-05,0.01156785467202022,3.179
2026-07-28T08:13:45.307158+00:00,1,BOTH,707.0,67.0,561.6,18602,-0.007483117695664987,-1.429170205204219,3.164
2026-07-28T08:13:45.390450+00:00,1,BOTH,708.0,68.0,561.7,17512,0.00010375521378591657,0.019815786174701984,3.173
2026-07-28T08:13:45.440464+00:00,1,BOTH,708.0,68.0,561.7,17756,1.956800348125398e-05,0.0037372133765771844,3.179
2026-07-28T08:13:45.506958+00:00,1,BOTH,707.5,67.5,561.7,18213,4.214752611005679e-05,0.008049584543412312,3.173
2026-07-28T08:13:45.557144+00:00,1,BOTH,707.5,67.5,561.7,17900,7.638375274837016e-05,0.014588222186174709,3.169
2026-07-28T08:13:45.607051+00:00,1,BOTH,708.0,68.0,561.7,17633,-3.4133374574594195e-05,-0.006518994345544664,3.177
2026-07-28T08:13:45.673768+00:00,1,BOTH,707.5,67.5,561.7,17828,0.052295916008297354,9.987784243486924,3.172
2026-07-28T08:13:45.723651+00:00,1,BOTH,708.0,68.0,561.7,17702,4.599634237820283e-05,0.008784654304365846,3.178
2026-07-28T08:13:45.773626+00:00,1,BOTH,707.5,67.5,561.7,17964,0.00281282245166949,0.5372095166676758,3.172
2026-07-28T08:13:45.840383+00:00,1,BOTH,707.5,67.5,561.7,17937,0.012023811239050702,2.296378792198567,3.169
2026-07-28T08:13:45.856977+00:00,1,BOTH,708.0,68.0,561.7,17713,-0.00361133994651027,-0.6897151244067965,3.176
2026-07-28T08:13:45.890373+00:00,1,BOTH,707.5,67.5,561.7,17926,0.0051441834022989495,0.9824666599765942,3.171
2026-07-28T08:13:45.990365+00:00,1,BOTH,707.0,67.0,561.7,18289,-0.034588456430938094,-6.6059085778829445,3.159
2026-07-28T08:13:46.040309+00:00,1,BOTH,707.5,67.5,561.7,18418,0.018234881076496096,3.482605752020658,3.161
2026-07-28T08:13:46.123899+00:00,1,BOTH,707.5,67.5,561.7,18432,0.010924008716829121,2.0863319827947686,3.162
2026-07-28T08:13:46.190157+00:00,1,BOTH,708.0,68.0,561.7,17475,0.007741658278973773,1.4785478193923656,3.172
2026-07-28T08:13:46.256932+00:00,1,BOTH,707.5,67.5,561.7,18103,0.003440165133215487,0.6570231432043601,3.169
2026-07-28T08:13:46.340136+00:00,1,BOTH,707.5,67.5,561.6,18534,-0.027108990913038724,-5.177435887252063,3.167
2026-07-28T08:13:46.407310+00:00,1,BOTH,707.5,67.5,561.6,18019,-0.027108990913038724,-5.177435887252063,3.166
2026-07-28T08:13:46.473677+00:00,1,BOTH,707.5,67.5,561.6,18457,0.00390990773026715,0.746737370766276,3.165
2026-07-28T08:13:46.506984+00:00,1,BOTH,708.0,68.0,561.7,17595,0.01278640836244449,2.442024114329505,3.174
2026-07-28T08:13:46.590315+00:00,1,BOTH,707.5,67.5,561.6,17962,0.000933068823069334,0.17820301852370593,3.17
2026-07-28T08:13:46.673658+00:00,1,BOTH,708.0,68.0,561.7,17764,0.000933068823069334,0.17820301852370593,3.177
2026-07-28T08:13:46.740226+00:00,1,BOTH,707.0,67.0,561.6,18616,-0.00965467166970484,-1.8439064641953697,3.162
2026-07-28T08:13:46.773546+00:00,1,BOTH,708.0,68.0,561.7,17717,0.02419862218317576,4.621596403758737,3.172
2026-07-28T08:13:46.823462+00:00,1,BOTH,707.5,67.5,561.6,18028,0.0037089794524945317,0.7083628964289316,3.169
2026-07-28T08:13:46.906755+00:00,1,BOTH,707.5,67.5,561.6,18341,0.006000084497500211,1.1459317280954515,3.167
2026-07-28T08:13:46.956910+00:00,1,BOTH,707.5,67.5,561.8,17596,-0.014676969479114631,-2.8030946906519687,3.166
2026-07-28T08:13:47.023432+00:00,1,BOTH,708.0,68.0,561.8,17853,-0.004972160982433706,-0.9496127978435747,3.175
2026-07-28T08:13:47.056879+00:00,1,BOTH,708.0,68.0,561.9,17811,0.019996254357392898,3.8190032691623172,3.18
2026-07-28T08:13:47.140116+00:00,1,BOTH,707.5,67.5,561.8,18054,-0.03619862187304534,-6.913427525051482,3.173
2026-07-28T08:13:47.206813+00:00,1,BOTH,707.5,67.5,561.7,18010,0.009526232824719046,1.8193764517179662,3.17
2026-07-28T08:13:47.273441+00:00,1,BOTH,707.5,67.5,561.7,17937,-0.007078380346065387,-1.3518710653929924,3.167
2026-07-28T08:13:47.323457+00:00,1,BOTH,707.5,67.5,561.6,17883,0.004178984191967174,0.798127189505359,3.166
2026-07-28T08:13:47.406851+00:00,1,BOTH,708.0,68.0,561.7,17524,-0.008262862907722593,-1.5780905710256665,3.175
2026-07-28T08:13:47.423561+00:00,1,BOTH,707.5,67.5,561.7,18124,0.007108029413502664,1.3575336201618415,3.17
2026-07-28T08:13:47.456867+00:00,1,BOTH,707.5,67.5,561.6,17922,0.032664002869278196,6.238365021376173,3.168
2026-07-28T08:13:47.556865+00:00,1,BOTH,707.5,67.5,561.8,17720,-0.014374378618085756,-2.745304093131355,3.166
2026-07-28T08:13:47.573430+00:00,1,BOTH,707.0,67.0,561.8,18079,-0.019896783627336843,-3.80000575910466,3.156
2026-07-28T08:13:47.673182+00:00,1,BOTH,707.0,67.0,561.9,18315,0.017431082474067806,3.329091527028475,3.15
2026-07-28T08:13:47.740123+00:00,1,BOTH,707.0,67.0,561.7,18729,0.009564626039937138,1.8267090156977468,3.146
2026-07-28T08:13:47.806818+00:00,1,BOTH,707.5,67.5,561.7,17818,-0.0018844570365035907,-0.3599047828846209,3.153
2026-07-28T08:13:47.823347+00:00,1,BOTH,708.0,68.0,561.7,17847,-0.0018844570365035907,-0.3599047828846209,3.167
2026-07-28T08:13:47.873417+00:00,1,BOTH,708.0,68.0,561.8,17725,0.009595624189823865,1.832629226235158,3.175
2026-07-28T08:13:47.973287+00:00,1,BOTH,707.5,67.5,561.7,18336,0.00274765953887254,0.524764317054195,3.171
2026-07-28T08:13:48.056750+00:00,1,BOTH,708.0,68.0,561.8,17739,0.01980737783247605,3.782930510072874,3.177
2026-07-28T08:13:48.106696+00:00,1,BOTH,707.5,67.5,561.7,18396,0.01586041415168438,3.029115974070263,3.172
2026-07-28T08:13:48.190023+00:00,1,BOTH,707.5,67.5,561.7,17664,0.0043425103044137355,0.8293583764499246,3.169
2026-07-28T08:13:48.206613+00:00,1,BOTH,707.0,67.0,561.5,18543,0.03033541821409017,5.793638111438839,3.158
2026-07-28T08:13:48.289934+00:00,1,BOTH,706.5,66.5,561.5,18609,-0.00671133546391502,-1.2817706565960167,3.141
2026-07-28T08:13:48.306561+00:00,1,BOTH,707.0,67.0,561.6,17900,0.005892730440245941,1.1254286134478666,3.141
2026-07-28T08:13:48.406618+00:00,1,BOTH,707.5,67.5,561.6,18513,-0.02772670233156532,-5.295410078047441,3.15
2026-07-28T08:13:48.489772+00:00,1,BOTH,708.0,68.0,561.7,17544,-0.00942987495509442,-1.80097345421009,3.165
2026-07-28T08:13:48.556605+00:00,1,BOTH,707.5,67.5,561.6,17986,-0.004282792444573715,-0.8179531053486347,3.165
2026-07-28T08:13:48.639735+00:00,1,BOTH,708.0,68.0,561.7,17760,-0.013975389098050073,-2.6691027079047047,3.174
2026-07-28T08:13:48.689929+00:00,1,BOTH,708.0,68.0,561.8,17722,-0.014041476774727925,-2.6817245244095917,3.179
2026-07-28T08:13:48.739737+00:00,1,BOTH,708.0,68.0,561.8,17707,-0.004343068655580282,-0.8294650136676891,3.183
2026-07-28T08:13:48.806476+00:00,1,BOTH,708.0,68.0,561.9,17793,-0.008279342876048758,-1.5812380131309949,3.185
2026-07-28T08:13:48.856448+00:00,1,BOTH,707.5,67.5,561.8,18087,-0.014745927817421034,-2.81626476314261,3.176
2026-07-28T08:13:48.973224+00:00,1,BOTH,707.0,67.0,561.8,18429,0.004467988549731672,0.853322956041341,3.162
2026-07-28T08:13:49.056423+00:00,1,BOTH,707.0,67.0,561.9,17904,-0.0009540711105364608,-0.18221415996366216,3.153
2026-07-28T08:13:49.123181+00:00,1,BOTH,708.0,68.0,561.9,17775,0.001278546487155836,0.24418439208435574,3.167
2026-07-28T08:13:49.139944+00:00,1,BOTH,708.0,68.0,561.9,17526,-0.006879972049500793,-1.3139778720145552,3.175
2026-07-28T08:13:49.273313+00:00,1,BOTH,707.5,67.5,561.8,17849,-0.01788538315799087,-3.4158565664241367,3.171
2026-07-28T08:13:49.306497+00:00,1,BOTH,708.0,68.0,561.9,17537,0.029744089210871606,5.680702590811834,3.177
2026-07-28T08:13:49.373165+00:00,1,BOTH,707.0,67.0,561.9,17760,-0.010328586916439236,-1.9726147954866977,3.163
2026-07-28T08:13:49.389824+00:00,1,BOTH,708.0,68.0,561.9,17719,0.004780518419865984,0.9130117644762338,3.173
2026-07-28T08:13:49.489770+00:00,1,BOTH,707.0,67.0,561.9,18207,-0.022947429798077793,-4.382636260342002,3.16
2026-07-28T08:13:49.539696+00:00,1,BOTH,707.5,67.5,561.8,17834,0.017317624879069626,3.3074227225381407,3.162
2026-07-28T08:13:49.589721+00:00,1,BOTH,707.5,67.5,561.8,18434,-0.02181212170049548,-4.165808385547025,3.163
2026-07-28T08:13:49.639718+00:00,1,BOTH,708.0,68.0,561.8,17765,-0.03867950951564126,-7.38724216294117,3.173
2026-07-28T08:13:49.756434+00:00,1,BOTH,707.5,67.5,561.8,18059,0.02595999140292406,4.957993145278165,3.169
2026-07-28T08:13:49.806440+00:00,1,BOTH,707.5,67.5,561.7,18372,0.010237901089712977,1.9552950783764664,3.167
2026-07-28T08:13:49.856356+00:00,1,BOTH,708.0,68.0,561.8,17727,-0.02965934329200536,-5.664517312538521,3.175
2026-07-28T08:13:49.923047+00:00,1,BOTH,708.0,68.0,561.8,17721,-0.007782634971663356,-1.486373791224091,3.18
2026-07-28T08:13:49.989737+00:00,1,BOTH,707.5,67.5,561.9,17665,-0.0012277897889725864,-0.2344905767912906,3.174
2026-07-28T08:13:50.056343+00:00,1,BOTH,708.0,68.0,562.0,17656,-0.026165715598035603,-4.997283572356889,3.179
2026-07-28T08:13:50.073068+00:00,1,BOTH,707.5,67.5,562.1,17452,0.002768874583998695,0.5288160922138893,3.173
2026-07-28T08:13:50.122877+00:00,1,BOTH,708.0,68.0,562.1,17839,-0.0006104889628477394,-0.11659480336831463,3.179
2026-07-28T08:13:50.206222+00:00,1,BOTH,707.5,67.5,561.9,18409,0.01687492327648215,3.22287294449834,3.173
2026-07-28T08:13:50.289721+00:00,1,BOTH,707.5,67.5,561.9,18470,0.02682410132372752,5.123025983602905,3.169
2026-07-28T08:13:50.325229+00:00,1,BOTH,708.0,68.0,561.9,17684,-0.006929365586547647,-1.3234113427079146,3.177
2026-07-28T08:13:50.372925+00:00,1,BOTH,707.5,67.5,561.8,18282,0.014986688327044249,2.8622466333920396,3.172
2026-07-28T08:13:50.439753+00:00,1,BOTH,708.0,68.0,561.8,17543,0.007840880977455526,1.4974979589087107,3.178
2026-07-28T08:13:50.506202+00:00,1,BOTH,707.5,67.5,561.8,17894,-0.006648124385392294,-1.2696982298699426,3.172
2026-07-28T08:13:50.522895+00:00,1,BOTH,707.5,67.5,561.7,18026,0.014412347888574005,2.7525556896319125,3.169
2026-07-28T08:13:50.622874+00:00,1,BOTH,707.5,67.5,561.7,18303,0.004268303953576833,0.8151860073965194,3.167
2026-07-28T08:13:50.689468+00:00,1,BOTH,707.0,67.0,561.7,17860,-0.003086380321183242,-0.5894552212534374,3.156
2026-07-28T08:13:50.756218+00:00,1,BOTH,707.5,67.5,561.7,18188,-0.005395635783206672,-1.0304905272250224,3.16
2026-07-28T08:13:50.772949+00:00,1,BOTH,708.0,68.0,561.8,17417,-0.005395635783206672,-1.0304905272250224,3.171
2026-07-28T08:13:50.822941+00:00,1,BOTH,707.5,67.5,561.7,18222,-0.005395635783206672,-1.0304905272250224,3.168
2026-07-28T08:13:50.939535+00:00,1,BOTH,707.5,67.5,561.9,17759,0.02914219596190378,5.56574944786759,3.166
2026-07-28T08:13:51.006117+00:00,1,BOTH,708.0,68.0,561.9,17698,-0.010453658229671418,-1.9965016567745737,3.175
2026-07-28T08:13:51.039415+00:00,1,BOTH,707.5,67.5,561.8,17822,-0.003317581326700747,-0.6336113607045504,3.171
2026-07-28T08:13:51.139519+00:00,1,BOTH,708.0,68.0,561.8,17742,0.00033225838968064636,0.06345667812171367,3.177
2026-07-28T08:13:51.156112+00:00,1,BOTH,707.5,67.5,561.8,17937,-0.004333921830839245,-0.8277180988223315,3.172
2026-07-28T08:13:51.239459+00:00,1,BOTH,707.0,67.0,561.8,17908,-0.01546486132312566,-2.9535709485673416,3.159
2026-07-28T08:13:51.289569+00:00,1,BOTH,708.0,68.0,561.9,17636,0.01795709414407611,3.4295523559154883,3.171
2026-07-28T08:13:51.339466+00:00,1,BOTH,708.0,68.0,561.9,17753,-0.004104042762774043,-0.7838144308272094,3.177
2026-07-28T08:13:51.389532+00:00,1,BOTH,707.0,67.0,561.9,17935,0.005275786074344068,1.007600918912693,3.163
2026-07-28T08:13:51.439440+00:00,1,BOTH,708.0,68.0,561.9,17646,0.0017614884674549101,0.3364195161537794,3.173
2026-07-28T08:13:51.489414+00:00,1,BOTH,708.0,68.0,561.9,17701,-0.0053045461239526045,-1.013093683783213,3.179
2026-07-28T08:13:51.589370+00:00,1,BOTH,707.5,67.5,562.1,17586,-0.02196691315388307,-4.195371375493041,3.173
2026-07-28T08:13:51.639528+00:00,1,BOTH,707.5,67.5,561.9,18174,-0.02675245805759914,-5.109343127670609,3.169
2026-07-28T08:13:51.706108+00:00,1,BOTH,707.5,67.5,561.9,18110,0.0,0.0,3.167
2026-07-28T08:13:51.755952+00:00,1,RIGHT,321.15,-318.85,561.9,15850,-0.025765367704443633,-4.920822756890981,-0.833
2026-07-28T08:13:51.822730+00:00,1,BOTH,708.5,68.5,561.8,17556,-0.051978382884553864,-9.927139883999901,0.785
2026-07-28T08:13:51.889248+00:00,1,BOTH,708.0,68.0,561.8,17477,0.008351009215111845,1.594925275669223,1.746
2026-07-28T08:13:51.956087+00:00,1,BOTH,707.5,67.5,561.8,18009,0.06449930472299456,12.318459807186018,2.313
2026-07-28T08:13:52.006115+00:00,1,BOTH,707.0,67.0,561.8,18271,0.05279095224337652,10.082329200073866,2.644
2026-07-28T08:13:52.089336+00:00,1,BOTH,707.0,67.0,561.8,18281,-0.003752028264570981,-0.7165846139123728,2.843
2026-07-28T08:13:52.139299+00:00,1,BOTH,707.5,67.5,562.0,17822,-0.00698919708840549,-1.3348383178358598,2.971
2026-07-28T08:13:52.189311+00:00,1,BOTH,707.5,67.5,561.9,18047,-0.03617189662065357,-6.9083233778232485,3.048
2026-07-28T08:13:52.256042+00:00,1,BOTH,708.5,68.5,561.8,17288,0.024856182071380316,4.747181091662788,3.113
2026-07-28T08:13:52.308086+00:00,1,BOTH,706.5,66.5,561.7,18633,-0.014864836902124806,-2.8389747254735753,3.115
2026-07-28T08:13:52.355863+00:00,1,BOTH,708.5,68.5,561.7,17635,-0.014375238888897001,-2.7454683927537635,3.153
2026-07-28T08:13:52.439377+00:00,1,BOTH,707.5,67.5,561.7,17985,-0.020789205653127283,-3.970445811179018,3.158
2026-07-28T08:13:52.455829+00:00,1,BOTH,708.5,68.5,561.6,17459,-0.1606442491337657,-30.680791594709685,3.179
2026-07-28T08:13:52.538943+00:00,1,RIGHT,321.37,-318.63,561.6,15680,0.015888497582054698,3.0344795141851586,-0.821
2026-07-28T08:13:52.606103+00:00,1,BOTH,707.5,67.5,561.8,17701,-0.007200158312916756,-1.3751289438538843,0.773
2026-07-28T08:13:52.672524+00:00,1,BOTH,708.0,68.0,561.8,17511,0.029392229719087483,5.61350237794234,1.739
2026-07-28T08:13:52.739313+00:00,1,BOTH,707.5,67.5,561.8,18064,-0.005980839785188437,-1.1422562587840912,2.309
2026-07-28T08:13:52.839322+00:00,1,BOTH,708.0,68.0,561.8,17742,-0.02476555829169229,-4.729873224663963,2.66
2026-07-28T08:13:52.872620+00:00,1,BOTH,708.0,68.0,561.9,17535,0.0296810345351696,5.668660034824198,2.871
2026-07-28T08:13:52.939320+00:00,1,BOTH,707.5,67.5,562.0,17761,0.012738703856011852,2.432913224721689,2.988
2026-07-28T08:13:53.005881+00:00,1,BOTH,708.0,68.0,562.0,17680,0.0012742518680170178,0.24336418024678777,3.068
2026-07-28T08:13:53.022725+00:00,1,BOTH,707.0,67.0,562.0,18358,-0.007688193712383508,-1.4683368393286378,3.097
2026-07-28T08:13:53.122455+00:00,1,BOTH,707.5,67.5,561.9,17818,-0.006547951500397176,-1.2505666180970438,3.124
2026-07-28T08:13:53.172522+00:00,1,BOTH,707.5,67.5,561.8,17856,0.008163601072737947,1.5591329569878525,3.14
2026-07-28T08:13:53.239202+00:00,1,BOTH,707.5,67.5,561.8,18212,0.008163601072737947,1.5591329569878525,3.15
2026-07-28T08:13:53.305650+00:00,1,BOTH,708.0,68.0,561.8,17238,0.008163601072737947,1.5591329569878525,3.165
2026-07-28T08:13:53.374935+00:00,1,RIGHT,319.2,-320.8,561.8,15941,0.008163601072737947,1.5591329569878525,-0.835
2026-07-28T08:13:53.455756+00:00,1,BOTH,707.0,67.0,561.8,17799,-0.003954236519057304,-0.7552035457949515,0.755
2026-07-28T08:13:53.605911+00:00,1,BOTH,707.5,67.5,561.8,17832,-0.005558719801483676,-1.0616372804027114,1.719
2026-07-28T08:13:53.622496+00:00,1,BOTH,707.5,67.5,561.7,17960,0.005645734063182317,1.078255780245308,2.297
2026-07-28T08:13:53.705755+00:00,1,BOTH,708.0,68.0,561.8,17512,0.002285363358678296,0.43647225035369647,2.653
2026-07-28T08:13:53.772442+00:00,1,BOTH,707.0,67.0,561.8,18017,-0.010035146158188582,-1.916571738870427,2.848
2026-07-28T08:13:53.807467+00:00,1,BOTH,708.0,68.0,561.9,17492,0.011044361881504301,2.1093177440845383,2.984
2026-07-28T08:13:53.838931+00:00,1,BOTH,708.0,68.0,561.9,17595,0.011044361881504301,2.1093177440845383,3.065
2026-07-28T08:13:53.889062+00:00,1,BOTH,708.0,68.0,561.9,17720,0.012898277614731342,2.463389567707241,3.114
2026-07-28T08:13:53.989642+00:00,1,BOTH,708.0,68.0,561.9,17764,0.021163292842111332,4.0418912015080135,3.144
2026-07-28T08:13:54.088879+00:00,1,BOTH,707.5,67.5,561.8,17849,-0.011924644680693746,-2.277439374656263,3.152
2026-07-28T08:13:54.139008+00:00,1,BOTH,707.5,67.5,561.8,18198,0.007592812212969875,1.450120314795202,3.157
2026-07-28T08:13:54.172362+00:00,1,BOTH,707.0,67.0,561.6,18696,0.011565941685112192,2.208932148837853,3.15
2026-07-28T08:13:54.272554+00:00,1,BOTH,707.5,67.5,561.6,17957,-0.010908179873367771,-2.0833088963784068,3.156
2026-07-28T08:13:54.305700+00:00,1,BOTH,707.5,67.5,561.6,18183,0.017376341071212664,3.3186366892010586,3.159
2026-07-28T08:13:54.388930+00:00,1,BOTH,707.5,67.5,561.8,17654,-0.016289927675388755,-3.1111470145771056,3.161
2026-07-28T08:13:54.405720+00:00,1,BOTH,708.0,68.0,561.8,17808,0.0022413722530473025,0.42807056805779603,3.172
2026-07-28T08:13:54.505666+00:00,1,BOTH,707.0,67.0,561.8,18238,0.0022413722530473025,0.42807056805779603,3.159
2026-07-28T08:13:54.522278+00:00,1,BOTH,707.5,67.5,561.8,18409,0.0022413722530473025,0.42807056805779603,3.161
2026-07-28T08:13:54.605662+00:00,1,BOTH,708.0,68.0,561.8,17609,0.0022413722530473025,0.42807056805779603,3.172
2026-07-28T08:13:54.655660+00:00,1,BOTH,707.5,67.5,561.8,18187,-0.013732195836200844,-2.6226562162047693,3.169
2026-07-28T08:13:54.772191+00:00,1,BOTH,707.5,67.5,561.7,17882,0.0005971155501902103,0.11404066969177043,3.167
2026-07-28T08:13:54.822172+00:00,1,BOTH,707.5,67.5,561.7,17914,-0.0033027765864972027,-0.6307838636030481,3.166
2026-07-28T08:13:54.905586+00:00,1,BOTH,707.5,67.5,561.6,18047,0.009605517929885536,1.8345187913989354,3.165
2026-07-28T08:13:54.955460+00:00,1,BOTH,708.0,68.0,561.7,17644,0.009409545311355032,1.797090778259185,3.174
2026-07-28T08:13:55.038843+00:00,1,BOTH,707.5,67.5,561.7,18289,0.0018183055648114531,0.3472707824294921,3.17
2026-07-28T08:13:55.122144+00:00,1,BOTH,707.5,67.5,561.6,18369,0.0015856779576279222,0.3028421821300138,3.168
2026-07-28T08:13:55.155532+00:00,1,BOTH,707.5,67.5,561.6,17886,0.0020540212128253186,0.39228915508411133,3.166
2026-07-28T08:13:55.222148+00:00,1,BOTH,707.5,67.5,561.6,18185,-0.007717320886004017,-1.4738997197206376,3.165
2026-07-28T08:13:55.288810+00:00,1,BOTH,708.0,68.0,561.7,17748,0.007432707551633939,1.4195425768788006,3.174
2026-07-28T08:13:55.388765+00:00,1,BOTH,707.5,67.5,561.6,18022,0.0006396731222048402,0.12216856723431163,3.17
2026-07-28T08:13:55.422309+00:00,1,BOTH,707.5,67.5,561.6,17983,0.007522252369453781,1.4366443773399498,3.168
2026-07-28T08:13:55.472174+00:00,1,BOTH,707.5,67.5,561.6,18460,-0.001651705865515396,-0.31545258363678313,3.166
2026-07-28T08:13:55.588781+00:00,1,BOTH,707.5,67.5,561.6,17849,-0.006439727714750916,-1.2298973975621799,3.165
2026-07-28T08:13:55.638830+00:00,1,BOTH,707.5,67.5,561.6,17946,0.001164946364588104,0.2224883668333561,3.165
2026-07-28T08:13:55.705369+00:00,1,BOTH,707.5,67.5,561.5,17894,-0.008440693961747457,-1.6120538005656253,3.165
2026-07-28T08:13:55.772113+00:00,1,BOTH,708.0,68.0,561.6,17698,0.004244709125487134,0.8106797271702644,3.174
2026-07-28T08:13:55.822111+00:00,1,BOTH,707.0,67.0,561.7,17856,-0.012536168929946143,-2.394231903163158,3.16
2026-07-28T08:13:55.888734+00:00,1,BOTH,707.5,67.5,561.7,18072,0.008087580673163756,1.5446141301461884,3.162
2026-07-28T08:13:55.905320+00:00,1,BOTH,707.0,67.0,561.7,18311,-0.0027294578807777726,-0.521288056424294,3.153
2026-07-28T08:13:56.005290+00:00,1,BOTH,707.0,67.0,561.8,18369,0.007776282979320968,1.4851606500483636,3.148
2026-07-28T08:13:56.022211+00:00,1,BOTH,707.0,67.0,561.8,18395,-1.925872958963737e-05,-0.0036781464142331237,3.145
2026-07-28T08:13:56.105588+00:00,1,BOTH,708.0,68.0,561.9,17168,0.000916043022298254,0.1749513301003277,3.162
2026-07-28T08:13:56.205452+00:00,1,BOTH,707.5,67.5,561.8,17932,0.006557640008541057,1.2524169868517856,3.163
2026-07-28T08:13:56.238831+00:00,1,BOTH,707.5,67.5,561.7,17966,-2.2623944096267215e-06,-0.0004320855042186756,3.163
2026-07-28T08:13:56.255405+00:00,1,BOTH,707.5,67.5,561.7,18274,-0.005691118565446232,-1.0869235816953888,3.164
2026-07-28T08:13:56.388616+00:00,1,BOTH,707.5,67.5,561.6,17826,0.009344861990248319,1.7847371739115043,3.164
2026-07-28T08:13:56.438530+00:00,1,BOTH,707.0,67.0,561.5,18553,-0.0014344161405460908,-0.2739533030624511,3.155
2026-07-28T08:13:56.455327+00:00,1,BOTH,707.5,67.5,561.5,17946,-0.0036276299561723135,-0.6928262870796712,3.158
2026-07-28T08:13:56.538481+00:00,1,BOTH,708.0,68.0,561.6,17780,-1.215658849105239e-05,-0.0023217373793820396,3.17
2026-07-28T08:13:56.572001+00:00,1,BOTH,707.0,67.0,561.7,18202,-5.947394456597976e-06,-0.0011358686715418856,3.158
2026-07-28T08:13:56.705291+00:00,1,BOTH,708.0,68.0,561.8,17198,6.381647544912994e-06,0.0012188049022117933,3.17
2026-07-28T08:13:56.755279+00:00,1,BOTH,707.5,67.5,561.9,17755,0.0018612507404759525,0.35547270681623794,3.168
2026-07-28T08:13:56.855260+00:00,1,BOTH,708.0,68.0,561.9,17543,-8.393405281822198e-05,-0.016030223279707507,3.176
2026-07-28T08:13:56.921907+00:00,1,BOTH,708.0,68.0,561.9,17710,1.6901321068871766e-05,0.003227914551472965,3.18
2026-07-28T08:13:57.021968+00:00,1,BOTH,707.5,67.5,561.8,18328,-0.0066716810908110345,-1.2741972292023653,3.174
2026-07-28T08:13:57.088583+00:00,1,BOTH,707.5,67.5,561.8,18038,0.004414428025775123,0.8430936494706092,3.17
2026-07-28T08:13:57.205436+00:00,1,BOTH,707.5,67.5,561.7,18104,-5.477049853652716e-06,-0.001046039469323486,3.168
2026-07-28T08:13:57.271855+00:00,1,BOTH,708.0,68.0,561.8,17451,-5.8154993384960105e-05,-0.01110678559523145,3.176
2026-07-28T08:13:57.338594+00:00,1,BOTH,707.5,67.5,561.7,18036,-1.0696857352741062e-05,-0.002042949267885151,3.171
2026-07-28T08:13:57.421765+00:00,1,BOTH,708.0,68.0,561.8,17623,-1.1653309775283562e-05,-0.0022256182249409794,3.178
2026-07-28T08:13:57.455166+00:00,1,BOTH,708.0,68.0,561.8,17781,-1.0972155723720788e-05,-0.002095527383765035,3.182
2026-07-28T08:13:57.471824+00:00,1,BOTH,707.5,67.5,561.8,17950,3.079517424339428e-05,0.0058814450450549016,3.175
2026-07-28T08:13:57.638508+00:00,1,BOTH,707.5,67.5,561.7,18123,-1.640428905375302e-05,-0.0031329884289756763,3.17
2026-07-28T08:13:57.688493+00:00,1,BOTH,707.5,67.5,561.7,18503,-4.203226446406916e-05,-0.008027571190562906,3.168
2026-07-28T08:13:57.771955+00:00,1,BOTH,707.5,67.5,561.6,18343,4.479656461626291e-05,0.008555513630656484,3.166
2026-07-28T08:13:57.871869+00:00,1,BOTH,707.5,67.5,561.6,18213,0.004013655011658557,0.7665516419652217,3.165
2026-07-28T08:13:57.971829+00:00,1,BOTH,707.5,67.5,561.6,18257,3.31368793558795e-05,0.006328677777753603,3.165
2026-07-28T08:13:58.055025+00:00,1,BOTH,707.5,67.5,561.6,18142,-0.012676854788442143,-2.421100922926476,3.165
2026-07-28T08:13:58.138369+00:00,1,BOTH,708.0,68.0,561.7,17520,-0.00014605861477321014,-0.027895140626773587,3.174
2026-07-28T08:13:58.205041+00:00,1,BOTH,707.5,67.5,561.6,18091,-0.004313377694343217,-0.8237944577724545,3.17
2026-07-28T08:13:58.271787+00:00,1,BOTH,708.0,68.0,561.7,17403,-1.5907973865978418e-05,-0.003038199210416584,3.177
2026-07-28T08:13:58.354994+00:00,1,BOTH,707.5,67.5,561.7,18077,3.074905456742272e-05,0.005872636835769296,3.172
2026-07-28T08:13:58.438303+00:00,1,BOTH,708.0,68.0,561.7,17226,-6.041245447704568e-05,-0.011537928905203108,3.178
2026-07-28T08:13:58.521539+00:00,1,BOTH,708.0,68.0,561.8,17608,-0.00886209617368877,-1.6925356946380075,3.182
2026-07-28T08:13:58.571586+00:00,1,BOTH,708.0,68.0,561.8,17652,-0.0016674665122991428,-0.31846264544713354,3.184
2026-07-28T08:13:58.655075+00:00,1,BOTH,707.5,67.5,561.8,18033,-2.7631415287032722e-05,-0.0052772115930674645,3.176
2026-07-28T08:13:58.721643+00:00,1,BOTH,707.5,67.5,561.7,18126,-0.0019388149087899364,-0.3702863717690167,3.171
2026-07-28T08:13:58.804946+00:00,1,BOTH,707.0,67.0,561.6,18616,0.002330029314616695,0.44500281956432164,3.159
2026-07-28T08:13:58.904965+00:00,1,BOTH,708.0,68.0,561.7,17775,1.2445173488231375e-05,0.002376853053945875,3.17
2026-07-28T08:13:58.954977+00:00,1,BOTH,707.5,67.5,561.6,18233,3.859127100440673e-05,0.007370389848660316,3.168
2026-07-28T08:13:59.055002+00:00,1,BOTH,707.5,67.5,561.6,18159,3.2058344077086075e-05,0.006122692712650841,3.166
2026-07-28T08:13:59.138151+00:00,1,BOTH,708.0,68.0,561.7,17638,-0.006346789966482902,-1.2121475951181584,3.175
2026-07-28T08:13:59.238598+00:00,1,BOTH,707.0,67.0,561.7,18496,0.003626569799380377,0.6926238120470043,3.161
2026-07-28T08:13:59.288278+00:00,1,BOTH,708.0,68.0,561.8,17599,-1.4541205018758774e-05,-0.0027771655886977627,3.172
2026-07-28T08:13:59.354918+00:00,1,BOTH,708.0,68.0,561.8,17878,0.00010556539753451942,0.020161505804495695,3.178
2026-07-28T08:13:59.406260+00:00,1,BOTH,707.0,67.0,561.9,18108,9.618110780138522e-05,0.018369238486373896,3.163
2026-07-28T08:13:59.488248+00:00,1,BOTH,708.0,68.0,561.9,17544,-1.0622792760841547e-05,-0.002028803972794481,3.173
2026-07-28T08:13:59.554836+00:00,1,BOTH,707.5,67.5,561.8,17957,8.139896672219037e-06,0.001554605749969115,3.169
2026-07-28T08:13:59.621328+00:00,1,BOTH,707.5,67.5,561.8,18076,8.139896672219037e-06,0.001554605749969115,3.167
2026-07-28T08:13:59.638182+00:00,1,BOTH,707.5,67.5,561.7,17999,1.3253119977889582e-05,0.0025311594670452933,3.166
2026-07-28T08:13:59.738171+00:00,1,BOTH,707.5,67.5,561.7,18415,-6.191891035996376e-05,-0.011825640785582642,3.165
2026-07-28T08:13:59.804850+00:00,1,BOTH,707.5,67.5,561.6,17869,6.914864497957751e-06,0.00132064183879276,3.165
2026-07-28T08:13:59.871404+00:00,1,BOTH,707.5,67.5,561.6,17889,2.392465612501837e-05,0.004569272740884557,3.164
2026-07-28T08:13:59.954951+00:00,1,BOTH,707.5,67.5,561.6,18424,2.6112353370990604e-05,0.004987092137706566,3.164
2026-07-28T08:14:00.037955+00:00,1,BOTH,707.0,67.0,561.5,18849,3.2955978240352125e-05,0.006294128209657181,3.155
2026-07-28T08:14:00.138040+00:00,1,BOTH,708.0,68.0,561.6,17811,-0.0008581475750543177,-0.16389411416666153,3.168
2026-07-28T08:14:00.221618+00:00,1,BOTH,707.5,67.5,561.6,18490,-3.280141518189339e-05,-0.006264608839929449,3.166
2026-07-28T08:14:00.304779+00:00,1,BOTH,707.5,67.5,561.5,18257,-3.3481694699730725e-05,-0.006394532657467028,3.165
2026-07-28T08:14:00.387888+00:00,1,BOTH,708.0,68.0,561.6,17275,3.763374988920987e-06,0.0007187516786342184,3.174
2026-07-28T08:14:00.454738+00:00,1,BOTH,708.0,68.0,561.7,17074,-6.911676144227385e-05,-0.013200329080849442,3.18
2026-07-28T08:14:00.537936+00:00,1,BOTH,707.5,67.5,561.7,18184,9.948116348823532e-06,0.0018999502696422756,3.173
2026-07-28T08:14:00.621400+00:00,1,BOTH,708.0,68.0,561.7,17861,4.01242115185596e-05,0.00766315992101223,3.179
2026-07-28T08:14:00.688025+00:00,1,BOTH,707.5,67.5,561.9,17729,-2.982001315103844e-06,-0.0005695202995263712,3.173
2026-07-28T08:14:00.754772+00:00,1,BOTH,707.5,67.5,561.8,18153,-0.004474600416251633,-0.8545857295289997,3.169
2026-07-28T08:14:00.771196+00:00,1,BOTH,707.0,67.0,561.6,18621,-0.008592198950937017,-1.6409891220847488,3.158
2026-07-28T08:14:00.854707+00:00,1,BOTH,707.5,67.5,561.6,17784,-1.190019611385651e-05,-0.0022727700423398724,3.16
2026-07-28T08:14:00.954771+00:00,1,BOTH,708.0,68.0,561.7,17588,-0.0033421749880653807,-0.638308404034442,3.171
2026-07-28T08:14:01.054857+00:00,1,BOTH,708.0,68.0,561.8,17853,0.0,0.0,3.178
2026-07-28T08:14:01.104493+00:00,1,RIGHT,321.24,-318.76,561.8,15879,-5.209330556681379e-06,-0.0009949088499545957,-0.822
2026-07-28T08:14:01.187890+00:00,1,BOTH,708.0,68.0,561.8,17770,-0.0024693261185893788,-0.471606549455308,0.782
2026-07-28T08:14:01.254643+00:00,1,BOTH,707.0,67.0,561.8,18056,-0.0024693261185893788,-0.471606549455308,1.725
2026-07-28T08:14:01.271216+00:00,1,BOTH,707.5,67.5,561.8,17826,-0.004395991822530049,-0.8395725940166487,2.301
2026-07-28T08:14:01.337830+00:00,1,BOTH,707.5,67.5,561.7,18188,0.0006765330524649471,0.12920829535781386,2.646
2026-07-28T08:14:01.387799+00:00,1,BOTH,707.5,67.5,561.7,17981,1.3676332528120837e-05,0.0026119871102626905,2.853
2026-07-28T08:14:01.421189+00:00,1,BOTH,707.5,67.5,561.6,18063,5.33900257141795e-05,0.01019674380505808,2.978
2026-07-28T08:14:01.537938+00:00,1,BOTH,707.5,67.5,561.6,18209,1.538185042591067e-05,0.0029377170350206303,3.052
2026-07-28T08:14:01.554450+00:00,1,BOTH,707.5,67.5,561.6,17876,9.6300460427301e-06,0.0018392033158836493,3.097
2026-07-28T08:14:01.637737+00:00,1,BOTH,707.5,67.5,561.6,18341,-0.0012211365438997744,-0.23321990058216283,3.124
2026-07-28T08:14:01.671114+00:00,1,BOTH,708.0,68.0,561.7,17624,-1.8041033763438462e-05,-0.003445583642326813,3.149
2026-07-28T08:14:01.754481+00:00,1,BOTH,707.5,67.5,561.6,17817,1.571130997035653e-06,0.0003000639173077466,3.155
2026-07-28T08:14:01.821104+00:00,1,BOTH,707.5,67.5,561.6,17863,2.7122057508677246e-05,0.005179931423194368,3.159
2026-07-28T08:14:01.854585+00:00,1,BOTH,707.5,67.5,561.6,18300,3.0120922601781786e-05,0.005752672467074357,3.161
2026-07-28T08:14:01.987981+00:00,1,BOTH,707.0,67.0,561.7,18230,-2.6541121769696474e-05,-0.0050689808698213285,3.153
2026-07-28T08:14:02.054555+00:00,1,BOTH,707.5,67.5,561.6,17942,2.3884826805442567e-06,0.0004561665901175986,3.157
2026-07-28T08:14:02.071046+00:00,1,BOTH,707.5,67.5,561.6,17932,2.3884826805442567e-06,0.0004561665901175986,3.16
2026-07-28T08:14:02.121570+00:00,1,BOTH,707.5,67.5,561.6,18064,3.0254047305788846e-05,0.0057780974127028,3.162
2026-07-28T08:14:02.137781+00:00,1,BOTH,707.5,67.5,561.6,18007,0.010493848291225731,2.0041773931260174,3.163
2026-07-28T08:14:02.287806+00:00,1,BOTH,707.5,67.5,561.6,17969,3.0223006979213094e-06,0.0005772169147011139,3.163
2026-07-28T08:14:02.387782+00:00,1,BOTH,708.0,68.0,561.6,17615,4.970020847395062e-05,0.009492040621592335,3.173
2026-07-28T08:14:02.437577+00:00,1,BOTH,707.5,67.5,561.6,18085,0.014957003847230225,2.8565773153574234,3.169
2026-07-28T08:14:02.487777+00:00,1,BOTH,707.5,67.5,561.6,18375,3.115992978564463e-05,0.005951108222138072,3.167
2026-07-28T08:14:02.554391+00:00,1,BOTH,708.0,68.0,561.7,17797,-0.018902654631529004,-3.610141106600101,3.175
2026-07-28T08:14:02.620678+00:00,1,RIGHT,319.33,-320.67,561.7,15769,-0.006390499337867368,-1.220495470136491,-0.825
2026-07-28T08:14:02.704387+00:00,1,BOTH,707.5,67.5,561.6,18125,-0.0014295532630603702,-0.2730245618750478,0.771
2026-07-28T08:14:02.787812+00:00,1,BOTH,707.5,67.5,561.6,17872,-4.8485164297744633e-05,-0.009259984277530492,1.728
2026-07-28T08:14:02.854334+00:00,1,BOTH,707.5,67.5,561.8,17662,-2.9924377886345608e-05,-0.005715135191474048,2.303
2026-07-28T08:14:02.921061+00:00,1,BOTH,708.0,68.0,561.8,17741,9.451207006350153e-07,0.00018050475758944572,2.657
2026-07-28T08:14:03.023493+00:00,1,BOTH,707.5,67.5,561.8,18425,-1.8797959783114492e-05,-0.003590145863430389,2.86
2026-07-28T08:14:03.120986+00:00,1,BOTH,707.0,67.0,561.8,18020,-3.141046399832703e-05,-0.0059989567321725185,2.972
2026-07-28T08:14:03.137678+00:00,1,BOTH,707.5,67.5,561.7,18085,1.2056072773702908e-05,0.002302540291452522,3.049
2026-07-28T08:14:03.220985+00:00,1,BOTH,707.0,67.0,561.8,18106,1.2056072773702908e-05,0.002302540291452522,3.086
2026-07-28T08:14:03.237550+00:00,1,BOTH,708.0,68.0,561.8,17762,-3.093645646004006e-06,-0.0005908427960835089,3.126
2026-07-28T08:14:03.320999+00:00,1,BOTH,708.0,68.0,561.9,17635,0.020994185676099734,4.009594111848405,3.151
2026-07-28T08:14:03.404317+00:00,1,BOTH,707.5,67.5,561.8,18276,-0.004932157117800671,-0.9419726224846227,3.156
2026-07-28T08:14:03.454283+00:00,1,BOTH,707.0,67.0,561.6,18730,-1.6541110089747234e-05,-0.0031591193220125964,3.15
2026-07-28T08:14:03.520922+00:00,1,BOTH,708.0,68.0,561.7,17653,-0.0032358331426075894,-0.6179986075998958,3.165
2026-07-28T08:14:03.587513+00:00,1,BOTH,707.5,67.5,561.7,17940,0.0063185708292439816,1.2067581369005231,3.165
2026-07-28T08:14:03.670810+00:00,1,BOTH,707.5,67.5,561.6,17888,-6.223101227078587e-06,-0.001188524785980956,3.164
2026-07-28T08:14:03.754205+00:00,1,BOTH,707.5,67.5,561.6,18277,-4.2446822044439606e-05,-0.008106745856297514,3.164
2026-07-28T08:14:03.870724+00:00,1,BOTH,707.5,67.5,561.6,18174,-4.889186864602379e-05,-0.009337659086417207,3.164
2026-07-28T08:14:03.920699+00:00,1,BOTH,708.0,68.0,561.7,17444,-1.0016569649451412e-06,-0.00019130238870413346,3.174
2026-07-28T08:14:03.970685+00:00,1,BOTH,708.0,68.0,561.7,17225,-1.3282931613503022e-05,-0.0025368530700487332,3.179
2026-07-28T08:14:04.070664+00:00,1,BOTH,707.5,67.5,561.7,17883,1.2061804227414541e-05,0.002303634918479693,3.173
2026-07-28T08:14:04.104145+00:00,1,BOTH,707.5,67.5,561.7,18383,2.0469512528507038e-05,0.003909388921912052,3.169
2026-07-28T08:14:04.187443+00:00,1,BOTH,707.0,67.0,561.5,18610,-7.973337080329656e-05,-0.015227952111268383,3.158
2026-07-28T08:14:04.270825+00:00,1,BOTH,707.5,67.5,561.5,18154,3.1056424631970003e-07,5.931340193926708e-05,3.16
2026-07-28T08:14:04.320699+00:00,1,BOTH,707.5,67.5,561.5,18018,4.633142903912812e-05,0.008848651142506348,3.162
2026-07-28T08:14:04.387535+00:00,1,BOTH,707.0,67.0,561.4,18698,-1.4145459135761483e-05,-0.0027015836925130196,3.153
2026-07-28T08:14:04.470689+00:00,1,BOTH,707.5,67.5,561.4,18039,1.4753844079677946e-05,0.0028177766578654086,3.158
2026-07-28T08:14:04.570679+00:00,1,BOTH,707.0,67.0,561.5,18202,8.505165824317374e-06,0.0016243670193076378,3.151
2026-07-28T08:14:04.637283+00:00,1,BOTH,707.5,67.5,561.5,18165,0.00550302195828408,1.0509997759249838,3.156
2026-07-28T08:14:04.703829+00:00,1,BOTH,708.0,68.0,561.6,17537,-0.0027238857297925277,-0.5202238539767468,3.169
2026-07-28T08:14:04.770740+00:00,1,BOTH,708.0,68.0,561.7,17463,5.9049414267065e-05,0.01127760740074138,3.176
2026-07-28T08:14:04.853957+00:00,1,BOTH,708.0,68.0,561.8,17690,-9.404452739545376e-06,-0.0017961181686873163,3.181
2026-07-28T08:14:04.937255+00:00,1,BOTH,708.0,68.0,561.8,17539,2.6882555102929475e-05,0.005134189833085777,3.183
2026-07-28T08:14:04.987300+00:00,1,BOTH,707.5,67.5,561.7,17886,3.452514734817669e-05,0.006593817433726034,3.176
2026-07-28T08:14:05.070701+00:00,1,BOTH,708.0,68.0,561.8,17437,-1.0757542440842371e-05,-0.0020545392659771,3.18
2026-07-28T08:14:05.153871+00:00,1,BOTH,708.0,68.0,561.8,17759,3.810717942542396e-05,0.007277935167415195,3.183
2026-07-28T08:14:05.170671+00:00,1,BOTH,707.5,67.5,561.8,18085,-1.2068913783878085e-05,-0.0023049927437449294,3.176
2026-07-28T08:14:05.253862+00:00,1,BOTH,707.5,67.5,561.7,18329,0.0002153089387138607,0.04112097826581706,3.171
2026-07-28T08:14:05.270656+00:00,1,BOTH,707.0,67.0,561.8,17984,0.001070551429875195,0.2044602622784806,3.159
2026-07-28T08:14:05.387192+00:00,1,BOTH,707.5,67.5,561.7,18406,-0.0026914886900340205,-0.5140364751538133,3.161
2026-07-28T08:14:05.403974+00:00,1,BOTH,707.5,67.5,561.7,17808,-5.386102362535893e-05,-0.010286697779958278,3.162
2026-07-28T08:14:05.487212+00:00,1,BOTH,707.5,67.5,561.6,18285,1.6346315096598118e-05,0.003121916218753516,3.163
2026-07-28T08:14:05.553846+00:00,1,BOTH,707.5,67.5,561.6,18095,1.6346315096598118e-05,0.003121916218753516,3.163
2026-07-28T08:14:05.637164+00:00,1,BOTH,708.0,68.0,561.7,17626,1.6346315096598118e-05,0.003121916218753516,3.173
2026-07-28T08:14:05.703908+00:00,1,BOTH,707.0,67.0,561.8,18336,1.6346315096598118e-05,0.003121916218753516,3.16
2026-07-28T08:14:05.753667+00:00,1,RIGHT,321.25,-318.75,561.8,15736,-0.011896005917806178,-2.271969773843151,-0.84
2026-07-28T08:14:05.820531+00:00,1,BOTH,707.5,67.5,561.7,18185,1.0688044130802155e-05,0.0020412660664817796,0.762
2026-07-28T08:14:05.837116+00:00,1,BOTH,708.0,68.0,561.8,17680,-4.336874495493248e-05,-0.008282820162323042,1.732
2026-07-28T08:14:05.920486+00:00,1,BOTH,707.5,67.5,561.7,18469,-1.5941013571136865e-05,-0.003044509329289703,2.305
2026-07-28T08:14:06.003808+00:00,1,BOTH,708.0,68.0,561.8,17717,0.025203287900658324,4.813473421869515,2.658
2026-07-28T08:14:06.053843+00:00,1,BOTH,707.5,67.5,561.7,18129,8.949904586188495e-06,0.0017093058661112677,2.86
2026-07-28T08:14:06.103851+00:00,1,BOTH,707.0,67.0,561.6,18627,-2.008328621741384e-05,-0.003835625130036895,2.972
2026-07-28T08:14:06.137136+00:00,1,BOTH,708.0,68.0,561.7,17514,-2.5952571595553304e-05,-0.004956576066454351,3.058
2026-07-28T08:14:06.253778+00:00,1,BOTH,707.5,67.5,561.6,18251,-3.137559921015054e-05,-0.00599229804811875,3.101
2026-07-28T08:14:06.303701+00:00,1,BOTH,708.0,68.0,561.7,17687,-1.4846959602436981e-05,-0.0028355604127362323,3.135
2026-07-28T08:14:06.403727+00:00,1,BOTH,707.5,67.5,561.7,17782,-1.788191599189304e-05,-0.003415194386476548,3.147
2026-07-28T08:14:06.420420+00:00,1,BOTH,707.5,67.5,561.6,18384,0.0,0.0,3.154
2026-07-28T08:14:06.470398+00:00,1,BOTH,707.5,67.5,561.6,18194,-0.004116981851984747,-0.786285614835598,3.158
2026-07-28T08:14:06.536829+00:00,1,RIGHT,322.4,-317.6,561.6,15652,-0.008761168130731675,-1.6732598583181522,-0.842
2026-07-28T08:14:06.620379+00:00,1,BOTH,708.0,68.0,561.7,17636,-0.00017741065879818053,-0.0338829399659041,0.77
2026-07-28T08:14:06.720361+00:00,1,BOTH,707.5,67.5,561.6,17897,9.246832632925361e-06,0.00176601494576822,1.727
2026-07-28T08:14:06.770450+00:00,1,BOTH,707.5,67.5,561.6,17984,9.246832632925361e-06,0.00176601494576822,2.302
2026-07-28T08:14:06.853654+00:00,1,BOTH,708.0,68.0,561.7,17691,9.246832632925361e-06,0.00176601494576822,2.656
2026-07-28T08:14:06.920249+00:00,1,BOTH,707.0,67.0,561.8,17912,9.246832632925361e-06,0.00176601494576822,2.85
2026-07-28T08:14:06.953784+00:00,1,BOTH,708.0,68.0,561.8,17766,-1.1719668145815375e-05,-0.0022382917401637735,2.985
2026-07-28T08:14:07.103755+00:00,1,BOTH,707.5,67.5,561.7,18116,6.734837719704955e-05,0.012862592568153506,3.057
2026-07-28T08:14:07.186819+00:00,1,BOTH,707.5,67.5,561.7,18312,-5.758123006671666e-06,-0.0010997204873315549,3.1
2026-07-28T08:14:07.253651+00:00,1,BOTH,707.5,67.5,561.7,18007,-2.082630177028477e-05,-0.003977530647677174,3.125
2026-07-28T08:14:07.353601+00:00,1,BOTH,707.5,67.5,561.6,18132,0.0007756802332005464,0.1481440120470493,3.141
2026-07-28T08:14:07.420281+00:00,1,BOTH,707.5,67.5,561.6,18127,-0.0008410842208832036,-0.16063525357218889,3.15
2026-07-28T08:14:07.453567+00:00,1,BOTH,708.0,68.0,561.7,17790,-0.0003084207038409659,-0.058904015481805475,3.165
2026-07-28T08:14:07.503495+00:00,1,BOTH,708.0,68.0,561.7,17733,1.2166088636149652e-05,0.002323551773444823,3.174
2026-07-28T08:14:07.553587+00:00,1,BOTH,708.0,68.0,561.8,17568,-3.365477357874625e-05,-0.006427588288435178,3.179
2026-07-28T08:14:07.586810+00:00,1,BOTH,707.5,67.5,561.7,17904,-7.965120021253824e-06,-0.0015212258684433222,3.173
2026-07-28T08:14:07.636909+00:00,1,BOTH,707.0,67.0,561.6,18560,-1.1508745956234634e-05,-0.0021980085692683247,3.16
2026-07-28T08:14:07.770139+00:00,1,BOTH,707.5,67.5,561.6,18221,0.0017741632518300321,0.3388402216568889,3.162
2026-07-28T08:14:07.786951+00:00,1,BOTH,708.0,68.0,561.7,17863,0.0019405279328930192,0.37061353527338614,3.172
2026-07-28T08:14:07.920205+00:00,1,BOTH,708.0,68.0,561.7,17757,2.9988106980454177e-05,0.0057273065518894245,3.178
2026-07-28T08:14:08.003558+00:00,1,BOTH,708.0,68.0,561.8,17623,-1.1645934137050062e-05,-0.0022242095818009967,3.182
2026-07-28T08:14:08.087733+00:00,1,BOTH,707.5,67.5,561.7,18257,-3.637232061009854e-05,-0.006946601540184486,3.175
2026-07-28T08:14:08.153504+00:00,1,BOTH,707.5,67.5,561.7,17926,3.41242051217705e-05,0.006517243109053858,3.17
2026-07-28T08:14:08.203487+00:00,1,BOTH,707.5,67.5,561.6,18203,4.5547003828687594e-05,0.008698836962833335,3.168
2026-07-28T08:14:08.253531+00:00,1,BOTH,707.5,67.5,561.6,17887,-0.002104122044984251,-0.4018577091934451,3.166
2026-07-28T08:14:08.270043+00:00,1,BOTH,708.0,68.0,561.7,17494,3.730184398591518e-05,0.007124127428161307,3.175
2026-07-28T08:14:08.320112+00:00,1,BOTH,708.0,68.0,561.8,17602,-8.007480413652956e-05,-0.015293161074532833,3.18
2026-07-28T08:14:08.403430+00:00,1,BOTH,707.5,67.5,561.7,18073,-1.3173230399843305e-05,-0.0025159016815481843,3.174
2026-07-28T08:14:08.470249+00:00,1,BOTH,707.5,67.5,561.7,18369,6.23775043641217e-05,0.011913225788743492,3.17
2026-07-28T08:14:08.519973+00:00,1,BOTH,707.0,67.0,561.7,18044,-2.2439707245212047e-05,-0.004285668395532618,3.158
2026-07-28T08:14:08.570055+00:00,1,BOTH,707.5,67.5,561.7,18001,-0.0002837068040662416,-0.05418400830713542,3.16
2026-07-28T08:14:08.653344+00:00,1,BOTH,707.5,67.5,561.6,17998,-6.684434891212731e-05,-0.012766330256549302,3.162
2026-07-28T08:14:08.770080+00:00,1,BOTH,707.5,67.5,561.6,17960,-0.00320923658364336,-0.6129190390058251,3.163
2026-07-28T08:14:08.853283+00:00,1,BOTH,708.0,68.0,561.7,17556,-7.142184331314638e-06,-0.0013640567289626494,3.173
2026-07-28T08:14:08.886682+00:00,1,BOTH,708.0,68.0,561.8,17680,-7.142184331314638e-06,-0.0013640567289626494,3.179
2026-07-28T08:14:08.936724+00:00,1,BOTH,708.0,68.0,561.8,17678,1.8271213048137724e-05,0.003489544647475506,3.182
2026-07-28T08:14:09.053357+00:00,1,BOTH,707.5,67.5,561.7,17983,-3.243294660933316e-05,-0.006194236526293079,3.175
2026-07-28T08:14:09.119902+00:00,1,BOTH,707.5,67.5,561.7,18162,-1.3241969427326694e-05,-0.0025290298687569578,3.171
2026-07-28T08:14:09.170010+00:00,1,BOTH,708.0,68.0,561.8,17753,4.731714172521606e-05,0.00903690839825749,3.177
2026-07-28T08:14:09.253390+00:00,1,BOTH,707.0,67.0,561.6,18721,-6.456374831032007e-06,-0.0012330767625754135,3.163
2026-07-28T08:14:09.286527+00:00,1,BOTH,707.5,67.5,561.6,18348,-4.236630993545986e-05,-0.008091369176150057,3.163
2026-07-28T08:14:09.370233+00:00,1,BOTH,707.5,67.5,561.6,18119,-1.5884143067523837e-06,-0.0003033647863170336,3.164
2026-07-28T08:14:09.469997+00:00,1,BOTH,707.5,67.5,561.6,18226,-1.3044722509221174e-05,-0.0024913584823255948,3.164
2026-07-28T08:14:09.536577+00:00,1,BOTH,707.5,67.5,561.5,18316,1.7324892251053822e-05,0.0033088106883476277,3.164
2026-07-28T08:14:09.570021+00:00,1,BOTH,707.5,67.5,561.5,18103,1.7550534394104034e-05,0.0033519051632711753,3.164
2026-07-28T08:14:09.586407+00:00,1,BOTH,707.5,67.5,561.5,18180,-2.5479022879153488e-05,-0.004866134923642527,3.164
2026-07-28T08:14:09.653183+00:00,1,BOTH,707.5,67.5,561.7,17801,-1.291562984988559e-05,-0.002466703600505431,3.164
2026-07-28T08:14:09.688174+00:00,1,BOTH,707.5,67.5,561.7,18162,1.861326672951691e-06,0.00035548720885086394,3.164
2026-07-28T08:14:09.903173+00:00,1,BOTH,707.5,67.5,561.6,18384,-2.273005637107417e-05,-0.00434112099385666,3.164
2026-07-28T08:14:09.936505+00:00,1,BOTH,708.0,68.0,561.7,17714,-2.273005637107417e-05,-0.00434112099385666,3.173
2026-07-28T08:14:10.121999+00:00,1,BOTH,707.5,67.5,561.7,18336,2.3025990813039244e-05,0.004397640308980519,3.17
2026-07-28T08:14:10.153189+00:00,1,BOTH,707.5,67.5,561.6,18228,1.7468120204284788e-05,0.003336165212442399,3.167
2026-07-28T08:14:10.186466+00:00,1,BOTH,707.5,67.5,561.6,18102,-9.212671924615278e-05,-0.01759490731063736,3.166
2026-07-28T08:14:10.303194+00:00,1,BOTH,708.0,68.0,561.7,17847,6.275561376241966e-05,0.011985439364465838,3.175
2026-07-28T08:14:10.354077+00:00,1,BOTH,707.5,67.5,561.7,17907,2.1011301287217064e-05,0.00401286295278444,3.17
2026-07-28T08:14:10.419893+00:00,1,BOTH,707.5,67.5,561.6,18219,7.408749719616026e-05,0.01414966968009101,3.168
2026-07-28T08:14:10.486402+00:00,1,BOTH,707.0,67.0,561.5,18577,2.4029252563195767e-05,0.004589249189083443,3.157
2026-07-28T08:14:10.453177+00:00,1,BOTH,707.5,67.5,561.5,18004,-0.012046523775061359,-2.300716567050066,3.16
2026-07-28T08:14:10.603217+00:00,1,BOTH,707.5,67.5,561.5,18469,-5.14812214532867e-05,-0.009832189044838928,3.162
2026-07-28T08:14:10.703126+00:00,1,BOTH,708.0,68.0,561.6,17601,2.1342420077417045e-05,0.004076101983437561,3.172
2026-07-28T08:14:10.753101+00:00,1,BOTH,708.0,68.0,561.7,17784,0.005017011893360177,0.9581786908549212,3.178
2026-07-28T08:14:10.786372+00:00,1,BOTH,707.5,67.5,561.8,17680,-5.08197583258152e-05,-0.00970585889314679,3.173
2026-07-28T08:14:10.886666+00:00,1,BOTH,708.0,68.0,561.9,17302,0.00037147993512917307,0.07094744152231743,3.179
2026-07-28T08:14:11.019649+00:00,1,BOTH,707.5,67.5,561.8,18047,2.0732113625854254e-05,0.003959542037157051,3.173
2026-07-28T08:14:11.036365+00:00,1,BOTH,708.0,68.0,561.8,17791,-4.912539850920438e-05,-0.009382260004918925,3.179
2026-07-28T08:14:11.053061+00:00,1,BOTH,708.0,68.0,561.9,17806,-0.09470871814526617,-18.088032776059432,3.182
2026-07-28T08:14:11.155871+00:00,1,BOTH,707.5,67.5,561.8,18176,-4.5828816946595905e-05,-0.008752659303725234,3.175
2026-07-28T08:14:11.186212+00:00,1,RIGHT,322.2,-317.8,561.8,15814,0.0016110552006284706,0.3076888785287115,-0.825
2026-07-28T08:14:11.219560+00:00,1,BOTH,707.5,67.5,561.7,18427,-0.00679827452666359,-1.2983747944970705,0.771
2026-07-28T08:14:11.369618+00:00,1,BOTH,708.0,68.0,561.8,17749,-6.481573800556361e-05,-0.01237889411248161,1.737
2026-07-28T08:14:11.486496+00:00,1,BOTH,707.5,67.5,561.7,17934,-0.009278787112561986,-1.7721178018339376,2.308
2026-07-28T08:14:11.503084+00:00,1,BOTH,707.0,67.0,561.6,18528,0.003519517102977261,0.672178253082358,2.641
2026-07-28T08:14:11.552958+00:00,1,BOTH,708.0,68.0,561.7,17472,0.004391434332737845,0.8387021775824245,2.86
2026-07-28T08:14:11.669565+00:00,1,BOTH,707.0,67.0,561.7,18182,-0.0030450593802379446,-0.5815635028478546,2.972
2026-07-28T08:14:11.686110+00:00,1,BOTH,708.0,68.0,561.8,17784,0.000691097917733714,0.13198997972140394,3.058
2026-07-28T08:14:11.702885+00:00,1,BOTH,707.5,67.5,561.7,17856,-0.00320321220511687,-0.611768467459968,3.101
2026-07-28T08:14:11.719650+00:00,1,BOTH,708.0,68.0,561.8,17772,0.0063596585829509425,1.2146053198241293,3.135
2026-07-28T08:14:11.786379+00:00,1,BOTH,707.0,67.0,561.8,18312,-0.006519061303697527,-1.2450489969630683,3.137
2026-07-28T08:14:11.902836+00:00,1,BOTH,707.0,67.0,561.9,18075,0.019659829666779843,3.7547508861752417,3.139
2026-07-28T08:14:12.052858+00:00,1,BOTH,707.5,67.5,562.0,17700,-0.015883127265187796,-3.0334538592147537,3.149
2026-07-28T08:14:12.069492+00:00,1,BOTH,707.5,67.5,562.1,17581,0.0017677266226382925,0.3376109160336309,3.155
2026-07-28T08:14:12.102829+00:00,1,BOTH,707.5,67.5,562.0,18117,0.010406175221287412,1.9874330701779477,3.159
2026-07-28T08:14:12.136202+00:00,1,BOTH,707.5,67.5,561.9,18287,-0.008981510749435984,-1.7153421986468762,3.161
2026-07-28T08:14:12.269488+00:00,1,BOTH,707.5,67.5,561.8,17829,0.002962442317511886,0.5657848061479522,3.162
2026-07-28T08:14:12.402848+00:00,1,BOTH,708.0,68.0,561.8,17520,-0.011549480855464936,-2.2057883619509475,3.172
2026-07-28T08:14:12.452850+00:00,1,BOTH,708.0,68.0,561.9,17740,0.0024600035237381233,0.46982606499168367,3.178
2026-07-28T08:14:12.485912+00:00,1,BOTH,707.0,67.0,561.9,17880,-0.005563483287405688,-1.0625470391997158,3.163
2026-07-28T08:14:12.519550+00:00,1,BOTH,707.0,67.0,561.9,18024,-0.004983719376614317,-0.9518202885252334,3.154
2026-07-28T08:14:12.586054+00:00,1,BOTH,707.5,67.5,561.8,17973,-0.0028379881462024057,-0.5420158102851809,3.158
2026-07-28T08:14:12.569416+00:00,1,BOTH,707.0,67.0,561.7,18619,-0.03542248531477526,-6.765196361335866,3.151
2026-07-28T08:14:12.536232+00:00,1,BOTH,707.5,67.5,561.6,17915,-4.158819188887719e-05,-0.007942759576042888,3.156
2026-07-28T08:14:12.787128+00:00,1,BOTH,707.5,67.5,561.6,17945,0.007779042347683571,1.4856876505860273,3.159
2026-07-28T08:14:12.936113+00:00,1,BOTH,707.5,67.5,561.6,18110,-0.009014142099185846,-1.7215743273818178,3.161
2026-07-28T08:14:12.752790+00:00,1,RIGHT,321.41,-318.59,561.6,15836,-0.006586405751295388,-1.2579108390330596,-0.839
2026-07-28T08:14:13.002837+00:00,1,BOTH,707.5,67.5,561.6,18128,-0.003952613792935153,-0.7548936279346018,0.762
2026-07-28T08:14:13.136056+00:00,1,BOTH,707.5,67.5,561.6,17886,0.0005330168135697023,0.10179871275685122,1.723
2026-07-28T08:14:13.219175+00:00,1,BOTH,707.5,67.5,561.5,18205,0.0026707999646896495,0.5100852196680207,2.299
2026-07-28T08:14:13.169222+00:00,1,BOTH,707.5,67.5,561.5,17897,-1.610918843653053e-05,-0.003076628362647162,2.645
2026-07-28T08:14:13.119473+00:00,1,BOTH,707.5,67.5,561.5,18155,0.0029424455889966337,0.5619657123213093,2.853
2026-07-28T08:14:13.519411+00:00,1,BOTH,707.5,67.5,561.5,18026,-7.959479698911309e-05,-0.015201486462255907,2.977
2026-07-28T08:14:13.535994+00:00,1,BOTH,707.5,67.5,561.5,18527,-0.009890771699137985,-1.888998248293482,3.052
2026-07-28T08:14:13.635974+00:00,1,BOTH,707.5,67.5,561.5,18138,0.0068614581090514545,1.3104419698482097,3.097
2026-07-28T08:14:13.769196+00:00,1,BOTH,707.5,67.5,561.5,17896,1.073640290996991e-05,0.002050501912977505,3.124
2026-07-28T08:14:13.786082+00:00,1,BOTH,707.5,67.5,561.5,18010,-0.006433390413294546,-1.2286870621390062,3.14
2026-07-28T08:14:13.819171+00:00,1,BOTH,708.0,68.0,561.6,17468,5.934140466990811e-05,0.011333373459878828,3.159
2026-07-28T08:14:13.935837+00:00,1,BOTH,707.5,67.5,561.6,17902,2.099687262671068e-05,0.004010107281614297,3.161
2026-07-28T08:14:13.952534+00:00,1,BOTH,707.5,67.5,561.6,18015,0.00634792331722565,1.2123640491657166,3.162
2026-07-28T08:14:14.052557+00:00,1,BOTH,707.0,67.0,561.7,18279,0.0057978114363504574,1.1073004190518765,3.154
2026-07-28T08:14:14.002569+00:00,1,BOTH,708.0,68.0,561.7,17829,0.006842336561385309,1.3067900232514484,3.167
2026-07-28T08:14:13.985842+00:00,1,BOTH,708.0,68.0,561.8,17776,-0.0001676635377225466,-0.032021376965781306,3.175
2026-07-28T08:14:14.285876+00:00,1,BOTH,708.0,68.0,561.8,17197,-0.00010117642028490082,-0.01932327289522209,3.18
2026-07-28T08:14:14.252586+00:00,1,BOTH,707.5,67.5,561.8,18109,0.007659494539839215,1.462855701120952,3.174
2026-07-28T08:14:14.235852+00:00,1,BOTH,707.5,67.5,561.7,17946,0.0009089311255957,0.1735930578823632,3.17
2026-07-28T08:14:14.552626+00:00,1,BOTH,707.5,67.5,561.7,17865,0.008585631908790674,1.6397349094218487,3.168
2026-07-28T08:14:14.619111+00:00,1,BOTH,707.5,67.5,561.6,18052,3.435357146372553e-05,0.006561048853575116,3.166
2026-07-28T08:14:14.669299+00:00,1,BOTH,707.5,67.5,561.6,18394,0.001527763241078901,0.2917812860301625,3.165
2026-07-28T08:14:14.652410+00:00,1,BOTH,707.5,67.5,561.6,17917,0.0054039057294721715,1.0320699706177328,3.165
2026-07-28T08:14:14.769184+00:00,1,BOTH,707.0,67.0,561.7,18067,-0.0017855787690496073,-0.3410204248490241,3.155
2026-07-28T08:14:14.952465+00:00,1,BOTH,708.0,68.0,561.7,17753,-0.002043193986173719,-0.39022130711421726,3.168
2026-07-28T08:14:14.885537+00:00,1,BOTH,707.0,67.0,561.8,18458,-0.002859826013445854,-0.5461865357072362,3.157
2026-07-28T08:14:15.002453+00:00,1,BOTH,707.5,67.5,561.7,17939,-0.001238920567848254,-0.23661639896552106,3.16
2026-07-28T08:14:15.152370+00:00,1,BOTH,707.5,67.5,561.7,18290,-0.0045793401869013905,-0.8745895522136642,3.162
2026-07-28T08:14:15.252429+00:00,1,BOTH,707.5,67.5,561.8,17800,-0.003005857239477336,-0.5740764454696524,3.163
2026-07-28T08:14:15.185667+00:00,1,BOTH,707.0,67.0,561.9,17854,-0.003634706749144243,-0.6941778549789358,3.154
2026-07-28T08:14:15.302359+00:00,1,BOTH,707.5,67.5,561.8,18006,0.00022351243766024708,0.04268773115537692,3.158
2026-07-28T08:14:15.352382+00:00,1,BOTH,708.0,68.0,561.8,17738,-0.004386620614095591,-0.8377828250425425,3.17
2026-07-28T08:14:15.568910+00:00,1,BOTH,707.5,67.5,561.8,18157,-0.0030018816236406566,-0.5733171587749621,3.167
2026-07-28T08:14:15.585705+00:00,1,BOTH,707.0,67.0,561.8,18203,-0.00502002633002121,-0.9587544058492105,3.157
2026-07-28T08:14:15.635740+00:00,1,BOTH,707.0,67.0,561.9,18049,0.0059961319979629476,1.1451768562887428,3.15
2026-07-28T08:14:15.756099+00:00,1,BOTH,707.5,67.5,561.8,18395,0.0,0.0,3.156
2026-07-28T08:14:15.668908+00:00,1,BOTH,707.5,67.5,561.7,17924,0.0008837826939998195,0.16879006124297186,3.159
2026-07-28T08:14:15.652108+00:00,1,BOTH,707.5,67.5,561.7,18066,0.004924944038284593,0.9405950257727445,3.161
2026-07-28T08:14:15.918849+00:00,1,BOTH,707.0,67.0,561.7,17990,-7.150680001359433e-05,-0.013656792824216576,3.153
2026-07-28T08:14:16.002154+00:00,1,BOTH,707.5,67.5,561.7,18084,9.140605106949806e-06,0.0017457269827465011,3.157
2026-07-28T08:14:16.018820+00:00,1,BOTH,707.5,67.5,561.9,17610,2.5718112519825807e-05,0.004911797681428604,3.16
2026-07-28T08:14:15.869167+00:00,1,BOTH,708.0,68.0,561.9,17652,3.363199881277978e-05,0.0064232386285375895,3.171
2026-07-28T08:14:16.202356+00:00,1,BOTH,707.5,67.5,561.8,18064,0.014280424334574491,2.727360146756785,3.168
2026-07-28T08:14:16.185543+00:00,1,BOTH,707.5,67.5,561.7,17868,2.4100388836814092e-05,0.004602835216578836,3.167
2026-07-28T08:14:16.302203+00:00,1,BOTH,707.5,67.5,561.7,18043,-6.613558216486126e-05,-0.012630965778957434,3.166
2026-07-28T08:14:16.435470+00:00,1,BOTH,708.0,68.0,561.8,17803,-0.0013124002578842919,-0.25064998602883587,3.174
2026-07-28T08:14:16.285386+00:00,1,BOTH,707.0,67.0,561.6,18616,-1.9448582315817474e-05,-0.003714405614030367,3.161
2026-07-28T08:14:16.551919+00:00,1,BOTH,707.0,67.0,561.5,18685,-0.0017055086384061724,-0.32572815634592434,3.153
2026-07-28T08:14:16.518866+00:00,1,BOTH,707.5,67.5,561.5,18333,2.0883417455479503e-05,0.003988438940029361,3.157
2026-07-28T08:14:16.618738+00:00,1,BOTH,707.5,67.5,561.7,17576,-4.154688111157156e-05,-0.007934869798749496,3.16
2026-07-28T08:14:16.651957+00:00,1,BOTH,707.5,67.5,561.7,18082,-0.009378197150072083,-1.791103720469157,3.162
2026-07-28T08:14:16.702096+00:00,1,BOTH,707.5,67.5,561.6,18099,1.9220962349209e-05,0.003670933402631786,3.163
2026-07-28T08:14:16.668822+00:00,1,BOTH,707.0,67.0,561.7,17962,7.14592178701423e-05,0.013647705304216618,3.154
2026-07-28T08:14:16.818812+00:00,1,BOTH,707.5,67.5,561.7,18280,-5.206835456192493e-05,-0.00994432320863015,3.158
2026-07-28T08:14:16.935450+00:00,1,BOTH,707.5,67.5,561.6,18306,3.3458062971476467e-05,0.006390019329828465,3.16
2026-07-28T08:14:17.052129+00:00,1,BOTH,707.5,67.5,561.6,17937,-2.0211064838804305e-06,-0.00038600290490958073,3.162
2026-07-28T08:14:17.118592+00:00,1,BOTH,707.5,67.5,561.6,17974,-1.16450413770508e-05,-0.002224039077200744,3.163
2026-07-28T08:14:17.135331+00:00,1,BOTH,707.5,67.5,561.6,18146,0.013154823243385181,2.512386173621893,3.163
2026-07-28T08:14:17.168579+00:00,1,BOTH,707.5,67.5,561.8,17722,0.018709721327468287,3.573293559766123,3.164
2026-07-28T08:14:17.202042+00:00,1,BOTH,707.5,67.5,561.7,18481,-0.005536436448455789,-1.0573814734630513,3.164
2026-07-28T08:14:17.418696+00:00,1,BOTH,707.5,67.5,561.7,17908,-0.013895679015804489,-2.6538792035803294,3.164
2026-07-28T08:14:17.218585+00:00,1,BOTH,707.0,67.0,561.7,18335,-0.00543580613542872,-1.0381624993712801,3.155
2026-07-28T08:14:17.585440+00:00,1,BOTH,706.5,66.5,561.7,18908,-7.7226193388924e-05,-0.014749116496821485,3.14
2026-07-28T08:14:17.618642+00:00,1,BOTH,708.0,68.0,561.7,17454,-0.0020535691548138856,-0.3922028183636107,3.159
2026-07-28T08:14:17.652003+00:00,1,BOTH,707.5,67.5,561.7,18301,0.005006570443147212,0.9561845207575916,3.161
2026-07-28T08:14:17.502095+00:00,1,BOTH,707.5,67.5,561.7,18486,-5.594374844804406e-05,-0.010684468920714915,3.162
2026-07-28T08:14:17.851809+00:00,1,BOTH,707.0,67.0,561.7,17913,0.00199874724552501,0.3817326049399386,3.154
2026-07-28T08:14:17.953062+00:00,1,BOTH,707.5,67.5,561.7,18039,9.428127610590309e-05,0.018006397359919536,3.158
2026-07-28T08:14:17.985304+00:00,1,BOTH,707.5,67.5,561.6,18138,5.105888878460974e-05,0.009751529446619972,3.16
2026-07-28T08:14:18.051889+00:00,1,BOTH,707.0,67.0,561.7,18399,-0.0028987907944247127,-0.5536282607063703,3.152
2026-07-28T08:14:18.085382+00:00,1,BOTH,707.5,67.5,561.7,18168,0.002115535236080177,0.40403746812868796,3.157
2026-07-28T08:14:18.101741+00:00,1,BOTH,707.0,67.0,561.7,18412,4.174875095486641e-05,0.00797342409885537,3.15
2026-07-28T08:14:18.201807+00:00,1,BOTH,707.5,67.5,561.7,18415,4.7431353013962504e-05,0.00905872114765056,3.156
2026-07-28T08:14:18.218448+00:00,1,BOTH,707.5,67.5,561.7,18358,-3.264658647822216e-05,-0.006235038735703306,3.159
2026-07-28T08:14:18.268438+00:00,1,BOTH,708.0,68.0,561.7,17660,0.010124667950440197,1.9336691417719754,3.171
2026-07-28T08:14:18.385242+00:00,1,BOTH,707.5,67.5,561.7,17939,-4.8748449262348e-05,-0.009310268001800572,3.168
2026-07-28T08:14:18.505337+00:00,1,BOTH,708.0,68.0,561.7,17717,-1.6226274892687796e-05,-0.0030989902285670115,3.176
2026-07-28T08:14:18.535133+00:00,1,BOTH,707.5,67.5,561.7,18310,-7.333368470426648e-05,-0.014005702098991834,3.171
2026-07-28T08:14:18.635140+00:00,1,BOTH,707.0,67.0,561.6,18563,0.002963364970055409,0.5659610198036217,3.159
2026-07-28T08:14:18.751783+00:00,1,BOTH,707.0,67.0,561.6,18286,7.56728695705533e-06,0.0014452453500122195,3.152
2026-07-28T08:14:18.868445+00:00,1,BOTH,707.0,67.0,561.7,17985,-2.8493866848293693e-05,-0.005441927708049871,3.147
2026-07-28T08:14:18.884980+00:00,1,BOTH,707.0,67.0,561.8,18122,5.608308012597263e-05,0.010711079311040856,3.145
2026-07-28T08:14:18.951844+00:00,1,BOTH,707.0,67.0,561.8,17909,0.008751020793570206,1.6713218596759907,3.143
2026-07-28T08:14:19.101779+00:00,1,BOTH,707.0,67.0,561.9,18110,-0.010484110626566689,-2.002317636168428,3.142
2026-07-28T08:14:19.118386+00:00,1,BOTH,708.0,68.0,561.9,17690,-0.010484110626566689,-2.002317636168428,3.16
2026-07-28T08:14:19.151661+00:00,1,BOTH,708.0,68.0,561.9,17731,-3.884407924488185e-06,-0.0007418672666011493,3.171
2026-07-28T08:14:19.202724+00:00,1,BOTH,707.0,67.0,561.9,18443,2.8598587377928197e-05,0.0054619278559713096,3.159
2026-07-28T08:14:19.218785+00:00,1,BOTH,707.0,67.0,561.9,18087,0.0008716193812142592,0.16646703961793816,3.152
2026-07-28T08:14:19.401786+00:00,1,BOTH,707.5,67.5,562.1,17690,-5.705097166355699e-05,-0.010895932978140895,3.157
2026-07-28T08:14:19.451689+00:00,1,BOTH,707.5,67.5,562.1,17642,0.009080951387004462,1.7343339614627558,3.16
2026-07-28T08:14:19.518257+00:00,1,BOTH,707.5,67.5,562.0,18032,0.002034763888223097,0.3886112770027088,3.161
2026-07-28T08:14:19.534959+00:00,1,BOTH,707.5,67.5,561.9,18316,-0.010997804809594527,-2.1004259983281477,3.162
2026-07-28T08:14:19.751623+00:00,1,BOTH,707.5,67.5,561.8,18449,-3.803954226896167e-05,-0.00726501742207001,3.163
2026-07-28T08:14:19.768178+00:00,1,BOTH,707.5,67.5,561.8,18296,-0.0009020285171573051,-0.17227475677852513,3.163
2026-07-28T08:14:19.568178+00:00,1,BOTH,707.0,67.0,561.8,18273,-0.0014029786735773086,-0.26794918914280724,3.154
2026-07-28T08:14:19.901589+00:00,1,BOTH,707.5,67.5,561.7,18141,0.004123564215551596,0.7875427536742684,3.158
2026-07-28T08:14:19.951645+00:00,1,BOTH,706.5,66.5,561.7,18674,0.011031649126671254,2.1068897867581446,3.142
2026-07-28T08:14:19.818255+00:00,1,BOTH,707.0,67.0,561.6,18836,-0.008406410191964824,-1.6055060828511487,3.141
2026-07-28T08:14:19.801698+00:00,1,BOTH,708.0,68.0,561.6,17647,-0.0047335318886325695,-0.9040379980307862,3.16
2026-07-28T08:14:20.101731+00:00,1,BOTH,707.5,67.5,561.8,17360,0.0026016959289700027,0.4968873210211639,3.162
2026-07-28T08:14:20.168176+00:00,1,BOTH,707.0,67.0,561.9,17866,0.00020252241127309388,0.03867893140920322,3.153
2026-07-28T08:14:20.184931+00:00,1,BOTH,707.0,67.0,561.9,17912,0.010830830264749238,2.068536209308971,3.148
2026-07-28T08:14:20.201496+00:00,1,BOTH,707.0,67.0,561.9,17975,-0.016886712382547558,-3.2251244979042735,3.145
2026-07-28T08:14:20.434616+00:00,1,RIGHT,321.09,-318.91,561.9,15874,-0.03429581323172897,-6.550017843823315,-0.855
2026-07-28T08:14:20.368122+00:00,1,BOTH,707.0,67.0,561.9,17966,-0.00972521472518565,-1.8573791953720618,0.743
2026-07-28T08:14:20.484576+00:00,1,RIGHT,322.07,-317.93,561.9,15848,3.3936865138457504e-05,0.0064814638077942376,-3.257
2026-07-28T08:14:20.551979+00:00,1,BOTH,707.5,67.5,562.0,17629,3.365121665410696e-06,0.0006426908965868921,-0.688
2026-07-28T08:14:20.601523+00:00,1,BOTH,707.0,67.0,562.0,17985,0.007974462361889891,1.5230101240740563,0.843
2026-07-28T08:14:20.751459+00:00,1,BOTH,707.0,67.0,562.0,18343,0.006186270248144865,1.1814905871534975,1.762
2026-07-28T08:14:20.818032+00:00,1,BOTH,707.0,67.0,562.0,17916,2.3645389337616503e-05,0.004515936713296876,2.314
2026-07-28T08:14:20.884774+00:00,1,BOTH,706.5,66.5,561.9,18620,-0.004864637103164569,-0.9290772495802555,2.635
2026-07-28T08:14:20.934761+00:00,1,BOTH,707.0,67.0,561.9,18047,0.002062554404255934,0.39391887459994956,2.837
2026-07-28T08:14:20.851417+00:00,1,BOTH,707.0,67.0,561.9,17976,-0.0004495916757150553,-0.0858656850756234,2.959
2026-07-28T08:14:21.068105+00:00,1,BOTH,707.0,67.0,562.0,17989,-3.9546088373754174e-05,-0.007552746533558292,3.031
2026-07-28T08:14:21.118103+00:00,1,BOTH,707.5,67.5,561.9,17929,-0.006995348933851346,-1.3360132337700743,3.084
2026-07-28T08:14:21.134629+00:00,1,BOTH,707.5,67.5,562.0,17708,0.002769337584031746,0.5289045187065834,3.116
2026-07-28T08:14:21.201323+00:00,1,BOTH,708.0,68.0,562.0,17726,-0.006338805852574296,-1.2106227416844422,3.145
2026-07-28T08:14:21.284709+00:00,1,BOTH,707.0,67.0,562.0,18048,-3.878599964082241e-05,-0.0074075802787168365,3.143
2026-07-28T08:14:21.318019+00:00,1,BOTH,707.0,67.0,561.8,18709,-5.37231657654047e-05,-0.010260368868131333,3.142
2026-07-28T08:14:21.468346+00:00,1,BOTH,708.0,68.0,561.8,17804,9.436831169296052e-07,0.00018023019932605647,3.16
2026-07-28T08:14:21.301346+00:00,1,BOTH,707.5,67.5,561.8,18177,0.001139298024290838,0.21758989466486053,3.162
2026-07-28T08:14:21.501263+00:00,1,BOTH,708.5,68.5,561.9,17172,-0.004964315896577318,-0.9481144968119454,3.181
2026-07-28T08:14:21.634663+00:00,1,BOTH,707.0,67.0,561.9,18100,1.3005481014261022e-05,0.002483863908848926,3.165
2026-07-28T08:14:21.667952+00:00,1,BOTH,707.5,67.5,561.8,18077,1.3005481014261022e-05,0.002483863908848926,3.165
2026-07-28T08:14:21.684613+00:00,1,BOTH,708.0,68.0,561.9,17727,1.3005481014261022e-05,0.002483863908848926,3.174
2026-07-28T08:14:21.734470+00:00,1,BOTH,707.5,67.5,561.8,18000,-1.7570257186889647e-05,-0.0033556719392272643,3.17
2026-07-28T08:14:21.951330+00:00,1,BOTH,707.0,67.0,561.8,18429,0.004448822702979669,0.8496625489423935,3.158
2026-07-28T08:14:21.984499+00:00,1,BOTH,708.0,68.0,561.9,17928,-0.007383502995362505,-1.4101451988549099,3.17
2026-07-28T08:14:22.034573+00:00,1,BOTH,707.0,67.0,561.7,18797,-0.010421575737418608,-1.9903743521000827,3.158
2026-07-28T08:14:22.167859+00:00,1,BOTH,707.0,67.0,561.8,18331,0.004695726990903495,0.8968177944147872,3.151
2026-07-28T08:14:22.201461+00:00,1,BOTH,707.5,67.5,561.7,18247,-0.002529506034916267,-0.4831000668452451,3.156
2026-07-28T08:14:22.001388+00:00,1,BOTH,708.0,68.0,561.8,17828,-0.0045030655921436845,-0.8600221776680401,3.169
2026-07-28T08:14:22.267896+00:00,1,BOTH,707.5,67.5,561.7,17997,-1.5805720759090034e-05,-0.003018670305527236,3.167
2026-07-28T08:14:22.351426+00:00,1,BOTH,707.0,67.0,561.8,18190,-0.011474629959557205,-2.191492893856661,3.156
2026-07-28T08:14:22.384468+00:00,1,BOTH,707.5,67.5,561.7,18581,-0.00038379158882889897,-0.07329879417505382,3.159
2026-07-28T08:14:22.534634+00:00,1,BOTH,707.0,67.0,561.6,18660,0.009056038450507913,1.7295759410743234,3.152
2026-07-28T08:14:22.567662+00:00,1,BOTH,708.0,68.0,561.7,17603,1.1192352685611693e-05,0.0021375819056915412,3.166
2026-07-28T08:14:22.651072+00:00,1,BOTH,707.5,67.5,561.6,18000,0.0026453133636096028,0.5052176374146199,3.165
2026-07-28T08:14:22.701194+00:00,1,BOTH,708.0,68.0,561.7,17634,0.004811033417354338,0.9188396997026836,3.174
2026-07-28T08:14:22.717893+00:00,1,BOTH,707.5,67.5,561.7,18065,-0.004113581958881696,-0.7856362830835965,3.17
2026-07-28T08:14:22.967701+00:00,1,BOTH,707.5,67.5,561.6,18272,2.290385906235315e-05,0.004374314862784328,3.168
2026-07-28T08:14:22.801227+00:00,1,BOTH,707.5,67.5,561.6,17981,0.012063379727769642,2.3039358168829214,3.166
2026-07-28T08:14:23.084505+00:00,1,BOTH,708.0,68.0,561.7,17711,0.012063379727769642,2.3039358168829214,3.175
2026-07-28T08:14:23.101014+00:00,1,BOTH,708.0,68.0,561.7,17595,-0.002089620060287416,-0.39908803413447197,3.18
2026-07-28T08:14:23.051072+00:00,1,BOTH,707.5,67.5,561.7,18310,-0.0006785421399399638,-0.12959200280111738,3.174
2026-07-28T08:14:23.284268+00:00,1,BOTH,707.5,67.5,561.7,18084,0.003138771171143162,0.599461136546126,3.17
2026-07-28T08:14:23.400845+00:00,1,BOTH,707.5,67.5,561.6,17902,-0.006672326819971204,-1.2743205543876528,3.167
2026-07-28T08:14:23.417883+00:00,1,BOTH,707.5,67.5,561.6,18166,0.0,0.0,3.166
2026-07-28T08:14:23.434315+00:00,1,BOTH,707.5,67.5,561.6,18068,-0.012288033404620364,-2.3468415086683954,3.165
2026-07-28T08:14:23.567443+00:00,1,RIGHT,322.42,-317.58,561.6,15807,-0.017071030393708497,-3.26032664499683,-0.835
2026-07-28T08:14:23.484279+00:00,1,BOTH,707.0,67.0,561.5,18702,-0.002264291776009486,-0.4324478745050837,0.755
2026-07-28T08:14:23.700972+00:00,1,BOTH,708.0,68.0,561.6,17753,-0.0032664061017567293,-0.6238376126881343,1.728
2026-07-28T08:14:23.717671+00:00,1,BOTH,708.0,68.0,561.7,17820,0.0022807048656977714,0.4355825437314451,2.312
2026-07-28T08:14:23.767710+00:00,1,BOTH,707.5,67.5,561.6,18088,2.760696195764467e-05,0.005272541351170869,2.653
2026-07-28T08:14:23.784320+00:00,1,BOTH,707.0,67.0,561.7,17988,-0.016921569063488278,-3.2317816335900647,2.848
2026-07-28T08:14:23.900922+00:00,1,BOTH,707.5,67.5,561.7,18228,0.010017624280881137,1.9132253068075515,2.974
2026-07-28T08:14:24.067477+00:00,1,BOTH,707.5,67.5,561.6,18324,0.015221675202265033,2.907125820695767,3.05
2026-07-28T08:14:24.084266+00:00,1,BOTH,707.5,67.5,561.6,18039,0.015221675202265033,2.907125820695767,3.096
2026-07-28T08:14:24.250971+00:00,1,BOTH,707.0,67.0,561.5,18725,0.015221675202265033,2.907125820695767,3.114
2026-07-28T08:14:24.300976+00:00,1,BOTH,707.0,67.0,561.6,17935,0.005173325989162549,0.9880324840811865,3.124
2026-07-28T08:14:24.450889+00:00,1,BOTH,707.5,67.5,561.6,17853,0.00014768765424378217,0.0282062642478536,3.14
2026-07-28T08:14:24.517514+00:00,1,BOTH,708.0,68.0,561.7,17724,0.0005258570110891014,0.10043129120923214,3.159
2026-07-28T08:14:24.567529+00:00,1,BOTH,708.5,68.5,561.8,16906,-0.015525661059655249,-2.965182842896184,3.18
2026-07-28T08:14:24.467499+00:00,1,BOTH,708.0,68.0,561.7,18316,0.0042440890613943336,0.8105613036517808,3.183
2026-07-28T08:14:24.650865+00:00,1,BOTH,707.5,67.5,561.6,17994,0.00020651205501053481,0.03944089723559043,3.175
2026-07-28T08:14:24.684248+00:00,1,BOTH,707.5,67.5,561.6,18218,0.00020651205501053481,0.03944089723559043,3.171
2026-07-28T08:14:24.734115+00:00,1,BOTH,707.5,67.5,561.6,18443,-7.1077216125559016e-06,-0.0013574748345112429,3.168
2026-07-28T08:14:24.850796+00:00,1,BOTH,707.5,67.5,561.6,18208,0.0030633659538580106,0.5850598008671056,3.167
2026-07-28T08:14:24.700776+00:00,1,BOTH,707.5,67.5,561.6,18202,-0.005986951093073003,-1.1434234326143935,3.166
2026-07-28T08:14:24.900677+00:00,1,BOTH,708.0,68.0,561.6,17704,0.0028868969989707693,0.5513567131000274,3.174
2026-07-28T08:14:24.934330+00:00,1,BOTH,708.0,68.0,561.7,17737,-0.0036039904796052722,-0.6883114796223716,3.18
2026-07-28T08:14:25.134141+00:00,1,BOTH,707.5,67.5,561.7,18412,0.0063236431020777676,1.2077268696535723,3.173
2026-07-28T08:14:25.150632+00:00,1,BOTH,708.0,68.0,561.7,17818,-0.012400528368307278,-2.3683264641208543,3.179
2026-07-28T08:14:25.234200+00:00,1,BOTH,707.5,67.5,561.7,17919,0.005943882561696228,1.1351979490220068,3.173
2026-07-28T08:14:25.200686+00:00,1,BOTH,707.0,67.0,561.8,18016,0.004602769857738167,0.8790642897280911,3.16
2026-07-28T08:14:25.384084+00:00,1,BOTH,707.5,67.5,561.7,18295,0.0005758782231714576,0.10998463900405817,3.162
2026-07-28T08:14:25.484055+00:00,1,BOTH,707.0,67.0,561.6,18804,0.008553349026478828,1.6335693330652274,3.153
2026-07-28T08:14:25.517284+00:00,1,BOTH,707.5,67.5,561.5,18250,0.022545664607678192,4.305904761124778,3.158
2026-07-28T08:14:25.584000+00:00,1,BOTH,707.5,67.5,561.5,18533,-0.001800560374977067,-0.3438817008155962,3.16
2026-07-28T08:14:25.650644+00:00,1,BOTH,707.5,67.5,561.5,18252,-0.0062225257826503365,-1.188414884190679,3.162
2026-07-28T08:14:25.667399+00:00,1,BOTH,707.5,67.5,561.5,18223,0.01510108345450135,2.884094493392549,3.163
2026-07-28T08:14:25.800520+00:00,1,BOTH,707.5,67.5,561.5,17968,-0.004778196677798405,-0.9125683444042663,3.163
2026-07-28T08:14:25.967391+00:00,1,BOTH,707.5,67.5,561.5,18165,0.00010176887444686146,0.019436423305339772,3.164
2026-07-28T08:14:26.000629+00:00,1,BOTH,707.5,67.5,561.5,18065,-0.0069909006357193,-1.3351636714068,3.164
2026-07-28T08:14:26.083949+00:00,1,BOTH,707.5,67.5,561.5,18183,-0.01706012679846026,-3.2582442116993535,3.164
2026-07-28T08:14:26.133924+00:00,1,BOTH,707.5,67.5,561.5,17920,0.001337898833444342,0.2555198552394569,3.164
2026-07-28T08:14:26.167318+00:00,1,BOTH,707.5,67.5,561.5,18169,0.008253009243635461,1.5762086598092258,3.164
2026-07-28T08:14:26.067320+00:00,1,BOTH,707.5,67.5,561.5,18193,0.01894745581317693,3.618697502018851,3.164
2026-07-28T08:14:26.234495+00:00,1,BOTH,707.0,67.0,561.4,19168,-0.0006635046901647001,-0.12672006144524217,3.155
2026-07-28T08:14:26.467217+00:00,1,BOTH,707.5,67.5,561.4,18190,0.0026309951030270896,0.5024830510767981,3.158
2026-07-28T08:14:26.300534+00:00,1,BOTH,707.5,67.5,561.4,17918,0.0018788792245322838,0.3588394992683761,3.161
2026-07-28T08:14:26.533891+00:00,1,BOTH,707.5,67.5,561.5,18404,-0.0010885154188144952,-0.20789113144328594,3.162
2026-07-28T08:14:26.667031+00:00,1,BOTH,706.5,66.5,561.5,18537,-0.009506411524198484,-1.8155908621703374,3.144
2026-07-28T08:14:26.683782+00:00,1,BOTH,707.5,67.5,561.5,18115,0.003641548846499063,0.6954845993170986,3.152
2026-07-28T08:14:26.650515+00:00,1,BOTH,707.5,67.5,561.7,17471,0.007213275413960218,1.3776341256180078,3.157
2026-07-28T08:14:26.733637+00:00,1,BOTH,707.5,67.5,561.6,18060,-0.0047423752467148006,-0.9057269550135686,3.16
2026-07-28T08:14:26.767129+00:00,1,BOTH,707.0,67.0,561.5,18589,-0.005452016995986924,-1.041258545678814,3.152
2026-07-28T08:14:26.967134+00:00,1,BOTH,707.5,67.5,561.5,17967,0.011658269530744291,2.226565468458702,3.157
2026-07-28T08:14:26.983768+00:00,1,BOTH,706.5,66.5,561.5,18703,-0.0027063229607301766,-0.5168696121639611,3.141
2026-07-28T08:14:27.067119+00:00,1,BOTH,707.5,67.5,561.5,17981,-0.0027627336722798644,-0.5276432644677178,3.15
2026-07-28T08:14:27.133825+00:00,1,BOTH,707.5,67.5,561.7,17750,0.014079026592662558,2.6888960113733886,3.156
2026-07-28T08:14:27.150305+00:00,1,BOTH,707.0,67.0,561.8,18382,-0.0011197163542965426,-0.21385007117655694,3.15
2026-07-28T08:14:27.017082+00:00,1,BOTH,707.0,67.0,561.8,18419,0.005867505527858157,1.1206110100531754,3.146
2026-07-28T08:14:27.217262+00:00,1,BOTH,707.0,67.0,561.8,18373,0.002517326281995338,0.48077390538564063,3.144
2026-07-28T08:14:27.300337+00:00,1,BOTH,707.0,67.0,561.7,18946,0.003520965471980162,0.6724548711858374,3.143
2026-07-28T08:14:27.450441+00:00,1,BOTH,707.5,67.5,561.6,18253,0.0018832499982090667,0.3596742555513312,3.151
2026-07-28T08:14:27.483720+00:00,1,BOTH,708.0,68.0,561.7,17774,0.0032669877230364366,0.6239486941701418,3.166
2026-07-28T08:14:27.500214+00:00,1,BOTH,707.5,67.5,561.7,17995,-0.010965425929316552,-2.0942420877105232,3.165
2026-07-28T08:14:27.567004+00:00,1,BOTH,707.5,67.5,561.6,18076,-0.010965425929316552,-2.0942420877105232,3.165
2026-07-28T08:14:27.600425+00:00,1,BOTH,707.5,67.5,561.6,18208,-2.4364733544643968e-05,-0.004653321336896405,3.164
2026-07-28T08:14:27.783750+00:00,1,BOTH,707.5,67.5,561.6,18000,-0.01967968692188151,-3.7585433425420427,3.164
2026-07-28T08:14:27.633719+00:00,1,BOTH,707.5,67.5,561.6,17977,-0.009214767180383205,-1.7598908954387449,3.164
2026-07-28T08:14:27.917112+00:00,1,BOTH,707.0,67.0,561.7,18007,0.0018063651604461484,0.344990333176787,3.155
2026-07-28T08:14:28.066993+00:00,1,BOTH,706.5,66.5,561.6,18669,-0.009751418617088347,-1.8623837700815336,3.14
2026-07-28T08:14:28.083535+00:00,1,BOTH,707.0,67.0,561.7,18369,0.0034156203988823107,0.6523354442491572,3.14
2026-07-28T08:14:28.133647+00:00,1,BOTH,707.5,67.5,561.7,18413,0.0021014171908609568,0.4013411201085674,3.15
2026-07-28T08:14:28.150195+00:00,1,BOTH,707.5,67.5,561.6,18128,0.0021014171908609568,0.4013411201085674,3.155
2026-07-28T08:14:28.186377+00:00,1,BOTH,706.5,66.5,561.6,18554,0.009169565108604729,1.7512579356448978,3.14
2026-07-28T08:14:28.233454+00:00,1,BOTH,706.5,66.5,561.6,18496,0.009169565108604729,1.7512579356448978,3.131
2026-07-28T08:14:28.267094+00:00,1,BOTH,706.5,66.5,561.6,18748,0.009169565108604729,1.7512579356448978,3.125
2026-07-28T08:14:28.283404+00:00,1,BOTH,707.0,67.0,561.7,18294,0.009169565108604729,1.7512579356448978,3.132
2026-07-28T08:14:28.383586+00:00,1,BOTH,707.5,67.5,561.6,17996,0.009169565108604729,1.7512579356448978,3.145
2026-07-28T08:14:28.466925+00:00,1,BOTH,708.0,68.0,561.7,17680,0.009169565108604729,1.7512579356448978,3.162
2026-07-28T08:14:28.516857+00:00,1,BOTH,707.5,67.5,561.7,17927,-0.0050930665011765085,-0.9727040509895829,3.163
2026-07-28T08:14:28.566920+00:00,1,BOTH,707.0,67.0,561.7,18252,0.006785307748941705,1.2958983223725762,3.154
2026-07-28T08:14:28.416904+00:00,1,BOTH,707.5,67.5,561.7,17895,0.0003724389996204991,0.07113060934776355,3.158
2026-07-28T08:14:28.733423+00:00,1,BOTH,707.5,67.5,561.6,18529,-0.014499065691779833,-2.7691175700730457,3.16
2026-07-28T08:14:28.750242+00:00,1,BOTH,707.0,67.0,561.5,18925,0.008618912756210193,1.646091083074373,3.152
2026-07-28T08:14:28.685582+00:00,1,BOTH,707.5,67.5,561.5,18243,0.013190746267791837,2.519246965908049,3.157
2026-07-28T08:14:28.900280+00:00,1,BOTH,707.0,67.0,561.6,18140,-0.003150969376438297,-0.6017908221496105,3.151
2026-07-28T08:14:29.133568+00:00,1,BOTH,707.0,67.0,561.5,18708,0.027027561460854485,5.161884007457999,3.147
2026-07-28T08:14:29.183814+00:00,1,BOTH,707.5,67.5,561.5,18230,0.008028098272625357,1.5332538284589983,3.154
2026-07-28T08:14:29.033582+00:00,1,BOTH,707.5,67.5,561.7,17546,-0.0026826412772061304,-0.5123467437716533,3.158
2026-07-28T08:14:29.400076+00:00,1,BOTH,707.5,67.5,561.9,17875,0.0038836648594588043,0.7417253516341916,3.16
2026-07-28T08:14:29.300401+00:00,1,BOTH,708.0,68.0,561.9,17842,-0.0048836919036693875,-0.9327164484082217,3.171
2026-07-28T08:14:29.266804+00:00,1,BOTH,707.0,67.0,561.7,19183,-0.0048540226224577055,-0.9270500330928344,3.159
2026-07-28T08:14:29.533470+00:00,1,BOTH,707.5,67.5,561.9,17513,0.006986098973138724,1.3342466214050905,3.161
2026-07-28T08:14:29.566523+00:00,1,BOTH,707.5,67.5,561.8,18249,0.0,0.0,3.162
2026-07-28T08:14:29.616593+00:00,1,BOTH,706.5,66.5,561.7,18589,-6.911665142979473e-05,-0.013200308070013616,3.144
2026-07-28T08:14:29.816655+00:00,1,BOTH,707.5,67.5,561.7,17867,-0.002926603644446004,-0.5589401237812047,3.152
2026-07-28T08:14:29.799899+00:00,1,BOTH,707.5,67.5,561.6,18183,-0.0010037687365547754,-0.19170570737255876,3.157
2026-07-28T08:14:29.883400+00:00,1,BOTH,707.5,67.5,561.6,17879,9.37724151299335e-06,0.0017909212072312985,3.16
2026-07-28T08:14:29.983336+00:00,1,BOTH,707.5,67.5,561.6,18022,0.010330977336052457,1.9730713320037072,3.161
2026-07-28T08:14:30.083381+00:00,1,BOTH,706.5,66.5,561.6,18794,0.008011529178766068,1.530089364630687,3.144
2026-07-28T08:14:30.099907+00:00,1,BOTH,707.0,67.0,561.7,18074,-0.006410631726394059,-1.2243404731168142,3.143
2026-07-28T08:14:30.116607+00:00,1,BOTH,707.0,67.0,561.7,17949,0.0023394362354883925,0.44679940911152755,3.142
2026-07-28T08:14:30.283163+00:00,1,BOTH,706.5,66.5,561.7,18732,-0.0028898815350839866,-0.5519267175103333,3.132
2026-07-28T08:14:30.416757+00:00,1,BOTH,707.5,67.5,561.6,18190,0.0,0.0,3.145
2026-07-28T08:14:30.516438+00:00,1,RIGHT,320.35,-319.65,561.6,15881,1.0291842045262456e-07,1.9655970420294263e-05,-0.855
2026-07-28T08:14:30.483082+00:00,1,BOTH,707.0,67.0,561.5,18635,8.678505546413362e-06,0.0016574724676345401,0.743
2026-07-28T08:14:30.366673+00:00,1,BOTH,707.5,67.5,561.5,18006,0.006366600154724438,1.215931062376824,1.711
2026-07-28T08:14:30.633248+00:00,1,BOTH,707.5,67.5,561.5,18417,-0.0015121619901037775,-0.2888016665768327,2.293
2026-07-28T08:14:30.666548+00:00,1,BOTH,707.0,67.0,561.6,17788,3.649710073659662e-05,0.006970432788902648,2.632
2026-07-28T08:14:30.799797+00:00,1,BOTH,707.0,67.0,561.7,17794,3.649710073659662e-05,0.006970432788902648,2.835
2026-07-28T08:14:30.849775+00:00,1,BOTH,707.0,67.0,561.7,18211,3.649710073659662e-05,0.006970432788902648,2.957
2026-07-28T08:14:30.866642+00:00,1,BOTH,707.0,67.0,561.8,18004,3.649710073659662e-05,0.006970432788902648,3.031
2026-07-28T08:14:30.766545+00:00,1,BOTH,707.0,67.0,561.6,18564,3.649710073659662e-05,0.006970432788902648,3.075
2026-07-28T08:14:30.733168+00:00,1,BOTH,707.0,67.0,561.7,18029,0.003247052305669058,0.6201413099101998,3.101
2026-07-28T08:14:31.099723+00:00,1,BOTH,707.0,67.0,561.8,17952,4.638886777684092e-05,0.00885962113334469,3.117
2026-07-28T08:14:31.133161+00:00,1,BOTH,707.0,67.0,561.8,18432,-5.371282459236681e-05,-0.010258393849563716,3.126
2026-07-28T08:14:31.299550+00:00,1,RIGHT,320.18,-319.82,561.8,15949,-5.371282459236681e-05,-0.010258393849563716,-0.874
2026-07-28T08:14:31.333220+00:00,1,BOTH,707.5,67.5,562.0,17706,-0.0023798315666681445,-0.45451434907363764,0.741
2026-07-28T08:14:31.233221+00:00,1,BOTH,707.0,67.0,562.0,17942,0.009480178577987317,1.810580738496692,1.701
2026-07-28T08:14:31.466382+00:00,1,BOTH,707.0,67.0,562.0,18458,0.009480178577987317,1.810580738496692,2.277
2026-07-28T08:14:31.483064+00:00,1,BOTH,707.5,67.5,562.1,17322,2.0853454770985987e-06,0.00039827164888148257,2.632
2026-07-28T08:14:31.549743+00:00,1,BOTH,707.0,67.0,562.1,17965,3.211258983355947e-05,0.006133052888992241,2.835
2026-07-28T08:14:31.616354+00:00,1,BOTH,707.0,67.0,562.0,18137,0.01074366962071508,2.0518897524996405,2.957
2026-07-28T08:14:31.633042+00:00,1,BOTH,707.5,67.5,561.9,18002,0.004861257032607682,0.9284317036557019,3.04
2026-07-28T08:14:31.699703+00:00,1,BOTH,707.0,67.0,561.8,18556,1.9482336938381073e-07,3.7208522720702044e-05,3.08
2026-07-28T08:14:31.799548+00:00,1,BOTH,707.0,67.0,561.8,18444,-0.005044358434388414,-0.9634014954722523,3.104
2026-07-28T08:14:31.833114+00:00,1,BOTH,707.0,67.0,561.8,17967,-0.005381673175797914,-1.027823865639956,3.119
2026-07-28T08:14:31.866138+00:00,1,BOTH,707.0,67.0,561.9,18379,0.002672423059702851,0.5103952079813713,3.128
2026-07-28T08:14:31.916134+00:00,1,BOTH,707.0,67.0,561.9,18122,5.481290005263872e-05,0.010468492786295355,3.133
2026-07-28T08:14:32.016120+00:00,1,BOTH,707.0,67.0,561.7,18692,-2.541101464885287e-05,-0.004853146308414597,3.136
2026-07-28T08:14:32.133226+00:00,1,BOTH,707.5,67.5,561.7,18279,-0.0018647586536826566,-0.3561426688883791,3.147
2026-07-28T08:14:32.199649+00:00,1,BOTH,707.0,67.0,561.7,18164,-2.8809966752305625e-05,-0.005502298342731119,3.145
2026-07-28T08:14:32.316224+00:00,1,BOTH,707.0,67.0,561.8,18084,8.686809518508198e-05,0.016590584094819685,3.143
2026-07-28T08:14:32.349791+00:00,1,BOTH,708.0,68.0,561.8,17698,0.0004688277434615884,0.08953950339663698,3.161
2026-07-28T08:14:32.482962+00:00,1,BOTH,707.5,67.5,561.8,18306,0.0017014120273233858,0.3249457612614237,3.162
2026-07-28T08:14:32.499674+00:00,1,BOTH,707.0,67.0,561.6,18873,0.002235162526922068,0.4268845977281024,3.154
2026-07-28T08:14:32.532904+00:00,1,BOTH,707.5,67.5,561.6,18191,-1.0203570127487305e-07,-1.9487383475692866e-05,3.158
2026-07-28T08:14:32.666284+00:00,1,BOTH,707.0,67.0,561.5,18824,0.0046237401035614314,0.8830693116648407,3.151
2026-07-28T08:14:32.699391+00:00,1,BOTH,707.5,67.5,561.5,18084,-3.544757841154933e-05,-0.006769988789802758,3.156
2026-07-28T08:14:32.716246+00:00,1,BOTH,708.0,68.0,561.6,17795,8.00434174016118e-05,0.015287166649721223,3.169
2026-07-28T08:14:32.732884+00:00,1,BOTH,707.0,67.0,561.7,18542,-0.002089211526217696,-0.399010009874531,3.157
2026-07-28T08:14:32.899325+00:00,1,BOTH,707.5,67.5,561.6,18141,-3.5053700557909905e-05,-0.00669476366094539,3.16
2026-07-28T08:14:32.766244+00:00,1,BOTH,707.5,67.5,561.6,18247,0.005362582135712728,1.0241777455619685,3.162
2026-07-28T08:14:32.749451+00:00,1,BOTH,707.0,67.0,561.7,18314,0.004074025004520081,0.7780814612992225,3.153
2026-07-28T08:14:33.082848+00:00,1,BOTH,707.5,67.5,561.6,17961,0.004041534588322975,0.7718762488901637,3.158
2026-07-28T08:14:33.016209+00:00,1,BOTH,707.5,67.5,561.6,18227,-2.310788375325501e-05,-0.0044132807084681204,3.16
2026-07-28T08:14:33.249389+00:00,1,BOTH,707.5,67.5,561.6,18199,0.0007639824575744569,0.14590990147016283,3.162
2026-07-28T08:14:33.266172+00:00,1,BOTH,707.0,67.0,561.5,18601,0.0014608498350935405,0.2790017668441406,3.153
2026-07-28T08:14:33.366135+00:00,1,BOTH,707.0,67.0,561.6,18159,2.111218971549533e-05,0.00403213122325795,3.148
2026-07-28T08:14:33.299524+00:00,1,BOTH,707.0,67.0,561.7,18463,-0.008117548276204615,-1.5503375207340704,3.145
2026-07-28T08:14:33.149499+00:00,1,BOTH,707.5,67.5,561.6,18223,0.0008768357988446951,0.16746330199927684,3.153
2026-07-28T08:14:33.616035+00:00,1,BOTH,707.5,67.5,561.6,18419,-0.005500364815816283,-1.050492299095085,3.157
2026-07-28T08:14:33.632695+00:00,1,BOTH,706.5,66.5,561.6,18625,-1.6622822295175864e-05,-0.0031747252036984845,3.141
2026-07-28T08:14:33.665949+00:00,1,BOTH,707.5,67.5,561.6,17876,-0.004035518864984624,-0.7707273303634775,3.15
2026-07-28T08:14:33.782736+00:00,1,BOTH,707.5,67.5,561.6,17966,-0.0005060388841957319,-0.09664630777974952,3.156
2026-07-28T08:14:33.899329+00:00,1,BOTH,707.5,67.5,561.5,18483,0.001550191133574117,0.2960646979746592,3.159
2026-07-28T08:14:33.949338+00:00,1,BOTH,707.0,67.0,561.6,18522,0.0007277149277069839,0.1389833134875933,3.152
2026-07-28T08:14:33.932691+00:00,1,BOTH,707.5,67.5,561.6,18361,-0.006240942110744072,-1.1919321437703432,3.157
2026-07-28T08:14:34.165894+00:00,1,BOTH,707.5,67.5,561.8,17677,0.0025940549606457354,0.495428003566585,3.16
2026-07-28T08:14:34.182690+00:00,1,BOTH,707.5,67.5,561.7,18345,-0.0038140019829734227,-0.7284207222630134,3.161
2026-07-28T08:14:34.249315+00:00,1,BOTH,707.5,67.5,561.7,18285,0.012994573229079834,2.4817806753332015,3.162
2026-07-28T08:14:34.332510+00:00,1,BOTH,708.0,68.0,561.7,17387,0.0012111619135248474,0.23131488650654178,3.172
2026-07-28T08:14:34.432618+00:00,1,BOTH,707.0,67.0,561.6,18824,0.0013465701002860443,0.2571759452163278,3.16
2026-07-28T08:14:34.499135+00:00,1,BOTH,707.5,67.5,561.6,18358,0.006280279501806945,1.1994450320535375,3.161
2026-07-28T08:14:34.582592+00:00,1,BOTH,707.0,67.0,561.7,18446,-0.004723632478271611,-0.9021473499196161,3.153
2026-07-28T08:14:34.599386+00:00,1,BOTH,707.5,67.5,561.6,18389,-0.00815069299787865,-1.5566676962842638,3.158
2026-07-28T08:14:34.649153+00:00,1,BOTH,707.5,67.5,561.6,18437,-0.003899494804209098,-0.7447486483812487,3.16
2026-07-28T08:14:34.832703+00:00,1,BOTH,707.5,67.5,561.6,17855,0.0022108352405484765,0.42223842827405944,3.162
2026-07-28T08:14:34.865915+00:00,1,BOTH,707.5,67.5,561.6,18201,0.0004545545144355856,0.08681351745259168,3.163
2026-07-28T08:14:34.965926+00:00,1,BOTH,707.5,67.5,561.6,18391,-3.0015842130524104e-05,-0.005732603575366654,3.163
2026-07-28T08:14:35.015857+00:00,1,BOTH,707.5,67.5,561.5,18437,-0.00031475462892558423,-0.060113706065474386,3.164
2026-07-28T08:14:35.099149+00:00,1,BOTH,708.0,68.0,561.6,17610,-0.008973466975294286,-1.713805950947957,3.173
2026-07-28T08:14:35.148993+00:00,1,BOTH,707.0,67.0,561.7,18285,0.002891183235915378,0.5521753240564244,3.16
2026-07-28T08:14:35.265830+00:00,1,BOTH,707.0,67.0,561.6,18721,0.006376520135272585,1.2178256391043596,3.152
2026-07-28T08:14:35.299055+00:00,1,BOTH,707.5,67.5,561.6,18032,-1.0000246984418481e-05,-0.0019099064876520258,3.157
2026-07-28T08:14:35.365914+00:00,1,BOTH,707.5,67.5,561.7,17684,-0.0020330750616267324,-0.38828873488170507,3.16
2026-07-28T08:14:35.382453+00:00,1,BOTH,708.0,68.0,561.8,17620,0.0037027919170213863,0.7071811642016026,3.171
2026-07-28T08:14:35.465815+00:00,1,BOTH,707.0,67.0,561.6,19063,-3.322511329315601e-06,-0.0006345529218472825,3.159
2026-07-28T08:14:35.548995+00:00,1,BOTH,707.5,67.5,561.6,18460,-4.597632490913384e-05,-0.008780831249385225,3.161
2026-07-28T08:14:35.599107+00:00,1,BOTH,707.5,67.5,561.6,18099,8.680711907800287e-06,0.0016578938516197115,3.162
2026-07-28T08:14:35.715725+00:00,1,BOTH,708.0,68.0,561.7,17744,5.990238685626536e-05,0.011440513165413136,3.172
2026-07-28T08:14:35.732359+00:00,1,BOTH,707.0,67.0,561.7,18077,0.0022006572753889486,0.4202945801151523,3.16
2026-07-28T08:14:35.799058+00:00,1,BOTH,707.0,67.0,561.8,18047,-6.341868894992331e-06,-0.0012112077396945187,3.152
2026-07-28T08:14:35.865676+00:00,1,BOTH,707.0,67.0,561.6,18756,-1.221600396092981e-06,-0.00023330848982545824,3.147
2026-07-28T08:14:36.015678+00:00,1,BOTH,707.5,67.5,561.6,18416,5.263371829641983e-05,0.010052299728217858,3.154
2026-07-28T08:14:36.049049+00:00,1,BOTH,707.5,67.5,561.6,18116,-0.006437772178833257,-1.2295239177129529,3.158
2026-07-28T08:14:36.100437+00:00,1,BOTH,707.5,67.5,561.6,18227,-0.0019012328131793766,-0.36310872022320934,3.16
2026-07-28T08:14:36.182252+00:00,1,BOTH,707.0,67.0,561.7,18325,0.0005119721472146921,0.09777947754550775,3.153
2026-07-28T08:14:36.065643+00:00,1,BOTH,707.0,67.0,561.5,18891,0.0016502661001868545,0.3151776087140674,3.148
2026-07-28T08:14:36.249033+00:00,1,BOTH,707.0,67.0,561.4,18588,-3.958414279622957e-05,-0.007560014392890452,3.145
2026-07-28T08:14:36.365609+00:00,1,BOTH,708.0,68.0,561.5,17834,0.0030483056424418465,0.5821834932594426,3.162
2026-07-28T08:14:36.398978+00:00,1,BOTH,707.0,67.0,561.6,17983,-0.0011351939284941182,-0.21680607010529582,3.153
2026-07-28T08:14:36.565974+00:00,1,BOTH,707.0,67.0,561.7,17949,-0.0002222613710182486,-0.04244879502712319,3.148
2026-07-28T08:14:36.682271+00:00,1,BOTH,707.5,67.5,561.7,17860,0.0022338914332794956,0.42664183672448475,3.155
2026-07-28T08:14:36.715396+00:00,1,BOTH,707.0,67.0,561.7,18379,-1.1418158537708225e-05,-0.0021807076467398297,3.149
2026-07-28T08:14:36.748894+00:00,1,BOTH,707.5,67.5,561.7,18007,-0.0007352695015288191,-0.14042613080763053,3.155
2026-07-28T08:14:36.865452+00:00,1,BOTH,707.5,67.5,561.6,18446,-0.008589033525204286,-1.6403845703019233,3.159
2026-07-28T08:14:36.882352+00:00,1,BOTH,707.0,67.0,561.5,18593,0.011684039853134891,2.2314872374909447,3.151
2026-07-28T08:14:36.832108+00:00,1,BOTH,708.0,68.0,561.6,17775,-0.011142163904150949,-2.1279965545028574,3.166
2026-07-28T08:14:36.782287+00:00,1,BOTH,707.5,67.5,561.6,18511,-0.009530638732248917,-1.8202179180725881,3.165
2026-07-28T08:14:37.115456+00:00,1,BOTH,708.0,68.0,561.7,17765,-0.009530638732248917,-1.8202179180725881,3.174
2026-07-28T08:14:37.282120+00:00,1,BOTH,708.0,68.0,561.7,17598,-5.325570004060864e-05,-0.01017108949113854,3.179
2026-07-28T08:14:37.298799+00:00,1,BOTH,707.0,67.0,561.6,18601,-7.517287507653236e-05,-0.014356961585831598,3.164
2026-07-28T08:14:37.165604+00:00,1,BOTH,708.0,68.0,561.7,17571,-0.004678091559326276,-0.8934496750838993,3.173
2026-07-28T08:14:37.398798+00:00,1,BOTH,707.0,67.0,561.7,18202,-0.010565380117623136,-2.017838965637463,3.16
2026-07-28T08:14:37.581958+00:00,1,BOTH,707.0,67.0,561.8,18014,-0.0020058055937988684,-0.3830806501613571,3.152
2026-07-28T08:14:37.682090+00:00,1,BOTH,706.5,66.5,561.7,18784,-7.119160727597773e-07,-0.00013596595445554557,3.138
2026-07-28T08:14:37.698785+00:00,1,BOTH,707.0,67.0,561.8,17981,-0.0008886990515748038,-0.1697290163750511,3.139
2026-07-28T08:14:37.748671+00:00,1,BOTH,707.0,67.0,561.8,18478,-0.004205650570092985,-0.8032200925770555,3.14
2026-07-28T08:14:37.898567+00:00,1,BOTH,707.5,67.5,561.8,17972,0.003304219999117777,0.6310595351072307,3.15
2026-07-28T08:14:37.732038+00:00,1,BOTH,707.0,67.0,561.8,18049,-3.540353784046601e-05,-0.006761577660301357,3.146
2026-07-28T08:14:37.715436+00:00,1,BOTH,707.0,67.0,561.8,18451,-3.540353784046601e-05,-0.006761577660301357,3.144
2026-07-28T08:14:38.065329+00:00,1,BOTH,707.5,67.5,561.8,18433,-0.0017646855895873158,-0.33703012150302847,3.152
2026-07-28T08:14:38.232027+00:00,1,BOTH,707.0,67.0,561.8,18308,-0.004459615250234492,-0.8517237736353831,3.147
2026-07-28T08:14:38.248710+00:00,1,BOTH,707.0,67.0,561.9,18271,-0.002206016240234021,-0.421318067009091,3.145
2026-07-28T08:14:38.465726+00:00,1,BOTH,707.5,67.5,561.8,18326,0.0008472747006453573,0.1618175481172974,3.152
2026-07-28T08:14:38.481922+00:00,1,BOTH,707.0,67.0,561.8,18335,-0.00014730687428254896,-0.028133540632180872,3.148
2026-07-28T08:14:38.648586+00:00,1,BOTH,707.0,67.0,561.9,17754,-0.005019231312980992,-0.9586025687790587,3.145
2026-07-28T08:14:38.715157+00:00,1,BOTH,707.0,67.0,561.9,17972,-0.005019231312980992,-0.9586025687790587,3.143
2026-07-28T08:14:38.731945+00:00,1,BOTH,707.5,67.5,562.0,17705,9.722463029902428e-05,0.018568536602846127,3.152
2026-07-28T08:14:38.798423+00:00,1,BOTH,707.5,67.5,561.9,18186,9.835444274358451e-05,0.018784314885228325,3.157
2026-07-28T08:14:38.815177+00:00,1,BOTH,707.5,67.5,561.8,17862,0.005251121977926232,1.0028904234785405,3.16
2026-07-28T08:14:38.832004+00:00,1,BOTH,707.5,67.5,561.8,18060,0.009046103024156765,1.7276784144157107,3.161
2026-07-28T08:14:38.915097+00:00,1,BOTH,707.5,67.5,561.7,18376,0.0005020018282812089,0.09587528689454786,3.162
2026-07-28T08:14:38.998460+00:00,1,BOTH,707.5,67.5,561.9,17453,-3.0142649193294347e-05,-0.005756821940397272,3.163
2026-07-28T08:14:39.098511+00:00,1,BOTH,707.0,67.0,561.7,18592,-0.008251835645496612,-1.575984519075224,3.154
2026-07-28T08:14:39.115110+00:00,1,BOTH,707.5,67.5,561.7,18496,0.005187804596789647,0.9907976944487152,3.158
2026-07-28T08:14:39.182436+00:00,1,BOTH,707.5,67.5,561.6,18192,0.005077818625140935,0.9697919211783261,3.16
2026-07-28T08:14:39.281855+00:00,1,BOTH,707.0,67.0,561.7,18348,-3.7100224290043116e-05,-0.007085620902694038,3.153
2026-07-28T08:14:39.365107+00:00,1,BOTH,707.5,67.5,561.9,17169,0.00014745851294719614,0.028162501483831814,3.157
2026-07-28T08:14:39.381822+00:00,1,BOTH,707.0,67.0,561.7,18738,-7.871844281908123e-06,-0.0015034115144584189,3.151
2026-07-28T08:14:39.464974+00:00,1,BOTH,707.0,67.0,561.8,18026,-0.005677886160528942,-1.0843963785134927,3.147
2026-07-28T08:14:39.531774+00:00,1,BOTH,707.0,67.0,561.8,18412,-1.545625738799572e-05,-0.0029519277180001745,3.144
2026-07-28T08:14:39.565182+00:00,1,BOTH,707.5,67.5,561.7,18282,-1.545625738799572e-05,-0.0029519277180001745,3.152
2026-07-28T08:14:39.615123+00:00,1,BOTH,707.5,67.5,561.7,18190,0.002674856136145536,0.5108598913526998,3.157
2026-07-28T08:14:39.765207+00:00,1,BOTH,707.5,67.5,561.7,17967,0.002674856136145536,0.5108598913526998,3.16
2026-07-28T08:14:39.798194+00:00,1,BOTH,707.5,67.5,561.6,18281,-0.006987850221157714,-1.3345810851396531,3.161
2026-07-28T08:14:39.881626+00:00,1,BOTH,707.5,67.5,561.6,18105,9.441110411898989e-05,0.01803119268396101,3.163
2026-07-28T08:14:40.031705+00:00,1,BOTH,707.5,67.5,561.6,18477,-0.01839470782200806,-3.513130411924482,3.163
2026-07-28T08:14:40.048280+00:00,1,BOTH,707.5,67.5,561.6,18149,0.004390042597660795,0.8384363757620403,3.164
2026-07-28T08:14:40.081810+00:00,1,BOTH,707.5,67.5,561.6,18088,-0.007182437097944785,-1.3717444411014241,3.164
2026-07-28T08:14:40.198356+00:00,1,BOTH,706.5,66.5,561.5,18659,-3.709207921929192e-05,-0.007084065308767775,3.145
2026-07-28T08:14:40.264979+00:00,1,BOTH,707.5,67.5,561.5,18169,-0.0052976229274645445,-1.0117714506515274,3.153
2026-07-28T08:14:40.348339+00:00,1,BOTH,707.5,67.5,561.5,18153,0.004572557459905511,0.8732941467788198,3.157
2026-07-28T08:14:40.364918+00:00,1,BOTH,707.0,67.0,561.6,18417,-0.0005208430302445777,-0.0994736914060633,3.151
2026-07-28T08:14:40.415007+00:00,1,BOTH,707.5,67.5,561.6,17934,-1.7589774361113084e-05,-0.0033593994449306794,3.156
2026-07-28T08:14:40.431655+00:00,1,BOTH,707.5,67.5,561.6,18287,-0.0032117267348803578,-0.6133946228599226,3.159
2026-07-28T08:14:40.498534+00:00,1,BOTH,707.0,67.0,561.5,18706,-0.004894107644213363,-0.9347057083204654,3.152
2026-07-28T08:14:40.714921+00:00,1,BOTH,707.5,67.5,561.5,17884,-0.0019368005299475043,-0.3699016537489774,3.157
2026-07-28T08:14:40.748245+00:00,1,BOTH,707.5,67.5,561.5,18243,0.0017837818578118458,0.3406772400820796,3.16
2026-07-28T08:14:40.764886+00:00,1,BOTH,707.5,67.5,561.5,17770,-0.005082469819753897,-0.9706802339150484,3.161
2026-07-28T08:14:40.848239+00:00,1,BOTH,707.5,67.5,561.5,18581,0.002002581307751825,0.3824648568865621,3.162
2026-07-28T08:14:41.048175+00:00,1,BOTH,707.5,67.5,561.5,18017,-0.0059792783943703395,-1.1419580551039328,3.163
2026-07-28T08:14:41.064829+00:00,1,BOTH,707.0,67.0,561.4,18663,0.00021784537768326117,0.04160540242561425,3.154
2026-07-28T08:14:41.131614+00:00,1,BOTH,707.5,67.5,561.4,18206,-0.012523495462955907,-2.391811449262028,3.158
2026-07-28T08:14:41.264797+00:00,1,BOTH,707.0,67.0,561.3,18564,-0.012523495462955907,-2.391811449262028,3.151
2026-07-28T08:14:41.098086+00:00,1,BOTH,707.0,67.0,561.5,18361,-0.012523495462955907,-2.391811449262028,3.147
2026-07-28T08:14:41.398239+00:00,1,BOTH,707.0,67.0,561.6,18067,-0.003740092498355807,-0.7143050504810918,3.144
2026-07-28T08:14:41.281555+00:00,1,BOTH,707.0,67.0,561.7,18406,-0.007269004560657777,-1.3882776086234594,3.143
2026-07-28T08:14:41.531471+00:00,1,BOTH,707.5,67.5,561.6,18399,-0.01672590546950232,-3.1944126397908756,3.151
2026-07-28T08:14:41.631548+00:00,1,BOTH,708.0,68.0,561.7,17832,-0.004963825767626986,-0.9480208890777081,3.166
2026-07-28T08:14:41.648057+00:00,1,BOTH,707.0,67.0,561.8,18341,2.9275429333210924e-05,0.005591195147421586,3.156
2026-07-28T08:14:41.748043+00:00,1,BOTH,707.5,67.5,561.7,18338,-0.0013911640632431955,-0.2656927647803528,3.159
2026-07-28T08:14:41.665523+00:00,1,BOTH,707.0,67.0,561.6,18595,0.0017011988791637122,0.32490505296155614,3.152
2026-07-28T08:14:41.948124+00:00,1,BOTH,707.5,67.5,561.6,17981,0.001064991347375326,0.20339836474185713,3.157
2026-07-28T08:14:41.981496+00:00,1,BOTH,707.5,67.5,561.7,17737,-1.4555132047462393e-05,-0.002779825455250679,3.16
2026-07-28T08:14:42.081506+00:00,1,BOTH,707.0,67.0,561.6,18716,0.007776429946534336,1.4851887187185395,3.152
2026-07-28T08:14:42.097953+00:00,1,BOTH,707.5,67.5,561.6,18505,5.555913783609867e-05,0.010611013704646864,3.157
2026-07-28T08:14:42.183183+00:00,1,BOTH,707.5,67.5,561.6,18237,0.0012695528840413316,0.2424667404140997,3.16
2026-07-28T08:14:42.298088+00:00,1,BOTH,707.5,67.5,561.5,17863,-4.2245956719852984e-05,-0.00806838340513305,3.161
2026-07-28T08:14:42.347976+00:00,1,BOTH,707.0,67.0,561.4,18812,-4.790507243797038e-06,-0.000914919489321396,3.153
2026-07-28T08:14:42.364700+00:00,1,BOTH,707.0,67.0,561.4,18696,-0.0011140051728580147,-0.21275931586835323,3.148
2026-07-28T08:14:42.447997+00:00,1,BOTH,707.0,67.0,561.5,18020,0.013457080195075832,2.570112999156439,3.145
2026-07-28T08:14:42.581301+00:00,1,BOTH,707.5,67.5,561.5,18179,0.013457080195075832,2.570112999156439,3.153
2026-07-28T08:14:42.681185+00:00,1,BOTH,706.5,66.5,561.5,18801,0.013457080195075832,2.570112999156439,3.138
2026-07-28T08:14:42.697978+00:00,1,BOTH,707.5,67.5,561.5,18084,0.013457080195075832,2.570112999156439,3.149
2026-07-28T08:14:42.731105+00:00,1,BOTH,707.5,67.5,561.5,18130,0.013457080195075832,2.570112999156439,3.155
2026-07-28T08:14:42.781098+00:00,1,BOTH,707.0,67.0,561.6,18208,-0.00140576308069285,-0.2684809717300296,3.149
2026-07-28T08:14:42.831111+00:00,1,BOTH,708.0,68.0,561.7,17623,-0.00140576308069285,-0.2684809717300296,3.164
2026-07-28T08:14:42.847935+00:00,1,BOTH,707.5,67.5,561.6,18484,-0.00140576308069285,-0.2684809717300296,3.164
2026-07-28T08:14:42.947586+00:00,1,RIGHT,321.36,-318.64,561.6,15863,-0.00140576308069285,-0.2684809717300296,-0.836
2026-07-28T08:14:42.981385+00:00,1,BOTH,707.5,67.5,561.6,17950,-0.00140576308069285,-0.2684809717300296,0.764
2026-07-28T08:14:43.097985+00:00,1,BOTH,707.0,67.0,561.7,18241,0.016557565791299567,3.162262129505515,1.715
2026-07-28T08:14:43.147860+00:00,1,BOTH,707.5,67.5,561.7,18218,-0.00773150893219281,-1.4766094369411527,2.294
2026-07-28T08:14:43.331254+00:00,1,BOTH,707.5,67.5,561.6,18277,-6.1782654393027765e-06,-0.0011799617812786288,2.642
2026-07-28T08:14:43.397838+00:00,1,BOTH,708.0,68.0,561.7,17780,4.121139587368816e-05,0.007870796838017292,2.86
2026-07-28T08:14:43.431373+00:00,1,BOTH,707.5,67.5,561.7,18226,5.372789280954748e-05,0.01026127166706118,2.982
2026-07-28T08:14:43.547657+00:00,1,BOTH,706.5,66.5,561.6,18571,0.0013212086747807917,0.25233226973670647,3.036
2026-07-28T08:14:43.564458+00:00,1,BOTH,708.0,68.0,561.7,17634,3.9897008682601155e-05,0.007619767375699489,3.097
2026-07-28T08:14:43.681104+00:00,1,BOTH,708.0,68.0,561.8,17708,0.0032313818036345766,0.6171484644787766,3.133
2026-07-28T08:14:43.714311+00:00,1,BOTH,708.0,68.0,561.8,17792,1.003288423817139e-05,0.0019161397439684898,3.155
2026-07-28T08:14:43.764357+00:00,1,BOTH,707.5,67.5,561.7,18484,4.988053115084769e-07,9.526479716048014e-05,3.158
2026-07-28T08:14:43.914384+00:00,1,BOTH,707.5,67.5,561.7,18366,0.0022097864031093194,0.4220381150785294,3.161
2026-07-28T08:14:43.947726+00:00,1,BOTH,707.0,67.0,561.8,18009,-7.392098905256717e-06,-0.0014117868967149535,3.153
2026-07-28T08:14:43.981081+00:00,1,BOTH,707.5,67.5,561.7,17941,8.472779067233205e-05,0.016181816043308435,3.157
2026-07-28T08:14:44.081116+00:00,1,BOTH,707.5,67.5,561.7,18248,-5.799804421258159e-05,-0.011076810511313583,3.16
2026-07-28T08:14:44.197686+00:00,1,BOTH,707.5,67.5,561.6,18356,5.908270832151175e-06,0.0011283966096750303,3.162
2026-07-28T08:14:44.247583+00:00,1,BOTH,707.5,67.5,561.6,18394,-2.0563817670335994e-05,-0.003927399877289324,3.163
2026-07-28T08:14:44.330905+00:00,1,BOTH,707.5,67.5,561.6,18512,-8.381287188967689e-06,-0.0016007079427163807,3.163
2026-07-28T08:14:44.364373+00:00,1,BOTH,707.5,67.5,561.6,18307,-0.0009018849895801396,-0.17224734503047406,3.164
2026-07-28T08:14:44.431049+00:00,1,BOTH,707.5,67.5,561.6,18032,1.8125659989891575e-05,0.0034617460610330856,3.164
2026-07-28T08:14:44.464078+00:00,1,RIGHT,320.45,-319.55,561.6,15897,-1.9946054380852728e-05,-0.003809415779870959,-0.836
2026-07-28T08:14:44.547590+00:00,1,BOTH,708.0,68.0,561.6,17824,5.2858265335089527e-05,0.010095185053610973,0.773
2026-07-28T08:14:44.647537+00:00,1,BOTH,707.5,67.5,561.6,18028,0.008581505801703315,1.638946881015433,1.73
2026-07-28T08:14:44.714370+00:00,1,BOTH,707.5,67.5,561.6,18370,0.002229390651336871,0.42578225069174785,2.303
2026-07-28T08:14:44.730981+00:00,1,BOTH,707.5,67.5,561.6,18122,0.002229390651336871,0.42578225069174785,2.648
2026-07-28T08:14:44.847475+00:00,1,BOTH,707.0,67.0,561.7,18032,-0.011591478592599742,-2.213809338907362,2.845
2026-07-28T08:14:44.947688+00:00,1,BOTH,707.5,67.5,561.6,18047,-0.007705210791900754,-1.4715868621152266,2.973
2026-07-28T08:14:44.964129+00:00,1,BOTH,707.5,67.5,561.6,18183,0.0017857910064412862,0.34106095920501767,3.049
2026-07-28T08:14:45.047546+00:00,1,BOTH,707.5,67.5,561.6,18076,-2.880457614082842e-06,-0.0005501268811775656,3.095
2026-07-28T08:14:45.064147+00:00,1,BOTH,707.0,67.0,561.7,17822,-0.003199393200338818,-0.6110390912742258,3.113
2026-07-28T08:14:45.115703+00:00,1,BOTH,707.5,67.5,561.6,18133,0.0013331605060375295,0.2546149013649185,3.134
2026-07-28T08:14:45.180794+00:00,1,BOTH,707.0,67.0,561.7,18149,0.0013312379328272073,0.2542477169290639,3.136
2026-07-28T08:14:45.297717+00:00,1,BOTH,707.0,67.0,561.8,18358,0.017156799488002434,3.2767073353825036,3.138
2026-07-28T08:14:45.330776+00:00,1,BOTH,707.5,67.5,561.7,18536,-0.004366617057821713,-0.8339624272100571,3.148
2026-07-28T08:14:45.514135+00:00,1,BOTH,707.5,67.5,561.7,18170,9.02137253433466e-05,0.017229552387753845,3.155
2026-07-28T08:14:45.631284+00:00,1,BOTH,707.5,67.5,561.6,18235,0.007523664912805543,1.4369141532480671,3.158
2026-07-28T08:14:45.647463+00:00,1,BOTH,707.0,67.0,561.7,18231,-0.003926075004128507,-0.7498250926279024,3.151
2026-07-28T08:14:45.747452+00:00,1,BOTH,707.5,67.5,561.7,18179,0.00483651452101185,0.9237062320257198,3.156
2026-07-28T08:14:45.897285+00:00,1,BOTH,707.5,67.5,561.6,18531,0.00483651452101185,0.9237062320257198,3.159
2026-07-28T08:14:45.963958+00:00,1,BOTH,707.5,67.5,561.6,18150,0.00483651452101185,0.9237062320257198,3.161
2026-07-28T08:14:46.064054+00:00,1,BOTH,707.0,67.0,561.7,17889,0.00483651452101185,0.9237062320257198,3.153
2026-07-28T08:14:46.080743+00:00,1,BOTH,707.5,67.5,561.8,17794,-0.0019704301375168144,-0.3763244356836529,3.157
2026-07-28T08:14:46.147308+00:00,1,BOTH,708.0,68.0,561.9,17515,0.004258144452469423,0.8132456856118091,3.169
2026-07-28T08:14:46.314008+00:00,1,BOTH,708.0,68.0,561.9,17772,-2.0476700337894727e-05,-0.0039107616923849155,3.177
2026-07-28T08:14:46.330709+00:00,1,BOTH,708.0,68.0,561.9,17797,2.252287261399033e-05,0.004301551810974767,3.181
2026-07-28T08:14:46.430755+00:00,1,BOTH,707.5,67.5,561.8,18154,0.0005930255416751606,0.11325953560482072,3.174
2026-07-28T08:14:46.447314+00:00,1,BOTH,707.5,67.5,561.8,18075,0.00034711451909970494,0.066293989840421,3.17
2026-07-28T08:14:46.398237+00:00,1,BOTH,708.0,68.0,561.8,17682,7.64448061818257e-05,0.014599882533047327,3.177
2026-07-28T08:14:46.380746+00:00,1,BOTH,708.0,68.0,561.9,17832,-0.0070727260183775795,-1.3507911683513414,3.181
2026-07-28T08:14:46.615496+00:00,1,BOTH,707.5,67.5,561.8,18175,-0.007266952132340521,-1.3878856236890198,3.174
2026-07-28T08:14:46.713984+00:00,1,BOTH,707.5,67.5,561.7,18323,-0.0036341482531861403,-0.6940711901080212,3.17
2026-07-28T08:14:46.680634+00:00,1,BOTH,707.5,67.5,561.7,18038,2.789201564155519e-05,0.005326982594579965,3.168
2026-07-28T08:14:46.947179+00:00,1,BOTH,707.0,67.0,561.5,18528,-0.024947739979252218,-4.764667364003147,3.157
2026-07-28T08:14:46.997173+00:00,1,BOTH,707.5,67.5,561.7,17823,1.4065511059015988e-05,0.002686314734587337,3.16
2026-07-28T08:14:47.064002+00:00,1,BOTH,707.5,67.5,561.7,18256,-2.2653190244454902e-05,-0.0043264406450473185,3.161
2026-07-28T08:14:47.180583+00:00,1,BOTH,707.5,67.5,561.7,18252,0.002547955542941054,0.4866236633249553,3.163
2026-07-28T08:14:47.297284+00:00,1,BOTH,707.5,67.5,561.6,18178,-0.001029914939063019,-0.1966992642192812,3.163
2026-07-28T08:14:47.313692+00:00,1,BOTH,707.0,67.0,561.5,18790,-0.0023337450384860858,-0.4457124705494953,3.154
2026-07-28T08:14:47.347232+00:00,1,BOTH,707.5,67.5,561.5,18317,-0.0023337450384860858,-0.4457124705494953,3.158
2026-07-28T08:14:47.397336+00:00,1,BOTH,707.0,67.0,561.6,18398,-0.0023337450384860858,-0.4457124705494953,3.151
2026-07-28T08:14:47.413709+00:00,1,BOTH,707.5,67.5,561.6,18081,-0.0023337450384860858,-0.4457124705494953,3.156
2026-07-28T08:14:47.513885+00:00,1,BOTH,707.0,67.0,561.5,18791,-0.0019014172407332808,-0.3631439432914248,3.15
2026-07-28T08:14:47.530441+00:00,1,BOTH,707.0,67.0,561.4,18641,0.0030710395230562426,0.5865253446299732,3.146
2026-07-28T08:14:47.697163+00:00,1,BOTH,707.5,67.5,561.4,18272,-0.00686642198896152,-1.3113900010777313,3.153
2026-07-28T08:14:47.730430+00:00,1,BOTH,707.5,67.5,561.4,18132,0.006319680961314589,1.2069701565083495,3.158
2026-07-28T08:14:47.763783+00:00,1,BOTH,707.5,67.5,561.4,18429,-0.0033831108358754135,-0.6461265750687911,3.16
2026-07-28T08:14:47.813737+00:00,1,BOTH,707.5,67.5,561.4,17961,0.0015352948452346028,0.29321971646711215,3.162
2026-07-28T08:14:48.030466+00:00,1,BOTH,707.0,67.0,561.4,18897,-0.008292191652726615,-1.5836919487161527,3.153
2026-07-28T08:14:48.113621+00:00,1,BOTH,708.0,68.0,561.5,17755,1.3464741641655564e-05,0.0025715762276697176,3.167
2026-07-28T08:14:48.130438+00:00,1,BOTH,707.5,67.5,561.5,18429,3.316880916827358e-05,0.006334775922723022,3.166
2026-07-28T08:14:48.080408+00:00,1,BOTH,707.0,67.0,561.6,17884,0.0011125747847836466,0.21248613186926277,3.156
2026-07-28T08:14:48.180408+00:00,1,BOTH,707.5,67.5,561.6,18133,4.2544483876554294e-05,0.008125397892296469,3.159
2026-07-28T08:14:48.263646+00:00,1,BOTH,707.0,67.0,561.5,18739,3.05751601990778e-05,0.005839425457811772,3.152
2026-07-28T08:14:48.297041+00:00,1,BOTH,707.0,67.0,561.6,17888,7.061415089992806e-06,0.0013486309401552674,3.147
2026-07-28T08:14:48.330450+00:00,1,BOTH,707.5,67.5,561.6,18142,-9.509312803857028e-07,-0.00018161449657690763,3.154
2026-07-28T08:14:48.413756+00:00,1,BOTH,707.0,67.0,561.6,18013,-0.002044763776502805,-0.3905211149828075,3.149
2026-07-28T08:14:48.530300+00:00,1,BOTH,707.5,67.5,561.6,18226,-0.0009005157893989236,-0.17198584705816666,3.155
2026-07-28T08:14:48.546957+00:00,1,BOTH,708.0,68.0,561.7,17762,-0.0031376428871590176,-0.5992456501781804,3.168
2026-07-28T08:14:48.563636+00:00,1,BOTH,707.5,67.5,561.7,17831,0.0005982591526117176,0.11425908166574814,3.166
2026-07-28T08:14:48.746914+00:00,1,BOTH,707.0,67.0,561.5,18705,-0.0021653551957570016,-0.4135523795453346,3.156
2026-07-28T08:14:48.796876+00:00,1,BOTH,708.0,68.0,561.6,17739,0.0028814851737115534,0.550323130610643,3.169
2026-07-28T08:14:48.813712+00:00,1,BOTH,707.5,67.5,561.6,17998,-0.0019302689205505886,-0.3686542082427398,3.167
2026-07-28T08:14:48.863662+00:00,1,BOTH,706.5,66.5,561.4,19354,0.005281878209207207,1.0087644309656343,3.147
2026-07-28T08:14:49.013669+00:00,1,BOTH,707.0,67.0,561.5,17808,2.2996318875811994e-05,0.004391973386403524,3.144
2026-07-28T08:14:48.913483+00:00,1,BOTH,707.5,67.5,561.5,17863,0.004910663597547682,0.9378676624933721,3.152
2026-07-28T08:14:49.080278+00:00,1,BOTH,706.5,66.5,561.5,18497,0.007108137001778232,1.357554168008892,3.138
2026-07-28T08:14:49.146706+00:00,1,BOTH,707.5,67.5,561.5,18122,-0.004834811456385068,-0.923380970641211,3.149
2026-07-28T08:14:49.163535+00:00,1,BOTH,707.5,67.5,561.5,18006,0.0025098640816577245,0.47934873010155277,3.155
2026-07-28T08:14:49.246769+00:00,1,BOTH,707.5,67.5,561.5,17979,-0.006718603433546378,-1.2831587365477035,3.158
2026-07-28T08:14:49.346851+00:00,1,BOTH,707.0,67.0,561.4,18514,0.005270076035958482,1.0065103819115204,3.151
2026-07-28T08:14:49.413575+00:00,1,BOTH,708.0,68.0,561.5,17667,4.921306972391903e-05,0.009399003973545374,3.166
2026-07-28T08:14:49.513539+00:00,1,BOTH,707.0,67.0,561.6,17989,-3.3103587920777496e-05,-0.006322319582002676,3.156
2026-07-28T08:14:49.530096+00:00,1,BOTH,706.75,66.75,561.5,19008,0.004073872510925867,0.7780523371680517,3.145
2026-07-28T08:14:49.580055+00:00,1,BOTH,707.0,67.0,561.6,18470,2.3976146767381575e-05,0.004579106729190654,3.143
2026-07-28T08:14:49.646848+00:00,1,BOTH,707.5,67.5,561.8,17787,0.0006000854035664815,0.11460786990588051,3.152
2026-07-28T08:14:49.663368+00:00,1,BOTH,708.0,68.0,561.8,17762,1.3998199792695231e-05,0.0026734592296744687,3.166
2026-07-28T08:14:49.680087+00:00,1,BOTH,707.5,67.5,561.8,18246,-0.001901476025232114,-0.36315517030370453,3.165
2026-07-28T08:14:49.763553+00:00,1,BOTH,707.0,67.0,561.6,18555,0.001440441556624137,0.2751040727660588,3.155
2026-07-28T08:14:49.780074+00:00,1,BOTH,706.5,66.5,561.6,18518,-0.0033753685306874104,-0.644647903698875,3.14
2026-07-28T08:14:49.896738+00:00,1,BOTH,707.5,67.5,561.6,18331,-1.3161025126464665e-05,-0.0025135706460401863,3.15
2026-07-28T08:14:49.865179+00:00,1,BOTH,707.5,67.5,561.6,18070,2.9237640264909712e-05,0.0055839779670036165,3.155
2026-07-28T08:14:50.046734+00:00,1,BOTH,707.0,67.0,561.6,18146,-0.0017409236761159264,-0.3324919303194762,3.15
2026-07-28T08:14:50.129996+00:00,1,BOTH,707.5,67.5,561.6,18393,4.0510497638024376e-06,0.0007736935135444956,3.155
2026-07-28T08:14:50.246724+00:00,1,BOTH,707.5,67.5,561.6,17858,7.053655805066227e-05,0.013471490258941591,3.159
2026-07-28T08:14:50.346678+00:00,1,BOTH,707.0,67.0,561.7,18093,-0.002124254999362165,-0.40570282024339144,3.152
2026-07-28T08:14:50.396614+00:00,1,BOTH,707.0,67.0,561.5,18598,4.164016863796861e-06,0.0007952686403895383,3.147
2026-07-28T08:14:50.430138+00:00,1,BOTH,707.5,67.5,561.5,18194,-8.462338882964104e-07,-0.00016161876760109823,3.154
2026-07-28T08:14:50.546750+00:00,1,BOTH,707.5,67.5,561.5,18342,0.014800758519559167,2.8267366558767892,3.158
2026-07-28T08:14:50.614905+00:00,1,BOTH,707.0,67.0,561.4,18601,0.006961038433619251,1.3294604109158017,3.151
2026-07-28T08:14:50.696632+00:00,1,BOTH,707.5,67.5,561.4,18419,-3.969947691075504e-05,-0.007582041586211077,3.156
2026-07-28T08:14:50.713239+00:00,1,BOTH,707.0,67.0,561.5,18137,-3.2345851650461555e-05,-0.006177602614425717,3.15
2026-07-28T08:14:50.763174+00:00,1,BOTH,707.5,67.5,561.5,18330,-0.005133256224851266,-0.980379722810785,3.156
2026-07-28T08:14:50.796700+00:00,1,BOTH,707.5,67.5,561.5,18154,4.837826971197501e-05,0.009239568915472495,3.159
2026-07-28T08:14:50.579928+00:00,1,BOTH,707.5,67.5,561.5,18188,0.004110062459076289,0.7849641081341067,3.161
2026-07-28T08:14:51.063176+00:00,1,BOTH,707.5,67.5,561.5,18335,0.018021597158513033,3.4418715242258453,3.162
2026-07-28T08:14:51.146616+00:00,1,BOTH,707.5,67.5,561.5,18369,4.2890482291113585e-05,0.008191478721871353,3.163
2026-07-28T08:14:50.880143+00:00,1,BOTH,707.5,67.5,561.5,18003,-3.837759009911679e-05,-0.007329579801874823,3.163
2026-07-28T08:14:51.196537+00:00,1,BOTH,707.5,67.5,561.5,18205,-2.3392702132696286e-05,-0.004467677012033924,3.164
2026-07-28T08:14:51.379800+00:00,1,BOTH,707.0,67.0,561.6,17969,0.0028389927715761587,0.5422076795982069,3.154
2026-07-28T08:14:51.263240+00:00,1,BOTH,707.5,67.5,561.6,18165,1.5503875329159201e-06,0.0002961022074859407,3.158
2026-07-28T08:14:51.246595+00:00,1,BOTH,707.5,67.5,561.6,17863,-0.0006602800567634404,-0.12610420183067853,3.161
2026-07-28T08:14:51.479728+00:00,1,BOTH,707.5,67.5,561.6,18090,-0.004551872341544368,-0.8693435801760795,3.162
2026-07-28T08:14:51.546318+00:00,1,BOTH,707.5,67.5,561.5,18037,-0.001365650733205257,-0.26082007767202536,3.163
2026-07-28T08:14:51.629723+00:00,1,BOTH,707.5,67.5,561.5,18193,-0.001365650733205257,-0.26082007767202536,3.163
2026-07-28T08:14:51.796406+00:00,1,BOTH,707.0,67.0,561.6,18347,-0.001365650733205257,-0.26082007767202536,3.154
2026-07-28T08:14:51.579867+00:00,1,BOTH,707.5,67.5,561.6,18389,-0.001365650733205257,-0.26082007767202536,3.158
2026-07-28T08:14:51.863147+00:00,1,BOTH,707.5,67.5,561.6,17880,-0.001365650733205257,-0.26082007767202536,3.161
2026-07-28T08:14:51.996494+00:00,1,BOTH,708.0,68.0,561.7,17453,-0.001579421513415582,-0.3016472893029266,3.171
2026-07-28T08:14:52.046531+00:00,1,BOTH,707.0,67.0,561.5,18996,-4.110686655621976e-05,-0.00785083320892955,3.159
2026-07-28T08:14:52.079520+00:00,1,BOTH,707.5,67.5,561.5,18008,-5.295812828990165e-05,-0.010114257473079109,3.161
2026-07-28T08:14:52.179533+00:00,1,BOTH,707.0,67.0,561.4,18506,0.006084677103208378,1.1620877257124256,3.153
2026-07-28T08:14:52.279769+00:00,1,BOTH,707.0,67.0,561.3,18622,0.001038966996129602,0.19842807977203714,3.148
2026-07-28T08:14:52.362970+00:00,1,BOTH,707.0,67.0,561.5,18410,0.001595668816298712,0.3047502955818402,3.145
2026-07-28T08:14:52.379688+00:00,1,BOTH,707.0,67.0,561.6,17930,0.0011058521703671432,0.21120220709139795,3.143
2026-07-28T08:14:52.429696+00:00,1,BOTH,707.0,67.0,561.7,18278,-0.001679581977118687,-0.32077652878379725,3.142
2026-07-28T08:14:52.529579+00:00,1,BOTH,707.0,67.0,561.7,18214,-0.0029129053009091877,-0.5563239328779385,3.142
2026-07-28T08:14:52.546370+00:00,1,BOTH,707.5,67.5,561.7,18174,-0.005060699939494952,-0.9665224930505729,3.151
2026-07-28T08:14:52.629598+00:00,1,BOTH,707.5,67.5,561.6,18463,0.0012991034373408183,0.24811048036855626,3.156
2026-07-28T08:14:52.646369+00:00,1,BOTH,707.5,67.5,561.8,17616,0.0024687331472523512,0.47149330027202835,3.159
2026-07-28T08:14:52.696157+00:00,1,BOTH,708.0,68.0,561.9,17635,0.006312295309035107,1.2055596008264644,3.171
2026-07-28T08:14:52.829649+00:00,1,BOTH,707.5,67.5,561.8,18014,-0.0014512155445117968,-0.2771617528810187,3.168
2026-07-28T08:14:52.846186+00:00,1,BOTH,707.0,67.0,561.8,18501,0.0,0.0,3.157
2026-07-28T08:14:52.879634+00:00,1,BOTH,707.5,67.5,562.0,17845,0.018249823707446922,3.485459584315005,3.16
2026-07-28T08:14:52.896224+00:00,1,BOTH,706.5,66.5,561.9,18552,-0.002635779502452351,-0.5033968040587058,3.143
2026-07-28T08:14:53.029392+00:00,1,RIGHT,320.13,-319.87,561.9,15830,0.009292422233265825,1.7747219180655425,-0.857
2026-07-28T08:14:53.146261+00:00,1,BOTH,707.0,67.0,561.9,17888,-2.4307725252583622e-05,-0.004642433555122048,0.742
2026-07-28T08:14:53.312844+00:00,1,BOTH,707.5,67.5,561.8,18230,-3.783145453780889e-05,-0.0072252755928583195,1.711
2026-07-28T08:14:53.329573+00:00,1,BOTH,706.5,66.5,561.8,18734,0.001325699650333263,0.2531899828868832,2.273
2026-07-28T08:14:53.446209+00:00,1,BOTH,708.0,68.0,561.8,17698,0.007435522939595103,1.420080276371689,2.639
2026-07-28T08:14:53.496053+00:00,1,BOTH,707.0,67.0,561.6,18706,-0.0002615031330788042,-0.049943419516211306,2.84
2026-07-28T08:14:53.229619+00:00,1,BOTH,707.5,67.5,561.6,18275,-0.002411712337343488,-0.4606031277647097,2.969
2026-07-28T08:14:53.629334+00:00,1,BOTH,707.5,67.5,561.6,17875,-3.7251884350553155e-05,-0.007114585840653785,3.047
2026-07-28T08:14:53.746176+00:00,1,BOTH,706.5,66.5,561.6,18670,0.0,0.0,3.075
2026-07-28T08:14:53.829544+00:00,1,BOTH,708.0,68.0,561.7,17509,0.14037952200043946,26.810513802296892,3.12
2026-07-28T08:14:53.846060+00:00,1,BOTH,707.5,67.5,561.6,17949,0.1005192773649469,19.19776784238788,3.138
2026-07-28T08:14:53.879320+00:00,1,BOTH,707.0,67.0,561.7,18082,-0.04634767724666745,-8.851754321561868,3.139
2026-07-28T08:14:54.012783+00:00,1,BOTH,707.0,67.0,561.8,18153,0.0006145602819742635,0.11737236804498367,3.14
2026-07-28T08:14:53.962841+00:00,1,BOTH,706.5,66.5,561.7,18591,0.0006145602819742635,0.11737236804498367,3.131
2026-07-28T08:14:53.946117+00:00,1,BOTH,706.5,66.5,561.7,18826,-0.01314870027359575,-2.5112167725318244,3.125
2026-07-28T08:14:54.096052+00:00,1,BOTH,707.0,67.0,561.7,18434,-0.013617002576356754,-2.6006559241467015,3.131
2026-07-28T08:14:54.062770+00:00,1,BOTH,706.5,66.5,561.7,18741,0.02249581819633022,4.296384797811072,3.126
2026-07-28T08:14:54.229382+00:00,1,BOTH,707.5,67.5,561.6,18468,-0.01570308994676452,-2.999069264213065,3.141
2026-07-28T08:14:54.379401+00:00,1,BOTH,707.0,67.0,561.7,17895,-0.0018913939979393036,-0.36122964492765874,3.141
2026-07-28T08:14:54.212736+00:00,1,BOTH,707.0,67.0,561.6,18931,0.017688430813141167,3.3782414393404925,3.141
2026-07-28T08:14:54.479292+00:00,1,BOTH,707.0,67.0,561.7,18335,-0.019639189280569555,-3.75080886278401,3.141
2026-07-28T08:14:54.512576+00:00,1,BOTH,707.5,67.5,561.6,18218,-0.0234045761404559,-4.469944780469029,3.15
2026-07-28T08:14:54.412925+00:00,1,BOTH,708.0,68.0,561.7,17608,0.03138490517972969,5.994075357389291,3.165
2026-07-28T08:14:54.729274+00:00,1,BOTH,707.0,67.0,561.8,18152,0.010954715688712894,2.0921965824299926,3.155
2026-07-28T08:14:54.746018+00:00,1,BOTH,707.5,67.5,561.7,18354,0.007076240630703978,1.351462409861099,3.159
2026-07-28T08:14:54.929194+00:00,1,BOTH,707.0,67.0,561.8,18468,0.00628075219807215,1.1995353103901636,3.152
2026-07-28T08:14:54.895978+00:00,1,BOTH,707.0,67.0,561.8,17996,-0.0056765426318452225,-1.084139783436053,3.147
2026-07-28T08:14:54.879166+00:00,1,BOTH,707.5,67.5,561.8,18192,0.0035850488324649632,0.6846938914951525,3.154
2026-07-28T08:14:55.079327+00:00,1,BOTH,707.0,67.0,561.8,18087,-0.0026153970835730432,-0.4995040487985321,3.149
2026-07-28T08:14:55.145914+00:00,1,BOTH,707.0,67.0,561.8,18479,0.0538554388016928,10.285631157206964,3.145
2026-07-28T08:14:55.279289+00:00,1,BOTH,707.0,67.0,561.7,18599,-0.031541498620063065,-6.023982501491079,3.143
2026-07-28T08:14:55.295804+00:00,1,BOTH,706.5,66.5,561.6,18593,0.007302231464072975,1.3946234797300583,3.133
2026-07-28T08:14:55.314904+00:00,1,BOTH,707.5,67.5,561.6,18380,-0.004416306267958134,-0.8434523673039089,3.145
2026-07-28T08:14:55.179332+00:00,1,BOTH,707.5,67.5,561.6,18035,-0.03461381703382358,-6.610752096253764,3.153
2026-07-28T08:14:55.579237+00:00,1,BOTH,707.0,67.0,561.7,18419,0.00820144967525266,1.5663615076030568,3.148
2026-07-28T08:14:55.612579+00:00,1,BOTH,707.5,67.5,561.6,18067,-0.0024051276477985084,-0.4593455446969389,3.154
2026-07-28T08:14:55.695862+00:00,1,BOTH,707.5,67.5,561.6,18453,-0.010556874562753364,-2.016214524315947,3.158
