timestamp,lane_valid,side,lane_center_x,error_px,half_width,pixel_count,speed_mps,motor_rpm,steering_deg
2026-07-28T07:58:37.424249+00:00,1,BOTH,707.5,67.5,521.9,17740,-0.006910376330561121,-1.3197846619608429,1.266
2026-07-28T07:58:38.157746+00:00,1,BOTH,708.0,68.0,529.9,17418,-0.0055278275208547716,-1.0557372894041448,2.034
2026-07-28T07:58:38.791162+00:00,1,BOTH,707.5,67.5,536.2,17587,-0.0017007950029801577,-0.32482791829234436,2.486
2026-07-28T07:58:38.907917+00:00,1,BOTH,707.5,67.5,541.3,17799,-0.00015583617612719536,-0.02976251729181883,2.757
2026-07-28T07:58:38.957804+00:00,1,BOTH,707.5,67.5,545.3,18248,-0.003661279883235693,-0.6992529497518535,2.92
2026-07-28T07:58:39.007845+00:00,1,BOTH,707.5,67.5,548.6,18204,-0.00022127875825390218,-0.04226112981281408,3.018
2026-07-28T07:58:39.041338+00:00,1,BOTH,707.5,67.5,551.2,18275,0.002042599783744663,0.3901078228096795,3.076
2026-07-28T07:58:39.091329+00:00,1,BOTH,707.0,67.0,553.1,18585,-0.012829779020976276,-2.4503072999580864,3.102
2026-07-28T07:58:39.124625+00:00,1,BOTH,707.5,67.5,554.8,17724,0.01778071662411094,3.395866730932193,3.127
2026-07-28T07:58:39.157884+00:00,1,BOTH,707.0,67.0,556.0,18441,-7.497077691368758e-05,-0.014318363679903754,3.132
2026-07-28T07:58:39.241258+00:00,1,BOTH,707.5,67.5,557.1,17793,-1.2037237174808981e-05,-0.0022989429570484444,3.145
2026-07-28T07:58:39.358251+00:00,1,BOTH,707.0,67.0,558.1,17948,0.0037927480338839814,0.7243615169936437,3.143
2026-07-28T07:58:39.408049+00:00,1,BOTH,707.0,67.0,558.9,17542,0.006217783279134892,1.1875091327381426,3.142
2026-07-28T07:58:39.474752+00:00,1,BOTH,707.5,67.5,559.4,17805,0.010065506545361131,1.922370145701661,3.151
2026-07-28T07:58:39.508086+00:00,1,BOTH,707.5,67.5,560.0,17611,-0.014032434212276712,-2.6799975221947983,3.156
2026-07-28T07:58:39.558066+00:00,1,BOTH,707.5,67.5,560.3,17607,0.0012004467681981624,0.22926844449291384,3.159
2026-07-28T07:58:39.608298+00:00,1,BOTH,708.0,68.0,560.7,17425,0.0001119715324603021,0.02138498745195803,3.171
2026-07-28T07:58:39.691539+00:00,1,BOTH,707.0,67.0,560.9,18213,0.019609267996856944,3.74509431853619,3.159
2026-07-28T07:58:39.741403+00:00,1,BOTH,707.5,67.5,561.0,18259,-0.019693135768175125,-3.761111882981857,3.161
2026-07-28T07:58:39.808165+00:00,1,BOTH,708.0,68.0,561.2,17496,-0.013786776918859687,-2.6330804351301236,3.171
2026-07-28T07:58:39.858149+00:00,1,BOTH,707.0,67.0,561.4,17999,-0.0005718021977918397,-0.10920617549925712,3.159
2026-07-28T07:58:39.958318+00:00,1,BOTH,707.0,67.0,561.5,17983,-0.01715199849102646,-3.2757904125019093,3.152
2026-07-28T07:58:40.041552+00:00,1,BOTH,708.0,68.0,561.6,17661,-0.0197765089944005,-3.777034996272201,3.166
2026-07-28T07:58:40.124979+00:00,1,BOTH,707.5,67.5,561.6,17851,-3.211994713637978e-05,-0.0061344580303262525,3.165
2026-07-28T07:58:40.175238+00:00,1,BOTH,707.5,67.5,561.6,17907,-5.969137419015169e-05,-0.011400212714772748,3.165
2026-07-28T07:58:40.259546+00:00,1,BOTH,707.5,67.5,561.6,17914,-6.12856785301119e-05,-0.011704702414569782,3.164
2026-07-28T07:58:40.308320+00:00,1,BOTH,707.5,67.5,561.5,17922,2.6550918119028196e-06,0.0005070851834725807,3.164
2026-07-28T07:58:40.391638+00:00,1,BOTH,707.0,67.0,561.4,18761,0.012023226165911182,2.2962670514598975,3.155
2026-07-28T07:58:40.408300+00:00,1,BOTH,707.5,67.5,561.4,17821,-0.013948735439917072,-2.664012234172686,3.159
2026-07-28T07:58:40.508561+00:00,1,BOTH,707.0,67.0,561.4,18525,-0.01614119275705889,-3.082740737622025,3.151
2026-07-28T07:58:40.558511+00:00,1,BOTH,707.5,67.5,561.4,17820,-0.007326721489225747,-1.3993007300014686,3.156
2026-07-28T07:58:40.609032+00:00,1,BOTH,707.5,67.5,561.4,17802,-0.027243183559039607,-5.20306479477721,3.159
2026-07-28T07:58:40.691866+00:00,1,BOTH,707.5,67.5,561.4,17752,0.0030195144657045605,0.5766847835452369,3.161
2026-07-28T07:58:40.708543+00:00,1,BOTH,707.5,67.5,561.4,18207,0.0,0.0,3.162
2026-07-28T07:58:40.808350+00:00,1,RIGHT,322.56,-317.44,561.4,15674,0.0,0.0,-0.838
2026-07-28T07:58:40.825305+00:00,1,BOTH,707.5,67.5,561.5,17731,0.09114899556239835,17.408175841940317,0.763
2026-07-28T07:58:40.891946+00:00,1,BOTH,707.5,67.5,561.5,17928,0.01517981698983931,2.899131490995914,1.723
2026-07-28T07:58:40.925264+00:00,1,BOTH,707.5,67.5,561.5,17758,-0.00017347170651191843,-0.033130655493550015,2.3
2026-07-28T07:58:40.975226+00:00,1,BOTH,707.0,67.0,561.6,17772,0.02248226834111847,4.293796966088916,2.636
2026-07-28T07:58:41.058681+00:00,1,BOTH,707.5,67.5,561.6,17880,-0.0017230090309749357,-0.32907048512596515,2.847
2026-07-28T07:58:41.125284+00:00,1,BOTH,707.5,67.5,561.5,18106,-0.010737435652408749,-2.0506991522544027,2.974
2026-07-28T07:58:41.141986+00:00,1,BOTH,707.0,67.0,561.6,18048,0.01208125937730074,2.3073505784072714,3.041
2026-07-28T07:58:41.191826+00:00,1,BOTH,707.5,67.5,561.6,18163,-0.03135423282510601,-5.98821736916374,3.09
2026-07-28T07:58:41.292150+00:00,1,BOTH,707.5,67.5,561.6,17875,-0.0073554809868801386,-1.404793389456512,3.12
2026-07-28T07:58:41.325321+00:00,1,BOTH,707.5,67.5,561.6,17991,0.012780795902363024,2.4409522134116597,3.137
2026-07-28T07:58:41.375265+00:00,1,BOTH,707.5,67.5,561.6,17693,-0.010704357120557688,-2.0443816180292202,3.148
2026-07-28T07:58:41.458769+00:00,1,BOTH,707.5,67.5,561.5,17955,-0.001013840670348145,-0.19362930503220965,3.154
2026-07-28T07:58:41.525286+00:00,1,BOTH,707.0,67.0,561.4,18311,1.0202347766608e-05,0.0019485048938378661,3.149
2026-07-28T07:58:41.575373+00:00,1,BOTH,707.5,67.5,561.4,17705,0.0,0.0,3.155
2026-07-28T07:58:41.592110+00:00,1,BOTH,707.5,67.5,561.5,18274,2.2742076544091086e-06,0.00043434166777996135,3.159
2026-07-28T07:58:41.658881+00:00,1,BOTH,707.5,67.5,561.5,17703,-0.027716569560288916,-5.293474861284409,3.161
2026-07-28T07:58:41.725466+00:00,1,BOTH,707.0,67.0,561.4,18400,0.00264717461890541,0.5055731109914403,3.153
2026-07-28T07:58:41.792138+00:00,1,BOTH,707.5,67.5,561.4,17825,0.00012479708762839435,0.023834488055437655,3.157
2026-07-28T07:58:41.858799+00:00,1,BOTH,707.5,67.5,561.4,18098,0.009690428682661149,1.8507355506300065,3.16
2026-07-28T07:58:41.908860+00:00,1,BOTH,707.5,67.5,561.4,17856,0.0024310574249830096,0.46429776735156064,3.162
2026-07-28T07:58:41.958905+00:00,1,BOTH,707.5,67.5,561.4,18120,-0.0013054474326781927,-0.2493220942288304,3.163
2026-07-28T07:58:42.025504+00:00,1,BOTH,707.5,67.5,561.5,17923,-0.00787652488797903,-1.5043054443698398,3.163
2026-07-28T07:58:42.075744+00:00,1,BOTH,707.5,67.5,561.5,17862,-0.00019102110760286448,-0.03648234421186165,3.164
2026-07-28T07:58:42.092207+00:00,1,BOTH,707.5,67.5,561.5,17962,-0.011112063050968573,-2.122247715012547,3.164
2026-07-28T07:58:42.192297+00:00,1,BOTH,707.5,67.5,561.5,18112,0.004478945974260569,0.8554156699741375,3.164
2026-07-28T07:58:42.242296+00:00,1,BOTH,707.5,67.5,561.5,17712,-0.000659642317914404,-0.12598240268240748,3.164
2026-07-28T07:58:42.309025+00:00,1,BOTH,707.5,67.5,561.5,17915,0.22720965558779427,43.39384776600545,3.164
2026-07-28T07:58:42.325692+00:00,1,BOTH,707.5,67.5,561.5,17957,0.015850485269911587,3.027219697334045,3.164
2026-07-28T07:58:42.409052+00:00,1,BOTH,707.5,67.5,561.5,18316,-0.00598988434241619,-1.1439836419731404,3.164
2026-07-28T07:58:42.492396+00:00,1,BOTH,707.5,67.5,561.5,17646,-0.0023876849689986558,-0.45601423843482597,3.164
2026-07-28T07:58:42.509060+00:00,1,BOTH,708.0,68.0,561.4,17963,0.032692033239873124,6.243718427820429,3.173
2026-07-28T07:58:42.559061+00:00,1,BOTH,707.5,67.5,561.4,18182,-0.01357103234389797,-2.5918762564696225,3.17
2026-07-28T07:58:42.626415+00:00,1,BOTH,707.5,67.5,561.4,18047,-0.008620591548969969,-1.646411708873747,3.167
2026-07-28T07:58:42.658990+00:00,1,BOTH,707.5,67.5,561.4,17821,-0.04875114861410111,-9.310783540010155,3.166
2026-07-28T07:58:42.742486+00:00,1,BOTH,708.5,68.5,561.7,16871,-0.003668742827430833,-0.7006782671022641,3.184
2026-07-28T07:58:42.792613+00:00,1,BOTH,708.0,68.0,561.7,17682,-0.003766321686562151,-0.7193144564286844,3.185
2026-07-28T07:58:42.825760+00:00,1,BOTH,707.5,67.5,561.7,17783,0.0030083916953299195,0.5745604908820366,3.177
2026-07-28T07:58:42.892398+00:00,1,BOTH,707.5,67.5,561.6,17982,-0.018233332346426323,-3.482309966365315,3.172
2026-07-28T07:58:42.959541+00:00,1,BOTH,707.5,67.5,561.6,17982,0.006054688566946425,1.1563603371738091,3.169
2026-07-28T07:58:43.025917+00:00,1,BOTH,708.0,68.0,561.7,17544,-0.001464043443556875,-0.2796117011320283,3.176
2026-07-28T07:58:43.092581+00:00,1,BOTH,707.5,67.5,561.7,17915,-0.013919922506902367,-2.658509369315567,3.171
2026-07-28T07:58:43.109346+00:00,1,BOTH,707.5,67.5,561.6,17697,-0.008756707881111651,-1.6724080133888117,3.168
2026-07-28T07:58:43.142416+00:00,1,BOTH,707.5,67.5,561.6,17990,-0.002067440941464156,-0.39485213446149875,3.167
2026-07-28T07:58:43.192706+00:00,1,BOTH,707.5,67.5,561.6,17688,2.2465969668701287e-05,0.00429068414895168,3.166
2026-07-28T07:58:43.326058+00:00,1,BOTH,707.5,67.5,561.6,17829,-0.008487300731940196,-1.6209550379948923,3.165
2026-07-28T07:58:43.392563+00:00,1,BOTH,707.0,67.0,561.7,17883,0.013621854002922191,2.601582478369426,3.155
2026-07-28T07:58:43.476003+00:00,1,BOTH,708.0,68.0,561.7,17312,0.010730986858252436,2.0494675232940516,3.168
2026-07-28T07:58:43.526013+00:00,1,BOTH,707.5,67.5,561.7,17935,0.009416474509052933,1.7984141575375232,3.167
2026-07-28T07:58:43.576061+00:00,1,BOTH,707.5,67.5,561.6,17994,-0.00042152644600719215,-0.08050562103120427,3.166
2026-07-28T07:58:43.642855+00:00,1,BOTH,707.5,67.5,561.6,18071,0.005352773223930854,1.0223043814062434,3.165
2026-07-28T07:58:43.709455+00:00,1,BOTH,707.0,67.0,561.7,17767,-0.0036225089337676764,-0.6918482438444125,3.155
2026-07-28T07:58:43.726092+00:00,1,BOTH,707.5,67.5,561.9,17432,-0.011759449151577428,-2.245889352613611,3.159
2026-07-28T07:58:43.809526+00:00,1,BOTH,707.0,67.0,561.9,18205,-0.006391469680238515,-1.2206807918783225,3.152
2026-07-28T07:58:43.876216+00:00,1,BOTH,707.5,67.5,561.8,17533,-0.00011060906806960701,-0.021124775920879055,3.157
2026-07-28T07:58:43.926130+00:00,1,BOTH,707.5,67.5,561.7,17724,-0.021103552437853067,-4.030481624740001,3.16
2026-07-28T07:58:43.943085+00:00,1,BOTH,706.5,66.5,561.7,18835,-0.007117067521030549,-1.3592597715489525,3.143
2026-07-28T07:58:44.043033+00:00,1,BOTH,707.0,67.0,561.8,17832,-0.0259667974174954,-4.959292998312306,3.142
2026-07-28T07:58:44.109583+00:00,1,BOTH,707.5,67.5,561.9,17483,-0.0047677146573551,-0.9105664259636955,3.151
2026-07-28T07:58:44.159539+00:00,1,BOTH,707.5,67.5,561.8,18162,0.00010966061381623149,0.020943634501613562,3.156
2026-07-28T07:58:44.210280+00:00,1,BOTH,708.0,68.0,561.9,17487,0.011768290675245225,2.2475779592490435,3.169
2026-07-28T07:58:44.259649+00:00,1,BOTH,707.0,67.0,561.9,17856,0.029427008177153765,5.620144574159576,3.157
2026-07-28T07:58:44.326339+00:00,1,BOTH,706.5,66.5,561.8,18514,0.00875624967040494,1.6723205015900708,3.141
2026-07-28T07:58:44.376394+00:00,1,BOTH,707.5,67.5,561.7,17854,0.010691012240713463,2.0418329337186094,3.15
2026-07-28T07:58:44.392846+00:00,1,BOTH,708.0,68.0,561.8,17398,0.0017495067534036934,0.3341311773322217,3.165
2026-07-28T07:58:44.492915+00:00,1,BOTH,707.5,67.5,561.7,18012,0.0342720646969974,6.545482207790853,3.165
2026-07-28T07:58:44.526625+00:00,1,BOTH,707.0,67.0,561.6,18422,0.011483469425002113,2.193181107400478,3.155
2026-07-28T07:58:44.626485+00:00,1,BOTH,707.5,67.5,561.6,17888,-0.007917239421512932,-1.5120813474909613,3.159
2026-07-28T07:58:44.659707+00:00,1,BOTH,707.0,67.0,561.5,18421,0.006277092887903564,1.1988364336281991,3.151
2026-07-28T07:58:44.743185+00:00,1,BOTH,707.5,67.5,561.5,17945,0.020256307432428,3.868669747992018,3.157
2026-07-28T07:58:44.826500+00:00,1,BOTH,707.0,67.0,561.4,18666,-0.004386065101716668,-0.8376767299932772,3.15
2026-07-28T07:58:44.893214+00:00,1,BOTH,707.5,67.5,561.4,17770,-0.00461732734751422,-0.8818445654763332,3.156
2026-07-28T07:58:44.943137+00:00,1,BOTH,707.5,67.5,561.4,18163,-0.014237512324471027,-2.719164556525614,3.159
2026-07-28T07:58:44.993179+00:00,1,BOTH,707.5,67.5,561.4,17802,-7.587142288684846e-05,-0.01449037439022899,3.161
2026-07-28T07:58:45.043224+00:00,1,BOTH,707.5,67.5,561.4,17696,-0.0027890678629046307,-0.5326727244000249,3.162
2026-07-28T07:58:45.059813+00:00,1,BOTH,707.5,67.5,561.5,17903,-1.686693169176578e-05,-0.003221346664245443,3.163
2026-07-28T07:58:45.126876+00:00,1,BOTH,707.5,67.5,561.5,18317,-3.574246424250305e-05,-0.006826307834975613,3.163
2026-07-28T07:58:45.143208+00:00,1,BOTH,708.0,68.0,561.6,17616,-1.0239472612738598e-05,-0.001955595217165719,3.173
2026-07-28T07:58:45.209930+00:00,1,BOTH,707.5,67.5,561.6,17857,-0.01721757775405422,-3.288315129152139,3.169
2026-07-28T07:58:45.260146+00:00,1,BOTH,707.0,67.0,561.4,18527,7.684194250032306e-05,0.014675729982851531,3.158
2026-07-28T07:58:45.343292+00:00,1,BOTH,707.5,67.5,561.5,17619,0.00015403391153085975,0.02941831010869923,3.16
2026-07-28T07:58:45.393194+00:00,1,BOTH,707.5,67.5,561.5,17986,-0.000440123601583764,-0.08405741611615676,3.162
2026-07-28T07:58:45.443309+00:00,1,BOTH,707.5,67.5,561.5,18268,0.0,0.0,3.163
2026-07-28T07:58:45.476674+00:00,1,BOTH,707.5,67.5,561.5,18201,-0.018960445217089728,-3.621178295427498,3.163
2026-07-28T07:58:45.509779+00:00,1,RIGHT,322.52,-317.48,561.5,15444,-0.018960445217089728,-3.621178295427498,-0.837
2026-07-28T07:58:45.560109+00:00,1,BOTH,707.5,67.5,561.5,17630,-0.0053302047471515835,-1.0179941198412727,0.764
2026-07-28T07:58:45.660281+00:00,1,BOTH,707.5,67.5,561.5,18194,-9.145326912403108e-06,-0.0017466287811603546,1.724
2026-07-28T07:58:45.676743+00:00,1,BOTH,707.5,67.5,561.5,18242,-0.015860120545257813,-3.029059899373329,2.3
2026-07-28T07:58:45.743422+00:00,1,BOTH,707.5,67.5,561.5,17580,0.0030989441939163953,0.591854744193268,2.646
2026-07-28T07:58:45.793402+00:00,1,BOTH,707.0,67.0,561.4,18656,-0.011933024244499393,-2.27903975345701,2.844
2026-07-28T07:58:45.860115+00:00,1,BOTH,707.0,67.0,561.3,18869,8.019837543542962e-05,0.01531676145418591,2.962
2026-07-28T07:58:45.926801+00:00,1,BOTH,707.5,67.5,561.4,17780,4.4655821111518885e-05,0.008528633601270777,3.043
2026-07-28T07:58:45.943717+00:00,1,BOTH,707.5,67.5,561.4,18004,-6.604580499697475e-05,-0.01261381960290232,3.091
2026-07-28T07:58:46.026847+00:00,1,BOTH,707.5,67.5,561.4,17680,3.1152737938100474e-06,0.0005949734680434132,3.121
2026-07-28T07:58:46.093631+00:00,1,BOTH,708.0,68.0,561.5,17341,1.3401440810412169e-05,0.002559486659436663,3.147
2026-07-28T07:58:46.143676+00:00,1,BOTH,707.5,67.5,561.5,17675,-0.00010284712188877166,-0.01964235339764721,3.154
2026-07-28T07:58:46.210086+00:00,1,BOTH,707.5,67.5,561.5,17832,3.5771518014371395e-06,0.0006831856696665586,3.158
2026-07-28T07:58:46.243575+00:00,1,BOTH,707.5,67.5,561.5,17958,3.5771518014371395e-06,0.0006831856696665586,3.16
2026-07-28T07:58:46.260128+00:00,1,BOTH,707.5,67.5,561.5,18292,0.00012871234270278364,0.024582246693703274,3.162
2026-07-28T07:58:46.343727+00:00,1,BOTH,707.5,67.5,561.5,17884,-9.632640285417438e-05,-0.01839698779740373,3.163
2026-07-28T07:58:46.376901+00:00,1,BOTH,707.5,67.5,561.5,17642,-6.27516908571124e-05,-0.011984690144740719,3.163
2026-07-28T07:58:46.443707+00:00,1,BOTH,707.5,67.5,561.5,18108,-8.277552668005228e-05,-0.015808961085798462,3.164
2026-07-28T07:58:46.460352+00:00,1,BOTH,707.5,67.5,561.5,18070,8.40803445316851e-05,0.016058162938904757,3.164
2026-07-28T07:58:46.543788+00:00,1,BOTH,707.0,67.0,561.4,18338,0.04924308435991406,9.404736346765828,3.155
2026-07-28T07:58:46.610374+00:00,1,BOTH,707.5,67.5,561.4,18122,0.035556548442691564,6.790800532728955,3.158
2026-07-28T07:58:46.660367+00:00,1,BOTH,708.0,68.0,561.5,17599,-0.01590759855345823,-3.0381275310052334,3.17
2026-07-28T07:58:46.727099+00:00,1,BOTH,707.5,67.5,561.5,18171,-0.0018198444519657642,-0.3475646882264552,3.168
2026-07-28T07:58:46.760372+00:00,1,BOTH,707.5,67.5,561.5,17900,0.006244306239532307,1.1925746450413577,3.166
2026-07-28T07:58:46.827183+00:00,1,BOTH,707.5,67.5,561.5,17806,0.009904437395744026,1.8916082040922568,3.165
2026-07-28T07:58:46.877174+00:00,1,BOTH,707.0,67.0,561.4,18827,-0.0027979925886029377,-0.5343772214527746,3.155
2026-07-28T07:58:46.893752+00:00,1,BOTH,708.0,68.0,561.5,17599,0.006477681820979342,1.2371460979024465,3.168
2026-07-28T07:58:46.993724+00:00,1,BOTH,707.5,67.5,561.5,17803,-0.005044815283617936,-0.9634887472480038,3.167
2026-07-28T07:58:47.043889+00:00,1,BOTH,708.0,68.0,561.6,17698,-5.656430090311915e-05,-0.010802985709522527,3.175
2026-07-28T07:58:47.093825+00:00,1,BOTH,707.5,67.5,561.6,18181,-5.656430090311915e-05,-0.010802985709522527,3.171
2026-07-28T07:58:47.110478+00:00,1,BOTH,707.5,67.5,561.6,17649,-5.656430090311915e-05,-0.010802985709522527,3.168
2026-07-28T07:58:47.193829+00:00,1,BOTH,707.5,67.5,561.6,17927,-5.656430090311915e-05,-0.010802985709522527,3.166
2026-07-28T07:58:47.260454+00:00,1,BOTH,707.5,67.5,561.5,18011,-5.656430090311915e-05,-0.010802985709522527,3.165
2026-07-28T07:58:47.294413+00:00,1,BOTH,707.5,67.5,561.5,17966,-0.01777034398401156,-3.3938857025985176,3.165
2026-07-28T07:58:47.344467+00:00,1,BOTH,707.5,67.5,561.5,18198,0.0026238256707438266,0.5011137903723454,3.165
2026-07-28T07:58:47.377332+00:00,1,BOTH,707.5,67.5,561.5,17729,-0.013213865263969638,-2.5236623689332727,3.164
2026-07-28T07:58:47.443927+00:00,1,BOTH,707.5,67.5,561.5,17940,0.004987242186325602,0.9524930956201811,3.164
2026-07-28T07:58:47.493949+00:00,1,BOTH,707.5,67.5,561.5,17922,-0.00085692826542072,-0.16366124318024552,3.164
2026-07-28T07:58:47.560723+00:00,1,BOTH,707.5,67.5,561.5,18208,0.013112841534311883,2.5043682577997393,3.164
2026-07-28T07:58:47.627304+00:00,1,BOTH,707.5,67.5,561.5,17877,0.014587035651620681,2.7859185948157656,3.164
2026-07-28T07:58:47.644000+00:00,1,BOTH,707.5,67.5,561.5,17879,0.017718956708558834,3.384071455918126,3.164
2026-07-28T07:58:47.710782+00:00,1,BOTH,707.5,67.5,561.5,17896,-6.614636338781565e-05,-0.012633024840868354,3.164
2026-07-28T07:58:47.794162+00:00,1,BOTH,708.0,68.0,561.6,17660,-2.3578969849040728e-05,-0.004503251525387511,3.173
2026-07-28T07:58:47.843951+00:00,1,BOTH,707.5,67.5,561.6,18188,-0.025773258065455593,-4.922329704840381,3.17
2026-07-28T07:58:47.893984+00:00,1,BOTH,707.5,67.5,561.6,18007,0.00399380911985645,0.7627613558287752,3.167
2026-07-28T07:58:47.910782+00:00,1,BOTH,707.5,67.5,561.6,18141,0.00399380911985645,0.7627613558287752,3.166
2026-07-28T07:58:47.994063+00:00,1,BOTH,708.0,68.0,561.6,17555,0.00399380911985645,0.7627613558287752,3.175
2026-07-28T07:58:48.077419+00:00,1,BOTH,708.0,68.0,561.7,17648,0.00010459300159709528,0.019975791860395463,3.18
2026-07-28T07:58:48.127664+00:00,1,BOTH,707.5,67.5,561.7,18090,4.4983299449086187e-05,0.008591177356685999,3.174
2026-07-28T07:58:48.194151+00:00,1,BOTH,707.5,67.5,561.6,18229,-2.8209471493028103e-05,-0.005387612196150398,3.17
2026-07-28T07:58:48.244153+00:00,1,BOTH,707.0,67.0,561.5,18561,9.490726981312036e-05,0.018125953351337196,3.158
2026-07-28T07:58:48.294284+00:00,1,BOTH,707.5,67.5,561.5,17824,-8.510590181685983e-05,-0.01625402995253611,3.16
2026-07-28T07:58:48.360752+00:00,1,BOTH,707.5,67.5,561.5,18244,0.00014021116832736878,0.026778360619188646,3.162
2026-07-28T07:58:48.394322+00:00,1,BOTH,707.5,67.5,561.5,17679,0.025437003974802794,4.858109904045666,3.163
2026-07-28T07:58:48.444404+00:00,1,BOTH,707.5,67.5,561.5,18336,0.00010605162126012146,0.020254367695749443,3.163
2026-07-28T07:58:48.460901+00:00,1,BOTH,708.0,68.0,561.6,17453,-0.00017356455791741612,-0.0331483888057396,3.173
2026-07-28T07:58:48.510808+00:00,1,BOTH,707.5,67.5,561.6,17971,0.005925581868505106,1.1317027740819563,3.169
2026-07-28T07:58:48.561080+00:00,1,BOTH,708.0,68.0,561.7,17248,-8.095084922388196e-05,-0.01546047336176104,3.177
2026-07-28T07:58:48.577558+00:00,1,BOTH,707.5,67.5,561.6,17752,-0.02024146510693299,-3.8658350726286064,3.172
2026-07-28T07:58:48.677644+00:00,1,BOTH,707.5,67.5,561.6,18205,0.007790854992636014,1.4879436995882322,3.169
2026-07-28T07:58:48.744355+00:00,1,BOTH,707.5,67.5,561.6,17920,0.012054745575878769,2.302286815339515,3.167
2026-07-28T07:58:48.811073+00:00,1,BOTH,707.5,67.5,561.6,17682,0.011580328757409006,2.2116798772450434,3.166
2026-07-28T07:58:48.877693+00:00,1,BOTH,707.5,67.5,561.6,17669,-0.012468705647625028,-2.3813473653328265,3.165
2026-07-28T07:58:48.927740+00:00,1,BOTH,707.5,67.5,561.5,17749,-0.014923238272313028,-2.85012856557213,3.165
2026-07-28T07:58:48.977737+00:00,1,BOTH,707.5,67.5,561.5,17872,-0.014998789250385017,-2.8645577395108304,3.164
2026-07-28T07:58:49.027767+00:00,1,BOTH,707.5,67.5,561.5,18013,0.020922644808888436,3.9959308126686945,3.164
2026-07-28T07:58:49.094329+00:00,1,BOTH,707.0,67.0,561.4,18548,-0.03282995798857882,-6.270060114457893,3.155
2026-07-28T07:58:49.111249+00:00,1,BOTH,707.5,67.5,561.4,17937,-0.021236846119863914,-4.055938842789936,3.159
2026-07-28T07:58:49.177958+00:00,1,BOTH,707.5,67.5,561.5,18104,0.006865574209950864,1.311228087213497,3.161
2026-07-28T07:58:49.194468+00:00,1,BOTH,707.5,67.5,561.5,17611,-0.0037330442341044546,-0.712958931166107,3.162
2026-07-28T07:58:49.277887+00:00,1,BOTH,707.5,67.5,561.5,17863,-0.002404122257139534,-0.4591535292252018,3.163
2026-07-28T07:58:49.344493+00:00,1,BOTH,707.5,67.5,561.5,17826,-0.00013170762627851218,-0.02515430371815027,3.163
2026-07-28T07:58:49.394612+00:00,1,BOTH,707.5,67.5,561.5,17954,-0.019833338703028856,-3.7878886711234117,3.164
2026-07-28T07:58:49.461232+00:00,1,BOTH,707.5,67.5,561.5,17602,-0.02583394194865832,-4.933919472813651,3.164
2026-07-28T07:58:49.511218+00:00,1,BOTH,707.5,67.5,561.5,18107,-0.0021749516620184293,-0.4153851695953996,3.164
2026-07-28T07:58:49.561310+00:00,1,BOTH,707.5,67.5,561.5,17754,-0.005278848382877186,-1.0081857767610747,3.164
2026-07-28T07:58:49.628061+00:00,1,BOTH,707.5,67.5,561.5,18009,-0.029064390782732517,-5.550889753231681,3.164
2026-07-28T07:58:49.678032+00:00,1,BOTH,707.5,67.5,561.5,18067,-6.980564212426542e-05,-0.01333189559973681,3.164
2026-07-28T07:58:49.728078+00:00,1,BOTH,707.0,67.0,561.4,18664,-0.01118378334762383,-2.135945282691789,3.155
2026-07-28T07:58:49.744792+00:00,1,BOTH,707.5,67.5,561.4,17839,-0.006473694450542098,-1.2363845662444155,3.158
2026-07-28T07:58:49.828242+00:00,1,BOTH,707.0,67.0,561.3,18484,0.00019976180512458087,0.03815169447184435,3.151
2026-07-28T07:58:49.878091+00:00,1,BOTH,707.5,67.5,561.4,17688,3.753449069336056e-05,0.0071685596763420905,3.156
2026-07-28T07:58:49.944733+00:00,1,BOTH,707.5,67.5,561.4,18050,4.6414151656790634e-05,0.008864449998714136,3.159
2026-07-28T07:58:49.961519+00:00,1,BOTH,707.5,67.5,561.4,17862,-4.866457020398229e-05,-0.009294248281687616,3.161
2026-07-28T07:58:50.044629+00:00,1,BOTH,707.5,67.5,561.4,18117,7.425561329000629e-05,0.014181777488909685,3.162
2026-07-28T07:58:50.094671+00:00,1,BOTH,707.5,67.5,561.4,18003,-0.00018031917745247483,-0.03443842611099121,3.163
2026-07-28T07:58:50.144788+00:00,1,BOTH,707.5,67.5,561.5,17881,7.118225643353071e-05,0.013594809566197538,3.163
2026-07-28T07:58:50.194653+00:00,1,BOTH,707.0,67.0,561.6,17759,2.3686266504228113e-05,0.004523743677047871,3.154
2026-07-28T07:58:50.244820+00:00,1,BOTH,707.5,67.5,561.6,17734,0.03854633623966947,7.361807940750789,3.158
2026-07-28T07:58:50.294775+00:00,1,BOTH,707.5,67.5,561.5,17505,-6.266319192945957e-05,-0.011967788094587584,3.161
2026-07-28T07:58:50.344837+00:00,1,BOTH,707.5,67.5,561.5,18197,-7.953768654260784e-06,-0.0015190579170419713,3.162
2026-07-28T07:58:50.411636+00:00,1,BOTH,708.0,68.0,561.6,17609,-9.924912534188479e-05,-0.01895518667484967,3.172
2026-07-28T07:58:50.462134+00:00,1,BOTH,707.0,67.0,561.7,17712,0.043148057691287246,8.240671999659167,3.16
2026-07-28T07:58:50.511631+00:00,1,BOTH,707.0,67.0,561.8,17972,-2.8504222864285112e-05,-0.005443905561412799,3.152
2026-07-28T07:58:50.544844+00:00,1,BOTH,708.0,68.0,561.8,17194,4.266240328433923e-05,0.008147918840259,3.166
2026-07-28T07:58:50.611641+00:00,1,BOTH,707.5,67.5,561.7,17690,-0.02821139235049486,-5.387979052903369,3.165
2026-07-28T07:58:50.678326+00:00,1,BOTH,707.0,67.0,561.8,17733,-0.027784459515241906,-5.306440887584875,3.155
2026-07-28T07:58:50.711668+00:00,1,BOTH,707.5,67.5,561.7,18222,-0.020824877153499982,-3.977258565913201,3.159
2026-07-28T07:58:50.745097+00:00,1,BOTH,707.5,67.5,561.7,17999,0.0003220789897022769,0.06151255593259323,3.161
2026-07-28T07:58:50.761523+00:00,1,BOTH,707.5,67.5,561.7,18311,9.922907338477671e-05,0.018951357033138775,3.162
2026-07-28T07:58:50.845065+00:00,1,BOTH,707.5,67.5,561.6,17860,8.871135301887989e-05,0.01694262040958984,3.163
2026-07-28T07:58:50.911624+00:00,1,BOTH,707.5,67.5,561.8,17426,-4.175147507339716e-05,-0.007973944367171054,3.163
2026-07-28T07:58:50.928583+00:00,1,BOTH,707.5,67.5,561.7,17739,-0.01693720920709893,-3.234768680989627,3.164
2026-07-28T07:58:51.011579+00:00,1,BOTH,707.5,67.5,561.7,18083,-9.020818630233406e-05,-0.017228494508845286,3.164
2026-07-28T07:58:51.078368+00:00,1,BOTH,707.5,67.5,561.7,18314,0.00015218742191791534,0.0290656565695777,3.164
2026-07-28T07:58:51.145382+00:00,1,BOTH,707.5,67.5,561.6,18137,-7.806258508935571e-05,-0.014908855545003177,3.164
2026-07-28T07:58:51.195256+00:00,1,BOTH,708.0,68.0,561.7,17553,0.012224710506852716,2.3347477260396468,3.173
2026-07-28T07:58:51.261860+00:00,1,BOTH,707.5,67.5,561.7,17867,-0.013735424868064,-2.623272915863676,3.17
2026-07-28T07:58:51.295854+00:00,1,BOTH,707.5,67.5,561.6,17930,-0.013691800369415433,-2.614941250343886,3.167
2026-07-28T07:58:51.378591+00:00,1,BOTH,707.5,67.5,561.6,18121,-0.013691800369415433,-2.614941250343886,3.166
2026-07-28T07:58:51.395147+00:00,1,BOTH,707.0,67.0,561.7,18159,-0.013691800369415433,-2.614941250343886,3.156
2026-07-28T07:58:51.461836+00:00,1,BOTH,707.5,67.5,561.8,17598,-0.013691800369415433,-2.614941250343886,3.159
2026-07-28T07:58:51.511745+00:00,1,BOTH,707.5,67.5,561.8,17730,-0.013691800369415433,-2.614941250343886,3.161
2026-07-28T07:58:51.578772+00:00,1,BOTH,707.5,67.5,561.7,18045,-0.013691800369415433,-2.614941250343886,3.162
2026-07-28T07:58:51.595172+00:00,1,BOTH,708.0,68.0,561.8,17426,-0.04793296420481056,-9.154521828290978,3.172
2026-07-28T07:58:51.695374+00:00,1,BOTH,707.5,67.5,561.7,18036,0.011624419731087982,2.2201006329331356,3.169
2026-07-28T07:58:51.745961+00:00,1,BOTH,707.0,67.0,561.8,17806,-0.006118409992195666,-1.168530232944942,3.158
2026-07-28T07:58:51.811887+00:00,1,BOTH,707.5,67.5,561.7,18366,-0.000402742208680138,-0.07691809596382992,3.16
2026-07-28T07:58:51.861981+00:00,1,BOTH,706.5,66.5,561.7,18265,-0.038983497109729794,-7.445299516826534,3.143
2026-07-28T07:58:51.878767+00:00,1,BOTH,707.0,67.0,561.7,18243,0.0130228841828648,2.4871876692194292,3.142
2026-07-28T07:58:51.961922+00:00,1,BOTH,707.0,67.0,561.8,17862,0.0002733806928154081,0.052211866328951036,3.141
2026-07-28T07:58:52.028867+00:00,1,BOTH,708.0,68.0,561.8,17664,-0.00013443915493553506,-0.025675987263705097,3.16
2026-07-28T07:58:52.045485+00:00,1,BOTH,707.5,67.5,561.8,17830,-0.00025182770448736844,-0.04809554877197971,3.162
2026-07-28T07:58:52.162225+00:00,1,BOTH,707.5,67.5,561.7,17929,-8.562197646824643e-05,-0.016352592950663235,3.163
2026-07-28T07:58:52.212255+00:00,1,BOTH,707.0,67.0,561.8,18278,-6.764719728380442e-05,-0.012919663000836131,3.154
2026-07-28T07:58:52.278857+00:00,1,BOTH,707.5,67.5,561.7,17782,0.0002046991721726954,0.039094662117724104,3.158
2026-07-28T07:58:52.295466+00:00,1,BOTH,707.0,67.0,561.8,17774,-1.2145132350269705e-05,-0.002319549417660855,3.151
2026-07-28T07:58:52.312346+00:00,1,BOTH,707.5,67.5,561.7,18204,3.187177557265386e-05,0.006087060753004063,3.156
2026-07-28T07:58:52.395511+00:00,1,BOTH,707.25,67.25,561.7,17744,-1.395175902871415e-05,-0.002664589697096205,3.155
2026-07-28T07:58:52.462214+00:00,1,BOTH,707.0,67.0,561.8,17675,0.0,0.0,3.149
2026-07-28T07:58:52.478840+00:00,1,BOTH,707.0,67.0,561.8,18310,0.6979765323223546,133.30369833749134,3.146
2026-07-28T07:58:52.512096+00:00,1,RIGHT,322.18,-317.82,561.8,15553,-0.0031030882112099787,-0.5926461931971067,-0.854
2026-07-28T07:58:52.612266+00:00,1,BOTH,707.0,67.0,561.9,18249,-1.348089776001871e-05,-0.0025746618189881245,0.744
2026-07-28T07:58:52.662442+00:00,1,BOTH,707.0,67.0,561.9,17715,-9.138966095633804e-05,-0.01745413954643231,1.702
2026-07-28T07:58:52.712333+00:00,1,BOTH,707.0,67.0,561.9,17967,-0.009750273513927822,-1.8621650714875164,2.278
2026-07-28T07:58:52.728956+00:00,1,BOTH,707.0,67.0,561.9,18066,-0.009750273513927822,-1.8621650714875164,2.623
2026-07-28T07:58:52.745589+00:00,1,BOTH,707.5,67.5,561.8,18088,-0.0009608786419266834,-0.18351430268887076,2.839
2026-07-28T07:58:52.829043+00:00,1,BOTH,707.5,67.5,561.8,17835,-7.710056699579582e-05,-0.014725123623082497,2.969
2026-07-28T07:58:52.845666+00:00,1,BOTH,707.5,67.5,561.7,17744,-1.5595270597259513e-05,-0.002978477285291456,3.047
2026-07-28T07:58:52.912376+00:00,1,BOTH,707.5,67.5,561.9,17480,7.85028759855777e-05,0.014992944912041683,3.094
2026-07-28T07:58:52.962381+00:00,1,BOTH,707.5,67.5,561.8,18269,-3.993812279077247e-05,-0.007627619591955026,3.122
2026-07-28T07:58:53.012423+00:00,1,BOTH,707.5,67.5,561.7,17980,1.7777667380869399e-06,0.00033952843683706963,3.139
2026-07-28T07:58:53.079087+00:00,1,BOTH,707.0,67.0,561.6,18501,0.030792785559315236,5.880988840000504,3.14
2026-07-28T07:58:53.095804+00:00,1,BOTH,707.0,67.0,561.7,18048,1.0818815790116778e-05,0.0020662416136772816,3.14
2026-07-28T07:58:53.162318+00:00,1,BOTH,707.5,67.5,561.6,17685,1.8068240024149418e-05,0.003450779655377048,3.15
2026-07-28T07:58:53.229024+00:00,1,BOTH,706.5,66.5,561.6,18520,0.00012578714056871832,0.024023574238687926,3.137
2026-07-28T07:58:53.245872+00:00,1,BOTH,707.0,67.0,561.5,18393,0.00012578714056871832,0.024023574238687926,3.138
2026-07-28T07:58:53.280134+00:00,1,BOTH,707.5,67.5,561.5,18275,-6.081521976739168e-05,-0.011614851409440397,3.149
2026-07-28T07:58:53.362562+00:00,1,BOTH,707.5,67.5,561.5,17948,2.886579371988773e-05,0.005512960508149346,3.155
2026-07-28T07:58:53.412568+00:00,1,BOTH,708.0,68.0,561.6,17542,5.291897803544998e-05,0.010106780325255962,3.168
2026-07-28T07:58:53.445979+00:00,1,BOTH,707.5,67.5,561.6,17701,6.774016481358558e-05,0.012937418491130188,3.166
2026-07-28T07:58:53.512528+00:00,1,BOTH,707.5,67.5,561.6,17928,-9.223216096870601e-05,-0.017615045196260323,3.165
2026-07-28T07:58:53.562513+00:00,1,BOTH,707.5,67.5,561.5,17812,3.4168566344305886e-06,0.0006525715478471584,3.165
2026-07-28T07:58:53.629233+00:00,1,BOTH,707.5,67.5,561.5,18063,0.0026674067485146224,0.5094371631153388,3.165
2026-07-28T07:58:53.646063+00:00,1,BOTH,707.0,67.0,561.4,18476,-0.013293430213816465,-2.53885815501125,3.155
2026-07-28T07:58:53.729352+00:00,1,BOTH,707.5,67.5,561.4,18054,0.0025120375052210876,0.4797638234258027,3.159
2026-07-28T07:58:53.779392+00:00,1,BOTH,707.5,67.5,561.5,18180,-0.00010873957187868654,-0.020767728449027304,3.161
2026-07-28T07:58:53.829509+00:00,1,BOTH,707.5,67.5,561.5,17768,-5.170977325178683e-05,-0.009875839223019534,3.162
2026-07-28T07:58:53.879420+00:00,1,BOTH,707.0,67.0,561.4,18456,-9.351409273222088e-05,-0.017859876128504204,3.154
2026-07-28T07:58:53.962664+00:00,1,BOTH,707.0,67.0,561.5,18124,-1.286950951907784e-05,-0.002457895266155327,3.148
2026-07-28T07:58:54.029435+00:00,1,BOTH,707.5,67.5,561.5,18356,0.005598005600622855,1.0691403153542902,3.155
2026-07-28T07:58:54.062692+00:00,1,BOTH,707.0,67.0,561.6,17977,-1.1915451614186183e-06,-0.00022756836282840414,3.149
2026-07-28T07:58:54.129470+00:00,1,BOTH,707.0,67.0,561.7,18058,3.480955492705106e-06,0.000664813528016282,3.146
2026-07-28T07:58:54.196159+00:00,1,BOTH,707.5,67.5,561.6,18032,8.307077223435044e-05,0.015865348833069413,3.153
2026-07-28T07:58:54.262838+00:00,1,BOTH,707.5,67.5,561.6,18181,-7.638626382686198e-05,-0.014588701766840066,3.157
2026-07-28T07:58:54.329619+00:00,1,BOTH,707.0,67.0,561.7,18164,-1.3721668583457358e-05,-0.002620645659031205,3.151
2026-07-28T07:58:54.396148+00:00,1,BOTH,707.5,67.5,561.7,18293,0.00011427589925006032,0.021825089090302216,3.156
2026-07-28T07:58:54.446279+00:00,1,BOTH,706.5,66.5,561.6,18481,-0.03014526703431329,-5.757321911203345,3.141
2026-07-28T07:58:54.496172+00:00,1,BOTH,707.5,67.5,561.6,18344,-0.002087627372238785,-0.3987074587508962,3.15
2026-07-28T07:58:54.562923+00:00,1,BOTH,706.5,66.5,561.6,18507,-3.5526169667718926e-05,-0.006784998614086589,3.137
2026-07-28T07:58:54.596189+00:00,1,BOTH,707.0,67.0,561.7,17812,-3.5526169667718926e-05,-0.006784998614086589,3.138
2026-07-28T07:58:54.629521+00:00,1,BOTH,707.0,67.0,561.7,18316,-3.5526169667718926e-05,-0.006784998614086589,3.139
2026-07-28T07:58:54.713000+00:00,1,BOTH,707.0,67.0,561.8,18313,-3.5526169667718926e-05,-0.006784998614086589,3.14
2026-07-28T07:58:54.779562+00:00,1,BOTH,707.0,67.0,561.8,17678,-0.013318328196182847,-2.5436133193711994,3.14
2026-07-28T07:58:54.813064+00:00,1,BOTH,707.0,67.0,561.9,18221,0.013067663222900592,2.495739835901757,3.14
2026-07-28T07:58:54.896275+00:00,1,BOTH,706.5,66.5,561.8,18418,0.00031149429269135,0.0594910277120904,3.131
2026-07-28T07:58:54.963001+00:00,1,BOTH,707.0,67.0,561.8,18351,0.0001832100679166615,0.03499054551976625,3.135
2026-07-28T07:58:55.029703+00:00,1,BOTH,707.0,67.0,561.7,18474,0.02086633643077221,3.9851767046110727,3.137
2026-07-28T07:58:55.079703+00:00,1,BOTH,707.0,67.0,561.7,17715,6.361618201481177e-05,0.012149795793949229,3.139
2026-07-28T07:58:55.146366+00:00,1,BOTH,707.75,67.75,561.7,17557,3.97241092287004e-05,0.007586746012404055,3.153
2026-07-28T07:58:55.179828+00:00,1,BOTH,707.0,67.0,561.8,18153,9.430298348888754e-05,0.018010543164683812,3.148
2026-07-28T07:58:55.263178+00:00,1,BOTH,707.0,67.0,561.8,18118,-7.043592631816864e-05,-0.013452271013751677,3.145
2026-07-28T07:58:55.313140+00:00,1,BOTH,707.0,67.0,561.9,17593,2.6173131773248314e-05,0.004998699957489616,3.143
2026-07-28T07:58:55.330719+00:00,1,BOTH,707.0,67.0,561.9,17709,-3.886265563778579e-05,-0.0074222204957180675,3.142
2026-07-28T07:58:55.430220+00:00,1,BOTH,707.0,67.0,561.9,17948,0.0001180714284419082,0.02254998176934083,3.142
2026-07-28T07:58:55.446543+00:00,1,BOTH,706.5,66.5,561.8,18362,-3.2593030482530594e-05,-0.0062248102939674805,3.132
2026-07-28T07:58:55.513179+00:00,1,BOTH,707.0,67.0,561.9,17983,6.183317385875853e-05,0.011809266320018382,3.135
2026-07-28T07:58:55.563206+00:00,1,BOTH,707.0,67.0,561.9,17850,-0.013695636711781844,-2.6156739377650946,3.137
2026-07-28T07:58:55.613234+00:00,1,BOTH,707.0,67.0,561.9,18187,-7.40107154706493e-05,-0.014135005450705977,3.139
2026-07-28T07:58:55.629869+00:00,1,BOTH,707.5,67.5,561.8,17756,-4.81352548194991e-05,-0.009193156489813514,3.149
2026-07-28T07:58:55.713200+00:00,1,BOTH,707.0,67.0,561.9,17719,-4.739453113870695e-05,-0.00905168868749756,3.146
2026-07-28T07:58:55.779916+00:00,1,BOTH,707.5,67.5,561.8,18238,-0.00024509629933163526,-0.04680994508659267,3.153
2026-07-28T07:58:55.796602+00:00,1,BOTH,707.0,67.0,561.8,18086,0.0027721915720030667,0.529449590258376,3.148
2026-07-28T07:58:55.813328+00:00,1,BOTH,707.0,67.0,561.9,18056,-0.00010220498777925967,-0.019519714816459116,3.145
2026-07-28T07:58:55.913347+00:00,1,BOTH,707.5,67.5,562.0,17601,-0.028278311447938905,-5.400759659077931,3.153
2026-07-28T07:58:55.980059+00:00,1,BOTH,707.5,67.5,562.1,17722,0.03851125517510809,7.355107950950146,3.157
2026-07-28T07:58:56.063356+00:00,1,BOTH,707.0,67.0,562.1,17877,-0.01063409369206056,-2.0309622916725383,3.151
2026-07-28T07:58:56.113238+00:00,1,BOTH,707.0,67.0,562.1,17756,-0.031200429112650453,-5.958843023839917,3.147
2026-07-28T07:58:56.130114+00:00,1,BOTH,707.5,67.5,561.9,17993,0.0029451862532732776,0.5624891406416892,3.154
2026-07-28T07:58:56.146616+00:00,1,BOTH,707.0,67.0,562.0,17839,-0.037065419778227804,-7.07897373057727,3.148
2026-07-28T07:58:56.246606+00:00,1,BOTH,707.0,67.0,562.0,17957,-0.0002090652147307992,-0.039928514823570266,3.145
2026-07-28T07:58:56.296856+00:00,1,BOTH,707.0,67.0,562.0,17903,0.00015888533089309932,0.03034486295571382,3.143
2026-07-28T07:58:56.346782+00:00,1,BOTH,707.5,67.5,561.9,17632,-0.0001941041531972587,-0.037071162547212294,3.152
2026-07-28T07:58:56.396899+00:00,1,BOTH,707.0,67.0,561.9,17860,-0.004844945282675326,-0.9253163888970459,3.147
2026-07-28T07:58:56.463458+00:00,1,BOTH,707.0,67.0,561.9,18088,0.00011587176471948624,0.02212987694386478,3.145
2026-07-28T07:58:56.513534+00:00,1,BOTH,707.0,67.0,561.9,17739,0.012637535112444311,2.4135914179714844,3.143
2026-07-28T07:58:56.580261+00:00,1,BOTH,707.0,67.0,562.0,18016,-0.0024969364567368757,-0.4768797356112435,3.142
2026-07-28T07:58:56.597008+00:00,1,BOTH,707.0,67.0,562.0,17620,-0.020136821963824332,-3.845849704444908,3.141
2026-07-28T07:58:56.696941+00:00,1,BOTH,707.0,67.0,562.0,17988,7.687108183745294e-05,0.014681295186302705,3.141
2026-07-28T07:58:56.763587+00:00,1,BOTH,706.5,66.5,561.9,18454,-8.181627112207933e-05,-0.015625756769310738,3.132
2026-07-28T07:58:56.780348+00:00,1,BOTH,707.0,67.0,561.9,17657,5.4585188627243037e-05,0.010425003107555085,3.135
2026-07-28T07:58:56.813711+00:00,1,BOTH,707.0,67.0,561.9,17642,-0.00015825921669602392,-0.030225283952428347,3.137
2026-07-28T07:58:56.863530+00:00,1,BOTH,707.0,67.0,561.9,17732,0.0011210196488536895,0.21409898210184652,3.139
2026-07-28T07:58:56.947040+00:00,1,BOTH,707.0,67.0,561.9,17962,2.8535724850371474e-05,0.005449921997576227,3.139
2026-07-28T07:58:56.963850+00:00,1,BOTH,707.0,67.0,562.0,17689,4.947608162183314e-05,0.009449235545919386,3.14
2026-07-28T07:58:57.013829+00:00,1,BOTH,707.0,67.0,562.0,17907,-1.6185838321689514e-05,-0.0030912674123797362,3.14
2026-07-28T07:58:57.046824+00:00,1,BOTH,707.0,67.0,562.0,17745,3.6471860948950055e-05,0.006965612344542799,3.14
2026-07-28T07:58:57.130354+00:00,1,BOTH,707.5,67.5,562.1,17350,-0.004189435394364409,-0.8001232221326876,3.15
2026-07-28T07:58:57.213753+00:00,1,BOTH,707.5,67.5,562.0,18049,0.0028391086542978883,0.5422298115677856,3.156
2026-07-28T07:58:57.280413+00:00,1,BOTH,707.5,67.5,562.1,17505,6.672775576589629e-05,0.012744062605885339,3.159
2026-07-28T07:58:57.347089+00:00,1,BOTH,707.0,67.0,562.1,17897,0.023194781253114343,4.42987690844205,3.152
2026-07-28T07:58:57.397075+00:00,1,BOTH,706.5,66.5,561.9,18442,0.010988927904327284,2.0987306343049794,3.138
2026-07-28T07:58:57.463780+00:00,1,BOTH,707.0,67.0,562.0,17926,-4.932339128572493e-05,-0.009420073839814606,3.139
2026-07-28T07:58:57.513881+00:00,1,BOTH,707.5,67.5,562.1,17469,-9.45228966884315e-05,-0.018052543491994102,3.149
2026-07-28T07:58:57.530509+00:00,1,BOTH,707.0,67.0,562.1,17867,0.00013871159870177508,0.026491963917080204,3.146
2026-07-28T07:58:57.613894+00:00,1,BOTH,707.0,67.0,562.0,18068,-0.011031385402893647,-2.106839419226764,3.144
2026-07-28T07:58:57.680516+00:00,1,BOTH,707.0,67.0,562.0,17993,0.004609064058458898,0.8802663935171112,3.142
2026-07-28T07:58:57.747348+00:00,1,BOTH,707.0,67.0,562.0,17931,0.00739943421445787,1.4131878375771185,3.142
2026-07-28T07:58:57.797346+00:00,1,BOTH,707.0,67.0,562.0,18149,-0.012423332745238441,-2.372681779296125,3.141
2026-07-28T07:58:57.847418+00:00,1,BOTH,707.0,67.0,562.0,17656,-0.012423332745238441,-2.372681779296125,3.141
2026-07-28T07:58:57.863950+00:00,1,BOTH,707.5,67.5,562.1,17607,-0.012423332745238441,-2.372681779296125,3.15
2026-07-28T07:58:57.897324+00:00,1,BOTH,707.0,67.0,562.1,18197,-0.012423332745238441,-2.372681779296125,3.146
2026-07-28T07:58:57.946962+00:00,1,RIGHT,322.91,-317.09,562.1,15589,-0.012423332745238441,-2.372681779296125,-0.854
2026-07-28T07:58:57.997347+00:00,1,BOTH,707.0,67.0,562.1,17745,-0.012423332745238441,-2.372681779296125,0.744
2026-07-28T07:58:58.080665+00:00,1,BOTH,707.5,67.5,562.0,17792,-0.006494052580092102,-1.2402726825844015,1.712
2026-07-28T07:58:58.097399+00:00,1,BOTH,707.0,67.0,562.0,18187,-0.047025769067658985,-8.981260319779054,2.283
2026-07-28T07:58:58.180715+00:00,1,BOTH,707.0,67.0,562.0,17600,0.0053076820372371,1.013692599103615,2.626
2026-07-28T07:58:58.230680+00:00,1,BOTH,707.0,67.0,562.0,17898,0.0001089724260236835,0.020812200314862146,2.832
2026-07-28T07:58:58.280747+00:00,1,BOTH,706.5,66.5,561.9,18461,0.002316865420434624,0.4424887009690233,2.946
2026-07-28T07:58:58.297423+00:00,1,BOTH,707.0,67.0,561.9,17970,-0.029225222093518823,-5.581606270970389,3.024
2026-07-28T07:58:58.380855+00:00,1,BOTH,707.0,67.0,561.9,17805,-9.728560253279284e-05,-0.018580181441720873,3.071
2026-07-28T07:58:58.397482+00:00,1,BOTH,707.0,67.0,561.9,18258,-0.006153268701746128,-1.1751877560666548,3.099
2026-07-28T07:58:58.463941+00:00,1,BOTH,707.0,67.0,562.0,17731,-0.009150251977243897,-1.7475693992577064,3.115
2026-07-28T07:58:58.480936+00:00,1,BOTH,707.0,67.0,562.0,17881,0.008550648058298976,1.6330534861408788,3.125
2026-07-28T07:58:58.547474+00:00,1,BOTH,707.0,67.0,562.0,18173,-0.00037262192752677946,-0.07116554600438033,3.132
2026-07-28T07:58:58.597523+00:00,1,BOTH,707.0,67.0,562.0,18049,-0.0015176640204390423,-0.28985247696671146,3.135
2026-07-28T07:58:58.647372+00:00,1,BOTH,707.25,67.25,561.8,18329,0.021207917534047736,4.050413889874773,3.142
2026-07-28T07:58:58.697437+00:00,1,BOTH,707.5,67.5,561.8,17800,-7.671413070056587e-05,-0.014651319727191338,3.151
2026-07-28T07:58:58.747424+00:00,1,BOTH,707.0,67.0,561.8,18166,0.0001519139378797263,0.029013424965736275,3.147
2026-07-28T07:58:58.764457+00:00,1,BOTH,707.0,67.0,561.8,18105,-4.452801367733627e-05,-0.00850422417937391,3.144
2026-07-28T07:58:58.847613+00:00,1,BOTH,707.0,67.0,561.9,17689,5.997775588184595e-05,0.01145490758898574,3.143
2026-07-28T07:58:58.881048+00:00,1,BOTH,707.0,67.0,561.9,17980,-1.7018553335219623e-05,-0.0032503042650879176,3.142
2026-07-28T07:58:58.964277+00:00,1,BOTH,707.0,67.0,561.9,17820,2.7467487961985173e-06,0.0005245903780160485,3.141
2026-07-28T07:58:59.031005+00:00,1,BOTH,707.0,67.0,561.9,17529,-0.0049364110606256876,-0.9427850657185008,3.141
2026-07-28T07:58:59.081048+00:00,1,BOTH,706.5,66.5,561.9,18409,-0.005111740220454522,-0.9762704686643904,3.132
2026-07-28T07:58:59.131125+00:00,1,BOTH,707.0,67.0,561.9,17696,0.010682400895748288,2.0401882879771565,3.135
2026-07-28T07:58:59.197701+00:00,1,BOTH,707.5,67.5,562.0,17555,0.0001392338890582323,0.02659171402743148,3.147
2026-07-28T07:58:59.264452+00:00,1,BOTH,706.5,66.5,561.9,18653,0.03216423326462973,6.14291605779191,3.135
2026-07-28T07:58:59.347751+00:00,1,BOTH,707.5,67.5,561.8,18081,-0.008194811365101487,-1.5650936837538534,3.147
2026-07-28T07:58:59.447776+00:00,1,BOTH,707.0,67.0,561.9,17785,0.014659654488787055,2.7997877710917023,3.144
2026-07-28T07:58:59.497669+00:00,1,BOTH,707.0,67.0,561.9,17564,-0.00427910310216248,-0.8172484928508269,3.143
2026-07-28T07:58:59.581208+00:00,1,BOTH,707.5,67.5,562.0,17362,-0.019275928803835995,-3.681431222181533,3.151
2026-07-28T07:58:59.647770+00:00,1,BOTH,707.0,67.0,562.0,17765,-0.014106011071708053,-2.694049667245609,3.147
2026-07-28T07:58:59.664543+00:00,1,BOTH,707.0,67.0,562.0,17840,-0.008576379660662497,-1.6379678601926742,3.144
2026-07-28T07:58:59.747820+00:00,1,BOTH,707.5,67.5,562.1,17246,-0.023402264809410555,-4.469503348755842,3.152
2026-07-28T07:58:59.814571+00:00,1,BOTH,707.0,67.0,562.1,18080,0.008571995742495347,1.6371305934969793,3.148
2026-07-28T07:58:59.864546+00:00,1,BOTH,706.5,66.5,562.0,18427,0.010129860448651017,1.9346608358806725,3.135
2026-07-28T07:58:59.914632+00:00,1,BOTH,706.5,66.5,561.9,18361,-0.012945476067252458,-2.47240380813727,3.128
2026-07-28T07:58:59.981281+00:00,1,BOTH,707.0,67.0,561.9,17811,0.002467927853576839,0.4713395005091102,3.133
2026-07-28T07:59:00.081192+00:00,1,BOTH,707.0,67.0,561.9,17792,0.00017450053623178972,0.033327147496170856,3.136
2026-07-28T07:59:00.181236+00:00,1,BOTH,707.0,67.0,561.9,17775,-0.004761642117518932,-0.9094066562852372,3.138
2026-07-28T07:59:00.248082+00:00,1,BOTH,707.5,67.5,562.0,17254,0.0017739242850802839,0.33879458236954046,3.148
2026-07-28T07:59:00.314734+00:00,1,BOTH,707.0,67.0,562.0,17978,0.02776657839669497,5.303025845499167,3.145
2026-07-28T07:59:00.431485+00:00,1,BOTH,707.0,67.0,562.0,18024,-0.0015308467799331994,-0.2923701985712155,3.143
2026-07-28T07:59:00.448235+00:00,1,BOTH,707.0,67.0,562.0,17939,0.018004227638593873,3.4385541902807244,3.142
2026-07-28T07:59:00.548152+00:00,1,BOTH,707.0,67.0,562.0,17920,-0.007741561951115727,-1.478529422126647,3.142
2026-07-28T07:59:00.631503+00:00,1,BOTH,707.0,67.0,562.0,18251,2.545386756537482e-05,0.004861330612603044,3.141
2026-07-28T07:59:00.714833+00:00,1,BOTH,707.0,67.0,562.0,17977,0.000104543287307024,0.019966297130386883,3.141
2026-07-28T07:59:00.764890+00:00,1,BOTH,707.0,67.0,562.0,18047,0.014623214767780154,2.792828297023937,3.141
2026-07-28T07:59:00.831658+00:00,1,BOTH,707.0,67.0,562.0,17743,-0.006150956293568015,-1.1747461186362635,3.141
2026-07-28T07:59:00.865027+00:00,1,BOTH,707.5,67.5,562.1,17513,3.387603355804458e-05,0.006469845831731666,3.15
2026-07-28T07:59:00.948114+00:00,1,BOTH,707.0,67.0,562.1,17585,-0.0001074690875248052,-0.02052508381097795,3.146
2026-07-28T07:59:00.998176+00:00,1,BOTH,707.0,67.0,562.1,17715,3.313234483357519e-05,0.006327811747786454,3.144
2026-07-28T07:59:01.064777+00:00,1,BOTH,707.0,67.0,562.1,17829,-4.638620826881379e-05,-0.008859113204726236,3.143
2026-07-28T07:59:01.081668+00:00,1,BOTH,707.0,67.0,562.0,17995,-3.891339496476575e-05,-0.007431910993355688,3.142
2026-07-28T07:59:01.114851+00:00,1,BOTH,707.5,67.5,562.1,17575,-9.464041446335613e-05,-0.0180749877337306,3.151
2026-07-28T07:59:01.198341+00:00,1,BOTH,707.0,67.0,562.1,18039,2.5120644786511547e-05,0.0047976897497147555,3.147
2026-07-28T07:59:01.231681+00:00,1,BOTH,707.5,67.5,562.2,17537,-3.699952740134904e-05,-0.007066389213586475,3.154
2026-07-28T07:59:01.315001+00:00,1,BOTH,707.0,67.0,562.1,17711,-4.905952373519541e-06,-0.0009369678849828618,3.148
2026-07-28T07:59:01.364995+00:00,1,BOTH,707.5,67.5,562.2,17073,3.592256165575236e-05,0.006860703907243642,3.155
2026-07-28T07:59:01.448376+00:00,1,BOTH,707.0,67.0,562.2,17810,3.5523655506040085e-05,0.0067845184445758855,3.149
2026-07-28T07:59:01.498422+00:00,1,BOTH,707.0,67.0,562.1,17757,-0.009024732584948651,-1.7235969611724913,3.146
2026-07-28T07:59:01.548429+00:00,1,BOTH,707.0,67.0,562.1,17903,0.003885068035451695,0.7419933385085473,3.144
2026-07-28T07:59:01.565189+00:00,1,BOTH,707.0,67.0,562.1,17966,-0.011676859488652554,-2.2301158888902664,3.142
2026-07-28T07:59:01.648499+00:00,1,BOTH,707.0,67.0,562.1,18043,-1.433178666047752e-05,-0.0027371696284241814,3.142
2026-07-28T07:59:01.698335+00:00,1,BOTH,707.0,67.0,562.1,17924,-4.640605766326189e-05,-0.008862904159818791,3.141
2026-07-28T07:59:01.731708+00:00,1,BOTH,707.5,67.5,562.1,17090,5.136963300174102e-05,0.009810877220452369,3.15
2026-07-28T07:59:01.798396+00:00,1,BOTH,707.0,67.0,562.1,17777,9.457157284487037e-06,0.0018061839953083655,3.146
2026-07-28T07:59:01.848387+00:00,1,BOTH,707.0,67.0,562.1,17667,-4.071488183399197e-05,-0.007775969641538682,3.144
2026-07-28T07:59:01.898465+00:00,1,BOTH,708.0,68.0,562.1,17264,-2.3534247593488543e-05,-0.004494710203742693,3.161
2026-07-28T07:59:01.931865+00:00,1,BOTH,707.0,67.0,562.1,18230,5.539167701499536e-05,0.010579031043703481,3.153
2026-07-28T07:59:01.981911+00:00,1,BOTH,707.0,67.0,562.0,17577,-1.9838812950183637e-05,-0.00378893417531668,3.148
2026-07-28T07:59:02.048702+00:00,1,BOTH,707.0,67.0,562.0,17617,-2.4110297817969697e-06,-0.0004604727692577139,3.145
2026-07-28T07:59:02.081959+00:00,1,BOTH,707.0,67.0,562.0,17809,1.9906181405531244e-05,0.0038018006025291244,3.143
2026-07-28T07:59:02.098540+00:00,1,BOTH,707.0,67.0,562.0,17542,0.023289758256287315,4.448016179884089,3.142
2026-07-28T07:59:02.198552+00:00,1,BOTH,707.0,67.0,562.0,17837,-0.0069382262334693225,-1.3251036016158064,3.142
2026-07-28T07:59:02.231965+00:00,1,BOTH,707.25,67.25,562.1,17433,0.00321194990654476,0.6134372455081798,3.146
2026-07-28T07:59:02.298752+00:00,1,BOTH,707.0,67.0,562.1,17831,8.004717528820036e-06,0.00152878843531926,3.144
2026-07-28T07:59:02.365304+00:00,1,BOTH,707.0,67.0,562.0,17907,-6.810226477682593e-07,-0.00013006574489981906,3.143
2026-07-28T07:59:02.382036+00:00,1,BOTH,707.5,67.5,561.9,18193,-6.810226477682593e-07,-0.00013006574489981906,3.151
2026-07-28T07:59:02.398846+00:00,1,BOTH,707.5,67.5,561.8,17980,0.005447250047000125,1.040348125485155,3.156
2026-07-28T07:59:02.481950+00:00,1,BOTH,707.5,67.5,562.0,17411,-0.003195207996177487,-0.6102397761580763,3.159
2026-07-28T07:59:02.515333+00:00,1,BOTH,707.0,67.0,562.0,17778,1.9160044903401286e-05,0.0036592990274867893,3.152
2026-07-28T07:59:02.582103+00:00,1,BOTH,707.0,67.0,562.0,18097,6.915366277098655e-05,0.013207376715494983,3.147
2026-07-28T07:59:02.598833+00:00,1,BOTH,707.5,67.5,562.1,17314,-0.00010305550298653543,-0.019682151255754437,3.154
2026-07-28T07:59:02.682007+00:00,1,BOTH,707.0,67.0,562.1,17709,4.579847445711494e-05,0.0087468643151013,3.149
2026-07-28T07:59:02.699009+00:00,1,BOTH,707.0,67.0,562.1,17740,-3.196298988768831e-05,-0.006104481403946231,3.145
2026-07-28T07:59:02.749355+00:00,1,BOTH,707.0,67.0,562.0,18095,0.0001216973690316081,0.02324248541119077,3.144
2026-07-28T07:59:02.832160+00:00,1,BOTH,707.0,67.0,562.0,17835,-3.348396741785109e-05,-0.006394966714654761,3.142
2026-07-28T07:59:02.882090+00:00,1,BOTH,707.5,67.5,561.9,17553,-3.34036277490668e-05,-0.006379622968158699,3.151
2026-07-28T07:59:02.948889+00:00,1,BOTH,707.5,67.5,562.0,17548,-3.6806827993132173e-05,-0.007029586337568158,3.156
2026-07-28T07:59:02.965525+00:00,1,BOTH,707.5,67.5,562.1,17460,3.7680765817640346e-05,0.007196496167238701,3.159
2026-07-28T07:59:03.032152+00:00,1,BOTH,706.5,66.5,562.0,18549,0.007302259628195315,1.3946288586812043,3.143
2026-07-28T07:59:03.099048+00:00,1,BOTH,707.0,67.0,562.0,18176,-0.027305800366448238,-5.2150237240808694,3.142
2026-07-28T07:59:03.149025+00:00,1,BOTH,707.5,67.5,561.9,18240,0.009767398476833477,1.8654356984835567,3.151
2026-07-28T07:59:03.198843+00:00,1,BOTH,707.0,67.0,561.9,18143,3.749669180251658e-05,0.0071613406199566385,3.147
2026-07-28T07:59:03.249090+00:00,1,BOTH,707.5,67.5,561.8,17657,-5.286021390929818e-05,-0.01009555720387172,3.154
2026-07-28T07:59:03.299009+00:00,1,BOTH,707.0,67.0,561.9,18202,-0.031682340399129316,-6.050881299889779,3.148
2026-07-28T07:59:03.348994+00:00,1,BOTH,707.5,67.5,561.8,17887,6.076880126784089e-06,0.0011605986129055096,3.155
2026-07-28T07:59:03.415660+00:00,1,BOTH,706.5,66.5,561.7,18387,9.979148511774837e-05,0.019058769761965154,3.14
2026-07-28T07:59:03.482623+00:00,1,BOTH,707.0,67.0,561.8,17766,5.23630630414118e-05,0.010000608382167868,3.14
2026-07-28T07:59:03.499136+00:00,1,BOTH,707.0,67.0,561.8,18125,0.00011317515280097722,0.021614862004147306,3.14
2026-07-28T07:59:03.532427+00:00,1,BOTH,707.5,67.5,561.8,18028,0.00011317515280097722,0.021614862004147306,3.15
2026-07-28T07:59:03.615817+00:00,1,BOTH,707.0,67.0,561.6,18453,0.00011317515280097722,0.021614862004147306,3.146
2026-07-28T07:59:03.632474+00:00,1,BOTH,707.5,67.5,561.6,18162,0.00011317515280097722,0.021614862004147306,3.153
2026-07-28T07:59:03.682505+00:00,1,BOTH,707.5,67.5,561.6,18008,0.00011317515280097722,0.021614862004147306,3.158
2026-07-28T07:59:03.765797+00:00,1,BOTH,707.0,67.0,561.7,18286,0.00011317515280097722,0.021614862004147306,3.151
2026-07-28T07:59:03.832320+00:00,1,BOTH,707.5,67.5,561.6,17749,0.0080659312044736,1.5404793861973665,3.156
2026-07-28T07:59:03.882409+00:00,1,BOTH,707.0,67.0,561.5,18473,0.010548376584483776,2.0145915300184756,3.15
2026-07-28T07:59:03.932596+00:00,1,BOTH,707.5,67.5,561.5,18140,0.003853509962791577,0.7359661905985743,3.156
2026-07-28T07:59:03.982494+00:00,1,BOTH,707.5,67.5,561.5,18037,0.003294479121104814,0.6291991644442488,3.159
2026-07-28T07:59:04.049043+00:00,1,BOTH,707.5,67.5,561.5,17933,-2.964148123282939e-05,-0.005661105910524535,3.161
2026-07-28T07:59:04.066024+00:00,1,BOTH,707.0,67.0,561.6,17936,-0.008366642784094437,-1.5979110674073205,3.153
2026-07-28T07:59:04.116041+00:00,1,BOTH,707.5,67.5,561.6,18190,0.0008440924611932132,0.16120978515060447,3.157
2026-07-28T07:59:04.249270+00:00,1,BOTH,707.5,67.5,561.6,17975,-0.0038682436081580816,-0.7387801095863848,3.16
2026-07-28T07:59:04.266001+00:00,1,BOTH,707.5,67.5,561.6,18280,-0.00016512984526343642,-0.03153747735081085,3.162
2026-07-28T07:59:04.332619+00:00,1,BOTH,707.0,67.0,561.6,17765,-0.014492809313815087,-2.7679226898983176,3.153
2026-07-28T07:59:04.382671+00:00,1,BOTH,707.5,67.5,561.6,17790,-0.00964262656867504,-1.841606019352649,3.158
2026-07-28T07:59:04.399333+00:00,1,BOTH,707.5,67.5,561.6,17881,-0.005388848416041583,-1.0291942355831383,3.16
2026-07-28T07:59:04.499306+00:00,1,BOTH,707.5,67.5,561.6,18382,5.376742919906973e-06,0.0010268822561250548,3.162
2026-07-28T07:59:04.532696+00:00,1,BOTH,708.0,68.0,561.7,17570,6.304000731688575e-05,0.01203975453243794,3.172
2026-07-28T07:59:04.599576+00:00,1,BOTH,707.5,67.5,561.6,18082,0.013822950264438987,2.639989035238664,3.169
2026-07-28T07:59:04.665969+00:00,1,BOTH,707.5,67.5,561.6,18044,-0.0037596117286011576,-0.7180329488557674,3.167
2026-07-28T07:59:04.699543+00:00,1,BOTH,707.5,67.5,561.6,17765,0.003092300348216668,0.5905858631321663,3.166
2026-07-28T07:59:04.732591+00:00,1,BOTH,707.0,67.0,561.7,17830,-0.00012371601071208715,-0.023628017573326252,3.156
2026-07-28T07:59:04.816040+00:00,1,BOTH,707.5,67.5,561.6,17613,5.771678639575839e-05,0.011023094225116808,3.159
2026-07-28T07:59:04.916189+00:00,1,BOTH,707.5,67.5,561.6,17808,8.778810733929276e-05,0.01676629347327641,3.161
2026-07-28T07:59:04.932760+00:00,1,BOTH,707.0,67.0,561.7,18138,0.018550346756819637,3.542855258899866,3.153
2026-07-28T07:59:05.016150+00:00,1,BOTH,707.0,67.0,561.7,17955,-3.776129626203328e-05,-0.007211876349192128,3.148
2026-07-28T07:59:05.033061+00:00,1,BOTH,707.5,67.5,561.7,18159,-0.0001344892638735473,-0.025685557365918384,3.154
2026-07-28T07:59:05.116254+00:00,1,BOTH,707.5,67.5,561.9,17400,-0.008378285490907729,-1.6001346606156865,3.158
2026-07-28T07:59:05.182891+00:00,1,BOTH,707.5,67.5,561.8,18219,-0.00020984586983104235,-0.04007760896523459,3.161
2026-07-28T07:59:05.249620+00:00,1,BOTH,707.0,67.0,561.6,18399,-1.1051692999899388e-05,-0.0021107178845617023,3.153
2026-07-28T07:59:05.332938+00:00,1,BOTH,707.0,67.0,561.7,17832,-0.004173576012253761,-0.7970943032639363,3.148
2026-07-28T07:59:05.399590+00:00,1,BOTH,707.5,67.5,561.7,17802,0.007694826768711209,1.4696036597714706,3.154
2026-07-28T07:59:05.483064+00:00,1,BOTH,707.5,67.5,561.6,17767,0.01962000930332579,3.747145756959928,3.158
2026-07-28T07:59:05.533108+00:00,1,BOTH,707.5,67.5,561.8,17412,-0.014214512351900339,-2.71477188533489,3.161
2026-07-28T07:59:05.549634+00:00,1,BOTH,707.0,67.0,561.8,17693,0.019180438060429877,3.663193833582409,3.153
2026-07-28T07:59:05.632992+00:00,1,BOTH,707.0,67.0,561.9,17767,-0.004935257082106546,-0.9425646720558488,3.148
2026-07-28T07:59:05.699641+00:00,1,BOTH,707.5,67.5,561.8,18091,-0.01157363218255341,-2.21040092565698,3.154
2026-07-28T07:59:05.749744+00:00,1,BOTH,707.0,67.0,561.8,17741,-0.04691461683250964,-8.960031806587377,3.149
2026-07-28T07:59:05.799768+00:00,1,BOTH,707.5,67.5,561.8,17781,0.0033655747212469576,0.6427774238778973,3.155
2026-07-28T07:59:05.816469+00:00,1,BOTH,707.5,67.5,561.7,18155,0.012769970917142928,2.4388847935236493,3.159
2026-07-28T07:59:05.849795+00:00,1,BOTH,707.0,67.0,561.8,17635,-0.005267493491992355,-1.006017152345967,3.151
2026-07-28T07:59:05.933175+00:00,1,BOTH,707.5,67.5,561.7,17696,-0.026374700586311518,-5.037196765056226,3.156
2026-07-28T07:59:05.983198+00:00,1,BOTH,707.0,67.0,561.8,17858,0.005155939541000407,0.9847119170798072,3.15
2026-07-28T07:59:06.083446+00:00,1,BOTH,707.0,67.0,561.8,17737,-0.013619338553398848,-2.6011020628985397,3.146
2026-07-28T07:59:06.133271+00:00,1,BOTH,707.5,67.5,561.8,18206,0.006854158784844913,1.309047901613768,3.153
2026-07-28T07:59:06.149911+00:00,1,BOTH,707.5,67.5,561.7,17679,-0.0058939040545374155,-1.1256527572667923,3.158
2026-07-28T07:59:06.249985+00:00,1,BOTH,707.5,67.5,561.9,17215,-0.0058939040545374155,-1.1256527572667923,3.16
2026-07-28T07:59:06.316731+00:00,1,BOTH,708.0,68.0,561.9,17260,-0.0058939040545374155,-1.1256527572667923,3.171
2026-07-28T07:59:06.383242+00:00,1,BOTH,708.0,68.0,561.9,17402,-0.0058939040545374155,-1.1256527572667923,3.178
2026-07-28T07:59:06.433219+00:00,1,BOTH,707.0,67.0,561.9,18052,0.03493053288315423,6.671240367825588,3.163
2026-07-28T07:59:06.499974+00:00,1,BOTH,707.5,67.5,562.0,17654,-0.011497821561060845,-2.1959221634776873,3.163
2026-07-28T07:59:06.516775+00:00,1,BOTH,707.5,67.5,562.1,17177,-0.00021436882205307483,-0.040941429209440515,3.164
2026-07-28T07:59:06.600014+00:00,1,BOTH,707.0,67.0,562.1,17742,-0.02905326426262036,-5.548764744421368,3.154
2026-07-28T07:59:06.650097+00:00,1,BOTH,707.5,67.5,562.2,17268,-0.01497174521209672,-2.8593927086611317,3.158
2026-07-28T07:59:06.666792+00:00,1,BOTH,708.0,68.0,562.1,17292,-0.030598473679274322,-5.843878004548515,3.17
2026-07-28T07:59:06.749992+00:00,1,BOTH,706.5,66.5,562.0,18613,-0.00013799405889585614,-0.026354923908707563,3.149
2026-07-28T07:59:06.816849+00:00,1,BOTH,707.5,67.5,562.1,17536,-4.6300406393129374e-05,-0.00884272625355616,3.155
2026-07-28T07:59:06.850068+00:00,1,BOTH,707.0,67.0,562.1,17579,-0.00012617732165381312,-0.02409809333676048,3.149
2026-07-28T07:59:06.916987+00:00,1,BOTH,707.0,67.0,562.1,17598,0.00023955481359735128,0.04575159927057125,3.146
2026-07-28T07:59:06.967142+00:00,1,BOTH,707.5,67.5,562.2,17552,-0.00011615571565926075,-0.022184107578657627,3.153
2026-07-28T07:59:07.000199+00:00,1,BOTH,707.0,67.0,562.1,17760,0.0002266754675656557,0.04329182536888884,3.148
2026-07-28T07:59:07.066761+00:00,1,BOTH,707.5,67.5,562.0,17973,0.01836307977559045,3.5070899000112385,3.154
2026-07-28T07:59:07.116760+00:00,1,BOTH,707.0,67.0,562.0,17643,0.006113483388908207,1.1675893210259198,3.149
2026-07-28T07:59:07.183534+00:00,1,BOTH,707.0,67.0,562.0,17847,0.006900223137345165,1.317845544894659,3.146
2026-07-28T07:59:07.250195+00:00,1,BOTH,707.0,67.0,562.0,17744,0.031580878709210086,6.031503544507657,3.144
2026-07-28T07:59:07.266882+00:00,1,BOTH,707.5,67.5,561.9,17746,0.05744437625864521,10.971067721272922,3.152
2026-07-28T07:59:07.367090+00:00,1,BOTH,707.0,67.0,561.9,17805,0.029408001704141498,5.616514605202801,3.147
2026-07-28T07:59:07.417059+00:00,1,BOTH,707.0,67.0,561.9,17995,-0.03808292048051953,-7.273302050220314,3.145
2026-07-28T07:59:07.466953+00:00,1,BOTH,707.5,67.5,561.8,18121,-0.06926864099106751,-13.229335937983535,3.152
2026-07-28T07:59:07.533682+00:00,1,BOTH,707.5,67.5,561.8,17895,0.013482662623282522,2.5749988830429054,3.157
2026-07-28T07:59:07.600410+00:00,1,BOTH,707.0,67.0,561.8,17643,-0.017103757625445724,-3.2665770858424623,3.15
2026-07-28T07:59:07.650333+00:00,1,BOTH,707.0,67.0,561.9,18020,-0.00031066374387592074,-0.05933240457274479,3.147
2026-07-28T07:59:07.700427+00:00,1,BOTH,707.0,67.0,561.9,18180,-0.0948986258963123,-18.124302484831983,3.144
2026-07-28T07:59:07.767138+00:00,1,BOTH,708.0,68.0,561.9,17585,-0.05161275451937399,-9.857310010016318,3.162
2026-07-28T07:59:07.817125+00:00,1,BOTH,707.5,67.5,561.8,17973,-0.05161275451937399,-9.857310010016318,3.163
2026-07-28T07:59:07.833831+00:00,1,BOTH,707.5,67.5,561.8,17644,-0.020954153798520565,-4.001948586410836,3.163
2026-07-28T07:59:07.917075+00:00,1,BOTH,707.0,67.0,561.8,17593,-0.013830597698688506,-2.6414495875940016,3.154
2026-07-28T07:59:07.983853+00:00,1,BOTH,706.5,66.5,561.7,18533,-0.03446012066386175,-6.5813982518361165,3.139
2026-07-28T07:59:08.067340+00:00,1,BOTH,707.5,67.5,561.7,17957,0.002354387515224516,0.4496548932021921,3.149
2026-07-28T07:59:08.133908+00:00,1,BOTH,707.5,67.5,561.7,17617,0.017352617527358234,3.3141058260745506,3.155
2026-07-28T07:59:08.200588+00:00,1,BOTH,707.0,67.0,561.7,17966,0.009517091002780944,1.8176304923375883,3.149
2026-07-28T07:59:08.217172+00:00,1,BOTH,707.0,67.0,561.8,17707,0.005704291912261397,1.0894395056106259,3.146
2026-07-28T07:59:08.300585+00:00,1,BOTH,707.0,67.0,561.8,17723,-0.023110425155609845,-4.41376608056471,3.144
2026-07-28T07:59:08.367242+00:00,1,BOTH,708.0,68.0,561.9,17516,0.01688285539159551,3.2243878668936983,3.161
2026-07-28T07:59:08.417176+00:00,1,BOTH,707.5,67.5,562.0,17304,-0.018118360084481536,-3.4603518817969525,3.162
2026-07-28T07:59:08.500602+00:00,1,BOTH,707.5,67.5,561.9,18280,-0.018572971835383215,-3.5471763306093487,3.163
2026-07-28T07:59:08.550747+00:00,1,BOTH,707.0,67.0,561.9,18154,-0.0026472261687740684,-0.5055829562911356,3.154
2026-07-28T07:59:08.600497+00:00,1,BOTH,707.5,67.5,561.8,17841,0.023353777148586233,4.460242887676857,3.158
2026-07-28T07:59:08.633916+00:00,1,BOTH,707.0,67.0,561.9,17664,-0.0026927232556045056,-0.5142722598095498,3.151
2026-07-28T07:59:08.700676+00:00,1,BOTH,707.5,67.5,561.8,17813,0.023846184750436806,4.55428581229751,3.156
2026-07-28T07:59:08.750586+00:00,1,BOTH,706.5,66.5,561.7,18541,0.018559942331630736,3.5446878786954588,3.141
2026-07-28T07:59:08.800604+00:00,1,BOTH,707.0,67.0,561.8,18224,-0.015022765545872972,-2.869136874643559,3.141
2026-07-28T07:59:08.833982+00:00,1,BOTH,707.0,67.0,561.8,17749,0.00042239378672093153,0.08067127090552804,3.141
2026-07-28T07:59:08.917529+00:00,1,BOTH,707.5,67.5,561.8,17841,0.04243059276108397,8.103646291494847,3.15
2026-07-28T07:59:08.934114+00:00,1,BOTH,707.0,67.0,561.8,17924,0.04243059276108397,8.103646291494847,3.146
2026-07-28T07:59:08.967494+00:00,1,BOTH,707.5,67.5,561.9,17604,-0.011829868131317199,-2.259338387069298,3.153
2026-07-28T07:59:09.017509+00:00,1,BOTH,707.0,67.0,562.0,17735,0.016120753774885088,3.078837179568352,3.148
2026-07-28T07:59:09.100828+00:00,1,BOTH,707.0,67.0,562.0,17480,-0.03989438775461167,-7.619266815325473,3.145
2026-07-28T07:59:09.184410+00:00,1,BOTH,707.0,67.0,562.0,17586,-0.05310486799338832,-10.142282692068399,3.143
2026-07-28T07:59:09.234244+00:00,1,BOTH,708.0,68.0,562.0,17343,0.0011164449097122997,0.21322527128459673,3.161
2026-07-28T07:59:09.284205+00:00,1,BOTH,707.5,67.5,562.1,17647,-0.025781973304692656,-4.923994192926149,3.162
2026-07-28T07:59:09.350972+00:00,1,BOTH,707.5,67.5,562.0,18279,0.011480840579606593,2.1926790349132923,3.163
2026-07-28T07:59:09.400996+00:00,1,BOTH,707.5,67.5,562.1,17528,-0.05476931558921933,-10.460168766941111,3.163
2026-07-28T07:59:09.450998+00:00,1,BOTH,707.5,67.5,562.0,17933,-0.049278346095234155,-9.411470842139659,3.164
2026-07-28T07:59:09.467510+00:00,1,BOTH,707.5,67.5,561.9,18306,-0.03391102141700685,-6.476528020574124,3.164
2026-07-28T07:59:09.534343+00:00,1,BOTH,707.0,67.0,561.7,18460,-0.023509648067411036,-4.490012040335149,3.155
2026-07-28T07:59:09.584192+00:00,1,BOTH,707.5,67.5,561.7,17876,-0.027880814943928273,-5.324843418907883,3.158
2026-07-28T07:59:09.635206+00:00,1,BOTH,707.5,67.5,561.8,17635,0.0008092566160485149,0.15455662880872942,3.161
2026-07-28T07:59:09.718645+00:00,1,BOTH,706.5,66.5,562.0,17743,-0.017501795702410162,-3.3425967588276815,3.143
2026-07-28T07:59:09.784389+00:00,1,BOTH,707.5,67.5,561.9,17985,0.00833273442927748,1.5914350486698412,3.152
2026-07-28T07:59:09.834352+00:00,1,BOTH,706.5,66.5,562.0,17792,0.0330356264510192,6.309339897380488,3.138
2026-07-28T07:59:09.851131+00:00,1,BOTH,707.0,67.0,562.0,17928,0.0330356264510192,6.309339897380488,3.139
2026-07-28T07:59:09.934461+00:00,1,BOTH,707.5,67.5,562.1,17199,0.0330356264510192,6.309339897380488,3.149
2026-07-28T07:59:10.005142+00:00,1,BOTH,707.5,67.5,562.0,17764,0.0330356264510192,6.309339897380488,3.155
2026-07-28T07:59:10.117882+00:00,1,BOTH,707.0,67.0,562.0,18105,0.0330356264510192,6.309339897380488,3.149
2026-07-28T07:59:10.167699+00:00,1,BOTH,707.0,67.0,562.0,18079,0.0330356264510192,6.309339897380488,3.146
2026-07-28T07:59:10.234576+00:00,1,BOTH,707.5,67.5,562.1,17500,-0.012816045572108123,-2.4476844044304067,3.153
2026-07-28T07:59:10.301103+00:00,1,BOTH,707.5,67.5,562.0,17834,0.016276661877636798,3.1086134338335683,3.157
2026-07-28T07:59:10.351222+00:00,1,BOTH,707.5,67.5,562.1,17377,0.01402878140565008,2.6792998875178533,3.16
2026-07-28T07:59:10.434616+00:00,1,BOTH,707.0,67.0,562.1,17709,-0.020318018507678063,-3.8804556951954936,3.152
2026-07-28T07:59:10.501290+00:00,1,BOTH,707.5,67.5,562.1,17448,-0.008352469813544303,-1.5952042294217006,3.157
2026-07-28T07:59:10.551315+00:00,1,BOTH,707.0,67.0,562.1,18024,-0.018027804305420433,-3.443057001961218,3.15
2026-07-28T07:59:10.634726+00:00,1,BOTH,707.5,67.5,562.0,17697,0.007515032711671666,1.435265524271803,3.156
2026-07-28T07:59:10.667943+00:00,1,BOTH,707.0,67.0,562.0,17636,-0.010353148302529007,-1.977305674693148,3.15
2026-07-28T07:59:10.717989+00:00,1,BOTH,707.0,67.0,562.0,17992,0.0007027061481494456,0.13420698842286,3.146
2026-07-28T07:59:10.784769+00:00,1,BOTH,707.5,67.5,562.1,17457,7.305503910174594e-05,0.013952484708977477,3.153
2026-07-28T07:59:10.868099+00:00,1,BOTH,707.5,67.5,562.2,17129,-0.0059951259120134635,-1.1449847080263,3.158
2026-07-28T07:59:10.951464+00:00,1,BOTH,707.0,67.0,562.1,17918,0.018342917328118345,3.503239156195219,3.151
2026-07-28T07:59:11.001309+00:00,1,BOTH,707.0,67.0,562.1,18378,-0.015771940890699623,-3.0122188258896427,3.147
2026-07-28T07:59:11.084815+00:00,1,BOTH,706.5,66.5,562.0,18699,-0.016826257542415988,-3.2135784739353492,3.135
2026-07-28T07:59:11.151460+00:00,1,BOTH,707.0,67.0,562.0,17868,-0.0047724431235110385,-0.9114694964780479,3.137
2026-07-28T07:59:11.251503+00:00,1,BOTH,707.0,67.0,562.0,18055,4.173366178292781e-05,0.00797054227929394,3.139
2026-07-28T07:59:11.301522+00:00,1,BOTH,707.0,67.0,562.0,17877,-0.0057817779343167786,-1.1042382457273958,3.139
2026-07-28T07:59:11.318256+00:00,1,BOTH,707.0,67.0,562.0,17873,0.002611498870246578,0.4987595448943718,3.14
2026-07-28T07:59:11.401531+00:00,1,BOTH,707.5,67.5,562.1,16977,-0.005848855420481414,-1.1170491019193316,3.15
2026-07-28T07:59:11.451605+00:00,1,BOTH,707.0,67.0,562.1,17757,0.024122489612782374,4.607056153868658,3.146
2026-07-28T07:59:11.518383+00:00,1,BOTH,707.5,67.5,562.2,17341,-0.03252408975735307,-6.2116435853366685,3.153
2026-07-28T07:59:11.534960+00:00,1,BOTH,707.0,67.0,562.1,18378,-0.006243549747159705,-1.1924301656407446,3.148
2026-07-28T07:59:11.668341+00:00,1,BOTH,707.5,67.5,562.2,17524,-0.014373902202351019,-2.7452131044283745,3.155
2026-07-28T07:59:11.718372+00:00,1,BOTH,707.5,67.5,562.3,17583,-0.0030585542414337395,-0.5841408314866343,3.158
2026-07-28T07:59:11.785011+00:00,1,BOTH,707.0,67.0,562.2,18112,0.00014982816763222217,0.02861507219168313,3.151
2026-07-28T07:59:11.835005+00:00,1,BOTH,707.0,67.0,562.2,17863,-0.01592469246354085,-3.0413922273489344,3.147
2026-07-28T07:59:11.901803+00:00,1,BOTH,707.0,67.0,562.1,17842,0.0,0.0,3.144
2026-07-28T07:59:11.918372+00:00,1,BOTH,707.0,67.0,562.1,18221,-0.02834060100314673,-5.412656087815115,3.143
2026-07-28T07:59:12.001909+00:00,1,BOTH,707.0,67.0,562.1,18010,0.005911004676599987,1.1289187355042378,3.142
2026-07-28T07:59:12.068424+00:00,1,BOTH,707.0,67.0,562.1,17682,-0.007316255979530979,-1.3973019648815903,3.141
2026-07-28T07:59:12.135104+00:00,1,BOTH,707.0,67.0,562.1,17851,0.030843797888664995,5.890731477250078,3.141
2026-07-28T07:59:12.185121+00:00,1,BOTH,707.0,67.0,562.0,17756,-3.372376319020986e-05,-0.006440764333658886,3.141
2026-07-28T07:59:12.285254+00:00,1,BOTH,707.5,67.5,562.1,17467,-5.629105260595679e-05,-0.010750799128900729,3.15
2026-07-28T07:59:12.351897+00:00,1,BOTH,707.5,67.5,562.2,17621,-0.002212993310531601,-0.4226505892804825,3.156
2026-07-28T07:59:12.418407+00:00,1,BOTH,707.0,67.0,562.2,17896,-3.260996891185641e-05,-0.00622804529567398,3.15
2026-07-28T07:59:12.485282+00:00,1,BOTH,707.5,67.5,562.2,17667,3.3217810341739095e-05,0.00634413445749223,3.155
2026-07-28T07:59:12.551814+00:00,1,BOTH,707.5,67.5,562.3,17553,-0.00017518342472612857,-0.03345756959151639,3.159
2026-07-28T07:59:12.618578+00:00,1,BOTH,707.0,67.0,562.2,18095,-0.00014508582302369177,-0.027709351088131755,3.152
2026-07-28T07:59:12.685338+00:00,1,BOTH,707.0,67.0,562.2,18140,-4.5994457213964775e-05,-0.008784294264517415,3.147
2026-07-28T07:59:12.752116+00:00,1,BOTH,707.0,67.0,562.1,18121,-6.340316205751151e-05,-0.012109111978931355,3.145
2026-07-28T07:59:12.768653+00:00,1,BOTH,707.0,67.0,562.1,17880,-1.42317381687462e-06,-0.00027180617740146676,3.143
2026-07-28T07:59:12.852118+00:00,1,BOTH,707.0,67.0,562.1,17646,-4.2675063068600134e-05,-0.008150336680951319,3.142
2026-07-28T07:59:12.918702+00:00,1,BOTH,707.0,67.0,562.1,17810,-7.481694279704243e-05,-0.014288983527807452,3.141
2026-07-28T07:59:12.968698+00:00,1,BOTH,707.0,67.0,562.1,17696,-7.982196751981973e-05,-0.015244872837720032,3.141
2026-07-28T07:59:13.018682+00:00,1,BOTH,707.0,67.0,562.0,17969,1.2548407539725297e-05,0.002396569305454668,3.141
2026-07-28T07:59:13.068791+00:00,1,BOTH,707.5,67.5,562.1,17406,0.024195692429784685,4.621036862077661,3.15
2026-07-28T07:59:13.135465+00:00,1,BOTH,707.0,67.0,562.1,17486,1.438318262444227e-05,0.0027469855344881364,3.146
2026-07-28T07:59:13.185595+00:00,1,BOTH,707.0,67.0,562.1,17692,0.0007036683679325506,0.13439075886464635,3.144
2026-07-28T07:59:13.252083+00:00,1,BOTH,707.0,67.0,562.1,17857,-2.6065249694511292e-05,-0.004978095998167184,3.143
2026-07-28T07:59:13.302244+00:00,1,BOTH,707.5,67.5,562.0,17884,-9.958440605259965e-06,-0.0019019220573770032,3.151
2026-07-28T07:59:13.352027+00:00,1,BOTH,707.0,67.0,562.0,18232,-3.897091664839536e-05,-0.007442896825697232,3.147
2026-07-28T07:59:13.418944+00:00,1,BOTH,707.5,67.5,562.1,17397,-6.506740115582943e-05,-0.012426958233712268,3.154
2026-07-28T07:59:13.535455+00:00,1,BOTH,707.5,67.5,562.0,17917,-7.176131475716829e-06,-0.0013705401559652051,3.158
2026-07-28T07:59:13.552197+00:00,1,BOTH,707.0,67.0,562.0,17859,-7.893615402281285e-05,-0.015075694921672638,3.151
2026-07-28T07:59:13.635715+00:00,1,BOTH,707.5,67.5,561.9,18038,0.0006189843127503991,0.11821729568467886,3.156
2026-07-28T07:59:13.685611+00:00,1,BOTH,707.0,67.0,561.9,17666,0.004215342865209095,0.8050711845902166,3.15
2026-07-28T07:59:13.752299+00:00,1,BOTH,707.5,67.5,562.0,17383,0.025336526126484387,4.838920048568331,3.156
2026-07-28T07:59:13.819131+00:00,1,BOTH,707.5,67.5,561.7,18515,0.11806556344032287,22.548861636548576,3.159
2026-07-28T07:59:13.885716+00:00,1,BOTH,706.5,66.5,561.9,18039,0.01688283388502896,3.2243837594420475,3.142
2026-07-28T07:59:13.952444+00:00,1,BOTH,708.0,68.0,561.9,17778,0.04355467092245817,8.318329406460071,3.16
2026-07-28T07:59:13.968921+00:00,1,BOTH,708.0,68.0,561.9,17606,0.023891518134623767,4.562943850914037,3.171
2026-07-28T07:59:14.052431+00:00,1,BOTH,707.5,67.5,561.6,18614,0.15062618834897876,28.767482921796987,3.168
2026-07-28T07:59:14.102541+00:00,1,BOTH,707.0,67.0,561.9,17588,0.111912394259125,21.37369288750655,3.157
2026-07-28T07:59:14.152502+00:00,1,BOTH,708.0,68.0,561.7,17982,-0.17277752723544837,-32.99807701765942,3.169
2026-07-28T07:59:14.169035+00:00,1,BOTH,708.5,68.5,561.1,19478,0.0,0.0,3.186
2026-07-28T07:59:14.252155+00:00,1,RIGHT,321.92,-318.08,561.1,15572,0.0,0.0,-0.814
2026-07-28T07:59:14.269290+00:00,1,BOTH,708.0,68.0,560.9,18531,-0.025649696653708816,-4.898731213494487,0.787
2026-07-28T07:59:14.352764+00:00,1,BOTH,706.5,66.5,561.2,17798,-0.1979411458328832,-37.8039741606925,1.719
2026-07-28T07:59:14.402598+00:00,1,BOTH,708.0,68.0,561.0,18317,0.21261344513506628,40.60617691325194,2.306
2026-07-28T07:59:14.452587+00:00,1,BOTH,706.5,66.5,561.3,18139,-0.12081181405112147,-23.073356868161856,2.631
2026-07-28T07:59:14.502623+00:00,1,BOTH,709.0,69.0,561.2,17625,0.1714570022560656,32.745875324125315,2.872
2026-07-28T07:59:14.552613+00:00,1,BOTH,707.0,67.0,561.6,17305,-0.004921210929751396,-0.9398820545613563,2.98
2026-07-28T07:59:14.569256+00:00,1,BOTH,706.5,66.5,561.8,18420,0.11025668106973172,21.05747496138529,3.035
2026-07-28T07:59:14.635922+00:00,1,BOTH,707.0,67.0,561.8,17986,-0.08932756828144192,-17.060308855644344,3.077
2026-07-28T07:59:14.719236+00:00,1,BOTH,709.0,69.0,561.6,17503,0.030545121356844902,5.833688461540425,3.14
2026-07-28T07:59:14.769163+00:00,1,BOTH,706.5,66.5,561.8,17785,-0.05250671787653118,-10.02804443469783,3.131
2026-07-28T07:59:14.835943+00:00,1,BOTH,708.5,68.5,561.8,17286,0.11686130343543483,22.318864917493613,3.163
2026-07-28T07:59:14.886061+00:00,1,BOTH,707.5,67.5,561.9,17415,0.020522581534460186,3.9195243554589516,3.163
2026-07-28T07:59:14.952536+00:00,1,BOTH,708.0,68.0,561.9,17493,-0.08219884036574512,-15.698822112755945,3.173
2026-07-28T07:59:15.036090+00:00,1,BOTH,708.5,68.5,561.8,17458,0.13895366734592243,26.538195622620528,3.188
2026-07-28T07:59:15.102854+00:00,1,BOTH,707.5,67.5,561.8,18078,-0.033561673362273725,-6.409807456849745,3.179
2026-07-28T07:59:15.152831+00:00,1,BOTH,708.0,68.0,561.6,17783,0.04368442599894479,8.343110800637007,3.182
2026-07-28T07:59:15.202883+00:00,1,BOTH,707.0,67.0,561.7,17912,-0.06559917458798736,-12.528519478111722,3.166
2026-07-28T07:59:15.252832+00:00,1,BOTH,708.5,68.5,561.7,17358,0.024193024637643248,4.620527351309919,3.184
2026-07-28T07:59:15.319487+00:00,1,BOTH,707.5,67.5,561.6,17785,-0.021997358769876883,-4.201186059830112,3.176
2026-07-28T07:59:15.386200+00:00,1,BOTH,708.0,68.0,561.7,17549,-0.012297696210443973,-2.348686968641553,3.181
2026-07-28T07:59:15.419504+00:00,1,BOTH,708.0,68.0,561.8,17599,0.021096025491133333,4.0290440838078,3.183
2026-07-28T07:59:15.519605+00:00,1,BOTH,708.0,68.0,561.8,17492,-0.02835450051003136,-5.41531069808779,3.185
2026-07-28T07:59:15.569578+00:00,1,BOTH,708.5,68.5,561.7,17630,0.015435282182879746,2.9479217489082865,3.195
2026-07-28T07:59:15.636203+00:00,1,BOTH,708.0,68.0,561.8,17465,-0.01908452289091656,-3.644875385567759,3.192
2026-07-28T07:59:15.652855+00:00,1,BOTH,708.0,68.0,561.8,17138,0.011862070724600927,2.265488629351078,3.19
2026-07-28T07:59:15.719643+00:00,1,BOTH,708.0,68.0,561.9,17597,-0.007176721384748817,-1.3706528202913035,3.189
2026-07-28T07:59:15.769694+00:00,1,BOTH,708.5,68.5,561.8,17336,0.018747196966432966,3.58045087959023,3.198
2026-07-28T07:59:15.836253+00:00,1,BOTH,707.5,67.5,561.7,18233,0.00904252945445478,1.7269959128766454,3.184
2026-07-28T07:59:15.919709+00:00,1,BOTH,708.0,68.0,561.8,17590,-0.00997569245111663,-1.9052169172316606,3.186
2026-07-28T07:59:16.020376+00:00,1,BOTH,708.0,68.0,561.8,17425,-0.002039275679271668,-0.38947296561980227,3.186
2026-07-28T07:59:16.052956+00:00,1,BOTH,708.0,68.0,561.9,17369,0.011653958329698072,2.2257420897100997,3.187
2026-07-28T07:59:16.136334+00:00,1,BOTH,708.0,68.0,561.9,17380,-0.00063656848622486,-0.12157562543905387,3.187
2026-07-28T07:59:16.186425+00:00,1,BOTH,708.0,68.0,561.9,17778,0.004400357939302922,0.8404064608964716,3.187
2026-07-28T07:59:16.269973+00:00,1,BOTH,708.0,68.0,561.9,17726,0.0026935964506992604,0.5144390277882864,3.187
2026-07-28T07:59:16.319896+00:00,1,BOTH,708.0,68.0,561.9,17056,-0.002421615810089861,-0.462494551734343,3.187
2026-07-28T07:59:16.386381+00:00,1,BOTH,708.0,68.0,562.0,17092,-0.003699288051575422,-0.7065119751948177,3.187
2026-07-28T07:59:16.436362+00:00,1,BOTH,707.5,67.5,561.9,17768,-0.021440748197492213,-4.0948812710634375,3.178
2026-07-28T07:59:16.486429+00:00,1,BOTH,707.5,67.5,561.8,17887,0.0057184559293091295,1.0921446336032472,3.172
2026-07-28T07:59:16.536427+00:00,1,BOTH,708.0,68.0,561.8,17664,0.0027006007323507218,0.5157767470454521,3.178
2026-07-28T07:59:16.636580+00:00,1,BOTH,708.0,68.0,561.9,17681,-0.012097418067860417,-2.3104366609790294,3.182
2026-07-28T07:59:16.686622+00:00,1,BOTH,707.5,67.5,561.8,17792,0.006482990690274164,1.2381600172510463,3.175
2026-07-28T07:59:16.770572+00:00,1,BOTH,708.0,68.0,561.8,17654,-0.010588107382645831,-2.022179553523049,3.18
2026-07-28T07:59:16.836570+00:00,1,BOTH,708.0,68.0,561.9,17371,0.008780474920640699,1.6769471835772616,3.183
2026-07-28T07:59:16.853381+00:00,1,BOTH,708.0,68.0,561.9,17633,0.007445711740292609,1.4220261939659127,3.185
2026-07-28T07:59:16.903429+00:00,1,BOTH,707.5,67.5,561.8,18425,-0.0015585131268016994,-0.29765408160491563,3.176
2026-07-28T07:59:16.953395+00:00,1,BOTH,707.5,67.5,561.8,17900,-0.004797625691862777,-0.9162790127575624,3.172
2026-07-28T07:59:17.053218+00:00,1,BOTH,708.0,68.0,561.8,17630,0.012276608469692292,2.3446595068264284,3.178
2026-07-28T07:59:17.103414+00:00,1,BOTH,708.0,68.0,561.8,17498,-0.012202874045469799,-2.3305772691171747,3.182
2026-07-28T07:59:17.153464+00:00,1,BOTH,708.0,68.0,561.9,17373,-0.015008992037910502,-2.8665063283924272,3.184
2026-07-28T07:59:17.220065+00:00,1,BOTH,707.5,67.5,561.8,18065,0.013949553468264639,2.6641684660788116,3.176
2026-07-28T07:59:17.303496+00:00,1,BOTH,708.0,68.0,561.8,17526,-4.8661418259143825e-05,-0.009293646304565943,3.181
2026-07-28T07:59:17.320181+00:00,1,BOTH,708.0,68.0,561.9,17543,0.0036874409270239994,0.7042493410742765,3.183
2026-07-28T07:59:17.403572+00:00,1,BOTH,708.0,68.0,561.9,17258,-2.6561178965494034e-05,-0.005072811512048221,3.185
2026-07-28T07:59:17.470015+00:00,1,BOTH,707.5,67.5,561.8,17886,-7.76642604614608e-05,-0.014832781144821519,3.177
2026-07-28T07:59:17.487106+00:00,1,BOTH,707.5,67.5,561.8,18258,-0.009843558196444065,-1.879981133492178,3.172
2026-07-28T07:59:17.570197+00:00,1,BOTH,707.5,67.5,561.7,17883,-0.022683884371072053,-4.332302791417328,3.169
2026-07-28T07:59:17.620193+00:00,1,BOTH,708.0,68.0,561.8,17179,-0.00012090839445590972,-0.023091802366755298,3.176
2026-07-28T07:59:17.636901+00:00,1,BOTH,708.0,68.0,561.8,17134,-0.0010305711394175887,-0.1968245892553873,3.181
2026-07-28T07:59:17.720205+00:00,1,BOTH,708.0,68.0,561.8,17236,-0.03339767941259197,-6.378486919574927,3.183
2026-07-28T07:59:17.770268+00:00,1,BOTH,708.0,68.0,561.9,17335,0.07432193983579055,14.194444926053418,3.185
2026-07-28T07:59:17.786929+00:00,1,BOTH,708.0,68.0,561.9,17581,0.0025972462364006786,0.49603749233998723,3.186
2026-07-28T07:59:17.836758+00:00,1,BOTH,708.5,68.5,561.8,17648,-0.018302805377170443,-3.4955783378707177,3.196
2026-07-28T07:59:17.886831+00:00,1,BOTH,708.0,68.0,561.9,17674,0.006435780191095546,1.2291434760789106,3.193
2026-07-28T07:59:17.903717+00:00,1,BOTH,708.0,68.0,561.9,17344,-0.009960395705420524,-1.902295454002755,3.191
2026-07-28T07:59:18.020371+00:00,1,BOTH,708.0,68.0,561.9,17506,-0.004610000973625575,-0.8804453311331525,3.189
2026-07-28T07:59:18.087089+00:00,1,BOTH,708.0,68.0,561.9,17371,-0.008170461379922927,-1.5604431791473945,3.189
2026-07-28T07:59:18.153550+00:00,1,BOTH,708.0,68.0,561.9,17194,0.0018913661304395645,0.3612243226272567,3.188
2026-07-28T07:59:18.220476+00:00,1,BOTH,708.0,68.0,562.0,17362,0.02025125575310085,3.86770494830902,3.188
2026-07-28T07:59:18.303727+00:00,1,BOTH,708.0,68.0,562.0,17626,-0.03836367656069342,-7.326922511775649,3.188
2026-07-28T07:59:18.370450+00:00,1,BOTH,708.0,68.0,562.0,17471,0.017911440505849897,3.4208331532828913,3.188
2026-07-28T07:59:18.437079+00:00,1,BOTH,708.0,68.0,562.0,17255,-0.022529494130285457,-4.302816427433726,3.188
2026-07-28T07:59:18.503803+00:00,1,BOTH,708.0,68.0,562.0,17542,-0.017168683127965777,-3.2789769434330127,3.188
2026-07-28T07:59:18.537737+00:00,1,BOTH,708.0,68.0,562.0,17538,-0.005868154851486907,-1.1207350217313938,3.188
2026-07-28T07:59:18.620565+00:00,1,BOTH,708.0,68.0,562.0,17558,-0.002538527906872332,-0.48482311746654505,3.188
2026-07-28T07:59:18.703931+00:00,1,BOTH,708.0,68.0,562.0,17469,0.0013837473141029477,0.2642762700355412,3.188
2026-07-28T07:59:18.737196+00:00,1,BOTH,708.0,68.0,562.0,17505,0.0013837473141029477,0.2642762700355412,3.188
2026-07-28T07:59:18.787184+00:00,1,BOTH,708.0,68.0,562.0,17534,-0.005365183259127662,-1.0246745235408632,3.188
2026-07-28T07:59:18.837201+00:00,1,BOTH,708.0,68.0,562.0,17324,-0.012583875739946961,-2.4033432327200894,3.188
2026-07-28T07:59:18.903971+00:00,1,BOTH,707.5,67.5,561.9,17887,0.0,0.0,3.178
2026-07-28T07:59:18.920482+00:00,1,BOTH,708.0,68.0,561.9,17368,0.023108547953888774,4.413407561445003,3.182
2026-07-28T07:59:18.987388+00:00,1,BOTH,708.0,68.0,561.9,17481,0.00889517568750307,1.6988534164043545,3.184
2026-07-28T07:59:19.037796+00:00,1,BOTH,707.5,67.5,561.8,17803,0.001503167568007484,0.2870838584925766,3.176
2026-07-28T07:59:19.104062+00:00,1,BOTH,708.0,68.0,561.9,17496,0.03047607579967007,5.820501731472935,3.181
2026-07-28T07:59:19.137268+00:00,1,BOTH,708.0,68.0,561.9,17320,-0.010793349907035009,-2.061377988270085,3.183
2026-07-28T07:59:19.204015+00:00,1,BOTH,708.5,68.5,561.8,17717,-0.0017939365562051534,-0.34261664461596225,3.194
2026-07-28T07:59:19.271060+00:00,1,BOTH,707.5,67.5,561.8,18070,0.0027783929079305382,0.5306339581783325,3.182
2026-07-28T07:59:19.354204+00:00,1,BOTH,707.5,67.5,561.7,18113,-0.04184836063534021,-7.992448146488021,3.175
2026-07-28T07:59:19.387492+00:00,1,BOTH,708.0,68.0,561.8,17262,0.03227231626980938,6.163558391238192,3.18
2026-07-28T07:59:19.487512+00:00,1,BOTH,708.0,68.0,561.8,17304,0.03352294751461159,6.402411364752722,3.183
2026-07-28T07:59:19.537548+00:00,1,BOTH,707.5,67.5,561.7,17946,-0.007391805867664516,-1.4117309306573809,3.175
2026-07-28T07:59:19.570680+00:00,1,BOTH,708.0,68.0,561.8,17644,-0.01210256903199479,-2.3114204226634385,3.18
2026-07-28T07:59:19.654342+00:00,1,BOTH,707.5,67.5,561.7,18017,-0.0031593763502314686,-0.6033964358723632,3.174
2026-07-28T07:59:19.754312+00:00,1,BOTH,708.0,68.0,561.8,17337,-0.0031593763502314686,-0.6033964358723632,3.179
2026-07-28T07:59:19.787661+00:00,1,BOTH,708.0,68.0,561.8,17494,-0.0031593763502314686,-0.6033964358723632,3.183
2026-07-28T07:59:19.871024+00:00,1,BOTH,708.0,68.0,561.9,17463,-0.0031593763502314686,-0.6033964358723632,3.185
2026-07-28T07:59:19.887542+00:00,1,BOTH,708.0,68.0,561.9,17609,-0.0031593763502314686,-0.6033964358723632,3.186
2026-07-28T07:59:19.954733+00:00,1,BOTH,708.0,68.0,561.9,17450,-0.0031593763502314686,-0.6033964358723632,3.186
2026-07-28T07:59:20.004308+00:00,1,BOTH,707.5,67.5,561.8,17787,-0.019704504278488456,-3.763283108516206,3.177
2026-07-28T07:59:20.137693+00:00,1,BOTH,707.5,67.5,561.8,17860,-3.6929264897480604e-05,-0.007052970063820865,3.172
2026-07-28T07:59:20.187640+00:00,1,BOTH,708.5,68.5,561.9,16783,2.9636603139806537e-05,0.005660174263383595,3.188
2026-07-28T07:59:20.271195+00:00,1,BOTH,708.0,68.0,561.9,17447,-5.338861803465988e-05,-0.010196474958073477,3.188
2026-07-28T07:59:20.337630+00:00,1,BOTH,708.0,68.0,561.9,17717,-5.338861803465988e-05,-0.010196474958073477,3.188
2026-07-28T07:59:20.371166+00:00,1,BOTH,708.0,68.0,562.0,17698,-0.023868158893310464,-4.558482564447772,3.188
2026-07-28T07:59:20.454336+00:00,1,BOTH,707.5,67.5,561.9,18268,-5.232772207818925e-05,-0.00999385875537927,3.178
2026-07-28T07:59:20.504344+00:00,1,BOTH,708.0,68.0,561.9,17038,1.33338023442775e-05,0.0025465686639624795,3.182
2026-07-28T07:59:20.554435+00:00,1,BOTH,708.0,68.0,561.9,17486,-0.004455403003375978,-0.8509192937445159,3.184
2026-07-28T07:59:20.621220+00:00,1,BOTH,708.0,68.0,561.9,17217,-3.165760665069683e-05,-0.006046157501900714,3.185
2026-07-28T07:59:20.637826+00:00,1,BOTH,708.0,68.0,561.7,17716,-0.00038656954653561117,-0.07382934501592199,3.186
2026-07-28T07:59:20.721245+00:00,1,BOTH,708.0,68.0,561.8,17559,-2.2607110659009776e-05,-0.004317640092488258,3.187
2026-07-28T07:59:20.787904+00:00,1,BOTH,708.0,68.0,561.8,17748,8.824830874800679e-06,0.0016854185468094037,3.187
2026-07-28T07:59:20.871279+00:00,1,BOTH,708.0,68.0,561.9,17405,2.5674923672340808e-05,0.0049035492191521896,3.187
2026-07-28T07:59:20.904523+00:00,1,BOTH,708.0,68.0,561.9,17118,-2.7564956180867735e-05,-0.005264518838755912,3.187
2026-07-28T07:59:20.987970+00:00,1,BOTH,708.0,68.0,561.9,17424,-4.9608014523983e-05,-0.009474432874159718,3.187
2026-07-28T07:59:21.054624+00:00,1,BOTH,708.0,68.0,561.9,17176,-0.045777149051427844,-8.742791462627052,3.187
2026-07-28T07:59:21.087813+00:00,1,BOTH,708.0,68.0,561.9,17678,-7.334165275096893e-05,-0.014007223883815211,3.187
2026-07-28T07:59:21.171382+00:00,1,BOTH,708.0,68.0,562.0,17310,-2.8233915218152104e-05,-0.005392280603767675,3.187
2026-07-28T07:59:21.237950+00:00,1,BOTH,708.0,68.0,562.0,17611,-4.3926927319262176e-05,-0.008389425141238794,3.187
2026-07-28T07:59:21.287850+00:00,1,BOTH,707.5,67.5,561.9,17972,-0.003914853362366557,-0.7476819169206774,3.178
2026-07-28T07:59:21.354646+00:00,1,BOTH,708.0,68.0,561.9,17772,1.0437114397063852e-05,0.0019933420174899586,3.182
2026-07-28T07:59:21.404789+00:00,1,BOTH,708.0,68.0,561.9,17450,4.852053505601361e-05,0.009266739594753791,3.184
2026-07-28T07:59:21.488059+00:00,1,BOTH,708.5,68.5,561.8,17229,-0.003425129845854826,-0.6541516148392525,3.195
2026-07-28T07:59:21.538108+00:00,1,BOTH,708.5,68.5,562.0,16957,2.8749108023475858e-05,0.005490675181702862,3.201
2026-07-28T07:59:21.588038+00:00,1,BOTH,708.0,68.0,562.0,17667,4.722298501292244e-05,0.009018925790833318,3.196
2026-07-28T07:59:21.654896+00:00,1,BOTH,708.0,68.0,562.0,17450,2.4700317881070076e-05,0.004717413224056119,3.192
2026-07-28T07:59:21.704901+00:00,1,BOTH,708.0,68.0,562.0,17530,0.04844906307756901,9.253089452359372,3.19
2026-07-28T07:59:21.788252+00:00,1,BOTH,708.0,68.0,562.0,17183,0.007421233346685767,1.4173511651561392,3.189
2026-07-28T07:59:21.838295+00:00,1,BOTH,708.5,68.5,562.1,16807,-0.009416770679235924,-1.7984707218758667,3.198
2026-07-28T07:59:21.938431+00:00,1,BOTH,708.0,68.0,562.1,17470,-0.003230439319740981,-0.6169684633142364,3.194
2026-07-28T07:59:22.004796+00:00,1,BOTH,708.0,68.0,562.1,17242,-0.018172220991691575,-3.4706385573432224,3.191
2026-07-28T07:59:22.071566+00:00,1,BOTH,708.0,68.0,562.0,17169,-0.016314021755824797,-3.1157486449778857,3.19
2026-07-28T07:59:22.155934+00:00,1,BOTH,708.5,68.5,562.1,16832,-0.004968250368256122,-0.9488659255513094,3.198
2026-07-28T07:59:22.238384+00:00,1,BOTH,707.5,67.5,562.0,18311,0.0032747631461825222,0.6254336906041386,3.185
2026-07-28T07:59:22.271625+00:00,1,BOTH,708.0,68.0,562.0,17561,-0.006954684519441799,-1.328246902696614,3.186
2026-07-28T07:59:22.288368+00:00,1,BOTH,708.5,68.5,562.1,16905,7.337975112022831e-06,0.0014014500136364857,3.196
2026-07-28T07:59:22.388339+00:00,1,BOTH,708.0,68.0,562.1,17615,-0.00232683350041043,-0.44439246401056515,3.192
2026-07-28T07:59:22.455078+00:00,1,BOTH,708.0,68.0,562.1,17434,-0.0008101246994920075,-0.15472242053398713,3.19
2026-07-28T07:59:22.488518+00:00,1,BOTH,708.0,68.0,562.1,17312,-0.0008101246994920075,-0.15472242053398713,3.189
2026-07-28T07:59:22.538473+00:00,1,BOTH,708.0,68.0,562.0,17348,-0.00013570957467891274,-0.025918619562057217,3.189
2026-07-28T07:59:22.672056+00:00,1,BOTH,707.5,67.5,561.9,17792,0.00012486735678976402,0.02384790847669234,3.179
2026-07-28T07:59:22.738397+00:00,1,BOTH,708.0,68.0,561.9,17687,9.576326119713487e-06,0.001828943566334917,3.182
2026-07-28T07:59:22.823008+00:00,1,RIGHT,323.05,-316.95,561.9,15580,-0.006714297597645782,-1.2823363824664369,-0.818
2026-07-28T07:59:22.888478+00:00,1,BOTH,708.0,68.0,562.0,17469,-2.9733569535892455e-05,-0.005678693480884653,0.784
2026-07-28T07:59:22.938592+00:00,1,BOTH,708.0,68.0,562.0,17513,-8.330213895533234e-05,-0.015909536621842895,1.746
2026-07-28T07:59:22.988597+00:00,1,BOTH,708.0,68.0,562.0,17387,2.818373468471691e-05,0.005382696827835836,2.322
2026-07-28T07:59:23.038563+00:00,1,BOTH,708.0,68.0,562.0,17695,0.0061101654390222394,1.1669556392755802,2.668
2026-07-28T07:59:23.088658+00:00,1,BOTH,708.0,68.0,562.0,17539,6.797641748562455e-05,0.012982539427818594,2.876
2026-07-28T07:59:23.138628+00:00,1,BOTH,708.0,68.0,562.0,17520,-3.117679530987516e-05,-0.005954329299997021,3.001
2026-07-28T07:59:23.189383+00:00,1,BOTH,708.0,68.0,562.0,17650,1.8571149848867208e-06,0.00035468283568170254,3.075
2026-07-28T07:59:23.255286+00:00,1,BOTH,708.0,68.0,562.0,17471,-0.0016154394498880719,-0.30852620845840656,3.12
2026-07-28T07:59:23.271930+00:00,1,BOTH,708.0,68.0,562.0,17258,-0.003878151899552904,-0.740672453850082,3.147
2026-07-28T07:59:23.321931+00:00,1,BOTH,708.0,68.0,562.0,17304,-4.0360978455282745e-05,-0.007708379075020488,3.163
2026-07-28T07:59:23.372030+00:00,1,BOTH,708.0,68.0,562.0,17487,-4.0360978455282745e-05,-0.007708379075020488,3.173
2026-07-28T07:59:23.405385+00:00,1,BOTH,708.0,68.0,562.0,17455,-0.009167408610337588,-1.7508460748141161,3.179
2026-07-28T07:59:23.488692+00:00,1,BOTH,707.5,67.5,561.9,17912,3.9353037136606874e-05,0.007515876463163894,3.173
2026-07-28T07:59:23.538595+00:00,1,BOTH,707.5,67.5,561.8,17837,-0.0067285671865101905,-1.2850616731908284,3.169
2026-07-28T07:59:23.571975+00:00,1,BOTH,708.0,68.0,561.9,17420,-1.312260850681923e-05,-0.0025062336121440434,3.177
2026-07-28T07:59:23.655388+00:00,1,BOTH,708.0,68.0,561.9,17511,-0.0007525691219598229,-0.1437301149338799,3.181
2026-07-28T07:59:23.672014+00:00,1,BOTH,708.0,68.0,561.9,17767,-0.009494492434896529,-1.8133144837948654,3.184
2026-07-28T07:59:23.805568+00:00,1,BOTH,708.0,68.0,561.9,17260,0.0007561149992397987,0.14440732760992636,3.185
2026-07-28T07:59:23.822239+00:00,1,BOTH,707.5,67.5,561.8,18053,0.0006172423981479369,0.11788461450136789,3.177
2026-07-28T07:59:23.922228+00:00,1,BOTH,708.0,68.0,561.9,17134,0.004419979267986492,0.8441538586364967,3.181
2026-07-28T07:59:23.972268+00:00,1,BOTH,708.0,68.0,561.9,17526,-3.8184807635843754e-05,-0.00729276106350922,3.184
2026-07-28T07:59:24.022304+00:00,1,BOTH,708.0,68.0,561.9,17575,0.002510041694622487,0.47938265167911176,3.185
2026-07-28T07:59:24.088862+00:00,1,BOTH,708.5,68.5,562.0,17000,1.6913367435336116e-05,0.0032302152379958824,3.195
2026-07-28T07:59:24.105538+00:00,1,BOTH,707.5,67.5,561.9,17880,0.01388231327116955,2.651326534388224,3.183
2026-07-28T07:59:24.189064+00:00,1,BOTH,707.5,67.5,561.8,17782,0.0022998250130331142,0.4392342228847233,3.175
2026-07-28T07:59:24.205529+00:00,1,BOTH,708.0,68.0,561.9,17308,-0.004693420687981415,-0.8963773230024077,3.18
2026-07-28T07:59:24.289011+00:00,1,BOTH,708.0,68.0,561.9,17544,0.009260840904898942,1.7686903286427451,3.183
2026-07-28T07:59:24.339043+00:00,1,BOTH,708.0,68.0,561.9,17318,0.010213022870084387,1.9505436884214076,3.185
2026-07-28T07:59:24.389077+00:00,1,BOTH,707.5,67.5,561.8,17859,0.010581209972733631,2.02086224526458,3.177
2026-07-28T07:59:24.472359+00:00,1,BOTH,708.0,68.0,561.9,17492,-3.823216538876294e-06,-0.0007301805728074196,3.181
2026-07-28T07:59:24.539023+00:00,1,BOTH,708.0,68.0,561.9,16989,-9.080396193894557e-07,-0.00017342279273893814,3.184
2026-07-28T07:59:24.605857+00:00,1,BOTH,708.0,68.0,561.9,17464,-2.147246254935453e-06,-0.00041009382661024487,3.185
2026-07-28T07:59:24.722430+00:00,1,BOTH,708.5,68.5,562.0,17081,4.042405795189552e-05,0.007720426371452893,3.195
2026-07-28T07:59:24.772485+00:00,1,BOTH,708.0,68.0,562.0,17643,4.042405795189552e-05,0.007720426371452893,3.192
2026-07-28T07:59:24.805765+00:00,1,BOTH,708.0,68.0,562.0,17746,-5.6783285108394916e-05,-0.010844808611996954,3.19
2026-07-28T07:59:24.939109+00:00,1,BOTH,708.5,68.5,562.1,16922,-3.72000370407477e-05,-0.0071046837338839194,3.199
2026-07-28T07:59:24.955837+00:00,1,BOTH,708.0,68.0,562.1,17676,6.395597301889211e-05,0.012214691095450281,3.194
2026-07-28T07:59:25.055759+00:00,1,BOTH,708.0,68.0,562.1,17739,-0.0013202640711097047,-0.25215186372448695,3.191
2026-07-28T07:59:25.139129+00:00,1,BOTH,708.0,68.0,562.1,17402,-0.005880404835479567,-1.123074596337668,3.19
2026-07-28T07:59:25.189259+00:00,1,BOTH,708.0,68.0,562.0,17115,-0.004747497759963153,-0.9067052829790034,3.189
2026-07-28T07:59:25.205930+00:00,1,BOTH,708.0,68.0,562.0,17426,0.003368621709814761,0.6433593558284297,3.188
2026-07-28T07:59:25.239275+00:00,1,BOTH,708.0,68.0,562.0,17517,-0.00183981473048334,-0.3513787304756481,3.188
2026-07-28T07:59:25.306006+00:00,1,BOTH,707.5,67.5,561.9,18142,2.6378935435786842e-05,0.005038005561728924,3.178
2026-07-28T07:59:25.425869+00:00,1,BOTH,708.0,68.0,561.9,17144,4.00991880451329e-05,0.007658380789625205,3.182
2026-07-28T07:59:25.489390+00:00,1,BOTH,708.0,68.0,562.0,17602,-0.0071095457233604975,-1.3578232140128015,3.184
2026-07-28T07:59:25.572756+00:00,1,BOTH,708.0,68.0,562.0,17633,0.008124072786886245,1.5515836104855552,3.186
2026-07-28T07:59:25.606216+00:00,1,BOTH,708.0,68.0,562.0,17525,-0.032924659249838444,-6.288146723073699,3.186
2026-07-28T07:59:25.639253+00:00,1,BOTH,709.0,69.0,562.0,16911,-0.02423595466185361,-4.62872638198208,3.206
2026-07-28T07:59:25.689404+00:00,1,BOTH,708.0,68.0,562.0,17253,0.04421955757774412,8.445313403801586,3.198
2026-07-28T07:59:25.772681+00:00,1,BOTH,708.0,68.0,562.0,17703,-0.010268997532111825,-1.9612340614008854,3.194
2026-07-28T07:59:25.822816+00:00,1,BOTH,708.0,68.0,562.0,17456,-0.0022392549247888384,-0.4276661881476167,3.191
2026-07-28T07:59:25.872839+00:00,1,BOTH,708.0,68.0,562.0,17319,0.00847956167999655,1.619476987948881,3.19
2026-07-28T07:59:25.922731+00:00,1,BOTH,708.0,68.0,562.0,17285,0.02368735286174342,4.523951156050103,3.189
2026-07-28T07:59:25.956276+00:00,1,BOTH,708.5,68.5,562.1,16990,0.006776553748932201,1.2942264315245695,3.198
2026-07-28T07:59:25.972718+00:00,1,BOTH,708.0,68.0,562.1,17209,0.002291408475721255,0.43762678266444355,3.194
2026-07-28T07:59:26.022872+00:00,1,BOTH,708.0,68.0,562.1,17748,0.0071511355764232575,1.365766290849686,3.191
2026-07-28T07:59:26.122928+00:00,1,BOTH,708.0,68.0,562.0,17554,-0.004532431088155136,-0.8656305742839215,3.19
2026-07-28T07:59:26.139644+00:00,1,BOTH,708.0,68.0,562.0,17480,-0.0019312747399089858,-0.36884630559003556,3.189
2026-07-28T07:59:26.256323+00:00,1,BOTH,708.0,68.0,562.0,17560,0.003084136419015522,0.5890266675072687,3.188
2026-07-28T07:59:26.322969+00:00,1,BOTH,708.0,68.0,562.0,17472,0.01654300610302016,3.1594814338740616,3.188
2026-07-28T07:59:26.339595+00:00,1,BOTH,708.5,68.5,562.1,17135,-0.012412933715386315,-2.3706957108909337,3.197
2026-07-28T07:59:26.456221+00:00,1,BOTH,707.5,67.5,562.0,17728,-0.005624621613533236,-1.0742235993783922,3.184
2026-07-28T07:59:26.506252+00:00,1,BOTH,708.0,68.0,562.0,17762,0.0011138235242106021,0.21272462353218324,3.185
2026-07-28T07:59:26.523099+00:00,1,BOTH,708.0,68.0,562.0,17208,-0.0031035757988865952,-0.5927393155838155,3.186
2026-07-28T07:59:26.589808+00:00,1,BOTH,707.5,67.5,561.9,17744,0.0009111891128122806,0.17402430167471175,3.177
2026-07-28T07:59:26.606247+00:00,1,BOTH,707.5,67.5,561.8,17840,-0.016568942109588532,-3.1644348462533656,3.172
2026-07-28T07:59:26.656423+00:00,1,BOTH,707.5,67.5,561.8,17900,-5.117448134114966e-05,-0.00977360599872952,3.169
2026-07-28T07:59:26.706407+00:00,1,BOTH,707.5,67.5,561.7,17770,-0.013256103591411375,-2.531729295253616,3.167
2026-07-28T07:59:26.739795+00:00,1,BOTH,708.0,68.0,561.8,17682,-0.003142678858421277,-0.6002074498417692,3.175
2026-07-28T07:59:26.806531+00:00,1,BOTH,708.0,68.0,561.8,17242,-0.002878195175435394,-0.5496947872245455,3.18
2026-07-28T07:59:26.823188+00:00,1,BOTH,707.5,67.5,561.7,17945,0.0020549177647626493,0.3924603838911891,3.174
2026-07-28T07:59:26.906480+00:00,1,BOTH,707.5,67.5,561.7,17925,0.004443627327782451,0.8486703053697683,3.17
2026-07-28T07:59:26.973169+00:00,1,BOTH,708.0,68.0,561.8,17453,-8.469584514386952e-05,-0.01617571489679104,3.177
2026-07-28T07:59:27.023201+00:00,1,BOTH,708.0,68.0,561.8,17376,7.659858092665673e-05,0.01462925134596239,3.181
2026-07-28T07:59:27.090192+00:00,1,BOTH,707.5,67.5,561.7,18126,-3.588153136661276e-05,-0.006852867699243975,3.174
2026-07-28T07:59:27.140044+00:00,1,BOTH,708.0,68.0,561.8,17615,-3.588153136661276e-05,-0.006852867699243975,3.18
2026-07-28T07:59:27.189900+00:00,1,BOTH,708.0,68.0,561.8,17582,-3.588153136661276e-05,-0.006852867699243975,3.183
2026-07-28T07:59:27.240647+00:00,1,BOTH,708.0,68.0,561.9,17761,-3.588153136661276e-05,-0.006852867699243975,3.185
2026-07-28T07:59:27.256552+00:00,1,BOTH,708.0,68.0,561.9,17540,-3.588153136661276e-05,-0.006852867699243975,3.186
2026-07-28T07:59:27.323387+00:00,1,BOTH,708.0,68.0,561.9,17608,1.1624961043708023e-05,0.0022202040160282208,3.186
2026-07-28T07:59:27.373346+00:00,1,BOTH,708.0,68.0,561.9,17358,-2.060963306576011e-06,-0.0003936149973271074,3.187
2026-07-28T07:59:27.423355+00:00,1,BOTH,708.0,68.0,561.9,17252,2.13656370760873e-06,0.0004080536103560116,3.187
2026-07-28T07:59:27.489877+00:00,1,BOTH,707.5,67.5,561.9,17864,-4.624889697879553e-06,-0.0008832888680067759,3.178
2026-07-28T07:59:27.556617+00:00,1,BOTH,707.5,67.5,561.8,17902,-9.514329722151164e-06,-0.0018171031265837962,3.172
2026-07-28T07:59:27.606798+00:00,1,BOTH,708.0,68.0,561.8,17566,-2.295573125593364e-05,-0.004384221722005154,3.178
2026-07-28T07:59:27.656675+00:00,1,BOTH,708.0,68.0,561.9,17516,6.081958708819002e-06,0.0011615685506272148,3.182
2026-07-28T07:59:27.706704+00:00,1,BOTH,708.0,68.0,561.9,17520,2.3313966812565924e-05,0.00445263967356032,3.184
2026-07-28T07:59:27.723412+00:00,1,BOTH,708.0,68.0,561.9,17409,-9.464729853789321e-05,-0.018076302495120027,3.186
2026-07-28T07:59:27.773447+00:00,1,BOTH,708.5,68.5,562.0,16686,4.267059091944247e-05,0.008149482563377695,3.196
2026-07-28T07:59:27.790205+00:00,1,BOTH,708.5,68.5,562.1,17055,-1.4317390741780398e-05,-0.0027344202104789862,3.202
2026-07-28T07:59:27.840147+00:00,1,BOTH,708.0,68.0,562.1,17155,5.115500825922937e-06,0.0009769886914035703,3.196
2026-07-28T07:59:27.890099+00:00,1,BOTH,707.5,67.5,562.0,17791,2.2755226091248914e-05,0.00434592805631512,3.183
2026-07-28T07:59:27.957543+00:00,1,BOTH,708.0,68.0,562.0,17358,2.2378859866876152e-05,0.00427404740228901,3.185
2026-07-28T07:59:28.007011+00:00,1,BOTH,708.0,68.0,562.0,17287,-3.117164087598212e-05,-0.00595334487563752,3.186
2026-07-28T07:59:28.073432+00:00,1,BOTH,708.0,68.0,562.0,17710,-7.85384327173233e-05,-0.014999735747582689,3.187
2026-07-28T07:59:28.140050+00:00,1,BOTH,708.0,68.0,562.0,17658,2.553850950789638e-05,0.004877496032857292,3.187
2026-07-28T07:59:28.207016+00:00,1,BOTH,708.0,68.0,562.0,17433,9.90304397419095e-05,0.018913420801786773,3.187
2026-07-28T07:59:28.256989+00:00,1,BOTH,708.5,68.5,562.1,16853,0.0,0.0,3.197
2026-07-28T07:59:28.323738+00:00,1,BOTH,708.0,68.0,562.1,17432,-0.01466087361193786,-2.800020606462528,3.193
2026-07-28T07:59:28.373705+00:00,1,BOTH,708.0,68.0,562.1,17198,-4.2204525670967995e-05,-0.008060470657660017,3.191
2026-07-28T07:59:28.423643+00:00,1,BOTH,708.0,68.0,562.0,17639,-6.426124891731889e-06,-0.001227299449734001,3.189
2026-07-28T07:59:28.490277+00:00,1,BOTH,708.0,68.0,562.0,17079,0.00856380716257263,1.6355666899310553,3.189
2026-07-28T07:59:28.540396+00:00,1,BOTH,708.0,68.0,562.0,17605,-6.373738870024681e-07,-0.00012172944565696554,3.188
2026-07-28T07:59:28.590308+00:00,1,BOTH,708.0,68.0,562.0,17740,-7.143303053453565e-05,-0.013642703891526773,3.188
2026-07-28T07:59:28.673685+00:00,1,BOTH,708.0,68.0,562.0,17143,1.929481095430674e-06,0.00036850374472818814,3.188
2026-07-28T07:59:28.707054+00:00,1,BOTH,708.5,68.5,562.1,16919,-4.2271911806892606e-05,-0.008073340461613933,3.197
2026-07-28T07:59:28.790539+00:00,1,BOTH,708.0,68.0,562.1,17154,-9.702463721623646e-06,-0.0018530340737594286,3.193
2026-07-28T07:59:28.840515+00:00,1,BOTH,708.0,68.0,562.1,17513,0.015458787861280143,2.952411002798068,3.191
2026-07-28T07:59:28.923783+00:00,1,BOTH,708.0,68.0,562.1,17268,-3.345365712448256e-06,-0.0006389177875035361,3.19
2026-07-28T07:59:28.940573+00:00,1,BOTH,708.0,68.0,562.0,17130,1.6161832463694735e-05,0.003086682631224099,3.189
2026-07-28T07:59:28.990533+00:00,1,BOTH,708.0,68.0,562.0,17602,5.4674455896019936e-06,0.0010442051900053674,3.188
2026-07-28T07:59:29.073797+00:00,1,BOTH,708.0,68.0,562.0,17205,4.678088065702468e-05,0.008934490078509012,3.188
2026-07-28T07:59:29.090570+00:00,1,BOTH,708.0,68.0,562.0,17412,2.0020524971187115e-05,0.003823638614950986,3.188
2026-07-28T07:59:29.173844+00:00,1,BOTH,708.0,68.0,562.0,17330,-2.2811899707448902e-05,-0.004356751919708465,3.188
2026-07-28T07:59:29.223839+00:00,1,BOTH,708.0,68.0,562.0,17157,1.2745995409204625e-05,0.0024343058088018257,3.188
2026-07-28T07:59:29.273844+00:00,1,BOTH,708.0,68.0,562.0,17556,-3.633904489106499e-06,-0.0006940246345981534,3.188
2026-07-28T07:59:29.323883+00:00,1,BOTH,708.0,68.0,562.0,17382,-1.4888745163261774e-05,-0.0028435408670023916,3.188
2026-07-28T07:59:29.373890+00:00,1,BOTH,708.0,68.0,562.0,17345,9.21967002796009e-06,0.0017608272703512496,3.188
2026-07-28T07:59:29.440632+00:00,1,BOTH,708.0,68.0,562.0,17605,5.290419707307592e-05,0.010103957369385375,3.188
2026-07-28T07:59:29.490666+00:00,1,BOTH,708.5,68.5,562.1,16949,3.774396318476647e-06,0.0007208565975280921,3.197
2026-07-28T07:59:29.507276+00:00,1,BOTH,708.0,68.0,562.1,17490,4.9077789299190044e-06,0.0009373167315586347,3.193
2026-07-28T07:59:29.574063+00:00,1,BOTH,708.0,68.0,562.1,17227,-0.004100604002596811,-0.7831576760108324,3.191
2026-07-28T07:59:29.640706+00:00,1,BOTH,708.0,68.0,562.1,17488,0.009696350437006913,1.8518665224010917,3.19
2026-07-28T07:59:29.674090+00:00,1,BOTH,708.0,68.0,562.0,17505,-2.1795910288346932e-05,-0.004162712233893495,3.189
2026-07-28T07:59:29.740695+00:00,1,BOTH,708.0,68.0,562.0,17575,7.172725978307426e-05,0.013698897538695331,3.188
2026-07-28T07:59:29.774888+00:00,1,BOTH,708.0,68.0,562.0,17286,-6.634779187152162e-05,-0.012671494847501928,3.188
2026-07-28T07:59:29.840978+00:00,1,BOTH,708.0,68.0,562.0,17323,-0.0033628254091308918,-0.642252343941848,3.188
2026-07-28T07:59:29.890738+00:00,1,BOTH,707.5,67.5,561.9,17870,-0.0075737440589000475,-1.446478565624181,3.178
2026-07-28T07:59:29.940789+00:00,1,BOTH,708.0,68.0,561.9,17423,9.639188647270203e-07,0.00018409494247299994,3.182
2026-07-28T07:59:29.990889+00:00,1,BOTH,708.0,68.0,561.9,17330,0.005816575689823367,1.1108841274842478,3.184
2026-07-28T07:59:30.057691+00:00,1,BOTH,708.0,68.0,562.0,17263,0.00035075788327958434,0.0669898211428751,3.186
2026-07-28T07:59:30.074037+00:00,1,BOTH,708.0,68.0,562.0,17427,3.509059053612872e-05,0.006701809127806282,3.186
2026-07-28T07:59:30.140966+00:00,1,BOTH,708.0,68.0,562.0,17696,-4.2624939233064645e-05,-0.00814076373352068,3.187
2026-07-28T07:59:30.174379+00:00,1,BOTH,707.5,67.5,562.1,17570,-3.757691054488532e-05,-0.007176661271208558,3.178
2026-07-28T07:59:30.257572+00:00,1,BOTH,708.0,68.0,562.1,17421,-1.3050294946879144e-05,-0.0024924227395235993,3.182
2026-07-28T07:59:30.307627+00:00,1,BOTH,707.5,67.5,562.0,18166,5.7056107325479386e-05,0.010896913817318093,3.175
2026-07-28T07:59:30.324146+00:00,1,BOTH,708.0,68.0,562.0,17505,1.5852414071559907e-05,0.0030275880713139334,3.18
2026-07-28T07:59:30.357869+00:00,1,BOTH,707.5,67.5,561.9,17772,-1.479159342125058e-05,-0.002824986251037107,3.173
2026-07-28T07:59:30.440888+00:00,1,BOTH,707.5,67.5,561.8,17797,-0.012867494756937959,-2.4575104749308667,3.17
2026-07-28T07:59:30.540962+00:00,1,BOTH,708.0,68.0,561.8,17540,9.57616014056839e-05,0.01828911866653246,3.177
2026-07-28T07:59:30.557838+00:00,1,BOTH,708.0,68.0,561.9,17355,-1.5763903356855734e-05,-0.003010683769999815,3.181
2026-07-28T07:59:30.640860+00:00,1,BOTH,708.0,68.0,561.9,17765,-0.00012114381068386137,-0.023136763554390358,3.184
2026-07-28T07:59:30.707770+00:00,1,BOTH,707.5,67.5,561.8,17879,1.3433231797534971e-05,0.002565558290732301,3.176
2026-07-28T07:59:30.724476+00:00,1,BOTH,707.5,67.5,561.8,17648,3.251027839723974e-05,0.006209005809857239,3.171
2026-07-28T07:59:30.824383+00:00,1,BOTH,707.5,67.5,561.7,17808,2.2097492474131284e-05,0.00422031018863274,3.168
2026-07-28T07:59:30.859306+00:00,1,BOTH,708.5,68.5,561.9,17003,-6.980812177062035e-06,-0.0013332369177306218,3.185
2026-07-28T07:59:30.924405+00:00,1,BOTH,708.0,68.0,561.9,17369,-5.353736341930929e-06,-0.0010224883233948346,3.186
2026-07-28T07:59:30.974448+00:00,1,BOTH,708.0,68.0,561.9,17246,0.001828475728398189,0.34921314059775077,3.187
2026-07-28T07:59:31.024478+00:00,1,BOTH,708.0,68.0,561.9,17145,0.00279192243819125,0.5332179081207769,3.187
2026-07-28T07:59:31.091072+00:00,1,BOTH,708.0,68.0,561.9,17701,2.0611825020750986e-05,0.003936568605837273,3.187
2026-07-28T07:59:31.141168+00:00,1,BOTH,708.0,68.0,562.0,17069,6.2338344287127235e-06,0.0011905746764952858,3.187
2026-07-28T07:59:31.207803+00:00,1,BOTH,708.0,68.0,562.0,17299,4.11996734328568e-05,0.007868558016733196,3.187
2026-07-28T07:59:31.257845+00:00,1,BOTH,708.0,68.0,562.0,17670,4.11996734328568e-05,0.007868558016733196,3.187
2026-07-28T07:59:31.307903+00:00,1,BOTH,708.0,68.0,562.0,17808,4.11996734328568e-05,0.007868558016733196,3.187
2026-07-28T07:59:31.358061+00:00,1,BOTH,707.5,67.5,561.9,17921,7.023685611784458e-05,0.013414251406067034,3.178
2026-07-28T07:59:31.374476+00:00,1,BOTH,707.5,67.5,561.8,17775,0.006071304752258584,1.1595337948071225,3.172
2026-07-28T07:59:31.441285+00:00,1,BOTH,708.0,68.0,561.8,17343,-4.099655023310333e-05,-0.007829764343176306,3.178
2026-07-28T07:59:31.507931+00:00,1,BOTH,708.0,68.0,561.9,17481,1.428292627679184e-05,0.0027278379825222505,3.182
2026-07-28T07:59:31.574590+00:00,1,BOTH,708.0,68.0,561.9,17646,-1.0552979802014306e-05,-0.0020154706798074093,3.184
2026-07-28T07:59:31.591443+00:00,1,BOTH,707.5,67.5,561.8,17856,-6.2083604279905596e-06,-0.0011857095007329751,3.176
2026-07-28T07:59:31.707996+00:00,1,BOTH,708.0,68.0,561.9,17075,4.990108864149078e-05,0.009530405907552109,3.181
2026-07-28T07:59:31.758021+00:00,1,BOTH,707.5,67.5,561.8,17853,5.237867881078272e-06,0.0010003590774430547,3.174
2026-07-28T07:59:31.791452+00:00,1,BOTH,708.0,68.0,561.8,17164,7.166352937929333e-05,0.01368672592815096,3.179
2026-07-28T07:59:31.874858+00:00,1,BOTH,707.5,67.5,561.8,18163,-3.037296689399227e-05,-0.0058008093810544325,3.173
2026-07-28T07:59:31.891330+00:00,1,BOTH,708.0,68.0,561.8,17381,6.509682687465101e-05,0.012432578132037655,3.179
2026-07-28T07:59:31.974824+00:00,1,BOTH,708.0,68.0,561.8,17367,-4.466030368348584e-05,-0.008529489709454342,3.182
2026-07-28T07:59:32.024830+00:00,1,BOTH,708.0,68.0,561.9,17124,0.003390752294799313,0.6475859862209978,3.184
2026-07-28T07:59:32.058089+00:00,1,BOTH,708.0,68.0,561.9,17694,-4.290264652809128e-05,-0.008193801920004084,3.186
2026-07-28T07:59:32.124892+00:00,1,BOTH,708.5,68.5,562.0,16898,5.486284440848976e-05,0.010478031455631236,3.196
2026-07-28T07:59:32.174975+00:00,1,BOTH,708.0,68.0,562.0,17512,-2.692937850952148e-05,-0.005143132445019601,3.192
2026-07-28T07:59:32.241633+00:00,1,BOTH,708.5,68.5,562.1,16710,-1.7560909182066098e-05,-0.0033538866018164065,3.2
2026-07-28T07:59:32.291623+00:00,1,BOTH,708.0,68.0,562.1,17045,-4.879839078057557e-05,-0.00931980612919029,3.195
2026-07-28T07:59:32.358243+00:00,1,BOTH,708.0,68.0,562.1,17410,1.8414866644889252e-07,3.5169804634946286e-05,3.192
2026-07-28T07:59:32.374939+00:00,1,BOTH,708.0,68.0,562.1,17122,-1.9155187328578904e-05,-0.0036583712990334843,3.19
2026-07-28T07:59:32.441564+00:00,1,BOTH,708.0,68.0,562.0,17231,1.3489625416696072e-06,0.0002576328678630298,3.189
2026-07-28T07:59:32.508188+00:00,1,BOTH,707.5,67.5,561.9,18108,-7.414491847157478e-06,-0.0014160636335876046,3.179
2026-07-28T07:59:32.574970+00:00,1,BOTH,708.0,68.0,561.9,17117,-3.523658844642341e-05,-0.006729692674731665,3.182
2026-07-28T07:59:32.624988+00:00,1,BOTH,708.5,68.5,562.1,17035,6.744391517713667e-05,0.012880838978294163,3.194
2026-07-28T07:59:32.674844+00:00,1,BOTH,708.0,68.0,562.0,17103,3.3332881866954264e-06,0.0006366111499948771,3.191
2026-07-28T07:59:32.724976+00:00,1,BOTH,708.0,68.0,562.0,17228,3.3237122988793995e-05,0.006347822901383801,3.19
2026-07-28T07:59:32.775008+00:00,1,BOTH,707.5,67.5,561.9,17836,1.6188580775633465e-06,0.0003091791182501394,3.179
2026-07-28T07:59:32.791688+00:00,1,BOTH,708.0,68.0,561.9,17317,-0.001226033062703209,-0.23415506678797368,3.183
2026-07-28T07:59:32.825074+00:00,1,BOTH,707.5,67.5,562.1,17376,0.0,0.0,3.175
2026-07-28T07:59:32.875078+00:00,1,BOTH,708.0,68.0,562.0,17508,0.017018657710286787,3.2503241992573675,3.18
2026-07-28T07:59:32.941846+00:00,1,BOTH,708.0,68.0,562.0,17605,1.6351285303244368e-05,0.0031228654583006425,3.183
2026-07-28T07:59:33.008457+00:00,1,BOTH,708.0,68.0,562.0,17222,0.010137979631545023,1.936211485590411,3.185
2026-07-28T07:59:33.058561+00:00,1,BOTH,708.0,68.0,562.0,17188,5.5595021549379454e-05,0.010617866989061019,3.186
2026-07-28T07:59:33.091725+00:00,1,BOTH,708.0,68.0,562.0,17293,0.01682443438156042,3.2132302758606914,3.187
2026-07-28T07:59:33.158518+00:00,1,BOTH,708.0,68.0,562.0,17466,7.345044810790568e-05,0.014028002266425529,3.187
2026-07-28T07:59:33.225124+00:00,1,BOTH,708.0,68.0,562.0,17202,9.124769421759991e-06,0.0017427025896562538,3.187
2026-07-28T07:59:33.291871+00:00,1,BOTH,707.5,67.5,561.9,18106,6.513560278108344e-05,0.012439983784655561,3.178
2026-07-28T07:59:33.325258+00:00,1,BOTH,708.0,68.0,561.9,17141,-8.35351157002151e-05,-0.01595403190253115,3.182
2026-07-28T07:59:33.341790+00:00,1,BOTH,708.0,68.0,561.9,17188,-0.0059141124138841405,-1.1295122696049624,3.184
2026-07-28T07:59:33.458443+00:00,1,BOTH,708.0,68.0,562.0,17252,4.577751358738169e-05,0.008742861083865837,3.185
2026-07-28T07:59:33.508513+00:00,1,BOTH,708.5,68.5,562.1,16712,0.0024856815056409688,0.4747301982898382,3.196
2026-07-28T07:59:33.591961+00:00,1,BOTH,708.0,68.0,562.1,17603,1.6570848820265383e-05,0.0031647990011684857,3.192
2026-07-28T07:59:33.626320+00:00,1,BOTH,707.5,67.5,561.9,17960,-1.9555154722183943e-05,-0.003734759444354873,3.181
2026-07-28T07:59:33.708578+00:00,1,BOTH,708.0,68.0,562.0,17412,1.099849585443735e-05,0.0021005579781713077,3.184
2026-07-28T07:59:33.758706+00:00,1,BOTH,707.5,67.5,561.9,17850,-2.9436091863317413e-05,-0.005621879430424904,3.176
2026-07-28T07:59:33.825301+00:00,1,BOTH,707.5,67.5,561.8,17975,2.3492189648095518e-05,0.004486677727855986,3.171
2026-07-28T07:59:33.875384+00:00,1,BOTH,708.0,68.0,561.8,17658,2.1751859458163366e-06,0.0004154299145048275,3.178
2026-07-28T07:59:33.925397+00:00,1,BOTH,707.5,67.5,561.8,17827,3.137032996164635e-05,0.005991291695783765,3.172
2026-07-28T07:59:33.942039+00:00,1,BOTH,708.0,68.0,561.8,17629,-2.4533122486900536e-05,-0.004685481255922983,3.178
2026-07-28T07:59:34.042094+00:00,1,BOTH,707.5,67.5,561.7,17935,-1.1830810108222067e-05,-0.002259518291406124,3.173
2026-07-28T07:59:34.092088+00:00,1,BOTH,707.5,67.5,561.7,17852,0.010426909230882303,1.9913929743185175,3.169
2026-07-28T07:59:34.142157+00:00,1,BOTH,708.0,68.0,561.8,17611,0.05336123237153515,10.191244681686097,3.177
2026-07-28T07:59:34.175517+00:00,1,BOTH,707.5,67.5,561.9,17256,-0.006563174080220051,-1.2534739166875497,3.172
2026-07-28T07:59:34.260366+00:00,1,BOTH,708.0,68.0,561.9,17356,0.011427835202775896,2.1825557536336273,3.178
2026-07-28T07:59:34.342211+00:00,1,BOTH,708.5,68.5,562.0,17060,0.02889220537384972,5.518004762489285,3.191
2026-07-28T07:59:34.392091+00:00,1,BOTH,708.0,68.0,562.0,17639,0.018366606430122376,3.507763441412839,3.19
2026-07-28T07:59:34.475595+00:00,1,BOTH,707.5,67.5,562.1,17233,0.000159514193655923,0.030464966896389598,3.179
2026-07-28T07:59:34.542116+00:00,1,BOTH,708.0,68.0,562.1,17386,0.0020462136634159835,0.3907980229857954,3.183
2026-07-28T07:59:34.592248+00:00,1,BOTH,707.5,67.5,562.0,18307,-0.001612619156949222,-0.3079875721837844,3.175
2026-07-28T07:59:34.658913+00:00,1,BOTH,708.0,68.0,562.0,17728,0.009822331458562985,1.8759271251807903,3.18
2026-07-28T07:59:34.692542+00:00,1,BOTH,708.0,68.0,562.0,17180,-0.014418559490977714,-2.753742018304399,3.183
2026-07-28T07:59:34.725619+00:00,1,BOTH,708.0,68.0,562.0,17161,-4.0095183067023754e-05,-0.0076576158951495495,3.185
2026-07-28T07:59:34.792310+00:00,1,BOTH,708.0,68.0,562.0,17410,0.002693518572486937,0.5144241541453459,3.186
2026-07-28T07:59:34.842315+00:00,1,BOTH,708.0,68.0,562.0,17836,-0.041256296993233264,-7.879372320168447,3.187
2026-07-28T07:59:34.858950+00:00,1,BOTH,708.5,68.5,561.9,17233,0.003840154734207317,0.7334155298242057,3.196
2026-07-28T07:59:34.942341+00:00,1,BOTH,708.0,68.0,561.9,17217,-0.03429641398601234,-6.550132579439853,3.193
2026-07-28T07:59:34.992301+00:00,1,BOTH,707.5,67.5,562.0,17518,-0.01011913449736312,-1.9326123300804747,3.181
2026-07-28T07:59:35.057244+00:00,1,BOTH,708.0,68.0,562.0,17385,-0.053058383720926944,-10.133404849982488,3.184
2026-07-28T07:59:35.105985+00:00,1,BOTH,707.0,67.0,562.0,17693,0.04422846734756604,8.44701504449235,3.167
2026-07-28T07:59:35.170750+00:00,1,BOTH,707.0,67.0,562.0,17747,-0.02323851789406035,-4.438229991563,3.156
2026-07-28T07:59:35.235773+00:00,1,BOTH,708.0,68.0,562.0,17406,8.56569386087358e-05,0.016359270227639184,3.169
2026-07-28T07:59:35.268179+00:00,1,BOTH,708.0,68.0,562.0,17480,0.018052199389785528,3.4477161198778363,3.176
2026-07-28T07:59:35.333283+00:00,1,BOTH,708.0,68.0,562.0,17642,0.01025151766370982,1.9578956524479556,3.181
2026-07-28T07:59:35.349559+00:00,1,BOTH,708.0,68.0,562.0,17578,-0.016385995433665812,-3.129494604898967,3.183
2026-07-28T07:59:35.365754+00:00,1,BOTH,708.0,68.0,562.0,17351,0.012230192959541454,2.335794797374463,3.185
2026-07-28T07:59:35.463242+00:00,1,BOTH,708.0,68.0,562.0,17619,-0.007045864455867559,-1.3456609878081713,3.186
2026-07-28T07:59:35.528122+00:00,1,BOTH,708.0,68.0,562.0,17610,-0.02256294953171164,-4.309205938445848,3.187
2026-07-28T07:59:35.576832+00:00,1,BOTH,708.0,68.0,562.0,17245,0.01729216555133462,3.302560349109953,3.187
2026-07-28T07:59:35.625546+00:00,1,BOTH,708.0,68.0,562.0,17251,-0.031942685334361155,-6.1006035199110835,3.187
2026-07-28T07:59:35.658434+00:00,1,BOTH,707.5,67.5,561.9,17871,0.0014250948571134358,0.27217306906132993,3.178
2026-07-28T07:59:35.723180+00:00,1,BOTH,707.5,67.5,561.8,17892,-0.036214076117612425,-6.9163790683490065,3.172
2026-07-28T07:59:35.755521+00:00,1,BOTH,708.0,68.0,561.9,17508,0.009734360408037901,1.8591258921327254,3.178
2026-07-28T07:59:35.804124+00:00,1,BOTH,707.5,67.5,562.0,17059,-0.02066479410770057,-3.9466849562601825,3.173
2026-07-28T07:59:35.853264+00:00,1,BOTH,708.0,68.0,562.0,17604,0.01308580262120813,2.4992042057881863,3.179
2026-07-28T07:59:35.869345+00:00,1,BOTH,707.5,67.5,561.9,17813,0.0001377059519290924,0.02629989953122797,3.173
2026-07-28T07:59:35.966746+00:00,1,BOTH,708.0,68.0,561.9,17411,-0.03821898556430824,-7.2992885670209375,3.179
2026-07-28T07:59:36.031797+00:00,1,BOTH,707.5,67.5,561.8,17872,-0.0010440597648266703,-0.1994007269466316,3.173
2026-07-28T07:59:36.096949+00:00,1,BOTH,708.0,68.0,561.9,17590,-0.004161118246120168,-0.7947150451918832,3.179
2026-07-28T07:59:36.145809+00:00,1,BOTH,707.5,67.5,561.8,17831,-0.011609364269534126,-2.2172252515809445,3.173
2026-07-28T07:59:36.194753+00:00,1,BOTH,708.0,68.0,561.8,17043,0.0008117212797515094,0.15502734490239833,3.179
2026-07-28T07:59:36.243657+00:00,1,BOTH,708.0,68.0,561.9,17626,0.0007451314246281982,0.14230961937922054,3.182
2026-07-28T07:59:36.276179+00:00,1,BOTH,708.0,68.0,561.9,17352,0.002639835137524642,0.5041713733016642,3.184
2026-07-28T07:59:36.308868+00:00,1,BOTH,708.0,68.0,561.9,17315,0.009679848649539054,1.8487149131466578,3.186
2026-07-28T07:59:36.390299+00:00,1,BOTH,708.0,68.0,561.9,17620,0.007461856835288927,1.4251096799763354,3.186
2026-07-28T07:59:36.455492+00:00,1,BOTH,708.0,68.0,561.9,17252,0.00011295436997897922,0.021572695591182398,3.187
2026-07-28T07:59:36.520616+00:00,1,BOTH,708.5,68.5,562.1,16919,0.0055108524695970116,1.0524952934238518,3.196
2026-07-28T07:59:36.537071+00:00,1,BOTH,708.0,68.0,562.0,17099,0.013487128531560302,2.5758518086962696,3.193
2026-07-28T07:59:36.634720+00:00,1,BOTH,708.0,68.0,562.0,17577,-0.004665140869328752,-0.8909762754884313,3.191
2026-07-28T07:59:36.667219+00:00,1,BOTH,708.0,68.0,562.0,17132,0.005806522206403315,1.1089640535863354,3.189
2026-07-28T07:59:36.699871+00:00,1,BOTH,708.0,68.0,562.0,17299,-0.01334985781868454,-2.5496350337011586,3.189
2026-07-28T07:59:36.748727+00:00,1,BOTH,708.0,68.0,562.0,17431,0.0017986162507440894,0.34351040043760045,3.188
2026-07-28T07:59:36.846517+00:00,1,BOTH,708.0,68.0,562.0,17446,-0.01015074972063303,-1.9386503929529066,3.188
2026-07-28T07:59:36.862687+00:00,1,BOTH,708.0,68.0,562.0,17299,0.002790345058310777,0.5329166507546437,3.188
2026-07-28T07:59:36.960511+00:00,1,BOTH,708.0,68.0,562.0,17187,0.012696234378963708,2.424802152078401,3.188
2026-07-28T07:59:37.009580+00:00,1,BOTH,708.0,68.0,562.0,17114,-0.01573893630877137,-3.005915415059367,3.188
2026-07-28T07:59:37.074855+00:00,1,BOTH,708.5,68.5,562.1,16883,0.00625033418298699,1.1937258974383471,3.197
2026-07-28T07:59:37.124711+00:00,1,BOTH,708.0,68.0,562.1,17252,0.004960090317763388,0.9473074707051516,3.193
2026-07-28T07:59:37.189132+00:00,1,BOTH,707.5,67.5,562.0,17959,-0.008024841052247211,-1.5326317451902927,3.182
2026-07-28T07:59:37.238095+00:00,1,BOTH,707.5,67.5,561.9,17688,-0.028124642424518242,-5.371411037464927,3.175
2026-07-28T07:59:37.287107+00:00,1,BOTH,708.0,68.0,561.9,17376,-0.019169571672100573,-3.6611185062830107,3.18
2026-07-28T07:59:37.336665+00:00,1,BOTH,708.0,68.0,561.9,17208,0.0008272023143945262,0.15798400472753393,3.183
2026-07-28T07:59:37.417813+00:00,1,BOTH,708.5,68.5,562.0,16905,-0.004876303053461015,-0.9313052819669081,3.194
2026-07-28T07:59:37.483269+00:00,1,BOTH,708.0,68.0,562.0,17681,-0.003396248256613035,-0.6486356376086356,3.191
2026-07-28T07:59:37.532180+00:00,1,BOTH,707.5,67.5,561.9,17927,0.007805144087178632,1.4906727156227504,3.18
2026-07-28T07:59:37.614070+00:00,1,BOTH,708.0,68.0,561.9,17425,-0.0011243450548499823,-0.21473408786436346,3.183
2026-07-28T07:59:37.663045+00:00,1,BOTH,708.0,68.0,562.0,17174,2.0630911749321967e-05,0.003940213902476703,3.185
2026-07-28T07:59:37.728370+00:00,1,BOTH,708.0,68.0,562.0,17094,-6.688462919555604e-05,-0.012774023224009492,3.186
2026-07-28T07:59:37.777385+00:00,1,BOTH,708.0,68.0,562.0,17276,-2.1824697760166598e-05,-0.004168210236020557,3.187
2026-07-28T07:59:37.842801+00:00,1,BOTH,708.0,68.0,562.0,17061,-3.258202923461795e-05,-0.006222709210384908,3.187
2026-07-28T07:59:37.891930+00:00,1,BOTH,708.0,68.0,562.0,17013,-6.115502168540843e-05,-0.011679748795349764,3.187
2026-07-28T07:59:37.973578+00:00,1,BOTH,707.5,67.5,562.1,17247,0.0035111433186102658,0.6705789780730865,3.178
2026-07-28T07:59:38.038986+00:00,1,BOTH,708.0,68.0,562.1,17656,4.571185239910847e-05,0.008730320720646273,3.182
2026-07-28T07:59:38.055340+00:00,1,BOTH,708.0,68.0,562.1,17179,0.00042678683064877986,0.08151028049313232,3.184
2026-07-28T07:59:38.088148+00:00,1,BOTH,708.5,68.5,562.1,17021,1.400119872414507e-05,0.0026740319833915517,3.195
2026-07-28T07:59:38.202845+00:00,1,BOTH,708.0,68.0,562.1,17555,5.553185648750514e-05,0.010605803350867415,3.192
2026-07-28T07:59:38.235473+00:00,1,BOTH,708.0,68.0,562.1,17491,-0.012701299268519506,-2.4257694747292247,3.19
2026-07-28T07:59:38.301020+00:00,1,BOTH,707.5,67.5,562.0,17981,-1.4395507896551863e-05,-0.00274933948806557,3.18
2026-07-28T07:59:38.366640+00:00,1,BOTH,708.0,68.0,562.0,17139,0.013279770360095427,2.5362493151213115,3.183
2026-07-28T07:59:38.415750+00:00,1,BOTH,708.0,68.0,562.0,17623,-0.005536767613084521,-1.0574447212482194,3.185
2026-07-28T07:59:38.514051+00:00,1,BOTH,708.0,68.0,562.0,17069,0.002180001137894578,0.4163495484502544,3.186
2026-07-28T07:59:38.530394+00:00,1,BOTH,708.0,68.0,562.0,17224,-3.800931175646838e-05,-0.0072592438194754,3.186
2026-07-28T07:59:38.628719+00:00,1,BOTH,708.0,68.0,562.0,17589,5.421119421953335e-06,0.001035357543714422,3.187
2026-07-28T07:59:38.694114+00:00,1,BOTH,706.0,66.0,561.6,19649,-0.019088462146355595,-3.645627727938028,3.15
2026-07-28T07:59:38.728090+00:00,1,BOTH,708.5,68.5,561.8,15553,-0.019128066414268688,-3.6531915859451134,3.174
2026-07-28T07:59:38.743451+00:00,1,BOTH,708.0,68.0,561.8,15742,-2.6251322706229984e-05,-0.0050136333256764155,3.179
2026-07-28T07:59:38.841617+00:00,1,LEFT,707.82,67.82,561.8,11633,1.4682299952255562e-05,0.002804112736031246,3.179
2026-07-28T07:59:38.857869+00:00,1,LEFT,706.82,66.82,561.8,11753,-0.017612758271352506,-3.3637890484421002,3.16
2026-07-28T07:59:38.940175+00:00,1,LEFT,706.82,66.82,561.8,11540,0.10233590365387499,19.54471790674819,3.149
2026-07-28T07:59:39.005863+00:00,1,LEFT,705.82,65.82,561.8,11654,-4.139427579502808e-05,-0.007905724330185498,3.124
2026-07-28T07:59:39.071020+00:00,1,LEFT,705.82,65.82,561.8,11861,0.09433114359271713,18.015921348350766,3.108
2026-07-28T07:59:39.120282+00:00,1,LEFT,705.82,65.82,561.8,12231,-0.08273526711389423,-15.801272075045516,3.099
2026-07-28T07:59:39.169505+00:00,1,LEFT,704.82,64.82,561.8,12202,0.23938604263588786,45.71936639125052,3.075
2026-07-28T07:59:39.235235+00:00,1,LEFT,707.82,67.82,561.8,3008,-0.39993561878800393,-76.38207677835206,3.117
2026-07-28T07:59:39.251648+00:00,1,NONE,0.0,0.0,561.8,0,-0.0025656430423259737,-0.4900017268746091,3.142
2026-07-28T07:59:39.333701+00:00,1,NONE,0.0,0.0,561.8,0,0.09222657482139766,17.61397832071197,3.157
2026-07-28T07:59:39.382906+00:00,1,NONE,0.0,0.0,561.8,0,-2.18581744432915,-417.4603811537736,3.166
2026-07-28T07:59:39.399652+00:00,0,NONE,0.0,0.0,561.8,0,0.0,0.0,1.899
2026-07-28T07:59:39.464937+00:00,0,NONE,0.0,0.0,561.8,0,0.0,0.0,1.14
2026-07-28T07:59:39.579763+00:00,0,NONE,0.0,0.0,561.8,0,0.0,0.0,0.684
2026-07-28T07:59:39.613164+00:00,0,NONE,0.0,0.0,561.8,0,0.0,0.0,0.41
2026-07-28T07:59:39.694803+00:00,0,NONE,0.0,0.0,561.8,0,0.0,0.0,0.246
2026-07-28T07:59:39.743890+00:00,0,NONE,0.0,0.0,561.8,0,0.0,0.0,0.148
2026-07-28T07:59:39.826194+00:00,1,LEFT,706.82,66.82,561.8,11397,0.006089582471959148,1.1630245821336738,1.341
2026-07-28T07:59:39.875358+00:00,1,BOTH,707.0,67.0,561.9,17853,-0.010949838343076407,-2.091265078029335,2.061
2026-07-28T07:59:39.957487+00:00,1,BOTH,707.5,67.5,562.0,17296,0.002103154820506461,0.4016729829253814,2.502
2026-07-28T07:59:40.006733+00:00,1,BOTH,707.5,67.5,562.1,17485,0.01578658309939783,3.0150152817601663,2.767
2026-07-28T07:59:40.072488+00:00,1,BOTH,707.0,67.0,562.1,17680,-0.01558585905469954,-2.9766798130668084,2.916
2026-07-28T07:59:40.121815+00:00,1,BOTH,707.0,67.0,562.1,17816,0.006274528738576919,1.1983467171800057,3.006
2026-07-28T07:59:40.138230+00:00,1,BOTH,707.5,67.5,562.1,17557,-3.343666772707365e-05,-0.006385933139142024,3.069
2026-07-28T07:59:40.236894+00:00,1,BOTH,707.0,67.0,562.1,18003,3.120369030511938e-05,0.005959465865722082,3.098
2026-07-28T07:59:40.269795+00:00,1,BOTH,707.0,67.0,562.1,17908,3.120369030511938e-05,0.005959465865722082,3.115
2026-07-28T07:59:40.351900+00:00,1,BOTH,707.5,67.5,562.2,17184,3.120369030511938e-05,0.005959465865722082,3.135
2026-07-28T07:59:40.401917+00:00,1,BOTH,707.0,67.0,562.1,17873,3.120369030511938e-05,0.005959465865722082,3.137
2026-07-28T07:59:40.467143+00:00,1,BOTH,707.5,67.5,562.2,17471,-4.944335902109742e-05,-0.009442985989529891,3.148
2026-07-28T07:59:40.533052+00:00,1,BOTH,707.0,67.0,562.2,18201,-0.001318175117485225,-0.25175290297021613,3.145
2026-07-28T07:59:40.582319+00:00,1,BOTH,707.0,67.0,562.1,17893,0.0,0.0,3.143
2026-07-28T07:59:40.598595+00:00,1,BOTH,707.0,67.0,562.1,17666,0.008542371493531391,1.631472778707381,3.142
2026-07-28T07:59:40.697439+00:00,1,BOTH,707.5,67.5,562.2,17205,0.004592313327957526,0.8770672396454791,3.151
2026-07-28T07:59:40.730369+00:00,1,BOTH,707.5,67.5,562.2,17667,0.001219140951288864,0.23283877046805396,3.156
2026-07-28T07:59:40.746689+00:00,1,BOTH,707.0,67.0,562.2,17920,9.404577867826446e-06,0.0017961420664286598,3.15
2026-07-28T07:59:40.828943+00:00,1,BOTH,707.0,67.0,562.2,18113,9.86606755759567e-05,0.018842801048039207,3.146
2026-07-28T07:59:40.894731+00:00,1,BOTH,707.5,67.5,562.2,17460,1.7257830040762198e-05,0.0032960027496325315,3.153
2026-07-28T07:59:40.911374+00:00,1,BOTH,707.0,67.0,562.2,18146,3.0941195727791634e-05,0.0059093330943022476,3.148
2026-07-28T07:59:40.944097+00:00,1,BOTH,707.5,67.5,562.2,17389,0.023806452981662004,4.546697603419558,3.155
2026-07-28T07:59:40.993298+00:00,1,BOTH,707.0,67.0,562.2,17738,6.0905531281605366e-05,0.011632099638126664,3.149
2026-07-28T07:59:41.059391+00:00,1,BOTH,707.5,67.5,562.3,17677,-7.826136410585605e-05,-0.014946819540673943,3.155
2026-07-28T07:59:41.125194+00:00,1,BOTH,708.0,68.0,562.4,16972,1.2069116346538065e-05,0.0023050314303632753,3.168
2026-07-28T07:59:41.174655+00:00,1,BOTH,707.5,67.5,562.4,17663,-2.2635067552982945e-05,-0.004322979465931449,3.166
2026-07-28T07:59:41.240467+00:00,1,BOTH,707.5,67.5,562.4,17583,1.103058413718827e-05,0.0021066863887494753,3.165
2026-07-28T07:59:41.289811+00:00,1,BOTH,707.5,67.5,562.5,17379,3.360719798365608e-05,0.006418502019080212,3.165
2026-07-28T07:59:41.339132+00:00,1,BOTH,707.0,67.0,562.4,17797,-6.545239244587718e-05,-0.01250048615394238,3.155
2026-07-28T07:59:41.405287+00:00,1,BOTH,707.0,67.0,562.3,17877,-1.500910730101168e-06,-0.0002866528342023198,3.149
2026-07-28T07:59:41.454677+00:00,1,BOTH,707.5,67.5,562.3,17138,2.836370200384408e-05,0.005417068053956739,3.155
2026-07-28T07:59:41.520535+00:00,1,BOTH,707.0,67.0,562.3,17722,0.0001276921760290861,0.02438740921102738,3.149
2026-07-28T07:59:41.602943+00:00,1,BOTH,706.5,66.5,562.1,18566,-0.005554726850241423,-1.0608746828894362,3.137
2026-07-28T07:59:41.701704+00:00,1,BOTH,707.0,67.0,562.1,17992,0.02805578194267582,5.358259654182235,3.138
2026-07-28T07:59:41.734560+00:00,1,BOTH,707.5,67.5,562.2,17479,-0.002890819772728719,-0.5521059077010781,3.149
2026-07-28T07:59:41.816998+00:00,1,BOTH,707.5,67.5,562.2,17357,0.01645526491862256,3.1427241020225227,3.155
2026-07-28T07:59:41.849834+00:00,1,BOTH,707.5,67.5,562.3,17086,0.0020963607876910827,0.4003754182380662,3.158
2026-07-28T07:59:41.915706+00:00,1,BOTH,707.5,67.5,562.3,17558,0.01778786623850465,3.3972322066985448,3.161
2026-07-28T07:59:42.014533+00:00,1,BOTH,707.0,67.0,562.3,17906,0.01687543183332309,3.222970071700435,3.153
2026-07-28T07:59:42.047621+00:00,1,BOTH,707.0,67.0,562.2,18071,-0.009010499232681468,-1.7208785911283826,3.148
2026-07-28T07:59:42.097180+00:00,1,BOTH,707.0,67.0,562.2,17601,0.0010483596328413115,0.20022194124563905,3.145
2026-07-28T07:59:42.146671+00:00,1,BOTH,707.5,67.5,562.2,17372,0.0009683644550386816,0.18494398768067474,3.153
2026-07-28T07:59:42.163100+00:00,1,BOTH,707.0,67.0,562.2,17943,0.016982920709997417,3.243498934960572,3.148
2026-07-28T07:59:42.245633+00:00,1,BOTH,707.5,67.5,562.3,17671,-0.010844714346021647,-2.0711878735067235,3.154
2026-07-28T07:59:42.278639+00:00,1,BOTH,707.5,67.5,562.3,17376,-0.0074671730119735,-1.4261249949335748,3.158
2026-07-28T07:59:42.328131+00:00,1,BOTH,707.5,67.5,562.3,17535,-0.0034468241827562453,-0.6582949279852067,3.161
2026-07-28T07:59:42.394073+00:00,1,BOTH,707.0,67.0,562.3,17821,-0.008823839777032844,-1.6852292610787978,3.153
2026-07-28T07:59:42.410540+00:00,1,BOTH,708.0,68.0,562.4,17013,-0.0033856182149611413,-0.6466054491996297,3.167
2026-07-28T07:59:42.443568+00:00,1,BOTH,707.5,67.5,562.4,17321,0.0014657495403662324,0.27993754162075135,3.166
2026-07-28T07:59:42.526058+00:00,1,BOTH,707.0,67.0,562.3,18026,-0.01586623395094648,-3.030227473854702,3.156
2026-07-28T07:59:42.542518+00:00,1,BOTH,707.5,67.5,562.4,17701,0.0053672699531307445,1.0250730527392362,3.159
2026-07-28T07:59:42.575555+00:00,1,BOTH,707.0,67.0,562.3,17864,-0.015813220851123334,-3.020102717592129,3.152
2026-07-28T07:59:42.658090+00:00,1,BOTH,707.5,67.5,562.1,18058,0.042472071405500175,8.111568129044755,3.157
2026-07-28T07:59:42.707614+00:00,1,BOTH,707.5,67.5,562.2,17553,-0.013532253748271614,-2.5844700902535074,3.16
2026-07-28T07:59:42.723946+00:00,1,BOTH,707.0,67.0,562.2,18071,0.0209727786667645,4.005505674225384,3.152
2026-07-28T07:59:42.806649+00:00,1,BOTH,707.5,67.5,562.2,17376,0.009719035131856799,1.8561989799825604,3.157
2026-07-28T07:59:42.856017+00:00,1,BOTH,708.0,68.0,562.2,17201,0.06408265871927142,12.238886281971592,3.169
2026-07-28T07:59:42.905504+00:00,1,BOTH,707.5,67.5,562.3,17364,-0.03198067278601229,-6.107858588757975,3.167
2026-07-28T07:59:42.971723+00:00,1,BOTH,708.0,68.0,562.2,17282,0.018133632434764877,3.4632686858452217,3.175
2026-07-28T07:59:43.037405+00:00,1,BOTH,708.0,68.0,562.2,17417,-0.02378725287504494,-4.543030653168362,3.18
2026-07-28T07:59:43.070460+00:00,1,BOTH,707.5,67.5,562.0,17707,0.021724986829794943,4.149166851081827,3.174
2026-07-28T07:59:43.153160+00:00,1,BOTH,707.5,67.5,562.1,17710,0.023804466880392283,4.5463182860180895,3.17
2026-07-28T07:59:43.219098+00:00,1,BOTH,707.5,67.5,562.2,17634,-0.025648859307402745,-4.898571292130057,3.168
2026-07-28T07:59:43.285200+00:00,1,BOTH,707.5,67.5,562.3,17631,0.002409017428290099,0.4600884380482737,3.166
2026-07-28T07:59:43.334797+00:00,1,BOTH,707.0,67.0,562.2,17770,-0.021128845079801978,-4.035312163528028,3.156
2026-07-28T07:59:43.384348+00:00,1,BOTH,707.5,67.5,562.1,18359,0.020098113028798253,3.8384568424234393,3.159
2026-07-28T07:59:43.450189+00:00,1,BOTH,707.0,67.0,562.1,18004,0.049036378767341376,9.365258486578611,3.152
2026-07-28T07:59:43.499968+00:00,1,BOTH,707.5,67.5,562.1,17186,-0.00624332289386075,-1.192386839852082,3.157
2026-07-28T07:59:43.516402+00:00,1,BOTH,707.5,67.5,562.2,17309,0.01698644069954753,3.2441712034444103,3.16
2026-07-28T07:59:43.615478+00:00,1,BOTH,707.5,67.5,562.3,17254,-0.002299224033486098,-0.4391194442459976,3.161
2026-07-28T07:59:43.681585+00:00,1,BOTH,707.5,67.5,562.1,17823,0.005641433754935861,1.077434481868217,3.162
2026-07-28T07:59:43.731212+00:00,1,BOTH,707.5,67.5,562.2,17523,-0.023111172295175494,-4.413908773710773,3.163
2026-07-28T07:59:43.780773+00:00,1,BOTH,708.0,68.0,562.2,17699,-0.018110980189812834,-3.4589424257377264,3.173
2026-07-28T07:59:43.830257+00:00,1,BOTH,707.5,67.5,562.2,17213,-0.021091997395378714,-4.028274774187085,3.169
2026-07-28T07:59:43.896239+00:00,1,BOTH,707.5,67.5,562.3,17206,-0.0537617547204718,-10.267738815668551,3.167
2026-07-28T07:59:43.962312+00:00,1,BOTH,708.0,68.0,562.2,17317,-0.024426515949890017,-4.665120907125623,3.175
2026-07-28T07:59:44.044940+00:00,1,BOTH,708.0,68.0,562.2,17631,0.02330686492641689,4.451283313217246,3.18
2026-07-28T07:59:44.094563+00:00,1,BOTH,707.5,67.5,562.0,17897,-0.01941859288373962,-3.708678054403516,3.174
2026-07-28T07:59:44.111178+00:00,1,BOTH,707.0,67.0,561.8,18529,-0.005988278887234628,-1.1436770226194708,3.16
2026-07-28T07:59:44.177126+00:00,1,BOTH,708.0,68.0,561.9,17681,-0.0010244288085959853,-0.19565149048055064,3.171
2026-07-28T07:59:44.210352+00:00,1,BOTH,707.5,67.5,562.0,17576,0.022073705061338843,4.215767127437599,3.168
2026-07-28T07:59:44.309579+00:00,1,BOTH,707.0,67.0,562.0,17746,-0.015026439365465194,-2.8698385225013148,3.157
2026-07-28T07:59:44.359173+00:00,1,BOTH,708.0,68.0,562.0,17318,-0.04924785298644565,-9.405647087346942,3.169
2026-07-28T07:59:44.425393+00:00,1,BOTH,708.0,68.0,562.0,17432,-0.04924785298644565,-9.405647087346942,3.177
2026-07-28T07:59:44.491242+00:00,1,BOTH,707.5,67.5,562.1,17653,-0.010579811492934823,-2.0205951552972263,3.172
2026-07-28T07:59:44.540928+00:00,1,BOTH,707.5,67.5,562.0,18045,-0.003164436505176127,-0.6043628542790672,3.169
2026-07-28T07:59:44.590502+00:00,1,BOTH,707.5,67.5,562.1,17435,-0.021048836305271833,-4.020031613179391,3.167
2026-07-28T07:59:44.656797+00:00,1,BOTH,707.5,67.5,562.0,17806,-0.003130510023329407,-0.5978833735339196,3.166
2026-07-28T07:59:44.722843+00:00,1,BOTH,708.0,68.0,562.0,17374,-0.012993716012861114,-2.4816169590949917,3.174
2026-07-28T07:59:44.772437+00:00,1,BOTH,707.5,67.5,561.9,17902,-0.005899017326300964,-1.1266293202386415,3.17
2026-07-28T07:59:44.822154+00:00,1,BOTH,707.5,67.5,561.8,17878,0.0066704470216063785,1.2739615393455193,3.168
2026-07-28T07:59:44.904880+00:00,1,BOTH,708.0,68.0,561.8,17504,-0.005245729628950357,-1.0018605606852762,3.176
2026-07-28T07:59:44.954402+00:00,1,BOTH,708.0,68.0,561.9,17338,0.00493001876398921,0.9415642269896146,3.18
2026-07-28T07:59:45.037084+00:00,1,BOTH,707.0,67.0,561.9,17751,0.0010893810424022377,0.2080564533707013,3.164
2026-07-28T07:59:45.053466+00:00,1,BOTH,708.0,68.0,561.9,17421,-0.011329832007177174,-2.1638385220116207,3.174
2026-07-28T07:59:45.119796+00:00,1,BOTH,707.5,67.5,562.0,17375,-0.027824036413803696,-5.313999518430902,3.17
2026-07-28T07:59:45.169401+00:00,1,BOTH,707.5,67.5,561.9,18016,-0.007897457836661488,-1.5083033430774024,3.168
2026-07-28T07:59:45.219037+00:00,1,BOTH,707.0,67.0,561.9,17795,0.02159124386496842,4.12362382633474,3.157
2026-07-28T07:59:45.285268+00:00,1,BOTH,708.0,68.0,562.0,17646,0.00045160332811065016,0.08624988238267327,3.169
2026-07-28T07:59:45.334994+00:00,1,BOTH,707.0,67.0,562.0,17865,-0.018779761250480077,-3.5866701997194452,3.158
2026-07-28T07:59:45.351497+00:00,1,BOTH,708.0,68.0,562.0,17381,-0.029611352581996472,-5.655351762074036,3.17
2026-07-28T07:59:45.483915+00:00,1,BOTH,707.5,67.5,562.1,17122,-0.00954580636578612,-1.8231147226955309,3.167
2026-07-28T07:59:45.533551+00:00,1,BOTH,707.5,67.5,562.2,17172,0.004526255810633302,0.8644511831528444,3.166
2026-07-28T07:59:45.599698+00:00,1,BOTH,707.5,67.5,562.0,17764,-0.010273487918984756,-1.9620916621215518,3.165
2026-07-28T07:59:45.649355+00:00,1,BOTH,707.5,67.5,562.1,17511,0.02188684406457469,4.180079305870286,3.165
2026-07-28T07:59:45.665965+00:00,1,BOTH,707.5,67.5,562.2,17548,-0.004023298521060497,-0.7683934165933081,3.164
2026-07-28T07:59:45.682352+00:00,1,BOTH,707.5,67.5,562.3,17397,-0.025957165407016872,-4.957453419816821,3.164
2026-07-28T07:59:45.814915+00:00,1,BOTH,707.5,67.5,562.1,17705,0.08675100505352021,16.56822152694928,3.164
2026-07-28T07:59:45.881054+00:00,1,BOTH,707.5,67.5,562.2,17023,-0.035994622006546705,-6.87446642047947,3.164
2026-07-28T07:59:45.930626+00:00,1,BOTH,708.0,68.0,562.1,17302,-0.00627327575115487,-1.1981074142097845,3.173
2026-07-28T07:59:45.996707+00:00,1,BOTH,707.0,67.0,562.1,18154,0.045236237309873105,8.639484929693191,3.16
2026-07-28T07:59:46.096226+00:00,1,BOTH,707.5,67.5,562.0,17726,0.01597290499135852,3.0506001418942996,3.162
2026-07-28T07:59:46.145921+00:00,1,BOTH,707.5,67.5,561.9,18320,-0.0015662152541335672,-0.29912507956954354,3.163
2026-07-28T07:59:46.195667+00:00,1,BOTH,707.5,67.5,562.0,17579,-0.009411554948892445,-1.7974745907566674,3.163
2026-07-28T07:59:46.245434+00:00,1,BOTH,707.5,67.5,561.9,17973,0.0024707071302691474,0.4718703032576715,3.164
2026-07-28T07:59:46.311709+00:00,1,BOTH,707.0,67.0,561.7,18624,-0.001085857274592854,-0.20738346329249552,3.154
2026-07-28T07:59:46.328197+00:00,1,BOTH,707.5,67.5,561.9,17362,-0.0019761797331739215,-0.3774225275671829,3.158
2026-07-28T07:59:46.361296+00:00,1,BOTH,708.0,68.0,561.9,17675,0.018449239199981093,3.5235451379541067,3.17
2026-07-28T07:59:46.460565+00:00,1,BOTH,708.0,68.0,561.9,17291,0.031950086142169314,6.102016970085733,3.177
2026-07-28T07:59:46.510284+00:00,1,BOTH,707.5,67.5,562.0,17144,-0.000702988167759031,-0.13426085020075723,3.172
2026-07-28T07:59:46.560049+00:00,1,BOTH,708.0,68.0,562.0,17546,0.009748569619841874,1.861839651687976,3.178
2026-07-28T07:59:46.576614+00:00,1,BOTH,708.0,68.0,562.0,17092,0.005925469124631491,1.1316812415882094,3.182
2026-07-28T07:59:46.642830+00:00,1,BOTH,708.0,68.0,562.0,17619,0.002861157667866792,0.546440862967535,3.184
2026-07-28T07:59:46.692613+00:00,1,BOTH,707.5,67.5,562.1,17533,-0.0038066321335008977,-0.7270131846949386,3.176
2026-07-28T07:59:46.758760+00:00,1,BOTH,708.0,68.0,562.1,17563,-0.006652200808748603,-1.2704767693826928,3.181
2026-07-28T07:59:46.775381+00:00,1,BOTH,708.0,68.0,562.1,17527,-0.0093602629104862,-1.7876785330123317,3.183
2026-07-28T07:59:46.841708+00:00,1,BOTH,707.5,67.5,562.0,18155,-0.0004768894356675446,-0.09107917319375299,3.176
2026-07-28T07:59:46.907870+00:00,1,BOTH,708.0,68.0,562.0,17537,0.001388308848854649,0.2651474590001237,3.18
2026-07-28T07:59:46.957544+00:00,1,BOTH,707.5,67.5,562.1,17303,-4.970057823811658e-05,-0.009492111241346083,3.174
2026-07-28T07:59:46.990781+00:00,1,BOTH,707.0,67.0,562.1,17927,-5.2761230617761614e-05,-0.010076652787713858,3.161
2026-07-28T07:59:47.007261+00:00,1,BOTH,708.0,68.0,562.0,17673,-3.911062027327716e-05,-0.007469578252658585,3.171
2026-07-28T07:59:47.139967+00:00,1,BOTH,708.0,68.0,562.0,17446,-0.004076827029057313,-0.7786166085661409,3.178
2026-07-28T07:59:47.222921+00:00,1,BOTH,707.5,67.5,561.9,17993,-0.0037976251685358873,-0.7252929810992143,3.172
2026-07-28T07:59:47.272589+00:00,1,BOTH,707.0,67.0,561.9,17756,1.8396636005491014e-05,0.0035134986678434822,3.16
2026-07-28T07:59:47.355305+00:00,1,BOTH,707.5,67.5,562.1,17195,-8.751774730626495e-05,-0.016714658510471367,3.161
2026-07-28T07:59:47.405055+00:00,1,BOTH,708.0,68.0,562.0,17697,-5.437585234176368e-05,-0.010385022822032042,3.172
2026-07-28T07:59:47.471488+00:00,1,BOTH,707.0,67.0,562.0,17847,-7.972412277013063e-05,-0.015226185867037704,3.159
2026-07-28T07:59:47.521154+00:00,1,BOTH,707.0,67.0,562.0,17921,2.7943589229835195e-05,0.005336832424389264,3.152
2026-07-28T07:59:47.587416+00:00,1,BOTH,707.5,67.5,561.9,17923,2.7943589229835195e-05,0.005336832424389264,3.157
2026-07-28T07:59:47.637093+00:00,1,BOTH,707.5,67.5,562.0,17659,2.7943589229835195e-05,0.005336832424389264,3.16
2026-07-28T07:59:47.670303+00:00,1,BOTH,708.0,68.0,562.0,17114,2.7943589229835195e-05,0.005336832424389264,3.171
2026-07-28T07:59:47.753110+00:00,1,BOTH,707.5,67.5,562.1,16992,2.7943589229835195e-05,0.005336832424389264,3.168
2026-07-28T07:59:47.802974+00:00,1,BOTH,707.0,67.0,562.1,18174,3.9274558948818596e-05,0.007500888233350215,3.157
2026-07-28T07:59:47.819479+00:00,1,BOTH,707.5,67.5,562.2,17521,2.410224115010352e-06,0.0004603188982358237,3.16
2026-07-28T07:59:47.869298+00:00,1,BOTH,707.5,67.5,562.2,17343,-0.0020270260045072066,-0.38713345007176375,3.162
2026-07-28T07:59:47.952103+00:00,1,BOTH,707.5,67.5,562.3,17549,-0.001828954579832498,-0.34930459448508305,3.163
2026-07-28T07:59:48.034811+00:00,1,BOTH,707.5,67.5,562.3,17334,0.000918162640882656,0.17535614743054015,3.163
2026-07-28T07:59:48.068019+00:00,1,BOTH,707.0,67.0,562.3,18219,-0.0003407603333471343,-0.06508042975420614,3.154
2026-07-28T07:59:48.134440+00:00,1,BOTH,707.0,67.0,562.2,17746,0.008441178973589559,1.6121464310041795,3.149
2026-07-28T07:59:48.217278+00:00,1,BOTH,707.0,67.0,562.2,18151,-0.00920988056997885,-1.7589576215977638,3.145
2026-07-28T07:59:48.250615+00:00,1,BOTH,708.0,68.0,562.1,17334,-0.0031755371356848626,-0.6064829185393497,3.162
2026-07-28T07:59:48.267184+00:00,1,BOTH,707.5,67.5,562.0,17832,0.003325870992016462,0.6351945701584386,3.163
2026-07-28T07:59:48.366552+00:00,1,BOTH,707.5,67.5,562.1,17349,0.016499693491496145,3.151209334407342,3.163
2026-07-28T07:59:48.433007+00:00,1,BOTH,707.0,67.0,562.1,17897,0.004541024538921193,0.8672718024850833,3.154
2026-07-28T07:59:48.482748+00:00,1,BOTH,707.5,67.5,562.0,17814,0.00261779113789089,0.4999612794929911,3.158
2026-07-28T07:59:48.532461+00:00,1,BOTH,707.5,67.5,562.1,17416,0.014448854390066117,2.759527917832866,3.161
2026-07-28T07:59:48.582590+00:00,1,BOTH,707.5,67.5,562.0,17677,-0.007335153995081782,-1.4009112199890357,3.162
2026-07-28T07:59:48.648656+00:00,1,BOTH,707.5,67.5,561.9,17848,0.019582461459795013,3.739974647079491,3.163
2026-07-28T07:59:48.698415+00:00,1,BOTH,707.0,67.0,561.9,18110,-0.024626612102147193,-4.703336457196102,3.154
2026-07-28T07:59:48.748161+00:00,1,BOTH,707.0,67.0,561.9,17846,0.006464646056992933,1.234656450371947,3.149
2026-07-28T07:59:48.764750+00:00,1,BOTH,707.5,67.5,562.0,17372,-0.01877304498106241,-3.5853874867470954,3.155
2026-07-28T07:59:48.864091+00:00,1,BOTH,708.0,68.0,562.0,17691,0.020227397184353322,3.8631482973275006,3.168
2026-07-28T07:59:48.930629+00:00,1,BOTH,707.5,67.5,562.1,17530,0.020227397184353322,3.8631482973275006,3.166
2026-07-28T07:59:48.980413+00:00,1,BOTH,707.5,67.5,562.0,17815,0.020227397184353322,3.8631482973275006,3.165
2026-07-28T07:59:49.063265+00:00,1,BOTH,708.0,68.0,562.0,17243,0.020227397184353322,3.8631482973275006,3.174
2026-07-28T07:59:49.113060+00:00,1,BOTH,707.0,67.0,562.0,17976,-0.011996093586785718,-2.291085110555918,3.161
2026-07-28T07:59:49.179495+00:00,1,BOTH,708.0,68.0,562.0,17096,0.007067300379276276,1.349754947612455,3.171
2026-07-28T07:59:49.229313+00:00,1,BOTH,707.5,67.5,562.1,17226,-0.006871236518491059,-1.3123095084856773,3.169
2026-07-28T07:59:49.295513+00:00,1,BOTH,707.0,67.0,562.1,17966,-0.0076654823802527975,-1.4639992944012725,3.157
2026-07-28T07:59:49.345406+00:00,1,BOTH,708.0,68.0,562.1,17623,0.002748887201305479,0.5249987833077756,3.169
2026-07-28T07:59:49.361951+00:00,1,BOTH,708.0,68.0,562.1,17418,0.007203453025140334,1.3757581875376215,3.177
2026-07-28T07:59:49.461519+00:00,1,BOTH,707.5,67.5,562.1,17554,6.27888346207328e-05,0.011991784081042988,3.172
2026-07-28T07:59:49.511452+00:00,1,BOTH,708.0,68.0,562.1,17602,-0.012940248337108641,-2.471405385225023,3.178
2026-07-28T07:59:49.594352+00:00,1,BOTH,707.5,67.5,562.2,17401,0.003926808437099681,0.749965168007249,3.172
2026-07-28T07:59:49.644019+00:00,1,BOTH,707.5,67.5,562.1,17781,0.00875954589995672,1.6729500350621485,3.169
2026-07-28T07:59:49.710548+00:00,1,BOTH,708.0,68.0,562.0,17512,-0.0037356628823908976,-0.7134590561489148,3.176
2026-07-28T07:59:49.777756+00:00,1,BOTH,708.0,68.0,562.0,16951,-0.001656202733865939,-0.31631142222849,3.181
2026-07-28T07:59:49.810225+00:00,1,BOTH,707.5,67.5,561.9,17940,0.033518285579048096,6.401521000645555,3.174
2026-07-28T07:59:49.893013+00:00,1,BOTH,707.5,67.5,562.0,17621,-0.006858246335759759,-1.309828566333653,3.17
2026-07-28T07:59:49.942791+00:00,1,BOTH,707.5,67.5,562.1,17559,-0.010196968778800511,-1.9474775828397948,3.168
2026-07-28T07:59:49.992594+00:00,1,BOTH,707.5,67.5,562.0,17791,0.008320162071613594,1.589033905227609,3.166
2026-07-28T07:59:50.059075+00:00,1,BOTH,707.0,67.0,562.0,18292,-0.008759864701423793,-1.6730109216573679,3.156
2026-07-28T07:59:50.108902+00:00,1,BOTH,707.5,67.5,562.1,17274,0.011659684923943132,2.226835788647519,3.159
2026-07-28T07:59:50.158675+00:00,1,BOTH,707.5,67.5,562.2,17533,-0.010038470742292702,-1.9172066876631018,3.161
2026-07-28T07:59:50.175234+00:00,1,BOTH,708.0,68.0,562.1,17592,0.0162695484678261,3.1072548726332347,3.172
2026-07-28T07:59:50.291543+00:00,1,BOTH,707.0,67.0,562.1,17918,0.003661209411220625,0.6992394905883963,3.159
2026-07-28T07:59:50.324701+00:00,1,BOTH,708.5,68.5,562.2,17021,-0.014503972495440394,-2.7700547005418774,3.18
2026-07-28T07:59:50.391125+00:00,1,BOTH,707.0,67.0,562.2,17643,0.002833405190613121,0.5411405302419745,3.164
2026-07-28T07:59:50.424211+00:00,1,BOTH,708.0,68.0,562.1,17090,0.002802790174027905,0.5352934927751216,3.174
2026-07-28T07:59:50.457367+00:00,1,BOTH,707.0,67.0,562.1,18334,-0.0003107805328909308,-0.05935470963159,3.16
2026-07-28T07:59:50.540701+00:00,1,BOTH,707.5,67.5,562.2,17411,-0.002608817597501911,-0.49824745952106214,3.162
2026-07-28T07:59:50.606842+00:00,1,BOTH,707.5,67.5,562.2,17354,-0.0022432488668709992,-0.4284289748973751,3.163
2026-07-28T07:59:50.656716+00:00,1,BOTH,707.0,67.0,562.2,17686,0.001758900364220608,0.3359252248462138,3.154
2026-07-28T07:59:50.723070+00:00,1,BOTH,708.0,68.0,562.2,17446,-0.0036489967422676274,-0.6969070426297389,3.167
2026-07-28T07:59:50.772933+00:00,1,BOTH,708.0,68.0,562.1,17544,0.003630465460882988,0.6933678285887083,3.175
2026-07-28T07:59:50.789545+00:00,1,BOTH,707.5,67.5,562.0,17770,-0.0001485975948162377,-0.028380050095885,3.171
2026-07-28T07:59:50.872626+00:00,1,BOTH,707.5,67.5,561.9,17970,0.013387629929929971,2.5568489755600314,3.168
2026-07-28T07:59:50.922318+00:00,1,BOTH,707.0,67.0,561.9,17943,-0.003903370143380016,-0.7454887836434998,3.157
2026-07-28T07:59:50.972131+00:00,1,BOTH,708.0,68.0,561.9,17236,0.011993139965925366,2.290521010523985,3.169
2026-07-28T07:59:51.021961+00:00,1,BOTH,708.0,68.0,562.1,16975,0.0009155632078181953,0.1748596922848056,3.177
2026-07-28T07:59:51.088460+00:00,1,BOTH,707.5,67.5,562.0,17723,-0.005014381625223905,-0.9576763466442675,3.172
2026-07-28T07:59:51.138769+00:00,1,BOTH,707.0,67.0,562.0,17775,-0.009962082484271377,-1.902617605033174,3.159
2026-07-28T07:59:51.204633+00:00,1,BOTH,707.5,67.5,561.9,17916,0.00210425014141947,0.4018821738104742,3.161
2026-07-28T07:59:51.254410+00:00,1,BOTH,708.0,68.0,561.9,17461,-0.008762953178957105,-1.6736007774166337,3.172
2026-07-28T07:59:51.304173+00:00,1,BOTH,708.0,68.0,561.9,17257,-0.004608025037396146,-0.880067955111375,3.178
2026-07-28T07:59:51.354049+00:00,1,BOTH,707.5,67.5,561.9,18065,-0.008354704522062092,-1.5956310273100716,3.172
2026-07-28T07:59:51.420681+00:00,1,BOTH,707.5,67.5,561.8,18027,-9.724578936584294e-05,-0.018572577686936608,3.169
2026-07-28T07:59:51.470510+00:00,1,BOTH,707.5,67.5,561.7,17951,-0.0011503771843854337,-0.2197058583780942,3.167
2026-07-28T07:59:51.520347+00:00,1,BOTH,708.0,68.0,561.8,17467,0.0024894437962211667,0.47544874286166205,3.175
2026-07-28T07:59:51.553467+00:00,1,BOTH,708.0,68.0,561.8,17617,-0.007144280947977677,-1.3644571532494791,3.18
2026-07-28T07:59:51.603296+00:00,1,BOTH,707.5,67.5,562.0,17134,0.00901782849279698,1.722278376700291,3.174
2026-07-28T07:59:51.669694+00:00,1,BOTH,707.5,67.5,562.1,17633,-0.018259866925072855,-3.4873776975906625,3.17
2026-07-28T07:59:51.752908+00:00,1,BOTH,708.0,68.0,562.1,17464,0.0019164874451234938,0.3660221403179539,3.177
2026-07-28T07:59:51.819286+00:00,1,BOTH,707.5,67.5,562.1,17636,0.0019164874451234938,0.3660221403179539,3.172
2026-07-28T07:59:51.852659+00:00,1,BOTH,707.5,67.5,562.2,17272,0.0019164874451234938,0.3660221403179539,3.169
2026-07-28T07:59:51.952231+00:00,1,BOTH,707.5,67.5,562.3,17309,0.0019164874451234938,0.3660221403179539,3.167
2026-07-28T07:59:52.018653+00:00,1,BOTH,707.5,67.5,562.1,18322,0.0019164874451234938,0.3660221403179539,3.166
2026-07-28T07:59:52.068452+00:00,1,BOTH,707.5,67.5,562.2,17517,0.012693322856503073,2.4242460922485614,3.165
2026-07-28T07:59:52.118302+00:00,1,BOTH,707.5,67.5,562.3,17680,-0.0029446772544179114,-0.5623919290210576,3.165
2026-07-28T07:59:52.168166+00:00,1,BOTH,707.5,67.5,562.3,17567,-3.8138483869261105e-05,-0.007283913875788104,3.164
2026-07-28T07:59:52.218055+00:00,1,BOTH,707.5,67.5,562.3,17165,0.0018416381350652956,0.35172697509861767,3.164
2026-07-28T07:59:52.267841+00:00,1,BOTH,708.0,68.0,562.3,17597,0.007039390025020111,1.344424462600478,3.174
2026-07-28T07:59:52.317690+00:00,1,BOTH,707.0,67.0,562.2,17731,0.007039390025020111,1.344424462600478,3.16
2026-07-28T07:59:52.350951+00:00,1,BOTH,707.5,67.5,562.1,17885,0.007039390025020111,1.344424462600478,3.162
2026-07-28T07:59:52.417480+00:00,1,BOTH,707.0,67.0,562.1,18156,-0.0024097496017930096,-0.4602282728869007,3.153
2026-07-28T07:59:52.433947+00:00,1,BOTH,707.5,67.5,561.9,18117,0.0027698920341208575,0.5290104108734393,3.158
2026-07-28T07:59:52.533667+00:00,1,BOTH,708.0,68.0,562.0,17560,-9.988433248508955e-07,-0.00019076502302923658,3.17
2026-07-28T07:59:52.550359+00:00,1,BOTH,707.5,67.5,561.9,17978,0.003583863249004935,0.6844674617334187,3.167
2026-07-28T07:59:52.616784+00:00,1,BOTH,708.0,68.0,561.9,17545,-0.01444278632174246,-2.7583690021503906,3.175
2026-07-28T07:59:52.666605+00:00,1,BOTH,708.0,68.0,561.9,17313,0.005263563074404374,1.0052664978809158,3.18
2026-07-28T07:59:52.716468+00:00,1,BOTH,707.0,67.0,561.9,17785,-0.008421322773501742,-1.6083541761301823,3.164
2026-07-28T07:59:52.766171+00:00,1,BOTH,707.5,67.5,561.8,17972,-0.0029269145091529937,-0.558999494566905,3.164
2026-07-28T07:59:52.832885+00:00,1,BOTH,707.5,67.5,561.8,18365,-0.004857506078551523,-0.927715324200484,3.164
2026-07-28T07:59:52.882678+00:00,1,BOTH,707.5,67.5,561.9,17451,0.0032300735544413327,0.6168986072876956,3.164
2026-07-28T07:59:52.915819+00:00,1,BOTH,707.5,67.5,562.0,17447,-0.0138936986355111,-2.6535009788048556,3.164
2026-07-28T07:59:52.998852+00:00,1,BOTH,707.5,67.5,561.9,18014,0.0004510055526043288,0.08613571567064492,3.164
2026-07-28T07:59:53.015576+00:00,1,BOTH,707.0,67.0,561.9,18072,-0.007051752030965872,-1.3467854318238368,3.155
2026-07-28T07:59:53.082322+00:00,1,BOTH,707.5,67.5,562.1,17464,0.006993980087572709,1.3357518033881806,3.158
2026-07-28T07:59:53.148575+00:00,1,BOTH,708.0,68.0,562.0,16926,-0.01282089041385916,-2.4486097010462173,3.17
2026-07-28T07:59:53.198620+00:00,1,BOTH,708.0,68.0,562.0,17657,0.010052435705438257,1.9198737991607548,3.177
2026-07-28T07:59:53.248312+00:00,1,BOTH,707.0,67.0,562.0,17810,-0.006348139556939714,-1.2124053479089798,3.162
2026-07-28T07:59:53.264831+00:00,1,BOTH,707.5,67.5,561.9,17873,0.0004624952614540234,0.08833008842038362,3.163
2026-07-28T07:59:53.347986+00:00,1,BOTH,708.0,68.0,561.9,17736,5.2100103202974425e-05,0.009950386752421523,3.173
2026-07-28T07:59:53.381145+00:00,1,BOTH,707.5,67.5,562.1,17650,0.0039144369959831235,0.7476023967990045,3.169
2026-07-28T07:59:53.447716+00:00,1,BOTH,708.0,68.0,562.0,17517,0.00756892838398926,1.4455588394645302,3.177
2026-07-28T07:59:53.480891+00:00,1,BOTH,707.5,67.5,561.9,17864,-0.001393807301265042,-0.2661975860566872,3.172
2026-07-28T07:59:53.547451+00:00,1,BOTH,707.5,67.5,561.8,17843,-0.004661041726358235,-0.8901933968489935,3.169
2026-07-28T07:59:53.597222+00:00,1,BOTH,707.0,67.0,561.9,17716,0.01238232399802655,2.3648496855015906,3.157
2026-07-28T07:59:53.647032+00:00,1,BOTH,707.0,67.0,561.9,17812,-0.015149936898378655,-2.8934248138887124,3.151
2026-07-28T07:59:53.697145+00:00,1,BOTH,707.5,67.5,562.0,17399,0.002424335149116814,0.4630139072320418,3.156
2026-07-28T07:59:53.746716+00:00,1,BOTH,708.0,68.0,562.0,17094,-0.00839779170928523,-1.6038600739066575,3.169
2026-07-28T07:59:53.763567+00:00,1,BOTH,708.0,68.0,562.0,17585,0.016359376472537407,3.1244107578066993,3.176
2026-07-28T07:59:53.863313+00:00,1,BOTH,708.0,68.0,562.0,17503,0.0026853285764809696,0.5128599801274428,3.181
2026-07-28T07:59:53.913122+00:00,1,BOTH,707.5,67.5,561.9,18034,0.009104899662779643,1.7389077452245336,3.174
2026-07-28T07:59:53.979735+00:00,1,BOTH,708.0,68.0,561.9,17599,0.001599923939211294,0.3055629641958414,3.179
2026-07-28T07:59:54.046038+00:00,1,BOTH,707.0,67.0,561.9,17755,-0.0009339621546678245,-0.17837363229136988,3.164
2026-07-28T07:59:54.146015+00:00,1,BOTH,708.0,68.0,562.0,17570,0.008094523993786424,1.5459402067044716,3.173
2026-07-28T07:59:54.212360+00:00,1,BOTH,707.5,67.5,562.1,17634,-0.012193050154601225,-2.3287010441666203,3.17
2026-07-28T07:59:54.278807+00:00,1,BOTH,707.0,67.0,562.1,17982,0.0014496756278094835,0.2768676504548712,3.158
2026-07-28T07:59:54.295715+00:00,1,BOTH,707.0,67.0,562.0,17956,-0.010099685307359323,-1.9288978084065895,3.151
2026-07-28T07:59:54.362130+00:00,1,BOTH,707.5,67.5,562.1,17514,0.00217688528529834,0.41575446443909,3.156
2026-07-28T07:59:54.395375+00:00,1,BOTH,707.5,67.5,562.2,17446,-0.012049925237079151,-2.301366198442711,3.159
2026-07-28T07:59:54.461637+00:00,1,BOTH,707.5,67.5,562.1,18157,0.006778930744621903,1.2946804042610385,3.161
2026-07-28T07:59:54.511662+00:00,1,BOTH,708.0,68.0,562.1,17366,-0.0028550393239129336,-0.5452723453469835,3.172
2026-07-28T07:59:54.561554+00:00,1,BOTH,707.0,67.0,562.0,18181,-0.014061555692460388,-2.68555931522046,3.159
2026-07-28T07:59:54.627990+00:00,1,BOTH,707.0,67.0,562.0,17972,0.0013534677645657212,0.2584933020554066,3.152
2026-07-28T07:59:54.644809+00:00,1,BOTH,707.5,67.5,562.1,17377,-0.0014320974750444294,-0.2735104705712918,3.157
2026-07-28T07:59:54.711167+00:00,1,BOTH,708.0,68.0,562.1,17749,0.011850232136785053,2.263227625626929,3.169
2026-07-28T07:59:54.727828+00:00,1,BOTH,708.0,68.0,562.1,17409,-0.008875035884411773,-1.6950069973465016,3.176
2026-07-28T07:59:54.827600+00:00,1,BOTH,708.0,68.0,562.1,17114,-6.61537577980198e-05,-0.012634437069190643,3.181
2026-07-28T07:59:54.877381+00:00,1,BOTH,708.0,68.0,562.3,16973,0.00832008640456479,1.5890194538857936,3.184
2026-07-28T07:59:54.894202+00:00,1,BOTH,708.0,68.0,562.2,17361,-0.002078505044337362,-0.3969652224572763,3.185
2026-07-28T07:59:54.960403+00:00,1,BOTH,707.5,67.5,562.1,17944,0.020068345540203154,3.8327716708794295,3.177
2026-07-28T07:59:55.027153+00:00,1,BOTH,708.0,68.0,562.2,16807,-0.005796687172260135,-1.1070857004270978,3.181
2026-07-28T07:59:55.077026+00:00,1,BOTH,707.5,67.5,562.1,17751,-0.005180041412822902,-0.9893150355257883,3.174
2026-07-28T07:59:55.093478+00:00,1,BOTH,708.0,68.0,562.1,17601,0.006779714652802795,1.2948301196953416,3.18
2026-07-28T07:59:55.160121+00:00,1,BOTH,708.0,68.0,562.1,17459,0.03138889909721911,5.994838139442183,3.183
2026-07-28T07:59:55.243228+00:00,1,BOTH,706.5,66.5,562.0,18433,-0.002261074685957283,-0.43183345556406777,3.157
2026-07-28T07:59:55.276635+00:00,1,BOTH,708.0,68.0,562.0,17594,0.001964404337340966,0.37517359262276856,3.169
2026-07-28T07:59:55.343035+00:00,1,BOTH,708.0,68.0,562.2,16975,-0.0033355040912283586,-0.6370343565866802,3.176
2026-07-28T07:59:55.392947+00:00,1,BOTH,708.0,68.0,562.1,17185,-0.0029078844870673495,-0.5553650280684111,3.181
2026-07-28T07:59:55.459412+00:00,1,BOTH,707.0,67.0,562.1,18202,0.00928718170383945,1.773721050670391,3.165
2026-07-28T07:59:55.509329+00:00,1,BOTH,707.25,67.25,562.1,17748,-0.055776757040075606,-10.652575911076447,3.16
2026-07-28T07:59:55.592767+00:00,1,BOTH,708.0,68.0,562.1,17462,-0.0015811093291267751,-0.3019696383590841,3.171
2026-07-28T07:59:55.609053+00:00,1,BOTH,707.5,67.5,562.2,17436,-0.020536249785218386,-3.9221347990648563,3.168
2026-07-28T07:59:55.692260+00:00,1,BOTH,708.0,68.0,562.1,17348,0.02153768206946552,4.113394276916543,3.176
2026-07-28T07:59:55.742021+00:00,1,BOTH,708.0,68.0,562.3,17012,-0.0044253028440289196,-0.8451705867669903,3.181
2026-07-28T07:59:55.808732+00:00,1,BOTH,708.0,68.0,562.3,17241,0.0026817287784069777,0.5121724693383126,3.183
2026-07-28T07:59:55.875123+00:00,1,BOTH,707.5,67.5,562.1,17859,0.006587345306761563,1.2580902809091605,3.176
2026-07-28T07:59:55.908517+00:00,1,BOTH,707.5,67.5,562.2,17296,0.015072439769282938,2.8786239524834953,3.171
2026-07-28T07:59:55.958368+00:00,1,BOTH,707.5,67.5,562.2,17397,0.0005713744810782373,0.10912448762420171,3.168
2026-07-28T07:59:56.008064+00:00,1,RIGHT,319.75,-320.25,562.2,15651,0.010314186450559646,1.9698645090936222,-0.832
2026-07-28T07:59:56.091357+00:00,1,BOTH,708.0,68.0,562.2,17255,0.044114408500608986,8.425231409336456,0.776
2026-07-28T07:59:56.158003+00:00,1,BOTH,707.5,67.5,562.3,17554,-0.11660420949570835,-22.269763591877886,1.731
2026-07-28T07:59:56.224620+00:00,1,BOTH,707.5,67.5,562.1,18183,-0.04555166812041534,-8.699727776934727,2.304
2026-07-28T07:59:56.274521+00:00,1,BOTH,708.0,68.0,562.1,17624,0.12038566328585149,22.991968067207722,2.658
2026-07-28T07:59:56.324313+00:00,1,BOTH,707.5,67.5,562.2,17689,-0.04318886806257069,-8.248466206442178,2.86
2026-07-28T07:59:56.390799+00:00,1,BOTH,707.5,67.5,562.0,18044,0.01123674850910902,2.146060883406223,2.982
2026-07-28T07:59:56.440777+00:00,1,BOTH,707.5,67.5,562.1,17183,-0.04892724212724715,-9.344414923686486,3.055
2026-07-28T07:59:56.490730+00:00,1,BOTH,707.5,67.5,562.0,17722,-0.015627317950129508,-2.9845978788381795,3.098
2026-07-28T07:59:56.541372+00:00,1,BOTH,707.0,67.0,562.0,17950,-0.03809878486674279,-7.276331924804175,3.115
2026-07-28T07:59:56.607048+00:00,1,BOTH,708.5,68.5,561.9,17541,-0.0237528596771881,-4.536462036231177,3.154
2026-07-28T07:59:56.657000+00:00,1,BOTH,707.0,67.0,562.1,17197,-0.03498103302437812,-6.680885184348734,3.148
2026-07-28T07:59:56.706869+00:00,1,BOTH,708.0,68.0,562.1,16959,0.11510558367357589,21.98354714295284,3.164
2026-07-28T07:59:56.773446+00:00,1,BOTH,707.0,67.0,562.3,17257,-0.03645056129433215,-6.961544410160491,3.155
2026-07-28T07:59:56.823205+00:00,1,BOTH,708.0,68.0,562.0,17746,0.05822889043018222,11.120898891263833,3.168
2026-07-28T07:59:56.856620+00:00,1,BOTH,707.5,67.5,562.1,17199,-0.004491567561635748,-0.8578262155986486,3.166
2026-07-28T07:59:56.923185+00:00,1,BOTH,708.0,68.0,562.1,17194,0.028403912587091327,5.424747709662828,3.175
2026-07-28T07:59:56.973030+00:00,1,BOTH,707.5,67.5,562.2,17219,-0.01739757344010286,-3.322691772955969,3.17
2026-07-28T07:59:57.039668+00:00,1,BOTH,708.5,68.5,562.0,17214,0.013459178407210858,2.570513728155973,3.187
2026-07-28T07:59:57.089592+00:00,1,BOTH,707.0,67.0,562.0,17892,-0.00913721121265553,-1.7450787966825825,3.168
2026-07-28T07:59:57.139496+00:00,1,BOTH,708.0,68.0,562.0,17197,0.010384617480449379,1.983315844958427,3.176
2026-07-28T07:59:57.189327+00:00,1,BOTH,707.5,67.5,562.1,17442,-0.039213200596132085,-7.4891696511941745,3.171
2026-07-28T07:59:57.239273+00:00,1,BOTH,708.0,68.0,562.1,17372,0.021768299373798074,4.157438937653008,3.178
2026-07-28T07:59:57.305840+00:00,1,BOTH,707.5,67.5,562.2,17162,-0.026108706058585084,-4.986395552348559,3.172
2026-07-28T07:59:57.372425+00:00,1,BOTH,707.5,67.5,562.2,17356,-0.000956497517763637,-0.18267756960865295,3.169
2026-07-28T07:59:57.388810+00:00,1,BOTH,707.5,67.5,562.3,17466,0.0017290708632208406,0.3302282098053207,3.167
2026-07-28T07:59:57.422348+00:00,1,BOTH,707.0,67.0,562.2,17868,-0.0032506386529348673,-0.620826251784197,3.156
2026-07-28T07:59:57.505394+00:00,1,BOTH,707.0,67.0,562.2,17901,0.0005473603529389948,0.10453812698731856,3.15
2026-07-28T07:59:57.555237+00:00,1,BOTH,707.0,67.0,562.2,18188,-0.02315189029031899,-4.421685337950628,3.146
2026-07-28T07:59:57.622012+00:00,1,BOTH,707.0,67.0,562.1,17729,-0.0012094947110745124,-0.2309964742932149,3.144
2026-07-28T07:59:57.638597+00:00,1,BOTH,708.0,68.0,562.1,17267,0.009704368221282494,1.8533978064012155,3.161
2026-07-28T07:59:57.721807+00:00,1,BOTH,707.5,67.5,562.2,17086,-0.003869441365241073,-0.7390088643388425,3.162
2026-07-28T07:59:57.738468+00:00,1,BOTH,707.5,67.5,562.2,17580,0.010068179536610843,1.9228806494259405,3.163
2026-07-28T07:59:57.821649+00:00,1,BOTH,708.0,68.0,562.2,17704,-1.6773410388850605e-05,-0.0032034854110734286,3.173
2026-07-28T07:59:57.888197+00:00,1,BOTH,707.0,67.0,562.2,17846,0.013243206362240016,2.5292661059238433,3.16
2026-07-28T07:59:57.954665+00:00,1,BOTH,707.0,67.0,562.1,17936,8.474526344798506e-05,0.01618515309764609,3.152
2026-07-28T07:59:58.021176+00:00,1,BOTH,707.0,67.0,562.1,18326,-0.008928158251801505,-1.7051526221770852,3.148
2026-07-28T07:59:58.037817+00:00,1,BOTH,707.0,67.0,562.1,18286,0.005341361692990177,1.0201249395372975,3.145
2026-07-28T07:59:58.104311+00:00,1,BOTH,707.5,67.5,562.2,17553,0.00555055097443983,1.0600771493587624,3.153
2026-07-28T07:59:58.120997+00:00,1,BOTH,707.5,67.5,562.2,17324,-0.010227093303692527,-1.9532309432936255,3.157
2026-07-28T07:59:58.204320+00:00,1,BOTH,707.0,67.0,562.2,17730,0.013809892725548707,2.637495229007861,3.151
2026-07-28T07:59:58.220879+00:00,1,BOTH,707.5,67.5,562.0,17757,-0.017189021330559627,-3.282861254004711,3.156
2026-07-28T07:59:58.287277+00:00,1,BOTH,707.5,67.5,562.1,17717,0.002474947191076353,0.47268009522144383,3.159
2026-07-28T07:59:58.337292+00:00,1,BOTH,707.5,67.5,562.2,17129,-0.010292371800169349,-1.9656982177638973,3.161
2026-07-28T07:59:58.387279+00:00,1,BOTH,707.5,67.5,562.3,17252,0.02982471796218306,5.696101548003688,3.162
2026-07-28T07:59:58.404029+00:00,1,BOTH,707.5,67.5,562.3,17640,-0.0013696364039788023,-0.2615812847182013,3.163
2026-07-28T07:59:58.470562+00:00,1,BOTH,707.0,67.0,562.3,17805,0.012849782365374268,2.4541276573252584,3.154
2026-07-28T07:59:58.504648+00:00,1,BOTH,707.5,67.5,562.3,17616,7.336794922593981e-05,0.01401224614058822,3.158
2026-07-28T07:59:58.553739+00:00,1,BOTH,708.0,68.0,562.2,17357,0.012253788092675678,2.3403011358599306,3.17
2026-07-28T07:59:58.603569+00:00,1,BOTH,708.0,68.0,562.2,17178,-0.005172058462630957,-0.987790404345583,3.177
2026-07-28T07:59:58.670163+00:00,1,BOTH,707.0,67.0,562.2,17773,-0.023122865521581843,-4.4161420154506885,3.162
2026-07-28T07:59:58.736765+00:00,1,BOTH,707.0,67.0,562.1,17902,0.018214261907269248,3.478667780774777,3.154
2026-07-28T07:59:58.803281+00:00,1,BOTH,707.0,67.0,562.1,18168,-0.019139778005046536,-3.65542833502163,3.148
2026-07-28T07:59:58.853025+00:00,1,BOTH,707.5,67.5,562.2,17332,0.00048377146158600225,0.09239354332584387,3.155
2026-07-28T07:59:58.903119+00:00,1,BOTH,707.5,67.5,562.2,17614,-3.258638957049698e-05,-0.006223541973195334,3.158
2026-07-28T07:59:58.936433+00:00,1,BOTH,707.5,67.5,562.1,17764,-0.004650159117300063,-0.8881149716185798,3.161
2026-07-28T07:59:59.019549+00:00,1,BOTH,707.5,67.5,562.2,17706,0.007383137104625348,1.4100753188715698,3.162
2026-07-28T07:59:59.086290+00:00,1,BOTH,707.0,67.0,562.1,17799,-0.02138346863910556,-4.083941681237008,3.153
2026-07-28T07:59:59.136107+00:00,1,BOTH,708.0,68.0,562.1,17580,0.006256278860382736,1.1948612471894906,3.167
2026-07-28T07:59:59.202479+00:00,1,BOTH,707.0,67.0,562.1,17821,-0.02470776749716606,-4.718835995927095,3.157
2026-07-28T07:59:59.236076+00:00,1,BOTH,707.0,67.0,562.1,17681,-0.00033342489739879966,-0.0636794646851124,3.15
2026-07-28T07:59:59.270760+00:00,1,BOTH,707.5,67.5,562.2,17399,2.2079329937696457e-05,0.004216841399689513,3.156
2026-07-28T07:59:59.369069+00:00,1,BOTH,707.5,67.5,562.0,17734,0.02256430219509639,4.3094642781226735,3.159
2026-07-28T07:59:59.402337+00:00,1,BOTH,707.5,67.5,561.9,17717,0.017193497758198645,3.2837161887080826,3.161
2026-07-28T07:59:59.485609+00:00,1,BOTH,707.0,67.0,561.9,18033,-0.014097986520500854,-2.6925170908567453,3.153
2026-07-28T07:59:59.552120+00:00,1,BOTH,706.5,66.5,561.8,18412,0.00011626193358097226,0.022204393707400027,3.139
2026-07-28T07:59:59.618779+00:00,1,BOTH,707.5,67.5,561.8,18060,-0.00012603936251252888,-0.024071745081624362,3.149
2026-07-28T07:59:59.668777+00:00,1,BOTH,707.5,67.5,561.9,17264,5.647307261824608e-06,0.0010785562390537714,3.155
2026-07-28T07:59:59.735193+00:00,1,BOTH,707.5,67.5,562.0,17638,-0.0001835124590434134,-0.03504829797084988,3.159
2026-07-28T07:59:59.801625+00:00,1,BOTH,707.5,67.5,562.1,17682,0.038210990680381654,7.297761656665303,3.161
2026-07-28T07:59:59.851565+00:00,1,BOTH,707.5,67.5,562.2,17638,0.004124416634440422,0.7877055536899582,3.162
2026-07-28T07:59:59.918342+00:00,1,BOTH,707.5,67.5,562.1,18280,0.002517012564931065,0.48071398983982705,3.163
2026-07-28T07:59:59.984887+00:00,1,BOTH,707.0,67.0,562.1,17881,-0.014598324056714773,-2.7880745213801834,3.154
2026-07-28T08:00:00.051351+00:00,1,BOTH,707.5,67.5,562.1,17491,-0.00647028350038454,-1.235733122750557,3.158
2026-07-28T08:00:00.118006+00:00,1,BOTH,707.5,67.5,562.2,17565,-0.0036305440636351704,-0.6933828406085688,3.16
2026-07-28T08:00:00.184498+00:00,1,BOTH,707.5,67.5,562.3,17193,-0.009983741325559094,-1.9067541390162737,3.162
2026-07-28T08:00:00.217945+00:00,1,BOTH,707.5,67.5,562.3,17665,-0.007122361001966056,-1.3602707519374106,3.163
2026-07-28T08:00:00.317768+00:00,1,BOTH,707.0,67.0,562.3,17860,-0.021493874336592854,-4.105027616237742,3.154
2026-07-28T08:00:00.367645+00:00,1,BOTH,707.5,67.5,562.1,17987,0.005796011290512979,1.1069566165218914,3.158
2026-07-28T08:00:00.384279+00:00,1,BOTH,707.5,67.5,562.2,17596,0.007872071785386651,1.5034549644222328,3.16
2026-07-28T08:00:00.450958+00:00,1,BOTH,707.5,67.5,562.2,17539,-0.0068399669509381054,-1.3063374609923988,3.162
2026-07-28T08:00:00.500872+00:00,1,BOTH,707.5,67.5,562.1,17962,0.0019391583785181865,0.3703519696550808,3.163
2026-07-28T08:00:00.550803+00:00,1,BOTH,707.5,67.5,562.2,17566,-0.003229316339129582,-0.6167539898158757,3.163
2026-07-28T08:00:00.600659+00:00,1,BOTH,707.5,67.5,562.2,17201,0.00015882391249760986,0.030333132906227113,3.164
2026-07-28T08:00:00.650690+00:00,1,BOTH,707.5,67.5,562.3,17425,-0.0001455683377571404,-0.027801504614063378,3.164
2026-07-28T08:00:00.717229+00:00,1,BOTH,707.0,67.0,562.2,17805,9.363605640828604e-06,0.0017883169474812318,3.155
2026-07-28T08:00:00.783594+00:00,1,BOTH,707.5,67.5,562.1,17763,-0.00010023883078247309,-0.01914420649053916,3.158
2026-07-28T08:00:00.833792+00:00,1,BOTH,707.5,67.5,562.2,17327,1.9616117569967172e-05,0.003746402490638464,3.161
2026-07-28T08:00:00.850373+00:00,1,BOTH,707.5,67.5,562.2,17522,2.5347640039399267e-05,0.004841042649581326,3.162
2026-07-28T08:00:00.933511+00:00,1,BOTH,708.0,68.0,562.2,17443,3.3045018499251453e-05,0.006311133646462793,3.172
2026-07-28T08:00:00.983465+00:00,1,BOTH,707.0,67.0,562.2,17763,-8.318792504724115e-05,-0.015887723372191822,3.16
2026-07-28T08:00:01.033361+00:00,1,BOTH,708.0,68.0,562.1,17624,1.0875107254832982e-05,0.0020769924915134417,3.171
2026-07-28T08:00:01.100093+00:00,1,BOTH,707.0,67.0,562.1,18115,-1.976012368686497e-05,-0.0037739056330461686,3.159
2026-07-28T08:00:01.149998+00:00,1,BOTH,707.0,67.0,562.1,17952,6.990295427385717e-05,0.01335048085129332,3.151
2026-07-28T08:00:01.249882+00:00,1,BOTH,707.5,67.5,562.2,17710,-3.146254050079733e-05,-0.006008902611517022,3.157
2026-07-28T08:00:01.299670+00:00,1,BOTH,707.0,67.0,562.1,17946,4.608777235262096e-06,0.0008802116143216339,3.15
2026-07-28T08:00:01.366172+00:00,1,BOTH,707.5,67.5,562.2,17377,-6.186140701174735e-05,-0.011814658455047072,3.156
2026-07-28T08:00:01.416182+00:00,1,BOTH,707.5,67.5,562.3,17229,5.43044542428106e-05,0.010371386789581147,3.159
2026-07-28T08:00:01.466122+00:00,1,BOTH,707.5,67.5,562.1,18055,-2.959222489153035e-05,-0.0056516986422888976,3.161
2026-07-28T08:00:01.516028+00:00,1,BOTH,707.5,67.5,562.2,17129,-4.588568292092532e-05,-0.008763519904815149,3.162
2026-07-28T08:00:01.582811+00:00,1,BOTH,707.5,67.5,562.3,17393,3.290150765678845e-05,0.00628372509450447,3.163
2026-07-28T08:00:01.632721+00:00,1,BOTH,707.5,67.5,562.3,17764,1.6379422741010783e-05,0.003128239313068401,3.163
2026-07-28T08:00:01.682671+00:00,1,BOTH,707.5,67.5,562.3,17203,-4.942486011714209e-05,-0.009439452959122364,3.164
2026-07-28T08:00:01.732623+00:00,1,BOTH,707.0,67.0,562.3,18096,2.869404765078798e-05,0.005480159425124753,3.154
2026-07-28T08:00:01.782547+00:00,1,BOTH,708.0,68.0,562.2,17565,3.318971721455455e-05,0.006338769065422235,3.168
2026-07-28T08:00:01.865691+00:00,1,BOTH,707.5,67.5,562.1,17733,7.099142931110691e-06,0.0013558364270425836,3.166
2026-07-28T08:00:01.899000+00:00,1,BOTH,707.5,67.5,562.2,17317,-2.171241561882198e-05,-0.00414676592664143,3.165
2026-07-28T08:00:01.932334+00:00,1,BOTH,707.5,67.5,562.2,17751,-4.001646302640439e-06,-0.0007642581474847589,3.165
2026-07-28T08:00:01.998897+00:00,1,BOTH,707.5,67.5,562.3,17297,-5.138188891578466e-05,-0.009813217927614954,3.165
2026-07-28T08:00:02.048725+00:00,1,BOTH,707.5,67.5,562.3,17436,4.943751242535654e-05,0.009441869371994987,3.164
2026-07-28T08:00:02.115493+00:00,1,BOTH,708.0,68.0,562.3,17326,5.027919542044401e-05,0.009602618983016462,3.174
2026-07-28T08:00:02.182100+00:00,1,BOTH,707.0,67.0,562.2,18094,0.010722279913607054,2.047804619358604,3.16
2026-07-28T08:00:02.265477+00:00,1,BOTH,708.0,68.0,562.2,17210,-8.742899954086169e-05,-0.016697708935808624,3.171
2026-07-28T08:00:02.348441+00:00,1,BOTH,708.0,68.0,562.3,17078,0.0004153612181835342,0.07932814925109685,3.178
2026-07-28T08:00:02.365226+00:00,1,BOTH,707.5,67.5,562.2,17720,-6.958201120141894e-05,-0.013289185239577747,3.172
2026-07-28T08:00:02.431709+00:00,1,BOTH,708.0,68.0,562.1,17232,-1.77450809860602e-05,-0.0033890608253969823,3.178
2026-07-28T08:00:02.448344+00:00,1,BOTH,707.5,67.5,562.2,17682,-4.288411204470321e-05,-0.008190262094425443,3.173
2026-07-28T08:00:02.532186+00:00,1,BOTH,707.5,67.5,562.3,17513,1.2180055200587958e-05,0.0023262191907668646,3.169
2026-07-28T08:00:02.581571+00:00,1,BOTH,708.0,68.0,562.2,17494,4.463938646949828e-05,0.008525494815852146,3.177
2026-07-28T08:00:02.648129+00:00,1,BOTH,707.0,67.0,562.2,18206,4.69887828512583e-05,0.00897419647277933,3.162
2026-07-28T08:00:02.714662+00:00,1,BOTH,707.5,67.5,562.2,17605,2.5556597393006066e-07,4.8809505644476335e-05,3.163
2026-07-28T08:00:02.748156+00:00,1,BOTH,707.5,67.5,562.3,17612,-4.482058575376868e-05,-0.008560101329983763,3.163
2026-07-28T08:00:02.764598+00:00,1,BOTH,707.0,67.0,562.2,17815,-2.9851781437173503e-06,-0.0005701270290990057,3.154
2026-07-28T08:00:02.881305+00:00,1,BOTH,707.5,67.5,562.3,17357,7.150338264182209e-05,0.013656140154284655,3.158
2026-07-28T08:00:02.914385+00:00,1,BOTH,707.0,67.0,562.2,17971,0.006695066945394501,1.2786635984288297,3.151
2026-07-28T08:00:02.980980+00:00,1,BOTH,707.5,67.5,562.3,17759,0.0,0.0,3.156
2026-07-28T08:00:03.014512+00:00,1,BOTH,707.5,67.5,562.3,17576,4.038926912471652e-05,0.0077137821948810035,3.159
2026-07-28T08:00:03.081028+00:00,1,BOTH,707.0,67.0,562.3,17888,0.002068729008969967,0.3950981372342018,3.152
2026-07-28T08:00:03.131066+00:00,1,BOTH,707.5,67.5,562.3,17429,-0.001655911618436221,-0.3162558232769101,3.157
2026-07-28T08:00:03.197742+00:00,1,BOTH,707.5,67.5,562.3,17552,-0.011624588043516723,-2.220132778239157,3.16
2026-07-28T08:00:03.264214+00:00,1,BOTH,707.0,67.0,562.3,17799,-0.008693174365907908,-1.6602740057927958,3.152
2026-07-28T08:00:03.330725+00:00,1,BOTH,707.5,67.5,562.3,17260,0.0016095525314449332,0.3074018898546413,3.157
2026-07-28T08:00:03.380652+00:00,1,BOTH,707.5,67.5,562.4,17414,0.0009619848779402673,0.18372557820461655,3.16
2026-07-28T08:00:03.430597+00:00,1,BOTH,707.5,67.5,562.4,17344,0.011184649881906808,2.136110778549182,3.161
2026-07-28T08:00:03.480755+00:00,1,BOTH,707.0,67.0,562.3,17773,0.004848433249862865,0.9259825415601329,3.153
2026-07-28T08:00:03.530623+00:00,1,BOTH,707.5,67.5,562.3,17462,-0.004772383422969142,-0.9114580945144303,3.158
2026-07-28T08:00:03.547124+00:00,1,BOTH,707.5,67.5,562.4,17518,0.0022904284740798177,0.4374396161378761,3.16
2026-07-28T08:00:03.630404+00:00,1,BOTH,707.5,67.5,562.4,17123,-0.009051675469963811,-1.7287426731700744,3.162
2026-07-28T08:00:03.680470+00:00,1,BOTH,707.0,67.0,562.3,18239,0.004729284622007981,0.9032268298572671,3.153
2026-07-28T08:00:03.713838+00:00,1,BOTH,707.5,67.5,562.4,17318,0.0055928495567059144,1.0681555835028744,3.158
2026-07-28T08:00:03.780403+00:00,1,BOTH,707.0,67.0,562.3,18076,0.0055491158380755225,1.059803058503094,3.151
2026-07-28T08:00:03.863683+00:00,1,BOTH,707.5,67.5,562.3,17284,0.018056772265263133,3.448589474761522,3.156
2026-07-28T08:00:03.963520+00:00,1,BOTH,707.5,67.5,562.4,17462,-2.3601170105393977e-05,-0.004507491462031344,3.159
2026-07-28T08:00:03.996751+00:00,1,BOTH,707.5,67.5,562.4,17527,0.011973631485670922,2.2867951652463385,3.161
2026-07-28T08:00:04.063299+00:00,1,BOTH,707.5,67.5,562.4,17370,-2.9111395706422625e-05,-0.005559867032377607,3.162
2026-07-28T08:00:04.113364+00:00,1,BOTH,707.5,67.5,562.4,17202,-0.005514043197617866,-1.053104677587749,3.163
2026-07-28T08:00:04.179896+00:00,1,BOTH,707.0,67.0,562.3,17888,-0.002434328023518901,-0.46492240566018816,3.154
2026-07-28T08:00:04.246448+00:00,1,BOTH,707.5,67.5,562.4,17694,-0.0049328601406887175,-0.9421068899659101,3.158
2026-07-28T08:00:04.296439+00:00,1,BOTH,706.5,66.5,562.2,18435,-0.004948831892397721,-0.9451572698470992,3.142
2026-07-28T08:00:04.346395+00:00,1,BOTH,707.0,67.0,562.2,17925,-0.004948831892397721,-0.9451572698470992,3.141
2026-07-28T08:00:04.363111+00:00,1,BOTH,707.0,67.0,562.1,17762,-0.0014030549897870515,-0.26796376446522957,3.141
2026-07-28T08:00:04.446321+00:00,1,BOTH,707.0,67.0,562.1,17849,-0.003085868492489681,-0.5893574691735216,3.141
2026-07-28T08:00:04.513021+00:00,1,BOTH,707.5,67.5,562.2,17453,0.021588268887717275,4.123055647532613,3.15
2026-07-28T08:00:04.596155+00:00,1,BOTH,707.5,67.5,562.2,17758,-0.014727472220547497,-2.8127400037784476,3.156
2026-07-28T08:00:04.646120+00:00,1,BOTH,707.5,67.5,562.3,17509,0.006375159543240443,1.2175657851674235,3.159
2026-07-28T08:00:04.712801+00:00,1,BOTH,707.5,67.5,562.1,17666,-0.021113268601475284,-4.032337275302039,3.161
2026-07-28T08:00:04.762712+00:00,1,BOTH,707.0,67.0,562.1,17948,0.001859122209243651,0.3550661872956624,3.153
2026-07-28T08:00:04.812606+00:00,1,BOTH,707.0,67.0,562.1,17881,0.001859122209243651,0.3550661872956624,3.148
2026-07-28T08:00:04.862600+00:00,1,BOTH,707.5,67.5,562.2,17708,0.001859122209243651,0.3550661872956624,3.154
2026-07-28T08:00:04.912591+00:00,1,BOTH,707.0,67.0,562.1,18091,0.001859122209243651,0.3550661872956624,3.149
2026-07-28T08:00:04.962612+00:00,1,BOTH,707.0,67.0,562.1,18411,0.00698400421300903,1.3338465516900113,3.146
2026-07-28T08:00:05.029032+00:00,1,BOTH,707.0,67.0,562.1,18171,0.016218145824968815,3.097437690994766,3.144
2026-07-28T08:00:05.095744+00:00,1,BOTH,707.5,67.5,562.2,17048,-0.047688415572047234,-9.1078164798142,3.152
2026-07-28T08:00:05.162359+00:00,1,BOTH,708.5,68.5,562.2,16750,0.02593617099133553,4.9534437817772075,3.175
2026-07-28T08:00:05.195693+00:00,1,BOTH,707.5,67.5,562.3,17615,0.011826340253173839,2.2586646119751284,3.171
2026-07-28T08:00:05.278827+00:00,1,BOTH,708.0,68.0,562.2,17118,0.001660392382182181,0.3171115861157059,3.178
2026-07-28T08:00:05.345512+00:00,1,BOTH,707.0,67.0,562.2,17789,0.024428049827110953,4.665413856095793,3.163
2026-07-28T08:00:05.395491+00:00,1,BOTH,708.0,68.0,562.1,17493,-0.010894439173862338,-2.080684616081011,3.173
2026-07-28T08:00:05.462163+00:00,1,BOTH,708.5,68.5,562.2,16760,0.012255974486470223,2.3407187063158674,3.188
2026-07-28T08:00:05.528658+00:00,1,BOTH,707.5,67.5,562.3,17527,0.04503999582957476,8.602005567738209,3.178
2026-07-28T08:00:05.545314+00:00,1,BOTH,706.5,66.5,562.1,18459,0.008522119272965938,1.627604889493486,3.154
2026-07-28T08:00:05.611988+00:00,1,BOTH,707.0,67.0,562.1,17933,0.0065011834772303705,1.2416345836182838,3.149
2026-07-28T08:00:05.678480+00:00,1,BOTH,707.5,67.5,562.0,17842,0.023722225069068372,4.530611257056852,3.155
2026-07-28T08:00:05.728479+00:00,1,BOTH,707.5,67.5,562.1,17342,-0.059864078490063546,-11.433196806401783,3.158
2026-07-28T08:00:05.811776+00:00,1,BOTH,707.0,67.0,562.3,17442,-0.0790375344734639,-15.095057161497435,3.151
2026-07-28T08:00:05.844865+00:00,1,BOTH,708.0,68.0,562.2,17694,-0.004369477699510753,-0.8345087695283276,3.166
2026-07-28T08:00:05.861749+00:00,1,BOTH,707.5,67.5,562.1,17790,-0.029746439848095177,-5.681151529452091,3.165
2026-07-28T08:00:05.944921+00:00,1,BOTH,707.5,67.5,562.2,17585,-0.005715029056882486,-1.0914901491799922,3.165
2026-07-28T08:00:05.994901+00:00,1,BOTH,707.5,67.5,562.2,17537,0.0033479974162764848,0.6394204059111559,3.164
2026-07-28T08:00:06.045570+00:00,1,BOTH,707.0,67.0,562.2,18063,-0.01793486987880897,-3.425307833906867,3.155
2026-07-28T08:00:06.094740+00:00,1,BOTH,708.0,68.0,562.1,17607,0.027890870507981162,5.326763890177397,3.168
2026-07-28T08:00:06.161399+00:00,1,BOTH,707.5,67.5,562.0,17842,0.004611026291968301,0.8806411525121377,3.166
2026-07-28T08:00:06.211166+00:00,1,BOTH,707.5,67.5,561.9,17849,0.0060197455016896126,1.149686703298924,3.165
2026-07-28T08:00:06.244638+00:00,1,BOTH,707.0,67.0,561.9,17707,-0.007198901249212213,-1.374888862371053,3.156
2026-07-28T08:00:06.261261+00:00,1,BOTH,707.5,67.5,561.8,17906,0.012333829881536076,2.355587991481191,3.159
2026-07-28T08:00:06.378035+00:00,1,BOTH,708.5,68.5,562.0,16840,0.04488951118662953,8.573265117997227,3.18
2026-07-28T08:00:06.427846+00:00,1,BOTH,706.5,66.5,562.1,18150,-0.0559609252307564,-10.687749444565014,3.155
2026-07-28T08:00:06.477958+00:00,1,BOTH,707.5,67.5,562.0,17998,0.018411342883482576,3.51630747463925,3.158
2026-07-28T08:00:06.527799+00:00,1,BOTH,707.5,67.5,562.1,17343,-0.03122909100726247,-5.964317042486974,3.161
2026-07-28T08:00:06.577737+00:00,1,BOTH,707.5,67.5,562.2,17628,0.0037442573765292765,0.7151004836195116,3.162
2026-07-28T08:00:06.644543+00:00,1,BOTH,707.5,67.5,562.2,17167,-0.013902737107127906,-2.6552271997278285,3.163
2026-07-28T08:00:06.677530+00:00,1,BOTH,707.5,67.5,562.3,17662,0.01059208698454313,2.0229396014992402,3.163
2026-07-28T08:00:06.694245+00:00,1,BOTH,708.0,68.0,562.2,17088,0.017511327611864545,3.3444172194358046,3.173
2026-07-28T08:00:06.727629+00:00,1,BOTH,707.0,67.0,562.2,18015,0.010495529075851663,2.004498399343805,3.16
2026-07-28T08:00:06.827593+00:00,1,BOTH,707.5,67.5,562.2,17045,-0.011312157574866432,-2.1604629540893034,3.162
2026-07-28T08:00:06.910898+00:00,1,BOTH,707.0,67.0,562.2,18179,-0.04258993977447972,-8.134079329313483,3.153
2026-07-28T08:00:06.977290+00:00,1,BOTH,707.5,67.5,562.1,17979,0.03389284405857325,6.47305640083765,3.158
2026-07-28T08:00:07.010942+00:00,1,BOTH,707.5,67.5,562.1,17171,-0.014330349233932792,-2.7368951001762714,3.16
2026-07-28T08:00:07.044204+00:00,1,BOTH,707.5,67.5,562.0,17979,-0.032676911000162366,-6.240830292779725,3.162
2026-07-28T08:00:07.127263+00:00,1,BOTH,707.5,67.5,562.1,17714,-0.004721235539764166,-0.9016895683855196,3.163
2026-07-28T08:00:07.193821+00:00,1,BOTH,707.5,67.5,562.2,17734,-0.004988895838614553,-0.9528089199433112,3.163
2026-07-28T08:00:07.243830+00:00,1,BOTH,707.5,67.5,562.3,17556,0.015583194517530501,2.9761709239530028,3.164
2026-07-28T08:00:07.293753+00:00,1,BOTH,707.5,67.5,562.3,17668,-0.0036979504075134173,-0.7062565039973389,3.164
2026-07-28T08:00:07.343814+00:00,1,BOTH,707.5,67.5,562.3,17670,-0.02325163808767684,-4.440735763965065,3.164
2026-07-28T08:00:07.360302+00:00,1,BOTH,708.0,68.0,562.3,17198,-0.0013789014890789985,-0.26335078562843733,3.173
2026-07-28T08:00:07.444824+00:00,1,BOTH,707.0,67.0,562.2,18186,0.009255447298055514,1.7676602256144742,3.16
2026-07-28T08:00:07.493707+00:00,1,BOTH,707.5,67.5,562.3,17597,-0.04793347833445296,-9.15462001981975,3.162
2026-07-28T08:00:07.543745+00:00,1,BOTH,707.5,67.5,562.3,16993,-0.007394200777634978,-1.4121883247694518,3.163
2026-07-28T08:00:07.610126+00:00,1,BOTH,707.5,67.5,562.4,17455,-0.04195674018003046,-8.013147114809025,3.163
2026-07-28T08:00:07.643763+00:00,1,BOTH,708.0,68.0,562.3,17548,-0.033056537015363575,-6.313333520994386,3.173
2026-07-28T08:00:07.676667+00:00,1,BOTH,707.5,67.5,562.3,17549,-0.019619521358981727,-3.7470525664547543,3.169
2026-07-28T08:00:07.793463+00:00,1,BOTH,707.0,67.0,562.3,18136,0.0067147848941385745,1.282429449241132,3.158
2026-07-28T08:00:07.843391+00:00,1,BOTH,707.0,67.0,562.2,17749,-0.005021363785490393,-0.9590098410281132,3.151
2026-07-28T08:00:07.909942+00:00,1,BOTH,707.5,67.5,562.3,17535,0.0022295129403937606,0.4258056061812159,3.156
2026-07-28T08:00:07.959986+00:00,1,BOTH,707.5,67.5,562.1,17812,0.0032575670696678573,0.6221494819092241,3.159
2026-07-28T08:00:08.026407+00:00,1,BOTH,707.0,67.0,562.1,18208,-0.0281704389071092,-5.380157521361615,3.152
2026-07-28T08:00:08.076343+00:00,1,BOTH,707.0,67.0,562.1,17913,0.019144722073106094,3.6563725824664237,3.147
2026-07-28T08:00:08.126332+00:00,1,BOTH,708.0,68.0,562.3,16926,-0.030381237010005863,-5.802388856866641,3.163
2026-07-28T08:00:08.192599+00:00,1,BOTH,707.5,67.5,562.1,17903,0.02750789883546531,5.253621688483315,3.164
2026-07-28T08:00:08.259162+00:00,1,BOTH,707.0,67.0,562.1,18026,0.005232248548418283,0.9992858639593967,3.154
2026-07-28T08:00:08.308982+00:00,1,BOTH,707.5,67.5,562.2,17296,-0.01147556385025382,-2.1916712538414695,3.158
2026-07-28T08:00:08.342670+00:00,1,BOTH,707.5,67.5,562.2,17707,0.008339438368566335,1.5927154067610523,3.161
2026-07-28T08:00:08.408776+00:00,1,BOTH,707.5,67.5,562.3,17414,-0.005455825263634324,-1.0419858712236547,3.162
2026-07-28T08:00:08.475335+00:00,1,BOTH,708.0,68.0,562.2,17638,0.009758412349037826,1.8637194744940366,3.172
2026-07-28T08:00:08.508509+00:00,1,BOTH,708.5,68.5,562.3,16828,-0.03113873191177845,-5.947059726447462,3.188
2026-07-28T08:00:08.575023+00:00,1,BOTH,708.0,68.0,562.2,17144,0.005682958957040682,1.085365211281664,3.188
2026-07-28T08:00:08.641684+00:00,1,BOTH,707.5,67.5,562.3,17504,-0.02338088460965082,-4.4654200313845775,3.178
2026-07-28T08:00:08.691326+00:00,1,BOTH,708.0,68.0,562.2,17113,0.011117968506296165,2.123375573900461,3.182
2026-07-28T08:00:08.741390+00:00,1,BOTH,707.5,67.5,562.3,17549,-0.014570097824325785,-2.782683708088702,3.175
2026-07-28T08:00:08.791097+00:00,1,BOTH,707.0,67.0,562.2,18182,-0.03251965961186215,-6.210797489872474,3.161
2026-07-28T08:00:08.840962+00:00,1,BOTH,707.5,67.5,562.3,17371,-0.030605393790174275,-5.84519964837628,3.162
2026-07-28T08:00:08.890789+00:00,1,BOTH,707.5,67.5,562.1,17814,0.0689236903283745,13.163455214275034,3.163
2026-07-28T08:00:08.957346+00:00,1,BOTH,707.0,67.0,562.1,17771,-0.008228100218693725,-1.5714513864727337,3.154
2026-07-28T08:00:09.023699+00:00,1,BOTH,707.5,67.5,562.2,17268,0.009824845731200184,1.8764073158829795,3.158
2026-07-28T08:00:09.090276+00:00,1,BOTH,707.5,67.5,562.2,17507,0.011407827798975631,2.17873462097773,3.16
2026-07-28T08:00:09.140146+00:00,1,BOTH,708.0,68.0,562.2,17555,0.004107087161391973,0.7843958681337522,3.171
2026-07-28T08:00:09.173290+00:00,1,BOTH,707.5,67.5,562.3,17380,-0.011461266198894008,-2.1889406035752477,3.168
2026-07-28T08:00:09.239945+00:00,1,BOTH,707.5,67.5,562.3,17461,0.03697509134188295,7.061722270002015,3.167
2026-07-28T08:00:09.273054+00:00,1,BOTH,707.5,67.5,562.3,17212,-0.015006705445121043,-2.8660696213380907,3.166
2026-07-28T08:00:09.339602+00:00,1,BOTH,707.0,67.0,562.3,17773,0.035008592240628786,6.686148606941572,3.156
2026-07-28T08:00:09.439452+00:00,1,BOTH,707.5,67.5,562.3,17615,-0.020841544094728305,-3.9804417172124524,3.159
2026-07-28T08:00:09.489283+00:00,1,BOTH,707.0,67.0,562.3,17968,0.010237260648282245,1.9551727630731124,3.152
2026-07-28T08:00:09.555890+00:00,1,BOTH,707.5,67.5,562.3,17762,0.004097117077326402,0.7824917223392593,3.157
2026-07-28T08:00:09.605717+00:00,1,BOTH,707.0,67.0,562.2,17898,-0.0013992956571746617,-0.26724578482364353,3.15
2026-07-28T08:00:09.672015+00:00,1,BOTH,707.0,67.0,562.2,17928,0.034419545035489135,6.573648877646643,3.146
2026-07-28T08:00:09.738751+00:00,1,BOTH,707.0,67.0,562.2,17807,-0.029226859001792036,-5.581918897422073,3.144
2026-07-28T08:00:09.805157+00:00,1,BOTH,708.0,68.0,562.1,17293,-0.020608845255337654,-3.93599951256353,3.161
2026-07-28T08:00:09.871640+00:00,1,BOTH,707.0,67.0,562.1,17799,0.008838994327234104,1.6881235669686354,3.153
2026-07-28T08:00:09.938185+00:00,1,BOTH,707.5,67.5,562.2,17436,-0.01627878264465835,-3.10901847049912,3.157
2026-07-28T08:00:10.021251+00:00,1,BOTH,707.5,67.5,562.0,18284,-0.01272253781586187,-2.429825738481579,3.16
2026-07-28T08:00:10.087771+00:00,1,BOTH,707.5,67.5,562.1,17615,0.009656742325460073,1.844301930314034,3.162
2026-07-28T08:00:10.187531+00:00,1,BOTH,707.5,67.5,562.2,17278,0.02519578636973165,4.8120407349962315,3.163
2026-07-28T08:00:10.237445+00:00,1,BOTH,707.5,67.5,562.3,17108,0.00022854655981063843,0.04364917766461274,3.163
2026-07-28T08:00:10.287299+00:00,1,BOTH,707.5,67.5,562.3,17568,0.005682640835875646,1.0853044546145627,3.164
2026-07-28T08:00:10.303874+00:00,1,BOTH,707.0,67.0,562.3,18067,0.013864166971761733,2.647860846488728,3.154
2026-07-28T08:00:10.403833+00:00,1,BOTH,707.5,67.5,562.3,17594,-0.01440076018247055,-2.750342600785359,3.158
2026-07-28T08:00:10.420254+00:00,1,BOTH,707.0,67.0,562.2,17757,0.015384392577689142,2.938202550246591,3.151
2026-07-28T08:00:10.503469+00:00,1,BOTH,707.5,67.5,562.3,17598,-0.015355537133291363,-2.932691566313367,3.156
2026-07-28T08:00:10.569954+00:00,1,BOTH,707.0,67.0,562.2,18012,0.011008647021371871,2.1024967082462442,3.15
2026-07-28T08:00:10.636523+00:00,1,BOTH,707.5,67.5,562.1,17685,0.015659125803504138,2.9906727313506374,3.156
2026-07-28T08:00:10.702941+00:00,1,BOTH,707.0,67.0,562.1,18224,-0.004152397289872169,-0.7930494652374546,3.15
2026-07-28T08:00:10.769635+00:00,1,BOTH,707.5,67.5,562.2,17556,7.285532425157725e-05,0.013914341982241634,3.155
2026-07-28T08:00:10.819391+00:00,1,BOTH,707.0,67.0,562.1,17947,-7.040634169243276e-05,-0.01344662076644121,3.149
2026-07-28T08:00:10.869224+00:00,1,BOTH,708.0,68.0,562.3,17004,0.0016458480700384825,0.3143338271098566,3.165
2026-07-28T08:00:10.919102+00:00,1,BOTH,707.0,67.0,562.2,17799,-0.0011993059539236127,-0.2290505650157806,3.155
2026-07-28T08:00:10.968993+00:00,1,BOTH,707.5,67.5,562.3,17330,-0.003783269975101575,-0.7225513411062809,3.159
2026-07-28T08:00:11.035439+00:00,1,BOTH,707.0,67.0,562.2,17877,0.006692627919837832,1.278197778860424,3.151
2026-07-28T08:00:11.085798+00:00,1,BOTH,707.5,67.5,562.3,17474,-0.02673569633043371,-5.106141873590847,3.156
2026-07-28T08:00:11.135274+00:00,1,BOTH,707.5,67.5,562.3,17666,0.000570524699287489,0.10896219125714522,3.16
2026-07-28T08:00:11.151925+00:00,1,BOTH,707.0,67.0,562.3,17937,0.00011409443875891156,0.02179043268933157,3.152
2026-07-28T08:00:11.235036+00:00,1,BOTH,707.5,67.5,562.3,17459,0.00011409443875891156,0.02179043268933157,3.157
2026-07-28T08:00:11.284796+00:00,1,BOTH,708.0,68.0,562.2,17666,0.00011409443875891156,0.02179043268933157,3.169
2026-07-28T08:00:11.301609+00:00,1,BOTH,707.0,67.0,562.2,17994,0.00011409443875891156,0.02179043268933157,3.158
2026-07-28T08:00:11.384507+00:00,1,BOTH,707.5,67.5,562.3,17494,0.00011409443875891156,0.02179043268933157,3.16
2026-07-28T08:00:11.451219+00:00,1,BOTH,707.0,67.0,562.2,17914,0.005075308065861464,0.9693124396752224,3.152
2026-07-28T08:00:11.501108+00:00,1,BOTH,707.0,67.0,562.2,17929,0.003927419984247536,0.7500819649090668,3.148
2026-07-28T08:00:11.517741+00:00,1,BOTH,707.5,67.5,562.2,17639,-0.0046459429088281465,-0.887309735115286,3.154
2026-07-28T08:00:11.617430+00:00,1,BOTH,707.5,67.5,562.3,17245,0.0002121447422541678,0.04051666125684825,3.158
2026-07-28T08:00:11.667355+00:00,1,BOTH,707.5,67.5,562.3,17612,0.010240984353295061,1.9558839383443996,3.161
2026-07-28T08:00:11.717242+00:00,1,BOTH,707.5,67.5,562.4,17064,0.002888535454403609,0.5516696350374342,3.162
2026-07-28T08:00:11.767125+00:00,1,BOTH,707.5,67.5,562.4,17688,-0.02012047429976519,-3.842727530593286,3.163
2026-07-28T08:00:11.817027+00:00,1,BOTH,707.0,67.0,562.3,17971,0.044704326355131344,8.537897420414936,3.154
2026-07-28T08:00:11.866894+00:00,1,BOTH,707.0,67.0,562.2,18031,-0.015007445501396433,-2.866210961675364,3.149
2026-07-28T08:00:11.883463+00:00,1,BOTH,707.0,67.0,562.2,17819,-0.005919596871244721,-1.1305597238038985,3.145
2026-07-28T08:00:11.950138+00:00,1,BOTH,707.5,67.5,562.1,18074,0.013905722990166396,2.6557974613819124,3.153
2026-07-28T08:00:11.983379+00:00,1,BOTH,707.5,67.5,562.1,17560,0.006306214437354356,1.2043982398829056,3.157
2026-07-28T08:00:12.049897+00:00,1,BOTH,707.5,67.5,562.2,17642,-0.013895414179423825,-2.6538286235574176,3.16
2026-07-28T08:00:12.099736+00:00,1,BOTH,707.0,67.0,562.2,17999,-0.01869992432417348,-3.5714224699638955,3.152
2026-07-28T08:00:12.149609+00:00,1,BOTH,707.5,67.5,562.2,17689,0.030136804583016784,5.755705702057929,3.157
2026-07-28T08:00:12.215979+00:00,1,BOTH,707.5,67.5,562.3,17291,0.011821356674772687,2.257712818610933,3.16
2026-07-28T08:00:12.282670+00:00,1,BOTH,707.0,67.0,562.2,17896,0.0,0.0,3.152
2026-07-28T08:00:12.299129+00:00,1,BOTH,707.5,67.5,562.3,17633,0.021392426234669984,4.085652455971764,3.157
2026-07-28T08:00:12.332838+00:00,1,RIGHT,320.71,-319.29,562.3,15637,0.03087408796156524,5.8965164550445035,-0.843
2026-07-28T08:00:12.398912+00:00,1,BOTH,707.5,67.5,562.3,17182,0.06654929249547421,12.709978631907715,0.76
2026-07-28T08:00:12.465552+00:00,1,BOTH,707.5,67.5,562.4,17716,-0.025710214142745828,-4.910289202522986,1.721
2026-07-28T08:00:12.482253+00:00,1,BOTH,707.5,67.5,562.4,17661,-0.005438340920954942,-1.0386466077466914,2.299
2026-07-28T08:00:12.532120+00:00,1,BOTH,707.0,67.0,562.3,17982,0.009780082665965893,1.8678582001630004,2.635
2026-07-28T08:00:12.598616+00:00,1,BOTH,707.0,67.0,562.3,18406,0.027678869757801296,5.2862747293810175,2.837
2026-07-28T08:00:12.648471+00:00,1,BOTH,707.0,67.0,562.2,17806,0.02787234018513118,5.323224859203001,2.959
2026-07-28T08:00:12.682370+00:00,1,BOTH,707.5,67.5,562.3,17448,-0.026931900680065155,-5.143614144110816,3.041
2026-07-28T08:00:12.748271+00:00,1,BOTH,707.5,67.5,562.3,17648,-0.03715854831738397,-7.0967599713968275,3.09
2026-07-28T08:00:12.798153+00:00,1,BOTH,707.5,67.5,562.3,17731,-0.03256337072234601,-6.219145697034325,3.12
2026-07-28T08:00:12.814873+00:00,1,BOTH,707.5,67.5,562.4,17631,-0.03181498146615922,-6.076213877659532,3.137
2026-07-28T08:00:12.897871+00:00,1,BOTH,707.0,67.0,562.3,18074,0.030766120275948196,5.875896146012331,3.139
2026-07-28T08:00:12.964515+00:00,1,BOTH,708.0,68.0,562.4,16656,-0.06539348692633212,-12.48923602840919,3.158
2026-07-28T08:00:13.030936+00:00,1,BOTH,707.5,67.5,562.3,17851,0.13681120182620363,26.129014849179896,3.161
2026-07-28T08:00:13.098455+00:00,1,BOTH,707.0,67.0,562.2,18048,-0.02932165428996086,-5.60002346385474,3.153
2026-07-28T08:00:13.147306+00:00,1,BOTH,707.0,67.0,562.2,17854,0.12176486541517079,23.255376270892565,3.148
2026-07-28T08:00:13.230746+00:00,1,BOTH,707.5,67.5,562.0,18114,0.00806476054218365,1.5402558061692022,3.154
2026-07-28T08:00:13.297087+00:00,1,BOTH,707.0,67.0,562.0,17772,-0.046040826281532644,-8.793150104089401,3.149
2026-07-28T08:00:13.330562+00:00,1,BOTH,708.0,68.0,562.0,17081,0.011962442088406532,2.2846581477845227,3.164
2026-07-28T08:00:13.430295+00:00,1,BOTH,707.0,67.0,562.0,18428,-0.0020925944056943992,-0.3996560922632528,3.155
2026-07-28T08:00:13.446818+00:00,1,BOTH,707.0,67.0,562.0,17985,-0.006007102008443326,-1.1472719739612094,3.149
2026-07-28T08:00:13.563146+00:00,1,BOTH,707.0,67.0,562.0,18001,-0.01635817472299095,-3.1241812405498868,3.146
2026-07-28T08:00:13.613020+00:00,1,BOTH,707.5,67.5,562.1,17517,-0.015275950881186873,-2.917491711803862,3.153
2026-07-28T08:00:13.679648+00:00,1,BOTH,707.0,67.0,562.1,18322,-0.002527147396467626,-0.4826496000835638,3.148
2026-07-28T08:00:13.712913+00:00,1,BOTH,707.5,67.5,562.2,17443,-0.013674531962024047,-2.6116432274690897,3.154
2026-07-28T08:00:13.762841+00:00,1,BOTH,707.5,67.5,562.2,17452,-0.0016849674680270254,-0.32180508178264344,3.158
2026-07-28T08:00:13.779467+00:00,1,BOTH,707.5,67.5,562.3,17571,0.012217731421405914,2.333414818903104,3.161
2026-07-28T08:00:13.895928+00:00,1,BOTH,707.5,67.5,562.3,17616,0.03918200449552387,7.483211634853787,3.162
2026-07-28T08:00:13.929138+00:00,1,BOTH,707.5,67.5,562.4,17354,0.021830497467890383,4.169317898603832,3.163
2026-07-28T08:00:13.995744+00:00,1,BOTH,707.5,67.5,562.4,17634,0.008443777835927903,1.612642777149255,3.163
2026-07-28T08:00:14.078917+00:00,1,BOTH,707.5,67.5,562.4,17680,-0.011832365982118063,-2.2598154414317744,3.164
2026-07-28T08:00:14.145448+00:00,1,BOTH,707.5,67.5,562.4,17248,-0.013379997045267373,-2.5553912019711076,3.164
2026-07-28T08:00:14.195306+00:00,1,BOTH,707.0,67.0,562.3,17878,0.03157104411511682,6.029625275391761,3.155
2026-07-28T08:00:14.261796+00:00,1,BOTH,707.5,67.5,562.4,17665,0.014896073273848742,2.8449404330305192,3.158
2026-07-28T08:00:14.295122+00:00,1,BOTH,707.5,67.5,562.4,17561,0.013686901354230941,2.614005607364413,3.161
2026-07-28T08:00:14.345006+00:00,1,BOTH,707.0,67.0,562.3,17925,-0.001097231694147922,-0.20955581740888374,3.153
2026-07-28T08:00:14.394909+00:00,1,BOTH,707.5,67.5,562.4,17476,0.023620298891328276,4.511144791035492,3.157
2026-07-28T08:00:14.444871+00:00,1,BOTH,707.5,67.5,562.4,17615,-0.03802143568173051,-7.261559318637574,3.16
2026-07-28T08:00:14.461361+00:00,1,BOTH,707.5,67.5,562.4,17301,-0.021310973328218095,-4.070096096742541,3.162
2026-07-28T08:00:14.495381+00:00,1,BOTH,707.5,67.5,562.4,17577,-0.001585410851985216,-0.30279116870997647,3.163
2026-07-28T08:00:14.611125+00:00,1,BOTH,707.5,67.5,562.4,17271,0.017165056765079498,3.278284359138457,3.163
2026-07-28T08:00:14.627970+00:00,1,BOTH,707.5,67.5,562.5,17416,-0.040326287215575574,-7.70175353628283,3.164
2026-07-28T08:00:14.677330+00:00,1,RIGHT,320.55,-319.45,562.5,15644,-0.05372170433169231,-10.260089754852139,-0.836
2026-07-28T08:00:14.727663+00:00,1,BOTH,707.5,67.5,562.5,17497,-0.04479300631210208,-8.554834044621018,0.764
2026-07-28T08:00:14.843972+00:00,1,BOTH,708.0,68.0,562.6,16913,0.0607789605204016,11.607926403370884,1.733
2026-07-28T08:00:14.910525+00:00,1,BOTH,707.5,67.5,562.6,17685,0.027851226441562175,5.3191924312155825,2.306
2026-07-28T08:00:14.944042+00:00,1,BOTH,707.0,67.0,562.4,18080,0.003948356315959245,0.754080509727623,2.64
2026-07-28T08:00:14.960392+00:00,1,BOTH,707.5,67.5,562.5,17466,0.028133489381871185,5.37310068185778,2.849
2026-07-28T08:00:15.043638+00:00,1,BOTH,707.0,67.0,562.4,17981,0.05698703457135707,10.883721893016249,2.966
2026-07-28T08:00:15.093506+00:00,1,BOTH,707.5,67.5,562.4,17720,0.002040537329739891,0.38971392310996855,3.045
2026-07-28T08:00:15.143347+00:00,1,BOTH,707.5,67.5,562.4,17522,0.003701142585487105,0.7068661650818286,3.093
2026-07-28T08:00:15.210003+00:00,1,BOTH,707.0,67.0,562.1,18471,-0.04540276979561895,-8.67129029164339,3.112
2026-07-28T08:00:15.259974+00:00,1,BOTH,707.5,67.5,562.2,17321,-0.011784835429862141,-2.2507377746244734,3.133
2026-07-28T08:00:15.326378+00:00,1,BOTH,707.5,67.5,562.3,17607,-0.023192329357843846,-4.429408630939357,3.145
2026-07-28T08:00:15.359933+00:00,1,BOTH,707.5,67.5,562.1,17712,0.045933605819009245,8.772672504155963,3.153
2026-07-28T08:00:15.426423+00:00,1,BOTH,707.5,67.5,562.2,17151,-0.005014730823604623,-0.9577430386223608,3.157
2026-07-28T08:00:15.492535+00:00,1,BOTH,707.5,67.5,562.3,17041,0.025231275060214102,4.8188185756132,3.16
2026-07-28T08:00:15.542695+00:00,1,BOTH,707.5,67.5,562.1,18033,-0.011613341909833253,-2.217984924919482,3.162
2026-07-28T08:00:15.609351+00:00,1,BOTH,707.5,67.5,562.2,17323,0.03239554206491448,6.18709278452708,3.163
2026-07-28T08:00:15.692427+00:00,1,BOTH,707.5,67.5,562.2,17486,0.03239554206491448,6.18709278452708,3.163
2026-07-28T08:00:15.742394+00:00,1,BOTH,707.5,67.5,562.1,17831,-0.053831931599415836,-10.281141612278196,3.164
2026-07-28T08:00:15.759050+00:00,1,BOTH,707.0,67.0,562.1,17679,-0.0016132290475070477,-0.308104052700212,3.154
2026-07-28T08:00:15.808954+00:00,1,BOTH,707.5,67.5,562.2,17587,-0.0016132290475070477,-0.308104052700212,3.158
2026-07-28T08:00:15.858744+00:00,1,BOTH,708.0,68.0,562.3,17070,-0.0016132290475070477,-0.308104052700212,3.17
2026-07-28T08:00:15.875382+00:00,1,BOTH,707.5,67.5,562.4,17460,-0.0016132290475070477,-0.308104052700212,3.168
2026-07-28T08:00:15.925285+00:00,1,BOTH,708.0,68.0,562.3,17743,-0.0016132290475070477,-0.308104052700212,3.176
2026-07-28T08:00:16.008495+00:00,1,BOTH,707.5,67.5,562.3,17537,-0.0016132290475070477,-0.308104052700212,3.171
2026-07-28T08:00:16.058405+00:00,1,BOTH,707.5,67.5,562.2,17706,-0.0016132290475070477,-0.308104052700212,3.168
2026-07-28T08:00:16.108315+00:00,1,BOTH,707.0,67.0,562.1,17842,0.02616804520599544,4.997728494703619,3.157
2026-07-28T08:00:16.191598+00:00,1,BOTH,707.0,67.0,562.1,17904,0.0012383094639517368,0.2364996867184729,3.151
2026-07-28T08:00:16.208001+00:00,1,BOTH,707.0,67.0,562.1,18214,0.01046797898132354,1.9992367188716456,3.147
2026-07-28T08:00:16.224769+00:00,1,BOTH,707.5,67.5,562.2,17308,-0.014574055559933186,-2.7834395799111444,3.154
2026-07-28T08:00:16.324515+00:00,1,BOTH,707.0,67.0,562.3,17352,0.017885436778888108,3.4158668072611547,3.148
2026-07-28T08:00:16.391106+00:00,1,BOTH,707.5,67.5,562.2,17659,-0.11435472458600998,-21.84014362053094,3.155
2026-07-28T08:00:16.441079+00:00,1,BOTH,708.0,68.0,562.1,17357,0.018928293753415346,3.615037818181797,3.168
2026-07-28T08:00:16.524165+00:00,1,BOTH,707.5,67.5,562.2,17606,-0.0018822951475158333,-0.35949189250203983,3.166
2026-07-28T08:00:16.574144+00:00,1,BOTH,708.0,68.0,562.2,17187,0.0054995248484192415,1.0503318771391545,3.175
2026-07-28T08:00:16.640600+00:00,1,BOTH,707.0,67.0,562.1,17930,-0.020490620211930946,-3.9134201924970125,3.161
2026-07-28T08:00:16.707240+00:00,1,BOTH,707.5,67.5,562.2,17681,0.031012298136483877,5.92291265407318,3.162
2026-07-28T08:00:16.757012+00:00,1,BOTH,707.5,67.5,562.3,17609,-0.03693768390920013,-7.054577976618198,3.163
2026-07-28T08:00:16.806977+00:00,1,BOTH,708.0,68.0,562.2,17604,0.024464766999008136,4.672426319380342,3.173
2026-07-28T08:00:16.890142+00:00,1,BOTH,708.0,68.0,562.2,17244,-0.019008937138132752,-3.630439570148321,3.179
2026-07-28T08:00:16.940062+00:00,1,BOTH,707.5,67.5,562.2,17135,-0.06785795301198959,-12.959914379946852,3.173
2026-07-28T08:00:17.006845+00:00,1,BOTH,708.0,68.0,562.2,17129,0.03832974770106375,7.32044257690741,3.179
2026-07-28T08:00:17.023514+00:00,1,BOTH,708.0,68.0,562.2,17336,-0.037480765848886224,-7.158298986864169,3.182
2026-07-28T08:00:17.073345+00:00,1,BOTH,708.0,68.0,562.1,17738,-0.037480765848886224,-7.158298986864169,3.184
2026-07-28T08:00:17.106524+00:00,1,BOTH,708.0,68.0,562.1,17326,-0.04325143142137677,-8.26041492781468,3.186
2026-07-28T08:00:17.189857+00:00,1,BOTH,708.0,68.0,562.1,17481,0.023052435407880694,4.402690854565014,3.186
2026-07-28T08:00:17.240315+00:00,1,BOTH,707.0,67.0,562.1,17795,-0.021214634987991303,-4.051696829074905,3.168
2026-07-28T08:00:17.306196+00:00,1,BOTH,707.75,67.75,562.0,17633,-0.002727147669065744,-0.5208468384880242,3.171
2026-07-28T08:00:17.372967+00:00,1,BOTH,708.0,68.0,562.0,17514,-0.00717107995027618,-1.3695753856723647,3.178
2026-07-28T08:00:17.389314+00:00,1,BOTH,707.0,67.0,562.0,18090,-0.014979016402503476,-2.860781403735609,3.163
2026-07-28T08:00:17.472449+00:00,1,BOTH,707.0,67.0,562.0,18358,-0.0020763701817486436,-0.3965574937366965,3.154
2026-07-28T08:00:17.522569+00:00,1,BOTH,708.0,68.0,562.0,17618,-0.006618337559048087,-1.264009365087902,3.167
2026-07-28T08:00:17.555826+00:00,1,BOTH,707.5,67.5,562.1,17492,0.003952269084984437,0.7548277935654664,3.166
2026-07-28T08:00:17.572345+00:00,1,BOTH,707.0,67.0,562.1,18194,-5.8082064497284565e-05,-0.011092857203670144,3.156
2026-07-28T08:00:17.655681+00:00,1,BOTH,707.0,67.0,562.1,17977,0.002222603244008496,0.42448595137924106,3.15
2026-07-28T08:00:17.688850+00:00,1,BOTH,708.0,68.0,562.1,17578,0.021587058001896368,4.122824385375913,3.165
2026-07-28T08:00:17.738925+00:00,1,BOTH,707.5,67.5,562.1,17529,0.0078476647939533,1.4987935724230896,3.165
2026-07-28T08:00:17.788567+00:00,1,BOTH,707.5,67.5,562.2,17645,0.02376568385399878,4.538911273587782,3.164
2026-07-28T08:00:17.855313+00:00,1,BOTH,707.0,67.0,562.2,17905,-0.02376552958157845,-4.538881809725848,3.155
2026-07-28T08:00:17.905787+00:00,1,BOTH,707.5,67.5,562.0,18272,0.01123811726924032,2.146322297335187,3.159
2026-07-28T08:00:17.971947+00:00,1,BOTH,707.5,67.5,562.1,17430,-0.0062150198925519365,-1.1869813647769212,3.161
2026-07-28T08:00:18.022702+00:00,1,BOTH,707.5,67.5,562.0,17752,0.00935503362910822,1.7866798138361832,3.162
2026-07-28T08:00:18.088168+00:00,1,BOTH,707.5,67.5,562.1,17635,-0.008404652763856576,-1.605170438806481,3.163
2026-07-28T08:00:18.154799+00:00,1,BOTH,707.5,67.5,562.2,17431,0.008324221353977918,1.5898091710520346,3.163
2026-07-28T08:00:18.221439+00:00,1,BOTH,707.5,67.5,562.2,17560,0.005136910459550563,0.9810776302295182,3.164
2026-07-28T08:00:18.271066+00:00,1,BOTH,708.0,68.0,562.2,17658,-0.001570411548600532,-0.2999265127780475,3.173
2026-07-28T08:00:18.338121+00:00,1,BOTH,707.5,67.5,562.1,17775,3.345693927258253e-05,0.006389804719148245,3.17
2026-07-28T08:00:18.387772+00:00,1,BOTH,707.0,67.0,562.0,17931,-0.022826954330084845,-4.359627140839137,3.158
2026-07-28T08:00:18.454177+00:00,1,BOTH,707.5,67.5,562.1,17252,-0.0033637138665653767,-0.6424220268127581,3.16
2026-07-28T08:00:18.504224+00:00,1,BOTH,707.0,67.0,562.1,18002,0.004632665809986065,0.8847739960225218,3.152
2026-07-28T08:00:18.570805+00:00,1,BOTH,707.0,67.0,562.1,17748,0.033412543820450086,6.381325812359031,3.148
2026-07-28T08:00:18.603945+00:00,1,BOTH,707.5,67.5,562.2,17137,-0.005279231939930469,-1.00825903076226,3.154
2026-07-28T08:00:18.670550+00:00,1,BOTH,708.0,68.0,562.1,17426,-8.848320809192955e-05,-0.01689904793815126,3.168
2026-07-28T08:00:18.737229+00:00,1,BOTH,707.0,67.0,562.1,17891,-0.01039661720424192,-1.9856076233872115,3.157
2026-07-28T08:00:18.770453+00:00,1,BOTH,707.0,67.0,562.1,17921,0.024616805682890118,4.701463569077547,3.15
2026-07-28T08:00:18.837021+00:00,1,BOTH,707.0,67.0,562.1,17734,-2.778107940685004e-05,-0.005305795334434373,3.146
2026-07-28T08:00:18.903540+00:00,1,BOTH,707.0,67.0,562.1,18012,0.02077187267044792,3.9671354553326816,3.144
2026-07-28T08:00:18.936884+00:00,1,BOTH,707.5,67.5,562.1,17348,-0.013780531873344444,-2.6318877192938217,3.152
2026-07-28T08:00:19.020137+00:00,1,BOTH,707.5,67.5,562.2,17618,0.02802661371679278,5.352688933385625,3.157
2026-07-28T08:00:19.086635+00:00,1,BOTH,707.5,67.5,562.1,18355,0.0014067287917714567,0.26866540896014024,3.16
2026-07-28T08:00:19.136620+00:00,1,BOTH,707.5,67.5,562.2,17316,-0.05238469125702977,-10.004739067078898,3.161
2026-07-28T08:00:19.203111+00:00,1,BOTH,707.5,67.5,562.0,17797,0.033640377082047056,6.424838760099719,3.163
2026-07-28T08:00:19.253063+00:00,1,BOTH,707.5,67.5,562.1,17265,0.022378003392368555,4.2738838277071896,3.163
2026-07-28T08:00:19.302888+00:00,1,BOTH,707.5,67.5,562.2,17244,-0.05440744544845075,-10.391056660948294,3.164
2026-07-28T08:00:19.319619+00:00,1,BOTH,708.0,68.0,562.2,17632,0.00129271547019016,0.2468904685105532,3.173
2026-07-28T08:00:19.419451+00:00,1,BOTH,707.5,67.5,562.0,17991,-0.005093943466199562,-0.9728715389715881,3.169
2026-07-28T08:00:19.436133+00:00,1,BOTH,707.5,67.5,561.9,18270,0.01056411977915559,2.0175982587209687,3.167
2026-07-28T08:00:19.535908+00:00,1,BOTH,707.0,67.0,561.9,17912,0.006703325179405511,1.280240804945704,3.157
2026-07-28T08:00:19.602422+00:00,1,BOTH,707.0,67.0,561.9,18005,0.006703325179405511,1.280240804945704,3.15
2026-07-28T08:00:19.669041+00:00,1,BOTH,707.0,67.0,562.0,17810,-0.004763796243350953,-0.9098180640142869,3.146
2026-07-28T08:00:19.718982+00:00,1,BOTH,707.5,67.5,562.1,17424,0.054843392667826264,10.47431644681723,3.153
2026-07-28T08:00:19.785522+00:00,1,BOTH,707.5,67.5,562.2,17643,-0.03671450948808342,-7.011954801867322,3.158
2026-07-28T08:00:19.852200+00:00,1,BOTH,708.0,68.0,562.1,17362,-0.03671450948808342,-7.011954801867322,3.17
2026-07-28T08:00:19.918608+00:00,1,BOTH,707.5,67.5,562.2,17425,-0.014589431063504889,-2.786376084786301,3.167
2026-07-28T08:00:19.968489+00:00,1,BOTH,707.5,67.5,562.1,17901,-0.025513287268695423,-4.872678940003677,3.166
2026-07-28T08:00:20.018571+00:00,1,BOTH,707.5,67.5,562.1,17476,-0.00872714509954676,-1.6667619380076935,3.165
2026-07-28T08:00:20.068444+00:00,1,BOTH,708.0,68.0,562.1,17644,-0.022224735701747704,-4.244611855012885,3.174
2026-07-28T08:00:20.134967+00:00,1,BOTH,707.0,67.0,562.1,17873,-0.006526353624649346,-1.2464417276743818,3.161
2026-07-28T08:00:20.151682+00:00,1,BOTH,707.5,67.5,562.0,17760,0.006802882520132698,1.299254856423083,3.162
2026-07-28T08:00:20.234988+00:00,1,BOTH,707.5,67.5,562.1,17740,0.005053811951074749,0.9652069841645308,3.163
2026-07-28T08:00:20.284763+00:00,1,BOTH,707.5,67.5,562.2,17473,-0.0014571418252307922,-0.2782935891257127,3.163
2026-07-28T08:00:20.351502+00:00,1,BOTH,707.5,67.5,562.2,17318,-0.015309635838493705,-2.9239250647597284,3.164
2026-07-28T08:00:20.401243+00:00,1,BOTH,707.0,67.0,562.2,17914,0.021365998950786887,4.080605216536779,3.154
2026-07-28T08:00:20.451268+00:00,1,BOTH,706.5,66.5,562.0,18497,0.07033608617261052,13.433202950530168,3.14
2026-07-28T08:00:20.534458+00:00,1,BOTH,708.0,68.0,562.0,17608,-0.007572708642255748,-1.446280815611661,3.159
2026-07-28T08:00:20.568054+00:00,1,BOTH,707.0,67.0,562.0,18403,-0.007625027811154723,-1.4562730408301392,3.151
2026-07-28T08:00:20.700773+00:00,1,BOTH,707.0,67.0,562.0,17869,0.021919095627963542,4.186238900753219,3.147
2026-07-28T08:00:20.734160+00:00,1,BOTH,707.0,67.0,562.0,17905,-0.011907956395298243,-2.2742521469213552,3.145
2026-07-28T08:00:20.817348+00:00,1,BOTH,707.0,67.0,561.8,18434,0.05772731055971235,11.025104192375025,3.143
2026-07-28T08:00:20.833993+00:00,1,BOTH,707.0,67.0,561.9,18081,-0.007613367956946604,-1.4540461727105956,3.142
2026-07-28T08:00:20.900550+00:00,1,BOTH,707.0,67.0,561.9,18147,-0.019052519297692926,-3.6387631494978665,3.141
2026-07-28T08:00:20.950455+00:00,1,BOTH,707.5,67.5,562.0,17452,0.014284557611681521,2.7281495445360875,3.151
2026-07-28T08:00:20.967047+00:00,1,BOTH,707.5,67.5,562.1,17438,-0.0004509576491545886,-0.08612656678566413,3.156
2026-07-28T08:00:21.050309+00:00,1,BOTH,707.5,67.5,562.2,17048,-0.03193708499195054,-6.099533933297896,3.159
2026-07-28T08:00:21.116872+00:00,1,BOTH,707.0,67.0,562.1,18084,-0.024723027447471395,-4.721750431754012,3.152
2026-07-28T08:00:21.150163+00:00,1,BOTH,707.0,67.0,562.1,18172,0.013504011742770671,2.5790762645195433,3.147
2026-07-28T08:00:21.216678+00:00,1,BOTH,707.0,67.0,562.1,18017,-0.0008354210807010531,-0.15955367346809496,3.145
2026-07-28T08:00:21.266711+00:00,1,BOTH,707.5,67.5,562.2,17448,0.0009667569131124765,0.18463696978813512,3.152
2026-07-28T08:00:21.299978+00:00,1,BOTH,707.0,67.0,562.1,17949,-0.007476615683408454,-1.4279284123354137,3.148
2026-07-28T08:00:21.366521+00:00,1,BOTH,707.0,67.0,562.1,18140,0.008421350455028004,1.6083594629122668,3.145
2026-07-28T08:00:21.383066+00:00,1,BOTH,707.5,67.5,562.2,17723,-0.024236194660770708,-4.628772218398871,3.153
2026-07-28T08:00:21.466428+00:00,1,BOTH,707.5,67.5,562.3,17690,0.0066202175003127195,1.2643684074218886,3.157
2026-07-28T08:00:21.516398+00:00,1,BOTH,707.5,67.5,562.3,17438,0.0016878751362673938,0.32236040551063455,3.16
2026-07-28T08:00:21.566308+00:00,1,BOTH,707.0,67.0,562.2,17756,0.006720433300361037,1.2835082153662072,3.152
2026-07-28T08:00:21.633012+00:00,1,BOTH,707.5,67.5,562.3,17552,-0.012377789963356917,-2.363983748665804,3.157
2026-07-28T08:00:21.666669+00:00,1,BOTH,707.5,67.5,562.3,17545,0.0004527411676826887,0.08646719373347588,3.16
2026-07-28T08:00:21.732681+00:00,1,BOTH,707.0,67.0,562.3,18128,0.01375546770519577,2.6271008157874047,3.152
2026-07-28T08:00:21.782766+00:00,1,BOTH,707.0,67.0,562.2,18181,0.00014047449692952796,0.02682865267761798,3.148
2026-07-28T08:00:21.849337+00:00,1,BOTH,707.0,67.0,562.2,18170,-0.0036322997949901036,-0.6937181605972236,3.145
2026-07-28T08:00:21.899074+00:00,1,BOTH,707.5,67.5,562.2,17210,-0.0036322997949901036,-0.6937181605972236,3.152
2026-07-28T08:00:21.915809+00:00,1,BOTH,707.5,67.5,562.3,17615,-0.004112720000557601,-0.7854716611699737,3.157
2026-07-28T08:00:22.001083+00:00,1,BOTH,707.0,67.0,562.2,17981,-0.016007083063668687,-3.0571276728785177,3.151
2026-07-28T08:00:22.082150+00:00,1,BOTH,707.5,67.5,562.1,18124,0.01651047789142467,3.153269003075627,3.156
2026-07-28T08:00:22.132064+00:00,1,BOTH,707.0,67.0,562.1,18194,-0.014432625082554296,-2.7564283484167085,3.15
2026-07-28T08:00:22.181854+00:00,1,BOTH,707.5,67.5,562.2,17117,0.012613067899364979,2.4089185244851743,3.156
2026-07-28T08:00:22.248567+00:00,1,BOTH,707.5,67.5,562.2,17562,2.7803090633824465e-05,0.00530999916912617,3.159
2026-07-28T08:00:22.315319+00:00,1,BOTH,707.5,67.5,562.3,17244,0.0002826842601643875,0.05398871680732516,3.161
2026-07-28T08:00:22.331833+00:00,1,BOTH,707.5,67.5,562.3,17559,0.0010686992795672268,0.20410652762624582,3.162
2026-07-28T08:00:22.365204+00:00,1,BOTH,707.0,67.0,562.3,18188,-0.03450815169140697,-6.590571502382842,3.154
2026-07-28T08:00:22.481587+00:00,1,BOTH,707.5,67.5,562.3,17181,0.0027624930115416647,0.5275973016524067,3.158
2026-07-28T08:00:22.498353+00:00,1,BOTH,707.5,67.5,562.3,17695,0.010546540938812542,2.0142409475196654,3.16
2026-07-28T08:00:22.514957+00:00,1,BOTH,707.0,67.0,562.3,18208,0.010546540938812542,2.0142409475196654,3.152
2026-07-28T08:00:22.564848+00:00,1,BOTH,707.5,67.5,562.3,17469,0.010546540938812542,2.0142409475196654,3.157
2026-07-28T08:00:22.650959+00:00,1,BOTH,707.5,67.5,562.4,17790,0.011269783759489655,2.152370151479451,3.16
2026-07-28T08:00:22.681324+00:00,1,BOTH,707.5,67.5,562.2,18376,-0.01636513621022459,-3.1255107866752927,3.162
2026-07-28T08:00:22.864478+00:00,1,BOTH,707.5,67.5,562.2,17317,0.015513883570965845,2.962933508245631,3.163
2026-07-28T08:00:22.897751+00:00,1,BOTH,707.5,67.5,562.3,17608,-0.004410006982507184,-0.8422492924029503,3.163
2026-07-28T08:00:22.947739+00:00,1,BOTH,707.0,67.0,562.2,17805,0.01558980015804991,2.9774325083621456,3.154
2026-07-28T08:00:23.047586+00:00,1,BOTH,707.0,67.0,562.2,17861,2.96558509580791e-05,0.0056638503258897716,3.149
2026-07-28T08:00:23.147306+00:00,1,BOTH,707.5,67.5,562.3,17235,-0.006466863476671279,-1.2350799463352085,3.155
2026-07-28T08:00:23.164059+00:00,1,BOTH,707.0,67.0,562.2,17780,0.003873840840533376,0.7398491022265794,3.149
2026-07-28T08:00:23.247340+00:00,1,BOTH,707.0,67.0,562.2,18207,0.013982996229460696,2.6705555629848052,3.146
2026-07-28T08:00:23.330554+00:00,1,BOTH,707.0,67.0,562.1,17970,0.00647987914038822,1.2375657549970163,3.144
2026-07-28T08:00:23.413757+00:00,1,BOTH,707.5,67.5,562.2,17487,-0.0015229941656434676,-0.2908704597147297,3.152
2026-07-28T08:00:23.480354+00:00,1,BOTH,707.5,67.5,562.3,17261,0.003942979244166054,0.7530535646613274,3.157
2026-07-28T08:00:23.546991+00:00,1,BOTH,707.5,67.5,562.3,17262,0.0014166067319456488,0.27055195656768666,3.16
2026-07-28T08:00:23.580217+00:00,1,BOTH,707.0,67.0,562.2,17845,-0.008271159440046177,-1.5796750919814506,3.152
2026-07-28T08:00:23.613580+00:00,1,BOTH,707.5,67.5,562.3,17346,4.484667268116027e-05,0.008565083566117104,3.157
2026-07-28T08:00:23.679955+00:00,1,BOTH,707.5,67.5,562.3,17458,-0.006142907793400809,-1.1732089683329594,3.16
2026-07-28T08:00:23.696754+00:00,1,BOTH,708.0,68.0,562.5,17095,0.00821983601548709,1.5698730399234715,3.171
2026-07-28T08:00:23.763397+00:00,1,BOTH,707.0,67.0,562.4,18143,3.875145921483636e-05,0.007400983543278222,3.159
2026-07-28T08:00:23.779831+00:00,1,BOTH,707.0,67.0,562.3,18164,-4.500208495301194e-05,-0.008594765123655906,3.152
2026-07-28T08:00:23.963056+00:00,1,BOTH,707.5,67.5,562.3,17265,-2.6381403731647876e-05,-0.0050384769715136795,3.157
2026-07-28T08:00:23.979591+00:00,1,BOTH,707.5,67.5,562.4,17571,2.931263297796249e-05,0.005598300520177482,3.16
2026-07-28T08:00:23.996360+00:00,1,BOTH,707.0,67.0,562.3,18276,0.0001340433018049225,0.02560038488473463,3.152
2026-07-28T08:00:24.029614+00:00,1,BOTH,707.5,67.5,562.3,17732,0.008360522920265795,1.5967422595120668,3.157
2026-07-28T08:00:24.096313+00:00,1,BOTH,707.0,67.0,562.3,17804,-0.005016190477181226,-0.9580218119206624,3.15
2026-07-28T08:00:24.146079+00:00,1,BOTH,708.0,68.0,562.2,17504,-0.017000643014907838,-3.246883645875942,3.165
2026-07-28T08:00:24.079525+00:00,1,BOTH,707.0,67.0,562.2,18001,-0.006506281008478254,-1.242608140373083,3.155
2026-07-28T08:00:24.295878+00:00,1,BOTH,707.0,67.0,562.1,17968,-0.02129504357551923,-4.067053738081433,3.149
2026-07-28T08:00:24.345930+00:00,1,BOTH,707.0,67.0,562.1,17840,0.013476811763830483,2.5738814511991515,3.146
2026-07-28T08:00:24.362539+00:00,1,BOTH,707.5,67.5,562.2,17344,0.00886516940779984,1.693122639118074,3.153
2026-07-28T08:00:24.495800+00:00,1,BOTH,707.0,67.0,562.2,17876,0.021095137496013196,4.028874489232425,3.148
2026-07-28T08:00:24.529339+00:00,1,BOTH,707.0,67.0,562.1,18324,0.01252569840522483,2.3922321802437625,3.145
2026-07-28T08:00:24.612314+00:00,1,BOTH,707.0,67.0,562.1,17716,-0.008841862109838984,-1.6886712731013709,3.143
2026-07-28T08:00:24.628787+00:00,1,BOTH,707.0,67.0,562.1,17805,-0.02517978277755901,-4.8089842740344295,3.142
2026-07-28T08:00:24.662160+00:00,1,BOTH,707.0,67.0,562.1,18133,0.029783717902610078,5.688271113425966,3.142
2026-07-28T08:00:24.845347+00:00,1,BOTH,708.0,68.0,562.0,17537,0.02936032194411382,5.607408441810193,3.16
2026-07-28T08:00:24.911987+00:00,1,BOTH,707.5,67.5,562.1,17683,0.047034463327145205,8.982920801027559,3.162
2026-07-28T08:00:24.928494+00:00,1,BOTH,707.5,67.5,562.2,17650,0.045214033325319175,8.63524428101548,3.163
2026-07-28T08:00:24.961820+00:00,1,BOTH,707.5,67.5,562.3,17183,0.0033822909579612316,0.6459699899214624,3.163
2026-07-28T08:00:25.095030+00:00,1,BOTH,707.0,67.0,562.2,17883,-0.04757085544755682,-9.085364149906422,3.154
2026-07-28T08:00:25.111603+00:00,1,BOTH,707.0,67.0,562.2,17813,-0.011788137170369736,-2.2513683606115817,3.149
2026-07-28T08:00:25.144970+00:00,1,BOTH,707.5,67.5,562.2,17248,-0.08966810228303075,-17.125346059216813,3.155
2026-07-28T08:00:25.244688+00:00,1,BOTH,707.5,67.5,562.3,17399,-0.030578799579525365,-5.840120528277399,3.159
2026-07-28T08:00:25.344666+00:00,1,BOTH,707.5,67.5,562.3,17438,0.0261735120578669,4.998772586501812,3.161
2026-07-28T08:00:25.427932+00:00,1,BOTH,707.5,67.5,562.2,17861,-0.07680133264628239,-14.667974072040957,3.162
2026-07-28T08:00:25.444418+00:00,1,BOTH,707.0,67.0,562.1,17846,0.0061900469486135985,1.1822118838113091,3.153
2026-07-28T08:00:25.527831+00:00,1,BOTH,707.5,67.5,562.0,17964,0.014767562539200299,2.820396690638915,3.158
2026-07-28T08:00:25.644318+00:00,1,BOTH,707.5,67.5,562.1,17475,-0.00934946337947622,-1.7856159745203568,3.16
2026-07-28T08:00:25.660922+00:00,1,BOTH,707.0,67.0,562.1,17931,0.031681659339228646,6.0507512270301,3.152
2026-07-28T08:00:25.694244+00:00,1,BOTH,707.5,67.5,562.2,17333,0.024577709464356303,4.6939967413545185,3.157
2026-07-28T08:00:25.744161+00:00,1,BOTH,707.0,67.0,562.1,17964,0.04101020542439073,7.832372292607013,3.15
2026-07-28T08:00:25.827429+00:00,1,BOTH,707.5,67.5,562.2,17436,-0.01979976458242163,-3.781476486417887,3.156
2026-07-28T08:00:25.844076+00:00,1,BOTH,707.5,67.5,562.1,17942,-0.03346109374251682,-6.3905981644594085,3.159
2026-07-28T08:00:26.010618+00:00,1,BOTH,707.0,67.0,562.1,17807,-0.021017497339635156,-4.014046311628434,3.152
2026-07-28T08:00:26.043817+00:00,1,BOTH,707.0,67.0,562.0,17863,0.007877275515056681,1.504448803581632,3.147
2026-07-28T08:00:26.077181+00:00,1,BOTH,707.0,67.0,562.0,18051,0.010628040659357794,2.0298062475821275,3.145
2026-07-28T08:00:26.127133+00:00,1,BOTH,707.0,67.0,562.0,18407,-0.0030017084651626645,-0.5732840879417093,3.143
2026-07-28T08:00:26.093748+00:00,1,BOTH,707.5,67.5,562.1,17439,3.3911226200871166e-05,0.006476567131411249,3.151
2026-07-28T08:00:25.943899+00:00,1,BOTH,707.0,67.0,562.1,17753,-0.000988804762600921,-0.1888477988648936,3.147
2026-07-28T08:00:26.226802+00:00,1,BOTH,707.5,67.5,562.0,18256,-0.004438838076457614,-0.8477556257432998,3.154
2026-07-28T08:00:26.243569+00:00,1,BOTH,707.5,67.5,562.1,17443,-0.004692291359533556,-0.8961616371565864,3.158
2026-07-28T08:00:26.276896+00:00,1,BOTH,707.5,67.5,562.2,17746,0.0006066217532497831,0.11585622074013,3.16
2026-07-28T08:00:26.376768+00:00,1,BOTH,707.5,67.5,562.2,17504,-0.009773570097750053,-1.8666143912544717,3.162
2026-07-28T08:00:26.443350+00:00,1,BOTH,707.5,67.5,562.3,17464,-0.003466246603638865,-0.6620043371335429,3.163
2026-07-28T08:00:26.493265+00:00,1,BOTH,707.5,67.5,562.3,17624,-0.010571723362368175,-2.019050436145161,3.163
2026-07-28T08:00:26.560103+00:00,1,BOTH,707.5,67.5,562.4,17534,-0.006870304828626103,-1.3121315688287536,3.164
2026-07-28T08:00:26.593204+00:00,1,BOTH,707.5,67.5,562.4,17300,0.00917823748968658,1.7529142384259617,3.164
2026-07-28T08:00:26.626522+00:00,1,BOTH,707.5,67.5,562.4,17551,-0.005196945240022614,-0.9925434287129947,3.164
2026-07-28T08:00:26.809492+00:00,1,BOTH,707.5,67.5,562.4,17557,-0.005158202929305844,-0.9851441924041434,3.164
2026-07-28T08:00:26.826240+00:00,1,BOTH,707.5,67.5,562.4,17519,0.0056314388947794215,1.0755256041889256,3.164
2026-07-28T08:00:26.909488+00:00,1,BOTH,707.5,67.5,562.5,17580,0.02246524818430771,4.290546355582559,3.164
2026-07-28T08:00:27.109198+00:00,1,BOTH,707.5,67.5,562.5,17313,0.011151290008419891,2.1297395120295466,3.164
2026-07-28T08:00:27.159323+00:00,1,BOTH,707.0,67.0,562.4,17899,-0.005541110087651759,-1.0582740727993716,3.155
2026-07-28T08:00:27.175798+00:00,1,BOTH,707.5,67.5,562.4,17771,-0.007686150914232712,-1.467946693620512,3.158
2026-07-28T08:00:27.309082+00:00,1,BOTH,707.0,67.0,562.3,17789,0.000912313733715564,0.17423908844574618,3.151
2026-07-28T08:00:27.408933+00:00,1,BOTH,707.0,67.0,562.3,17885,-0.003941182815178763,-0.7527104719974382,3.147
2026-07-28T08:00:27.425960+00:00,1,BOTH,707.5,67.5,562.3,17607,0.007838515206240118,1.4970461298889226,3.154
2026-07-28T08:00:27.509001+00:00,1,BOTH,707.5,67.5,562.3,17459,-0.001764180836325977,-0.3369337207311278,3.158
2026-07-28T08:00:27.625393+00:00,1,BOTH,707.5,67.5,562.4,17190,0.020772897633723916,3.9673312088989166,3.16
2026-07-28T08:00:27.442406+00:00,1,BOTH,707.5,67.5,562.4,17397,-0.012227948876097799,-2.335366209007141,3.162
2026-07-28T08:00:27.708589+00:00,1,BOTH,707.0,67.0,562.3,18036,0.005987681677215733,1.1435629639075853,3.153
2026-07-28T08:00:27.725361+00:00,1,BOTH,707.5,67.5,562.4,17537,0.004022183384513482,0.7681804412008922,3.158
2026-07-28T08:00:27.741880+00:00,1,BOTH,707.0,67.0,562.3,17916,0.016993540895637125,3.2455272410099076,3.151
2026-07-28T08:00:27.975123+00:00,1,BOTH,707.5,67.5,562.3,17650,-0.00016025430464651437,-0.0306063176834967,3.156
2026-07-28T08:00:27.991689+00:00,1,BOTH,707.5,67.5,562.4,17341,0.013341521733700575,2.5480429587436797,3.159
2026-07-28T08:00:28.008317+00:00,1,BOTH,707.5,67.5,562.4,17331,0.0030263712612213565,0.5779943350255591,3.161
2026-07-28T08:00:28.108130+00:00,1,BOTH,707.5,67.5,562.4,17468,0.004047612121794373,0.7730369722826991,3.162
2026-07-28T08:00:28.224784+00:00,1,BOTH,707.0,67.0,562.3,17758,0.01859968880773522,3.5522788964664738,3.154
2026-07-28T08:00:28.358021+00:00,1,BOTH,707.5,67.5,562.4,17427,0.020280844962690024,3.8733560710709796,3.158
2026-07-28T08:00:28.474669+00:00,1,BOTH,707.5,67.5,562.2,18132,-0.0031321307714097203,-0.5981929136161059,3.16
2026-07-28T08:00:28.524392+00:00,1,BOTH,708.0,68.0,562.4,16916,0.0009451504207390826,0.18051043371121156,3.171
2026-07-28T08:00:28.541155+00:00,1,BOTH,707.5,67.5,562.4,17562,-0.002421125036989906,-0.4624008209765898,3.168
2026-07-28T08:00:28.590991+00:00,1,BOTH,707.5,67.5,562.4,17553,0.0006533809215761721,0.12478656406894295,3.167
2026-07-28T08:00:28.707562+00:00,1,BOTH,707.5,67.5,562.4,17423,-0.0008371196495136246,-0.15987807621533795,3.166
2026-07-28T08:00:28.724298+00:00,1,BOTH,707.5,67.5,562.4,17688,-0.007867215818550903,-1.5025275430717533,3.165
2026-07-28T08:00:28.574298+00:00,1,BOTH,707.5,67.5,562.5,17759,0.006249425260466524,1.1935523060239233,3.165
2026-07-28T08:00:28.924019+00:00,1,BOTH,708.0,68.0,562.6,16977,-0.01883885368471965,-3.597956023329719,3.174
2026-07-28T08:00:28.957325+00:00,1,BOTH,707.5,67.5,562.5,17073,0.007758946216199547,1.4818495721907787,3.17
2026-07-28T08:00:29.057050+00:00,1,BOTH,707.5,67.5,562.5,17223,0.014102105304482393,2.693303720652973,3.168
2026-07-28T08:00:29.073836+00:00,1,BOTH,707.0,67.0,562.4,18003,0.0036313213070388885,0.6935312831641935,3.157
2026-07-28T08:00:29.107058+00:00,1,BOTH,707.5,67.5,562.4,17659,0.0001328605570597574,0.025374497277603842,3.16
2026-07-28T08:00:29.240488+00:00,1,BOTH,707.5,67.5,562.5,17195,0.015150023103051352,2.8934412777684453,3.161
2026-07-28T08:00:29.256745+00:00,1,BOTH,707.5,67.5,562.5,17554,-0.028280346803367138,-5.401148383330753,3.162
2026-07-28T08:00:29.273661+00:00,1,BOTH,707.0,67.0,562.4,18422,-0.004607594190310919,-0.8799856693793784,3.154
2026-07-28T08:00:29.306851+00:00,1,BOTH,707.5,67.5,562.4,17343,0.007884519017534331,1.5058322106511717,3.158
2026-07-28T08:00:29.407018+00:00,1,BOTH,707.0,67.0,562.3,18171,0.003906141683401074,0.746018108796694,3.151
2026-07-28T08:00:29.340271+00:00,1,BOTH,707.5,67.5,562.4,17715,-0.008672741522314027,-1.656371620121528,3.156
2026-07-28T08:00:29.506753+00:00,1,BOTH,707.0,67.0,562.3,18201,-0.0007159095304086804,-0.13672864868536685,3.15
2026-07-28T08:00:29.523311+00:00,1,BOTH,707.0,67.0,562.2,17793,0.019057810752419756,3.639773742908973,3.146
2026-07-28T08:00:29.656592+00:00,1,BOTH,707.0,67.0,562.2,17931,-0.002769702648220118,-0.5289742408307336,3.144
2026-07-28T08:00:29.606617+00:00,1,BOTH,707.5,67.5,562.2,17672,0.00028579423975315875,0.05458267915668657,3.152
2026-07-28T08:00:29.590024+00:00,1,BOTH,708.0,68.0,562.4,17055,0.0004762327356729656,0.09095375273343417,3.166
2026-07-28T08:00:29.939583+00:00,1,BOTH,707.5,67.5,562.4,17734,0.00202148395786935,0.38607499713105087,3.165
2026-07-28T08:00:30.039392+00:00,1,BOTH,708.0,68.0,562.5,17064,-0.0021659136255766497,-0.4136590317847349,3.174
2026-07-28T08:00:30.089543+00:00,1,BOTH,707.0,67.0,562.4,17900,1.3895880983909591e-05,0.002653917776647058,3.161
2026-07-28T08:00:30.139297+00:00,1,BOTH,707.5,67.5,562.4,17686,0.009828398895915597,1.8770859203566725,3.162
2026-07-28T08:00:30.222700+00:00,1,BOTH,707.5,67.5,562.5,17637,0.026812463554088027,5.120803333325277,3.163
2026-07-28T08:00:30.322588+00:00,1,BOTH,707.5,67.5,562.5,17515,-0.023682174403220416,-4.522962143324263,3.163
2026-07-28T08:00:30.339469+00:00,1,BOTH,707.0,67.0,562.4,17785,-0.0016435422340873628,-0.3138934448823609,3.154
2026-07-28T08:00:30.372543+00:00,1,BOTH,707.5,67.5,562.4,17129,-0.028171425927430393,-5.380346028357275,3.158
2026-07-28T08:00:30.455737+00:00,1,BOTH,707.5,67.5,562.4,17609,-0.04758553604828194,-9.088167938113974,3.161
2026-07-28T08:00:30.405802+00:00,1,BOTH,706.5,66.5,562.2,18431,-0.012200756466481834,-2.330172841321189,3.143
2026-07-28T08:00:30.389208+00:00,1,BOTH,707.5,67.5,562.3,17745,-0.009593140048673376,-1.832154790223032,3.152
2026-07-28T08:00:30.705516+00:00,1,BOTH,708.0,68.0,562.2,17057,0.021921836232068018,4.186762317581562,3.166
2026-07-28T08:00:30.638883+00:00,1,BOTH,707.5,67.5,562.1,17925,0.010097512883949094,1.9284829060975177,3.165
2026-07-28T08:00:30.821934+00:00,1,BOTH,707.5,67.5,562.0,17753,0.015220531860832125,2.90690745856694,3.165
2026-07-28T08:00:30.955372+00:00,1,BOTH,707.5,67.5,562.1,17384,-0.020618669378745836,-3.9378757819258783,3.164
2026-07-28T08:00:31.038423+00:00,1,BOTH,708.0,68.0,562.1,17633,0.030916635433677585,5.904642423647797,3.174
2026-07-28T08:00:31.071776+00:00,1,BOTH,707.0,67.0,562.0,17770,3.6388474982231855e-05,0.006949686797997562,3.16
2026-07-28T08:00:31.088427+00:00,1,BOTH,707.5,67.5,562.1,17623,-0.00871598544443259,-1.6646306008781484,3.162
2026-07-28T08:00:31.138375+00:00,1,BOTH,708.0,68.0,562.1,17474,0.014327705293544568,2.73639014475784,3.172
2026-07-28T08:00:31.305001+00:00,1,BOTH,708.5,68.5,562.2,16901,-0.032086882892181166,-6.1281432248416845,3.188
2026-07-28T08:00:31.321585+00:00,1,BOTH,708.0,68.0,562.2,17477,0.008510326818213797,1.6253526965354972,3.188
2026-07-28T08:00:31.354927+00:00,1,BOTH,708.0,68.0,562.1,17119,-0.016446757991798223,-3.1410993986769853,3.188
2026-07-28T08:00:31.421530+00:00,1,BOTH,708.0,68.0,562.1,17720,-0.03443429759470746,-6.576466408914065,3.188
2026-07-28T08:00:31.521226+00:00,1,BOTH,707.5,67.5,562.2,17413,-0.015913685779087246,-3.0392901054635217,3.178
2026-07-28T08:00:31.588113+00:00,1,BOTH,707.5,67.5,562.2,17492,0.01545770166674629,2.9522035549230017,3.173
2026-07-28T08:00:31.621225+00:00,1,BOTH,707.0,67.0,562.2,17731,-0.021760502639954212,-4.155949871175541,3.16
2026-07-28T08:00:31.754389+00:00,1,BOTH,707.5,67.5,562.3,17259,0.028354160428280012,5.415245747257652,3.161
2026-07-28T08:00:31.837808+00:00,1,BOTH,707.0,67.0,562.2,17881,-0.001954709370620549,-0.37332199037076963,3.153
2026-07-28T08:00:31.904305+00:00,1,BOTH,707.0,67.0,562.2,18159,-0.0026749766117427497,-0.510882900496882,3.148
2026-07-28T08:00:31.970935+00:00,1,BOTH,708.0,68.0,562.1,17224,-0.003594017326249741,-0.686406747636676,3.164
2026-07-28T08:00:31.987649+00:00,1,BOTH,707.5,67.5,562.2,17390,-0.03688414547359571,-7.044352888611977,3.164
2026-07-28T08:00:32.070881+00:00,1,BOTH,707.5,67.5,562.3,17524,0.0030708599515492097,0.586491048998394,3.164
2026-07-28T08:00:32.087515+00:00,1,BOTH,707.5,67.5,562.3,17679,-0.002371068077773089,-0.4528406459819827,3.164
2026-07-28T08:00:32.137532+00:00,1,BOTH,707.5,67.5,562.3,17679,0.015761321652680637,3.0101907008225335,3.164
2026-07-28T08:00:32.220812+00:00,1,BOTH,708.0,68.0,562.3,17239,-0.0019231864382163622,-0.36730155375531603,3.173
2026-07-28T08:00:32.307842+00:00,1,BOTH,707.5,67.5,562.3,17375,-0.01223374809778761,-2.336473778764764,3.17
2026-07-28T08:00:32.337405+00:00,1,BOTH,707.5,67.5,562.4,17274,-0.0024777024729701223,-0.47320631530104984,3.167
2026-07-28T08:00:32.370753+00:00,1,BOTH,707.0,67.0,562.3,17747,0.005362947296816856,1.0242474861956647,3.157
2026-07-28T08:00:32.470560+00:00,1,BOTH,707.5,67.5,562.3,17247,0.0560445435391739,10.703719365106169,3.16
2026-07-28T08:00:32.653609+00:00,1,BOTH,707.5,67.5,562.4,17447,-0.03232333713585831,-6.173302658877213,3.161
2026-07-28T08:00:32.703629+00:00,1,BOTH,708.0,68.0,562.3,17572,-0.018032061401754618,-3.4438700474709822,3.172
2026-07-28T08:00:32.770264+00:00,1,BOTH,707.5,67.5,562.3,17449,-0.017843617114122027,-3.4078798396219936,3.169
2026-07-28T08:00:32.786963+00:00,1,BOTH,708.0,68.0,562.3,17553,0.015425249543040991,2.946005655841168,3.176
2026-07-28T08:00:32.903761+00:00,1,BOTH,707.5,67.5,562.1,18213,0.0012285274849273265,0.23463146634052556,3.171
2026-07-28T08:00:32.936703+00:00,1,BOTH,707.0,67.0,562.1,17974,0.011321519362099934,2.1622509237465675,3.159
2026-07-28T08:00:32.953451+00:00,1,BOTH,707.0,67.0,562.1,18260,-0.043155602854676546,-8.242113019718978,3.152
2026-07-28T08:00:33.036620+00:00,1,BOTH,707.5,67.5,562.0,18302,-0.005467937585781329,-1.0442991543540754,3.157
2026-07-28T08:00:33.069804+00:00,1,BOTH,708.0,68.0,562.0,17705,-0.015745485398801974,-3.007166199120717,3.169
2026-07-28T08:00:33.086581+00:00,1,BOTH,707.0,67.0,562.0,17738,0.00804790958063677,1.5370375095779574,3.158
2026-07-28T08:00:33.136391+00:00,1,BOTH,708.0,68.0,562.0,17703,-0.01979093980975449,-3.7797910789879223,3.17
2026-07-28T08:00:33.219809+00:00,1,BOTH,707.5,67.5,561.9,18143,-0.0006276534893549979,-0.11987298645566906,3.167
2026-07-28T08:00:33.353134+00:00,1,BOTH,707.0,67.0,561.9,18090,0.0009950383689283626,0.19003832997725512,3.157
2026-07-28T08:00:33.369723+00:00,1,BOTH,707.0,67.0,561.9,17866,-0.0018380140489898623,-0.35103482564290284,3.15
2026-07-28T08:00:33.452969+00:00,1,BOTH,707.5,67.5,561.8,18286,-0.001994489063324636,-0.3809193520450081,3.156
2026-07-28T08:00:33.469644+00:00,1,BOTH,707.5,67.5,561.8,18198,0.0006937765047769063,0.13250155216351509,3.159
2026-07-28T08:00:33.552908+00:00,1,BOTH,708.0,68.0,561.8,17167,-0.0069264029315672816,-1.3228455172861533,3.17
2026-07-28T08:00:33.786045+00:00,1,BOTH,708.0,68.0,561.9,17361,-0.0069264029315672816,-1.3228455172861533,3.177
2026-07-28T08:00:33.836039+00:00,1,BOTH,708.0,68.0,561.9,17623,-0.0069264029315672816,-1.3228455172861533,3.181
2026-07-28T08:00:33.869138+00:00,1,BOTH,708.0,68.0,561.9,17574,-0.0069264029315672816,-1.3228455172861533,3.184
2026-07-28T08:00:33.902578+00:00,1,BOTH,707.5,67.5,561.8,18107,-0.0069264029315672816,-1.3228455172861533,3.176
2026-07-28T08:00:34.086617+00:00,1,BOTH,707.5,67.5,561.8,18305,-0.001169035903585609,-0.22326941124906005,3.171
2026-07-28T08:00:34.185718+00:00,1,BOTH,707.5,67.5,561.9,17542,-0.0015424012111179763,-0.29457693237642235,3.168
2026-07-28T08:00:34.235746+00:00,1,BOTH,707.5,67.5,562.0,17624,-0.003039873865200207,-0.5805731424269747,3.167
2026-07-28T08:00:34.252228+00:00,1,BOTH,707.0,67.0,562.0,18140,-0.002240317688556388,-0.42786916107595013,3.156
2026-07-28T08:00:34.268949+00:00,1,BOTH,708.0,68.0,562.0,17430,8.377188351005316e-05,0.015999251223292075,3.169
2026-07-28T08:00:34.335531+00:00,1,BOTH,707.5,67.5,562.1,17632,-0.001808024108177051,-0.34530716885483204,3.167
2026-07-28T08:00:34.352151+00:00,1,BOTH,707.0,67.0,562.1,17696,0.006913764419732615,1.320431739327978,3.156
2026-07-28T08:00:34.435461+00:00,1,BOTH,707.0,67.0,562.1,18108,-0.009017926104133949,-1.7222970190924272,3.15
2026-07-28T08:00:34.468809+00:00,1,BOTH,708.0,68.0,562.1,17544,3.306907368823886e-05,0.006315727849144019,3.165
2026-07-28T08:00:34.501885+00:00,1,BOTH,708.0,68.0,562.0,17563,3.110261197434738e-05,0.005940161326543871,3.174
2026-07-28T08:00:34.568797+00:00,1,BOTH,707.0,67.0,562.0,17685,-0.0038017818168736995,-0.7260868424548033,3.161
2026-07-28T08:00:34.585198+00:00,1,BOTH,707.5,67.5,561.9,17868,-0.002230145097710192,-0.425926339335282,3.162
2026-07-28T08:00:34.735193+00:00,1,BOTH,707.0,67.0,561.9,17720,-2.1000156411901113e-05,-0.004010734438388427,3.153
2026-07-28T08:00:34.751780+00:00,1,BOTH,707.0,67.0,562.0,17923,6.600091117434204e-05,0.012605245514358775,3.148
2026-07-28T08:00:34.851738+00:00,1,BOTH,707.5,67.5,561.9,17823,-2.0084260613657532e-05,-0.0038358112260113513,3.155
2026-07-28T08:00:34.884953+00:00,1,BOTH,708.0,68.0,561.9,17657,0.004519748673519643,0.863208411508426,3.168
2026-07-28T08:00:34.968368+00:00,1,BOTH,707.0,67.0,561.9,17891,0.004519748673519643,0.863208411508426,3.157
2026-07-28T08:00:35.001540+00:00,1,BOTH,706.5,66.5,561.8,18567,0.004449027200462296,0.8497016050846454,3.141
2026-07-28T08:00:35.068290+00:00,1,BOTH,707.0,67.0,561.9,17857,-4.322431865148246e-05,-0.008255236770195169,3.141
2026-07-28T08:00:35.118309+00:00,1,BOTH,707.5,67.5,562.0,17418,-4.322431865148246e-05,-0.008255236770195169,3.15
2026-07-28T08:00:35.151455+00:00,1,BOTH,707.0,67.0,562.0,18056,6.296798892435618e-05,0.012026000032640404,3.146
2026-07-28T08:00:35.184781+00:00,1,BOTH,707.5,67.5,562.1,17714,7.794349221512677e-06,0.0014886110481458505,3.153
2026-07-28T08:00:35.384724+00:00,1,BOTH,707.0,67.0,562.1,17781,-0.002682702331803739,-0.5123584043408628,3.148
2026-07-28T08:00:35.434582+00:00,1,BOTH,707.0,67.0,562.1,17785,0.00829938348280848,1.5850654870850396,3.145
2026-07-28T08:00:35.451297+00:00,1,BOTH,707.5,67.5,562.1,17164,-0.0002962519193533808,-0.056579948838662505,3.153
2026-07-28T08:00:35.484414+00:00,1,BOTH,708.0,68.0,562.1,17536,-0.004196082617854699,-0.801392748304267,3.167
2026-07-28T08:00:35.584449+00:00,1,BOTH,707.0,67.0,562.1,17865,-0.004196082617854699,-0.801392748304267,3.156
2026-07-28T08:00:35.601132+00:00,1,BOTH,707.0,67.0,562.1,17877,0.0015330887597519904,0.29279838517578294,3.15
2026-07-28T08:00:35.651135+00:00,1,BOTH,707.5,67.5,562.2,17369,-0.0062980588380014526,-1.2028406351418357,3.156
2026-07-28T08:00:35.767746+00:00,1,BOTH,707.5,67.5,562.2,17425,-0.0062980588380014526,-1.2028406351418357,3.159
2026-07-28T08:00:35.784255+00:00,1,BOTH,707.5,67.5,562.3,17460,0.0007928732607979328,0.15142763844165658,3.161
2026-07-28T08:00:35.634327+00:00,1,BOTH,707.0,67.0,562.2,17964,0.014067582135030534,2.686710280969618,3.153
2026-07-28T08:00:35.867557+00:00,1,BOTH,707.0,67.0,562.2,17932,-0.0036788424174301324,-0.7026071467081721,3.148
2026-07-28T08:00:35.900864+00:00,1,BOTH,707.0,67.0,562.1,17860,-0.006358129168511369,-1.214313223182416,3.145
2026-07-28T08:00:35.950857+00:00,1,BOTH,707.5,67.5,562.2,17670,-0.006358129168511369,-1.214313223182416,3.153
2026-07-28T08:00:35.967481+00:00,1,BOTH,707.0,67.0,562.2,17959,-0.00010065688751637935,-0.019224049445372,3.148
2026-07-28T08:00:36.050730+00:00,1,BOTH,707.5,67.5,562.2,17628,-0.0163235767534934,-3.1175735151101134,3.154
2026-07-28T08:00:36.084106+00:00,1,BOTH,707.0,67.0,562.2,17752,0.0019747289242513944,0.37714544347338047,3.149
2026-07-28T08:00:36.117295+00:00,1,BOTH,707.5,67.5,562.3,17541,0.013540448464191286,2.586035165708527,3.155
2026-07-28T08:00:36.134033+00:00,1,BOTH,707.0,67.0,562.2,17633,-0.0035154546168632804,-0.6714023753868194,3.149
2026-07-28T08:00:36.200576+00:00,1,BOTH,707.0,67.0,562.2,18063,0.0161144092399627,3.077625462654931,3.146
2026-07-28T08:00:36.384048+00:00,1,BOTH,707.5,67.5,562.2,17488,0.02455122913699597,4.688939371361612,3.153
2026-07-28T08:00:36.433803+00:00,1,BOTH,707.5,67.5,562.3,17583,0.024272654748056084,4.635735582139307,3.157
2026-07-28T08:00:36.517092+00:00,1,BOTH,707.5,67.5,562.3,17435,-0.018032201253372477,-3.4438967571625203,3.16
2026-07-28T08:00:36.533691+00:00,1,BOTH,707.5,67.5,562.4,17305,-0.0022488023771438746,-0.4294896172311028,3.162
2026-07-28T08:00:36.633700+00:00,1,BOTH,707.5,67.5,562.4,17090,0.005562351003754884,1.0623307889517066,3.163
2026-07-28T08:00:36.700124+00:00,1,BOTH,707.5,67.5,562.4,17610,-0.005515548317926004,-1.0533921343921349,3.163
2026-07-28T08:00:36.750143+00:00,1,BOTH,707.0,67.0,562.3,18342,6.1237195768626414e-06,0.0011695442889195589,3.154
2026-07-28T08:00:36.833293+00:00,1,BOTH,707.5,67.5,562.4,17516,0.006512140335398726,1.2437271893841846,3.158
2026-07-28T08:00:36.783510+00:00,1,BOTH,707.5,67.5,562.4,17117,-0.005665661557577551,-1.082061651329033,3.161
2026-07-28T08:00:36.933336+00:00,1,BOTH,707.5,67.5,562.4,17434,0.007438600375317037,1.4206680233003213,3.162
2026-07-28T08:00:36.949966+00:00,1,BOTH,707.5,67.5,562.4,17528,-7.308002735953777e-05,-0.013957257114673667,3.163
2026-07-28T08:00:37.016716+00:00,1,BOTH,707.5,67.5,562.4,17141,0.004380943288560956,0.8366985357356879,3.163
2026-07-28T08:00:37.099848+00:00,1,BOTH,707.0,67.0,562.4,17887,0.004753819871984888,0.9079127174338513,3.154
2026-07-28T08:00:37.116595+00:00,1,BOTH,707.5,67.5,562.4,17403,-0.0025579282743274233,-0.4885283147204773,3.158
2026-07-28T08:00:37.149668+00:00,1,BOTH,707.5,67.5,562.4,17153,0.0011753313647204777,0.22447175575944878,3.161
2026-07-28T08:00:37.199755+00:00,1,BOTH,707.5,67.5,562.2,17797,0.0011753313647204777,0.22447175575944878,3.162
2026-07-28T08:00:37.266434+00:00,1,BOTH,707.5,67.5,562.3,17441,0.0011753313647204777,0.22447175575944878,3.163
2026-07-28T08:00:37.299616+00:00,1,BOTH,707.5,67.5,562.3,17588,0.0011753313647204777,0.22447175575944878,3.163
2026-07-28T08:00:37.316403+00:00,1,BOTH,707.5,67.5,562.4,17261,0.0014371895989461335,0.2744829945990429,3.164
2026-07-28T08:00:37.333651+00:00,1,BOTH,707.5,67.5,562.4,17205,0.0077679700434964616,1.4835729962546724,3.164
2026-07-28T08:00:37.482900+00:00,1,BOTH,707.5,67.5,562.4,17502,0.00386675651960104,0.7384960965927826,3.164
2026-07-28T08:00:37.532878+00:00,1,BOTH,707.5,67.5,562.4,17163,-0.0073805242476373675,-1.4095762999452948,3.164
2026-07-28T08:00:37.549433+00:00,1,BOTH,708.0,68.0,562.5,16731,-0.0073805242476373675,-1.4095762999452948,3.173
2026-07-28T08:00:37.699438+00:00,1,BOTH,707.5,67.5,562.5,17642,7.070874329656362e-05,0.013504375218556824,3.17
2026-07-28T08:00:37.782626+00:00,1,BOTH,707.5,67.5,562.5,17083,-0.006242081780219451,-1.19214980460694,3.167
2026-07-28T08:00:37.865915+00:00,1,BOTH,707.5,67.5,562.5,17630,-0.005005888924060855,-0.9560543601999054,3.166
2026-07-28T08:00:37.899048+00:00,1,RIGHT,321.48,-318.52,562.5,15608,-2.3904856061562885e-06,-0.00045654912073175884,-0.834
2026-07-28T08:00:38.016059+00:00,1,BOTH,707.5,67.5,562.5,17696,8.567291486542672e-05,0.01636232146790854,0.765
2026-07-28T08:00:38.165668+00:00,1,BOTH,708.0,68.0,562.6,16565,-2.401246048975736e-05,-0.0045860421392924615,1.734
2026-07-28T08:00:38.232355+00:00,1,BOTH,707.5,67.5,562.6,17298,-6.949120725039392e-06,-0.001327184296238826,2.306
2026-07-28T08:00:38.265620+00:00,1,BOTH,707.5,67.5,562.6,17530,-0.003959374029655009,-0.7561847380431256,2.649
2026-07-28T08:00:38.282194+00:00,1,BOTH,707.5,67.5,562.6,17191,-0.006258611725352239,-1.1953067915792455,2.855
2026-07-28T08:00:38.182299+00:00,1,BOTH,707.0,67.0,562.4,17796,2.8822740860050543e-05,0.005504738017600549,2.969
2026-07-28T08:00:38.482169+00:00,1,BOTH,707.5,67.5,562.5,17490,-0.003097804757162521,-0.5916371278032044,3.047
2026-07-28T08:00:38.532209+00:00,1,BOTH,707.0,67.0,562.4,17909,-0.003460056118783541,-0.6608220416157106,3.085
2026-07-28T08:00:38.548707+00:00,1,BOTH,708.0,68.0,562.5,16962,2.1619038598146286e-05,0.004128932229347353,3.126
2026-07-28T08:00:38.582103+00:00,1,BOTH,707.5,67.5,562.5,17194,4.942939573084004e-05,0.009440319197530345,3.141
2026-07-28T08:00:38.631942+00:00,1,BOTH,707.5,67.5,562.5,17486,0.0030174841725965963,0.5762970261243674,3.15
2026-07-28T08:00:38.731970+00:00,1,BOTH,707.5,67.5,562.5,17056,8.543787407688794e-06,0.0016317431983919545,3.156
2026-07-28T08:00:38.748635+00:00,1,BOTH,707.0,67.0,562.4,17809,-6.721354729961604e-06,-0.0012836841954569766,3.15
2026-07-28T08:00:38.816135+00:00,1,BOTH,708.0,68.0,562.3,17176,-0.0031442866203724405,-0.6005145097559804,3.165
2026-07-28T08:00:38.881852+00:00,1,BOTH,707.0,67.0,562.3,17794,-0.05216369819710962,-9.962532501628543,3.155
2026-07-28T08:00:38.948426+00:00,1,BOTH,707.5,67.5,562.3,17602,-0.023758055419893936,-4.537454349992778,3.159
2026-07-28T08:00:39.017390+00:00,1,BOTH,707.5,67.5,562.3,17331,2.485686432919465e-05,0.004747311393307125,3.161
2026-07-28T08:00:39.031743+00:00,1,BOTH,707.5,67.5,562.4,17691,-0.004096153489081189,-0.7823076905404622,3.162
2026-07-28T08:00:39.065381+00:00,1,BOTH,707.5,67.5,562.4,17617,0.0028970190621112123,0.5532898847597352,3.163
2026-07-28T08:00:39.115121+00:00,1,BOTH,708.0,68.0,562.5,17085,-0.0015286055795149878,-0.2919421608211939,3.173
2026-07-28T08:00:39.164996+00:00,1,BOTH,707.5,67.5,562.5,17391,1.3157841749489307e-06,0.00025129626658225624,3.169
2026-07-28T08:00:39.264978+00:00,1,BOTH,708.0,68.0,562.4,17757,0.0008947880408959463,0.17089192767372344,3.177
2026-07-28T08:00:39.281418+00:00,1,BOTH,707.0,67.0,562.3,17857,2.0873055764241144e-05,0.003986460002774109,3.162
2026-07-28T08:00:39.298155+00:00,1,BOTH,707.0,67.0,562.3,17969,2.0873055764241144e-05,0.003986460002774109,3.154
2026-07-28T08:00:39.348019+00:00,1,BOTH,707.5,67.5,562.3,17017,0.006310194309335202,1.205158339441255,3.158
2026-07-28T08:00:39.397927+00:00,1,BOTH,708.0,68.0,562.4,16900,1.9293318327981982e-05,0.003684752376652553,3.17
2026-07-28T08:00:39.481308+00:00,1,BOTH,707.5,67.5,562.5,17265,2.1774321648990735e-05,0.004158589107491694,3.167
2026-07-28T08:00:39.614672+00:00,1,BOTH,707.5,67.5,562.5,17225,-3.25267156586051e-05,-0.006212145095533867,3.166
2026-07-28T08:00:39.664662+00:00,1,BOTH,707.5,67.5,562.5,17485,1.4203134487615896e-05,0.0027125988733236526,3.165
2026-07-28T08:00:39.681206+00:00,1,BOTH,707.5,67.5,562.5,17579,-3.926746489014477e-05,-0.0074995333679447876,3.165
2026-07-28T08:00:39.731149+00:00,1,BOTH,707.5,67.5,562.5,17229,0.009691466353833675,1.8509337312257004,3.164
2026-07-28T08:00:39.781233+00:00,1,BOTH,708.0,68.0,562.6,16871,0.002928731669089757,0.5593465465504943,3.174
2026-07-28T08:00:39.897776+00:00,1,BOTH,707.0,67.0,562.5,17805,-0.0003054317532223649,-0.058333167963075964,3.16
2026-07-28T08:00:39.981068+00:00,1,BOTH,707.5,67.5,562.5,17327,-0.017221524300985037,-3.2890688640947596,3.162
2026-07-28T08:00:40.014314+00:00,1,BOTH,707.5,67.5,562.5,17192,0.012110923075933897,2.3130159275286974,3.163
2026-07-28T08:00:40.080826+00:00,1,BOTH,707.5,67.5,562.5,17294,-0.003214029695955105,-0.6138344560264757,3.163
2026-07-28T08:00:40.097653+00:00,1,BOTH,707.0,67.0,562.4,17721,0.002567475338000804,0.49035166957123527,3.154
2026-07-28T08:00:40.147472+00:00,1,BOTH,707.5,67.5,562.4,17168,-0.00196114516176749,-0.3745511359392609,3.158
2026-07-28T08:00:40.164122+00:00,1,BOTH,707.5,67.5,562.4,17635,0.011493861968629062,2.19516593702791,3.161
2026-07-28T08:00:40.297452+00:00,1,BOTH,707.5,67.5,562.4,17416,-0.0010425581457093357,-0.1991139388204335,3.162
2026-07-28T08:00:40.313993+00:00,1,BOTH,707.0,67.0,562.4,17787,-0.004608558253385127,-0.8801697918638333,3.153
2026-07-28T08:00:40.380687+00:00,1,BOTH,707.5,67.5,562.2,17847,0.0019533031596802174,0.37305342386414925,3.158
2026-07-28T08:00:40.430593+00:00,1,BOTH,707.0,67.0,562.1,17944,6.050583760952577e-05,0.011555763769765841,3.151
2026-07-28T08:00:40.530550+00:00,1,BOTH,707.5,67.5,562.2,17551,-0.006451852660866279,-1.2322130916929595,3.156
2026-07-28T08:00:40.547431+00:00,1,BOTH,707.5,67.5,562.3,17694,0.0016518031044688542,0.31547115490890787,3.159
2026-07-28T08:00:40.580443+00:00,1,BOTH,707.5,67.5,562.3,17613,8.6333596118493e-06,0.0016488502292588915,3.161
2026-07-28T08:00:40.630529+00:00,1,BOTH,707.5,67.5,562.4,17115,6.49401918053627e-05,0.012402663037391123,3.162
2026-07-28T08:00:40.663806+00:00,1,BOTH,707.0,67.0,562.3,17769,-0.004341000215499662,-0.8290699707117049,3.154
2026-07-28T08:00:40.715030+00:00,1,BOTH,707.5,67.5,562.3,17557,4.651791765354574e-05,0.008884267844284255,3.158
2026-07-28T08:00:40.863706+00:00,1,BOTH,707.5,67.5,562.4,17439,-0.0012090435775462538,-0.2309103141359947,3.16
2026-07-28T08:00:40.730548+00:00,1,BOTH,707.5,67.5,562.4,17318,0.007615922978220624,1.4545341458291539,3.162
2026-07-28T08:00:40.680587+00:00,1,BOTH,708.0,68.0,562.3,17090,-0.003749101687571965,-0.7160256788774939,3.172
2026-07-28T08:00:40.930348+00:00,1,BOTH,707.5,67.5,562.3,17632,-0.008441152648301795,-1.6121414032445684,3.169
2026-07-28T08:00:40.963456+00:00,1,BOTH,707.0,67.0,562.3,17842,0.011134050484979525,2.126447005583047,3.158
2026-07-28T08:00:41.013373+00:00,1,BOTH,707.5,67.5,562.3,17432,0.0019747813206868157,0.37715545045541765,3.16
2026-07-28T08:00:41.030572+00:00,1,BOTH,708.0,68.0,562.3,17231,0.008739901252047275,1.6691981836780427,3.171
2026-07-28T08:00:41.196726+00:00,1,BOTH,707.0,67.0,562.2,18009,-0.0009051154763437808,-0.1728643225549058,3.159
2026-07-28T08:00:41.313347+00:00,1,BOTH,707.5,67.5,562.3,17719,-0.002797953560366295,-0.5343697676086364,3.161
2026-07-28T08:00:41.330077+00:00,1,BOTH,707.0,67.0,562.2,17778,0.00015970175365509931,0.03050078821758386,3.153
2026-07-28T08:00:41.380000+00:00,1,BOTH,707.5,67.5,562.3,17545,-0.020329915347974747,-3.8827278243239647,3.157
2026-07-28T08:00:41.496530+00:00,1,BOTH,707.5,67.5,562.3,17328,2.9396649333648385e-05,0.005614346462147054,3.16
2026-07-28T08:00:41.513332+00:00,1,BOTH,707.5,67.5,562.4,17029,-7.890418164606671e-06,-0.0015069588647510786,3.162
2026-07-28T08:00:41.546602+00:00,1,BOTH,708.0,68.0,562.5,16970,-0.0006467894194065593,-0.12352767988570917,3.172
2026-07-28T08:00:41.579944+00:00,1,BOTH,707.5,67.5,562.5,17732,-0.010824760500108823,-2.0673769696538598,3.169
2026-07-28T08:00:41.663276+00:00,1,BOTH,707.5,67.5,562.5,17454,-0.003846199892432196,-0.7345700700001202,3.167
2026-07-28T08:00:41.679732+00:00,1,BOTH,707.5,67.5,562.5,17403,0.009208496381761506,1.7586932611214119,3.166
2026-07-28T08:00:41.746332+00:00,1,BOTH,708.0,68.0,562.6,16943,0.017460099124000407,3.3346332989509637,3.174
2026-07-28T08:00:41.813044+00:00,1,BOTH,708.0,68.0,562.7,16940,-3.7256301729939886e-05,-0.007115429497971677,3.18
2026-07-28T08:00:41.896216+00:00,1,BOTH,707.5,67.5,562.6,17484,0.0019040529349877034,0.3636473238143091,3.173
2026-07-28T08:00:41.713100+00:00,1,BOTH,707.5,67.5,562.6,17167,0.00030089967884123326,0.05746760551481528,3.17
2026-07-28T08:00:41.979558+00:00,1,BOTH,708.0,68.0,562.5,17550,-0.00772340474271914,-1.475061650763767,3.177
2026-07-28T08:00:41.946797+00:00,1,BOTH,707.5,67.5,562.5,17385,0.013311538857524284,2.542316651201797,3.172
2026-07-28T08:00:42.029576+00:00,1,BOTH,707.5,67.5,562.5,17457,0.00022798737918492407,0.043542382031816346,3.169
2026-07-28T08:00:42.179374+00:00,1,BOTH,707.5,67.5,562.5,17450,-0.004331595475086943,-0.8272737976014884,3.167
2026-07-28T08:00:42.196524+00:00,1,BOTH,707.5,67.5,562.5,17255,0.005867699252266902,1.120648008689875,3.166
2026-07-28T08:00:42.312675+00:00,1,BOTH,707.5,67.5,562.5,17397,-3.0469103658106183e-05,-0.0058191701505203395,3.165
2026-07-28T08:00:42.395970+00:00,1,BOTH,707.5,67.5,562.5,17675,0.006300043560913764,1.2032196892964302,3.165
2026-07-28T08:00:42.279336+00:00,1,BOTH,707.5,67.5,562.5,17329,-0.009372249692096374,-1.7899678396663583,3.164
2026-07-28T08:00:42.229950+00:00,1,BOTH,707.5,67.5,562.5,17359,0.0013541264187369962,0.2586190957359824,3.164
2026-07-28T08:00:42.462488+00:00,1,BOTH,707.5,67.5,562.5,17327,-0.004557372750132345,-0.8703940808350414,3.164
2026-07-28T08:00:42.479321+00:00,1,BOTH,708.0,68.0,562.6,17054,0.00741910029668361,1.4169437826140925,3.174
2026-07-28T08:00:42.612402+00:00,1,BOTH,707.5,67.5,562.6,17503,0.005163197095971555,0.9860980079779105,3.17
2026-07-28T08:00:42.712367+00:00,1,BOTH,707.0,67.0,562.5,17970,0.0016961562732467428,0.32394198617225595,3.158
2026-07-28T08:00:42.728970+00:00,1,BOTH,708.0,68.0,562.4,17145,-4.528214150923303e-05,-0.008648251985977363,3.17
2026-07-28T08:00:42.579203+00:00,1,BOTH,707.5,67.5,562.4,17469,5.347489804989891e-05,0.010212953227171879,3.168
2026-07-28T08:00:42.562491+00:00,1,BOTH,707.5,67.5,562.4,17350,0.002668913317611441,0.5097248966179806,3.166
2026-07-28T08:00:42.878949+00:00,1,BOTH,708.0,68.0,562.3,17359,1.2346375733613964e-05,0.0023579840727293855,3.175
2026-07-28T08:00:42.912188+00:00,1,BOTH,708.0,68.0,562.3,17507,-0.0031051417216076517,-0.5930383847936829,3.18
2026-07-28T08:00:42.995645+00:00,1,BOTH,707.0,67.0,562.2,17802,-0.00190745759755373,-0.3642975664666408,3.164
2026-07-28T08:00:42.845759+00:00,1,BOTH,707.5,67.5,562.3,17491,0.001955333109435742,0.3734411157095331,3.164
2026-07-28T08:00:43.128824+00:00,1,BOTH,708.0,68.0,562.2,17259,0.0004497722660016734,0.08590017527977098,3.173
2026-07-28T08:00:43.212052+00:00,1,BOTH,707.5,67.5,562.3,17417,1.0022486094385386e-05,0.0019141538447894622,3.17
2026-07-28T08:00:43.162067+00:00,1,BOTH,707.5,67.5,562.3,17027,-0.0006962615344673395,-0.1329761578742702,3.167
2026-07-28T08:00:43.112171+00:00,1,BOTH,707.5,67.5,562.4,17653,-0.00046799644245766104,-0.08938073659987021,3.166
2026-07-28T08:00:43.278843+00:00,1,BOTH,707.5,67.5,562.4,17426,-0.0058676206454401835,-1.120632995891835,3.165
2026-07-28T08:00:43.328791+00:00,1,BOTH,708.0,68.0,562.3,17460,-0.0011384139446454355,-0.21742104789007727,3.174
2026-07-28T08:00:43.395230+00:00,1,BOTH,707.5,67.5,562.3,17451,-0.0005809363176376792,-0.11095066388836808,3.17
2026-07-28T08:00:43.411893+00:00,1,BOTH,707.5,67.5,562.2,17762,-4.1143287671729925e-06,-0.0007857789129609187,3.168
2026-07-28T08:00:43.511848+00:00,1,BOTH,707.5,67.5,562.2,17341,4.361034632893279e-05,0.008328962625838973,3.166
2026-07-28T08:00:43.661655+00:00,1,BOTH,707.5,67.5,562.3,17057,4.199908697046339e-05,0.008021234756034798,3.165
2026-07-28T08:00:43.711684+00:00,1,BOTH,707.5,67.5,562.3,17016,-0.004252602486667456,-0.8121872481096138,3.165
2026-07-28T08:00:43.778642+00:00,1,BOTH,707.5,67.5,562.4,17163,-6.841358088422566e-05,-0.013066031486810056,3.165
2026-07-28T08:00:43.828383+00:00,1,BOTH,707.5,67.5,562.4,17437,2.9493293550331145e-06,0.0005632804147914621,3.164
2026-07-28T08:00:43.894747+00:00,1,BOTH,707.5,67.5,562.4,17598,-0.002145917118177749,-0.40983998018820444,3.164
2026-07-28T08:00:43.928088+00:00,1,BOTH,707.5,67.5,562.4,17312,-6.397312448825687e-05,-0.01221796678480711,3.164
2026-07-28T08:00:43.944815+00:00,1,BOTH,707.5,67.5,562.4,17313,2.9615234525408595e-05,0.005656093158653446,3.164
2026-07-28T08:00:43.994799+00:00,1,BOTH,708.5,68.5,562.5,16550,0.0,0.0,3.183
2026-07-28T08:00:44.044758+00:00,1,BOTH,707.5,67.5,562.5,17730,-0.002141641895286739,-0.4090234727610958,3.175
2026-07-28T08:00:44.111363+00:00,1,RIGHT,321.53,-318.47,562.5,15682,0.02504839265253395,4.7838906085889885,-0.825
2026-07-28T08:00:44.144881+00:00,1,BOTH,708.0,68.0,562.4,17239,-0.002070244806818664,-0.39538763329861965,0.78
2026-07-28T08:00:44.228007+00:00,1,BOTH,707.5,67.5,562.4,17533,-0.008841699246549978,-1.6886401685043788,1.734
2026-07-28T08:00:44.277984+00:00,1,BOTH,707.0,67.0,562.3,17788,-0.010999846922932193,-2.1008160132466,2.296
2026-07-28T08:00:44.177933+00:00,1,BOTH,708.0,68.0,562.5,16711,-0.0019111710251308977,-0.36500677889230476,2.653
2026-07-28T08:00:44.161433+00:00,1,BOTH,707.5,67.5,562.5,17050,-0.023911952306807507,-4.566846490327277,2.857
2026-07-28T08:00:44.394648+00:00,1,BOTH,708.0,68.0,562.6,16771,0.004114989569352474,0.7859051168808432,2.989
2026-07-28T08:00:44.610989+00:00,1,BOTH,707.0,67.0,562.5,17763,0.004885619160486385,0.933084527347061,3.05
2026-07-28T08:00:44.544496+00:00,1,BOTH,707.5,67.5,562.5,17626,-0.003808697294443846,-0.7274076013817592,3.096
2026-07-28T08:00:44.744403+00:00,1,BOTH,707.5,67.5,562.5,17513,0.022971691202837975,4.387269847334725,3.123
2026-07-28T08:00:44.760970+00:00,1,BOTH,707.0,67.0,562.4,18314,0.0005867256247438491,0.11205634009999685,3.13
2026-07-28T08:00:44.860914+00:00,1,BOTH,707.5,67.5,562.4,17450,-0.00023242111608851702,-0.044389163405307276,3.144
2026-07-28T08:00:44.694424+00:00,1,BOTH,707.5,67.5,562.4,17115,2.7610753022599962e-05,0.005273265391243529,3.152
2026-07-28T08:00:44.944273+00:00,1,BOTH,707.5,67.5,562.4,17606,-0.003122592761646956,-0.5963712879349027,3.157
2026-07-28T08:00:45.094116+00:00,1,BOTH,707.5,67.5,562.4,17268,1.1498819294502027e-05,0.00219611271652855,3.16
2026-07-28T08:00:45.144153+00:00,1,BOTH,707.0,67.0,562.4,17915,-4.820005298824981e-05,-0.009205532028445484,3.152
2026-07-28T08:00:45.227394+00:00,1,BOTH,708.0,68.0,562.5,16931,4.867420961090829e-05,0.009296089272800514,3.166
2026-07-28T08:00:45.244039+00:00,1,BOTH,707.5,67.5,562.5,17567,-4.599117375619244e-05,-0.008783667170275535,3.165
2026-07-28T08:00:45.294016+00:00,1,BOTH,707.5,67.5,562.5,17121,-6.114722171332687e-05,-0.011678259110414455,3.165
2026-07-28T08:00:45.327355+00:00,1,BOTH,707.5,67.5,562.5,17545,0.07634594021830708,14.581000524890289,3.165
2026-07-28T08:00:45.393797+00:00,1,BOTH,708.0,68.0,562.4,17085,-0.015076929168426432,-2.8794813645617348,3.174
2026-07-28T08:00:45.510472+00:00,1,BOTH,707.5,67.5,562.4,17496,0.01412312788015697,2.6973187368551317,3.17
2026-07-28T08:00:45.593743+00:00,1,BOTH,708.0,68.0,562.3,17505,0.02472738977521658,4.722583574982851,3.177
2026-07-28T08:00:45.427321+00:00,1,BOTH,707.5,67.5,562.4,17156,-0.02670688437996432,-5.1006391963860604,3.172
2026-07-28T08:00:45.627154+00:00,1,BOTH,707.5,67.5,562.4,17537,-0.004475362547527766,-0.8547312858808577,3.169
2026-07-28T08:00:45.660442+00:00,1,BOTH,707.0,67.0,562.3,17779,-0.030528518478386103,-5.830517545328899,3.157
2026-07-28T08:00:45.743670+00:00,1,BOTH,708.0,68.0,562.3,17441,0.04219063158845529,8.05781708336607,3.169
2026-07-28T08:00:45.843667+00:00,1,BOTH,707.0,67.0,562.2,17825,-0.01142286985879764,-2.181607442787678,3.158
2026-07-28T08:00:45.860383+00:00,1,BOTH,707.5,67.5,562.3,17175,-0.008724592561193276,-1.666274439092027,3.16
2026-07-28T08:00:46.093459+00:00,1,BOTH,707.5,67.5,562.3,17697,0.041063469772925604,7.842545033838887,3.162
2026-07-28T08:00:46.110249+00:00,1,BOTH,707.5,67.5,562.3,17666,-0.029097376556601374,-5.55718957198721,3.163
2026-07-28T08:00:46.143421+00:00,1,BOTH,707.5,67.5,562.4,17339,-0.009011955790301727,-1.7211567731425776,3.163
2026-07-28T08:00:46.210109+00:00,1,BOTH,707.5,67.5,562.4,17536,0.020412863596575334,3.898569772866683,3.164
2026-07-28T08:00:46.293361+00:00,1,BOTH,707.0,67.0,562.3,17900,-0.0054308648046571765,-1.0372187747099884,3.154
2026-07-28T08:00:46.176673+00:00,1,BOTH,708.0,68.0,562.3,17513,0.0,0.0,3.168
2026-07-28T08:00:46.160147+00:00,1,BOTH,708.0,68.0,562.2,17291,-0.002888917703239713,-0.5517426391875426,3.176
2026-07-28T08:00:46.476672+00:00,1,BOTH,707.5,67.5,562.3,17423,-0.01411025004228577,-2.6948592509908864,3.171
2026-07-28T08:00:46.509908+00:00,1,BOTH,707.5,67.5,562.3,17374,-0.0036486964035429992,-0.6968496821585871,3.168
2026-07-28T08:00:46.593029+00:00,1,BOTH,707.0,67.0,562.2,17760,0.010768684984650462,2.0566673350879108,3.157
2026-07-28T08:00:46.609859+00:00,1,BOTH,707.5,67.5,562.3,17306,0.006081551782554016,1.1614908334353589,3.16
2026-07-28T08:00:46.693004+00:00,1,BOTH,707.0,67.0,562.2,17873,0.019392844075337052,3.703760394240322,3.152
2026-07-28T08:00:46.709833+00:00,1,BOTH,707.5,67.5,562.3,17367,-0.01253002387296874,-2.3930582837309156,3.157
2026-07-28T08:00:46.759851+00:00,1,BOTH,707.5,67.5,562.3,17279,-0.009422742172610014,-1.799611193101619,3.16
2026-07-28T08:00:46.926284+00:00,1,BOTH,707.5,67.5,562.4,17223,-0.0015481343865394593,-0.29567188822595275,3.162
2026-07-28T08:00:46.976156+00:00,1,BOTH,707.0,67.0,562.3,18033,0.047140164952725175,9.003108324472242,3.153
2026-07-28T08:00:46.992881+00:00,1,BOTH,707.5,67.5,562.3,17486,0.007612672054674477,1.453913265166774,3.158
2026-07-28T08:00:47.042884+00:00,1,BOTH,707.5,67.5,562.2,17960,0.008913016028236598,1.702260670501376,3.16
2026-07-28T08:00:47.093075+00:00,1,BOTH,707.0,67.0,562.1,18151,-0.0010458369087427855,-0.19974013643323413,3.152
2026-07-28T08:00:47.142843+00:00,1,BOTH,707.5,67.5,562.2,17525,0.02489443532191217,4.75448692435656,3.157
2026-07-28T08:00:47.175914+00:00,1,BOTH,708.0,68.0,562.2,17232,0.028260295572690667,5.39731888035807,3.169
2026-07-28T08:00:47.242693+00:00,1,BOTH,708.0,68.0,562.3,16947,0.00033610223559662697,0.06419079861532796,3.177
2026-07-28T08:00:47.259235+00:00,1,BOTH,708.0,68.0,562.3,17676,-0.025758941450621933,-4.919595432817437,3.181
2026-07-28T08:00:47.375907+00:00,1,BOTH,708.0,68.0,562.2,17467,0.002271429622778669,0.43381110282070123,3.184
2026-07-28T08:00:47.459258+00:00,1,BOTH,707.5,67.5,562.1,17774,0.037811973763164135,7.221555038962354,3.176
2026-07-28T08:00:47.475817+00:00,1,BOTH,707.5,67.5,562.2,17247,-0.015656539294868706,-2.9901787445890227,3.171
2026-07-28T08:00:47.492663+00:00,1,BOTH,707.5,67.5,562.2,17584,-0.002110130055807531,-0.40300515473825466,3.168
2026-07-28T08:00:47.575903+00:00,1,BOTH,707.5,67.5,562.3,17388,-0.003853722540661693,-0.7360067899811593,3.167
2026-07-28T08:00:47.642485+00:00,1,BOTH,707.5,67.5,562.1,17738,0.024176731520565226,4.617415595164309,3.166
2026-07-28T08:00:47.742566+00:00,1,BOTH,707.5,67.5,562.0,17805,-0.01266384172718972,-2.4186156112987796,3.165
2026-07-28T08:00:47.809142+00:00,1,BOTH,707.5,67.5,562.1,17604,-0.024191673502791673,-4.620269303561425,3.165
2026-07-28T08:00:47.842197+00:00,1,BOTH,707.5,67.5,562.0,17820,0.014664306067861616,2.800676157255181,3.164
2026-07-28T08:00:47.875706+00:00,1,BOTH,707.5,67.5,562.1,17633,-0.021266417945735156,-4.0615866455063285,3.164
2026-07-28T08:00:47.942144+00:00,1,BOTH,707.5,67.5,562.0,17934,-0.0074591997399693355,-1.4246022121510802,3.164
2026-07-28T08:00:47.959012+00:00,1,BOTH,707.0,67.0,562.0,18137,-0.0009055996207462158,-0.1729567873246872,3.155
2026-07-28T08:00:48.042306+00:00,1,BOTH,707.5,67.5,562.1,17667,0.01868081744527444,3.5677733248952874,3.158
2026-07-28T08:00:48.075612+00:00,1,BOTH,708.0,68.0,562.1,17385,0.03389565538032912,6.4735933237425325,3.17
2026-07-28T08:00:48.142272+00:00,1,BOTH,707.5,67.5,562.2,17299,-0.004685361620504409,-0.8948381544915956,3.168
2026-07-28T08:00:48.158851+00:00,1,BOTH,707.5,67.5,562.0,17825,0.0035218528972472997,0.6726243569273048,3.166
2026-07-28T08:00:48.208786+00:00,1,BOTH,707.0,67.0,562.0,17783,-0.026607208881760016,-5.0816025784928245,3.156
2026-07-28T08:00:48.225653+00:00,1,BOTH,708.0,68.0,562.0,17529,-0.0010335853067226708,-0.19740025280647902,3.169
2026-07-28T08:00:48.342007+00:00,1,BOTH,707.5,67.5,562.1,17188,-0.0009170447429642082,-0.1751426446550284,3.167
2026-07-28T08:00:48.275681+00:00,1,BOTH,707.5,67.5,562.2,17365,-0.0024614309053868056,-0.47009867480576334,3.166
2026-07-28T08:00:48.392007+00:00,1,BOTH,707.5,67.5,562.3,17192,-0.019035853476962076,-3.635580212197869,3.165
2026-07-28T08:00:48.458631+00:00,1,BOTH,707.5,67.5,562.3,17620,0.005392477035638876,1.0298872508777495,3.165
2026-07-28T08:00:48.541861+00:00,1,BOTH,707.5,67.5,562.3,17527,-0.011307347039692104,-2.15954420954701,3.164
2026-07-28T08:00:48.575300+00:00,1,BOTH,707.0,67.0,562.3,17757,0.08817004063865169,16.839237360305653,3.155
2026-07-28T08:00:48.658779+00:00,1,BOTH,708.0,68.0,562.4,16702,0.021955821058363655,4.193252941295646,3.168
2026-07-28T08:00:48.758175+00:00,1,RIGHT,320.58,-319.42,562.4,15602,-0.01509957915637642,-2.8838071936135896,-0.832
2026-07-28T08:00:48.891653+00:00,1,BOTH,707.5,67.5,562.4,17042,0.02216475520050153,4.233156423097935,0.766
2026-07-28T08:00:48.908397+00:00,1,BOTH,707.5,67.5,562.4,17435,-5.1867953734472396e-05,-0.009906049469883618,1.725
2026-07-28T08:00:48.958251+00:00,1,BOTH,707.5,67.5,562.5,17648,0.00017514553852379322,0.03345033385986441,2.301
2026-07-28T08:00:49.075362+00:00,1,BOTH,707.5,67.5,562.5,17483,0.02459871707018465,4.698008898526647,2.646
2026-07-28T08:00:49.141445+00:00,1,BOTH,707.5,67.5,562.5,17279,0.0010487253015162422,0.200291778818218,2.853
2026-07-28T08:00:49.158260+00:00,1,BOTH,708.0,68.0,562.4,17533,0.010307732564106118,1.968631907576143,2.987
2026-07-28T08:00:49.191447+00:00,1,BOTH,707.0,67.0,562.3,17977,-0.0079349997686586,-1.5154733239380747,3.048
2026-07-28T08:00:49.274857+00:00,1,BOTH,707.5,67.5,562.3,17237,-0.0027544734795810653,-0.5260656838690313,3.095
2026-07-28T08:00:49.408076+00:00,1,BOTH,707.5,67.5,562.4,17505,0.01873486268450506,3.578095205264252,3.122
2026-07-28T08:00:49.457997+00:00,1,BOTH,707.5,67.5,562.4,17397,-2.931118622655049e-05,-0.005598024211011108,3.139
2026-07-28T08:00:49.474613+00:00,1,BOTH,707.5,67.5,562.4,17560,0.0,0.0,3.149
2026-07-28T08:00:49.491532+00:00,1,BOTH,708.0,68.0,562.3,17507,4.200402181595563e-06,0.0008022177242098978,3.164
2026-07-28T08:00:49.524483+00:00,1,BOTH,707.5,67.5,562.4,17205,-1.2957872240804137e-05,-0.0024747713028926794,3.164
2026-07-28T08:00:49.674528+00:00,1,BOTH,708.0,68.0,562.3,17506,6.958212470635771e-06,0.0013289206917424233,3.174
2026-07-28T08:00:49.725154+00:00,1,BOTH,708.0,68.0,562.4,16834,1.3000577600905672e-05,0.0024829274258806938,3.179
2026-07-28T08:00:49.757776+00:00,1,BOTH,708.0,68.0,562.3,17414,-3.772349649807438e-05,-0.00720465712605401,3.182
2026-07-28T08:00:49.924330+00:00,1,BOTH,708.0,68.0,562.3,17377,-1.4303059433586896e-05,-0.002731683132231023,3.184
2026-07-28T08:00:49.941108+00:00,1,BOTH,708.0,68.0,562.2,17615,-7.574171642772852e-05,-0.01446560228128513,3.186
2026-07-28T08:00:49.974427+00:00,1,BOTH,708.0,68.0,562.2,17483,-0.0030014808662235737,-0.5732406197462707,3.186
2026-07-28T08:00:50.107610+00:00,1,BOTH,708.0,68.0,562.1,17380,8.376972167752682e-05,0.015998838343692832,3.187
2026-07-28T08:00:50.157465+00:00,1,BOTH,708.0,68.0,562.1,17333,0.004585245051421225,0.8757172982656077,3.187
2026-07-28T08:00:50.174336+00:00,1,BOTH,707.5,67.5,562.2,17511,-0.0009999697079183534,-0.1909801463488377,3.178
2026-07-28T08:00:50.274247+00:00,1,BOTH,708.0,68.0,562.4,17012,0.0009889538944116794,0.1888762809427189,3.182
2026-07-28T08:00:50.357515+00:00,1,BOTH,707.5,67.5,562.4,17258,3.123105416307226e-06,0.0005964691977628399,3.175
2026-07-28T08:00:50.257529+00:00,1,BOTH,707.5,67.5,562.4,17699,4.030585827422328e-05,0.007697851895884806,3.17
2026-07-28T08:00:50.407353+00:00,1,BOTH,707.0,67.0,562.3,18440,0.0037680927326437085,0.7196527013146726,3.159
2026-07-28T08:00:50.457385+00:00,1,BOTH,707.0,67.0,562.3,18075,2.48486443888396e-05,0.004745741500339813,3.151
2026-07-28T08:00:50.590743+00:00,1,BOTH,707.5,67.5,562.3,17209,0.003807622132517281,0.7272022605794749,3.156
2026-07-28T08:00:50.657324+00:00,1,BOTH,707.5,67.5,562.3,17422,0.027859256266383456,5.320726014790545,3.159
2026-07-28T08:00:50.673989+00:00,1,BOTH,707.5,67.5,562.4,17299,0.025517668398097156,4.873515674084411,3.161
2026-07-28T08:00:50.740556+00:00,1,BOTH,708.0,68.0,562.3,17512,0.010956134967273101,2.09246764466817,3.172
2026-07-28T08:00:50.757301+00:00,1,BOTH,708.0,68.0,562.2,17619,0.03291031727560039,6.285407607761281,3.178
2026-07-28T08:00:50.873702+00:00,1,BOTH,707.5,67.5,562.3,17204,5.467096125357784e-05,0.010441384472510874,3.172
2026-07-28T08:00:50.907234+00:00,1,BOTH,708.0,68.0,562.2,17179,5.467096125357784e-05,0.010441384472510874,3.178
2026-07-28T08:00:50.940902+00:00,1,BOTH,708.0,68.0,562.2,17329,5.467096125357784e-05,0.010441384472510874,3.182
2026-07-28T08:00:51.073577+00:00,1,BOTH,708.0,68.0,562.2,17471,5.467096125357784e-05,0.010441384472510874,3.184
2026-07-28T08:00:51.106826+00:00,1,RIGHT,321.85,-318.15,562.2,15509,5.467096125357784e-05,0.010441384472510874,-0.816
2026-07-28T08:00:51.173677+00:00,1,BOTH,708.0,68.0,562.1,17574,0.007903616583207622,1.5094795770246832,0.786
2026-07-28T08:00:51.223606+00:00,1,BOTH,708.0,68.0,562.1,17449,0.019877884367015212,3.7963962662634985,1.746
2026-07-28T08:00:51.356967+00:00,1,BOTH,708.0,68.0,562.1,17637,0.020654730626047238,3.9447629728403713,2.323
2026-07-28T08:00:51.406905+00:00,1,BOTH,707.5,67.5,562.2,17552,0.026651862897269892,5.090130867249584,2.659
2026-07-28T08:00:51.473437+00:00,1,BOTH,707.0,67.0,562.1,17970,-0.031313792699947954,-5.98049387418195,2.852
2026-07-28T08:00:51.556674+00:00,1,BOTH,707.5,67.5,562.2,17106,0.003784062999038724,0.7227027975217859,2.977
2026-07-28T08:00:51.656740+00:00,1,BOTH,707.0,67.0,562.2,17695,-2.8115347959101227e-06,-0.0005369635925327511,3.042
2026-07-28T08:00:51.690076+00:00,1,BOTH,708.0,68.0,562.1,17600,0.017288728919811546,3.301904000836574,3.1
2026-07-28T08:00:51.723214+00:00,1,BOTH,708.0,68.0,562.1,17588,-0.020006952268595342,-3.8210464197006697,3.135
2026-07-28T08:00:51.840005+00:00,1,BOTH,708.0,68.0,562.1,17332,0.03067841903248336,5.8591464423170505,3.156
2026-07-28T08:00:51.906464+00:00,1,BOTH,708.0,68.0,562.1,17258,0.05450331681175157,10.409366742592637,3.169
2026-07-28T08:00:51.940445+00:00,1,BOTH,707.0,67.0,562.1,17817,-0.00494527421076782,-0.944477802706284,3.157
2026-07-28T08:00:52.006516+00:00,1,BOTH,708.0,68.0,562.0,17599,0.0003475374047411606,0.06637475504866129,3.169
2026-07-28T08:00:52.039919+00:00,1,BOTH,707.5,67.5,562.1,17578,0.04288453851011582,8.190343543319612,3.167
2026-07-28T08:00:52.073083+00:00,1,BOTH,708.0,68.0,562.1,17197,-0.003914113773498684,-0.7475406658516641,3.175
2026-07-28T08:00:52.139795+00:00,1,BOTH,708.0,68.0,562.1,17673,-0.005809898155275732,-1.1096088123271404,3.18
2026-07-28T08:00:52.156415+00:00,1,BOTH,708.0,68.0,562.1,17472,0.03117300407961011,5.953605228352522,3.183
2026-07-28T08:00:52.256327+00:00,1,BOTH,707.5,67.5,562.2,17511,0.0012526060862001031,0.23923014043888696,3.176
2026-07-28T08:00:52.272986+00:00,1,BOTH,707.5,67.5,562.2,17486,-0.0002727088710526004,-0.05208355782363797,3.171
2026-07-28T08:00:52.339642+00:00,1,BOTH,708.0,68.0,562.2,17673,0.013361980595655042,2.5519503135557855,3.178
2026-07-28T08:00:52.389529+00:00,1,BOTH,707.5,67.5,562.2,17555,0.0027981189568527043,0.5344013560106949,3.172
2026-07-28T08:00:52.439573+00:00,1,BOTH,707.5,67.5,562.3,17493,-0.011326714453753084,-2.1632431131662644,3.169
2026-07-28T08:00:52.456207+00:00,1,BOTH,707.5,67.5,562.3,17655,0.00228431194787845,0.43627144568247755,3.167
2026-07-28T08:00:52.522871+00:00,1,BOTH,707.5,67.5,562.4,17485,-0.025114397457509766,-4.79649659776465,3.166
2026-07-28T08:00:52.589260+00:00,1,BOTH,707.0,67.0,562.3,17985,-0.004983965835999697,-0.9518673588005789,3.156
2026-07-28T08:00:52.606155+00:00,1,BOTH,707.5,67.5,562.3,17127,-0.004983965835999697,-0.9518673588005789,3.159
2026-07-28T08:00:52.705988+00:00,1,BOTH,707.5,67.5,562.4,17201,-0.004983965835999697,-0.9518673588005789,3.161
2026-07-28T08:00:52.722849+00:00,1,BOTH,708.0,68.0,562.3,17371,-0.004983965835999697,-0.9518673588005789,3.172
2026-07-28T08:00:52.789408+00:00,1,BOTH,707.5,67.5,562.3,17414,-0.004983965835999697,-0.9518673588005789,3.169
2026-07-28T08:00:52.889451+00:00,1,BOTH,708.0,68.0,562.3,17632,0.0018953962964587845,0.3619940276393845,3.176
2026-07-28T08:00:52.905919+00:00,1,BOTH,707.5,67.5,562.3,17524,0.003443086170591414,0.657581020249162,3.171
2026-07-28T08:00:52.939316+00:00,1,BOTH,707.5,67.5,562.4,17414,0.01718074144097045,3.281279911577064,3.168
2026-07-28T08:00:53.055738+00:00,1,BOTH,707.5,67.5,562.4,17752,0.0044535862444899975,0.8505723183559841,3.167
2026-07-28T08:00:53.072577+00:00,1,BOTH,708.0,68.0,562.3,17594,0.005319633920589695,1.0159752406814027,3.175
2026-07-28T08:00:53.139149+00:00,1,BOTH,708.0,68.0,562.2,17499,0.00018568468512967227,0.035463162593819396,3.18
2026-07-28T08:00:53.189051+00:00,1,BOTH,708.0,68.0,562.2,17611,9.087380021810532e-06,0.0017355617402708182,3.183
2026-07-28T08:00:53.273544+00:00,1,BOTH,707.5,67.5,562.3,17665,0.012421152057358996,2.3722652985896993,3.175
2026-07-28T08:00:53.355680+00:00,1,BOTH,708.0,68.0,562.2,17380,-0.013699530238518491,-2.616417546596532,3.18
2026-07-28T08:00:53.388947+00:00,1,BOTH,708.0,68.0,562.2,17580,0.000235503715230152,0.04497789647446172,3.183
2026-07-28T08:00:53.488976+00:00,1,BOTH,707.5,67.5,562.2,17674,0.002294614955026191,0.4382391751020065,3.176
2026-07-28T08:00:53.405691+00:00,1,BOTH,707.5,67.5,562.3,17392,0.021043795282021164,4.019068848657089,3.171
2026-07-28T08:00:53.605714+00:00,1,BOTH,707.5,67.5,562.3,17187,0.021043795282021164,4.019068848657089,3.168
2026-07-28T08:00:53.738823+00:00,1,BOTH,707.5,67.5,562.4,17434,-0.008443213109858334,-1.6125349224146972,3.167
2026-07-28T08:00:53.772137+00:00,1,BOTH,708.0,68.0,562.3,17428,0.06577875199727715,12.56281623693905,3.175
2026-07-28T08:00:53.855490+00:00,1,BOTH,708.0,68.0,562.2,17511,0.06577875199727715,12.56281623693905,3.18
2026-07-28T08:00:54.055329+00:00,1,BOTH,708.0,68.0,562.2,17616,8.647556242067367e-05,0.016515615859082355,3.183
2026-07-28T08:00:54.155354+00:00,1,BOTH,707.5,67.5,562.2,17632,-0.028225576081313195,-5.390687945948836,3.175
2026-07-28T08:00:54.171847+00:00,1,BOTH,707.5,67.5,562.3,17316,-0.001077905088895932,-0.20586470769803572,3.171
2026-07-28T08:00:54.205366+00:00,1,BOTH,708.0,68.0,562.2,17066,-0.005871305087384826,-1.1213366724694651,3.178
2026-07-28T08:00:54.222008+00:00,1,BOTH,707.5,67.5,562.3,17304,-0.010534262200817466,-2.0118958813034498,3.172
2026-07-28T08:00:54.288749+00:00,1,BOTH,707.5,67.5,562.3,17688,0.002333377274917439,0.44564223288168814,3.169
2026-07-28T08:00:54.405120+00:00,1,BOTH,708.0,68.0,562.3,17485,0.002333377274917439,0.44564223288168814,3.176
2026-07-28T08:00:54.471721+00:00,1,BOTH,708.5,68.5,562.3,16978,0.002333377274917439,0.44564223288168814,3.19
2026-07-28T08:00:54.505195+00:00,1,BOTH,707.5,67.5,562.4,17344,0.002333377274917439,0.44564223288168814,3.18
2026-07-28T08:00:54.605077+00:00,1,BOTH,707.5,67.5,562.4,17448,-0.006475073471119685,-1.2366479397742736,3.173
2026-07-28T08:00:54.621610+00:00,1,BOTH,707.0,67.0,562.3,17677,0.013786629377282224,2.633052256764486,3.16
2026-07-28T08:00:54.838056+00:00,1,BOTH,708.0,68.0,562.4,17002,5.4040670074755323e-05,0.01032100772447469,3.171
2026-07-28T08:00:54.871765+00:00,1,BOTH,707.5,67.5,562.5,17685,1.6723433509469034e-05,0.0031939405302007676,3.168
2026-07-28T08:00:54.904745+00:00,1,BOTH,708.0,68.0,562.4,17482,7.294840179383722e-07,0.00013932118483371455,3.176
2026-07-28T08:00:54.938064+00:00,1,BOTH,708.0,68.0,562.3,17359,0.009699842786212685,1.8525335119680137,3.181
2026-07-28T08:00:55.054664+00:00,1,BOTH,707.0,67.0,562.2,17804,9.116018190979958e-05,0.017410312276921174,3.165
2026-07-28T08:00:55.104781+00:00,1,BOTH,708.0,68.0,562.2,17388,0.007473010335816071,1.427239841666343,3.174
2026-07-28T08:00:55.256881+00:00,1,BOTH,707.5,67.5,562.2,17541,-0.0017262890259735287,-0.3296969180267765,3.17
2026-07-28T08:00:55.288038+00:00,1,BOTH,707.0,67.0,562.2,18276,0.0023625842298497447,0.4512203503818546,3.158
2026-07-28T08:00:55.304682+00:00,1,BOTH,707.5,67.5,562.3,17590,6.254022067878396e-05,0.011944302315703724,3.161
2026-07-28T08:00:55.404620+00:00,1,BOTH,707.5,67.5,562.3,17553,5.250913091003895e-05,0.010028505290150558,3.162
2026-07-28T08:00:55.454693+00:00,1,BOTH,707.5,67.5,562.3,17177,6.017135427100584e-05,0.01149188215771705,3.163
2026-07-28T08:00:55.487618+00:00,1,BOTH,707.5,67.5,562.4,17598,-2.3208268394228072e-05,-0.004432452762653763,3.163
2026-07-28T08:00:55.537826+00:00,1,BOTH,707.5,67.5,562.4,17114,4.606143396813422e-05,0.008797085882315396,3.164
2026-07-28T08:00:55.687733+00:00,1,BOTH,707.0,67.0,562.3,18092,-2.256375504657626e-05,-0.004309359780452773,3.154
2026-07-28T08:00:55.704435+00:00,1,BOTH,707.5,67.5,562.4,17147,4.321394953876734e-05,0.008253256415542263,3.158
2026-07-28T08:00:55.770912+00:00,1,BOTH,707.5,67.5,562.4,17417,1.3695677916985006e-05,0.0026156818073792116,3.161
2026-07-28T08:00:55.787766+00:00,1,BOTH,707.5,67.5,562.4,17417,2.2535532480105758e-05,0.004303969667300149,3.162
2026-07-28T08:00:55.754407+00:00,1,BOTH,707.5,67.5,562.4,17602,-3.610907035181299e-05,-0.00689632444433285,3.163
2026-07-28T08:00:55.737545+00:00,1,BOTH,707.5,67.5,562.4,17733,-5.958747526165098e-05,-0.01138036948110934,3.163
2026-07-28T08:00:55.970972+00:00,1,BOTH,707.5,67.5,562.5,17596,0.0032329590772860683,0.6174497015566689,3.164
2026-07-28T08:00:56.054230+00:00,1,BOTH,707.5,67.5,562.5,17179,-1.2653617886826396e-05,-0.0024166630016213327,3.164
2026-07-28T08:00:56.071029+00:00,1,BOTH,707.25,67.25,562.4,17719,-0.0077145617554197085,-1.4733727645952832,3.159
2026-07-28T08:00:56.154191+00:00,1,BOTH,707.0,67.0,562.3,18265,-0.010370429663889808,-1.980606171593863,3.152
2026-07-28T08:00:56.237472+00:00,1,BOTH,707.5,67.5,562.4,17189,-0.00018689420438022352,-0.03569416375480744,3.157
2026-07-28T08:00:56.270603+00:00,1,BOTH,707.0,67.0,562.3,18009,-1.4757903409190476e-05,-0.0028185519326944784,3.15
2026-07-28T08:00:56.320592+00:00,1,BOTH,708.0,68.0,562.4,17083,0.006767702400684357,1.292535948532563,3.165
2026-07-28T08:00:56.287509+00:00,1,BOTH,707.0,67.0,562.3,17726,-0.0029922399239148945,-0.5714757297695667,3.155
2026-07-28T08:00:56.537306+00:00,1,BOTH,707.5,67.5,562.4,17121,-1.778535092853417e-06,-0.00033967518178802924,3.159
2026-07-28T08:00:56.637383+00:00,1,BOTH,707.0,67.0,562.3,17880,0.0020276063511846586,0.38724428812267186,3.152
2026-07-28T08:00:56.703857+00:00,1,BOTH,707.0,67.0,562.2,17951,0.001656989881885238,0.3164617564263497,3.147
2026-07-28T08:00:56.720480+00:00,1,BOTH,708.0,68.0,562.4,16961,3.8505764678120606e-05,0.007354059343267439,3.163
2026-07-28T08:00:56.753889+00:00,1,BOTH,707.5,67.5,562.4,17521,-3.317222697660327e-05,-0.006335428676031275,3.164
2026-07-28T08:00:56.887113+00:00,1,BOTH,707.5,67.5,562.4,17337,-3.5989591560792177e-05,-0.006873505676110123,3.164
2026-07-28T08:00:56.803781+00:00,1,BOTH,707.0,67.0,562.3,17844,1.7115167429437862e-05,0.0032687561978885326,3.155
2026-07-28T08:00:56.787182+00:00,1,BOTH,708.0,68.0,562.5,17084,-4.4007108954247086e-06,-0.000840473870550244,3.168
2026-07-28T08:00:57.070353+00:00,1,BOTH,707.5,67.5,562.5,17662,-5.0185772124677896e-05,-0.009584776447831126,3.166
2026-07-28T08:00:57.136900+00:00,1,BOTH,707.5,67.5,562.5,17201,-7.506037509301677e-06,-0.0014335475671662483,3.165
2026-07-28T08:00:57.103563+00:00,1,BOTH,707.5,67.5,562.5,17631,-2.340605336939916e-05,-0.004470226910415107,3.165
2026-07-28T08:00:57.170299+00:00,1,BOTH,707.5,67.5,562.5,17384,1.538798853289336e-05,0.0029388893271016566,3.165
2026-07-28T08:00:57.053638+00:00,1,BOTH,707.5,67.5,562.5,17151,2.8258019956410865e-05,0.005396884269662657,3.164
2026-07-28T08:00:57.020444+00:00,1,BOTH,707.5,67.5,562.5,17593,-0.07241279989713803,-13.82982605610457,3.164
2026-07-28T08:00:57.403307+00:00,1,BOTH,707.0,67.0,562.4,17845,7.123385321392561e-06,0.0013604663825374508,3.155
2026-07-28T08:00:57.436737+00:00,1,BOTH,707.5,67.5,562.4,17680,-0.0716622995553189,-13.686491049073362,3.158
2026-07-28T08:00:57.486729+00:00,1,BOTH,708.0,68.0,562.5,16915,2.457684557157336e-05,0.0046938317499864695,3.17
2026-07-28T08:00:57.370354+00:00,1,BOTH,707.5,67.5,562.5,17416,8.55734819197096e-06,0.0016343331174128058,3.168
2026-07-28T08:00:57.353631+00:00,1,BOTH,707.5,67.5,562.5,17644,2.9677437851205475e-06,0.0005667973118786241,3.166
2026-07-28T08:00:57.736700+00:00,1,BOTH,707.5,67.5,562.5,17433,-5.725369170249905e-05,-0.010934649653654588,3.165
2026-07-28T08:00:57.919751+00:00,1,BOTH,707.5,67.5,562.5,17633,-2.592505363281816e-05,-0.004951320522702611,3.165
2026-07-28T08:00:57.936548+00:00,1,BOTH,707.5,67.5,562.5,17357,-0.0029425252188229932,-0.5619809204978885,3.165
2026-07-28T08:00:58.036445+00:00,1,BOTH,707.5,67.5,562.5,17640,-3.5755393328145145e-05,-0.00682877710844313,3.164
2026-07-28T08:00:58.053183+00:00,1,BOTH,707.5,67.5,562.5,17767,3.9930317361722695e-05,0.007626128864815555,3.164
2026-07-28T08:00:58.086352+00:00,1,BOTH,707.5,67.5,562.5,17548,3.161826578434556e-05,0.006038643949886327,3.164
2026-07-28T08:00:58.153271+00:00,1,BOTH,707.5,67.5,562.5,17322,-8.731149137020111e-07,-0.00016675266528351444,3.164
2026-07-28T08:00:58.219731+00:00,1,BOTH,707.5,67.5,562.5,17429,1.2708855720120483e-05,0.0024272126506786605,3.164
2026-07-28T08:00:58.319639+00:00,1,BOTH,707.5,67.5,562.5,17280,7.912009423307608e-06,0.0015110824914108746,3.164
2026-07-28T08:00:58.369609+00:00,1,BOTH,707.5,67.5,562.5,17269,0.003870785953477025,0.7392656617758525,3.164
2026-07-28T08:00:58.402961+00:00,1,BOTH,707.5,67.5,562.5,17554,-0.01648093959025573,-3.1476276031057386,3.164
2026-07-28T08:00:58.536301+00:00,1,BOTH,707.5,67.5,562.5,17529,3.818409080849961e-05,0.007292624159571022,3.164
2026-07-28T08:00:58.669416+00:00,1,BOTH,707.0,67.0,562.4,18322,-1.9409344531595707e-05,-0.0037069117492525253,3.155
2026-07-28T08:00:58.686225+00:00,1,BOTH,707.5,67.5,562.4,17304,-1.9409344531595707e-05,-0.0037069117492525253,3.158
2026-07-28T08:00:58.702725+00:00,1,BOTH,707.5,67.5,562.4,17602,-0.007995333023136481,-1.526996126757646,3.161
2026-07-28T08:00:58.836101+00:00,1,BOTH,707.5,67.5,562.4,17170,-0.03578974472824484,-6.835337742596723,3.162
2026-07-28T08:00:58.852574+00:00,1,BOTH,707.0,67.0,562.4,18038,0.09376715470367344,17.908207404902512,3.153
2026-07-28T08:00:58.885786+00:00,1,RIGHT,321.64,-318.36,562.4,15569,0.09376715470367344,17.908207404902512,-0.847
2026-07-28T08:00:58.919245+00:00,1,BOTH,707.5,67.5,562.4,17328,0.09376715470367344,17.908207404902512,0.758
2026-07-28T08:00:58.985958+00:00,1,BOTH,707.5,67.5,562.4,17513,0.007681694992934354,1.4670956753397175,1.72
2026-07-28T08:00:59.052706+00:00,1,BOTH,707.5,67.5,562.4,17570,0.007681694992934354,1.4670956753397175,2.298
2026-07-28T08:00:59.185950+00:00,1,BOTH,707.5,67.5,562.4,17421,0.007681694992934354,1.4670956753397175,2.644
2026-07-28T08:00:59.252468+00:00,1,BOTH,707.0,67.0,562.4,18037,0.007681694992934354,1.4670956753397175,2.843
2026-07-28T08:00:59.369443+00:00,1,BOTH,707.5,67.5,562.2,18007,-2.488315774826333e-05,-0.004752333066445806,2.971
2026-07-28T08:00:59.269248+00:00,1,BOTH,707.5,67.5,562.2,17670,-2.488315774826333e-05,-0.004752333066445806,3.048
2026-07-28T08:00:59.585684+00:00,1,BOTH,707.5,67.5,562.3,17117,-2.488315774826333e-05,-0.004752333066445806,3.095
2026-07-28T08:00:59.618835+00:00,1,RIGHT,321.7,-318.3,562.3,15558,-3.936438042728696e-06,-0.000751804287210309,-0.905
2026-07-28T08:00:59.652404+00:00,1,BOTH,707.0,67.0,562.2,17812,-2.8211455210112034e-05,-0.005387991058205923,0.713
2026-07-28T08:00:59.668949+00:00,1,BOTH,708.0,68.0,562.2,17516,2.4512264863005838e-05,0.004681497743190191,1.703
2026-07-28T08:00:59.835511+00:00,1,BOTH,707.5,67.5,562.3,17601,-8.436467306637495e-05,-0.016112465689014314,2.287
2026-07-28T08:00:59.868884+00:00,1,BOTH,707.5,67.5,562.3,17263,-6.7408832546789195e-06,-0.0012874138689450405,2.638
2026-07-28T08:00:59.970967+00:00,1,BOTH,707.5,67.5,562.1,18043,2.5554121239110825e-05,0.004880477653888893,2.848
2026-07-28T08:01:00.051981+00:00,1,BOTH,708.0,68.0,562.1,17647,8.903718116926026e-07,0.00017004849002467672,2.984
2026-07-28T08:00:59.918825+00:00,1,BOTH,708.0,68.0,562.1,17615,4.418577882461249e-06,0.0008438862137162729,3.065
2026-07-28T08:01:00.118597+00:00,1,BOTH,708.0,68.0,562.1,17132,3.712188365170732e-05,0.007089757536061727,3.114
2026-07-28T08:01:00.152128+00:00,1,BOTH,707.5,67.5,562.0,17839,5.069829101557844e-05,0.009682660345728882,3.134
2026-07-28T08:01:00.268657+00:00,1,BOTH,708.0,68.0,562.0,17764,-3.620694391429424e-05,-0.006915016917853135,3.156
2026-07-28T08:01:00.318435+00:00,1,BOTH,707.5,67.5,562.1,17333,-2.127098487108014e-05,-0.004062458863998392,3.159
2026-07-28T08:01:00.351951+00:00,1,BOTH,707.5,67.5,562.2,17554,-0.007149196195532568,-1.3653958963833366,3.161
2026-07-28T08:01:00.202017+00:00,1,BOTH,707.5,67.5,562.2,17286,-0.0010492770530981944,-0.20039715560816973,3.162
2026-07-28T08:01:00.585124+00:00,1,BOTH,707.0,67.0,562.2,18023,-0.003620376136386767,-0.6914409095494702,3.154
2026-07-28T08:01:00.518534+00:00,1,BOTH,707.5,67.5,562.2,17743,-5.3454359003808344e-05,-0.010209030558317832,3.158
2026-07-28T08:01:00.701727+00:00,1,BOTH,707.5,67.5,562.3,17627,-2.023366672801785e-05,-0.0038643456919656687,3.16
2026-07-28T08:01:00.835073+00:00,1,BOTH,708.0,68.0,562.2,17383,-1.5088735599420034e-05,-0.002881736226785221,3.171
2026-07-28T08:01:00.734992+00:00,1,BOTH,707.5,67.5,562.3,17594,0.0034032438048234325,0.6499716889014225,3.168
2026-07-28T08:01:00.935143+00:00,1,BOTH,707.5,67.5,562.3,17594,0.008680488998652435,1.6578512791084223,3.167
2026-07-28T08:01:00.968086+00:00,1,BOTH,707.5,67.5,562.4,17627,-4.8926070303423326e-05,-0.009344191121821693,3.166
2026-07-28T08:01:00.984933+00:00,1,BOTH,707.5,67.5,562.4,17598,1.4526674640364945e-05,0.0027743904908421146,3.165
2026-07-28T08:01:00.885033+00:00,1,BOTH,707.5,67.5,562.4,17140,8.17431922769174e-06,0.0015611799737979177,3.165
2026-07-28T08:01:01.217925+00:00,1,BOTH,707.5,67.5,562.4,17160,4.004104994237423e-05,0.007647277229901972,3.164
2026-07-28T08:01:01.351414+00:00,1,BOTH,707.5,67.5,562.4,17463,-0.002505932416388532,-0.47859783734694306,3.164
2026-07-28T08:01:01.185102+00:00,1,BOTH,708.0,68.0,562.4,17560,-4.8763361410237844e-05,-0.009313116012259115,3.174
2026-07-28T08:01:01.418007+00:00,1,BOTH,707.5,67.5,562.4,17476,0.004957080832245993,0.9467327013096434,3.17
2026-07-28T08:01:01.451386+00:00,1,BOTH,707.5,67.5,562.4,17367,0.003330620338601875,0.6361016285410688,3.167
2026-07-28T08:01:01.667910+00:00,1,BOTH,707.5,67.5,562.4,17584,0.0006520071480190381,0.12452419264617479,3.166
2026-07-28T08:01:01.553120+00:00,1,BOTH,707.5,67.5,562.4,17191,-0.006198853336682078,-1.1838937800415699,3.165
2026-07-28T08:01:01.534778+00:00,1,BOTH,707.0,67.0,562.4,17868,-0.00028183762631670104,-0.0538270216531073,3.155
2026-07-28T08:01:01.817873+00:00,1,BOTH,707.5,67.5,562.4,17331,0.005558159995125607,1.0615303652638381,3.159
2026-07-28T08:01:01.751160+00:00,1,BOTH,707.5,67.5,562.4,17481,0.0033200281852623446,0.6340786762667004,3.161
2026-07-28T08:01:01.701214+00:00,1,BOTH,707.5,67.5,562.4,17476,-1.715498365228996e-07,-3.276360536307124e-05,3.162
2026-07-28T08:01:01.967783+00:00,1,BOTH,708.0,68.0,562.3,17233,5.110208134283311e-05,0.009759778617595213,3.172
2026-07-28T08:01:02.117724+00:00,1,BOTH,708.0,68.0,562.3,17544,3.569006206816994e-05,0.006816299756886959,3.178
2026-07-28T08:01:02.067713+00:00,1,BOTH,707.0,67.0,562.2,18055,1.9501894712448086e-07,3.724587531772572e-05,3.163
2026-07-28T08:01:02.051007+00:00,1,BOTH,707.5,67.5,562.3,17563,7.9622494376963e-06,0.0015206776273680364,3.164
2026-07-28T08:01:02.250876+00:00,1,BOTH,707.5,67.5,562.3,17350,3.2654499082127584e-05,0.006236549931732437,3.164
2026-07-28T08:01:02.334312+00:00,1,BOTH,707.5,67.5,562.4,17468,-0.0010251041874289513,-0.19578047833622203,3.164
2026-07-28T08:01:02.267674+00:00,1,BOTH,707.5,67.5,562.4,17315,8.715274161659179e-06,0.0016644947558749588,3.164
2026-07-28T08:01:02.517489+00:00,1,BOTH,708.0,68.0,562.5,17049,3.4145570243708786e-05,0.0065213235467733435,3.173
2026-07-28T08:01:02.534060+00:00,1,BOTH,708.0,68.0,562.4,17163,-6.969840615056455e-05,-0.013311415037386691,3.179
2026-07-28T08:01:02.567457+00:00,1,BOTH,708.0,68.0,562.3,17049,-1.1451339087216184e-05,-0.002187044664902266,3.182
2026-07-28T08:01:02.600961+00:00,1,BOTH,708.0,68.0,562.3,17522,6.459993892349301e-07,0.00012337679523730135,3.184
2026-07-28T08:01:02.700739+00:00,1,BOTH,707.5,67.5,562.3,17651,5.217628553509712e-05,0.009964936506101838,3.176
2026-07-28T08:01:02.767314+00:00,1,BOTH,707.5,67.5,562.3,17082,2.860159962438047e-05,0.005462503152666539,3.171
2026-07-28T08:01:02.900655+00:00,1,BOTH,708.0,68.0,562.3,17383,-0.019140719152637757,-3.6556080809712164,3.178
2026-07-28T08:01:02.917216+00:00,1,BOTH,708.0,68.0,562.2,17145,-2.1925662585999817e-05,-0.0041874930973522795,3.182
2026-07-28T08:01:03.033774+00:00,1,BOTH,708.0,68.0,562.4,17045,-2.1298660431057212e-05,-0.004067744506606216,3.184
2026-07-28T08:01:03.183840+00:00,1,BOTH,707.5,67.5,562.4,17503,2.27441283641383e-06,0.00043438085465630325,3.176
2026-07-28T08:01:03.216962+00:00,1,BOTH,707.5,67.5,562.4,17341,3.398163244128227e-05,0.006490013732834382,3.171
2026-07-28T08:01:03.250437+00:00,1,BOTH,707.5,67.5,562.4,17296,-4.6642959932796654e-05,-0.008908149160490167,3.168
2026-07-28T08:01:03.366965+00:00,1,BOTH,708.0,68.0,562.3,17242,-3.83784994482994e-05,-0.007329753474775712,3.176
2026-07-28T08:01:03.300810+00:00,1,BOTH,707.5,67.5,562.4,17726,-8.887816860806197e-05,-0.01697447984031358,3.171
2026-07-28T08:01:03.500143+00:00,1,BOTH,707.5,67.5,562.4,17495,2.4681647191755472e-05,0.004713847385061696,3.168
2026-07-28T08:01:03.600092+00:00,1,BOTH,708.0,68.0,562.3,17445,-6.784015567973256e-05,-0.012956515339863788,3.176
2026-07-28T08:01:03.616844+00:00,1,BOTH,707.0,67.0,562.3,18151,-3.930413702619262e-05,-0.007506537230015692,3.162
2026-07-28T08:01:03.700207+00:00,1,BOTH,707.5,67.5,562.3,17673,-2.2846693173050878e-05,-0.004363396982153887,3.163
2026-07-28T08:01:03.716806+00:00,1,BOTH,707.0,67.0,562.2,17876,9.296928474213927e-06,0.0017755825466915266,3.154
2026-07-28T08:01:03.816778+00:00,1,BOTH,707.0,67.0,562.2,17802,-6.780828392948024e-05,-0.012950428283946611,3.149
2026-07-28T08:01:03.833408+00:00,1,BOTH,707.5,67.5,562.3,17377,7.009576074779042e-07,0.00013387304175357237,3.155
2026-07-28T08:01:03.883468+00:00,1,BOTH,708.0,68.0,562.2,17350,-6.9968347088433795e-06,-0.0013362969958912395,3.168
2026-07-28T08:01:04.050053+00:00,1,BOTH,707.0,67.0,562.2,17727,-4.0894083213061094e-05,-0.007810194583883965,3.157
2026-07-28T08:01:03.900063+00:00,1,BOTH,708.0,68.0,562.1,17327,6.720108271110803e-05,0.01283446139352018,3.169
2026-07-28T08:01:04.083300+00:00,1,BOTH,707.0,67.0,562.1,17812,7.744630565866827e-06,0.0014791154843739457,3.158
2026-07-28T08:01:04.166845+00:00,1,BOTH,707.5,67.5,562.0,17909,0.03523580104018038,6.729542291216705,3.16
2026-07-28T08:01:04.216713+00:00,1,BOTH,707.5,67.5,562.1,17283,3.33887297892943e-05,0.0063767776674309665,3.162
2026-07-28T08:01:04.366520+00:00,1,BOTH,707.5,67.5,562.2,17599,-1.968490178114735e-06,-0.00037595393072976664,3.163
2026-07-28T08:01:04.199733+00:00,1,BOTH,708.0,68.0,562.1,17436,8.976236695161787e-06,0.0017143349284774283,3.173
2026-07-28T08:01:04.149862+00:00,1,BOTH,707.5,67.5,562.2,17512,5.61895634746179e-06,0.0010731416132593503,3.169
2026-07-28T08:01:04.483123+00:00,1,BOTH,708.0,68.0,562.4,17065,-3.0054200906306505e-05,-0.0057399295618987215,3.177
2026-07-28T08:01:04.533123+00:00,1,BOTH,707.0,67.0,562.3,18162,-9.433449595235288e-06,-0.0018016561601879226,3.162
2026-07-28T08:01:04.616360+00:00,1,BOTH,707.5,67.5,562.3,17822,2.6145530864596366e-05,0.004993428572234673,3.163
2026-07-28T08:01:04.649643+00:00,1,BOTH,707.0,67.0,562.3,18125,-5.130232719238847e-05,-0.009798022757743658,3.154
2026-07-28T08:01:04.699690+00:00,1,BOTH,707.5,67.5,562.3,17636,-1.0828675003722312e-05,-0.002068124584773665,3.158
2026-07-28T08:01:04.832994+00:00,1,BOTH,707.0,67.0,562.3,17793,-4.318775696447119e-05,-0.008248254002336423,3.151
2026-07-28T08:01:04.882758+00:00,1,BOTH,707.5,67.5,562.3,17543,0.03712281790212728,7.089935964748633,3.156
2026-07-28T08:01:04.932734+00:00,1,BOTH,708.0,68.0,562.2,17590,-3.918539732694626e-07,-7.483859617924127e-05,3.169
2026-07-28T08:01:04.949529+00:00,1,BOTH,707.0,67.0,562.2,18009,-0.0004665792445302941,-0.08911007173329416,3.158
2026-07-28T08:01:04.999430+00:00,1,BOTH,707.5,67.5,562.3,17251,-0.0003453172350418754,-0.06595073387008839,3.16
2026-07-28T08:01:05.066084+00:00,1,BOTH,708.0,68.0,562.4,16874,-2.6047996725537815e-05,-0.004974800923813016,3.171
2026-07-28T08:01:05.116105+00:00,1,BOTH,707.5,67.5,562.4,17263,0.0016772036225302144,0.3203222965167804,3.168
2026-07-28T08:01:05.182755+00:00,1,BOTH,707.0,67.0,562.3,17867,5.4550983477383846e-05,0.010418470405139938,3.157
2026-07-28T08:01:05.266026+00:00,1,BOTH,707.5,67.5,562.4,17320,8.691540802828967e-05,0.016599620182261566,3.16
2026-07-28T08:01:05.282643+00:00,1,BOTH,707.0,67.0,562.3,17799,-6.642869731877e-05,-0.012686946649725096,3.152
2026-07-28T08:01:05.299377+00:00,1,BOTH,707.0,67.0,562.2,17848,1.8834727961802854e-05,0.0035971680682944755,3.148
2026-07-28T08:01:05.349434+00:00,1,BOTH,707.0,67.0,562.2,18281,-4.572455218294635e-05,-0.008732746200695071,3.145
2026-07-28T08:01:05.382599+00:00,1,BOTH,707.5,67.5,562.3,17247,-4.572455218294635e-05,-0.008732746200695071,3.153
2026-07-28T08:01:05.499467+00:00,1,BOTH,707.5,67.5,562.3,17510,-4.572455218294635e-05,-0.008732746200695071,3.157
2026-07-28T08:01:05.549318+00:00,1,BOTH,707.5,67.5,562.3,17571,-4.572455218294635e-05,-0.008732746200695071,3.16
2026-07-28T08:01:05.615863+00:00,1,BOTH,707.5,67.5,562.4,17500,6.397775025106966e-05,0.01221885024042778,3.162
2026-07-28T08:01:05.699298+00:00,1,BOTH,707.0,67.0,562.3,17837,-5.852619709912687e-05,-0.011177680282435905,3.153
2026-07-28T08:01:05.632607+00:00,1,BOTH,708.0,68.0,562.4,16830,0.05587061543716118,10.67050154449267,3.167
2026-07-28T08:01:05.765658+00:00,1,BOTH,707.0,67.0,562.4,18082,3.977706102887168e-05,0.007596859061295505,3.156
2026-07-28T08:01:05.782502+00:00,1,BOTH,708.0,68.0,562.5,16998,-6.029243522789329e-06,-0.0011515006917080571,3.169
2026-07-28T08:01:05.865706+00:00,1,BOTH,707.0,67.0,562.4,17908,0.020183221733896063,3.8547114077631996,3.158
2026-07-28T08:01:05.832262+00:00,1,RIGHT,320.62,-319.38,562.4,15615,8.78033043409232e-05,0.016769195886791998,-0.842
2026-07-28T08:01:05.798980+00:00,1,BOTH,707.5,67.5,562.4,17717,-7.212545278889592e-06,-0.0013774946800912697,0.76
2026-07-28T08:01:05.999068+00:00,1,BOTH,707.5,67.5,562.4,17725,-2.2624155608355064e-05,-0.004320895438019922,1.722
2026-07-28T08:01:06.132433+00:00,1,BOTH,707.5,67.5,562.4,17738,6.090214010328055e-06,0.0011631451970774704,2.299
2026-07-28T08:01:06.165686+00:00,1,BOTH,707.5,67.5,562.5,17552,-3.978567932790611e-05,-0.007598505035166352,2.645
2026-07-28T08:01:06.265604+00:00,1,BOTH,707.5,67.5,562.5,17456,-1.4109745243331417e-05,-0.0026947628414922633,2.853
2026-07-28T08:01:06.415504+00:00,1,BOTH,707.5,67.5,562.3,17798,0.031103801673161798,5.940388542280398,2.977
2026-07-28T08:01:06.466091+00:00,1,BOTH,707.0,67.0,562.2,18092,-0.002041222019761335,-0.3898446892716467,3.043
2026-07-28T08:01:06.515476+00:00,1,BOTH,708.0,68.0,562.2,17386,0.03674456363718491,7.017694721535229,3.101
2026-07-28T08:01:06.531968+00:00,1,BOTH,708.0,68.0,562.1,17465,5.2695104277518115e-05,0.010064023587011865,3.135
2026-07-28T08:01:06.615379+00:00,1,BOTH,707.5,67.5,562.2,17262,6.259928341023624e-05,0.011955582466499491,3.147
2026-07-28T08:01:06.631933+00:00,1,BOTH,707.5,67.5,562.1,17825,-3.8917915953788904e-05,-0.007432774438656526,3.154
2026-07-28T08:01:06.665384+00:00,1,BOTH,707.5,67.5,562.2,17428,-5.250686692306772e-05,-0.010028072900489477,3.158
2026-07-28T08:01:06.681921+00:00,1,BOTH,707.5,67.5,562.2,17550,-6.123555082012899e-05,-0.011695128727174193,3.16
2026-07-28T08:01:06.748586+00:00,1,BOTH,708.0,68.0,562.4,17022,6.1668106354773045e-06,0.0011777740748974625,3.171
2026-07-28T08:01:06.865304+00:00,1,BOTH,707.5,67.5,562.4,17227,3.397674299776554e-05,0.006489079917908794,3.168
2026-07-28T08:01:06.898485+00:00,1,BOTH,708.0,68.0,562.3,17161,-0.116600079939235,-22.268974904687273,3.176
2026-07-28T08:01:07.031824+00:00,1,BOTH,707.5,67.5,562.4,17426,-3.0224156216718256e-05,-0.005772388635206818,3.171
2026-07-28T08:01:06.948490+00:00,1,BOTH,708.0,68.0,562.3,17478,-0.0014488254144089296,-0.27670527165641384,3.178
2026-07-28T08:01:06.915241+00:00,1,BOTH,708.0,68.0,562.2,17508,-0.007729780172812752,-1.4762792682202495,3.182
2026-07-28T08:01:07.131768+00:00,1,BOTH,707.5,67.5,562.3,17671,-4.121554142329842e-05,-0.00787158857967206,3.175
2026-07-28T08:01:07.248418+00:00,1,BOTH,707.0,67.0,562.2,17832,-0.002790238090819912,-0.5328962214687382,3.161
2026-07-28T08:01:07.181679+00:00,1,BOTH,707.5,67.5,562.3,17443,-0.007055567297866219,-1.347514094127523,3.162
2026-07-28T08:01:07.281711+00:00,1,BOTH,707.5,67.5,562.3,17353,1.683770678937435e-05,0.0032157651190330735,3.163
2026-07-28T08:01:07.348373+00:00,1,BOTH,707.0,67.0,562.3,18015,-5.929560866206884e-06,-0.0011324627066653034,3.154
2026-07-28T08:01:07.481860+00:00,1,BOTH,707.5,67.5,562.3,17137,2.3318537569139152e-05,0.004453512623763078,3.158
2026-07-28T08:01:07.531570+00:00,1,BOTH,707.0,67.0,562.2,17780,3.4495460567995906e-05,0.00658814767635373,3.151
2026-07-28T08:01:07.548302+00:00,1,BOTH,707.5,67.5,562.3,17391,3.3568684011697768e-06,0.000641114639226189,3.156
2026-07-28T08:01:07.664783+00:00,1,BOTH,707.5,67.5,562.3,17580,-5.703515344066545e-05,-0.010892911920103955,3.159
2026-07-28T08:01:07.748182+00:00,1,BOTH,708.0,68.0,562.3,17448,-4.17344772722572e-05,-0.007970698026283314,3.171
2026-07-28T08:01:07.798123+00:00,1,BOTH,707.5,67.5,562.3,17316,-0.0053211862847092565,-1.016271720389131,3.168
2026-07-28T08:01:07.814793+00:00,1,BOTH,708.0,68.0,562.5,16958,0.00414557007195981,0.7917455626634737,3.176
2026-07-28T08:01:07.948087+00:00,1,BOTH,707.5,67.5,562.3,17948,-0.001794904178532306,-0.3428014468676572,3.171
2026-07-28T08:01:08.081360+00:00,1,BOTH,708.0,68.0,562.2,17410,-8.00911414262373e-05,-0.01529628126702929,3.178
2026-07-28T08:01:08.097841+00:00,1,BOTH,707.5,67.5,562.3,17393,-4.510455328272656e-06,-0.0008614335133077248,3.172
2026-07-28T08:01:08.247893+00:00,1,BOTH,707.5,67.5,562.3,17282,8.760321215959265e-06,0.0016730981095112642,3.169
2026-07-28T08:01:08.297915+00:00,1,BOTH,708.0,68.0,562.3,17728,2.6215430698357518e-05,0.005006778457111941,3.176
2026-07-28T08:01:08.347873+00:00,1,BOTH,707.0,67.0,562.2,17892,-3.746587259229272e-05,-0.007155454584377459,3.162
2026-07-28T08:01:08.381225+00:00,1,BOTH,707.0,67.0,562.2,17819,-3.746587259229272e-05,-0.007155454584377459,3.153
2026-07-28T08:01:08.397918+00:00,1,BOTH,708.0,68.0,562.1,17514,-3.746587259229272e-05,-0.007155454584377459,3.167
2026-07-28T08:01:08.464392+00:00,1,BOTH,707.5,67.5,562.2,17690,1.684511167695746e-05,0.003217179348387343,3.166
2026-07-28T08:01:08.597786+00:00,1,BOTH,707.5,67.5,562.1,17980,7.357151946052908e-05,0.014051125191509731,3.165
2026-07-28T08:01:08.664377+00:00,1,BOTH,708.5,68.5,562.1,16613,-0.020295118856593033,-3.8760821839971795,3.183
2026-07-28T08:01:08.680925+00:00,1,BOTH,707.5,67.5,562.2,17710,4.953088890033541e-05,0.009459702965068647,3.176
2026-07-28T08:01:08.814330+00:00,1,BOTH,708.0,68.0,562.2,17487,2.546660434745718e-05,0.004863763158796035,3.18
2026-07-28T08:01:08.964310+00:00,1,BOTH,707.5,67.5,562.2,17185,3.9051830826792864e-05,0.007458350295447051,3.174
2026-07-28T08:01:08.980787+00:00,1,BOTH,708.0,68.0,562.2,17371,0.002188030653342139,0.4178830729391889,3.179
2026-07-28T08:01:08.997530+00:00,1,BOTH,707.5,67.5,562.1,18031,-6.308409203484189e-05,-0.01204817409337098,3.173
2026-07-28T08:01:09.130744+00:00,1,BOTH,707.5,67.5,562.1,17119,-1.8378555541858077e-05,-0.003510045553650792,3.17
2026-07-28T08:01:09.264112+00:00,1,BOTH,707.5,67.5,562.2,17228,-2.7052183213527314e-05,-0.005166586415832559,3.167
2026-07-28T08:01:09.280837+00:00,1,BOTH,707.5,67.5,562.3,17309,-5.0792653346434236e-05,-0.00970068222340573,3.166
2026-07-28T08:01:09.330703+00:00,1,BOTH,708.0,68.0,562.2,17486,0.0058419513006083435,1.1157305121527339,3.175
2026-07-28T08:01:09.497328+00:00,1,BOTH,708.0,68.0,562.2,17344,0.004451852354613948,0.8502411697825237,3.18
2026-07-28T08:01:09.530706+00:00,1,BOTH,707.5,67.5,562.2,17088,0.005771002854744438,1.10218035711602,3.173
2026-07-28T08:01:09.548158+00:00,1,BOTH,707.5,67.5,562.1,17785,1.1592638329602779e-05,0.002214030832359426,3.17
2026-07-28T08:01:09.580750+00:00,1,BOTH,708.0,68.0,562.1,17620,-3.5635825479403135e-05,-0.006805941331448544,3.177
2026-07-28T08:01:09.747199+00:00,1,BOTH,708.0,68.0,562.1,17201,5.059546383563431e-06,0.0009663021800962113,3.181
2026-07-28T08:01:09.780330+00:00,1,BOTH,708.5,68.5,562.1,16890,-1.241466641658917e-05,-0.002371026632444537,3.193
2026-07-28T08:01:09.797511+00:00,1,BOTH,707.5,67.5,562.2,17563,-4.793626838363707e-05,-0.009155152879962696,3.181
2026-07-28T08:01:09.830432+00:00,1,BOTH,707.5,67.5,562.3,17321,-9.451818186789751e-05,-0.01805164302760157,3.174
2026-07-28T08:01:09.913749+00:00,1,BOTH,708.0,68.0,562.2,17257,6.910704541951418e-07,0.00013198473457190168,3.18
2026-07-28T08:01:10.013813+00:00,1,BOTH,708.0,68.0,562.2,17104,-4.595209029503166e-05,-0.00877620277903128,3.183
2026-07-28T08:01:10.030321+00:00,1,BOTH,707.5,67.5,562.2,17201,5.8792467461898924e-06,0.001122853417575676,3.175
2026-07-28T08:01:10.080361+00:00,1,BOTH,708.0,68.0,562.2,17580,2.2439465501520316e-05,0.0042856222258884176,3.18
2026-07-28T08:01:10.113590+00:00,1,BOTH,707.5,67.5,562.1,17976,-4.523695766692981e-05,-0.008639622507756831,3.174
2026-07-28T08:01:10.230327+00:00,1,BOTH,708.0,68.0,562.0,17506,-1.691274621407501e-05,-0.0032300965934745325,3.179
2026-07-28T08:01:10.296860+00:00,1,BOTH,708.0,68.0,562.0,17417,-1.7550045013194903e-05,-0.0033518116984022836,3.183
2026-07-28T08:01:10.330198+00:00,1,BOTH,707.0,67.0,562.0,17663,1.7375603692926234e-05,0.003318495860322002,3.166
2026-07-28T08:01:10.380131+00:00,1,BOTH,707.5,67.5,561.9,17755,4.2204527198919094e-05,0.008060470949477181,3.165
2026-07-28T08:01:10.446826+00:00,1,BOTH,707.0,67.0,561.9,17732,-2.1278937419992873e-05,-0.004063977688961962,3.155
2026-07-28T08:01:10.613427+00:00,1,BOTH,707.0,67.0,562.0,17682,-2.9702341271331533e-06,-0.000567272932168179,3.149
2026-07-28T08:01:10.630150+00:00,1,BOTH,707.0,67.0,562.0,17760,6.147054620669223e-05,0.011740009540024588,3.146
2026-07-28T08:01:10.713456+00:00,1,BOTH,708.0,68.0,562.0,17428,-2.961474863695912e-05,-0.005656000360795217,3.163
2026-07-28T08:01:10.763206+00:00,1,BOTH,708.0,68.0,562.0,17573,-0.014129439203534275,-2.6985241108306712,3.173
2026-07-28T08:01:10.830025+00:00,1,BOTH,707.5,67.5,562.1,17170,1.5695550246164203e-05,0.002997629287469097,3.169
2026-07-28T08:01:10.963310+00:00,1,BOTH,708.0,68.0,562.1,17421,-2.890975800255546e-05,-0.005521357067636616,3.176
2026-07-28T08:01:10.979780+00:00,1,BOTH,707.0,67.0,562.1,17797,4.9769398901844394e-05,0.009505255019929059,3.162
2026-07-28T08:01:10.896805+00:00,1,BOTH,707.5,67.5,562.1,17484,2.5134355091722682e-05,0.004800308225129536,3.163
2026-07-28T08:01:10.780174+00:00,1,BOTH,707.5,67.5,562.0,17830,0.000884186999173835,0.1688672778433265,3.163
2026-07-28T08:01:11.229838+00:00,1,BOTH,707.5,67.5,562.1,17686,-0.008270087246783077,-1.5794703181521241,3.164
2026-07-28T08:01:11.329600+00:00,1,BOTH,708.0,68.0,562.1,17250,3.841500263661146e-05,0.007336725070205888,3.173
2026-07-28T08:01:11.413046+00:00,1,BOTH,707.5,67.5,562.2,17378,-1.4658382715424525e-05,-0.0027995448802711352,3.17
2026-07-28T08:01:11.462978+00:00,1,BOTH,707.5,67.5,562.2,17215,3.4035045464406716e-05,0.0065002148688212665,3.167
2026-07-28T08:01:11.512991+00:00,1,BOTH,708.0,68.0,562.2,17367,3.672945866128429e-05,0.007014809883639389,3.175
2026-07-28T08:01:11.529624+00:00,1,BOTH,707.5,67.5,562.3,17316,3.672945866128429e-05,0.007014809883639389,3.171
2026-07-28T08:01:11.562965+00:00,1,BOTH,708.0,68.0,562.2,17370,-2.6158083637710658e-05,-0.004995825975303454,3.178
2026-07-28T08:01:11.646110+00:00,1,BOTH,708.0,68.0,562.2,17495,-2.6158083637710658e-05,-0.004995825975303454,3.182
2026-07-28T08:01:11.712883+00:00,1,BOTH,707.5,67.5,562.2,17283,3.7543941289186478e-06,0.0007170364607191121,3.175
2026-07-28T08:01:11.729864+00:00,1,BOTH,708.0,68.0,562.2,17243,7.170547905843706e-06,0.001369473772670717,3.18
2026-07-28T08:01:11.779442+00:00,1,BOTH,708.0,68.0,562.1,17333,-5.3316098637878895e-06,-0.0010182624773512193,3.183
2026-07-28T08:01:11.762759+00:00,1,BOTH,708.0,68.0,562.3,16982,1.877197326393798e-05,0.003585182803853556,3.185
2026-07-28T08:01:11.896368+00:00,1,BOTH,708.0,68.0,562.3,17374,1.8789869936881587e-05,0.003588600816610205,3.186
2026-07-28T08:01:11.946163+00:00,1,BOTH,708.0,68.0,562.2,17571,1.8789869936881587e-05,0.003588600816610205,3.186
2026-07-28T08:01:12.096227+00:00,1,BOTH,708.0,68.0,562.2,17169,4.307147486542818e-05,0.008226045757309466,3.187
2026-07-28T08:01:12.196350+00:00,1,BOTH,708.0,68.0,562.1,17212,9.614330367185176e-05,0.018362018429472455,3.187
2026-07-28T08:01:12.012686+00:00,1,BOTH,707.5,67.5,562.2,17244,-9.037175914272666e-06,-0.0017259734620170162,3.178
2026-07-28T08:01:12.229627+00:00,1,BOTH,708.0,68.0,562.2,17455,-6.976701988605782e-06,-0.0013324519295587996,3.182
2026-07-28T08:01:12.363208+00:00,1,BOTH,708.0,68.0,562.1,17525,-8.999862475320695e-06,-0.0017188471201134595,3.184
2026-07-28T08:01:12.379784+00:00,1,BOTH,708.0,68.0,562.3,16874,-2.4728987482376394e-05,-0.004722888714573368,3.185
2026-07-28T08:01:12.413175+00:00,1,BOTH,708.0,68.0,562.2,17211,-3.9637361769564447e-05,-0.007570178468097477,3.186
2026-07-28T08:01:12.530113+00:00,1,BOTH,708.0,68.0,562.2,17773,-0.016553052475501318,-3.1614001496826836,3.187
2026-07-28T08:01:12.563265+00:00,1,BOTH,708.0,68.0,562.4,17042,1.2613978469744338e-07,2.409092430617464e-05,3.187
2026-07-28T08:01:12.596624+00:00,1,BOTH,707.5,67.5,562.4,17297,1.3016191514907403e-05,0.0024859094637939587,3.178
2026-07-28T08:01:12.663488+00:00,1,BOTH,707.5,67.5,562.4,17597,4.470031199161895e-06,0.0008537130733459297,3.172
2026-07-28T08:01:12.630246+00:00,1,BOTH,707.0,67.0,562.3,17922,-6.13574922317639e-05,-0.011718417821289353,3.16
2026-07-28T08:01:12.863789+00:00,1,BOTH,708.0,68.0,562.3,17752,-6.814662174292607e-07,-0.0001301504604648038,3.171
2026-07-28T08:01:12.913789+00:00,1,BOTH,707.0,67.0,562.2,18090,1.9947236141888423e-05,0.00380964147960342,3.159
2026-07-28T08:01:12.947255+00:00,1,BOTH,707.5,67.5,562.3,17799,-1.3056869502179324e-05,-0.002493678387093185,3.161
2026-07-28T08:01:13.130699+00:00,1,BOTH,707.5,67.5,562.3,17478,1.5157279267441477e-06,0.0002894827103085136,3.162
2026-07-28T08:01:13.163980+00:00,1,BOTH,707.5,67.5,562.4,17452,3.523439954733476e-05,0.0067292746257998,3.163
2026-07-28T08:01:13.182125+00:00,1,BOTH,707.5,67.5,562.4,17167,0.0003810220485320315,0.07276985094104742,3.163
2026-07-28T08:01:13.264244+00:00,1,BOTH,707.5,67.5,562.4,17167,1.4631660596933215e-05,0.0027944413315738,3.164
2026-07-28T08:01:13.280921+00:00,1,BOTH,707.5,67.5,562.4,17326,0.006289953630184755,1.2012926544752582,3.164
2026-07-28T08:01:13.380898+00:00,1,BOTH,708.0,68.0,562.3,17124,-5.816773627884685e-05,-0.011109219308693095,3.173
2026-07-28T08:01:13.414437+00:00,1,BOTH,708.0,68.0,562.3,17290,1.1043595732189715e-05,0.002109171420343863,3.179
2026-07-28T08:01:13.597826+00:00,1,BOTH,707.5,67.5,562.3,17388,2.5960482016671445e-05,0.00495808684560182,3.173
2026-07-28T08:01:13.681287+00:00,1,BOTH,707.5,67.5,562.4,17510,6.341040279949083e-05,0.012110494858784548,3.169
2026-07-28T08:01:13.714784+00:00,1,BOTH,707.5,67.5,562.4,17544,-5.8720568631542845e-06,-0.0011214802510652324,3.167
2026-07-28T08:01:13.814865+00:00,1,BOTH,707.5,67.5,562.4,17557,-4.865694485488348e-05,-0.009292791947285365,3.166
2026-07-28T08:01:13.981647+00:00,1,BOTH,708.0,68.0,562.3,17350,-2.1399122124421408e-05,-0.004086931276714569,3.175
2026-07-28T08:01:14.065057+00:00,1,BOTH,708.0,68.0,562.3,17324,6.649642658885568e-05,0.012699881987476467,3.18
2026-07-28T08:01:14.098509+00:00,1,BOTH,707.5,67.5,562.3,17491,-5.579924094490707e-05,-0.01065687002058917,3.173
2026-07-28T08:01:14.165136+00:00,1,BOTH,707.0,67.0,562.2,18103,1.4820151263847946e-05,0.0028304403972132007,3.16
2026-07-28T08:01:14.131717+00:00,1,BOTH,707.5,67.5,562.3,17359,0.05512000942835584,10.52714635655365,3.162
2026-07-28T08:01:14.048435+00:00,1,BOTH,707.5,67.5,562.3,17653,-0.019521390491863713,-3.7283109513686834,3.163
2026-07-28T08:01:14.348500+00:00,1,RIGHT,320.66,-319.34,562.3,15621,-0.011974556400749634,-2.286971811014399,-0.837
2026-07-28T08:01:14.382197+00:00,1,BOTH,707.5,67.5,562.4,17459,-2.368708373978736e-07,-4.5238997575425805e-05,0.763
2026-07-28T08:01:14.582375+00:00,1,BOTH,707.5,67.5,562.4,17500,-5.766482383478433e-05,-0.011013170106995124,1.724
2026-07-28T08:01:14.632267+00:00,1,BOTH,707.5,67.5,562.4,17254,-0.016992740530204175,-3.245374382471987,2.3
2026-07-28T08:01:14.432003+00:00,1,BOTH,707.5,67.5,562.4,17761,3.547079344571102e-05,0.006774422534731814,2.645
2026-07-28T08:01:14.715694+00:00,1,BOTH,707.5,67.5,562.4,17530,7.422556460369378e-05,0.014176038612557623,2.853
2026-07-28T08:01:14.682461+00:00,1,BOTH,707.0,67.0,562.4,17846,3.508154768496752e-05,0.0067000820704519425,2.968
2026-07-28T08:01:14.782395+00:00,1,BOTH,708.0,68.0,562.5,17101,-1.1469442470115609e-05,-0.0021905021563524206,3.056
2026-07-28T08:01:14.832583+00:00,1,BOTH,707.5,67.5,562.3,17712,1.1019338089681696e-05,0.002104538551888374,3.099
2026-07-28T08:01:14.932729+00:00,1,BOTH,707.0,67.0,562.2,17768,2.7679938048095208e-05,0.005286478757798138,3.116
2026-07-28T08:01:14.882627+00:00,1,BOTH,707.0,67.0,562.2,17877,-4.321343483752571e-05,-0.008253158114846079,3.126
2026-07-28T08:01:14.815829+00:00,1,BOTH,707.5,67.5,562.2,17109,2.396307754679583e-05,0.004576610691920359,3.141
2026-07-28T08:01:15.067672+00:00,1,BOTH,708.0,68.0,562.2,17647,-8.850714366417378e-06,-0.0016903619295717339,3.16
2026-07-28T08:01:15.115969+00:00,1,BOTH,707.5,67.5,562.3,17322,3.5047676828980914e-05,0.006693613213463515,3.161
2026-07-28T08:01:15.232910+00:00,1,BOTH,707.5,67.5,562.3,17337,1.0626706716720946e-05,0.002029551483304781,3.162
2026-07-28T08:01:15.316286+00:00,1,BOTH,707.5,67.5,562.3,17491,0.006732426249855052,1.2857986999992759,3.163
2026-07-28T08:01:15.383139+00:00,1,BOTH,707.5,67.5,562.4,17366,0.015215067154313146,2.9058637765008895,3.163
2026-07-28T08:01:15.399963+00:00,1,BOTH,707.5,67.5,562.4,17402,0.027119255524594335,5.179396283653656,3.164
2026-07-28T08:01:15.483926+00:00,1,BOTH,707.5,67.5,562.4,17333,1.5814950456842782e-05,0.0030204330479519483,3.164
2026-07-28T08:01:15.650386+00:00,1,BOTH,707.5,67.5,562.4,17629,9.992337872972712e-06,0.001908395958633555,3.164
2026-07-28T08:01:15.666790+00:00,1,BOTH,707.0,67.0,562.3,17872,6.020590080879629e-06,0.0011498480060424324,3.155
2026-07-28T08:01:15.733479+00:00,1,BOTH,707.5,67.5,562.4,17615,4.122520080272806e-05,0.007873433385252171,3.158
2026-07-28T08:01:15.783511+00:00,1,BOTH,708.5,68.5,562.4,16933,-2.8154243482276796e-05,-0.0053770644230605544,3.179
2026-07-28T08:01:15.917257+00:00,1,BOTH,707.0,67.0,562.3,17864,6.127211381681264e-06,0.001170211174516194,3.164
2026-07-28T08:01:15.883614+00:00,1,BOTH,707.5,67.5,562.4,17602,-1.6230807013926095e-05,-0.003099855799964332,3.164
2026-07-28T08:01:15.816921+00:00,1,BOTH,708.0,68.0,562.3,17386,3.320669493405148e-05,0.006342011570998672,3.173
2026-07-28T08:01:16.185193+00:00,1,BOTH,707.0,67.0,562.2,17765,3.252466209232807e-05,0.00621175289326512,3.16
2026-07-28T08:01:16.167289+00:00,1,BOTH,707.5,67.5,562.3,17622,-4.262007598299533e-05,-0.008139834921175053,3.162
2026-07-28T08:01:16.150692+00:00,1,BOTH,707.0,67.0,562.2,17780,4.143885715166107e-05,0.007914238742118957,3.153
2026-07-28T08:01:16.450901+00:00,1,BOTH,707.5,67.5,562.3,17291,2.4467144412483323e-05,0.004672880371907963,3.158
2026-07-28T08:01:16.367509+00:00,1,BOTH,707.5,67.5,562.3,17573,-0.04924723778036423,-9.405529591640288,3.16
2026-07-28T08:01:16.317555+00:00,1,BOTH,708.0,68.0,562.5,16940,0.14977403361350297,28.60473335568082,3.171
2026-07-28T08:01:16.700896+00:00,1,RIGHT,320.54,-319.46,562.5,15666,0.003923246868944261,0.7492849585947365,-0.829
2026-07-28T08:01:16.667738+00:00,1,BOTH,707.5,67.5,562.5,17258,0.00473524729750352,0.9043656169922687,0.768
2026-07-28T08:01:16.784477+00:00,1,BOTH,707.5,67.5,562.3,17667,-0.1281390100158751,-24.47274821631409,1.727
2026-07-28T08:01:16.884450+00:00,1,BOTH,707.0,67.0,562.2,17774,-1.9166000856785104e-05,-0.0036604365307930206,2.292
2026-07-28T08:01:16.917938+00:00,1,BOTH,708.0,68.0,562.4,16806,-3.507709523546509e-05,-0.0066992317152353275,2.65
2026-07-28T08:01:16.934564+00:00,1,BOTH,707.5,67.5,562.4,17194,2.155677240807563e-05,0.004117040263022659,2.856
2026-07-28T08:01:16.951394+00:00,1,BOTH,707.5,67.5,562.4,17216,0.006912075884174556,1.3201092527911964,2.979
2026-07-28T08:01:17.051418+00:00,1,BOTH,707.5,67.5,562.4,17461,-1.8721639062277973e-05,-0.0035755696794526268,3.053
2026-07-28T08:01:17.201422+00:00,1,BOTH,707.5,67.5,562.4,17174,0.004661304909968749,0.8902436612160582,3.097
2026-07-28T08:01:17.084796+00:00,1,BOTH,707.5,67.5,562.5,17493,2.6403611409477888e-05,0.005042718325555166,3.124
2026-07-28T08:01:17.301683+00:00,1,BOTH,707.5,67.5,562.5,17349,3.171225311234593e-05,0.006056594207293437,3.14
2026-07-28T08:01:17.335029+00:00,1,BOTH,707.5,67.5,562.3,17800,0.0,0.0,3.15
2026-07-28T08:01:17.418211+00:00,1,BOTH,708.25,68.25,562.3,16988,0.002669417793513276,0.5098212444181179,3.169
2026-07-28T08:01:17.435514+00:00,1,BOTH,708.0,68.0,562.2,17381,-0.00013027921115281059,-0.024881496524499103,3.177
2026-07-28T08:01:17.535350+00:00,1,BOTH,707.5,67.5,562.3,17504,-2.0417536434251814e-05,-0.003899462219124057,3.172
2026-07-28T08:01:17.551722+00:00,1,BOTH,707.0,67.0,562.2,18063,-2.0417536434251814e-05,-0.003899462219124057,3.159
2026-07-28T08:01:17.568472+00:00,1,BOTH,707.0,67.0,562.0,18469,-0.008901972517487594,-1.7001515153116251,3.152
2026-07-28T08:01:17.585501+00:00,1,BOTH,707.0,67.0,562.0,17644,-3.3830583561211824e-05,-0.006461165521740334,3.147
2026-07-28T08:01:17.802061+00:00,1,BOTH,707.5,67.5,561.9,17756,-3.939452581107616e-05,-0.007523800216312834,3.154
2026-07-28T08:01:17.868786+00:00,1,BOTH,707.5,67.5,561.8,17979,4.750422493088991e-05,0.009072638658600456,3.158
2026-07-28T08:01:17.918949+00:00,1,BOTH,708.0,68.0,561.8,17668,2.791228238493204e-05,0.005330853257446526,3.17
2026-07-28T08:01:17.935447+00:00,1,BOTH,707.0,67.0,561.9,18013,2.9532452754210677e-06,0.0005640283004952586,3.158
2026-07-28T08:01:18.085763+00:00,1,BOTH,707.5,67.5,561.8,17820,0.013875051385111874,2.649939616313525,3.161
2026-07-28T08:01:18.102322+00:00,1,BOTH,707.5,67.5,561.7,17881,-0.0019919064710848034,-0.3804261132598559,3.162
2026-07-28T08:01:18.135796+00:00,1,BOTH,708.0,68.0,561.8,17393,-0.07216564203379676,-13.782622381294816,3.172
2026-07-28T08:01:18.219254+00:00,1,BOTH,707.5,67.5,561.7,18026,-8.975621312856674e-08,-1.7142173991145286e-05,3.169
2026-07-28T08:01:18.269535+00:00,1,RIGHT,320.27,-319.73,561.7,15770,-8.975621312856674e-08,-1.7142173991145286e-05,-0.831
2026-07-28T08:01:18.319299+00:00,1,BOTH,707.5,67.5,561.9,17576,-8.975621312856674e-08,-1.7142173991145286e-05,0.767
2026-07-28T08:01:18.369228+00:00,1,BOTH,707.5,67.5,562.0,17368,-8.975621312856674e-08,-1.7142173991145286e-05,1.726
2026-07-28T08:01:18.436110+00:00,1,BOTH,708.0,68.0,562.0,17389,-8.975621312856674e-08,-1.7142173991145286e-05,2.31
2026-07-28T08:01:18.486043+00:00,1,BOTH,708.0,68.0,562.0,17466,0.012474542827403639,2.3824621845514047,2.661
2026-07-28T08:01:18.536078+00:00,1,BOTH,708.5,68.5,562.1,16920,-2.9178020486142484e-05,-0.005572591428007396,2.881
2026-07-28T08:01:18.552835+00:00,1,BOTH,708.0,68.0,562.1,17332,-2.100889105349779e-05,-0.004012402632051924,3.004
2026-07-28T08:01:18.652828+00:00,1,BOTH,708.0,68.0,562.1,17723,2.818568696966395e-05,0.00538306968679541,3.077
2026-07-28T08:01:18.619522+00:00,1,BOTH,707.5,67.5,562.0,17939,8.549643825972453e-06,0.0016328616918943443,3.112
2026-07-28T08:01:18.602768+00:00,1,BOTH,707.5,67.5,562.1,17305,0.0023576774596585893,0.4502832263052086,3.133
2026-07-28T08:01:18.736083+00:00,1,BOTH,707.5,67.5,562.0,17798,2.6073883054777978e-05,0.004979744848521508,3.145
2026-07-28T08:01:19.019880+00:00,1,BOTH,708.0,68.0,562.0,17687,-2.7069984935224056e-05,-0.0051699862942368585,3.162
2026-07-28T08:01:19.036503+00:00,1,BOTH,708.0,68.0,562.0,17251,2.113246126100421e-05,0.004036002803264169,3.172
2026-07-28T08:01:19.086530+00:00,1,BOTH,708.0,68.0,562.0,17287,-1.202719286084175e-05,-0.0022970246343870225,3.178
2026-07-28T08:01:19.119899+00:00,1,BOTH,708.0,68.0,562.2,16917,2.3554403451271352e-05,0.004498559689020762,3.182
2026-07-28T08:01:19.136621+00:00,1,BOTH,708.0,68.0,562.1,17639,8.515779627487064e-06,0.0016263941063949904,3.184
2026-07-28T08:01:19.253400+00:00,1,BOTH,707.5,67.5,562.2,17325,4.2343809600424716e-05,0.008087071928699577,3.176
2026-07-28T08:01:19.386827+00:00,1,BOTH,707.5,67.5,562.1,17930,0.0177546685206471,3.390891909622866,3.171
2026-07-28T08:01:19.403519+00:00,1,BOTH,707.5,67.5,562.2,17650,-4.179426294285804e-05,-0.007982116248285938,3.168
2026-07-28T08:01:19.453596+00:00,1,BOTH,708.0,68.0,562.1,17537,1.1178036220371724e-05,0.002134847662238888,3.176
2026-07-28T08:01:19.520160+00:00,1,BOTH,708.0,68.0,562.1,17481,-3.6600977182388306e-06,-0.0006990271728684925,3.181
2026-07-28T08:01:19.486988+00:00,1,BOTH,707.5,67.5,562.2,17778,0.024182714290218427,4.618558220000734,3.174
2026-07-28T08:01:19.620248+00:00,1,BOTH,708.0,68.0,562.1,17593,2.961708280054154e-05,0.00565644615320177,3.179
2026-07-28T08:01:19.737195+00:00,1,BOTH,707.0,67.0,562.1,18151,3.0808631563559175e-05,0.005884015203884917,3.164
2026-07-28T08:01:19.770397+00:00,1,BOTH,707.5,67.5,562.0,18077,0.005137769397406373,0.9812416752761913,3.164
2026-07-28T08:01:19.839816+00:00,1,BOTH,707.5,67.5,562.1,17575,-0.020484458450227977,-3.912243382697194,3.164
2026-07-28T08:01:19.903893+00:00,1,BOTH,707.5,67.5,562.2,17500,-1.2768637679982928e-05,-0.0024386301639824563,3.164
2026-07-28T08:01:19.987450+00:00,1,BOTH,707.0,67.0,562.1,18013,6.085467190132476e-05,0.011622386211997566,3.155
2026-07-28T08:01:20.054039+00:00,1,BOTH,707.0,67.0,562.1,17923,6.204560631886125e-06,0.0011849837931336604,3.149
2026-07-28T08:01:20.070746+00:00,1,BOTH,707.5,67.5,562.2,17465,1.881038420833647e-05,0.003592518753857373,3.155
2026-07-28T08:01:20.187584+00:00,1,BOTH,707.5,67.5,562.3,17452,-3.0119382427074008e-06,-0.0005752378315372795,3.159
2026-07-28T08:01:20.204130+00:00,1,BOTH,707.5,67.5,562.1,17836,5.901197728235276e-06,0.0011270457463335689,3.161
2026-07-28T08:01:20.337689+00:00,1,BOTH,707.0,67.0,562.1,18424,-4.2180693562841035e-05,-0.00805591906028477,3.153
2026-07-28T08:01:20.371127+00:00,1,BOTH,707.5,67.5,562.2,17368,0.005896406864048913,1.126130758673239,3.157
2026-07-28T08:01:20.454334+00:00,1,BOTH,707.5,67.5,562.2,17708,5.536575990845449e-06,0.0010574081240963538,3.16
2026-07-28T08:01:20.587859+00:00,1,BOTH,707.5,67.5,562.3,17637,2.1014129306422546e-05,0.004013403064667292,3.162
2026-07-28T08:01:20.604534+00:00,1,BOTH,707.5,67.5,562.3,17565,2.1014129306422546e-05,0.004013403064667292,3.163
2026-07-28T08:01:20.671329+00:00,1,BOTH,707.0,67.0,562.3,17981,2.1014129306422546e-05,0.004013403064667292,3.154
2026-07-28T08:01:20.771418+00:00,1,BOTH,707.0,67.0,562.2,17791,2.1014129306422546e-05,0.004013403064667292,3.149
2026-07-28T08:01:20.654569+00:00,1,BOTH,707.5,67.5,562.3,17338,1.566804712638259e-06,0.0002992376578512666,3.155
2026-07-28T08:01:20.838035+00:00,1,BOTH,707.0,67.0,562.2,18045,7.1468838723376376e-06,0.0013649542751835377,3.149
2026-07-28T08:01:20.871451+00:00,1,BOTH,707.5,67.5,562.3,17557,-0.0023254983822698703,-0.4441374752285471,3.155
2026-07-28T08:01:20.904736+00:00,1,BOTH,708.0,68.0,562.2,17441,1.1535388184711338e-05,0.002203096860096786,3.168
2026-07-28T08:01:21.021909+00:00,1,BOTH,707.5,67.5,562.3,17329,-0.006642028561327606,-1.2685340132314065,3.166
2026-07-28T08:01:21.054986+00:00,1,BOTH,707.5,67.5,562.3,17278,3.6458521735767134e-05,0.0069630647424847765,3.165
2026-07-28T08:01:21.104954+00:00,1,BOTH,708.0,68.0,562.3,17503,-2.8198012732900678e-05,-0.005385423734171217,3.174
2026-07-28T08:01:21.288318+00:00,1,BOTH,707.0,67.0,562.2,18262,-3.559927688911557e-05,-0.006798961064879776,3.161
2026-07-28T08:01:21.388502+00:00,1,BOTH,707.0,67.0,562.2,18131,4.784786200616509e-05,0.00913826850559208,3.153
2026-07-28T08:01:21.421891+00:00,1,BOTH,707.5,67.5,562.2,17352,-0.03721094702370465,-7.106767387143895,3.157
2026-07-28T08:01:21.521921+00:00,1,BOTH,707.5,67.5,562.3,17550,0.00699381305515999,1.3357199025472115,3.16
2026-07-28T08:01:21.655346+00:00,1,BOTH,707.5,67.5,562.3,17396,-2.86250724457204e-06,-0.0005466986131320014,3.162
2026-07-28T08:01:21.738812+00:00,1,BOTH,707.0,67.0,562.3,18296,-2.204175980295986e-05,-0.004209666032502363,3.153
2026-07-28T08:01:21.488600+00:00,1,BOTH,708.0,68.0,562.2,17092,-0.005655024497536942,-1.0800301225065192,3.167
2026-07-28T08:01:21.772234+00:00,1,BOTH,708.0,68.0,562.2,17514,-4.183802171610296e-05,-0.007990473558364616,3.175
2026-07-28T08:01:21.855538+00:00,1,BOTH,708.0,68.0,562.1,17414,1.7931451511685734e-05,0.0034246549738769084,3.18
2026-07-28T08:01:21.955610+00:00,1,BOTH,707.0,67.0,562.1,17961,3.998412285000086e-05,0.007636404956125487,3.164
2026-07-28T08:01:21.972276+00:00,1,BOTH,707.5,67.5,562.2,17678,-2.6920577511191366e-06,-0.0005141451578153543,3.164
2026-07-28T08:01:21.989008+00:00,1,BOTH,707.5,67.5,562.2,17342,0.0035018323827534915,0.6688007203133859,3.164
2026-07-28T08:01:22.122455+00:00,1,BOTH,707.0,67.0,562.2,17951,-3.473210090305656e-05,-0.00663334265122552,3.155
2026-07-28T08:01:22.139205+00:00,1,BOTH,707.0,67.0,562.2,17741,-4.017540835775435e-05,-0.00767293779704646,3.149
2026-07-28T08:01:22.339299+00:00,1,BOTH,707.0,67.0,562.1,17839,-0.0036397819277772213,-0.6951471426987513,3.146
2026-07-28T08:01:22.356587+00:00,1,BOTH,707.5,67.5,562.0,17948,0.011341560176806525,2.1660784374155386,3.153
2026-07-28T08:01:22.422583+00:00,1,BOTH,707.5,67.5,562.1,17585,-1.239206758327782e-05,-0.002366710573209003,3.157
2026-07-28T08:01:22.472629+00:00,1,BOTH,707.0,67.0,562.1,17774,1.3823361368849872e-05,0.002640067550397607,3.151
2026-07-28T08:01:22.489375+00:00,1,BOTH,707.5,67.5,562.0,17884,5.532798240892589e-06,0.0010566866270018385,3.156
2026-07-28T08:01:22.555994+00:00,1,BOTH,708.0,68.0,562.0,17730,-4.1177155799232425e-06,-0.0007864257465495534,3.169
2026-07-28T08:01:22.656096+00:00,1,BOTH,707.0,67.0,562.0,18092,5.1073723006993526e-05,0.009754362574403137,3.157
2026-07-28T08:01:22.689344+00:00,1,BOTH,707.5,67.5,562.1,17295,-0.007354839216859545,-1.4046708204111853,3.16
2026-07-28T08:01:22.722957+00:00,1,BOTH,707.5,67.5,562.2,17525,0.013990297629352427,2.6719500276459165,3.162
2026-07-28T08:01:22.789478+00:00,1,BOTH,707.5,67.5,562.2,17647,0.00422339141194243,0.8066083437869963,3.163
2026-07-28T08:01:22.755966+00:00,1,BOTH,707.5,67.5,562.3,17567,-1.8941869639093058e-05,-0.003617630621356747,3.163
2026-07-28T08:01:22.956174+00:00,1,BOTH,707.5,67.5,562.3,17755,-0.011849872012389824,-2.263158846933775,3.164
2026-07-28T08:01:23.006325+00:00,1,BOTH,707.5,67.5,562.4,17678,-1.393382262904197e-05,-0.002661164097093286,3.164
2026-07-28T08:01:23.073135+00:00,1,BOTH,707.5,67.5,562.4,17585,1.6308759695675688e-05,0.0031147436655175925,3.164
2026-07-28T08:01:23.206618+00:00,1,BOTH,707.5,67.5,562.4,17405,1.9218568922951818e-05,0.0036704762918880777,3.164
2026-07-28T08:01:23.223402+00:00,1,BOTH,707.0,67.0,562.3,17798,-2.6466597919352353e-05,-0.005054747862828719,3.155
2026-07-28T08:01:23.356666+00:00,1,BOTH,708.0,68.0,562.3,17708,-4.4973226758884264e-05,-0.008589253614562956,3.168
2026-07-28T08:01:23.473279+00:00,1,BOTH,707.5,67.5,562.3,17610,-0.0008327830932103097,-0.1590498549693353,3.166
2026-07-28T08:01:23.540071+00:00,1,BOTH,707.0,67.0,562.2,17950,-7.752438395982608e-06,-0.0014806066700832436,3.156
2026-07-28T08:01:23.556862+00:00,1,BOTH,707.5,67.5,562.3,17320,-7.752438395982608e-06,-0.0014806066700832436,3.159
2026-07-28T08:01:23.623367+00:00,1,BOTH,707.0,67.0,562.2,17913,-7.752438395982608e-06,-0.0014806066700832436,3.152
2026-07-28T08:01:23.673588+00:00,1,BOTH,707.5,67.5,562.3,17359,-7.752438395982608e-06,-0.0014806066700832436,3.157
2026-07-28T08:01:23.823673+00:00,1,BOTH,707.5,67.5,562.3,17626,0.0007926153126754798,0.151378373979157,3.16
2026-07-28T08:01:23.840261+00:00,1,BOTH,707.5,67.5,562.4,17634,4.4227419421076776e-05,0.008446814905275433,3.161
2026-07-28T08:01:23.907101+00:00,1,BOTH,707.5,67.5,562.4,17586,9.885921208478976e-06,0.001888071872815719,3.162
2026-07-28T08:01:23.924403+00:00,1,BOTH,707.5,67.5,562.4,17661,-0.0013704443069946137,-0.26173558282840764,3.163
2026-07-28T08:01:23.990458+00:00,1,BOTH,707.5,67.5,562.4,17565,0.0019049262523185462,0.3638141151384188,3.163
2026-07-28T08:01:24.107146+00:00,1,BOTH,708.0,68.0,562.5,16796,5.4206670611165464e-05,0.010352711491585386,3.173
2026-07-28T08:01:24.124286+00:00,1,BOTH,708.0,68.0,562.6,16956,-6.897585466504096e-05,-0.013173417868715327,3.179
2026-07-28T08:01:24.157048+00:00,1,BOTH,708.0,68.0,562.7,17135,1.419787877239288e-06,0.0002711595105654981,3.182
2026-07-28T08:01:24.273962+00:00,1,BOTH,707.0,67.0,562.6,18218,5.492550044436938e-05,0.010489997877020978,3.166
2026-07-28T08:01:24.323997+00:00,1,BOTH,707.5,67.5,562.6,17564,-6.797641399316489e-05,-0.012982538760807932,3.165
2026-07-28T08:01:24.357231+00:00,1,BOTH,707.5,67.5,562.5,17265,3.7077963788760826e-05,0.007081369460116302,3.165
2026-07-28T08:01:24.407471+00:00,1,BOTH,707.0,67.0,562.4,17925,5.380377697292715e-05,0.0102757644747063,3.155
2026-07-28T08:01:24.540851+00:00,1,BOTH,707.5,67.5,562.4,17630,-8.503180579282345e-06,-0.0016239878654349495,3.159
2026-07-28T08:01:24.573985+00:00,1,BOTH,707.0,67.0,562.4,18020,-1.809602079447359e-05,-0.003456085391681039,3.151
2026-07-28T08:01:24.807731+00:00,1,BOTH,707.0,67.0,562.3,17802,-1.3261061394587169e-06,-0.00025326761659123814,3.147
2026-07-28T08:01:24.824333+00:00,1,BOTH,707.5,67.5,562.3,17169,-1.3165244890842587e-05,-0.0025143765616715014,3.154
2026-07-28T08:01:24.857724+00:00,1,BOTH,707.5,67.5,562.4,17705,-9.707065997645259e-05,-0.01853913043733404,3.158
2026-07-28T08:01:24.957754+00:00,1,BOTH,707.5,67.5,562.4,17353,-7.3591433465480785e-06,-0.0014054928486299516,3.16
2026-07-28T08:01:25.007740+00:00,1,BOTH,707.0,67.0,562.3,17841,2.0877749193459858e-07,3.987356381726361e-05,3.152
2026-07-28T08:01:25.058300+00:00,1,BOTH,707.5,67.5,562.4,17358,0.0,0.0,3.157
2026-07-28T08:01:25.208021+00:00,1,BOTH,707.5,67.5,562.4,17751,-2.5913020363077523e-06,-0.0004949022337469674,3.16
2026-07-28T08:01:25.224660+00:00,1,BOTH,707.0,67.0,562.3,18117,-2.5913020363077523e-06,-0.0004949022337469674,3.152
2026-07-28T08:01:25.274449+00:00,1,RIGHT,319.7,-320.3,562.3,15857,3.451987897278741e-05,0.0065928112481437135,-0.848
2026-07-28T08:01:25.441477+00:00,1,BOTH,707.5,67.5,562.1,17939,-4.441622877493501e-05,-0.008482874835637663,0.757
2026-07-28T08:01:25.491381+00:00,1,BOTH,707.5,67.5,562.2,17359,4.0133088205038796e-05,0.007664855243249958,1.72
2026-07-28T08:01:25.574897+00:00,1,BOTH,707.5,67.5,562.3,17412,-5.113063263706863e-05,-0.009765231513126317,2.297
2026-07-28T08:01:25.708248+00:00,1,BOTH,707.5,67.5,562.3,17431,-1.1009258305421099e-05,-0.002102613454899925,2.644
2026-07-28T08:01:25.758391+00:00,1,BOTH,707.5,67.5,562.4,17543,-6.824122538091615e-05,-0.013033114010425095,2.852
2026-07-28T08:01:25.624912+00:00,1,BOTH,707.0,67.0,562.3,18005,5.586407933151348e-06,0.0010669253240265784,2.968
2026-07-28T08:01:25.874891+00:00,1,BOTH,708.0,68.0,562.4,17066,-0.035084113188204355,-6.700572045477935,3.056
2026-07-28T08:01:25.941738+00:00,1,BOTH,707.0,67.0,562.3,17815,0.017405593828298153,3.3242235542681247,3.09
2026-07-28T08:01:25.975101+00:00,1,BOTH,707.0,67.0,562.3,17861,2.53844287362881e-05,0.004848068773133046,3.11
2026-07-28T08:01:26.008677+00:00,1,BOTH,707.5,67.5,562.3,17737,2.53844287362881e-05,0.004848068773133046,3.132
2026-07-28T08:01:26.108558+00:00,1,BOTH,707.0,67.0,562.3,17865,2.53844287362881e-05,0.004848068773133046,3.135
2026-07-28T08:01:26.241848+00:00,1,BOTH,707.5,67.5,562.3,17078,2.53844287362881e-05,0.004848068773133046,3.147
2026-07-28T08:01:26.308822+00:00,1,BOTH,707.0,67.0,562.2,18175,2.53844287362881e-05,0.004848068773133046,3.144
2026-07-28T08:01:26.391933+00:00,1,BOTH,707.5,67.5,562.3,17681,0.03088525373255834,5.898648960220885,3.152
2026-07-28T08:01:26.442063+00:00,1,BOTH,707.5,67.5,562.3,17721,0.003775551571743563,0.7210772346496354,3.157
2026-07-28T08:01:26.458831+00:00,1,BOTH,707.5,67.5,562.4,17172,-0.0044238099595531825,-0.844885466834456,3.16
2026-07-28T08:01:26.508876+00:00,1,BOTH,707.5,67.5,562.4,17679,-0.039157900107093156,-7.478608035771041,3.162
2026-07-28T08:01:26.542158+00:00,1,BOTH,707.5,67.5,562.4,17166,0.02176875079749152,4.157525153227698,3.163
2026-07-28T08:01:26.692277+00:00,1,BOTH,707.5,67.5,562.4,17355,0.01988559580175206,3.7978690418115377,3.163
2026-07-28T08:01:26.708760+00:00,1,BOTH,707.0,67.0,562.3,17856,0.0,0.0,3.154
2026-07-28T08:01:26.758812+00:00,1,BOTH,707.0,67.0,562.3,17943,-0.038663649600930515,-7.3842131423532935,3.149
2026-07-28T08:01:26.842393+00:00,1,BOTH,707.5,67.5,562.3,17292,-0.038663649600930515,-7.3842131423532935,3.155
2026-07-28T08:01:26.858817+00:00,1,BOTH,708.0,68.0,562.5,16550,0.0018949864120804704,0.3619157454894987,3.168
2026-07-28T08:01:26.875688+00:00,1,BOTH,707.0,67.0,562.4,18095,-0.035536172678694126,-6.786909048457595,3.157
2026-07-28T08:01:26.925751+00:00,1,BOTH,708.0,68.0,562.3,17258,-0.002927620496484451,-0.5591343282151789,3.169
2026-07-28T08:01:26.975704+00:00,1,BOTH,707.5,67.5,562.3,17289,-0.010386012899689377,-1.9835823504021042,3.167
2026-07-28T08:01:26.992561+00:00,1,BOTH,707.5,67.5,562.4,17632,-0.005729620050406083,-1.0942768236726754,3.166
2026-07-28T08:01:27.175815+00:00,1,BOTH,707.5,67.5,562.4,17593,-0.01938471735920757,-3.7022083057885875,3.165
2026-07-28T08:01:27.109123+00:00,1,BOTH,707.5,67.5,562.4,17347,-0.005124592494685203,-0.978725072232933,3.165
2026-07-28T08:01:27.275971+00:00,1,BOTH,707.5,67.5,562.4,17669,0.003346598641946912,0.63915325969257,3.164
2026-07-28T08:01:27.092597+00:00,1,BOTH,707.5,67.5,562.4,17256,0.0029041144737857395,0.5546450085692628,3.164
2026-07-28T08:01:27.426114+00:00,1,BOTH,708.0,68.0,562.4,17114,-0.0006686585454735905,-0.12770437530331055,3.174
2026-07-28T08:01:27.559386+00:00,1,BOTH,707.5,67.5,562.4,17403,-0.009694446582761885,-1.8515029130242644,3.17
2026-07-28T08:01:27.626273+00:00,1,BOTH,707.5,67.5,562.4,17279,-4.417139556608163e-05,-0.008436115137131184,3.167
2026-07-28T08:01:27.642771+00:00,1,BOTH,707.0,67.0,562.3,17805,3.016047121491283e-06,0.0005760225695801039,3.157
2026-07-28T08:01:27.709380+00:00,1,BOTH,707.0,67.0,562.3,17880,4.791040715645067e-05,0.00915021374939333,3.15
2026-07-28T08:01:27.776232+00:00,1,BOTH,707.0,67.0,562.2,18096,1.5812180936336515e-05,0.0030199041084976682,3.146
2026-07-28T08:01:27.859535+00:00,1,BOTH,707.5,67.5,562.3,17676,-0.011149853397801052,-2.1294651396120026,3.153
2026-07-28T08:01:27.943041+00:00,1,BOTH,707.0,67.0,562.2,17786,0.002526924600242637,0.48260704913895275,3.148
2026-07-28T08:01:27.993106+00:00,1,BOTH,707.0,67.0,562.2,18022,-0.01742691562161781,-3.3282957168310134,3.145
2026-07-28T08:01:28.076307+00:00,1,BOTH,707.5,67.5,562.2,17244,-0.010266967350617051,-1.960846325296565,3.153
2026-07-28T08:01:28.043081+00:00,1,BOTH,707.5,67.5,562.3,17371,-0.005205979869933799,-0.9942689159242399,3.157
2026-07-28T08:01:28.126460+00:00,1,BOTH,707.0,67.0,562.2,17806,0.0001105762057704851,0.021118499684063118,3.151
2026-07-28T08:01:28.143108+00:00,1,BOTH,707.0,67.0,562.2,17850,-0.0038866020494606347,-0.7422863136033013,3.147
2026-07-28T08:01:28.209863+00:00,1,BOTH,707.5,67.5,562.2,17187,-1.5738256042823195e-05,-0.003005785493833444,3.154
2026-07-28T08:01:28.176397+00:00,1,BOTH,707.5,67.5,562.3,17460,5.1050514739472414e-05,0.009749930121807237,3.158
2026-07-28T08:01:28.159851+00:00,1,BOTH,707.5,67.5,562.3,17592,-9.94529291347135e-07,-0.00018994110332109154,3.16
2026-07-28T08:01:28.443270+00:00,1,BOTH,707.0,67.0,562.3,17947,-4.116604060982354e-05,-0.007862134620690143,3.152
2026-07-28T08:01:28.426844+00:00,1,BOTH,707.0,67.0,562.2,17886,-5.756992322858423e-05,-0.010995045426300127,3.148
2026-07-28T08:01:28.326426+00:00,1,BOTH,708.0,68.0,562.2,17069,0.003777059872809332,0.7213652989339808,3.164
2026-07-28T08:01:28.576723+00:00,1,BOTH,708.0,68.0,562.1,17459,2.1880049316678193e-05,0.0041787816046125375,3.173
2026-07-28T08:01:28.610064+00:00,1,BOTH,708.0,68.0,562.1,17337,1.2734816700685769e-05,0.002432170832740034,3.179
2026-07-28T08:01:28.710090+00:00,1,BOTH,707.5,67.5,562.2,17390,-3.822300728643313e-05,-0.007300056659368039,3.173
2026-07-28T08:01:28.776780+00:00,1,BOTH,708.0,68.0,562.2,17371,-3.822300728643313e-05,-0.007300056659368039,3.179
2026-07-28T08:01:28.810167+00:00,1,BOTH,707.5,67.5,562.0,18119,-2.5648827577242624e-05,-0.004898565232115863,3.173
2026-07-28T08:01:28.876677+00:00,1,BOTH,707.5,67.5,562.1,17262,-3.318619856145233e-05,-0.006338097052181141,3.169
2026-07-28T08:01:28.910272+00:00,1,BOTH,708.0,68.0,562.1,17513,-0.001980038462206721,-0.3781594905267296,3.177
2026-07-28T08:01:28.993775+00:00,1,BOTH,707.5,67.5,562.0,17806,1.1877854412887245e-05,0.002268503091764265,3.172
2026-07-28T08:01:29.026811+00:00,1,BOTH,707.5,67.5,562.1,17464,-1.6894073341973124e-05,-0.0032265303375984466,3.169
2026-07-28T08:01:29.143471+00:00,1,RIGHT,319.92,-320.08,562.1,15721,1.2716263881884515e-05,0.002428627505355425,-0.831
2026-07-28T08:01:29.060303+00:00,1,BOTH,708.0,68.0,562.1,17440,5.4175032419152556e-05,0.010346669042006172,0.776
2026-07-28T08:01:29.277043+00:00,1,BOTH,707.5,67.5,562.2,17636,5.3298848506528884e-05,0.010179330241104186,1.731
2026-07-28T08:01:29.327065+00:00,1,BOTH,707.5,67.5,562.2,17623,9.513678378425539e-06,0.0018169787290954942,2.304
2026-07-28T08:01:29.360477+00:00,1,BOTH,707.0,67.0,562.2,17968,9.513678378425539e-06,0.0018169787290954942,2.639
2026-07-28T08:01:29.393799+00:00,1,BOTH,707.0,67.0,562.1,18053,1.2131176044931635e-05,0.00231688395968263,2.84
2026-07-28T08:01:29.510542+00:00,1,BOTH,707.5,67.5,562.2,17453,-1.2567925150506198e-05,-0.0024002968945344167,2.969
2026-07-28T08:01:29.528105+00:00,1,BOTH,707.0,67.0,562.2,17824,-1.2567925150506198e-05,-0.0024002968945344167,3.038
2026-07-28T08:01:29.543930+00:00,1,BOTH,708.0,68.0,562.1,17222,-1.2567925150506198e-05,-0.0024002968945344167,3.098
2026-07-28T08:01:29.593817+00:00,1,BOTH,707.0,67.0,562.1,18026,-1.2567925150506198e-05,-0.0024002968945344167,3.115
2026-07-28T08:01:29.610643+00:00,1,BOTH,707.5,67.5,562.2,17051,4.0234366315416986e-05,0.007684197937522393,3.135
2026-07-28T08:01:29.577320+00:00,1,BOTH,707.5,67.5,562.2,17311,-0.0066042814415413886,-1.2613248443896563,3.146
2026-07-28T08:01:29.910726+00:00,1,BOTH,708.0,68.0,562.4,16929,3.962876508012414e-05,0.007568536621355096,3.163
2026-07-28T08:01:29.943981+00:00,1,BOTH,707.5,67.5,562.4,17702,0.00339139360061381,0.6477084666094908,3.163
2026-07-28T08:01:30.010810+00:00,1,BOTH,708.0,68.0,562.5,17039,7.373156840912997e-05,0.014081692289077522,3.173
2026-07-28T08:01:30.027552+00:00,1,BOTH,707.0,67.0,562.4,18085,-0.005116487901541404,-0.977177208960232,3.16
2026-07-28T08:01:30.144202+00:00,1,BOTH,707.5,67.5,562.4,17688,6.201334996148944e-05,0.01184367742087037,3.162
2026-07-28T08:01:30.210923+00:00,1,BOTH,707.5,67.5,562.5,17445,-1.7340370395686476e-05,-0.0033117667962214415,3.163
2026-07-28T08:01:30.227596+00:00,1,BOTH,707.0,67.0,562.4,17970,-3.897737682564184e-05,-0.007444130628667664,3.154
2026-07-28T08:01:30.260909+00:00,1,BOTH,707.5,67.5,562.4,17294,0.002905667194863781,0.5549415564510387,3.158
2026-07-28T08:01:30.361063+00:00,1,BOTH,707.5,67.5,562.4,17779,-0.003501014127105009,-0.6686444449959832,3.16
2026-07-28T08:01:30.244250+00:00,1,BOTH,707.5,67.5,562.4,17263,5.572590016527102e-05,0.01064286296345802,3.162
2026-07-28T08:01:30.427697+00:00,1,BOTH,707.0,67.0,562.3,18135,3.755005309358239e-05,0.007171531875848105,3.153
2026-07-28T08:01:30.677730+00:00,1,BOTH,707.5,67.5,562.4,17723,9.352600725833326e-05,0.017862151635374666,3.158
2026-07-28T08:01:30.694492+00:00,1,BOTH,707.5,67.5,562.4,17678,-0.002231695895316079,-0.4262225198609364,3.16
2026-07-28T08:01:30.794516+00:00,1,BOTH,707.5,67.5,562.4,17694,-0.008052874528802932,-1.5379857448293648,3.162
2026-07-28T08:01:30.861326+00:00,1,BOTH,707.5,67.5,562.4,17572,5.043218261562288e-06,0.0009631837385027439,3.163
2026-07-28T08:01:30.877892+00:00,1,BOTH,707.5,67.5,562.4,17173,-2.4921162912505677e-05,-0.004759591518148433,3.163
2026-07-28T08:01:30.928018+00:00,1,BOTH,707.5,67.5,562.5,17467,-2.9013505554758015e-05,-0.005541171390556682,3.164
2026-07-28T08:01:31.011379+00:00,1,BOTH,707.5,67.5,562.5,17534,-1.5335800708271562e-05,-0.0029289221867923303,3.164
2026-07-28T08:01:31.111428+00:00,1,BOTH,708.0,68.0,562.6,16932,3.377968838321976e-05,0.006451445258751959,3.173
2026-07-28T08:01:31.161434+00:00,1,BOTH,708.0,68.0,562.5,17290,-2.48165953962598e-05,-0.004739620593631584,3.179
2026-07-28T08:01:31.178069+00:00,1,BOTH,707.5,67.5,562.5,17308,-0.0008481133382883854,-0.16197771610891842,3.173
2026-07-28T08:01:31.228007+00:00,1,BOTH,707.5,67.5,562.5,17210,-0.00036277453924412836,-0.06928483337830536,3.169
2026-07-28T08:01:31.294859+00:00,1,BOTH,708.0,68.0,562.6,16787,2.0219875004841014e-05,0.003861711666864851,3.177
2026-07-28T08:01:31.328008+00:00,1,BOTH,707.5,67.5,562.6,17284,0.0,0.0,3.172
2026-07-28T08:01:31.361531+00:00,1,BOTH,707.5,67.5,562.4,17864,0.00020439642132259907,0.03903684096454239,3.169
2026-07-28T08:01:31.528242+00:00,1,BOTH,707.0,67.0,562.3,18012,0.0025623544307200063,0.4893736483230102,3.157
2026-07-28T08:01:31.545023+00:00,1,BOTH,707.5,67.5,562.3,17385,0.0025623544307200063,0.4893736483230102,3.16
2026-07-28T08:01:31.612090+00:00,1,BOTH,707.5,67.5,562.4,17458,0.0025443820597138254,0.48594117830135203,3.162
2026-07-28T08:01:31.695157+00:00,1,BOTH,707.0,67.0,562.3,17924,0.004175516903051175,0.7974649861012283,3.153
2026-07-28T08:01:31.728313+00:00,1,BOTH,707.0,67.0,562.2,17988,0.010906409199524205,2.0829707225846383,3.148
2026-07-28T08:01:31.761708+00:00,1,BOTH,707.0,67.0,562.2,17895,-6.658278289251042e-07,-0.0001271637482658902,3.145
2026-07-28T08:01:31.945180+00:00,1,BOTH,707.5,67.5,562.0,18032,-0.009536097067175432,-1.8212603832541152,3.153
2026-07-28T08:01:31.961799+00:00,1,BOTH,707.5,67.5,562.1,17449,-3.110528457909822e-05,-0.005940671756452305,3.157
2026-07-28T08:01:32.028609+00:00,1,BOTH,707.0,67.0,562.1,17954,-0.013958786649163812,-2.66593187373549,3.151
2026-07-28T08:01:32.145121+00:00,1,BOTH,707.5,67.5,562.2,17364,0.0009352600328566041,0.17862150876650038,3.156
2026-07-28T08:01:32.178742+00:00,1,BOTH,708.0,68.0,562.2,17202,-0.003218760510062566,-0.6147379749665374,3.169
2026-07-28T08:01:32.211916+00:00,1,BOTH,707.5,67.5,562.2,17568,-0.00703992005539476,-1.3445256909454149,3.167
2026-07-28T08:01:32.311920+00:00,1,BOTH,707.5,67.5,562.3,17155,2.0396580366650597e-05,0.003895459905028255,3.166
2026-07-28T08:01:32.328712+00:00,1,BOTH,708.0,68.0,562.2,17627,-0.00762516982096713,-1.4563001627064738,3.174
2026-07-28T08:01:32.361948+00:00,1,BOTH,707.5,67.5,562.3,17463,0.002597399237274658,0.4960667133544567,3.17
2026-07-28T08:01:32.378748+00:00,1,BOTH,707.5,67.5,562.3,17262,5.7762880096561276e-05,0.01103189747351062,3.168
2026-07-28T08:01:32.445394+00:00,1,BOTH,707.5,67.5,562.4,17397,-0.011754469699735638,-2.2449383473642,3.166
2026-07-28T08:01:32.411953+00:00,1,BOTH,707.5,67.5,562.4,17057,-3.442681770593481e-05,-0.006575037855387732,3.165
2026-07-28T08:01:32.562022+00:00,1,BOTH,707.0,67.0,562.3,18227,-0.005987448365194723,-1.1435184045938735,3.155
2026-07-28T08:01:32.578838+00:00,1,BOTH,707.5,67.5,562.3,17509,0.01251196552067995,2.389609392493889,3.159
2026-07-28T08:01:32.795821+00:00,1,BOTH,708.0,68.0,562.3,17264,2.655666146893054e-05,0.005071948733758044,3.17
2026-07-28T08:01:32.812282+00:00,1,BOTH,707.0,67.0,562.2,17824,-3.71848326176405e-05,-0.007101779902970672,3.158
2026-07-28T08:01:32.862319+00:00,1,BOTH,707.5,67.5,562.1,17831,0.0015505246134853224,0.2961283879462074,3.161
2026-07-28T08:01:32.878774+00:00,1,BOTH,707.0,67.0,562.1,17894,2.885777023038827e-05,0.005511428134531724,3.153
2026-07-28T08:01:32.928999+00:00,1,BOTH,708.0,68.0,562.2,16717,-0.001617997651483165,-0.3090147889735481,3.167
2026-07-28T08:01:33.145621+00:00,1,BOTH,708.0,68.0,562.2,17351,-1.041059811541345e-05,-0.0019882777807334645,3.175
2026-07-28T08:01:32.945523+00:00,1,BOTH,707.0,67.0,562.2,17899,-0.018213828491134336,-3.4785850043904327,3.161
2026-07-28T08:01:33.212607+00:00,1,BOTH,707.5,67.5,562.2,17533,0.006812283079634654,1.3010502310381618,3.162
2026-07-28T08:01:33.246789+00:00,1,BOTH,707.5,67.5,562.3,17178,-0.00747269608604256,-1.4271798243805593,3.163
2026-07-28T08:01:33.429219+00:00,1,BOTH,708.0,68.0,562.2,17577,0.006364023060305044,1.2154388735980308,3.173
2026-07-28T08:01:33.479208+00:00,1,BOTH,707.5,67.5,562.3,16995,-0.007315127152833156,-1.3970863748629672,3.169
2026-07-28T08:01:33.612458+00:00,1,BOTH,708.0,68.0,562.2,17556,5.988260381855069e-06,0.0011436734883523139,3.177
2026-07-28T08:01:33.679141+00:00,1,BOTH,708.0,68.0,562.2,17711,-3.943458868889138e-05,-0.0075314516623593685,3.181
2026-07-28T08:01:33.729237+00:00,1,BOTH,707.5,67.5,562.2,17336,-0.005865474910533522,-1.1202231907114832,3.174
2026-07-28T08:01:33.762577+00:00,1,BOTH,708.5,68.5,562.3,17026,-0.003374914746527793,-0.6445612373083551,3.189
2026-07-28T08:01:33.746021+00:00,1,BOTH,707.5,67.5,562.3,17291,0.0009810484379704576,0.1873664499786972,3.179
2026-07-28T08:01:33.862590+00:00,1,BOTH,707.5,67.5,562.2,17892,4.282166555640288e-06,0.000817833569367537,3.173
2026-07-28T08:01:33.896069+00:00,1,BOTH,707.5,67.5,562.0,17739,-0.0012074527375443723,-0.2306064860760334,3.169
2026-07-28T08:01:34.029360+00:00,1,BOTH,708.0,68.0,562.0,17440,-0.0012074527375443723,-0.2306064860760334,3.177
2026-07-28T08:01:33.962781+00:00,1,BOTH,707.5,67.5,561.9,18132,3.4886180364992464e-05,0.006662769660820767,3.172
2026-07-28T08:01:33.946084+00:00,1,BOTH,707.5,67.5,562.0,17496,-1.5434611123055232e-06,-0.00029477935859224683,3.169
2026-07-28T08:01:34.129411+00:00,1,BOTH,707.5,67.5,562.1,17482,-2.8651112224906682e-05,-0.0054719593628094355,3.167
2026-07-28T08:01:34.162826+00:00,1,BOTH,708.0,68.0,562.1,17039,2.0515526994131503e-05,0.003918177037501491,3.175
2026-07-28T08:01:34.262846+00:00,1,BOTH,708.0,68.0,562.1,17103,-1.5266239643096924e-05,-0.002915637001949193,3.18
2026-07-28T08:01:34.229611+00:00,1,BOTH,708.0,68.0,562.3,16956,-8.822388859698549e-05,-0.016849521562798727,3.183
2026-07-28T08:01:34.362822+00:00,1,BOTH,707.0,67.0,562.2,17885,0.0,0.0,3.166
2026-07-28T08:01:34.512983+00:00,1,BOTH,707.0,67.0,562.2,17789,3.1854108965490016e-05,0.006083686679574716,3.156
2026-07-28T08:01:34.462952+00:00,1,BOTH,707.5,67.5,562.0,17894,1.5252185985445976e-05,0.0029129529510487895,3.159
2026-07-28T08:01:34.446303+00:00,1,BOTH,707.5,67.5,561.9,17818,-5.102972500026226e-06,-0.0009745959574094171,3.161
2026-07-28T08:01:34.679796+00:00,1,BOTH,707.5,67.5,562.0,17607,-1.2657982588279992e-05,-0.002417496598195085,3.162
2026-07-28T08:01:34.696327+00:00,1,BOTH,708.0,68.0,562.0,17644,-1.2301925016799941e-05,-0.0023494946111634702,3.172
2026-07-28T08:01:34.863177+00:00,1,BOTH,707.5,67.5,562.1,17291,-0.005258562759263441,-1.0043115080348797,3.169
2026-07-28T08:01:34.896396+00:00,1,BOTH,708.0,68.0,562.1,17395,-6.107252957008313e-06,-0.001166399396184561,3.176
2026-07-28T08:01:35.079695+00:00,1,BOTH,707.0,67.0,562.1,17920,-4.100584192201495e-06,-0.0007831538925040255,3.162
2026-07-28T08:01:35.113323+00:00,1,BOTH,708.0,68.0,562.1,17559,4.471876047318801e-05,0.008540654133900405,3.172
2026-07-28T08:01:35.213399+00:00,1,BOTH,708.0,68.0,562.1,17613,0.009834059844724834,1.878167081939369,3.178
2026-07-28T08:01:35.246584+00:00,1,BOTH,708.0,68.0,562.0,17462,-1.6715528327040372e-05,-0.00319243075156929,3.182
2026-07-28T08:01:35.346666+00:00,1,BOTH,707.5,67.5,562.1,17295,1.7700607622828103e-06,0.0003380567038683811,3.175
2026-07-28T08:01:35.430025+00:00,1,BOTH,707.5,67.5,562.0,17857,2.25173236685805e-05,0.004300492040465661,3.171
2026-07-28T08:01:35.396533+00:00,1,BOTH,707.5,67.5,562.1,17239,2.25173236685805e-05,0.004300492040465661,3.168
2026-07-28T08:01:35.463508+00:00,1,BOTH,708.0,68.0,562.1,17597,-1.473817974328995e-05,-0.002814784989985724,3.176
2026-07-28T08:01:35.946965+00:00,1,BOTH,707.0,67.0,562.1,18015,1.5537529543507843e-05,0.00296744955634276,3.162
2026-07-28T08:01:35.963578+00:00,1,BOTH,707.0,67.0,562.1,17876,-2.5819549045991148e-06,-0.0004931170630887746,3.153
2026-07-28T08:01:36.080184+00:00,1,BOTH,708.0,68.0,562.0,17354,4.113542527193203e-05,0.007856287521858307,3.167
2026-07-28T08:01:36.163574+00:00,1,BOTH,707.5,67.5,561.9,18103,-0.008011811169562861,-1.5301432209057464,3.166
2026-07-28T08:01:36.247054+00:00,1,BOTH,707.5,67.5,561.8,18257,-1.6969643183983862e-05,-0.003240963114284065,3.165
2026-07-28T08:01:36.263716+00:00,1,BOTH,707.0,67.0,561.9,17815,3.6121981538599356e-05,0.00689879029937073,3.155
2026-07-28T08:01:36.363830+00:00,1,BOTH,707.5,67.5,562.0,17485,-5.689443089067935e-05,-0.010866035892782214,3.159
2026-07-28T08:01:36.380266+00:00,1,BOTH,707.5,67.5,562.1,17757,-0.0038877489934384356,-0.7425053637675211,3.161
2026-07-28T08:01:36.447117+00:00,1,BOTH,707.5,67.5,562.2,17402,-6.230940576642751e-05,-0.011900219914614703,3.162
2026-07-28T08:01:36.547190+00:00,1,BOTH,707.5,67.5,562.2,17410,-4.37383074313402e-06,-0.0008353401396204927,3.163
2026-07-28T08:01:36.563785+00:00,1,BOTH,707.5,67.5,562.3,17114,-2.43544032855425e-05,-0.004651348402737103,3.163
2026-07-28T08:01:36.613682+00:00,1,BOTH,707.0,67.0,562.2,17891,-5.25709701469168e-05,-0.010040315714421925,3.154
2026-07-28T08:01:36.713872+00:00,1,BOTH,708.0,68.0,562.2,17275,0.004484367752447724,0.8564511533327378,3.168
2026-07-28T08:01:36.780660+00:00,1,BOTH,707.5,67.5,562.3,17515,-4.200608236715199e-06,-0.0008022570778389053,3.166
2026-07-28T08:01:36.847149+00:00,1,BOTH,707.5,67.5,562.3,17689,0.006779127712070477,1.294718022272721,3.165
2026-07-28T08:01:36.863915+00:00,1,BOTH,707.5,67.5,562.3,17671,0.016907474300824107,3.2290897322104124,3.165
2026-07-28T08:01:36.930757+00:00,1,BOTH,707.5,67.5,562.4,17703,4.4908229465363544e-05,0.008576840045901256,3.165
2026-07-28T08:01:36.963793+00:00,1,BOTH,708.0,68.0,562.5,16981,0.00417754303663969,0.7978519491124002,3.174
2026-07-28T08:01:36.980737+00:00,1,BOTH,707.5,67.5,562.5,17451,-0.006015841485350393,-1.1489410911009659,3.17
2026-07-28T08:01:37.063986+00:00,1,BOTH,707.5,67.5,562.5,17455,-0.0016716438702860615,-0.31926046205435255,3.168
2026-07-28T08:01:37.247378+00:00,1,BOTH,708.0,68.0,562.4,17104,-6.452843081206083e-05,-0.012324022480443416,3.176
2026-07-28T08:01:37.264026+00:00,1,BOTH,707.5,67.5,562.4,17623,2.610716335766483e-05,0.004986100918175954,3.171
2026-07-28T08:01:37.280743+00:00,1,BOTH,707.5,67.5,562.4,17748,0.0015382233716081828,0.29377902380510845,3.168
2026-07-28T08:01:37.330882+00:00,1,BOTH,707.5,67.5,562.2,17794,0.004819195312447846,0.9203985068416389,3.167
2026-07-28T08:01:37.447454+00:00,1,BOTH,708.0,68.0,562.2,17130,3.1526651582680643e-06,0.000602114692622346,3.175
2026-07-28T08:01:37.297407+00:00,1,BOTH,707.5,67.5,562.3,17531,0.0051222775632049885,0.9782829528873387,3.171
2026-07-28T08:01:37.480842+00:00,1,BOTH,708.0,68.0,562.2,17734,3.6487253091763704e-05,0.006968552027279081,3.177
2026-07-28T08:01:37.647511+00:00,1,BOTH,707.5,67.5,562.3,17655,-0.010881442031241022,-2.078202344687907,3.172
2026-07-28T08:01:37.747508+00:00,1,BOTH,708.0,68.0,562.2,17570,4.0231947787106036e-05,0.0076837360326395595,3.178
2026-07-28T08:01:37.764342+00:00,1,BOTH,707.5,67.5,562.1,17946,2.0995817030780018e-05,0.004009905677641969,3.173
2026-07-28T08:01:37.797589+00:00,1,BOTH,707.0,67.0,562.1,17962,2.1255315077723934e-05,0.004059466153914549,3.16
2026-07-28T08:01:37.847585+00:00,1,BOTH,707.5,67.5,562.1,17574,2.2940147900953885e-05,0.004381245520435174,3.161
2026-07-28T08:01:37.880950+00:00,1,BOTH,707.5,67.5,562.2,16997,-4.0671916940482335e-05,-0.007767763951320913,3.163
2026-07-28T08:01:38.047640+00:00,1,BOTH,707.5,67.5,562.1,17848,5.3610488539561626e-05,0.010238849103171166,3.163
2026-07-28T08:01:37.914346+00:00,1,BOTH,707.5,67.5,562.2,17476,-1.14246824523434e-05,-0.002181953622654827,3.164
2026-07-28T08:01:38.064382+00:00,1,BOTH,708.0,68.0,562.1,17034,0.005761334715643897,1.1003338785619985,3.173
2026-07-28T08:01:38.214440+00:00,1,BOTH,707.5,67.5,562.0,18089,-2.4985929703689182e-05,-0.004771961064106499,3.169
2026-07-28T08:01:38.281097+00:00,1,BOTH,707.5,67.5,562.1,17687,1.7813496087910606e-05,0.0034021271473669355,3.167
2026-07-28T08:01:38.297845+00:00,1,BOTH,707.0,67.0,562.1,18029,0.004983389254921349,0.9517572399261242,3.157
2026-07-28T08:01:38.330985+00:00,1,BOTH,707.0,67.0,562.1,17773,-0.012382286484353244,-2.364842520917742,3.15
2026-07-28T08:01:38.431070+00:00,1,BOTH,708.0,68.0,562.1,17198,2.6581110432744026e-05,0.005076618141891313,3.165
2026-07-28T08:01:38.464599+00:00,1,BOTH,708.0,68.0,562.0,17486,-8.390157599933445e-06,-0.001602402066419329,3.174
2026-07-28T08:01:38.481137+00:00,1,BOTH,708.0,68.0,562.0,17461,2.8271255505387668e-05,0.005399412073315689,3.179
2026-07-28T08:01:38.531183+00:00,1,BOTH,708.0,68.0,562.0,17110,2.8271255505387668e-05,0.005399412073315689,3.183
2026-07-28T08:01:38.347836+00:00,1,BOTH,708.0,68.0,562.0,17081,2.8271255505387668e-05,0.005399412073315689,3.185
2026-07-28T08:01:38.597907+00:00,1,BOTH,707.5,67.5,561.9,18068,2.8271255505387668e-05,0.005399412073315689,3.176
2026-07-28T08:01:38.714530+00:00,1,BOTH,708.0,68.0,561.9,17561,2.8271255505387668e-05,0.005399412073315689,3.181
2026-07-28T08:01:38.781225+00:00,1,BOTH,707.5,67.5,561.8,17855,2.8271255505387668e-05,0.005399412073315689,3.174
2026-07-28T08:01:38.931365+00:00,1,BOTH,707.5,67.5,562.0,17226,-6.454594549722969e-06,-0.0012327367538909003,3.17
2026-07-28T08:01:38.964522+00:00,1,BOTH,708.0,68.0,562.0,17565,-6.454594549722969e-06,-0.0012327367538909003,3.177
2026-07-28T08:01:39.114695+00:00,1,BOTH,707.0,67.0,562.0,17726,3.4528097603470125e-06,0.0006594380890982035,3.162
2026-07-28T08:01:39.147959+00:00,1,BOTH,708.0,68.0,562.0,17523,3.4528097603470125e-06,0.0006594380890982035,3.172
2026-07-28T08:01:39.098185+00:00,1,BOTH,708.0,68.0,562.0,17280,3.4528097603470125e-06,0.0006594380890982035,3.178
2026-07-28T08:01:39.197952+00:00,1,BOTH,707.5,67.5,561.9,17743,3.4528097603470125e-06,0.0006594380890982035,3.173
2026-07-28T08:01:39.398185+00:00,1,BOTH,708.0,68.0,561.9,17632,-1.245678089617286e-05,-0.0023790699055663204,3.179
2026-07-28T08:01:39.431552+00:00,1,BOTH,708.0,68.0,561.9,17380,-5.9966407134197654e-05,-0.011452740137842386,3.182
2026-07-28T08:01:39.481579+00:00,1,BOTH,707.5,67.5,562.0,17138,-2.7788266015704723e-05,-0.005307167875622322,3.175
2026-07-28T08:01:39.581590+00:00,1,BOTH,707.0,67.0,562.0,18009,-2.7788266015704723e-05,-0.005307167875622322,3.161
2026-07-28T08:01:39.681597+00:00,1,BOTH,707.0,67.0,562.0,18071,-2.7788266015704723e-05,-0.005307167875622322,3.153
2026-07-28T08:01:39.698220+00:00,1,BOTH,708.0,68.0,562.0,17184,-2.7788266015704723e-05,-0.005307167875622322,3.167
2026-07-28T08:01:39.764942+00:00,1,BOTH,708.0,68.0,562.0,17662,3.65954298467841e-05,0.006989212265626046,3.175
2026-07-28T08:01:39.815053+00:00,1,BOTH,707.5,67.5,562.1,17669,3.65954298467841e-05,0.006989212265626046,3.171
2026-07-28T08:01:39.948181+00:00,1,BOTH,708.0,68.0,562.1,17304,3.65954298467841e-05,0.006989212265626046,3.177
2026-07-28T08:01:39.965058+00:00,1,BOTH,707.5,67.5,562.2,17026,3.65954298467841e-05,0.006989212265626046,3.172
2026-07-28T08:01:40.065030+00:00,1,BOTH,708.0,68.0,562.1,17532,3.65954298467841e-05,0.006989212265626046,3.178
2026-07-28T08:01:40.081758+00:00,1,BOTH,707.5,67.5,562.2,17193,-7.082091760821641e-06,-0.001352579893398179,3.173
2026-07-28T08:01:40.148547+00:00,1,BOTH,707.5,67.5,562.3,17603,1.9907020032405853e-06,0.00038019607684641293,3.169
2026-07-28T08:01:40.265126+00:00,1,BOTH,707.5,67.5,562.1,18249,2.112658694386482e-06,0.0004034880891332142,3.167
2026-07-28T08:01:40.281740+00:00,1,BOTH,707.0,67.0,562.1,18228,2.362140454351902e-05,0.0045113559550492895,3.157
2026-07-28T08:01:40.298411+00:00,1,BOTH,707.5,67.5,562.0,17822,4.1839565383270383e-05,0.007990768377076837,3.16
2026-07-28T08:01:40.481842+00:00,1,BOTH,707.5,67.5,562.1,17238,-1.7837418999988584e-05,-0.003406696087019371,3.161
2026-07-28T08:01:40.498635+00:00,1,BOTH,707.0,67.0,562.1,18277,-7.057234179228547e-06,-0.0013478324450175577,3.153
2026-07-28T08:01:40.598700+00:00,1,BOTH,707.5,67.5,562.2,17259,-4.429168853675946e-05,-0.008459089402214286,3.157
2026-07-28T08:01:40.648500+00:00,1,BOTH,707.5,67.5,562.2,17219,0.002462133136432385,0.4702327910562792,3.16
2026-07-28T08:01:40.748566+00:00,1,BOTH,707.5,67.5,562.3,17325,-9.240329236490651e-06,-0.0017647728885408556,3.162
2026-07-28T08:01:40.815369+00:00,1,BOTH,707.5,67.5,562.3,17606,-6.046953174518421e-05,-0.011548829860438021,3.163
2026-07-28T08:01:40.831903+00:00,1,BOTH,707.5,67.5,562.4,17206,0.006187027886144278,1.1816352853527146,3.163
2026-07-28T08:01:40.865304+00:00,1,BOTH,707.5,67.5,562.2,17879,-0.0014328353285964113,-0.2736513902193828,3.164
2026-07-28T08:01:40.881972+00:00,1,BOTH,707.5,67.5,562.2,17480,0.01041813569754595,1.989717352879883,3.164
2026-07-28T08:01:41.115461+00:00,1,BOTH,708.0,68.0,562.2,17383,-2.2425629140343517e-05,-0.0042829796755575866,3.173
2026-07-28T08:01:41.132007+00:00,1,BOTH,707.5,67.5,562.3,17695,0.0003336156686782488,0.06371589931566156,3.17
2026-07-28T08:01:41.182066+00:00,1,BOTH,707.5,67.5,562.3,17697,-0.0033351306070107966,-0.63696302635541,3.167
2026-07-28T08:01:41.248760+00:00,1,BOTH,708.0,68.0,562.2,17685,3.456698985246476e-05,0.006601808763392583,3.175
2026-07-28T08:01:41.348839+00:00,1,BOTH,707.5,67.5,562.3,17401,2.4221635685535146e-05,0.004625991658948761,3.171
2026-07-28T08:01:41.365353+00:00,1,BOTH,707.5,67.5,562.3,17200,-1.9593809702200813e-05,-0.0037421420017286363,3.168
2026-07-28T08:01:41.432252+00:00,1,BOTH,707.5,67.5,562.4,17370,2.33413084060885e-05,0.004457861533273672,3.167
2026-07-28T08:01:41.515439+00:00,1,BOTH,707.5,67.5,562.4,17064,2.0179082093818578e-05,0.0038539207947460566,3.166
2026-07-28T08:01:41.598801+00:00,1,BOTH,707.0,67.0,562.3,17716,-3.824359184363857e-05,-0.007303988020204764,3.156
2026-07-28T08:01:41.618137+00:00,1,BOTH,707.5,67.5,562.4,17680,1.1590216308832168e-05,0.002213568260465929,3.159
2026-07-28T08:01:41.648893+00:00,1,BOTH,708.0,68.0,562.5,16951,-8.105136919766664e-05,-0.015479671262609799,3.17
2026-07-28T08:01:41.798872+00:00,1,BOTH,707.5,67.5,562.5,17284,-3.4932781127281486e-05,-0.006671669750824945,3.168
2026-07-28T08:01:41.882375+00:00,1,BOTH,708.0,68.0,562.4,17555,-4.6528188977390525e-05,-0.008886229522638648,3.176
2026-07-28T08:01:41.915517+00:00,1,BOTH,708.0,68.0,562.3,17065,3.580371936550364e-05,0.006838006701713907,3.18
2026-07-28T08:01:42.048939+00:00,1,BOTH,707.5,67.5,562.3,17074,-1.8832214263966306e-05,-0.003596687987371125,3.174
2026-07-28T08:01:42.098917+00:00,1,BOTH,707.5,67.5,562.4,17585,1.9921360944863405e-05,0.00380469968099141,3.17
2026-07-28T08:01:42.115707+00:00,1,BOTH,707.5,67.5,562.4,17293,4.387689608847722e-05,0.008379869880012717,3.168
2026-07-28T08:01:42.198881+00:00,1,BOTH,707.0,67.0,562.3,18030,1.826884865295142e-05,0.0034890930812579183,3.157
2026-07-28T08:01:42.215751+00:00,1,BOTH,707.5,67.5,562.4,17631,-3.5125148860970507e-06,-0.0006708409281674536,3.16
2026-07-28T08:01:42.299048+00:00,1,BOTH,708.0,68.0,562.3,17343,-5.889061954803765e-05,-0.01124727984337727,3.171
2026-07-28T08:01:42.382443+00:00,1,BOTH,707.5,67.5,562.3,17632,-2.3631867843505458e-05,-0.0045133542981459635,3.168
2026-07-28T08:01:42.449064+00:00,1,BOTH,707.5,67.5,562.2,17942,2.1020379499532282e-05,0.004014596763621725,3.166
2026-07-28T08:01:42.232428+00:00,1,BOTH,707.5,67.5,562.2,17541,4.527419339865446e-05,0.008646734008673176,3.166
2026-07-28T08:01:42.515782+00:00,1,BOTH,708.0,68.0,562.2,17161,5.179605446755886e-05,0.00989231772140285,3.174
2026-07-28T08:01:42.715840+00:00,1,BOTH,707.5,67.5,562.0,17835,-5.160744767636058e-06,-0.000985629647765896,3.17
2026-07-28T08:01:42.732434+00:00,1,BOTH,707.5,67.5,562.1,17328,-0.018224733045790344,-3.480667620921296,3.168
2026-07-28T08:01:42.749218+00:00,1,BOTH,707.5,67.5,562.2,17315,-2.5842878676485268e-05,-0.0049356262621041225,3.166
2026-07-28T08:01:42.849147+00:00,1,BOTH,707.5,67.5,562.3,17332,-0.0023855774981348075,-0.45561174114834163,3.165
2026-07-28T08:01:42.882379+00:00,1,BOTH,707.5,67.5,562.3,17240,2.237952343421057e-05,0.004274174134314626,3.165
2026-07-28T08:01:42.899294+00:00,1,BOTH,707.0,67.0,562.3,17682,4.796413122676313e-05,0.009160474291017223,3.155
2026-07-28T08:01:42.982453+00:00,1,BOTH,707.5,67.5,562.3,17423,-7.307149353437125e-06,-0.0013955627274123187,3.159
2026-07-28T08:01:42.782364+00:00,1,BOTH,707.0,67.0,562.2,17980,-5.826757915201597e-06,-0.001112828789284993,3.151
2026-07-28T08:01:43.065861+00:00,1,BOTH,708.0,68.0,562.4,17029,0.011001370972953737,2.1011070853599376,3.166
2026-07-28T08:01:43.199379+00:00,1,BOTH,707.5,67.5,562.4,17376,-3.615312325564446e-05,-0.0069047379292156465,3.165
2026-07-28T08:01:43.215937+00:00,1,BOTH,708.0,68.0,562.3,17478,2.028737224463839e-05,0.0038746026900954244,3.174
2026-07-28T08:01:43.282555+00:00,1,BOTH,708.0,68.0,562.5,16949,-5.576912371907383e-06,-0.001065111805415288,3.179
2026-07-28T08:01:43.516043+00:00,1,BOTH,707.0,67.0,562.4,18174,-2.684591985598672e-05,-0.005127193016314979,3.164
2026-07-28T08:01:43.532704+00:00,1,BOTH,707.0,67.0,562.3,18230,-6.142732920125127e-05,-0.011731755699974719,3.155
2026-07-28T08:01:43.549308+00:00,1,BOTH,707.5,67.5,562.3,17653,-4.363705316791311e-05,-0.008334063256364667,3.158
2026-07-28T08:01:43.616000+00:00,1,BOTH,708.0,68.0,562.3,17645,-1.5047209162730723e-05,-0.0028738052615835054,3.17
2026-07-28T08:01:43.632910+00:00,1,BOTH,707.0,67.0,562.2,18343,-4.850327968597412e-05,-0.009263444061829792,3.158
2026-07-28T08:01:43.715914+00:00,1,BOTH,708.0,68.0,562.4,16874,-1.9318212289363145e-05,-0.003689506773060894,3.17
2026-07-28T08:01:43.766477+00:00,1,BOTH,707.5,67.5,562.4,17116,2.0381305221235378e-05,0.003892542567149119,3.168
2026-07-28T08:01:43.882822+00:00,1,BOTH,707.5,67.5,562.4,17621,2.257782660308294e-05,0.0043120472497828145,3.166
2026-07-28T08:01:43.915976+00:00,1,BOTH,707.5,67.5,562.4,17643,4.7950854914233786e-05,0.00915793870209913,3.165
2026-07-28T08:01:43.982884+00:00,1,BOTH,707.5,67.5,562.4,17494,-1.3299815691425463e-05,-0.0025400776914018194,3.165
2026-07-28T08:01:44.049685+00:00,1,BOTH,707.5,67.5,562.5,17547,0.008787905506324023,1.6783663209071444,3.165
2026-07-28T08:01:44.149477+00:00,1,BOTH,707.5,67.5,562.5,17184,3.009441657923162e-05,0.00574761018966168,3.164
2026-07-28T08:01:44.166218+00:00,1,BOTH,708.0,68.0,562.6,16546,-0.0048017436069494575,-0.9170654766070959,3.174
2026-07-28T08:01:44.216420+00:00,1,BOTH,707.5,67.5,562.6,17413,3.7009276411481544e-05,0.007068251137369884,3.17
2026-07-28T08:01:44.332934+00:00,1,BOTH,707.0,67.0,562.4,18100,-7.390252081677317e-05,-0.014114341793929374,3.158
2026-07-28T08:01:44.349545+00:00,1,BOTH,707.5,67.5,562.5,17447,0.0014686477671784813,0.28049106216879643,3.16
2026-07-28T08:01:44.416321+00:00,1,BOTH,708.0,68.0,562.4,17372,-0.03774558304339735,-7.208875345490777,3.171
2026-07-28T08:01:44.432778+00:00,1,BOTH,707.0,67.0,562.3,18171,7.574343297164887e-05,0.014465930117025079,3.159
2026-07-28T08:01:44.516346+00:00,1,BOTH,707.5,67.5,562.3,17615,-4.579513915814459e-06,-0.0008746227319919916,3.161
2026-07-28T08:01:44.582835+00:00,1,BOTH,707.5,67.5,562.4,17330,1.1493160855025051e-05,0.0021950320341930134,3.162
2026-07-28T08:01:44.599615+00:00,1,BOTH,707.5,67.5,562.4,17685,3.916465386282652e-05,0.00747989790810232,3.163
2026-07-28T08:01:44.616364+00:00,1,BOTH,707.0,67.0,562.3,17913,1.0453196300659328e-05,0.0019964134348318154,3.154
2026-07-28T08:01:44.699672+00:00,1,BOTH,707.5,67.5,562.4,17622,-3.7132398138055574e-05,-0.007091765655033402,3.158
2026-07-28T08:01:44.749476+00:00,1,BOTH,707.5,67.5,562.4,17569,-7.687653444008901e-05,-0.014682336556697399,3.16
2026-07-28T08:01:44.866350+00:00,1,BOTH,707.0,67.0,562.3,18055,-1.0982396051986143e-05,-0.0020974831423998127,3.153
2026-07-28T08:01:44.883175+00:00,1,BOTH,707.0,67.0,562.2,17843,4.659023295971565e-05,0.00889807905041003,3.148
2026-07-28T08:01:44.983144+00:00,1,BOTH,707.5,67.5,562.3,17619,-1.6465042790514417e-05,-0.0031445915379959325,3.154
2026-07-28T08:01:45.016457+00:00,1,BOTH,708.0,68.0,562.4,16837,0.011386559256352484,2.174672628548729,3.168
2026-07-28T08:01:45.066537+00:00,1,BOTH,707.0,67.0,562.3,18235,2.0052881736773998e-05,0.0038298183019737273,3.157
2026-07-28T08:01:45.116285+00:00,1,BOTH,707.5,67.5,562.4,17487,3.989916440332308e-06,0.0007620179088030074,3.16
2026-07-28T08:01:45.216325+00:00,1,BOTH,707.5,67.5,562.4,17678,-0.007764507543179207,-1.4829117074055345,3.161
2026-07-28T08:01:45.233056+00:00,1,BOTH,707.5,67.5,562.2,17822,-0.000644989773427369,-0.12318397282162485,3.162
2026-07-28T08:01:45.299830+00:00,1,BOTH,707.5,67.5,562.3,17204,-3.4779762063408273e-06,-0.0006642445262341685,3.163
2026-07-28T08:01:45.366342+00:00,1,BOTH,707.5,67.5,562.3,17533,7.331572560360655e-06,0.0014002272163419617,3.163
2026-07-28T08:01:45.383094+00:00,1,BOTH,707.5,67.5,562.4,17335,4.4608262487599856e-05,0.008519550573170743,3.164
2026-07-28T08:01:45.549907+00:00,1,BOTH,708.0,68.0,562.3,17725,0.00934089465532452,1.783979468754676,3.173
2026-07-28T08:01:45.566509+00:00,1,BOTH,707.0,67.0,562.2,17781,-6.716646894346923e-05,-0.012827850650857682,3.16
2026-07-28T08:01:45.599989+00:00,1,BOTH,708.0,68.0,562.4,17044,-1.4553798391716555e-05,-0.0027795707457654796,3.171
2026-07-28T08:01:45.616491+00:00,1,BOTH,707.5,67.5,562.4,17461,-2.6868281529459637e-05,-0.005131463781357805,3.168
2026-07-28T08:01:45.699870+00:00,1,BOTH,707.5,67.5,562.4,17633,-3.4491112455725652e-06,-0.0006587317248080614,3.167
2026-07-28T08:01:45.799913+00:00,1,BOTH,707.5,67.5,562.4,17200,-1.9642574479803442e-05,-0.0037514553882137193,3.166
2026-07-28T08:01:45.816544+00:00,1,BOTH,707.5,67.5,562.5,17520,-4.952962626703033e-08,-9.459461819870467e-06,3.165
2026-07-28T08:01:45.866544+00:00,1,BOTH,707.5,67.5,562.3,17790,1.4145254390314221e-05,0.002701544589013011,3.165
2026-07-28T08:01:46.016521+00:00,1,BOTH,707.5,67.5,562.3,17777,1.805896361474879e-05,0.003449007991684743,3.164
2026-07-28T08:01:46.099818+00:00,1,BOTH,707.5,67.5,562.3,17198,2.9824706143699582e-05,0.00569609929083961,3.164
2026-07-28T08:01:46.149941+00:00,1,BOTH,707.5,67.5,562.4,17741,-2.6443581737112252e-05,-0.00505035209581918,3.164
2026-07-28T08:01:46.166591+00:00,1,BOTH,708.0,68.0,562.3,17721,-0.0685135625815019,-13.085126584418335,3.174
2026-07-28T08:01:46.250074+00:00,1,BOTH,707.0,67.0,562.2,17856,-6.963309715501964e-06,-0.0013298941938023484,3.16
2026-07-28T08:01:46.266661+00:00,1,BOTH,707.5,67.5,562.3,17773,-3.611801323131658e-05,-0.006898032408507016,3.162
2026-07-28T08:01:46.283392+00:00,1,BOTH,707.5,67.5,562.3,17655,0.006350613489921671,1.2128778343045277,3.163
2026-07-28T08:01:46.316602+00:00,1,BOTH,708.0,68.0,562.5,16827,-4.1902582452166826e-05,-0.008002803750693677,3.173
2026-07-28T08:01:46.416663+00:00,1,BOTH,707.5,67.5,562.5,17579,-4.616300342604518e-05,-0.008816484219867828,3.169
2026-07-28T08:01:46.449978+00:00,1,BOTH,708.0,68.0,562.4,17538,-4.616300342604518e-05,-0.008816484219867828,3.177
2026-07-28T08:01:46.466660+00:00,1,BOTH,707.5,67.5,562.4,17433,4.96867869514972e-06,0.0009489477299621597,3.172
2026-07-28T08:01:46.600032+00:00,1,BOTH,707.0,67.0,562.3,17841,6.708089931635185e-06,0.0012811508055896568,3.159
2026-07-28T08:01:46.650195+00:00,1,BOTH,707.0,67.0,562.3,17873,-1.4792622823733837e-06,-0.00028251828524294775,3.152
2026-07-28T08:01:46.716874+00:00,1,BOTH,708.0,68.0,562.2,17117,-1.5644678205717353e-05,-0.0029879134434263525,3.166
2026-07-28T08:01:46.733299+00:00,1,BOTH,707.5,67.5,562.3,17692,0.007857196172699333,1.5006139316733842,3.165
2026-07-28T08:01:46.766883+00:00,1,BOTH,707.5,67.5,562.3,17412,-0.0033476993534713984,-0.6393634801086183,3.165
2026-07-28T08:01:46.833558+00:00,1,BOTH,707.0,67.0,562.2,17951,5.7268735472462135e-05,0.010937522802077422,3.155
2026-07-28T08:01:46.883448+00:00,1,BOTH,707.0,67.0,562.2,17895,5.7268735472462135e-05,0.010937522802077422,3.149
2026-07-28T08:01:46.916841+00:00,1,BOTH,708.0,68.0,562.4,16889,2.8876712349301666e-05,0.005515045812760966,3.165
2026-07-28T08:01:46.966524+00:00,1,RIGHT,320.64,-319.36,562.4,15655,3.302469674963504e-05,0.006307252478178319,-0.835
2026-07-28T08:01:47.083483+00:00,1,BOTH,707.5,67.5,562.4,17135,9.334233182016758e-06,0.00178270722106843,0.764
2026-07-28T08:01:47.133646+00:00,1,BOTH,707.0,67.0,562.3,17908,4.564952760119923e-06,0.0008718417561048923,1.715
2026-07-28T08:01:47.216906+00:00,1,BOTH,707.5,67.5,562.3,17557,3.5379922483116385e-05,0.006757067459275268,2.295
2026-07-28T08:01:47.233654+00:00,1,BOTH,707.5,67.5,562.4,17677,-0.004744397024915088,-0.9061130862068622,2.642
2026-07-28T08:01:47.383526+00:00,1,BOTH,707.0,67.0,562.3,18046,-2.0576649403665216e-05,-0.003929850557834663,2.842
2026-07-28T08:01:47.416941+00:00,1,BOTH,707.5,67.5,562.3,17721,1.5243404850480146e-05,0.0029112758778058667,2.971
2026-07-28T08:01:47.483584+00:00,1,BOTH,707.0,67.0,562.3,17876,0.00017427558253984898,0.03328418450572389,3.039
2026-07-28T08:01:47.616743+00:00,1,BOTH,707.5,67.5,562.3,17476,-9.800278348848224e-06,-0.0018717152914748078,3.089
2026-07-28T08:01:47.633644+00:00,1,BOTH,707.5,67.5,562.4,17660,-2.2934762091608716e-05,-0.004380216906619373,3.119
2026-07-28T08:01:47.650347+00:00,1,BOTH,707.5,67.5,562.4,17297,-1.3618230004794896e-05,-0.002600890345710568,3.137
2026-07-28T08:01:47.800394+00:00,1,BOTH,707.5,67.5,562.4,17499,3.1817469516681736e-06,0.0006076689060306716,3.148
2026-07-28T08:01:47.935179+00:00,1,BOTH,707.5,67.5,562.4,17637,3.1817469516681736e-06,0.0006076689060306716,3.154
2026-07-28T08:01:47.950438+00:00,1,BOTH,707.5,67.5,562.4,17452,3.1817469516681736e-06,0.0006076689060306716,3.158
2026-07-28T08:01:48.033594+00:00,1,BOTH,707.5,67.5,562.5,17458,8.177795971278101e-06,0.0015618439829110766,3.161
2026-07-28T08:01:48.083597+00:00,1,BOTH,707.5,67.5,562.5,17675,-9.055878035724162e-06,-0.0017295453041073887,3.162
2026-07-28T08:01:48.150565+00:00,1,BOTH,707.5,67.5,562.5,17647,4.1386467637494205e-05,0.00790423308194395,3.163
2026-07-28T08:01:48.217008+00:00,1,BOTH,708.5,68.5,562.5,16917,6.240613292902708e-06,0.0011918693441885472,3.182
2026-07-28T08:01:48.233761+00:00,1,BOTH,707.5,67.5,562.5,17169,-2.3874665930634363e-06,-0.000455972531703375,3.175
2026-07-28T08:01:48.250273+00:00,1,BOTH,707.5,67.5,562.5,17181,-5.743520814576186e-06,-0.001096931674069187,3.171
2026-07-28T08:01:48.383828+00:00,1,BOTH,707.5,67.5,562.5,17493,0.0001170107492362149,0.022347406962995784,3.168
2026-07-28T08:01:48.416935+00:00,1,BOTH,707.0,67.0,562.4,17978,8.24002199806273e-07,0.00015737282786131674,3.157
2026-07-28T08:01:48.450325+00:00,1,BOTH,707.5,67.5,562.4,17353,-4.741855478641809e-05,-0.009056276866238753,3.16
2026-07-28T08:01:48.467205+00:00,1,BOTH,707.5,67.5,562.4,17494,-1.2212913134135306e-05,-0.002332494593819479,3.162
2026-07-28T08:01:48.550322+00:00,1,BOTH,707.5,67.5,562.4,17362,0.0001408441294915974,0.026899247296875265,3.163
2026-07-28T08:01:48.500449+00:00,1,BOTH,707.5,67.5,562.5,17496,0.011361401889007538,2.1698679253069764,3.163
2026-07-28T08:01:48.650566+00:00,1,BOTH,707.5,67.5,562.5,17177,-0.009577743130503222,-1.8292141954608383,3.164
2026-07-28T08:01:48.683816+00:00,1,BOTH,708.0,68.0,562.4,17374,-0.0008235843438887968,-0.1572930232595969,3.173
2026-07-28T08:01:48.717169+00:00,1,BOTH,707.0,67.0,562.3,17883,9.682588046416639e-05,0.018492380994116476,3.16
2026-07-28T08:01:48.867142+00:00,1,BOTH,708.0,68.0,562.4,17058,-0.02172855627257377,-4.1498485644366285,3.171
2026-07-28T08:01:48.700468+00:00,1,BOTH,708.0,68.0,562.4,17605,-0.0014348125209653517,-0.27402900614613535,3.178
2026-07-28T08:01:48.883848+00:00,1,BOTH,707.5,67.5,562.2,18019,-0.01577245977940038,-3.012317926331611,3.172
2026-07-28T08:01:49.033905+00:00,1,BOTH,708.0,68.0,562.1,17679,0.019314956978123517,3.688885054410786,3.178
2026-07-28T08:01:49.050522+00:00,1,BOTH,708.0,68.0,562.3,16931,-0.0025464571479824373,-0.48633749096771395,3.182
2026-07-28T08:01:48.983775+00:00,1,BOTH,707.0,67.0,562.3,17879,0.01123418720671907,2.145571710682887,3.165
2026-07-28T08:01:49.284074+00:00,1,BOTH,707.0,67.0,562.2,17942,0.011664734338410199,2.227800155774103,3.156
2026-07-28T08:01:49.233969+00:00,1,BOTH,708.0,68.0,562.2,17124,0.02127090445253998,4.062443505188573,3.168
2026-07-28T08:01:49.433896+00:00,1,BOTH,707.5,67.5,562.2,17337,0.01831619775155559,3.4981360929704777,3.167
2026-07-28T08:01:49.467341+00:00,1,BOTH,707.5,67.5,562.3,17711,-9.474973194301128e-05,-0.018095865834434757,3.166
2026-07-28T08:01:49.519968+00:00,1,BOTH,708.0,68.0,562.2,17580,-2.608921407954767e-05,-0.004982672858571221,3.174
2026-07-28T08:01:49.583957+00:00,1,BOTH,707.5,67.5,562.3,17181,0.00011574472126085311,0.02210561343055004,3.17
2026-07-28T08:01:49.533841+00:00,1,BOTH,707.5,67.5,562.3,17439,-0.01144370844354853,-2.1855873193118502,3.168
2026-07-28T08:01:49.483958+00:00,1,BOTH,707.5,67.5,562.4,17224,5.423636175692081e-05,0.010358382082721017,3.166
2026-07-28T08:01:49.783914+00:00,1,BOTH,708.0,68.0,562.3,17469,-0.0015369121124967932,-0.29352859176200613,3.175
2026-07-28T08:01:49.850580+00:00,1,BOTH,707.0,67.0,562.2,17726,-0.0018233680640696549,-0.3482376485671023,3.161
2026-07-28T08:01:49.867193+00:00,1,BOTH,707.5,67.5,562.3,17644,5.100136622786518e-06,0.0009740543447525756,3.162
2026-07-28T08:01:49.883964+00:00,1,BOTH,707.0,67.0,562.2,17888,0.004131342765176669,0.7890283472217675,3.154
2026-07-28T08:01:49.917223+00:00,1,BOTH,707.5,67.5,562.3,17533,0.0,0.0,3.158
2026-07-28T08:01:49.950749+00:00,1,BOTH,707.5,67.5,562.3,17333,0.022673993490898284,4.330413772451906,3.16
2026-07-28T08:01:50.183975+00:00,1,BOTH,707.0,67.0,562.3,18156,0.0032623245095601307,0.6230580859996057,3.152
2026-07-28T08:01:50.217541+00:00,1,BOTH,708.0,68.0,562.2,17295,0.00565459122415632,1.079947373386236,3.166
2026-07-28T08:01:50.250753+00:00,1,BOTH,707.5,67.5,562.3,17392,0.010422202916815877,1.99049413454162,3.166
2026-07-28T08:01:50.317544+00:00,1,BOTH,707.0,67.0,562.2,18120,-0.0030759086448233575,-0.5874552783872764,3.156
2026-07-28T08:01:50.417424+00:00,1,BOTH,708.0,68.0,562.4,16750,0.02685309269814752,5.128562928258071,3.168
2026-07-28T08:01:50.434001+00:00,1,BOTH,707.0,67.0,562.3,17959,0.010104833451914602,1.9298810315910584,3.157
2026-07-28T08:01:50.450757+00:00,1,BOTH,707.0,67.0,562.2,17779,0.010063484873389825,1.9219840347966088,3.151
2026-07-28T08:01:50.284101+00:00,1,BOTH,707.5,67.5,562.3,17460,-0.0066086587868630885,-1.2621608557643387,3.156
2026-07-28T08:01:50.667421+00:00,1,BOTH,707.5,67.5,562.3,17304,0.038100476982071994,7.276655095026884,3.159
2026-07-28T08:01:50.684184+00:00,1,BOTH,708.0,68.0,562.3,17098,-0.012410939865512774,-2.370314913615145,3.171
2026-07-28T08:01:50.800711+00:00,1,BOTH,707.0,67.0,562.2,17832,-6.075255369069054e-05,-0.011602883070395004,3.159
2026-07-28T08:01:50.700727+00:00,1,BOTH,707.5,67.5,562.3,17729,0.005925355188082904,1.1316594813103216,3.161
2026-07-28T08:01:50.850739+00:00,1,BOTH,707.5,67.5,562.3,17461,-9.725472045829518e-06,-0.001857428339994979,3.162
2026-07-28T08:01:50.950898+00:00,1,BOTH,707.5,67.5,562.4,17476,-0.0001294352260811138,-0.024720307249231528,3.163
2026-07-28T08:01:51.050877+00:00,1,BOTH,707.5,67.5,562.4,17166,0.014167979443445802,2.7058847544585114,3.163
2026-07-28T08:01:51.084180+00:00,1,BOTH,707.5,67.5,562.4,17577,0.007487397029763088,1.4299874978140443,3.164
2026-07-28T08:01:51.117435+00:00,1,BOTH,707.5,67.5,562.4,17309,-0.008168204883113504,-1.5600122200018458,3.164
2026-07-28T08:01:51.150836+00:00,1,BOTH,708.0,68.0,562.3,17258,-0.0012953889858908951,-0.24740107239760012,3.173
2026-07-28T08:01:51.200838+00:00,1,BOTH,708.0,68.0,562.3,17457,0.008759246803820134,1.6728929119078315,3.179
2026-07-28T08:01:51.167444+00:00,1,BOTH,707.5,67.5,562.3,17481,0.011832481757737696,2.259837552946359,3.173
2026-07-28T08:01:51.351039+00:00,1,BOTH,707.5,67.5,562.2,17793,-2.472347943694331e-05,-0.004721836755384429,3.169
2026-07-28T08:01:51.384283+00:00,1,BOTH,707.5,67.5,562.2,17456,5.924657452851539e-06,0.0011315262236970725,3.167
2026-07-28T08:01:51.484261+00:00,1,BOTH,707.0,67.0,562.2,18101,6.863789458293467e-05,0.013108872247553374,3.157
2026-07-28T08:01:51.451356+00:00,1,BOTH,708.0,68.0,562.1,17356,-0.001307122178041027,-0.24964194703232875,3.169
2026-07-28T08:01:51.434245+00:00,1,BOTH,707.5,67.5,562.2,17382,-0.007804326553596184,-1.4905165782098022,3.167
2026-07-28T08:01:51.734243+00:00,1,BOTH,708.0,68.0,562.4,16875,-0.005014529410982504,-0.9577045716450671,3.175
2026-07-28T08:01:51.650901+00:00,1,BOTH,707.5,67.5,562.4,17790,0.05832469628192485,11.139196461122195,3.171
2026-07-28T08:01:51.834406+00:00,1,BOTH,707.5,67.5,562.4,17557,-0.006038688442204148,-1.1533045384424248,3.168
2026-07-28T08:01:51.967684+00:00,1,BOTH,708.0,68.0,562.3,17601,0.02809045622590929,5.364881954471964,3.176
2026-07-28T08:01:51.984262+00:00,1,BOTH,707.5,67.5,562.2,17705,-0.014500417616218328,-2.7693757686215337,3.171
2026-07-28T08:01:52.102715+00:00,1,BOTH,708.0,68.0,562.3,16719,0.012476499441545457,2.3828358703262773,3.178
2026-07-28T08:01:52.134229+00:00,1,BOTH,707.5,67.5,562.4,17238,-0.021410876386798918,-4.089176175466305,3.172
2026-07-28T08:01:52.201064+00:00,1,BOTH,707.5,67.5,562.2,17774,0.00940366327529773,1.7959673921224277,3.169
2026-07-28T08:01:52.250968+00:00,1,BOTH,707.0,67.0,562.2,18000,-0.024163790117017924,-4.614943969150189,3.158
2026-07-28T08:01:52.267573+00:00,1,BOTH,708.0,68.0,562.3,16867,-0.005731867789290845,-1.0947061101778228,3.17
2026-07-28T08:01:52.367552+00:00,1,BOTH,707.0,67.0,562.3,17874,0.027181913286622148,5.191363034713418,3.158
2026-07-28T08:01:52.450948+00:00,1,BOTH,707.0,67.0,562.2,17842,0.027181913286622148,5.191363034713418,3.151
2026-07-28T08:01:52.484265+00:00,1,BOTH,708.0,68.0,562.2,17767,0.027181913286622148,5.191363034713418,3.166
2026-07-28T08:01:52.517710+00:00,1,BOTH,707.5,67.5,562.2,17479,0.027181913286622148,5.191363034713418,3.165
2026-07-28T08:01:52.567723+00:00,1,BOTH,707.5,67.5,562.3,17254,-0.00414982145302929,-0.7925575166380837,3.165
2026-07-28T08:01:52.701435+00:00,1,BOTH,707.5,67.5,562.3,17339,-0.00414982145302929,-0.7925575166380837,3.164
2026-07-28T08:01:52.767717+00:00,1,BOTH,707.5,67.5,562.4,17327,-0.00414982145302929,-0.7925575166380837,3.164
2026-07-28T08:01:52.784381+00:00,1,BOTH,707.0,67.0,562.3,17830,-0.00414982145302929,-0.7925575166380837,3.155
2026-07-28T08:01:52.917775+00:00,1,BOTH,707.5,67.5,562.1,18123,0.005039552999660373,0.9624837250434446,3.159
2026-07-28T08:01:52.984479+00:00,1,BOTH,707.5,67.5,562.2,17111,0.005039552999660373,0.9624837250434446,3.161
2026-07-28T08:01:53.034498+00:00,1,BOTH,707.0,67.0,562.2,18003,0.005039552999660373,0.9624837250434446,3.153
2026-07-28T08:01:53.117720+00:00,1,BOTH,707.5,67.5,562.2,17212,0.01733843136928044,3.3113964694566738,3.157
2026-07-28T08:01:53.151105+00:00,1,BOTH,707.5,67.5,562.3,17460,0.0005306264790124259,0.10134219248433055,3.16
2026-07-28T08:01:53.217677+00:00,1,BOTH,707.5,67.5,562.3,17519,0.02252867187897209,4.302659389000543,3.162
2026-07-28T08:01:53.284383+00:00,1,BOTH,707.5,67.5,562.4,17250,0.0030240799750026782,0.5775567315922698,3.163
2026-07-28T08:01:53.317831+00:00,1,BOTH,708.0,68.0,562.5,17012,6.440095603466033e-06,0.0012299676591312023,3.173
2026-07-28T08:01:53.434511+00:00,1,BOTH,707.5,67.5,562.3,18243,-0.008408158400561661,-1.6058399660988396,3.169
2026-07-28T08:01:53.484507+00:00,1,BOTH,707.5,67.5,562.3,17473,-0.000488678170950152,-0.09333065578538755,3.167
2026-07-28T08:01:53.501133+00:00,1,BOTH,707.0,67.0,562.3,18125,0.007109797189768869,1.3578712405590982,3.157
2026-07-28T08:01:53.551139+00:00,1,BOTH,707.5,67.5,562.3,17597,-2.2851654648547992e-05,-0.004364344554174362,3.16
2026-07-28T08:01:53.634650+00:00,1,BOTH,707.5,67.5,562.2,17902,-0.012814465023111551,-2.447382541807683,3.161
2026-07-28T08:01:53.767930+00:00,1,BOTH,708.0,68.0,562.1,17684,-0.024618667010217907,-4.701819056411463,3.172
2026-07-28T08:01:53.801469+00:00,1,BOTH,708.5,68.5,562.2,16958,-0.0071968400734476745,-1.3744952067972438,3.187
2026-07-28T08:01:53.851149+00:00,1,BOTH,707.5,67.5,562.3,17275,0.11366708498448133,21.70881413055211,3.178
2026-07-28T08:01:53.934352+00:00,1,BOTH,707.0,67.0,562.2,17845,-0.015039244884974323,-2.8722841965757997,3.163
2026-07-28T08:01:53.967685+00:00,1,RIGHT,321.79,-318.21,562.2,15723,-2.1649102563969794e-05,-0.004134674023871062,-0.837
2026-07-28T08:01:54.101235+00:00,1,BOTH,707.5,67.5,562.1,17816,-1.0057588806375861e-05,-0.0019208579689445205,0.763
2026-07-28T08:01:54.184707+00:00,1,BOTH,708.0,68.0,562.1,17615,-0.00012047687312588095,-0.023009387863486892,1.733
2026-07-28T08:01:54.117858+00:00,1,BOTH,707.5,67.5,561.9,17872,0.0011954324864200316,0.2283107872156597,2.305
2026-07-28T08:01:54.234539+00:00,1,BOTH,707.5,67.5,562.1,17172,6.145016028312965e-05,0.011736116115419217,2.649
2026-07-28T08:01:54.301310+00:00,1,BOTH,708.0,68.0,562.2,16889,6.145016028312965e-05,0.011736116115419217,2.864
2026-07-28T08:01:54.467791+00:00,1,BOTH,708.0,68.0,562.4,16907,6.145016028312965e-05,0.011736116115419217,2.994
2026-07-28T08:01:54.484573+00:00,1,BOTH,708.0,68.0,562.5,16889,6.145016028312965e-05,0.011736116115419217,3.071
2026-07-28T08:01:54.501534+00:00,1,BOTH,707.5,67.5,562.5,17659,6.145016028312965e-05,0.011736116115419217,3.108
2026-07-28T08:01:54.667943+00:00,1,BOTH,708.0,68.0,562.6,16978,6.849083256383892e-06,0.0013080785470817179,3.14
2026-07-28T08:01:54.751312+00:00,1,BOTH,707.0,67.0,562.5,17927,-0.02022522914397996,-3.8627342321168086,3.14
2026-07-28T08:01:54.918066+00:00,1,BOTH,708.0,68.0,562.4,17569,-0.004399488417548127,-0.8402403944739899,3.159
2026-07-28T08:01:54.967971+00:00,1,BOTH,707.5,67.5,562.2,17811,-0.00023493502143537626,-0.044869283960208624,3.161
2026-07-28T08:01:54.984661+00:00,1,BOTH,707.0,67.0,562.2,17998,-0.0025541781914944295,-0.4878121016566273,3.153
2026-07-28T08:01:55.084697+00:00,1,BOTH,707.5,67.5,562.2,17723,-0.013904397166916169,-2.655544247793184,3.157
2026-07-28T08:01:55.067945+00:00,1,BOTH,707.0,67.0,562.2,18005,0.0024103643439593726,0.46034567999230513,3.151
2026-07-28T08:01:55.018024+00:00,1,BOTH,708.0,68.0,562.2,17497,-0.006384531276253256,-1.2193556543286155,3.165
2026-07-28T08:01:55.301267+00:00,1,BOTH,707.5,67.5,562.2,17594,0.008360744614037685,1.596784599903646,3.165
2026-07-28T08:01:55.351325+00:00,1,BOTH,707.5,67.5,562.3,17591,0.011870002633950208,2.267003512448392,3.165
2026-07-28T08:01:55.551367+00:00,1,BOTH,707.5,67.5,562.3,17204,-0.007063002109644004,-1.3489340385819937,3.164
2026-07-28T08:01:55.567958+00:00,1,BOTH,707.0,67.0,562.3,17800,-0.013368319492437877,-2.5531609536638706,3.155
2026-07-28T08:01:55.701363+00:00,1,BOTH,707.5,67.5,562.3,17595,0.008493581927614286,1.6221546580029629,3.159
2026-07-28T08:01:55.801555+00:00,1,BOTH,707.5,67.5,562.3,17567,0.010360732264816762,1.9787541047967308,3.161
2026-07-28T08:01:55.851382+00:00,1,BOTH,707.0,67.0,562.3,17724,0.001929507975874003,0.36850887851470215,3.153
2026-07-28T08:01:56.002206+00:00,1,BOTH,708.0,68.0,562.2,17377,1.582736265845597e-05,0.003022803603841619,3.167
2026-07-28T08:01:56.084645+00:00,1,BOTH,707.0,67.0,562.2,17828,0.02495252844877541,4.7655818943165,3.156
2026-07-28T08:01:56.136160+00:00,1,BOTH,707.5,67.5,562.2,17547,-0.0038399081810348433,-0.7333684416368447,3.159
2026-07-28T08:01:56.218024+00:00,1,BOTH,707.5,67.5,562.3,17487,-0.0038399081810348433,-0.7333684416368447,3.161
2026-07-28T08:01:56.368124+00:00,1,BOTH,707.5,67.5,562.3,17465,-0.0038399081810348433,-0.7333684416368447,3.162
2026-07-28T08:01:56.418157+00:00,1,BOTH,707.5,67.5,562.4,17562,-0.0013567478256300092,-0.2591197475738362,3.163
2026-07-28T08:01:56.551412+00:00,1,BOTH,707.0,67.0,562.3,17942,-0.002071278714784057,-0.39558509517469287,3.154
2026-07-28T08:01:56.568179+00:00,1,BOTH,707.0,67.0,562.2,17889,-0.0026474114387383453,-0.505618340247881,3.149
2026-07-28T08:01:56.651433+00:00,1,BOTH,707.0,67.0,562.2,18469,0.010101189549313858,1.9291850974577942,3.145
2026-07-28T08:01:56.718351+00:00,1,BOTH,708.0,68.0,562.2,17433,-0.000741640308406204,-0.14164286529485412,3.162
2026-07-28T08:01:56.784833+00:00,1,BOTH,707.5,67.5,562.2,17787,0.0873665648070164,16.685784779994098,3.163
2026-07-28T08:01:56.884748+00:00,1,BOTH,707.5,67.5,562.3,17142,-0.031056781609077006,-5.931408371532087,3.163
2026-07-28T08:01:56.951514+00:00,1,BOTH,707.5,67.5,562.3,17653,-3.210687442333437e-05,-0.006131961326045295,3.164
2026-07-28T08:01:57.051551+00:00,1,BOTH,707.5,67.5,562.4,17403,-0.01580163281119894,-3.0178895649904725,3.164
2026-07-28T08:01:57.184856+00:00,1,BOTH,707.5,67.5,562.4,17478,0.014200007868930697,2.712001733140957,3.164
2026-07-28T08:01:57.234763+00:00,1,BOTH,707.5,67.5,562.4,17560,-0.002968070887727663,-0.566859783874809,3.164
2026-07-28T08:01:57.301533+00:00,1,BOTH,707.5,67.5,562.4,17270,0.012331913450252615,2.3552219800669603,3.164
2026-07-28T08:01:57.418123+00:00,1,BOTH,707.5,67.5,562.2,18259,0.002639167266897857,0.5040438194077458,3.164
2026-07-28T08:01:57.484872+00:00,1,BOTH,707.5,67.5,562.3,17441,4.531959886662662e-05,0.008655405814278582,3.164
2026-07-28T08:01:57.568200+00:00,1,BOTH,707.5,67.5,562.3,17704,-0.015019432364206296,-2.868500283837389,3.164
2026-07-28T08:01:57.618091+00:00,1,BOTH,707.5,67.5,562.2,17856,-0.030256689987145365,-5.778602127663888,3.164
2026-07-28T08:01:57.701364+00:00,1,BOTH,708.0,68.0,562.3,16747,-0.03810177725506946,-7.276903428876783,3.173
2026-07-28T08:01:57.751411+00:00,1,BOTH,708.0,68.0,562.3,17574,-0.04128719908534549,-7.885274185022297,3.179
2026-07-28T08:01:57.818127+00:00,1,BOTH,707.0,67.0,562.2,18216,-0.012192012517480179,-2.3285028700742805,3.164
2026-07-28T08:01:57.868148+00:00,1,BOTH,708.0,68.0,562.2,17453,-0.06013311207294464,-11.484578435889683,3.173
2026-07-28T08:01:57.951585+00:00,1,BOTH,708.0,68.0,562.1,17163,-0.0017133059445768595,-0.3272173321297633,3.179
2026-07-28T08:01:58.034905+00:00,1,BOTH,707.5,67.5,562.2,17176,0.0015645059756934643,0.2987986314341082,3.173
2026-07-28T08:01:58.118268+00:00,1,BOTH,708.0,68.0,562.4,16941,-0.010322899445309303,-1.9715285685138721,3.179
2026-07-28T08:01:58.184862+00:00,1,BOTH,707.5,67.5,562.4,17754,0.015271283891052008,2.9166003823446727,3.173
2026-07-28T08:01:58.251570+00:00,1,BOTH,707.0,67.0,562.3,17837,0.01306682359194383,2.495579478201187,3.16
2026-07-28T08:01:58.301565+00:00,1,BOTH,707.5,67.5,562.2,17929,0.00555819375673309,1.0615368132558993,3.162
2026-07-28T08:01:58.384904+00:00,1,BOTH,708.0,68.0,562.1,17330,0.019026938051683828,3.633877491394509,3.172
2026-07-28T08:01:58.468284+00:00,1,BOTH,707.5,67.5,562.2,17216,0.008892375066570821,1.6983185372062417,3.169
2026-07-28T08:01:58.484837+00:00,1,BOTH,708.0,68.0,562.2,17621,-0.00896017550257966,-1.7112674666477525,3.176
2026-07-28T08:01:58.584677+00:00,1,BOTH,708.0,68.0,562.1,17246,-0.008539335310342722,-1.63089291043225,3.181
2026-07-28T08:01:58.601549+00:00,1,BOTH,707.5,67.5,562.0,17924,-0.005245117582089734,-1.0017436683453493,3.174
2026-07-28T08:01:58.718355+00:00,1,BOTH,707.5,67.5,561.9,18335,0.01013484604016412,1.9356130137209295,3.17
2026-07-28T08:01:58.751565+00:00,1,BOTH,707.0,67.0,561.9,18040,-0.012503137364983558,-2.38792333895293,3.158
2026-07-28T08:01:58.834890+00:00,1,BOTH,707.5,67.5,562.0,17668,-0.002660365959163755,-0.5080924714011876,3.161
2026-07-28T08:01:58.934919+00:00,1,BOTH,707.5,67.5,562.1,17329,-0.01918883802893106,-3.664798109392944,3.162
2026-07-28T08:01:58.984885+00:00,1,BOTH,707.5,67.5,562.2,17298,-0.01248861588537693,-2.3851499406404466,3.163
2026-07-28T08:01:59.101748+00:00,1,BOTH,707.0,67.0,562.2,18112,0.002811545025324449,0.5369655462069769,3.154
2026-07-28T08:01:59.118170+00:00,1,BOTH,707.0,67.0,562.1,18079,-0.002445009762886912,-0.46696246760567395,3.149
2026-07-28T08:01:59.151630+00:00,1,BOTH,708.0,68.0,562.1,17356,-0.0021888175490312276,-0.41803335894552823,3.164
2026-07-28T08:01:59.268194+00:00,1,BOTH,707.5,67.5,562.2,17514,0.015141711600590498,2.8918538977270467,3.164
2026-07-28T08:01:59.318374+00:00,1,BOTH,707.5,67.5,562.2,17216,-0.018020651736296713,-3.441690961883002,3.164
2026-07-28T08:01:59.401700+00:00,1,BOTH,707.5,67.5,562.3,17565,-0.015938884498318658,-3.0441027063338386,3.164
2026-07-28T08:01:59.468198+00:00,1,BOTH,707.5,67.5,562.3,17211,-0.004806650531681953,-0.9180026301989636,3.164
2026-07-28T08:01:59.534885+00:00,1,BOTH,707.5,67.5,562.4,17378,-0.008318977211602033,-1.588807613634355,3.164
2026-07-28T08:01:59.584903+00:00,1,BOTH,707.5,67.5,562.4,17193,-0.00943171295512002,-1.8013244863574627,3.164
2026-07-28T08:01:59.651763+00:00,1,BOTH,707.5,67.5,562.4,17425,-0.01912984944530763,-3.6535321197893533,3.164
2026-07-28T08:01:59.668197+00:00,1,BOTH,707.5,67.5,562.4,17606,-0.010218928125686944,-1.951671509164649,3.164
2026-07-28T08:01:59.768342+00:00,1,BOTH,707.0,67.0,562.3,17754,-0.017985693694790826,-3.4350144677552334,3.155
2026-07-28T08:01:59.835053+00:00,1,BOTH,708.0,68.0,562.3,17213,0.0057412761077284815,1.0965029666404618,3.168
2026-07-28T08:01:59.868163+00:00,1,BOTH,707.5,67.5,562.3,17262,-0.006491805927362293,-1.2398436035195695,3.166
2026-07-28T08:01:59.934977+00:00,1,BOTH,708.0,68.0,562.3,16937,0.016051167318364604,3.065547145335371,3.175
2026-07-28T08:01:59.951520+00:00,1,BOTH,707.5,67.5,562.3,17242,0.00013393157045356929,0.02557904576849519,3.17
2026-07-28T08:01:59.985042+00:00,1,BOTH,707.5,67.5,562.3,17267,0.00013393157045356929,0.02557904576849519,3.168
2026-07-28T08:02:00.035083+00:00,1,BOTH,707.5,67.5,562.4,17273,-0.028623249905649573,-5.466638051806508,3.166
2026-07-28T08:02:00.135024+00:00,1,BOTH,707.0,67.0,562.3,17984,0.0,0.0,3.156
2026-07-28T08:02:00.184762+00:00,1,RIGHT,320.7,-319.3,562.3,15652,-0.010962844681926072,-2.093749105772678,-0.844
2026-07-28T08:02:00.234975+00:00,1,BOTH,707.0,67.0,562.2,17812,0.02135759778378997,4.079000711830419,0.75
2026-07-28T08:02:00.301646+00:00,1,BOTH,707.5,67.5,562.1,18132,0.027594824563711883,5.270223279682081,1.716
2026-07-28T08:02:00.368272+00:00,1,BOTH,707.0,67.0,562.1,18031,0.0018409618618898094,0.35159781643610677,2.286
2026-07-28T08:02:00.435016+00:00,1,BOTH,707.5,67.5,562.0,17843,0.02978544197510928,5.688600387018561,2.637
2026-07-28T08:02:00.485042+00:00,1,BOTH,708.0,68.0,562.2,16939,0.0013816893129842355,0.26388322077442317,2.857
2026-07-28T08:02:00.551639+00:00,1,BOTH,707.5,67.5,562.2,17399,0.000608041473897174,0.11612736741074028,2.98
2026-07-28T08:02:00.618504+00:00,1,BOTH,707.5,67.5,562.1,17988,0.002492305317427963,0.4759952531554507,3.054
2026-07-28T08:02:00.685016+00:00,1,BOTH,707.5,67.5,562.2,17170,-0.013018395176623017,-2.486330332179889,3.098
2026-07-28T08:02:00.735037+00:00,1,BOTH,707.5,67.5,562.2,17640,0.017980491276830435,3.4340208791139224,3.124
2026-07-28T08:02:00.751586+00:00,1,BOTH,708.0,68.0,562.4,16891,-0.00669518969632918,-1.2786870421304577,3.15
2026-07-28T08:02:00.835012+00:00,1,BOTH,707.5,67.5,562.4,17699,-0.011523038481827825,-2.200738240585233,3.155
2026-07-28T08:02:00.885008+00:00,1,BOTH,707.5,67.5,562.4,17323,-0.010509832496754825,-2.0072301515116395,3.159
2026-07-28T08:02:00.918383+00:00,1,BOTH,707.0,67.0,562.3,17924,-0.012425240592565388,-2.373046151295423,3.152
2026-07-28T08:02:00.934974+00:00,1,BOTH,708.0,68.0,562.3,17451,-0.04635656425991328,-8.853451616066746,3.166
2026-07-28T08:02:01.035035+00:00,1,BOTH,707.5,67.5,562.3,17678,-0.0045407356088981035,-0.8672166209154245,3.165
2026-07-28T08:02:01.101646+00:00,1,BOTH,707.5,67.5,562.4,17161,-0.0140178405912593,-2.6772103458877616,3.165
2026-07-28T08:02:01.135056+00:00,1,BOTH,707.5,67.5,562.4,17733,-0.017015768628334628,-3.2497724252489473,3.164
2026-07-28T08:02:01.201632+00:00,1,BOTH,707.5,67.5,562.4,17365,-0.01980814802343957,-3.783077605711637,3.164
2026-07-28T08:02:01.285069+00:00,1,BOTH,708.5,68.5,562.4,16994,-0.02480253122281283,-4.73693453436208,3.183
2026-07-28T08:02:01.351810+00:00,1,BOTH,707.0,67.0,562.3,17874,-0.010837150283623486,-2.069743244002096,3.166
2026-07-28T08:02:01.434869+00:00,1,BOTH,707.5,67.5,562.4,17521,0.025628990267869085,4.894776585102532,3.165
2026-07-28T08:02:01.501778+00:00,1,BOTH,707.0,67.0,562.3,17958,-0.007737782659060031,-1.4778076305121846,3.155
2026-07-28T08:02:01.534991+00:00,1,BOTH,707.0,67.0,562.2,17987,0.005421609012410044,1.035451048603953,3.149
2026-07-28T08:02:01.618386+00:00,1,BOTH,707.5,67.5,562.3,17397,-0.0234984464966692,-4.487872697910402,3.155
2026-07-28T08:02:01.668388+00:00,1,BOTH,707.5,67.5,562.3,17508,0.02400898650288582,4.5853786566730514,3.159
2026-07-28T08:02:01.718358+00:00,1,BOTH,708.0,68.0,562.5,17097,-0.0032047948939725756,-0.6120707387656824,3.17
2026-07-28T08:02:01.801752+00:00,1,BOTH,707.5,67.5,562.5,17456,-0.021646232240600513,-4.13412583248807,3.168
2026-07-28T08:02:01.885055+00:00,1,BOTH,707.5,67.5,562.3,17888,0.017977142172021558,3.4333812472116034,3.166
2026-07-28T08:02:01.951713+00:00,1,BOTH,707.5,67.5,562.3,17633,-0.015421060037333519,-2.945205519190221,3.165
2026-07-28T08:02:01.985063+00:00,1,BOTH,708.0,68.0,562.3,17465,-0.008759255252371076,-1.6728945254622047,3.174
2026-07-28T08:02:02.068435+00:00,1,BOTH,708.0,68.0,562.2,17512,0.002784852413169574,0.5318676328047972,3.18
2026-07-28T08:02:02.101754+00:00,1,BOTH,708.0,68.0,562.2,17065,0.009826520069036632,1.8767270908546712,3.183
2026-07-28T08:02:02.168421+00:00,1,BOTH,708.0,68.0,562.1,17236,-0.021628743500914423,-4.130785729244684,3.185
2026-07-28T08:02:02.218328+00:00,1,BOTH,707.5,67.5,562.2,17316,-0.017265954464673997,-3.2975544003029356,3.176
2026-07-28T08:02:02.301630+00:00,1,BOTH,708.0,68.0,562.2,17404,0.00968279218999669,1.849277087963486,3.181
2026-07-28T08:02:02.353064+00:00,1,BOTH,707.5,67.5,562.2,17432,-0.005097666113288142,-0.973582512194229,3.174
2026-07-28T08:02:02.401740+00:00,1,BOTH,708.0,68.0,562.2,17470,-0.005097666113288142,-0.973582512194229,3.179
2026-07-28T08:02:02.418345+00:00,1,BOTH,708.0,68.0,562.1,17452,0.010089828721247614,1.9270153391245624,3.183
2026-07-28T08:02:02.501711+00:00,1,BOTH,708.5,68.5,562.2,17073,-0.005152305092196912,-0.9840177884888185,3.194
2026-07-28T08:02:02.535130+00:00,1,BOTH,707.5,67.5,562.3,17295,0.025147971641272308,4.80290879453195,3.182
2026-07-28T08:02:02.685061+00:00,1,BOTH,707.5,67.5,562.3,17495,0.03452875673072413,6.594506775014756,3.175
2026-07-28T08:02:02.735096+00:00,1,BOTH,707.5,67.5,562.2,17899,-0.030945097599178552,-5.910078296844492,3.171
2026-07-28T08:02:02.785022+00:00,1,BOTH,708.0,68.0,562.1,17604,-0.01487462732475251,-2.8408445584609643,3.177
2026-07-28T08:02:02.885092+00:00,1,BOTH,708.0,68.0,562.1,17152,-0.021287185437977314,-4.0655529443614835,3.181
2026-07-28T08:02:02.968512+00:00,1,BOTH,708.0,68.0,562.1,17106,0.00902586208190769,1.7238126792015773,3.184
2026-07-28T08:02:02.985005+00:00,1,BOTH,707.5,67.5,562.0,17803,0.01793595536146313,3.4255151458229274,3.176
2026-07-28T08:02:03.085096+00:00,1,BOTH,708.0,68.0,562.0,17536,0.029182424135506153,5.573432463084042,3.181
2026-07-28T08:02:03.151809+00:00,1,BOTH,708.5,68.5,561.9,17587,0.04356357702752575,8.320030347234312,3.193
2026-07-28T08:02:03.201683+00:00,1,BOTH,708.0,68.0,561.9,17228,-0.0160523766966071,-3.065778119565804,3.191
2026-07-28T08:02:03.251574+00:00,1,BOTH,707.5,67.5,562.0,17251,0.014453391258139164,2.7603943958088437,3.18
2026-07-28T08:02:03.285022+00:00,1,BOTH,708.0,68.0,562.0,17695,-0.053362588335294274,-10.191503651687999,3.183
2026-07-28T08:02:03.351766+00:00,1,BOTH,707.5,67.5,562.1,17557,-0.00489436017582193,-0.9347539383050139,3.175
2026-07-28T08:02:03.468476+00:00,1,BOTH,708.0,68.0,562.1,17587,-0.009801412106317003,-1.8719318232013158,3.18
2026-07-28T08:02:03.501688+00:00,1,BOTH,708.0,68.0,562.1,17502,0.0001256490731611848,0.023997205306221313,3.183
2026-07-28T08:02:03.601831+00:00,1,BOTH,708.0,68.0,562.1,17287,-0.020781979938037695,-3.9690658012503603,3.185
2026-07-28T08:02:03.701904+00:00,1,BOTH,708.0,68.0,562.0,17093,-0.0009365061880089343,-0.17885950686932375,3.186
2026-07-28T08:02:03.768313+00:00,1,BOTH,708.0,68.0,562.0,17151,-0.03304954256629571,-6.31199767962236,3.187
2026-07-28T08:02:03.868431+00:00,1,BOTH,708.0,68.0,562.0,17543,-0.08386416278313845,-16.01687526623982,3.187
2026-07-28T08:02:03.918413+00:00,1,BOTH,708.5,68.5,561.9,17750,0.007109509669244289,1.3578163281838256,3.197
2026-07-28T08:02:04.001778+00:00,1,BOTH,707.5,67.5,561.8,17767,0.017313620494678616,3.3066579414542976,3.184
2026-07-28T08:02:04.068367+00:00,1,BOTH,707.5,67.5,562.0,17208,0.017546101179905235,3.3510584817269464,3.176
2026-07-28T08:02:04.085017+00:00,1,BOTH,707.0,67.0,562.0,18000,-0.024874687812989578,-4.750715427966022,3.162
2026-07-28T08:02:04.168427+00:00,1,BOTH,707.0,67.0,562.0,17777,-0.06097731196787208,-11.645808739372116,3.153
2026-07-28T08:02:04.251787+00:00,1,BOTH,708.0,68.0,562.0,17592,0.04225234202807769,8.069602909173604,3.167
2026-07-28T08:02:04.301827+00:00,1,BOTH,707.5,67.5,562.1,17324,-0.05608968673273921,-10.712341079989615,3.166
2026-07-28T08:02:04.351974+00:00,1,BOTH,708.0,68.0,561.9,17848,-0.03816191821546454,-7.288389506231788,3.174
2026-07-28T08:02:04.401827+00:00,1,BOTH,707.5,67.5,561.8,17961,0.0140333118615672,2.680165140862257,3.17
2026-07-28T08:02:04.451802+00:00,1,BOTH,708.0,68.0,561.8,17586,0.009168687748167486,1.7510903721443452,3.177
2026-07-28T08:02:04.535149+00:00,1,BOTH,708.0,68.0,561.9,17650,0.02534772127168253,4.84105816380463,3.181
2026-07-28T08:02:04.568357+00:00,1,BOTH,708.0,68.0,561.9,17226,0.017074780053189898,3.261042777206481,3.184
2026-07-28T08:02:04.635014+00:00,1,BOTH,708.5,68.5,561.8,17536,0.0629307308839634,12.01888427108229,3.195
2026-07-28T08:02:04.701652+00:00,1,BOTH,707.5,67.5,562.0,17586,-0.018368071026634424,-3.508043158742272,3.182
2026-07-28T08:02:04.718381+00:00,1,BOTH,708.0,68.0,562.2,17104,0.028851875993423162,5.510302418193222,3.184
2026-07-28T08:02:04.818386+00:00,1,BOTH,707.5,67.5,562.2,17462,-0.03963096552528441,-7.568956875424207,3.176
2026-07-28T08:02:04.835142+00:00,1,BOTH,708.0,68.0,562.2,17617,-0.01601123140542768,-3.0579199477944115,3.181
2026-07-28T08:02:04.868225+00:00,1,BOTH,708.0,68.0,561.9,17821,0.009903742671012879,1.8914755214421966,3.183
2026-07-28T08:02:05.035411+00:00,1,BOTH,707.5,67.5,562.1,17666,-0.034059979575686156,-6.504976933295337,3.176
2026-07-28T08:02:05.101730+00:00,1,BOTH,707.0,67.0,562.0,17782,-0.015109457247890533,-2.885693770124932,3.162
2026-07-28T08:02:05.185106+00:00,1,BOTH,708.5,68.5,561.9,17296,0.021992530052084475,4.2002638426635635,3.181
2026-07-28T08:02:05.201734+00:00,1,BOTH,708.0,68.0,561.9,17230,-0.029219943177304232,-5.580598072238725,3.184
2026-07-28T08:02:05.284975+00:00,1,BOTH,708.0,68.0,562.0,17327,0.02854898574994877,5.452454642837313,3.185
2026-07-28T08:02:05.334995+00:00,1,BOTH,707.5,67.5,562.1,17465,-0.011352608659071848,-2.168188542094966,3.177
2026-07-28T08:02:05.351740+00:00,1,BOTH,708.0,68.0,562.1,17284,0.0006571060568421671,0.12549801249846582,3.181
2026-07-28T08:02:05.385159+00:00,1,BOTH,708.5,68.5,561.9,17379,-0.008119520096079214,-1.5507141105899853,3.193
2026-07-28T08:02:05.535228+00:00,1,BOTH,708.5,68.5,562.1,16953,-0.0163157688267529,-3.116082310946853,3.2
2026-07-28T08:02:05.618364+00:00,1,BOTH,707.5,67.5,561.9,17889,0.01739236281486228,3.3216966168396036,3.186
2026-07-28T08:02:05.701685+00:00,1,BOTH,708.0,68.0,562.0,17285,-0.004256324632151518,-0.8128981255328488,3.186
2026-07-28T08:02:05.785078+00:00,1,BOTH,707.0,67.0,562.0,18227,0.024520295253023506,4.683031434709713,3.168
2026-07-28T08:02:05.835043+00:00,1,BOTH,707.5,67.5,561.9,17846,-0.02241171293484513,-4.280321876084606,3.166
2026-07-28T08:02:05.918422+00:00,1,BOTH,708.0,68.0,561.9,17031,0.03958068654639647,7.559354297795854,3.175
2026-07-28T08:02:05.985012+00:00,1,BOTH,707.0,67.0,561.9,17800,0.00520210227521602,0.99352834988427,3.161
2026-07-28T08:02:06.034983+00:00,1,BOTH,707.5,67.5,561.8,17985,0.033653135514468885,6.427275441202965,3.162
2026-07-28T08:02:06.101868+00:00,1,BOTH,707.5,67.5,562.0,17576,0.040178868817165495,7.673598696111243,3.163
2026-07-28T08:02:06.184999+00:00,1,BOTH,707.5,67.5,562.1,17417,-0.00806501975050196,-1.5403053113113818,3.163
2026-07-28T08:02:06.268260+00:00,1,BOTH,707.5,67.5,562.0,17950,-0.017159180904272944,-3.2771621523877172,3.164
2026-07-28T08:02:06.335035+00:00,1,BOTH,708.0,68.0,562.0,17698,0.004671963210566901,0.8922792466862446,3.173
2026-07-28T08:02:06.384850+00:00,1,BOTH,707.5,67.5,562.1,17573,0.004671963210566901,0.8922792466862446,3.17
2026-07-28T08:02:06.401850+00:00,1,BOTH,708.0,68.0,562.1,17691,0.0026563137625635136,0.5073185588580174,3.177
2026-07-28T08:02:06.451631+00:00,1,BOTH,707.5,67.5,561.9,17851,-0.009646117392694577,-1.842272717630457,3.172
2026-07-28T08:02:06.551819+00:00,1,BOTH,708.0,68.0,562.0,17562,0.016135305111820344,3.0816162802105618,3.178
2026-07-28T08:02:06.618330+00:00,1,BOTH,708.0,68.0,562.0,17737,-0.007572529290337115,-1.446246561918377,3.182
2026-07-28T08:02:06.635016+00:00,1,BOTH,707.5,67.5,562.1,17619,0.008921371067408472,1.7038563654420924,3.175
2026-07-28T08:02:06.718367+00:00,1,BOTH,707.5,67.5,562.2,17577,-0.0066739746544044465,-1.2746352675821897,3.17
2026-07-28T08:02:06.768480+00:00,1,BOTH,708.0,68.0,562.1,17638,-0.003976404523127712,-0.7594373227064956,3.177
2026-07-28T08:02:06.851662+00:00,1,BOTH,708.0,68.0,562.1,17166,-0.00010094300494529306,-0.019278693849111635,3.181
2026-07-28T08:02:06.918226+00:00,1,BOTH,708.0,68.0,562.1,17214,0.008763258979706734,1.673659181057719,3.184
2026-07-28T08:02:06.951614+00:00,1,BOTH,708.0,68.0,562.1,17446,0.01290277577994857,2.4642486539822404,3.185
2026-07-28T08:02:07.051582+00:00,1,BOTH,708.0,68.0,562.1,17711,0.007807139105862007,1.491053736124774,3.186
2026-07-28T08:02:07.151616+00:00,1,BOTH,708.0,68.0,562.0,17086,0.0006713521102210507,0.1282188082762262,3.187
2026-07-28T08:02:07.285694+00:00,1,BOTH,708.0,68.0,562.0,17676,0.000751689249300398,0.14356207163423323,3.187
2026-07-28T08:02:07.385190+00:00,1,BOTH,708.5,68.5,562.1,17014,4.864440998062491e-05,0.00929039796264622,3.197
2026-07-28T08:02:07.468459+00:00,1,BOTH,707.5,67.5,562.0,17782,-0.0028692916262662038,-0.5479943345909394,3.184
2026-07-28T08:02:07.535086+00:00,1,BOTH,707.5,67.5,561.9,18059,2.271550340083195e-05,0.0043383415812757965,3.176
2026-07-28T08:02:07.551713+00:00,1,BOTH,708.0,68.0,561.9,17262,0.013713420800631865,2.619070448543734,3.18
2026-07-28T08:02:07.651636+00:00,1,BOTH,708.0,68.0,561.9,17532,-0.002154316701053176,-0.4114441823496455,3.183
2026-07-28T08:02:07.684944+00:00,1,BOTH,707.5,67.5,561.8,18187,1.702707460935926e-05,0.003251931708568835,3.176
2026-07-28T08:02:07.734927+00:00,1,BOTH,708.0,68.0,561.9,17495,1.702707460935926e-05,0.003251931708568835,3.18
2026-07-28T08:02:07.834901+00:00,1,BOTH,708.0,68.0,561.9,17332,1.702707460935926e-05,0.003251931708568835,3.183
2026-07-28T08:02:07.901675+00:00,1,BOTH,708.0,68.0,561.9,17513,1.8382867856416852e-05,0.0035108691450646276,3.185
2026-07-28T08:02:07.968377+00:00,1,BOTH,708.0,68.0,561.9,17421,0.00010470896959304809,0.019997940116151084,3.186
2026-07-28T08:02:08.034961+00:00,1,BOTH,708.5,68.5,562.1,16637,-0.001192520408949349,-0.22775462138670888,3.196
2026-07-28T08:02:08.151633+00:00,1,BOTH,708.0,68.0,562.0,17768,0.01786536757455906,3.412033871573687,3.193
2026-07-28T08:02:08.184998+00:00,1,BOTH,707.5,67.5,561.9,18382,-0.00028783707763068377,-0.05497283245205873,3.181
2026-07-28T08:02:08.268334+00:00,1,BOTH,708.0,68.0,561.9,17800,-0.007311516070039943,-1.3963967088512226,3.184
2026-07-28T08:02:08.351763+00:00,1,BOTH,707.5,67.5,561.9,17821,-5.4212902905419466e-05,-0.010353901772110178,3.176
2026-07-28T08:02:08.418281+00:00,1,BOTH,708.0,68.0,561.9,17651,4.523782816249877e-05,0.008639788760164118,3.181
2026-07-28T08:02:08.484979+00:00,1,BOTH,708.0,68.0,561.9,17380,-0.03441828384413384,-6.5734080078405865,3.183
2026-07-28T08:02:08.585023+00:00,1,BOTH,708.0,68.0,561.9,17018,-2.8158160275779665e-05,-0.005377812475517016,3.185
2026-07-28T08:02:08.668206+00:00,1,BOTH,708.0,68.0,561.9,17563,-0.01631235950801056,-3.11543117903035,3.186
2026-07-28T08:02:08.718250+00:00,1,BOTH,708.0,68.0,562.0,17633,0.00012515229704149533,0.023902328056151004,3.187
2026-07-28T08:02:08.818457+00:00,1,BOTH,708.0,68.0,562.0,17711,-4.298945772461593e-05,-0.008210381637255227,3.187
2026-07-28T08:02:08.868360+00:00,1,BOTH,707.5,67.5,561.9,17797,-5.685231182724237e-05,-0.010857991744208937,3.178
2026-07-28T08:02:08.934906+00:00,1,BOTH,708.0,68.0,561.9,17645,-1.8918854766525329e-06,-0.0003613235104476206,3.182
2026-07-28T08:02:09.018289+00:00,1,BOTH,708.0,68.0,561.9,17634,-3.0110817169770627e-06,-0.0005750742471726371,3.184
2026-07-28T08:02:09.084904+00:00,1,BOTH,708.0,68.0,561.9,17650,-2.3713492846582082e-05,-0.004528943525409407,3.185
2026-07-28T08:02:09.168361+00:00,1,BOTH,708.0,68.0,561.9,17430,-4.970963462255895e-05,-0.009493840883366737,3.186
2026-07-28T08:02:09.251518+00:00,1,BOTH,708.0,68.0,562.0,17012,0.016609415548903144,3.172164703770386,3.187
2026-07-28T08:02:09.301646+00:00,1,BOTH,708.5,68.5,562.1,17068,0.003918557723518461,0.7483893977866651,3.196
2026-07-28T08:02:09.368140+00:00,1,BOTH,708.0,68.0,562.1,17728,0.011826170427084434,2.2586321775812146,3.193
2026-07-28T08:02:09.418164+00:00,1,BOTH,708.0,68.0,562.0,17671,-3.293978457804769e-05,-0.006291035447974166,3.191
2026-07-28T08:02:09.551550+00:00,1,BOTH,708.0,68.0,562.0,17553,-2.8218297265993898e-05,-0.005389297794623334,3.189
2026-07-28T08:02:09.569263+00:00,1,BOTH,707.5,67.5,561.9,18041,0.010374869645820581,1.9814541456796884,3.179
2026-07-28T08:02:09.651631+00:00,1,BOTH,708.0,68.0,561.9,17220,0.010374869645820581,1.9814541456796884,3.183
2026-07-28T08:02:09.701613+00:00,1,BOTH,708.0,68.0,562.0,17443,0.010374869645820581,1.9814541456796884,3.185
2026-07-28T08:02:09.785058+00:00,1,BOTH,708.0,68.0,562.0,17404,0.010374869645820581,1.9814541456796884,3.186
2026-07-28T08:02:09.868242+00:00,1,BOTH,708.0,68.0,562.0,17596,0.010374869645820581,1.9814541456796884,3.186
2026-07-28T08:02:09.934824+00:00,1,BOTH,708.0,68.0,562.0,17068,3.93714162055403e-05,0.007519386606768111,3.187
2026-07-28T08:02:09.968352+00:00,1,BOTH,708.0,68.0,562.0,17649,-0.006298812190361786,-1.2029845148442802,3.187
2026-07-28T08:02:10.034987+00:00,1,BOTH,708.0,68.0,562.0,17245,0.010395671381847932,1.985426984616063,3.187
2026-07-28T08:02:10.068325+00:00,1,BOTH,707.5,67.5,561.9,18005,-5.2269945717853256e-05,-0.009982824283369671,3.178
2026-07-28T08:02:10.151577+00:00,1,BOTH,708.0,68.0,561.9,17529,-3.234737872844562e-05,-0.006177894264837298,3.182
2026-07-28T08:02:10.218345+00:00,1,BOTH,708.5,68.5,562.0,16915,-3.972641425207257e-05,-0.007587186239440403,3.193
2026-07-28T08:02:10.284977+00:00,1,BOTH,708.0,68.0,562.0,17263,-0.0026487351051764562,-0.5058711419158372,3.191
2026-07-28T08:02:10.334956+00:00,1,BOTH,707.5,67.5,561.9,17746,0.0028515479451743887,0.5446055411256491,3.18
2026-07-28T08:02:10.351544+00:00,1,BOTH,708.0,68.0,561.9,17484,0.0029292653739685193,0.5594484766740231,3.183
2026-07-28T08:02:10.418320+00:00,1,BOTH,708.0,68.0,561.9,17584,1.8794601783156398e-06,0.0003589504532679709,3.185
2026-07-28T08:02:10.451529+00:00,1,BOTH,707.5,67.5,561.9,17963,-0.008824898996390402,-1.6854315570746865,3.177
2026-07-28T08:02:10.468298+00:00,1,BOTH,707.5,67.5,561.8,17699,-0.008131037512794138,-1.5529137751521807,3.172
2026-07-28T08:02:10.518299+00:00,1,BOTH,707.0,67.0,561.8,18017,0.013963995045050978,2.666926604076717,3.159
2026-07-28T08:02:10.601697+00:00,1,BOTH,708.0,68.0,561.9,17405,0.010492705897177075,2.0039592119342546,3.171
2026-07-28T08:02:10.685262+00:00,1,BOTH,707.5,67.5,562.0,17413,0.011682040463201702,2.231105382141703,3.168
2026-07-28T08:02:10.784939+00:00,1,BOTH,707.5,67.5,561.9,17768,3.40902671450749e-05,0.0065107614329542865,3.166
2026-07-28T08:02:10.884825+00:00,1,BOTH,707.5,67.5,562.0,17622,-0.004936937566380948,-0.9428856209107201,3.165
2026-07-28T08:02:10.934717+00:00,1,BOTH,707.0,67.0,562.0,17946,2.1243091905489563e-05,0.004057131699976913,3.156
2026-07-28T08:02:10.951621+00:00,1,BOTH,708.0,68.0,562.0,17482,-0.000488951290899422,-0.09338281785336754,3.168
2026-07-28T08:02:11.034743+00:00,1,BOTH,707.5,67.5,562.1,17421,-4.377839039079845e-05,-0.008361056677562767,3.167
2026-07-28T08:02:11.101646+00:00,1,BOTH,707.5,67.5,562.2,17700,1.644028932787478e-05,0.003139863974870646,3.166
2026-07-28T08:02:11.168189+00:00,1,BOTH,708.0,68.0,562.1,17322,-1.3494864106178284e-05,-0.002577329194621999,3.174
2026-07-28T08:02:11.251588+00:00,1,BOTH,707.5,67.5,562.2,17212,4.4540620583575214e-05,0.008506631921107939,3.17
2026-07-28T08:02:11.284869+00:00,1,BOTH,707.0,67.0,562.2,18157,0.00010070310439914464,0.019232876219787674,3.158
2026-07-28T08:02:11.351919+00:00,1,BOTH,707.5,67.5,562.2,17734,-3.8814889921923165e-05,-0.007413097915970236,3.161
2026-07-28T08:02:11.368163+00:00,1,BOTH,708.0,68.0,562.2,17501,6.561502232216299e-05,0.012531546172388752,3.171
2026-07-28T08:02:11.468210+00:00,1,BOTH,707.0,67.0,562.2,17784,-0.003736604618607089,-0.7136389145175894,3.159
2026-07-28T08:02:11.535044+00:00,1,BOTH,707.5,67.5,562.2,17691,-0.008769746385514737,-1.6748981843003432,3.161
2026-07-28T08:02:11.551414+00:00,1,BOTH,707.5,67.5,562.3,17695,-4.165698483120652e-06,-0.0007955898060228745,3.162
2026-07-28T08:02:11.634905+00:00,1,BOTH,707.5,67.5,562.3,17460,-0.026385198454590864,-5.039201710210528,3.163
2026-07-28T08:02:11.684989+00:00,1,BOTH,708.0,68.0,562.3,17555,0.0003978809947147965,0.07598967248541617,3.173
2026-07-28T08:02:11.768193+00:00,1,BOTH,707.5,67.5,562.1,18147,-0.006409285450354218,-1.224083353333006,3.169
2026-07-28T08:02:11.851510+00:00,1,BOTH,707.5,67.5,562.0,18092,-0.006409285450354218,-1.224083353333006,3.167
2026-07-28T08:02:11.868149+00:00,1,BOTH,708.0,68.0,562.0,17666,-0.006409285450354218,-1.224083353333006,3.175
2026-07-28T08:02:11.918199+00:00,1,BOTH,707.5,67.5,562.1,17455,-0.006409285450354218,-1.224083353333006,3.171
2026-07-28T08:02:12.034868+00:00,1,BOTH,707.5,67.5,562.2,17392,-0.0035366520727984608,-0.6754507912584873,3.168
2026-07-28T08:02:12.084862+00:00,1,BOTH,708.0,68.0,562.1,17298,0.013730101455003023,2.622256218860347,3.176
2026-07-28T08:02:12.101494+00:00,1,BOTH,707.5,67.5,562.0,17884,0.00012006994569674134,0.022931670449294197,3.171
2026-07-28T08:02:12.201485+00:00,1,BOTH,707.5,67.5,561.9,17849,2.3742732591927054e-05,0.004534527905417087,3.168
2026-07-28T08:02:12.268276+00:00,1,BOTH,707.5,67.5,561.8,17877,-0.003271174631663598,-0.624748334815286,3.167
2026-07-28T08:02:12.335264+00:00,1,BOTH,707.5,67.5,562.0,17407,0.00652297945227474,1.2457973082196667,3.166
2026-07-28T08:02:12.384807+00:00,1,BOTH,708.0,68.0,562.0,17343,-4.936222001560963e-05,-0.009427489580968762,3.174
2026-07-28T08:02:12.451547+00:00,1,BOTH,708.5,68.5,562.1,16993,3.228717134334147e-05,0.006166395501297343,3.189
2026-07-28T08:02:12.501307+00:00,1,BOTH,707.5,67.5,562.2,17590,-3.073147527175024e-05,-0.005869279437606478,3.179
2026-07-28T08:02:12.568183+00:00,1,BOTH,707.5,67.5,562.2,17391,5.8371381601318714e-05,0.011148112700343825,3.173
2026-07-28T08:02:12.601425+00:00,1,BOTH,707.5,67.5,562.3,17111,7.011767593212426e-06,0.0013391489667255836,3.169
2026-07-28T08:02:12.684862+00:00,1,BOTH,707.5,67.5,562.1,17869,-2.290539268869907e-06,-0.00043746077638408997,3.167
2026-07-28T08:02:12.751369+00:00,1,BOTH,707.0,67.0,562.1,18304,4.8610415251459924e-05,0.009283905447623407,3.157
2026-07-28T08:02:12.818084+00:00,1,BOTH,707.5,67.5,562.2,17690,-7.017449999693781e-05,-0.013402342264217817,3.16
2026-07-28T08:02:12.868143+00:00,1,BOTH,707.5,67.5,562.0,18166,-6.913119577802717e-06,-0.0013203085835911906,3.161
2026-07-28T08:02:12.918081+00:00,1,BOTH,708.0,68.0,562.0,17351,1.2938185245729984e-05,0.0024710113637958666,3.172
2026-07-28T08:02:12.934770+00:00,1,BOTH,708.0,68.0,562.0,17236,-0.00438417318102438,-0.8373153997571388,3.178
2026-07-28T08:02:13.034789+00:00,1,BOTH,707.5,67.5,562.1,17467,-3.916739020496607e-05,-0.0074804205109553195,3.172
2026-07-28T08:02:13.068008+00:00,1,BOTH,707.5,67.5,562.2,17626,4.3542243201954985e-06,0.0008315955886680735,3.169
2026-07-28T08:02:13.134810+00:00,1,BOTH,707.5,67.5,562.3,17201,-1.26517438548035e-05,-0.002416305087869385,3.167
2026-07-28T08:02:13.184770+00:00,1,BOTH,707.0,67.0,562.2,17800,-2.3771460037096402e-05,-0.00454001444329841,3.157
2026-07-28T08:02:13.251366+00:00,1,BOTH,707.5,67.5,562.3,17246,8.246552897617205e-07,0.0001574975588549485,3.16
2026-07-28T08:02:13.301518+00:00,1,BOTH,708.0,68.0,562.2,17372,-2.7973912074230613e-06,-0.0005342623661078229,3.171
2026-07-28T08:02:13.368147+00:00,1,BOTH,707.5,67.5,562.1,17851,-9.481809247517958e-06,-0.001810892173436313,3.168
2026-07-28T08:02:13.451499+00:00,1,BOTH,708.0,68.0,562.1,17719,-5.080000846646726e-05,-0.009702086947858079,3.176
2026-07-28T08:02:13.534674+00:00,1,BOTH,708.0,68.0,562.0,17621,-0.00010733692673966288,-0.020499842960291982,3.18
2026-07-28T08:02:13.584652+00:00,1,BOTH,708.0,68.0,562.0,17670,1.471394338295795e-05,0.002810156186126451,3.183
2026-07-28T08:02:13.634695+00:00,1,BOTH,708.5,68.5,562.1,16966,-0.009776365581783466,-1.867148289377174,3.194
2026-07-28T08:02:13.684650+00:00,1,BOTH,707.0,67.0,561.9,18450,2.9115505021763962e-05,0.005560651853796764,3.173
2026-07-28T08:02:13.751444+00:00,1,BOTH,707.5,67.5,561.8,18020,-0.02308394266758114,-4.408708297914541,3.169
2026-07-28T08:02:13.784781+00:00,1,BOTH,708.0,68.0,561.9,17709,2.176500825498806e-05,0.004156810380260708,3.177
2026-07-28T08:02:13.868138+00:00,1,BOTH,707.5,67.5,562.0,17593,-0.016937968456186354,-3.234913686883989,3.172
2026-07-28T08:02:13.934715+00:00,1,BOTH,708.0,68.0,562.0,17303,-2.1451097782119175e-05,-0.004096857896126232,3.178
2026-07-28T08:02:13.967975+00:00,1,BOTH,708.5,68.5,562.1,16972,9.37608943786472e-06,0.0017907011770894566,3.191
2026-07-28T08:02:14.034790+00:00,1,BOTH,708.0,68.0,562.1,17034,-6.21381460223347e-05,-0.011867511712824673,3.19
2026-07-28T08:02:14.101332+00:00,1,BOTH,707.5,67.5,562.0,17840,-0.012462801960064098,-2.380219844063476,3.179
2026-07-28T08:02:14.168033+00:00,1,BOTH,708.5,68.5,562.1,17029,-0.00010550709790550173,-0.020150371395529387,3.192
2026-07-28T08:02:14.234704+00:00,1,BOTH,707.5,67.5,562.2,17731,8.969642396550625e-05,0.017130755102132,3.181
2026-07-28T08:02:14.284678+00:00,1,BOTH,708.0,68.0,562.1,17753,-9.628782863728701e-05,-0.0183896206646515,3.184
2026-07-28T08:02:14.384748+00:00,1,BOTH,707.5,67.5,562.0,17747,0.005252424579230137,1.0031392020022138,3.176
2026-07-28T08:02:14.434710+00:00,1,BOTH,707.0,67.0,562.0,17895,3.767829446587711e-05,0.007196024173819616,3.162
2026-07-28T08:02:14.451317+00:00,1,BOTH,708.0,68.0,562.0,17544,0.0068952740909298885,1.3169003466539602,3.172
2026-07-28T08:02:14.534703+00:00,1,BOTH,708.0,68.0,562.0,17293,0.008583466334966943,1.639321315287436,3.178
2026-07-28T08:02:14.584734+00:00,1,BOTH,708.0,68.0,562.0,17521,0.012169287046417595,2.324162624809838,3.182
2026-07-28T08:02:14.634591+00:00,1,BOTH,707.5,67.5,561.9,17901,-2.9486618586815894e-05,-0.005631529323788528,3.175
2026-07-28T08:02:14.701288+00:00,1,BOTH,707.5,67.5,561.8,17899,0.007564530482050032,1.4447189020650966,3.17
2026-07-28T08:02:14.751160+00:00,1,BOTH,708.0,68.0,561.9,17203,3.783487540204078e-05,0.007225928929800901,3.177
2026-07-28T08:02:14.801170+00:00,1,BOTH,707.5,67.5,561.8,18194,0.0,0.0,3.172
2026-07-28T08:02:14.867800+00:00,1,RIGHT,322.22,-317.78,561.8,15727,-0.027154952695127577,-5.1862139410273675,-0.828
2026-07-28T08:02:14.917817+00:00,1,RIGHT,319.22,-320.78,561.8,15630,1.598112256033346e-05,0.003052169581961372,-4.828
2026-07-28T08:02:15.018134+00:00,1,BOTH,707.5,67.5,561.9,17545,-0.08451810620812467,-16.141769260546617,-1.631
2026-07-28T08:02:15.102224+00:00,1,BOTH,707.5,67.5,562.0,17446,-1.599720795638859e-05,-0.0030552416663138897,0.287
2026-07-28T08:02:15.168006+00:00,1,BOTH,707.0,67.0,562.0,17807,-5.862597230589017e-05,-0.011196735943261179,1.428
2026-07-28T08:02:15.234676+00:00,1,BOTH,707.5,67.5,562.1,17347,0.00010952723765512927,0.020918161531217516,2.123
2026-07-28T08:02:15.284561+00:00,1,BOTH,708.0,68.0,562.1,17449,-3.3427588641643543e-06,-0.0006384199161552079,2.549
2026-07-28T08:02:15.334613+00:00,1,BOTH,707.5,67.5,562.2,17213,-3.4645713167265055e-05,-0.006616843809017039,2.795
2026-07-28T08:02:15.351322+00:00,1,BOTH,708.0,68.0,562.1,17193,5.555664596613496e-05,0.010610537792540144,2.952
2026-07-28T08:02:15.434482+00:00,1,BOTH,708.0,68.0,562.1,17260,-9.564947686158122e-06,-0.0018267704456009421,3.046
2026-07-28T08:02:15.484447+00:00,1,BOTH,708.5,68.5,562.2,16756,0.012643675333820284,2.4147641138718816,3.112
2026-07-28T08:02:15.534394+00:00,1,BOTH,707.5,67.5,562.3,16987,-0.006617398976304685,-1.2638301089881663,3.133
2026-07-28T08:02:15.601383+00:00,1,BOTH,707.5,67.5,562.3,17315,0.015128883401048369,2.889403892085328,3.145
2026-07-28T08:02:15.684658+00:00,1,BOTH,708.5,68.5,562.3,17030,0.0056658741649152945,1.0821022563395206,3.172
2026-07-28T08:02:15.701272+00:00,1,BOTH,707.5,67.5,562.2,17852,0.009630452529527246,1.83928094914333,3.169
2026-07-28T08:02:15.784498+00:00,1,BOTH,707.5,67.5,562.2,17179,3.397452004719525e-05,0.006488655365622981,3.167
2026-07-28T08:02:15.801310+00:00,1,BOTH,708.0,68.0,562.4,16910,1.7115209775511176e-05,0.0032687642853927983,3.175
2026-07-28T08:02:15.901889+00:00,1,BOTH,707.5,67.5,562.4,17151,0.026799171561724507,5.118264749779445,3.171
2026-07-28T08:02:15.984523+00:00,1,BOTH,707.5,67.5,562.4,17545,5.322944896761328e-05,0.010166075905504127,3.168
2026-07-28T08:02:16.051322+00:00,1,BOTH,707.5,67.5,562.4,17681,-1.3271243224153294e-05,-0.0025346207521185827,3.166
2026-07-28T08:02:16.101249+00:00,1,BOTH,707.5,67.5,562.5,17738,-0.014793236264958978,-2.82530001107341,3.165
2026-07-28T08:02:16.167861+00:00,1,BOTH,707.5,67.5,562.5,17372,-0.005241539738490246,-1.0010603505519877,3.165
2026-07-28T08:02:16.217748+00:00,1,BOTH,707.0,67.0,562.4,18030,9.91271110251546e-06,0.0018931883656886964,3.155
2026-07-28T08:02:16.234691+00:00,1,BOTH,707.5,67.5,562.4,17240,-0.002116507212340366,-0.4042231019203404,3.159
2026-07-28T08:02:16.267820+00:00,1,BOTH,707.5,67.5,562.4,17427,1.0780629236251115e-05,0.0020589485191084434,3.161
2026-07-28T08:02:16.367821+00:00,1,BOTH,708.0,68.0,562.3,17000,-4.761157266329974e-05,-0.009093140565291731,3.172
2026-07-28T08:02:16.417681+00:00,1,BOTH,707.5,67.5,562.2,17698,1.7369820561725646e-05,0.0033173913636214544,3.169
2026-07-28T08:02:16.484584+00:00,1,BOTH,707.5,67.5,562.2,17271,1.5029594069346785e-05,0.0028704410265614102,3.167
2026-07-28T08:02:16.567824+00:00,1,BOTH,708.0,68.0,562.2,17056,2.9049752702121625e-05,0.00554809408576776,3.175
2026-07-28T08:02:16.601219+00:00,1,BOTH,708.0,68.0,562.1,17225,-2.7574016712605946e-06,-0.0005266249272851724,3.18
2026-07-28T08:02:16.684556+00:00,1,BOTH,708.0,68.0,562.1,17075,-3.650595968792913e-05,-0.006972124723976863,3.183
2026-07-28T08:02:16.734560+00:00,1,BOTH,708.0,68.0,562.1,17468,-2.1174784633331e-05,-0.004044085971961122,3.185
2026-07-28T08:02:16.784497+00:00,1,BOTH,708.0,68.0,562.1,17391,-3.7800326244905586e-05,-0.007219330526835632,3.186
2026-07-28T08:02:16.817810+00:00,1,BOTH,707.5,67.5,562.2,17555,-0.03994012500319513,-7.628001986360049,3.177
2026-07-28T08:02:16.901090+00:00,1,BOTH,708.0,68.0,562.1,17178,5.721071916923392e-05,0.010926442504350996,3.181
2026-07-28T08:02:16.934387+00:00,1,BOTH,708.0,68.0,562.1,17137,-3.833482449408621e-05,-0.007321412172952903,3.184
2026-07-28T08:02:17.017814+00:00,1,BOTH,708.0,68.0,562.1,17293,-3.936484607038437e-05,-0.007518131803383893,3.185
2026-07-28T08:02:17.067832+00:00,1,BOTH,707.5,67.5,562.0,18077,-0.0013045573880663141,-0.249152108229367,3.177
2026-07-28T08:02:17.117839+00:00,1,BOTH,708.5,68.5,561.9,17246,7.964348187670111e-05,0.015210784590872115,3.19
2026-07-28T08:02:17.201069+00:00,1,BOTH,708.5,68.5,561.8,17377,2.0859947615008422e-05,0.0039839565306799005,3.199
2026-07-28T08:02:17.251086+00:00,1,BOTH,708.0,68.0,561.8,17702,0.0007751776068471373,0.1480480174846413,3.194
2026-07-28T08:02:17.300969+00:00,1,BOTH,708.0,68.0,561.9,17436,-0.0027921139835962094,-0.5332544905984079,3.192
2026-07-28T08:02:17.417902+00:00,1,BOTH,708.0,68.0,561.9,17387,0.0010793708292476368,0.20614464348475142,3.19
2026-07-28T08:02:17.451091+00:00,1,BOTH,708.0,68.0,561.7,18216,2.1471641957759857e-05,0.004100781544652187,3.189
2026-07-28T08:02:17.534405+00:00,1,BOTH,707.0,67.0,561.6,18502,-0.009940643222507787,-1.8985230076500743,3.17
2026-07-28T08:02:17.651130+00:00,1,BOTH,707.0,67.0,561.5,18356,-2.510246544261463e-05,-0.004794217750782721,3.158
2026-07-28T08:02:17.717688+00:00,1,BOTH,708.0,68.0,561.6,17509,-3.1083735120773784e-05,-0.00593655611307636,3.17
2026-07-28T08:02:17.767653+00:00,1,BOTH,707.5,67.5,561.6,18105,-0.0008229356576339342,-0.1571691333108243,3.168
2026-07-28T08:02:17.884429+00:00,1,BOTH,708.0,68.0,561.6,17649,-2.6910618762485685e-05,-0.00513954959725332,3.176
2026-07-28T08:02:17.984278+00:00,1,BOTH,707.5,67.5,561.6,17968,6.567817035829648e-05,0.01254360655890538,3.171
2026-07-28T08:02:18.034237+00:00,1,BOTH,707.5,67.5,561.6,17314,3.557624586392194e-05,0.006794562463074928,3.168
2026-07-28T08:02:18.084301+00:00,1,BOTH,708.0,68.0,561.5,18058,1.2530833482742307e-05,0.0023932129078078424,3.176
2026-07-28T08:02:18.167732+00:00,1,BOTH,709.0,69.0,561.4,17416,-0.024919925616995898,-4.7593552121126965,3.199
2026-07-28T08:02:18.234304+00:00,1,BOTH,709.0,69.0,561.3,17425,1.3740260037593542e-05,0.0026241963652212526,3.213
2026-07-28T08:02:18.301057+00:00,1,BOTH,709.0,69.0,561.0,18166,4.757243441417814e-06,0.0009085665710317734,3.222
2026-07-28T08:02:18.317683+00:00,1,BOTH,709.5,69.5,560.7,18121,-5.232686598901637e-06,-0.000999369525439096,3.236
2026-07-28T08:02:18.351022+00:00,1,BOTH,710.0,70.0,560.4,17603,6.727853324264289e-06,0.0012849253355446822,3.254
2026-07-28T08:02:18.417653+00:00,1,BOTH,710.0,70.0,560.3,15777,1.1020019883289933e-05,0.0021046687648758776,3.265
2026-07-28T08:02:18.501015+00:00,1,BOTH,705.0,65.0,561.0,13017,-0.0019546536513371394,-0.37331134877151345,3.178
2026-07-28T08:02:18.601055+00:00,1,BOTH,705.5,65.5,561.3,15327,-0.03648748654144583,-6.968596612884131,3.135
2026-07-28T08:02:18.701171+00:00,1,BOTH,708.5,68.5,561.2,17862,3.0470220081042496e-05,0.005819383371595014,3.165
2026-07-28T08:02:18.801077+00:00,1,BOTH,706.5,66.5,561.2,16693,-0.004342906068195589,-0.8294339617645391,3.146
2026-07-28T08:02:18.867611+00:00,1,BOTH,714.5,74.5,559.7,9993,0.03853986688423902,7.36057238487634,3.284
2026-07-28T08:02:18.900967+00:00,1,BOTH,716.5,76.5,558.5,8881,-0.2754088792670518,-52.59922140810037,3.405
2026-07-28T08:02:18.984313+00:00,1,BOTH,716.0,76.0,557.4,9239,-0.05874264012556523,-11.219017855502427,3.468
2026-07-28T08:02:19.067519+00:00,1,BOTH,715.0,75.0,556.7,9695,0.03408307546727883,6.509387923669844,3.487
2026-07-28T08:02:19.134217+00:00,1,BOTH,714.0,74.0,556.4,10083,-0.06156103875720873,-11.757292344097824,3.48
2026-07-28T08:02:19.200873+00:00,1,BOTH,713.5,73.5,556.2,10830,0.047868524270597845,9.142214707416013,3.466
2026-07-28T08:02:19.218530+00:00,1,BOTH,714.0,74.0,556.1,10415,-0.026402047339361162,-5.042419610166664,3.467
2026-07-28T08:02:19.350915+00:00,1,BOTH,713.0,73.0,556.3,11603,0.04441610806621611,8.482851781970519,3.449
2026-07-28T08:02:19.417677+00:00,1,BOTH,712.0,72.0,556.7,12764,0.07993862265255303,15.267152326933887,3.419
2026-07-28T08:02:19.434164+00:00,1,BOTH,711.5,71.5,557.0,13501,0.0,0.0,3.392
2026-07-28T08:02:19.517175+00:00,1,RIGHT,328.98,-311.02,557.0,15500,-0.1118828299175948,-21.368046514194006,-0.608
2026-07-28T08:02:19.534367+00:00,1,BOTH,708.5,68.5,557.9,17365,-0.02527611479978077,-4.827382335051987,0.92
2026-07-28T08:02:19.550877+00:00,1,BOTH,708.5,68.5,558.6,17487,0.1868298471160233,35.68187242274183,1.836
2026-07-28T08:02:19.650781+00:00,1,BOTH,709.0,69.0,559.3,16884,0.002584985762368888,0.49369591428381604,2.395
2026-07-28T08:02:19.734191+00:00,1,BOTH,708.0,68.0,559.8,17519,-0.0017090422101318837,-0.3264030188342244,2.712
2026-07-28T08:02:19.784191+00:00,1,BOTH,707.0,67.0,560.5,17062,-0.013373766138538485,-2.5542011864440917,2.884
2026-07-28T08:02:19.850858+00:00,1,BOTH,707.5,67.5,560.9,17756,0.004580051885568537,0.8747254766467062,2.996
2026-07-28T08:02:19.867539+00:00,1,BOTH,707.5,67.5,561.2,17570,-0.01318323690444231,-2.517812783152188,3.063
2026-07-28T08:02:19.984154+00:00,1,BOTH,708.0,68.0,561.6,17124,0.06988836651435122,13.347694794452512,3.113
2026-07-28T08:02:20.034023+00:00,1,BOTH,708.0,68.0,561.7,17565,0.0353901730698999,6.759025177142695,3.143
2026-07-28T08:02:20.100873+00:00,1,BOTH,707.5,67.5,561.8,17640,-0.02970186413236661,-5.672638194852018,3.151
2026-07-28T08:02:20.200878+00:00,1,BOTH,708.0,68.0,562.1,17144,0.013443191798869521,2.5674605108670154,3.166
2026-07-28T08:02:20.217396+00:00,1,BOTH,707.5,67.5,562.1,17700,-0.04675326837808825,-8.929216521689694,3.165
2026-07-28T08:02:20.300862+00:00,1,BOTH,707.0,67.0,562.1,17879,0.00029528713203035294,0.056395688032871774,3.155
2026-07-28T08:02:20.350824+00:00,1,BOTH,707.5,67.5,562.2,17619,0.10323842335492373,19.71708647273986,3.159
2026-07-28T08:02:20.417473+00:00,1,BOTH,707.5,67.5,562.3,17397,0.003858659863471985,0.7369497491782373,3.161
2026-07-28T08:02:20.500864+00:00,1,BOTH,707.5,67.5,562.5,16756,-0.021059750204440206,-4.0221160143806545,3.162
2026-07-28T08:02:20.550892+00:00,1,BOTH,707.5,67.5,562.7,16817,-0.03585420441115275,-6.8476486351946395,3.163
2026-07-28T08:02:20.634106+00:00,1,BOTH,706.0,66.0,562.6,18423,-0.10818572618998587,-20.661951714147087,3.135
2026-07-28T08:02:20.700796+00:00,1,BOTH,709.5,69.5,562.9,14184,0.060828337714774534,11.617356752843438,3.184
2026-07-28T08:02:20.767406+00:00,1,LEFT,706.95,66.95,562.9,11410,0.006842034773362684,1.3067323859847684,3.166
2026-07-28T08:02:20.818175+00:00,1,LEFT,707.95,67.95,562.9,11519,-0.051857556051108984,-9.90406365863883,3.174
2026-07-28T08:02:20.884114+00:00,1,LEFT,707.95,67.95,562.9,11524,0.005554777485667728,1.0608843535435064,3.178
2026-07-28T08:02:20.950711+00:00,1,LEFT,707.95,67.95,562.9,11562,-0.20483340037520975,-39.120297816043106,3.181
2026-07-28T08:02:20.984204+00:00,1,LEFT,707.95,67.95,562.9,11585,-0.0294564004894346,-5.6257580923056505,3.183
2026-07-28T08:02:21.084109+00:00,1,LEFT,707.95,67.95,562.9,11514,-0.05255068373866379,-10.036441295840671,3.184
2026-07-28T08:02:21.150827+00:00,1,LEFT,707.95,67.95,562.9,11520,-0.055976483235135675,-10.690720804526942,3.184
2026-07-28T08:02:21.217382+00:00,1,LEFT,707.95,67.95,562.9,11474,0.014179668724536895,2.7081172426987172,3.185
2026-07-28T08:02:21.284074+00:00,1,LEFT,707.95,67.95,562.9,11333,-0.0500756321195513,-9.563741256333449,3.185
2026-07-28T08:02:21.350706+00:00,1,BOTH,696.5,56.5,560.7,15482,0.05760941596876364,11.002587984079085,2.97
2026-07-28T08:02:21.417337+00:00,1,BOTH,707.5,67.5,561.0,13898,0.006146661476232111,1.1739258689458405,3.048
2026-07-28T08:02:21.484046+00:00,1,BOTH,707.0,67.0,561.2,15533,-0.021893616053275763,-4.181372660441893,3.085
2026-07-28T08:02:21.567546+00:00,1,BOTH,708.0,68.0,561.6,15427,-0.007668831332121044,-1.4646388970940825,3.126
2026-07-28T08:02:21.634018+00:00,1,BOTH,708.0,68.0,561.9,16143,-0.00699196712957928,-1.3353673567303117,3.151
2026-07-28T08:02:21.684001+00:00,1,BOTH,708.5,68.5,562.2,16142,-0.00566933371592313,-1.0827629819120512,3.175
2026-07-28T08:02:21.717497+00:00,1,BOTH,708.0,68.0,562.2,16851,0.004623620771453716,0.8830465209110657,3.18
2026-07-28T08:02:21.783979+00:00,1,BOTH,707.5,67.5,562.2,17496,0.012503845342434943,2.388058552686113,3.174
2026-07-28T08:02:21.867346+00:00,1,BOTH,707.5,67.5,562.3,17720,2.0311377011239528e-05,0.00387918726281023,3.17
