timestamp,lane_valid,side,lane_center_x,error_px,half_width,pixel_count,speed_mps,motor_rpm,steering_deg
2026-07-29T06:27:02.748569+00:00,1,NONE,0.0,0.0,0.0,0,0.0037839498091489076,0.7226811798452192,0.0
2026-07-29T06:27:04.198377+00:00,1,NONE,0.0,0.0,0.0,0,-7.928787264972925e-05,-0.015142868231334126,0.0
2026-07-29T06:27:04.964760+00:00,1,NONE,0.0,0.0,0.0,0,0.004737009893869981,0.9047022481015464,0.0
2026-07-29T06:27:04.981567+00:00,0,NONE,0.0,0.0,0.0,0,-0.006509578680270352,-1.2432379492927714,0.0
2026-07-29T06:27:05.081526+00:00,0,NONE,0.0,0.0,0.0,0,-2.458116388879716e-05,-0.004694656487824878,0.0
2026-07-29T06:27:05.131542+00:00,0,NONE,0.0,0.0,0.0,0,0.007969886250793933,1.5221361512327851,0.0
2026-07-29T06:27:05.198207+00:00,0,NONE,0.0,0.0,0.0,0,-0.00010252956803014968,-0.0195817050780901,0.0
2026-07-29T06:27:05.247946+00:00,0,NONE,0.0,0.0,0.0,0,-0.00012104988758437685,-0.02311882556372619,0.0
2026-07-29T06:27:05.264767+00:00,0,NONE,0.0,0.0,0.0,0,-8.601805457146839e-05,-0.01642823829623712,0.0
2026-07-29T06:27:05.314642+00:00,0,NONE,0.0,0.0,0.0,0,0.0113395895564463,2.165702076649994,0.0
2026-07-29T06:27:05.331448+00:00,0,NONE,0.0,0.0,0.0,0,-0.00020767148889717644,-0.03966233279668715,0.0
2026-07-29T06:27:05.397926+00:00,0,NONE,0.0,0.0,0.0,0,-4.950253372953739e-05,-0.009454287526354984,0.0
2026-07-29T06:27:05.414712+00:00,0,NONE,0.0,0.0,0.0,0,0.004755408330820501,0.9082160907245543,0.0
2026-07-29T06:27:05.431368+00:00,0,NONE,0.0,0.0,0.0,0,-0.009110403429658617,-1.7399588872698304,0.0
2026-07-29T06:27:05.464739+00:00,0,NONE,0.0,0.0,0.0,0,-0.027905044762301257,-5.3294709733450185,0.0
2026-07-29T06:27:05.481309+00:00,0,NONE,0.0,0.0,0.0,0,-6.537273293361068e-05,-0.012485272307772577,0.0
2026-07-29T06:27:05.547934+00:00,0,NONE,0.0,0.0,0.0,0,0.01947367110522464,3.719197219850777,0.0
2026-07-29T06:27:05.564643+00:00,0,NONE,0.0,0.0,0.0,0,0.004513147610705346,0.8619477013765593,0.0
2026-07-29T06:27:05.614751+00:00,0,NONE,0.0,0.0,0.0,0,0.005792752587003633,1.1063342499959912,0.0
2026-07-29T06:27:05.647983+00:00,0,NONE,0.0,0.0,0.0,0,0.0011385329527547584,0.21744377676471738,0.0
2026-07-29T06:27:05.681357+00:00,0,NONE,0.0,0.0,0.0,0,-0.0033152515115216375,-0.6331663987818555,0.0
2026-07-29T06:27:05.714713+00:00,0,NONE,0.0,0.0,0.0,0,-0.008876747044396324,-1.6953338048304565,0.0
2026-07-29T06:27:05.764676+00:00,0,NONE,0.0,0.0,0.0,0,0.024289631182327867,4.638977842255822,0.0
2026-07-29T06:27:05.781139+00:00,0,NONE,0.0,0.0,0.0,0,-0.0038526975980494173,-0.7358110403614042,0.0
2026-07-29T06:27:05.797898+00:00,0,NONE,0.0,0.0,0.0,0,0.0018729134881868958,0.35770012755411434,0.0
2026-07-29T06:27:05.831264+00:00,0,NONE,0.0,0.0,0.0,0,0.006506247845827602,1.2426018067733504,0.0
2026-07-29T06:27:05.864667+00:00,0,NONE,0.0,0.0,0.0,0,-0.01615209202951519,-3.0848223453270553,0.0
2026-07-29T06:27:05.897871+00:00,0,NONE,0.0,0.0,0.0,0,-0.011137029132805764,-2.1270158854133783,0.0
2026-07-29T06:27:05.931145+00:00,0,NONE,0.0,0.0,0.0,0,0.0052839028657763265,1.0091511118868808,0.0
2026-07-29T06:27:05.947869+00:00,0,NONE,0.0,0.0,0.0,0,0.005444021174625959,1.0397314562864013,0.0
2026-07-29T06:27:05.981255+00:00,0,NONE,0.0,0.0,0.0,0,0.03427687717135996,6.5464013226908175,0.0
2026-07-29T06:27:06.031381+00:00,0,NONE,0.0,0.0,0.0,0,-0.011331460313958814,-2.1641495056994224,0.0
2026-07-29T06:27:06.064577+00:00,0,NONE,0.0,0.0,0.0,0,-0.011015493677696213,-2.1038043232834482,0.0
2026-07-29T06:27:06.097827+00:00,0,NONE,0.0,0.0,0.0,0,-0.032748177661560476,-6.254441222506723,0.0
2026-07-29T06:27:06.164535+00:00,0,NONE,0.0,0.0,0.0,0,-0.028504867643932813,-5.444028705254563,0.0
2026-07-29T06:27:06.197731+00:00,0,NONE,0.0,0.0,0.0,0,-0.013169306720374151,-2.5151523139690357,0.0
2026-07-29T06:27:06.214600+00:00,0,NONE,0.0,0.0,0.0,0,-0.009238018966279925,-1.7643316594321576,0.0
2026-07-29T06:27:06.264480+00:00,0,NONE,0.0,0.0,0.0,0,0.0025402064196532593,0.485143689793898,0.0
2026-07-29T06:27:06.297806+00:00,0,NONE,0.0,0.0,0.0,0,-0.009750779317691922,-1.8622616728906656,0.0
2026-07-29T06:27:06.331109+00:00,0,NONE,0.0,0.0,0.0,0,0.002850105710149364,0.5443300945256496,0.0
2026-07-29T06:27:06.381172+00:00,0,NONE,0.0,0.0,0.0,0,0.0012805220868904144,0.24456170384035078,0.0
2026-07-29T06:27:06.397718+00:00,0,NONE,0.0,0.0,0.0,0,-0.0010886989906430243,-0.20792619107999333,0.0
2026-07-29T06:27:06.414471+00:00,0,NONE,0.0,0.0,0.0,0,0.005768473286007065,1.1016972450738876,0.0
2026-07-29T06:27:06.464330+00:00,0,NONE,0.0,0.0,0.0,0,0.005768473286007065,1.1016972450738876,0.0
2026-07-29T06:27:06.481102+00:00,0,NONE,0.0,0.0,0.0,0,0.005768473286007065,1.1016972450738876,0.0
2026-07-29T06:27:06.514439+00:00,0,NONE,0.0,0.0,0.0,0,0.005768473286007065,1.1016972450738876,0.0
2026-07-29T06:27:06.547823+00:00,0,NONE,0.0,0.0,0.0,0,0.005768473286007065,1.1016972450738876,0.0
2026-07-29T06:27:06.597797+00:00,0,NONE,0.0,0.0,0.0,0,0.005768473286007065,1.1016972450738876,0.0
2026-07-29T06:27:06.614292+00:00,0,NONE,0.0,0.0,0.0,0,0.005768473286007065,1.1016972450738876,0.0
2026-07-29T06:27:06.631049+00:00,0,NONE,0.0,0.0,0.0,0,-0.002485219745431095,-0.4746420085859287,0.0
2026-07-29T06:27:06.731001+00:00,0,NONE,0.0,0.0,0.0,0,-0.0010400456270144786,-0.19863408309655675,0.0
2026-07-29T06:27:06.747944+00:00,0,NONE,0.0,0.0,0.0,0,0.008996242103166878,1.7181556799645248,0.0
2026-07-29T06:27:06.814217+00:00,0,NONE,0.0,0.0,0.0,0,-0.000223836736404337,-0.0427496676531694,0.0
2026-07-29T06:27:06.830964+00:00,0,NONE,0.0,0.0,0.0,0,0.007738038606476039,1.4778565128678995,0.0
2026-07-29T06:27:06.881014+00:00,0,NONE,0.0,0.0,0.0,0,-0.003383456373849185,-0.6461925679606532,0.0
2026-07-29T06:27:06.897692+00:00,0,NONE,0.0,0.0,0.0,0,0.009327428588294424,1.78140763939646,0.0
2026-07-29T06:27:06.947684+00:00,0,NONE,0.0,0.0,0.0,0,0.0031226708146277816,0.5963861949561684,0.0
2026-07-29T06:27:06.997656+00:00,0,NONE,0.0,0.0,0.0,0,0.0031226708146277816,0.5963861949561684,0.0
2026-07-29T06:27:07.014312+00:00,0,NONE,0.0,0.0,0.0,0,-6.68856750417035e-05,-0.012774222965910392,0.0
2026-07-29T06:27:07.064297+00:00,0,NONE,0.0,0.0,0.0,0,-6.68856750417035e-05,-0.012774222965910392,0.0
2026-07-29T06:27:07.114378+00:00,0,NONE,0.0,0.0,0.0,0,-6.68856750417035e-05,-0.012774222965910392,0.0
2026-07-29T06:27:07.164229+00:00,0,NONE,0.0,0.0,0.0,0,-0.007172626116080209,-1.3698706815890256,0.0
2026-07-29T06:27:07.214230+00:00,0,NONE,0.0,0.0,0.0,0,-0.006598241936881095,-1.2601713839650415,0.0
2026-07-29T06:27:07.231000+00:00,0,NONE,0.0,0.0,0.0,0,-0.013785869567655026,-2.6329071438149128,0.0
2026-07-29T06:27:07.247515+00:00,0,NONE,0.0,0.0,0.0,0,-0.00019676913972944022,-0.03758013748305632,0.0
2026-07-29T06:27:07.364212+00:00,0,NONE,0.0,0.0,0.0,0,-0.005840370343066752,-1.1154285715036587,0.0
2026-07-29T06:27:07.414221+00:00,0,NONE,0.0,0.0,0.0,0,0.003244114669505507,0.6195802627304782,0.0
2026-07-29T06:27:07.447458+00:00,0,NONE,0.0,0.0,0.0,0,0.002542703409562819,0.4856205797382464,0.0
2026-07-29T06:27:07.497344+00:00,0,NONE,0.0,0.0,0.0,0,-0.00737338115577586,-1.4082120698908327,0.0
2026-07-29T06:27:07.547363+00:00,0,NONE,0.0,0.0,0.0,0,0.0010770281858276576,0.20569723154852174,0.0
2026-07-29T06:27:07.597498+00:00,0,NONE,0.0,0.0,0.0,0,-0.0009703275753417983,-0.18531891604082484,0.0
2026-07-29T06:27:07.630910+00:00,0,NONE,0.0,0.0,0.0,0,-0.006311284922994673,-1.2053666313071452,0.0
2026-07-29T06:27:07.680820+00:00,0,NONE,0.0,0.0,0.0,0,0.01009967020712793,1.928894924474828,0.0
2026-07-29T06:27:07.730900+00:00,0,NONE,0.0,0.0,0.0,0,-0.0034446116734761743,-0.6578723698389347,0.0
2026-07-29T06:27:07.797515+00:00,0,NONE,0.0,0.0,0.0,0,0.001029717238620833,0.19666150621613074,0.0
2026-07-29T06:27:07.814103+00:00,0,NONE,0.0,0.0,0.0,0,-0.0037668308574939145,-0.7194117009134872,0.0
2026-07-29T06:27:07.897381+00:00,0,NONE,0.0,0.0,0.0,0,-0.007005236833356321,-1.3379016834696893,0.0
2026-07-29T06:27:07.930722+00:00,0,NONE,0.0,0.0,0.0,0,-0.007005236833356321,-1.3379016834696893,0.0
2026-07-29T06:27:07.947374+00:00,0,NONE,0.0,0.0,0.0,0,-0.0010367295483592897,-0.19800075872497094,0.0
2026-07-29T06:27:07.997354+00:00,0,NONE,0.0,0.0,0.0,0,-0.002980586303747259,-0.5692500522640532,0.0
2026-07-29T06:27:08.030779+00:00,0,NONE,0.0,0.0,0.0,0,0.003940855709952302,0.7526479995009954,0.0
2026-07-29T06:27:08.114034+00:00,0,NONE,0.0,0.0,0.0,0,0.0017772634467110038,0.3394323152647147,0.0
2026-07-29T06:27:08.181017+00:00,0,NONE,0.0,0.0,0.0,0,0.017131621260195972,3.2718986480860734,0.0
2026-07-29T06:27:08.230685+00:00,0,NONE,0.0,0.0,0.0,0,-0.006279914027545601,-1.1993752316112187,0.0
2026-07-29T06:27:08.247981+00:00,0,NONE,0.0,0.0,0.0,0,-0.006334302407922223,-1.2097626471116605,0.0
2026-07-29T06:27:08.313991+00:00,0,NONE,0.0,0.0,0.0,0,-0.0032998498517554254,-0.6302248984415209,0.0
2026-07-29T06:27:08.347262+00:00,0,NONE,0.0,0.0,0.0,0,-0.0020521463901968674,-0.3919310903376251,0.0
2026-07-29T06:27:08.397271+00:00,0,NONE,0.0,0.0,0.0,0,-4.7924384671205185e-05,-0.009152883258071716,0.0
2026-07-29T06:27:08.413937+00:00,0,NONE,0.0,0.0,0.0,0,0.01648665877582971,3.148719887091209,0.0
2026-07-29T06:27:08.513930+00:00,0,NONE,0.0,0.0,0.0,0,-0.004630266437307001,-0.8843157495958904,0.0
2026-07-29T06:27:08.547245+00:00,0,NONE,0.0,0.0,0.0,0,-7.670424412935972e-05,-0.014649431531178113,0.0
2026-07-29T06:27:08.597140+00:00,0,NONE,0.0,0.0,0.0,0,0.003764935251674615,0.7190496668699328,0.0
2026-07-29T06:27:08.697137+00:00,0,NONE,0.0,0.0,0.0,0,-0.009772874164918904,-1.8664814778743068,0.0
2026-07-29T06:27:08.747183+00:00,0,NONE,0.0,0.0,0.0,0,0.001679902301984839,0.32083770632680925,0.0
2026-07-29T06:27:08.780490+00:00,0,NONE,0.0,0.0,0.0,0,0.00805869123985758,1.5390966548096263,0.0
2026-07-29T06:27:08.813955+00:00,0,NONE,0.0,0.0,0.0,0,0.001449379646219313,0.2768111221351034,0.0
2026-07-29T06:27:08.913677+00:00,0,NONE,0.0,0.0,0.0,0,-0.0026812999084359036,-0.5120905612073045,0.0
2026-07-29T06:27:08.963969+00:00,0,NONE,0.0,0.0,0.0,0,0.006096377370413393,1.1643223121458346,0.0
2026-07-29T06:27:08.997190+00:00,0,NONE,0.0,0.0,0.0,0,-0.005332235695095733,-1.0183820023266412,0.0
2026-07-29T06:27:09.063743+00:00,0,NONE,0.0,0.0,0.0,0,-1.3665881706401709e-05,-0.002609991150339525,0.0
2026-07-29T06:27:09.080422+00:00,0,NONE,0.0,0.0,0.0,0,0.002293356094742194,0.43799875049777426,0.0
2026-07-29T06:27:09.097096+00:00,0,NONE,0.0,0.0,0.0,0,-0.0011611314525362105,-0.22175977230073243,0.0
2026-07-29T06:27:09.147190+00:00,0,NONE,0.0,0.0,0.0,0,0.0036996904225088654,0.7065888223824345,0.0
2026-07-29T06:27:09.180257+00:00,0,NONE,0.0,0.0,0.0,0,0.0017754723518737592,0.33909024134844207,0.0
2026-07-29T06:27:09.247207+00:00,0,NONE,0.0,0.0,0.0,0,0.0067883333866484465,1.296476176609016,0.0
2026-07-29T06:27:09.330313+00:00,0,NONE,0.0,0.0,0.0,0,-0.0035527220077347012,-0.6785199227548087,0.0
2026-07-29T06:27:09.380446+00:00,0,NONE,0.0,0.0,0.0,0,0.015673305965028705,2.993380942711209,0.0
2026-07-29T06:27:09.447031+00:00,0,NONE,0.0,0.0,0.0,0,-0.010844145948067308,-2.071079317493832,0.0
2026-07-29T06:27:09.513655+00:00,0,NONE,0.0,0.0,0.0,0,0.011045202783061541,2.1094783444519245,0.0
2026-07-29T06:27:09.630491+00:00,0,NONE,0.0,0.0,0.0,0,0.009471308797365054,1.8088867351804834,0.0
2026-07-29T06:27:09.663998+00:00,0,NONE,0.0,0.0,0.0,0,-0.0007288012781646103,-0.13919079114190697,0.0
2026-07-29T06:27:09.730343+00:00,0,NONE,0.0,0.0,0.0,0,0.0012029261222050991,0.22974196622796828,0.0
2026-07-29T06:27:09.763531+00:00,0,NONE,0.0,0.0,0.0,0,-0.0033886999200331046,-0.6471940115140549,0.0
2026-07-29T06:27:09.780261+00:00,0,NONE,0.0,0.0,0.0,0,0.003572872815420851,0.6823684435354626,0.0
2026-07-29T06:27:09.830222+00:00,0,NONE,0.0,0.0,0.0,0,0.003572872815420851,0.6823684435354626,0.0
2026-07-29T06:27:09.863403+00:00,0,NONE,0.0,0.0,0.0,0,0.003572872815420851,0.6823684435354626,0.0
2026-07-29T06:27:09.930294+00:00,0,NONE,0.0,0.0,0.0,0,0.006556271892040968,1.2521556958473279,0.0
2026-07-29T06:27:09.963455+00:00,0,NONE,0.0,0.0,0.0,0,0.008168812973890454,1.5601283567854458,0.0
2026-07-29T06:27:09.996720+00:00,0,NONE,0.0,0.0,0.0,0,0.0008629570144694298,0.1648126494343608,0.0
2026-07-29T06:27:10.013496+00:00,0,NONE,0.0,0.0,0.0,0,-0.0038820415863301603,-0.7414153293032973,0.0
2026-07-29T06:27:10.080229+00:00,0,NONE,0.0,0.0,0.0,0,0.0029316803364781664,0.5599097005389734,0.0
2026-07-29T06:27:10.131568+00:00,0,NONE,0.0,0.0,0.0,0,-0.0027019695774652065,-0.516038177205009,0.0
2026-07-29T06:27:10.180242+00:00,0,NONE,0.0,0.0,0.0,0,-0.00698783895932138,-1.334578934287348,0.0
2026-07-29T06:27:10.196743+00:00,0,NONE,0.0,0.0,0.0,0,-0.008661390906781889,-1.6542038122386375,0.0
2026-07-29T06:27:10.246808+00:00,0,NONE,0.0,0.0,0.0,0,0.0023762794444337487,0.45383594369915276,0.0
2026-07-29T06:27:10.296834+00:00,0,NONE,0.0,0.0,0.0,0,0.009982271851040423,1.906473490056201,0.0
2026-07-29T06:27:10.430020+00:00,0,NONE,0.0,0.0,0.0,0,-0.004357196362689137,-0.8321632069728037,0.0
2026-07-29T06:27:10.463564+00:00,0,NONE,0.0,0.0,0.0,0,-0.004357196362689137,-0.8321632069728037,0.0
2026-07-29T06:27:10.479955+00:00,0,NONE,0.0,0.0,0.0,0,-0.004357196362689137,-0.8321632069728037,0.0
2026-07-29T06:27:10.515550+00:00,0,NONE,0.0,0.0,0.0,0,-0.004357196362689137,-0.8321632069728037,0.0
2026-07-29T06:27:10.579887+00:00,0,NONE,0.0,0.0,0.0,0,-0.004357196362689137,-0.8321632069728037,0.0
2026-07-29T06:27:10.629912+00:00,0,NONE,0.0,0.0,0.0,0,-0.004357196362689137,-0.8321632069728037,0.0
2026-07-29T06:27:10.646680+00:00,0,NONE,0.0,0.0,0.0,0,-0.004829747066833079,-0.9224137434840806,0.0
2026-07-29T06:27:10.679864+00:00,0,NONE,0.0,0.0,0.0,0,-0.006953443111851812,-1.3280098113114083,0.0
2026-07-29T06:27:10.713344+00:00,0,NONE,0.0,0.0,0.0,0,0.005486330660933163,1.0478119729489659,0.0
2026-07-29T06:27:10.796609+00:00,0,NONE,0.0,0.0,0.0,0,-0.0011969716608291492,-0.22860474787424964,0.0
2026-07-29T06:27:10.813391+00:00,0,NONE,0.0,0.0,0.0,0,-0.0011969716608291492,-0.22860474787424964,0.0
2026-07-29T06:27:10.846703+00:00,0,NONE,0.0,0.0,0.0,0,0.0032033978565596043,0.611803924273732,0.0
2026-07-29T06:27:10.929891+00:00,0,NONE,0.0,0.0,0.0,0,-0.003580678072758019,-0.6838591378802401,0.0
2026-07-29T06:27:10.980009+00:00,0,NONE,0.0,0.0,0.0,0,-0.001236813679570332,-0.23621401294475267,0.0
2026-07-29T06:27:11.046618+00:00,0,NONE,0.0,0.0,0.0,0,-0.004115628385334275,-0.7860271217463188,0.0
2026-07-29T06:27:11.096504+00:00,0,NONE,0.0,0.0,0.0,0,0.006736779942293651,1.2866301940060416,0.0
2026-07-29T06:27:11.129869+00:00,0,NONE,0.0,0.0,0.0,0,-0.00020131243843934498,-0.03844784362020556,0.0
2026-07-29T06:27:11.179813+00:00,0,NONE,0.0,0.0,0.0,0,-0.0070591493789106605,-1.3481982212132573,0.0
2026-07-29T06:27:11.229715+00:00,0,NONE,0.0,0.0,0.0,0,-0.003583606700412929,-0.6844184645615455,0.0
2026-07-29T06:27:11.246565+00:00,0,NONE,0.0,0.0,0.0,0,-0.0029221926478203387,-0.5580976854808811,0.0
2026-07-29T06:27:11.263074+00:00,0,NONE,0.0,0.0,0.0,0,-0.0002888846688438207,-0.05517290763595118,0.0
2026-07-29T06:27:11.363083+00:00,0,NONE,0.0,0.0,0.0,0,-0.0017451396664546336,-0.33329712516239574,0.0
2026-07-29T06:27:11.379801+00:00,0,NONE,0.0,0.0,0.0,0,0.0015628126356750727,0.29847522731299336,0.0
2026-07-29T06:27:11.529670+00:00,0,NONE,0.0,0.0,0.0,0,-0.004585435257613426,-0.8757536249724424,0.0
2026-07-29T06:27:11.597362+00:00,0,NONE,0.0,0.0,0.0,0,0.0037139761639991774,0.7093171980311339,0.0
2026-07-29T06:27:11.629607+00:00,0,NONE,0.0,0.0,0.0,0,-8.8211998809129e-05,-0.01684725078058712,0.0
2026-07-29T06:27:11.696373+00:00,0,NONE,0.0,0.0,0.0,0,-0.0029392912914045157,-0.5613632858567871,0.0
2026-07-29T06:27:11.746426+00:00,0,NONE,0.0,0.0,0.0,0,0.0006014852967473417,0.11487522980932194,0.0
2026-07-29T06:27:11.762947+00:00,0,NONE,0.0,0.0,0.0,0,0.002325334750348702,0.4441062238336252,0.0
2026-07-29T06:27:11.829556+00:00,0,NONE,0.0,0.0,0.0,0,-0.0006158204842358827,-0.11761304894806242,0.0
2026-07-29T06:27:11.896364+00:00,0,NONE,0.0,0.0,0.0,0,0.0022810891177505255,0.435655930467752,0.0
2026-07-29T06:27:11.929600+00:00,0,NONE,0.0,0.0,0.0,0,0.004580243718373822,0.874762114013756,0.0
2026-07-29T06:27:11.996186+00:00,0,NONE,0.0,0.0,0.0,0,-0.002987556118168868,-0.570581188765212,0.0
2026-07-29T06:27:12.012876+00:00,0,NONE,0.0,0.0,0.0,0,0.005836266200058162,1.114644737927291,0.0
2026-07-29T06:27:12.079674+00:00,0,NONE,0.0,0.0,0.0,0,-0.0027262165000865933,-0.5206689983129614,0.0
2026-07-29T06:27:12.096148+00:00,0,NONE,0.0,0.0,0.0,0,-0.0027262165000865933,-0.5206689983129614,0.0
2026-07-29T06:27:12.162738+00:00,0,NONE,0.0,0.0,0.0,0,0.0023848109110258518,0.4554653337951006,0.0
2026-07-29T06:27:12.246032+00:00,0,NONE,0.0,0.0,0.0,0,-6.617795181227848e-05,-0.012639057785545646,0.0
2026-07-29T06:27:12.280162+00:00,0,NONE,0.0,0.0,0.0,0,0.01786808335222304,3.4125525469011606,0.0
2026-07-29T06:27:12.329646+00:00,0,NONE,0.0,0.0,0.0,0,-0.007524043817538768,-1.4369865187215716,0.0
2026-07-29T06:27:12.362909+00:00,0,NONE,0.0,0.0,0.0,0,0.0009376133652403951,0.17907096214444268,0.0
2026-07-29T06:27:12.429583+00:00,0,NONE,0.0,0.0,0.0,0,0.008877555248327553,1.6954881604112744,0.0
2026-07-29T06:27:12.496464+00:00,0,NONE,0.0,0.0,0.0,0,0.0036663368670269846,0.7002187625128771,0.0
2026-07-29T06:27:12.546165+00:00,0,NONE,0.0,0.0,0.0,0,0.005613308825413697,1.072063015999141,0.0
2026-07-29T06:27:12.612714+00:00,0,NONE,0.0,0.0,0.0,0,-0.004113520374521613,-0.7856245213372073,0.0
2026-07-29T06:27:12.664464+00:00,0,NONE,0.0,0.0,0.0,0,0.011070798686705529,2.114366801957338,0.0
2026-07-29T06:27:12.729469+00:00,0,NONE,0.0,0.0,0.0,0,-0.0012019868730567397,-0.22956258285426076,0.0
2026-07-29T06:27:12.762731+00:00,0,NONE,0.0,0.0,0.0,0,-0.004286651238799095,-0.8186900807590471,0.0
2026-07-29T06:27:12.796010+00:00,0,NONE,0.0,0.0,0.0,0,-0.0020909689413383605,-0.3993456514387529,0.0
2026-07-29T06:27:12.879701+00:00,0,NONE,0.0,0.0,0.0,0,-0.00040627177571877837,-0.07759219361323853,0.0
2026-07-29T06:27:12.962773+00:00,0,NONE,0.0,0.0,0.0,0,0.006120991046773269,1.1690231780582407,0.0
2026-07-29T06:27:12.995994+00:00,0,NONE,0.0,0.0,0.0,0,0.011536964149272536,2.2033978471568485,0.0
2026-07-29T06:27:13.062691+00:00,0,NONE,0.0,0.0,0.0,0,-0.0023166961944662036,-0.442456381189775,0.0
2026-07-29T06:27:13.079181+00:00,0,NONE,0.0,0.0,0.0,0,0.12498097848147154,23.8696086213456,0.0
2026-07-29T06:27:13.145976+00:00,0,NONE,0.0,0.0,0.0,0,-0.003203829894773662,-0.6118864374945783,0.0
2026-07-29T06:27:13.162634+00:00,0,NONE,0.0,0.0,0.0,0,-0.0016938307788223028,-0.3234978494529172,0.0
2026-07-29T06:27:13.195792+00:00,0,NONE,0.0,0.0,0.0,0,-0.022142906845547258,-4.2289836946706565,0.0
2026-07-29T06:27:13.262593+00:00,0,NONE,0.0,0.0,0.0,0,4.881847329670563e-05,0.009323641607244477,0.0
2026-07-29T06:27:13.345986+00:00,0,NONE,0.0,0.0,0.0,0,-1.1864500556839629e-05,-0.002265952693125086,0.0
2026-07-29T06:27:13.412569+00:00,0,NONE,0.0,0.0,0.0,0,-2.523856528569013e-05,-0.004820210906118117,0.0
2026-07-29T06:27:13.445818+00:00,0,NONE,0.0,0.0,0.0,0,-4.678795408835867e-05,-0.008935841004382723,0.0
2026-07-29T06:27:13.462627+00:00,0,NONE,0.0,0.0,0.0,0,4.744855676108272e-05,0.009062006821323226,0.0
2026-07-29T06:27:13.495903+00:00,0,NONE,0.0,0.0,0.0,0,0.007478865636512637,1.4283581217253205,0.0
2026-07-29T06:27:13.545789+00:00,0,NONE,0.0,0.0,0.0,0,-1.6775155527284368e-05,-0.0032038187079631644,0.0
2026-07-29T06:27:13.579165+00:00,0,NONE,0.0,0.0,0.0,0,0.0028341990523040295,0.5412921466566618,0.0
2026-07-29T06:27:13.629058+00:00,0,NONE,0.0,0.0,0.0,0,0.00038062135165091606,0.0726933234738742,0.0
2026-07-29T06:27:13.645814+00:00,0,NONE,0.0,0.0,0.0,0,4.41656430484727e-05,0.008435016487195964,0.0
2026-07-29T06:27:13.712284+00:00,0,NONE,0.0,0.0,0.0,0,4.41656430484727e-05,0.008435016487195964,0.0
2026-07-29T06:27:13.729117+00:00,0,NONE,0.0,0.0,0.0,0,-0.006223432232509367,-1.1885880033615546,0.0
2026-07-29T06:27:13.795763+00:00,0,NONE,0.0,0.0,0.0,0,-4.678252735175192e-05,-0.008934804574035738,0.0
2026-07-29T06:27:13.845873+00:00,0,NONE,0.0,0.0,0.0,0,-0.038111229544738306,-7.278708683225982,0.0
2026-07-29T06:27:13.862326+00:00,0,NONE,0.0,0.0,0.0,0,2.7089210925623773e-05,0.005173658187926402,0.0
2026-07-29T06:27:13.895765+00:00,0,NONE,0.0,0.0,0.0,0,0.006152994521544315,1.175135391505355,0.0
2026-07-29T06:27:13.945719+00:00,0,NONE,0.0,0.0,0.0,0,-3.992085694335402e-06,-0.0007624322057999044,0.0
2026-07-29T06:27:13.962281+00:00,0,NONE,0.0,0.0,0.0,0,-0.007057293978286907,-1.347843865796434,0.0
2026-07-29T06:27:13.995757+00:00,0,NONE,0.0,0.0,0.0,0,4.501970834098757e-05,0.008598130942828323,0.0
2026-07-29T06:27:14.012233+00:00,0,NONE,0.0,0.0,0.0,0,-3.5541019169613715e-05,-0.006787834660041399,0.0
2026-07-29T06:27:14.128990+00:00,0,NONE,0.0,0.0,0.0,0,0.007956857586978004,1.51964785973496,0.0
2026-07-29T06:27:14.145759+00:00,0,NONE,0.0,0.0,0.0,0,-0.008600293160416186,-1.6425350022235858,0.0
2026-07-29T06:27:14.212218+00:00,0,NONE,0.0,0.0,0.0,0,4.2879187676589934e-05,0.008189321609393244,0.0
2026-07-29T06:27:14.228932+00:00,0,NONE,0.0,0.0,0.0,0,1.3992698513902723e-05,0.0026724085628186834,0.0
2026-07-29T06:27:14.245651+00:00,0,NONE,0.0,0.0,0.0,0,-4.6933419071137905e-05,-0.008963622769650036,0.0
2026-07-29T06:27:14.295666+00:00,0,NONE,0.0,0.0,0.0,0,6.458256437326782e-05,0.012334361229067328,0.0
2026-07-29T06:27:14.345631+00:00,0,NONE,0.0,0.0,0.0,0,5.319103365764023e-05,0.010158739121736985,0.0
2026-07-29T06:27:14.379038+00:00,0,NONE,0.0,0.0,0.0,0,0.008154412261210381,1.5573780232569503,0.0
2026-07-29T06:27:14.428975+00:00,0,NONE,0.0,0.0,0.0,0,-0.02209695308934897,-4.22020717372754,0.0
2026-07-29T06:27:14.445467+00:00,0,NONE,0.0,0.0,0.0,0,4.4923191489942836e-05,0.008579697582105804,0.0
2026-07-29T06:27:14.479000+00:00,0,NONE,0.0,0.0,0.0,0,5.777021578978747e-05,0.011033298487716166,0.0
2026-07-29T06:27:14.528927+00:00,0,NONE,0.0,0.0,0.0,0,-1.989217707887292e-05,-0.003799125973154309,0.0
2026-07-29T06:27:14.545439+00:00,0,NONE,0.0,0.0,0.0,0,-5.106386379338801e-05,-0.009752479603306757,0.0
2026-07-29T06:27:14.612178+00:00,0,NONE,0.0,0.0,0.0,0,-2.356973709538579e-05,-0.004501488199328472,0.0
2026-07-29T06:27:14.628912+00:00,0,NONE,0.0,0.0,0.0,0,-4.0065500652417544e-05,-0.007651946971540572,0.0
2026-07-29T06:27:14.662112+00:00,0,NONE,0.0,0.0,0.0,0,-6.310421711532398e-05,-0.012052017700617595,0.0
2026-07-29T06:27:14.678873+00:00,0,NONE,0.0,0.0,0.0,0,-3.214372554793954e-05,-0.006138999372412583,0.0
2026-07-29T06:27:14.728864+00:00,0,NONE,0.0,0.0,0.0,0,-4.478991846553981e-05,-0.008554244309368344,0.0
2026-07-29T06:27:14.762138+00:00,0,NONE,0.0,0.0,0.0,0,-2.368935394770233e-05,-0.004524333335316397,0.0
2026-07-29T06:27:14.829301+00:00,0,NONE,0.0,0.0,0.0,0,0.0031178100558463483,0.5954578584114776,0.0
2026-07-29T06:27:14.862239+00:00,0,NONE,0.0,0.0,0.0,0,-5.193156539462507e-05,-0.009918198402065512,0.0
2026-07-29T06:27:14.945430+00:00,0,NONE,0.0,0.0,0.0,0,-4.610868345480412e-06,-0.0008806109869549879,0.0
2026-07-29T06:27:14.995391+00:00,0,NONE,0.0,0.0,0.0,0,-7.860088662710042e-06,-0.001501166356573042,0.0
2026-07-29T06:27:15.045496+00:00,0,NONE,0.0,0.0,0.0,0,-4.300876840716228e-05,-0.008214069705953302,0.0
2026-07-29T06:27:15.112004+00:00,0,NONE,0.0,0.0,0.0,0,-3.791742972680368e-05,-0.0072416956444324556,0.0
2026-07-29T06:27:15.178599+00:00,0,NONE,0.0,0.0,0.0,0,7.357996073551475e-06,0.0014052737356277693,0.0
2026-07-29T06:27:15.228681+00:00,0,NONE,0.0,0.0,0.0,0,-1.7178792622871695e-05,-0.0032809077147367394,0.0
2026-07-29T06:27:15.345274+00:00,0,NONE,0.0,0.0,0.0,0,1.2062744572176598e-05,0.002303814511100203,0.0
2026-07-29T06:27:15.395246+00:00,0,NONE,0.0,0.0,0.0,0,2.0897234498988837e-05,0.003991077800957472,0.0
2026-07-29T06:27:15.478675+00:00,0,NONE,0.0,0.0,0.0,0,2.1017410908825695e-05,0.004014029804559761,0.0
2026-07-29T06:27:15.512098+00:00,0,NONE,0.0,0.0,0.0,0,-4.180679563432932e-05,-0.007984509816043418,0.0
2026-07-29T06:27:15.545099+00:00,0,NONE,0.0,0.0,0.0,0,-1.482199877500534e-05,-0.002830793245852941,0.0
2026-07-29T06:27:15.578464+00:00,0,NONE,0.0,0.0,0.0,0,0.00011016366770491003,0.021039710717243313,0.0
2026-07-29T06:27:15.628576+00:00,0,NONE,0.0,0.0,0.0,0,-0.00010057498002424836,-0.01920840626667331,0.0
2026-07-29T06:27:15.645233+00:00,0,NONE,0.0,0.0,0.0,0,-2.5106266111833974e-05,-0.0047949436251347,0.0
2026-07-29T06:27:15.728591+00:00,0,NONE,0.0,0.0,0.0,0,6.500096060335646e-07,0.00012414269022894872,0.0
2026-07-29T06:27:15.761983+00:00,0,NONE,0.0,0.0,0.0,0,3.641361807240173e-05,0.006954488774499731,0.0
2026-07-29T06:27:15.778724+00:00,0,NONE,0.0,0.0,0.0,0,5.0059679160767694e-05,0.009560694465636626,0.0
2026-07-29T06:27:15.828525+00:00,0,NONE,0.0,0.0,0.0,0,-2.1292499732226133e-05,-0.004066567899799977,0.0
2026-07-29T06:27:15.878545+00:00,0,NONE,0.0,0.0,0.0,0,-8.791137370280921e-06,-0.0016789835614561134,0.0
2026-07-29T06:27:15.945155+00:00,0,NONE,0.0,0.0,0.0,0,-1.3563019019784405e-05,-0.0025903458242976973,0.0
2026-07-29T06:27:15.995181+00:00,0,NONE,0.0,0.0,0.0,0,5.414709623437375e-05,0.010341333623727762,0.0
2026-07-29T06:27:16.028308+00:00,0,NONE,0.0,0.0,0.0,0,-1.3668253377545625e-05,-0.0026104441061626563,0.0
2026-07-29T06:27:16.078419+00:00,0,NONE,0.0,0.0,0.0,0,-0.007433392359237132,-1.4196733654969385,0.0
2026-07-29T06:27:16.128457+00:00,0,NONE,0.0,0.0,0.0,0,6.0557505930773915e-05,0.011565631692239325,0.0
2026-07-29T06:27:16.145164+00:00,0,NONE,0.0,0.0,0.0,0,-0.0089720466700237,-1.7135346926225414,0.0
2026-07-29T06:27:16.211554+00:00,0,NONE,0.0,0.0,0.0,0,4.7991325263865296e-05,0.009165667969530144,0.0
2026-07-29T06:27:16.278332+00:00,0,NONE,0.0,0.0,0.0,0,-5.589578649960457e-06,-0.0010675308863305557,0.0
2026-07-29T06:27:16.295147+00:00,0,NONE,0.0,0.0,0.0,0,-5.901182885281741e-07,-0.00011270429115382587,0.0
2026-07-29T06:27:16.328240+00:00,0,NONE,0.0,0.0,0.0,0,6.13040174357593e-05,0.011708204887551399,0.0
2026-07-29T06:27:16.395045+00:00,0,NONE,0.0,0.0,0.0,0,-3.841705620288849e-05,-0.0073371172724746355,0.0
2026-07-29T06:27:16.411713+00:00,0,NONE,0.0,0.0,0.0,0,-3.841705620288849e-05,-0.0073371172724746355,0.0
2026-07-29T06:27:16.461646+00:00,0,NONE,0.0,0.0,0.0,0,-2.3664085019845516e-05,-0.004519507325586343,0.0
2026-07-29T06:27:16.495009+00:00,0,NONE,0.0,0.0,0.0,0,7.653746113646775e-05,0.01461757832588721,0.0
2026-07-29T06:27:16.511616+00:00,0,NONE,0.0,0.0,0.0,0,-2.6962661650031805e-05,-0.005149489056620209,0.0
2026-07-29T06:27:16.578236+00:00,0,NONE,0.0,0.0,0.0,0,-0.007889864803291857,-1.5068531805247962,0.0
2026-07-29T06:27:16.661572+00:00,0,NONE,0.0,0.0,0.0,0,-1.6050473204813896e-05,-0.003065414579412176,0.0
2026-07-29T06:27:16.678252+00:00,0,NONE,0.0,0.0,0.0,0,-0.008772233974887057,-1.6753732788743285,0.0
2026-07-29T06:27:16.711540+00:00,0,NONE,0.0,0.0,0.0,0,0.00039241184073034673,0.07494514101602907,0.0
2026-07-29T06:27:16.728223+00:00,0,NONE,0.0,0.0,0.0,0,-7.214810466393828e-05,-0.013779272990372647,0.0
2026-07-29T06:27:16.778291+00:00,0,NONE,0.0,0.0,0.0,0,2.339948317967355e-05,0.0044689720966088475,0.0
2026-07-29T06:27:16.794793+00:00,0,NONE,0.0,0.0,0.0,0,4.443805664777756e-05,0.008487043652269752,0.0
2026-07-29T06:27:16.844945+00:00,0,NONE,0.0,0.0,0.0,0,-1.2153757852502167e-05,-0.00232119676724119,0.0
2026-07-29T06:27:16.894760+00:00,0,NONE,0.0,0.0,0.0,0,-0.020532793528400362,-3.9214747026362358,0.0
2026-07-29T06:27:16.944683+00:00,0,NONE,0.0,0.0,0.0,0,0.02355350223137066,4.4983875686983525,0.0
2026-07-29T06:27:16.994837+00:00,0,NONE,0.0,0.0,0.0,0,-5.1882234402000904e-05,-0.009908776876476994,0.0
2026-07-29T06:27:17.078161+00:00,0,NONE,0.0,0.0,0.0,0,-1.6855481226230038e-05,-0.0032191597864165825,0.0
2026-07-29T06:27:17.128216+00:00,0,NONE,0.0,0.0,0.0,0,0.014952603558049305,2.855736922028411,0.0
2026-07-29T06:27:17.178192+00:00,0,NONE,0.0,0.0,0.0,0,-0.007026687643956393,-1.3419984865180845,0.0
2026-07-29T06:27:17.244762+00:00,0,NONE,0.0,0.0,0.0,0,-0.0008914410648867488,-0.17025270234219492,0.0
2026-07-29T06:27:17.328625+00:00,0,NONE,0.0,0.0,0.0,0,-6.495713023468852e-05,-0.012405898039097623,0.0
2026-07-29T06:27:17.344800+00:00,0,NONE,0.0,0.0,0.0,0,-0.0047039464041154135,-0.8983875867051773,0.0
2026-07-29T06:27:17.428658+00:00,0,NONE,0.0,0.0,0.0,0,-0.0047039464041154135,-0.8983875867051773,0.0
2026-07-29T06:27:17.544718+00:00,0,NONE,0.0,0.0,0.0,0,-0.0047039464041154135,-0.8983875867051773,0.0
2026-07-29T06:27:17.561426+00:00,0,NONE,0.0,0.0,0.0,0,-0.0047039464041154135,-0.8983875867051773,0.0
2026-07-29T06:27:17.611337+00:00,0,NONE,0.0,0.0,0.0,0,-0.0047039464041154135,-0.8983875867051773,0.0
2026-07-29T06:27:17.627846+00:00,0,NONE,0.0,0.0,0.0,0,-0.0047039464041154135,-0.8983875867051773,0.0
2026-07-29T06:27:17.711385+00:00,0,NONE,0.0,0.0,0.0,0,0.005019944460291299,0.9587387698825643,0.0
2026-07-29T06:27:17.744574+00:00,0,NONE,0.0,0.0,0.0,0,1.413424615748224e-07,2.6994421714091117e-05,0.0
2026-07-29T06:27:17.811308+00:00,0,NONE,0.0,0.0,0.0,0,-2.2954984742682424e-05,-0.004384079148476336,0.0
2026-07-29T06:27:17.827771+00:00,0,NONE,0.0,0.0,0.0,0,-2.227983859484084e-05,-0.004255135732390209,0.0
2026-07-29T06:27:17.877977+00:00,0,NONE,0.0,0.0,0.0,0,0.06335272887721657,12.099479951003614,0.0
2026-07-29T06:27:17.927939+00:00,0,NONE,0.0,0.0,0.0,0,-4.835207713767886e-05,-0.009234566502266657,0.0
2026-07-29T06:27:17.961248+00:00,0,NONE,0.0,0.0,0.0,0,2.729444531723857e-05,0.005212855069427945,0.0
2026-07-29T06:27:18.011217+00:00,0,NONE,0.0,0.0,0.0,0,0.017783585730940105,3.396414689973137,0.0
2026-07-29T06:27:18.027862+00:00,0,NONE,0.0,0.0,0.0,0,-1.63214273925405e-05,-0.0031171630174059418,0.0
2026-07-29T06:27:18.044482+00:00,0,NONE,0.0,0.0,0.0,0,-0.004314195789629593,-0.8239507024629509,0.0
2026-07-29T06:27:18.077846+00:00,0,NONE,0.0,0.0,0.0,0,-3.077063011005523e-06,-0.0005876757460881123,0.0
2026-07-29T06:27:18.127813+00:00,0,NONE,0.0,0.0,0.0,0,-3.077063011005523e-06,-0.0005876757460881123,0.0
2026-07-29T06:27:18.161196+00:00,0,NONE,0.0,0.0,0.0,0,1.1803640518337488e-05,0.0022543292819678313,0.0
2026-07-29T06:27:18.211179+00:00,0,NONE,0.0,0.0,0.0,0,2.7179555618204178e-05,0.0051909127532139485,0.0
2026-07-29T06:27:18.227796+00:00,0,NONE,0.0,0.0,0.0,0,7.420948531944304e-07,0.0001417296769547376,0.0
2026-07-29T06:27:18.244426+00:00,0,NONE,0.0,0.0,0.0,0,-1.834896916989237e-05,-0.0035043949728349954,0.0
2026-07-29T06:27:18.277847+00:00,0,NONE,0.0,0.0,0.0,0,-3.616028989199549e-05,-0.006906106655936377,0.0
2026-07-29T06:27:18.294401+00:00,0,NONE,0.0,0.0,0.0,0,-3.616028989199549e-05,-0.006906106655936377,0.0
2026-07-29T06:27:18.344492+00:00,0,NONE,0.0,0.0,0.0,0,-3.616028989199549e-05,-0.006906106655936377,0.0
2026-07-29T06:27:18.361003+00:00,0,NONE,0.0,0.0,0.0,0,-6.075976125430316e-05,-0.01160425961364692,0.0
2026-07-29T06:27:18.410995+00:00,0,NONE,0.0,0.0,0.0,0,5.291363544529304e-05,0.010105759965697092,0.0
2026-07-29T06:27:18.461101+00:00,0,NONE,0.0,0.0,0.0,0,-6.660982980974949e-05,-0.012721540407277817,0.0
2026-07-29T06:27:18.477875+00:00,0,NONE,0.0,0.0,0.0,0,-2.9204358324932396e-05,-0.005577621584687923,0.0
2026-07-29T06:27:18.544449+00:00,0,NONE,0.0,0.0,0.0,0,-2.0167517359368503e-05,-0.003851712093162126,0.0
2026-07-29T06:27:18.560908+00:00,0,NONE,0.0,0.0,0.0,0,1.882261043647304e-05,0.0035948537914293386,0.0
2026-07-29T06:27:18.627584+00:00,0,NONE,0.0,0.0,0.0,0,1.5050445799715815e-05,0.002874423413713711,0.0
2026-07-29T06:27:18.660853+00:00,0,NONE,0.0,0.0,0.0,0,5.2351970225572586e-05,0.009998489810399525,0.0
2026-07-29T06:27:18.677648+00:00,0,NONE,0.0,0.0,0.0,0,-0.0015128820075187832,-0.28893917977368516,0.0
2026-07-29T06:27:18.710881+00:00,0,NONE,0.0,0.0,0.0,0,7.970203296281397e-06,0.0015221967024606029,0.0
2026-07-29T06:27:18.777593+00:00,0,NONE,0.0,0.0,0.0,0,-0.00039773530210368335,-0.07596184724633943,0.0
2026-07-29T06:27:18.810919+00:00,0,NONE,0.0,0.0,0.0,0,5.767185502918437e-05,0.01101451296620865,0.0
2026-07-29T06:27:18.844311+00:00,0,NONE,0.0,0.0,0.0,0,2.2614703484578056e-05,0.004319090215353729,0.0
2026-07-29T06:27:18.860945+00:00,0,NONE,0.0,0.0,0.0,0,-0.016906266419682653,-3.2288590439052167,0.0
2026-07-29T06:27:18.894318+00:00,0,NONE,0.0,0.0,0.0,0,-0.001950155605445616,-0.37245228528604524,0.0
2026-07-29T06:27:18.910898+00:00,0,NONE,0.0,0.0,0.0,0,0.003327222674852237,0.6354527225642059,0.0
2026-07-29T06:27:18.944258+00:00,0,NONE,0.0,0.0,0.0,0,3.2731329647504025e-05,0.0062512234888446845,0.0
2026-07-29T06:27:18.977527+00:00,0,NONE,0.0,0.0,0.0,0,0.0015933495486387982,0.3043073480869261,0.0
2026-07-29T06:27:19.060933+00:00,0,NONE,0.0,0.0,0.0,0,-7.306964253075422e-05,-0.013955273758472787,0.0
2026-07-29T06:27:19.110869+00:00,0,NONE,0.0,0.0,0.0,0,0.00034581518892082383,0.0660458360556081,0.0
2026-07-29T06:27:19.177507+00:00,0,NONE,0.0,0.0,0.0,0,4.50486188128707e-06,0.0008603652436237106,0.0
2026-07-29T06:27:19.210823+00:00,0,NONE,0.0,0.0,0.0,0,-1.4595191460102795e-05,-0.0027874762394975725,0.0
2026-07-29T06:27:19.260723+00:00,0,NONE,0.0,0.0,0.0,0,1.6761186998337507e-05,0.003201150915447627,0.0
2026-07-29T06:27:19.310795+00:00,0,NONE,0.0,0.0,0.0,0,8.188873223843983e-05,0.015639595823131614,0.0
2026-07-29T06:27:19.327527+00:00,0,NONE,0.0,0.0,0.0,0,-4.714573879027739e-05,-0.009004172849030354,0.0
2026-07-29T06:27:19.377491+00:00,0,NONE,0.0,0.0,0.0,0,-3.875233189319261e-05,-0.007401150212567173,0.0
2026-07-29T06:27:19.410687+00:00,0,NONE,0.0,0.0,0.0,0,-2.809991652611643e-05,-0.005366688738721284,0.0
2026-07-29T06:27:19.477509+00:00,0,NONE,0.0,0.0,0.0,0,-3.1637572101317345e-06,-0.0006042331184821077,0.0
2026-07-29T06:27:19.510679+00:00,0,NONE,0.0,0.0,0.0,0,-3.997838689429045e-06,-0.0007635309469279886,0.0
2026-07-29T06:27:19.560675+00:00,0,NONE,0.0,0.0,0.0,0,-2.9057265419396573e-06,-0.0005549528909076191,0.0
2026-07-29T06:27:19.610651+00:00,0,NONE,0.0,0.0,0.0,0,-1.7495168322056998e-06,-0.0003341331022416134,0.0
2026-07-29T06:27:19.627388+00:00,0,NONE,0.0,0.0,0.0,0,1.9387516658753157e-05,0.0037027429326204377,0.0
2026-07-29T06:27:19.677451+00:00,0,NONE,0.0,0.0,0.0,0,-1.1299134421278722e-05,-0.002157975714967549,0.0
2026-07-29T06:27:19.710619+00:00,0,NONE,0.0,0.0,0.0,0,-9.504913876298815e-05,-0.01815304832490845,0.0
2026-07-29T06:27:19.727385+00:00,0,NONE,0.0,0.0,0.0,0,-9.899027645587921e-05,-0.01890575017918373,0.0
2026-07-29T06:27:19.793929+00:00,0,NONE,0.0,0.0,0.0,0,-8.31816578283906e-06,-0.001588652642156042,0.0
2026-07-29T06:27:19.827328+00:00,0,NONE,0.0,0.0,0.0,0,-8.31816578283906e-06,-0.001588652642156042,0.0
2026-07-29T06:27:19.877348+00:00,0,NONE,0.0,0.0,0.0,0,-8.31816578283906e-06,-0.001588652642156042,0.0
2026-07-29T06:27:19.910703+00:00,0,NONE,0.0,0.0,0.0,0,-3.811649512499571e-05,-0.007279714334977438,0.0
2026-07-29T06:27:19.960677+00:00,0,NONE,0.0,0.0,0.0,0,-0.00010789954103529453,-0.02060729437573671,0.0
2026-07-29T06:27:19.977138+00:00,0,NONE,0.0,0.0,0.0,0,-0.002224711524322629,-0.42488860325934213,0.0
2026-07-29T06:27:19.993892+00:00,0,NONE,0.0,0.0,0.0,0,-2.941786078736186e-05,-0.005618397551397452,0.0
2026-07-29T06:27:20.027136+00:00,0,NONE,0.0,0.0,0.0,0,0.0009527714069554349,0.18196593486429277,0.0
2026-07-29T06:27:20.043876+00:00,0,NONE,0.0,0.0,0.0,0,5.8962026378139855e-05,0.011260917543354816,0.0
2026-07-29T06:27:20.110729+00:00,0,NONE,0.0,0.0,0.0,0,-4.047966194775654e-06,-0.0007731045952409225,0.0
2026-07-29T06:27:20.127098+00:00,0,NONE,0.0,0.0,0.0,0,-2.7121214079670607e-05,-0.0051797703401197034,0.0
2026-07-29T06:27:20.160562+00:00,0,NONE,0.0,0.0,0.0,0,-9.230252617271617e-06,-0.0017628483960308186,0.0
2026-07-29T06:27:20.177091+00:00,0,NONE,0.0,0.0,0.0,0,-2.1644518710672855e-06,-0.0004133798572378323,0.0
2026-07-29T06:27:20.243774+00:00,0,NONE,0.0,0.0,0.0,0,-3.54587311448995e-05,-0.006772118804972756,0.0
2026-07-29T06:27:20.277102+00:00,0,NONE,0.0,0.0,0.0,0,-6.409361609257757e-05,-0.012240978986121566,0.0
2026-07-29T06:27:20.327079+00:00,0,NONE,0.0,0.0,0.0,0,7.313210517168045e-06,0.0013967203244147168,0.0
2026-07-29T06:27:20.343753+00:00,0,NONE,0.0,0.0,0.0,0,7.313210517168045e-06,0.0013967203244147168,0.0
2026-07-29T06:27:20.410544+00:00,0,NONE,0.0,0.0,0.0,0,7.313210517168045e-06,0.0013967203244147168,0.0
2026-07-29T06:27:20.427095+00:00,0,NONE,0.0,0.0,0.0,0,7.313210517168045e-06,0.0013967203244147168,0.0
2026-07-29T06:27:20.477165+00:00,0,NONE,0.0,0.0,0.0,0,7.313210517168045e-06,0.0013967203244147168,0.0
2026-07-29T06:27:20.510472+00:00,0,NONE,0.0,0.0,0.0,0,7.313210517168045e-06,0.0013967203244147168,0.0
2026-07-29T06:27:20.543696+00:00,0,NONE,0.0,0.0,0.0,0,-2.36262843827717e-05,-0.004512287935695559,0.0
2026-07-29T06:27:20.577128+00:00,0,NONE,0.0,0.0,0.0,0,3.769966657273471e-05,0.007200105945560426,0.0
2026-07-29T06:27:20.643756+00:00,0,NONE,0.0,0.0,0.0,0,-6.681074009975419e-06,-0.0012759911446204545,0.0
2026-07-29T06:27:20.677122+00:00,0,NONE,0.0,0.0,0.0,0,-6.681074009975419e-06,-0.0012759911446204545,0.0
2026-07-29T06:27:20.743761+00:00,0,NONE,0.0,0.0,0.0,0,2.2276141826296226e-05,0.0042544297016053985,0.0
2026-07-29T06:27:20.793717+00:00,0,NONE,0.0,0.0,0.0,0,1.8917780835181475e-05,0.003613029998697907,0.0
2026-07-29T06:27:20.810242+00:00,0,NONE,0.0,0.0,0.0,0,2.443982317345217e-05,0.004667662399616118,0.0
2026-07-29T06:27:20.877081+00:00,0,NONE,0.0,0.0,0.0,0,-1.629137204872677e-05,-0.0031114228695648042,0.0
2026-07-29T06:27:20.910173+00:00,0,NONE,0.0,0.0,0.0,0,5.758860701462253e-05,0.010998613766584528,0.0
2026-07-29T06:27:20.993761+00:00,0,NONE,0.0,0.0,0.0,0,2.9666860937140877e-05,0.005665953076998995,0.0
2026-07-29T06:27:21.010262+00:00,0,NONE,0.0,0.0,0.0,0,2.9666860937140877e-05,0.005665953076998995,0.0
2026-07-29T06:27:21.043427+00:00,0,NONE,0.0,0.0,0.0,0,1.4612035156460478e-05,0.00279069314853989,0.0
2026-07-29T06:27:21.110572+00:00,0,NONE,0.0,0.0,0.0,0,0.06716947069624439,12.82842394340821,0.0
2026-07-29T06:27:21.160232+00:00,0,NONE,0.0,0.0,0.0,0,-0.0005178303387947381,-0.09889830972256011,0.0
2026-07-29T06:27:21.176852+00:00,0,NONE,0.0,0.0,0.0,0,-0.05180741612799466,-9.894487638706957,0.0
2026-07-29T06:27:21.226822+00:00,0,NONE,0.0,0.0,0.0,0,0.006166044133133255,1.177627683733126,0.0
2026-07-29T06:27:21.243566+00:00,0,NONE,0.0,0.0,0.0,0,-0.010366855822358047,-1.9799236181391346,0.0
2026-07-29T06:27:21.343548+00:00,0,NONE,0.0,0.0,0.0,0,-0.00648312684497796,-1.2381860208840074,0.0
2026-07-29T06:27:21.393511+00:00,0,NONE,0.0,0.0,0.0,0,0.007502135321265087,1.4328023041483713,0.0
2026-07-29T06:27:21.410137+00:00,0,NONE,0.0,0.0,0.0,0,0.017246083947829904,3.2937594111299013,0.0
2026-07-29T06:27:21.460154+00:00,0,NONE,0.0,0.0,0.0,0,0.009914524336345494,1.8935346678411342,0.0
2026-07-29T06:27:21.493479+00:00,0,NONE,0.0,0.0,0.0,0,0.007936399497557431,1.5157406524659596,0.0
2026-07-29T06:27:21.543320+00:00,0,NONE,0.0,0.0,0.0,0,0.01596492444165051,3.049075969172755,0.0
2026-07-29T06:27:21.576898+00:00,0,NONE,0.0,0.0,0.0,0,0.0034556723618879913,0.6599848057206226,0.0
2026-07-29T06:27:21.626809+00:00,0,NONE,0.0,0.0,0.0,0,-0.005864028165815398,-1.1199468828235453,0.0
2026-07-29T06:27:21.643360+00:00,0,NONE,0.0,0.0,0.0,0,-0.016302635016618296,-3.11357393798139,0.0
2026-07-29T06:27:21.693452+00:00,0,NONE,0.0,0.0,0.0,0,-0.008985212622210383,-1.716049204267768,0.0
2026-07-29T06:27:21.710024+00:00,0,NONE,0.0,0.0,0.0,0,-0.027292589619755746,-5.212500657315215,0.0
2026-07-29T06:27:21.776769+00:00,0,NONE,0.0,0.0,0.0,0,-0.015915422610705717,-3.0396218158683994,0.0
2026-07-29T06:27:21.810012+00:00,0,NONE,0.0,0.0,0.0,0,-0.00398765643403749,-0.7615862793951204,0.0
2026-07-29T06:27:21.876715+00:00,0,NONE,0.0,0.0,0.0,0,0.012716745217330754,2.42871943365409,0.0
2026-07-29T06:27:21.893243+00:00,0,NONE,0.0,0.0,0.0,0,-0.007977620876627043,-1.523613355953952,0.0
2026-07-29T06:27:21.909989+00:00,0,NONE,0.0,0.0,0.0,0,0.011565858971443958,2.2089163516908608,0.0
2026-07-29T06:27:21.976687+00:00,0,NONE,0.0,0.0,0.0,0,-0.005739367459900677,-1.096138441756762,0.0
2026-07-29T06:27:22.026678+00:00,0,NONE,0.0,0.0,0.0,0,0.0003921373444609344,0.07489271609026436,0.0
2026-07-29T06:27:22.059961+00:00,0,NONE,0.0,0.0,0.0,0,-0.015778167392127215,-3.013408000066087,0.0
2026-07-29T06:27:22.109959+00:00,0,NONE,0.0,0.0,0.0,0,0.009529278761474415,1.819958182787121,0.0
2026-07-29T06:27:22.159874+00:00,0,NONE,0.0,0.0,0.0,0,0.0014995686389738694,0.28639651367793256,0.0
2026-07-29T06:27:22.209850+00:00,0,NONE,0.0,0.0,0.0,0,0.033073522867634896,6.316577579816317,0.0
2026-07-29T06:27:22.259880+00:00,0,NONE,0.0,0.0,0.0,0,0.010898473940324038,2.081455199712932,0.0
2026-07-29T06:27:22.326425+00:00,0,NONE,0.0,0.0,0.0,0,0.0032557806046679618,0.6218082922267513,0.0
2026-07-29T06:27:22.343171+00:00,0,NONE,0.0,0.0,0.0,0,0.006408808606211096,1.2239922828100513,0.0
2026-07-29T06:27:22.376553+00:00,0,NONE,0.0,0.0,0.0,0,0.0045568646665196865,0.8702970440128912,0.0
2026-07-29T06:27:22.393143+00:00,0,NONE,0.0,0.0,0.0,0,0.006771313711069525,1.2932256580111692,0.0
2026-07-29T06:27:22.459888+00:00,0,NONE,0.0,0.0,0.0,0,-0.001093606937211007,-0.20886353982806372,0.0
2026-07-29T06:27:22.493104+00:00,0,NONE,0.0,0.0,0.0,0,0.02056295424234122,3.927234974689278,0.0
2026-07-29T06:27:22.543093+00:00,0,NONE,0.0,0.0,0.0,0,0.004997677828650921,0.9544861564926772,0.0
2026-07-29T06:27:22.609862+00:00,0,NONE,0.0,0.0,0.0,0,0.006764420666731894,1.2919091835160263,0.0
2026-07-29T06:27:22.676479+00:00,0,NONE,0.0,0.0,0.0,0,0.010124885244295001,1.9337106418412902,0.0
2026-07-29T06:27:22.693007+00:00,0,NONE,0.0,0.0,0.0,0,-0.0016484590122126973,-0.3148324803336406,0.0
2026-07-29T06:27:22.726329+00:00,0,NONE,0.0,0.0,0.0,0,-0.018010816792957483,-3.4398126260660415,0.0
2026-07-29T06:27:22.793022+00:00,0,NONE,0.0,0.0,0.0,0,0.0005943274719174952,0.11350818596517476,0.0
2026-07-29T06:27:22.826467+00:00,0,NONE,0.0,0.0,0.0,0,-0.006224327468517004,-1.1887589808445735,0.0
2026-07-29T06:27:22.876557+00:00,0,NONE,0.0,0.0,0.0,0,0.00781351193843875,1.492270857492077,0.0
2026-07-29T06:27:22.942932+00:00,0,NONE,0.0,0.0,0.0,0,-0.013753081612521782,-2.626645105654916,0.0
2026-07-29T06:27:22.992999+00:00,0,NONE,0.0,0.0,0.0,0,-0.006320689567364752,-1.2071627860745686,0.0
2026-07-29T06:27:23.042946+00:00,0,NONE,0.0,0.0,0.0,0,-0.008191956994123758,-1.5645485390532248,0.0
2026-07-29T06:27:23.093133+00:00,0,NONE,0.0,0.0,0.0,0,0.005093438177427742,0.9727750359247193,0.0
2026-07-29T06:27:23.159540+00:00,0,NONE,0.0,0.0,0.0,0,-0.003228127905167639,-0.616527015648378,0.0
2026-07-29T06:27:23.192977+00:00,0,NONE,0.0,0.0,0.0,0,0.013064131089631701,2.495065248138473,0.0
2026-07-29T06:27:23.259569+00:00,0,NONE,0.0,0.0,0.0,0,-0.003448924364056438,-0.6586960330675845,0.0
2026-07-29T06:27:23.326334+00:00,0,NONE,0.0,0.0,0.0,0,-0.0020073650078848006,-0.383378476313481,0.0
2026-07-29T06:27:23.376081+00:00,0,NONE,0.0,0.0,0.0,0,0.005113336261129007,0.9765752899796544,0.0
2026-07-29T06:27:23.392950+00:00,0,NONE,0.0,0.0,0.0,0,0.0026341429509921,0.5030842457532779,0.0
2026-07-29T06:27:23.442696+00:00,0,NONE,0.0,0.0,0.0,0,-0.008390903647523373,-1.6025445510133913,0.0
2026-07-29T06:27:23.526271+00:00,0,NONE,0.0,0.0,0.0,0,0.015272538964636624,2.916840083742595,0.0
2026-07-29T06:27:23.609494+00:00,0,NONE,0.0,0.0,0.0,0,-0.03481574768899009,-6.649318010571605,0.0
2026-07-29T06:27:23.676080+00:00,0,NONE,0.0,0.0,0.0,0,-0.048755460367538035,-9.31160702425761,0.0
2026-07-29T06:27:23.709440+00:00,0,NONE,0.0,0.0,0.0,0,0.01495197123324033,2.855616156885625,0.0
2026-07-29T06:27:23.759440+00:00,0,NONE,0.0,0.0,0.0,0,0.006512791812419891,1.2438516123300598,0.0
2026-07-29T06:27:23.776014+00:00,0,NONE,0.0,0.0,0.0,0,0.01056991179822944,2.0187044528802716,0.0
2026-07-29T06:27:23.842796+00:00,0,NONE,0.0,0.0,0.0,0,0.012211554474197328,2.332235108885347,0.0
2026-07-29T06:27:23.892655+00:00,0,NONE,0.0,0.0,0.0,0,0.0024579363875091077,0.4694312710530131,0.0
2026-07-29T06:27:23.959567+00:00,0,NONE,0.0,0.0,0.0,0,0.02518040468916297,4.809103050401553,0.0
2026-07-29T06:27:24.025980+00:00,0,NONE,0.0,0.0,0.0,0,0.004497784553095698,0.8590135735050621,0.0
2026-07-29T06:27:24.092556+00:00,0,NONE,0.0,0.0,0.0,0,0.017442963445500937,3.331360625427255,0.0
2026-07-29T06:27:24.142498+00:00,0,NONE,0.0,0.0,0.0,0,0.005269925472966861,1.0064816264982843,0.0
2026-07-29T06:27:24.192561+00:00,0,NONE,0.0,0.0,0.0,0,-0.027023184614808998,-5.161048091438049,0.0
2026-07-29T06:27:24.276196+00:00,0,NONE,0.0,0.0,0.0,0,0.04300351078622043,8.213065574319144,0.0
2026-07-29T06:27:24.292487+00:00,0,NONE,0.0,0.0,0.0,0,0.04300351078622043,8.213065574319144,0.0
2026-07-29T06:27:24.375967+00:00,0,NONE,0.0,0.0,0.0,0,0.04300351078622043,8.213065574319144,0.0
2026-07-29T06:27:24.442943+00:00,0,NONE,0.0,0.0,0.0,0,0.04300351078622043,8.213065574319144,0.0
2026-07-29T06:27:24.475931+00:00,0,NONE,0.0,0.0,0.0,0,0.04300351078622043,8.213065574319144,0.0
2026-07-29T06:27:24.559176+00:00,0,NONE,0.0,0.0,0.0,0,0.010265926194316535,1.9606474790904551,0.0
2026-07-29T06:27:24.609550+00:00,0,NONE,0.0,0.0,0.0,0,0.02258981509832665,4.31433688371674,0.0
2026-07-29T06:27:24.625824+00:00,0,NONE,0.0,0.0,0.0,0,-0.024242422869428994,-4.6299617186323605,0.0
2026-07-29T06:27:24.692436+00:00,0,NONE,0.0,0.0,0.0,0,4.499685106566176e-05,0.008593765524803865,0.0
2026-07-29T06:27:24.709407+00:00,0,NONE,0.0,0.0,0.0,0,8.899116146494634e-05,0.016996059886362245,0.0
2026-07-29T06:27:24.775788+00:00,0,NONE,0.0,0.0,0.0,0,-7.648897008039057e-06,-0.0014608317216362695,0.0
2026-07-29T06:27:24.792396+00:00,0,NONE,0.0,0.0,0.0,0,0.002875392339192331,0.5491594849332327,0.0
2026-07-29T06:27:24.809146+00:00,0,NONE,0.0,0.0,0.0,0,-0.0028364941384643317,-0.5417304758253425,0.0
2026-07-29T06:27:24.825728+00:00,0,NONE,0.0,0.0,0.0,0,0.011684166379272937,2.2315114022033056,0.0
2026-07-29T06:27:24.875647+00:00,0,NONE,0.0,0.0,0.0,0,6.395474629243835e-05,0.012214456807955555,0.0
2026-07-29T06:27:24.942383+00:00,0,NONE,0.0,0.0,0.0,0,-4.4900332140969114e-05,-0.008575331768043766,0.0
2026-07-29T06:27:24.959062+00:00,0,NONE,0.0,0.0,0.0,0,5.316754686646162e-07,0.00010154253475040854,0.0
2026-07-29T06:27:25.025583+00:00,0,NONE,0.0,0.0,0.0,0,-2.3792372667230658e-06,-0.0004544008461449114,0.0
2026-07-29T06:27:25.042288+00:00,0,NONE,0.0,0.0,0.0,0,9.59317322121933e-05,0.018321611257126284,0.0
2026-07-29T06:27:25.077316+00:00,0,NONE,0.0,0.0,0.0,0,1.5288242138922215e-05,0.002919839169114338,0.0
2026-07-29T06:27:25.142322+00:00,0,NONE,0.0,0.0,0.0,0,-9.50688641751185e-06,-0.0018156815601122536,0.0
2026-07-29T06:27:25.158984+00:00,0,NONE,0.0,0.0,0.0,0,-6.856920663267374e-05,-0.013095753815375522,0.0
2026-07-29T06:27:25.209013+00:00,0,NONE,0.0,0.0,0.0,0,-0.006549442839423136,-1.2508514428704127,0.0
2026-07-29T06:27:25.259060+00:00,0,NONE,0.0,0.0,0.0,0,4.458350711502135e-05,0.008514822645274001,0.0
2026-07-29T06:27:25.325589+00:00,0,NONE,0.0,0.0,0.0,0,-2.770945429801941e-05,-0.005292115946290504,0.0
2026-07-29T06:27:25.342294+00:00,0,NONE,0.0,0.0,0.0,0,2.4617322196718305e-05,0.004701562215952265,0.0
2026-07-29T06:27:25.408889+00:00,0,NONE,0.0,0.0,0.0,0,3.086019401962403e-05,0.005893862907597734,0.0
2026-07-29T06:27:25.442142+00:00,0,NONE,0.0,0.0,0.0,0,3.751887918042485e-05,0.007165578096998656,0.0
2026-07-29T06:27:25.542387+00:00,0,NONE,0.0,0.0,0.0,0,-4.4590079924091696e-05,-0.008516077959338253,0.0
2026-07-29T06:27:25.625369+00:00,0,NONE,0.0,0.0,0.0,0,-0.006077639843570068,-1.1607437081237157,0.0
2026-07-29T06:27:25.642194+00:00,0,NONE,0.0,0.0,0.0,0,3.311508859042078e-05,0.006324516048109791,0.0
2026-07-29T06:27:25.725445+00:00,0,NONE,0.0,0.0,0.0,0,3.7650833255611354e-05,0.007190779468991119,0.0
2026-07-29T06:27:25.742173+00:00,0,NONE,0.0,0.0,0.0,0,2.9796194139635192e-05,0.005690653899178446,0.0
2026-07-29T06:27:25.792135+00:00,0,NONE,0.0,0.0,0.0,0,0.008378764701774344,1.6002261831495326,0.0
2026-07-29T06:27:25.875367+00:00,0,NONE,0.0,0.0,0.0,0,-8.097411948256193e-05,-0.015464917653796173,0.0
2026-07-29T06:27:25.908701+00:00,0,NONE,0.0,0.0,0.0,0,4.5788330608047547e-05,0.008744926982636037,0.0
2026-07-29T06:27:26.008815+00:00,0,NONE,0.0,0.0,0.0,0,7.197317936515901e-06,0.001374586471920559,0.0
2026-07-29T06:27:26.026219+00:00,0,NONE,0.0,0.0,0.0,0,-0.01708467666787328,-3.2629328913825653,0.0
2026-07-29T06:27:26.108684+00:00,0,NONE,0.0,0.0,0.0,0,-5.224555236054584e-05,-0.009978165495296773,0.0
2026-07-29T06:27:26.158705+00:00,0,NONE,0.0,0.0,0.0,0,0.026463389657437802,5.054135129937798,0.0
2026-07-29T06:27:26.175265+00:00,0,NONE,0.0,0.0,0.0,0,0.010044727260246872,1.9184015945738409,0.0
2026-07-29T06:27:26.225246+00:00,0,NONE,0.0,0.0,0.0,0,0.01296272466890514,2.4756980483946065,0.0
2026-07-29T06:27:26.308523+00:00,0,NONE,0.0,0.0,0.0,0,7.804947960039498e-06,0.001490635258098349,0.0
2026-07-29T06:27:26.341928+00:00,0,NONE,0.0,0.0,0.0,0,-1.0081566833832768e-05,-0.0019254374348589526,0.0
2026-07-29T06:27:26.441846+00:00,0,NONE,0.0,0.0,0.0,0,-2.87178810685873e-05,-0.005484711272628996,0.0
2026-07-29T06:27:26.508553+00:00,0,NONE,0.0,0.0,0.0,0,4.7161350958049295e-05,0.009007154553438288,0.0
2026-07-29T06:27:26.558974+00:00,0,NONE,0.0,0.0,0.0,0,-1.504880259744823e-05,-0.0028741095851976474,0.0
2026-07-29T06:27:26.575312+00:00,0,NONE,0.0,0.0,0.0,0,-1.5504826151300222e-05,-0.002961203668511901,0.0
2026-07-29T06:27:26.625035+00:00,0,NONE,0.0,0.0,0.0,0,2.442012439132668e-05,0.0046639002093583235,0.0
2026-07-29T06:27:26.658635+00:00,0,NONE,0.0,0.0,0.0,0,0.032047834573313595,6.120685545281042,0.0
2026-07-29T06:27:26.725200+00:00,0,NONE,0.0,0.0,0.0,0,0.032047834573313595,6.120685545281042,0.0
2026-07-29T06:27:26.741818+00:00,0,NONE,0.0,0.0,0.0,0,0.032047834573313595,6.120685545281042,0.0
2026-07-29T06:27:26.775320+00:00,0,NONE,0.0,0.0,0.0,0,0.032047834573313595,6.120685545281042,0.0
2026-07-29T06:27:26.841749+00:00,0,NONE,0.0,0.0,0.0,0,0.032047834573313595,6.120685545281042,0.0
2026-07-29T06:27:26.908471+00:00,0,NONE,0.0,0.0,0.0,0,0.032047834573313595,6.120685545281042,0.0
2026-07-29T06:27:26.925126+00:00,0,NONE,0.0,0.0,0.0,0,0.032047834573313595,6.120685545281042,0.0
2026-07-29T06:27:26.975154+00:00,0,NONE,0.0,0.0,0.0,0,-8.838542489684187e-06,-0.001688037272353183,0.0
2026-07-29T06:27:27.058459+00:00,0,NONE,0.0,0.0,0.0,0,-0.01095689581357874,-2.092612955608741,0.0
2026-07-29T06:27:27.108448+00:00,0,NONE,0.0,0.0,0.0,0,0.03287909348262474,6.279444302568296,0.0
2026-07-29T06:27:27.158424+00:00,0,NONE,0.0,0.0,0.0,0,0.029432512362254783,5.621195796079399,0.0
2026-07-29T06:27:27.174892+00:00,0,NONE,0.0,0.0,0.0,0,-4.184788660495542e-05,-0.007992357613353323,0.0
2026-07-29T06:27:27.241647+00:00,0,NONE,0.0,0.0,0.0,0,-4.332343814894557e-06,-0.0008274167199768816,0.0
2026-07-29T06:27:27.275253+00:00,0,NONE,0.0,0.0,0.0,0,3.1396798440255226e-05,0.005996346802831835,0.0
2026-07-29T06:27:27.341464+00:00,0,NONE,0.0,0.0,0.0,0,0.013699680367753899,2.616446219168433,0.0
2026-07-29T06:27:27.425013+00:00,0,NONE,0.0,0.0,0.0,0,8.654838980874046e-05,0.016529524865646315,0.0
2026-07-29T06:27:27.524880+00:00,0,NONE,0.0,0.0,0.0,0,0.025699386501219123,4.908221275317784,0.0
2026-07-29T06:27:27.574928+00:00,0,NONE,0.0,0.0,0.0,0,-3.126367548247799e-05,-0.005970922190708722,0.0
2026-07-29T06:27:27.674842+00:00,0,NONE,0.0,0.0,0.0,0,3.120303153991699e-05,0.005959340050836126,0.0
2026-07-29T06:27:27.709788+00:00,0,NONE,0.0,0.0,0.0,0,-5.351434057956794e-05,-0.01022048619544973,0.0
2026-07-29T06:27:27.724786+00:00,0,NONE,0.0,0.0,0.0,0,-0.009425027932738885,-1.8000477411294975,0.0
2026-07-29T06:27:27.774856+00:00,0,NONE,0.0,0.0,0.0,0,0.008661525616189466,1.6542295398403537,0.0
2026-07-29T06:27:27.791452+00:00,0,NONE,0.0,0.0,0.0,0,-0.003079644389799796,-0.5881687531222336,0.0
2026-07-29T06:27:27.841555+00:00,0,NONE,0.0,0.0,0.0,0,-0.024001703563844786,-4.58398771777471,0.0
2026-07-29T06:27:27.874779+00:00,0,NONE,0.0,0.0,0.0,0,-1.0862607496164855e-06,-0.0002074605213458056,0.0
2026-07-29T06:27:27.891503+00:00,0,NONE,0.0,0.0,0.0,0,-3.696748026413843e-05,-0.007060268661227659,0.0
2026-07-29T06:27:27.941485+00:00,0,NONE,0.0,0.0,0.0,0,0.028340838758158498,5.412701495677557,0.0
2026-07-29T06:27:27.974718+00:00,0,NONE,0.0,0.0,0.0,0,-2.9137590954633196e-05,-0.005564869956263484,0.0
2026-07-29T06:27:28.008126+00:00,0,NONE,0.0,0.0,0.0,0,-0.041697489847429096,-7.963633948490955,0.0
2026-07-29T06:27:28.074752+00:00,0,NONE,0.0,0.0,0.0,0,-3.357774170581251e-05,-0.006412876284411541,0.0
2026-07-29T06:27:28.124692+00:00,0,NONE,0.0,0.0,0.0,0,1.3686949387192726e-05,0.0026140147809843722,0.0
2026-07-29T06:27:28.158029+00:00,0,NONE,0.0,0.0,0.0,0,-0.01628020034171641,-3.1092892306926365,0.0
2026-07-29T06:27:28.241643+00:00,0,NONE,0.0,0.0,0.0,0,3.575143811758608e-05,0.0068280217188693955,0.0
2026-07-29T06:27:28.257882+00:00,0,NONE,0.0,0.0,0.0,0,-3.6657736636698246e-05,-0.007001111985949676,0.0
2026-07-29T06:27:28.308028+00:00,0,NONE,0.0,0.0,0.0,0,1.0562044917605818e-06,0.00020172019893547157,0.0
2026-07-29T06:27:28.324547+00:00,0,NONE,0.0,0.0,0.0,0,-7.28034001076594e-05,-0.013904425201237221,0.0
2026-07-29T06:27:28.374606+00:00,0,NONE,0.0,0.0,0.0,0,-3.619864583015442e-06,-0.0006913432100522282,0.0
2026-07-29T06:27:28.391336+00:00,0,NONE,0.0,0.0,0.0,0,-1.5974510461091995e-05,-0.00305090676402718,0.0
2026-07-29T06:27:28.491221+00:00,0,NONE,0.0,0.0,0.0,0,-1.5974510461091995e-05,-0.00305090676402718,0.0
2026-07-29T06:27:28.507902+00:00,0,NONE,0.0,0.0,0.0,0,-4.8642112815286965e-05,-0.009289959236383859,0.0
2026-07-29T06:27:28.541276+00:00,0,NONE,0.0,0.0,0.0,0,-7.040798838715999e-05,-0.013446935261967932,0.0
2026-07-29T06:27:28.591312+00:00,0,NONE,0.0,0.0,0.0,0,3.010965810972266e-05,0.005750521107563202,0.0
2026-07-29T06:27:28.607927+00:00,0,NONE,0.0,0.0,0.0,0,-0.009295756570063532,-1.7753587294854885,0.0
2026-07-29T06:27:28.624579+00:00,0,NONE,0.0,0.0,0.0,0,-0.009295756570063532,-1.7753587294854885,0.0
2026-07-29T06:27:28.707775+00:00,0,NONE,0.0,0.0,0.0,0,-0.009295756570063532,-1.7753587294854885,0.0
2026-07-29T06:27:28.757791+00:00,0,NONE,0.0,0.0,0.0,0,-0.01488847736734897,-2.843489721750476,0.0
2026-07-29T06:27:28.774622+00:00,0,NONE,0.0,0.0,0.0,0,-0.01488847736734897,-2.843489721750476,0.0
2026-07-29T06:27:28.841021+00:00,0,NONE,0.0,0.0,0.0,0,-0.01488847736734897,-2.843489721750476,0.0
2026-07-29T06:27:28.857786+00:00,0,NONE,0.0,0.0,0.0,0,-0.01488847736734897,-2.843489721750476,0.0
2026-07-29T06:27:28.924505+00:00,0,NONE,0.0,0.0,0.0,0,-0.01488847736734897,-2.843489721750476,0.0
2026-07-29T06:27:28.957730+00:00,0,NONE,0.0,0.0,0.0,0,-4.8314225423382596e-05,-0.009227337357344953,0.0
2026-07-29T06:27:29.026273+00:00,0,NONE,0.0,0.0,0.0,0,-0.0029362605849746616,-0.5607844635655411,0.0
2026-07-29T06:27:29.075318+00:00,0,NONE,0.0,0.0,0.0,0,2.8235506906639785e-05,0.005392584593876487,0.0
2026-07-29T06:27:29.091056+00:00,0,NONE,0.0,0.0,0.0,0,0.012433537105098367,2.3746306684714797,0.0
2026-07-29T06:27:29.124377+00:00,0,NONE,0.0,0.0,0.0,0,-0.0016889837189228273,-0.3225721292019604,0.0
2026-07-29T06:27:29.191008+00:00,0,NONE,0.0,0.0,0.0,0,-8.660877356305718e-06,-0.0016541057313224658,0.0
2026-07-29T06:27:29.224405+00:00,0,NONE,0.0,0.0,0.0,0,6.054443976609036e-05,0.011563136238603356,0.0
2026-07-29T06:27:29.307656+00:00,0,NONE,0.0,0.0,0.0,0,8.581178641179576e-05,0.01638884397957988,0.0
2026-07-29T06:27:29.324294+00:00,0,NONE,0.0,0.0,0.0,0,-1.4405976980924607e-05,-0.002751338935898652,0.0
2026-07-29T06:27:29.341022+00:00,0,NONE,0.0,0.0,0.0,0,2.6722556794993578e-05,0.005103632407172573,0.0
2026-07-29T06:27:29.424294+00:00,0,NONE,0.0,0.0,0.0,0,5.106222670292482e-05,0.00975216694205935,0.0
2026-07-29T06:27:29.474329+00:00,0,NONE,0.0,0.0,0.0,0,-0.01972809715429321,-3.767789015883502,0.0
2026-07-29T06:27:29.490925+00:00,0,NONE,0.0,0.0,0.0,0,0.013996494015445933,2.6731334502172213,0.0
2026-07-29T06:27:29.524119+00:00,0,NONE,0.0,0.0,0.0,0,-2.146006445400417e-05,-0.004098570404310528,0.0
2026-07-29T06:27:29.590914+00:00,0,NONE,0.0,0.0,0.0,0,-4.774238623213023e-05,-0.009118124116615169,0.0
2026-07-29T06:27:29.640845+00:00,0,NONE,0.0,0.0,0.0,0,4.195046494714918e-07,8.011948633610493e-05,0.0
2026-07-29T06:27:29.675005+00:00,0,NONE,0.0,0.0,0.0,0,-0.034878302989527585,-6.661265192928176,0.0
2026-07-29T06:27:29.724539+00:00,0,NONE,0.0,0.0,0.0,0,0.004239684016938554,0.8097200021321685,0.0
2026-07-29T06:27:29.740751+00:00,0,NONE,0.0,0.0,0.0,0,0.00019289608936560396,0.036840439350758224,0.0
2026-07-29T06:27:29.790852+00:00,0,NONE,0.0,0.0,0.0,0,0.0011556999548338353,0.22072243265146207,0.0
2026-07-29T06:27:29.807527+00:00,0,NONE,0.0,0.0,0.0,0,5.20770968432771e-05,0.009945992861379467,0.0
2026-07-29T06:27:29.840771+00:00,0,NONE,0.0,0.0,0.0,0,-1.772443727531936e-05,-0.0033851181670671855,0.0
2026-07-29T06:27:29.874136+00:00,0,NONE,0.0,0.0,0.0,0,-0.02964009898714721,-5.660841921045071,0.0
2026-07-29T06:27:29.924112+00:00,0,NONE,0.0,0.0,0.0,0,-0.010481192448642105,-2.0017603052386046,0.0
2026-07-29T06:27:29.957469+00:00,0,NONE,0.0,0.0,0.0,0,1.9028563401661812e-05,0.0036341879103744096,0.0
2026-07-29T06:27:30.007461+00:00,0,NONE,0.0,0.0,0.0,0,1.9834549748338757e-05,0.003788119963740266,0.0
2026-07-29T06:27:30.024112+00:00,0,NONE,0.0,0.0,0.0,0,-0.022466232320293784,-4.290734311710788,0.0
2026-07-29T06:27:30.057614+00:00,0,NONE,0.0,0.0,0.0,0,0.009780953489243984,1.8680245151581218,0.0
2026-07-29T06:27:30.107473+00:00,0,NONE,0.0,0.0,0.0,0,-0.015236430827062577,-2.9099439374456932,0.0
2026-07-29T06:27:30.123994+00:00,0,NONE,0.0,0.0,0.0,0,3.0346858111442994e-05,0.005795822970893439,0.0
2026-07-29T06:27:30.157452+00:00,0,NONE,0.0,0.0,0.0,0,-6.157730240374804e-05,-0.011760398471785137,0.0
2026-07-29T06:27:30.224101+00:00,0,NONE,0.0,0.0,0.0,0,-2.932181836513337e-05,-0.005600054799904432,0.0
2026-07-29T06:27:30.274036+00:00,0,NONE,0.0,0.0,0.0,0,0.013234922144329175,2.5276839368476502,0.0
2026-07-29T06:27:30.324032+00:00,0,NONE,0.0,0.0,0.0,0,-0.007594581563898828,-1.4504582359308906,0.0
2026-07-29T06:27:30.341584+00:00,0,NONE,0.0,0.0,0.0,0,5.256686126813293e-05,0.010039530976379104,0.0
2026-07-29T06:27:30.373800+00:00,0,NONE,0.0,0.0,0.0,0,-2.991763962199911e-05,-0.005713848277779722,0.0
2026-07-29T06:27:30.424032+00:00,0,NONE,0.0,0.0,0.0,0,-0.0016733496706001461,-0.3195862459166497,0.0
2026-07-29T06:27:30.457223+00:00,0,NONE,0.0,0.0,0.0,0,1.3497329264282599e-05,0.002577800005139365,0.0
2026-07-29T06:27:30.490651+00:00,0,NONE,0.0,0.0,0.0,0,-0.0004969947280187625,-0.09491900118575777,0.0
2026-07-29T06:27:30.507163+00:00,0,NONE,0.0,0.0,0.0,0,5.916750960750505e-05,0.011300161949365964,0.0
2026-07-29T06:27:30.540619+00:00,0,NONE,0.0,0.0,0.0,0,0.012652395751792937,2.4164295910232916,0.0
2026-07-29T06:27:30.573891+00:00,0,NONE,0.0,0.0,0.0,0,3.649794602097245e-05,0.006970594226326726,0.0
2026-07-29T06:27:30.623880+00:00,0,NONE,0.0,0.0,0.0,0,-2.2553247108589856e-05,-0.004307352912126086,0.0
2026-07-29T06:27:30.673706+00:00,0,NONE,0.0,0.0,0.0,0,-1.254229573532939e-05,-0.0023954020367976847,0.0
2026-07-29T06:27:30.723838+00:00,0,NONE,0.0,0.0,0.0,0,0.025749122819397598,4.917720212384938,0.0
2026-07-29T06:27:30.757312+00:00,0,NONE,0.0,0.0,0.0,0,-2.0670995800173843e-05,-0.003947869392275371,0.0
2026-07-29T06:27:30.807176+00:00,0,NONE,0.0,0.0,0.0,0,0.03046131885610521,5.817683362857004,0.0
2026-07-29T06:27:30.823837+00:00,0,NONE,0.0,0.0,0.0,0,0.024522546968073586,4.683461480606499,0.0
2026-07-29T06:27:30.890514+00:00,0,NONE,0.0,0.0,0.0,0,-4.280769440811127e-05,-0.008175667400901835,0.0
2026-07-29T06:27:30.923770+00:00,0,NONE,0.0,0.0,0.0,0,-1.0070507414638996e-05,-0.0019233252413800553,0.0
2026-07-29T06:27:30.990450+00:00,0,NONE,0.0,0.0,0.0,0,0.008928974912851117,1.7053085929485368,0.0
2026-07-29T06:27:31.040447+00:00,0,NONE,0.0,0.0,0.0,0,2.737739123404026e-05,0.005228696572629878,0.0
2026-07-29T06:27:31.123829+00:00,0,NONE,0.0,0.0,0.0,0,-2.271249279147014e-05,-0.004337766597241816,0.0
2026-07-29T06:27:31.157079+00:00,0,NONE,0.0,0.0,0.0,0,-2.2839864977868275e-05,-0.004362092892935039,0.0
2026-07-29T06:27:31.207060+00:00,0,NONE,0.0,0.0,0.0,0,7.829190348275005e-05,0.014952652132023899,0.0
2026-07-29T06:27:31.273842+00:00,0,NONE,0.0,0.0,0.0,0,8.176135655958205e-05,0.015615268860427734,0.0
2026-07-29T06:27:31.306960+00:00,0,NONE,0.0,0.0,0.0,0,-4.409702996781562e-05,-0.008421912354059159,0.0
2026-07-29T06:27:31.323732+00:00,0,NONE,0.0,0.0,0.0,0,-0.008690964290872216,-1.6598519125529545,0.0
2026-07-29T06:27:31.373721+00:00,0,NONE,0.0,0.0,0.0,0,5.916883761528879e-05,0.01130041558016986,0.0
2026-07-29T06:27:31.406998+00:00,0,NONE,0.0,0.0,0.0,0,-0.013217614938039333,-2.524378503929083,0.0
2026-07-29T06:27:31.456981+00:00,0,NONE,0.0,0.0,0.0,0,0.01956710798665881,3.737042349707585,0.0
2026-07-29T06:27:31.490239+00:00,0,NONE,0.0,0.0,0.0,0,-0.011098264642059803,-2.119612413030987,0.0
2026-07-29T06:27:31.540280+00:00,0,NONE,0.0,0.0,0.0,0,-2.52059540071059e-05,-0.004813982610693445,0.0
2026-07-29T06:27:31.556883+00:00,0,NONE,0.0,0.0,0.0,0,-4.545949632301927e-06,-0.0008682124260331629,0.0
2026-07-29T06:27:31.623579+00:00,0,NONE,0.0,0.0,0.0,0,4.675458505516871e-05,0.008929467988488668,0.0
2026-07-29T06:27:31.673581+00:00,0,NONE,0.0,0.0,0.0,0,6.624087196541951e-05,0.012651074649616642,0.0
2026-07-29T06:27:31.706835+00:00,0,NONE,0.0,0.0,0.0,0,2.8214840494911182e-06,0.0005388637599977392,0.0
2026-07-29T06:27:31.773659+00:00,0,NONE,0.0,0.0,0.0,0,-0.006397518955054693,-1.2218361182652617,0.0
2026-07-29T06:27:31.823661+00:00,0,NONE,0.0,0.0,0.0,0,2.19673577521462e-05,0.004195456287506562,0.0
2026-07-29T06:27:31.856874+00:00,0,NONE,0.0,0.0,0.0,0,-1.1253938282607123e-05,-0.0021493438883136468,0.0
2026-07-29T06:27:31.923379+00:00,0,NONE,0.0,0.0,0.0,0,2.909834656747989e-06,0.0005557374830418612,0.0
2026-07-29T06:27:31.956843+00:00,0,NONE,0.0,0.0,0.0,0,4.1086990968324244e-05,0.007847037251257035,0.0
2026-07-29T06:27:31.973447+00:00,0,NONE,0.0,0.0,0.0,0,-4.372477188553602e-05,-0.008350816297378308,0.0
2026-07-29T06:27:32.023273+00:00,0,NONE,0.0,0.0,0.0,0,-8.141029538819567e-06,-0.0015548221115523207,0.0
2026-07-29T06:27:32.040061+00:00,0,NONE,0.0,0.0,0.0,0,3.4365803003311157e-06,0.0006563384905559129,0.0
2026-07-29T06:27:32.106794+00:00,0,NONE,0.0,0.0,0.0,0,-2.1398405951913446e-05,-0.0040867944978408705,0.0
2026-07-29T06:27:32.123355+00:00,0,NONE,0.0,0.0,0.0,0,-5.611853557638824e-05,-0.01071785080327269,0.0
2026-07-29T06:27:32.173474+00:00,0,NONE,0.0,0.0,0.0,0,3.6061907303519546e-05,0.00688731696561223,0.0
2026-07-29T06:27:32.206807+00:00,0,NONE,0.0,0.0,0.0,0,1.7204915347974744e-05,0.0032858967877293565,0.0
2026-07-29T06:27:32.223226+00:00,0,NONE,0.0,0.0,0.0,0,3.0982638127170506e-05,0.00591724800955993,0.0
2026-07-29T06:27:32.273244+00:00,0,NONE,0.0,0.0,0.0,0,-2.129977223376045e-05,-0.004067956845281372,0.0
2026-07-29T06:27:32.290009+00:00,0,NONE,0.0,0.0,0.0,0,-1.8020270217675716e-05,-0.0034416180971937062,0.0
2026-07-29T06:27:32.406764+00:00,0,NONE,0.0,0.0,0.0,0,-1.4467000728473067e-05,-0.0027629936131806474,0.0
2026-07-29T06:27:32.423369+00:00,0,NONE,0.0,0.0,0.0,0,-4.302052730054129e-05,-0.008216315489161175,0.0
2026-07-29T06:27:32.506663+00:00,0,NONE,0.0,0.0,0.0,0,2.475208792020567e-05,0.0047273005732151084,0.0
2026-07-29T06:27:32.573192+00:00,0,NONE,0.0,0.0,0.0,0,-2.506024684407748e-05,-0.004786154592405602,0.0
2026-07-29T06:27:32.623214+00:00,0,NONE,0.0,0.0,0.0,0,1.615776331163943e-05,0.0030859054804275453,0.0
2026-07-29T06:27:32.690105+00:00,0,NONE,0.0,0.0,0.0,0,4.590576281771064e-05,0.008767354882611338,0.0
2026-07-29T06:27:32.740019+00:00,0,NONE,0.0,0.0,0.0,0,0.01215557741234079,2.3215442775722726,0.0
2026-07-29T06:27:32.756416+00:00,0,NONE,0.0,0.0,0.0,0,-0.03156402521301061,-6.028284763833424,0.0
2026-07-29T06:27:32.823244+00:00,0,NONE,0.0,0.0,0.0,0,-4.396595555590465e-05,-0.008396878985376964,0.0
2026-07-29T06:27:32.839843+00:00,0,NONE,0.0,0.0,0.0,0,2.3119262186810376e-05,0.0044154538292020965,0.0
2026-07-29T06:27:32.889823+00:00,0,NONE,0.0,0.0,0.0,0,-3.2408382176072336e-05,-0.006189545065119826,0.0
2026-07-29T06:27:32.939888+00:00,0,NONE,0.0,0.0,0.0,0,0.016761094871908425,3.201133320595733,0.0
2026-07-29T06:27:33.023033+00:00,0,NONE,0.0,0.0,0.0,0,0.019787857928313314,3.779202482989459,0.0
2026-07-29T06:27:33.073231+00:00,0,NONE,0.0,0.0,0.0,0,1.3201497058616952e-05,0.002521300215710406,0.0
2026-07-29T06:27:33.090055+00:00,0,NONE,0.0,0.0,0.0,0,-0.005507182675646618,-1.0517944144070512,0.0
2026-07-29T06:27:33.172992+00:00,0,NONE,0.0,0.0,0.0,0,0.014530077717208769,2.7750404306438137,0.0
2026-07-29T06:27:33.189801+00:00,0,NONE,0.0,0.0,0.0,0,0.019334960558917372,3.6927054569262423,0.0
2026-07-29T06:27:33.223070+00:00,0,NONE,0.0,0.0,0.0,0,-0.013037006938830017,-2.4898849169257633,0.0
2026-07-29T06:27:33.239727+00:00,0,NONE,0.0,0.0,0.0,0,0.021281239851377906,4.064417420965231,0.0
2026-07-29T06:27:33.272991+00:00,0,NONE,0.0,0.0,0.0,0,1.477803525631316e-05,0.0028223968322742526,0.0
2026-07-29T06:27:33.322995+00:00,0,NONE,0.0,0.0,0.0,0,0.028808245605323465,5.50196962787112,0.0
2026-07-29T06:27:33.389717+00:00,0,NONE,0.0,0.0,0.0,0,3.430119206313975e-05,0.006551045124951815,0.0
2026-07-29T06:27:33.423047+00:00,0,NONE,0.0,0.0,0.0,0,-4.62488967605168e-05,-0.008832888638379593,0.0
2026-07-29T06:27:33.456234+00:00,0,NONE,0.0,0.0,0.0,0,-4.357192665338516e-05,-0.008321625008308504,0.0
2026-07-29T06:27:33.506251+00:00,0,NONE,0.0,0.0,0.0,0,5.0926174008054656e-05,0.009726182791367877,0.0
2026-07-29T06:27:33.523003+00:00,0,NONE,0.0,0.0,0.0,0,3.4522981150075776e-06,0.0006593403720363463,0.0
2026-07-29T06:27:33.573100+00:00,0,NONE,0.0,0.0,0.0,0,-0.001639135199802695,-0.3130517633334245,0.0
2026-07-29T06:27:33.656031+00:00,0,NONE,0.0,0.0,0.0,0,1.3785612245555968e-05,0.002632857998914075,0.0
2026-07-29T06:27:33.672984+00:00,0,NONE,0.0,0.0,0.0,0,5.8629767518141304e-05,0.011197460775409,0.0
2026-07-29T06:27:33.722931+00:00,0,NONE,0.0,0.0,0.0,0,-5.41914657515008e-05,-0.010349807577295806,0.0
2026-07-29T06:27:33.756158+00:00,0,NONE,0.0,0.0,0.0,0,3.313481574878097e-05,0.0063282836578292066,0.0
2026-07-29T06:27:33.822910+00:00,0,NONE,0.0,0.0,0.0,0,6.927468348294497e-05,0.013230489968924602,0.0
2026-07-29T06:27:33.839507+00:00,0,NONE,0.0,0.0,0.0,0,-2.70702617126517e-05,-0.005170039154831754,0.0
2026-07-29T06:27:33.889481+00:00,0,NONE,0.0,0.0,0.0,0,-3.77264223061502e-05,-0.007205215914235375,0.0
2026-07-29T06:27:33.906150+00:00,0,NONE,0.0,0.0,0.0,0,-3.2387834712608305e-05,-0.0061856207886658654,0.0
2026-07-29T06:27:33.972821+00:00,0,NONE,0.0,0.0,0.0,0,6.50747942563612e-05,0.012428370211905557,0.0
2026-07-29T06:27:33.989460+00:00,0,NONE,0.0,0.0,0.0,0,-6.119296769611537e-05,-0.011686995949559319,0.0
2026-07-29T06:27:34.039958+00:00,0,NONE,0.0,0.0,0.0,0,1.5909131616354018e-06,0.00030384203244507557,0.0
2026-07-29T06:27:34.089377+00:00,0,NONE,0.0,0.0,0.0,0,-2.9399115010164675e-05,-0.005614817371673814,0.0
2026-07-29T06:27:34.122788+00:00,0,NONE,0.0,0.0,0.0,0,0.009104050615569577,1.738745589152053,0.0
2026-07-29T06:27:34.139417+00:00,0,NONE,0.0,0.0,0.0,0,5.876124836504459e-05,0.01122257176745688,0.0
2026-07-29T06:27:34.172787+00:00,0,NONE,0.0,0.0,0.0,0,6.80811345227994e-05,0.01300253890872937,0.0
2026-07-29T06:27:34.240271+00:00,0,NONE,0.0,0.0,0.0,0,1.5673336893087253e-05,0.0029933868495352865,0.0
2026-07-29T06:27:34.272650+00:00,0,NONE,0.0,0.0,0.0,0,-8.493226021528243e-05,-0.01622086684947519,0.0
2026-07-29T06:27:34.306081+00:00,0,NONE,0.0,0.0,0.0,0,-3.8800820766482504e-05,-0.007410410905210025,0.0
2026-07-29T06:27:34.339378+00:00,0,NONE,0.0,0.0,0.0,0,-2.1002421271987258e-05,-0.004011166994802174,0.0
2026-07-29T06:27:34.372541+00:00,0,NONE,0.0,0.0,0.0,0,-0.004758818230475299,-0.9088673335871644,0.0
2026-07-29T06:27:34.406004+00:00,0,NONE,0.0,0.0,0.0,0,9.966607613023371e-06,0.0019034818409639827,0.0
2026-07-29T06:27:34.456134+00:00,0,NONE,0.0,0.0,0.0,0,3.0059805430937555e-06,0.0005740999947257176,0.0
2026-07-29T06:27:34.489275+00:00,0,NONE,0.0,0.0,0.0,0,-0.00012159434147179126,-0.02322280859668731,0.0
2026-07-29T06:27:34.506045+00:00,0,NONE,0.0,0.0,0.0,0,3.917389502021251e-05,0.007481662839155766,0.0
2026-07-29T06:27:34.522477+00:00,0,NONE,0.0,0.0,0.0,0,3.917389502021251e-05,0.007481662839155766,0.0
2026-07-29T06:27:34.555969+00:00,0,NONE,0.0,0.0,0.0,0,-1.3814053527312354e-05,-0.002638289883609352,0.0
2026-07-29T06:27:34.605982+00:00,0,NONE,0.0,0.0,0.0,0,-1.3814053527312354e-05,-0.002638289883609352,0.0
2026-07-29T06:27:34.672610+00:00,0,NONE,0.0,0.0,0.0,0,-1.3814053527312354e-05,-0.002638289883609352,0.0
2026-07-29T06:27:34.723015+00:00,0,NONE,0.0,0.0,0.0,0,-1.3814053527312354e-05,-0.002638289883609352,0.0
2026-07-29T06:27:34.739163+00:00,0,NONE,0.0,0.0,0.0,0,-1.3814053527312354e-05,-0.002638289883609352,0.0
2026-07-29T06:27:34.755929+00:00,0,NONE,0.0,0.0,0.0,0,-1.3814053527312354e-05,-0.002638289883609352,0.0
2026-07-29T06:27:34.805906+00:00,0,NONE,0.0,0.0,0.0,0,-1.3814053527312354e-05,-0.002638289883609352,0.0
2026-07-29T06:27:34.855954+00:00,0,NONE,0.0,0.0,0.0,0,-2.444803831167519e-05,-0.00466923137544377,0.0
2026-07-29T06:27:34.872454+00:00,0,NONE,0.0,0.0,0.0,0,5.236471115495078e-05,0.010000923148667674,0.0
2026-07-29T06:27:34.922543+00:00,0,NONE,0.0,0.0,0.0,0,-1.0114163596881554e-05,-0.0019316629580205637,0.0
2026-07-29T06:27:34.939142+00:00,0,NONE,0.0,0.0,0.0,0,-9.529612812912091e-05,-0.018200219819121843,0.0
2026-07-29T06:27:34.989290+00:00,0,NONE,0.0,0.0,0.0,0,-2.333045384148136e-05,-0.004455788464138868,0.0
2026-07-29T06:27:35.039217+00:00,0,NONE,0.0,0.0,0.0,0,-1.0134709300473335e-05,-0.0019355868983636831,0.0
2026-07-29T06:27:35.122550+00:00,0,NONE,0.0,0.0,0.0,0,-0.022383405519649388,-4.274915558019137,0.0
2026-07-29T06:27:35.189212+00:00,0,NONE,0.0,0.0,0.0,0,0.013726252638734877,2.6215211490993933,0.0
2026-07-29T06:27:35.255950+00:00,0,NONE,0.0,0.0,0.0,0,-0.0076751053179032165,-1.4658371401142276,0.0
2026-07-29T06:27:35.289227+00:00,0,NONE,0.0,0.0,0.0,0,0.010655215868027881,2.034996330129405,0.0
2026-07-29T06:27:35.305727+00:00,0,NONE,0.0,0.0,0.0,0,-8.660477469675243e-06,-0.001654029358601766,0.0
2026-07-29T06:27:35.389193+00:00,0,NONE,0.0,0.0,0.0,0,-4.364614142104983e-05,-0.008335798984857604,0.0
2026-07-29T06:27:35.455910+00:00,0,NONE,0.0,0.0,0.0,0,-7.736825355095788e-06,-0.0014776247989226438,0.0
2026-07-29T06:27:35.489312+00:00,0,NONE,0.0,0.0,0.0,0,-1.2474244285840542e-05,-0.0023824051673128227,0.0
2026-07-29T06:27:35.522522+00:00,0,NONE,0.0,0.0,0.0,0,0.029296524454839528,5.595224018880367,0.0
2026-07-29T06:27:35.555863+00:00,0,NONE,0.0,0.0,0.0,0,-5.322333890944719e-05,-0.010164908970352472,0.0
2026-07-29T06:27:35.605840+00:00,0,NONE,0.0,0.0,0.0,0,3.8693988171871746e-05,0.007390007382591263,0.0
2026-07-29T06:27:35.655869+00:00,0,NONE,0.0,0.0,0.0,0,9.874210663838312e-06,0.001885835323536687,0.0
2026-07-29T06:27:35.672591+00:00,0,NONE,0.0,0.0,0.0,0,1.6839408490341155e-05,0.003216090119977711,0.0
2026-07-29T06:27:35.722491+00:00,0,NONE,0.0,0.0,0.0,0,2.7092447999166323e-05,0.00517427642343294,0.0
2026-07-29T06:27:35.755916+00:00,0,NONE,0.0,0.0,0.0,0,2.5520776434859724e-05,0.004874109265381299,0.0
2026-07-29T06:27:35.772640+00:00,0,NONE,0.0,0.0,0.0,0,-4.66740509000374e-05,-0.008914087097836415,0.0
2026-07-29T06:27:35.805757+00:00,0,NONE,0.0,0.0,0.0,0,1.0177662843489087e-05,0.001943790420796804,0.0
2026-07-29T06:27:35.822646+00:00,0,NONE,0.0,0.0,0.0,0,2.9219560674391686e-05,0.00558052501956359,0.0
2026-07-29T06:27:35.855759+00:00,0,NONE,0.0,0.0,0.0,0,-5.646279169013723e-06,-0.0010783598877903999,0.0
2026-07-29T06:27:35.889285+00:00,0,NONE,0.0,0.0,0.0,0,4.6165076200850306e-05,0.008816880090695211,0.0
2026-07-29T06:27:35.922639+00:00,0,NONE,0.0,0.0,0.0,0,-4.12940204842016e-05,-0.0078865769762384,0.0
2026-07-29T06:27:35.972642+00:00,0,NONE,0.0,0.0,0.0,0,-2.3828177363611756e-05,-0.004550846654747061,0.0
2026-07-29T06:27:35.989165+00:00,0,NONE,0.0,0.0,0.0,0,6.563605478731915e-05,0.012535563077342764,0.0
2026-07-29T06:27:36.005882+00:00,0,NONE,0.0,0.0,0.0,0,-0.008693229932687245,-1.6602846182659197,0.0
2026-07-29T06:27:36.072690+00:00,0,NONE,0.0,0.0,0.0,0,-2.487370846210979e-05,-0.0047505283857257755,0.0
2026-07-29T06:27:36.105886+00:00,0,NONE,0.0,0.0,0.0,0,-5.873880232684314e-05,-0.011218284889937771,0.0
2026-07-29T06:27:36.122642+00:00,0,NONE,0.0,0.0,0.0,0,-1.3879034668207169e-05,-0.0026507003673467452,0.0
2026-07-29T06:27:36.172775+00:00,0,NONE,0.0,0.0,0.0,0,-3.729453557753004e-05,-0.007122731624976551,0.0
2026-07-29T06:27:36.189114+00:00,0,NONE,0.0,0.0,0.0,0,-5.53799292538315e-05,-0.010576787386592092,0.0
2026-07-29T06:27:36.239270+00:00,0,NONE,0.0,0.0,0.0,0,5.0850214320234956e-05,0.00971167555961721,0.0
2026-07-29T06:27:36.272658+00:00,0,NONE,0.0,0.0,0.0,0,-1.3212180492701009e-05,-0.0025233406013228147,0.0
2026-07-29T06:27:36.305910+00:00,0,NONE,0.0,0.0,0.0,0,-0.002913916744291782,-0.5565171043347354,0.0
2026-07-29T06:27:36.339284+00:00,0,NONE,0.0,0.0,0.0,0,0.00010599820741845178,0.020244166403431935,0.0
2026-07-29T06:27:36.405941+00:00,0,NONE,0.0,0.0,0.0,0,-6.487757527793292e-06,-0.0012390704161559483,0.0
2026-07-29T06:27:36.455990+00:00,0,NONE,0.0,0.0,0.0,0,-2.844094866304658e-05,-0.005431821079136034,0.0
2026-07-29T06:27:36.472687+00:00,0,NONE,0.0,0.0,0.0,0,-0.0008929606029414572,-0.17054291273334263,0.0
2026-07-29T06:27:36.505978+00:00,0,NONE,0.0,0.0,0.0,0,-1.0182369587710129e-05,-0.0019446893427271814,0.0
2026-07-29T06:27:36.572571+00:00,0,NONE,0.0,0.0,0.0,0,8.150527282850816e-06,0.0015566360470452745,0.0
2026-07-29T06:27:36.606374+00:00,0,NONE,0.0,0.0,0.0,0,1.6165568958967923e-05,0.00308739624925518,0.0
2026-07-29T06:27:36.622544+00:00,0,NONE,0.0,0.0,0.0,0,3.7931398255750535e-05,0.007244363436947994,0.0
2026-07-29T06:27:36.672536+00:00,0,NONE,0.0,0.0,0.0,0,-5.609588697552681e-05,-0.010713525239135236,0.0
2026-07-29T06:27:36.706010+00:00,0,NONE,0.0,0.0,0.0,0,-3.525165491737425e-05,-0.006732570158723797,0.0
2026-07-29T06:27:36.722692+00:00,0,NONE,0.0,0.0,0.0,0,3.1880865572020414e-06,0.000608879681500233,0.0
2026-07-29T06:27:36.756174+00:00,0,NONE,0.0,0.0,0.0,0,3.7224689440336074e-05,0.007109391995388199,0.0
2026-07-29T06:27:36.822582+00:00,0,NONE,0.0,0.0,0.0,0,3.7224689440336074e-05,0.007109391995388199,0.0
2026-07-29T06:27:36.839304+00:00,0,NONE,0.0,0.0,0.0,0,9.58817712671589e-06,0.001831206941948976,0.0
2026-07-29T06:27:36.905852+00:00,0,NONE,0.0,0.0,0.0,0,3.7224689440336074e-05,0.007109391995388199,0.0
2026-07-29T06:27:36.922833+00:00,0,NONE,0.0,0.0,0.0,0,-0.03122136047575623,-5.9628406197246395,0.0
2026-07-29T06:27:36.972717+00:00,0,NONE,0.0,0.0,0.0,0,-4.9247173592448235e-05,-0.009405517332651348,0.0
2026-07-29T06:27:37.006075+00:00,0,NONE,0.0,0.0,0.0,0,5.3905241657048464e-05,0.010295142801938897,0.0
2026-07-29T06:27:37.056086+00:00,0,NONE,0.0,0.0,0.0,0,5.3905241657048464e-05,0.010295142801938897,0.0
2026-07-29T06:27:37.072707+00:00,0,NONE,0.0,0.0,0.0,0,4.103763290913776e-05,0.007837610556335894,0.0
2026-07-29T06:27:37.139343+00:00,0,NONE,0.0,0.0,0.0,0,0.0005854565091431141,0.11181395687454243,0.0
2026-07-29T06:27:37.156138+00:00,0,NONE,0.0,0.0,0.0,0,0.012498909704154357,2.3871159152105106,0.0
2026-07-29T06:27:37.222656+00:00,0,NONE,0.0,0.0,0.0,0,-0.01588485048501752,-3.033782969959476,0.0
2026-07-29T06:27:37.239332+00:00,0,NONE,0.0,0.0,0.0,0,0.00770122546935454,1.4708257215755722,0.0
2026-07-29T06:27:37.306160+00:00,0,NONE,0.0,0.0,0.0,0,-0.007055230898549781,-1.3474498465906464,0.0
2026-07-29T06:27:37.356005+00:00,0,NONE,0.0,0.0,0.0,0,-1.7211712547577916e-05,-0.0032871949572285887,0.0
2026-07-29T06:27:37.406141+00:00,0,NONE,0.0,0.0,0.0,0,-0.008978829004336148,-1.7148300230603748,0.0
2026-07-29T06:27:37.489518+00:00,0,NONE,0.0,0.0,0.0,0,-1.780688704457134e-05,-0.003400864913067072,0.0
2026-07-29T06:27:37.506030+00:00,0,NONE,0.0,0.0,0.0,0,-2.4000181001611052e-05,-0.004583696929807914,0.0
2026-07-29T06:27:37.572599+00:00,0,NONE,0.0,0.0,0.0,0,7.186578295659274e-05,0.013725353516053224,0.0
2026-07-29T06:27:37.622657+00:00,0,NONE,0.0,0.0,0.0,0,-7.354462228249758e-05,-0.01404598820890301,0.0
2026-07-29T06:27:37.672747+00:00,0,NONE,0.0,0.0,0.0,0,-8.192436362151056e-06,-0.0015646400916025504,0.0
2026-07-29T06:27:37.706001+00:00,0,NONE,0.0,0.0,0.0,0,-2.0437875209609044e-05,-0.0039033466390855035,0.0
2026-07-29T06:27:37.722751+00:00,0,NONE,0.0,0.0,0.0,0,-1.603300916031003e-05,-0.003062079192601175,0.0
2026-07-29T06:27:37.756182+00:00,0,NONE,0.0,0.0,0.0,0,-1.603300916031003e-05,-0.003062079192601175,0.0
2026-07-29T06:27:37.772705+00:00,0,NONE,0.0,0.0,0.0,0,7.016613375526503e-05,0.013400744429757028,0.0
2026-07-29T06:27:37.856128+00:00,0,NONE,0.0,0.0,0.0,0,-3.7933863059151914e-05,-0.007244834179722089,0.0
2026-07-29T06:27:37.906093+00:00,0,NONE,0.0,0.0,0.0,0,3.901775839040056e-05,0.0074518429394370275,0.0
2026-07-29T06:27:37.956148+00:00,0,NONE,0.0,0.0,0.0,0,0.0027462875051423906,0.5245022779139045,0.0
2026-07-29T06:27:37.972790+00:00,0,NONE,0.0,0.0,0.0,0,-0.008657490131445228,-1.653458819026573,0.0
2026-07-29T06:27:38.022696+00:00,0,NONE,0.0,0.0,0.0,0,-0.007862784662283956,-1.5016812545635567,0.0
2026-07-29T06:27:38.056103+00:00,0,NONE,0.0,0.0,0.0,0,-9.138328023254871e-06,-0.0017452920917954418,0.0
2026-07-29T06:27:38.072791+00:00,0,NONE,0.0,0.0,0.0,0,2.283195499330759e-06,0.00043605821971639023,0.0
2026-07-29T06:27:38.106198+00:00,0,NONE,0.0,0.0,0.0,0,0.004607071870705113,0.8798859136828129,0.0
2026-07-29T06:27:38.122639+00:00,0,NONE,0.0,0.0,0.0,0,-8.844654075801373e-06,-0.0016892044993220012,0.0
2026-07-29T06:27:38.156149+00:00,0,NONE,0.0,0.0,0.0,0,-4.431644123542355e-05,-0.008463816819430993,0.0
2026-07-29T06:27:38.172798+00:00,0,NONE,0.0,0.0,0.0,0,-7.178936117270494e-05,-0.013710758030454451,0.0
2026-07-29T06:27:38.222817+00:00,0,NONE,0.0,0.0,0.0,0,-1.1312949936836958e-05,-0.0021606142840784968,0.0
2026-07-29T06:27:38.256164+00:00,0,NONE,0.0,0.0,0.0,0,0.0015589901938801631,0.2977451947053843,0.0
2026-07-29T06:27:38.289368+00:00,0,NONE,0.0,0.0,0.0,0,0.0015589901938801631,0.2977451947053843,0.0
2026-07-29T06:27:38.322903+00:00,0,NONE,0.0,0.0,0.0,0,0.002573822364065563,0.4915638622578027,0.0
2026-07-29T06:27:38.372694+00:00,0,NONE,0.0,0.0,0.0,0,0.002573822364065563,0.4915638622578027,0.0
2026-07-29T06:27:38.389346+00:00,0,NONE,0.0,0.0,0.0,0,-0.005675264308229089,-1.0838956416091985,0.0
2026-07-29T06:27:38.439352+00:00,0,NONE,0.0,0.0,0.0,0,0.0048537332005798815,0.9269947575858408,0.0
2026-07-29T06:27:38.472844+00:00,0,NONE,0.0,0.0,0.0,0,-0.010415044444380328,-1.9891269670138942,0.0
2026-07-29T06:27:38.489359+00:00,0,NONE,0.0,0.0,0.0,0,-5.595741815341171e-05,-0.010687079642130759,0.0
2026-07-29T06:27:38.556128+00:00,0,NONE,0.0,0.0,0.0,0,9.885703912004834e-07,0.00018880303722461478,0.0
2026-07-29T06:27:38.589479+00:00,0,NONE,0.0,0.0,0.0,0,-4.5176815765444184e-05,-0.008628136250666772,0.0
2026-07-29T06:27:38.622876+00:00,0,NONE,0.0,0.0,0.0,0,-6.430399051168934e-05,-0.012281157540563633,0.0
2026-07-29T06:27:38.672895+00:00,0,NONE,0.0,0.0,0.0,0,1.6578388385823925e-05,0.0031662389521213744,0.0
2026-07-29T06:27:38.689605+00:00,0,NONE,0.0,0.0,0.0,0,1.7936451185960323e-05,0.0034256098413264885,0.0
2026-07-29T06:27:38.739457+00:00,0,NONE,0.0,0.0,0.0,0,0.0006797007680870592,0.12981328447729615,0.0
2026-07-29T06:27:38.756120+00:00,0,NONE,0.0,0.0,0.0,0,5.166374885448022e-06,0.0009867049210618526,0.0
2026-07-29T06:27:38.789489+00:00,0,NONE,0.0,0.0,0.0,0,-2.5529469276079908e-05,-0.0048757694757609465,0.0
2026-07-29T06:27:38.806098+00:00,0,NONE,0.0,0.0,0.0,0,0.0031698116136249154,0.6053894243742028,0.0
2026-07-29T06:27:38.856119+00:00,0,NONE,0.0,0.0,0.0,0,-0.009227063374128193,-1.7622392954576211,0.0
2026-07-29T06:27:38.889482+00:00,0,NONE,0.0,0.0,0.0,0,-0.0015783321030903607,-0.3014392272569494,0.0
2026-07-29T06:27:38.922843+00:00,0,NONE,0.0,0.0,0.0,0,-4.683388397097588e-06,-0.0008944612965807714,0.0
2026-07-29T06:27:38.956235+00:00,0,NONE,0.0,0.0,0.0,0,-3.465917048742995e-05,-0.0066194139678470544,0.0
2026-07-29T06:27:38.989511+00:00,0,NONE,0.0,0.0,0.0,0,-2.6520867249928413e-05,-0.005065112541492081,0.0
2026-07-29T06:27:39.006240+00:00,0,NONE,0.0,0.0,0.0,0,8.428825327428057e-05,0.016097870583820062,0.0
2026-07-29T06:27:39.022766+00:00,0,NONE,0.0,0.0,0.0,0,-2.3155643575591966e-05,-0.004422402162635461,0.0
2026-07-29T06:27:39.039516+00:00,0,NONE,0.0,0.0,0.0,0,-1.9417254079598934e-05,-0.0037084223616473296,0.0
2026-07-29T06:27:39.106227+00:00,0,NONE,0.0,0.0,0.0,0,-1.1566205212147906e-05,-0.0022089824787943,0.0
2026-07-29T06:27:39.139530+00:00,0,NONE,0.0,0.0,0.0,0,4.841160436626524e-05,0.009245935365480355,0.0
2026-07-29T06:27:39.156239+00:00,0,NONE,0.0,0.0,0.0,0,1.3411456748144698e-05,0.0025613995626364624,0.0
2026-07-29T06:27:39.206275+00:00,0,NONE,0.0,0.0,0.0,0,-6.324064219370484e-05,-0.01207807297132081,0.0
2026-07-29T06:27:39.239536+00:00,0,NONE,0.0,0.0,0.0,0,2.1050901850685477e-05,0.004020426103294706,0.0
2026-07-29T06:27:39.256232+00:00,0,NONE,0.0,0.0,0.0,0,-4.117292664886918e-06,-0.0007863449757273067,0.0
2026-07-29T06:27:39.289449+00:00,0,NONE,0.0,0.0,0.0,0,-0.003825992136262357,-0.7307106728602494,0.0
2026-07-29T06:27:39.306208+00:00,0,NONE,0.0,0.0,0.0,0,-4.3684523552656175e-06,-0.0008343129432023466,0.0
2026-07-29T06:27:39.322732+00:00,0,NONE,0.0,0.0,0.0,0,7.990223821252584e-05,0.015260203410755539,0.0
2026-07-29T06:27:39.356244+00:00,0,NONE,0.0,0.0,0.0,0,-0.007166989772813394,-1.368794219318774,0.0
2026-07-29T06:27:39.372765+00:00,0,NONE,0.0,0.0,0.0,0,0.005227172364539001,0.9983163842516792,0.0
2026-07-29T06:27:39.389539+00:00,0,NONE,0.0,0.0,0.0,0,6.782356649637222e-05,0.012953347039223401,0.0
2026-07-29T06:27:39.456250+00:00,0,NONE,0.0,0.0,0.0,0,0.00062158377841115,0.11871375705584623,0.0
2026-07-29T06:27:39.489511+00:00,0,NONE,0.0,0.0,0.0,0,-3.5013346932828425e-05,-0.006687056686261315,0.0
2026-07-29T06:27:39.506260+00:00,0,NONE,0.0,0.0,0.0,0,-0.006106146080419421,-1.1661879983279433,0.0
2026-07-29T06:27:39.539509+00:00,0,NONE,0.0,0.0,0.0,0,4.822880946449004e-05,0.00921102411085293,0.0
2026-07-29T06:27:39.572882+00:00,0,NONE,0.0,0.0,0.0,0,-0.0015511834505014122,-0.29625421654757056,0.0
2026-07-29T06:27:39.606309+00:00,0,NONE,0.0,0.0,0.0,0,-5.351321306079626e-05,-0.0102202708552266,0.0
2026-07-29T06:27:39.639596+00:00,0,NONE,0.0,0.0,0.0,0,-4.7126840217970316e-05,-0.009000563487590292,0.0
2026-07-29T06:27:39.689530+00:00,0,NONE,0.0,0.0,0.0,0,-9.696760098449886e-06,-0.0018519447619734636,0.0
2026-07-29T06:27:39.706299+00:00,0,NONE,0.0,0.0,0.0,0,4.2547759367153045e-05,0.00812602346492028,0.0
2026-07-29T06:27:39.739706+00:00,0,NONE,0.0,0.0,0.0,0,-0.007789867725514341,-1.4877551454571527,0.0
2026-07-29T06:27:39.789668+00:00,0,NONE,0.0,0.0,0.0,0,0.002174843964749016,0.415364600932058,0.0
2026-07-29T06:27:39.822966+00:00,0,NONE,0.0,0.0,0.0,0,0.0009674976664973655,0.1847784432635157,0.0
2026-07-29T06:27:39.839599+00:00,0,NONE,0.0,0.0,0.0,0,-3.0410695471800865e-05,-0.005808015008639311,0.0
2026-07-29T06:27:39.889702+00:00,0,NONE,0.0,0.0,0.0,0,-0.0027214579889550806,-0.5197601896309558,0.0
2026-07-29T06:27:39.906162+00:00,0,NONE,0.0,0.0,0.0,0,0.005940685091773048,1.1345872772496126,0.0
2026-07-29T06:27:39.956169+00:00,0,NONE,0.0,0.0,0.0,0,-2.6428469864185898e-05,-0.005047465940688453,0.0
2026-07-29T06:27:39.989686+00:00,0,NONE,0.0,0.0,0.0,0,-3.1933301361277696e-05,-0.006098811313068595,0.0
2026-07-29T06:27:40.006121+00:00,0,NONE,0.0,0.0,0.0,0,-0.00011758063570596277,-0.02245624726138966,0.0
2026-07-29T06:27:40.056176+00:00,0,NONE,0.0,0.0,0.0,0,-3.849964414257556e-05,-0.007352890407083802,0.0
2026-07-29T06:27:40.072975+00:00,0,NONE,0.0,0.0,0.0,0,0.007583798379637301,1.4483987994378993,0.0
2026-07-29T06:27:40.122845+00:00,0,NONE,0.0,0.0,0.0,0,-2.6779361651279035e-05,-0.005114481335575919,0.0
2026-07-29T06:27:40.139688+00:00,0,NONE,0.0,0.0,0.0,0,1.840238579461584e-05,0.003514596796676625,0.0
2026-07-29T06:27:40.172801+00:00,0,NONE,0.0,0.0,0.0,0,-9.950453415513038e-05,-0.019003966165014395,0.0
2026-07-29T06:27:40.206221+00:00,0,NONE,0.0,0.0,0.0,0,-3.162031716783531e-05,-0.0060390357352734115,0.0
2026-07-29T06:27:40.239638+00:00,0,NONE,0.0,0.0,0.0,0,-1.71730387955904e-05,-0.0032798088146725217,0.0
2026-07-29T06:27:40.289636+00:00,0,NONE,0.0,0.0,0.0,0,-5.2625201169576035e-06,-0.0010050673076812103,0.0
2026-07-29T06:27:40.322960+00:00,0,NONE,0.0,0.0,0.0,0,-7.119990274077281e-05,-0.013598179762627415,0.0
2026-07-29T06:27:40.372868+00:00,0,NONE,0.0,0.0,0.0,0,4.499946779105812e-05,0.008594265282541718,0.0
2026-07-29T06:27:40.389649+00:00,0,NONE,0.0,0.0,0.0,0,0.0016179120587185025,0.3089984419596414,0.0
2026-07-29T06:27:40.439659+00:00,0,NONE,0.0,0.0,0.0,0,0.005647778654820286,1.0786462684842526,0.0
2026-07-29T06:27:40.456223+00:00,0,NONE,0.0,0.0,0.0,0,-2.5872962723951786e-05,-0.004941371891939132,0.0
2026-07-29T06:27:40.472895+00:00,0,NONE,0.0,0.0,0.0,0,-6.529066013172269e-05,-0.012469597557235925,0.0
2026-07-29T06:27:40.523014+00:00,0,NONE,0.0,0.0,0.0,0,0.018498639083700256,3.5329798207725904,0.0
2026-07-29T06:27:40.556284+00:00,0,NONE,0.0,0.0,0.0,0,1.588946033734828e-05,0.003034663386901913,0.0
2026-07-29T06:27:40.589528+00:00,0,NONE,0.0,0.0,0.0,0,1.588946033734828e-05,0.003034663386901913,0.0
2026-07-29T06:27:40.606219+00:00,0,NONE,0.0,0.0,0.0,0,3.973515413235873e-05,0.007588855433619893,0.0
2026-07-29T06:27:40.639649+00:00,0,NONE,0.0,0.0,0.0,0,-6.949121598154306e-06,-0.0013271844629914914,0.0
2026-07-29T06:27:40.689553+00:00,0,NONE,0.0,0.0,0.0,0,9.510830976068973e-05,0.018164349153034713,0.0
2026-07-29T06:27:40.723038+00:00,0,NONE,0.0,0.0,0.0,0,0.007572162686847151,1.446176545809278,0.0
2026-07-29T06:27:40.739511+00:00,0,NONE,0.0,0.0,0.0,0,0.005864772739296313,1.1200890858835248,0.0
2026-07-29T06:27:40.773007+00:00,0,NONE,0.0,0.0,0.0,0,4.477415350265801e-05,0.008551233423243987,0.0
2026-07-29T06:27:40.789537+00:00,0,NONE,0.0,0.0,0.0,0,4.477415350265801e-05,0.008551233423243987,0.0
2026-07-29T06:27:40.806299+00:00,0,NONE,0.0,0.0,0.0,0,4.898318293271586e-05,0.00935509883053955,0.0
2026-07-29T06:27:40.839653+00:00,0,NONE,0.0,0.0,0.0,0,-0.007729519703425467,-1.4762295222316366,0.0
2026-07-29T06:27:40.873023+00:00,0,NONE,0.0,0.0,0.0,0,-5.0345653435215353e-05,-0.009615311528887182,0.0
2026-07-29T06:27:40.906321+00:00,0,NONE,0.0,0.0,0.0,0,-6.629263458307833e-05,-0.012660960581377972,0.0
2026-07-29T06:27:40.939505+00:00,0,NONE,0.0,0.0,0.0,0,-6.22569920233218e-05,-0.011890209627053236,0.0
2026-07-29T06:27:40.956292+00:00,0,NONE,0.0,0.0,0.0,0,4.683183040469885e-05,0.008944220763538966,0.0
2026-07-29T06:27:41.006242+00:00,0,NONE,0.0,0.0,0.0,0,-1.4897086657583714e-05,-0.0028451339750673234,0.0
2026-07-29T06:27:41.023030+00:00,0,NONE,0.0,0.0,0.0,0,-9.409097547177225e-06,-0.0017970052616005,0.0
2026-07-29T06:27:41.039649+00:00,0,NONE,0.0,0.0,0.0,0,-3.380371956154704e-05,-0.00645603487573489,0.0
2026-07-29T06:27:41.073012+00:00,0,NONE,0.0,0.0,0.0,0,0.020291701341047883,3.8754294866066545,0.0
2026-07-29T06:27:41.106273+00:00,0,NONE,0.0,0.0,0.0,0,-0.020092245552223175,-3.8373362369429604,0.0
2026-07-29T06:27:41.139643+00:00,0,NONE,0.0,0.0,0.0,0,-4.2009920580312606e-05,-0.008023303823105635,0.0
2026-07-29T06:27:41.156246+00:00,0,NONE,0.0,0.0,0.0,0,-4.021752305561676e-05,-0.007680981111856409,0.0
2026-07-29T06:27:41.189627+00:00,0,NONE,0.0,0.0,0.0,0,-9.969225648092106e-06,-0.0019039818488308352,0.0
2026-07-29T06:27:41.206247+00:00,0,NONE,0.0,0.0,0.0,0,0.008331084563396872,1.5911199474974362,0.0
2026-07-29T06:27:41.272988+00:00,0,NONE,0.0,0.0,0.0,0,0.006186620150692761,1.181557413617615,0.0
2026-07-29T06:27:41.306374+00:00,0,NONE,0.0,0.0,0.0,0,0.006792270804289728,1.2972281679857687,0.0
2026-07-29T06:27:41.339684+00:00,0,NONE,0.0,0.0,0.0,0,0.011297246109461413,2.1576150739757605,0.0
2026-07-29T06:27:41.372891+00:00,0,NONE,0.0,0.0,0.0,0,-0.002149500873638317,-0.4105244270638628,0.0
2026-07-29T06:27:41.389614+00:00,0,NONE,0.0,0.0,0.0,0,0.00427609579404816,0.8166741393086736,0.0
2026-07-29T06:27:41.439614+00:00,0,NONE,0.0,0.0,0.0,0,-0.003670250226277858,-0.7009661590755222,0.0
2026-07-29T06:27:41.472872+00:00,0,NONE,0.0,0.0,0.0,0,-0.00629972652066499,-1.2031591390691283,0.0
2026-07-29T06:27:41.506361+00:00,0,NONE,0.0,0.0,0.0,0,-2.4771810058155096e-05,-0.004731067224106698,0.0
2026-07-29T06:27:41.522887+00:00,0,NONE,0.0,0.0,0.0,0,-4.6504770616593304e-05,-0.008881756945182666,0.0
2026-07-29T06:27:41.572905+00:00,0,NONE,0.0,0.0,0.0,0,-1.5557161532342434e-05,-0.00297119899002166,0.0
2026-07-29T06:27:41.606364+00:00,0,NONE,0.0,0.0,0.0,0,-1.2810342013835909e-05,-0.002446595105039724,0.0
2026-07-29T06:27:41.639666+00:00,0,NONE,0.0,0.0,0.0,0,0.007782262684777379,1.4863026896663094,0.0
2026-07-29T06:27:41.672853+00:00,0,NONE,0.0,0.0,0.0,0,0.006591787482611835,1.2589386740027457,0.0
2026-07-29T06:27:41.689617+00:00,0,NONE,0.0,0.0,0.0,0,0.0030445712932851165,0.5814702851064131,0.0
2026-07-29T06:27:41.722912+00:00,0,NONE,0.0,0.0,0.0,0,-6.956158904358743e-06,-0.001328528489473676,0.0
2026-07-29T06:27:41.756322+00:00,0,NONE,0.0,0.0,0.0,0,1.2031526130158453e-05,0.0022978522278648246,0.0
2026-07-29T06:27:41.806511+00:00,0,NONE,0.0,0.0,0.0,0,1.0506552353035657e-05,0.0020066036902072907,0.0
2026-07-29T06:27:41.822946+00:00,0,NONE,0.0,0.0,0.0,0,-0.0001335752382874489,-0.025510991337750345,0.0
2026-07-29T06:27:41.856455+00:00,0,NONE,0.0,0.0,0.0,0,1.3996134766784962e-05,0.0026730648387769903,0.0
2026-07-29T06:27:41.906325+00:00,0,NONE,0.0,0.0,0.0,0,4.382749262731522e-05,0.00837043451395298,0.0
2026-07-29T06:27:41.939612+00:00,0,NONE,0.0,0.0,0.0,0,1.5774414241604975e-05,0.003012691201116748,0.0
2026-07-29T06:27:41.989614+00:00,0,NONE,0.0,0.0,0.0,0,-3.821449310635216e-05,-0.007298430570752526,0.0
2026-07-29T06:27:42.023142+00:00,0,NONE,0.0,0.0,0.0,0,3.3876036177389323e-05,0.006469846331989663,0.0
2026-07-29T06:27:42.039623+00:00,0,NONE,0.0,0.0,0.0,0,1.4520588156301528e-05,0.002773228058012423,0.0
2026-07-29T06:27:42.073091+00:00,0,NONE,0.0,0.0,0.0,0,0.0009125664964085446,0.17428736256416666,0.0
2026-07-29T06:27:42.106421+00:00,0,NONE,0.0,0.0,0.0,0,-0.00634164112736471,-1.2111642392819442,0.0
2026-07-29T06:27:42.156227+00:00,0,NONE,0.0,0.0,0.0,0,0.0021112468000501396,0.40321843717791134,0.0
2026-07-29T06:27:42.173025+00:00,0,NONE,0.0,0.0,0.0,0,6.419141063815914e-06,0.0012259656368525645,0.0
2026-07-29T06:27:42.206243+00:00,0,NONE,0.0,0.0,0.0,0,-6.463187048211694e-05,-0.012343778002204885,0.0
2026-07-29T06:27:42.239768+00:00,0,NONE,0.0,0.0,0.0,0,-5.873084901395486e-06,-0.0011216765919065622,0.0
2026-07-29T06:27:42.272966+00:00,0,NONE,0.0,0.0,0.0,0,-7.312337402254343e-06,-0.0013965535717494334,0.0
2026-07-29T06:27:42.323022+00:00,0,NONE,0.0,0.0,0.0,0,9.617000778234796e-06,0.0018367118538896068,0.0
2026-07-29T06:27:42.356254+00:00,0,NONE,0.0,0.0,0.0,0,6.779481045668945e-06,0.0012947855040192288,0.0
2026-07-29T06:27:42.389830+00:00,0,NONE,0.0,0.0,0.0,0,-8.765811799094081e-05,-0.016741467336468998,0.0
2026-07-29T06:27:42.422978+00:00,0,NONE,0.0,0.0,0.0,0,-3.9307839469984176e-05,-0.007507244344692826,0.0
2026-07-29T06:27:42.439741+00:00,0,NONE,0.0,0.0,0.0,0,1.2035227700835096e-06,0.00022985591757892945,0.0
2026-07-29T06:27:42.472915+00:00,0,NONE,0.0,0.0,0.0,0,1.2035227700835096e-06,0.00022985591757892945,0.0
2026-07-29T06:27:42.489804+00:00,0,NONE,0.0,0.0,0.0,0,2.2590049557038583e-05,0.004314381662032286,0.0
2026-07-29T06:27:42.506262+00:00,0,NONE,0.0,0.0,0.0,0,-9.433133527636528e-06,-0.0018015957957230899,0.0
2026-07-29T06:27:42.556341+00:00,0,NONE,0.0,0.0,0.0,0,1.7675958224572234e-06,0.0003375859350391816,0.0
2026-07-29T06:27:42.572973+00:00,0,NONE,0.0,0.0,0.0,0,0.0009180738031864166,0.17533918068035287,0.0
2026-07-29T06:27:42.589743+00:00,0,NONE,0.0,0.0,0.0,0,3.2640116696711626e-05,0.006233803098453554,0.0
2026-07-29T06:27:42.639746+00:00,0,NONE,0.0,0.0,0.0,0,3.2640116696711626e-05,0.006233803098453554,0.0
2026-07-29T06:27:42.656346+00:00,0,NONE,0.0,0.0,0.0,0,-4.193581233266741e-05,-0.008009150190381701,0.0
2026-07-29T06:27:42.689750+00:00,0,NONE,0.0,0.0,0.0,0,-6.722615333274007e-05,-0.012839249529551131,0.0
2026-07-29T06:27:42.706352+00:00,0,NONE,0.0,0.0,0.0,0,-6.243698881007729e-06,-0.0011924586481076589,0.0
2026-07-29T06:27:42.739772+00:00,0,NONE,0.0,0.0,0.0,0,-4.6026514610275626e-05,-0.008790416776220049,0.0
2026-07-29T06:27:42.789708+00:00,0,NONE,0.0,0.0,0.0,0,-3.646703262347728e-05,-0.006964690202303781,0.0
2026-07-29T06:27:42.839770+00:00,0,NONE,0.0,0.0,0.0,0,3.068844991503283e-05,0.005861062199766637,0.0
2026-07-29T06:27:42.873026+00:00,0,NONE,0.0,0.0,0.0,0,3.7915774737484766e-06,0.0007241379564755413,0.0
2026-07-29T06:27:42.906460+00:00,0,NONE,0.0,0.0,0.0,0,6.394570780685172e-05,0.012212730584364543,0.0
2026-07-29T06:27:42.939586+00:00,0,NONE,0.0,0.0,0.0,0,-2.7563363073568325e-05,-0.005264214577674019,0.0
2026-07-29T06:27:42.973146+00:00,0,NONE,0.0,0.0,0.0,0,-3.826667700195685e-05,-0.00730839696067486,0.0
2026-07-29T06:27:42.989555+00:00,0,NONE,0.0,0.0,0.0,0,4.614813253283501e-05,0.00881364408847272,0.0
2026-07-29T06:27:43.039720+00:00,0,NONE,0.0,0.0,0.0,0,3.5346312797628345e-05,0.006750648482177845,0.0
2026-07-29T06:27:43.056337+00:00,0,NONE,0.0,0.0,0.0,0,1.9732807850232348e-05,0.003768688692536442,0.0
2026-07-29T06:27:43.106462+00:00,0,NONE,0.0,0.0,0.0,0,-7.683411764446645e-05,-0.014674235545465259,0.0
2026-07-29T06:27:43.123051+00:00,0,NONE,0.0,0.0,0.0,0,6.163317302707584e-06,0.0011771068974836632,0.0
2026-07-29T06:27:43.173113+00:00,0,NONE,0.0,0.0,0.0,0,1.8545373968663626e-05,0.003541905526320692,0.0
2026-07-29T06:27:43.206371+00:00,0,NONE,0.0,0.0,0.0,0,3.703404348925687e-05,0.007072981300794546,0.0
2026-07-29T06:27:43.223097+00:00,0,NONE,0.0,0.0,0.0,0,6.815536762587724e-06,0.001301671638708444,0.0
2026-07-29T06:27:43.256356+00:00,0,NONE,0.0,0.0,0.0,0,3.190382325556129e-05,0.006093181409583294,0.0
2026-07-29T06:27:43.289691+00:00,0,NONE,0.0,0.0,0.0,0,-1.7736456356942654e-05,-0.003387413642569312,0.0
2026-07-29T06:27:43.306352+00:00,0,NONE,0.0,0.0,0.0,0,3.8692342350259424e-05,0.007389693053817204,0.0
2026-07-29T06:27:43.373144+00:00,0,NONE,0.0,0.0,0.0,0,3.2089542219182476e-06,0.0006128651118886752,0.0
2026-07-29T06:27:43.406405+00:00,0,NONE,0.0,0.0,0.0,0,-1.2160334154032171e-05,-0.0023224527483161057,0.0
2026-07-29T06:27:43.439681+00:00,0,NONE,0.0,0.0,0.0,0,2.7839422255055976e-05,0.005316937997657614,0.0
2026-07-29T06:27:43.489735+00:00,0,NONE,0.0,0.0,0.0,0,-8.451751054963096e-06,-0.0016141655498154214,0.0
2026-07-29T06:27:43.506403+00:00,0,NONE,0.0,0.0,0.0,0,3.531246475176886e-05,0.0067441839816028,0.0
2026-07-29T06:27:43.556359+00:00,0,NONE,0.0,0.0,0.0,0,-1.7988220679399092e-05,-0.003435497086265061,0.0
2026-07-29T06:27:43.573112+00:00,0,NONE,0.0,0.0,0.0,0,-2.529280405724421e-05,-0.004830569748438194,0.0
2026-07-29T06:27:43.606352+00:00,0,NONE,0.0,0.0,0.0,0,1.678476241067983e-05,0.003205653487539279,0.0
2026-07-29T06:27:43.623078+00:00,0,NONE,0.0,0.0,0.0,0,2.7668139373417945e-05,0.005284225376921954,0.0
2026-07-29T06:27:43.639727+00:00,0,NONE,0.0,0.0,0.0,0,4.099012236110866e-05,0.007828536710054491,0.0
2026-07-29T06:27:43.706453+00:00,0,NONE,0.0,0.0,0.0,0,-8.897636784240603e-05,-0.016993234512578014,0.0
2026-07-29T06:27:43.739716+00:00,0,NONE,0.0,0.0,0.0,0,-1.9248692697146905e-05,-0.0036762295089693567,0.0
2026-07-29T06:27:43.756453+00:00,0,NONE,0.0,0.0,0.0,0,-2.5789144565351308e-05,-0.004925363802824579,0.0
2026-07-29T06:27:43.773009+00:00,0,NONE,0.0,0.0,0.0,0,-4.075082251802087e-06,-0.0007782833806564247,0.0
2026-07-29T06:27:43.806486+00:00,0,NONE,0.0,0.0,0.0,0,4.946884175296873e-05,0.009447852832818857,0.0
2026-07-29T06:27:43.839751+00:00,0,NONE,0.0,0.0,0.0,0,-0.0008973332290770486,-0.17137802280986922,0.0
2026-07-29T06:27:43.856461+00:00,0,NONE,0.0,0.0,0.0,0,-8.722592610865831e-05,-0.01665892476715366,0.0
2026-07-29T06:27:43.906435+00:00,0,NONE,0.0,0.0,0.0,0,0.016667235845234246,3.1832075669369453,0.0
2026-07-29T06:27:43.939681+00:00,0,NONE,0.0,0.0,0.0,0,0.0031495775250368753,0.6015249981129077,0.0
2026-07-29T06:27:43.972922+00:00,0,NONE,0.0,0.0,0.0,0,2.897082595154643e-05,0.005533020186772292,0.0
2026-07-29T06:27:43.989726+00:00,0,NONE,0.0,0.0,0.0,0,7.851870686863548e-06,0.001499596838799227,0.0
2026-07-29T06:27:44.039754+00:00,0,NONE,0.0,0.0,0.0,0,-0.006839847353039659,-1.3063146194763333,0.0
2026-07-29T06:27:44.056444+00:00,0,NONE,0.0,0.0,0.0,0,-0.013533565157558769,-2.5847205509780684,0.0
2026-07-29T06:27:44.106552+00:00,0,NONE,0.0,0.0,0.0,0,3.837596741504966e-06,0.0007329269892046391,0.0
2026-07-29T06:27:44.122941+00:00,0,NONE,0.0,0.0,0.0,0,7.831327187886928e-05,0.014956733195065883,0.0
2026-07-29T06:27:44.173021+00:00,0,NONE,0.0,0.0,0.0,0,0.0011129587353207171,0.21255946102031587,0.0
2026-07-29T06:27:44.189697+00:00,0,NONE,0.0,0.0,0.0,0,7.650232873857021e-06,0.0014610868532141535,0.0
2026-07-29T06:27:44.223064+00:00,0,NONE,0.0,0.0,0.0,0,2.8466423100326213e-05,0.00543668633827468,0.0
2026-07-29T06:27:44.256432+00:00,0,NONE,0.0,0.0,0.0,0,7.224049768410622e-06,0.0013796918757412947,0.0
2026-07-29T06:27:44.289684+00:00,0,NONE,0.0,0.0,0.0,0,-6.920745363458991e-05,-0.013217650013697771,0.0
2026-07-29T06:27:44.323015+00:00,0,NONE,0.0,0.0,0.0,0,2.8524767258204517e-05,0.005447829251626919,0.0
2026-07-29T06:27:44.356448+00:00,0,NONE,0.0,0.0,0.0,0,-5.0942248926730826e-05,-0.009729252874688413,0.0
2026-07-29T06:27:44.389707+00:00,0,NONE,0.0,0.0,0.0,0,-7.218040991574526e-06,-0.0013785442838988137,0.0
2026-07-29T06:27:44.406423+00:00,0,NONE,0.0,0.0,0.0,0,1.288979470700724e-05,0.002461769451671941,0.0
2026-07-29T06:27:44.456442+00:00,0,NONE,0.0,0.0,0.0,0,-4.053717129863798e-06,-0.0007742029429369369,0.0
2026-07-29T06:27:44.506312+00:00,0,NONE,0.0,0.0,0.0,0,2.2150412405608222e-05,0.004230417151051907,0.0
2026-07-29T06:27:44.556345+00:00,0,NONE,0.0,0.0,0.0,0,-6.144109647721052e-06,-0.001173438505600091,0.0
2026-07-29T06:27:44.573034+00:00,0,NONE,0.0,0.0,0.0,0,-2.8302889550104734e-05,-0.0054054537308197426,0.0
2026-07-29T06:27:44.589834+00:00,0,NONE,0.0,0.0,0.0,0,0.00895717166538816,1.7106937760030279,0.0
2026-07-29T06:27:44.656290+00:00,0,NONE,0.0,0.0,0.0,0,-4.645300155971199e-05,-0.008871869783620425,0.0
2026-07-29T06:27:44.673044+00:00,0,NONE,0.0,0.0,0.0,0,-1.1504162102937698e-05,-0.002197133117775586,0.0
2026-07-29T06:27:44.723050+00:00,0,NONE,0.0,0.0,0.0,0,-9.614566806703914e-08,-1.836246999569025e-05,0.0
2026-07-29T06:27:44.739743+00:00,0,NONE,0.0,0.0,0.0,0,-1.5065597835928202e-05,-0.0028773172394670416,0.0
2026-07-29T06:27:44.773064+00:00,0,NONE,0.0,0.0,0.0,0,0.0018267404357902705,0.34888172412223756,0.0
2026-07-29T06:27:44.789797+00:00,0,NONE,0.0,0.0,0.0,0,2.8486245428211985e-05,0.005440472124034611,0.0
2026-07-29T06:27:44.823037+00:00,0,NONE,0.0,0.0,0.0,0,-2.6251867529936136e-05,-0.005013737379339554,0.0
2026-07-29T06:27:44.872962+00:00,0,NONE,0.0,0.0,0.0,0,0.0008189934934489429,0.1564162354109989,0.0
2026-07-29T06:27:44.889727+00:00,0,NONE,0.0,0.0,0.0,0,0.00857278928044252,1.6372821480811677,0.0
2026-07-29T06:27:44.906282+00:00,0,NONE,0.0,0.0,0.0,0,0.005062630631391585,0.9668912280412967,0.0
2026-07-29T06:27:44.973034+00:00,0,NONE,0.0,0.0,0.0,0,4.363438361906446e-05,0.008333553410090561,0.0
2026-07-29T06:27:44.989809+00:00,0,NONE,0.0,0.0,0.0,0,7.51926563680172e-06,0.0014360739534216263,0.0
2026-07-29T06:27:45.023026+00:00,0,NONE,0.0,0.0,0.0,0,-4.847616401093546e-05,-0.009258265349368583,0.0
2026-07-29T06:27:45.039809+00:00,0,NONE,0.0,0.0,0.0,0,-3.9824623090680685e-05,-0.007605942745984158,0.0
2026-07-29T06:27:45.089743+00:00,0,NONE,0.0,0.0,0.0,0,-4.0442682802677155e-05,-0.0077239834559323884,0.0
2026-07-29T06:27:45.106415+00:00,0,NONE,0.0,0.0,0.0,0,-4.216508183162659e-05,-0.00805293743925317,0.0
2026-07-29T06:27:45.139769+00:00,0,NONE,0.0,0.0,0.0,0,1.0765506885945797e-06,0.0002056060362945733,0.0
2026-07-29T06:27:45.156380+00:00,0,NONE,0.0,0.0,0.0,0,-0.025466932151466608,-4.863825764750193,0.0
2026-07-29T06:27:45.173015+00:00,0,NONE,0.0,0.0,0.0,0,0.004610392955510178,0.8805201941585972,0.0
2026-07-29T06:27:45.239759+00:00,0,NONE,0.0,0.0,0.0,0,-1.6283078111882786e-05,-0.00310983884430911,0.0
2026-07-29T06:27:45.256403+00:00,0,NONE,0.0,0.0,0.0,0,-2.0725315116578714e-05,-0.00395824361752882,0.0
2026-07-29T06:27:45.289798+00:00,0,NONE,0.0,0.0,0.0,0,8.381903171539307e-08,1.6008255867217384e-05,0.0
2026-07-29T06:27:45.306348+00:00,0,NONE,0.0,0.0,0.0,0,1.5891925140749664e-05,0.0030351341296760083,0.0
2026-07-29T06:27:45.339736+00:00,0,NONE,0.0,0.0,0.0,0,1.8470745999366045e-05,0.003527652634072748,0.0
2026-07-29T06:27:45.373101+00:00,0,NONE,0.0,0.0,0.0,0,-5.321768636349588e-05,-0.010163829413597426,0.0
2026-07-29T06:27:45.406374+00:00,0,NONE,0.0,0.0,0.0,0,-1.814332790672779e-05,-0.00346512038459143,0.0
2026-07-29T06:27:45.439641+00:00,0,NONE,0.0,0.0,0.0,0,-0.0051849574886728075,-0.9902539368523409,0.0
2026-07-29T06:27:45.456390+00:00,0,NONE,0.0,0.0,0.0,0,4.965702159097418e-05,0.009483792534509417,0.0
2026-07-29T06:27:45.489619+00:00,0,NONE,0.0,0.0,0.0,0,4.400499165058136e-06,0.0008404334330289128,0.0
2026-07-29T06:27:45.523131+00:00,0,NONE,0.0,0.0,0.0,0,-0.003507770896612783,-0.669934892915777,0.0
2026-07-29T06:27:45.539720+00:00,0,NONE,0.0,0.0,0.0,0,0.008993528054561465,1.717637334862913,0.0
2026-07-29T06:27:45.573179+00:00,0,NONE,0.0,0.0,0.0,0,0.0043604983651312065,0.8327938429857118,0.0
2026-07-29T06:27:45.589606+00:00,0,NONE,0.0,0.0,0.0,0,0.010367171793768648,1.9799839642333823,0.0
2026-07-29T06:27:45.656417+00:00,0,NONE,0.0,0.0,0.0,0,0.0009815350545977707,0.1874593869086503,0.0
2026-07-29T06:27:45.689841+00:00,0,NONE,0.0,0.0,0.0,0,0.0053053158766124394,1.013240695712138,0.0
2026-07-29T06:27:45.756431+00:00,0,NONE,0.0,0.0,0.0,0,0.004669639011844993,0.891835357427861,0.0
2026-07-29T06:27:45.789814+00:00,0,NONE,0.0,0.0,0.0,0,0.004669639011844993,0.891835357427861,0.0
2026-07-29T06:27:45.806354+00:00,0,NONE,0.0,0.0,0.0,0,-0.007833900534315034,-1.4961647924717734,0.0
2026-07-29T06:27:45.856422+00:00,0,NONE,0.0,0.0,0.0,0,-0.00010886067495448515,-0.02079085743279168,0.0
2026-07-29T06:27:45.873071+00:00,0,NONE,0.0,0.0,0.0,0,0.0021178784826770426,0.40448499526321724,0.0
2026-07-29T06:27:45.923089+00:00,0,NONE,0.0,0.0,0.0,0,0.0002671891909267288,0.051029376572055696,0.0
2026-07-29T06:27:45.939753+00:00,0,NONE,0.0,0.0,0.0,0,-0.00819002499221824,-1.5641795538692336,0.0
2026-07-29T06:27:45.989725+00:00,0,NONE,0.0,0.0,0.0,0,0.002746251304633915,0.524495364126065,0.0
2026-07-29T06:27:46.039743+00:00,0,NONE,0.0,0.0,0.0,0,0.009531019683927298,1.8202906744838203,0.0
2026-07-29T06:27:46.056383+00:00,0,NONE,0.0,0.0,0.0,0,-0.007428762710187584,-1.418789167659719,0.0
2026-07-29T06:27:46.090242+00:00,0,NONE,0.0,0.0,0.0,0,-0.008450337366666645,-1.613895555238976,0.0
2026-07-29T06:27:46.156472+00:00,0,NONE,0.0,0.0,0.0,0,-0.0010621694126166403,-0.20285941490274392,0.0
2026-07-29T06:27:46.172964+00:00,0,NONE,0.0,0.0,0.0,0,-0.0014612614933867008,-0.279080387786806,0.0
2026-07-29T06:27:46.189782+00:00,0,NONE,0.0,0.0,0.0,0,0.0021240183082409203,0.405657615569073,0.0
2026-07-29T06:27:46.206429+00:00,0,NONE,0.0,0.0,0.0,0,-0.0008531316934386269,-0.16293615134294037,0.0
2026-07-29T06:27:46.256516+00:00,0,NONE,0.0,0.0,0.0,0,0.0013139339839108289,0.2509429061230024,0.0
2026-07-29T06:27:46.289797+00:00,0,NONE,0.0,0.0,0.0,0,-0.0026537447390728632,-0.5068279115130698,0.0
2026-07-29T06:27:46.339666+00:00,0,NONE,0.0,0.0,0.0,0,0.001840712004341185,0.3515500971593879,0.0
2026-07-29T06:27:46.389663+00:00,0,NONE,0.0,0.0,0.0,0,-0.0014619566674809903,-0.2792131562589048,0.0
2026-07-29T06:27:46.406516+00:00,0,NONE,0.0,0.0,0.0,0,-0.0014619566674809903,-0.2792131562589048,0.0
2026-07-29T06:27:46.422987+00:00,0,NONE,0.0,0.0,0.0,0,-0.004258086573681794,-0.8132346315776275,0.0
2026-07-29T06:27:46.473053+00:00,0,NONE,0.0,0.0,0.0,0,-0.002747443129774183,-0.5247229859609147,0.0
2026-07-29T06:27:46.489712+00:00,0,NONE,0.0,0.0,0.0,0,0.0012144149001687766,0.23193616119157368,0.0
2026-07-29T06:27:46.523047+00:00,0,NONE,0.0,0.0,0.0,0,-0.007214692742563784,-1.3779048154418991,0.0
2026-07-29T06:27:46.556467+00:00,0,NONE,0.0,0.0,0.0,0,0.005871842287597247,1.1214392701525493,0.0
2026-07-29T06:27:46.606481+00:00,0,NONE,0.0,0.0,0.0,0,-0.013505477049620821,-2.5793561175135604,0.0
2026-07-29T06:27:46.623076+00:00,0,NONE,0.0,0.0,0.0,0,-0.0005257391679333523,-0.10040878482433571,0.0
2026-07-29T06:27:46.673081+00:00,0,NONE,0.0,0.0,0.0,0,0.003319978748331778,0.6340692345084553,0.0
2026-07-29T06:27:46.689656+00:00,0,NONE,0.0,0.0,0.0,0,-0.0026479807042051108,-0.5057270619434416,0.0
2026-07-29T06:27:46.706430+00:00,0,NONE,0.0,0.0,0.0,0,0.0024480228958418592,0.46753793361044155,0.0
2026-07-29T06:27:46.756435+00:00,0,NONE,0.0,0.0,0.0,0,-0.0022550028085242956,-0.4306738123952981,0.0
2026-07-29T06:27:46.789665+00:00,0,NONE,0.0,0.0,0.0,0,0.002582237683527637,0.4931710698859065,0.0
2026-07-29T06:27:46.806432+00:00,0,NONE,0.0,0.0,0.0,0,0.00031611540471203624,0.06037359509689871,0.0
2026-07-29T06:27:46.839669+00:00,0,NONE,0.0,0.0,0.0,0,-0.0061572514395811595,-1.175948402962836,0.0
2026-07-29T06:27:46.873040+00:00,0,NONE,0.0,0.0,0.0,0,0.005386109962710179,1.028671229522195,0.0
2026-07-29T06:27:46.889766+00:00,0,NONE,0.0,0.0,0.0,0,-0.00634349876025226,-1.2115190210297486,0.0
2026-07-29T06:27:46.922975+00:00,0,NONE,0.0,0.0,0.0,0,-0.0007150143472244963,-0.13655768129088408,0.0
2026-07-29T06:27:46.956299+00:00,0,NONE,0.0,0.0,0.0,0,0.0005810676258988679,0.11097574191897247,0.0
2026-07-29T06:27:47.006493+00:00,0,NONE,0.0,0.0,0.0,0,0.004517644152510911,0.8628064776027694,0.0
2026-07-29T06:27:47.023050+00:00,0,NONE,0.0,0.0,0.0,0,-0.0001066506614733953,-0.020368775949013467,0.0
2026-07-29T06:27:47.039800+00:00,0,NONE,0.0,0.0,0.0,0,-0.00444928573560901,-0.8497509816605204,0.0
2026-07-29T06:27:47.089778+00:00,0,NONE,0.0,0.0,0.0,0,0.004849961103172973,0.9262743400480805,0.0
2026-07-29T06:27:47.106272+00:00,0,NONE,0.0,0.0,0.0,0,-0.002135485721519217,-0.4078477301783353,0.0
2026-07-29T06:27:47.139805+00:00,0,NONE,0.0,0.0,0.0,0,0.000744281968800351,0.14214738526649243,0.0
2026-07-29T06:27:47.189922+00:00,0,NONE,0.0,0.0,0.0,0,0.0011018462933134287,0.21043714092997748,0.0
2026-07-29T06:27:47.206241+00:00,0,NONE,0.0,0.0,0.0,0,-5.341666779713704e-05,-0.010201832068094429,0.0
2026-07-29T06:27:47.272964+00:00,0,NONE,0.0,0.0,0.0,0,0.007497066918294877,1.4318343104848228,0.0
2026-07-29T06:27:47.339758+00:00,0,NONE,0.0,0.0,0.0,0,-0.0007964988017920404,-0.15212006576637002,0.0
2026-07-29T06:27:47.356391+00:00,0,NONE,0.0,0.0,0.0,0,-0.0007964988017920404,-0.15212006576637002,0.0
2026-07-29T06:27:47.390064+00:00,0,NONE,0.0,0.0,0.0,0,0.007852721306262538,1.499759295137674,0.0
2026-07-29T06:27:47.423033+00:00,0,NONE,0.0,0.0,0.0,0,-0.0024389823595993222,-0.4658113183730001,0.0
2026-07-29T06:27:47.456569+00:00,0,NONE,0.0,0.0,0.0,0,0.0035435828182380645,0.6767744661337167,0.0
2026-07-29T06:27:47.523010+00:00,0,NONE,0.0,0.0,0.0,0,-0.00321362238493748,-0.6137566653522787,0.0
2026-07-29T06:27:47.556450+00:00,0,NONE,0.0,0.0,0.0,0,0.0025588763304403984,0.48870938010052756,0.0
2026-07-29T06:27:47.573063+00:00,0,NONE,0.0,0.0,0.0,0,-0.0005565899274733965,-0.10630084587906069,0.0
2026-07-29T06:27:47.639791+00:00,0,NONE,0.0,0.0,0.0,0,-0.00010155483556445687,-0.019395544889961504,0.0
2026-07-29T06:27:47.656277+00:00,0,NONE,0.0,0.0,0.0,0,-0.0030260124622145668,-0.5779258094629506,0.0
2026-07-29T06:27:47.689775+00:00,0,NONE,0.0,0.0,0.0,0,-0.0016462797805434093,-0.3144162777428691,0.0
2026-07-29T06:27:47.740043+00:00,0,NONE,0.0,0.0,0.0,0,0.006785035557113588,1.2958463375626794,0.0
2026-07-29T06:27:47.839783+00:00,0,NONE,0.0,0.0,0.0,0,-0.004221044511068612,-0.8061601187369786,0.0
2026-07-29T06:27:47.873174+00:00,0,NONE,0.0,0.0,0.0,0,-0.0005833926587365568,-0.11141979048173546,0.0
2026-07-29T06:27:47.889709+00:00,0,NONE,0.0,0.0,0.0,0,0.006152737908996642,1.1750863821188493,0.0
2026-07-29T06:27:47.939580+00:00,0,NONE,0.0,0.0,0.0,0,0.0030293945234734563,0.5785717355835808,0.0
2026-07-29T06:27:47.989601+00:00,0,NONE,0.0,0.0,0.0,0,-0.0017220139103301334,-0.32888043108245346,0.0
2026-07-29T06:27:48.039623+00:00,0,NONE,0.0,0.0,0.0,0,0.0035967893750057556,0.6869361699510899,0.0
2026-07-29T06:27:48.073100+00:00,0,NONE,0.0,0.0,0.0,0,-0.002694996037753299,-0.5147063292258117,0.0
2026-07-29T06:27:48.106501+00:00,0,NONE,0.0,0.0,0.0,0,-0.01125299756997265,-2.14916422543468,0.0
2026-07-29T06:27:48.173045+00:00,0,NONE,0.0,0.0,0.0,0,-0.012115134492050856,-2.313820248759615,0.0
2026-07-29T06:27:48.189737+00:00,0,NONE,0.0,0.0,0.0,0,0.0008422800782136619,0.16086364549863905,0.0
2026-07-29T06:27:48.239704+00:00,0,NONE,0.0,0.0,0.0,0,-0.0005023132931091822,-0.09593477229491333,0.0
2026-07-29T06:27:48.273090+00:00,0,NONE,0.0,0.0,0.0,0,-0.00435798495891504,-0.8323138177577508,0.0
2026-07-29T06:27:48.356328+00:00,0,NONE,0.0,0.0,0.0,0,-0.004903111967723817,-0.93642540743553,0.0
2026-07-29T06:27:48.389697+00:00,0,NONE,0.0,0.0,0.0,0,0.0009281849166291067,0.1772702611018333,0.0
2026-07-29T06:27:48.406348+00:00,0,NONE,0.0,0.0,0.0,0,-0.008310856892494485,-1.587256746923815,0.0
2026-07-29T06:27:48.489695+00:00,0,NONE,0.0,0.0,0.0,0,0.005686032347148285,1.0859521855548737,0.0
2026-07-29T06:27:48.523001+00:00,0,NONE,0.0,0.0,0.0,0,0.0016162169876042754,0.30867470722357554,0.0
2026-07-29T06:27:48.589590+00:00,0,NONE,0.0,0.0,0.0,0,-0.001079585055122152,-0.20618555761299215,0.0
2026-07-29T06:27:48.622927+00:00,0,NONE,0.0,0.0,0.0,0,0.0015047207556199281,0.2873804954758601,0.0
2026-07-29T06:27:48.689685+00:00,0,NONE,0.0,0.0,0.0,0,-0.0018784686340950429,-0.3587610822711683,0.0
2026-07-29T06:27:48.706512+00:00,0,NONE,0.0,0.0,0.0,0,-0.0028099998855032025,-0.5366704462385935,0.0
2026-07-29T06:27:48.789661+00:00,0,NONE,0.0,0.0,0.0,0,0.0021923959482228386,0.41871678284916936,0.0
2026-07-29T06:27:48.822973+00:00,0,NONE,0.0,0.0,0.0,0,-0.002385771300141641,-0.45564875460518406,0.0
2026-07-29T06:27:48.856452+00:00,0,NONE,0.0,0.0,0.0,0,-0.0012658983010624069,-0.24176876647885723,0.0
2026-07-29T06:27:48.906373+00:00,0,NONE,0.0,0.0,0.0,0,0.0016503207974892576,0.31518805512932896,0.0
2026-07-29T06:27:48.939669+00:00,0,NONE,0.0,0.0,0.0,0,-0.006689127053832635,-1.2775291627046288,0.0
2026-07-29T06:27:49.006392+00:00,0,NONE,0.0,0.0,0.0,0,0.0004770714638289064,0.09111393801174818,0.0
2026-07-29T06:27:49.039650+00:00,0,NONE,0.0,0.0,0.0,0,0.01376317674992606,2.6285731348778154,0.0
2026-07-29T06:27:49.123080+00:00,0,NONE,0.0,0.0,0.0,0,-0.00665689411573112,-1.2713731249895512,0.0
2026-07-29T06:27:49.173049+00:00,0,NONE,0.0,0.0,0.0,0,-0.00015823038425878623,-0.03021977736253903,0.0
2026-07-29T06:27:49.189649+00:00,0,NONE,0.0,0.0,0.0,0,-0.012329180202214048,-2.3546999681437195,0.0
2026-07-29T06:27:49.256366+00:00,0,NONE,0.0,0.0,0.0,0,-0.0008846352435648441,-0.1689528862159773,0.0
2026-07-29T06:27:49.289789+00:00,0,NONE,0.0,0.0,0.0,0,-0.0026626135711558165,-0.5085217336716147,0.0
2026-07-29T06:27:49.306223+00:00,0,NONE,0.0,0.0,0.0,0,-0.0008727969606843545,-0.16669194073019716,0.0
2026-07-29T06:27:49.323019+00:00,0,NONE,0.0,0.0,0.0,0,-0.0034233548198244535,-0.6538126098390319,0.0
2026-07-29T06:27:49.356548+00:00,0,NONE,0.0,0.0,0.0,0,-0.0022412494325544687,-0.42804711107153903,0.0
2026-07-29T06:27:49.439752+00:00,0,NONE,0.0,0.0,0.0,0,-0.002108262512483634,-0.40264848023653094,0.0
2026-07-29T06:27:49.456258+00:00,0,NONE,0.0,0.0,0.0,0,0.003810787925031036,0.7278068824123158,0.0
2026-07-29T06:27:49.489974+00:00,0,NONE,0.0,0.0,0.0,0,0.004442628104006871,0.8484794676860022,0.0
2026-07-29T06:27:49.539730+00:00,0,NONE,0.0,0.0,0.0,0,-0.004318794418359175,-0.8248289758554598,0.0
2026-07-29T06:27:49.572957+00:00,0,NONE,0.0,0.0,0.0,0,-0.0019515700498595834,-0.3727224242702992,0.0
2026-07-29T06:27:49.606203+00:00,0,NONE,0.0,0.0,0.0,0,0.003359433769364841,0.6416045884611034,0.0
2026-07-29T06:27:49.639727+00:00,0,NONE,0.0,0.0,0.0,0,-0.0007879511384817306,-0.15048758232510479,0.0
2026-07-29T06:27:49.672905+00:00,0,NONE,0.0,0.0,0.0,0,0.0023379332991316916,0.4465123694111418,0.0
2026-07-29T06:27:49.739697+00:00,0,NONE,0.0,0.0,0.0,0,-0.0009512467871536501,-0.18167475393094495,0.0
2026-07-29T06:27:49.756324+00:00,0,NONE,0.0,0.0,0.0,0,-0.0033834176638629287,-0.6461851748978615,0.0
2026-07-29T06:27:49.806391+00:00,0,NONE,0.0,0.0,0.0,0,0.004014849408122245,0.7667797548866708,0.0
2026-07-29T06:27:49.822861+00:00,0,NONE,0.0,0.0,0.0,0,-0.004321817472955445,-0.8254063367541393,0.0
